0 0 0
0 1 0
0 2 0
0 3 0
0 4 0
0 5 0
0 6 0
0 7 0
0 8 0
0 9 0
0 10 0
0 11 0
0 12 0
0 13 0
0 14 0
0 15 0
0 16 0
0 17 0
0 18 0
0 19 0
0 20 0
0 21 0
0 22 0
0 23 0
0 24 0
0 25 0
0 26 0
0 27 0
0 28 0
0 29 0
0 30 0
0 31 0
0 32 0
0 33 0
0 34 0
0 35 0
0 36 0
0 37 0
0 38 0
0 39 0
0 40 0
0 41 0
0 42 0
0 43 0
0 44 0
0 45 0
0 46 0
0 47 0
0 48 0
0 49 0
0 50 0
0 51 0
0 52 0
0 53 0
0 54 0
0 55 0
0 56 0
0 57 0
0 58 0
0 59 0
0 60 0
0 61 0
0 62 0
0 63 0
0 64 0
0 65 0
0 66 0
0 67 0
0 68 0
0 69 0
0 70 0
0 71 0
0 72 0
0 73 0
0 74 0
0 75 0
0 76 0
0 77 0
0 78 0
0 79 0
0 80 0
0 81 0
0 82 0
0 83 0
0 84 0
0 85 0
0 86 0
0 87 0
0 88 0
0 89 0
0 90 0
0 91 0
0 92 0
0 93 0
0 94 0
0 95 0
0 96 0
0 97 0
0 98 0
0 99 0
0 100 0
0 101 0
0 102 0
0 103 0
0 104 0
0 105 0
0 106 0
0 107 0
0 108 0
0 109 0
0 110 0
0 111 0
0 112 0
0 113 0
0 114 0
0 115 0
0 116 0
0 117 0
0 118 0
0 119 0
0 120 0
0 121 0
0 122 0
0 123 0
0 124 0
0 125 0
0 126 0
0 127 0

1 0 0
1 1 1.00025
1 2 1.00026
1 3 1.00027
1 4 1.00027
1 5 1.00027
1 6 1.00027
1 7 1.00028
1 8 1.00028
1 9 1.00028
1 10 1.00029
1 11 1.00029
1 12 1.00029
1 13 1.0003
1 14 1.0003
1 15 1.0003
1 16 1.00031
1 17 1.00031
1 18 1.00032
1 19 1.00032
1 20 1.00032
1 21 1.00033
1 22 1.00033
1 23 1.00034
1 24 1.00034
1 25 1.00034
1 26 1.00035
1 27 1.00035
1 28 1.00035
1 29 1.00035
1 30 1.00036
1 31 1.00036
1 32 1.00036
1 33 1.00036
1 34 1.00037
1 35 1.00037
1 36 1.00037
1 37 1.00037
1 38 1.00037
1 39 1.00037
1 40 1.00037
1 41 1.00037
1 42 1.00037
1 43 1.00037
1 44 1.00037
1 45 1.00037
1 46 1.00037
1 47 1.00036
1 48 1.00036
1 49 1.00036
1 50 1.00035
1 51 1.00035
1 52 1.00035
1 53 1.00034
1 54 1.00034
1 55 1.00033
1 56 1.00033
1 57 1.00032
1 58 1.00031
1 59 1.00031
1 60 1.0003
1 61 1.00029
1 62 1.00029
1 63 1.00028
1 64 1.00027
1 65 1.00026
1 66 1.00025
1 67 1.00024
1 68 1.00023
1 69 1.00022
1 70 1.00021
1 71 1.0002
1 72 1.00019
1 73 1.00018
1 74 1.00017
1 75 1.00016
1 76 1.00015
1 77 1.00014
1 78 1.00013
1 79 1.00011
1 80 1.0001
1 81 1.00009
1 82 1.00008
1 83 1.00007
1 84 1.00006
1 85 1.00004
1 86 1.00003
1 87 1.00002
1 88 1.00001
1 89 0.999997
1 90 0.999985
1 91 0.999973
1 92 0.99996
1 93 0.999948
1 94 0.999936
1 95 0.999923
1 96 0.99991
1 97 0.999897
1 98 0.999884
1 99 0.99987
1 100 0.999856
1 101 0.999841
1 102 0.999825
1 103 0.999809
1 104 0.999792
1 105 0.999772
1 106 0.999752
1 107 0.999731
1 108 0.999707
1 109 0.999675
1 110 0.999648
1 111 0.999622
1 112 0.999571
1 113 0.99951
1 114 0.999489
1 115 0.999442
1 116 0.999269
1 117 0.999179
1 118 0.999259
1 119 0.998968
1 120 0.998283
1 121 0.998571
1 122 0.998931
1 123 0.996305
1 124 0.994295
1 125 0.996918
1 126 0.994234
1 127 0.972047

2 0 0
2 1 1.00026
2 2 1.00026
2 3 1.00027
2 4 1.00027
2 5 1.00027
2 6 1.00027
2 7 1.00028
2 8 1.00028
2 9 1.00028
2 10 1.00029
2 11 1.00029
2 12 1.00029
2 13 1.0003
2 14 1.0003
2 15 1.0003
2 16 1.00031
2 17 1.00031
2 18 1.00032
2 19 1.00032
2 20 1.00032
2 21 1.00033
2 22 1.00033
2 23 1.00033
2 24 1.00034
2 25 1.00034
2 26 1.00034
2 27 1.00035
2 28 1.00035
2 29 1.00035
2 30 1.00036
2 31 1.00036
2 32 1.00036
2 33 1.00036
2 34 1.00036
2 35 1.00037
2 36 1.00037
2 37 1.00037
2 38 1.00037
2 39 1.00037
2 40 1.00037
2 41 1.00037
2 42 1.00037
2 43 1.00037
2 44 1.00037
2 45 1.00036
2 46 1.00036
2 47 1.00036
2 48 1.00036
2 49 1.00036
2 50 1.00035
2 51 1.00035
2 52 1.00034
2 53 1.00034
2 54 1.00033
2 55 1.00033
2 56 1.00032
2 57 1.00032
2 58 1.00031
2 59 1.00031
2 60 1.0003
2 61 1.00029
2 62 1.00028
2 63 1.00027
2 64 1.00027
2 65 1.00026
2 66 1.00025
2 67 1.00024
2 68 1.00023
2 69 1.00022
2 70 1.00021
2 71 1.0002
2 72 1.00019
2 73 1.00018
2 74 1.00017
2 75 1.00016
2 76 1.00015
2 77 1.00013
2 78 1.00012
2 79 1.00011
2 80 1.0001
2 81 1.00009
2 82 1.00008
2 83 1.00007
2 84 1.00005
2 85 1.00004
2 86 1.00003
2 87 1.00002
2 88 1.00001
2 89 0.999994
2 90 0.999982
2 91 0.99997
2 92 0.999957
2 93 0.999945
2 94 0.999932
2 95 0.999919
2 96 0.999906
2 97 0.999893
2 98 0.999879
2 99 0.999865
2 100 0.99985
2 101 0.999834
2 102 0.999818
2 103 0.999801
2 104 0.999782
2 105 0.999763
2 106 0.999741
2 107 0.999715
2 108 0.99969
2 109 0.999666
2 110 0.999627
2 111 0.999581
2 112 0.999556
2 113 0.999517
2 114 0.9994
2 115 0.999332
2 116 0.99937
2 117 0.999197
2 118 0.998735
2 119 0.998907
2 120 0.999261
2 121 0.997771
2 122 0.996094
2 123 0.999151
2 124 0.999743
2 125 0.985792
2 126 0.985042
2 127 1.01287

3 0 0
3 1 1.00026
3 2 1.00026
3 3 1.00026
3 4 1.00027
3 5 1.00027
3 6 1.00027
3 7 1.00028
3 8 1.00028
3 9 1.00028
3 10 1.00029
3 11 1.00029
3 12 1.00029
3 13 1.0003
3 14 1.0003
3 15 1.0003
3 16 1.00031
3 17 1.00031
3 18 1.00031
3 19 1.00032
3 20 1.00032
3 21 1.00033
3 22 1.00033
3 23 1.00033
3 24 1.00034
3 25 1.00034
3 26 1.00034
3 27 1.00035
3 28 1.00035
3 29 1.00035
3 30 1.00035
3 31 1.00036
3 32 1.00036
3 33 1.00036
3 34 1.00036
3 35 1.00036
3 36 1.00036
3 37 1.00037
3 38 1.00037
3 39 1.00037
3 40 1.00037
3 41 1.00037
3 42 1.00037
3 43 1.00037
3 44 1.00036
3 45 1.00036
3 46 1.00036
3 47 1.00036
3 48 1.00036
3 49 1.00035
3 50 1.00035
3 51 1.00035
3 52 1.00034
3 53 1.00034
3 54 1.00033
3 55 1.00033
3 56 1.00032
3 57 1.00032
3 58 1.00031
3 59 1.0003
3 60 1.0003
3 61 1.00029
3 62 1.00028
3 63 1.00027
3 64 1.00026
3 65 1.00026
3 66 1.00025
3 67 1.00024
3 68 1.00023
3 69 1.00022
3 70 1.00021
3 71 1.0002
3 72 1.00019
3 73 1.00018
3 74 1.00017
3 75 1.00016
3 76 1.00014
3 77 1.00013
3 78 1.00012
3 79 1.00011
3 80 1.0001
3 81 1.00009
3 82 1.00008
3 83 1.00006
3 84 1.00005
3 85 1.00004
3 86 1.00003
3 87 1.00002
3 88 1
3 89 0.999992
3 90 0.999979
3 91 0.999967
3 92 0.999955
3 93 0.999942
3 94 0.999929
3 95 0.999916
3 96 0.999902
3 97 0.999889
3 98 0.999875
3 99 0.99986
3 100 0.999845
3 101 0.999828
3 102 0.999812
3 103 0.999794
3 104 0.999774
3 105 0.999753
3 106 0.999732
3 107 0.999706
3 108 0.999677
3 109 0.999649
3 110 0.999618
3 111 0.999569
3 112 0.999519
3 113 0.999489
3 114 0.999424
3 115 0.999292
3 116 0.999225
3 117 0.999237
3 118 0.998973
3 119 0.998533
3 120 0.998663
3 121 0.998846
3 122 0.99734
3 123 0.995875
3 124 0.997802
3 125 0.997484
3 126 0.990627
3 127 0.999287

4 0 0
4 1 1.00026
4 2 1.00026
4 3 1.00027
4 4 1.00027
4 5 1.00027
4 6 1.00027
4 7 1.00028
4 8 1.00028
4 9 1.00028
4 10 1.00029
4 11 1.00029
4 12 1.00029
4 13 1.0003
4 14 1.0003
4 15 1.0003
4 16 1.00031
4 17 1.00031
4 18 1.00031
4 19 1.00032
4 20 1.00032
4 21 1.00033
4 22 1.00033
4 23 1.00033
4 24 1.00034
4 25 1.00034
4 26 1.00034
4 27 1.00034
4 28 1.00035
4 29 1.00035
4 30 1.00035
4 31 1.00036
4 32 1.00036
4 33 1.00036
4 34 1.00036
4 35 1.00036
4 36 1.00036
4 37 1.00036
4 38 1.00037
4 39 1.00037
4 40 1.00037
4 41 1.00037
4 42 1.00036
4 43 1.00036
4 44 1.00036
4 45 1.00036
4 46 1.00036
4 47 1.00036
4 48 1.00035
4 49 1.00035
4 50 1.00035
4 51 1.00034
4 52 1.00034
4 53 1.00034
4 54 1.00033
4 55 1.00033
4 56 1.00032
4 57 1.00031
4 58 1.00031
4 59 1.0003
4 60 1.00029
4 61 1.00029
4 62 1.00028
4 63 1.00027
4 64 1.00026
4 65 1.00025
4 66 1.00024
4 67 1.00024
4 68 1.00023
4 69 1.00022
4 70 1.00021
4 71 1.0002
4 72 1.00019
4 73 1.00017
4 74 1.00016
4 75 1.00015
4 76 1.00014
4 77 1.00013
4 78 1.00012
4 79 1.00011
4 80 1.0001
4 81 1.00008
4 82 1.00007
4 83 1.00006
4 84 1.00005
4 85 1.00004
4 86 1.00003
4 87 1.00001
4 88 1
4 89 0.999989
4 90 0.999977
4 91 0.999964
4 92 0.999952
4 93 0.999939
4 94 0.999926
4 95 0.999912
4 96 0.999899
4 97 0.999885
4 98 0.99987
4 99 0.999855
4 100 0.99984
4 101 0.999823
4 102 0.999806
4 103 0.999788
4 104 0.999768
4 105 0.999746
4 106 0.999722
4 107 0.9997
4 108 0.999671
4 109 0.999632
4 110 0.999602
4 111 0.999576
4 112 0.999508
4 113 0.999428
4 114 0.999427
4 115 0.99938
4 116 0.999122
4 117 0.999013
4 118 0.999271
4 119 0.998906
4 120 0.997823
4 121 0.998347
4 122 0.999646
4 123 0.996585
4 124 0.993386
4 125 1.00017
4 126 0.999816
4 127 0.994855

5 0 0
5 1 1.00026
5 2 1.00027
5 3 1.00027
5 4 1.00027
5 5 1.00027
5 6 1.00027
5 7 1.00028
5 8 1.00028
5 9 1.00028
5 10 1.00029
5 11 1.00029
5 12 1.00029
5 13 1.0003
5 14 1.0003
5 15 1.0003
5 16 1.00031
5 17 1.00031
5 18 1.00031
5 19 1.00032
5 20 1.00032
5 21 1.00032
5 22 1.00033
5 23 1.00033
5 24 1.00033
5 25 1.00034
5 26 1.00034
5 27 1.00034
5 28 1.00035
5 29 1.00035
5 30 1.00035
5 31 1.00035
5 32 1.00036
5 33 1.00036
5 34 1.00036
5 35 1.00036
5 36 1.00036
5 37 1.00036
5 38 1.00036
5 39 1.00036
5 40 1.00036
5 41 1.00036
5 42 1.00036
5 43 1.00036
5 44 1.00036
5 45 1.00036
5 46 1.00036
5 47 1.00036
5 48 1.00035
5 49 1.00035
5 50 1.00035
5 51 1.00034
5 52 1.00034
5 53 1.00033
5 54 1.00033
5 55 1.00032
5 56 1.00032
5 57 1.00031
5 58 1.00031
5 59 1.0003
5 60 1.00029
5 61 1.00028
5 62 1.00028
5 63 1.00027
5 64 1.00026
5 65 1.00025
5 66 1.00024
5 67 1.00023
5 68 1.00022
5 69 1.00021
5 70 1.0002
5 71 1.00019
5 72 1.00018
5 73 1.00017
5 74 1.00016
5 75 1.00015
5 76 1.00014
5 77 1.00013
5 78 1.00012
5 79 1.00011
5 80 1.00009
5 81 1.00008
5 82 1.00007
5 83 1.00006
5 84 1.00005
5 85 1.00004
5 86 1.00002
5 87 1.00001
5 88 0.999999
5 89 0.999986
5 90 0.999974
5 91 0.999961
5 92 0.999949
5 93 0.999936
5 94 0.999923
5 95 0.999909
5 96 0.999895
5 97 0.999881
5 98 0.999867
5 99 0.999851
5 100 0.999836
5 101 0.999819
5 102 0.999801
5 103 0.999782
5 104 0.999763
5 105 0.999742
5 106 0.999717
5 107 0.99969
5 108 0.999666
5 109 0.999634
5 110 0.999588
5 111 0.999553
5 112 0.999528
5 113 0.999452
5 114 0.999349
5 115 0.999346
5 116 0.999325
5 117 0.999026
5 118 0.998826
5 119 0.999147
5 120 0.998931
5 121 0.997673
5 122 0.997883
5 123 0.999545
5 124 0.997083
5 125 0.99569
5 126 1.00065
5 127 1.00117

6 0 0
6 1 1.00026
6 2 1.00027
6 3 1.00027
6 4 1.00027
6 5 1.00027
6 6 1.00027
6 7 1.00028
6 8 1.00028
6 9 1.00028
6 10 1.00029
6 11 1.00029
6 12 1.00029
6 13 1.0003
6 14 1.0003
6 15 1.0003
6 16 1.00031
6 17 1.00031
6 18 1.00031
6 19 1.00032
6 20 1.00032
6 21 1.00032
6 22 1.00033
6 23 1.00033
6 24 1.00033
6 25 1.00034
6 26 1.00034
6 27 1.00034
6 28 1.00035
6 29 1.00035
6 30 1.00035
6 31 1.00035
6 32 1.00036
6 33 1.00036
6 34 1.00036
6 35 1.00036
6 36 1.00036
6 37 1.00036
6 38 1.00036
6 39 1.00036
6 40 1.00036
6 41 1.00036
6 42 1.00036
6 43 1.00036
6 44 1.00036
6 45 1.00036
6 46 1.00036
6 47 1.00035
6 48 1.00035
6 49 1.00035
6 50 1.00034
6 51 1.00034
6 52 1.00034
6 53 1.00033
6 54 1.00033
6 55 1.00032
6 56 1.00032
6 57 1.00031
6 58 1.0003
6 59 1.0003
6 60 1.00029
6 61 1.00028
6 62 1.00027
6 63 1.00027
6 64 1.00026
6 65 1.00025
6 66 1.00024
6 67 1.00023
6 68 1.00022
6 69 1.00021
6 70 1.0002
6 71 1.00019
6 72 1.00018
6 73 1.00017
6 74 1.00016
6 75 1.00015
6 76 1.00014
6 77 1.00013
6 78 1.00012
6 79 1.0001
6 80 1.00009
6 81 1.00008
6 82 1.00007
6 83 1.00006
6 84 1.00004
6 85 1.00003
6 86 1.00002
6 87 1.00001
6 88 0.999996
6 89 0.999984
6 90 0.999971
6 91 0.999959
6 92 0.999946
6 93 0.999933
6 94 0.99992
6 95 0.999906
6 96 0.999892
6 97 0.999878
6 98 0.999863
6 99 0.999848
6 100 0.999832
6 101 0.999815
6 102 0.999798
6 103 0.999779
6 104 0.999758
6 105 0.999738
6 106 0.999716
6 107 0.999687
6 108 0.999657
6 109 0.999635
6 110 0.999599
6 111 0.999539
6 112 0.999504
6 113 0.999497
6 114 0.999394
6 115 0.999245
6 116 0.999298
6 117 0.999325
6 118 0.998865
6 119 0.998626
6 120 0.999251
6 121 0.998965
6 122 0.997261
6 123 0.998183
6 124 0.999941
6 125 0.997635
6 126 0.998986
6 127 1.00024

7 0 0
7 1 1.00027
7 2 1.00027
7 3 1.00027
7 4 1.00027
7 5 1.00027
7 6 1.00028
7 7 1.00028
7 8 1.00028
7 9 1.00028
7 10 1.00029
7 11 1.00029
7 12 1.00029
7 13 1.0003
7 14 1.0003
7 15 1.0003
7 16 1.00031
7 17 1.00031
7 18 1.00031
7 19 1.00032
7 20 1.00032
7 21 1.00032
7 22 1.00033
7 23 1.00033
7 24 1.00033
7 25 1.00034
7 26 1.00034
7 27 1.00034
7 28 1.00035
7 29 1.00035
7 30 1.00035
7 31 1.00035
7 32 1.00035
7 33 1.00036
7 34 1.00036
7 35 1.00036
7 36 1.00036
7 37 1.00036
7 38 1.00036
7 39 1.00036
7 40 1.00036
7 41 1.00036
7 42 1.00036
7 43 1.00036
7 44 1.00036
7 45 1.00036
7 46 1.00035
7 47 1.00035
7 48 1.00035
7 49 1.00035
7 50 1.00034
7 51 1.00034
7 52 1.00034
7 53 1.00033
7 54 1.00033
7 55 1.00032
7 56 1.00031
7 57 1.00031
7 58 1.0003
7 59 1.0003
7 60 1.00029
7 61 1.00028
7 62 1.00027
7 63 1.00026
7 64 1.00026
7 65 1.00025
7 66 1.00024
7 67 1.00023
7 68 1.00022
7 69 1.00021
7 70 1.0002
7 71 1.00019
7 72 1.00018
7 73 1.00017
7 74 1.00016
7 75 1.00015
7 76 1.00014
7 77 1.00012
7 78 1.00011
7 79 1.0001
7 80 1.00009
7 81 1.00008
7 82 1.00007
7 83 1.00005
7 84 1.00004
7 85 1.00003
7 86 1.00002
7 87 1.00001
7 88 0.999993
7 89 0.999981
7 90 0.999968
7 91 0.999956
7 92 0.999943
7 93 0.99993
7 94 0.999917
7 95 0.999903
7 96 0.999889
7 97 0.999875
7 98 0.99986
7 99 0.999845
7 100 0.999829
7 101 0.999812
7 102 0.999795
7 103 0.999777
7 104 0.999757
7 105 0.999734
7 106 0.999713
7 107 0.999691
7 108 0.999658
7 109 0.999624
7 110 0.999603
7 111 0.99957
7 112 0.999496
7 113 0.999452
7 114 0.999467
7 115 0.999367
7 116 0.999159
7 117 0.999218
7 118 0.999349
7 119 0.998864
7 120 0.998468
7 121 0.999211
7 122 0.999126
7 123 0.997686
7 124 0.998707
7 125 0.999867
7 126 0.99915
7 127 0.999368

8 0 0
8 1 1.00027
8 2 1.00027
8 3 1.00027
8 4 1.00027
8 5 1.00027
8 6 1.00028
8 7 1.00028
8 8 1.00028
8 9 1.00028
8 10 1.00029
8 11 1.00029
8 12 1.00029
8 13 1.0003
8 14 1.0003
8 15 1.0003
8 16 1.00031
8 17 1.00031
8 18 1.00031
8 19 1.00032
8 20 1.00032
8 21 1.00032
8 22 1.00033
8 23 1.00033
8 24 1.00033
8 25 1.00034
8 26 1.00034
8 27 1.00034
8 28 1.00035
8 29 1.00035
8 30 1.00035
8 31 1.00035
8 32 1.00035
8 33 1.00036
8 34 1.00036
8 35 1.00036
8 36 1.00036
8 37 1.00036
8 38 1.00036
8 39 1.00036
8 40 1.00036
8 41 1.00036
8 42 1.00036
8 43 1.00036
8 44 1.00036
8 45 1.00036
8 46 1.00035
8 47 1.00035
8 48 1.00035
8 49 1.00035
8 50 1.00034
8 51 1.00034
8 52 1.00033
8 53 1.00033
8 54 1.00032
8 55 1.00032
8 56 1.00031
8 57 1.00031
8 58 1.0003
8 59 1.00029
8 60 1.00029
8 61 1.00028
8 62 1.00027
8 63 1.00026
8 64 1.00025
8 65 1.00025
8 66 1.00024
8 67 1.00023
8 68 1.00022
8 69 1.00021
8 70 1.0002
8 71 1.00019
8 72 1.00018
8 73 1.00017
8 74 1.00016
8 75 1.00014
8 76 1.00013
8 77 1.00012
8 78 1.00011
8 79 1.0001
8 80 1.00009
8 81 1.00008
8 82 1.00006
8 83 1.00005
8 84 1.00004
8 85 1.00003
8 86 1.00002
8 87 1
8 88 0.999991
8 89 0.999978
8 90 0.999966
8 91 0.999953
8 92 0.99994
8 93 0.999927
8 94 0.999914
8 95 0.999901
8 96 0.999887
8 97 0.999873
8 98 0.999858
8 99 0.999843
8 100 0.999827
8 101 0.999811
8 102 0.999793
8 103 0.999775
8 104 0.999757
8 105 0.999736
8 106 0.999711
8 107 0.999689
8 108 0.999668
8 109 0.999631
8 110 0.999592
8 111 0.999577
8 112 0.999546
8 113 0.999454
8 114 0.999408
8 115 0.999454
8 116 0.99934
8 117 0.999089
8 118 0.999196
8 119 0.999377
8 120 0.998823
8 121 0.99854
8 122 0.999361
8 123 0.999076
8 124 0.998437
8 125 0.999557
8 126 0.999588
8 127 0.999718

9 0 0
9 1 1.00027
9 2 1.00027
9 3 1.00027
9 4 1.00027
9 5 1.00028
9 6 1.00028
9 7 1.00028
9 8 1.00028
9 9 1.00029
9 10 1.00029
9 11 1.00029
9 12 1.0003
9 13 1.0003
9 14 1.0003
9 15 1.0003
9 16 1.00031
9 17 1.00031
9 18 1.00032
9 19 1.00032
9 20 1.00032
9 21 1.00032
9 22 1.00033
9 23 1.00033
9 24 1.00033
9 25 1.00034
9 26 1.00034
9 27 1.00034
9 28 1.00035
9 29 1.00035
9 30 1.00035
9 31 1.00035
9 32 1.00035
9 33 1.00036
9 34 1.00036
9 35 1.00036
9 36 1.00036
9 37 1.00036
9 38 1.00036
9 39 1.00036
9 40 1.00036
9 41 1.00036
9 42 1.00036
9 43 1.00036
9 44 1.00036
9 45 1.00035
9 46 1.00035
9 47 1.00035
9 48 1.00035
9 49 1.00034
9 50 1.00034
9 51 1.00034
9 52 1.00033
9 53 1.00033
9 54 1.00032
9 55 1.00032
9 56 1.00031
9 57 1.0003
9 58 1.0003
9 59 1.00029
9 60 1.00028
9 61 1.00028
9 62 1.00027
9 63 1.00026
9 64 1.00025
9 65 1.00024
9 66 1.00023
9 67 1.00022
9 68 1.00022
9 69 1.00021
9 70 1.0002
9 71 1.00018
9 72 1.00017
9 73 1.00016
9 74 1.00015
9 75 1.00014
9 76 1.00013
9 77 1.00012
9 78 1.00011
9 79 1.0001
9 80 1.00008
9 81 1.00007
9 82 1.00006
9 83 1.00005
9 84 1.00004
9 85 1.00002
9 86 1.00001
9 87 1
9 88 0.999988
9 89 0.999976
9 90 0.999963
9 91 0.99995
9 92 0.999938
9 93 0.999925
9 94 0.999912
9 95 0.999898
9 96 0.999885
9 97 0.999871
9 98 0.999856
9 99 0.999841
9 100 0.999826
9 101 0.99981
9 102 0.999794
9 103 0.999775
9 104 0.999756
9 105 0.999738
9 106 0.999717
9 107 0.999689
9 108 0.999667
9 109 0.999649
9 110 0.99961
9 111 0.999562
9 112 0.999554
9 113 0.999535
9 114 0.999425
9 115 0.999365
9 116 0.99945
9 117 0.999355
9 118 0.999055
9 119 0.999176
9 120 0.99943
9 121 0.998915
9 122 0.99875
9 123 0.999473
9 124 0.9993
9 125 0.99912
9 126 0.999693
9 127 1.00009

10 0 0
10 1 1.00027
10 2 1.00027
10 3 1.00027
10 4 1.00027
10 5 1.00028
10 6 1.00028
10 7 1.00028
10 8 1.00028
10 9 1.00029
10 10 1.00029
10 11 1.00029
10 12 1.0003
10 13 1.0003
10 14 1.0003
10 15 1.00031
10 16 1.00031
10 17 1.00031
10 18 1.00032
10 19 1.00032
10 20 1.00032
10 21 1.00033
10 22 1.00033
10 23 1.00033
10 24 1.00033
10 25 1.00034
10 26 1.00034
10 27 1.00034
10 28 1.00035
10 29 1.00035
10 30 1.00035
10 31 1.00035
10 32 1.00035
10 33 1.00036
10 34 1.00036
10 35 1.00036
10 36 1.00036
10 37 1.00036
10 38 1.00036
10 39 1.00036
10 40 1.00036
10 41 1.00036
10 42 1.00036
10 43 1.00036
10 44 1.00036
10 45 1.00035
10 46 1.00035
10 47 1.00035
10 48 1.00035
10 49 1.00034
10 50 1.00034
10 51 1.00033
10 52 1.00033
10 53 1.00033
10 54 1.00032
10 55 1.00032
10 56 1.00031
10 57 1.0003
10 58 1.0003
10 59 1.00029
10 60 1.00028
10 61 1.00027
10 62 1.00027
10 63 1.00026
10 64 1.00025
10 65 1.00024
10 66 1.00023
10 67 1.00022
10 68 1.00021
10 69 1.0002
10 70 1.00019
10 71 1.00018
10 72 1.00017
10 73 1.00016
10 74 1.00015
10 75 1.00014
10 76 1.00013
10 77 1.00012
10 78 1.0001
10 79 1.00009
10 80 1.00008
10 81 1.00007
10 82 1.00006
10 83 1.00005
10 84 1.00003
10 85 1.00002
10 86 1.00001
10 87 0.999997
10 88 0.999985
10 89 0.999973
10 90 0.99996
10 91 0.999948
10 92 0.999935
10 93 0.999922
10 94 0.999909
10 95 0.999896
10 96 0.999883
10 97 0.999869
10 98 0.999855
10 99 0.99984
10 100 0.999825
10 101 0.999809
10 102 0.999794
10 103 0.999777
10 104 0.999758
10 105 0.999738
10 106 0.999721
10 107 0.9997
10 108 0.99967
10 109 0.999648
10 110 0.999634
10 111 0.999593
10 112 0.999539
10 113 0.999538
10 114 0.99953
10 115 0.999409
10 116 0.999347
10 117 0.999454
10 118 0.999363
10 119 0.999084
10 120 0.999249
10 121 0.999433
10 122 0.999047
10 123 0.999149
10 124 0.999585
10 125 0.999473
10 126 0.999739
10 127 0.999939

11 0 0
11 1 1.00027
11 2 1.00027
11 3 1.00027
11 4 1.00028
11 5 1.00028
11 6 1.00028
11 7 1.00028
11 8 1.00029
11 9 1.00029
11 10 1.00029
11 11 1.00029
11 12 1.0003
11 13 1.0003
11 14 1.0003
11 15 1.00031
11 16 1.00031
11 17 1.00031
11 18 1.00032
11 19 1.00032
11 20 1.00032
11 21 1.00033
11 22 1.00033
11 23 1.00033
11 24 1.00034
11 25 1.00034
11 26 1.00034
11 27 1.00034
11 28 1.00035
11 29 1.00035
11 30 1.00035
11 31 1.00035
11 32 1.00035
11 33 1.00036
11 34 1.00036
11 35 1.00036
11 36 1.00036
11 37 1.00036
11 38 1.00036
11 39 1.00036
11 40 1.00036
11 41 1.00036
11 42 1.00036
11 43 1.00036
11 44 1.00035
11 45 1.00035
11 46 1.00035
11 47 1.00035
11 48 1.00034
11 49 1.00034
11 50 1.00034
11 51 1.00033
11 52 1.00033
11 53 1.00032
11 54 1.00032
11 55 1.00031
11 56 1.00031
11 57 1.0003
11 58 1.00029
11 59 1.00029
11 60 1.00028
11 61 1.00027
11 62 1.00026
11 63 1.00026
11 64 1.00025
11 65 1.00024
11 66 1.00023
11 67 1.00022
11 68 1.00021
11 69 1.0002
11 70 1.00019
11 71 1.00018
11 72 1.00017
11 73 1.00016
11 74 1.00015
11 75 1.00014
11 76 1.00012
11 77 1.00011
11 78 1.0001
11 79 1.00009
11 80 1.00008
11 81 1.00007
11 82 1.00005
11 83 1.00004
11 84 1.00003
11 85 1.00002
11 86 1.00001
11 87 0.999994
11 88 0.999982
11 89 0.99997
11 90 0.999958
11 91 0.999945
11 92 0.999933
11 93 0.99992
11 94 0.999907
11 95 0.999894
11 96 0.999881
11 97 0.999868
11 98 0.999854
11 99 0.99984
11 100 0.999825
11 101 0.99981
11 102 0.999794
11 103 0.999779
11 104 0.999763
11 105 0.999743
11 106 0.999723
11 107 0.999707
11 108 0.999687
11 109 0.999654
11 110 0.999632
11 111 0.999625
11 112 0.999584
11 113 0.999521
11 114 0.999529
11 115 0.999537
11 116 0.999408
11 117 0.999345
11 118 0.999478
11 119 0.999393
11 120 0.999157
11 121 0.999352
11 122 0.999496
11 123 0.999259
11 124 0.999447
11 125 0.999732
11 126 0.999849
11 127 0.999973

12 0 0
12 1 1.00027
12 2 1.00027
12 3 1.00028
12 4 1.00028
12 5 1.00028
12 6 1.00028
12 7 1.00028
12 8 1.00029
12 9 1.00029
12 10 1.00029
12 11 1.0003
12 12 1.0003
12 13 1.0003
12 14 1.00031
12 15 1.00031
12 16 1.00031
12 17 1.00031
12 18 1.00032
12 19 1.00032
12 20 1.00032
12 21 1.00033
12 22 1.00033
12 23 1.00033
12 24 1.00034
12 25 1.00034
12 26 1.00034
12 27 1.00034
12 28 1.00035
12 29 1.00035
12 30 1.00035
12 31 1.00035
12 32 1.00035
12 33 1.00036
12 34 1.00036
12 35 1.00036
12 36 1.00036
12 37 1.00036
12 38 1.00036
12 39 1.00036
12 40 1.00036
12 41 1.00036
12 42 1.00036
12 43 1.00036
12 44 1.00035
12 45 1.00035
12 46 1.00035
12 47 1.00035
12 48 1.00034
12 49 1.00034
12 50 1.00034
12 51 1.00033
12 52 1.00033
12 53 1.00032
12 54 1.00032
12 55 1.00031
12 56 1.00031
12 57 1.0003
12 58 1.00029
12 59 1.00029
12 60 1.00028
12 61 1.00027
12 62 1.00026
12 63 1.00025
12 64 1.00025
12 65 1.00024
12 66 1.00023
12 67 1.00022
12 68 1.00021
12 69 1.0002
12 70 1.00019
12 71 1.00018
12 72 1.00017
12 73 1.00016
12 74 1.00014
12 75 1.00013
12 76 1.00012
12 77 1.00011
12 78 1.0001
12 79 1.00009
12 80 1.00008
12 81 1.00006
12 82 1.00005
12 83 1.00004
12 84 1.00003
12 85 1.00002
12 86 1
12 87 0.999991
12 88 0.999979
12 89 0.999967
12 90 0.999955
12 91 0.999942
12 92 0.99993
12 93 0.999918
12 94 0.999905
12 95 0.999892
12 96 0.999879
12 97 0.999867
12 98 0.999853
12 99 0.999839
12 100 0.999825
12 101 0.999812
12 102 0.999797
12 103 0.99978
12 104 0.999765
12 105 0.99975
12 106 0.99973
12 107 0.999709
12 108 0.999696
12 109 0.999678
12 110 0.999643
12 111 0.999621
12 112 0.999621
12 113 0.999582
12 114 0.999516
12 115 0.99953
12 116 0.999546
12 117 0.999424
12 118 0.999381
12 119 0.999504
12 120 0.999427
12 121 0.999298
12 122 0.999485
12 123 0.999552
12 124 0.999532
12 125 0.99974
12 126 0.999901
12 127 1.00006

13 0 0
13 1 1.00027
13 2 1.00027
13 3 1.00028
13 4 1.00028
13 5 1.00028
13 6 1.00028
13 7 1.00029
13 8 1.00029
13 9 1.00029
13 10 1.00029
13 11 1.0003
13 12 1.0003
13 13 1.0003
13 14 1.00031
13 15 1.00031
13 16 1.00031
13 17 1.00032
13 18 1.00032
13 19 1.00032
13 20 1.00033
13 21 1.00033
13 22 1.00033
13 23 1.00033
13 24 1.00034
13 25 1.00034
13 26 1.00034
13 27 1.00034
13 28 1.00035
13 29 1.00035
13 30 1.00035
13 31 1.00035
13 32 1.00035
13 33 1.00036
13 34 1.00036
13 35 1.00036
13 36 1.00036
13 37 1.00036
13 38 1.00036
13 39 1.00036
13 40 1.00036
13 41 1.00036
13 42 1.00036
13 43 1.00035
13 44 1.00035
13 45 1.00035
13 46 1.00035
13 47 1.00035
13 48 1.00034
13 49 1.00034
13 50 1.00034
13 51 1.00033
13 52 1.00033
13 53 1.00032
13 54 1.00032
13 55 1.00031
13 56 1.0003
13 57 1.0003
13 58 1.00029
13 59 1.00028
13 60 1.00028
13 61 1.00027
13 62 1.00026
13 63 1.00025
13 64 1.00024
13 65 1.00023
13 66 1.00022
13 67 1.00021
13 68 1.0002
13 69 1.00019
13 70 1.00018
13 71 1.00017
13 72 1.00016
13 73 1.00015
13 74 1.00014
13 75 1.00013
13 76 1.00012
13 77 1.00011
13 78 1.0001
13 79 1.00008
13 80 1.00007
13 81 1.00006
13 82 1.00005
13 83 1.00004
13 84 1.00002
13 85 1.00001
13 86 1
13 87 0.999988
13 88 0.999976
13 89 0.999964
13 90 0.999952
13 91 0.99994
13 92 0.999928
13 93 0.999915
13 94 0.999903
13 95 0.999891
13 96 0.999878
13 97 0.999866
13 98 0.999853
13 99 0.99984
13 100 0.999826
13 101 0.999813
13 102 0.999799
13 103 0.999785
13 104 0.999768
13 105 0.999754
13 106 0.999741
13 107 0.999721
13 108 0.999699
13 109 0.999689
13 110 0.999674
13 111 0.999637
13 112 0.999616
13 113 0.999624
13 114 0.999586
13 115 0.999521
13 116 0.999544
13 117 0.999564
13 118 0.999454
13 119 0.99944
13 120 0.999554
13 121 0.99949
13 122 0.999451
13 123 0.999621
13 124 0.999698
13 125 0.999769
13 126 0.999931
13 127 1.00009

14 0 0
14 1 1.00027
14 2 1.00028
14 3 1.00028
14 4 1.00028
14 5 1.00028
14 6 1.00029
14 7 1.00029
14 8 1.00029
14 9 1.00029
14 10 1.0003
14 11 1.0003
14 12 1.0003
14 13 1.00031
14 14 1.00031
14 15 1.00031
14 16 1.00031
14 17 1.00032
14 18 1.00032
14 19 1.00032
14 20 1.00033
14 21 1.00033
14 22 1.00033
14 23 1.00034
14 24 1.00034
14 25 1.00034
14 26 1.00034
14 27 1.00035
14 28 1.00035
14 29 1.00035
14 30 1.00035
14 31 1.00035
14 32 1.00035
14 33 1.00036
14 34 1.00036
14 35 1.00036
14 36 1.00036
14 37 1.00036
14 38 1.00036
14 39 1.00036
14 40 1.00036
14 41 1.00036
14 42 1.00036
14 43 1.00035
14 44 1.00035
14 45 1.00035
14 46 1.00035
14 47 1.00034
14 48 1.00034
14 49 1.00034
14 50 1.00033
14 51 1.00033
14 52 1.00032
14 53 1.00032
14 54 1.00031
14 55 1.00031
14 56 1.0003
14 57 1.0003
14 58 1.00029
14 59 1.00028
14 60 1.00027
14 61 1.00027
14 62 1.00026
14 63 1.00025
14 64 1.00024
14 65 1.00023
14 66 1.00022
14 67 1.00021
14 68 1.0002
14 69 1.00019
14 70 1.00018
14 71 1.00017
14 72 1.00016
14 73 1.00015
14 74 1.00014
14 75 1.00013
14 76 1.00011
14 77 1.0001
14 78 1.00009
14 79 1.00008
14 80 1.00007
14 81 1.00006
14 82 1.00004
14 83 1.00003
14 84 1.00002
14 85 1.00001
14 86 0.999997
14 87 0.999985
14 88 0.999973
14 89 0.999961
14 90 0.999949
14 91 0.999937
14 92 0.999925
14 93 0.999913
14 94 0.999901
14 95 0.999889
14 96 0.999877
14 97 0.999865
14 98 0.999852
14 99 0.99984
14 100 0.999828
14 101 0.999814
14 102 0.999801
14 103 0.999789
14 104 0.999775
14 105 0.999759
14 106 0.999745
14 107 0.999734
14 108 0.999715
14 109 0.999693
14 110 0.999685
14 111 0.999673
14 112 0.999637
14 113 0.999618
14 114 0.999631
14 115 0.999597
14 116 0.99954
14 117 0.999569
14 118 0.999586
14 119 0.999505
14 120 0.999521
14 121 0.999606
14 122 0.999584
14 123 0.999627
14 124 0.999758
14 125 0.99985
14 126 0.999969
14 127 1.00008

15 0 0
15 1 1.00028
15 2 1.00028
15 3 1.00028
15 4 1.00028
15 5 1.00029
15 6 1.00029
15 7 1.00029
15 8 1.00029
15 9 1.0003
15 10 1.0003
15 11 1.0003
15 12 1.0003
15 13 1.00031
15 14 1.00031
15 15 1.00031
15 16 1.00032
15 17 1.00032
15 18 1.00032
15 19 1.00033
15 20 1.00033
15 21 1.00033
15 22 1.00033
15 23 1.00034
15 24 1.00034
15 25 1.00034
15 26 1.00034
15 27 1.00035
15 28 1.00035
15 29 1.00035
15 30 1.00035
15 31 1.00035
15 32 1.00036
15 33 1.00036
15 34 1.00036
15 35 1.00036
15 36 1.00036
15 37 1.00036
15 38 1.00036
15 39 1.00036
15 40 1.00036
15 41 1.00036
15 42 1.00036
15 43 1.00035
15 44 1.00035
15 45 1.00035
15 46 1.00035
15 47 1.00034
15 48 1.00034
15 49 1.00034
15 50 1.00033
15 51 1.00033
15 52 1.00032
15 53 1.00032
15 54 1.00031
15 55 1.00031
15 56 1.0003
15 57 1.00029
15 58 1.00029
15 59 1.00028
15 60 1.00027
15 61 1.00026
15 62 1.00026
15 63 1.00025
15 64 1.00024
15 65 1.00023
15 66 1.00022
15 67 1.00021
15 68 1.0002
15 69 1.00019
15 70 1.00018
15 71 1.00017
15 72 1.00016
15 73 1.00015
15 74 1.00013
15 75 1.00012
15 76 1.00011
15 77 1.0001
15 78 1.00009
15 79 1.00008
15 80 1.00006
15 81 1.00005
15 82 1.00004
15 83 1.00003
15 84 1.00002
15 85 1
15 86 0.999993
15 87 0.999981
15 88 0.999969
15 89 0.999958
15 90 0.999946
15 91 0.999934
15 92 0.999923
15 93 0.999911
15 94 0.999899
15 95 0.999888
15 96 0.999876
15 97 0.999864
15 98 0.999852
15 99 0.99984
15 100 0.999829
15 101 0.999817
15 102 0.999804
15 103 0.999791
15 104 0.99978
15 105 0.999768
15 106 0.999752
15 107 0.999739
15 108 0.99973
15 109 0.999712
15 110 0.999691
15 111 0.999686
15 112 0.999678
15 113 0.999643
15 114 0.999628
15 115 0.999644
15 116 0.999614
15 117 0.999571
15 118 0.999606
15 119 0.999618
15 120 0.99957
15 121 0.999612
15 122 0.999684
15 123 0.999701
15 124 0.999783
15 125 0.999898
15 126 1.00001
15 127 1.0001

16 0 0
16 1 1.00028
16 2 1.00028
16 3 1.00028
16 4 1.00029
16 5 1.00029
16 6 1.00029
16 7 1.00029
16 8 1.0003
16 9 1.0003
16 10 1.0003
16 11 1.0003
16 12 1.00031
16 13 1.00031
16 14 1.00031
16 15 1.00032
16 16 1.00032
16 17 1.00032
16 18 1.00032
16 19 1.00033
16 20 1.00033
16 21 1.00033
16 22 1.00034
16 23 1.00034
16 24 1.00034
16 25 1.00034
16 26 1.00035
16 27 1.00035
16 28 1.00035
16 29 1.00035
16 30 1.00035
16 31 1.00035
16 32 1.00036
16 33 1.00036
16 34 1.00036
16 35 1.00036
16 36 1.00036
16 37 1.00036
16 38 1.00036
16 39 1.00036
16 40 1.00036
16 41 1.00036
16 42 1.00035
16 43 1.00035
16 44 1.00035
16 45 1.00035
16 46 1.00035
16 47 1.00034
16 48 1.00034
16 49 1.00034
16 50 1.00033
16 51 1.00033
16 52 1.00032
16 53 1.00032
16 54 1.00031
16 55 1.00031
16 56 1.0003
16 57 1.00029
16 58 1.00028
16 59 1.00028
16 60 1.00027
16 61 1.00026
16 62 1.00025
16 63 1.00024
16 64 1.00023
16 65 1.00023
16 66 1.00022
16 67 1.00021
16 68 1.0002
16 69 1.00019
16 70 1.00017
16 71 1.00016
16 72 1.00015
16 73 1.00014
16 74 1.00013
16 75 1.00012
16 76 1.00011
16 77 1.0001
16 78 1.00008
16 79 1.00007
16 80 1.00006
16 81 1.00005
16 82 1.00004
16 83 1.00002
16 84 1.00001
16 85 1
16 86 0.999989
16 87 0.999978
16 88 0.999966
16 89 0.999954
16 90 0.999943
16 91 0.999931
16 92 0.99992
16 93 0.999908
16 94 0.999897
16 95 0.999886
16 96 0.999875
16 97 0.999863
16 98 0.999852
16 99 0.999841
16 100 0.99983
16 101 0.999819
16 102 0.999808
16 103 0.999796
16 104 0.999784
16 105 0.999774
16 106 0.999763
16 107 0.999748
16 108 0.999736
16 109 0.99973
16 110 0.999713
16 111 0.999694
16 112 0.999692
16 113 0.999686
16 114 0.999655
16 115 0.999645
16 116 0.999663
16 117 0.999639
16 118 0.999613
16 119 0.999649
16 120 0.999663
16 121 0.999652
16 122 0.999709
16 123 0.999774
16 124 0.999834
16 125 0.999924
16 126 1.00003
16 127 1.00012

17 0 0
17 1 1.00028
17 2 1.00028
17 3 1.00029
17 4 1.00029
17 5 1.00029
17 6 1.00029
17 7 1.0003
17 8 1.0003
17 9 1.0003
17 10 1.0003
17 11 1.00031
17 12 1.00031
17 13 1.00031
17 14 1.00031
17 15 1.00032
17 16 1.00032
17 17 1.00032
17 18 1.00033
17 19 1.00033
17 20 1.00033
17 21 1.00033
17 22 1.00034
17 23 1.00034
17 24 1.00034
17 25 1.00034
17 26 1.00035
17 27 1.00035
17 28 1.00035
17 29 1.00035
17 30 1.00035
17 31 1.00036
17 32 1.00036
17 33 1.00036
17 34 1.00036
17 35 1.00036
17 36 1.00036
17 37 1.00036
17 38 1.00036
17 39 1.00036
17 40 1.00036
17 41 1.00036
17 42 1.00035
17 43 1.00035
17 44 1.00035
17 45 1.00035
17 46 1.00035
17 47 1.00034
17 48 1.00034
17 49 1.00033
17 50 1.00033
17 51 1.00033
17 52 1.00032
17 53 1.00032
17 54 1.00031
17 55 1.0003
17 56 1.0003
17 57 1.00029
17 58 1.00028
17 59 1.00028
17 60 1.00027
17 61 1.00026
17 62 1.00025
17 63 1.00024
17 64 1.00023
17 65 1.00022
17 66 1.00021
17 67 1.0002
17 68 1.00019
17 69 1.00018
17 70 1.00017
17 71 1.00016
17 72 1.00015
17 73 1.00014
17 74 1.00013
17 75 1.00011
17 76 1.0001
17 77 1.00009
17 78 1.00008
17 79 1.00007
17 80 1.00006
17 81 1.00004
17 82 1.00003
17 83 1.00002
17 84 1.00001
17 85 0.999997
17 86 0.999985
17 87 0.999974
17 88 0.999962
17 89 0.999951
17 90 0.999939
17 91 0.999928
17 92 0.999917
17 93 0.999906
17 94 0.999895
17 95 0.999884
17 96 0.999874
17 97 0.999863
17 98 0.999852
17 99 0.999842
17 100 0.999831
17 101 0.999821
17 102 0.999811
17 103 0.999801
17 104 0.99979
17 105 0.999779
17 106 0.99977
17 107 0.99976
17 108 0.999746
17 109 0.999737
17 110 0.999732
17 111 0.999718
17 112 0.999701
17 113 0.999702
17 114 0.999698
17 115 0.999673
17 116 0.99967
17 117 0.999687
17 118 0.99967
17 119 0.999665
17 120 0.999703
17 121 0.999721
17 122 0.999743
17 123 0.999808
17 124 0.999879
17 125 0.999954
17 126 1.00004
17 127 1.00013

18 0 0
18 1 1.00028
18 2 1.00029
18 3 1.00029
18 4 1.00029
18 5 1.00029
18 6 1.0003
18 7 1.0003
18 8 1.0003
18 9 1.0003
18 10 1.00031
18 11 1.00031
18 12 1.00031
18 13 1.00031
18 14 1.00032
18 15 1.00032
18 16 1.00032
18 17 1.00033
18 18 1.00033
18 19 1.00033
18 20 1.00033
18 21 1.00034
18 22 1.00034
18 23 1.00034
18 24 1.00034
18 25 1.00035
18 26 1.00035
18 27 1.00035
18 28 1.00035
18 29 1.00035
18 30 1.00035
18 31 1.00036
18 32 1.00036
18 33 1.00036
18 34 1.00036
18 35 1.00036
18 36 1.00036
18 37 1.00036
18 38 1.00036
18 39 1.00036
18 40 1.00036
18 41 1.00036
18 42 1.00035
18 43 1.00035
18 44 1.00035
18 45 1.00035
18 46 1.00034
18 47 1.00034
18 48 1.00034
18 49 1.00033
18 50 1.00033
18 51 1.00032
18 52 1.00032
18 53 1.00031
18 54 1.00031
18 55 1.0003
18 56 1.00029
18 57 1.00029
18 58 1.00028
18 59 1.00027
18 60 1.00026
18 61 1.00026
18 62 1.00025
18 63 1.00024
18 64 1.00023
18 65 1.00022
18 66 1.00021
18 67 1.0002
18 68 1.00019
18 69 1.00018
18 70 1.00017
18 71 1.00016
18 72 1.00014
18 73 1.00013
18 74 1.00012
18 75 1.00011
18 76 1.0001
18 77 1.00009
18 78 1.00008
18 79 1.00006
18 80 1.00005
18 81 1.00004
18 82 1.00003
18 83 1.00002
18 84 1
18 85 0.999993
18 86 0.999981
18 87 0.99997
18 88 0.999958
18 89 0.999947
18 90 0.999936
18 91 0.999925
18 92 0.999914
18 93 0.999903
18 94 0.999893
18 95 0.999882
18 96 0.999872
18 97 0.999862
18 98 0.999852
18 99 0.999842
18 100 0.999833
18 101 0.999823
18 102 0.999813
18 103 0.999804
18 104 0.999796
18 105 0.999786
18 106 0.999776
18 107 0.999769
18 108 0.999761
18 109 0.999748
18 110 0.999741
18 111 0.999738
18 112 0.999726
18 113 0.999712
18 114 0.999716
18 115 0.999714
18 116 0.999696
18 117 0.9997
18 118 0.999717
18 119 0.999711
18 120 0.999723
18 121 0.999761
18 122 0.999793
18 123 0.999838
18 124 0.999907
18 125 0.999982
18 126 1.00006
18 127 1.00014

19 0 0
19 1 1.00029
19 2 1.00029
19 3 1.00029
19 4 1.00029
19 5 1.0003
19 6 1.0003
19 7 1.0003
19 8 1.0003
19 9 1.00031
19 10 1.00031
19 11 1.00031
19 12 1.00031
19 13 1.00032
19 14 1.00032
19 15 1.00032
19 16 1.00032
19 17 1.00033
19 18 1.00033
19 19 1.00033
19 20 1.00034
19 21 1.00034
19 22 1.00034
19 23 1.00034
19 24 1.00035
19 25 1.00035
19 26 1.00035
19 27 1.00035
19 28 1.00035
19 29 1.00035
19 30 1.00036
19 31 1.00036
19 32 1.00036
19 33 1.00036
19 34 1.00036
19 35 1.00036
19 36 1.00036
19 37 1.00036
19 38 1.00036
19 39 1.00036
19 40 1.00036
19 41 1.00036
19 42 1.00035
19 43 1.00035
19 44 1.00035
19 45 1.00035
19 46 1.00034
19 47 1.00034
19 48 1.00034
19 49 1.00033
19 50 1.00033
19 51 1.00032
19 52 1.00032
19 53 1.00031
19 54 1.00031
19 55 1.0003
19 56 1.00029
19 57 1.00029
19 58 1.00028
19 59 1.00027
19 60 1.00026
19 61 1.00025
19 62 1.00024
19 63 1.00024
19 64 1.00023
19 65 1.00022
19 66 1.00021
19 67 1.0002
19 68 1.00019
19 69 1.00017
19 70 1.00016
19 71 1.00015
19 72 1.00014
19 73 1.00013
19 74 1.00012
19 75 1.00011
19 76 1.00009
19 77 1.00008
19 78 1.00007
19 79 1.00006
19 80 1.00005
19 81 1.00003
19 82 1.00002
19 83 1.00001
19 84 1
19 85 0.999988
19 86 0.999977
19 87 0.999965
19 88 0.999954
19 89 0.999943
19 90 0.999932
19 91 0.999921
19 92 0.999911
19 93 0.9999
19 94 0.99989
19 95 0.99988
19 96 0.999871
19 97 0.999861
19 98 0.999852
19 99 0.999842
19 100 0.999833
19 101 0.999825
19 102 0.999817
19 103 0.999808
19 104 0.9998
19 105 0.999793
19 106 0.999784
19 107 0.999775
19 108 0.99977
19 109 0.999764
19 110 0.999753
19 111 0.999748
19 112 0.999747
19 113 0.999738
19 114 0.999728
19 115 0.999734
19 116 0.999734
19 117 0.999725
19 118 0.999735
19 119 0.999752
19 120 0.99976
19 121 0.999785
19 122 0.999828
19 123 0.999872
19 124 0.999931
19 125 1
19 126 1.00008
19 127 1.00015

20 0 0
20 1 1.00029
20 2 1.00029
20 3 1.00029
20 4 1.0003
20 5 1.0003
20 6 1.0003
20 7 1.0003
20 8 1.00031
20 9 1.00031
20 10 1.00031
20 11 1.00031
20 12 1.00032
20 13 1.00032
20 14 1.00032
20 15 1.00032
20 16 1.00033
20 17 1.00033
20 18 1.00033
20 19 1.00034
20 20 1.00034
20 21 1.00034
20 22 1.00034
20 23 1.00034
20 24 1.00035
20 25 1.00035
20 26 1.00035
20 27 1.00035
20 28 1.00035
20 29 1.00036
20 30 1.00036
20 31 1.00036
20 32 1.00036
20 33 1.00036
20 34 1.00036
20 35 1.00036
20 36 1.00036
20 37 1.00036
20 38 1.00036
20 39 1.00036
20 40 1.00036
20 41 1.00036
20 42 1.00035
20 43 1.00035
20 44 1.00035
20 45 1.00035
20 46 1.00034
20 47 1.00034
20 48 1.00034
20 49 1.00033
20 50 1.00033
20 51 1.00032
20 52 1.00032
20 53 1.00031
20 54 1.0003
20 55 1.0003
20 56 1.00029
20 57 1.00028
20 58 1.00028
20 59 1.00027
20 60 1.00026
20 61 1.00025
20 62 1.00024
20 63 1.00023
20 64 1.00022
20 65 1.00021
20 66 1.0002
20 67 1.00019
20 68 1.00018
20 69 1.00017
20 70 1.00016
20 71 1.00015
20 72 1.00014
20 73 1.00012
20 74 1.00011
20 75 1.0001
20 76 1.00009
20 77 1.00008
20 78 1.00007
20 79 1.00005
20 80 1.00004
20 81 1.00003
20 82 1.00002
20 83 1.00001
20 84 0.999995
20 85 0.999983
20 86 0.999972
20 87 0.999961
20 88 0.99995
20 89 0.999939
20 90 0.999928
20 91 0.999918
20 92 0.999907
20 93 0.999897
20 94 0.999888
20 95 0.999878
20 96 0.999869
20 97 0.99986
20 98 0.999851
20 99 0.999843
20 100 0.999834
20 101 0.999826
20 102 0.999819
20 103 0.999812
20 104 0.999804
20 105 0.999797
20 106 0.999792
20 107 0.999784
20 108 0.999777
20 109 0.999774
20 110 0.999769
20 111 0.999761
20 112 0.999758
20 113 0.999759
20 114 0.999752
20 115 0.999748
20 116 0.999756
20 117 0.999758
20 118 0.999758
20 119 0.999774
20 120 0.999795
20 121 0.999815
20 122 0.999852
20 123 0.9999
20 124 0.999955
20 125 1.00002
20 126 1.00009
20 127 1.00015

21 0 0
21 1 1.00029
21 2 1.00029
21 3 1.0003
21 4 1.0003
21 5 1.0003
21 6 1.0003
21 7 1.00031
21 8 1.00031
21 9 1.00031
21 10 1.00031
21 11 1.00032
21 12 1.00032
21 13 1.00032
21 14 1.00032
21 15 1.00033
21 16 1.00033
21 17 1.00033
21 18 1.00034
21 19 1.00034
21 20 1.00034
21 21 1.00034
21 22 1.00034
21 23 1.00035
21 24 1.00035
21 25 1.00035
21 26 1.00035
21 27 1.00035
21 28 1.00036
21 29 1.00036
21 30 1.00036
21 31 1.00036
21 32 1.00036
21 33 1.00036
21 34 1.00036
21 35 1.00036
21 36 1.00036
21 37 1.00036
21 38 1.00036
21 39 1.00036
21 40 1.00036
21 41 1.00036
21 42 1.00035
21 43 1.00035
21 44 1.00035
21 45 1.00035
21 46 1.00034
21 47 1.00034
21 48 1.00033
21 49 1.00033
21 50 1.00033
21 51 1.00032
21 52 1.00031
21 53 1.00031
21 54 1.0003
21 55 1.0003
21 56 1.00029
21 57 1.00028
21 58 1.00027
21 59 1.00027
21 60 1.00026
21 61 1.00025
21 62 1.00024
21 63 1.00023
21 64 1.00022
21 65 1.00021
21 66 1.0002
21 67 1.00019
21 68 1.00018
21 69 1.00017
21 70 1.00015
21 71 1.00014
21 72 1.00013
21 73 1.00012
21 74 1.00011
21 75 1.0001
21 76 1.00008
21 77 1.00007
21 78 1.00006
21 79 1.00005
21 80 1.00004
21 81 1.00002
21 82 1.00001
21 83 1
21 84 0.999989
21 85 0.999978
21 86 0.999967
21 87 0.999956
21 88 0.999945
21 89 0.999934
21 90 0.999924
21 91 0.999914
21 92 0.999904
21 93 0.999894
21 94 0.999885
21 95 0.999876
21 96 0.999867
21 97 0.999858
21 98 0.99985
21 99 0.999842
21 100 0.999835
21 101 0.999828
21 102 0.999821
21 103 0.999815
21 104 0.999809
21 105 0.999802
21 106 0.999797
21 107 0.999793
21 108 0.999787
21 109 0.999781
21 110 0.99978
21 111 0.999777
21 112 0.999771
21 113 0.99977
21 114 0.999773
21 115 0.99977
21 116 0.99977
21 117 0.99978
21 118 0.999787
21 119 0.999796
21 120 0.999818
21 121 0.999844
21 122 0.999876
21 123 0.99992
21 124 0.999973
21 125 1.00003
21 126 1.00009
21 127 1.00015

22 0 0
22 1 1.0003
22 2 1.0003
22 3 1.0003
22 4 1.0003
22 5 1.00031
22 6 1.00031
22 7 1.00031
22 8 1.00031
22 9 1.00031
22 10 1.00032
22 11 1.00032
22 12 1.00032
22 13 1.00033
22 14 1.00033
22 15 1.00033
22 16 1.00033
22 17 1.00034
22 18 1.00034
22 19 1.00034
22 20 1.00034
22 21 1.00034
22 22 1.00035
22 23 1.00035
22 24 1.00035
22 25 1.00035
22 26 1.00035
22 27 1.00036
22 28 1.00036
22 29 1.00036
22 30 1.00036
22 31 1.00036
22 32 1.00036
22 33 1.00036
22 34 1.00036
22 35 1.00036
22 36 1.00036
22 37 1.00036
22 38 1.00036
22 39 1.00036
22 40 1.00036
22 41 1.00036
22 42 1.00035
22 43 1.00035
22 44 1.00035
22 45 1.00035
22 46 1.00034
22 47 1.00034
22 48 1.00033
22 49 1.00033
22 50 1.00032
22 51 1.00032
22 52 1.00031
22 53 1.00031
22 54 1.0003
22 55 1.00029
22 56 1.00029
22 57 1.00028
22 58 1.00027
22 59 1.00026
22 60 1.00025
22 61 1.00024
22 62 1.00024
22 63 1.00023
22 64 1.00022
22 65 1.00021
22 66 1.00019
22 67 1.00018
22 68 1.00017
22 69 1.00016
22 70 1.00015
22 71 1.00014
22 72 1.00013
22 73 1.00012
22 74 1.0001
22 75 1.00009
22 76 1.00008
22 77 1.00007
22 78 1.00006
22 79 1.00004
22 80 1.00003
22 81 1.00002
22 82 1.00001
22 83 0.999996
22 84 0.999984
22 85 0.999973
22 86 0.999961
22 87 0.999951
22 88 0.99994
22 89 0.999929
22 90 0.999919
22 91 0.999909
22 92 0.9999
22 93 0.99989
22 94 0.999881
22 95 0.999873
22 96 0.999864
22 97 0.999857
22 98 0.999849
22 99 0.999842
22 100 0.999835
22 101 0.999829
22 102 0.999823
22 103 0.999817
22 104 0.999812
22 105 0.999807
22 106 0.999802
22 107 0.999798
22 108 0.999796
22 109 0.999792
22 110 0.999788
22 111 0.999788
22 112 0.999787
22 113 0.999784
22 114 0.999786
22 115 0.99979
22 116 0.99979
22 117 0.999796
22 118 0.999809
22 119 0.99982
22 120 0.999837
22 121 0.999865
22 122 0.999898
22 123 0.999938
22 124 0.999988
22 125 1.00004
22 126 1.0001
22 127 1.00016

23 0 0
23 1 1.0003
23 2 1.0003
23 3 1.0003
23 4 1.00031
23 5 1.00031
23 6 1.00031
23 7 1.00031
23 8 1.00032
23 9 1.00032
23 10 1.00032
23 11 1.00032
23 12 1.00033
23 13 1.00033
23 14 1.00033
23 15 1.00033
23 16 1.00034
23 17 1.00034
23 18 1.00034
23 19 1.00034
23 20 1.00035
23 21 1.00035
23 22 1.00035
23 23 1.00035
23 24 1.00035
23 25 1.00035
23 26 1.00036
23 27 1.00036
23 28 1.00036
23 29 1.00036
23 30 1.00036
23 31 1.00036
23 32 1.00036
23 33 1.00036
23 34 1.00036
23 35 1.00036
23 36 1.00036
23 37 1.00036
23 38 1.00036
23 39 1.00036
23 40 1.00036
23 41 1.00036
23 42 1.00035
23 43 1.00035
23 44 1.00035
23 45 1.00035
23 46 1.00034
23 47 1.00034
23 48 1.00033
23 49 1.00033
23 50 1.00032
23 51 1.00032
23 52 1.00031
23 53 1.00031
23 54 1.0003
23 55 1.00029
23 56 1.00028
23 57 1.00028
23 58 1.00027
23 59 1.00026
23 60 1.00025
23 61 1.00024
23 62 1.00023
23 63 1.00022
23 64 1.00021
23 65 1.0002
23 66 1.00019
23 67 1.00018
23 68 1.00017
23 69 1.00016
23 70 1.00015
23 71 1.00013
23 72 1.00012
23 73 1.00011
23 74 1.0001
23 75 1.00009
23 76 1.00007
23 77 1.00006
23 78 1.00005
23 79 1.00004
23 80 1.00003
23 81 1.00001
23 82 1
23 83 0.99999
23 84 0.999978
23 85 0.999967
23 86 0.999956
23 87 0.999945
23 88 0.999934
23 89 0.999924
23 90 0.999914
23 91 0.999905
23 92 0.999895
23 93 0.999886
23 94 0.999878
23 95 0.99987
23 96 0.999862
23 97 0.999854
23 98 0.999847
23 99 0.999841
23 100 0.999835
23 101 0.999829
23 102 0.999824
23 103 0.999819
23 104 0.999814
23 105 0.999811
23 106 0.999808
23 107 0.999804
23 108 0.999802
23 109 0.999801
23 110 0.999798
23 111 0.999797
23 112 0.999798
23 113 0.999799
23 114 0.999798
23 115 0.999803
23 116 0.999809
23 117 0.999814
23 118 0.999824
23 119 0.99984
23 120 0.999858
23 121 0.999882
23 122 0.999915
23 123 0.999954
23 124 1
23 125 1.00005
23 126 1.0001
23 127 1.00016

24 0 0
24 1 1.0003
24 2 1.00031
24 3 1.00031
24 4 1.00031
24 5 1.00031
24 6 1.00031
24 7 1.00032
24 8 1.00032
24 9 1.00032
24 10 1.00032
24 11 1.00033
24 12 1.00033
24 13 1.00033
24 14 1.00033
24 15 1.00034
24 16 1.00034
24 17 1.00034
24 18 1.00034
24 19 1.00035
24 20 1.00035
24 21 1.00035
24 22 1.00035
24 23 1.00035
24 24 1.00036
24 25 1.00036
24 26 1.00036
24 27 1.00036
24 28 1.00036
24 29 1.00036
24 30 1.00036
24 31 1.00036
24 32 1.00036
24 33 1.00036
24 34 1.00036
24 35 1.00036
24 36 1.00036
24 37 1.00036
24 38 1.00036
24 39 1.00036
24 40 1.00036
24 41 1.00036
24 42 1.00035
24 43 1.00035
24 44 1.00035
24 45 1.00034
24 46 1.00034
24 47 1.00034
24 48 1.00033
24 49 1.00033
24 50 1.00032
24 51 1.00032
24 52 1.00031
24 53 1.0003
24 54 1.0003
24 55 1.00029
24 56 1.00028
24 57 1.00027
24 58 1.00027
24 59 1.00026
24 60 1.00025
24 61 1.00024
24 62 1.00023
24 63 1.00022
24 64 1.00021
24 65 1.0002
24 66 1.00019
24 67 1.00018
24 68 1.00016
24 69 1.00015
24 70 1.00014
24 71 1.00013
24 72 1.00012
24 73 1.0001
24 74 1.00009
24 75 1.00008
24 76 1.00007
24 77 1.00006
24 78 1.00004
24 79 1.00003
24 80 1.00002
24 81 1.00001
24 82 0.999995
24 83 0.999984
24 84 0.999972
24 85 0.999961
24 86 0.99995
24 87 0.999939
24 88 0.999929
24 89 0.999919
24 90 0.999909
24 91 0.9999
24 92 0.999891
24 93 0.999882
24 94 0.999874
24 95 0.999866
24 96 0.999859
24 97 0.999852
24 98 0.999845
24 99 0.99984
24 100 0.999834
24 101 0.999829
24 102 0.999825
24 103 0.999821
24 104 0.999817
24 105 0.999814
24 106 0.999812
24 107 0.99981
24 108 0.999807
24 109 0.999807
24 110 0.999807
24 111 0.999806
24 112 0.999807
24 113 0.99981
24 114 0.999813
24 115 0.999815
24 116 0.999822
24 117 0.999831
24 118 0.99984
24 119 0.999855
24 120 0.999875
24 121 0.999899
24 122 0.999929
24 123 0.999967
24 124 1.00001
24 125 1.00006
24 126 1.00011
24 127 1.00016

25 0 0
25 1 1.00031
25 2 1.00031
25 3 1.00031
25 4 1.00031
25 5 1.00032
25 6 1.00032
25 7 1.00032
25 8 1.00032
25 9 1.00033
25 10 1.00033
25 11 1.00033
25 12 1.00033
25 13 1.00033
25 14 1.00034
25 15 1.00034
25 16 1.00034
25 17 1.00034
25 18 1.00035
25 19 1.00035
25 20 1.00035
25 21 1.00035
25 22 1.00035
25 23 1.00036
25 24 1.00036
25 25 1.00036
25 26 1.00036
25 27 1.00036
25 28 1.00036
25 29 1.00036
25 30 1.00036
25 31 1.00037
25 32 1.00037
25 33 1.00037
25 34 1.00037
25 35 1.00036
25 36 1.00036
25 37 1.00036
25 38 1.00036
25 39 1.00036
25 40 1.00036
25 41 1.00036
25 42 1.00035
25 43 1.00035
25 44 1.00035
25 45 1.00034
25 46 1.00034
25 47 1.00034
25 48 1.00033
25 49 1.00033
25 50 1.00032
25 51 1.00032
25 52 1.00031
25 53 1.0003
25 54 1.0003
25 55 1.00029
25 56 1.00028
25 57 1.00027
25 58 1.00026
25 59 1.00025
25 60 1.00025
25 61 1.00024
25 62 1.00023
25 63 1.00022
25 64 1.0002
25 65 1.00019
25 66 1.00018
25 67 1.00017
25 68 1.00016
25 69 1.00015
25 70 1.00014
25 71 1.00012
25 72 1.00011
25 73 1.0001
25 74 1.00009
25 75 1.00007
25 76 1.00006
25 77 1.00005
25 78 1.00004
25 79 1.00002
25 80 1.00001
25 81 1
25 82 0.999989
25 83 0.999977
25 84 0.999966
25 85 0.999954
25 86 0.999944
25 87 0.999933
25 88 0.999923
25 89 0.999913
25 90 0.999903
25 91 0.999894
25 92 0.999886
25 93 0.999877
25 94 0.99987
25 95 0.999862
25 96 0.999855
25 97 0.999849
25 98 0.999843
25 99 0.999838
25 100 0.999833
25 101 0.999829
25 102 0.999825
25 103 0.999821
25 104 0.999819
25 105 0.999816
25 106 0.999815
25 107 0.999814
25 108 0.999813
25 109 0.999813
25 110 0.999814
25 111 0.999815
25 112 0.999816
25 113 0.999819
25 114 0.999824
25 115 0.999828
25 116 0.999834
25 117 0.999843
25 118 0.999855
25 119 0.999869
25 120 0.999888
25 121 0.999912
25 122 0.999942
25 123 0.999977
25 124 1.00002
25 125 1.00006
25 126 1.00011
25 127 1.00016

26 0 0
26 1 1.00031
26 2 1.00031
26 3 1.00032
26 4 1.00032
26 5 1.00032
26 6 1.00032
26 7 1.00032
26 8 1.00033
26 9 1.00033
26 10 1.00033
26 11 1.00033
26 12 1.00034
26 13 1.00034
26 14 1.00034
26 15 1.00034
26 16 1.00035
26 17 1.00035
26 18 1.00035
26 19 1.00035
26 20 1.00035
26 21 1.00036
26 22 1.00036
26 23 1.00036
26 24 1.00036
26 25 1.00036
26 26 1.00036
26 27 1.00036
26 28 1.00037
26 29 1.00037
26 30 1.00037
26 31 1.00037
26 32 1.00037
26 33 1.00037
26 34 1.00037
26 35 1.00037
26 36 1.00037
26 37 1.00036
26 38 1.00036
26 39 1.00036
26 40 1.00036
26 41 1.00036
26 42 1.00035
26 43 1.00035
26 44 1.00035
26 45 1.00034
26 46 1.00034
26 47 1.00034
26 48 1.00033
26 49 1.00033
26 50 1.00032
26 51 1.00031
26 52 1.00031
26 53 1.0003
26 54 1.00029
26 55 1.00029
26 56 1.00028
26 57 1.00027
26 58 1.00026
26 59 1.00025
26 60 1.00024
26 61 1.00023
26 62 1.00022
26 63 1.00021
26 64 1.0002
26 65 1.00019
26 66 1.00018
26 67 1.00017
26 68 1.00015
26 69 1.00014
26 70 1.00013
26 71 1.00012
26 72 1.00011
26 73 1.00009
26 74 1.00008
26 75 1.00007
26 76 1.00006
26 77 1.00004
26 78 1.00003
26 79 1.00002
26 80 1.00001
26 81 0.999994
26 82 0.999982
26 83 0.99997
26 84 0.999959
26 85 0.999948
26 86 0.999937
26 87 0.999926
26 88 0.999916
26 89 0.999907
26 90 0.999897
26 91 0.999889
26 92 0.99988
26 93 0.999872
26 94 0.999865
26 95 0.999858
26 96 0.999851
26 97 0.999846
26 98 0.99984
26 99 0.999835
26 100 0.999831
26 101 0.999828
26 102 0.999824
26 103 0.999822
26 104 0.99982
26 105 0.999819
26 106 0.999817
26 107 0.999817
26 108 0.999818
26 109 0.999818
26 110 0.999819
26 111 0.999822
26 112 0.999825
26 113 0.999828
26 114 0.999832
26 115 0.999839
26 116 0.999845
26 117 0.999854
26 118 0.999867
26 119 0.999881
26 120 0.9999
26 121 0.999924
26 122 0.999952
26 123 0.999986
26 124 1.00002
26 125 1.00007
26 126 1.00011
26 127 1.00015

27 0 0
27 1 1.00032
27 2 1.00032
27 3 1.00032
27 4 1.00032
27 5 1.00032
27 6 1.00033
27 7 1.00033
27 8 1.00033
27 9 1.00033
27 10 1.00034
27 11 1.00034
27 12 1.00034
27 13 1.00034
27 14 1.00034
27 15 1.00035
27 16 1.00035
27 17 1.00035
27 18 1.00035
27 19 1.00035
27 20 1.00036
27 21 1.00036
27 22 1.00036
27 23 1.00036
27 24 1.00036
27 25 1.00036
27 26 1.00037
27 27 1.00037
27 28 1.00037
27 29 1.00037
27 30 1.00037
27 31 1.00037
27 32 1.00037
27 33 1.00037
27 34 1.00037
27 35 1.00037
27 36 1.00037
27 37 1.00036
27 38 1.00036
27 39 1.00036
27 40 1.00036
27 41 1.00036
27 42 1.00035
27 43 1.00035
27 44 1.00035
27 45 1.00034
27 46 1.00034
27 47 1.00033
27 48 1.00033
27 49 1.00032
27 50 1.00032
27 51 1.00031
27 52 1.00031
27 53 1.0003
27 54 1.00029
27 55 1.00028
27 56 1.00028
27 57 1.00027
27 58 1.00026
27 59 1.00025
27 60 1.00024
27 61 1.00023
27 62 1.00022
27 63 1.00021
27 64 1.0002
27 65 1.00019
27 66 1.00017
27 67 1.00016
27 68 1.00015
27 69 1.00014
27 70 1.00013
27 71 1.00011
27 72 1.0001
27 73 1.00009
27 74 1.00007
27 75 1.00006
27 76 1.00005
27 77 1.00004
27 78 1.00002
27 79 1.00001
27 80 0.999999
27 81 0.999987
27 82 0.999975
27 83 0.999963
27 84 0.999952
27 85 0.999941
27 86 0.99993
27 87 0.99992
27 88 0.99991
27 89 0.9999
27 90 0.999891
27 91 0.999882
27 92 0.999874
27 93 0.999867
27 94 0.99986
27 95 0.999853
27 96 0.999847
27 97 0.999842
27 98 0.999837
27 99 0.999833
27 100 0.999829
27 101 0.999826
27 102 0.999824
27 103 0.999822
27 104 0.99982
27 105 0.99982
27 106 0.99982
27 107 0.99982
27 108 0.999821
27 109 0.999823
27 110 0.999825
27 111 0.999827
27 112 0.999831
27 113 0.999836
27 114 0.99984
27 115 0.999847
27 116 0.999855
27 117 0.999864
27 118 0.999876
27 119 0.999891
27 120 0.99991
27 121 0.999933
27 122 0.999961
27 123 0.999993
27 124 1.00003
27 125 1.00007
27 126 1.00011
27 127 1.00015

28 0 0
28 1 1.00032
28 2 1.00032
28 3 1.00032
28 4 1.00033
28 5 1.00033
28 6 1.00033
28 7 1.00033
28 8 1.00034
28 9 1.00034
28 10 1.00034
28 11 1.00034
28 12 1.00034
28 13 1.00035
28 14 1.00035
28 15 1.00035
28 16 1.00035
28 17 1.00035
28 18 1.00036
28 19 1.00036
28 20 1.00036
28 21 1.00036
28 22 1.00036
28 23 1.00036
28 24 1.00037
28 25 1.00037
28 26 1.00037
28 27 1.00037
28 28 1.00037
28 29 1.00037
28 30 1.00037
28 31 1.00037
28 32 1.00037
28 33 1.00037
28 34 1.00037
28 35 1.00037
28 36 1.00037
28 37 1.00037
28 38 1.00036
28 39 1.00036
28 40 1.00036
28 41 1.00036
28 42 1.00035
28 43 1.00035
28 44 1.00035
28 45 1.00034
28 46 1.00034
28 47 1.00033
28 48 1.00033
28 49 1.00032
28 50 1.00032
28 51 1.00031
28 52 1.0003
28 53 1.0003
28 54 1.00029
28 55 1.00028
28 56 1.00027
28 57 1.00026
28 58 1.00025
28 59 1.00025
28 60 1.00024
28 61 1.00023
28 62 1.00021
28 63 1.0002
28 64 1.00019
28 65 1.00018
28 66 1.00017
28 67 1.00016
28 68 1.00014
28 69 1.00013
28 70 1.00012
28 71 1.00011
28 72 1.00009
28 73 1.00008
28 74 1.00007
28 75 1.00005
28 76 1.00004
28 77 1.00003
28 78 1.00002
28 79 1
28 80 0.999991
28 81 0.999979
28 82 0.999967
28 83 0.999955
28 84 0.999944
28 85 0.999933
28 86 0.999922
28 87 0.999912
28 88 0.999902
28 89 0.999893
28 90 0.999884
28 91 0.999876
28 92 0.999868
28 93 0.999861
28 94 0.999854
28 95 0.999848
28 96 0.999842
28 97 0.999837
28 98 0.999833
28 99 0.999829
28 100 0.999826
28 101 0.999824
28 102 0.999822
28 103 0.999821
28 104 0.99982
28 105 0.99982
28 106 0.999821
28 107 0.999822
28 108 0.999823
28 109 0.999826
28 110 0.999829
28 111 0.999832
28 112 0.999836
28 113 0.999841
28 114 0.999847
28 115 0.999854
28 116 0.999862
28 117 0.999873
28 118 0.999885
28 119 0.9999
28 120 0.999918
28 121 0.99994
28 122 0.999967
28 123 0.999998
28 124 1.00003
28 125 1.00007
28 126 1.00011
28 127 1.00015

29 0 0
29 1 1.00032
29 2 1.00033
29 3 1.00033
29 4 1.00033
29 5 1.00033
29 6 1.00034
29 7 1.00034
29 8 1.00034
29 9 1.00034
29 10 1.00034
29 11 1.00035
29 12 1.00035
29 13 1.00035
29 14 1.00035
29 15 1.00035
29 16 1.00036
29 17 1.00036
29 18 1.00036
29 19 1.00036
29 20 1.00036
29 21 1.00036
29 22 1.00037
29 23 1.00037
29 24 1.00037
29 25 1.00037
29 26 1.00037
29 27 1.00037
29 28 1.00037
29 29 1.00037
29 30 1.00037
29 31 1.00037
29 32 1.00037
29 33 1.00037
29 34 1.00037
29 35 1.00037
29 36 1.00037
29 37 1.00037
29 38 1.00037
29 39 1.00036
29 40 1.00036
29 41 1.00036
29 42 1.00035
29 43 1.00035
29 44 1.00035
29 45 1.00034
29 46 1.00034
29 47 1.00033
29 48 1.00033
29 49 1.00032
29 50 1.00032
29 51 1.00031
29 52 1.0003
29 53 1.0003
29 54 1.00029
29 55 1.00028
29 56 1.00027
29 57 1.00026
29 58 1.00025
29 59 1.00024
29 60 1.00023
29 61 1.00022
29 62 1.00021
29 63 1.0002
29 64 1.00019
29 65 1.00018
29 66 1.00016
29 67 1.00015
29 68 1.00014
29 69 1.00013
29 70 1.00011
29 71 1.0001
29 72 1.00009
29 73 1.00007
29 74 1.00006
29 75 1.00005
29 76 1.00003
29 77 1.00002
29 78 1.00001
29 79 0.999996
29 80 0.999983
29 81 0.999971
29 82 0.999959
29 83 0.999947
29 84 0.999936
29 85 0.999925
29 86 0.999915
29 87 0.999904
29 88 0.999895
29 89 0.999886
29 90 0.999877
29 91 0.999869
29 92 0.999861
29 93 0.999854
29 94 0.999848
29 95 0.999842
29 96 0.999837
29 97 0.999832
29 98 0.999829
29 99 0.999825
29 100 0.999823
29 101 0.999821
29 102 0.99982
29 103 0.999819
29 104 0.999819
29 105 0.99982
29 106 0.999821
29 107 0.999823
29 108 0.999825
29 109 0.999828
29 110 0.999832
29 111 0.999836
29 112 0.999841
29 113 0.999846
29 114 0.999853
29 115 0.99986
29 116 0.999869
29 117 0.999879
29 118 0.999892
29 119 0.999907
29 120 0.999925
29 121 0.999946
29 122 0.999972
29 123 1
29 124 1.00003
29 125 1.00007
29 126 1.00011
29 127 1.00014

30 0 0
30 1 1.00033
30 2 1.00033
30 3 1.00033
30 4 1.00034
30 5 1.00034
30 6 1.00034
30 7 1.00034
30 8 1.00034
30 9 1.00035
30 10 1.00035
30 11 1.00035
30 12 1.00035
30 13 1.00035
30 14 1.00036
30 15 1.00036
30 16 1.00036
30 17 1.00036
30 18 1.00036
30 19 1.00036
30 20 1.00037
30 21 1.00037
30 22 1.00037
30 23 1.00037
30 24 1.00037
30 25 1.00037
30 26 1.00037
30 27 1.00037
30 28 1.00037
30 29 1.00037
30 30 1.00037
30 31 1.00037
30 32 1.00037
30 33 1.00037
30 34 1.00037
30 35 1.00037
30 36 1.00037
30 37 1.00037
30 38 1.00037
30 39 1.00036
30 40 1.00036
30 41 1.00036
30 42 1.00036
30 43 1.00035
30 44 1.00035
30 45 1.00034
30 46 1.00034
30 47 1.00033
30 48 1.00033
30 49 1.00032
30 50 1.00032
30 51 1.00031
30 52 1.0003
30 53 1.00029
30 54 1.00029
30 55 1.00028
30 56 1.00027
30 57 1.00026
30 58 1.00025
30 59 1.00024
30 60 1.00023
30 61 1.00022
30 62 1.00021
30 63 1.0002
30 64 1.00018
30 65 1.00017
30 66 1.00016
30 67 1.00015
30 68 1.00013
30 69 1.00012
30 70 1.00011
30 71 1.00009
30 72 1.00008
30 73 1.00007
30 74 1.00005
30 75 1.00004
30 76 1.00003
30 77 1.00001
30 78 1
30 79 0.999988
30 80 0.999975
30 81 0.999963
30 82 0.999951
30 83 0.999939
30 84 0.999928
30 85 0.999917
30 86 0.999906
30 87 0.999896
30 88 0.999887
30 89 0.999878
30 90 0.999869
30 91 0.999861
30 92 0.999854
30 93 0.999847
30 94 0.999841
30 95 0.999836
30 96 0.999831
30 97 0.999827
30 98 0.999824
30 99 0.999821
30 100 0.999819
30 101 0.999818
30 102 0.999817
30 103 0.999817
30 104 0.999817
30 105 0.999819
30 106 0.999821
30 107 0.999823
30 108 0.999826
30 109 0.99983
30 110 0.999834
30 111 0.999839
30 112 0.999844
30 113 0.99985
30 114 0.999857
30 115 0.999865
30 116 0.999874
30 117 0.999884
30 118 0.999897
30 119 0.999912
30 120 0.99993
30 121 0.999951
30 122 0.999975
30 123 1
30 124 1.00003
30 125 1.00007
30 126 1.0001
30 127 1.00014

31 0 0
31 1 1.00033
31 2 1.00034
31 3 1.00034
31 4 1.00034
31 5 1.00034
31 6 1.00034
31 7 1.00035
31 8 1.00035
31 9 1.00035
31 10 1.00035
31 11 1.00035
31 12 1.00036
31 13 1.00036
31 14 1.00036
31 15 1.00036
31 16 1.00036
31 17 1.00037
31 18 1.00037
31 19 1.00037
31 20 1.00037
31 21 1.00037
31 22 1.00037
31 23 1.00037
31 24 1.00037
31 25 1.00038
31 26 1.00038
31 27 1.00038
31 28 1.00038
31 29 1.00038
31 30 1.00038
31 31 1.00038
31 32 1.00038
31 33 1.00038
31 34 1.00037
31 35 1.00037
31 36 1.00037
31 37 1.00037
31 38 1.00037
31 39 1.00036
31 40 1.00036
31 41 1.00036
31 42 1.00036
31 43 1.00035
31 44 1.00035
31 45 1.00034
31 46 1.00034
31 47 1.00033
31 48 1.00033
31 49 1.00032
31 50 1.00031
31 51 1.00031
31 52 1.0003
31 53 1.00029
31 54 1.00028
31 55 1.00027
31 56 1.00027
31 57 1.00026
31 58 1.00025
31 59 1.00024
31 60 1.00023
31 61 1.00021
31 62 1.0002
31 63 1.00019
31 64 1.00018
31 65 1.00017
31 66 1.00015
31 67 1.00014
31 68 1.00013
31 69 1.00011
31 70 1.0001
31 71 1.00009
31 72 1.00007
31 73 1.00006
31 74 1.00005
31 75 1.00003
31 76 1.00002
31 77 1.00001
31 78 0.999992
31 79 0.999979
31 80 0.999967
31 81 0.999954
31 82 0.999942
31 83 0.99993
31 84 0.999919
31 85 0.999908
31 86 0.999897
31 87 0.999887
31 88 0.999878
31 89 0.999869
31 90 0.999861
31 91 0.999853
31 92 0.999846
31 93 0.99984
31 94 0.999834
31 95 0.999829
31 96 0.999825
31 97 0.999821
31 98 0.999818
31 99 0.999816
31 100 0.999814
31 101 0.999814
31 102 0.999813
31 103 0.999814
31 104 0.999815
31 105 0.999817
31 106 0.999819
31 107 0.999822
31 108 0.999826
31 109 0.99983
31 110 0.999835
31 111 0.99984
31 112 0.999846
31 113 0.999853
31 114 0.99986
31 115 0.999868
31 116 0.999878
31 117 0.999889
31 118 0.999901
31 119 0.999916
31 120 0.999933
31 121 0.999954
31 122 0.999978
31 123 1
31 124 1.00003
31 125 1.00007
31 126 1.0001
31 127 1.00013

32 0 0
32 1 1.00034
32 2 1.00034
32 3 1.00034
32 4 1.00035
32 5 1.00035
32 6 1.00035
32 7 1.00035
32 8 1.00035
32 9 1.00036
32 10 1.00036
32 11 1.00036
32 12 1.00036
32 13 1.00036
32 14 1.00036
32 15 1.00037
32 16 1.00037
32 17 1.00037
32 18 1.00037
32 19 1.00037
32 20 1.00037
32 21 1.00037
32 22 1.00038
32 23 1.00038
32 24 1.00038
32 25 1.00038
32 26 1.00038
32 27 1.00038
32 28 1.00038
32 29 1.00038
32 30 1.00038
32 31 1.00038
32 32 1.00038
32 33 1.00038
32 34 1.00038
32 35 1.00037
32 36 1.00037
32 37 1.00037
32 38 1.00037
32 39 1.00037
32 40 1.00036
32 41 1.00036
32 42 1.00036
32 43 1.00035
32 44 1.00035
32 45 1.00034
32 46 1.00034
32 47 1.00033
32 48 1.00033
32 49 1.00032
32 50 1.00031
32 51 1.00031
32 52 1.0003
32 53 1.00029
32 54 1.00028
32 55 1.00027
32 56 1.00026
32 57 1.00025
32 58 1.00024
32 59 1.00023
32 60 1.00022
32 61 1.00021
32 62 1.0002
32 63 1.00019
32 64 1.00017
32 65 1.00016
32 66 1.00015
32 67 1.00013
32 68 1.00012
32 69 1.00011
32 70 1.00009
32 71 1.00008
32 72 1.00007
32 73 1.00005
32 74 1.00004
32 75 1.00002
32 76 1.00001
32 77 0.999997
32 78 0.999984
32 79 0.99997
32 80 0.999957
32 81 0.999945
32 82 0.999933
32 83 0.999921
32 84 0.999909
32 85 0.999898
32 86 0.999888
32 87 0.999878
32 88 0.999869
32 89 0.99986
32 90 0.999852
32 91 0.999844
32 92 0.999838
32 93 0.999832
32 94 0.999826
32 95 0.999822
32 96 0.999818
32 97 0.999814
32 98 0.999812
32 99 0.99981
32 100 0.999809
32 101 0.999809
32 102 0.999809
32 103 0.99981
32 104 0.999812
32 105 0.999814
32 106 0.999817
32 107 0.999821
32 108 0.999825
32 109 0.99983
32 110 0.999835
32 111 0.999841
32 112 0.999847
32 113 0.999854
32 114 0.999862
32 115 0.999871
32 116 0.99988
32 117 0.999891
32 118 0.999904
32 119 0.999919
32 120 0.999936
32 121 0.999956
32 122 0.999978
32 123 1
32 124 1.00003
32 125 1.00006
32 126 1.00009
32 127 1.00012

33 0 0
33 1 1.00034
33 2 1.00035
33 3 1.00035
33 4 1.00035
33 5 1.00035
33 6 1.00035
33 7 1.00036
33 8 1.00036
33 9 1.00036
33 10 1.00036
33 11 1.00036
33 12 1.00037
33 13 1.00037
33 14 1.00037
33 15 1.00037
33 16 1.00037
33 17 1.00037
33 18 1.00037
33 19 1.00038
33 20 1.00038
33 21 1.00038
33 22 1.00038
33 23 1.00038
33 24 1.00038
33 25 1.00038
33 26 1.00038
33 27 1.00038
33 28 1.00038
33 29 1.00038
33 30 1.00038
33 31 1.00038
33 32 1.00038
33 33 1.00038
33 34 1.00038
33 35 1.00038
33 36 1.00037
33 37 1.00037
33 38 1.00037
33 39 1.00037
33 40 1.00036
33 41 1.00036
33 42 1.00036
33 43 1.00035
33 44 1.00035
33 45 1.00034
33 46 1.00034
33 47 1.00033
33 48 1.00033
33 49 1.00032
33 50 1.00031
33 51 1.0003
33 52 1.0003
33 53 1.00029
33 54 1.00028
33 55 1.00027
33 56 1.00026
33 57 1.00025
33 58 1.00024
33 59 1.00023
33 60 1.00022
33 61 1.00021
33 62 1.00019
33 63 1.00018
33 64 1.00017
33 65 1.00016
33 66 1.00014
33 67 1.00013
33 68 1.00011
33 69 1.0001
33 70 1.00009
33 71 1.00007
33 72 1.00006
33 73 1.00004
33 74 1.00003
33 75 1.00002
33 76 1
33 77 0.999988
33 78 0.999974
33 79 0.999961
33 80 0.999948
33 81 0.999935
33 82 0.999923
33 83 0.999911
33 84 0.999899
33 85 0.999888
33 86 0.999878
33 87 0.999868
33 88 0.999859
33 89 0.99985
33 90 0.999842
33 91 0.999835
33 92 0.999829
33 93 0.999823
33 94 0.999818
33 95 0.999814
33 96 0.99981
33 97 0.999807
33 98 0.999805
33 99 0.999804
33 100 0.999803
33 101 0.999803
33 102 0.999804
33 103 0.999806
33 104 0.999808
33 105 0.999811
33 106 0.999815
33 107 0.999819
33 108 0.999824
33 109 0.999829
33 110 0.999834
33 111 0.999841
33 112 0.999848
33 113 0.999855
33 114 0.999863
33 115 0.999872
33 116 0.999882
33 117 0.999893
33 118 0.999906
33 119 0.99992
33 120 0.999937
33 121 0.999956
33 122 0.999978
33 123 1
33 124 1.00003
33 125 1.00006
33 126 1.00009
33 127 1.00012

34 0 0
34 1 1.00035
34 2 1.00035
34 3 1.00035
34 4 1.00036
34 5 1.00036
34 6 1.00036
34 7 1.00036
34 8 1.00036
34 9 1.00037
34 10 1.00037
34 11 1.00037
34 12 1.00037
34 13 1.00037
34 14 1.00037
34 15 1.00037
34 16 1.00038
34 17 1.00038
34 18 1.00038
34 19 1.00038
34 20 1.00038
34 21 1.00038
34 22 1.00038
34 23 1.00038
34 24 1.00038
34 25 1.00038
34 26 1.00039
34 27 1.00039
34 28 1.00039
34 29 1.00038
34 30 1.00038
34 31 1.00038
34 32 1.00038
34 33 1.00038
34 34 1.00038
34 35 1.00038
34 36 1.00038
34 37 1.00037
34 38 1.00037
34 39 1.00037
34 40 1.00036
34 41 1.00036
34 42 1.00036
34 43 1.00035
34 44 1.00035
34 45 1.00034
34 46 1.00034
34 47 1.00033
34 48 1.00033
34 49 1.00032
34 50 1.00031
34 51 1.0003
34 52 1.0003
34 53 1.00029
34 54 1.00028
34 55 1.00027
34 56 1.00026
34 57 1.00025
34 58 1.00024
34 59 1.00023
34 60 1.00021
34 61 1.0002
34 62 1.00019
34 63 1.00018
34 64 1.00016
34 65 1.00015
34 66 1.00014
34 67 1.00012
34 68 1.00011
34 69 1.00009
34 70 1.00008
34 71 1.00006
34 72 1.00005
34 73 1.00004
34 74 1.00002
34 75 1.00001
34 76 0.999992
34 77 0.999978
34 78 0.999964
34 79 0.999951
34 80 0.999938
34 81 0.999925
34 82 0.999912
34 83 0.9999
34 84 0.999889
34 85 0.999878
34 86 0.999867
34 87 0.999858
34 88 0.999849
34 89 0.99984
34 90 0.999832
34 91 0.999825
34 92 0.999819
34 93 0.999814
34 94 0.999809
34 95 0.999805
34 96 0.999802
34 97 0.999799
34 98 0.999798
34 99 0.999797
34 100 0.999797
34 101 0.999797
34 102 0.999799
34 103 0.999801
34 104 0.999804
34 105 0.999807
34 106 0.999811
34 107 0.999816
34 108 0.999821
34 109 0.999827
34 110 0.999833
34 111 0.99984
34 112 0.999847
34 113 0.999855
34 114 0.999863
34 115 0.999872
34 116 0.999882
34 117 0.999893
34 118 0.999906
34 119 0.99992
34 120 0.999937
34 121 0.999955
34 122 0.999977
34 123 1
34 124 1.00003
34 125 1.00005
34 126 1.00008
34 127 1.00011

35 0 0
35 1 1.00036
35 2 1.00036
35 3 1.00036
35 4 1.00036
35 5 1.00036
35 6 1.00036
35 7 1.00037
35 8 1.00037
35 9 1.00037
35 10 1.00037
35 11 1.00037
35 12 1.00038
35 13 1.00038
35 14 1.00038
35 15 1.00038
35 16 1.00038
35 17 1.00038
35 18 1.00038
35 19 1.00038
35 20 1.00039
35 21 1.00039
35 22 1.00039
35 23 1.00039
35 24 1.00039
35 25 1.00039
35 26 1.00039
35 27 1.00039
35 28 1.00039
35 29 1.00039
35 30 1.00039
35 31 1.00039
35 32 1.00038
35 33 1.00038
35 34 1.00038
35 35 1.00038
35 36 1.00038
35 37 1.00038
35 38 1.00037
35 39 1.00037
35 40 1.00037
35 41 1.00036
35 42 1.00036
35 43 1.00035
35 44 1.00035
35 45 1.00034
35 46 1.00034
35 47 1.00033
35 48 1.00032
35 49 1.00032
35 50 1.00031
35 51 1.0003
35 52 1.00029
35 53 1.00029
35 54 1.00028
35 55 1.00027
35 56 1.00026
35 57 1.00024
35 58 1.00023
35 59 1.00022
35 60 1.00021
35 61 1.0002
35 62 1.00018
35 63 1.00017
35 64 1.00016
35 65 1.00014
35 66 1.00013
35 67 1.00012
35 68 1.0001
35 69 1.00009
35 70 1.00007
35 71 1.00006
35 72 1.00004
35 73 1.00003
35 74 1.00001
35 75 0.999997
35 76 0.999983
35 77 0.999968
35 78 0.999954
35 79 0.99994
35 80 0.999927
35 81 0.999914
35 82 0.999901
35 83 0.999889
35 84 0.999878
35 85 0.999867
35 86 0.999856
35 87 0.999846
35 88 0.999837
35 89 0.999829
35 90 0.999822
35 91 0.999815
35 92 0.999809
35 93 0.999803
35 94 0.999799
35 95 0.999795
35 96 0.999793
35 97 0.999791
35 98 0.999789
35 99 0.999789
35 100 0.999789
35 101 0.99979
35 102 0.999792
35 103 0.999795
35 104 0.999798
35 105 0.999802
35 106 0.999807
35 107 0.999812
35 108 0.999817
35 109 0.999824
35 110 0.99983
35 111 0.999837
35 112 0.999845
35 113 0.999853
35 114 0.999862
35 115 0.999871
35 116 0.999881
35 117 0.999893
35 118 0.999905
35 119 0.999919
35 120 0.999935
35 121 0.999954
35 122 0.999974
35 123 0.999996
35 124 1.00002
35 125 1.00005
35 126 1.00007
35 127 1.0001

36 0 0
36 1 1.00036
36 2 1.00036
36 3 1.00037
36 4 1.00037
36 5 1.00037
36 6 1.00037
36 7 1.00037
36 8 1.00037
36 9 1.00038
36 10 1.00038
36 11 1.00038
36 12 1.00038
36 13 1.00038
36 14 1.00038
36 15 1.00038
36 16 1.00039
36 17 1.00039
36 18 1.00039
36 19 1.00039
36 20 1.00039
36 21 1.00039
36 22 1.00039
36 23 1.00039
36 24 1.00039
36 25 1.00039
36 26 1.00039
36 27 1.00039
36 28 1.00039
36 29 1.00039
36 30 1.00039
36 31 1.00039
36 32 1.00039
36 33 1.00039
36 34 1.00038
36 35 1.00038
36 36 1.00038
36 37 1.00038
36 38 1.00037
36 39 1.00037
36 40 1.00037
36 41 1.00036
36 42 1.00036
36 43 1.00035
36 44 1.00035
36 45 1.00034
36 46 1.00034
36 47 1.00033
36 48 1.00032
36 49 1.00032
36 50 1.00031
36 51 1.0003
36 52 1.00029
36 53 1.00028
36 54 1.00027
36 55 1.00026
36 56 1.00025
36 57 1.00024
36 58 1.00023
36 59 1.00022
36 60 1.00021
36 61 1.00019
36 62 1.00018
36 63 1.00017
36 64 1.00015
36 65 1.00014
36 66 1.00012
36 67 1.00011
36 68 1.00009
36 69 1.00008
36 70 1.00006
36 71 1.00005
36 72 1.00003
36 73 1.00002
36 74 1
36 75 0.999987
36 76 0.999972
36 77 0.999958
36 78 0.999943
36 79 0.999929
36 80 0.999915
36 81 0.999902
36 82 0.999889
36 83 0.999877
36 84 0.999866
36 85 0.999855
36 86 0.999844
36 87 0.999835
36 88 0.999826
36 89 0.999817
36 90 0.99981
36 91 0.999803
36 92 0.999798
36 93 0.999793
36 94 0.999788
36 95 0.999785
36 96 0.999783
36 97 0.999781
36 98 0.99978
36 99 0.99978
36 100 0.999781
36 101 0.999783
36 102 0.999785
36 103 0.999788
36 104 0.999792
36 105 0.999796
36 106 0.999801
36 107 0.999807
36 108 0.999813
36 109 0.99982
36 110 0.999827
36 111 0.999834
36 112 0.999842
36 113 0.999851
36 114 0.99986
36 115 0.999869
36 116 0.99988
36 117 0.999891
36 118 0.999903
36 119 0.999917
36 120 0.999933
36 121 0.999951
36 122 0.99997
36 123 0.999992
36 124 1.00002
36 125 1.00004
36 126 1.00007
36 127 1.00009

37 0 0
37 1 1.00037
37 2 1.00037
37 3 1.00037
37 4 1.00037
37 5 1.00037
37 6 1.00038
37 7 1.00038
37 8 1.00038
37 9 1.00038
37 10 1.00038
37 11 1.00038
37 12 1.00039
37 13 1.00039
37 14 1.00039
37 15 1.00039
37 16 1.00039
37 17 1.00039
37 18 1.00039
37 19 1.00039
37 20 1.00039
37 21 1.00039
37 22 1.00039
37 23 1.0004
37 24 1.0004
37 25 1.0004
37 26 1.0004
37 27 1.00039
37 28 1.00039
37 29 1.00039
37 30 1.00039
37 31 1.00039
37 32 1.00039
37 33 1.00039
37 34 1.00039
37 35 1.00038
37 36 1.00038
37 37 1.00038
37 38 1.00038
37 39 1.00037
37 40 1.00037
37 41 1.00036
37 42 1.00036
37 43 1.00036
37 44 1.00035
37 45 1.00034
37 46 1.00034
37 47 1.00033
37 48 1.00032
37 49 1.00032
37 50 1.00031
37 51 1.0003
37 52 1.00029
37 53 1.00028
37 54 1.00027
37 55 1.00026
37 56 1.00025
37 57 1.00024
37 58 1.00023
37 59 1.00021
37 60 1.0002
37 61 1.00019
37 62 1.00017
37 63 1.00016
37 64 1.00015
37 65 1.00013
37 66 1.00012
37 67 1.0001
37 68 1.00009
37 69 1.00007
37 70 1.00005
37 71 1.00004
37 72 1.00002
37 73 1.00001
37 74 0.999992
37 75 0.999976
37 76 0.999961
37 77 0.999946
37 78 0.999931
37 79 0.999917
37 80 0.999903
37 81 0.99989
37 82 0.999877
37 83 0.999865
37 84 0.999853
37 85 0.999842
37 86 0.999832
37 87 0.999822
37 88 0.999813
37 89 0.999805
37 90 0.999798
37 91 0.999791
37 92 0.999786
37 93 0.999781
37 94 0.999777
37 95 0.999774
37 96 0.999772
37 97 0.999771
37 98 0.99977
37 99 0.999771
37 100 0.999772
37 101 0.999774
37 102 0.999777
37 103 0.999781
37 104 0.999785
37 105 0.99979
37 106 0.999795
37 107 0.999801
37 108 0.999808
37 109 0.999815
37 110 0.999822
37 111 0.99983
37 112 0.999838
37 113 0.999847
37 114 0.999856
37 115 0.999866
37 116 0.999877
37 117 0.999888
37 118 0.9999
37 119 0.999914
37 120 0.999929
37 121 0.999946
37 122 0.999965
37 123 0.999986
37 124 1.00001
37 125 1.00003
37 126 1.00006
37 127 1.00008

38 0 0
38 1 1.00037
38 2 1.00038
38 3 1.00038
38 4 1.00038
38 5 1.00038
38 6 1.00038
38 7 1.00038
38 8 1.00038
38 9 1.00039
38 10 1.00039
38 11 1.00039
38 12 1.00039
38 13 1.00039
38 14 1.00039
38 15 1.00039
38 16 1.0004
38 17 1.0004
38 18 1.0004
38 19 1.0004
38 20 1.0004
38 21 1.0004
38 22 1.0004
38 23 1.0004
38 24 1.0004
38 25 1.0004
38 26 1.0004
38 27 1.0004
38 28 1.0004
38 29 1.0004
38 30 1.0004
38 31 1.00039
38 32 1.00039
38 33 1.00039
38 34 1.00039
38 35 1.00039
38 36 1.00038
38 37 1.00038
38 38 1.00038
38 39 1.00037
38 40 1.00037
38 41 1.00037
38 42 1.00036
38 43 1.00036
38 44 1.00035
38 45 1.00034
38 46 1.00034
38 47 1.00033
38 48 1.00032
38 49 1.00032
38 50 1.00031
38 51 1.0003
38 52 1.00029
38 53 1.00028
38 54 1.00027
38 55 1.00026
38 56 1.00025
38 57 1.00024
38 58 1.00022
38 59 1.00021
38 60 1.0002
38 61 1.00018
38 62 1.00017
38 63 1.00016
38 64 1.00014
38 65 1.00013
38 66 1.00011
38 67 1.00009
38 68 1.00008
38 69 1.00006
38 70 1.00005
38 71 1.00003
38 72 1.00001
38 73 0.999997
38 74 0.999981
38 75 0.999965
38 76 0.99995
38 77 0.999934
38 78 0.999919
38 79 0.999905
38 80 0.99989
38 81 0.999877
38 82 0.999864
38 83 0.999851
38 84 0.999839
38 85 0.999828
38 86 0.999818
38 87 0.999808
38 88 0.9998
38 89 0.999792
38 90 0.999785
38 91 0.999778
38 92 0.999773
38 93 0.999768
38 94 0.999765
38 95 0.999762
38 96 0.999761
38 97 0.99976
38 98 0.99976
38 99 0.999761
38 100 0.999762
38 101 0.999765
38 102 0.999768
38 103 0.999772
38 104 0.999777
38 105 0.999782
38 106 0.999788
38 107 0.999794
38 108 0.999801
38 109 0.999809
38 110 0.999817
38 111 0.999825
38 112 0.999834
38 113 0.999843
38 114 0.999852
38 115 0.999862
38 116 0.999873
38 117 0.999884
38 118 0.999896
38 119 0.99991
38 120 0.999925
38 121 0.999941
38 122 0.99996
38 123 0.99998
38 124 1
38 125 1.00002
38 126 1.00005
38 127 1.00007

39 0 0
39 1 1.00038
39 2 1.00038
39 3 1.00038
39 4 1.00038
39 5 1.00039
39 6 1.00039
39 7 1.00039
39 8 1.00039
39 9 1.00039
39 10 1.00039
39 11 1.00039
39 12 1.0004
39 13 1.0004
39 14 1.0004
39 15 1.0004
39 16 1.0004
39 17 1.0004
39 18 1.0004
39 19 1.0004
39 20 1.0004
39 21 1.0004
39 22 1.0004
39 23 1.0004
39 24 1.0004
39 25 1.0004
39 26 1.0004
39 27 1.0004
39 28 1.0004
39 29 1.0004
39 30 1.0004
39 31 1.0004
39 32 1.0004
39 33 1.00039
39 34 1.00039
39 35 1.00039
39 36 1.00039
39 37 1.00038
39 38 1.00038
39 39 1.00038
39 40 1.00037
39 41 1.00037
39 42 1.00036
39 43 1.00036
39 44 1.00035
39 45 1.00035
39 46 1.00034
39 47 1.00033
39 48 1.00032
39 49 1.00032
39 50 1.00031
39 51 1.0003
39 52 1.00029
39 53 1.00028
39 54 1.00027
39 55 1.00026
39 56 1.00024
39 57 1.00023
39 58 1.00022
39 59 1.00021
39 60 1.00019
39 61 1.00018
39 62 1.00016
39 63 1.00015
39 64 1.00013
39 65 1.00012
39 66 1.0001
39 67 1.00009
39 68 1.00007
39 69 1.00005
39 70 1.00004
39 71 1.00002
39 72 1
39 73 0.999986
39 74 0.99997
39 75 0.999953
39 76 0.999937
39 77 0.999921
39 78 0.999906
39 79 0.999891
39 80 0.999877
39 81 0.999863
39 82 0.99985
39 83 0.999837
39 84 0.999825
39 85 0.999814
39 86 0.999803
39 87 0.999794
39 88 0.999785
39 89 0.999777
39 90 0.99977
39 91 0.999764
39 92 0.999759
39 93 0.999755
39 94 0.999752
39 95 0.999749
39 96 0.999748
39 97 0.999748
39 98 0.999748
39 99 0.999749
39 100 0.999751
39 101 0.999754
39 102 0.999758
39 103 0.999763
39 104 0.999768
39 105 0.999773
39 106 0.99978
39 107 0.999787
39 108 0.999794
39 109 0.999802
39 110 0.99981
39 111 0.999819
39 112 0.999828
39 113 0.999837
39 114 0.999847
39 115 0.999857
39 116 0.999867
39 117 0.999879
39 118 0.999891
39 119 0.999904
39 120 0.999919
39 121 0.999935
39 122 0.999953
39 123 0.999972
39 124 0.999993
39 125 1.00001
39 126 1.00004
39 127 1.00006

40 0 0
40 1 1.00039
40 2 1.00039
40 3 1.00039
40 4 1.00039
40 5 1.00039
40 6 1.00039
40 7 1.0004
40 8 1.0004
40 9 1.0004
40 10 1.0004
40 11 1.0004
40 12 1.0004
40 13 1.0004
40 14 1.0004
40 15 1.0004
40 16 1.00041
40 17 1.00041
40 18 1.00041
40 19 1.00041
40 20 1.00041
40 21 1.00041
40 22 1.00041
40 23 1.00041
40 24 1.00041
40 25 1.00041
40 26 1.00041
40 27 1.00041
40 28 1.0004
40 29 1.0004
40 30 1.0004
40 31 1.0004
40 32 1.0004
40 33 1.0004
40 34 1.00039
40 35 1.00039
40 36 1.00039
40 37 1.00039
40 38 1.00038
40 39 1.00038
40 40 1.00037
40 41 1.00037
40 42 1.00036
40 43 1.00036
40 44 1.00035
40 45 1.00035
40 46 1.00034
40 47 1.00033
40 48 1.00032
40 49 1.00032
40 50 1.00031
40 51 1.0003
40 52 1.00029
40 53 1.00028
40 54 1.00027
40 55 1.00025
40 56 1.00024
40 57 1.00023
40 58 1.00022
40 59 1.0002
40 60 1.00019
40 61 1.00017
40 62 1.00016
40 63 1.00014
40 64 1.00013
40 65 1.00011
40 66 1.00009
40 67 1.00008
40 68 1.00006
40 69 1.00004
40 70 1.00003
40 71 1.00001
40 72 0.999991
40 73 0.999974
40 74 0.999957
40 75 0.99994
40 76 0.999924
40 77 0.999908
40 78 0.999892
40 79 0.999877
40 80 0.999862
40 81 0.999848
40 82 0.999834
40 83 0.999822
40 84 0.99981
40 85 0.999798
40 86 0.999788
40 87 0.999778
40 88 0.99977
40 89 0.999762
40 90 0.999755
40 91 0.999749
40 92 0.999744
40 93 0.999741
40 94 0.999738
40 95 0.999736
40 96 0.999735
40 97 0.999735
40 98 0.999735
40 99 0.999737
40 100 0.99974
40 101 0.999743
40 102 0.999747
40 103 0.999752
40 104 0.999758
40 105 0.999764
40 106 0.999771
40 107 0.999778
40 108 0.999786
40 109 0.999794
40 110 0.999803
40 111 0.999812
40 112 0.999821
40 113 0.99983
40 114 0.99984
40 115 0.99985
40 116 0.999861
40 117 0.999872
40 118 0.999885
40 119 0.999898
40 120 0.999912
40 121 0.999928
40 122 0.999945
40 123 0.999963
40 124 0.999983
40 125 1
40 126 1.00003
40 127 1.00005

41 0 0
41 1 1.00039
41 2 1.00039
41 3 1.0004
41 4 1.0004
41 5 1.0004
41 6 1.0004
41 7 1.0004
41 8 1.0004
41 9 1.0004
41 10 1.0004
41 11 1.00041
41 12 1.00041
41 13 1.00041
41 14 1.00041
41 15 1.00041
41 16 1.00041
41 17 1.00041
41 18 1.00041
41 19 1.00041
41 20 1.00041
41 21 1.00041
41 22 1.00041
41 23 1.00041
41 24 1.00041
41 25 1.00041
41 26 1.00041
41 27 1.00041
41 28 1.00041
41 29 1.00041
41 30 1.00041
41 31 1.0004
41 32 1.0004
41 33 1.0004
41 34 1.0004
41 35 1.00039
41 36 1.00039
41 37 1.00039
41 38 1.00038
41 39 1.00038
41 40 1.00038
41 41 1.00037
41 42 1.00037
41 43 1.00036
41 44 1.00035
41 45 1.00035
41 46 1.00034
41 47 1.00033
41 48 1.00032
41 49 1.00032
41 50 1.00031
41 51 1.0003
41 52 1.00029
41 53 1.00028
41 54 1.00026
41 55 1.00025
41 56 1.00024
41 57 1.00023
41 58 1.00021
41 59 1.0002
41 60 1.00018
41 61 1.00017
41 62 1.00015
41 63 1.00014
41 64 1.00012
41 65 1.0001
41 66 1.00009
41 67 1.00007
41 68 1.00005
41 69 1.00003
41 70 1.00002
41 71 0.999997
41 72 0.999979
41 73 0.999962
41 74 0.999944
41 75 0.999927
41 76 0.99991
41 77 0.999893
41 78 0.999877
41 79 0.999861
41 80 0.999846
41 81 0.999832
41 82 0.999818
41 83 0.999805
41 84 0.999793
41 85 0.999782
41 86 0.999771
41 87 0.999762
41 88 0.999753
41 89 0.999746
41 90 0.999739
41 91 0.999733
41 92 0.999729
41 93 0.999725
41 94 0.999722
41 95 0.999721
41 96 0.99972
41 97 0.99972
41 98 0.999722
41 99 0.999724
41 100 0.999727
41 101 0.999731
41 102 0.999735
41 103 0.999741
41 104 0.999747
41 105 0.999753
41 106 0.999761
41 107 0.999768
41 108 0.999777
41 109 0.999785
41 110 0.999794
41 111 0.999803
41 112 0.999813
41 113 0.999823
41 114 0.999833
41 115 0.999843
41 116 0.999854
41 117 0.999865
41 118 0.999877
41 119 0.99989
41 120 0.999904
41 121 0.999919
41 122 0.999935
41 123 0.999953
41 124 0.999973
41 125 0.999993
41 126 1.00001
41 127 1.00004

42 0 0
42 1 1.0004
42 2 1.0004
42 3 1.0004
42 4 1.0004
42 5 1.0004
42 6 1.00041
42 7 1.00041
42 8 1.00041
42 9 1.00041
42 10 1.00041
42 11 1.00041
42 12 1.00041
42 13 1.00041
42 14 1.00041
42 15 1.00042
42 16 1.00042
42 17 1.00042
42 18 1.00042
42 19 1.00042
42 20 1.00042
42 21 1.00042
42 22 1.00042
42 23 1.00042
42 24 1.00042
42 25 1.00042
42 26 1.00041
42 27 1.00041
42 28 1.00041
42 29 1.00041
42 30 1.00041
42 31 1.00041
42 32 1.00041
42 33 1.0004
42 34 1.0004
42 35 1.0004
42 36 1.00039
42 37 1.00039
42 38 1.00039
42 39 1.00038
42 40 1.00038
42 41 1.00037
42 42 1.00037
42 43 1.00036
42 44 1.00035
42 45 1.00035
42 46 1.00034
42 47 1.00033
42 48 1.00032
42 49 1.00032
42 50 1.00031
42 51 1.0003
42 52 1.00028
42 53 1.00027
42 54 1.00026
42 55 1.00025
42 56 1.00024
42 57 1.00022
42 58 1.00021
42 59 1.00019
42 60 1.00018
42 61 1.00016
42 62 1.00015
42 63 1.00013
42 64 1.00011
42 65 1.00009
42 66 1.00008
42 67 1.00006
42 68 1.00004
42 69 1.00002
42 70 1
42 71 0.999985
42 72 0.999967
42 73 0.999948
42 74 0.99993
42 75 0.999912
42 76 0.999895
42 77 0.999878
42 78 0.999861
42 79 0.999845
42 80 0.99983
42 81 0.999815
42 82 0.999801
42 83 0.999788
42 84 0.999775
42 85 0.999764
42 86 0.999753
42 87 0.999744
42 88 0.999735
42 89 0.999728
42 90 0.999721
42 91 0.999716
42 92 0.999712
42 93 0.999708
42 94 0.999706
42 95 0.999705
42 96 0.999704
42 97 0.999705
42 98 0.999707
42 99 0.999709
42 100 0.999713
42 101 0.999717
42 102 0.999722
42 103 0.999728
42 104 0.999734
42 105 0.999742
42 106 0.999749
42 107 0.999757
42 108 0.999766
42 109 0.999775
42 110 0.999784
42 111 0.999794
42 112 0.999804
42 113 0.999814
42 114 0.999824
42 115 0.999834
42 116 0.999845
42 117 0.999856
42 118 0.999868
42 119 0.999881
42 120 0.999894
42 121 0.999909
42 122 0.999925
42 123 0.999942
42 124 0.999961
42 125 0.99998
42 126 1
42 127 1.00002

43 0 0
43 1 1.00041
43 2 1.00041
43 3 1.00041
43 4 1.00041
43 5 1.00041
43 6 1.00041
43 7 1.00041
43 8 1.00041
43 9 1.00042
43 10 1.00042
43 11 1.00042
43 12 1.00042
43 13 1.00042
43 14 1.00042
43 15 1.00042
43 16 1.00042
43 17 1.00042
43 18 1.00042
43 19 1.00042
43 20 1.00042
43 21 1.00042
43 22 1.00042
43 23 1.00042
43 24 1.00042
43 25 1.00042
43 26 1.00042
43 27 1.00042
43 28 1.00042
43 29 1.00041
43 30 1.00041
43 31 1.00041
43 32 1.00041
43 33 1.00041
43 34 1.0004
43 35 1.0004
43 36 1.0004
43 37 1.00039
43 38 1.00039
43 39 1.00038
43 40 1.00038
43 41 1.00037
43 42 1.00037
43 43 1.00036
43 44 1.00036
43 45 1.00035
43 46 1.00034
43 47 1.00033
43 48 1.00032
43 49 1.00031
43 50 1.00031
43 51 1.00029
43 52 1.00028
43 53 1.00027
43 54 1.00026
43 55 1.00025
43 56 1.00023
43 57 1.00022
43 58 1.0002
43 59 1.00019
43 60 1.00017
43 61 1.00016
43 62 1.00014
43 63 1.00012
43 64 1.0001
43 65 1.00009
43 66 1.00007
43 67 1.00005
43 68 1.00003
43 69 1.00001
43 70 0.999991
43 71 0.999972
43 72 0.999953
43 73 0.999934
43 74 0.999915
43 75 0.999897
43 76 0.999879
43 77 0.999861
43 78 0.999844
43 79 0.999827
43 80 0.999812
43 81 0.999797
43 82 0.999782
43 83 0.999769
43 84 0.999756
43 85 0.999745
43 86 0.999734
43 87 0.999725
43 88 0.999716
43 89 0.999709
43 90 0.999703
43 91 0.999697
43 92 0.999693
43 93 0.99969
43 94 0.999688
43 95 0.999687
43 96 0.999687
43 97 0.999689
43 98 0.999691
43 99 0.999694
43 100 0.999698
43 101 0.999702
43 102 0.999708
43 103 0.999714
43 104 0.999721
43 105 0.999729
43 106 0.999737
43 107 0.999745
43 108 0.999754
43 109 0.999764
43 110 0.999773
43 111 0.999783
43 112 0.999793
43 113 0.999803
43 114 0.999814
43 115 0.999824
43 116 0.999835
43 117 0.999846
43 118 0.999858
43 119 0.999871
43 120 0.999884
43 121 0.999898
43 122 0.999914
43 123 0.99993
43 124 0.999948
43 125 0.999967
43 126 0.999987
43 127 1.00001

44 0 0
44 1 1.00041
44 2 1.00041
44 3 1.00042
44 4 1.00042
44 5 1.00042
44 6 1.00042
44 7 1.00042
44 8 1.00042
44 9 1.00042
44 10 1.00042
44 11 1.00042
44 12 1.00042
44 13 1.00043
44 14 1.00043
44 15 1.00043
44 16 1.00043
44 17 1.00043
44 18 1.00043
44 19 1.00043
44 20 1.00043
44 21 1.00043
44 22 1.00043
44 23 1.00043
44 24 1.00042
44 25 1.00042
44 26 1.00042
44 27 1.00042
44 28 1.00042
44 29 1.00042
44 30 1.00042
44 31 1.00041
44 32 1.00041
44 33 1.00041
44 34 1.00041
44 35 1.0004
44 36 1.0004
44 37 1.0004
44 38 1.00039
44 39 1.00039
44 40 1.00038
44 41 1.00038
44 42 1.00037
44 43 1.00036
44 44 1.00036
44 45 1.00035
44 46 1.00034
44 47 1.00033
44 48 1.00032
44 49 1.00031
44 50 1.0003
44 51 1.00029
44 52 1.00028
44 53 1.00027
44 54 1.00026
44 55 1.00024
44 56 1.00023
44 57 1.00022
44 58 1.0002
44 59 1.00018
44 60 1.00017
44 61 1.00015
44 62 1.00013
44 63 1.00011
44 64 1.0001
44 65 1.00008
44 66 1.00006
44 67 1.00004
44 68 1.00002
44 69 0.999998
44 70 0.999978
44 71 0.999958
44 72 0.999938
44 73 0.999919
44 74 0.999899
44 75 0.99988
44 76 0.999861
44 77 0.999843
44 78 0.999825
44 79 0.999808
44 80 0.999792
44 81 0.999777
44 82 0.999762
44 83 0.999749
44 84 0.999736
44 85 0.999724
44 86 0.999714
44 87 0.999704
44 88 0.999696
44 89 0.999688
44 90 0.999682
44 91 0.999677
44 92 0.999674
44 93 0.999671
44 94 0.999669
44 95 0.999669
44 96 0.999669
44 97 0.999671
44 98 0.999673
44 99 0.999677
44 100 0.999681
44 101 0.999686
44 102 0.999692
44 103 0.999699
44 104 0.999707
44 105 0.999715
44 106 0.999723
44 107 0.999732
44 108 0.999741
44 109 0.999751
44 110 0.999761
44 111 0.999771
44 112 0.999781
44 113 0.999792
44 114 0.999802
44 115 0.999813
44 116 0.999824
44 117 0.999835
44 118 0.999847
44 119 0.999859
44 120 0.999872
44 121 0.999886
44 122 0.999901
44 123 0.999917
44 124 0.999935
44 125 0.999953
44 126 0.999972
44 127 0.999993

45 0 0
45 1 1.00042
45 2 1.00042
45 3 1.00042
45 4 1.00042
45 5 1.00042
45 6 1.00043
45 7 1.00043
45 8 1.00043
45 9 1.00043
45 10 1.00043
45 11 1.00043
45 12 1.00043
45 13 1.00043
45 14 1.00043
45 15 1.00043
45 16 1.00043
45 17 1.00043
45 18 1.00043
45 19 1.00043
45 20 1.00043
45 21 1.00043
45 22 1.00043
45 23 1.00043
45 24 1.00043
45 25 1.00043
45 26 1.00043
45 27 1.00043
45 28 1.00042
45 29 1.00042
45 30 1.00042
45 31 1.00042
45 32 1.00042
45 33 1.00041
45 34 1.00041
45 35 1.00041
45 36 1.0004
45 37 1.0004
45 38 1.00039
45 39 1.00039
45 40 1.00038
45 41 1.00038
45 42 1.00037
45 43 1.00037
45 44 1.00036
45 45 1.00035
45 46 1.00034
45 47 1.00033
45 48 1.00032
45 49 1.00031
45 50 1.0003
45 51 1.00029
45 52 1.00028
45 53 1.00027
45 54 1.00026
45 55 1.00024
45 56 1.00023
45 57 1.00021
45 58 1.0002
45 59 1.00018
45 60 1.00016
45 61 1.00014
45 62 1.00013
45 63 1.00011
45 64 1.00009
45 65 1.00007
45 66 1.00005
45 67 1.00003
45 68 1.00001
45 69 0.999985
45 70 0.999964
45 71 0.999943
45 72 0.999923
45 73 0.999902
45 74 0.999882
45 75 0.999862
45 76 0.999843
45 77 0.999824
45 78 0.999806
45 79 0.999788
45 80 0.999771
45 81 0.999756
45 82 0.999741
45 83 0.999727
45 84 0.999714
45 85 0.999702
45 86 0.999692
45 87 0.999682
45 88 0.999674
45 89 0.999667
45 90 0.999661
45 91 0.999656
45 92 0.999652
45 93 0.99965
45 94 0.999649
45 95 0.999648
45 96 0.999649
45 97 0.999651
45 98 0.999654
45 99 0.999658
45 100 0.999663
45 101 0.999669
45 102 0.999675
45 103 0.999683
45 104 0.999691
45 105 0.999699
45 106 0.999708
45 107 0.999717
45 108 0.999727
45 109 0.999737
45 110 0.999747
45 111 0.999758
45 112 0.999768
45 113 0.999779
45 114 0.99979
45 115 0.999801
45 116 0.999811
45 117 0.999823
45 118 0.999834
45 119 0.999846
45 120 0.999859
45 121 0.999873
45 122 0.999887
45 123 0.999903
45 124 0.99992
45 125 0.999937
45 126 0.999956
45 127 0.999976

46 0 0
46 1 1.00043
46 2 1.00043
46 3 1.00043
46 4 1.00043
46 5 1.00043
46 6 1.00043
46 7 1.00043
46 8 1.00043
46 9 1.00043
46 10 1.00044
46 11 1.00044
46 12 1.00044
46 13 1.00044
46 14 1.00044
46 15 1.00044
46 16 1.00044
46 17 1.00044
46 18 1.00044
46 19 1.00044
46 20 1.00044
46 21 1.00044
46 22 1.00044
46 23 1.00044
46 24 1.00043
46 25 1.00043
46 26 1.00043
46 27 1.00043
46 28 1.00043
46 29 1.00043
46 30 1.00042
46 31 1.00042
46 32 1.00042
46 33 1.00042
46 34 1.00041
46 35 1.00041
46 36 1.00041
46 37 1.0004
46 38 1.0004
46 39 1.00039
46 40 1.00039
46 41 1.00038
46 42 1.00037
46 43 1.00037
46 44 1.00036
46 45 1.00035
46 46 1.00034
46 47 1.00033
46 48 1.00033
46 49 1.00031
46 50 1.0003
46 51 1.00029
46 52 1.00028
46 53 1.00027
46 54 1.00025
46 55 1.00024
46 56 1.00022
46 57 1.00021
46 58 1.00019
46 59 1.00017
46 60 1.00016
46 61 1.00014
46 62 1.00012
46 63 1.0001
46 64 1.00008
46 65 1.00006
46 66 1.00004
46 67 1.00001
46 68 0.999993
46 69 0.999971
46 70 0.999949
46 71 0.999927
46 72 0.999906
46 73 0.999884
46 74 0.999863
46 75 0.999843
46 76 0.999823
46 77 0.999803
46 78 0.999784
46 79 0.999766
46 80 0.999749
46 81 0.999733
46 82 0.999718
46 83 0.999703
46 84 0.99969
46 85 0.999678
46 86 0.999668
46 87 0.999658
46 88 0.99965
46 89 0.999643
46 90 0.999637
46 91 0.999633
46 92 0.999629
46 93 0.999627
46 94 0.999626
46 95 0.999627
46 96 0.999628
46 97 0.999631
46 98 0.999634
46 99 0.999639
46 100 0.999644
46 101 0.99965
46 102 0.999657
46 103 0.999665
46 104 0.999673
46 105 0.999682
46 106 0.999692
46 107 0.999701
46 108 0.999712
46 109 0.999722
46 110 0.999733
46 111 0.999743
46 112 0.999754
46 113 0.999765
46 114 0.999776
46 115 0.999787
46 116 0.999798
46 117 0.999809
46 118 0.99982
46 119 0.999832
46 120 0.999845
46 121 0.999858
46 122 0.999872
46 123 0.999887
46 124 0.999904
46 125 0.999921
46 126 0.999939
46 127 0.999958

47 0 0
47 1 1.00043
47 2 1.00043
47 3 1.00044
47 4 1.00044
47 5 1.00044
47 6 1.00044
47 7 1.00044
47 8 1.00044
47 9 1.00044
47 10 1.00044
47 11 1.00044
47 12 1.00044
47 13 1.00044
47 14 1.00044
47 15 1.00044
47 16 1.00044
47 17 1.00044
47 18 1.00044
47 19 1.00044
47 20 1.00044
47 21 1.00044
47 22 1.00044
47 23 1.00044
47 24 1.00044
47 25 1.00044
47 26 1.00044
47 27 1.00043
47 28 1.00043
47 29 1.00043
47 30 1.00043
47 31 1.00043
47 32 1.00042
47 33 1.00042
47 34 1.00042
47 35 1.00041
47 36 1.00041
47 37 1.0004
47 38 1.0004
47 39 1.00039
47 40 1.00039
47 41 1.00038
47 42 1.00038
47 43 1.00037
47 44 1.00036
47 45 1.00035
47 46 1.00034
47 47 1.00034
47 48 1.00033
47 49 1.00031
47 50 1.0003
47 51 1.00029
47 52 1.00028
47 53 1.00027
47 54 1.00025
47 55 1.00024
47 56 1.00022
47 57 1.0002
47 58 1.00019
47 59 1.00017
47 60 1.00015
47 61 1.00013
47 62 1.00011
47 63 1.00009
47 64 1.00007
47 65 1.00005
47 66 1.00002
47 67 1
47 68 0.999979
47 69 0.999956
47 70 0.999933
47 71 0.99991
47 72 0.999888
47 73 0.999865
47 74 0.999843
47 75 0.999822
47 76 0.999801
47 77 0.999781
47 78 0.999761
47 79 0.999743
47 80 0.999725
47 81 0.999708
47 82 0.999693
47 83 0.999678
47 84 0.999665
47 85 0.999653
47 86 0.999642
47 87 0.999632
47 88 0.999624
47 89 0.999617
47 90 0.999612
47 91 0.999608
47 92 0.999605
47 93 0.999603
47 94 0.999603
47 95 0.999603
47 96 0.999605
47 97 0.999608
47 98 0.999612
47 99 0.999617
47 100 0.999623
47 101 0.99963
47 102 0.999637
47 103 0.999646
47 104 0.999654
47 105 0.999664
47 106 0.999674
47 107 0.999684
47 108 0.999694
47 109 0.999705
47 110 0.999716
47 111 0.999727
47 112 0.999738
47 113 0.999749
47 114 0.99976
47 115 0.999771
47 116 0.999782
47 117 0.999794
47 118 0.999805
47 119 0.999817
47 120 0.999829
47 121 0.999842
47 122 0.999856
47 123 0.99987
47 124 0.999886
47 125 0.999903
47 126 0.999921
47 127 0.99994

48 0 0
48 1 1.00044
48 2 1.00044
48 3 1.00044
48 4 1.00044
48 5 1.00044
48 6 1.00045
48 7 1.00045
48 8 1.00045
48 9 1.00045
48 10 1.00045
48 11 1.00045
48 12 1.00045
48 13 1.00045
48 14 1.00045
48 15 1.00045
48 16 1.00045
48 17 1.00045
48 18 1.00045
48 19 1.00045
48 20 1.00045
48 21 1.00045
48 22 1.00045
48 23 1.00045
48 24 1.00044
48 25 1.00044
48 26 1.00044
48 27 1.00044
48 28 1.00044
48 29 1.00044
48 30 1.00043
48 31 1.00043
48 32 1.00043
48 33 1.00042
48 34 1.00042
48 35 1.00042
48 36 1.00041
48 37 1.00041
48 38 1.0004
48 39 1.0004
48 40 1.00039
48 41 1.00039
48 42 1.00038
48 43 1.00037
48 44 1.00036
48 45 1.00036
48 46 1.00035
48 47 1.00034
48 48 1.00033
48 49 1.00032
48 50 1.0003
48 51 1.00029
48 52 1.00028
48 53 1.00026
48 54 1.00025
48 55 1.00023
48 56 1.00022
48 57 1.0002
48 58 1.00018
48 59 1.00016
48 60 1.00014
48 61 1.00012
48 62 1.0001
48 63 1.00008
48 64 1.00006
48 65 1.00003
48 66 1.00001
48 67 0.999987
48 68 0.999963
48 69 0.999939
48 70 0.999916
48 71 0.999892
48 72 0.999868
48 73 0.999845
48 74 0.999822
48 75 0.999799
48 76 0.999778
48 77 0.999757
48 78 0.999736
48 79 0.999717
48 80 0.999699
48 81 0.999682
48 82 0.999666
48 83 0.999651
48 84 0.999637
48 85 0.999625
48 86 0.999614
48 87 0.999605
48 88 0.999597
48 89 0.99959
48 90 0.999585
48 91 0.999581
48 92 0.999578
48 93 0.999577
48 94 0.999577
48 95 0.999578
48 96 0.99958
48 97 0.999584
48 98 0.999588
48 99 0.999594
48 100 0.9996
48 101 0.999608
48 102 0.999616
48 103 0.999625
48 104 0.999634
48 105 0.999644
48 106 0.999654
48 107 0.999665
48 108 0.999676
48 109 0.999687
48 110 0.999698
48 111 0.99971
48 112 0.999721
48 113 0.999732
48 114 0.999743
48 115 0.999755
48 116 0.999766
48 117 0.999777
48 118 0.999788
48 119 0.9998
48 120 0.999812
48 121 0.999825
48 122 0.999838
48 123 0.999852
48 124 0.999868
48 125 0.999884
48 126 0.999901
48 127 0.99992

49 0 0
49 1 1.00045
49 2 1.00045
49 3 1.00045
49 4 1.00045
49 5 1.00045
49 6 1.00045
49 7 1.00045
49 8 1.00045
49 9 1.00045
49 10 1.00045
49 11 1.00046
49 12 1.00046
49 13 1.00046
49 14 1.00046
49 15 1.00046
49 16 1.00046
49 17 1.00046
49 18 1.00045
49 19 1.00045
49 20 1.00045
49 21 1.00045
49 22 1.00045
49 23 1.00045
49 24 1.00045
49 25 1.00045
49 26 1.00045
49 27 1.00044
49 28 1.00044
49 29 1.00044
49 30 1.00044
49 31 1.00043
49 32 1.00043
49 33 1.00043
49 34 1.00042
49 35 1.00042
49 36 1.00042
49 37 1.00041
49 38 1.00041
49 39 1.0004
49 40 1.00039
49 41 1.00039
49 42 1.00038
49 43 1.00037
49 44 1.00037
49 45 1.00036
49 46 1.00035
49 47 1.00034
49 48 1.00033
49 49 1.00032
49 50 1.0003
49 51 1.00029
49 52 1.00028
49 53 1.00026
49 54 1.00025
49 55 1.00023
49 56 1.00021
49 57 1.00019
49 58 1.00017
49 59 1.00015
49 60 1.00013
49 61 1.00011
49 62 1.00009
49 63 1.00007
49 64 1.00004
49 65 1.00002
49 66 0.999996
49 67 0.999972
49 68 0.999947
49 69 0.999922
49 70 0.999897
49 71 0.999872
49 72 0.999847
49 73 0.999823
49 74 0.999799
49 75 0.999775
49 76 0.999752
49 77 0.999731
49 78 0.99971
49 79 0.99969
49 80 0.999671
49 81 0.999653
49 82 0.999637
49 83 0.999621
49 84 0.999608
49 85 0.999595
49 86 0.999584
49 87 0.999575
49 88 0.999567
49 89 0.99956
49 90 0.999555
49 91 0.999552
49 92 0.99955
49 93 0.999549
49 94 0.999549
49 95 0.999551
49 96 0.999554
49 97 0.999558
49 98 0.999563
49 99 0.999569
49 100 0.999576
49 101 0.999584
49 102 0.999593
49 103 0.999602
49 104 0.999612
49 105 0.999622
49 106 0.999633
49 107 0.999644
49 108 0.999656
49 109 0.999667
49 110 0.999679
49 111 0.999691
49 112 0.999702
49 113 0.999714
49 114 0.999725
49 115 0.999736
49 116 0.999747
49 117 0.999759
49 118 0.99977
49 119 0.999781
49 120 0.999793
49 121 0.999806
49 122 0.999819
49 123 0.999833
49 124 0.999848
49 125 0.999864
49 126 0.999881
49 127 0.999899

50 0 0
50 1 1.00046
50 2 1.00046
50 3 1.00046
50 4 1.00046
50 5 1.00046
50 6 1.00046
50 7 1.00046
50 8 1.00046
50 9 1.00046
50 10 1.00046
50 11 1.00046
50 12 1.00046
50 13 1.00046
50 14 1.00046
50 15 1.00046
50 16 1.00046
50 17 1.00046
50 18 1.00046
50 19 1.00046
50 20 1.00046
50 21 1.00046
50 22 1.00046
50 23 1.00046
50 24 1.00045
50 25 1.00045
50 26 1.00045
50 27 1.00045
50 28 1.00045
50 29 1.00044
50 30 1.00044
50 31 1.00044
50 32 1.00044
50 33 1.00043
50 34 1.00043
50 35 1.00042
50 36 1.00042
50 37 1.00041
50 38 1.00041
50 39 1.0004
50 40 1.0004
50 41 1.00039
50 42 1.00038
50 43 1.00038
50 44 1.00037
50 45 1.00036
50 46 1.00035
50 47 1.00034
50 48 1.00033
50 49 1.00032
50 50 1.0003
50 51 1.00029
50 52 1.00027
50 53 1.00026
50 54 1.00024
50 55 1.00023
50 56 1.00021
50 57 1.00019
50 58 1.00017
50 59 1.00015
50 60 1.00013
50 61 1.0001
50 62 1.00008
50 63 1.00006
50 64 1.00003
50 65 1.00001
50 66 0.999981
50 67 0.999955
50 68 0.999929
50 69 0.999903
50 70 0.999876
50 71 0.99985
50 72 0.999824
50 73 0.999799
50 74 0.999773
50 75 0.999749
50 76 0.999725
50 77 0.999702
50 78 0.999681
50 79 0.99966
50 80 0.99964
50 81 0.999622
50 82 0.999605
50 83 0.99959
50 84 0.999576
50 85 0.999563
50 86 0.999552
50 87 0.999543
50 88 0.999535
50 89 0.999529
50 90 0.999524
50 91 0.999521
50 92 0.999519
50 93 0.999518
50 94 0.999519
50 95 0.999522
50 96 0.999525
50 97 0.99953
50 98 0.999536
50 99 0.999542
50 100 0.99955
50 101 0.999559
50 102 0.999568
50 103 0.999578
50 104 0.999588
50 105 0.999599
50 106 0.999611
50 107 0.999622
50 108 0.999634
50 109 0.999646
50 110 0.999658
50 111 0.99967
50 112 0.999682
50 113 0.999693
50 114 0.999705
50 115 0.999716
50 116 0.999728
50 117 0.999739
50 118 0.99975
50 119 0.999762
50 120 0.999773
50 121 0.999785
50 122 0.999798
50 123 0.999812
50 124 0.999827
50 125 0.999842
50 126 0.999859
50 127 0.999877

51 0 0
51 1 1.00046
51 2 1.00046
51 3 1.00046
51 4 1.00047
51 5 1.00047
51 6 1.00047
51 7 1.00047
51 8 1.00047
51 9 1.00047
51 10 1.00047
51 11 1.00047
51 12 1.00047
51 13 1.00047
51 14 1.00047
51 15 1.00047
51 16 1.00047
51 17 1.00047
51 18 1.00047
51 19 1.00047
51 20 1.00046
51 21 1.00046
51 22 1.00046
51 23 1.00046
51 24 1.00046
51 25 1.00046
51 26 1.00046
51 27 1.00045
51 28 1.00045
51 29 1.00045
51 30 1.00045
51 31 1.00044
51 32 1.00044
51 33 1.00044
51 34 1.00043
51 35 1.00043
51 36 1.00042
51 37 1.00042
51 38 1.00041
51 39 1.00041
51 40 1.0004
51 41 1.00039
51 42 1.00039
51 43 1.00038
51 44 1.00037
51 45 1.00036
51 46 1.00035
51 47 1.00034
51 48 1.00033
51 49 1.00032
51 50 1.0003
51 51 1.00029
51 52 1.00027
51 53 1.00026
51 54 1.00024
51 55 1.00022
51 56 1.0002
51 57 1.00018
51 58 1.00016
51 59 1.00014
51 60 1.00012
51 61 1.00009
51 62 1.00007
51 63 1.00004
51 64 1.00002
51 65 0.999992
51 66 0.999965
51 67 0.999937
51 68 0.99991
51 69 0.999882
51 70 0.999854
51 71 0.999827
51 72 0.999799
51 73 0.999773
51 74 0.999746
51 75 0.999721
51 76 0.999696
51 77 0.999672
51 78 0.999649
51 79 0.999628
51 80 0.999608
51 81 0.999589
51 82 0.999571
51 83 0.999556
51 84 0.999541
51 85 0.999529
51 86 0.999518
51 87 0.999508
51 88 0.999501
51 89 0.999495
51 90 0.99949
51 91 0.999487
51 92 0.999486
51 93 0.999486
51 94 0.999487
51 95 0.99949
51 96 0.999494
51 97 0.9995
51 98 0.999506
51 99 0.999514
51 100 0.999522
51 101 0.999531
51 102 0.999541
51 103 0.999552
51 104 0.999563
51 105 0.999574
51 106 0.999586
51 107 0.999598
51 108 0.999611
51 109 0.999623
51 110 0.999635
51 111 0.999648
51 112 0.99966
51 113 0.999672
51 114 0.999683
51 115 0.999695
51 116 0.999706
51 117 0.999718
51 118 0.999729
51 119 0.99974
51 120 0.999752
51 121 0.999764
51 122 0.999776
51 123 0.99979
51 124 0.999804
51 125 0.999819
51 126 0.999836
51 127 0.999853

52 0 0
52 1 1.00047
52 2 1.00047
52 3 1.00047
52 4 1.00047
52 5 1.00047
52 6 1.00047
52 7 1.00047
52 8 1.00047
52 9 1.00047
52 10 1.00047
52 11 1.00047
52 12 1.00047
52 13 1.00047
52 14 1.00047
52 15 1.00047
52 16 1.00047
52 17 1.00047
52 18 1.00047
52 19 1.00047
52 20 1.00047
52 21 1.00047
52 22 1.00047
52 23 1.00047
52 24 1.00046
52 25 1.00046
52 26 1.00046
52 27 1.00046
52 28 1.00046
52 29 1.00045
52 30 1.00045
52 31 1.00045
52 32 1.00044
52 33 1.00044
52 34 1.00044
52 35 1.00043
52 36 1.00043
52 37 1.00042
52 38 1.00042
52 39 1.00041
52 40 1.0004
52 41 1.0004
52 42 1.00039
52 43 1.00038
52 44 1.00037
52 45 1.00036
52 46 1.00035
52 47 1.00034
52 48 1.00033
52 49 1.00032
52 50 1.0003
52 51 1.00029
52 52 1.00027
52 53 1.00025
52 54 1.00024
52 55 1.00022
52 56 1.0002
52 57 1.00018
52 58 1.00016
52 59 1.00013
52 60 1.00011
52 61 1.00008
52 62 1.00006
52 63 1.00003
52 64 1
52 65 0.999976
52 66 0.999947
52 67 0.999918
52 68 0.999889
52 69 0.99986
52 70 0.999831
52 71 0.999802
52 72 0.999773
52 73 0.999745
52 74 0.999717
52 75 0.99969
52 76 0.999664
52 77 0.999639
52 78 0.999616
52 79 0.999593
52 80 0.999572
52 81 0.999553
52 82 0.999535
52 83 0.999519
52 84 0.999504
52 85 0.999492
52 86 0.99948
52 87 0.999471
52 88 0.999464
52 89 0.999458
52 90 0.999454
52 91 0.999451
52 92 0.99945
52 93 0.999451
52 94 0.999453
52 95 0.999457
52 96 0.999462
52 97 0.999468
52 98 0.999475
52 99 0.999483
52 100 0.999492
52 101 0.999502
52 102 0.999512
52 103 0.999524
52 104 0.999535
52 105 0.999547
52 106 0.99956
52 107 0.999573
52 108 0.999585
52 109 0.999598
52 110 0.999611
52 111 0.999624
52 112 0.999636
52 113 0.999648
52 114 0.99966
52 115 0.999672
52 116 0.999683
52 117 0.999695
52 118 0.999706
52 119 0.999717
52 120 0.999729
52 121 0.999741
52 122 0.999753
52 123 0.999766
52 124 0.99978
52 125 0.999795
52 126 0.999811
52 127 0.999829

53 0 0
53 1 1.00048
53 2 1.00048
53 3 1.00048
53 4 1.00048
53 5 1.00048
53 6 1.00048
53 7 1.00048
53 8 1.00048
53 9 1.00048
53 10 1.00048
53 11 1.00048
53 12 1.00048
53 13 1.00048
53 14 1.00048
53 15 1.00048
53 16 1.00048
53 17 1.00048
53 18 1.00048
53 19 1.00048
53 20 1.00048
53 21 1.00047
53 22 1.00047
53 23 1.00047
53 24 1.00047
53 25 1.00047
53 26 1.00047
53 27 1.00046
53 28 1.00046
53 29 1.00046
53 30 1.00046
53 31 1.00045
53 32 1.00045
53 33 1.00044
53 34 1.00044
53 35 1.00044
53 36 1.00043
53 37 1.00043
53 38 1.00042
53 39 1.00041
53 40 1.00041
53 41 1.0004
53 42 1.00039
53 43 1.00038
53 44 1.00037
53 45 1.00036
53 46 1.00035
53 47 1.00034
53 48 1.00033
53 49 1.00032
53 50 1.0003
53 51 1.00029
53 52 1.00027
53 53 1.00025
53 54 1.00023
53 55 1.00021
53 56 1.00019
53 57 1.00017
53 58 1.00015
53 59 1.00012
53 60 1.0001
53 61 1.00007
53 62 1.00004
53 63 1.00002
53 64 0.999988
53 65 0.999958
53 66 0.999928
53 67 0.999898
53 68 0.999867
53 69 0.999836
53 70 0.999805
53 71 0.999774
53 72 0.999744
53 73 0.999714
53 74 0.999685
53 75 0.999657
53 76 0.99963
53 77 0.999604
53 78 0.999579
53 79 0.999556
53 80 0.999534
53 81 0.999514
53 82 0.999496
53 83 0.999479
53 84 0.999465
53 85 0.999452
53 86 0.999441
53 87 0.999431
53 88 0.999424
53 89 0.999418
53 90 0.999415
53 91 0.999413
53 92 0.999412
53 93 0.999414
53 94 0.999417
53 95 0.999421
53 96 0.999426
53 97 0.999433
53 98 0.999441
53 99 0.99945
53 100 0.99946
53 101 0.99947
53 102 0.999482
53 103 0.999494
53 104 0.999506
53 105 0.999519
53 106 0.999532
53 107 0.999545
53 108 0.999558
53 109 0.999572
53 110 0.999585
53 111 0.999598
53 112 0.999611
53 113 0.999623
53 114 0.999635
53 115 0.999647
53 116 0.999659
53 117 0.99967
53 118 0.999681
53 119 0.999693
53 120 0.999704
53 121 0.999716
53 122 0.999728
53 123 0.999741
53 124 0.999755
53 125 0.999769
53 126 0.999785
53 127 0.999803

54 0 0
54 1 1.00049
54 2 1.00049
54 3 1.00049
54 4 1.00049
54 5 1.00049
54 6 1.00049
54 7 1.00049
54 8 1.00049
54 9 1.00049
54 10 1.00049
54 11 1.00049
54 12 1.00049
54 13 1.00049
54 14 1.00049
54 15 1.00049
54 16 1.00049
54 17 1.00048
54 18 1.00048
54 19 1.00048
54 20 1.00048
54 21 1.00048
54 22 1.00048
54 23 1.00048
54 24 1.00048
54 25 1.00047
54 26 1.00047
54 27 1.00047
54 28 1.00047
54 29 1.00046
54 30 1.00046
54 31 1.00046
54 32 1.00045
54 33 1.00045
54 34 1.00045
54 35 1.00044
54 36 1.00044
54 37 1.00043
54 38 1.00042
54 39 1.00042
54 40 1.00041
54 41 1.0004
54 42 1.0004
54 43 1.00039
54 44 1.00038
54 45 1.00037
54 46 1.00036
54 47 1.00034
54 48 1.00033
54 49 1.00032
54 50 1.0003
54 51 1.00029
54 52 1.00027
54 53 1.00025
54 54 1.00023
54 55 1.00021
54 56 1.00019
54 57 1.00016
54 58 1.00014
54 59 1.00011
54 60 1.00009
54 61 1.00006
54 62 1.00003
54 63 1
54 64 0.999971
54 65 0.999939
54 66 0.999908
54 67 0.999875
54 68 0.999843
54 69 0.99981
54 70 0.999777
54 71 0.999745
54 72 0.999713
54 73 0.999682
54 74 0.999651
54 75 0.999622
54 76 0.999593
54 77 0.999566
54 78 0.99954
54 79 0.999516
54 80 0.999494
54 81 0.999473
54 82 0.999454
54 83 0.999437
54 84 0.999422
54 85 0.999409
54 86 0.999398
54 87 0.999389
54 88 0.999382
54 89 0.999376
54 90 0.999373
54 91 0.999372
54 92 0.999372
54 93 0.999374
54 94 0.999377
54 95 0.999382
54 96 0.999389
54 97 0.999396
54 98 0.999405
54 99 0.999415
54 100 0.999425
54 101 0.999437
54 102 0.999449
54 103 0.999462
54 104 0.999475
54 105 0.999488
54 106 0.999502
54 107 0.999516
54 108 0.99953
54 109 0.999543
54 110 0.999557
54 111 0.99957
54 112 0.999584
54 113 0.999596
54 114 0.999609
54 115 0.999621
54 116 0.999633
54 117 0.999644
54 118 0.999655
54 119 0.999667
54 120 0.999678
54 121 0.99969
54 122 0.999702
54 123 0.999714
54 124 0.999728
54 125 0.999743
54 126 0.999758
54 127 0.999775

55 0 0
55 1 1.00049
55 2 1.00049
55 3 1.00049
55 4 1.00049
55 5 1.00049
55 6 1.00049
55 7 1.00049
55 8 1.0005
55 9 1.00049
55 10 1.00049
55 11 1.00049
55 12 1.00049
55 13 1.00049
55 14 1.00049
55 15 1.00049
55 16 1.00049
55 17 1.00049
55 18 1.00049
55 19 1.00049
55 20 1.00049
55 21 1.00049
55 22 1.00048
55 23 1.00048
55 24 1.00048
55 25 1.00048
55 26 1.00048
55 27 1.00047
55 28 1.00047
55 29 1.00047
55 30 1.00047
55 31 1.00046
55 32 1.00046
55 33 1.00045
55 34 1.00045
55 35 1.00044
55 36 1.00044
55 37 1.00043
55 38 1.00043
55 39 1.00042
55 40 1.00041
55 41 1.00041
55 42 1.0004
55 43 1.00039
55 44 1.00038
55 45 1.00037
55 46 1.00036
55 47 1.00034
55 48 1.00033
55 49 1.00032
55 50 1.0003
55 51 1.00028
55 52 1.00027
55 53 1.00025
55 54 1.00023
55 55 1.0002
55 56 1.00018
55 57 1.00016
55 58 1.00013
55 59 1.0001
55 60 1.00008
55 61 1.00005
55 62 1.00002
55 63 0.999985
55 64 0.999952
55 65 0.999919
55 66 0.999886
55 67 0.999851
55 68 0.999817
55 69 0.999782
55 70 0.999748
55 71 0.999714
55 72 0.99968
55 73 0.999647
55 74 0.999615
55 75 0.999584
55 76 0.999554
55 77 0.999525
55 78 0.999498
55 79 0.999473
55 80 0.99945
55 81 0.999428
55 82 0.999409
55 83 0.999391
55 84 0.999376
55 85 0.999363
55 86 0.999352
55 87 0.999343
55 88 0.999336
55 89 0.999331
55 90 0.999329
55 91 0.999328
55 92 0.999329
55 93 0.999331
55 94 0.999336
55 95 0.999341
55 96 0.999349
55 97 0.999357
55 98 0.999367
55 99 0.999377
55 100 0.999389
55 101 0.999401
55 102 0.999414
55 103 0.999428
55 104 0.999442
55 105 0.999456
55 106 0.99947
55 107 0.999485
55 108 0.999499
55 109 0.999513
55 110 0.999527
55 111 0.999541
55 112 0.999555
55 113 0.999568
55 114 0.99958
55 115 0.999593
55 116 0.999605
55 117 0.999616
55 118 0.999628
55 119 0.999639
55 120 0.99965
55 121 0.999662
55 122 0.999674
55 123 0.999687
55 124 0.9997
55 125 0.999714
55 126 0.99973
55 127 0.999747

56 0 0
56 1 1.0005
56 2 1.0005
56 3 1.0005
56 4 1.0005
56 5 1.0005
56 6 1.0005
56 7 1.0005
56 8 1.0005
56 9 1.0005
56 10 1.0005
56 11 1.0005
56 12 1.0005
56 13 1.0005
56 14 1.0005
56 15 1.0005
56 16 1.0005
56 17 1.0005
56 18 1.0005
56 19 1.00049
56 20 1.00049
56 21 1.00049
56 22 1.00049
56 23 1.00049
56 24 1.00049
56 25 1.00048
56 26 1.00048
56 27 1.00048
56 28 1.00048
56 29 1.00047
56 30 1.00047
56 31 1.00047
56 32 1.00046
56 33 1.00046
56 34 1.00045
56 35 1.00045
56 36 1.00044
56 37 1.00044
56 38 1.00043
56 39 1.00043
56 40 1.00042
56 41 1.00041
56 42 1.0004
56 43 1.00039
56 44 1.00038
56 45 1.00037
56 46 1.00036
56 47 1.00035
56 48 1.00033
56 49 1.00032
56 50 1.0003
56 51 1.00028
56 52 1.00026
56 53 1.00024
56 54 1.00022
56 55 1.0002
56 56 1.00018
56 57 1.00015
56 58 1.00012
56 59 1.00009
56 60 1.00006
56 61 1.00003
56 62 1
56 63 0.999967
56 64 0.999933
56 65 0.999898
56 66 0.999862
56 67 0.999826
56 68 0.999789
56 69 0.999752
56 70 0.999716
56 71 0.99968
56 72 0.999644
56 73 0.999609
56 74 0.999575
56 75 0.999543
56 76 0.999511
56 77 0.999482
56 78 0.999454
56 79 0.999427
56 80 0.999403
56 81 0.999381
56 82 0.999361
56 83 0.999343
56 84 0.999327
56 85 0.999314
56 86 0.999303
56 87 0.999294
56 88 0.999288
56 89 0.999284
56 90 0.999281
56 91 0.999281
56 92 0.999283
56 93 0.999286
56 94 0.999291
56 95 0.999298
56 96 0.999306
56 97 0.999316
56 98 0.999326
56 99 0.999338
56 100 0.99935
56 101 0.999363
56 102 0.999377
56 103 0.999392
56 104 0.999406
56 105 0.999421
56 106 0.999436
56 107 0.999451
56 108 0.999466
56 109 0.999481
56 110 0.999496
56 111 0.99951
56 112 0.999524
56 113 0.999538
56 114 0.999551
56 115 0.999563
56 116 0.999575
56 117 0.999587
56 118 0.999599
56 119 0.99961
56 120 0.999621
56 121 0.999633
56 122 0.999645
56 123 0.999657
56 124 0.999671
56 125 0.999685
56 126 0.9997
56 127 0.999717

57 0 0
57 1 1.00051
57 2 1.00051
57 3 1.00051
57 4 1.00051
57 5 1.00051
57 6 1.00051
57 7 1.00051
57 8 1.00051
57 9 1.00051
57 10 1.00051
57 11 1.00051
57 12 1.00051
57 13 1.00051
57 14 1.00051
57 15 1.00051
57 16 1.0005
57 17 1.0005
57 18 1.0005
57 19 1.0005
57 20 1.0005
57 21 1.0005
57 22 1.0005
57 23 1.00049
57 24 1.00049
57 25 1.00049
57 26 1.00049
57 27 1.00048
57 28 1.00048
57 29 1.00048
57 30 1.00047
57 31 1.00047
57 32 1.00047
57 33 1.00046
57 34 1.00046
57 35 1.00045
57 36 1.00045
57 37 1.00044
57 38 1.00044
57 39 1.00043
57 40 1.00042
57 41 1.00041
57 42 1.0004
57 43 1.0004
57 44 1.00038
57 45 1.00037
57 46 1.00036
57 47 1.00035
57 48 1.00033
57 49 1.00032
57 50 1.0003
57 51 1.00028
57 52 1.00026
57 53 1.00024
57 54 1.00022
57 55 1.00019
57 56 1.00017
57 57 1.00014
57 58 1.00011
57 59 1.00008
57 60 1.00005
57 61 1.00002
57 62 0.999984
57 63 0.999948
57 64 0.999912
57 65 0.999874
57 66 0.999836
57 67 0.999798
57 68 0.999759
57 69 0.99972
57 70 0.999682
57 71 0.999643
57 72 0.999606
57 73 0.999569
57 74 0.999533
57 75 0.999499
57 76 0.999466
57 77 0.999435
57 78 0.999406
57 79 0.999378
57 80 0.999353
57 81 0.99933
57 82 0.999309
57 83 0.999291
57 84 0.999275
57 85 0.999262
57 86 0.999251
57 87 0.999243
57 88 0.999237
57 89 0.999233
57 90 0.999231
57 91 0.999232
57 92 0.999234
57 93 0.999238
57 94 0.999244
57 95 0.999252
57 96 0.999261
57 97 0.999272
57 98 0.999283
57 99 0.999296
57 100 0.999309
57 101 0.999323
57 102 0.999338
57 103 0.999353
57 104 0.999369
57 105 0.999385
57 106 0.999401
57 107 0.999416
57 108 0.999432
57 109 0.999448
57 110 0.999463
57 111 0.999477
57 112 0.999492
57 113 0.999506
57 114 0.999519
57 115 0.999532
57 116 0.999544
57 117 0.999556
57 118 0.999568
57 119 0.999579
57 120 0.999591
57 121 0.999602
57 122 0.999614
57 123 0.999627
57 124 0.99964
57 125 0.999654
57 126 0.999669
57 127 0.999685

58 0 0
58 1 1.00052
58 2 1.00052
58 3 1.00052
58 4 1.00052
58 5 1.00052
58 6 1.00052
58 7 1.00052
58 8 1.00052
58 9 1.00052
58 10 1.00051
58 11 1.00051
58 12 1.00051
58 13 1.00051
58 14 1.00051
58 15 1.00051
58 16 1.00051
58 17 1.00051
58 18 1.00051
58 19 1.00051
58 20 1.0005
58 21 1.0005
58 22 1.0005
58 23 1.0005
58 24 1.0005
58 25 1.00049
58 26 1.00049
58 27 1.00049
58 28 1.00049
58 29 1.00048
58 30 1.00048
58 31 1.00048
58 32 1.00047
58 33 1.00047
58 34 1.00046
58 35 1.00046
58 36 1.00045
58 37 1.00045
58 38 1.00044
58 39 1.00043
58 40 1.00043
58 41 1.00042
58 42 1.00041
58 43 1.0004
58 44 1.00039
58 45 1.00038
58 46 1.00036
58 47 1.00035
58 48 1.00033
58 49 1.00032
58 50 1.0003
58 51 1.00028
58 52 1.00026
58 53 1.00024
58 54 1.00021
58 55 1.00019
58 56 1.00016
58 57 1.00013
58 58 1.0001
58 59 1.00007
58 60 1.00004
58 61 1
58 62 0.999965
58 63 0.999928
58 64 0.999889
58 65 0.999849
58 66 0.999809
58 67 0.999768
58 68 0.999727
58 69 0.999686
58 70 0.999645
58 71 0.999605
58 72 0.999565
58 73 0.999526
58 74 0.999488
58 75 0.999452
58 76 0.999418
58 77 0.999385
58 78 0.999354
58 79 0.999326
58 80 0.9993
58 81 0.999276
58 82 0.999255
58 83 0.999236
58 84 0.99922
58 85 0.999207
58 86 0.999196
58 87 0.999188
58 88 0.999182
58 89 0.999179
58 90 0.999178
58 91 0.999179
58 92 0.999182
58 93 0.999188
58 94 0.999195
58 95 0.999203
58 96 0.999214
58 97 0.999225
58 98 0.999238
58 99 0.999251
58 100 0.999266
58 101 0.999281
58 102 0.999297
58 103 0.999313
58 104 0.99933
58 105 0.999346
58 106 0.999363
58 107 0.99938
58 108 0.999396
58 109 0.999412
58 110 0.999428
58 111 0.999443
58 112 0.999458
58 113 0.999472
58 114 0.999486
58 115 0.999499
58 116 0.999511
58 117 0.999524
58 118 0.999535
58 119 0.999547
58 120 0.999559
58 121 0.99957
58 122 0.999582
58 123 0.999595
58 124 0.999608
58 125 0.999622
58 126 0.999637
58 127 0.999653

59 0 0
59 1 1.00052
59 2 1.00052
59 3 1.00052
59 4 1.00052
59 5 1.00052
59 6 1.00052
59 7 1.00052
59 8 1.00052
59 9 1.00052
59 10 1.00052
59 11 1.00052
59 12 1.00052
59 13 1.00052
59 14 1.00052
59 15 1.00052
59 16 1.00052
59 17 1.00052
59 18 1.00051
59 19 1.00051
59 20 1.00051
59 21 1.00051
59 22 1.00051
59 23 1.0005
59 24 1.0005
59 25 1.0005
59 26 1.0005
59 27 1.00049
59 28 1.00049
59 29 1.00049
59 30 1.00049
59 31 1.00048
59 32 1.00048
59 33 1.00047
59 34 1.00047
59 35 1.00046
59 36 1.00046
59 37 1.00045
59 38 1.00044
59 39 1.00044
59 40 1.00043
59 41 1.00042
59 42 1.00041
59 43 1.0004
59 44 1.00039
59 45 1.00038
59 46 1.00036
59 47 1.00035
59 48 1.00033
59 49 1.00032
59 50 1.0003
59 51 1.00028
59 52 1.00026
59 53 1.00023
59 54 1.00021
59 55 1.00018
59 56 1.00015
59 57 1.00012
59 58 1.00009
59 59 1.00006
59 60 1.00002
59 61 0.999985
59 62 0.999946
59 63 0.999906
59 64 0.999865
59 65 0.999823
59 66 0.99978
59 67 0.999737
59 68 0.999693
59 69 0.999649
59 70 0.999606
59 71 0.999563
59 72 0.999521
59 73 0.99948
59 74 0.999441
59 75 0.999403
59 76 0.999366
59 77 0.999332
59 78 0.9993
59 79 0.999271
59 80 0.999244
59 81 0.999219
59 82 0.999197
59 83 0.999178
59 84 0.999162
59 85 0.999149
59 86 0.999138
59 87 0.99913
59 88 0.999125
59 89 0.999122
59 90 0.999122
59 91 0.999124
59 92 0.999128
59 93 0.999134
59 94 0.999142
59 95 0.999152
59 96 0.999164
59 97 0.999176
59 98 0.99919
59 99 0.999205
59 100 0.999221
59 101 0.999237
59 102 0.999254
59 103 0.999271
59 104 0.999289
59 105 0.999306
59 106 0.999324
59 107 0.999341
59 108 0.999358
59 109 0.999375
59 110 0.999391
59 111 0.999407
59 112 0.999422
59 113 0.999437
59 114 0.999451
59 115 0.999464
59 116 0.999477
59 117 0.99949
59 118 0.999502
59 119 0.999514
59 120 0.999525
59 121 0.999537
59 122 0.999549
59 123 0.999562
59 124 0.999575
59 125 0.999588
59 126 0.999603
59 127 0.999619

60 0 0
60 1 1.00053
60 2 1.00053
60 3 1.00053
60 4 1.00053
60 5 1.00053
60 6 1.00053
60 7 1.00053
60 8 1.00053
60 9 1.00053
60 10 1.00053
60 11 1.00053
60 12 1.00053
60 13 1.00053
60 14 1.00052
60 15 1.00052
60 16 1.00052
60 17 1.00052
60 18 1.00052
60 19 1.00052
60 20 1.00052
60 21 1.00051
60 22 1.00051
60 23 1.00051
60 24 1.00051
60 25 1.00051
60 26 1.0005
60 27 1.0005
60 28 1.0005
60 29 1.00049
60 30 1.00049
60 31 1.00049
60 32 1.00048
60 33 1.00048
60 34 1.00047
60 35 1.00047
60 36 1.00046
60 37 1.00046
60 38 1.00045
60 39 1.00044
60 40 1.00043
60 41 1.00042
60 42 1.00042
60 43 1.0004
60 44 1.00039
60 45 1.00038
60 46 1.00037
60 47 1.00035
60 48 1.00034
60 49 1.00032
60 50 1.0003
60 51 1.00028
60 52 1.00026
60 53 1.00023
60 54 1.0002
60 55 1.00018
60 56 1.00015
60 57 1.00011
60 58 1.00008
60 59 1.00004
60 60 1.00001
60 61 0.999966
60 62 0.999925
60 63 0.999883
60 64 0.999839
60 65 0.999795
60 66 0.999749
60 67 0.999703
60 68 0.999657
60 69 0.999611
60 70 0.999565
60 71 0.999519
60 72 0.999475
60 73 0.999432
60 74 0.99939
60 75 0.99935
60 76 0.999312
60 77 0.999276
60 78 0.999243
60 79 0.999212
60 80 0.999184
60 81 0.999159
60 82 0.999137
60 83 0.999117
60 84 0.999101
60 85 0.999087
60 86 0.999077
60 87 0.999069
60 88 0.999065
60 89 0.999063
60 90 0.999063
60 91 0.999066
60 92 0.999071
60 93 0.999078
60 94 0.999088
60 95 0.999099
60 96 0.999111
60 97 0.999125
60 98 0.99914
60 99 0.999156
60 100 0.999173
60 101 0.999191
60 102 0.999209
60 103 0.999227
60 104 0.999245
60 105 0.999264
60 106 0.999282
60 107 0.9993
60 108 0.999318
60 109 0.999336
60 110 0.999353
60 111 0.999369
60 112 0.999385
60 113 0.9994
60 114 0.999414
60 115 0.999428
60 116 0.999442
60 117 0.999454
60 118 0.999467
60 119 0.999479
60 120 0.999491
60 121 0.999502
60 122 0.999515
60 123 0.999527
60 124 0.99954
60 125 0.999554
60 126 0.999569
60 127 0.999584

61 0 0
61 1 1.00054
61 2 1.00054
61 3 1.00054
61 4 1.00054
61 5 1.00054
61 6 1.00054
61 7 1.00054
61 8 1.00054
61 9 1.00054
61 10 1.00053
61 11 1.00053
61 12 1.00053
61 13 1.00053
61 14 1.00053
61 15 1.00053
61 16 1.00053
61 17 1.00053
61 18 1.00053
61 19 1.00052
61 20 1.00052
61 21 1.00052
61 22 1.00052
61 23 1.00052
61 24 1.00051
61 25 1.00051
61 26 1.00051
61 27 1.00051
61 28 1.0005
61 29 1.0005
61 30 1.0005
61 31 1.00049
61 32 1.00049
61 33 1.00048
61 34 1.00048
61 35 1.00047
61 36 1.00047
61 37 1.00046
61 38 1.00045
61 39 1.00045
61 40 1.00044
61 41 1.00043
61 42 1.00042
61 43 1.00041
61 44 1.0004
61 45 1.00038
61 46 1.00037
61 47 1.00035
61 48 1.00034
61 49 1.00032
61 50 1.0003
61 51 1.00028
61 52 1.00025
61 53 1.00023
61 54 1.0002
61 55 1.00017
61 56 1.00014
61 57 1.0001
61 58 1.00007
61 59 1.00003
61 60 0.999989
61 61 0.999947
61 62 0.999904
61 63 0.999859
61 64 0.999812
61 65 0.999765
61 66 0.999716
61 67 0.999668
61 68 0.999618
61 69 0.999569
61 70 0.999521
61 71 0.999473
61 72 0.999426
61 73 0.999381
61 74 0.999337
61 75 0.999295
61 76 0.999255
61 77 0.999217
61 78 0.999183
61 79 0.999151
61 80 0.999122
61 81 0.999096
61 82 0.999073
61 83 0.999053
61 84 0.999036
61 85 0.999023
61 86 0.999013
61 87 0.999006
61 88 0.999002
61 89 0.999
61 90 0.999001
61 91 0.999005
61 92 0.999012
61 93 0.99902
61 94 0.99903
61 95 0.999043
61 96 0.999056
61 97 0.999072
61 98 0.999088
61 99 0.999105
61 100 0.999123
61 101 0.999142
61 102 0.999161
61 103 0.999181
61 104 0.9992
61 105 0.99922
61 106 0.999239
61 107 0.999258
61 108 0.999277
61 109 0.999295
61 110 0.999313
61 111 0.99933
61 112 0.999346
61 113 0.999362
61 114 0.999377
61 115 0.999391
61 116 0.999404
61 117 0.999418
61 118 0.99943
61 119 0.999443
61 120 0.999455
61 121 0.999467
61 122 0.999479
61 123 0.999492
61 124 0.999505
61 125 0.999518
61 126 0.999533
61 127 0.999549

62 0 0
62 1 1.00054
62 2 1.00054
62 3 1.00054
62 4 1.00054
62 5 1.00054
62 6 1.00054
62 7 1.00054
62 8 1.00054
62 9 1.00054
62 10 1.00054
62 11 1.00054
62 12 1.00054
62 13 1.00054
62 14 1.00054
62 15 1.00054
62 16 1.00053
62 17 1.00053
62 18 1.00053
62 19 1.00053
62 20 1.00053
62 21 1.00053
62 22 1.00052
62 23 1.00052
62 24 1.00052
62 25 1.00052
62 26 1.00051
62 27 1.00051
62 28 1.00051
62 29 1.0005
62 30 1.0005
62 31 1.0005
62 32 1.00049
62 33 1.00049
62 34 1.00048
62 35 1.00048
62 36 1.00047
62 37 1.00046
62 38 1.00046
62 39 1.00045
62 40 1.00044
62 41 1.00043
62 42 1.00042
62 43 1.00041
62 44 1.0004
62 45 1.00039
62 46 1.00037
62 47 1.00036
62 48 1.00034
62 49 1.00032
62 50 1.0003
62 51 1.00027
62 52 1.00025
62 53 1.00022
62 54 1.00019
62 55 1.00016
62 56 1.00013
62 57 1.00009
62 58 1.00005
62 59 1.00001
62 60 0.999971
62 61 0.999927
62 62 0.999881
62 63 0.999833
62 64 0.999783
62 65 0.999733
62 66 0.999682
62 67 0.99963
62 68 0.999578
62 69 0.999526
62 70 0.999475
62 71 0.999424
62 72 0.999375
62 73 0.999327
62 74 0.999281
62 75 0.999237
62 76 0.999195
62 77 0.999156
62 78 0.99912
62 79 0.999086
62 80 0.999056
62 81 0.99903
62 82 0.999006
62 83 0.998986
62 84 0.998969
62 85 0.998956
62 86 0.998946
62 87 0.998939
62 88 0.998936
62 89 0.998935
62 90 0.998937
62 91 0.998942
62 92 0.99895
62 93 0.998959
62 94 0.998971
62 95 0.998984
62 96 0.999
62 97 0.999016
62 98 0.999034
62 99 0.999053
62 100 0.999072
62 101 0.999092
62 102 0.999112
62 103 0.999133
62 104 0.999154
62 105 0.999174
62 106 0.999195
62 107 0.999215
62 108 0.999234
62 109 0.999253
62 110 0.999271
62 111 0.999289
62 112 0.999306
62 113 0.999322
62 114 0.999337
62 115 0.999352
62 116 0.999366
62 117 0.99938
62 118 0.999393
62 119 0.999405
62 120 0.999418
62 121 0.99943
62 122 0.999442
62 123 0.999455
62 124 0.999468
62 125 0.999482
62 126 0.999497
62 127 0.999512

63 0 0
63 1 1.00055
63 2 1.00055
63 3 1.00055
63 4 1.00055
63 5 1.00055
63 6 1.00055
63 7 1.00055
63 8 1.00055
63 9 1.00055
63 10 1.00055
63 11 1.00055
63 12 1.00055
63 13 1.00054
63 14 1.00054
63 15 1.00054
63 16 1.00054
63 17 1.00054
63 18 1.00054
63 19 1.00054
63 20 1.00053
63 21 1.00053
63 22 1.00053
63 23 1.00053
63 24 1.00052
63 25 1.00052
63 26 1.00052
63 27 1.00052
63 28 1.00051
63 29 1.00051
63 30 1.00051
63 31 1.0005
63 32 1.0005
63 33 1.00049
63 34 1.00049
63 35 1.00048
63 36 1.00048
63 37 1.00047
63 38 1.00046
63 39 1.00045
63 40 1.00045
63 41 1.00044
63 42 1.00043
63 43 1.00041
63 44 1.0004
63 45 1.00039
63 46 1.00037
63 47 1.00036
63 48 1.00034
63 49 1.00032
63 50 1.0003
63 51 1.00027
63 52 1.00025
63 53 1.00022
63 54 1.00019
63 55 1.00015
63 56 1.00012
63 57 1.00008
63 58 1.00004
63 59 0.999997
63 60 0.999952
63 61 0.999905
63 62 0.999856
63 63 0.999806
63 64 0.999753
63 65 0.9997
63 66 0.999646
63 67 0.999591
63 68 0.999536
63 69 0.999481
63 70 0.999427
63 71 0.999373
63 72 0.999321
63 73 0.999271
63 74 0.999222
63 75 0.999176
63 76 0.999132
63 77 0.999092
63 78 0.999054
63 79 0.999019
63 80 0.998988
63 81 0.998961
63 82 0.998937
63 83 0.998917
63 84 0.9989
63 85 0.998887
63 86 0.998877
63 87 0.998871
63 88 0.998868
63 89 0.998868
63 90 0.998871
63 91 0.998877
63 92 0.998886
63 93 0.998896
63 94 0.998909
63 95 0.998924
63 96 0.998941
63 97 0.998959
63 98 0.998978
63 99 0.998998
63 100 0.999019
63 101 0.99904
63 102 0.999062
63 103 0.999084
63 104 0.999106
63 105 0.999127
63 106 0.999149
63 107 0.99917
63 108 0.99919
63 109 0.99921
63 110 0.999229
63 111 0.999247
63 112 0.999264
63 113 0.999281
63 114 0.999297
63 115 0.999312
63 116 0.999327
63 117 0.999341
63 118 0.999354
63 119 0.999367
63 120 0.99938
63 121 0.999392
63 122 0.999405
63 123 0.999418
63 124 0.999431
63 125 0.999445
63 126 0.999459
63 127 0.999474

64 0 0
64 1 1.00056
64 2 1.00056
64 3 1.00056
64 4 1.00056
64 5 1.00056
64 6 1.00056
64 7 1.00056
64 8 1.00055
64 9 1.00055
64 10 1.00055
64 11 1.00055
64 12 1.00055
64 13 1.00055
64 14 1.00055
64 15 1.00055
64 16 1.00055
64 17 1.00054
64 18 1.00054
64 19 1.00054
64 20 1.00054
64 21 1.00054
64 22 1.00053
64 23 1.00053
64 24 1.00053
64 25 1.00053
64 26 1.00052
64 27 1.00052
64 28 1.00052
64 29 1.00051
64 30 1.00051
64 31 1.00051
64 32 1.0005
64 33 1.0005
64 34 1.00049
64 35 1.00049
64 36 1.00048
64 37 1.00047
64 38 1.00047
64 39 1.00046
64 40 1.00045
64 41 1.00044
64 42 1.00043
64 43 1.00042
64 44 1.00041
64 45 1.00039
64 46 1.00038
64 47 1.00036
64 48 1.00034
64 49 1.00032
64 50 1.0003
64 51 1.00027
64 52 1.00024
64 53 1.00021
64 54 1.00018
64 55 1.00015
64 56 1.00011
64 57 1.00007
64 58 1.00003
64 59 0.99998
64 60 0.999933
64 61 0.999883
64 62 0.999831
64 63 0.999777
64 64 0.999722
64 65 0.999665
64 66 0.999608
64 67 0.99955
64 68 0.999491
64 69 0.999434
64 70 0.999376
64 71 0.99932
64 72 0.999265
64 73 0.999212
64 74 0.999161
64 75 0.999113
64 76 0.999067
64 77 0.999025
64 78 0.998986
64 79 0.99895
64 80 0.998918
64 81 0.99889
64 82 0.998865
64 83 0.998845
64 84 0.998828
64 85 0.998815
64 86 0.998806
64 87 0.9988
64 88 0.998798
64 89 0.998799
64 90 0.998803
64 91 0.99881
64 92 0.99882
64 93 0.998832
64 94 0.998846
64 95 0.998862
64 96 0.99888
64 97 0.9989
64 98 0.99892
64 99 0.998942
64 100 0.998964
64 101 0.998987
64 102 0.99901
64 103 0.999033
64 104 0.999056
64 105 0.999079
64 106 0.999101
64 107 0.999123
64 108 0.999144
64 109 0.999165
64 110 0.999185
64 111 0.999204
64 112 0.999222
64 113 0.999239
64 114 0.999256
64 115 0.999271
64 116 0.999286
64 117 0.999301
64 118 0.999314
64 119 0.999328
64 120 0.999341
64 121 0.999354
64 122 0.999367
64 123 0.99938
64 124 0.999393
64 125 0.999407
64 126 0.999421
64 127 0.999435

65 0 0
65 1 1.00057
65 2 1.00057
65 3 1.00056
65 4 1.00056
65 5 1.00056
65 6 1.00056
65 7 1.00056
65 8 1.00056
65 9 1.00056
65 10 1.00056
65 11 1.00056
65 12 1.00056
65 13 1.00056
65 14 1.00055
65 15 1.00055
65 16 1.00055
65 17 1.00055
65 18 1.00055
65 19 1.00055
65 20 1.00054
65 21 1.00054
65 22 1.00054
65 23 1.00054
65 24 1.00053
65 25 1.00053
65 26 1.00053
65 27 1.00053
65 28 1.00052
65 29 1.00052
65 30 1.00052
65 31 1.00051
65 32 1.00051
65 33 1.0005
65 34 1.0005
65 35 1.00049
65 36 1.00049
65 37 1.00048
65 38 1.00047
65 39 1.00046
65 40 1.00045
65 41 1.00044
65 42 1.00043
65 43 1.00042
65 44 1.00041
65 45 1.00039
65 46 1.00038
65 47 1.00036
65 48 1.00034
65 49 1.00032
65 50 1.00029
65 51 1.00027
65 52 1.00024
65 53 1.00021
65 54 1.00017
65 55 1.00014
65 56 1.0001
65 57 1.00006
65 58 1.00001
65 59 0.999963
65 60 0.999912
65 61 0.99986
65 62 0.999805
65 63 0.999748
65 64 0.999689
65 65 0.999629
65 66 0.999568
65 67 0.999507
65 68 0.999446
65 69 0.999385
65 70 0.999324
65 71 0.999265
65 72 0.999207
65 73 0.999152
65 74 0.999099
65 75 0.999048
65 76 0.999001
65 77 0.998956
65 78 0.998916
65 79 0.998879
65 80 0.998846
65 81 0.998817
65 82 0.998792
65 83 0.998771
65 84 0.998754
65 85 0.998741
65 86 0.998732
65 87 0.998727
65 88 0.998726
65 89 0.998728
65 90 0.998733
65 91 0.998741
65 92 0.998752
65 93 0.998765
65 94 0.998781
65 95 0.998799
65 96 0.998818
65 97 0.998839
65 98 0.998861
65 99 0.998884
65 100 0.998908
65 101 0.998932
65 102 0.998957
65 103 0.998981
65 104 0.999005
65 105 0.999029
65 106 0.999053
65 107 0.999076
65 108 0.999098
65 109 0.999119
65 110 0.99914
65 111 0.99916
65 112 0.999179
65 113 0.999196
65 114 0.999213
65 115 0.99923
65 116 0.999245
65 117 0.99926
65 118 0.999274
65 119 0.999288
65 120 0.999301
65 121 0.999314
65 122 0.999328
65 123 0.999341
65 124 0.999354
65 125 0.999368
65 126 0.999382
65 127 0.999396

66 0 0
66 1 1.00057
66 2 1.00057
66 3 1.00057
66 4 1.00057
66 5 1.00057
66 6 1.00057
66 7 1.00057
66 8 1.00057
66 9 1.00057
66 10 1.00057
66 11 1.00056
66 12 1.00056
66 13 1.00056
66 14 1.00056
66 15 1.00056
66 16 1.00056
66 17 1.00056
66 18 1.00055
66 19 1.00055
66 20 1.00055
66 21 1.00055
66 22 1.00054
66 23 1.00054
66 24 1.00054
66 25 1.00054
66 26 1.00053
66 27 1.00053
66 28 1.00053
66 29 1.00052
66 30 1.00052
66 31 1.00052
66 32 1.00051
66 33 1.00051
66 34 1.0005
66 35 1.0005
66 36 1.00049
66 37 1.00048
66 38 1.00048
66 39 1.00047
66 40 1.00046
66 41 1.00045
66 42 1.00044
66 43 1.00043
66 44 1.00041
66 45 1.0004
66 46 1.00038
66 47 1.00036
66 48 1.00034
66 49 1.00032
66 50 1.00029
66 51 1.00027
66 52 1.00024
66 53 1.0002
66 54 1.00017
66 55 1.00013
66 56 1.00009
66 57 1.00004
66 58 0.999995
66 59 0.999945
66 60 0.999891
66 61 0.999835
66 62 0.999777
66 63 0.999717
66 64 0.999655
66 65 0.999592
66 66 0.999528
66 67 0.999463
66 68 0.999398
66 69 0.999334
66 70 0.999271
66 71 0.999208
66 72 0.999148
66 73 0.99909
66 74 0.999034
66 75 0.998981
66 76 0.998932
66 77 0.998886
66 78 0.998844
66 79 0.998806
66 80 0.998772
66 81 0.998742
66 82 0.998717
66 83 0.998696
66 84 0.998679
66 85 0.998666
66 86 0.998658
66 87 0.998653
66 88 0.998653
66 89 0.998655
66 90 0.998662
66 91 0.998671
66 92 0.998683
66 93 0.998698
66 94 0.998715
66 95 0.998734
66 96 0.998755
66 97 0.998778
66 98 0.998801
66 99 0.998826
66 100 0.998851
66 101 0.998877
66 102 0.998902
66 103 0.998928
66 104 0.998954
66 105 0.998979
66 106 0.999003
66 107 0.999027
66 108 0.999051
66 109 0.999073
66 110 0.999094
66 111 0.999115
66 112 0.999134
66 113 0.999153
66 114 0.99917
66 115 0.999187
66 116 0.999203
66 117 0.999218
66 118 0.999233
66 119 0.999247
66 120 0.999261
66 121 0.999275
66 122 0.999288
66 123 0.999302
66 124 0.999315
66 125 0.999329
66 126 0.999343
66 127 0.999357

67 0 0
67 1 1.00058
67 2 1.00058
67 3 1.00058
67 4 1.00058
67 5 1.00058
67 6 1.00057
67 7 1.00057
67 8 1.00057
67 9 1.00057
67 10 1.00057
67 11 1.00057
67 12 1.00057
67 13 1.00057
67 14 1.00057
67 15 1.00056
67 16 1.00056
67 17 1.00056
67 18 1.00056
67 19 1.00056
67 20 1.00055
67 21 1.00055
67 22 1.00055
67 23 1.00055
67 24 1.00054
67 25 1.00054
67 26 1.00054
67 27 1.00054
67 28 1.00053
67 29 1.00053
67 30 1.00053
67 31 1.00052
67 32 1.00052
67 33 1.00051
67 34 1.00051
67 35 1.0005
67 36 1.00049
67 37 1.00049
67 38 1.00048
67 39 1.00047
67 40 1.00046
67 41 1.00045
67 42 1.00044
67 43 1.00043
67 44 1.00042
67 45 1.0004
67 46 1.00038
67 47 1.00036
67 48 1.00034
67 49 1.00032
67 50 1.00029
67 51 1.00026
67 52 1.00023
67 53 1.0002
67 54 1.00016
67 55 1.00012
67 56 1.00008
67 57 1.00003
67 58 0.999979
67 59 0.999926
67 60 0.99987
67 61 0.999811
67 62 0.999749
67 63 0.999686
67 64 0.999621
67 65 0.999554
67 66 0.999486
67 67 0.999418
67 68 0.99935
67 69 0.999282
67 70 0.999216
67 71 0.99915
67 72 0.999087
67 73 0.999026
67 74 0.998968
67 75 0.998914
67 76 0.998862
67 77 0.998815
67 78 0.998771
67 79 0.998732
67 80 0.998697
67 81 0.998667
67 82 0.998641
67 83 0.99862
67 84 0.998603
67 85 0.99859
67 86 0.998582
67 87 0.998578
67 88 0.998578
67 89 0.998582
67 90 0.998589
67 91 0.9986
67 92 0.998614
67 93 0.99863
67 94 0.998648
67 95 0.998669
67 96 0.998691
67 97 0.998715
67 98 0.998741
67 99 0.998767
67 100 0.998793
67 101 0.99882
67 102 0.998847
67 103 0.998875
67 104 0.998901
67 105 0.998928
67 106 0.998954
67 107 0.998979
67 108 0.999003
67 109 0.999026
67 110 0.999048
67 111 0.999069
67 112 0.99909
67 113 0.999109
67 114 0.999127
67 115 0.999144
67 116 0.999161
67 117 0.999177
67 118 0.999192
67 119 0.999206
67 120 0.999221
67 121 0.999235
67 122 0.999248
67 123 0.999262
67 124 0.999276
67 125 0.99929
67 126 0.999303
67 127 0.999317

68 0 0
68 1 1.00059
68 2 1.00058
68 3 1.00058
68 4 1.00058
68 5 1.00058
68 6 1.00058
68 7 1.00058
68 8 1.00058
68 9 1.00058
68 10 1.00058
68 11 1.00058
68 12 1.00057
68 13 1.00057
68 14 1.00057
68 15 1.00057
68 16 1.00057
68 17 1.00057
68 18 1.00056
68 19 1.00056
68 20 1.00056
68 21 1.00056
68 22 1.00056
68 23 1.00055
68 24 1.00055
68 25 1.00055
68 26 1.00054
68 27 1.00054
68 28 1.00054
68 29 1.00053
68 30 1.00053
68 31 1.00053
68 32 1.00052
68 33 1.00052
68 34 1.00051
68 35 1.00051
68 36 1.0005
68 37 1.00049
68 38 1.00048
68 39 1.00048
68 40 1.00047
68 41 1.00046
68 42 1.00045
68 43 1.00043
68 44 1.00042
68 45 1.0004
68 46 1.00038
68 47 1.00037
68 48 1.00034
68 49 1.00032
68 50 1.00029
68 51 1.00026
68 52 1.00023
68 53 1.00019
68 54 1.00015
68 55 1.00011
68 56 1.00007
68 57 1.00002
68 58 0.999963
68 59 0.999907
68 60 0.999848
68 61 0.999786
68 62 0.999721
68 63 0.999654
68 64 0.999585
68 65 0.999515
68 66 0.999444
68 67 0.999372
68 68 0.999301
68 69 0.99923
68 70 0.99916
68 71 0.999092
68 72 0.999026
68 73 0.998962
68 74 0.998902
68 75 0.998845
68 76 0.998792
68 77 0.998742
68 78 0.998698
68 79 0.998657
68 80 0.998621
68 81 0.99859
68 82 0.998564
68 83 0.998543
68 84 0.998526
68 85 0.998514
68 86 0.998506
68 87 0.998503
68 88 0.998504
68 89 0.998509
68 90 0.998517
68 91 0.998529
68 92 0.998544
68 93 0.998561
68 94 0.998581
68 95 0.998603
68 96 0.998627
68 97 0.998653
68 98 0.998679
68 99 0.998707
68 100 0.998735
68 101 0.998764
68 102 0.998792
68 103 0.998821
68 104 0.998849
68 105 0.998876
68 106 0.998903
68 107 0.998929
68 108 0.998954
68 109 0.998978
68 110 0.999002
68 111 0.999024
68 112 0.999045
68 113 0.999064
68 114 0.999083
68 115 0.999101
68 116 0.999118
68 117 0.999135
68 118 0.99915
68 119 0.999165
68 120 0.99918
68 121 0.999195
68 122 0.999209
68 123 0.999223
68 124 0.999237
68 125 0.99925
68 126 0.999264
68 127 0.999277

69 0 0
69 1 1.00059
69 2 1.00059
69 3 1.00059
69 4 1.00059
69 5 1.00059
69 6 1.00059
69 7 1.00059
69 8 1.00058
69 9 1.00058
69 10 1.00058
69 11 1.00058
69 12 1.00058
69 13 1.00058
69 14 1.00058
69 15 1.00057
69 16 1.00057
69 17 1.00057
69 18 1.00057
69 19 1.00057
69 20 1.00056
69 21 1.00056
69 22 1.00056
69 23 1.00056
69 24 1.00055
69 25 1.00055
69 26 1.00055
69 27 1.00055
69 28 1.00054
69 29 1.00054
69 30 1.00053
69 31 1.00053
69 32 1.00053
69 33 1.00052
69 34 1.00052
69 35 1.00051
69 36 1.0005
69 37 1.0005
69 38 1.00049
69 39 1.00048
69 40 1.00047
69 41 1.00046
69 42 1.00045
69 43 1.00044
69 44 1.00042
69 45 1.00041
69 46 1.00039
69 47 1.00037
69 48 1.00034
69 49 1.00032
69 50 1.00029
69 51 1.00026
69 52 1.00023
69 53 1.00019
69 54 1.00015
69 55 1.0001
69 56 1.00005
69 57 1
69 58 0.999947
69 59 0.999888
69 60 0.999825
69 61 0.99976
69 62 0.999692
69 63 0.999622
69 64 0.999549
69 65 0.999476
69 66 0.999401
69 67 0.999326
69 68 0.999251
69 69 0.999177
69 70 0.999104
69 71 0.999033
69 72 0.998964
69 73 0.998898
69 74 0.998835
69 75 0.998776
69 76 0.998721
69 77 0.99867
69 78 0.998624
69 79 0.998582
69 80 0.998546
69 81 0.998514
69 82 0.998488
69 83 0.998466
69 84 0.998449
69 85 0.998438
69 86 0.99843
69 87 0.998428
69 88 0.998429
69 89 0.998435
69 90 0.998445
69 91 0.998457
69 92 0.998474
69 93 0.998493
69 94 0.998514
69 95 0.998538
69 96 0.998563
69 97 0.99859
69 98 0.998618
69 99 0.998647
69 100 0.998677
69 101 0.998707
69 102 0.998737
69 103 0.998767
69 104 0.998796
69 105 0.998825
69 106 0.998853
69 107 0.99888
69 108 0.998906
69 109 0.998931
69 110 0.998955
69 111 0.998978
69 112 0.998999
69 113 0.99902
69 114 0.99904
69 115 0.999058
69 116 0.999076
69 117 0.999093
69 118 0.999109
69 119 0.999125
69 120 0.99914
69 121 0.999155
69 122 0.999169
69 123 0.999183
69 124 0.999197
69 125 0.999211
69 126 0.999225
69 127 0.999237

70 0 0
70 1 1.0006
70 2 1.0006
70 3 1.0006
70 4 1.00059
70 5 1.00059
70 6 1.00059
70 7 1.00059
70 8 1.00059
70 9 1.00059
70 10 1.00059
70 11 1.00059
70 12 1.00058
70 13 1.00058
70 14 1.00058
70 15 1.00058
70 16 1.00058
70 17 1.00058
70 18 1.00057
70 19 1.00057
70 20 1.00057
70 21 1.00057
70 22 1.00056
70 23 1.00056
70 24 1.00056
70 25 1.00056
70 26 1.00055
70 27 1.00055
70 28 1.00055
70 29 1.00054
70 30 1.00054
70 31 1.00054
70 32 1.00053
70 33 1.00053
70 34 1.00052
70 35 1.00051
70 36 1.00051
70 37 1.0005
70 38 1.00049
70 39 1.00049
70 40 1.00048
70 41 1.00047
70 42 1.00045
70 43 1.00044
70 44 1.00043
70 45 1.00041
70 46 1.00039
70 47 1.00037
70 48 1.00035
70 49 1.00032
70 50 1.00029
70 51 1.00026
70 52 1.00022
70 53 1.00018
70 54 1.00014
70 55 1.00009
70 56 1.00004
70 57 0.999989
70 58 0.99993
70 59 0.999869
70 60 0.999803
70 61 0.999735
70 62 0.999663
70 63 0.999589
70 64 0.999514
70 65 0.999436
70 66 0.999358
70 67 0.999279
70 68 0.999201
70 69 0.999124
70 70 0.999047
70 71 0.998973
70 72 0.998902
70 73 0.998833
70 74 0.998768
70 75 0.998707
70 76 0.99865
70 77 0.998598
70 78 0.998551
70 79 0.998508
70 80 0.998471
70 81 0.998439
70 82 0.998412
70 83 0.99839
70 84 0.998373
70 85 0.998362
70 86 0.998355
70 87 0.998353
70 88 0.998356
70 89 0.998362
70 90 0.998373
70 91 0.998387
70 92 0.998404
70 93 0.998424
70 94 0.998447
70 95 0.998472
70 96 0.998499
70 97 0.998528
70 98 0.998558
70 99 0.998588
70 100 0.998619
70 101 0.998651
70 102 0.998682
70 103 0.998713
70 104 0.998744
70 105 0.998774
70 106 0.998803
70 107 0.998831
70 108 0.998858
70 109 0.998884
70 110 0.998909
70 111 0.998932
70 112 0.998955
70 113 0.998976
70 114 0.998996
70 115 0.999015
70 116 0.999033
70 117 0.999051
70 118 0.999068
70 119 0.999084
70 120 0.9991
70 121 0.999115
70 122 0.99913
70 123 0.999144
70 124 0.999159
70 125 0.999172
70 126 0.999186
70 127 0.999198

71 0 0
71 1 1.0006
71 2 1.0006
71 3 1.0006
71 4 1.0006
71 5 1.0006
71 6 1.0006
71 7 1.0006
71 8 1.00059
71 9 1.00059
71 10 1.00059
71 11 1.00059
71 12 1.00059
71 13 1.00059
71 14 1.00059
71 15 1.00058
71 16 1.00058
71 17 1.00058
71 18 1.00058
71 19 1.00058
71 20 1.00057
71 21 1.00057
71 22 1.00057
71 23 1.00057
71 24 1.00056
71 25 1.00056
71 26 1.00056
71 27 1.00055
71 28 1.00055
71 29 1.00055
71 30 1.00054
71 31 1.00054
71 32 1.00054
71 33 1.00053
71 34 1.00052
71 35 1.00052
71 36 1.00051
71 37 1.00051
71 38 1.0005
71 39 1.00049
71 40 1.00048
71 41 1.00047
71 42 1.00046
71 43 1.00044
71 44 1.00043
71 45 1.00041
71 46 1.00039
71 47 1.00037
71 48 1.00035
71 49 1.00032
71 50 1.00029
71 51 1.00026
71 52 1.00022
71 53 1.00018
71 54 1.00013
71 55 1.00009
71 56 1.00003
71 57 0.999975
71 58 0.999914
71 59 0.99985
71 60 0.999781
71 61 0.999709
71 62 0.999635
71 63 0.999557
71 64 0.999478
71 65 0.999397
71 66 0.999315
71 67 0.999233
71 68 0.999152
71 69 0.999071
71 70 0.998992
71 71 0.998915
71 72 0.99884
71 73 0.998769
71 74 0.998702
71 75 0.998639
71 76 0.998581
71 77 0.998527
71 78 0.998478
71 79 0.998435
71 80 0.998397
71 81 0.998364
71 82 0.998337
71 83 0.998315
71 84 0.998299
71 85 0.998287
71 86 0.998281
71 87 0.99828
71 88 0.998283
71 89 0.998291
71 90 0.998302
71 91 0.998317
71 92 0.998336
71 93 0.998358
71 94 0.998382
71 95 0.998408
71 96 0.998437
71 97 0.998467
71 98 0.998498
71 99 0.99853
71 100 0.998562
71 101 0.998595
71 102 0.998628
71 103 0.99866
71 104 0.998692
71 105 0.998723
71 106 0.998753
71 107 0.998782
71 108 0.99881
71 109 0.998837
71 110 0.998863
71 111 0.998887
71 112 0.99891
71 113 0.998932
71 114 0.998953
71 115 0.998973
71 116 0.998992
71 117 0.99901
71 118 0.999027
71 119 0.999044
71 120 0.99906
71 121 0.999076
71 122 0.999091
71 123 0.999106
71 124 0.99912
71 125 0.999134
71 126 0.999147
71 127 0.999159

72 0 0
72 1 1.00061
72 2 1.00061
72 3 1.00061
72 4 1.0006
72 5 1.0006
72 6 1.0006
72 7 1.0006
72 8 1.0006
72 9 1.0006
72 10 1.0006
72 11 1.0006
72 12 1.00059
72 13 1.00059
72 14 1.00059
72 15 1.00059
72 16 1.00059
72 17 1.00058
72 18 1.00058
72 19 1.00058
72 20 1.00058
72 21 1.00058
72 22 1.00057
72 23 1.00057
72 24 1.00057
72 25 1.00057
72 26 1.00056
72 27 1.00056
72 28 1.00056
72 29 1.00055
72 30 1.00055
72 31 1.00054
72 32 1.00054
72 33 1.00053
72 34 1.00053
72 35 1.00052
72 36 1.00052
72 37 1.00051
72 38 1.0005
72 39 1.00049
72 40 1.00048
72 41 1.00047
72 42 1.00046
72 43 1.00045
72 44 1.00043
72 45 1.00041
72 46 1.0004
72 47 1.00037
72 48 1.00035
72 49 1.00032
72 50 1.00029
72 51 1.00025
72 52 1.00022
72 53 1.00017
72 54 1.00013
72 55 1.00008
72 56 1.00002
72 57 0.999962
72 58 0.999899
72 59 0.999831
72 60 0.99976
72 61 0.999684
72 62 0.999606
72 63 0.999526
72 64 0.999443
72 65 0.999358
72 66 0.999273
72 67 0.999188
72 68 0.999103
72 69 0.999019
72 70 0.998937
72 71 0.998857
72 72 0.99878
72 73 0.998707
72 74 0.998637
72 75 0.998573
72 76 0.998512
72 77 0.998457
72 78 0.998407
72 79 0.998363
72 80 0.998324
72 81 0.998291
72 82 0.998264
72 83 0.998242
72 84 0.998226
72 85 0.998215
72 86 0.998209
72 87 0.998208
72 88 0.998212
72 89 0.998221
72 90 0.998233
72 91 0.99825
72 92 0.998269
72 93 0.998292
72 94 0.998318
72 95 0.998345
72 96 0.998375
72 97 0.998407
72 98 0.998439
72 99 0.998472
72 100 0.998506
72 101 0.99854
72 102 0.998574
72 103 0.998608
72 104 0.998641
72 105 0.998673
72 106 0.998704
72 107 0.998735
72 108 0.998763
72 109 0.998791
72 110 0.998818
72 111 0.998843
72 112 0.998867
72 113 0.998889
72 114 0.998911
72 115 0.998931
72 116 0.998951
72 117 0.998969
72 118 0.998987
72 119 0.999005
72 120 0.999021
72 121 0.999038
72 122 0.999053
72 123 0.999069
72 124 0.999083
72 125 0.999097
72 126 0.99911
72 127 0.999121

73 0 0
73 1 1.00061
73 2 1.00061
73 3 1.00061
73 4 1.00061
73 5 1.00061
73 6 1.00061
73 7 1.00061
73 8 1.0006
73 9 1.0006
73 10 1.0006
73 11 1.0006
73 12 1.0006
73 13 1.0006
73 14 1.00059
73 15 1.00059
73 16 1.00059
73 17 1.00059
73 18 1.00059
73 19 1.00058
73 20 1.00058
73 21 1.00058
73 22 1.00058
73 23 1.00057
73 24 1.00057
73 25 1.00057
73 26 1.00057
73 27 1.00056
73 28 1.00056
73 29 1.00056
73 30 1.00055
73 31 1.00055
73 32 1.00054
73 33 1.00054
73 34 1.00053
73 35 1.00053
73 36 1.00052
73 37 1.00051
73 38 1.00051
73 39 1.0005
73 40 1.00049
73 41 1.00048
73 42 1.00047
73 43 1.00045
73 44 1.00044
73 45 1.00042
73 46 1.0004
73 47 1.00038
73 48 1.00035
73 49 1.00032
73 50 1.00029
73 51 1.00025
73 52 1.00021
73 53 1.00017
73 54 1.00012
73 55 1.00007
73 56 1.00001
73 57 0.99995
73 58 0.999884
73 59 0.999813
73 60 0.999739
73 61 0.99966
73 62 0.999579
73 63 0.999495
73 64 0.999409
73 65 0.999321
73 66 0.999232
73 67 0.999143
73 68 0.999055
73 69 0.998968
73 70 0.998883
73 71 0.998801
73 72 0.998721
73 73 0.998646
73 74 0.998574
73 75 0.998508
73 76 0.998446
73 77 0.99839
73 78 0.998339
73 79 0.998293
73 80 0.998254
73 81 0.998221
73 82 0.998193
73 83 0.998171
73 84 0.998155
73 85 0.998144
73 86 0.998139
73 87 0.998139
73 88 0.998144
73 89 0.998153
73 90 0.998166
73 91 0.998184
73 92 0.998205
73 93 0.998229
73 94 0.998256
73 95 0.998285
73 96 0.998316
73 97 0.998348
73 98 0.998382
73 99 0.998417
73 100 0.998452
73 101 0.998487
73 102 0.998523
73 103 0.998557
73 104 0.998591
73 105 0.998625
73 106 0.998657
73 107 0.998688
73 108 0.998718
73 109 0.998746
73 110 0.998774
73 111 0.998799
73 112 0.998824
73 113 0.998847
73 114 0.998869
73 115 0.998891
73 116 0.998911
73 117 0.99893
73 118 0.998949
73 119 0.998967
73 120 0.998984
73 121 0.999001
73 122 0.999017
73 123 0.999032
73 124 0.999047
73 125 0.999061
73 126 0.999073
73 127 0.999084

74 0 0
74 1 1.00062
74 2 1.00062
74 3 1.00062
74 4 1.00061
74 5 1.00061
74 6 1.00061
74 7 1.00061
74 8 1.00061
74 9 1.00061
74 10 1.00061
74 11 1.0006
74 12 1.0006
74 13 1.0006
74 14 1.0006
74 15 1.0006
74 16 1.00059
74 17 1.00059
74 18 1.00059
74 19 1.00059
74 20 1.00059
74 21 1.00058
74 22 1.00058
74 23 1.00058
74 24 1.00058
74 25 1.00057
74 26 1.00057
74 27 1.00057
74 28 1.00056
74 29 1.00056
74 30 1.00056
74 31 1.00055
74 32 1.00055
74 33 1.00054
74 34 1.00054
74 35 1.00053
74 36 1.00053
74 37 1.00052
74 38 1.00051
74 39 1.0005
74 40 1.00049
74 41 1.00048
74 42 1.00047
74 43 1.00046
74 44 1.00044
74 45 1.00042
74 46 1.0004
74 47 1.00038
74 48 1.00035
74 49 1.00032
74 50 1.00029
74 51 1.00025
74 52 1.00021
74 53 1.00017
74 54 1.00012
74 55 1.00006
74 56 1
74 57 0.999938
74 58 0.999869
74 59 0.999796
74 60 0.999719
74 61 0.999637
74 62 0.999553
74 63 0.999465
74 64 0.999376
74 65 0.999284
74 66 0.999193
74 67 0.999101
74 68 0.999009
74 69 0.998919
74 70 0.998832
74 71 0.998747
74 72 0.998665
74 73 0.998587
74 74 0.998514
74 75 0.998445
74 76 0.998382
74 77 0.998325
74 78 0.998273
74 79 0.998227
74 80 0.998187
74 81 0.998153
74 82 0.998125
74 83 0.998103
74 84 0.998087
74 85 0.998077
74 86 0.998072
74 87 0.998073
74 88 0.998078
74 89 0.998088
74 90 0.998103
74 91 0.998121
74 92 0.998143
74 93 0.998168
74 94 0.998196
74 95 0.998226
74 96 0.998259
74 97 0.998292
74 98 0.998328
74 99 0.998363
74 100 0.9984
74 101 0.998436
74 102 0.998473
74 103 0.998509
74 104 0.998544
74 105 0.998578
74 106 0.998611
74 107 0.998643
74 108 0.998674
74 109 0.998703
74 110 0.998731
74 111 0.998758
74 112 0.998783
74 113 0.998807
74 114 0.99883
74 115 0.998851
74 116 0.998872
74 117 0.998892
74 118 0.998911
74 119 0.99893
74 120 0.998948
74 121 0.998965
74 122 0.998981
74 123 0.998997
74 124 0.999012
74 125 0.999026
74 126 0.999038
74 127 0.999048

75 0 0
75 1 1.00062
75 2 1.00062
75 3 1.00062
75 4 1.00062
75 5 1.00062
75 6 1.00062
75 7 1.00061
75 8 1.00061
75 9 1.00061
75 10 1.00061
75 11 1.00061
75 12 1.00061
75 13 1.0006
75 14 1.0006
75 15 1.0006
75 16 1.0006
75 17 1.0006
75 18 1.00059
75 19 1.00059
75 20 1.00059
75 21 1.00059
75 22 1.00059
75 23 1.00058
75 24 1.00058
75 25 1.00058
75 26 1.00057
75 27 1.00057
75 28 1.00057
75 29 1.00056
75 30 1.00056
75 31 1.00056
75 32 1.00055
75 33 1.00055
75 34 1.00054
75 35 1.00054
75 36 1.00053
75 37 1.00052
75 38 1.00051
75 39 1.00051
75 40 1.0005
75 41 1.00049
75 42 1.00047
75 43 1.00046
75 44 1.00044
75 45 1.00042
75 46 1.0004
75 47 1.00038
75 48 1.00035
75 49 1.00032
75 50 1.00029
75 51 1.00025
75 52 1.00021
75 53 1.00016
75 54 1.00011
75 55 1.00006
75 56 0.999994
75 57 0.999928
75 58 0.999856
75 59 0.99978
75 60 0.9997
75 61 0.999615
75 62 0.999528
75 63 0.999437
75 64 0.999344
75 65 0.99925
75 66 0.999155
75 67 0.99906
75 68 0.998965
75 69 0.998873
75 70 0.998782
75 71 0.998695
75 72 0.998611
75 73 0.998531
75 74 0.998456
75 75 0.998386
75 76 0.998322
75 77 0.998263
75 78 0.99821
75 79 0.998163
75 80 0.998123
75 81 0.998089
75 82 0.998061
75 83 0.998039
75 84 0.998023
75 85 0.998013
75 86 0.998009
75 87 0.99801
75 88 0.998016
75 89 0.998027
75 90 0.998042
75 91 0.998061
75 92 0.998084
75 93 0.99811
75 94 0.998139
75 95 0.998171
75 96 0.998204
75 97 0.998239
75 98 0.998275
75 99 0.998312
75 100 0.99835
75 101 0.998388
75 102 0.998425
75 103 0.998462
75 104 0.998498
75 105 0.998533
75 106 0.998567
75 107 0.9986
75 108 0.998632
75 109 0.998662
75 110 0.99869
75 111 0.998718
75 112 0.998743
75 113 0.998768
75 114 0.998791
75 115 0.998814
75 116 0.998835
75 117 0.998856
75 118 0.998876
75 119 0.998895
75 120 0.998913
75 121 0.998931
75 122 0.998948
75 123 0.998964
75 124 0.998979
75 125 0.998992
75 126 0.999004
75 127 0.999014

76 0 0
76 1 1.00063
76 2 1.00063
76 3 1.00062
76 4 1.00062
76 5 1.00062
76 6 1.00062
76 7 1.00062
76 8 1.00062
76 9 1.00062
76 10 1.00061
76 11 1.00061
76 12 1.00061
76 13 1.00061
76 14 1.00061
76 15 1.0006
76 16 1.0006
76 17 1.0006
76 18 1.0006
76 19 1.0006
76 20 1.00059
76 21 1.00059
76 22 1.00059
76 23 1.00059
76 24 1.00058
76 25 1.00058
76 26 1.00058
76 27 1.00057
76 28 1.00057
76 29 1.00057
76 30 1.00056
76 31 1.00056
76 32 1.00055
76 33 1.00055
76 34 1.00054
76 35 1.00054
76 36 1.00053
76 37 1.00053
76 38 1.00052
76 39 1.00051
76 40 1.0005
76 41 1.00049
76 42 1.00048
76 43 1.00046
76 44 1.00045
76 45 1.00043
76 46 1.00041
76 47 1.00038
76 48 1.00036
76 49 1.00033
76 50 1.00029
76 51 1.00025
76 52 1.00021
76 53 1.00016
76 54 1.00011
76 55 1.00005
76 56 0.999987
76 57 0.999918
76 58 0.999844
76 59 0.999766
76 60 0.999682
76 61 0.999595
76 62 0.999504
76 63 0.999411
76 64 0.999315
76 65 0.999217
76 66 0.999119
76 67 0.999021
76 68 0.998924
76 69 0.998829
76 70 0.998736
76 71 0.998646
76 72 0.99856
76 73 0.998478
76 74 0.998402
76 75 0.99833
76 76 0.998264
76 77 0.998205
76 78 0.998151
76 79 0.998104
76 80 0.998063
76 81 0.998028
76 82 0.998
76 83 0.997979
76 84 0.997963
76 85 0.997953
76 86 0.997949
76 87 0.997951
76 88 0.997957
76 89 0.997969
76 90 0.997985
76 91 0.998005
76 92 0.998029
76 93 0.998056
76 94 0.998086
76 95 0.998118
76 96 0.998153
76 97 0.998189
76 98 0.998226
76 99 0.998264
76 100 0.998303
76 101 0.998341
76 102 0.99838
76 103 0.998418
76 104 0.998455
76 105 0.998491
76 106 0.998526
76 107 0.998559
76 108 0.998592
76 109 0.998622
76 110 0.998652
76 111 0.99868
76 112 0.998706
76 113 0.998731
76 114 0.998755
76 115 0.998778
76 116 0.9988
76 117 0.998821
76 118 0.998842
76 119 0.998861
76 120 0.99888
76 121 0.998899
76 122 0.998916
76 123 0.998933
76 124 0.998948
76 125 0.998961
76 126 0.998973
76 127 0.998982

77 0 0
77 1 1.00063
77 2 1.00063
77 3 1.00063
77 4 1.00063
77 5 1.00063
77 6 1.00062
77 7 1.00062
77 8 1.00062
77 9 1.00062
77 10 1.00062
77 11 1.00062
77 12 1.00061
77 13 1.00061
77 14 1.00061
77 15 1.00061
77 16 1.00061
77 17 1.0006
77 18 1.0006
77 19 1.0006
77 20 1.0006
77 21 1.00059
77 22 1.00059
77 23 1.00059
77 24 1.00059
77 25 1.00058
77 26 1.00058
77 27 1.00058
77 28 1.00057
77 29 1.00057
77 30 1.00057
77 31 1.00056
77 32 1.00056
77 33 1.00055
77 34 1.00055
77 35 1.00054
77 36 1.00054
77 37 1.00053
77 38 1.00052
77 39 1.00051
77 40 1.0005
77 41 1.00049
77 42 1.00048
77 43 1.00047
77 44 1.00045
77 45 1.00043
77 46 1.00041
77 47 1.00039
77 48 1.00036
77 49 1.00033
77 50 1.00029
77 51 1.00025
77 52 1.00021
77 53 1.00016
77 54 1.00011
77 55 1.00005
77 56 0.99998
77 57 0.99991
77 58 0.999834
77 59 0.999753
77 60 0.999667
77 61 0.999577
77 62 0.999483
77 63 0.999387
77 64 0.999288
77 65 0.999188
77 66 0.999087
77 67 0.998986
77 68 0.998886
77 69 0.998788
77 70 0.998693
77 71 0.998601
77 72 0.998513
77 73 0.998429
77 74 0.998351
77 75 0.998278
77 76 0.998211
77 77 0.998151
77 78 0.998096
77 79 0.998049
77 80 0.998007
77 81 0.997973
77 82 0.997944
77 83 0.997923
77 84 0.997907
77 85 0.997898
77 86 0.997894
77 87 0.997896
77 88 0.997903
77 89 0.997915
77 90 0.997932
77 91 0.997953
77 92 0.997978
77 93 0.998006
77 94 0.998036
77 95 0.99807
77 96 0.998105
77 97 0.998142
77 98 0.99818
77 99 0.99822
77 100 0.998259
77 101 0.998299
77 102 0.998338
77 103 0.998376
77 104 0.998414
77 105 0.998451
77 106 0.998487
77 107 0.998521
77 108 0.998554
77 109 0.998585
77 110 0.998615
77 111 0.998644
77 112 0.998671
77 113 0.998697
77 114 0.998721
77 115 0.998745
77 116 0.998768
77 117 0.998789
77 118 0.99881
77 119 0.998831
77 120 0.99885
77 121 0.998869
77 122 0.998887
77 123 0.998903
77 124 0.998919
77 125 0.998932
77 126 0.998943
77 127 0.998952

78 0 0
78 1 1.00064
78 2 1.00063
78 3 1.00063
78 4 1.00063
78 5 1.00063
78 6 1.00063
78 7 1.00063
78 8 1.00062
78 9 1.00062
78 10 1.00062
78 11 1.00062
78 12 1.00062
78 13 1.00061
78 14 1.00061
78 15 1.00061
78 16 1.00061
78 17 1.00061
78 18 1.0006
78 19 1.0006
78 20 1.0006
78 21 1.0006
78 22 1.00059
78 23 1.00059
78 24 1.00059
78 25 1.00059
78 26 1.00058
78 27 1.00058
78 28 1.00058
78 29 1.00057
78 30 1.00057
78 31 1.00057
78 32 1.00056
78 33 1.00056
78 34 1.00055
78 35 1.00055
78 36 1.00054
78 37 1.00053
78 38 1.00053
78 39 1.00052
78 40 1.00051
78 41 1.0005
78 42 1.00048
78 43 1.00047
78 44 1.00045
78 45 1.00044
78 46 1.00041
78 47 1.00039
78 48 1.00036
78 49 1.00033
78 50 1.0003
78 51 1.00025
78 52 1.00021
78 53 1.00016
78 54 1.0001
78 55 1.00004
78 56 0.999975
78 57 0.999903
78 58 0.999825
78 59 0.999742
78 60 0.999653
78 61 0.999561
78 62 0.999465
78 63 0.999365
78 64 0.999264
78 65 0.999161
78 66 0.999057
78 67 0.998953
78 68 0.998851
78 69 0.998751
78 70 0.998653
78 71 0.998559
78 72 0.998469
78 73 0.998384
78 74 0.998305
78 75 0.998231
78 76 0.998163
78 77 0.998101
78 78 0.998046
78 79 0.997998
78 80 0.997956
78 81 0.997922
78 82 0.997893
78 83 0.997872
78 84 0.997856
78 85 0.997847
78 86 0.997844
78 87 0.997846
78 88 0.997854
78 89 0.997867
78 90 0.997884
78 91 0.997905
78 92 0.997931
78 93 0.997959
78 94 0.997991
78 95 0.998025
78 96 0.998061
78 97 0.998099
78 98 0.998138
78 99 0.998178
78 100 0.998219
78 101 0.998259
78 102 0.998299
78 103 0.998338
78 104 0.998377
78 105 0.998415
78 106 0.998451
78 107 0.998486
78 108 0.998519
78 109 0.998551
78 110 0.998582
78 111 0.998611
78 112 0.998639
78 113 0.998665
78 114 0.99869
78 115 0.998714
78 116 0.998737
78 117 0.99876
78 118 0.998781
78 119 0.998802
78 120 0.998822
78 121 0.998842
78 122 0.99886
78 123 0.998877
78 124 0.998892
78 125 0.998905
78 126 0.998916
78 127 0.998924

79 0 0
79 1 1.00064
79 2 1.00064
79 3 1.00064
79 4 1.00063
79 5 1.00063
79 6 1.00063
79 7 1.00063
79 8 1.00063
79 9 1.00063
79 10 1.00062
79 11 1.00062
79 12 1.00062
79 13 1.00062
79 14 1.00062
79 15 1.00061
79 16 1.00061
79 17 1.00061
79 18 1.00061
79 19 1.00061
79 20 1.0006
79 21 1.0006
79 22 1.0006
79 23 1.00059
79 24 1.00059
79 25 1.00059
79 26 1.00059
79 27 1.00058
79 28 1.00058
79 29 1.00058
79 30 1.00057
79 31 1.00057
79 32 1.00056
79 33 1.00056
79 34 1.00055
79 35 1.00055
79 36 1.00054
79 37 1.00054
79 38 1.00053
79 39 1.00052
79 40 1.00051
79 41 1.0005
79 42 1.00049
79 43 1.00047
79 44 1.00046
79 45 1.00044
79 46 1.00042
79 47 1.00039
79 48 1.00037
79 49 1.00033
79 50 1.0003
79 51 1.00026
79 52 1.00021
79 53 1.00016
79 54 1.0001
79 55 1.00004
79 56 0.999972
79 57 0.999898
79 58 0.999818
79 59 0.999732
79 60 0.999642
79 61 0.999547
79 62 0.999448
79 63 0.999347
79 64 0.999242
79 65 0.999137
79 66 0.99903
79 67 0.998925
79 68 0.99882
79 69 0.998717
79 70 0.998618
79 71 0.998522
79 72 0.99843
79 73 0.998344
79 74 0.998263
79 75 0.998188
79 76 0.998119
79 77 0.998057
79 78 0.998001
79 79 0.997953
79 80 0.997911
79 81 0.997876
79 82 0.997847
79 83 0.997826
79 84 0.997811
79 85 0.997802
79 86 0.997799
79 87 0.997801
79 88 0.99781
79 89 0.997823
79 90 0.997841
79 91 0.997863
79 92 0.997889
79 93 0.997918
79 94 0.99795
79 95 0.997985
79 96 0.998022
79 97 0.998061
79 98 0.9981
79 99 0.998141
79 100 0.998182
79 101 0.998223
79 102 0.998264
79 103 0.998304
79 104 0.998343
79 105 0.998381
79 106 0.998418
79 107 0.998454
79 108 0.998488
79 109 0.99852
79 110 0.998551
79 111 0.998581
79 112 0.998609
79 113 0.998636
79 114 0.998662
79 115 0.998686
79 116 0.99871
79 117 0.998733
79 118 0.998755
79 119 0.998777
79 120 0.998797
79 121 0.998817
79 122 0.998836
79 123 0.998853
79 124 0.998869
79 125 0.998882
79 126 0.998892
79 127 0.998899

80 0 0
80 1 1.00064
80 2 1.00064
80 3 1.00064
80 4 1.00064
80 5 1.00064
80 6 1.00063
80 7 1.00063
80 8 1.00063
80 9 1.00063
80 10 1.00063
80 11 1.00062
80 12 1.00062
80 13 1.00062
80 14 1.00062
80 15 1.00062
80 16 1.00061
80 17 1.00061
80 18 1.00061
80 19 1.00061
80 20 1.00061
80 21 1.0006
80 22 1.0006
80 23 1.0006
80 24 1.00059
80 25 1.00059
80 26 1.00059
80 27 1.00059
80 28 1.00058
80 29 1.00058
80 30 1.00058
80 31 1.00057
80 32 1.00057
80 33 1.00056
80 34 1.00056
80 35 1.00055
80 36 1.00055
80 37 1.00054
80 38 1.00053
80 39 1.00052
80 40 1.00051
80 41 1.0005
80 42 1.00049
80 43 1.00048
80 44 1.00046
80 45 1.00044
80 46 1.00042
80 47 1.0004
80 48 1.00037
80 49 1.00034
80 50 1.0003
80 51 1.00026
80 52 1.00021
80 53 1.00016
80 54 1.0001
80 55 1.00004
80 56 0.99997
80 57 0.999894
80 58 0.999813
80 59 0.999726
80 60 0.999633
80 61 0.999536
80 62 0.999435
80 63 0.999331
80 64 0.999225
80 65 0.999116
80 66 0.999008
80 67 0.9989
80 68 0.998793
80 69 0.998688
80 70 0.998587
80 71 0.998489
80 72 0.998396
80 73 0.998308
80 74 0.998226
80 75 0.99815
80 76 0.998081
80 77 0.998018
80 78 0.997962
80 79 0.997913
80 80 0.99787
80 81 0.997835
80 82 0.997807
80 83 0.997785
80 84 0.99777
80 85 0.997761
80 86 0.997759
80 87 0.997762
80 88 0.99777
80 89 0.997784
80 90 0.997802
80 91 0.997825
80 92 0.997851
80 93 0.997881
80 94 0.997914
80 95 0.99795
80 96 0.997987
80 97 0.998026
80 98 0.998067
80 99 0.998108
80 100 0.998149
80 101 0.998191
80 102 0.998232
80 103 0.998273
80 104 0.998313
80 105 0.998352
80 106 0.998389
80 107 0.998425
80 108 0.99846
80 109 0.998493
80 110 0.998524
80 111 0.998554
80 112 0.998583
80 113 0.99861
80 114 0.998636
80 115 0.998662
80 116 0.998686
80 117 0.99871
80 118 0.998732
80 119 0.998754
80 120 0.998776
80 121 0.998796
80 122 0.998815
80 123 0.998832
80 124 0.998848
80 125 0.998861
80 126 0.998871
80 127 0.998877

81 0 0
81 1 1.00065
81 2 1.00064
81 3 1.00064
81 4 1.00064
81 5 1.00064
81 6 1.00064
81 7 1.00063
81 8 1.00063
81 9 1.00063
81 10 1.00063
81 11 1.00063
81 12 1.00063
81 13 1.00062
81 14 1.00062
81 15 1.00062
81 16 1.00062
81 17 1.00061
81 18 1.00061
81 19 1.00061
81 20 1.00061
81 21 1.0006
81 22 1.0006
81 23 1.0006
81 24 1.0006
81 25 1.00059
81 26 1.00059
81 27 1.00059
81 28 1.00058
81 29 1.00058
81 30 1.00058
81 31 1.00057
81 32 1.00057
81 33 1.00056
81 34 1.00056
81 35 1.00055
81 36 1.00055
81 37 1.00054
81 38 1.00054
81 39 1.00053
81 40 1.00052
81 41 1.00051
81 42 1.0005
81 43 1.00048
81 44 1.00047
81 45 1.00045
81 46 1.00043
81 47 1.0004
81 48 1.00037
81 49 1.00034
81 50 1.0003
81 51 1.00026
81 52 1.00022
81 53 1.00016
81 54 1.00011
81 55 1.00004
81 56 0.99997
81 57 0.999893
81 58 0.99981
81 59 0.999721
81 60 0.999627
81 61 0.999528
81 62 0.999425
81 63 0.999319
81 64 0.99921
81 65 0.9991
81 66 0.998989
81 67 0.998879
81 68 0.99877
81 69 0.998664
81 70 0.998561
81 71 0.998462
81 72 0.998367
81 73 0.998278
81 74 0.998195
81 75 0.998118
81 76 0.998047
81 77 0.997984
81 78 0.997927
81 79 0.997878
81 80 0.997836
81 81 0.9978
81 82 0.997772
81 83 0.99775
81 84 0.997736
81 85 0.997727
81 86 0.997725
81 87 0.997728
81 88 0.997737
81 89 0.997751
81 90 0.997769
81 91 0.997792
81 92 0.997819
81 93 0.99785
81 94 0.997883
81 95 0.997919
81 96 0.997957
81 97 0.997997
81 98 0.998037
81 99 0.998079
81 100 0.998121
81 101 0.998163
81 102 0.998205
81 103 0.998246
81 104 0.998287
81 105 0.998326
81 106 0.998364
81 107 0.9984
81 108 0.998435
81 109 0.998468
81 110 0.9985
81 111 0.998531
81 112 0.99856
81 113 0.998588
81 114 0.998615
81 115 0.99864
81 116 0.998665
81 117 0.998689
81 118 0.998713
81 119 0.998736
81 120 0.998757
81 121 0.998778
81 122 0.998798
81 123 0.998815
81 124 0.998831
81 125 0.998844
81 126 0.998853
81 127 0.998859

82 0 0
82 1 1.00065
82 2 1.00065
82 3 1.00064
82 4 1.00064
82 5 1.00064
82 6 1.00064
82 7 1.00064
82 8 1.00064
82 9 1.00063
82 10 1.00063
82 11 1.00063
82 12 1.00063
82 13 1.00063
82 14 1.00062
82 15 1.00062
82 16 1.00062
82 17 1.00062
82 18 1.00061
82 19 1.00061
82 20 1.00061
82 21 1.00061
82 22 1.0006
82 23 1.0006
82 24 1.0006
82 25 1.0006
82 26 1.00059
82 27 1.00059
82 28 1.00059
82 29 1.00058
82 30 1.00058
82 31 1.00058
82 32 1.00057
82 33 1.00057
82 34 1.00056
82 35 1.00056
82 36 1.00055
82 37 1.00054
82 38 1.00054
82 39 1.00053
82 40 1.00052
82 41 1.00051
82 42 1.0005
82 43 1.00048
82 44 1.00047
82 45 1.00045
82 46 1.00043
82 47 1.00041
82 48 1.00038
82 49 1.00035
82 50 1.00031
82 51 1.00027
82 52 1.00022
82 53 1.00017
82 54 1.00011
82 55 1.00004
82 56 0.999972
82 57 0.999894
82 58 0.99981
82 59 0.99972
82 60 0.999624
82 61 0.999523
82 62 0.999419
82 63 0.999311
82 64 0.9992
82 65 0.999088
82 66 0.998975
82 67 0.998863
82 68 0.998752
82 69 0.998644
82 70 0.99854
82 71 0.998439
82 72 0.998343
82 73 0.998253
82 74 0.998169
82 75 0.998091
82 76 0.99802
82 77 0.997956
82 78 0.997899
82 79 0.997849
82 80 0.997807
82 81 0.997771
82 82 0.997743
82 83 0.997722
82 84 0.997707
82 85 0.997698
82 86 0.997696
82 87 0.9977
82 88 0.997709
82 89 0.997723
82 90 0.997742
82 91 0.997765
82 92 0.997792
82 93 0.997823
82 94 0.997857
82 95 0.997893
82 96 0.997932
82 97 0.997972
82 98 0.998013
82 99 0.998055
82 100 0.998098
82 101 0.99814
82 102 0.998182
82 103 0.998224
82 104 0.998265
82 105 0.998304
82 106 0.998342
82 107 0.998379
82 108 0.998414
82 109 0.998448
82 110 0.998481
82 111 0.998511
82 112 0.998541
82 113 0.998569
82 114 0.998597
82 115 0.998623
82 116 0.998648
82 117 0.998673
82 118 0.998697
82 119 0.99872
82 120 0.998743
82 121 0.998764
82 122 0.998784
82 123 0.998802
82 124 0.998818
82 125 0.99883
82 126 0.998839
82 127 0.998844

83 0 0
83 1 1.00065
83 2 1.00065
83 3 1.00065
83 4 1.00065
83 5 1.00064
83 6 1.00064
83 7 1.00064
83 8 1.00064
83 9 1.00064
83 10 1.00063
83 11 1.00063
83 12 1.00063
83 13 1.00063
83 14 1.00063
83 15 1.00062
83 16 1.00062
83 17 1.00062
83 18 1.00062
83 19 1.00061
83 20 1.00061
83 21 1.00061
83 22 1.00061
83 23 1.0006
83 24 1.0006
83 25 1.0006
83 26 1.00059
83 27 1.00059
83 28 1.00059
83 29 1.00058
83 30 1.00058
83 31 1.00058
83 32 1.00057
83 33 1.00057
83 34 1.00056
83 35 1.00056
83 36 1.00055
83 37 1.00055
83 38 1.00054
83 39 1.00053
83 40 1.00052
83 41 1.00051
83 42 1.0005
83 43 1.00049
83 44 1.00047
83 45 1.00045
83 46 1.00043
83 47 1.00041
83 48 1.00038
83 49 1.00035
83 50 1.00031
83 51 1.00027
83 52 1.00023
83 53 1.00017
83 54 1.00011
83 55 1.00005
83 56 0.999976
83 57 0.999897
83 58 0.999812
83 59 0.999721
83 60 0.999624
83 61 0.999522
83 62 0.999416
83 63 0.999306
83 64 0.999194
83 65 0.99908
83 66 0.998966
83 67 0.998852
83 68 0.99874
83 69 0.99863
83 70 0.998524
83 71 0.998422
83 72 0.998325
83 73 0.998234
83 74 0.998148
83 75 0.99807
83 76 0.997998
83 77 0.997934
83 78 0.997877
83 79 0.997827
83 80 0.997784
83 81 0.997748
83 82 0.99772
83 83 0.997698
83 84 0.997684
83 85 0.997675
83 86 0.997673
83 87 0.997677
83 88 0.997686
83 89 0.997701
83 90 0.99772
83 91 0.997743
83 92 0.997771
83 93 0.997802
83 94 0.997836
83 95 0.997873
83 96 0.997911
83 97 0.997952
83 98 0.997993
83 99 0.998036
83 100 0.998079
83 101 0.998121
83 102 0.998164
83 103 0.998206
83 104 0.998247
83 105 0.998287
83 106 0.998325
83 107 0.998362
83 108 0.998398
83 109 0.998432
83 110 0.998465
83 111 0.998496
83 112 0.998526
83 113 0.998555
83 114 0.998583
83 115 0.998609
83 116 0.998636
83 117 0.998661
83 118 0.998686
83 119 0.998709
83 120 0.998732
83 121 0.998754
83 122 0.998775
83 123 0.998793
83 124 0.998809
83 125 0.998821
83 126 0.99883
83 127 0.998833

84 0 0
84 1 1.00065
84 2 1.00065
84 3 1.00065
84 4 1.00065
84 5 1.00065
84 6 1.00064
84 7 1.00064
84 8 1.00064
84 9 1.00064
84 10 1.00064
84 11 1.00063
84 12 1.00063
84 13 1.00063
84 14 1.00063
84 15 1.00062
84 16 1.00062
84 17 1.00062
84 18 1.00062
84 19 1.00062
84 20 1.00061
84 21 1.00061
84 22 1.00061
84 23 1.0006
84 24 1.0006
84 25 1.0006
84 26 1.0006
84 27 1.00059
84 28 1.00059
84 29 1.00059
84 30 1.00058
84 31 1.00058
84 32 1.00057
84 33 1.00057
84 34 1.00057
84 35 1.00056
84 36 1.00056
84 37 1.00055
84 38 1.00054
84 39 1.00053
84 40 1.00053
84 41 1.00052
84 42 1.0005
84 43 1.00049
84 44 1.00048
84 45 1.00046
84 46 1.00044
84 47 1.00041
84 48 1.00039
84 49 1.00036
84 50 1.00032
84 51 1.00028
84 52 1.00023
84 53 1.00018
84 54 1.00012
84 55 1.00005
84 56 0.999982
84 57 0.999902
84 58 0.999817
84 59 0.999725
84 60 0.999627
84 61 0.999524
84 62 0.999417
84 63 0.999306
84 64 0.999192
84 65 0.999077
84 66 0.998961
84 67 0.998846
84 68 0.998732
84 69 0.998621
84 70 0.998513
84 71 0.99841
84 72 0.998312
84 73 0.99822
84 74 0.998134
84 75 0.998055
84 76 0.997983
84 77 0.997918
84 78 0.99786
84 79 0.99781
84 80 0.997767
84 81 0.997731
84 82 0.997703
84 83 0.997681
84 84 0.997667
84 85 0.997658
84 86 0.997656
84 87 0.99766
84 88 0.99767
84 89 0.997684
84 90 0.997704
84 91 0.997727
84 92 0.997755
84 93 0.997786
84 94 0.99782
84 95 0.997857
84 96 0.997896
84 97 0.997937
84 98 0.997979
84 99 0.998021
84 100 0.998064
84 101 0.998107
84 102 0.99815
84 103 0.998192
84 104 0.998233
84 105 0.998274
84 106 0.998312
84 107 0.99835
84 108 0.998386
84 109 0.99842
84 110 0.998453
84 111 0.998485
84 112 0.998515
84 113 0.998545
84 114 0.998573
84 115 0.9986
84 116 0.998627
84 117 0.998653
84 118 0.998678
84 119 0.998703
84 120 0.998726
84 121 0.998749
84 122 0.99877
84 123 0.998788
84 124 0.998804
84 125 0.998816
84 126 0.998824
84 127 0.998827

85 0 0
85 1 1.00066
85 2 1.00065
85 3 1.00065
85 4 1.00065
85 5 1.00065
85 6 1.00064
85 7 1.00064
85 8 1.00064
85 9 1.00064
85 10 1.00064
85 11 1.00063
85 12 1.00063
85 13 1.00063
85 14 1.00063
85 15 1.00063
85 16 1.00062
85 17 1.00062
85 18 1.00062
85 19 1.00062
85 20 1.00061
85 21 1.00061
85 22 1.00061
85 23 1.00061
85 24 1.0006
85 25 1.0006
85 26 1.0006
85 27 1.00059
85 28 1.00059
85 29 1.00059
85 30 1.00058
85 31 1.00058
85 32 1.00058
85 33 1.00057
85 34 1.00057
85 35 1.00056
85 36 1.00056
85 37 1.00055
85 38 1.00054
85 39 1.00054
85 40 1.00053
85 41 1.00052
85 42 1.00051
85 43 1.0005
85 44 1.00048
85 45 1.00046
85 46 1.00044
85 47 1.00042
85 48 1.00039
85 49 1.00036
85 50 1.00033
85 51 1.00029
85 52 1.00024
85 53 1.00019
85 54 1.00013
85 55 1.00006
85 56 0.999989
85 57 0.99991
85 58 0.999824
85 59 0.999732
85 60 0.999633
85 61 0.99953
85 62 0.999421
85 63 0.999309
85 64 0.999195
85 65 0.999078
85 66 0.998961
85 67 0.998844
85 68 0.998729
85 69 0.998617
85 70 0.998508
85 71 0.998404
85 72 0.998305
85 73 0.998212
85 74 0.998125
85 75 0.998046
85 76 0.997973
85 77 0.997907
85 78 0.997849
85 79 0.997799
85 80 0.997756
85 81 0.99772
85 82 0.997692
85 83 0.99767
85 84 0.997655
85 85 0.997647
85 86 0.997645
85 87 0.997649
85 88 0.997659
85 89 0.997673
85 90 0.997693
85 91 0.997717
85 92 0.997744
85 93 0.997776
85 94 0.99781
85 95 0.997847
85 96 0.997886
85 97 0.997927
85 98 0.997969
85 99 0.998012
85 100 0.998055
85 101 0.998098
85 102 0.998141
85 103 0.998183
85 104 0.998225
85 105 0.998265
85 106 0.998304
85 107 0.998342
85 108 0.998378
85 109 0.998413
85 110 0.998446
85 111 0.998478
85 112 0.998509
85 113 0.998539
85 114 0.998568
85 115 0.998596
85 116 0.998623
85 117 0.99865
85 118 0.998676
85 119 0.998701
85 120 0.998725
85 121 0.998748
85 122 0.998769
85 123 0.998788
85 124 0.998804
85 125 0.998816
85 126 0.998824
85 127 0.998825

86 0 0
86 1 1.00066
86 2 1.00065
86 3 1.00065
86 4 1.00065
86 5 1.00065
86 6 1.00065
86 7 1.00064
86 8 1.00064
86 9 1.00064
86 10 1.00064
86 11 1.00064
86 12 1.00063
86 13 1.00063
86 14 1.00063
86 15 1.00063
86 16 1.00062
86 17 1.00062
86 18 1.00062
86 19 1.00062
86 20 1.00061
86 21 1.00061
86 22 1.00061
86 23 1.00061
86 24 1.0006
86 25 1.0006
86 26 1.0006
86 27 1.00059
86 28 1.00059
86 29 1.00059
86 30 1.00058
86 31 1.00058
86 32 1.00058
86 33 1.00057
86 34 1.00057
86 35 1.00056
86 36 1.00056
86 37 1.00055
86 38 1.00055
86 39 1.00054
86 40 1.00053
86 41 1.00052
86 42 1.00051
86 43 1.0005
86 44 1.00048
86 45 1.00047
86 46 1.00045
86 47 1.00043
86 48 1.0004
86 49 1.00037
86 50 1.00033
86 51 1.00029
86 52 1.00025
86 53 1.0002
86 54 1.00014
86 55 1.00007
86 56 0.999999
86 57 0.99992
86 58 0.999834
86 59 0.999742
86 60 0.999643
86 61 0.999539
86 62 0.99943
86 63 0.999317
86 64 0.999202
86 65 0.999084
86 66 0.998966
86 67 0.998849
86 68 0.998733
86 69 0.998619
86 70 0.998509
86 71 0.998404
86 72 0.998304
86 73 0.99821
86 74 0.998123
86 75 0.998042
86 76 0.997969
86 77 0.997903
86 78 0.997845
86 79 0.997794
86 80 0.997751
86 81 0.997715
86 82 0.997686
86 83 0.997665
86 84 0.99765
86 85 0.997642
86 86 0.99764
86 87 0.997644
86 88 0.997653
86 89 0.997668
86 90 0.997687
86 91 0.997711
86 92 0.997739
86 93 0.997771
86 94 0.997805
86 95 0.997842
86 96 0.997881
86 97 0.997922
86 98 0.997964
86 99 0.998007
86 100 0.99805
86 101 0.998094
86 102 0.998137
86 103 0.998179
86 104 0.998221
86 105 0.998261
86 106 0.998301
86 107 0.998338
86 108 0.998375
86 109 0.99841
86 110 0.998444
86 111 0.998476
86 112 0.998508
86 113 0.998538
86 114 0.998567
86 115 0.998596
86 116 0.998624
86 117 0.998651
86 118 0.998678
86 119 0.998704
86 120 0.998729
86 121 0.998753
86 122 0.998774
86 123 0.998794
86 124 0.99881
86 125 0.998821
86 126 0.998828
86 127 0.998829

87 0 0
87 1 1.00066
87 2 1.00066
87 3 1.00065
87 4 1.00065
87 5 1.00065
87 6 1.00065
87 7 1.00065
87 8 1.00064
87 9 1.00064
87 10 1.00064
87 11 1.00064
87 12 1.00063
87 13 1.00063
87 14 1.00063
87 15 1.00063
87 16 1.00063
87 17 1.00062
87 18 1.00062
87 19 1.00062
87 20 1.00062
87 21 1.00061
87 22 1.00061
87 23 1.00061
87 24 1.0006
87 25 1.0006
87 26 1.0006
87 27 1.0006
87 28 1.00059
87 29 1.00059
87 30 1.00059
87 31 1.00058
87 32 1.00058
87 33 1.00057
87 34 1.00057
87 35 1.00056
87 36 1.00056
87 37 1.00055
87 38 1.00055
87 39 1.00054
87 40 1.00053
87 41 1.00052
87 42 1.00051
87 43 1.0005
87 44 1.00049
87 45 1.00047
87 46 1.00045
87 47 1.00043
87 48 1.0004
87 49 1.00037
87 50 1.00034
87 51 1.0003
87 52 1.00026
87 53 1.0002
87 54 1.00015
87 55 1.00008
87 56 1.00001
87 57 0.999933
87 58 0.999847
87 59 0.999755
87 60 0.999656
87 61 0.999552
87 62 0.999443
87 63 0.99933
87 64 0.999214
87 65 0.999095
87 66 0.998977
87 67 0.998858
87 68 0.998741
87 69 0.998627
87 70 0.998516
87 71 0.99841
87 72 0.998309
87 73 0.998215
87 74 0.998126
87 75 0.998045
87 76 0.997971
87 77 0.997905
87 78 0.997846
87 79 0.997795
87 80 0.997751
87 81 0.997715
87 82 0.997687
87 83 0.997665
87 84 0.99765
87 85 0.997642
87 86 0.99764
87 87 0.997644
87 88 0.997653
87 89 0.997668
87 90 0.997688
87 91 0.997711
87 92 0.997739
87 93 0.997771
87 94 0.997805
87 95 0.997842
87 96 0.997881
87 97 0.997922
87 98 0.997964
87 99 0.998007
87 100 0.998051
87 101 0.998094
87 102 0.998137
87 103 0.99818
87 104 0.998221
87 105 0.998262
87 106 0.998302
87 107 0.99834
87 108 0.998377
87 109 0.998412
87 110 0.998446
87 111 0.998479
87 112 0.998511
87 113 0.998542
87 114 0.998572
87 115 0.998601
87 116 0.99863
87 117 0.998658
87 118 0.998686
87 119 0.998713
87 120 0.998738
87 121 0.998763
87 122 0.998785
87 123 0.998804
87 124 0.99882
87 125 0.998832
87 126 0.998838
87 127 0.998838

88 0 0
88 1 1.00066
88 2 1.00066
88 3 1.00065
88 4 1.00065
88 5 1.00065
88 6 1.00065
88 7 1.00065
88 8 1.00064
88 9 1.00064
88 10 1.00064
88 11 1.00064
88 12 1.00064
88 13 1.00063
88 14 1.00063
88 15 1.00063
88 16 1.00063
88 17 1.00062
88 18 1.00062
88 19 1.00062
88 20 1.00062
88 21 1.00061
88 22 1.00061
88 23 1.00061
88 24 1.0006
88 25 1.0006
88 26 1.0006
88 27 1.0006
88 28 1.00059
88 29 1.00059
88 30 1.00059
88 31 1.00058
88 32 1.00058
88 33 1.00057
88 34 1.00057
88 35 1.00056
88 36 1.00056
88 37 1.00055
88 38 1.00055
88 39 1.00054
88 40 1.00053
88 41 1.00053
88 42 1.00052
88 43 1.0005
88 44 1.00049
88 45 1.00047
88 46 1.00046
88 47 1.00044
88 48 1.00041
88 49 1.00038
88 50 1.00035
88 51 1.00031
88 52 1.00027
88 53 1.00022
88 54 1.00016
88 55 1.0001
88 56 1.00003
88 57 0.999947
88 58 0.999863
88 59 0.999771
88 60 0.999673
88 61 0.999569
88 62 0.99946
88 63 0.999347
88 64 0.99923
88 65 0.999112
88 66 0.998992
88 67 0.998873
88 68 0.998755
88 69 0.99864
88 70 0.998529
88 71 0.998422
88 72 0.99832
88 73 0.998225
88 74 0.998136
88 75 0.998054
88 76 0.99798
88 77 0.997913
88 78 0.997853
88 79 0.997802
88 80 0.997758
88 81 0.997722
88 82 0.997693
88 83 0.997671
88 84 0.997656
88 85 0.997647
88 86 0.997645
88 87 0.997649
88 88 0.997659
88 89 0.997673
88 90 0.997693
88 91 0.997717
88 92 0.997744
88 93 0.997776
88 94 0.99781
88 95 0.997847
88 96 0.997886
88 97 0.997927
88 98 0.997969
88 99 0.998012
88 100 0.998056
88 101 0.998099
88 102 0.998142
88 103 0.998185
88 104 0.998227
88 105 0.998268
88 106 0.998307
88 107 0.998346
88 108 0.998383
88 109 0.998419
88 110 0.998453
88 111 0.998487
88 112 0.998519
88 113 0.998551
88 114 0.998582
88 115 0.998612
88 116 0.998641
88 117 0.998671
88 118 0.998699
88 119 0.998727
88 120 0.998753
88 121 0.998778
88 122 0.998801
88 123 0.998821
88 124 0.998837
88 125 0.998849
88 126 0.998854
88 127 0.998853

89 0 0
89 1 1.00066
89 2 1.00066
89 3 1.00066
89 4 1.00065
89 5 1.00065
89 6 1.00065
89 7 1.00065
89 8 1.00064
89 9 1.00064
89 10 1.00064
89 11 1.00064
89 12 1.00064
89 13 1.00063
89 14 1.00063
89 15 1.00063
89 16 1.00063
89 17 1.00062
89 18 1.00062
89 19 1.00062
89 20 1.00062
89 21 1.00061
89 22 1.00061
89 23 1.00061
89 24 1.0006
89 25 1.0006
89 26 1.0006
89 27 1.0006
89 28 1.00059
89 29 1.00059
89 30 1.00059
89 31 1.00058
89 32 1.00058
89 33 1.00057
89 34 1.00057
89 35 1.00057
89 36 1.00056
89 37 1.00055
89 38 1.00055
89 39 1.00054
89 40 1.00054
89 41 1.00053
89 42 1.00052
89 43 1.00051
89 44 1.00049
89 45 1.00048
89 46 1.00046
89 47 1.00044
89 48 1.00042
89 49 1.00039
89 50 1.00036
89 51 1.00032
89 52 1.00028
89 53 1.00023
89 54 1.00017
89 55 1.00011
89 56 1.00004
89 57 0.999964
89 58 0.999881
89 59 0.99979
89 60 0.999693
89 61 0.999589
89 62 0.999481
89 63 0.999368
89 64 0.999251
89 65 0.999133
89 66 0.999013
89 67 0.998894
89 68 0.998775
89 69 0.99866
89 70 0.998547
89 71 0.99844
89 72 0.998337
89 73 0.998241
89 74 0.998151
89 75 0.998069
89 76 0.997994
89 77 0.997926
89 78 0.997867
89 79 0.997815
89 80 0.99777
89 81 0.997734
89 82 0.997704
89 83 0.997682
89 84 0.997667
89 85 0.997658
89 86 0.997656
89 87 0.99766
89 88 0.997669
89 89 0.997684
89 90 0.997703
89 91 0.997727
89 92 0.997754
89 93 0.997786
89 94 0.99782
89 95 0.997857
89 96 0.997896
89 97 0.997937
89 98 0.997979
89 99 0.998022
89 100 0.998065
89 101 0.998109
89 102 0.998152
89 103 0.998195
89 104 0.998237
89 105 0.998278
89 106 0.998318
89 107 0.998357
89 108 0.998394
89 109 0.998431
89 110 0.998466
89 111 0.9985
89 112 0.998533
89 113 0.998565
89 114 0.998597
89 115 0.998628
89 116 0.998659
89 117 0.998689
89 118 0.998718
89 119 0.998747
89 120 0.998775
89 121 0.9988
89 122 0.998824
89 123 0.998844
89 124 0.998861
89 125 0.998872
89 126 0.998877
89 127 0.998875

90 0 0
90 1 1.00066
90 2 1.00066
90 3 1.00066
90 4 1.00065
90 5 1.00065
90 6 1.00065
90 7 1.00065
90 8 1.00065
90 9 1.00064
90 10 1.00064
90 11 1.00064
90 12 1.00064
90 13 1.00063
90 14 1.00063
90 15 1.00063
90 16 1.00063
90 17 1.00062
90 18 1.00062
90 19 1.00062
90 20 1.00062
90 21 1.00061
90 22 1.00061
90 23 1.00061
90 24 1.0006
90 25 1.0006
90 26 1.0006
90 27 1.0006
90 28 1.00059
90 29 1.00059
90 30 1.00059
90 31 1.00058
90 32 1.00058
90 33 1.00057
90 34 1.00057
90 35 1.00056
90 36 1.00056
90 37 1.00055
90 38 1.00055
90 39 1.00054
90 40 1.00054
90 41 1.00053
90 42 1.00052
90 43 1.00051
90 44 1.0005
90 45 1.00048
90 46 1.00047
90 47 1.00045
90 48 1.00042
90 49 1.0004
90 50 1.00037
90 51 1.00033
90 52 1.00029
90 53 1.00024
90 54 1.00019
90 55 1.00013
90 56 1.00006
90 57 0.999983
90 58 0.999901
90 59 0.999812
90 60 0.999716
90 61 0.999613
90 62 0.999506
90 63 0.999393
90 64 0.999277
90 65 0.999159
90 66 0.999039
90 67 0.99892
90 68 0.998801
90 69 0.998685
90 70 0.998572
90 71 0.998464
90 72 0.99836
90 73 0.998263
90 74 0.998173
90 75 0.99809
90 76 0.998014
90 77 0.997946
90 78 0.997885
90 79 0.997833
90 80 0.997788
90 81 0.997751
90 82 0.997721
90 83 0.997699
90 84 0.997683
90 85 0.997674
90 86 0.997672
90 87 0.997675
90 88 0.997685
90 89 0.997699
90 90 0.997718
90 91 0.997742
90 92 0.997769
90 93 0.9978
90 94 0.997834
90 95 0.997871
90 96 0.99791
90 97 0.997951
90 98 0.997993
90 99 0.998036
90 100 0.998079
90 101 0.998123
90 102 0.998167
90 103 0.99821
90 104 0.998252
90 105 0.998293
90 106 0.998334
90 107 0.998373
90 108 0.998411
90 109 0.998448
90 110 0.998483
90 111 0.998518
90 112 0.998552
90 113 0.998585
90 114 0.998618
90 115 0.99865
90 116 0.998682
90 117 0.998713
90 118 0.998744
90 119 0.998774
90 120 0.998802
90 121 0.998829
90 122 0.998854
90 123 0.998874
90 124 0.998891
90 125 0.998902
90 126 0.998906
90 127 0.998903

91 0 0
91 1 1.00066
91 2 1.00066
91 3 1.00066
91 4 1.00065
91 5 1.00065
91 6 1.00065
91 7 1.00065
91 8 1.00065
91 9 1.00064
91 10 1.00064
91 11 1.00064
91 12 1.00064
91 13 1.00063
91 14 1.00063
91 15 1.00063
91 16 1.00063
91 17 1.00062
91 18 1.00062
91 19 1.00062
91 20 1.00062
91 21 1.00061
91 22 1.00061
91 23 1.00061
91 24 1.0006
91 25 1.0006
91 26 1.0006
91 27 1.00059
91 28 1.00059
91 29 1.00059
91 30 1.00058
91 31 1.00058
91 32 1.00058
91 33 1.00057
91 34 1.00057
91 35 1.00056
91 36 1.00056
91 37 1.00055
91 38 1.00055
91 39 1.00054
91 40 1.00054
91 41 1.00053
91 42 1.00052
91 43 1.00051
91 44 1.0005
91 45 1.00049
91 46 1.00047
91 47 1.00045
91 48 1.00043
91 49 1.0004
91 50 1.00037
91 51 1.00034
91 52 1.0003
91 53 1.00025
91 54 1.0002
91 55 1.00014
91 56 1.00008
91 57 1
91 58 0.999924
91 59 0.999836
91 60 0.999742
91 61 0.999641
91 62 0.999534
91 63 0.999423
91 64 0.999308
91 65 0.99919
91 66 0.999071
91 67 0.998951
91 68 0.998832
91 69 0.998716
91 70 0.998602
91 71 0.998493
91 72 0.998389
91 73 0.998292
91 74 0.9982
91 75 0.998116
91 76 0.99804
91 77 0.997971
91 78 0.99791
91 79 0.997857
91 80 0.997811
91 81 0.997774
91 82 0.997744
91 83 0.997721
91 84 0.997705
91 85 0.997695
91 86 0.997693
91 87 0.997696
91 88 0.997705
91 89 0.997719
91 90 0.997738
91 91 0.997761
91 92 0.997788
91 93 0.997819
91 94 0.997853
91 95 0.99789
91 96 0.997929
91 97 0.997969
91 98 0.998012
91 99 0.998055
91 100 0.998098
91 101 0.998142
91 102 0.998186
91 103 0.998229
91 104 0.998271
91 105 0.998313
91 106 0.998354
91 107 0.998394
91 108 0.998432
91 109 0.99847
91 110 0.998506
91 111 0.998542
91 112 0.998577
91 113 0.998611
91 114 0.998645
91 115 0.998678
91 116 0.998711
91 117 0.998744
91 118 0.998776
91 119 0.998807
91 120 0.998837
91 121 0.998865
91 122 0.99889
91 123 0.998912
91 124 0.998929
91 125 0.998939
91 126 0.998943
91 127 0.998938

92 0 0
92 1 1.00066
92 2 1.00066
92 3 1.00066
92 4 1.00065
92 5 1.00065
92 6 1.00065
92 7 1.00065
92 8 1.00065
92 9 1.00064
92 10 1.00064
92 11 1.00064
92 12 1.00064
92 13 1.00063
92 14 1.00063
92 15 1.00063
92 16 1.00063
92 17 1.00062
92 18 1.00062
92 19 1.00062
92 20 1.00062
92 21 1.00061
92 22 1.00061
92 23 1.00061
92 24 1.0006
92 25 1.0006
92 26 1.0006
92 27 1.00059
92 28 1.00059
92 29 1.00059
92 30 1.00058
92 31 1.00058
92 32 1.00058
92 33 1.00057
92 34 1.00057
92 35 1.00056
92 36 1.00056
92 37 1.00055
92 38 1.00055
92 39 1.00054
92 40 1.00054
92 41 1.00053
92 42 1.00052
92 43 1.00051
92 44 1.0005
92 45 1.00049
92 46 1.00047
92 47 1.00046
92 48 1.00043
92 49 1.00041
92 50 1.00038
92 51 1.00035
92 52 1.00031
92 53 1.00027
92 54 1.00022
92 55 1.00016
92 56 1.0001
92 57 1.00003
92 58 0.999949
92 59 0.999863
92 60 0.999771
92 61 0.999672
92 62 0.999567
92 63 0.999457
92 64 0.999343
92 65 0.999226
92 66 0.999107
92 67 0.998988
92 68 0.998869
92 69 0.998752
92 70 0.998639
92 71 0.998529
92 72 0.998425
92 73 0.998326
92 74 0.998234
92 75 0.998149
92 76 0.998072
92 77 0.998002
92 78 0.99794
92 79 0.997886
92 80 0.99784
92 81 0.997802
92 82 0.997771
92 83 0.997747
92 84 0.997731
92 85 0.997721
92 86 0.997718
92 87 0.997721
92 88 0.997729
92 89 0.997743
92 90 0.997761
92 91 0.997785
92 92 0.997812
92 93 0.997842
92 94 0.997876
92 95 0.997913
92 96 0.997952
92 97 0.997992
92 98 0.998034
92 99 0.998077
92 100 0.998121
92 101 0.998165
92 102 0.998209
92 103 0.998252
92 104 0.998295
92 105 0.998338
92 106 0.998379
92 107 0.998419
92 108 0.998459
92 109 0.998497
92 110 0.998535
92 111 0.998571
92 112 0.998607
92 113 0.998643
92 114 0.998678
92 115 0.998713
92 116 0.998747
92 117 0.998781
92 118 0.998815
92 119 0.998848
92 120 0.998879
92 121 0.998909
92 122 0.998935
92 123 0.998957
92 124 0.998974
92 125 0.998984
92 126 0.998988
92 127 0.998982

93 0 0
93 1 1.00066
93 2 1.00066
93 3 1.00066
93 4 1.00065
93 5 1.00065
93 6 1.00065
93 7 1.00065
93 8 1.00064
93 9 1.00064
93 10 1.00064
93 11 1.00064
93 12 1.00064
93 13 1.00063
93 14 1.00063
93 15 1.00063
93 16 1.00063
93 17 1.00062
93 18 1.00062
93 19 1.00062
93 20 1.00061
93 21 1.00061
93 22 1.00061
93 23 1.00061
93 24 1.0006
93 25 1.0006
93 26 1.0006
93 27 1.00059
93 28 1.00059
93 29 1.00059
93 30 1.00058
93 31 1.00058
93 32 1.00058
93 33 1.00057
93 34 1.00057
93 35 1.00056
93 36 1.00056
93 37 1.00055
93 38 1.00055
93 39 1.00054
93 40 1.00054
93 41 1.00053
93 42 1.00052
93 43 1.00051
93 44 1.0005
93 45 1.00049
93 46 1.00048
93 47 1.00046
93 48 1.00044
93 49 1.00042
93 50 1.00039
93 51 1.00036
93 52 1.00032
93 53 1.00028
93 54 1.00023
93 55 1.00018
93 56 1.00012
93 57 1.00005
93 58 0.999975
93 59 0.999892
93 60 0.999802
93 61 0.999705
93 62 0.999603
93 63 0.999495
93 64 0.999382
93 65 0.999266
93 66 0.999148
93 67 0.99903
93 68 0.998911
93 69 0.998795
93 70 0.998681
93 71 0.998571
93 72 0.998466
93 73 0.998366
93 74 0.998273
93 75 0.998188
93 76 0.998109
93 77 0.998038
93 78 0.997976
93 79 0.997921
93 80 0.997874
93 81 0.997835
93 82 0.997803
93 83 0.997779
93 84 0.997762
93 85 0.997751
93 86 0.997748
93 87 0.99775
93 88 0.997758
93 89 0.997771
93 90 0.997789
93 91 0.997812
93 92 0.997839
93 93 0.997869
93 94 0.997903
93 95 0.99794
93 96 0.997978
93 97 0.998019
93 98 0.998061
93 99 0.998104
93 100 0.998148
93 101 0.998192
93 102 0.998236
93 103 0.99828
93 104 0.998324
93 105 0.998367
93 106 0.998409
93 107 0.99845
93 108 0.99849
93 109 0.99853
93 110 0.998568
93 111 0.998606
93 112 0.998644
93 113 0.998681
93 114 0.998718
93 115 0.998754
93 116 0.99879
93 117 0.998826
93 118 0.998862
93 119 0.998896
93 120 0.998929
93 121 0.99896
93 122 0.998988
93 123 0.999011
93 124 0.999028
93 125 0.999038
93 126 0.999041
93 127 0.999033

94 0 0
94 1 1.00066
94 2 1.00066
94 3 1.00066
94 4 1.00065
94 5 1.00065
94 6 1.00065
94 7 1.00065
94 8 1.00064
94 9 1.00064
94 10 1.00064
94 11 1.00064
94 12 1.00064
94 13 1.00063
94 14 1.00063
94 15 1.00063
94 16 1.00063
94 17 1.00062
94 18 1.00062
94 19 1.00062
94 20 1.00061
94 21 1.00061
94 22 1.00061
94 23 1.0006
94 24 1.0006
94 25 1.0006
94 26 1.0006
94 27 1.00059
94 28 1.00059
94 29 1.00058
94 30 1.00058
94 31 1.00058
94 32 1.00057
94 33 1.00057
94 34 1.00057
94 35 1.00056
94 36 1.00056
94 37 1.00055
94 38 1.00055
94 39 1.00054
94 40 1.00054
94 41 1.00053
94 42 1.00052
94 43 1.00051
94 44 1.0005
94 45 1.00049
94 46 1.00048
94 47 1.00046
94 48 1.00045
94 49 1.00042
94 50 1.0004
94 51 1.00037
94 52 1.00034
94 53 1.0003
94 54 1.00025
94 55 1.0002
94 56 1.00014
94 57 1.00008
94 58 1
94 59 0.999923
94 60 0.999836
94 61 0.999742
94 62 0.999642
94 63 0.999536
94 64 0.999425
94 65 0.999311
94 66 0.999195
94 67 0.999077
94 68 0.998959
94 69 0.998843
94 70 0.998729
94 71 0.998618
94 72 0.998513
94 73 0.998413
94 74 0.998319
94 75 0.998232
94 76 0.998152
94 77 0.998081
94 78 0.998017
94 79 0.997961
94 80 0.997913
94 81 0.997873
94 82 0.99784
94 83 0.997815
94 84 0.997797
94 85 0.997786
94 86 0.997782
94 87 0.997783
94 88 0.997791
94 89 0.997804
94 90 0.997821
94 91 0.997844
94 92 0.99787
94 93 0.9979
94 94 0.997934
94 95 0.99797
94 96 0.998009
94 97 0.998049
94 98 0.998091
94 99 0.998135
94 100 0.998179
94 101 0.998223
94 102 0.998268
94 103 0.998313
94 104 0.998357
94 105 0.9984
94 106 0.998443
94 107 0.998485
94 108 0.998527
94 109 0.998568
94 110 0.998608
94 111 0.998647
94 112 0.998686
94 113 0.998725
94 114 0.998764
94 115 0.998802
94 116 0.998841
94 117 0.998879
94 118 0.998916
94 119 0.998953
94 120 0.998988
94 121 0.99902
94 122 0.999049
94 123 0.999073
94 124 0.999091
94 125 0.999102
94 126 0.999103
94 127 0.999094

95 0 0
95 1 1.00066
95 2 1.00066
95 3 1.00065
95 4 1.00065
95 5 1.00065
95 6 1.00065
95 7 1.00065
95 8 1.00064
95 9 1.00064
95 10 1.00064
95 11 1.00064
95 12 1.00063
95 13 1.00063
95 14 1.00063
95 15 1.00063
95 16 1.00062
95 17 1.00062
95 18 1.00062
95 19 1.00062
95 20 1.00061
95 21 1.00061
95 22 1.00061
95 23 1.0006
95 24 1.0006
95 25 1.0006
95 26 1.00059
95 27 1.00059
95 28 1.00059
95 29 1.00058
95 30 1.00058
95 31 1.00058
95 32 1.00057
95 33 1.00057
95 34 1.00056
95 35 1.00056
95 36 1.00056
95 37 1.00055
95 38 1.00055
95 39 1.00054
95 40 1.00054
95 41 1.00053
95 42 1.00052
95 43 1.00051
95 44 1.00051
95 45 1.00049
95 46 1.00048
95 47 1.00047
95 48 1.00045
95 49 1.00043
95 50 1.00041
95 51 1.00038
95 52 1.00035
95 53 1.00031
95 54 1.00027
95 55 1.00022
95 56 1.00016
95 57 1.0001
95 58 1.00003
95 59 0.999956
95 60 0.999872
95 61 0.999781
95 62 0.999683
95 63 0.99958
95 64 0.999472
95 65 0.99936
95 66 0.999245
95 67 0.999129
95 68 0.999012
95 69 0.998896
95 70 0.998782
95 71 0.998672
95 72 0.998565
95 73 0.998465
95 74 0.99837
95 75 0.998282
95 76 0.998201
95 77 0.998128
95 78 0.998063
95 79 0.998006
95 80 0.997957
95 81 0.997915
95 82 0.997882
95 83 0.997856
95 84 0.997837
95 85 0.997825
95 86 0.99782
95 87 0.997821
95 88 0.997827
95 89 0.99784
95 90 0.997857
95 91 0.997879
95 92 0.997905
95 93 0.997935
95 94 0.997968
95 95 0.998004
95 96 0.998043
95 97 0.998083
95 98 0.998126
95 99 0.998169
95 100 0.998213
95 101 0.998258
95 102 0.998304
95 103 0.998349
95 104 0.998394
95 105 0.998438
95 106 0.998483
95 107 0.998526
95 108 0.998569
95 109 0.998611
95 110 0.998653
95 111 0.998694
95 112 0.998735
95 113 0.998776
95 114 0.998817
95 115 0.998858
95 116 0.998899
95 117 0.99894
95 118 0.99898
95 119 0.999019
95 120 0.999056
95 121 0.99909
95 122 0.999121
95 123 0.999146
95 124 0.999165
95 125 0.999175
95 126 0.999176
95 127 0.999165

96 0 0
96 1 1.00066
96 2 1.00066
96 3 1.00065
96 4 1.00065
96 5 1.00065
96 6 1.00065
96 7 1.00065
96 8 1.00064
96 9 1.00064
96 10 1.00064
96 11 1.00064
96 12 1.00063
96 13 1.00063
96 14 1.00063
96 15 1.00063
96 16 1.00062
96 17 1.00062
96 18 1.00062
96 19 1.00061
96 20 1.00061
96 21 1.00061
96 22 1.00061
96 23 1.0006
96 24 1.0006
96 25 1.0006
96 26 1.00059
96 27 1.00059
96 28 1.00059
96 29 1.00058
96 30 1.00058
96 31 1.00057
96 32 1.00057
96 33 1.00057
96 34 1.00056
96 35 1.00056
96 36 1.00055
96 37 1.00055
96 38 1.00054
96 39 1.00054
96 40 1.00053
96 41 1.00053
96 42 1.00052
96 43 1.00051
96 44 1.00051
96 45 1.0005
96 46 1.00048
96 47 1.00047
96 48 1.00046
96 49 1.00044
96 50 1.00042
96 51 1.00039
96 52 1.00036
96 53 1.00033
96 54 1.00029
96 55 1.00024
96 56 1.00019
96 57 1.00013
96 58 1.00006
96 59 0.99999
96 60 0.999909
96 61 0.999822
96 62 0.999727
96 63 0.999627
96 64 0.999522
96 65 0.999412
96 66 0.9993
96 67 0.999185
96 68 0.999069
96 69 0.998954
96 70 0.998841
96 71 0.99873
96 72 0.998624
96 73 0.998523
96 74 0.998427
96 75 0.998338
96 76 0.998256
96 77 0.998182
96 78 0.998115
96 79 0.998057
96 80 0.998006
96 81 0.997963
96 82 0.997928
96 83 0.997901
96 84 0.997881
96 85 0.997868
96 86 0.997862
96 87 0.997862
96 88 0.997868
96 89 0.997879
96 90 0.997896
96 91 0.997917
96 92 0.997943
96 93 0.997972
96 94 0.998005
96 95 0.998041
96 96 0.99808
96 97 0.998121
96 98 0.998163
96 99 0.998207
96 100 0.998252
96 101 0.998297
96 102 0.998343
96 103 0.998389
96 104 0.998435
96 105 0.998481
96 106 0.998526
96 107 0.998571
96 108 0.998616
96 109 0.99866
96 110 0.998704
96 111 0.998748
96 112 0.998791
96 113 0.998835
96 114 0.998878
96 115 0.998922
96 116 0.998965
96 117 0.999009
96 118 0.999052
96 119 0.999093
96 120 0.999133
96 121 0.99917
96 122 0.999203
96 123 0.999229
96 124 0.999248
96 125 0.999258
96 126 0.999259
96 127 0.999246

97 0 0
97 1 1.00066
97 2 1.00066
97 3 1.00065
97 4 1.00065
97 5 1.00065
97 6 1.00065
97 7 1.00064
97 8 1.00064
97 9 1.00064
97 10 1.00064
97 11 1.00064
97 12 1.00063
97 13 1.00063
97 14 1.00063
97 15 1.00062
97 16 1.00062
97 17 1.00062
97 18 1.00062
97 19 1.00061
97 20 1.00061
97 21 1.00061
97 22 1.0006
97 23 1.0006
97 24 1.0006
97 25 1.00059
97 26 1.00059
97 27 1.00059
97 28 1.00058
97 29 1.00058
97 30 1.00058
97 31 1.00057
97 32 1.00057
97 33 1.00056
97 34 1.00056
97 35 1.00056
97 36 1.00055
97 37 1.00055
97 38 1.00054
97 39 1.00054
97 40 1.00053
97 41 1.00053
97 42 1.00052
97 43 1.00051
97 44 1.00051
97 45 1.0005
97 46 1.00049
97 47 1.00047
97 48 1.00046
97 49 1.00044
97 50 1.00042
97 51 1.0004
97 52 1.00037
97 53 1.00034
97 54 1.0003
97 55 1.00026
97 56 1.00021
97 57 1.00016
97 58 1.00009
97 59 1.00002
97 60 0.999947
97 61 0.999864
97 62 0.999773
97 63 0.999677
97 64 0.999575
97 65 0.999468
97 66 0.999358
97 67 0.999245
97 68 0.999131
97 69 0.999018
97 70 0.998905
97 71 0.998795
97 72 0.998688
97 73 0.998586
97 74 0.99849
97 75 0.9984
97 76 0.998317
97 77 0.998241
97 78 0.998173
97 79 0.998113
97 80 0.99806
97 81 0.998016
97 82 0.99798
97 83 0.997951
97 84 0.99793
97 85 0.997915
97 86 0.997908
97 87 0.997907
97 88 0.997912
97 89 0.997923
97 90 0.997938
97 91 0.997959
97 92 0.997984
97 93 0.998013
97 94 0.998046
97 95 0.998082
97 96 0.99812
97 97 0.998161
97 98 0.998204
97 99 0.998248
97 100 0.998294
97 101 0.99834
97 102 0.998387
97 103 0.998434
97 104 0.998481
97 105 0.998528
97 106 0.998575
97 107 0.998622
97 108 0.998668
97 109 0.998715
97 110 0.998761
97 111 0.998807
97 112 0.998854
97 113 0.9989
97 114 0.998947
97 115 0.998994
97 116 0.999041
97 117 0.999087
97 118 0.999134
97 119 0.999179
97 120 0.999221
97 121 0.999261
97 122 0.999295
97 123 0.999324
97 124 0.999344
97 125 0.999354
97 126 0.999353
97 127 0.999339

98 0 0
98 1 1.00066
98 2 1.00065
98 3 1.00065
98 4 1.00065
98 5 1.00065
98 6 1.00065
98 7 1.00064
98 8 1.00064
98 9 1.00064
98 10 1.00064
98 11 1.00063
98 12 1.00063
98 13 1.00063
98 14 1.00063
98 15 1.00062
98 16 1.00062
98 17 1.00062
98 18 1.00061
98 19 1.00061
98 20 1.00061
98 21 1.00061
98 22 1.0006
98 23 1.0006
98 24 1.0006
98 25 1.00059
98 26 1.00059
98 27 1.00058
98 28 1.00058
98 29 1.00058
98 30 1.00057
98 31 1.00057
98 32 1.00057
98 33 1.00056
98 34 1.00056
98 35 1.00055
98 36 1.00055
98 37 1.00055
98 38 1.00054
98 39 1.00054
98 40 1.00053
98 41 1.00053
98 42 1.00052
98 43 1.00051
98 44 1.00051
98 45 1.0005
98 46 1.00049
98 47 1.00048
98 48 1.00046
98 49 1.00045
98 50 1.00043
98 51 1.00041
98 52 1.00038
98 53 1.00035
98 54 1.00032
98 55 1.00028
98 56 1.00023
98 57 1.00018
98 58 1.00012
98 59 1.00006
98 60 0.999986
98 61 0.999907
98 62 0.999821
98 63 0.999728
98 64 0.99963
98 65 0.999527
98 66 0.99942
98 67 0.99931
98 68 0.999198
98 69 0.999085
98 70 0.998974
98 71 0.998864
98 72 0.998758
98 73 0.998656
98 74 0.998558
98 75 0.998467
98 76 0.998383
98 77 0.998306
98 78 0.998236
98 79 0.998174
98 80 0.99812
98 81 0.998074
98 82 0.998036
98 83 0.998006
98 84 0.997983
98 85 0.997967
98 86 0.997958
98 87 0.997956
98 88 0.99796
98 89 0.997969
98 90 0.997984
98 91 0.998004
98 92 0.998029
98 93 0.998058
98 94 0.99809
98 95 0.998125
98 96 0.998164
98 97 0.998205
98 98 0.998248
98 99 0.998293
98 100 0.998339
98 101 0.998386
98 102 0.998434
98 103 0.998482
98 104 0.998531
98 105 0.998579
98 106 0.998628
98 107 0.998677
98 108 0.998726
98 109 0.998775
98 110 0.998824
98 111 0.998874
98 112 0.998923
98 113 0.998973
98 114 0.999024
98 115 0.999074
98 116 0.999125
98 117 0.999176
98 118 0.999226
98 119 0.999275
98 120 0.999321
98 121 0.999363
98 122 0.9994
98 123 0.99943
98 124 0.999452
98 125 0.999462
98 126 0.99946
98 127 0.999444

99 0 0
99 1 1.00065
99 2 1.00065
99 3 1.00065
99 4 1.00065
99 5 1.00065
99 6 1.00064
99 7 1.00064
99 8 1.00064
99 9 1.00064
99 10 1.00064
99 11 1.00063
99 12 1.00063
99 13 1.00063
99 14 1.00062
99 15 1.00062
99 16 1.00062
99 17 1.00062
99 18 1.00061
99 19 1.00061
99 20 1.00061
99 21 1.0006
99 22 1.0006
99 23 1.0006
99 24 1.00059
99 25 1.00059
99 26 1.00059
99 27 1.00058
99 28 1.00058
99 29 1.00058
99 30 1.00057
99 31 1.00057
99 32 1.00056
99 33 1.00056
99 34 1.00056
99 35 1.00055
99 36 1.00055
99 37 1.00054
99 38 1.00054
99 39 1.00053
99 40 1.00053
99 41 1.00052
99 42 1.00052
99 43 1.00051
99 44 1.0005
99 45 1.0005
99 46 1.00049
99 47 1.00048
99 48 1.00047
99 49 1.00045
99 50 1.00044
99 51 1.00042
99 52 1.00039
99 53 1.00037
99 54 1.00034
99 55 1.0003
99 56 1.00026
99 57 1.00021
99 58 1.00015
99 59 1.00009
99 60 1.00003
99 61 0.999951
99 62 0.999869
99 63 0.999781
99 64 0.999687
99 65 0.999587
99 66 0.999484
99 67 0.999377
99 68 0.999268
99 69 0.999157
99 70 0.999047
99 71 0.998939
99 72 0.998832
99 73 0.99873
99 74 0.998633
99 75 0.99854
99 76 0.998455
99 77 0.998376
99 78 0.998305
99 79 0.998241
99 80 0.998185
99 81 0.998137
99 82 0.998097
99 83 0.998065
99 84 0.99804
99 85 0.998023
99 86 0.998012
99 87 0.998008
99 88 0.998011
99 89 0.99802
99 90 0.998034
99 91 0.998053
99 92 0.998077
99 93 0.998105
99 94 0.998137
99 95 0.998172
99 96 0.99821
99 97 0.998252
99 98 0.998295
99 99 0.99834
99 100 0.998387
99 101 0.998435
99 102 0.998484
99 103 0.998534
99 104 0.998584
99 105 0.998635
99 106 0.998687
99 107 0.998738
99 108 0.99879
99 109 0.998842
99 110 0.998894
99 111 0.998947
99 112 0.999001
99 113 0.999055
99 114 0.999109
99 115 0.999164
99 116 0.99922
99 117 0.999275
99 118 0.999329
99 119 0.999382
99 120 0.999433
99 121 0.999478
99 122 0.999519
99 123 0.999551
99 124 0.999573
99 125 0.999584
99 126 0.999581
99 127 0.999563

100 0 0
100 1 1.00065
100 2 1.00065
100 3 1.00065
100 4 1.00065
100 5 1.00065
100 6 1.00064
100 7 1.00064
100 8 1.00064
100 9 1.00064
100 10 1.00063
100 11 1.00063
100 12 1.00063
100 13 1.00063
100 14 1.00062
100 15 1.00062
100 16 1.00062
100 17 1.00061
100 18 1.00061
100 19 1.00061
100 20 1.00061
100 21 1.0006
100 22 1.0006
100 23 1.0006
100 24 1.00059
100 25 1.00059
100 26 1.00058
100 27 1.00058
100 28 1.00058
100 29 1.00057
100 30 1.00057
100 31 1.00056
100 32 1.00056
100 33 1.00056
100 34 1.00055
100 35 1.00055
100 36 1.00054
100 37 1.00054
100 38 1.00054
100 39 1.00053
100 40 1.00053
100 41 1.00052
100 42 1.00052
100 43 1.00051
100 44 1.0005
100 45 1.0005
100 46 1.00049
100 47 1.00048
100 48 1.00047
100 49 1.00046
100 50 1.00044
100 51 1.00042
100 52 1.0004
100 53 1.00038
100 54 1.00035
100 55 1.00032
100 56 1.00028
100 57 1.00023
100 58 1.00018
100 59 1.00013
100 60 1.00006
100 61 0.999994
100 62 0.999917
100 63 0.999834
100 64 0.999745
100 65 0.99965
100 66 0.99955
100 67 0.999447
100 68 0.99934
100 69 0.999233
100 70 0.999125
100 71 0.999017
100 72 0.998912
100 73 0.99881
100 74 0.998712
100 75 0.998619
100 76 0.998532
100 77 0.998452
100 78 0.998379
100 79 0.998313
100 80 0.998255
100 81 0.998205
100 82 0.998163
100 83 0.998129
100 84 0.998102
100 85 0.998083
100 86 0.99807
100 87 0.998065
100 88 0.998066
100 89 0.998073
100 90 0.998086
100 91 0.998104
100 92 0.998127
100 93 0.998155
100 94 0.998186
100 95 0.998222
100 96 0.99826
100 97 0.998301
100 98 0.998345
100 99 0.998391
100 100 0.998439
100 101 0.998488
100 102 0.998539
100 103 0.99859
100 104 0.998643
100 105 0.998696
100 106 0.99875
100 107 0.998804
100 108 0.998859
100 109 0.998915
100 110 0.998971
100 111 0.999028
100 112 0.999086
100 113 0.999144
100 114 0.999204
100 115 0.999264
100 116 0.999325
100 117 0.999385
100 118 0.999445
100 119 0.999503
100 120 0.999558
100 121 0.999608
100 122 0.999651
100 123 0.999686
100 124 0.99971
100 125 0.99972
100 126 0.999717
100 127 0.999696

101 0 0
101 1 1.00065
101 2 1.00065
101 3 1.00065
101 4 1.00065
101 5 1.00064
101 6 1.00064
101 7 1.00064
101 8 1.00064
101 9 1.00063
101 10 1.00063
101 11 1.00063
101 12 1.00063
101 13 1.00062
101 14 1.00062
101 15 1.00062
101 16 1.00062
101 17 1.00061
101 18 1.00061
101 19 1.00061
101 20 1.0006
101 21 1.0006
101 22 1.0006
101 23 1.00059
101 24 1.00059
101 25 1.00059
101 26 1.00058
101 27 1.00058
101 28 1.00057
101 29 1.00057
101 30 1.00057
101 31 1.00056
101 32 1.00056
101 33 1.00055
101 34 1.00055
101 35 1.00055
101 36 1.00054
101 37 1.00054
101 38 1.00053
101 39 1.00053
101 40 1.00052
101 41 1.00052
101 42 1.00051
101 43 1.00051
101 44 1.0005
101 45 1.0005
101 46 1.00049
101 47 1.00048
101 48 1.00047
101 49 1.00046
101 50 1.00044
101 51 1.00043
101 52 1.00041
101 53 1.00039
101 54 1.00036
101 55 1.00033
101 56 1.0003
101 57 1.00026
101 58 1.00021
101 59 1.00016
101 60 1.0001
101 61 1.00004
101 62 0.999965
101 63 0.999887
101 64 0.999803
101 65 0.999713
101 66 0.999618
101 67 0.999518
101 68 0.999416
101 69 0.999311
101 70 0.999205
101 71 0.9991
101 72 0.998996
101 73 0.998894
101 74 0.998797
101 75 0.998703
101 76 0.998615
101 77 0.998534
101 78 0.998459
101 79 0.998391
101 80 0.998331
101 81 0.998279
101 82 0.998234
101 83 0.998198
101 84 0.998169
101 85 0.998147
101 86 0.998133
101 87 0.998126
101 88 0.998125
101 89 0.998131
101 90 0.998142
101 91 0.998159
101 92 0.998181
101 93 0.998208
101 94 0.998239
101 95 0.998274
101 96 0.998313
101 97 0.998354
101 98 0.998398
101 99 0.998445
101 100 0.998494
101 101 0.998544
101 102 0.998597
101 103 0.99865
101 104 0.998705
101 105 0.998761
101 106 0.998818
101 107 0.998876
101 108 0.998934
101 109 0.998994
101 110 0.999055
101 111 0.999117
101 112 0.999179
101 113 0.999244
101 114 0.999309
101 115 0.999375
101 116 0.999441
101 117 0.999508
101 118 0.999574
101 119 0.999637
101 120 0.999697
101 121 0.999752
101 122 0.999799
101 123 0.999837
101 124 0.999863
101 125 0.999873
101 126 0.999869
101 127 0.999845

102 0 0
102 1 1.00065
102 2 1.00065
102 3 1.00065
102 4 1.00064
102 5 1.00064
102 6 1.00064
102 7 1.00064
102 8 1.00064
102 9 1.00063
102 10 1.00063
102 11 1.00063
102 12 1.00063
102 13 1.00062
102 14 1.00062
102 15 1.00062
102 16 1.00061
102 17 1.00061
102 18 1.00061
102 19 1.0006
102 20 1.0006
102 21 1.0006
102 22 1.00059
102 23 1.00059
102 24 1.00059
102 25 1.00058
102 26 1.00058
102 27 1.00058
102 28 1.00057
102 29 1.00057
102 30 1.00056
102 31 1.00056
102 32 1.00056
102 33 1.00055
102 34 1.00055
102 35 1.00054
102 36 1.00054
102 37 1.00053
102 38 1.00053
102 39 1.00052
102 40 1.00052
102 41 1.00052
102 42 1.00051
102 43 1.00051
102 44 1.0005
102 45 1.00049
102 46 1.00049
102 47 1.00048
102 48 1.00047
102 49 1.00046
102 50 1.00045
102 51 1.00043
102 52 1.00042
102 53 1.0004
102 54 1.00038
102 55 1.00035
102 56 1.00032
102 57 1.00028
102 58 1.00024
102 59 1.00019
102 60 1.00014
102 61 1.00008
102 62 1.00001
102 63 0.999939
102 64 0.99986
102 65 0.999776
102 66 0.999685
102 67 0.999591
102 68 0.999493
102 69 0.999392
102 70 0.999289
102 71 0.999186
102 72 0.999084
102 73 0.998983
102 74 0.998886
102 75 0.998792
102 76 0.998704
102 77 0.998621
102 78 0.998544
102 79 0.998475
102 80 0.998413
102 81 0.998358
102 82 0.998311
102 83 0.998272
102 84 0.998241
102 85 0.998217
102 86 0.9982
102 87 0.998191
102 88 0.998188
102 89 0.998192
102 90 0.998202
102 91 0.998218
102 92 0.998239
102 93 0.998265
102 94 0.998295
102 95 0.99833
102 96 0.998368
102 97 0.99841
102 98 0.998455
102 99 0.998502
102 100 0.998552
102 101 0.998604
102 102 0.998659
102 103 0.998714
102 104 0.998772
102 105 0.998831
102 106 0.998891
102 107 0.998952
102 108 0.999015
102 109 0.99908
102 110 0.999146
102 111 0.999213
102 112 0.999282
102 113 0.999353
102 114 0.999424
102 115 0.999497
102 116 0.999571
102 117 0.999644
102 118 0.999716
102 119 0.999787
102 120 0.999853
102 121 0.999913
102 122 0.999964
102 123 1.00001
102 124 1.00003
102 125 1.00004
102 126 1.00004
102 127 1.00001

103 0 0
103 1 1.00065
103 2 1.00065
103 3 1.00064
103 4 1.00064
103 5 1.00064
103 6 1.00064
103 7 1.00064
103 8 1.00063
103 9 1.00063
103 10 1.00063
103 11 1.00063
103 12 1.00062
103 13 1.00062
103 14 1.00062
103 15 1.00062
103 16 1.00061
103 17 1.00061
103 18 1.00061
103 19 1.0006
103 20 1.0006
103 21 1.0006
103 22 1.00059
103 23 1.00059
103 24 1.00058
103 25 1.00058
103 26 1.00058
103 27 1.00057
103 28 1.00057
103 29 1.00056
103 30 1.00056
103 31 1.00056
103 32 1.00055
103 33 1.00055
103 34 1.00054
103 35 1.00054
103 36 1.00053
103 37 1.00053
103 38 1.00053
103 39 1.00052
103 40 1.00052
103 41 1.00051
103 42 1.00051
103 43 1.0005
103 44 1.0005
103 45 1.00049
103 46 1.00049
103 47 1.00048
103 48 1.00047
103 49 1.00046
103 50 1.00045
103 51 1.00044
103 52 1.00042
103 53 1.00041
103 54 1.00039
103 55 1.00036
103 56 1.00033
103 57 1.0003
103 58 1.00026
103 59 1.00022
103 60 1.00017
103 61 1.00012
103 62 1.00006
103 63 0.99999
103 64 0.999917
103 65 0.999838
103 66 0.999753
103 67 0.999663
103 68 0.99957
103 69 0.999473
103 70 0.999374
103 71 0.999274
103 72 0.999174
103 73 0.999075
103 74 0.998979
103 75 0.998886
103 76 0.998797
103 77 0.998713
103 78 0.998635
103 79 0.998564
103 80 0.9985
103 81 0.998443
103 82 0.998394
103 83 0.998352
103 84 0.998318
103 85 0.998291
103 86 0.998272
103 87 0.998261
103 88 0.998256
103 89 0.998258
103 90 0.998266
103 91 0.99828
103 92 0.9983
103 93 0.998325
103 94 0.998355
103 95 0.998389
103 96 0.998427
103 97 0.998469
103 98 0.998514
103 99 0.998563
103 100 0.998614
103 101 0.998668
103 102 0.998724
103 103 0.998782
103 104 0.998843
103 105 0.998905
103 106 0.998969
103 107 0.999035
103 108 0.999104
103 109 0.999173
103 110 0.999245
103 111 0.999319
103 112 0.999395
103 113 0.999472
103 114 0.999551
103 115 0.999632
103 116 0.999714
103 117 0.999794
103 118 0.999875
103 119 0.999953
103 120 1.00003
103 121 1.00009
103 122 1.00015
103 123 1.00019
103 124 1.00022
103 125 1.00023
103 126 1.00023
103 127 1.0002

104 0 0
104 1 1.00065
104 2 1.00064
104 3 1.00064
104 4 1.00064
104 5 1.00064
104 6 1.00064
104 7 1.00063
104 8 1.00063
104 9 1.00063
104 10 1.00063
104 11 1.00062
104 12 1.00062
104 13 1.00062
104 14 1.00062
104 15 1.00061
104 16 1.00061
104 17 1.00061
104 18 1.0006
104 19 1.0006
104 20 1.0006
104 21 1.00059
104 22 1.00059
104 23 1.00059
104 24 1.00058
104 25 1.00058
104 26 1.00057
104 27 1.00057
104 28 1.00057
104 29 1.00056
104 30 1.00056
104 31 1.00055
104 32 1.00055
104 33 1.00054
104 34 1.00054
104 35 1.00054
104 36 1.00053
104 37 1.00053
104 38 1.00052
104 39 1.00052
104 40 1.00051
104 41 1.00051
104 42 1.0005
104 43 1.0005
104 44 1.00049
104 45 1.00049
104 46 1.00048
104 47 1.00048
104 48 1.00047
104 49 1.00046
104 50 1.00045
104 51 1.00044
104 52 1.00043
104 53 1.00041
104 54 1.00039
104 55 1.00037
104 56 1.00035
104 57 1.00032
104 58 1.00029
104 59 1.00025
104 60 1.0002
104 61 1.00016
104 62 1.0001
104 63 1.00004
104 64 0.999971
104 65 0.999898
104 66 0.999819
104 67 0.999735
104 68 0.999647
104 69 0.999555
104 70 0.99946
104 71 0.999364
104 72 0.999267
104 73 0.999171
104 74 0.999076
104 75 0.998983
104 76 0.998895
104 77 0.99881
104 78 0.998731
104 79 0.998659
104 80 0.998592
104 81 0.998533
104 82 0.998481
104 83 0.998437
104 84 0.9984
104 85 0.998371
104 86 0.99835
104 87 0.998335
104 88 0.998328
104 89 0.998328
104 90 0.998334
104 91 0.998346
104 92 0.998365
104 93 0.998389
104 94 0.998417
104 95 0.998451
104 96 0.998489
104 97 0.998532
104 98 0.998577
104 99 0.998627
104 100 0.99868
104 101 0.998736
104 102 0.998794
104 103 0.998855
104 104 0.998919
104 105 0.998985
104 106 0.999053
104 107 0.999125
104 108 0.999198
104 109 0.999273
104 110 0.999352
104 111 0.999434
104 112 0.999517
104 113 0.999602
104 114 0.999691
104 115 0.99978
104 116 0.99987
104 117 0.99996
104 118 1.00005
104 119 1.00014
104 120 1.00022
104 121 1.00029
104 122 1.00035
104 123 1.0004
104 124 1.00043
104 125 1.00045
104 126 1.00044
104 127 1.0004

105 0 0
105 1 1.00064
105 2 1.00064
105 3 1.00064
105 4 1.00064
105 5 1.00064
105 6 1.00064
105 7 1.00063
105 8 1.00063
105 9 1.00063
105 10 1.00063
105 11 1.00062
105 12 1.00062
105 13 1.00062
105 14 1.00061
105 15 1.00061
105 16 1.00061
105 17 1.00061
105 18 1.0006
105 19 1.0006
105 20 1.0006
105 21 1.00059
105 22 1.00059
105 23 1.00058
105 24 1.00058
105 25 1.00058
105 26 1.00057
105 27 1.00057
105 28 1.00056
105 29 1.00056
105 30 1.00055
105 31 1.00055
105 32 1.00055
105 33 1.00054
105 34 1.00054
105 35 1.00053
105 36 1.00053
105 37 1.00052
105 38 1.00052
105 39 1.00051
105 40 1.00051
105 41 1.00051
105 42 1.0005
105 43 1.0005
105 44 1.00049
105 45 1.00049
105 46 1.00048
105 47 1.00047
105 48 1.00047
105 49 1.00046
105 50 1.00045
105 51 1.00044
105 52 1.00043
105 53 1.00042
105 54 1.0004
105 55 1.00038
105 56 1.00036
105 57 1.00034
105 58 1.00031
105 59 1.00027
105 60 1.00023
105 61 1.00019
105 62 1.00014
105 63 1.00008
105 64 1.00002
105 65 0.999956
105 66 0.999883
105 67 0.999805
105 68 0.999723
105 69 0.999636
105 70 0.999546
105 71 0.999454
105 72 0.999361
105 73 0.999267
105 74 0.999175
105 75 0.999084
105 76 0.998996
105 77 0.998912
105 78 0.998832
105 79 0.998758
105 80 0.99869
105 81 0.998629
105 82 0.998575
105 83 0.998528
105 84 0.998489
105 85 0.998457
105 86 0.998432
105 87 0.998415
105 88 0.998405
105 89 0.998403
105 90 0.998407
105 91 0.998417
105 92 0.998434
105 93 0.998456
105 94 0.998484
105 95 0.998517
105 96 0.998555
105 97 0.998598
105 98 0.998644
105 99 0.998695
105 100 0.998749
105 101 0.998807
105 102 0.998868
105 103 0.998933
105 104 0.999
105 105 0.99907
105 106 0.999144
105 107 0.999221
105 108 0.999299
105 109 0.999382
105 110 0.999469
105 111 0.999557
105 112 0.999649
105 113 0.999745
105 114 0.999843
105 115 0.999941
105 116 1.00004
105 117 1.00014
105 118 1.00024
105 119 1.00034
105 120 1.00043
105 121 1.00051
105 122 1.00058
105 123 1.00063
105 124 1.00067
105 125 1.00068
105 126 1.00067
105 127 1.00063

106 0 0
106 1 1.00064
106 2 1.00064
106 3 1.00064
106 4 1.00064
106 5 1.00064
106 6 1.00063
106 7 1.00063
106 8 1.00063
106 9 1.00063
106 10 1.00062
106 11 1.00062
106 12 1.00062
106 13 1.00062
106 14 1.00061
106 15 1.00061
106 16 1.00061
106 17 1.0006
106 18 1.0006
106 19 1.0006
106 20 1.00059
106 21 1.00059
106 22 1.00059
106 23 1.00058
106 24 1.00058
106 25 1.00057
106 26 1.00057
106 27 1.00057
106 28 1.00056
106 29 1.00056
106 30 1.00055
106 31 1.00055
106 32 1.00054
106 33 1.00054
106 34 1.00053
106 35 1.00053
106 36 1.00052
106 37 1.00052
106 38 1.00052
106 39 1.00051
106 40 1.00051
106 41 1.0005
106 42 1.0005
106 43 1.00049
106 44 1.00049
106 45 1.00048
106 46 1.00048
106 47 1.00047
106 48 1.00047
106 49 1.00046
106 50 1.00045
106 51 1.00044
106 52 1.00043
106 53 1.00042
106 54 1.00041
106 55 1.00039
106 56 1.00037
106 57 1.00035
106 58 1.00032
106 59 1.00029
106 60 1.00026
106 61 1.00022
106 62 1.00018
106 63 1.00013
106 64 1.00007
106 65 1.00001
106 66 0.999944
106 67 0.999872
106 68 0.999796
106 69 0.999715
106 70 0.999631
106 71 0.999544
106 72 0.999455
106 73 0.999365
106 74 0.999275
106 75 0.999186
106 76 0.9991
106 77 0.999016
106 78 0.998937
106 79 0.998862
106 80 0.998793
106 81 0.99873
106 82 0.998674
106 83 0.998624
106 84 0.998582
106 85 0.998548
106 86 0.99852
106 87 0.998501
106 88 0.998488
106 89 0.998483
106 90 0.998484
106 91 0.998493
106 92 0.998508
106 93 0.998529
106 94 0.998556
106 95 0.998588
106 96 0.998625
106 97 0.998668
106 98 0.998715
106 99 0.998767
106 100 0.998823
106 101 0.998883
106 102 0.998947
106 103 0.999014
106 104 0.999086
106 105 0.999161
106 106 0.99924
106 107 0.999322
106 108 0.999409
106 109 0.9995
106 110 0.999594
106 111 0.999691
106 112 0.999794
106 113 0.9999
106 114 1.00001
106 115 1.00012
106 116 1.00023
106 117 1.00034
106 118 1.00045
106 119 1.00056
106 120 1.00066
106 121 1.00075
106 122 1.00083
106 123 1.00089
106 124 1.00093
106 125 1.00094
106 126 1.00093
106 127 1.00089

107 0 0
107 1 1.00064
107 2 1.00064
107 3 1.00064
107 4 1.00064
107 5 1.00063
107 6 1.00063
107 7 1.00063
107 8 1.00063
107 9 1.00063
107 10 1.00062
107 11 1.00062
107 12 1.00062
107 13 1.00061
107 14 1.00061
107 15 1.00061
107 16 1.00061
107 17 1.0006
107 18 1.0006
107 19 1.00059
107 20 1.00059
107 21 1.00059
107 22 1.00058
107 23 1.00058
107 24 1.00058
107 25 1.00057
107 26 1.00057
107 27 1.00056
107 28 1.00056
107 29 1.00055
107 30 1.00055
107 31 1.00054
107 32 1.00054
107 33 1.00054
107 34 1.00053
107 35 1.00053
107 36 1.00052
107 37 1.00052
107 38 1.00051
107 39 1.00051
107 40 1.0005
107 41 1.0005
107 42 1.00049
107 43 1.00049
107 44 1.00048
107 45 1.00048
107 46 1.00047
107 47 1.00047
107 48 1.00046
107 49 1.00046
107 50 1.00045
107 51 1.00044
107 52 1.00043
107 53 1.00042
107 54 1.00041
107 55 1.0004
107 56 1.00038
107 57 1.00036
107 58 1.00034
107 59 1.00031
107 60 1.00028
107 61 1.00025
107 62 1.00021
107 63 1.00016
107 64 1.00011
107 65 1.00006
107 66 1
107 67 0.999935
107 68 0.999865
107 69 0.999791
107 70 0.999712
107 71 0.999631
107 72 0.999547
107 73 0.999461
107 74 0.999375
107 75 0.99929
107 76 0.999205
107 77 0.999123
107 78 0.999045
107 79 0.99897
107 80 0.9989
107 81 0.998836
107 82 0.998778
107 83 0.998726
107 84 0.998682
107 85 0.998644
107 86 0.998614
107 87 0.998592
107 88 0.998576
107 89 0.998568
107 90 0.998568
107 91 0.998574
107 92 0.998587
107 93 0.998606
107 94 0.998631
107 95 0.998663
107 96 0.9987
107 97 0.998743
107 98 0.998791
107 99 0.998843
107 100 0.998901
107 101 0.998963
107 102 0.99903
107 103 0.999101
107 104 0.999178
107 105 0.999258
107 106 0.999342
107 107 0.999432
107 108 0.999527
107 109 0.999625
107 110 0.999727
107 111 0.999837
107 112 0.999951
107 113 1.00007
107 114 1.00019
107 115 1.00031
107 116 1.00044
107 117 1.00056
107 118 1.00069
107 119 1.00081
107 120 1.00092
107 121 1.00102
107 122 1.00111
107 123 1.00117
107 124 1.00121
107 125 1.00123
107 126 1.00122
107 127 1.00117

108 0 0
108 1 1.00064
108 2 1.00064
108 3 1.00064
108 4 1.00063
108 5 1.00063
108 6 1.00063
108 7 1.00063
108 8 1.00063
108 9 1.00062
108 10 1.00062
108 11 1.00062
108 12 1.00062
108 13 1.00061
108 14 1.00061
108 15 1.00061
108 16 1.0006
108 17 1.0006
108 18 1.0006
108 19 1.00059
108 20 1.00059
108 21 1.00059
108 22 1.00058
108 23 1.00058
108 24 1.00057
108 25 1.00057
108 26 1.00056
108 27 1.00056
108 28 1.00056
108 29 1.00055
108 30 1.00055
108 31 1.00054
108 32 1.00054
108 33 1.00053
108 34 1.00053
108 35 1.00052
108 36 1.00052
108 37 1.00051
108 38 1.00051
108 39 1.0005
108 40 1.0005
108 41 1.00049
108 42 1.00049
108 43 1.00048
108 44 1.00048
108 45 1.00047
108 46 1.00047
108 47 1.00046
108 48 1.00046
108 49 1.00045
108 50 1.00045
108 51 1.00044
108 52 1.00043
108 53 1.00042
108 54 1.00041
108 55 1.0004
108 56 1.00039
108 57 1.00037
108 58 1.00035
108 59 1.00033
108 60 1.0003
108 61 1.00027
108 62 1.00024
108 63 1.0002
108 64 1.00015
108 65 1.00011
108 66 1.00005
108 67 0.999993
108 68 0.99993
108 69 0.999862
108 70 0.99979
108 71 0.999714
108 72 0.999636
108 73 0.999556
108 74 0.999474
108 75 0.999392
108 76 0.999311
108 77 0.999231
108 78 0.999154
108 79 0.99908
108 80 0.99901
108 81 0.998945
108 82 0.998886
108 83 0.998833
108 84 0.998786
108 85 0.998746
108 86 0.998714
108 87 0.998688
108 88 0.99867
108 89 0.99866
108 90 0.998656
108 91 0.99866
108 92 0.998671
108 93 0.998688
108 94 0.998712
108 95 0.998743
108 96 0.99878
108 97 0.998822
108 98 0.99887
108 99 0.998925
108 100 0.998984
108 101 0.999048
108 102 0.999118
108 103 0.999194
108 104 0.999275
108 105 0.99936
108 106 0.999451
108 107 0.999549
108 108 0.999651
108 109 0.999758
108 110 0.999874
108 111 0.999995
108 112 1.00012
108 113 1.00025
108 114 1.00039
108 115 1.00052
108 116 1.00066
108 117 1.00081
108 118 1.00095
108 119 1.00108
108 120 1.0012
108 121 1.00132
108 122 1.00141
108 123 1.00148
108 124 1.00153
108 125 1.00155
108 126 1.00153
108 127 1.00148

109 0 0
109 1 1.00064
109 2 1.00064
109 3 1.00063
109 4 1.00063
109 5 1.00063
109 6 1.00063
109 7 1.00063
109 8 1.00062
109 9 1.00062
109 10 1.00062
109 11 1.00062
109 12 1.00061
109 13 1.00061
109 14 1.00061
109 15 1.0006
109 16 1.0006
109 17 1.0006
109 18 1.00059
109 19 1.00059
109 20 1.00059
109 21 1.00058
109 22 1.00058
109 23 1.00057
109 24 1.00057
109 25 1.00057
109 26 1.00056
109 27 1.00056
109 28 1.00055
109 29 1.00055
109 30 1.00054
109 31 1.00054
109 32 1.00053
109 33 1.00053
109 34 1.00052
109 35 1.00052
109 36 1.00051
109 37 1.00051
109 38 1.0005
109 39 1.0005
109 40 1.00049
109 41 1.00049
109 42 1.00048
109 43 1.00048
109 44 1.00048
109 45 1.00047
109 46 1.00047
109 47 1.00046
109 48 1.00046
109 49 1.00045
109 50 1.00044
109 51 1.00044
109 52 1.00043
109 53 1.00042
109 54 1.00041
109 55 1.0004
109 56 1.00039
109 57 1.00038
109 58 1.00036
109 59 1.00034
109 60 1.00032
109 61 1.00029
109 62 1.00026
109 63 1.00023
109 64 1.00019
109 65 1.00015
109 66 1.0001
109 67 1.00005
109 68 0.999989
109 69 0.999928
109 70 0.999862
109 71 0.999793
109 72 0.999721
109 73 0.999646
109 74 0.99957
109 75 0.999492
109 76 0.999415
109 77 0.999338
109 78 0.999263
109 79 0.999191
109 80 0.999122
109 81 0.999057
109 82 0.998997
109 83 0.998943
109 84 0.998895
109 85 0.998853
109 86 0.998818
109 87 0.99879
109 88 0.99877
109 89 0.998756
109 90 0.99875
109 91 0.998752
109 92 0.99876
109 93 0.998776
109 94 0.998799
109 95 0.998828
109 96 0.998864
109 97 0.998907
109 98 0.998956
109 99 0.999011
109 100 0.999072
109 101 0.999139
109 102 0.999213
109 103 0.999292
109 104 0.999377
109 105 0.999469
109 106 0.999568
109 107 0.999672
109 108 0.999782
109 109 0.999903
109 110 1.00003
109 111 1.00016
109 112 1.0003
109 113 1.00045
109 114 1.0006
109 115 1.00075
109 116 1.00091
109 117 1.00107
109 118 1.00122
109 119 1.00137
109 120 1.00152
109 121 1.00164
109 122 1.00175
109 123 1.00183
109 124 1.00189
109 125 1.0019
109 126 1.00189
109 127 1.00183

110 0 0
110 1 1.00064
110 2 1.00063
110 3 1.00063
110 4 1.00063
110 5 1.00063
110 6 1.00063
110 7 1.00062
110 8 1.00062
110 9 1.00062
110 10 1.00062
110 11 1.00062
110 12 1.00061
110 13 1.00061
110 14 1.00061
110 15 1.0006
110 16 1.0006
110 17 1.0006
110 18 1.00059
110 19 1.00059
110 20 1.00058
110 21 1.00058
110 22 1.00058
110 23 1.00057
110 24 1.00057
110 25 1.00056
110 26 1.00056
110 27 1.00055
110 28 1.00055
110 29 1.00055
110 30 1.00054
110 31 1.00054
110 32 1.00053
110 33 1.00053
110 34 1.00052
110 35 1.00052
110 36 1.00051
110 37 1.00051
110 38 1.0005
110 39 1.0005
110 40 1.00049
110 41 1.00049
110 42 1.00048
110 43 1.00048
110 44 1.00047
110 45 1.00047
110 46 1.00046
110 47 1.00046
110 48 1.00045
110 49 1.00045
110 50 1.00044
110 51 1.00043
110 52 1.00043
110 53 1.00042
110 54 1.00041
110 55 1.0004
110 56 1.00039
110 57 1.00038
110 58 1.00036
110 59 1.00035
110 60 1.00033
110 61 1.00031
110 62 1.00028
110 63 1.00025
110 64 1.00022
110 65 1.00018
110 66 1.00014
110 67 1.00009
110 68 1.00004
110 69 0.999987
110 70 0.999928
110 71 0.999865
110 72 0.9998
110 73 0.999731
110 74 0.99966
110 75 0.999588
110 76 0.999515
110 77 0.999443
110 78 0.999371
110 79 0.999301
110 80 0.999234
110 81 0.99917
110 82 0.999111
110 83 0.999056
110 84 0.999007
110 85 0.998964
110 86 0.998927
110 87 0.998897
110 88 0.998874
110 89 0.998858
110 90 0.99885
110 91 0.998849
110 92 0.998856
110 93 0.998869
110 94 0.998891
110 95 0.998919
110 96 0.998954
110 97 0.998997
110 98 0.999046
110 99 0.999102
110 100 0.999165
110 101 0.999235
110 102 0.999312
110 103 0.999395
110 104 0.999487
110 105 0.999586
110 106 0.99969
110 107 0.999802
110 108 0.999926
110 109 1.00006
110 110 1.00019
110 111 1.00034
110 112 1.0005
110 113 1.00066
110 114 1.00082
110 115 1.001
110 116 1.00118
110 117 1.00135
110 118 1.00153
110 119 1.00171
110 120 1.00186
110 121 1.002
110 122 1.00212
110 123 1.00222
110 124 1.00228
110 125 1.00229
110 126 1.00228
110 127 1.00221

111 0 0
111 1 1.00063
111 2 1.00063
111 3 1.00063
111 4 1.00063
111 5 1.00063
111 6 1.00063
111 7 1.00062
111 8 1.00062
111 9 1.00062
111 10 1.00062
111 11 1.00061
111 12 1.00061
111 13 1.00061
111 14 1.0006
111 15 1.0006
111 16 1.0006
111 17 1.00059
111 18 1.00059
111 19 1.00059
111 20 1.00058
111 21 1.00058
111 22 1.00057
111 23 1.00057
111 24 1.00057
111 25 1.00056
111 26 1.00056
111 27 1.00055
111 28 1.00055
111 29 1.00054
111 30 1.00054
111 31 1.00053
111 32 1.00053
111 33 1.00052
111 34 1.00052
111 35 1.00051
111 36 1.00051
111 37 1.0005
111 38 1.0005
111 39 1.00049
111 40 1.00049
111 41 1.00048
111 42 1.00048
111 43 1.00047
111 44 1.00047
111 45 1.00046
111 46 1.00046
111 47 1.00045
111 48 1.00045
111 49 1.00044
111 50 1.00044
111 51 1.00043
111 52 1.00042
111 53 1.00042
111 54 1.00041
111 55 1.0004
111 56 1.00039
111 57 1.00038
111 58 1.00037
111 59 1.00035
111 60 1.00034
111 61 1.00032
111 62 1.00029
111 63 1.00027
111 64 1.00024
111 65 1.00021
111 66 1.00017
111 67 1.00013
111 68 1.00009
111 69 1.00004
111 70 0.999986
111 71 0.99993
111 72 0.999871
111 73 0.999809
111 74 0.999744
111 75 0.999678
111 76 0.99961
111 77 0.999543
111 78 0.999475
111 79 0.999408
111 80 0.999344
111 81 0.999282
111 82 0.999224
111 83 0.99917
111 84 0.99912
111 85 0.999077
111 86 0.999039
111 87 0.999007
111 88 0.998983
111 89 0.998965
111 90 0.998955
111 91 0.998952
111 92 0.998956
111 93 0.998968
111 94 0.998988
111 95 0.999015
111 96 0.99905
111 97 0.999092
111 98 0.999142
111 99 0.999199
111 100 0.999264
111 101 0.999337
111 102 0.999417
111 103 0.999505
111 104 0.999602
111 105 0.999706
111 106 0.999819
111 107 0.999944
111 108 1.00008
111 109 1.00021
111 110 1.00037
111 111 1.00053
111 112 1.0007
111 113 1.00087
111 114 1.00107
111 115 1.00127
111 116 1.00145
111 117 1.00166
111 118 1.00188
111 119 1.00206
111 120 1.00222
111 121 1.0024
111 122 1.00254
111 123 1.00263
111 124 1.0027
111 125 1.00273
111 126 1.00271
111 127 1.00263

112 0 0
112 1 1.00063
112 2 1.00063
112 3 1.00063
112 4 1.00063
112 5 1.00063
112 6 1.00062
112 7 1.00062
112 8 1.00062
112 9 1.00062
112 10 1.00061
112 11 1.00061
112 12 1.00061
112 13 1.00061
112 14 1.0006
112 15 1.0006
112 16 1.0006
112 17 1.00059
112 18 1.00059
112 19 1.00059
112 20 1.00058
112 21 1.00058
112 22 1.00057
112 23 1.00057
112 24 1.00056
112 25 1.00056
112 26 1.00055
112 27 1.00055
112 28 1.00055
112 29 1.00054
112 30 1.00054
112 31 1.00053
112 32 1.00052
112 33 1.00052
112 34 1.00051
112 35 1.00051
112 36 1.0005
112 37 1.0005
112 38 1.00049
112 39 1.00049
112 40 1.00048
112 41 1.00048
112 42 1.00047
112 43 1.00047
112 44 1.00046
112 45 1.00046
112 46 1.00045
112 47 1.00045
112 48 1.00044
112 49 1.00044
112 50 1.00043
112 51 1.00042
112 52 1.00042
112 53 1.00041
112 54 1.00041
112 55 1.0004
112 56 1.00039
112 57 1.00038
112 58 1.00037
112 59 1.00035
112 60 1.00034
112 61 1.00032
112 62 1.0003
112 63 1.00028
112 64 1.00026
112 65 1.00023
112 66 1.0002
112 67 1.00016
112 68 1.00012
112 69 1.00008
112 70 1.00004
112 71 0.999987
112 72 0.999934
112 73 0.999879
112 74 0.99982
112 75 0.99976
112 76 0.999698
112 77 0.999636
112 78 0.999573
112 79 0.999511
112 80 0.99945
112 81 0.999391
112 82 0.999335
112 83 0.999282
112 84 0.999234
112 85 0.99919
112 86 0.999152
112 87 0.99912
112 88 0.999094
112 89 0.999075
112 90 0.999063
112 91 0.999058
112 92 0.999061
112 93 0.999072
112 94 0.99909
112 95 0.999116
112 96 0.999151
112 97 0.999193
112 98 0.999243
112 99 0.999302
112 100 0.999368
112 101 0.999443
112 102 0.999528
112 103 0.999621
112 104 0.999722
112 105 0.999834
112 106 0.999958
112 107 1.00009
112 108 1.00023
112 109 1.00039
112 110 1.00056
112 111 1.00073
112 112 1.00091
112 113 1.00112
112 114 1.00134
112 115 1.00154
112 116 1.00176
112 117 1.00201
112 118 1.00223
112 119 1.00242
112 120 1.00265
112 121 1.00284
112 122 1.00298
112 123 1.0031
112 124 1.00319
112 125 1.00321
112 126 1.00319
112 127 1.0031

113 0 0
113 1 1.00063
113 2 1.00063
113 3 1.00063
113 4 1.00063
113 5 1.00062
113 6 1.00062
113 7 1.00062
113 8 1.00062
113 9 1.00062
113 10 1.00061
113 11 1.00061
113 12 1.00061
113 13 1.0006
113 14 1.0006
113 15 1.0006
113 16 1.00059
113 17 1.00059
113 18 1.00059
113 19 1.00058
113 20 1.00058
113 21 1.00058
113 22 1.00057
113 23 1.00057
113 24 1.00056
113 25 1.00056
113 26 1.00055
113 27 1.00055
113 28 1.00054
113 29 1.00054
113 30 1.00053
113 31 1.00053
113 32 1.00052
113 33 1.00052
113 34 1.00051
113 35 1.00051
113 36 1.0005
113 37 1.0005
113 38 1.00049
113 39 1.00048
113 40 1.00048
113 41 1.00047
113 42 1.00047
113 43 1.00046
113 44 1.00046
113 45 1.00045
113 46 1.00045
113 47 1.00044
113 48 1.00044
113 49 1.00043
113 50 1.00042
113 51 1.00042
113 52 1.00041
113 53 1.00041
113 54 1.0004
113 55 1.00039
113 56 1.00038
113 57 1.00038
113 58 1.00037
113 59 1.00035
113 60 1.00034
113 61 1.00033
113 62 1.00031
113 63 1.00029
113 64 1.00027
113 65 1.00024
113 66 1.00022
113 67 1.00019
113 68 1.00015
113 69 1.00012
113 70 1.00008
113 71 1.00003
113 72 0.999988
113 73 0.999939
113 74 0.999887
113 75 0.999833
113 76 0.999777
113 77 0.99972
113 78 0.999663
113 79 0.999605
113 80 0.999549
113 81 0.999493
113 82 0.99944
113 83 0.99939
113 84 0.999344
113 85 0.999301
113 86 0.999264
113 87 0.999232
113 88 0.999206
113 89 0.999186
113 90 0.999173
113 91 0.999168
113 92 0.999169
113 93 0.999179
113 94 0.999196
113 95 0.999222
113 96 0.999256
113 97 0.999298
113 98 0.999349
113 99 0.999409
113 100 0.999478
113 101 0.999556
113 102 0.999644
113 103 0.999741
113 104 0.999849
113 105 0.99997
113 106 1.0001
113 107 1.00024
113 108 1.0004
113 109 1.00057
113 110 1.00074
113 111 1.00093
113 112 1.00115
113 113 1.00138
113 114 1.00159
113 115 1.00184
113 116 1.00212
113 117 1.00236
113 118 1.00258
113 119 1.00287
113 120 1.00312
113 121 1.00329
113 122 1.00347
113 123 1.00364
113 124 1.00372
113 125 1.00373
113 126 1.00372
113 127 1.00363

114 0 0
114 1 1.00063
114 2 1.00063
114 3 1.00063
114 4 1.00062
114 5 1.00062
114 6 1.00062
114 7 1.00062
114 8 1.00062
114 9 1.00061
114 10 1.00061
114 11 1.00061
114 12 1.00061
114 13 1.0006
114 14 1.0006
114 15 1.0006
114 16 1.00059
114 17 1.00059
114 18 1.00059
114 19 1.00058
114 20 1.00058
114 21 1.00057
114 22 1.00057
114 23 1.00056
114 24 1.00056
114 25 1.00056
114 26 1.00055
114 27 1.00055
114 28 1.00054
114 29 1.00054
114 30 1.00053
114 31 1.00053
114 32 1.00052
114 33 1.00051
114 34 1.00051
114 35 1.0005
114 36 1.0005
114 37 1.00049
114 38 1.00049
114 39 1.00048
114 40 1.00048
114 41 1.00047
114 42 1.00046
114 43 1.00046
114 44 1.00045
114 45 1.00045
114 46 1.00044
114 47 1.00044
114 48 1.00043
114 49 1.00042
114 50 1.00042
114 51 1.00041
114 52 1.00041
114 53 1.0004
114 54 1.00039
114 55 1.00039
114 56 1.00038
114 57 1.00037
114 58 1.00036
114 59 1.00035
114 60 1.00034
114 61 1.00033
114 62 1.00031
114 63 1.00029
114 64 1.00028
114 65 1.00025
114 66 1.00023
114 67 1.00021
114 68 1.00018
114 69 1.00014
114 70 1.00011
114 71 1.00007
114 72 1.00003
114 73 0.999988
114 74 0.999943
114 75 0.999895
114 76 0.999845
114 77 0.999794
114 78 0.999742
114 79 0.99969
114 80 0.999639
114 81 0.999588
114 82 0.999539
114 83 0.999492
114 84 0.999448
114 85 0.999408
114 86 0.999372
114 87 0.999341
114 88 0.999316
114 89 0.999297
114 90 0.999284
114 91 0.999278
114 92 0.999279
114 93 0.999288
114 94 0.999305
114 95 0.99933
114 96 0.999364
114 97 0.999407
114 98 0.999459
114 99 0.99952
114 100 0.999591
114 101 0.999672
114 102 0.999763
114 103 0.999867
114 104 0.999982
114 105 1.00011
114 106 1.00024
114 107 1.0004
114 108 1.00057
114 109 1.00075
114 110 1.00094
114 111 1.00116
114 112 1.0014
114 113 1.00162
114 114 1.00188
114 115 1.00219
114 116 1.00245
114 117 1.0027
114 118 1.00304
114 119 1.00335
114 120 1.00355
114 121 1.0038
114 122 1.00406
114 123 1.0042
114 124 1.00428
114 125 1.00434
114 126 1.00431
114 127 1.00421

115 0 0
115 1 1.00063
115 2 1.00063
115 3 1.00062
115 4 1.00062
115 5 1.00062
115 6 1.00062
115 7 1.00062
115 8 1.00062
115 9 1.00061
115 10 1.00061
115 11 1.00061
115 12 1.00061
115 13 1.0006
115 14 1.0006
115 15 1.0006
115 16 1.00059
115 17 1.00059
115 18 1.00058
115 19 1.00058
115 20 1.00058
115 21 1.00057
115 22 1.00057
115 23 1.00056
115 24 1.00056
115 25 1.00055
115 26 1.00055
115 27 1.00054
115 28 1.00054
115 29 1.00053
115 30 1.00053
115 31 1.00052
115 32 1.00052
115 33 1.00051
115 34 1.00051
115 35 1.0005
115 36 1.00049
115 37 1.00049
115 38 1.00048
115 39 1.00048
115 40 1.00047
115 41 1.00047
115 42 1.00046
115 43 1.00045
115 44 1.00045
115 45 1.00044
115 46 1.00044
115 47 1.00043
115 48 1.00043
115 49 1.00042
115 50 1.00041
115 51 1.00041
115 52 1.0004
115 53 1.00039
115 54 1.00039
115 55 1.00038
115 56 1.00037
115 57 1.00037
115 58 1.00036
115 59 1.00035
115 60 1.00034
115 61 1.00032
115 62 1.00031
115 63 1.0003
115 64 1.00028
115 65 1.00026
115 66 1.00024
115 67 1.00022
115 68 1.00019
115 69 1.00016
115 70 1.00013
115 71 1.0001
115 72 1.00006
115 73 1.00003
115 74 0.999987
115 75 0.999945
115 76 0.999902
115 77 0.999856
115 78 0.99981
115 79 0.999764
115 80 0.999718
115 81 0.999672
115 82 0.999627
115 83 0.999584
115 84 0.999544
115 85 0.999507
115 86 0.999474
115 87 0.999445
115 88 0.999421
115 89 0.999403
115 90 0.999391
115 91 0.999385
115 92 0.999387
115 93 0.999396
115 94 0.999414
115 95 0.999439
115 96 0.999474
115 97 0.999517
115 98 0.999571
115 99 0.999634
115 100 0.999707
115 101 0.999791
115 102 0.999888
115 103 0.999996
115 104 1.00012
115 105 1.00025
115 106 1.0004
115 107 1.00056
115 108 1.00074
115 109 1.00093
115 110 1.00116
115 111 1.00139
115 112 1.00162
115 113 1.0019
115 114 1.00222
115 115 1.0025
115 116 1.00277
115 117 1.00315
115 118 1.00353
115 119 1.00376
115 120 1.00406
115 121 1.00445
115 122 1.00466
115 123 1.00478
115 124 1.00494
115 125 1.00503
115 126 1.00498
115 127 1.00484

116 0 0
116 1 1.00063
116 2 1.00062
116 3 1.00062
116 4 1.00062
116 5 1.00062
116 6 1.00062
116 7 1.00062
116 8 1.00061
116 9 1.00061
116 10 1.00061
116 11 1.00061
116 12 1.0006
116 13 1.0006
116 14 1.0006
116 15 1.00059
116 16 1.00059
116 17 1.00059
116 18 1.00058
116 19 1.00058
116 20 1.00057
116 21 1.00057
116 22 1.00057
116 23 1.00056
116 24 1.00056
116 25 1.00055
116 26 1.00055
116 27 1.00054
116 28 1.00054
116 29 1.00053
116 30 1.00053
116 31 1.00052
116 32 1.00052
116 33 1.00051
116 34 1.0005
116 35 1.0005
116 36 1.00049
116 37 1.00049
116 38 1.00048
116 39 1.00047
116 40 1.00047
116 41 1.00046
116 42 1.00046
116 43 1.00045
116 44 1.00044
116 45 1.00044
116 46 1.00043
116 47 1.00043
116 48 1.00042
116 49 1.00041
116 50 1.00041
116 51 1.0004
116 52 1.00039
116 53 1.00039
116 54 1.00038
116 55 1.00037
116 56 1.00037
116 57 1.00036
116 58 1.00035
116 59 1.00034
116 60 1.00033
116 61 1.00032
116 62 1.00031
116 63 1.00029
116 64 1.00028
116 65 1.00026
116 66 1.00024
116 67 1.00022
116 68 1.0002
116 69 1.00017
116 70 1.00015
116 71 1.00012
116 72 1.00009
116 73 1.00006
116 74 1.00002
116 75 0.999984
116 76 0.999946
116 77 0.999906
116 78 0.999866
116 79 0.999824
116 80 0.999783
116 81 0.999743
116 82 0.999703
116 83 0.999665
116 84 0.999629
116 85 0.999595
116 86 0.999565
116 87 0.999539
116 88 0.999518
116 89 0.999502
116 90 0.999492
116 91 0.999488
116 92 0.999491
116 93 0.999501
116 94 0.999519
116 95 0.999546
116 96 0.999581
116 97 0.999627
116 98 0.999682
116 99 0.999747
116 100 0.999823
116 101 0.999912
116 102 1.00001
116 103 1.00012
116 104 1.00025
116 105 1.0004
116 106 1.00055
116 107 1.00072
116 108 1.00092
116 109 1.00114
116 110 1.00136
116 111 1.0016
116 112 1.00189
116 113 1.00221
116 114 1.0025
116 115 1.0028
116 116 1.00321
116 117 1.00362
116 118 1.00389
116 119 1.00426
116 120 1.00477
116 121 1.00502
116 122 1.00519
116 123 1.00556
116 124 1.00574
116 125 1.00572
116 126 1.00571
116 127 1.00557

117 0 0
117 1 1.00062
117 2 1.00062
117 3 1.00062
117 4 1.00062
117 5 1.00062
117 6 1.00062
117 7 1.00062
117 8 1.00061
117 9 1.00061
117 10 1.00061
117 11 1.00061
117 12 1.0006
117 13 1.0006
117 14 1.0006
117 15 1.00059
117 16 1.00059
117 17 1.00059
117 18 1.00058
117 19 1.00058
117 20 1.00057
117 21 1.00057
117 22 1.00056
117 23 1.00056
117 24 1.00056
117 25 1.00055
117 26 1.00055
117 27 1.00054
117 28 1.00054
117 29 1.00053
117 30 1.00052
117 31 1.00052
117 32 1.00051
117 33 1.00051
117 34 1.0005
117 35 1.0005
117 36 1.00049
117 37 1.00048
117 38 1.00048
117 39 1.00047
117 40 1.00047
117 41 1.00046
117 42 1.00045
117 43 1.00045
117 44 1.00044
117 45 1.00043
117 46 1.00043
117 47 1.00042
117 48 1.00041
117 49 1.00041
117 50 1.0004
117 51 1.00039
117 52 1.00039
117 53 1.00038
117 54 1.00037
117 55 1.00037
117 56 1.00036
117 57 1.00035
117 58 1.00034
117 59 1.00033
117 60 1.00032
117 61 1.00031
117 62 1.0003
117 63 1.00029
117 64 1.00027
117 65 1.00026
117 66 1.00024
117 67 1.00022
117 68 1.0002
117 69 1.00018
117 70 1.00015
117 71 1.00013
117 72 1.0001
117 73 1.00007
117 74 1.00004
117 75 1.00001
117 76 0.999977
117 77 0.999942
117 78 0.999907
117 79 0.999871
117 80 0.999835
117 81 0.999799
117 82 0.999765
117 83 0.999731
117 84 0.999699
117 85 0.99967
117 86 0.999644
117 87 0.999622
117 88 0.999603
117 89 0.99959
117 90 0.999582
117 91 0.99958
117 92 0.999585
117 93 0.999598
117 94 0.999618
117 95 0.999646
117 96 0.999684
117 97 0.999731
117 98 0.999788
117 99 0.999857
117 100 0.999937
117 101 1.00003
117 102 1.00013
117 103 1.00025
117 104 1.00039
117 105 1.00054
117 106 1.0007
117 107 1.00089
117 108 1.0011
117 109 1.00132
117 110 1.00156
117 111 1.00185
117 112 1.00216
117 113 1.00245
117 114 1.00278
117 115 1.00321
117 116 1.00364
117 117 1.00395
117 118 1.00436
117 119 1.00496
117 120 1.00534
117 121 1.00552
117 122 1.00602
117 123 1.00642
117 124 1.00648
117 125 1.00651
117 126 1.00654
117 127 1.00647

118 0 0
118 1 1.00062
118 2 1.00062
118 3 1.00062
118 4 1.00062
118 5 1.00062
118 6 1.00062
118 7 1.00062
118 8 1.00061
118 9 1.00061
118 10 1.00061
118 11 1.00061
118 12 1.0006
118 13 1.0006
118 14 1.0006
118 15 1.00059
118 16 1.00059
118 17 1.00058
118 18 1.00058
118 19 1.00058
118 20 1.00057
118 21 1.00057
118 22 1.00056
118 23 1.00056
118 24 1.00055
118 25 1.00055
118 26 1.00054
118 27 1.00054
118 28 1.00053
118 29 1.00053
118 30 1.00052
118 31 1.00052
118 32 1.00051
118 33 1.00051
118 34 1.0005
118 35 1.00049
118 36 1.00049
118 37 1.00048
118 38 1.00047
118 39 1.00047
118 40 1.00046
118 41 1.00046
118 42 1.00045
118 43 1.00044
118 44 1.00044
118 45 1.00043
118 46 1.00042
118 47 1.00042
118 48 1.00041
118 49 1.0004
118 50 1.0004
118 51 1.00039
118 52 1.00038
118 53 1.00037
118 54 1.00037
118 55 1.00036
118 56 1.00035
118 57 1.00034
118 58 1.00033
118 59 1.00032
118 60 1.00031
118 61 1.0003
118 62 1.00029
118 63 1.00028
118 64 1.00026
118 65 1.00025
118 66 1.00023
118 67 1.00022
118 68 1.0002
118 69 1.00018
118 70 1.00016
118 71 1.00013
118 72 1.00011
118 73 1.00008
118 74 1.00005
118 75 1.00003
118 76 0.999997
118 77 0.999966
118 78 0.999935
118 79 0.999904
118 80 0.999872
118 81 0.999841
118 82 0.999811
118 83 0.999782
118 84 0.999754
118 85 0.99973
118 86 0.999707
118 87 0.999689
118 88 0.999674
118 89 0.999664
118 90 0.999659
118 91 0.999661
118 92 0.999668
118 93 0.999683
118 94 0.999706
118 95 0.999737
118 96 0.999777
118 97 0.999826
118 98 0.999887
118 99 0.999958
118 100 1.00004
118 101 1.00014
118 102 1.00025
118 103 1.00037
118 104 1.00051
118 105 1.00067
118 106 1.00085
118 107 1.00105
118 108 1.00126
118 109 1.0015
118 110 1.00178
118 111 1.00208
118 112 1.00237
118 113 1.00272
118 114 1.00316
118 115 1.00357
118 116 1.0039
118 117 1.0044
118 118 1.00507
118 119 1.00546
118 120 1.00569
118 121 1.00644
118 122 1.0071
118 123 1.00699
118 124 1.00725
118 125 1.00772
118 126 1.00757
118 127 1.00725

119 0 0
119 1 1.00062
119 2 1.00062
119 3 1.00062
119 4 1.00062
119 5 1.00062
119 6 1.00062
119 7 1.00061
119 8 1.00061
119 9 1.00061
119 10 1.00061
119 11 1.0006
119 12 1.0006
119 13 1.0006
119 14 1.00059
119 15 1.00059
119 16 1.00059
119 17 1.00058
119 18 1.00058
119 19 1.00058
119 20 1.00057
119 21 1.00057
119 22 1.00056
119 23 1.00056
119 24 1.00055
119 25 1.00055
119 26 1.00054
119 27 1.00054
119 28 1.00053
119 29 1.00053
119 30 1.00052
119 31 1.00052
119 32 1.00051
119 33 1.0005
119 34 1.0005
119 35 1.00049
119 36 1.00049
119 37 1.00048
119 38 1.00047
119 39 1.00047
119 40 1.00046
119 41 1.00045
119 42 1.00045
119 43 1.00044
119 44 1.00043
119 45 1.00043
119 46 1.00042
119 47 1.00041
119 48 1.0004
119 49 1.0004
119 50 1.00039
119 51 1.00038
119 52 1.00037
119 53 1.00037
119 54 1.00036
119 55 1.00035
119 56 1.00034
119 57 1.00033
119 58 1.00032
119 59 1.00031
119 60 1.0003
119 61 1.00029
119 62 1.00028
119 63 1.00027
119 64 1.00025
119 65 1.00024
119 66 1.00022
119 67 1.00021
119 68 1.00019
119 69 1.00017
119 70 1.00015
119 71 1.00013
119 72 1.00011
119 73 1.00008
119 74 1.00006
119 75 1.00003
119 76 1.00001
119 77 0.999978
119 78 0.99995
119 79 0.999923
119 80 0.999895
119 81 0.999868
119 82 0.999841
119 83 0.999816
119 84 0.999793
119 85 0.999772
119 86 0.999754
119 87 0.999739
119 88 0.999728
119 89 0.999722
119 90 0.99972
119 91 0.999725
119 92 0.999735
119 93 0.999753
119 94 0.999779
119 95 0.999812
119 96 0.999856
119 97 0.999909
119 98 0.999972
119 99 1.00005
119 100 1.00014
119 101 1.00024
119 102 1.00035
119 103 1.00048
119 104 1.00063
119 105 1.0008
119 106 1.00098
119 107 1.00119
119 108 1.00142
119 109 1.00168
119 110 1.00197
119 111 1.00226
119 112 1.00261
119 113 1.00303
119 114 1.00343
119 115 1.00381
119 116 1.00434
119 117 1.00499
119 118 1.00545
119 119 1.00583
119 120 1.00662
119 121 1.00745
119 122 1.00753
119 123 1.00791
119 124 1.00867
119 125 1.00871
119 126 1.00864
119 127 1.00824

120 0 0
120 1 1.00062
120 2 1.00062
120 3 1.00062
120 4 1.00062
120 5 1.00062
120 6 1.00062
120 7 1.00061
120 8 1.00061
120 9 1.00061
120 10 1.00061
120 11 1.0006
120 12 1.0006
120 13 1.0006
120 14 1.00059
120 15 1.00059
120 16 1.00059
120 17 1.00058
120 18 1.00058
120 19 1.00057
120 20 1.00057
120 21 1.00057
120 22 1.00056
120 23 1.00056
120 24 1.00055
120 25 1.00055
120 26 1.00054
120 27 1.00054
120 28 1.00053
120 29 1.00053
120 30 1.00052
120 31 1.00051
120 32 1.00051
120 33 1.0005
120 34 1.0005
120 35 1.00049
120 36 1.00048
120 37 1.00048
120 38 1.00047
120 39 1.00046
120 40 1.00046
120 41 1.00045
120 42 1.00044
120 43 1.00044
120 44 1.00043
120 45 1.00042
120 46 1.00041
120 47 1.00041
120 48 1.0004
120 49 1.00039
120 50 1.00038
120 51 1.00038
120 52 1.00037
120 53 1.00036
120 54 1.00035
120 55 1.00034
120 56 1.00033
120 57 1.00032
120 58 1.00031
120 59 1.0003
120 60 1.00029
120 61 1.00028
120 62 1.00027
120 63 1.00025
120 64 1.00024
120 65 1.00023
120 66 1.00021
120 67 1.00019
120 68 1.00018
120 69 1.00016
120 70 1.00014
120 71 1.00012
120 72 1.0001
120 73 1.00008
120 74 1.00005
120 75 1.00003
120 76 1
120 77 0.999979
120 78 0.999954
120 79 0.999929
120 80 0.999904
120 81 0.99988
120 82 0.999857
120 83 0.999835
120 84 0.999816
120 85 0.999798
120 86 0.999783
120 87 0.999772
120 88 0.999764
120 89 0.999761
120 90 0.999763
120 91 0.99977
120 92 0.999784
120 93 0.999805
120 94 0.999834
120 95 0.999871
120 96 0.999917
120 97 0.999974
120 98 1.00004
120 99 1.00012
120 100 1.00021
120 101 1.00032
120 102 1.00044
120 103 1.00058
120 104 1.00073
120 105 1.0009
120 106 1.0011
120 107 1.00132
120 108 1.00156
120 109 1.00183
120 110 1.00212
120 111 1.00247
120 112 1.00286
120 113 1.00323
120 114 1.00363
120 115 1.0042
120 116 1.00484
120 117 1.00526
120 118 1.00573
120 119 1.00674
120 120 1.00768
120 121 1.00767
120 122 1.00808
120 123 1.00988
120 124 1.01009
120 125 1.00927
120 126 1.0098
120 127 1.01012

121 0 0
121 1 1.00062
121 2 1.00062
121 3 1.00062
121 4 1.00062
121 5 1.00062
121 6 1.00062
121 7 1.00061
121 8 1.00061
121 9 1.00061
121 10 1.00061
121 11 1.0006
121 12 1.0006
121 13 1.0006
121 14 1.00059
121 15 1.00059
121 16 1.00059
121 17 1.00058
121 18 1.00058
121 19 1.00057
121 20 1.00057
121 21 1.00057
121 22 1.00056
121 23 1.00056
121 24 1.00055
121 25 1.00055
121 26 1.00054
121 27 1.00054
121 28 1.00053
121 29 1.00052
121 30 1.00052
121 31 1.00051
121 32 1.00051
121 33 1.0005
121 34 1.00049
121 35 1.00049
121 36 1.00048
121 37 1.00048
121 38 1.00047
121 39 1.00046
121 40 1.00045
121 41 1.00045
121 42 1.00044
121 43 1.00043
121 44 1.00043
121 45 1.00042
121 46 1.00041
121 47 1.0004
121 48 1.0004
121 49 1.00039
121 50 1.00038
121 51 1.00037
121 52 1.00036
121 53 1.00035
121 54 1.00034
121 55 1.00033
121 56 1.00033
121 57 1.00031
121 58 1.0003
121 59 1.00029
121 60 1.00028
121 61 1.00027
121 62 1.00026
121 63 1.00024
121 64 1.00023
121 65 1.00021
121 66 1.0002
121 67 1.00018
121 68 1.00016
121 69 1.00014
121 70 1.00013
121 71 1.00011
121 72 1.00008
121 73 1.00006
121 74 1.00004
121 75 1.00002
121 76 0.999994
121 77 0.999971
121 78 0.999948
121 79 0.999925
121 80 0.999902
121 81 0.99988
121 82 0.999859
121 83 0.99984
121 84 0.999823
121 85 0.999808
121 86 0.999796
121 87 0.999787
121 88 0.999782
121 89 0.999782
121 90 0.999787
121 91 0.999797
121 92 0.999814
121 93 0.999838
121 94 0.999869
121 95 0.999909
121 96 0.999959
121 97 1.00002
121 98 1.00009
121 99 1.00017
121 100 1.00027
121 101 1.00038
121 102 1.0005
121 103 1.00065
121 104 1.00081
121 105 1.00099
121 106 1.00119
121 107 1.00142
121 108 1.00167
121 109 1.00195
121 110 1.00228
121 111 1.00263
121 112 1.00299
121 113 1.00342
121 114 1.00396
121 115 1.00449
121 116 1.00496
121 117 1.00562
121 118 1.00657
121 119 1.00731
121 120 1.0077
121 121 1.00866
121 122 1.01035
121 123 1.01052
121 124 1.01011
121 125 1.01186
121 126 1.01174
121 127 1.01123

122 0 0
122 1 1.00062
122 2 1.00062
122 3 1.00062
122 4 1.00062
122 5 1.00062
122 6 1.00062
122 7 1.00061
122 8 1.00061
122 9 1.00061
122 10 1.00061
122 11 1.0006
122 12 1.0006
122 13 1.0006
122 14 1.00059
122 15 1.00059
122 16 1.00059
122 17 1.00058
122 18 1.00058
122 19 1.00057
122 20 1.00057
122 21 1.00056
122 22 1.00056
122 23 1.00056
122 24 1.00055
122 25 1.00055
122 26 1.00054
122 27 1.00053
122 28 1.00053
122 29 1.00052
122 30 1.00052
122 31 1.00051
122 32 1.00051
122 33 1.0005
122 34 1.00049
122 35 1.00049
122 36 1.00048
122 37 1.00047
122 38 1.00047
122 39 1.00046
122 40 1.00045
122 41 1.00045
122 42 1.00044
122 43 1.00043
122 44 1.00042
122 45 1.00042
122 46 1.00041
122 47 1.0004
122 48 1.00039
122 49 1.00038
122 50 1.00037
122 51 1.00037
122 52 1.00036
122 53 1.00035
122 54 1.00034
122 55 1.00033
122 56 1.00032
122 57 1.00031
122 58 1.0003
122 59 1.00028
122 60 1.00027
122 61 1.00026
122 62 1.00024
122 63 1.00023
122 64 1.00021
122 65 1.0002
122 66 1.00018
122 67 1.00017
122 68 1.00015
122 69 1.00013
122 70 1.00011
122 71 1.00009
122 72 1.00007
122 73 1.00005
122 74 1.00002
122 75 1
122 76 0.999979
122 77 0.999956
122 78 0.999933
122 79 0.999911
122 80 0.99989
122 81 0.999869
122 82 0.99985
122 83 0.999832
122 84 0.999816
122 85 0.999803
122 86 0.999793
122 87 0.999786
122 88 0.999784
122 89 0.999785
122 90 0.999792
122 91 0.999805
122 92 0.999824
122 93 0.99985
122 94 0.999884
122 95 0.999927
122 96 0.999979
122 97 1.00004
122 98 1.00011
122 99 1.0002
122 100 1.0003
122 101 1.00041
122 102 1.00054
122 103 1.00069
122 104 1.00086
122 105 1.00104
122 106 1.00125
122 107 1.00149
122 108 1.00175
122 109 1.00205
122 110 1.00237
122 111 1.00272
122 112 1.00313
122 113 1.00362
122 114 1.00412
122 115 1.0046
122 116 1.00525
122 117 1.00615
122 118 1.00691
122 119 1.00733
122 120 1.00841
122 121 1.01041
122 122 1.01136
122 123 1.01032
122 124 1.01236
122 125 1.01549
122 126 1.0138
122 127 1.01078

123 0 0
123 1 1.00062
123 2 1.00062
123 3 1.00062
123 4 1.00062
123 5 1.00062
123 6 1.00062
123 7 1.00061
123 8 1.00061
123 9 1.00061
123 10 1.00061
123 11 1.0006
123 12 1.0006
123 13 1.0006
123 14 1.00059
123 15 1.00059
123 16 1.00059
123 17 1.00058
123 18 1.00058
123 19 1.00057
123 20 1.00057
123 21 1.00056
123 22 1.00056
123 23 1.00056
123 24 1.00055
123 25 1.00054
123 26 1.00054
123 27 1.00053
123 28 1.00053
123 29 1.00052
123 30 1.00052
123 31 1.00051
123 32 1.00051
123 33 1.0005
123 34 1.00049
123 35 1.00049
123 36 1.00048
123 37 1.00047
123 38 1.00047
123 39 1.00046
123 40 1.00045
123 41 1.00044
123 42 1.00044
123 43 1.00043
123 44 1.00042
123 45 1.00041
123 46 1.00041
123 47 1.0004
123 48 1.00039
123 49 1.00038
123 50 1.00037
123 51 1.00036
123 52 1.00035
123 53 1.00034
123 54 1.00033
123 55 1.00032
123 56 1.00031
123 57 1.0003
123 58 1.00029
123 59 1.00027
123 60 1.00026
123 61 1.00025
123 62 1.00023
123 63 1.00022
123 64 1.0002
123 65 1.00019
123 66 1.00017
123 67 1.00015
123 68 1.00013
123 69 1.00011
123 70 1.00009
123 71 1.00007
123 72 1.00005
123 73 1.00003
123 74 1
123 75 0.999981
123 76 0.999958
123 77 0.999936
123 78 0.999913
123 79 0.999891
123 80 0.99987
123 81 0.99985
123 82 0.999831
123 83 0.999814
123 84 0.999799
123 85 0.999787
123 86 0.999778
123 87 0.999772
123 88 0.99977
123 89 0.999773
123 90 0.999782
123 91 0.999796
123 92 0.999816
123 93 0.999844
123 94 0.99988
123 95 0.999924
123 96 0.999978
123 97 1.00004
123 98 1.00012
123 99 1.00021
123 100 1.00031
123 101 1.00042
123 102 1.00056
123 103 1.00071
123 104 1.00088
123 105 1.00107
123 106 1.00128
123 107 1.00152
123 108 1.0018
123 109 1.00209
123 110 1.00242
123 111 1.00281
123 112 1.00324
123 113 1.00367
123 114 1.00416
123 115 1.00485
123 116 1.00558
123 117 1.00611
123 118 1.00683
123 119 1.00831
123 120 1.00968
123 121 1.00985
123 122 1.01089
123 123 1.01485
123 124 1.01723
123 125 1.0122
123 126 1.01485
123 127 1.01963

124 0 0
124 1 1.00062
124 2 1.00062
124 3 1.00062
124 4 1.00062
124 5 1.00062
124 6 1.00062
124 7 1.00061
124 8 1.00061
124 9 1.00061
124 10 1.00061
124 11 1.0006
124 12 1.0006
124 13 1.0006
124 14 1.00059
124 15 1.00059
124 16 1.00059
124 17 1.00058
124 18 1.00058
124 19 1.00057
124 20 1.00057
124 21 1.00056
124 22 1.00056
124 23 1.00055
124 24 1.00055
124 25 1.00054
124 26 1.00054
124 27 1.00053
124 28 1.00053
124 29 1.00052
124 30 1.00052
124 31 1.00051
124 32 1.0005
124 33 1.0005
124 34 1.00049
124 35 1.00049
124 36 1.00048
124 37 1.00047
124 38 1.00047
124 39 1.00046
124 40 1.00045
124 41 1.00044
124 42 1.00044
124 43 1.00043
124 44 1.00042
124 45 1.00041
124 46 1.0004
124 47 1.00039
124 48 1.00039
124 49 1.00038
124 50 1.00037
124 51 1.00036
124 52 1.00035
124 53 1.00034
124 54 1.00033
124 55 1.00031
124 56 1.0003
124 57 1.00029
124 58 1.00028
124 59 1.00027
124 60 1.00025
124 61 1.00024
124 62 1.00022
124 63 1.00021
124 64 1.00019
124 65 1.00017
124 66 1.00015
124 67 1.00013
124 68 1.00011
124 69 1.00009
124 70 1.00007
124 71 1.00005
124 72 1.00003
124 73 1.00001
124 74 0.999982
124 75 0.999958
124 76 0.999935
124 77 0.999912
124 78 0.999888
124 79 0.999866
124 80 0.999844
124 81 0.999824
124 82 0.999805
124 83 0.999788
124 84 0.999773
124 85 0.999761
124 86 0.999752
124 87 0.999746
124 88 0.999745
124 89 0.999749
124 90 0.999757
124 91 0.999772
124 92 0.999793
124 93 0.999821
124 94 0.999858
124 95 0.999903
124 96 0.999958
124 97 1.00002
124 98 1.0001
124 99 1.00019
124 100 1.00029
124 101 1.00041
124 102 1.00055
124 103 1.0007
124 104 1.00087
124 105 1.00106
124 106 1.00128
124 107 1.00153
124 108 1.0018
124 109 1.0021
124 110 1.00244
124 111 1.00283
124 112 1.00324
124 113 1.00372
124 114 1.00427
124 115 1.00488
124 116 1.00552
124 117 1.0063
124 118 1.00727
124 119 1.00838
124 120 1.00934
124 121 1.0106
124 122 1.01267
124 123 1.01595
124 124 1.01717
124 125 1.01732
124 126 1.02139
124 127 1.02063

125 0 0
125 1 1.00063
125 2 1.00062
125 3 1.00062
125 4 1.00062
125 5 1.00062
125 6 1.00062
125 7 1.00061
125 8 1.00061
125 9 1.00061
125 10 1.00061
125 11 1.0006
125 12 1.0006
125 13 1.0006
125 14 1.00059
125 15 1.00059
125 16 1.00059
125 17 1.00058
125 18 1.00058
125 19 1.00057
125 20 1.00057
125 21 1.00056
125 22 1.00056
125 23 1.00055
125 24 1.00055
125 25 1.00054
125 26 1.00054
125 27 1.00053
125 28 1.00053
125 29 1.00052
125 30 1.00052
125 31 1.00051
125 32 1.0005
125 33 1.0005
125 34 1.00049
125 35 1.00049
125 36 1.00048
125 37 1.00047
125 38 1.00046
125 39 1.00046
125 40 1.00045
125 41 1.00044
125 42 1.00043
125 43 1.00043
125 44 1.00042
125 45 1.00041
125 46 1.0004
125 47 1.00039
125 48 1.00038
125 49 1.00037
125 50 1.00036
125 51 1.00035
125 52 1.00034
125 53 1.00033
125 54 1.00032
125 55 1.00031
125 56 1.0003
125 57 1.00028
125 58 1.00027
125 59 1.00026
125 60 1.00024
125 61 1.00023
125 62 1.00021
125 63 1.00019
125 64 1.00018
125 65 1.00016
125 66 1.00014
125 67 1.00012
125 68 1.0001
125 69 1.00008
125 70 1.00005
125 71 1.00003
125 72 1.00001
125 73 0.999983
125 74 0.999959
125 75 0.999934
125 76 0.99991
125 77 0.999885
125 78 0.999861
125 79 0.999838
125 80 0.999815
125 81 0.999794
125 82 0.999774
125 83 0.999756
125 84 0.999741
125 85 0.999728
125 86 0.999718
125 87 0.999712
125 88 0.999711
125 89 0.999714
125 90 0.999722
125 91 0.999736
125 92 0.999757
125 93 0.999785
125 94 0.999822
125 95 0.999867
125 96 0.999921
125 97 0.999987
125 98 1.00006
125 99 1.00015
125 100 1.00026
125 101 1.00037
125 102 1.00051
125 103 1.00066
125 104 1.00083
125 105 1.00103
125 106 1.00125
125 107 1.00149
125 108 1.00176
125 109 1.00208
125 110 1.00242
125 111 1.00279
125 112 1.00321
125 113 1.00373
125 114 1.00428
125 115 1.0048
125 116 1.00547
125 117 1.00654
125 118 1.00738
125 119 1.00783
125 120 1.00926
125 121 1.01254
125 122 1.01336
125 123 1.01217
125 124 1.01701
125 125 1.0341
125 126 1.03034
125 127 1.00513

126 0 0
126 1 1.00063
126 2 1.00063
126 3 1.00062
126 4 1.00062
126 5 1.00062
126 6 1.00062
126 7 1.00061
126 8 1.00061
126 9 1.00061
126 10 1.00061
126 11 1.0006
126 12 1.0006
126 13 1.0006
126 14 1.00059
126 15 1.00059
126 16 1.00059
126 17 1.00058
126 18 1.00058
126 19 1.00057
126 20 1.00057
126 21 1.00056
126 22 1.00056
126 23 1.00055
126 24 1.00055
126 25 1.00054
126 26 1.00054
126 27 1.00053
126 28 1.00053
126 29 1.00052
126 30 1.00052
126 31 1.00051
126 32 1.0005
126 33 1.0005
126 34 1.00049
126 35 1.00049
126 36 1.00048
126 37 1.00047
126 38 1.00046
126 39 1.00046
126 40 1.00045
126 41 1.00044
126 42 1.00043
126 43 1.00043
126 44 1.00042
126 45 1.00041
126 46 1.0004
126 47 1.00039
126 48 1.00038
126 49 1.00037
126 50 1.00036
126 51 1.00035
126 52 1.00034
126 53 1.00033
126 54 1.00032
126 55 1.0003
126 56 1.00029
126 57 1.00028
126 58 1.00026
126 59 1.00025
126 60 1.00023
126 61 1.00022
126 62 1.0002
126 63 1.00018
126 64 1.00017
126 65 1.00015
126 66 1.00013
126 67 1.0001
126 68 1.00008
126 69 1.00006
126 70 1.00004
126 71 1.00001
126 72 0.999987
126 73 0.999961
126 74 0.999936
126 75 0.99991
126 76 0.999884
126 77 0.999858
126 78 0.999832
126 79 0.999808
126 80 0.999784
126 81 0.999761
126 82 0.99974
126 83 0.999721
126 84 0.999704
126 85 0.99969
126 86 0.999679
126 87 0.999672
126 88 0.999669
126 89 0.999671
126 90 0.999679
126 91 0.999692
126 92 0.999712
126 93 0.999739
126 94 0.999774
126 95 0.999818
126 96 0.999872
126 97 0.999936
126 98 1.00001
126 99 1.0001
126 100 1.0002
126 101 1.00032
126 102 1.00045
126 103 1.0006
126 104 1.00078
126 105 1.00097
126 106 1.00118
126 107 1.00143
126 108 1.0017
126 109 1.002
126 110 1.00234
126 111 1.00274
126 112 1.00317
126 113 1.00361
126 114 1.00415
126 115 1.00484
126 116 1.00548
126 117 1.00609
126 118 1.00717
126 119 1.00864
126 120 1.00929
126 121 1.01001
126 122 1.01358
126 123 1.01784
126 124 1.01637
126 125 1.02014
126 126 1.0387
126 127 1.06813

127 0 0
127 1 0
127 2 0
127 3 0
127 4 0
127 5 0
127 6 0
127 7 0
127 8 0
127 9 0
127 10 0
127 11 0
127 12 0
127 13 0
127 14 0
127 15 0
127 16 0
127 17 0
127 18 0
127 19 0
127 20 0
127 21 0
127 22 0
127 23 0
127 24 0
127 25 0
127 26 0
127 27 0
127 28 0
127 29 0
127 30 0
127 31 0
127 32 0
127 33 0
127 34 0
127 35 0
127 36 0
127 37 0
127 38 0
127 39 0
127 40 0
127 41 0
127 42 0
127 43 0
127 44 0
127 45 0
127 46 0
127 47 0
127 48 0
127 49 0
127 50 0
127 51 0
127 52 0
127 53 0
127 54 0
127 55 0
127 56 0
127 57 0
127 58 0
127 59 0
127 60 0
127 61 0
127 62 0
127 63 0
127 64 0
127 65 0
127 66 0
127 67 0
127 68 0
127 69 0
127 70 0
127 71 0
127 72 0
127 73 0
127 74 0
127 75 0
127 76 0
127 77 0
127 78 0
127 79 0
127 80 0
127 81 0
127 82 0
127 83 0
127 84 0
127 85 0
127 86 0
127 87 0
127 88 0
127 89 0
127 90 0
127 91 0
127 92 0
127 93 0
127 94 0
127 95 0
127 96 0
127 97 0
127 98 0
127 99 0
127 100 0
127 101 0
127 102 0
127 103 0
127 104 0
127 105 0
127 106 0
127 107 0
127 108 0
127 109 0
127 110 0
127 111 0
127 112 0
127 113 0
127 114 0
127 115 0
127 116 0
127 117 0
127 118 0
127 119 0
127 120 0
127 121 0
127 122 0
127 123 0
127 124 0
127 125 0
127 126 0
127 127 0

