0 0 0
0 1 0
0 2 0
0 3 0
0 4 0
0 5 0
0 6 0
0 7 0
0 8 0
0 9 0
0 10 0
0 11 0
0 12 0
0 13 0
0 14 0
0 15 0
0 16 0
0 17 0
0 18 0
0 19 0
0 20 0
0 21 0
0 22 0
0 23 0
0 24 0
0 25 0
0 26 0
0 27 0
0 28 0
0 29 0
0 30 0
0 31 0
0 32 0
0 33 0
0 34 0
0 35 0
0 36 0
0 37 0
0 38 0
0 39 0
0 40 0
0 41 0
0 42 0
0 43 0
0 44 0
0 45 0
0 46 0
0 47 0
0 48 0
0 49 0
0 50 0
0 51 0
0 52 0
0 53 0
0 54 0
0 55 0
0 56 0
0 57 0
0 58 0
0 59 0
0 60 0
0 61 0
0 62 0
0 63 0
0 64 0
0 65 0
0 66 0
0 67 0
0 68 0
0 69 0
0 70 0
0 71 0
0 72 0
0 73 0
0 74 0
0 75 0
0 76 0
0 77 0
0 78 0
0 79 0
0 80 0
0 81 0
0 82 0
0 83 0
0 84 0
0 85 0
0 86 0
0 87 0
0 88 0
0 89 0
0 90 0
0 91 0
0 92 0
0 93 0
0 94 0
0 95 0
0 96 0
0 97 0
0 98 0
0 99 0
0 100 0
0 101 0
0 102 0
0 103 0
0 104 0
0 105 0
0 106 0
0 107 0
0 108 0
0 109 0
0 110 0
0 111 0
0 112 0
0 113 0
0 114 0
0 115 0
0 116 0
0 117 0
0 118 0
0 119 0
0 120 0
0 121 0
0 122 0
0 123 0
0 124 0
0 125 0
0 126 0
0 127 0

1 0 0
1 1 0.999887
1 2 0.999887
1 3 0.999888
1 4 0.99989
1 5 0.999891
1 6 0.999893
1 7 0.999894
1 8 0.999896
1 9 0.999898
1 10 0.9999
1 11 0.999903
1 12 0.999905
1 13 0.999907
1 14 0.999909
1 15 0.999911
1 16 0.999913
1 17 0.999915
1 18 0.999916
1 19 0.999918
1 20 0.999919
1 21 0.999921
1 22 0.999922
1 23 0.999923
1 24 0.999924
1 25 0.999924
1 26 0.999925
1 27 0.999925
1 28 0.999925
1 29 0.999924
1 30 0.999924
1 31 0.999923
1 32 0.999922
1 33 0.99992
1 34 0.999918
1 35 0.999916
1 36 0.999914
1 37 0.999911
1 38 0.999907
1 39 0.999904
1 40 0.9999
1 41 0.999895
1 42 0.99989
1 43 0.999885
1 44 0.999879
1 45 0.999873
1 46 0.999867
1 47 0.99986
1 48 0.999853
1 49 0.999845
1 50 0.999837
1 51 0.999828
1 52 0.99982
1 53 0.99981
1 54 0.999801
1 55 0.999791
1 56 0.99978
1 57 0.999769
1 58 0.999758
1 59 0.999747
1 60 0.999735
1 61 0.999723
1 62 0.999711
1 63 0.999699
1 64 0.999686
1 65 0.999673
1 66 0.99966
1 67 0.999647
1 68 0.999633
1 69 0.99962
1 70 0.999607
1 71 0.999593
1 72 0.999579
1 73 0.999566
1 74 0.999552
1 75 0.999539
1 76 0.999525
1 77 0.999512
1 78 0.999498
1 79 0.999485
1 80 0.999472
1 81 0.999459
1 82 0.999446
1 83 0.999433
1 84 0.99942
1 85 0.999408
1 86 0.999396
1 87 0.999384
1 88 0.999372
1 89 0.99936
1 90 0.999348
1 91 0.999337
1 92 0.999325
1 93 0.999314
1 94 0.999303
1 95 0.999291
1 96 0.99928
1 97 0.999269
1 98 0.999257
1 99 0.999245
1 100 0.999234
1 101 0.999221
1 102 0.999208
1 103 0.999195
1 104 0.999182
1 105 0.999166
1 106 0.999149
1 107 0.999134
1 108 0.999114
1 109 0.999088
1 110 0.999065
1 111 0.999046
1 112 0.999
1 113 0.998946
1 114 0.998931
1 115 0.99889
1 116 0.998723
1 117 0.998639
1 118 0.998724
1 119 0.998437
1 120 0.997754
1 121 0.998043
1 122 0.998402
1 123 0.995773
1 124 0.993759
1 125 0.996376
1 126 0.993691
1 127 0.971516

2 0 0
2 1 0.999887
2 2 0.999888
2 3 0.999889
2 4 0.99989
2 5 0.999891
2 6 0.999893
2 7 0.999895
2 8 0.999896
2 9 0.999898
2 10 0.9999
2 11 0.999902
2 12 0.999904
2 13 0.999906
2 14 0.999908
2 15 0.99991
2 16 0.999912
2 17 0.999913
2 18 0.999915
2 19 0.999917
2 20 0.999918
2 21 0.999919
2 22 0.99992
2 23 0.999921
2 24 0.999922
2 25 0.999923
2 26 0.999923
2 27 0.999923
2 28 0.999923
2 29 0.999922
2 30 0.999922
2 31 0.999921
2 32 0.999919
2 33 0.999918
2 34 0.999916
2 35 0.999913
2 36 0.999911
2 37 0.999908
2 38 0.999904
2 39 0.999901
2 40 0.999897
2 41 0.999892
2 42 0.999887
2 43 0.999882
2 44 0.999876
2 45 0.99987
2 46 0.999864
2 47 0.999857
2 48 0.99985
2 49 0.999842
2 50 0.999834
2 51 0.999825
2 52 0.999817
2 53 0.999807
2 54 0.999798
2 55 0.999788
2 56 0.999777
2 57 0.999767
2 58 0.999756
2 59 0.999744
2 60 0.999733
2 61 0.999721
2 62 0.999709
2 63 0.999696
2 64 0.999684
2 65 0.999671
2 66 0.999658
2 67 0.999645
2 68 0.999632
2 69 0.999619
2 70 0.999605
2 71 0.999592
2 72 0.999578
2 73 0.999565
2 74 0.999551
2 75 0.999538
2 76 0.999524
2 77 0.999511
2 78 0.999498
2 79 0.999485
2 80 0.999472
2 81 0.999459
2 82 0.999446
2 83 0.999433
2 84 0.999421
2 85 0.999408
2 86 0.999396
2 87 0.999384
2 88 0.999372
2 89 0.99936
2 90 0.999348
2 91 0.999337
2 92 0.999325
2 93 0.999313
2 94 0.999302
2 95 0.99929
2 96 0.999279
2 97 0.999267
2 98 0.999255
2 99 0.999243
2 100 0.999231
2 101 0.999218
2 102 0.999205
2 103 0.99919
2 104 0.999175
2 105 0.99916
2 106 0.999142
2 107 0.999121
2 108 0.9991
2 109 0.999081
2 110 0.999047
2 111 0.999007
2 112 0.998987
2 113 0.998955
2 114 0.998843
2 115 0.998781
2 116 0.998825
2 117 0.998657
2 118 0.9982
2 119 0.998375
2 120 0.998731
2 121 0.997242
2 122 0.995564
2 123 0.998616
2 124 0.999204
2 125 0.985256
2 126 0.984504
2 127 1.01232

3 0 0
3 1 0.999888
3 2 0.999889
3 3 0.99989
3 4 0.999891
3 5 0.999892
3 6 0.999894
3 7 0.999895
3 8 0.999897
3 9 0.999899
3 10 0.999901
3 11 0.999902
3 12 0.999904
3 13 0.999906
3 14 0.999908
3 15 0.99991
3 16 0.999911
3 17 0.999913
3 18 0.999915
3 19 0.999916
3 20 0.999917
3 21 0.999918
3 22 0.999919
3 23 0.99992
3 24 0.999921
3 25 0.999921
3 26 0.999922
3 27 0.999922
3 28 0.999921
3 29 0.999921
3 30 0.99992
3 31 0.999919
3 32 0.999918
3 33 0.999916
3 34 0.999914
3 35 0.999912
3 36 0.999909
3 37 0.999906
3 38 0.999902
3 39 0.999899
3 40 0.999895
3 41 0.99989
3 42 0.999885
3 43 0.99988
3 44 0.999874
3 45 0.999868
3 46 0.999862
3 47 0.999855
3 48 0.999847
3 49 0.99984
3 50 0.999832
3 51 0.999823
3 52 0.999814
3 53 0.999805
3 54 0.999796
3 55 0.999786
3 56 0.999775
3 57 0.999765
3 58 0.999754
3 59 0.999742
3 60 0.999731
3 61 0.999719
3 62 0.999707
3 63 0.999695
3 64 0.999682
3 65 0.99967
3 66 0.999657
3 67 0.999644
3 68 0.999631
3 69 0.999618
3 70 0.999604
3 71 0.999591
3 72 0.999578
3 73 0.999564
3 74 0.999551
3 75 0.999537
3 76 0.999524
3 77 0.999511
3 78 0.999498
3 79 0.999485
3 80 0.999472
3 81 0.999459
3 82 0.999446
3 83 0.999433
3 84 0.999421
3 85 0.999408
3 86 0.999396
3 87 0.999384
3 88 0.999372
3 89 0.99936
3 90 0.999348
3 91 0.999337
3 92 0.999325
3 93 0.999314
3 94 0.999302
3 95 0.99929
3 96 0.999278
3 97 0.999266
3 98 0.999254
3 99 0.999242
3 100 0.999229
3 101 0.999216
3 102 0.999202
3 103 0.999187
3 104 0.999171
3 105 0.999154
3 106 0.999136
3 107 0.999115
3 108 0.99909
3 109 0.999067
3 110 0.999041
3 111 0.998997
3 112 0.998953
3 113 0.998929
3 114 0.998869
3 115 0.998743
3 116 0.998682
3 117 0.998699
3 118 0.998438
3 119 0.998002
3 120 0.998135
3 121 0.998317
3 122 0.996809
3 123 0.995342
3 124 0.997264
3 125 0.996941
3 126 0.990085
3 127 0.99874

4 0 0
4 1 0.999889
4 2 0.99989
4 3 0.999891
4 4 0.999892
4 5 0.999893
4 6 0.999895
4 7 0.999896
4 8 0.999898
4 9 0.9999
4 10 0.999901
4 11 0.999903
4 12 0.999905
4 13 0.999907
4 14 0.999908
4 15 0.99991
4 16 0.999912
4 17 0.999913
4 18 0.999915
4 19 0.999916
4 20 0.999917
4 21 0.999918
4 22 0.999919
4 23 0.99992
4 24 0.999921
4 25 0.999921
4 26 0.999921
4 27 0.999921
4 28 0.999921
4 29 0.99992
4 30 0.999919
4 31 0.999918
4 32 0.999917
4 33 0.999915
4 34 0.999913
4 35 0.999911
4 36 0.999908
4 37 0.999905
4 38 0.999901
4 39 0.999898
4 40 0.999893
4 41 0.999889
4 42 0.999884
4 43 0.999879
4 44 0.999873
4 45 0.999867
4 46 0.99986
4 47 0.999853
4 48 0.999846
4 49 0.999838
4 50 0.99983
4 51 0.999822
4 52 0.999813
4 53 0.999804
4 54 0.999794
4 55 0.999784
4 56 0.999774
4 57 0.999763
4 58 0.999752
4 59 0.999741
4 60 0.99973
4 61 0.999718
4 62 0.999706
4 63 0.999694
4 64 0.999681
4 65 0.999669
4 66 0.999656
4 67 0.999643
4 68 0.99963
4 69 0.999617
4 70 0.999604
4 71 0.999591
4 72 0.999577
4 73 0.999564
4 74 0.999551
4 75 0.999537
4 76 0.999524
4 77 0.999511
4 78 0.999498
4 79 0.999485
4 80 0.999472
4 81 0.999459
4 82 0.999446
4 83 0.999434
4 84 0.999421
4 85 0.999409
4 86 0.999397
4 87 0.999385
4 88 0.999373
4 89 0.999361
4 90 0.999349
4 91 0.999337
4 92 0.999326
4 93 0.999314
4 94 0.999302
4 95 0.99929
4 96 0.999279
4 97 0.999266
4 98 0.999254
4 99 0.999241
4 100 0.999228
4 101 0.999214
4 102 0.9992
4 103 0.999185
4 104 0.999169
4 105 0.99915
4 106 0.999131
4 107 0.999113
4 108 0.999088
4 109 0.999054
4 110 0.999029
4 111 0.999008
4 112 0.998946
4 113 0.998872
4 114 0.998876
4 115 0.998834
4 116 0.998582
4 117 0.998478
4 118 0.998739
4 119 0.998378
4 120 0.997297
4 121 0.99782
4 122 0.999116
4 123 0.996052
4 124 0.992849
4 125 0.999622
4 126 0.999269
4 127 0.994309

5 0 0
5 1 0.99989
5 2 0.999891
5 3 0.999892
5 4 0.999894
5 5 0.999895
5 6 0.999896
5 7 0.999898
5 8 0.999899
5 9 0.999901
5 10 0.999903
5 11 0.999904
5 12 0.999906
5 13 0.999908
5 14 0.99991
5 15 0.999911
5 16 0.999913
5 17 0.999914
5 18 0.999916
5 19 0.999917
5 20 0.999918
5 21 0.999919
5 22 0.99992
5 23 0.99992
5 24 0.999921
5 25 0.999921
5 26 0.999921
5 27 0.999921
5 28 0.999921
5 29 0.99992
5 30 0.999919
5 31 0.999918
5 32 0.999917
5 33 0.999915
5 34 0.999913
5 35 0.99991
5 36 0.999907
5 37 0.999904
5 38 0.999901
5 39 0.999897
5 40 0.999893
5 41 0.999888
5 42 0.999883
5 43 0.999878
5 44 0.999872
5 45 0.999866
5 46 0.99986
5 47 0.999853
5 48 0.999845
5 49 0.999838
5 50 0.99983
5 51 0.999821
5 52 0.999812
5 53 0.999803
5 54 0.999794
5 55 0.999784
5 56 0.999773
5 57 0.999763
5 58 0.999752
5 59 0.999741
5 60 0.999729
5 61 0.999718
5 62 0.999706
5 63 0.999693
5 64 0.999681
5 65 0.999668
5 66 0.999656
5 67 0.999643
5 68 0.99963
5 69 0.999617
5 70 0.999604
5 71 0.999591
5 72 0.999577
5 73 0.999564
5 74 0.999551
5 75 0.999538
5 76 0.999524
5 77 0.999511
5 78 0.999498
5 79 0.999485
5 80 0.999473
5 81 0.99946
5 82 0.999447
5 83 0.999435
5 84 0.999422
5 85 0.99941
5 86 0.999398
5 87 0.999386
5 88 0.999374
5 89 0.999362
5 90 0.99935
5 91 0.999338
5 92 0.999327
5 93 0.999315
5 94 0.999303
5 95 0.999291
5 96 0.999279
5 97 0.999267
5 98 0.999255
5 99 0.999242
5 100 0.999229
5 101 0.999215
5 102 0.9992
5 103 0.999184
5 104 0.999168
5 105 0.999151
5 106 0.99913
5 107 0.999108
5 108 0.999088
5 109 0.999061
5 110 0.99902
5 111 0.99899
5 112 0.998971
5 113 0.9989
5 114 0.998803
5 115 0.998805
5 116 0.998789
5 117 0.998495
5 118 0.998299
5 119 0.998623
5 120 0.998408
5 121 0.99715
5 122 0.997356
5 123 0.999013
5 124 0.996546
5 125 0.995149
5 126 1.0001
5 127 1.00062

6 0 0
6 1 0.999892
6 2 0.999893
6 3 0.999894
6 4 0.999896
6 5 0.999897
6 6 0.999898
6 7 0.9999
6 8 0.999901
6 9 0.999903
6 10 0.999905
6 11 0.999906
6 12 0.999908
6 13 0.99991
6 14 0.999911
6 15 0.999913
6 16 0.999914
6 17 0.999916
6 18 0.999917
6 19 0.999918
6 20 0.999919
6 21 0.99992
6 22 0.999921
6 23 0.999922
6 24 0.999922
6 25 0.999922
6 26 0.999922
6 27 0.999922
6 28 0.999922
6 29 0.999921
6 30 0.99992
6 31 0.999919
6 32 0.999917
6 33 0.999915
6 34 0.999913
6 35 0.999911
6 36 0.999908
6 37 0.999905
6 38 0.999901
6 39 0.999897
6 40 0.999893
6 41 0.999889
6 42 0.999884
6 43 0.999878
6 44 0.999872
6 45 0.999866
6 46 0.99986
6 47 0.999853
6 48 0.999846
6 49 0.999838
6 50 0.99983
6 51 0.999821
6 52 0.999812
6 53 0.999803
6 54 0.999794
6 55 0.999784
6 56 0.999773
6 57 0.999763
6 58 0.999752
6 59 0.999741
6 60 0.999729
6 61 0.999718
6 62 0.999706
6 63 0.999693
6 64 0.999681
6 65 0.999669
6 66 0.999656
6 67 0.999643
6 68 0.99963
6 69 0.999617
6 70 0.999604
6 71 0.999591
6 72 0.999578
6 73 0.999564
6 74 0.999551
6 75 0.999538
6 76 0.999525
6 77 0.999512
6 78 0.999499
6 79 0.999486
6 80 0.999473
6 81 0.999461
6 82 0.999448
6 83 0.999436
6 84 0.999423
6 85 0.999411
6 86 0.999399
6 87 0.999387
6 88 0.999375
6 89 0.999363
6 90 0.999351
6 91 0.99934
6 92 0.999328
6 93 0.999316
6 94 0.999305
6 95 0.999293
6 96 0.999281
6 97 0.999269
6 98 0.999256
6 99 0.999243
6 100 0.99923
6 101 0.999216
6 102 0.999202
6 103 0.999186
6 104 0.999169
6 105 0.999153
6 106 0.999135
6 107 0.99911
6 108 0.999085
6 109 0.999067
6 110 0.999037
6 111 0.998982
6 112 0.998953
6 113 0.998951
6 114 0.998854
6 115 0.998711
6 116 0.998769
6 117 0.998801
6 118 0.998345
6 119 0.998108
6 120 0.998734
6 121 0.998446
6 122 0.99674
6 123 0.997656
6 124 0.999407
6 125 0.9971
6 126 0.998448
6 127 0.999697

7 0 0
7 1 0.999895
7 2 0.999896
7 3 0.999897
7 4 0.999898
7 5 0.9999
7 6 0.999901
7 7 0.999902
7 8 0.999904
7 9 0.999906
7 10 0.999907
7 11 0.999909
7 12 0.99991
7 13 0.999912
7 14 0.999913
7 15 0.999915
7 16 0.999916
7 17 0.999918
7 18 0.999919
7 19 0.99992
7 20 0.999921
7 21 0.999922
7 22 0.999923
7 23 0.999923
7 24 0.999924
7 25 0.999924
7 26 0.999924
7 27 0.999924
7 28 0.999923
7 29 0.999922
7 30 0.999921
7 31 0.99992
7 32 0.999919
7 33 0.999917
7 34 0.999915
7 35 0.999912
7 36 0.999909
7 37 0.999906
7 38 0.999902
7 39 0.999899
7 40 0.999894
7 41 0.99989
7 42 0.999885
7 43 0.999879
7 44 0.999873
7 45 0.999867
7 46 0.999861
7 47 0.999854
7 48 0.999846
7 49 0.999839
7 50 0.99983
7 51 0.999822
7 52 0.999813
7 53 0.999804
7 54 0.999794
7 55 0.999784
7 56 0.999774
7 57 0.999763
7 58 0.999752
7 59 0.999741
7 60 0.99973
7 61 0.999718
7 62 0.999706
7 63 0.999694
7 64 0.999682
7 65 0.999669
7 66 0.999656
7 67 0.999644
7 68 0.999631
7 69 0.999618
7 70 0.999605
7 71 0.999591
7 72 0.999578
7 73 0.999565
7 74 0.999552
7 75 0.999539
7 76 0.999526
7 77 0.999513
7 78 0.9995
7 79 0.999487
7 80 0.999474
7 81 0.999462
7 82 0.999449
7 83 0.999437
7 84 0.999425
7 85 0.999412
7 86 0.9994
7 87 0.999388
7 88 0.999377
7 89 0.999365
7 90 0.999353
7 91 0.999342
7 92 0.99933
7 93 0.999318
7 94 0.999307
7 95 0.999295
7 96 0.999283
7 97 0.999271
7 98 0.999259
7 99 0.999246
7 100 0.999233
7 101 0.999219
7 102 0.999205
7 103 0.999191
7 104 0.999174
7 105 0.999155
7 106 0.999138
7 107 0.999121
7 108 0.999093
7 109 0.999063
7 110 0.999048
7 111 0.999021
7 112 0.998952
7 113 0.998914
7 114 0.998935
7 115 0.998841
7 116 0.998638
7 117 0.998701
7 118 0.998836
7 119 0.998353
7 120 0.997959
7 121 0.998699
7 122 0.998612
7 123 0.997168
7 124 0.998183
7 125 0.999339
7 126 0.99862
7 127 0.998835

8 0 0
8 1 0.999897
8 2 0.999899
8 3 0.9999
8 4 0.999901
8 5 0.999903
8 6 0.999904
8 7 0.999906
8 8 0.999907
8 9 0.999909
8 10 0.99991
8 11 0.999912
8 12 0.999913
8 13 0.999915
8 14 0.999916
8 15 0.999918
8 16 0.999919
8 17 0.999921
8 18 0.999922
8 19 0.999923
8 20 0.999924
8 21 0.999925
8 22 0.999925
8 23 0.999926
8 24 0.999926
8 25 0.999926
8 26 0.999926
8 27 0.999926
8 28 0.999925
8 29 0.999925
8 30 0.999924
8 31 0.999922
8 32 0.999921
8 33 0.999919
8 34 0.999917
8 35 0.999914
8 36 0.999911
8 37 0.999908
8 38 0.999904
8 39 0.9999
8 40 0.999896
8 41 0.999891
8 42 0.999886
8 43 0.999881
8 44 0.999875
8 45 0.999869
8 46 0.999862
8 47 0.999855
8 48 0.999848
8 49 0.99984
8 50 0.999832
8 51 0.999823
8 52 0.999814
8 53 0.999805
8 54 0.999795
8 55 0.999785
8 56 0.999775
8 57 0.999764
8 58 0.999753
8 59 0.999742
8 60 0.999731
8 61 0.999719
8 62 0.999707
8 63 0.999695
8 64 0.999682
8 65 0.99967
8 66 0.999657
8 67 0.999644
8 68 0.999631
8 69 0.999618
8 70 0.999605
8 71 0.999592
8 72 0.999579
8 73 0.999566
8 74 0.999553
8 75 0.99954
8 76 0.999527
8 77 0.999514
8 78 0.999501
8 79 0.999488
8 80 0.999475
8 81 0.999463
8 82 0.99945
8 83 0.999438
8 84 0.999426
8 85 0.999414
8 86 0.999402
8 87 0.99939
8 88 0.999379
8 89 0.999367
8 90 0.999355
8 91 0.999344
8 92 0.999332
8 93 0.999321
8 94 0.99931
8 95 0.999298
8 96 0.999286
8 97 0.999275
8 98 0.999263
8 99 0.99925
8 100 0.999238
8 101 0.999225
8 102 0.99921
8 103 0.999196
8 104 0.999181
8 105 0.999164
8 106 0.999144
8 107 0.999127
8 108 0.999111
8 109 0.99908
8 110 0.999046
8 111 0.999037
8 112 0.999012
8 113 0.998926
8 114 0.998886
8 115 0.998938
8 116 0.998829
8 117 0.998583
8 118 0.998694
8 119 0.998877
8 120 0.998324
8 121 0.998039
8 122 0.998858
8 123 0.998569
8 124 0.997927
8 125 0.999042
8 126 0.99907
8 127 0.999197

9 0 0
9 1 0.999901
9 2 0.999902
9 3 0.999903
9 4 0.999905
9 5 0.999906
9 6 0.999908
9 7 0.999909
9 8 0.999911
9 9 0.999912
9 10 0.999914
9 11 0.999915
9 12 0.999917
9 13 0.999918
9 14 0.99992
9 15 0.999921
9 16 0.999923
9 17 0.999924
9 18 0.999925
9 19 0.999926
9 20 0.999927
9 21 0.999928
9 22 0.999928
9 23 0.999929
9 24 0.999929
9 25 0.999929
9 26 0.999929
9 27 0.999929
9 28 0.999928
9 29 0.999927
9 30 0.999926
9 31 0.999925
9 32 0.999923
9 33 0.999921
9 34 0.999919
9 35 0.999917
9 36 0.999914
9 37 0.99991
9 38 0.999907
9 39 0.999903
9 40 0.999898
9 41 0.999894
9 42 0.999889
9 43 0.999883
9 44 0.999877
9 45 0.999871
9 46 0.999864
9 47 0.999857
9 48 0.99985
9 49 0.999842
9 50 0.999834
9 51 0.999825
9 52 0.999816
9 53 0.999807
9 54 0.999797
9 55 0.999787
9 56 0.999777
9 57 0.999766
9 58 0.999755
9 59 0.999744
9 60 0.999732
9 61 0.99972
9 62 0.999708
9 63 0.999696
9 64 0.999684
9 65 0.999671
9 66 0.999658
9 67 0.999646
9 68 0.999633
9 69 0.99962
9 70 0.999606
9 71 0.999593
9 72 0.99958
9 73 0.999567
9 74 0.999554
9 75 0.999541
9 76 0.999528
9 77 0.999515
9 78 0.999502
9 79 0.999489
9 80 0.999477
9 81 0.999464
9 82 0.999452
9 83 0.99944
9 84 0.999428
9 85 0.999416
9 86 0.999404
9 87 0.999392
9 88 0.999381
9 89 0.999369
9 90 0.999358
9 91 0.999347
9 92 0.999335
9 93 0.999324
9 94 0.999313
9 95 0.999302
9 96 0.999291
9 97 0.999279
9 98 0.999268
9 99 0.999256
9 100 0.999243
9 101 0.999231
9 102 0.999218
9 103 0.999203
9 104 0.999189
9 105 0.999175
9 106 0.999158
9 107 0.999136
9 108 0.999119
9 109 0.999107
9 110 0.999073
9 111 0.999032
9 112 0.99903
9 113 0.999018
9 114 0.998915
9 115 0.99886
9 116 0.998951
9 117 0.998861
9 118 0.998565
9 119 0.998689
9 120 0.998944
9 121 0.998428
9 122 0.998261
9 123 0.99898
9 124 0.998803
9 125 0.99862
9 126 0.99919
9 127 0.99958

10 0 0
10 1 0.999905
10 2 0.999906
10 3 0.999907
10 4 0.999909
10 5 0.99991
10 6 0.999912
10 7 0.999913
10 8 0.999915
10 9 0.999916
10 10 0.999918
10 11 0.999919
10 12 0.999921
10 13 0.999922
10 14 0.999924
10 15 0.999925
10 16 0.999927
10 17 0.999928
10 18 0.999929
10 19 0.99993
10 20 0.999931
10 21 0.999932
10 22 0.999932
10 23 0.999933
10 24 0.999933
10 25 0.999933
10 26 0.999933
10 27 0.999932
10 28 0.999932
10 29 0.999931
10 30 0.99993
10 31 0.999928
10 32 0.999927
10 33 0.999925
10 34 0.999922
10 35 0.99992
10 36 0.999917
10 37 0.999914
10 38 0.99991
10 39 0.999906
10 40 0.999901
10 41 0.999897
10 42 0.999892
10 43 0.999886
10 44 0.99988
10 45 0.999874
10 46 0.999867
10 47 0.99986
10 48 0.999852
10 49 0.999844
10 50 0.999836
10 51 0.999827
10 52 0.999818
10 53 0.999809
10 54 0.999799
10 55 0.999789
10 56 0.999779
10 57 0.999768
10 58 0.999757
10 59 0.999746
10 60 0.999734
10 61 0.999722
10 62 0.99971
10 63 0.999698
10 64 0.999685
10 65 0.999673
10 66 0.99966
10 67 0.999647
10 68 0.999634
10 69 0.999621
10 70 0.999608
10 71 0.999594
10 72 0.999581
10 73 0.999568
10 74 0.999555
10 75 0.999542
10 76 0.999529
10 77 0.999516
10 78 0.999503
10 79 0.999491
10 80 0.999478
10 81 0.999466
10 82 0.999453
10 83 0.999441
10 84 0.999429
10 85 0.999418
10 86 0.999406
10 87 0.999394
10 88 0.999383
10 89 0.999372
10 90 0.999361
10 91 0.99935
10 92 0.999339
10 93 0.999328
10 94 0.999317
10 95 0.999306
10 96 0.999296
10 97 0.999284
10 98 0.999273
10 99 0.999262
10 100 0.999251
10 101 0.999238
10 102 0.999227
10 103 0.999214
10 104 0.9992
10 105 0.999185
10 106 0.999173
10 107 0.999157
10 108 0.999132
10 109 0.999116
10 110 0.999109
10 111 0.999074
10 112 0.999027
10 113 0.999033
10 114 0.999031
10 115 0.998918
10 116 0.998862
10 117 0.998975
10 118 0.998887
10 119 0.998612
10 120 0.998778
10 121 0.998962
10 122 0.998574
10 123 0.998673
10 124 0.999105
10 125 0.998991
10 126 0.999254
10 127 0.99945

11 0 0
11 1 0.999909
11 2 0.99991
11 3 0.999912
11 4 0.999913
11 5 0.999915
11 6 0.999916
11 7 0.999918
11 8 0.999919
11 9 0.999921
11 10 0.999923
11 11 0.999924
11 12 0.999926
11 13 0.999927
11 14 0.999928
11 15 0.99993
11 16 0.999931
11 17 0.999932
11 18 0.999933
11 19 0.999934
11 20 0.999935
11 21 0.999936
11 22 0.999937
11 23 0.999937
11 24 0.999937
11 25 0.999937
11 26 0.999937
11 27 0.999937
11 28 0.999936
11 29 0.999935
11 30 0.999934
11 31 0.999932
11 32 0.999931
11 33 0.999929
11 34 0.999926
11 35 0.999924
11 36 0.999921
11 37 0.999917
11 38 0.999914
11 39 0.99991
11 40 0.999905
11 41 0.9999
11 42 0.999895
11 43 0.999889
11 44 0.999883
11 45 0.999877
11 46 0.99987
11 47 0.999863
11 48 0.999855
11 49 0.999847
11 50 0.999839
11 51 0.99983
11 52 0.999821
11 53 0.999812
11 54 0.999802
11 55 0.999792
11 56 0.999781
11 57 0.99977
11 58 0.999759
11 59 0.999748
11 60 0.999736
11 61 0.999724
11 62 0.999712
11 63 0.999699
11 64 0.999687
11 65 0.999674
11 66 0.999661
11 67 0.999648
11 68 0.999635
11 69 0.999622
11 70 0.999609
11 71 0.999596
11 72 0.999582
11 73 0.999569
11 74 0.999556
11 75 0.999543
11 76 0.99953
11 77 0.999517
11 78 0.999505
11 79 0.999492
11 80 0.999479
11 81 0.999467
11 82 0.999455
11 83 0.999443
11 84 0.999431
11 85 0.99942
11 86 0.999408
11 87 0.999397
11 88 0.999386
11 89 0.999375
11 90 0.999364
11 91 0.999353
11 92 0.999343
11 93 0.999332
11 94 0.999322
11 95 0.999312
11 96 0.999301
11 97 0.999291
11 98 0.99928
11 99 0.99927
11 100 0.999259
11 101 0.999248
11 102 0.999236
11 103 0.999225
11 104 0.999214
11 105 0.9992
11 106 0.999185
11 107 0.999175
11 108 0.999161
11 109 0.999135
11 110 0.999119
11 111 0.99912
11 112 0.999086
11 113 0.99903
11 114 0.999046
11 115 0.99906
11 116 0.998938
11 117 0.998881
11 118 0.999018
11 119 0.998937
11 120 0.998703
11 121 0.998898
11 122 0.999041
11 123 0.998802
11 124 0.998986
11 125 0.999269
11 126 0.999383
11 127 0.999503

12 0 0
12 1 0.999914
12 2 0.999915
12 3 0.999917
12 4 0.999919
12 5 0.99992
12 6 0.999922
12 7 0.999923
12 8 0.999925
12 9 0.999926
12 10 0.999928
12 11 0.999929
12 12 0.999931
12 13 0.999932
12 14 0.999934
12 15 0.999935
12 16 0.999936
12 17 0.999937
12 18 0.999938
12 19 0.999939
12 20 0.99994
12 21 0.999941
12 22 0.999941
12 23 0.999942
12 24 0.999942
12 25 0.999942
12 26 0.999942
12 27 0.999941
12 28 0.999941
12 29 0.99994
12 30 0.999939
12 31 0.999937
12 32 0.999935
12 33 0.999933
12 34 0.999931
12 35 0.999928
12 36 0.999925
12 37 0.999922
12 38 0.999918
12 39 0.999914
12 40 0.999909
12 41 0.999904
12 42 0.999899
12 43 0.999893
12 44 0.999887
12 45 0.999881
12 46 0.999874
12 47 0.999867
12 48 0.999859
12 49 0.999851
12 50 0.999843
12 51 0.999834
12 52 0.999824
12 53 0.999815
12 54 0.999805
12 55 0.999795
12 56 0.999784
12 57 0.999773
12 58 0.999762
12 59 0.99975
12 60 0.999738
12 61 0.999726
12 62 0.999714
12 63 0.999701
12 64 0.999689
12 65 0.999676
12 66 0.999663
12 67 0.99965
12 68 0.999637
12 69 0.999624
12 70 0.99961
12 71 0.999597
12 72 0.999584
12 73 0.999571
12 74 0.999557
12 75 0.999544
12 76 0.999531
12 77 0.999519
12 78 0.999506
12 79 0.999493
12 80 0.999481
12 81 0.999469
12 82 0.999457
12 83 0.999445
12 84 0.999433
12 85 0.999422
12 86 0.99941
12 87 0.999399
12 88 0.999389
12 89 0.999378
12 90 0.999367
12 91 0.999357
12 92 0.999347
12 93 0.999337
12 94 0.999327
12 95 0.999317
12 96 0.999308
12 97 0.999298
12 98 0.999288
12 99 0.999278
12 100 0.999269
12 101 0.999259
12 102 0.999249
12 103 0.999238
12 104 0.999228
12 105 0.999218
12 106 0.999204
12 107 0.99919
12 108 0.999183
12 109 0.999172
12 110 0.999144
12 111 0.99913
12 112 0.999138
12 113 0.999106
12 114 0.999048
12 115 0.99907
12 116 0.999093
12 117 0.998978
12 118 0.998939
12 119 0.999066
12 120 0.998992
12 121 0.998863
12 122 0.999049
12 123 0.999114
12 124 0.999092
12 125 0.999297
12 126 0.999455
12 127 0.999611

13 0 0
13 1 0.999919
13 2 0.999921
13 3 0.999923
13 4 0.999924
13 5 0.999926
13 6 0.999927
13 7 0.999929
13 8 0.99993
13 9 0.999932
13 10 0.999933
13 11 0.999935
13 12 0.999936
13 13 0.999938
13 14 0.999939
13 15 0.999941
13 16 0.999942
13 17 0.999943
13 18 0.999944
13 19 0.999945
13 20 0.999946
13 21 0.999946
13 22 0.999947
13 23 0.999947
13 24 0.999947
13 25 0.999947
13 26 0.999947
13 27 0.999947
13 28 0.999946
13 29 0.999945
13 30 0.999944
13 31 0.999942
13 32 0.99994
13 33 0.999938
13 34 0.999936
13 35 0.999933
13 36 0.99993
13 37 0.999927
13 38 0.999923
13 39 0.999918
13 40 0.999914
13 41 0.999909
13 42 0.999904
13 43 0.999898
13 44 0.999892
13 45 0.999885
13 46 0.999878
13 47 0.999871
13 48 0.999863
13 49 0.999855
13 50 0.999846
13 51 0.999837
13 52 0.999828
13 53 0.999818
13 54 0.999808
13 55 0.999798
13 56 0.999787
13 57 0.999776
13 58 0.999764
13 59 0.999753
13 60 0.999741
13 61 0.999729
13 62 0.999716
13 63 0.999704
13 64 0.999691
13 65 0.999678
13 66 0.999665
13 67 0.999652
13 68 0.999638
13 69 0.999625
13 70 0.999612
13 71 0.999598
13 72 0.999585
13 73 0.999572
13 74 0.999559
13 75 0.999545
13 76 0.999533
13 77 0.99952
13 78 0.999507
13 79 0.999495
13 80 0.999482
13 81 0.99947
13 82 0.999458
13 83 0.999446
13 84 0.999435
13 85 0.999424
13 86 0.999413
13 87 0.999402
13 88 0.999392
13 89 0.999381
13 90 0.999371
13 91 0.999361
13 92 0.999352
13 93 0.999342
13 94 0.999333
13 95 0.999324
13 96 0.999315
13 97 0.999306
13 98 0.999297
13 99 0.999288
13 100 0.999279
13 101 0.99927
13 102 0.999262
13 103 0.999253
13 104 0.999243
13 105 0.999234
13 106 0.999227
13 107 0.999214
13 108 0.9992
13 109 0.999197
13 110 0.99919
13 111 0.999161
13 112 0.999149
13 113 0.999165
13 114 0.999136
13 115 0.999078
13 116 0.999109
13 117 0.999135
13 118 0.999031
13 119 0.999021
13 120 0.999138
13 121 0.999074
13 122 0.999036
13 123 0.999204
13 124 0.999278
13 125 0.999348
13 126 0.999506
13 127 0.99966

14 0 0
14 1 0.999925
14 2 0.999927
14 3 0.999929
14 4 0.99993
14 5 0.999932
14 6 0.999933
14 7 0.999935
14 8 0.999937
14 9 0.999938
14 10 0.99994
14 11 0.999941
14 12 0.999943
14 13 0.999944
14 14 0.999945
14 15 0.999947
14 16 0.999948
14 17 0.999949
14 18 0.99995
14 19 0.999951
14 20 0.999952
14 21 0.999952
14 22 0.999953
14 23 0.999953
14 24 0.999953
14 25 0.999953
14 26 0.999953
14 27 0.999952
14 28 0.999952
14 29 0.999951
14 30 0.999949
14 31 0.999948
14 32 0.999946
14 33 0.999944
14 34 0.999941
14 35 0.999939
14 36 0.999935
14 37 0.999932
14 38 0.999928
14 39 0.999924
14 40 0.999919
14 41 0.999914
14 42 0.999909
14 43 0.999903
14 44 0.999897
14 45 0.99989
14 46 0.999883
14 47 0.999875
14 48 0.999867
14 49 0.999859
14 50 0.999851
14 51 0.999841
14 52 0.999832
14 53 0.999822
14 54 0.999812
14 55 0.999801
14 56 0.99979
14 57 0.999779
14 58 0.999768
14 59 0.999756
14 60 0.999744
14 61 0.999731
14 62 0.999719
14 63 0.999706
14 64 0.999693
14 65 0.99968
14 66 0.999667
14 67 0.999653
14 68 0.99964
14 69 0.999626
14 70 0.999613
14 71 0.9996
14 72 0.999586
14 73 0.999573
14 74 0.99956
14 75 0.999547
14 76 0.999534
14 77 0.999521
14 78 0.999508
14 79 0.999496
14 80 0.999483
14 81 0.999471
14 82 0.99946
14 83 0.999448
14 84 0.999437
14 85 0.999426
14 86 0.999415
14 87 0.999405
14 88 0.999395
14 89 0.999385
14 90 0.999375
14 91 0.999366
14 92 0.999357
14 93 0.999348
14 94 0.999339
14 95 0.999331
14 96 0.999322
14 97 0.999314
14 98 0.999306
14 99 0.999299
14 100 0.999291
14 101 0.999283
14 102 0.999276
14 103 0.999269
14 104 0.999262
14 105 0.999252
14 106 0.999246
14 107 0.999241
14 108 0.99923
14 109 0.999217
14 110 0.999217
14 111 0.999214
14 112 0.999187
14 113 0.999177
14 114 0.999198
14 115 0.999173
14 116 0.999124
14 117 0.99916
14 118 0.999183
14 119 0.999106
14 120 0.999125
14 121 0.999212
14 122 0.99919
14 123 0.999231
14 124 0.999361
14 125 0.999451
14 126 0.999567
14 127 0.999676

15 0 0
15 1 0.999932
15 2 0.999934
15 3 0.999935
15 4 0.999937
15 5 0.999939
15 6 0.99994
15 7 0.999942
15 8 0.999943
15 9 0.999945
15 10 0.999946
15 11 0.999948
15 12 0.999949
15 13 0.999951
15 14 0.999952
15 15 0.999953
15 16 0.999955
15 17 0.999956
15 18 0.999957
15 19 0.999958
15 20 0.999958
15 21 0.999959
15 22 0.999959
15 23 0.99996
15 24 0.99996
15 25 0.99996
15 26 0.999959
15 27 0.999959
15 28 0.999958
15 29 0.999957
15 30 0.999956
15 31 0.999954
15 32 0.999952
15 33 0.99995
15 34 0.999947
15 35 0.999945
15 36 0.999941
15 37 0.999938
15 38 0.999934
15 39 0.999929
15 40 0.999925
15 41 0.99992
15 42 0.999914
15 43 0.999908
15 44 0.999902
15 45 0.999895
15 46 0.999888
15 47 0.99988
15 48 0.999872
15 49 0.999864
15 50 0.999855
15 51 0.999846
15 52 0.999836
15 53 0.999826
15 54 0.999816
15 55 0.999805
15 56 0.999794
15 57 0.999783
15 58 0.999771
15 59 0.999759
15 60 0.999746
15 61 0.999734
15 62 0.999721
15 63 0.999708
15 64 0.999695
15 65 0.999682
15 66 0.999668
15 67 0.999655
15 68 0.999641
15 69 0.999628
15 70 0.999614
15 71 0.999601
15 72 0.999587
15 73 0.999574
15 74 0.999561
15 75 0.999548
15 76 0.999535
15 77 0.999522
15 78 0.999509
15 79 0.999497
15 80 0.999485
15 81 0.999473
15 82 0.999461
15 83 0.99945
15 84 0.999439
15 85 0.999428
15 86 0.999418
15 87 0.999407
15 88 0.999398
15 89 0.999388
15 90 0.999379
15 91 0.99937
15 92 0.999362
15 93 0.999353
15 94 0.999345
15 95 0.999338
15 96 0.99933
15 97 0.999323
15 98 0.999316
15 99 0.999309
15 100 0.999303
15 101 0.999297
15 102 0.999291
15 103 0.999284
15 104 0.99928
15 105 0.999275
15 106 0.999266
15 107 0.999262
15 108 0.999261
15 109 0.999252
15 110 0.99924
15 111 0.999244
15 112 0.999245
15 113 0.99922
15 114 0.999214
15 115 0.999239
15 116 0.999218
15 117 0.999182
15 118 0.999223
15 119 0.99924
15 120 0.999195
15 121 0.999239
15 122 0.999312
15 123 0.999328
15 124 0.999408
15 125 0.99952
15 126 0.999626
15 127 0.999724

16 0 0
16 1 0.999939
16 2 0.999941
16 3 0.999943
16 4 0.999944
16 5 0.999946
16 6 0.999947
16 7 0.999949
16 8 0.999951
16 9 0.999952
16 10 0.999954
16 11 0.999955
16 12 0.999957
16 13 0.999958
16 14 0.999959
16 15 0.999961
16 16 0.999962
16 17 0.999963
16 18 0.999964
16 19 0.999965
16 20 0.999966
16 21 0.999966
16 22 0.999967
16 23 0.999967
16 24 0.999967
16 25 0.999967
16 26 0.999966
16 27 0.999966
16 28 0.999965
16 29 0.999964
16 30 0.999962
16 31 0.999961
16 32 0.999959
16 33 0.999957
16 34 0.999954
16 35 0.999951
16 36 0.999948
16 37 0.999944
16 38 0.99994
16 39 0.999936
16 40 0.999931
16 41 0.999926
16 42 0.99992
16 43 0.999914
16 44 0.999908
16 45 0.999901
16 46 0.999893
16 47 0.999886
16 48 0.999877
16 49 0.999869
16 50 0.99986
16 51 0.999851
16 52 0.999841
16 53 0.999831
16 54 0.99982
16 55 0.999809
16 56 0.999798
16 57 0.999786
16 58 0.999774
16 59 0.999762
16 60 0.999749
16 61 0.999737
16 62 0.999724
16 63 0.999711
16 64 0.999697
16 65 0.999684
16 66 0.99967
16 67 0.999657
16 68 0.999643
16 69 0.999629
16 70 0.999616
16 71 0.999602
16 72 0.999588
16 73 0.999575
16 74 0.999562
16 75 0.999548
16 76 0.999535
16 77 0.999522
16 78 0.99951
16 79 0.999498
16 80 0.999486
16 81 0.999474
16 82 0.999462
16 83 0.999451
16 84 0.99944
16 85 0.99943
16 86 0.99942
16 87 0.99941
16 88 0.999401
16 89 0.999392
16 90 0.999383
16 91 0.999375
16 92 0.999367
16 93 0.999359
16 94 0.999352
16 95 0.999345
16 96 0.999339
16 97 0.999332
16 98 0.999327
16 99 0.999321
16 100 0.999316
16 101 0.999311
16 102 0.999307
16 103 0.999302
16 104 0.999297
16 105 0.999295
16 106 0.999292
16 107 0.999286
16 108 0.999283
16 109 0.999286
16 110 0.999279
16 111 0.999269
16 112 0.999277
16 113 0.999281
16 114 0.99926
16 115 0.99926
16 116 0.999286
16 117 0.99927
16 118 0.999251
16 119 0.999292
16 120 0.999309
16 121 0.999301
16 122 0.999358
16 123 0.999422
16 124 0.999481
16 125 0.999569
16 126 0.999671
16 127 0.999766

17 0 0
17 1 0.999947
17 2 0.999948
17 3 0.99995
17 4 0.999952
17 5 0.999954
17 6 0.999955
17 7 0.999957
17 8 0.999958
17 9 0.99996
17 10 0.999961
17 11 0.999963
17 12 0.999964
17 13 0.999966
17 14 0.999967
17 15 0.999968
17 16 0.99997
17 17 0.999971
17 18 0.999972
17 19 0.999972
17 20 0.999973
17 21 0.999974
17 22 0.999974
17 23 0.999974
17 24 0.999974
17 25 0.999974
17 26 0.999974
17 27 0.999973
17 28 0.999972
17 29 0.999971
17 30 0.99997
17 31 0.999968
17 32 0.999966
17 33 0.999964
17 34 0.999961
17 35 0.999958
17 36 0.999955
17 37 0.999951
17 38 0.999947
17 39 0.999942
17 40 0.999937
17 41 0.999932
17 42 0.999926
17 43 0.99992
17 44 0.999914
17 45 0.999907
17 46 0.999899
17 47 0.999891
17 48 0.999883
17 49 0.999874
17 50 0.999865
17 51 0.999855
17 52 0.999845
17 53 0.999835
17 54 0.999824
17 55 0.999813
17 56 0.999802
17 57 0.99979
17 58 0.999778
17 59 0.999765
17 60 0.999753
17 61 0.99974
17 62 0.999726
17 63 0.999713
17 64 0.9997
17 65 0.999686
17 66 0.999672
17 67 0.999658
17 68 0.999644
17 69 0.99963
17 70 0.999617
17 71 0.999603
17 72 0.999589
17 73 0.999576
17 74 0.999562
17 75 0.999549
17 76 0.999536
17 77 0.999523
17 78 0.99951
17 79 0.999498
17 80 0.999486
17 81 0.999475
17 82 0.999463
17 83 0.999452
17 84 0.999442
17 85 0.999432
17 86 0.999422
17 87 0.999412
17 88 0.999404
17 89 0.999395
17 90 0.999387
17 91 0.999379
17 92 0.999372
17 93 0.999365
17 94 0.999359
17 95 0.999353
17 96 0.999347
17 97 0.999342
17 98 0.999337
17 99 0.999333
17 100 0.999329
17 101 0.999325
17 102 0.999322
17 103 0.99932
17 104 0.999317
17 105 0.999314
17 106 0.999315
17 107 0.999314
17 108 0.99931
17 109 0.99931
17 110 0.999316
17 111 0.999312
17 112 0.999305
17 113 0.999316
17 114 0.999323
17 115 0.999307
17 116 0.999314
17 117 0.999339
17 118 0.999329
17 119 0.999329
17 120 0.999371
17 121 0.999391
17 122 0.999414
17 123 0.999479
17 124 0.999549
17 125 0.999622
17 126 0.999711
17 127 0.999798

18 0 0
18 1 0.999955
18 2 0.999957
18 3 0.999958
18 4 0.99996
18 5 0.999962
18 6 0.999963
18 7 0.999965
18 8 0.999967
18 9 0.999968
18 10 0.99997
18 11 0.999971
18 12 0.999973
18 13 0.999974
18 14 0.999975
18 15 0.999977
18 16 0.999978
18 17 0.999979
18 18 0.99998
18 19 0.999981
18 20 0.999981
18 21 0.999982
18 22 0.999982
18 23 0.999982
18 24 0.999982
18 25 0.999982
18 26 0.999982
18 27 0.999981
18 28 0.99998
18 29 0.999979
18 30 0.999977
18 31 0.999976
18 32 0.999974
18 33 0.999971
18 34 0.999968
18 35 0.999965
18 36 0.999962
18 37 0.999958
18 38 0.999954
18 39 0.999949
18 40 0.999944
18 41 0.999939
18 42 0.999933
18 43 0.999927
18 44 0.99992
18 45 0.999913
18 46 0.999905
18 47 0.999897
18 48 0.999889
18 49 0.99988
18 50 0.99987
18 51 0.999861
18 52 0.99985
18 53 0.99984
18 54 0.999829
18 55 0.999818
18 56 0.999806
18 57 0.999794
18 58 0.999781
18 59 0.999769
18 60 0.999756
18 61 0.999742
18 62 0.999729
18 63 0.999715
18 64 0.999702
18 65 0.999688
18 66 0.999674
18 67 0.99966
18 68 0.999646
18 69 0.999632
18 70 0.999618
18 71 0.999604
18 72 0.99959
18 73 0.999576
18 74 0.999563
18 75 0.999549
18 76 0.999536
18 77 0.999523
18 78 0.999511
18 79 0.999499
18 80 0.999487
18 81 0.999475
18 82 0.999464
18 83 0.999453
18 84 0.999443
18 85 0.999433
18 86 0.999424
18 87 0.999415
18 88 0.999406
18 89 0.999398
18 90 0.999391
18 91 0.999384
18 92 0.999377
18 93 0.999371
18 94 0.999365
18 95 0.99936
18 96 0.999356
18 97 0.999352
18 98 0.999348
18 99 0.999345
18 100 0.999342
18 101 0.99934
18 102 0.999338
18 103 0.999337
18 104 0.999338
18 105 0.999336
18 106 0.999336
18 107 0.999339
18 108 0.999341
18 109 0.999339
18 110 0.999342
18 111 0.99935
18 112 0.999349
18 113 0.999346
18 114 0.99936
18 115 0.999369
18 116 0.99936
18 117 0.999373
18 118 0.999396
18 119 0.999397
18 120 0.999412
18 121 0.999453
18 122 0.999486
18 123 0.999531
18 124 0.999599
18 125 0.999673
18 126 0.999751
18 127 0.999827

19 0 0
19 1 0.999964
19 2 0.999965
19 3 0.999967
19 4 0.999969
19 5 0.999971
19 6 0.999972
19 7 0.999974
19 8 0.999975
19 9 0.999977
19 10 0.999978
19 11 0.99998
19 12 0.999981
19 13 0.999983
19 14 0.999984
19 15 0.999985
19 16 0.999986
19 17 0.999987
19 18 0.999988
19 19 0.999989
19 20 0.99999
19 21 0.99999
19 22 0.999991
19 23 0.999991
19 24 0.999991
19 25 0.99999
19 26 0.99999
19 27 0.999989
19 28 0.999988
19 29 0.999987
19 30 0.999986
19 31 0.999984
19 32 0.999982
19 33 0.999979
19 34 0.999976
19 35 0.999973
19 36 0.99997
19 37 0.999966
19 38 0.999961
19 39 0.999957
19 40 0.999952
19 41 0.999946
19 42 0.99994
19 43 0.999934
19 44 0.999927
19 45 0.999919
19 46 0.999912
19 47 0.999903
19 48 0.999895
19 49 0.999886
19 50 0.999876
19 51 0.999866
19 52 0.999856
19 53 0.999845
19 54 0.999834
19 55 0.999822
19 56 0.99981
19 57 0.999798
19 58 0.999785
19 59 0.999772
19 60 0.999759
19 61 0.999745
19 62 0.999732
19 63 0.999718
19 64 0.999704
19 65 0.99969
19 66 0.999675
19 67 0.999661
19 68 0.999647
19 69 0.999632
19 70 0.999618
19 71 0.999604
19 72 0.99959
19 73 0.999576
19 74 0.999563
19 75 0.999549
19 76 0.999536
19 77 0.999523
19 78 0.999511
19 79 0.999499
19 80 0.999487
19 81 0.999475
19 82 0.999464
19 83 0.999454
19 84 0.999444
19 85 0.999434
19 86 0.999425
19 87 0.999417
19 88 0.999409
19 89 0.999401
19 90 0.999394
19 91 0.999388
19 92 0.999382
19 93 0.999377
19 94 0.999372
19 95 0.999368
19 96 0.999364
19 97 0.999361
19 98 0.999359
19 99 0.999357
19 100 0.999355
19 101 0.999355
19 102 0.999355
19 103 0.999355
19 104 0.999356
19 105 0.999359
19 106 0.99936
19 107 0.999361
19 108 0.999367
19 109 0.999372
19 110 0.999372
19 111 0.999378
19 112 0.999389
19 113 0.999391
19 114 0.999392
19 115 0.999409
19 116 0.999418
19 117 0.999418
19 118 0.999436
19 119 0.999459
19 120 0.999471
19 121 0.999499
19 122 0.999543
19 123 0.999587
19 124 0.999645
19 125 0.999714
19 126 0.999787
19 127 0.999858

20 0 0
20 1 0.999973
20 2 0.999975
20 3 0.999976
20 4 0.999978
20 5 0.99998
20 6 0.999981
20 7 0.999983
20 8 0.999985
20 9 0.999986
20 10 0.999988
20 11 0.999989
20 12 0.999991
20 13 0.999992
20 14 0.999993
20 15 0.999994
20 16 0.999996
20 17 0.999997
20 18 0.999997
20 19 0.999998
20 20 0.999999
20 21 0.999999
20 22 1
20 23 1
20 24 1
20 25 0.999999
20 26 0.999999
20 27 0.999998
20 28 0.999997
20 29 0.999996
20 30 0.999994
20 31 0.999992
20 32 0.99999
20 33 0.999987
20 34 0.999985
20 35 0.999981
20 36 0.999978
20 37 0.999974
20 38 0.999969
20 39 0.999964
20 40 0.999959
20 41 0.999953
20 42 0.999947
20 43 0.999941
20 44 0.999934
20 45 0.999926
20 46 0.999918
20 47 0.99991
20 48 0.999901
20 49 0.999892
20 50 0.999882
20 51 0.999872
20 52 0.999861
20 53 0.99985
20 54 0.999838
20 55 0.999827
20 56 0.999814
20 57 0.999802
20 58 0.999789
20 59 0.999775
20 60 0.999762
20 61 0.999748
20 62 0.999734
20 63 0.99972
20 64 0.999706
20 65 0.999691
20 66 0.999677
20 67 0.999662
20 68 0.999647
20 69 0.999633
20 70 0.999619
20 71 0.999604
20 72 0.99959
20 73 0.999576
20 74 0.999562
20 75 0.999549
20 76 0.999536
20 77 0.999523
20 78 0.99951
20 79 0.999498
20 80 0.999486
20 81 0.999475
20 82 0.999464
20 83 0.999454
20 84 0.999444
20 85 0.999435
20 86 0.999426
20 87 0.999418
20 88 0.999411
20 89 0.999404
20 90 0.999397
20 91 0.999392
20 92 0.999387
20 93 0.999382
20 94 0.999378
20 95 0.999375
20 96 0.999372
20 97 0.99937
20 98 0.999369
20 99 0.999369
20 100 0.999368
20 101 0.999369
20 102 0.999371
20 103 0.999373
20 104 0.999375
20 105 0.999378
20 106 0.999383
20 107 0.999387
20 108 0.999391
20 109 0.999399
20 110 0.999406
20 111 0.999409
20 112 0.999418
20 113 0.999431
20 114 0.999436
20 115 0.999442
20 116 0.99946
20 117 0.999472
20 118 0.999479
20 119 0.999501
20 120 0.999527
20 121 0.99955
20 122 0.999588
20 123 0.999636
20 124 0.99969
20 125 0.999751
20 126 0.999819
20 127 0.999886

21 0 0
21 1 0.999983
21 2 0.999984
21 3 0.999986
21 4 0.999988
21 5 0.999989
21 6 0.999991
21 7 0.999993
21 8 0.999994
21 9 0.999996
21 10 0.999997
21 11 0.999999
21 12 1
21 13 1
21 14 1
21 15 1
21 16 1.00001
21 17 1.00001
21 18 1.00001
21 19 1.00001
21 20 1.00001
21 21 1.00001
21 22 1.00001
21 23 1.00001
21 24 1.00001
21 25 1.00001
21 26 1.00001
21 27 1.00001
21 28 1.00001
21 29 1
21 30 1
21 31 1
21 32 0.999999
21 33 0.999996
21 34 0.999993
21 35 0.99999
21 36 0.999986
21 37 0.999982
21 38 0.999977
21 39 0.999973
21 40 0.999967
21 41 0.999961
21 42 0.999955
21 43 0.999948
21 44 0.999941
21 45 0.999933
21 46 0.999925
21 47 0.999917
21 48 0.999908
21 49 0.999898
21 50 0.999888
21 51 0.999877
21 52 0.999866
21 53 0.999855
21 54 0.999843
21 55 0.999831
21 56 0.999819
21 57 0.999806
21 58 0.999792
21 59 0.999779
21 60 0.999765
21 61 0.999751
21 62 0.999736
21 63 0.999722
21 64 0.999707
21 65 0.999692
21 66 0.999678
21 67 0.999663
21 68 0.999648
21 69 0.999633
21 70 0.999619
21 71 0.999604
21 72 0.99959
21 73 0.999575
21 74 0.999562
21 75 0.999548
21 76 0.999535
21 77 0.999522
21 78 0.999509
21 79 0.999497
21 80 0.999486
21 81 0.999475
21 82 0.999464
21 83 0.999454
21 84 0.999444
21 85 0.999436
21 86 0.999427
21 87 0.99942
21 88 0.999413
21 89 0.999406
21 90 0.9994
21 91 0.999395
21 92 0.999391
21 93 0.999387
21 94 0.999384
21 95 0.999382
21 96 0.99938
21 97 0.999379
21 98 0.999379
21 99 0.99938
21 100 0.999381
21 101 0.999383
21 102 0.999386
21 103 0.99939
21 104 0.999394
21 105 0.999398
21 106 0.999404
21 107 0.999412
21 108 0.999418
21 109 0.999424
21 110 0.999435
21 111 0.999444
21 112 0.99945
21 113 0.999462
21 114 0.999476
21 115 0.999484
21 116 0.999495
21 117 0.999514
21 118 0.999528
21 119 0.999543
21 120 0.99957
21 121 0.999599
21 122 0.999632
21 123 0.999677
21 124 0.99973
21 125 0.999787
21 126 0.999849
21 127 0.99991

22 0 0
22 1 0.999993
22 2 0.999995
22 3 0.999996
22 4 0.999998
22 5 1
22 6 1
22 7 1
22 8 1
22 9 1.00001
22 10 1.00001
22 11 1.00001
22 12 1.00001
22 13 1.00001
22 14 1.00001
22 15 1.00001
22 16 1.00002
22 17 1.00002
22 18 1.00002
22 19 1.00002
22 20 1.00002
22 21 1.00002
22 22 1.00002
22 23 1.00002
22 24 1.00002
22 25 1.00002
22 26 1.00002
22 27 1.00002
22 28 1.00002
22 29 1.00001
22 30 1.00001
22 31 1.00001
22 32 1.00001
22 33 1.00001
22 34 1
22 35 0.999999
22 36 0.999995
22 37 0.999991
22 38 0.999986
22 39 0.999981
22 40 0.999975
22 41 0.999969
22 42 0.999963
22 43 0.999956
22 44 0.999949
22 45 0.999941
22 46 0.999932
22 47 0.999924
22 48 0.999914
22 49 0.999904
22 50 0.999894
22 51 0.999883
22 52 0.999872
22 53 0.99986
22 54 0.999848
22 55 0.999836
22 56 0.999823
22 57 0.99981
22 58 0.999796
22 59 0.999782
22 60 0.999768
22 61 0.999753
22 62 0.999739
22 63 0.999724
22 64 0.999709
22 65 0.999694
22 66 0.999678
22 67 0.999663
22 68 0.999648
22 69 0.999633
22 70 0.999618
22 71 0.999603
22 72 0.999589
22 73 0.999574
22 74 0.99956
22 75 0.999547
22 76 0.999533
22 77 0.99952
22 78 0.999508
22 79 0.999496
22 80 0.999484
22 81 0.999473
22 82 0.999463
22 83 0.999453
22 84 0.999444
22 85 0.999435
22 86 0.999428
22 87 0.99942
22 88 0.999414
22 89 0.999408
22 90 0.999403
22 91 0.999398
22 92 0.999395
22 93 0.999392
22 94 0.99939
22 95 0.999388
22 96 0.999388
22 97 0.999388
22 98 0.999389
22 99 0.999391
22 100 0.999393
22 101 0.999397
22 102 0.999401
22 103 0.999406
22 104 0.999412
22 105 0.999418
22 106 0.999425
22 107 0.999433
22 108 0.999443
22 109 0.999451
22 110 0.99946
22 111 0.999473
22 112 0.999484
22 113 0.999493
22 114 0.999507
22 115 0.999523
22 116 0.999534
22 117 0.999549
22 118 0.999569
22 119 0.999587
22 120 0.999609
22 121 0.99964
22 122 0.999675
22 123 0.999715
22 124 0.999765
22 125 0.999819
22 126 0.999876
22 127 0.999933

23 0 0
23 1 1
23 2 1.00001
23 3 1.00001
23 4 1.00001
23 5 1.00001
23 6 1.00001
23 7 1.00001
23 8 1.00002
23 9 1.00002
23 10 1.00002
23 11 1.00002
23 12 1.00002
23 13 1.00002
23 14 1.00002
23 15 1.00002
23 16 1.00003
23 17 1.00003
23 18 1.00003
23 19 1.00003
23 20 1.00003
23 21 1.00003
23 22 1.00003
23 23 1.00003
23 24 1.00003
23 25 1.00003
23 26 1.00003
23 27 1.00003
23 28 1.00003
23 29 1.00002
23 30 1.00002
23 31 1.00002
23 32 1.00002
23 33 1.00001
23 34 1.00001
23 35 1.00001
23 36 1
23 37 1
23 38 0.999995
23 39 0.99999
23 40 0.999984
23 41 0.999978
23 42 0.999971
23 43 0.999964
23 44 0.999957
23 45 0.999948
23 46 0.99994
23 47 0.999931
23 48 0.999921
23 49 0.999911
23 50 0.9999
23 51 0.999889
23 52 0.999878
23 53 0.999866
23 54 0.999853
23 55 0.99984
23 56 0.999827
23 57 0.999813
23 58 0.999799
23 59 0.999785
23 60 0.99977
23 61 0.999756
23 62 0.99974
23 63 0.999725
23 64 0.99971
23 65 0.999694
23 66 0.999679
23 67 0.999663
23 68 0.999648
23 69 0.999632
23 70 0.999617
23 71 0.999602
23 72 0.999587
23 73 0.999573
23 74 0.999559
23 75 0.999545
23 76 0.999531
23 77 0.999518
23 78 0.999506
23 79 0.999494
23 80 0.999482
23 81 0.999472
23 82 0.999461
23 83 0.999452
23 84 0.999443
23 85 0.999435
23 86 0.999427
23 87 0.99942
23 88 0.999414
23 89 0.999409
23 90 0.999405
23 91 0.999401
23 92 0.999398
23 93 0.999396
23 94 0.999395
23 95 0.999395
23 96 0.999395
23 97 0.999396
23 98 0.999398
23 99 0.999401
23 100 0.999405
23 101 0.99941
23 102 0.999415
23 103 0.999422
23 104 0.999428
23 105 0.999437
23 106 0.999446
23 107 0.999454
23 108 0.999465
23 109 0.999477
23 110 0.999487
23 111 0.999499
23 112 0.999513
23 113 0.999527
23 114 0.999538
23 115 0.999554
23 116 0.999571
23 117 0.999585
23 118 0.999604
23 119 0.999626
23 120 0.999649
23 121 0.999676
23 122 0.999711
23 123 0.999751
23 124 0.999797
23 125 0.999847
23 126 0.999901
23 127 0.999955

24 0 0
24 1 1.00001
24 2 1.00002
24 3 1.00002
24 4 1.00002
24 5 1.00002
24 6 1.00002
24 7 1.00002
24 8 1.00003
24 9 1.00003
24 10 1.00003
24 11 1.00003
24 12 1.00003
24 13 1.00003
24 14 1.00003
24 15 1.00004
24 16 1.00004
24 17 1.00004
24 18 1.00004
24 19 1.00004
24 20 1.00004
24 21 1.00004
24 22 1.00004
24 23 1.00004
24 24 1.00004
24 25 1.00004
24 26 1.00004
24 27 1.00004
24 28 1.00004
24 29 1.00003
24 30 1.00003
24 31 1.00003
24 32 1.00003
24 33 1.00002
24 34 1.00002
24 35 1.00002
24 36 1.00001
24 37 1.00001
24 38 1
24 39 0.999999
24 40 0.999993
24 41 0.999987
24 42 0.99998
24 43 0.999972
24 44 0.999965
24 45 0.999956
24 46 0.999947
24 47 0.999938
24 48 0.999928
24 49 0.999918
24 50 0.999907
24 51 0.999895
24 52 0.999883
24 53 0.999871
24 54 0.999858
24 55 0.999845
24 56 0.999831
24 57 0.999817
24 58 0.999803
24 59 0.999788
24 60 0.999773
24 61 0.999758
24 62 0.999742
24 63 0.999726
24 64 0.999711
24 65 0.999695
24 66 0.999679
24 67 0.999663
24 68 0.999647
24 69 0.999631
24 70 0.999616
24 71 0.999601
24 72 0.999585
24 73 0.999571
24 74 0.999556
24 75 0.999542
24 76 0.999529
24 77 0.999516
24 78 0.999503
24 79 0.999491
24 80 0.99948
24 81 0.999469
24 82 0.999459
24 83 0.99945
24 84 0.999441
24 85 0.999433
24 86 0.999426
24 87 0.99942
24 88 0.999414
24 89 0.99941
24 90 0.999406
24 91 0.999403
24 92 0.999401
24 93 0.9994
24 94 0.999399
24 95 0.9994
24 96 0.999401
24 97 0.999404
24 98 0.999407
24 99 0.999411
24 100 0.999416
24 101 0.999422
24 102 0.999429
24 103 0.999437
24 104 0.999445
24 105 0.999454
24 106 0.999465
24 107 0.999476
24 108 0.999487
24 109 0.999499
24 110 0.999513
24 111 0.999526
24 112 0.999539
24 113 0.999555
24 114 0.99957
24 115 0.999584
24 116 0.999602
24 117 0.99962
24 118 0.999638
24 119 0.999659
24 120 0.999684
24 121 0.999711
24 122 0.999744
24 123 0.999783
24 124 0.999826
24 125 0.999873
24 126 0.999924
24 127 0.999974

25 0 0
25 1 1.00003
25 2 1.00003
25 3 1.00003
25 4 1.00003
25 5 1.00003
25 6 1.00003
25 7 1.00004
25 8 1.00004
25 9 1.00004
25 10 1.00004
25 11 1.00004
25 12 1.00004
25 13 1.00004
25 14 1.00005
25 15 1.00005
25 16 1.00005
25 17 1.00005
25 18 1.00005
25 19 1.00005
25 20 1.00005
25 21 1.00005
25 22 1.00005
25 23 1.00005
25 24 1.00005
25 25 1.00005
25 26 1.00005
25 27 1.00005
25 28 1.00005
25 29 1.00004
25 30 1.00004
25 31 1.00004
25 32 1.00004
25 33 1.00003
25 34 1.00003
25 35 1.00003
25 36 1.00002
25 37 1.00002
25 38 1.00001
25 39 1.00001
25 40 1
25 41 0.999996
25 42 0.999988
25 43 0.999981
25 44 0.999973
25 45 0.999964
25 46 0.999955
25 47 0.999945
25 48 0.999935
25 49 0.999924
25 50 0.999913
25 51 0.999901
25 52 0.999889
25 53 0.999876
25 54 0.999863
25 55 0.999849
25 56 0.999835
25 57 0.999821
25 58 0.999806
25 59 0.999791
25 60 0.999775
25 61 0.999759
25 62 0.999743
25 63 0.999727
25 64 0.999711
25 65 0.999695
25 66 0.999678
25 67 0.999662
25 68 0.999646
25 69 0.99963
25 70 0.999614
25 71 0.999598
25 72 0.999583
25 73 0.999568
25 74 0.999553
25 75 0.999539
25 76 0.999525
25 77 0.999512
25 78 0.9995
25 79 0.999488
25 80 0.999477
25 81 0.999466
25 82 0.999456
25 83 0.999447
25 84 0.999439
25 85 0.999431
25 86 0.999424
25 87 0.999419
25 88 0.999414
25 89 0.99941
25 90 0.999407
25 91 0.999404
25 92 0.999403
25 93 0.999403
25 94 0.999403
25 95 0.999405
25 96 0.999407
25 97 0.999411
25 98 0.999415
25 99 0.99942
25 100 0.999426
25 101 0.999433
25 102 0.999441
25 103 0.99945
25 104 0.99946
25 105 0.999471
25 106 0.999482
25 107 0.999495
25 108 0.999508
25 109 0.999521
25 110 0.999535
25 111 0.999551
25 112 0.999565
25 113 0.999581
25 114 0.999598
25 115 0.999614
25 116 0.999631
25 117 0.99965
25 118 0.99967
25 119 0.99969
25 120 0.999715
25 121 0.999743
25 122 0.999774
25 123 0.999811
25 124 0.999852
25 125 0.999897
25 126 0.999944
25 127 0.999991

26 0 0
26 1 1.00004
26 2 1.00004
26 3 1.00004
26 4 1.00004
26 5 1.00005
26 6 1.00005
26 7 1.00005
26 8 1.00005
26 9 1.00005
26 10 1.00005
26 11 1.00005
26 12 1.00006
26 13 1.00006
26 14 1.00006
26 15 1.00006
26 16 1.00006
26 17 1.00006
26 18 1.00006
26 19 1.00006
26 20 1.00006
26 21 1.00006
26 22 1.00006
26 23 1.00006
26 24 1.00006
26 25 1.00006
26 26 1.00006
26 27 1.00006
26 28 1.00006
26 29 1.00006
26 30 1.00005
26 31 1.00005
26 32 1.00005
26 33 1.00005
26 34 1.00004
26 35 1.00004
26 36 1.00003
26 37 1.00003
26 38 1.00002
26 39 1.00002
26 40 1.00001
26 41 1
26 42 0.999997
26 43 0.99999
26 44 0.999981
26 45 0.999972
26 46 0.999963
26 47 0.999953
26 48 0.999942
26 49 0.999931
26 50 0.99992
26 51 0.999907
26 52 0.999895
26 53 0.999882
26 54 0.999868
26 55 0.999854
26 56 0.999839
26 57 0.999824
26 58 0.999809
26 59 0.999793
26 60 0.999777
26 61 0.999761
26 62 0.999744
26 63 0.999728
26 64 0.999711
26 65 0.999694
26 66 0.999677
26 67 0.999661
26 68 0.999644
26 69 0.999627
26 70 0.999611
26 71 0.999595
26 72 0.99958
26 73 0.999564
26 74 0.999549
26 75 0.999535
26 76 0.999521
26 77 0.999508
26 78 0.999495
26 79 0.999484
26 80 0.999472
26 81 0.999462
26 82 0.999452
26 83 0.999443
26 84 0.999435
26 85 0.999428
26 86 0.999422
26 87 0.999417
26 88 0.999412
26 89 0.999409
26 90 0.999406
26 91 0.999405
26 92 0.999404
26 93 0.999405
26 94 0.999406
26 95 0.999409
26 96 0.999412
26 97 0.999416
26 98 0.999422
26 99 0.999428
26 100 0.999435
26 101 0.999444
26 102 0.999453
26 103 0.999463
26 104 0.999474
26 105 0.999486
26 106 0.999499
26 107 0.999512
26 108 0.999527
26 109 0.999541
26 110 0.999556
26 111 0.999573
26 112 0.999589
26 113 0.999606
26 114 0.999623
26 115 0.999641
26 116 0.999659
26 117 0.999677
26 118 0.999698
26 119 0.999719
26 120 0.999743
26 121 0.99977
26 122 0.999801
26 123 0.999836
26 124 0.999875
26 125 0.999917
26 126 0.999962
26 127 1.00001

27 0 0
27 1 1.00005
27 2 1.00005
27 3 1.00005
27 4 1.00006
27 5 1.00006
27 6 1.00006
27 7 1.00006
27 8 1.00006
27 9 1.00006
27 10 1.00006
27 11 1.00007
27 12 1.00007
27 13 1.00007
27 14 1.00007
27 15 1.00007
27 16 1.00007
27 17 1.00007
27 18 1.00007
27 19 1.00007
27 20 1.00007
27 21 1.00007
27 22 1.00007
27 23 1.00007
27 24 1.00007
27 25 1.00007
27 26 1.00007
27 27 1.00007
27 28 1.00007
27 29 1.00007
27 30 1.00006
27 31 1.00006
27 32 1.00006
27 33 1.00006
27 34 1.00005
27 35 1.00005
27 36 1.00004
27 37 1.00004
27 38 1.00003
27 39 1.00003
27 40 1.00002
27 41 1.00001
27 42 1.00001
27 43 0.999999
27 44 0.99999
27 45 0.999981
27 46 0.999971
27 47 0.999961
27 48 0.99995
27 49 0.999938
27 50 0.999926
27 51 0.999913
27 52 0.9999
27 53 0.999887
27 54 0.999872
27 55 0.999858
27 56 0.999843
27 57 0.999827
27 58 0.999811
27 59 0.999795
27 60 0.999778
27 61 0.999762
27 62 0.999745
27 63 0.999727
27 64 0.99971
27 65 0.999693
27 66 0.999676
27 67 0.999658
27 68 0.999641
27 69 0.999624
27 70 0.999608
27 71 0.999591
27 72 0.999575
27 73 0.99956
27 74 0.999545
27 75 0.99953
27 76 0.999516
27 77 0.999503
27 78 0.99949
27 79 0.999478
27 80 0.999467
27 81 0.999457
27 82 0.999447
27 83 0.999439
27 84 0.999431
27 85 0.999424
27 86 0.999418
27 87 0.999414
27 88 0.99941
27 89 0.999407
27 90 0.999405
27 91 0.999404
27 92 0.999405
27 93 0.999406
27 94 0.999408
27 95 0.999412
27 96 0.999416
27 97 0.999421
27 98 0.999428
27 99 0.999435
27 100 0.999444
27 101 0.999453
27 102 0.999464
27 103 0.999475
27 104 0.999487
27 105 0.9995
27 106 0.999514
27 107 0.999529
27 108 0.999544
27 109 0.99956
27 110 0.999576
27 111 0.999593
27 112 0.999611
27 113 0.999628
27 114 0.999646
27 115 0.999664
27 116 0.999684
27 117 0.999703
27 118 0.999723
27 119 0.999745
27 120 0.999769
27 121 0.999795
27 122 0.999825
27 123 0.999859
27 124 0.999896
27 125 0.999936
27 126 0.999978
27 127 1.00002

28 0 0
28 1 1.00006
28 2 1.00007
28 3 1.00007
28 4 1.00007
28 5 1.00007
28 6 1.00007
28 7 1.00007
28 8 1.00007
28 9 1.00008
28 10 1.00008
28 11 1.00008
28 12 1.00008
28 13 1.00008
28 14 1.00008
28 15 1.00008
28 16 1.00008
28 17 1.00009
28 18 1.00009
28 19 1.00009
28 20 1.00009
28 21 1.00009
28 22 1.00009
28 23 1.00009
28 24 1.00009
28 25 1.00008
28 26 1.00008
28 27 1.00008
28 28 1.00008
28 29 1.00008
28 30 1.00008
28 31 1.00007
28 32 1.00007
28 33 1.00007
28 34 1.00006
28 35 1.00006
28 36 1.00005
28 37 1.00005
28 38 1.00004
28 39 1.00004
28 40 1.00003
28 41 1.00002
28 42 1.00002
28 43 1.00001
28 44 0.999999
28 45 0.999989
28 46 0.999979
28 47 0.999968
28 48 0.999957
28 49 0.999945
28 50 0.999933
28 51 0.999919
28 52 0.999906
28 53 0.999892
28 54 0.999877
28 55 0.999862
28 56 0.999846
28 57 0.99983
28 58 0.999813
28 59 0.999797
28 60 0.99978
28 61 0.999762
28 62 0.999745
28 63 0.999727
28 64 0.999709
28 65 0.999691
28 66 0.999673
28 67 0.999655
28 68 0.999638
28 69 0.99962
28 70 0.999603
28 71 0.999587
28 72 0.99957
28 73 0.999554
28 74 0.999539
28 75 0.999524
28 76 0.99951
28 77 0.999497
28 78 0.999484
28 79 0.999472
28 80 0.999461
28 81 0.999451
28 82 0.999441
28 83 0.999433
28 84 0.999426
28 85 0.999419
28 86 0.999414
28 87 0.99941
28 88 0.999406
28 89 0.999404
28 90 0.999403
28 91 0.999403
28 92 0.999404
28 93 0.999406
28 94 0.999409
28 95 0.999413
28 96 0.999419
28 97 0.999425
28 98 0.999433
28 99 0.999441
28 100 0.999451
28 101 0.999461
28 102 0.999473
28 103 0.999485
28 104 0.999499
28 105 0.999513
28 106 0.999528
28 107 0.999543
28 108 0.99956
28 109 0.999576
28 110 0.999594
28 111 0.999612
28 112 0.99963
28 113 0.999649
28 114 0.999667
28 115 0.999686
28 116 0.999705
28 117 0.999725
28 118 0.999746
28 119 0.999768
28 120 0.999792
28 121 0.999818
28 122 0.999847
28 123 0.999879
28 124 0.999914
28 125 0.999952
28 126 0.999992
28 127 1.00003

29 0 0
29 1 1.00008
29 2 1.00008
29 3 1.00008
29 4 1.00008
29 5 1.00008
29 6 1.00009
29 7 1.00009
29 8 1.00009
29 9 1.00009
29 10 1.00009
29 11 1.00009
29 12 1.00009
29 13 1.00009
29 14 1.0001
29 15 1.0001
29 16 1.0001
29 17 1.0001
29 18 1.0001
29 19 1.0001
29 20 1.0001
29 21 1.0001
29 22 1.0001
29 23 1.0001
29 24 1.0001
29 25 1.0001
29 26 1.0001
29 27 1.00009
29 28 1.00009
29 29 1.00009
29 30 1.00009
29 31 1.00009
29 32 1.00008
29 33 1.00008
29 34 1.00007
29 35 1.00007
29 36 1.00007
29 37 1.00006
29 38 1.00005
29 39 1.00005
29 40 1.00004
29 41 1.00003
29 42 1.00003
29 43 1.00002
29 44 1.00001
29 45 0.999998
29 46 0.999987
29 47 0.999976
29 48 0.999964
29 49 0.999952
29 50 0.999939
29 51 0.999925
29 52 0.999911
29 53 0.999896
29 54 0.999881
29 55 0.999865
29 56 0.999849
29 57 0.999832
29 58 0.999815
29 59 0.999798
29 60 0.99978
29 61 0.999762
29 62 0.999744
29 63 0.999725
29 64 0.999707
29 65 0.999688
29 66 0.99967
29 67 0.999652
29 68 0.999634
29 69 0.999616
29 70 0.999598
29 71 0.999581
29 72 0.999564
29 73 0.999548
29 74 0.999532
29 75 0.999517
29 76 0.999503
29 77 0.999489
29 78 0.999477
29 79 0.999465
29 80 0.999454
29 81 0.999444
29 82 0.999434
29 83 0.999426
29 84 0.999419
29 85 0.999413
29 86 0.999408
29 87 0.999404
29 88 0.999402
29 89 0.9994
29 90 0.9994
29 91 0.9994
29 92 0.999402
29 93 0.999405
29 94 0.999409
29 95 0.999414
29 96 0.999421
29 97 0.999428
29 98 0.999436
29 99 0.999446
29 100 0.999457
29 101 0.999468
29 102 0.999481
29 103 0.999494
29 104 0.999509
29 105 0.999524
29 106 0.99954
29 107 0.999556
29 108 0.999574
29 109 0.999591
29 110 0.99961
29 111 0.999629
29 112 0.999647
29 113 0.999666
29 114 0.999686
29 115 0.999705
29 116 0.999725
29 117 0.999745
29 118 0.999766
29 119 0.999788
29 120 0.999811
29 121 0.999837
29 122 0.999865
29 123 0.999896
29 124 0.99993
29 125 0.999966
29 126 1
29 127 1.00004

30 0 0
30 1 1.00009
30 2 1.00009
30 3 1.00009
30 4 1.0001
30 5 1.0001
30 6 1.0001
30 7 1.0001
30 8 1.0001
30 9 1.0001
30 10 1.0001
30 11 1.00011
30 12 1.00011
30 13 1.00011
30 14 1.00011
30 15 1.00011
30 16 1.00011
30 17 1.00011
30 18 1.00011
30 19 1.00011
30 20 1.00011
30 21 1.00011
30 22 1.00011
30 23 1.00011
30 24 1.00011
30 25 1.00011
30 26 1.00011
30 27 1.00011
30 28 1.00011
30 29 1.0001
30 30 1.0001
30 31 1.0001
30 32 1.00009
30 33 1.00009
30 34 1.00009
30 35 1.00008
30 36 1.00008
30 37 1.00007
30 38 1.00007
30 39 1.00006
30 40 1.00005
30 41 1.00004
30 42 1.00004
30 43 1.00003
30 44 1.00002
30 45 1.00001
30 46 0.999995
30 47 0.999984
30 48 0.999971
30 49 0.999959
30 50 0.999945
30 51 0.999931
30 52 0.999916
30 53 0.999901
30 54 0.999885
30 55 0.999869
30 56 0.999852
30 57 0.999834
30 58 0.999817
30 59 0.999798
30 60 0.99978
30 61 0.999761
30 62 0.999742
30 63 0.999723
30 64 0.999704
30 65 0.999685
30 66 0.999666
30 67 0.999647
30 68 0.999628
30 69 0.99961
30 70 0.999592
30 71 0.999574
30 72 0.999557
30 73 0.99954
30 74 0.999524
30 75 0.999509
30 76 0.999495
30 77 0.999481
30 78 0.999468
30 79 0.999456
30 80 0.999445
30 81 0.999435
30 82 0.999426
30 83 0.999418
30 84 0.999412
30 85 0.999406
30 86 0.999401
30 87 0.999398
30 88 0.999396
30 89 0.999395
30 90 0.999395
30 91 0.999396
30 92 0.999399
30 93 0.999403
30 94 0.999408
30 95 0.999414
30 96 0.999421
30 97 0.999429
30 98 0.999439
30 99 0.999449
30 100 0.999461
30 101 0.999474
30 102 0.999487
30 103 0.999502
30 104 0.999517
30 105 0.999533
30 106 0.99955
30 107 0.999568
30 108 0.999586
30 109 0.999605
30 110 0.999624
30 111 0.999643
30 112 0.999663
30 113 0.999682
30 114 0.999702
30 115 0.999722
30 116 0.999742
30 117 0.999763
30 118 0.999784
30 119 0.999806
30 120 0.999829
30 121 0.999854
30 122 0.999881
30 123 0.999911
30 124 0.999943
30 125 0.999977
30 126 1.00001
30 127 1.00005

31 0 0
31 1 1.0001
31 2 1.00011
31 3 1.00011
31 4 1.00011
31 5 1.00011
31 6 1.00011
31 7 1.00011
31 8 1.00012
31 9 1.00012
31 10 1.00012
31 11 1.00012
31 12 1.00012
31 13 1.00012
31 14 1.00012
31 15 1.00012
31 16 1.00012
31 17 1.00012
31 18 1.00012
31 19 1.00013
31 20 1.00013
31 21 1.00013
31 22 1.00012
31 23 1.00012
31 24 1.00012
31 25 1.00012
31 26 1.00012
31 27 1.00012
31 28 1.00012
31 29 1.00012
31 30 1.00011
31 31 1.00011
31 32 1.00011
31 33 1.0001
31 34 1.0001
31 35 1.00009
31 36 1.00009
31 37 1.00008
31 38 1.00008
31 39 1.00007
31 40 1.00006
31 41 1.00005
31 42 1.00004
31 43 1.00004
31 44 1.00003
31 45 1.00001
31 46 1
31 47 0.999991
31 48 0.999979
31 49 0.999965
31 50 0.999951
31 51 0.999937
31 52 0.999921
31 53 0.999905
31 54 0.999889
31 55 0.999872
31 56 0.999854
31 57 0.999836
31 58 0.999817
31 59 0.999798
31 60 0.999779
31 61 0.99976
31 62 0.99974
31 63 0.99972
31 64 0.9997
31 65 0.999681
31 66 0.999661
31 67 0.999641
31 68 0.999622
31 69 0.999603
31 70 0.999584
31 71 0.999566
31 72 0.999549
31 73 0.999532
31 74 0.999515
31 75 0.9995
31 76 0.999485
31 77 0.999471
31 78 0.999458
31 79 0.999446
31 80 0.999435
31 81 0.999425
31 82 0.999417
31 83 0.999409
31 84 0.999402
31 85 0.999397
31 86 0.999393
31 87 0.99939
31 88 0.999389
31 89 0.999388
31 90 0.999389
31 91 0.999391
31 92 0.999395
31 93 0.999399
31 94 0.999405
31 95 0.999412
31 96 0.99942
31 97 0.99943
31 98 0.99944
31 99 0.999452
31 100 0.999464
31 101 0.999478
31 102 0.999492
31 103 0.999508
31 104 0.999524
31 105 0.999541
31 106 0.999559
31 107 0.999577
31 108 0.999596
31 109 0.999616
31 110 0.999636
31 111 0.999656
31 112 0.999676
31 113 0.999696
31 114 0.999717
31 115 0.999737
31 116 0.999757
31 117 0.999778
31 118 0.999799
31 119 0.999821
31 120 0.999844
31 121 0.999868
31 122 0.999894
31 123 0.999923
31 124 0.999954
31 125 0.999987
31 126 1.00002
31 127 1.00006

32 0 0
32 1 1.00012
32 2 1.00012
32 3 1.00012
32 4 1.00012
32 5 1.00013
32 6 1.00013
32 7 1.00013
32 8 1.00013
32 9 1.00013
32 10 1.00013
32 11 1.00013
32 12 1.00013
32 13 1.00014
32 14 1.00014
32 15 1.00014
32 16 1.00014
32 17 1.00014
32 18 1.00014
32 19 1.00014
32 20 1.00014
32 21 1.00014
32 22 1.00014
32 23 1.00014
32 24 1.00014
32 25 1.00014
32 26 1.00013
32 27 1.00013
32 28 1.00013
32 29 1.00013
32 30 1.00013
32 31 1.00012
32 32 1.00012
32 33 1.00011
32 34 1.00011
32 35 1.00011
32 36 1.0001
32 37 1.00009
32 38 1.00009
32 39 1.00008
32 40 1.00007
32 41 1.00006
32 42 1.00005
32 43 1.00005
32 44 1.00003
32 45 1.00002
32 46 1.00001
32 47 0.999999
32 48 0.999986
32 49 0.999972
32 50 0.999957
32 51 0.999942
32 52 0.999926
32 53 0.999909
32 54 0.999892
32 55 0.999874
32 56 0.999856
32 57 0.999837
32 58 0.999817
32 59 0.999798
32 60 0.999778
32 61 0.999757
32 62 0.999737
32 63 0.999716
32 64 0.999696
32 65 0.999675
32 66 0.999655
32 67 0.999634
32 68 0.999614
32 69 0.999595
32 70 0.999576
32 71 0.999557
32 72 0.999539
32 73 0.999521
32 74 0.999505
32 75 0.999489
32 76 0.999474
32 77 0.99946
32 78 0.999447
32 79 0.999435
32 80 0.999424
32 81 0.999414
32 82 0.999405
32 83 0.999398
32 84 0.999392
32 85 0.999387
32 86 0.999383
32 87 0.999381
32 88 0.99938
32 89 0.99938
32 90 0.999382
32 91 0.999385
32 92 0.999389
32 93 0.999394
32 94 0.999401
32 95 0.999409
32 96 0.999418
32 97 0.999428
32 98 0.99944
32 99 0.999452
32 100 0.999466
32 101 0.99948
32 102 0.999496
32 103 0.999512
32 104 0.999529
32 105 0.999547
32 106 0.999566
32 107 0.999585
32 108 0.999605
32 109 0.999625
32 110 0.999646
32 111 0.999666
32 112 0.999687
32 113 0.999708
32 114 0.999729
32 115 0.999749
32 116 0.99977
32 117 0.999791
32 118 0.999812
32 119 0.999833
32 120 0.999856
32 121 0.99988
32 122 0.999905
32 123 0.999933
32 124 0.999963
32 125 0.999994
32 126 1.00003
32 127 1.00006

33 0 0
33 1 1.00013
33 2 1.00014
33 3 1.00014
33 4 1.00014
33 5 1.00014
33 6 1.00014
33 7 1.00014
33 8 1.00014
33 9 1.00015
33 10 1.00015
33 11 1.00015
33 12 1.00015
33 13 1.00015
33 14 1.00015
33 15 1.00015
33 16 1.00015
33 17 1.00015
33 18 1.00015
33 19 1.00015
33 20 1.00015
33 21 1.00015
33 22 1.00015
33 23 1.00015
33 24 1.00015
33 25 1.00015
33 26 1.00015
33 27 1.00015
33 28 1.00014
33 29 1.00014
33 30 1.00014
33 31 1.00014
33 32 1.00013
33 33 1.00013
33 34 1.00012
33 35 1.00012
33 36 1.00011
33 37 1.00011
33 38 1.0001
33 39 1.00009
33 40 1.00008
33 41 1.00007
33 42 1.00006
33 43 1.00005
33 44 1.00004
33 45 1.00003
33 46 1.00002
33 47 1.00001
33 48 0.999993
33 49 0.999978
33 50 0.999963
33 51 0.999947
33 52 0.99993
33 53 0.999913
33 54 0.999895
33 55 0.999876
33 56 0.999857
33 57 0.999837
33 58 0.999817
33 59 0.999796
33 60 0.999775
33 61 0.999754
33 62 0.999733
33 63 0.999711
33 64 0.99969
33 65 0.999669
33 66 0.999647
33 67 0.999626
33 68 0.999606
33 69 0.999585
33 70 0.999565
33 71 0.999546
33 72 0.999528
33 73 0.99951
33 74 0.999493
33 75 0.999476
33 76 0.999461
33 77 0.999447
33 78 0.999434
33 79 0.999422
33 80 0.999411
33 81 0.999401
33 82 0.999393
33 83 0.999386
33 84 0.99938
33 85 0.999375
33 86 0.999372
33 87 0.99937
33 88 0.99937
33 89 0.999371
33 90 0.999373
33 91 0.999377
33 92 0.999382
33 93 0.999388
33 94 0.999395
33 95 0.999404
33 96 0.999414
33 97 0.999425
33 98 0.999438
33 99 0.999451
33 100 0.999466
33 101 0.999481
33 102 0.999498
33 103 0.999515
33 104 0.999533
33 105 0.999552
33 106 0.999571
33 107 0.999591
33 108 0.999612
33 109 0.999632
33 110 0.999653
33 111 0.999675
33 112 0.999696
33 113 0.999717
33 114 0.999738
33 115 0.999759
33 116 0.99978
33 117 0.999801
33 118 0.999822
33 119 0.999843
33 120 0.999866
33 121 0.999889
33 122 0.999914
33 123 0.99994
33 124 0.999969
33 125 0.999999
33 126 1.00003
33 127 1.00006

34 0 0
34 1 1.00015
34 2 1.00015
34 3 1.00015
34 4 1.00015
34 5 1.00016
34 6 1.00016
34 7 1.00016
34 8 1.00016
34 9 1.00016
34 10 1.00016
34 11 1.00016
34 12 1.00016
34 13 1.00016
34 14 1.00017
34 15 1.00017
34 16 1.00017
34 17 1.00017
34 18 1.00017
34 19 1.00017
34 20 1.00017
34 21 1.00017
34 22 1.00017
34 23 1.00017
34 24 1.00016
34 25 1.00016
34 26 1.00016
34 27 1.00016
34 28 1.00016
34 29 1.00015
34 30 1.00015
34 31 1.00015
34 32 1.00014
34 33 1.00014
34 34 1.00014
34 35 1.00013
34 36 1.00012
34 37 1.00012
34 38 1.00011
34 39 1.0001
34 40 1.00009
34 41 1.00008
34 42 1.00007
34 43 1.00006
34 44 1.00005
34 45 1.00004
34 46 1.00003
34 47 1.00001
34 48 0.999999
34 49 0.999984
34 50 0.999968
34 51 0.999951
34 52 0.999934
34 53 0.999916
34 54 0.999897
34 55 0.999877
34 56 0.999857
34 57 0.999836
34 58 0.999815
34 59 0.999794
34 60 0.999772
34 61 0.99975
34 62 0.999728
34 63 0.999705
34 64 0.999683
34 65 0.999661
34 66 0.999639
34 67 0.999617
34 68 0.999595
34 69 0.999574
34 70 0.999554
34 71 0.999534
34 72 0.999515
34 73 0.999496
34 74 0.999479
34 75 0.999462
34 76 0.999447
34 77 0.999432
34 78 0.999419
34 79 0.999407
34 80 0.999396
34 81 0.999387
34 82 0.999378
34 83 0.999371
34 84 0.999366
34 85 0.999362
34 86 0.999359
34 87 0.999358
34 88 0.999358
34 89 0.99936
34 90 0.999363
34 91 0.999367
34 92 0.999373
34 93 0.99938
34 94 0.999388
34 95 0.999398
34 96 0.999409
34 97 0.999421
34 98 0.999434
34 99 0.999448
34 100 0.999464
34 101 0.99948
34 102 0.999498
34 103 0.999516
34 104 0.999535
34 105 0.999554
34 106 0.999575
34 107 0.999595
34 108 0.999616
34 109 0.999638
34 110 0.999659
34 111 0.999681
34 112 0.999703
34 113 0.999724
34 114 0.999746
34 115 0.999767
34 116 0.999788
34 117 0.999809
34 118 0.99983
34 119 0.999851
34 120 0.999873
34 121 0.999896
34 122 0.99992
34 123 0.999946
34 124 0.999973
34 125 1
34 126 1.00003
34 127 1.00006

35 0 0
35 1 1.00016
35 2 1.00017
35 3 1.00017
35 4 1.00017
35 5 1.00017
35 6 1.00017
35 7 1.00017
35 8 1.00017
35 9 1.00018
35 10 1.00018
35 11 1.00018
35 12 1.00018
35 13 1.00018
35 14 1.00018
35 15 1.00018
35 16 1.00018
35 17 1.00018
35 18 1.00018
35 19 1.00018
35 20 1.00018
35 21 1.00018
35 22 1.00018
35 23 1.00018
35 24 1.00018
35 25 1.00018
35 26 1.00018
35 27 1.00017
35 28 1.00017
35 29 1.00017
35 30 1.00017
35 31 1.00016
35 32 1.00016
35 33 1.00015
35 34 1.00015
35 35 1.00014
35 36 1.00014
35 37 1.00013
35 38 1.00012
35 39 1.00011
35 40 1.0001
35 41 1.0001
35 42 1.00008
35 43 1.00007
35 44 1.00006
35 45 1.00005
35 46 1.00004
35 47 1.00002
35 48 1.00001
35 49 0.99999
35 50 0.999973
35 51 0.999956
35 52 0.999937
35 53 0.999918
35 54 0.999898
35 55 0.999878
35 56 0.999857
35 57 0.999835
35 58 0.999813
35 59 0.999791
35 60 0.999768
35 61 0.999745
35 62 0.999721
35 63 0.999698
35 64 0.999675
35 65 0.999651
35 66 0.999628
35 67 0.999606
35 68 0.999583
35 69 0.999562
35 70 0.99954
35 71 0.99952
35 72 0.9995
35 73 0.999481
35 74 0.999463
35 75 0.999446
35 76 0.999431
35 77 0.999416
35 78 0.999402
35 79 0.99939
35 80 0.99938
35 81 0.99937
35 82 0.999362
35 83 0.999355
35 84 0.99935
35 85 0.999347
35 86 0.999344
35 87 0.999344
35 88 0.999344
35 89 0.999347
35 90 0.99935
35 91 0.999355
35 92 0.999362
35 93 0.99937
35 94 0.999379
35 95 0.99939
35 96 0.999402
35 97 0.999415
35 98 0.999429
35 99 0.999444
35 100 0.99946
35 101 0.999478
35 102 0.999496
35 103 0.999515
35 104 0.999535
35 105 0.999555
35 106 0.999576
35 107 0.999597
35 108 0.999619
35 109 0.999641
35 110 0.999663
35 111 0.999685
35 112 0.999707
35 113 0.999729
35 114 0.999751
35 115 0.999772
35 116 0.999793
35 117 0.999814
35 118 0.999835
35 119 0.999856
35 120 0.999878
35 121 0.9999
35 122 0.999924
35 123 0.999949
35 124 0.999975
35 125 1
35 126 1.00003
35 127 1.00006

36 0 0
36 1 1.00018
36 2 1.00018
36 3 1.00018
36 4 1.00018
36 5 1.00019
36 6 1.00019
36 7 1.00019
36 8 1.00019
36 9 1.00019
36 10 1.00019
36 11 1.00019
36 12 1.00019
36 13 1.00019
36 14 1.0002
36 15 1.0002
36 16 1.0002
36 17 1.0002
36 18 1.0002
36 19 1.0002
36 20 1.0002
36 21 1.0002
36 22 1.0002
36 23 1.00019
36 24 1.00019
36 25 1.00019
36 26 1.00019
36 27 1.00019
36 28 1.00019
36 29 1.00018
36 30 1.00018
36 31 1.00018
36 32 1.00017
36 33 1.00017
36 34 1.00016
36 35 1.00015
36 36 1.00015
36 37 1.00014
36 38 1.00013
36 39 1.00012
36 40 1.00012
36 41 1.00011
36 42 1.00009
36 43 1.00008
36 44 1.00007
36 45 1.00006
36 46 1.00004
36 47 1.00003
36 48 1.00001
36 49 0.999995
36 50 0.999978
36 51 0.999959
36 52 0.99994
36 53 0.99992
36 54 0.999899
36 55 0.999878
36 56 0.999856
36 57 0.999833
36 58 0.99981
36 59 0.999786
36 60 0.999762
36 61 0.999738
36 62 0.999714
36 63 0.999689
36 64 0.999665
36 65 0.999641
36 66 0.999617
36 67 0.999593
36 68 0.99957
36 69 0.999547
36 70 0.999525
36 71 0.999504
36 72 0.999484
36 73 0.999464
36 74 0.999446
36 75 0.999429
36 76 0.999412
36 77 0.999398
36 78 0.999384
36 79 0.999372
36 80 0.999361
36 81 0.999352
36 82 0.999344
36 83 0.999338
36 84 0.999333
36 85 0.999329
36 86 0.999328
36 87 0.999328
36 88 0.999329
36 89 0.999332
36 90 0.999336
36 91 0.999342
36 92 0.99935
36 93 0.999358
36 94 0.999368
36 95 0.99938
36 96 0.999393
36 97 0.999407
36 98 0.999422
36 99 0.999438
36 100 0.999455
36 101 0.999473
36 102 0.999492
36 103 0.999512
36 104 0.999532
36 105 0.999554
36 106 0.999575
36 107 0.999597
36 108 0.99962
36 109 0.999642
36 110 0.999665
36 111 0.999687
36 112 0.99971
36 113 0.999732
36 114 0.999754
36 115 0.999775
36 116 0.999796
36 117 0.999817
36 118 0.999838
36 119 0.999859
36 120 0.99988
36 121 0.999902
36 122 0.999925
36 123 0.999949
36 124 0.999975
36 125 1
36 126 1.00003
36 127 1.00006

37 0 0
37 1 1.0002
37 2 1.0002
37 3 1.0002
37 4 1.0002
37 5 1.0002
37 6 1.0002
37 7 1.0002
37 8 1.00021
37 9 1.00021
37 10 1.00021
37 11 1.00021
37 12 1.00021
37 13 1.00021
37 14 1.00021
37 15 1.00021
37 16 1.00021
37 17 1.00021
37 18 1.00021
37 19 1.00021
37 20 1.00021
37 21 1.00021
37 22 1.00021
37 23 1.00021
37 24 1.00021
37 25 1.00021
37 26 1.0002
37 27 1.0002
37 28 1.0002
37 29 1.0002
37 30 1.00019
37 31 1.00019
37 32 1.00018
37 33 1.00018
37 34 1.00017
37 35 1.00017
37 36 1.00016
37 37 1.00015
37 38 1.00015
37 39 1.00014
37 40 1.00013
37 41 1.00012
37 42 1.0001
37 43 1.00009
37 44 1.00008
37 45 1.00007
37 46 1.00005
37 47 1.00003
37 48 1.00002
37 49 1
37 50 0.999982
37 51 0.999963
37 52 0.999942
37 53 0.999921
37 54 0.9999
37 55 0.999877
37 56 0.999854
37 57 0.99983
37 58 0.999806
37 59 0.999781
37 60 0.999756
37 61 0.99973
37 62 0.999705
37 63 0.999679
37 64 0.999654
37 65 0.999628
37 66 0.999603
37 67 0.999579
37 68 0.999555
37 69 0.999531
37 70 0.999508
37 71 0.999486
37 72 0.999465
37 73 0.999445
37 74 0.999426
37 75 0.999409
37 76 0.999392
37 77 0.999377
37 78 0.999363
37 79 0.999351
37 80 0.99934
37 81 0.999331
37 82 0.999324
37 83 0.999317
37 84 0.999313
37 85 0.99931
37 86 0.999309
37 87 0.999309
37 88 0.999311
37 89 0.999315
37 90 0.99932
37 91 0.999327
37 92 0.999335
37 93 0.999345
37 94 0.999356
37 95 0.999368
37 96 0.999382
37 97 0.999397
37 98 0.999413
37 99 0.99943
37 100 0.999448
37 101 0.999467
37 102 0.999487
37 103 0.999507
37 104 0.999528
37 105 0.99955
37 106 0.999573
37 107 0.999595
37 108 0.999618
37 109 0.999641
37 110 0.999664
37 111 0.999687
37 112 0.99971
37 113 0.999732
37 114 0.999754
37 115 0.999776
37 116 0.999797
37 117 0.999818
37 118 0.999839
37 119 0.99986
37 120 0.999881
37 121 0.999902
37 122 0.999924
37 123 0.999948
37 124 0.999973
37 125 0.999998
37 126 1.00003
37 127 1.00005

38 0 0
38 1 1.00021
38 2 1.00021
38 3 1.00022
38 4 1.00022
38 5 1.00022
38 6 1.00022
38 7 1.00022
38 8 1.00022
38 9 1.00022
38 10 1.00022
38 11 1.00022
38 12 1.00023
38 13 1.00023
38 14 1.00023
38 15 1.00023
38 16 1.00023
38 17 1.00023
38 18 1.00023
38 19 1.00023
38 20 1.00023
38 21 1.00023
38 22 1.00023
38 23 1.00022
38 24 1.00022
38 25 1.00022
38 26 1.00022
38 27 1.00022
38 28 1.00021
38 29 1.00021
38 30 1.00021
38 31 1.0002
38 32 1.0002
38 33 1.00019
38 34 1.00019
38 35 1.00018
38 36 1.00017
38 37 1.00017
38 38 1.00016
38 39 1.00015
38 40 1.00014
38 41 1.00013
38 42 1.00011
38 43 1.0001
38 44 1.00009
38 45 1.00007
38 46 1.00006
38 47 1.00004
38 48 1.00002
38 49 1.00001
38 50 0.999986
38 51 0.999965
38 52 0.999944
38 53 0.999922
38 54 0.999899
38 55 0.999875
38 56 0.999851
38 57 0.999826
38 58 0.9998
38 59 0.999774
38 60 0.999748
38 61 0.999721
38 62 0.999694
38 63 0.999668
38 64 0.999641
38 65 0.999615
38 66 0.999588
38 67 0.999563
38 68 0.999538
38 69 0.999513
38 70 0.999489
38 71 0.999467
38 72 0.999445
38 73 0.999424
38 74 0.999405
38 75 0.999387
38 76 0.99937
38 77 0.999355
38 78 0.999341
38 79 0.999328
38 80 0.999318
38 81 0.999309
38 82 0.999301
38 83 0.999295
38 84 0.999291
38 85 0.999289
38 86 0.999288
38 87 0.999289
38 88 0.999292
38 89 0.999296
38 90 0.999302
38 91 0.99931
38 92 0.999319
38 93 0.999329
38 94 0.999341
38 95 0.999354
38 96 0.999369
38 97 0.999385
38 98 0.999402
38 99 0.999419
38 100 0.999438
38 101 0.999458
38 102 0.999479
38 103 0.9995
38 104 0.999522
38 105 0.999545
38 106 0.999568
38 107 0.999591
38 108 0.999614
38 109 0.999638
38 110 0.999661
38 111 0.999685
38 112 0.999708
38 113 0.99973
38 114 0.999753
38 115 0.999774
38 116 0.999796
38 117 0.999817
38 118 0.999837
38 119 0.999858
38 120 0.999878
38 121 0.999899
38 122 0.999921
38 123 0.999944
38 124 0.999968
38 125 0.999993
38 126 1.00002
38 127 1.00005

39 0 0
39 1 1.00023
39 2 1.00023
39 3 1.00023
39 4 1.00023
39 5 1.00024
39 6 1.00024
39 7 1.00024
39 8 1.00024
39 9 1.00024
39 10 1.00024
39 11 1.00024
39 12 1.00024
39 13 1.00024
39 14 1.00024
39 15 1.00024
39 16 1.00024
39 17 1.00024
39 18 1.00024
39 19 1.00024
39 20 1.00024
39 21 1.00024
39 22 1.00024
39 23 1.00024
39 24 1.00024
39 25 1.00024
39 26 1.00023
39 27 1.00023
39 28 1.00023
39 29 1.00023
39 30 1.00022
39 31 1.00022
39 32 1.00021
39 33 1.00021
39 34 1.0002
39 35 1.00019
39 36 1.00019
39 37 1.00018
39 38 1.00017
39 39 1.00016
39 40 1.00015
39 41 1.00014
39 42 1.00012
39 43 1.00011
39 44 1.0001
39 45 1.00008
39 46 1.00007
39 47 1.00005
39 48 1.00003
39 49 1.00001
39 50 0.999989
39 51 0.999968
39 52 0.999945
39 53 0.999922
39 54 0.999898
39 55 0.999873
39 56 0.999847
39 57 0.99982
39 58 0.999794
39 59 0.999766
39 60 0.999738
39 61 0.999711
39 62 0.999682
39 63 0.999654
39 64 0.999626
39 65 0.999599
39 66 0.999571
39 67 0.999545
39 68 0.999518
39 69 0.999493
39 70 0.999468
39 71 0.999445
39 72 0.999422
39 73 0.999401
39 74 0.999381
39 75 0.999362
39 76 0.999345
39 77 0.99933
39 78 0.999316
39 79 0.999303
39 80 0.999293
39 81 0.999284
39 82 0.999276
39 83 0.999271
39 84 0.999267
39 85 0.999265
39 86 0.999265
39 87 0.999267
39 88 0.99927
39 89 0.999275
39 90 0.999282
39 91 0.99929
39 92 0.9993
39 93 0.999311
39 94 0.999324
39 95 0.999338
39 96 0.999354
39 97 0.999371
39 98 0.999388
39 99 0.999407
39 100 0.999427
39 101 0.999448
39 102 0.999469
39 103 0.999492
39 104 0.999514
39 105 0.999537
39 106 0.999561
39 107 0.999585
39 108 0.999609
39 109 0.999633
39 110 0.999657
39 111 0.99968
39 112 0.999703
39 113 0.999726
39 114 0.999749
39 115 0.999771
39 116 0.999792
39 117 0.999813
39 118 0.999833
39 119 0.999854
39 120 0.999874
39 121 0.999895
39 122 0.999916
39 123 0.999938
39 124 0.999961
39 125 0.999986
39 126 1.00001
39 127 1.00004

40 0 0
40 1 1.00025
40 2 1.00025
40 3 1.00025
40 4 1.00025
40 5 1.00025
40 6 1.00025
40 7 1.00025
40 8 1.00026
40 9 1.00026
40 10 1.00026
40 11 1.00026
40 12 1.00026
40 13 1.00026
40 14 1.00026
40 15 1.00026
40 16 1.00026
40 17 1.00026
40 18 1.00026
40 19 1.00026
40 20 1.00026
40 21 1.00026
40 22 1.00026
40 23 1.00026
40 24 1.00025
40 25 1.00025
40 26 1.00025
40 27 1.00025
40 28 1.00024
40 29 1.00024
40 30 1.00024
40 31 1.00023
40 32 1.00023
40 33 1.00022
40 34 1.00021
40 35 1.00021
40 36 1.0002
40 37 1.00019
40 38 1.00018
40 39 1.00017
40 40 1.00016
40 41 1.00015
40 42 1.00013
40 43 1.00012
40 44 1.00011
40 45 1.00009
40 46 1.00007
40 47 1.00005
40 48 1.00003
40 49 1.00001
40 50 0.999992
40 51 0.999969
40 52 0.999945
40 53 0.999921
40 54 0.999895
40 55 0.999869
40 56 0.999842
40 57 0.999814
40 58 0.999786
40 59 0.999757
40 60 0.999728
40 61 0.999698
40 62 0.999669
40 63 0.999639
40 64 0.99961
40 65 0.999581
40 66 0.999553
40 67 0.999525
40 68 0.999497
40 69 0.999471
40 70 0.999445
40 71 0.999421
40 72 0.999398
40 73 0.999376
40 74 0.999355
40 75 0.999336
40 76 0.999318
40 77 0.999302
40 78 0.999288
40 79 0.999276
40 80 0.999265
40 81 0.999256
40 82 0.999249
40 83 0.999244
40 84 0.999241
40 85 0.999239
40 86 0.99924
40 87 0.999242
40 88 0.999246
40 89 0.999252
40 90 0.99926
40 91 0.999269
40 92 0.999279
40 93 0.999292
40 94 0.999305
40 95 0.99932
40 96 0.999337
40 97 0.999355
40 98 0.999373
40 99 0.999393
40 100 0.999414
40 101 0.999435
40 102 0.999458
40 103 0.999481
40 104 0.999504
40 105 0.999528
40 106 0.999552
40 107 0.999576
40 108 0.999601
40 109 0.999625
40 110 0.999649
40 111 0.999673
40 112 0.999697
40 113 0.99972
40 114 0.999742
40 115 0.999764
40 116 0.999786
40 117 0.999807
40 118 0.999827
40 119 0.999847
40 120 0.999867
40 121 0.999888
40 122 0.999908
40 123 0.99993
40 124 0.999953
40 125 0.999976
40 126 1
40 127 1.00003

41 0 0
41 1 1.00026
41 2 1.00027
41 3 1.00027
41 4 1.00027
41 5 1.00027
41 6 1.00027
41 7 1.00027
41 8 1.00027
41 9 1.00027
41 10 1.00027
41 11 1.00027
41 12 1.00028
41 13 1.00028
41 14 1.00028
41 15 1.00028
41 16 1.00028
41 17 1.00028
41 18 1.00028
41 19 1.00028
41 20 1.00027
41 21 1.00027
41 22 1.00027
41 23 1.00027
41 24 1.00027
41 25 1.00027
41 26 1.00027
41 27 1.00026
41 28 1.00026
41 29 1.00026
41 30 1.00025
41 31 1.00025
41 32 1.00024
41 33 1.00023
41 34 1.00023
41 35 1.00022
41 36 1.00021
41 37 1.0002
41 38 1.00019
41 39 1.00018
41 40 1.00017
41 41 1.00016
41 42 1.00014
41 43 1.00013
41 44 1.00011
41 45 1.0001
41 46 1.00008
41 47 1.00006
41 48 1.00004
41 49 1.00002
41 50 0.999994
41 51 0.99997
41 52 0.999945
41 53 0.999919
41 54 0.999892
41 55 0.999864
41 56 0.999836
41 57 0.999806
41 58 0.999776
41 59 0.999746
41 60 0.999715
41 61 0.999684
41 62 0.999654
41 63 0.999623
41 64 0.999592
41 65 0.999562
41 66 0.999532
41 67 0.999502
41 68 0.999474
41 69 0.999446
41 70 0.99942
41 71 0.999394
41 72 0.99937
41 73 0.999348
41 74 0.999327
41 75 0.999307
41 76 0.999289
41 77 0.999273
41 78 0.999258
41 79 0.999246
41 80 0.999235
41 81 0.999227
41 82 0.99922
41 83 0.999215
41 84 0.999212
41 85 0.999211
41 86 0.999212
41 87 0.999215
41 88 0.99922
41 89 0.999226
41 90 0.999235
41 91 0.999245
41 92 0.999256
41 93 0.99927
41 94 0.999284
41 95 0.9993
41 96 0.999318
41 97 0.999336
41 98 0.999356
41 99 0.999377
41 100 0.999398
41 101 0.999421
41 102 0.999444
41 103 0.999467
41 104 0.999492
41 105 0.999516
41 106 0.999541
41 107 0.999566
41 108 0.999591
41 109 0.999616
41 110 0.99964
41 111 0.999664
41 112 0.999688
41 113 0.999711
41 114 0.999734
41 115 0.999756
41 116 0.999777
41 117 0.999798
41 118 0.999819
41 119 0.999838
41 120 0.999858
41 121 0.999878
41 122 0.999899
41 123 0.99992
41 124 0.999942
41 125 0.999965
41 126 0.99999
41 127 1.00002

42 0 0
42 1 1.00028
42 2 1.00028
42 3 1.00028
42 4 1.00029
42 5 1.00029
42 6 1.00029
42 7 1.00029
42 8 1.00029
42 9 1.00029
42 10 1.00029
42 11 1.00029
42 12 1.00029
42 13 1.00029
42 14 1.00029
42 15 1.00029
42 16 1.00029
42 17 1.00029
42 18 1.00029
42 19 1.00029
42 20 1.00029
42 21 1.00029
42 22 1.00029
42 23 1.00029
42 24 1.00029
42 25 1.00028
42 26 1.00028
42 27 1.00028
42 28 1.00027
42 29 1.00027
42 30 1.00027
42 31 1.00026
42 32 1.00026
42 33 1.00025
42 34 1.00024
42 35 1.00023
42 36 1.00023
42 37 1.00022
42 38 1.00021
42 39 1.00019
42 40 1.00018
42 41 1.00017
42 42 1.00015
42 43 1.00014
42 44 1.00012
42 45 1.0001
42 46 1.00008
42 47 1.00006
42 48 1.00004
42 49 1.00002
42 50 0.999995
42 51 0.99997
42 52 0.999944
42 53 0.999916
42 54 0.999888
42 55 0.999858
42 56 0.999828
42 57 0.999797
42 58 0.999766
42 59 0.999734
42 60 0.999701
42 61 0.999669
42 62 0.999636
42 63 0.999604
42 64 0.999572
42 65 0.99954
42 66 0.999509
42 67 0.999478
42 68 0.999448
42 69 0.99942
42 70 0.999392
42 71 0.999366
42 72 0.999341
42 73 0.999317
42 74 0.999296
42 75 0.999276
42 76 0.999257
42 77 0.999241
42 78 0.999226
42 79 0.999214
42 80 0.999203
42 81 0.999194
42 82 0.999188
42 83 0.999183
42 84 0.999181
42 85 0.999181
42 86 0.999182
42 87 0.999186
42 88 0.999191
42 89 0.999199
42 90 0.999208
42 91 0.999219
42 92 0.999231
42 93 0.999245
42 94 0.999261
42 95 0.999278
42 96 0.999296
42 97 0.999316
42 98 0.999336
42 99 0.999358
42 100 0.999381
42 101 0.999404
42 102 0.999428
42 103 0.999452
42 104 0.999477
42 105 0.999502
42 106 0.999528
42 107 0.999553
42 108 0.999578
42 109 0.999604
42 110 0.999629
42 111 0.999653
42 112 0.999677
42 113 0.999701
42 114 0.999723
42 115 0.999745
42 116 0.999767
42 117 0.999788
42 118 0.999808
42 119 0.999828
42 120 0.999847
42 121 0.999867
42 122 0.999887
42 123 0.999908
42 124 0.999929
42 125 0.999952
42 126 0.999976
42 127 1

43 0 0
43 1 1.0003
43 2 1.0003
43 3 1.0003
43 4 1.0003
43 5 1.0003
43 6 1.00031
43 7 1.00031
43 8 1.00031
43 9 1.00031
43 10 1.00031
43 11 1.00031
43 12 1.00031
43 13 1.00031
43 14 1.00031
43 15 1.00031
43 16 1.00031
43 17 1.00031
43 18 1.00031
43 19 1.00031
43 20 1.00031
43 21 1.00031
43 22 1.00031
43 23 1.0003
43 24 1.0003
43 25 1.0003
43 26 1.0003
43 27 1.00029
43 28 1.00029
43 29 1.00029
43 30 1.00028
43 31 1.00028
43 32 1.00027
43 33 1.00026
43 34 1.00026
43 35 1.00025
43 36 1.00024
43 37 1.00023
43 38 1.00022
43 39 1.00021
43 40 1.00019
43 41 1.00018
43 42 1.00016
43 43 1.00015
43 44 1.00013
43 45 1.00011
43 46 1.00009
43 47 1.00007
43 48 1.00005
43 49 1.00002
43 50 0.999996
43 51 0.999969
43 52 0.999941
43 53 0.999912
43 54 0.999882
43 55 0.999851
43 56 0.999819
43 57 0.999787
43 58 0.999754
43 59 0.99972
43 60 0.999686
43 61 0.999652
43 62 0.999617
43 63 0.999583
43 64 0.99955
43 65 0.999516
43 66 0.999483
43 67 0.999452
43 68 0.999421
43 69 0.999391
43 70 0.999362
43 71 0.999335
43 72 0.999309
43 73 0.999285
43 74 0.999262
43 75 0.999242
43 76 0.999223
43 77 0.999206
43 78 0.999191
43 79 0.999179
43 80 0.999168
43 81 0.99916
43 82 0.999154
43 83 0.999149
43 84 0.999147
43 85 0.999148
43 86 0.99915
43 87 0.999154
43 88 0.99916
43 89 0.999168
43 90 0.999179
43 91 0.99919
43 92 0.999204
43 93 0.999219
43 94 0.999235
43 95 0.999253
43 96 0.999273
43 97 0.999293
43 98 0.999315
43 99 0.999337
43 100 0.999361
43 101 0.999385
43 102 0.99941
43 103 0.999435
43 104 0.99946
43 105 0.999486
43 106 0.999512
43 107 0.999538
43 108 0.999564
43 109 0.99959
43 110 0.999615
43 111 0.99964
43 112 0.999664
43 113 0.999688
43 114 0.99971
43 115 0.999733
43 116 0.999754
43 117 0.999775
43 118 0.999795
43 119 0.999815
43 120 0.999834
43 121 0.999853
43 122 0.999873
43 123 0.999893
43 124 0.999914
43 125 0.999936
43 126 0.99996
43 127 0.999984

44 0 0
44 1 1.00032
44 2 1.00032
44 3 1.00032
44 4 1.00032
44 5 1.00032
44 6 1.00032
44 7 1.00032
44 8 1.00032
44 9 1.00033
44 10 1.00033
44 11 1.00033
44 12 1.00033
44 13 1.00033
44 14 1.00033
44 15 1.00033
44 16 1.00033
44 17 1.00033
44 18 1.00033
44 19 1.00033
44 20 1.00032
44 21 1.00032
44 22 1.00032
44 23 1.00032
44 24 1.00032
44 25 1.00032
44 26 1.00031
44 27 1.00031
44 28 1.00031
44 29 1.0003
44 30 1.0003
44 31 1.00029
44 32 1.00028
44 33 1.00028
44 34 1.00027
44 35 1.00026
44 36 1.00025
44 37 1.00024
44 38 1.00023
44 39 1.00022
44 40 1.0002
44 41 1.00019
44 42 1.00017
44 43 1.00016
44 44 1.00014
44 45 1.00012
44 46 1.0001
44 47 1.00007
44 48 1.00005
44 49 1.00002
44 50 0.999996
44 51 0.999968
44 52 0.999938
44 53 0.999907
44 54 0.999876
44 55 0.999843
44 56 0.999809
44 57 0.999775
44 58 0.99974
44 59 0.999704
44 60 0.999669
44 61 0.999633
44 62 0.999597
44 63 0.999561
44 64 0.999525
44 65 0.99949
44 66 0.999456
44 67 0.999423
44 68 0.99939
44 69 0.999359
44 70 0.999329
44 71 0.999301
44 72 0.999274
44 73 0.999249
44 74 0.999226
44 75 0.999205
44 76 0.999186
44 77 0.999169
44 78 0.999154
44 79 0.999141
44 80 0.999131
44 81 0.999123
44 82 0.999117
44 83 0.999113
44 84 0.999111
44 85 0.999112
44 86 0.999115
44 87 0.99912
44 88 0.999127
44 89 0.999136
44 90 0.999147
44 91 0.99916
44 92 0.999174
44 93 0.99919
44 94 0.999208
44 95 0.999227
44 96 0.999247
44 97 0.999268
44 98 0.999291
44 99 0.999314
44 100 0.999339
44 101 0.999364
44 102 0.999389
44 103 0.999415
44 104 0.999442
44 105 0.999468
44 106 0.999495
44 107 0.999521
44 108 0.999547
44 109 0.999573
44 110 0.999599
44 111 0.999624
44 112 0.999649
44 113 0.999672
44 114 0.999695
44 115 0.999718
44 116 0.999739
44 117 0.99976
44 118 0.99978
44 119 0.999799
44 120 0.999819
44 121 0.999838
44 122 0.999857
44 123 0.999877
44 124 0.999898
44 125 0.999919
44 126 0.999942
44 127 0.999966

45 0 0
45 1 1.00034
45 2 1.00034
45 3 1.00034
45 4 1.00034
45 5 1.00034
45 6 1.00034
45 7 1.00034
45 8 1.00034
45 9 1.00034
45 10 1.00034
45 11 1.00034
45 12 1.00034
45 13 1.00034
45 14 1.00034
45 15 1.00034
45 16 1.00034
45 17 1.00034
45 18 1.00034
45 19 1.00034
45 20 1.00034
45 21 1.00034
45 22 1.00034
45 23 1.00034
45 24 1.00033
45 25 1.00033
45 26 1.00033
45 27 1.00033
45 28 1.00032
45 29 1.00032
45 30 1.00031
45 31 1.00031
45 32 1.0003
45 33 1.00029
45 34 1.00028
45 35 1.00028
45 36 1.00027
45 37 1.00025
45 38 1.00024
45 39 1.00023
45 40 1.00021
45 41 1.0002
45 42 1.00018
45 43 1.00016
45 44 1.00014
45 45 1.00012
45 46 1.0001
45 47 1.00008
45 48 1.00005
45 49 1.00002
45 50 0.999995
45 51 0.999965
45 52 0.999934
45 53 0.999902
45 54 0.999868
45 55 0.999833
45 56 0.999798
45 57 0.999762
45 58 0.999725
45 59 0.999687
45 60 0.999649
45 61 0.999612
45 62 0.999574
45 63 0.999536
45 64 0.999499
45 65 0.999462
45 66 0.999427
45 67 0.999392
45 68 0.999358
45 69 0.999326
45 70 0.999295
45 71 0.999265
45 72 0.999238
45 73 0.999212
45 74 0.999188
45 75 0.999166
45 76 0.999147
45 77 0.999129
45 78 0.999114
45 79 0.999102
45 80 0.999091
45 81 0.999083
45 82 0.999077
45 83 0.999074
45 84 0.999073
45 85 0.999074
45 86 0.999078
45 87 0.999083
45 88 0.999091
45 89 0.999101
45 90 0.999113
45 91 0.999127
45 92 0.999142
45 93 0.999159
45 94 0.999178
45 95 0.999198
45 96 0.999219
45 97 0.999241
45 98 0.999265
45 99 0.999289
45 100 0.999315
45 101 0.99934
45 102 0.999367
45 103 0.999394
45 104 0.999421
45 105 0.999448
45 106 0.999475
45 107 0.999502
45 108 0.999529
45 109 0.999555
45 110 0.999581
45 111 0.999607
45 112 0.999631
45 113 0.999655
45 114 0.999678
45 115 0.999701
45 116 0.999722
45 117 0.999743
45 118 0.999763
45 119 0.999782
45 120 0.999801
45 121 0.99982
45 122 0.999839
45 123 0.999859
45 124 0.999879
45 125 0.9999
45 126 0.999922
45 127 0.999946

46 0 0
46 1 1.00035
46 2 1.00036
46 3 1.00036
46 4 1.00036
46 5 1.00036
46 6 1.00036
46 7 1.00036
46 8 1.00036
46 9 1.00036
46 10 1.00036
46 11 1.00036
46 12 1.00036
46 13 1.00036
46 14 1.00036
46 15 1.00036
46 16 1.00036
46 17 1.00036
46 18 1.00036
46 19 1.00036
46 20 1.00036
46 21 1.00036
46 22 1.00036
46 23 1.00035
46 24 1.00035
46 25 1.00035
46 26 1.00035
46 27 1.00034
46 28 1.00034
46 29 1.00033
46 30 1.00033
46 31 1.00032
46 32 1.00031
46 33 1.00031
46 34 1.0003
46 35 1.00029
46 36 1.00028
46 37 1.00027
46 38 1.00025
46 39 1.00024
46 40 1.00023
46 41 1.00021
46 42 1.00019
46 43 1.00017
46 44 1.00015
46 45 1.00013
46 46 1.0001
46 47 1.00008
46 48 1.00005
46 49 1.00002
46 50 0.999994
46 51 0.999962
46 52 0.999929
46 53 0.999895
46 54 0.999859
46 55 0.999823
46 56 0.999785
46 57 0.999747
46 58 0.999708
46 59 0.999668
46 60 0.999629
46 61 0.999589
46 62 0.999549
46 63 0.99951
46 64 0.999471
46 65 0.999432
46 66 0.999395
46 67 0.999358
46 68 0.999323
46 69 0.99929
46 70 0.999257
46 71 0.999227
46 72 0.999198
46 73 0.999172
46 74 0.999147
46 75 0.999125
46 76 0.999105
46 77 0.999087
46 78 0.999072
46 79 0.999059
46 80 0.999049
46 81 0.999041
46 82 0.999036
46 83 0.999033
46 84 0.999032
46 85 0.999034
46 86 0.999038
46 87 0.999045
46 88 0.999053
46 89 0.999064
46 90 0.999077
46 91 0.999091
46 92 0.999108
46 93 0.999126
46 94 0.999145
46 95 0.999167
46 96 0.999189
46 97 0.999212
46 98 0.999237
46 99 0.999262
46 100 0.999288
46 101 0.999315
46 102 0.999342
46 103 0.99937
46 104 0.999398
46 105 0.999425
46 106 0.999453
46 107 0.999481
46 108 0.999508
46 109 0.999535
46 110 0.999561
46 111 0.999587
46 112 0.999612
46 113 0.999636
46 114 0.999659
46 115 0.999682
46 116 0.999703
46 117 0.999724
46 118 0.999744
46 119 0.999763
46 120 0.999782
46 121 0.999801
46 122 0.99982
46 123 0.999839
46 124 0.999859
46 125 0.999879
46 126 0.999901
46 127 0.999924

47 0 0
47 1 1.00037
47 2 1.00037
47 3 1.00038
47 4 1.00038
47 5 1.00038
47 6 1.00038
47 7 1.00038
47 8 1.00038
47 9 1.00038
47 10 1.00038
47 11 1.00038
47 12 1.00038
47 13 1.00038
47 14 1.00038
47 15 1.00038
47 16 1.00038
47 17 1.00038
47 18 1.00038
47 19 1.00038
47 20 1.00038
47 21 1.00037
47 22 1.00037
47 23 1.00037
47 24 1.00037
47 25 1.00037
47 26 1.00036
47 27 1.00036
47 28 1.00035
47 29 1.00035
47 30 1.00034
47 31 1.00034
47 32 1.00033
47 33 1.00032
47 34 1.00031
47 35 1.0003
47 36 1.00029
47 37 1.00028
47 38 1.00027
47 39 1.00025
47 40 1.00024
47 41 1.00022
47 42 1.0002
47 43 1.00018
47 44 1.00016
47 45 1.00013
47 46 1.00011
47 47 1.00008
47 48 1.00005
47 49 1.00002
47 50 0.999991
47 51 0.999958
47 52 0.999923
47 53 0.999887
47 54 0.999849
47 55 0.999811
47 56 0.999771
47 57 0.999731
47 58 0.999689
47 59 0.999648
47 60 0.999606
47 61 0.999564
47 62 0.999523
47 63 0.999481
47 64 0.99944
47 65 0.9994
47 66 0.999361
47 67 0.999323
47 68 0.999286
47 69 0.999251
47 70 0.999218
47 71 0.999186
47 72 0.999157
47 73 0.999129
47 74 0.999104
47 75 0.999081
47 76 0.999061
47 77 0.999043
47 78 0.999028
47 79 0.999015
47 80 0.999004
47 81 0.998997
47 82 0.998992
47 83 0.998989
47 84 0.998989
47 85 0.998992
47 86 0.998997
47 87 0.999004
47 88 0.999013
47 89 0.999025
47 90 0.999038
47 91 0.999054
47 92 0.999071
47 93 0.999091
47 94 0.999111
47 95 0.999133
47 96 0.999157
47 97 0.999181
47 98 0.999207
47 99 0.999233
47 100 0.99926
47 101 0.999288
47 102 0.999316
47 103 0.999344
47 104 0.999373
47 105 0.999401
47 106 0.999429
47 107 0.999457
47 108 0.999485
47 109 0.999512
47 110 0.999539
47 111 0.999565
47 112 0.99959
47 113 0.999615
47 114 0.999638
47 115 0.99966
47 116 0.999682
47 117 0.999703
47 118 0.999723
47 119 0.999742
47 120 0.999761
47 121 0.999779
47 122 0.999798
47 123 0.999817
47 124 0.999836
47 125 0.999857
47 126 0.999878
47 127 0.999901

48 0 0
48 1 1.00039
48 2 1.00039
48 3 1.00039
48 4 1.00039
48 5 1.0004
48 6 1.0004
48 7 1.0004
48 8 1.0004
48 9 1.0004
48 10 1.0004
48 11 1.0004
48 12 1.0004
48 13 1.0004
48 14 1.0004
48 15 1.0004
48 16 1.0004
48 17 1.0004
48 18 1.0004
48 19 1.0004
48 20 1.00039
48 21 1.00039
48 22 1.00039
48 23 1.00039
48 24 1.00039
48 25 1.00038
48 26 1.00038
48 27 1.00038
48 28 1.00037
48 29 1.00037
48 30 1.00036
48 31 1.00035
48 32 1.00035
48 33 1.00034
48 34 1.00033
48 35 1.00032
48 36 1.00031
48 37 1.00029
48 38 1.00028
48 39 1.00026
48 40 1.00025
48 41 1.00023
48 42 1.00021
48 43 1.00019
48 44 1.00016
48 45 1.00014
48 46 1.00011
48 47 1.00008
48 48 1.00005
48 49 1.00002
48 50 0.999988
48 51 0.999953
48 52 0.999916
48 53 0.999878
48 54 0.999838
48 55 0.999797
48 56 0.999755
48 57 0.999713
48 58 0.99967
48 59 0.999626
48 60 0.999582
48 61 0.999538
48 62 0.999494
48 63 0.999451
48 64 0.999408
48 65 0.999366
48 66 0.999325
48 67 0.999286
48 68 0.999247
48 69 0.999211
48 70 0.999176
48 71 0.999144
48 72 0.999113
48 73 0.999085
48 74 0.999059
48 75 0.999036
48 76 0.999015
48 77 0.998997
48 78 0.998981
48 79 0.998968
48 80 0.998958
48 81 0.99895
48 82 0.998946
48 83 0.998944
48 84 0.998944
48 85 0.998947
48 86 0.998953
48 87 0.998961
48 88 0.998971
48 89 0.998983
48 90 0.998998
48 91 0.999015
48 92 0.999033
48 93 0.999053
48 94 0.999075
48 95 0.999098
48 96 0.999122
48 97 0.999148
48 98 0.999174
48 99 0.999202
48 100 0.99923
48 101 0.999258
48 102 0.999287
48 103 0.999316
48 104 0.999346
48 105 0.999375
48 106 0.999404
48 107 0.999432
48 108 0.999461
48 109 0.999488
48 110 0.999515
48 111 0.999541
48 112 0.999567
48 113 0.999591
48 114 0.999615
48 115 0.999637
48 116 0.999659
48 117 0.99968
48 118 0.9997
48 119 0.999719
48 120 0.999738
48 121 0.999756
48 122 0.999775
48 123 0.999793
48 124 0.999813
48 125 0.999833
48 126 0.999854
48 127 0.999876

49 0 0
49 1 1.00041
49 2 1.00041
49 3 1.00041
49 4 1.00041
49 5 1.00041
49 6 1.00041
49 7 1.00042
49 8 1.00042
49 9 1.00042
49 10 1.00042
49 11 1.00042
49 12 1.00042
49 13 1.00042
49 14 1.00042
49 15 1.00042
49 16 1.00042
49 17 1.00041
49 18 1.00041
49 19 1.00041
49 20 1.00041
49 21 1.00041
49 22 1.00041
49 23 1.00041
49 24 1.0004
49 25 1.0004
49 26 1.0004
49 27 1.00039
49 28 1.00039
49 29 1.00038
49 30 1.00038
49 31 1.00037
49 32 1.00036
49 33 1.00035
49 34 1.00034
49 35 1.00033
49 36 1.00032
49 37 1.00031
49 38 1.00029
49 39 1.00028
49 40 1.00026
49 41 1.00024
49 42 1.00022
49 43 1.00019
49 44 1.00017
49 45 1.00014
49 46 1.00012
49 47 1.00009
49 48 1.00005
49 49 1.00002
49 50 0.999984
49 51 0.999947
49 52 0.999908
49 53 0.999867
49 54 0.999826
49 55 0.999783
49 56 0.999739
49 57 0.999694
49 58 0.999648
49 59 0.999602
49 60 0.999556
49 61 0.99951
49 62 0.999464
49 63 0.999418
49 64 0.999374
49 65 0.99933
49 66 0.999287
49 67 0.999246
49 68 0.999206
49 69 0.999169
49 70 0.999133
49 71 0.999099
49 72 0.999067
49 73 0.999038
49 74 0.999012
49 75 0.998988
49 76 0.998967
49 77 0.998948
49 78 0.998932
49 79 0.998919
49 80 0.998909
49 81 0.998902
49 82 0.998898
49 83 0.998896
49 84 0.998897
49 85 0.998901
49 86 0.998907
49 87 0.998916
49 88 0.998927
49 89 0.99894
49 90 0.998956
49 91 0.998973
49 92 0.998993
49 93 0.999014
49 94 0.999037
49 95 0.999061
49 96 0.999086
49 97 0.999113
49 98 0.99914
49 99 0.999169
49 100 0.999198
49 101 0.999227
49 102 0.999257
49 103 0.999287
49 104 0.999317
49 105 0.999347
49 106 0.999376
49 107 0.999405
49 108 0.999434
49 109 0.999462
49 110 0.99949
49 111 0.999516
49 112 0.999542
49 113 0.999566
49 114 0.99959
49 115 0.999613
49 116 0.999634
49 117 0.999655
49 118 0.999675
49 119 0.999694
49 120 0.999713
49 121 0.999731
49 122 0.99975
49 123 0.999768
49 124 0.999787
49 125 0.999807
49 126 0.999828
49 127 0.999849

50 0 0
50 1 1.00043
50 2 1.00043
50 3 1.00043
50 4 1.00043
50 5 1.00043
50 6 1.00043
50 7 1.00043
50 8 1.00043
50 9 1.00043
50 10 1.00043
50 11 1.00043
50 12 1.00043
50 13 1.00043
50 14 1.00043
50 15 1.00043
50 16 1.00043
50 17 1.00043
50 18 1.00043
50 19 1.00043
50 20 1.00043
50 21 1.00043
50 22 1.00043
50 23 1.00042
50 24 1.00042
50 25 1.00042
50 26 1.00041
50 27 1.00041
50 28 1.0004
50 29 1.0004
50 30 1.00039
50 31 1.00038
50 32 1.00038
50 33 1.00037
50 34 1.00036
50 35 1.00035
50 36 1.00033
50 37 1.00032
50 38 1.0003
50 39 1.00029
50 40 1.00027
50 41 1.00025
50 42 1.00023
50 43 1.0002
50 44 1.00018
50 45 1.00015
50 46 1.00012
50 47 1.00009
50 48 1.00005
50 49 1.00002
50 50 0.999979
50 51 0.99994
50 52 0.999899
50 53 0.999856
50 54 0.999812
50 55 0.999767
50 56 0.99972
50 57 0.999673
50 58 0.999625
50 59 0.999577
50 60 0.999529
50 61 0.99948
50 62 0.999432
50 63 0.999384
50 64 0.999338
50 65 0.999292
50 66 0.999248
50 67 0.999205
50 68 0.999164
50 69 0.999124
50 70 0.999087
50 71 0.999052
50 72 0.99902
50 73 0.99899
50 74 0.998963
50 75 0.998938
50 76 0.998916
50 77 0.998898
50 78 0.998882
50 79 0.998869
50 80 0.998859
50 81 0.998852
50 82 0.998848
50 83 0.998847
50 84 0.998848
50 85 0.998852
50 86 0.998859
50 87 0.998869
50 88 0.998881
50 89 0.998895
50 90 0.998912
50 91 0.99893
50 92 0.998951
50 93 0.998973
50 94 0.998997
50 95 0.999022
50 96 0.999048
50 97 0.999076
50 98 0.999105
50 99 0.999134
50 100 0.999164
50 101 0.999194
50 102 0.999225
50 103 0.999255
50 104 0.999286
50 105 0.999317
50 106 0.999347
50 107 0.999377
50 108 0.999406
50 109 0.999434
50 110 0.999462
50 111 0.999489
50 112 0.999515
50 113 0.99954
50 114 0.999564
50 115 0.999586
50 116 0.999608
50 117 0.999629
50 118 0.999649
50 119 0.999668
50 120 0.999687
50 121 0.999705
50 122 0.999723
50 123 0.999742
50 124 0.999761
50 125 0.99978
50 126 0.9998
50 127 0.999821

51 0 0
51 1 1.00045
51 2 1.00045
51 3 1.00045
51 4 1.00045
51 5 1.00045
51 6 1.00045
51 7 1.00045
51 8 1.00045
51 9 1.00045
51 10 1.00045
51 11 1.00045
51 12 1.00045
51 13 1.00045
51 14 1.00045
51 15 1.00045
51 16 1.00045
51 17 1.00045
51 18 1.00045
51 19 1.00045
51 20 1.00045
51 21 1.00045
51 22 1.00044
51 23 1.00044
51 24 1.00044
51 25 1.00043
51 26 1.00043
51 27 1.00043
51 28 1.00042
51 29 1.00041
51 30 1.00041
51 31 1.0004
51 32 1.00039
51 33 1.00038
51 34 1.00037
51 35 1.00036
51 36 1.00035
51 37 1.00033
51 38 1.00032
51 39 1.0003
51 40 1.00028
51 41 1.00026
51 42 1.00023
51 43 1.00021
51 44 1.00018
51 45 1.00015
51 46 1.00012
51 47 1.00009
51 48 1.00005
51 49 1.00001
51 50 0.999974
51 51 0.999932
51 52 0.999889
51 53 0.999844
51 54 0.999798
51 55 0.99975
51 56 0.999701
51 57 0.999651
51 58 0.999601
51 59 0.99955
51 60 0.9995
51 61 0.999449
51 62 0.999399
51 63 0.999349
51 64 0.9993
51 65 0.999253
51 66 0.999206
51 67 0.999162
51 68 0.999119
51 69 0.999079
51 70 0.99904
51 71 0.999004
51 72 0.998971
51 73 0.99894
51 74 0.998912
51 75 0.998887
51 76 0.998865
51 77 0.998846
51 78 0.99883
51 79 0.998817
51 80 0.998807
51 81 0.9988
51 82 0.998796
51 83 0.998796
51 84 0.998798
51 85 0.998803
51 86 0.99881
51 87 0.998821
51 88 0.998833
51 89 0.998849
51 90 0.998866
51 91 0.998886
51 92 0.998907
51 93 0.99893
51 94 0.998955
51 95 0.998981
51 96 0.999009
51 97 0.999038
51 98 0.999067
51 99 0.999098
51 100 0.999128
51 101 0.99916
51 102 0.999191
51 103 0.999223
51 104 0.999254
51 105 0.999285
51 106 0.999316
51 107 0.999346
51 108 0.999376
51 109 0.999405
51 110 0.999433
51 111 0.99946
51 112 0.999486
51 113 0.999512
51 114 0.999536
51 115 0.999558
51 116 0.99958
51 117 0.999601
51 118 0.999621
51 119 0.99964
51 120 0.999659
51 121 0.999677
51 122 0.999696
51 123 0.999714
51 124 0.999732
51 125 0.999752
51 126 0.999771
51 127 0.999792

52 0 0
52 1 1.00047
52 2 1.00047
52 3 1.00047
52 4 1.00047
52 5 1.00047
52 6 1.00047
52 7 1.00047
52 8 1.00047
52 9 1.00047
52 10 1.00047
52 11 1.00047
52 12 1.00047
52 13 1.00047
52 14 1.00047
52 15 1.00047
52 16 1.00047
52 17 1.00047
52 18 1.00047
52 19 1.00047
52 20 1.00047
52 21 1.00046
52 22 1.00046
52 23 1.00046
52 24 1.00046
52 25 1.00045
52 26 1.00045
52 27 1.00044
52 28 1.00044
52 29 1.00043
52 30 1.00042
52 31 1.00042
52 32 1.00041
52 33 1.0004
52 34 1.00039
52 35 1.00037
52 36 1.00036
52 37 1.00035
52 38 1.00033
52 39 1.00031
52 40 1.00029
52 41 1.00027
52 42 1.00024
52 43 1.00022
52 44 1.00019
52 45 1.00016
52 46 1.00012
52 47 1.00009
52 48 1.00005
52 49 1.00001
52 50 0.999968
52 51 0.999924
52 52 0.999878
52 53 0.999831
52 54 0.999782
52 55 0.999732
52 56 0.999681
52 57 0.999629
52 58 0.999576
52 59 0.999523
52 60 0.999469
52 61 0.999416
52 62 0.999364
52 63 0.999312
52 64 0.999261
52 65 0.999212
52 66 0.999164
52 67 0.999117
52 68 0.999073
52 69 0.999031
52 70 0.998992
52 71 0.998954
52 72 0.99892
52 73 0.998888
52 74 0.99886
52 75 0.998834
52 76 0.998812
52 77 0.998792
52 78 0.998776
52 79 0.998763
52 80 0.998754
52 81 0.998747
52 82 0.998744
52 83 0.998743
52 84 0.998746
52 85 0.998751
52 86 0.99876
52 87 0.998771
52 88 0.998785
52 89 0.998801
52 90 0.998819
52 91 0.99884
52 92 0.998862
52 93 0.998886
52 94 0.998912
52 95 0.99894
52 96 0.998968
52 97 0.998998
52 98 0.999028
52 99 0.99906
52 100 0.999091
52 101 0.999124
52 102 0.999156
52 103 0.999188
52 104 0.99922
52 105 0.999252
52 106 0.999284
52 107 0.999315
52 108 0.999345
52 109 0.999374
52 110 0.999403
52 111 0.99943
52 112 0.999457
52 113 0.999482
52 114 0.999506
52 115 0.999529
52 116 0.999551
52 117 0.999572
52 118 0.999592
52 119 0.999611
52 120 0.99963
52 121 0.999648
52 122 0.999667
52 123 0.999685
52 124 0.999703
52 125 0.999722
52 126 0.999742
52 127 0.999762

53 0 0
53 1 1.00049
53 2 1.00049
53 3 1.00049
53 4 1.00049
53 5 1.00049
53 6 1.00049
53 7 1.00049
53 8 1.00049
53 9 1.00049
53 10 1.00049
53 11 1.00049
53 12 1.00049
53 13 1.00049
53 14 1.00049
53 15 1.00049
53 16 1.00049
53 17 1.00049
53 18 1.00049
53 19 1.00049
53 20 1.00048
53 21 1.00048
53 22 1.00048
53 23 1.00048
53 24 1.00047
53 25 1.00047
53 26 1.00047
53 27 1.00046
53 28 1.00045
53 29 1.00045
53 30 1.00044
53 31 1.00043
53 32 1.00042
53 33 1.00041
53 34 1.0004
53 35 1.00039
53 36 1.00037
53 37 1.00036
53 38 1.00034
53 39 1.00032
53 40 1.0003
53 41 1.00028
53 42 1.00025
53 43 1.00022
53 44 1.00019
53 45 1.00016
53 46 1.00012
53 47 1.00009
53 48 1.00005
53 49 1.00001
53 50 0.999961
53 51 0.999915
53 52 0.999867
53 53 0.999817
53 54 0.999766
53 55 0.999713
53 56 0.999659
53 57 0.999605
53 58 0.999549
53 59 0.999494
53 60 0.999438
53 61 0.999383
53 62 0.999328
53 63 0.999274
53 64 0.999221
53 65 0.99917
53 66 0.99912
53 67 0.999072
53 68 0.999026
53 69 0.998983
53 70 0.998942
53 71 0.998904
53 72 0.998868
53 73 0.998836
53 74 0.998807
53 75 0.998781
53 76 0.998758
53 77 0.998738
53 78 0.998722
53 79 0.998709
53 80 0.998699
53 81 0.998693
53 82 0.99869
53 83 0.99869
53 84 0.998693
53 85 0.998699
53 86 0.998708
53 87 0.99872
53 88 0.998735
53 89 0.998752
53 90 0.998771
53 91 0.998793
53 92 0.998816
53 93 0.998841
53 94 0.998868
53 95 0.998897
53 96 0.998926
53 97 0.998957
53 98 0.998988
53 99 0.999021
53 100 0.999053
53 101 0.999086
53 102 0.99912
53 103 0.999153
53 104 0.999186
53 105 0.999218
53 106 0.99925
53 107 0.999282
53 108 0.999312
53 109 0.999342
53 110 0.999371
53 111 0.999399
53 112 0.999425
53 113 0.999451
53 114 0.999475
53 115 0.999499
53 116 0.999521
53 117 0.999542
53 118 0.999562
53 119 0.999581
53 120 0.9996
53 121 0.999618
53 122 0.999636
53 123 0.999655
53 124 0.999673
53 125 0.999691
53 126 0.999711
53 127 0.99973

54 0 0
54 1 1.00051
54 2 1.00051
54 3 1.00051
54 4 1.00051
54 5 1.00051
54 6 1.00051
54 7 1.00051
54 8 1.00051
54 9 1.00051
54 10 1.00051
54 11 1.00051
54 12 1.00051
54 13 1.00051
54 14 1.00051
54 15 1.00051
54 16 1.00051
54 17 1.00051
54 18 1.00051
54 19 1.0005
54 20 1.0005
54 21 1.0005
54 22 1.0005
54 23 1.00049
54 24 1.00049
54 25 1.00049
54 26 1.00048
54 27 1.00048
54 28 1.00047
54 29 1.00047
54 30 1.00046
54 31 1.00045
54 32 1.00044
54 33 1.00043
54 34 1.00042
54 35 1.0004
54 36 1.00039
54 37 1.00037
54 38 1.00035
54 39 1.00033
54 40 1.00031
54 41 1.00028
54 42 1.00026
54 43 1.00023
54 44 1.0002
54 45 1.00016
54 46 1.00013
54 47 1.00009
54 48 1.00004
54 49 1
54 50 0.999954
54 51 0.999906
54 52 0.999855
54 53 0.999803
54 54 0.999749
54 55 0.999693
54 56 0.999637
54 57 0.99958
54 58 0.999522
54 59 0.999464
54 60 0.999406
54 61 0.999348
54 62 0.999291
54 63 0.999235
54 64 0.99918
54 65 0.999126
54 66 0.999075
54 67 0.999025
54 68 0.998978
54 69 0.998933
54 70 0.998891
54 71 0.998852
54 72 0.998816
54 73 0.998783
54 74 0.998753
54 75 0.998726
54 76 0.998703
54 77 0.998683
54 78 0.998667
54 79 0.998654
54 80 0.998644
54 81 0.998638
54 82 0.998635
54 83 0.998636
54 84 0.99864
54 85 0.998646
54 86 0.998656
54 87 0.998669
54 88 0.998684
54 89 0.998702
54 90 0.998722
54 91 0.998745
54 92 0.998769
54 93 0.998795
54 94 0.998823
54 95 0.998853
54 96 0.998883
54 97 0.998915
54 98 0.998947
54 99 0.998981
54 100 0.999014
54 101 0.999048
54 102 0.999082
54 103 0.999116
54 104 0.99915
54 105 0.999183
54 106 0.999216
54 107 0.999248
54 108 0.999279
54 109 0.999309
54 110 0.999338
54 111 0.999366
54 112 0.999393
54 113 0.999419
54 114 0.999444
54 115 0.999467
54 116 0.999489
54 117 0.99951
54 118 0.999531
54 119 0.99955
54 120 0.999569
54 121 0.999587
54 122 0.999605
54 123 0.999623
54 124 0.999642
54 125 0.99966
54 126 0.999679
54 127 0.999698

55 0 0
55 1 1.00053
55 2 1.00053
55 3 1.00053
55 4 1.00053
55 5 1.00053
55 6 1.00053
55 7 1.00053
55 8 1.00053
55 9 1.00053
55 10 1.00053
55 11 1.00053
55 12 1.00053
55 13 1.00053
55 14 1.00053
55 15 1.00053
55 16 1.00053
55 17 1.00052
55 18 1.00052
55 19 1.00052
55 20 1.00052
55 21 1.00052
55 22 1.00052
55 23 1.00051
55 24 1.00051
55 25 1.00051
55 26 1.0005
55 27 1.0005
55 28 1.00049
55 29 1.00048
55 30 1.00047
55 31 1.00047
55 32 1.00046
55 33 1.00044
55 34 1.00043
55 35 1.00042
55 36 1.0004
55 37 1.00038
55 38 1.00037
55 39 1.00034
55 40 1.00032
55 41 1.00029
55 42 1.00027
55 43 1.00023
55 44 1.0002
55 45 1.00017
55 46 1.00013
55 47 1.00009
55 48 1.00004
55 49 0.999995
55 50 0.999946
55 51 0.999895
55 52 0.999842
55 53 0.999787
55 54 0.999731
55 55 0.999673
55 56 0.999614
55 57 0.999554
55 58 0.999494
55 59 0.999433
55 60 0.999372
55 61 0.999312
55 62 0.999253
55 63 0.999195
55 64 0.999138
55 65 0.999083
55 66 0.999029
55 67 0.998978
55 68 0.998929
55 69 0.998883
55 70 0.99884
55 71 0.9988
55 72 0.998763
55 73 0.998729
55 74 0.998698
55 75 0.998671
55 76 0.998648
55 77 0.998628
55 78 0.998611
55 79 0.998598
55 80 0.998589
55 81 0.998583
55 82 0.998581
55 83 0.998582
55 84 0.998586
55 85 0.998593
55 86 0.998604
55 87 0.998617
55 88 0.998633
55 89 0.998652
55 90 0.998673
55 91 0.998696
55 92 0.998721
55 93 0.998749
55 94 0.998778
55 95 0.998808
55 96 0.99884
55 97 0.998872
55 98 0.998906
55 99 0.99894
55 100 0.998974
55 101 0.999009
55 102 0.999044
55 103 0.999079
55 104 0.999113
55 105 0.999147
55 106 0.99918
55 107 0.999213
55 108 0.999244
55 109 0.999275
55 110 0.999304
55 111 0.999333
55 112 0.99936
55 113 0.999386
55 114 0.999411
55 115 0.999434
55 116 0.999457
55 117 0.999478
55 118 0.999498
55 119 0.999518
55 120 0.999537
55 121 0.999555
55 122 0.999574
55 123 0.999591
55 124 0.99961
55 125 0.999628
55 126 0.999646
55 127 0.999665

56 0 0
56 1 1.00055
56 2 1.00055
56 3 1.00055
56 4 1.00055
56 5 1.00055
56 6 1.00055
56 7 1.00055
56 8 1.00055
56 9 1.00055
56 10 1.00055
56 11 1.00055
56 12 1.00055
56 13 1.00055
56 14 1.00055
56 15 1.00055
56 16 1.00054
56 17 1.00054
56 18 1.00054
56 19 1.00054
56 20 1.00054
56 21 1.00054
56 22 1.00053
56 23 1.00053
56 24 1.00053
56 25 1.00052
56 26 1.00052
56 27 1.00051
56 28 1.00051
56 29 1.0005
56 30 1.00049
56 31 1.00048
56 32 1.00047
56 33 1.00046
56 34 1.00045
56 35 1.00043
56 36 1.00042
56 37 1.0004
56 38 1.00038
56 39 1.00036
56 40 1.00033
56 41 1.0003
56 42 1.00027
56 43 1.00024
56 44 1.00021
56 45 1.00017
56 46 1.00013
56 47 1.00008
56 48 1.00004
56 49 0.999989
56 50 0.999938
56 51 0.999885
56 52 0.999829
56 53 0.999772
56 54 0.999713
56 55 0.999652
56 56 0.99959
56 57 0.999528
56 58 0.999465
56 59 0.999402
56 60 0.999339
56 61 0.999276
56 62 0.999215
56 63 0.999154
56 64 0.999095
56 65 0.999038
56 66 0.998983
56 67 0.998931
56 68 0.99888
56 69 0.998833
56 70 0.998789
56 71 0.998747
56 72 0.998709
56 73 0.998675
56 74 0.998644
56 75 0.998616
56 76 0.998592
56 77 0.998572
56 78 0.998556
56 79 0.998543
56 80 0.998533
56 81 0.998528
56 82 0.998526
56 83 0.998527
56 84 0.998532
56 85 0.99854
56 86 0.998551
56 87 0.998565
56 88 0.998582
56 89 0.998601
56 90 0.998623
56 91 0.998647
56 92 0.998674
56 93 0.998702
56 94 0.998732
56 95 0.998763
56 96 0.998795
56 97 0.998829
56 98 0.998863
56 99 0.998898
56 100 0.998934
56 101 0.998969
56 102 0.999005
56 103 0.99904
56 104 0.999076
56 105 0.99911
56 106 0.999144
56 107 0.999177
56 108 0.999209
56 109 0.99924
56 110 0.99927
56 111 0.999299
56 112 0.999326
56 113 0.999352
56 114 0.999377
56 115 0.999401
56 116 0.999424
56 117 0.999445
56 118 0.999466
56 119 0.999485
56 120 0.999504
56 121 0.999523
56 122 0.999541
56 123 0.999559
56 124 0.999577
56 125 0.999595
56 126 0.999613
56 127 0.999631

57 0 0
57 1 1.00057
57 2 1.00057
57 3 1.00057
57 4 1.00057
57 5 1.00057
57 6 1.00057
57 7 1.00057
57 8 1.00057
57 9 1.00057
57 10 1.00057
57 11 1.00057
57 12 1.00057
57 13 1.00057
57 14 1.00057
57 15 1.00056
57 16 1.00056
57 17 1.00056
57 18 1.00056
57 19 1.00056
57 20 1.00056
57 21 1.00055
57 22 1.00055
57 23 1.00055
57 24 1.00055
57 25 1.00054
57 26 1.00054
57 27 1.00053
57 28 1.00052
57 29 1.00052
57 30 1.00051
57 31 1.0005
57 32 1.00049
57 33 1.00048
57 34 1.00046
57 35 1.00045
57 36 1.00043
57 37 1.00041
57 38 1.00039
57 39 1.00037
57 40 1.00034
57 41 1.00031
57 42 1.00028
57 43 1.00025
57 44 1.00021
57 45 1.00017
57 46 1.00013
57 47 1.00008
57 48 1.00003
57 49 0.999983
57 50 0.99993
57 51 0.999874
57 52 0.999816
57 53 0.999756
57 54 0.999694
57 55 0.999631
57 56 0.999566
57 57 0.999501
57 58 0.999436
57 59 0.99937
57 60 0.999305
57 61 0.99924
57 62 0.999176
57 63 0.999114
57 64 0.999053
57 65 0.998994
57 66 0.998937
57 67 0.998883
57 68 0.998831
57 69 0.998783
57 70 0.998737
57 71 0.998695
57 72 0.998656
57 73 0.998621
57 74 0.998589
57 75 0.998562
57 76 0.998537
57 77 0.998517
57 78 0.9985
57 79 0.998488
57 80 0.998478
57 81 0.998473
57 82 0.998471
57 83 0.998473
57 84 0.998478
57 85 0.998487
57 86 0.998498
57 87 0.998513
57 88 0.99853
57 89 0.998551
57 90 0.998573
57 91 0.998598
57 92 0.998626
57 93 0.998655
57 94 0.998685
57 95 0.998718
57 96 0.998751
57 97 0.998786
57 98 0.998821
57 99 0.998857
57 100 0.998893
57 101 0.998929
57 102 0.998966
57 103 0.999002
57 104 0.999038
57 105 0.999073
57 106 0.999107
57 107 0.999141
57 108 0.999173
57 109 0.999205
57 110 0.999235
57 111 0.999264
57 112 0.999292
57 113 0.999318
57 114 0.999343
57 115 0.999367
57 116 0.99939
57 117 0.999412
57 118 0.999432
57 119 0.999452
57 120 0.999471
57 121 0.99949
57 122 0.999508
57 123 0.999526
57 124 0.999544
57 125 0.999562
57 126 0.999579
57 127 0.999597

58 0 0
58 1 1.00059
58 2 1.00059
58 3 1.00059
58 4 1.00059
58 5 1.00059
58 6 1.00059
58 7 1.00059
58 8 1.00059
58 9 1.00059
58 10 1.00059
58 11 1.00059
58 12 1.00059
58 13 1.00058
58 14 1.00058
58 15 1.00058
58 16 1.00058
58 17 1.00058
58 18 1.00058
58 19 1.00058
58 20 1.00058
58 21 1.00057
58 22 1.00057
58 23 1.00057
58 24 1.00056
58 25 1.00056
58 26 1.00055
58 27 1.00055
58 28 1.00054
58 29 1.00053
58 30 1.00053
58 31 1.00052
58 32 1.00051
58 33 1.00049
58 34 1.00048
58 35 1.00046
58 36 1.00045
58 37 1.00043
58 38 1.0004
58 39 1.00038
58 40 1.00035
58 41 1.00032
58 42 1.00029
58 43 1.00025
58 44 1.00021
58 45 1.00017
58 46 1.00013
58 47 1.00008
58 48 1.00003
58 49 0.999978
58 50 0.999922
58 51 0.999863
58 52 0.999802
58 53 0.99974
58 54 0.999675
58 55 0.999609
58 56 0.999542
58 57 0.999474
58 58 0.999406
58 59 0.999338
58 60 0.99927
58 61 0.999203
58 62 0.999137
58 63 0.999073
58 64 0.99901
58 65 0.99895
58 66 0.998891
58 67 0.998836
58 68 0.998783
58 69 0.998733
58 70 0.998686
58 71 0.998643
58 72 0.998604
58 73 0.998568
58 74 0.998536
58 75 0.998508
58 76 0.998483
58 77 0.998463
58 78 0.998446
58 79 0.998433
58 80 0.998424
58 81 0.998419
58 82 0.998417
58 83 0.998419
58 84 0.998425
58 85 0.998434
58 86 0.998446
58 87 0.998461
58 88 0.99848
58 89 0.998501
58 90 0.998524
58 91 0.99855
58 92 0.998578
58 93 0.998608
58 94 0.99864
58 95 0.998673
58 96 0.998707
58 97 0.998742
58 98 0.998779
58 99 0.998815
58 100 0.998852
58 101 0.998889
58 102 0.998926
58 103 0.998963
58 104 0.999
58 105 0.999035
58 106 0.99907
58 107 0.999104
58 108 0.999137
58 109 0.999169
58 110 0.9992
58 111 0.999229
58 112 0.999257
58 113 0.999284
58 114 0.999309
58 115 0.999333
58 116 0.999356
58 117 0.999378
58 118 0.999399
58 119 0.999419
58 120 0.999438
58 121 0.999457
58 122 0.999475
58 123 0.999493
58 124 0.999511
58 125 0.999528
58 126 0.999546
58 127 0.999563

59 0 0
59 1 1.00061
59 2 1.00061
59 3 1.00061
59 4 1.00061
59 5 1.00061
59 6 1.00061
59 7 1.00061
59 8 1.00061
59 9 1.00061
59 10 1.00061
59 11 1.0006
59 12 1.0006
59 13 1.0006
59 14 1.0006
59 15 1.0006
59 16 1.0006
59 17 1.0006
59 18 1.0006
59 19 1.0006
59 20 1.00059
59 21 1.00059
59 22 1.00059
59 23 1.00059
59 24 1.00058
59 25 1.00058
59 26 1.00057
59 27 1.00057
59 28 1.00056
59 29 1.00055
59 30 1.00054
59 31 1.00053
59 32 1.00052
59 33 1.00051
59 34 1.00049
59 35 1.00048
59 36 1.00046
59 37 1.00044
59 38 1.00042
59 39 1.00039
59 40 1.00036
59 41 1.00033
59 42 1.0003
59 43 1.00026
59 44 1.00022
59 45 1.00018
59 46 1.00013
59 47 1.00008
59 48 1.00003
59 49 0.999972
59 50 0.999913
59 51 0.999852
59 52 0.999789
59 53 0.999723
59 54 0.999656
59 55 0.999588
59 56 0.999518
59 57 0.999448
59 58 0.999377
59 59 0.999306
59 60 0.999236
59 61 0.999167
59 62 0.999099
59 63 0.999033
59 64 0.998968
59 65 0.998906
59 66 0.998846
59 67 0.998789
59 68 0.998735
59 69 0.998684
59 70 0.998636
59 71 0.998592
59 72 0.998552
59 73 0.998516
59 74 0.998483
59 75 0.998455
59 76 0.99843
59 77 0.998409
59 78 0.998392
59 79 0.99838
59 80 0.998371
59 81 0.998366
59 82 0.998364
59 83 0.998367
59 84 0.998373
59 85 0.998382
59 86 0.998395
59 87 0.998411
59 88 0.99843
59 89 0.998451
59 90 0.998476
59 91 0.998502
59 92 0.998531
59 93 0.998562
59 94 0.998594
59 95 0.998628
59 96 0.998663
59 97 0.998699
59 98 0.998736
59 99 0.998774
59 100 0.998812
59 101 0.99885
59 102 0.998887
59 103 0.998925
59 104 0.998962
59 105 0.998998
59 106 0.999033
59 107 0.999068
59 108 0.999101
59 109 0.999133
59 110 0.999164
59 111 0.999194
59 112 0.999222
59 113 0.999249
59 114 0.999275
59 115 0.999299
59 116 0.999322
59 117 0.999344
59 118 0.999365
59 119 0.999385
59 120 0.999404
59 121 0.999423
59 122 0.999442
59 123 0.99946
59 124 0.999477
59 125 0.999495
59 126 0.999512
59 127 0.999528

60 0 0
60 1 1.00063
60 2 1.00063
60 3 1.00063
60 4 1.00063
60 5 1.00063
60 6 1.00063
60 7 1.00063
60 8 1.00063
60 9 1.00062
60 10 1.00062
60 11 1.00062
60 12 1.00062
60 13 1.00062
60 14 1.00062
60 15 1.00062
60 16 1.00062
60 17 1.00062
60 18 1.00062
60 19 1.00062
60 20 1.00061
60 21 1.00061
60 22 1.00061
60 23 1.0006
60 24 1.0006
60 25 1.0006
60 26 1.00059
60 27 1.00058
60 28 1.00058
60 29 1.00057
60 30 1.00056
60 31 1.00055
60 32 1.00054
60 33 1.00053
60 34 1.00051
60 35 1.00049
60 36 1.00047
60 37 1.00045
60 38 1.00043
60 39 1.0004
60 40 1.00037
60 41 1.00034
60 42 1.0003
60 43 1.00027
60 44 1.00022
60 45 1.00018
60 46 1.00013
60 47 1.00008
60 48 1.00002
60 49 0.999966
60 50 0.999905
60 51 0.999841
60 52 0.999775
60 53 0.999707
60 54 0.999638
60 55 0.999566
60 56 0.999494
60 57 0.999421
60 58 0.999348
60 59 0.999275
60 60 0.999203
60 61 0.999131
60 62 0.999061
60 63 0.998993
60 64 0.998927
60 65 0.998863
60 66 0.998801
60 67 0.998743
60 68 0.998688
60 69 0.998636
60 70 0.998588
60 71 0.998543
60 72 0.998502
60 73 0.998465
60 74 0.998432
60 75 0.998403
60 76 0.998378
60 77 0.998357
60 78 0.99834
60 79 0.998328
60 80 0.998319
60 81 0.998314
60 82 0.998313
60 83 0.998316
60 84 0.998322
60 85 0.998332
60 86 0.998345
60 87 0.998362
60 88 0.998381
60 89 0.998403
60 90 0.998428
60 91 0.998456
60 92 0.998485
60 93 0.998517
60 94 0.99855
60 95 0.998584
60 96 0.99862
60 97 0.998657
60 98 0.998695
60 99 0.998733
60 100 0.998772
60 101 0.99881
60 102 0.998848
60 103 0.998887
60 104 0.998924
60 105 0.998961
60 106 0.998997
60 107 0.999032
60 108 0.999065
60 109 0.999098
60 110 0.999129
60 111 0.999159
60 112 0.999187
60 113 0.999214
60 114 0.99924
60 115 0.999265
60 116 0.999288
60 117 0.99931
60 118 0.999331
60 119 0.999352
60 120 0.999371
60 121 0.99939
60 122 0.999409
60 123 0.999427
60 124 0.999444
60 125 0.999461
60 126 0.999478
60 127 0.999494

61 0 0
61 1 1.00065
61 2 1.00065
61 3 1.00065
61 4 1.00065
61 5 1.00065
61 6 1.00064
61 7 1.00064
61 8 1.00064
61 9 1.00064
61 10 1.00064
61 11 1.00064
61 12 1.00064
61 13 1.00064
61 14 1.00064
61 15 1.00064
61 16 1.00064
61 17 1.00064
61 18 1.00064
61 19 1.00063
61 20 1.00063
61 21 1.00063
61 22 1.00063
61 23 1.00062
61 24 1.00062
61 25 1.00061
61 26 1.00061
61 27 1.0006
61 28 1.0006
61 29 1.00059
61 30 1.00058
61 31 1.00057
61 32 1.00056
61 33 1.00054
61 34 1.00053
61 35 1.00051
61 36 1.00049
61 37 1.00047
61 38 1.00044
61 39 1.00041
61 40 1.00038
61 41 1.00035
61 42 1.00031
61 43 1.00027
61 44 1.00023
61 45 1.00018
61 46 1.00013
61 47 1.00008
61 48 1.00002
61 49 0.99996
61 50 0.999897
61 51 0.999831
61 52 0.999762
61 53 0.999692
61 54 0.999619
61 55 0.999546
61 56 0.999471
61 57 0.999395
61 58 0.99932
61 59 0.999245
61 60 0.99917
61 61 0.999097
61 62 0.999024
61 63 0.998954
61 64 0.998886
61 65 0.998821
61 66 0.998758
61 67 0.998699
61 68 0.998642
61 69 0.998589
61 70 0.99854
61 71 0.998495
61 72 0.998453
61 73 0.998416
61 74 0.998382
61 75 0.998353
61 76 0.998328
61 77 0.998307
61 78 0.99829
61 79 0.998277
61 80 0.998269
61 81 0.998264
61 82 0.998263
61 83 0.998266
61 84 0.998273
61 85 0.998283
61 86 0.998297
61 87 0.998314
61 88 0.998334
61 89 0.998357
61 90 0.998382
61 91 0.99841
61 92 0.99844
61 93 0.998472
61 94 0.998506
61 95 0.998542
61 96 0.998578
61 97 0.998616
61 98 0.998654
61 99 0.998693
61 100 0.998732
61 101 0.998771
61 102 0.99881
61 103 0.998849
61 104 0.998887
61 105 0.998924
61 106 0.998961
61 107 0.998996
61 108 0.99903
61 109 0.999063
61 110 0.999094
61 111 0.999124
61 112 0.999153
61 113 0.99918
61 114 0.999206
61 115 0.999231
61 116 0.999254
61 117 0.999277
61 118 0.999298
61 119 0.999318
61 120 0.999338
61 121 0.999357
61 122 0.999376
61 123 0.999394
61 124 0.999411
61 125 0.999428
61 126 0.999445
61 127 0.99946

62 0 0
62 1 1.00067
62 2 1.00067
62 3 1.00067
62 4 1.00066
62 5 1.00066
62 6 1.00066
62 7 1.00066
62 8 1.00066
62 9 1.00066
62 10 1.00066
62 11 1.00066
62 12 1.00066
62 13 1.00066
62 14 1.00066
62 15 1.00066
62 16 1.00066
62 17 1.00066
62 18 1.00065
62 19 1.00065
62 20 1.00065
62 21 1.00065
62 22 1.00064
62 23 1.00064
62 24 1.00064
62 25 1.00063
62 26 1.00063
62 27 1.00062
62 28 1.00061
62 29 1.00061
62 30 1.0006
62 31 1.00059
62 32 1.00057
62 33 1.00056
62 34 1.00054
62 35 1.00052
62 36 1.0005
62 37 1.00048
62 38 1.00046
62 39 1.00043
62 40 1.00039
62 41 1.00036
62 42 1.00032
62 43 1.00028
62 44 1.00023
62 45 1.00019
62 46 1.00013
62 47 1.00008
62 48 1.00002
62 49 0.999955
62 50 0.999889
62 51 0.999821
62 52 0.99975
62 53 0.999677
62 54 0.999602
62 55 0.999525
62 56 0.999448
62 57 0.99937
62 58 0.999292
62 59 0.999215
62 60 0.999138
62 61 0.999063
62 62 0.998989
62 63 0.998917
62 64 0.998847
62 65 0.99878
62 66 0.998716
62 67 0.998656
62 68 0.998598
62 69 0.998545
62 70 0.998495
62 71 0.998448
62 72 0.998406
62 73 0.998369
62 74 0.998335
62 75 0.998305
62 76 0.99828
62 77 0.998259
62 78 0.998242
62 79 0.998229
62 80 0.998221
62 81 0.998216
62 82 0.998216
62 83 0.998219
62 84 0.998226
62 85 0.998237
62 86 0.998251
62 87 0.998268
62 88 0.998289
62 89 0.998312
62 90 0.998338
62 91 0.998366
62 92 0.998397
62 93 0.99843
62 94 0.998464
62 95 0.9985
62 96 0.998538
62 97 0.998576
62 98 0.998615
62 99 0.998654
62 100 0.998694
62 101 0.998734
62 102 0.998773
62 103 0.998812
62 104 0.998851
62 105 0.998889
62 106 0.998925
62 107 0.998961
62 108 0.998995
62 109 0.999028
62 110 0.99906
62 111 0.99909
62 112 0.999119
62 113 0.999147
62 114 0.999173
62 115 0.999197
62 116 0.999221
62 117 0.999244
62 118 0.999265
62 119 0.999286
62 120 0.999306
62 121 0.999325
62 122 0.999344
62 123 0.999362
62 124 0.999379
62 125 0.999396
62 126 0.999412
62 127 0.999426

63 0 0
63 1 1.00069
63 2 1.00068
63 3 1.00068
63 4 1.00068
63 5 1.00068
63 6 1.00068
63 7 1.00068
63 8 1.00068
63 9 1.00068
63 10 1.00068
63 11 1.00068
63 12 1.00068
63 13 1.00068
63 14 1.00068
63 15 1.00068
63 16 1.00068
63 17 1.00067
63 18 1.00067
63 19 1.00067
63 20 1.00067
63 21 1.00067
63 22 1.00066
63 23 1.00066
63 24 1.00066
63 25 1.00065
63 26 1.00065
63 27 1.00064
63 28 1.00063
63 29 1.00062
63 30 1.00061
63 31 1.0006
63 32 1.00059
63 33 1.00058
63 34 1.00056
63 35 1.00054
63 36 1.00052
63 37 1.0005
63 38 1.00047
63 39 1.00044
63 40 1.00041
63 41 1.00037
63 42 1.00033
63 43 1.00029
63 44 1.00024
63 45 1.00019
63 46 1.00014
63 47 1.00008
63 48 1.00002
63 49 0.999951
63 50 0.999882
63 51 0.999812
63 52 0.999738
63 53 0.999662
63 54 0.999585
63 55 0.999506
63 56 0.999426
63 57 0.999346
63 58 0.999266
63 59 0.999186
63 60 0.999108
63 61 0.99903
63 62 0.998955
63 63 0.998881
63 64 0.99881
63 65 0.998742
63 66 0.998677
63 67 0.998615
63 68 0.998556
63 69 0.998502
63 70 0.998451
63 71 0.998404
63 72 0.998362
63 73 0.998324
63 74 0.99829
63 75 0.99826
63 76 0.998234
63 77 0.998213
63 78 0.998196
63 79 0.998184
63 80 0.998175
63 81 0.998171
63 82 0.99817
63 83 0.998174
63 84 0.998181
63 85 0.998192
63 86 0.998207
63 87 0.998224
63 88 0.998245
63 89 0.998269
63 90 0.998296
63 91 0.998325
63 92 0.998356
63 93 0.998389
63 94 0.998424
63 95 0.998461
63 96 0.998499
63 97 0.998537
63 98 0.998577
63 99 0.998617
63 100 0.998657
63 101 0.998697
63 102 0.998737
63 103 0.998777
63 104 0.998816
63 105 0.998854
63 106 0.998891
63 107 0.998927
63 108 0.998962
63 109 0.998995
63 110 0.999027
63 111 0.999057
63 112 0.999086
63 113 0.999114
63 114 0.99914
63 115 0.999165
63 116 0.999189
63 117 0.999211
63 118 0.999233
63 119 0.999254
63 120 0.999274
63 121 0.999293
63 122 0.999312
63 123 0.99933
63 124 0.999347
63 125 0.999364
63 126 0.999379
63 127 0.999394

64 0 0
64 1 1.0007
64 2 1.0007
64 3 1.0007
64 4 1.0007
64 5 1.0007
64 6 1.0007
64 7 1.0007
64 8 1.0007
64 9 1.0007
64 10 1.0007
64 11 1.0007
64 12 1.0007
64 13 1.0007
64 14 1.0007
64 15 1.0007
64 16 1.00069
64 17 1.00069
64 18 1.00069
64 19 1.00069
64 20 1.00069
64 21 1.00068
64 22 1.00068
64 23 1.00068
64 24 1.00067
64 25 1.00067
64 26 1.00066
64 27 1.00066
64 28 1.00065
64 29 1.00064
64 30 1.00063
64 31 1.00062
64 32 1.00061
64 33 1.00059
64 34 1.00058
64 35 1.00056
64 36 1.00053
64 37 1.00051
64 38 1.00048
64 39 1.00045
64 40 1.00042
64 41 1.00038
64 42 1.00034
64 43 1.0003
64 44 1.00025
64 45 1.00019
64 46 1.00014
64 47 1.00008
64 48 1.00001
64 49 0.999947
64 50 0.999876
64 51 0.999803
64 52 0.999727
64 53 0.999649
64 54 0.999569
64 55 0.999488
64 56 0.999406
64 57 0.999324
64 58 0.999241
64 59 0.999159
64 60 0.999079
64 61 0.999
64 62 0.998922
64 63 0.998847
64 64 0.998775
64 65 0.998705
64 66 0.998639
64 67 0.998576
64 68 0.998517
64 69 0.998461
64 70 0.99841
64 71 0.998363
64 72 0.99832
64 73 0.998281
64 74 0.998247
64 75 0.998217
64 76 0.998191
64 77 0.99817
64 78 0.998153
64 79 0.998141
64 80 0.998132
64 81 0.998128
64 82 0.998128
64 83 0.998132
64 84 0.998139
64 85 0.99815
64 86 0.998165
64 87 0.998183
64 88 0.998205
64 89 0.998229
64 90 0.998256
64 91 0.998285
64 92 0.998317
64 93 0.998351
64 94 0.998386
64 95 0.998423
64 96 0.998461
64 97 0.998501
64 98 0.998541
64 99 0.998581
64 100 0.998622
64 101 0.998662
64 102 0.998703
64 103 0.998743
64 104 0.998782
64 105 0.99882
64 106 0.998858
64 107 0.998894
64 108 0.998929
64 109 0.998962
64 110 0.998995
64 111 0.999025
64 112 0.999054
64 113 0.999082
64 114 0.999108
64 115 0.999133
64 116 0.999157
64 117 0.99918
64 118 0.999202
64 119 0.999223
64 120 0.999243
64 121 0.999263
64 122 0.999282
64 123 0.9993
64 124 0.999317
64 125 0.999333
64 126 0.999348
64 127 0.999362

65 0 0
65 1 1.00072
65 2 1.00072
65 3 1.00072
65 4 1.00072
65 5 1.00072
65 6 1.00072
65 7 1.00072
65 8 1.00072
65 9 1.00072
65 10 1.00072
65 11 1.00072
65 12 1.00072
65 13 1.00072
65 14 1.00072
65 15 1.00071
65 16 1.00071
65 17 1.00071
65 18 1.00071
65 19 1.00071
65 20 1.00071
65 21 1.0007
65 22 1.0007
65 23 1.0007
65 24 1.00069
65 25 1.00069
65 26 1.00068
65 27 1.00068
65 28 1.00067
65 29 1.00066
65 30 1.00065
65 31 1.00064
65 32 1.00062
65 33 1.00061
65 34 1.00059
65 35 1.00057
65 36 1.00055
65 37 1.00052
65 38 1.0005
65 39 1.00047
65 40 1.00043
65 41 1.00039
65 42 1.00035
65 43 1.0003
65 44 1.00025
65 45 1.0002
65 46 1.00014
65 47 1.00008
65 48 1.00001
65 49 0.999944
65 50 0.999871
65 51 0.999796
65 52 0.999717
65 53 0.999637
65 54 0.999555
65 55 0.999471
65 56 0.999387
65 57 0.999302
65 58 0.999218
65 59 0.999134
65 60 0.999052
65 61 0.998971
65 62 0.998892
65 63 0.998815
65 64 0.998741
65 65 0.998671
65 66 0.998603
65 67 0.99854
65 68 0.99848
65 69 0.998424
65 70 0.998372
65 71 0.998324
65 72 0.998281
65 73 0.998242
65 74 0.998207
65 75 0.998177
65 76 0.998152
65 77 0.99813
65 78 0.998113
65 79 0.998101
65 80 0.998092
65 81 0.998088
65 82 0.998088
65 83 0.998092
65 84 0.9981
65 85 0.998111
65 86 0.998126
65 87 0.998145
65 88 0.998166
65 89 0.998191
65 90 0.998218
65 91 0.998248
65 92 0.99828
65 93 0.998314
65 94 0.99835
65 95 0.998388
65 96 0.998426
65 97 0.998466
65 98 0.998506
65 99 0.998547
65 100 0.998588
65 101 0.998629
65 102 0.99867
65 103 0.99871
65 104 0.99875
65 105 0.998789
65 106 0.998826
65 107 0.998863
65 108 0.998898
65 109 0.998931
65 110 0.998964
65 111 0.998994
65 112 0.999024
65 113 0.999051
65 114 0.999078
65 115 0.999103
65 116 0.999127
65 117 0.99915
65 118 0.999172
65 119 0.999193
65 120 0.999214
65 121 0.999233
65 122 0.999252
65 123 0.99927
65 124 0.999287
65 125 0.999303
65 126 0.999318
65 127 0.999331

66 0 0
66 1 1.00074
66 2 1.00074
66 3 1.00074
66 4 1.00074
66 5 1.00074
66 6 1.00074
66 7 1.00074
66 8 1.00074
66 9 1.00074
66 10 1.00074
66 11 1.00074
66 12 1.00074
66 13 1.00074
66 14 1.00073
66 15 1.00073
66 16 1.00073
66 17 1.00073
66 18 1.00073
66 19 1.00073
66 20 1.00072
66 21 1.00072
66 22 1.00072
66 23 1.00072
66 24 1.00071
66 25 1.00071
66 26 1.0007
66 27 1.00069
66 28 1.00069
66 29 1.00068
66 30 1.00067
66 31 1.00066
66 32 1.00064
66 33 1.00063
66 34 1.00061
66 35 1.00059
66 36 1.00057
66 37 1.00054
66 38 1.00051
66 39 1.00048
66 40 1.00044
66 41 1.0004
66 42 1.00036
66 43 1.00031
66 44 1.00026
66 45 1.00021
66 46 1.00015
66 47 1.00008
66 48 1.00001
66 49 0.999942
66 50 0.999867
66 51 0.999789
66 52 0.999709
66 53 0.999626
66 54 0.999542
66 55 0.999456
66 56 0.999369
66 57 0.999283
66 58 0.999196
66 59 0.999111
66 60 0.999027
66 61 0.998944
66 62 0.998864
66 63 0.998786
66 64 0.998711
66 65 0.998639
66 66 0.998571
66 67 0.998506
66 68 0.998445
66 69 0.998389
66 70 0.998337
66 71 0.998288
66 72 0.998245
66 73 0.998206
66 74 0.998171
66 75 0.998141
66 76 0.998115
66 77 0.998094
66 78 0.998077
66 79 0.998064
66 80 0.998056
66 81 0.998052
66 82 0.998052
66 83 0.998056
66 84 0.998064
66 85 0.998076
66 86 0.998091
66 87 0.998109
66 88 0.998131
66 89 0.998156
66 90 0.998184
66 91 0.998214
66 92 0.998246
66 93 0.998281
66 94 0.998317
66 95 0.998355
66 96 0.998394
66 97 0.998434
66 98 0.998475
66 99 0.998516
66 100 0.998557
66 101 0.998599
66 102 0.99864
66 103 0.99868
66 104 0.99872
66 105 0.998759
66 106 0.998796
66 107 0.998833
66 108 0.998868
66 109 0.998902
66 110 0.998934
66 111 0.998965
66 112 0.998995
66 113 0.999022
66 114 0.999049
66 115 0.999074
66 116 0.999098
66 117 0.999122
66 118 0.999144
66 119 0.999165
66 120 0.999186
66 121 0.999205
66 122 0.999224
66 123 0.999242
66 124 0.999259
66 125 0.999275
66 126 0.999289
66 127 0.999302

67 0 0
67 1 1.00076
67 2 1.00076
67 3 1.00076
67 4 1.00076
67 5 1.00076
67 6 1.00076
67 7 1.00076
67 8 1.00076
67 9 1.00076
67 10 1.00076
67 11 1.00076
67 12 1.00075
67 13 1.00075
67 14 1.00075
67 15 1.00075
67 16 1.00075
67 17 1.00075
67 18 1.00075
67 19 1.00074
67 20 1.00074
67 21 1.00074
67 22 1.00074
67 23 1.00073
67 24 1.00073
67 25 1.00072
67 26 1.00072
67 27 1.00071
67 28 1.0007
67 29 1.0007
67 30 1.00069
67 31 1.00067
67 32 1.00066
67 33 1.00064
67 34 1.00063
67 35 1.00061
67 36 1.00058
67 37 1.00056
67 38 1.00053
67 39 1.00049
67 40 1.00046
67 41 1.00042
67 42 1.00037
67 43 1.00032
67 44 1.00027
67 45 1.00021
67 46 1.00015
67 47 1.00008
67 48 1.00001
67 49 0.999941
67 50 0.999864
67 51 0.999784
67 52 0.999702
67 53 0.999617
67 54 0.99953
67 55 0.999442
67 56 0.999354
67 57 0.999265
67 58 0.999177
67 59 0.99909
67 60 0.999004
67 61 0.99892
67 62 0.998838
67 63 0.998759
67 64 0.998683
67 65 0.99861
67 66 0.998541
67 67 0.998475
67 68 0.998414
67 69 0.998357
67 70 0.998304
67 71 0.998256
67 72 0.998212
67 73 0.998173
67 74 0.998138
67 75 0.998107
67 76 0.998082
67 77 0.99806
67 78 0.998043
67 79 0.998031
67 80 0.998023
67 81 0.998019
67 82 0.998019
67 83 0.998023
67 84 0.998031
67 85 0.998043
67 86 0.998058
67 87 0.998077
67 88 0.998099
67 89 0.998124
67 90 0.998152
67 91 0.998182
67 92 0.998215
67 93 0.99825
67 94 0.998286
67 95 0.998325
67 96 0.998364
67 97 0.998404
67 98 0.998445
67 99 0.998487
67 100 0.998528
67 101 0.99857
67 102 0.998611
67 103 0.998652
67 104 0.998692
67 105 0.998731
67 106 0.998769
67 107 0.998805
67 108 0.998841
67 109 0.998874
67 110 0.998907
67 111 0.998938
67 112 0.998967
67 113 0.998995
67 114 0.999022
67 115 0.999047
67 116 0.999071
67 117 0.999095
67 118 0.999117
67 119 0.999138
67 120 0.999159
67 121 0.999179
67 122 0.999198
67 123 0.999216
67 124 0.999233
67 125 0.999248
67 126 0.999262
67 127 0.999274

68 0 0
68 1 1.00078
68 2 1.00078
68 3 1.00078
68 4 1.00078
68 5 1.00078
68 6 1.00078
68 7 1.00078
68 8 1.00078
68 9 1.00077
68 10 1.00077
68 11 1.00077
68 12 1.00077
68 13 1.00077
68 14 1.00077
68 15 1.00077
68 16 1.00077
68 17 1.00077
68 18 1.00077
68 19 1.00076
68 20 1.00076
68 21 1.00076
68 22 1.00076
68 23 1.00075
68 24 1.00075
68 25 1.00074
68 26 1.00074
68 27 1.00073
68 28 1.00072
68 29 1.00071
68 30 1.0007
68 31 1.00069
68 32 1.00068
68 33 1.00066
68 34 1.00064
68 35 1.00062
68 36 1.0006
68 37 1.00057
68 38 1.00054
68 39 1.00051
68 40 1.00047
68 41 1.00043
68 42 1.00038
68 43 1.00033
68 44 1.00028
68 45 1.00022
68 46 1.00016
68 47 1.00009
68 48 1.00002
68 49 0.999942
68 50 0.999863
68 51 0.999781
68 52 0.999696
68 53 0.999609
68 54 0.999521
68 55 0.999431
68 56 0.99934
68 57 0.99925
68 58 0.99916
68 59 0.999071
68 60 0.998983
68 61 0.998898
68 62 0.998815
68 63 0.998735
68 64 0.998657
68 65 0.998584
68 66 0.998514
68 67 0.998448
68 68 0.998386
68 69 0.998329
68 70 0.998276
68 71 0.998227
68 72 0.998183
68 73 0.998143
68 74 0.998108
68 75 0.998078
68 76 0.998052
68 77 0.998031
68 78 0.998014
68 79 0.998001
68 80 0.997993
68 81 0.997989
68 82 0.997989
68 83 0.997994
68 84 0.998002
68 85 0.998014
68 86 0.998029
68 87 0.998048
68 88 0.998071
68 89 0.998096
68 90 0.998124
68 91 0.998154
68 92 0.998187
68 93 0.998222
68 94 0.998259
68 95 0.998297
68 96 0.998337
68 97 0.998377
68 98 0.998419
68 99 0.99846
68 100 0.998502
68 101 0.998544
68 102 0.998585
68 103 0.998626
68 104 0.998666
68 105 0.998705
68 106 0.998743
68 107 0.99878
68 108 0.998815
68 109 0.998849
68 110 0.998881
68 111 0.998912
68 112 0.998942
68 113 0.99897
68 114 0.998996
68 115 0.999022
68 116 0.999046
68 117 0.99907
68 118 0.999092
68 119 0.999114
68 120 0.999134
68 121 0.999154
68 122 0.999173
68 123 0.999191
68 124 0.999208
68 125 0.999223
68 126 0.999237
68 127 0.999248

69 0 0
69 1 1.0008
69 2 1.0008
69 3 1.0008
69 4 1.0008
69 5 1.0008
69 6 1.0008
69 7 1.00079
69 8 1.00079
69 9 1.00079
69 10 1.00079
69 11 1.00079
69 12 1.00079
69 13 1.00079
69 14 1.00079
69 15 1.00079
69 16 1.00079
69 17 1.00078
69 18 1.00078
69 19 1.00078
69 20 1.00078
69 21 1.00078
69 22 1.00077
69 23 1.00077
69 24 1.00077
69 25 1.00076
69 26 1.00075
69 27 1.00075
69 28 1.00074
69 29 1.00073
69 30 1.00072
69 31 1.00071
69 32 1.00069
69 33 1.00068
69 34 1.00066
69 35 1.00064
69 36 1.00062
69 37 1.00059
69 38 1.00056
69 39 1.00052
69 40 1.00048
69 41 1.00044
69 42 1.0004
69 43 1.00034
69 44 1.00029
69 45 1.00023
69 46 1.00016
69 47 1.00009
69 48 1.00002
69 49 0.999944
69 50 0.999863
69 51 0.999779
69 52 0.999693
69 53 0.999604
69 54 0.999513
69 55 0.999422
69 56 0.999329
69 57 0.999237
69 58 0.999145
69 59 0.999055
69 60 0.998966
69 61 0.998879
69 62 0.998795
69 63 0.998713
69 64 0.998635
69 65 0.998561
69 66 0.99849
69 67 0.998424
69 68 0.998362
69 69 0.998304
69 70 0.99825
69 71 0.998201
69 72 0.998157
69 73 0.998117
69 74 0.998082
69 75 0.998052
69 76 0.998026
69 77 0.998005
69 78 0.997988
69 79 0.997975
69 80 0.997967
69 81 0.997963
69 82 0.997964
69 83 0.997968
69 84 0.997976
69 85 0.997988
69 86 0.998004
69 87 0.998023
69 88 0.998046
69 89 0.998071
69 90 0.998099
69 91 0.99813
69 92 0.998163
69 93 0.998198
69 94 0.998235
69 95 0.998273
69 96 0.998313
69 97 0.998353
69 98 0.998395
69 99 0.998437
69 100 0.998479
69 101 0.99852
69 102 0.998562
69 103 0.998603
69 104 0.998643
69 105 0.998682
69 106 0.99872
69 107 0.998757
69 108 0.998792
69 109 0.998826
69 110 0.998858
69 111 0.998889
69 112 0.998918
69 113 0.998947
69 114 0.998973
69 115 0.998999
69 116 0.999023
69 117 0.999047
69 118 0.999069
69 119 0.999091
69 120 0.999112
69 121 0.999132
69 122 0.999151
69 123 0.999169
69 124 0.999185
69 125 0.9992
69 126 0.999213
69 127 0.999224

70 0 0
70 1 1.00082
70 2 1.00082
70 3 1.00082
70 4 1.00082
70 5 1.00081
70 6 1.00081
70 7 1.00081
70 8 1.00081
70 9 1.00081
70 10 1.00081
70 11 1.00081
70 12 1.00081
70 13 1.00081
70 14 1.00081
70 15 1.00081
70 16 1.0008
70 17 1.0008
70 18 1.0008
70 19 1.0008
70 20 1.0008
70 21 1.00079
70 22 1.00079
70 23 1.00079
70 24 1.00078
70 25 1.00078
70 26 1.00077
70 27 1.00077
70 28 1.00076
70 29 1.00075
70 30 1.00074
70 31 1.00073
70 32 1.00071
70 33 1.0007
70 34 1.00068
70 35 1.00066
70 36 1.00063
70 37 1.0006
70 38 1.00057
70 39 1.00054
70 40 1.0005
70 41 1.00046
70 42 1.00041
70 43 1.00036
70 44 1.0003
70 45 1.00024
70 46 1.00017
70 47 1.0001
70 48 1.00003
70 49 0.999948
70 50 0.999865
70 51 0.99978
70 52 0.999691
70 53 0.9996
70 54 0.999508
70 55 0.999415
70 56 0.999321
70 57 0.999227
70 58 0.999133
70 59 0.999041
70 60 0.998951
70 61 0.998863
70 62 0.998778
70 63 0.998695
70 64 0.998617
70 65 0.998542
70 66 0.99847
70 67 0.998403
70 68 0.998341
70 69 0.998282
70 70 0.998229
70 71 0.99818
70 72 0.998135
70 73 0.998095
70 74 0.99806
70 75 0.99803
70 76 0.998004
70 77 0.997982
70 78 0.997966
70 79 0.997953
70 80 0.997945
70 81 0.997942
70 82 0.997942
70 83 0.997946
70 84 0.997955
70 85 0.997967
70 86 0.997983
70 87 0.998002
70 88 0.998024
70 89 0.99805
70 90 0.998078
70 91 0.998109
70 92 0.998142
70 93 0.998177
70 94 0.998214
70 95 0.998252
70 96 0.998292
70 97 0.998333
70 98 0.998374
70 99 0.998416
70 100 0.998458
70 101 0.9985
70 102 0.998541
70 103 0.998582
70 104 0.998622
70 105 0.998661
70 106 0.998699
70 107 0.998736
70 108 0.998771
70 109 0.998805
70 110 0.998837
70 111 0.998868
70 112 0.998898
70 113 0.998926
70 114 0.998952
70 115 0.998978
70 116 0.999002
70 117 0.999026
70 118 0.999048
70 119 0.99907
70 120 0.999091
70 121 0.999111
70 122 0.99913
70 123 0.999148
70 124 0.999165
70 125 0.999179
70 126 0.999192
70 127 0.999201

71 0 0
71 1 1.00084
71 2 1.00084
71 3 1.00083
71 4 1.00083
71 5 1.00083
71 6 1.00083
71 7 1.00083
71 8 1.00083
71 9 1.00083
71 10 1.00083
71 11 1.00083
71 12 1.00083
71 13 1.00082
71 14 1.00082
71 15 1.00082
71 16 1.00082
71 17 1.00082
71 18 1.00082
71 19 1.00082
71 20 1.00081
71 21 1.00081
71 22 1.00081
71 23 1.00081
71 24 1.0008
71 25 1.0008
71 26 1.00079
71 27 1.00078
71 28 1.00078
71 29 1.00077
71 30 1.00076
71 31 1.00074
71 32 1.00073
71 33 1.00071
71 34 1.0007
71 35 1.00067
71 36 1.00065
71 37 1.00062
71 38 1.00059
71 39 1.00055
71 40 1.00052
71 41 1.00047
71 42 1.00042
71 43 1.00037
71 44 1.00031
71 45 1.00025
71 46 1.00018
71 47 1.00011
71 48 1.00003
71 49 0.999953
71 50 0.999869
71 51 0.999782
71 52 0.999692
71 53 0.999599
71 54 0.999505
71 55 0.99941
71 56 0.999314
71 57 0.999219
71 58 0.999124
71 59 0.999031
71 60 0.998939
71 61 0.99885
71 62 0.998764
71 63 0.998681
71 64 0.998601
71 65 0.998525
71 66 0.998454
71 67 0.998386
71 68 0.998323
71 69 0.998265
71 70 0.998211
71 71 0.998162
71 72 0.998117
71 73 0.998077
71 74 0.998042
71 75 0.998012
71 76 0.997986
71 77 0.997964
71 78 0.997948
71 79 0.997935
71 80 0.997927
71 81 0.997924
71 82 0.997924
71 83 0.997929
71 84 0.997937
71 85 0.997949
71 86 0.997965
71 87 0.997984
71 88 0.998007
71 89 0.998032
71 90 0.99806
71 91 0.998091
71 92 0.998124
71 93 0.998159
71 94 0.998196
71 95 0.998235
71 96 0.998275
71 97 0.998315
71 98 0.998357
71 99 0.998399
71 100 0.998441
71 101 0.998482
71 102 0.998524
71 103 0.998565
71 104 0.998605
71 105 0.998644
71 106 0.998682
71 107 0.998718
71 108 0.998753
71 109 0.998787
71 110 0.998819
71 111 0.99885
71 112 0.998879
71 113 0.998907
71 114 0.998934
71 115 0.998959
71 116 0.998984
71 117 0.999007
71 118 0.99903
71 119 0.999052
71 120 0.999073
71 121 0.999093
71 122 0.999113
71 123 0.99913
71 124 0.999147
71 125 0.999161
71 126 0.999173
71 127 0.999182

72 0 0
72 1 1.00085
72 2 1.00085
72 3 1.00085
72 4 1.00085
72 5 1.00085
72 6 1.00085
72 7 1.00085
72 8 1.00085
72 9 1.00085
72 10 1.00085
72 11 1.00084
72 12 1.00084
72 13 1.00084
72 14 1.00084
72 15 1.00084
72 16 1.00084
72 17 1.00084
72 18 1.00084
72 19 1.00083
72 20 1.00083
72 21 1.00083
72 22 1.00083
72 23 1.00082
72 24 1.00082
72 25 1.00081
72 26 1.00081
72 27 1.0008
72 28 1.00079
72 29 1.00079
72 30 1.00077
72 31 1.00076
72 32 1.00075
72 33 1.00073
72 34 1.00071
72 35 1.00069
72 36 1.00067
72 37 1.00064
72 38 1.00061
72 39 1.00057
72 40 1.00053
72 41 1.00049
72 42 1.00044
72 43 1.00038
72 44 1.00033
72 45 1.00026
72 46 1.00019
72 47 1.00012
72 48 1.00004
72 49 0.999961
72 50 0.999875
72 51 0.999786
72 52 0.999695
72 53 0.999601
72 54 0.999505
72 55 0.999408
72 56 0.999311
72 57 0.999214
72 58 0.999118
72 59 0.999024
72 60 0.998931
72 61 0.998841
72 62 0.998754
72 63 0.99867
72 64 0.998589
72 65 0.998513
72 66 0.998441
72 67 0.998373
72 68 0.99831
72 69 0.998251
72 70 0.998197
72 71 0.998147
72 72 0.998103
72 73 0.998063
72 74 0.998028
72 75 0.997997
72 76 0.997972
72 77 0.99795
72 78 0.997934
72 79 0.997921
72 80 0.997913
72 81 0.99791
72 82 0.99791
72 83 0.997915
72 84 0.997923
72 85 0.997935
72 86 0.997951
72 87 0.99797
72 88 0.997993
72 89 0.998018
72 90 0.998046
72 91 0.998077
72 92 0.99811
72 93 0.998146
72 94 0.998183
72 95 0.998221
72 96 0.998261
72 97 0.998302
72 98 0.998343
72 99 0.998385
72 100 0.998427
72 101 0.998468
72 102 0.99851
72 103 0.99855
72 104 0.99859
72 105 0.998629
72 106 0.998667
72 107 0.998703
72 108 0.998738
72 109 0.998772
72 110 0.998804
72 111 0.998834
72 112 0.998864
72 113 0.998892
72 114 0.998918
72 115 0.998944
72 116 0.998968
72 117 0.998992
72 118 0.999015
72 119 0.999037
72 120 0.999058
72 121 0.999078
72 122 0.999097
72 123 0.999115
72 124 0.999131
72 125 0.999145
72 126 0.999156
72 127 0.999165

73 0 0
73 1 1.00087
73 2 1.00087
73 3 1.00087
73 4 1.00087
73 5 1.00087
73 6 1.00087
73 7 1.00086
73 8 1.00086
73 9 1.00086
73 10 1.00086
73 11 1.00086
73 12 1.00086
73 13 1.00086
73 14 1.00086
73 15 1.00086
73 16 1.00086
73 17 1.00085
73 18 1.00085
73 19 1.00085
73 20 1.00085
73 21 1.00085
73 22 1.00084
73 23 1.00084
73 24 1.00084
73 25 1.00083
73 26 1.00083
73 27 1.00082
73 28 1.00081
73 29 1.0008
73 30 1.00079
73 31 1.00078
73 32 1.00077
73 33 1.00075
73 34 1.00073
73 35 1.00071
73 36 1.00068
73 37 1.00066
73 38 1.00062
73 39 1.00059
73 40 1.00055
73 41 1.0005
73 42 1.00045
73 43 1.0004
73 44 1.00034
73 45 1.00028
73 46 1.00021
73 47 1.00013
73 48 1.00005
73 49 0.99997
73 50 0.999883
73 51 0.999793
73 52 0.9997
73 53 0.999604
73 54 0.999507
73 55 0.999409
73 56 0.999311
73 57 0.999212
73 58 0.999115
73 59 0.999019
73 60 0.998926
73 61 0.998835
73 62 0.998747
73 63 0.998662
73 64 0.998581
73 65 0.998504
73 66 0.998432
73 67 0.998363
73 68 0.9983
73 69 0.998241
73 70 0.998187
73 71 0.998137
73 72 0.998093
73 73 0.998053
73 74 0.998018
73 75 0.997987
73 76 0.997961
73 77 0.99794
73 78 0.997924
73 79 0.997911
73 80 0.997903
73 81 0.9979
73 82 0.9979
73 83 0.997905
73 84 0.997913
73 85 0.997926
73 86 0.997941
73 87 0.997961
73 88 0.997983
73 89 0.998008
73 90 0.998037
73 91 0.998067
73 92 0.998101
73 93 0.998136
73 94 0.998173
73 95 0.998211
73 96 0.998251
73 97 0.998291
73 98 0.998333
73 99 0.998374
73 100 0.998416
73 101 0.998457
73 102 0.998499
73 103 0.998539
73 104 0.998579
73 105 0.998618
73 106 0.998655
73 107 0.998691
73 108 0.998726
73 109 0.99876
73 110 0.998791
73 111 0.998822
73 112 0.998851
73 113 0.998879
73 114 0.998905
73 115 0.998931
73 116 0.998955
73 117 0.998979
73 118 0.999002
73 119 0.999024
73 120 0.999045
73 121 0.999065
73 122 0.999085
73 123 0.999102
73 124 0.999118
73 125 0.999132
73 126 0.999143
73 127 0.99915

74 0 0
74 1 1.00089
74 2 1.00089
74 3 1.00089
74 4 1.00089
74 5 1.00088
74 6 1.00088
74 7 1.00088
74 8 1.00088
74 9 1.00088
74 10 1.00088
74 11 1.00088
74 12 1.00088
74 13 1.00088
74 14 1.00088
74 15 1.00087
74 16 1.00087
74 17 1.00087
74 18 1.00087
74 19 1.00087
74 20 1.00087
74 21 1.00086
74 22 1.00086
74 23 1.00086
74 24 1.00085
74 25 1.00085
74 26 1.00084
74 27 1.00084
74 28 1.00083
74 29 1.00082
74 30 1.00081
74 31 1.0008
74 32 1.00078
74 33 1.00077
74 34 1.00075
74 35 1.00073
74 36 1.0007
74 37 1.00067
74 38 1.00064
74 39 1.00061
74 40 1.00057
74 41 1.00052
74 42 1.00047
74 43 1.00042
74 44 1.00036
74 45 1.00029
74 46 1.00022
74 47 1.00015
74 48 1.00007
74 49 0.999981
74 50 0.999893
74 51 0.999802
74 52 0.999707
74 53 0.999611
74 54 0.999512
74 55 0.999413
74 56 0.999313
74 57 0.999214
74 58 0.999116
74 59 0.999019
74 60 0.998924
74 61 0.998832
74 62 0.998743
74 63 0.998658
74 64 0.998576
74 65 0.998499
74 66 0.998426
74 67 0.998358
74 68 0.998294
74 69 0.998235
74 70 0.99818
74 71 0.998131
74 72 0.998086
74 73 0.998046
74 74 0.998011
74 75 0.997981
74 76 0.997955
74 77 0.997934
74 78 0.997918
74 79 0.997905
74 80 0.997898
74 81 0.997894
74 82 0.997895
74 83 0.997899
74 84 0.997908
74 85 0.99792
74 86 0.997936
74 87 0.997955
74 88 0.997977
74 89 0.998003
74 90 0.998031
74 91 0.998061
74 92 0.998094
74 93 0.998129
74 94 0.998166
74 95 0.998205
74 96 0.998244
74 97 0.998285
74 98 0.998326
74 99 0.998367
74 100 0.998409
74 101 0.99845
74 102 0.998491
74 103 0.998531
74 104 0.998571
74 105 0.998609
74 106 0.998647
74 107 0.998683
74 108 0.998717
74 109 0.99875
74 110 0.998782
74 111 0.998812
74 112 0.998841
74 113 0.998869
74 114 0.998896
74 115 0.998921
74 116 0.998945
74 117 0.998969
74 118 0.998992
74 119 0.999014
74 120 0.999035
74 121 0.999056
74 122 0.999075
74 123 0.999092
74 124 0.999108
74 125 0.999121
74 126 0.999132
74 127 0.999139

75 0 0
75 1 1.00091
75 2 1.0009
75 3 1.0009
75 4 1.0009
75 5 1.0009
75 6 1.0009
75 7 1.0009
75 8 1.0009
75 9 1.0009
75 10 1.0009
75 11 1.00089
75 12 1.00089
75 13 1.00089
75 14 1.00089
75 15 1.00089
75 16 1.00089
75 17 1.00089
75 18 1.00089
75 19 1.00088
75 20 1.00088
75 21 1.00088
75 22 1.00088
75 23 1.00087
75 24 1.00087
75 25 1.00087
75 26 1.00086
75 27 1.00085
75 28 1.00085
75 29 1.00084
75 30 1.00083
75 31 1.00082
75 32 1.0008
75 33 1.00079
75 34 1.00077
75 35 1.00075
75 36 1.00072
75 37 1.00069
75 38 1.00066
75 39 1.00063
75 40 1.00058
75 41 1.00054
75 42 1.00049
75 43 1.00043
75 44 1.00037
75 45 1.00031
75 46 1.00024
75 47 1.00016
75 48 1.00008
75 49 0.999995
75 50 0.999906
75 51 0.999813
75 52 0.999718
75 53 0.99962
75 54 0.99952
75 55 0.99942
75 56 0.999319
75 57 0.999219
75 58 0.999119
75 59 0.999021
75 60 0.998926
75 61 0.998833
75 62 0.998744
75 63 0.998658
75 64 0.998576
75 65 0.998498
75 66 0.998425
75 67 0.998356
75 68 0.998292
75 69 0.998233
75 70 0.998178
75 71 0.998129
75 72 0.998084
75 73 0.998044
75 74 0.998009
75 75 0.997979
75 76 0.997953
75 77 0.997932
75 78 0.997916
75 79 0.997903
75 80 0.997896
75 81 0.997892
75 82 0.997893
75 83 0.997897
75 84 0.997906
75 85 0.997918
75 86 0.997934
75 87 0.997953
75 88 0.997975
75 89 0.998001
75 90 0.998029
75 91 0.998059
75 92 0.998092
75 93 0.998127
75 94 0.998164
75 95 0.998202
75 96 0.998241
75 97 0.998282
75 98 0.998322
75 99 0.998364
75 100 0.998405
75 101 0.998446
75 102 0.998487
75 103 0.998527
75 104 0.998566
75 105 0.998605
75 106 0.998642
75 107 0.998677
75 108 0.998712
75 109 0.998745
75 110 0.998776
75 111 0.998806
75 112 0.998835
75 113 0.998862
75 114 0.998889
75 115 0.998914
75 116 0.998939
75 117 0.998962
75 118 0.998985
75 119 0.999008
75 120 0.999029
75 121 0.999049
75 122 0.999068
75 123 0.999086
75 124 0.999101
75 125 0.999114
75 126 0.999124
75 127 0.99913

76 0 0
76 1 1.00092
76 2 1.00092
76 3 1.00092
76 4 1.00092
76 5 1.00092
76 6 1.00092
76 7 1.00091
76 8 1.00091
76 9 1.00091
76 10 1.00091
76 11 1.00091
76 12 1.00091
76 13 1.00091
76 14 1.00091
76 15 1.00091
76 16 1.00091
76 17 1.0009
76 18 1.0009
76 19 1.0009
76 20 1.0009
76 21 1.0009
76 22 1.00089
76 23 1.00089
76 24 1.00089
76 25 1.00088
76 26 1.00088
76 27 1.00087
76 28 1.00086
76 29 1.00086
76 30 1.00085
76 31 1.00083
76 32 1.00082
76 33 1.0008
76 34 1.00079
76 35 1.00076
76 36 1.00074
76 37 1.00071
76 38 1.00068
76 39 1.00064
76 40 1.0006
76 41 1.00056
76 42 1.00051
76 43 1.00045
76 44 1.00039
76 45 1.00033
76 46 1.00025
76 47 1.00018
76 48 1.0001
76 49 1.00001
76 50 0.999921
76 51 0.999827
76 52 0.999731
76 53 0.999632
76 54 0.999531
76 55 0.99943
76 56 0.999328
76 57 0.999227
76 58 0.999126
76 59 0.999028
76 60 0.998931
76 61 0.998838
76 62 0.998748
76 63 0.998661
76 64 0.998579
76 65 0.9985
76 66 0.998427
76 67 0.998358
76 68 0.998294
76 69 0.998234
76 70 0.99818
76 71 0.99813
76 72 0.998086
76 73 0.998046
76 74 0.998011
76 75 0.997981
76 76 0.997955
76 77 0.997934
76 78 0.997918
76 79 0.997906
76 80 0.997898
76 81 0.997894
76 82 0.997895
76 83 0.9979
76 84 0.997908
76 85 0.99792
76 86 0.997936
76 87 0.997955
76 88 0.997977
76 89 0.998003
76 90 0.99803
76 91 0.998061
76 92 0.998094
76 93 0.998128
76 94 0.998165
76 95 0.998203
76 96 0.998242
76 97 0.998282
76 98 0.998323
76 99 0.998364
76 100 0.998405
76 101 0.998446
76 102 0.998486
76 103 0.998526
76 104 0.998565
76 105 0.998603
76 106 0.99864
76 107 0.998675
76 108 0.998709
76 109 0.998742
76 110 0.998773
76 111 0.998803
76 112 0.998832
76 113 0.998859
76 114 0.998886
76 115 0.998911
76 116 0.998935
76 117 0.998959
76 118 0.998982
76 119 0.999004
76 120 0.999026
76 121 0.999046
76 122 0.999065
76 123 0.999082
76 124 0.999098
76 125 0.99911
76 126 0.999119
76 127 0.999125

77 0 0
77 1 1.00094
77 2 1.00094
77 3 1.00094
77 4 1.00093
77 5 1.00093
77 6 1.00093
77 7 1.00093
77 8 1.00093
77 9 1.00093
77 10 1.00093
77 11 1.00093
77 12 1.00093
77 13 1.00092
77 14 1.00092
77 15 1.00092
77 16 1.00092
77 17 1.00092
77 18 1.00092
77 19 1.00092
77 20 1.00092
77 21 1.00091
77 22 1.00091
77 23 1.00091
77 24 1.0009
77 25 1.0009
77 26 1.00089
77 27 1.00089
77 28 1.00088
77 29 1.00087
77 30 1.00086
77 31 1.00085
77 32 1.00084
77 33 1.00082
77 34 1.0008
77 35 1.00078
77 36 1.00076
77 37 1.00073
77 38 1.0007
77 39 1.00066
77 40 1.00062
77 41 1.00058
77 42 1.00053
77 43 1.00047
77 44 1.00041
77 45 1.00035
77 46 1.00027
77 47 1.0002
77 48 1.00011
77 49 1.00003
77 50 0.999938
77 51 0.999844
77 52 0.999747
77 53 0.999647
77 54 0.999546
77 55 0.999443
77 56 0.99934
77 57 0.999238
77 58 0.999137
77 59 0.999037
77 60 0.99894
77 61 0.998846
77 62 0.998755
77 63 0.998668
77 64 0.998585
77 65 0.998507
77 66 0.998433
77 67 0.998364
77 68 0.998299
77 69 0.99824
77 70 0.998185
77 71 0.998136
77 72 0.998091
77 73 0.998051
77 74 0.998016
77 75 0.997986
77 76 0.997961
77 77 0.99794
77 78 0.997923
77 79 0.997912
77 80 0.997904
77 81 0.9979
77 82 0.997901
77 83 0.997906
77 84 0.997914
77 85 0.997926
77 86 0.997942
77 87 0.997961
77 88 0.997983
77 89 0.998008
77 90 0.998036
77 91 0.998067
77 92 0.998099
77 93 0.998134
77 94 0.99817
77 95 0.998208
77 96 0.998247
77 97 0.998287
77 98 0.998327
77 99 0.998368
77 100 0.998409
77 101 0.998449
77 102 0.99849
77 103 0.998529
77 104 0.998568
77 105 0.998605
77 106 0.998642
77 107 0.998677
77 108 0.998711
77 109 0.998743
77 110 0.998774
77 111 0.998804
77 112 0.998832
77 113 0.998859
77 114 0.998886
77 115 0.998911
77 116 0.998935
77 117 0.998959
77 118 0.998982
77 119 0.999004
77 120 0.999026
77 121 0.999046
77 122 0.999065
77 123 0.999082
77 124 0.999097
77 125 0.99911
77 126 0.999118
77 127 0.999123

78 0 0
78 1 1.00096
78 2 1.00095
78 3 1.00095
78 4 1.00095
78 5 1.00095
78 6 1.00095
78 7 1.00095
78 8 1.00095
78 9 1.00094
78 10 1.00094
78 11 1.00094
78 12 1.00094
78 13 1.00094
78 14 1.00094
78 15 1.00094
78 16 1.00094
78 17 1.00094
78 18 1.00093
78 19 1.00093
78 20 1.00093
78 21 1.00093
78 22 1.00093
78 23 1.00092
78 24 1.00092
78 25 1.00092
78 26 1.00091
78 27 1.00091
78 28 1.0009
78 29 1.00089
78 30 1.00088
78 31 1.00087
78 32 1.00086
78 33 1.00084
78 34 1.00082
78 35 1.0008
78 36 1.00078
78 37 1.00075
78 38 1.00072
78 39 1.00068
78 40 1.00064
78 41 1.0006
78 42 1.00055
78 43 1.00049
78 44 1.00043
78 45 1.00037
78 46 1.00029
78 47 1.00022
78 48 1.00014
78 49 1.00005
78 50 0.999958
78 51 0.999863
78 52 0.999765
78 53 0.999665
78 54 0.999563
78 55 0.99946
78 56 0.999356
78 57 0.999253
78 58 0.999151
78 59 0.999051
78 60 0.998953
78 61 0.998858
78 62 0.998767
78 63 0.998679
78 64 0.998596
78 65 0.998517
78 66 0.998443
78 67 0.998373
78 68 0.998309
78 69 0.998249
78 70 0.998195
78 71 0.998145
78 72 0.9981
78 73 0.998061
78 74 0.998026
78 75 0.997996
78 76 0.99797
78 77 0.99795
78 78 0.997933
78 79 0.997921
78 80 0.997914
78 81 0.99791
78 82 0.997911
78 83 0.997916
78 84 0.997924
78 85 0.997936
78 86 0.997952
78 87 0.997971
78 88 0.997993
78 89 0.998018
78 90 0.998046
78 91 0.998076
78 92 0.998108
78 93 0.998143
78 94 0.998179
78 95 0.998216
78 96 0.998255
78 97 0.998295
78 98 0.998335
78 99 0.998375
78 100 0.998416
78 101 0.998456
78 102 0.998496
78 103 0.998535
78 104 0.998574
78 105 0.998611
78 106 0.998647
78 107 0.998682
78 108 0.998715
78 109 0.998748
78 110 0.998778
78 111 0.998808
78 112 0.998836
78 113 0.998863
78 114 0.998889
78 115 0.998915
78 116 0.998939
78 117 0.998963
78 118 0.998986
78 119 0.999008
78 120 0.99903
78 121 0.99905
78 122 0.999069
78 123 0.999086
78 124 0.999101
78 125 0.999113
78 126 0.999121
78 127 0.999125

79 0 0
79 1 1.00097
79 2 1.00097
79 3 1.00097
79 4 1.00097
79 5 1.00096
79 6 1.00096
79 7 1.00096
79 8 1.00096
79 9 1.00096
79 10 1.00096
79 11 1.00096
79 12 1.00096
79 13 1.00096
79 14 1.00095
79 15 1.00095
79 16 1.00095
79 17 1.00095
79 18 1.00095
79 19 1.00095
79 20 1.00095
79 21 1.00094
79 22 1.00094
79 23 1.00094
79 24 1.00094
79 25 1.00093
79 26 1.00093
79 27 1.00092
79 28 1.00091
79 29 1.00091
79 30 1.0009
79 31 1.00089
79 32 1.00087
79 33 1.00086
79 34 1.00084
79 35 1.00082
79 36 1.0008
79 37 1.00077
79 38 1.00074
79 39 1.0007
79 40 1.00066
79 41 1.00062
79 42 1.00057
79 43 1.00052
79 44 1.00045
79 45 1.00039
79 46 1.00032
79 47 1.00024
79 48 1.00016
79 49 1.00007
79 50 0.99998
79 51 0.999885
79 52 0.999787
79 53 0.999686
79 54 0.999583
79 55 0.999479
79 56 0.999375
79 57 0.999271
79 58 0.999169
79 59 0.999068
79 60 0.99897
79 61 0.998874
79 62 0.998782
79 63 0.998694
79 64 0.99861
79 65 0.998531
79 66 0.998456
79 67 0.998387
79 68 0.998322
79 69 0.998262
79 70 0.998208
79 71 0.998158
79 72 0.998113
79 73 0.998074
79 74 0.998039
79 75 0.998009
79 76 0.997984
79 77 0.997963
79 78 0.997947
79 79 0.997935
79 80 0.997927
79 81 0.997924
79 82 0.997925
79 83 0.997929
79 84 0.997938
79 85 0.99795
79 86 0.997965
79 87 0.997984
79 88 0.998006
79 89 0.998031
79 90 0.998059
79 91 0.998089
79 92 0.998121
79 93 0.998155
79 94 0.998191
79 95 0.998229
79 96 0.998267
79 97 0.998306
79 98 0.998346
79 99 0.998387
79 100 0.998427
79 101 0.998467
79 102 0.998506
79 103 0.998545
79 104 0.998583
79 105 0.99862
79 106 0.998656
79 107 0.998691
79 108 0.998724
79 109 0.998756
79 110 0.998786
79 111 0.998816
79 112 0.998844
79 113 0.998871
79 114 0.998897
79 115 0.998922
79 116 0.998946
79 117 0.99897
79 118 0.998993
79 119 0.999016
79 120 0.999037
79 121 0.999058
79 122 0.999077
79 123 0.999094
79 124 0.999108
79 125 0.99912
79 126 0.999127
79 127 0.999131

80 0 0
80 1 1.00099
80 2 1.00098
80 3 1.00098
80 4 1.00098
80 5 1.00098
80 6 1.00098
80 7 1.00098
80 8 1.00098
80 9 1.00097
80 10 1.00097
80 11 1.00097
80 12 1.00097
80 13 1.00097
80 14 1.00097
80 15 1.00097
80 16 1.00097
80 17 1.00097
80 18 1.00096
80 19 1.00096
80 20 1.00096
80 21 1.00096
80 22 1.00096
80 23 1.00095
80 24 1.00095
80 25 1.00095
80 26 1.00094
80 27 1.00094
80 28 1.00093
80 29 1.00092
80 30 1.00091
80 31 1.0009
80 32 1.00089
80 33 1.00088
80 34 1.00086
80 35 1.00084
80 36 1.00082
80 37 1.00079
80 38 1.00076
80 39 1.00073
80 40 1.00069
80 41 1.00064
80 42 1.00059
80 43 1.00054
80 44 1.00048
80 45 1.00041
80 46 1.00034
80 47 1.00026
80 48 1.00018
80 49 1.0001
80 50 1
80 51 0.99991
80 52 0.999811
80 53 0.99971
80 54 0.999607
80 55 0.999503
80 56 0.999398
80 57 0.999293
80 58 0.99919
80 59 0.999089
80 60 0.99899
80 61 0.998894
80 62 0.998801
80 63 0.998713
80 64 0.998629
80 65 0.998549
80 66 0.998474
80 67 0.998404
80 68 0.998339
80 69 0.998279
80 70 0.998225
80 71 0.998175
80 72 0.99813
80 73 0.998091
80 74 0.998056
80 75 0.998026
80 76 0.998001
80 77 0.99798
80 78 0.997964
80 79 0.997952
80 80 0.997944
80 81 0.997941
80 82 0.997942
80 83 0.997947
80 84 0.997955
80 85 0.997967
80 86 0.997983
80 87 0.998001
80 88 0.998023
80 89 0.998048
80 90 0.998076
80 91 0.998106
80 92 0.998138
80 93 0.998172
80 94 0.998207
80 95 0.998244
80 96 0.998283
80 97 0.998322
80 98 0.998361
80 99 0.998401
80 100 0.998441
80 101 0.998481
80 102 0.99852
80 103 0.998559
80 104 0.998596
80 105 0.998633
80 106 0.998669
80 107 0.998703
80 108 0.998736
80 109 0.998767
80 110 0.998798
80 111 0.998827
80 112 0.998855
80 113 0.998882
80 114 0.998908
80 115 0.998933
80 116 0.998958
80 117 0.998981
80 118 0.999005
80 119 0.999027
80 120 0.999049
80 121 0.999069
80 122 0.999088
80 123 0.999105
80 124 0.99912
80 125 0.99913
80 126 0.999138
80 127 0.99914

81 0 0
81 1 1.001
81 2 1.001
81 3 1.001
81 4 1.001
81 5 1.00099
81 6 1.00099
81 7 1.00099
81 8 1.00099
81 9 1.00099
81 10 1.00099
81 11 1.00099
81 12 1.00099
81 13 1.00098
81 14 1.00098
81 15 1.00098
81 16 1.00098
81 17 1.00098
81 18 1.00098
81 19 1.00098
81 20 1.00098
81 21 1.00097
81 22 1.00097
81 23 1.00097
81 24 1.00097
81 25 1.00096
81 26 1.00096
81 27 1.00095
81 28 1.00095
81 29 1.00094
81 30 1.00093
81 31 1.00092
81 32 1.00091
81 33 1.00089
81 34 1.00088
81 35 1.00086
81 36 1.00084
81 37 1.00081
81 38 1.00078
81 39 1.00075
81 40 1.00071
81 41 1.00066
81 42 1.00062
81 43 1.00056
81 44 1.0005
81 45 1.00044
81 46 1.00037
81 47 1.00029
81 48 1.00021
81 49 1.00012
81 50 1.00003
81 51 0.999937
81 52 0.999838
81 53 0.999737
81 54 0.999634
81 55 0.999529
81 56 0.999424
81 57 0.999319
81 58 0.999215
81 59 0.999113
81 60 0.999014
81 61 0.998917
81 62 0.998824
81 63 0.998735
81 64 0.998651
81 65 0.998571
81 66 0.998495
81 67 0.998425
81 68 0.99836
81 69 0.9983
81 70 0.998245
81 71 0.998195
81 72 0.998151
81 73 0.998111
81 74 0.998076
81 75 0.998046
81 76 0.998021
81 77 0.998
81 78 0.997984
81 79 0.997972
81 80 0.997965
81 81 0.997962
81 82 0.997963
81 83 0.997967
81 84 0.997976
81 85 0.997988
81 86 0.998003
81 87 0.998022
81 88 0.998044
81 89 0.998069
81 90 0.998096
81 91 0.998126
81 92 0.998158
81 93 0.998191
81 94 0.998227
81 95 0.998264
81 96 0.998302
81 97 0.998341
81 98 0.99838
81 99 0.99842
81 100 0.998459
81 101 0.998499
81 102 0.998538
81 103 0.998576
81 104 0.998613
81 105 0.99865
81 106 0.998685
81 107 0.998719
81 108 0.998751
81 109 0.998783
81 110 0.998813
81 111 0.998842
81 112 0.99887
81 113 0.998897
81 114 0.998923
81 115 0.998948
81 116 0.998973
81 117 0.998997
81 118 0.99902
81 119 0.999043
81 120 0.999065
81 121 0.999085
81 122 0.999104
81 123 0.999121
81 124 0.999135
81 125 0.999146
81 126 0.999152
81 127 0.999154

82 0 0
82 1 1.00102
82 2 1.00101
82 3 1.00101
82 4 1.00101
82 5 1.00101
82 6 1.00101
82 7 1.00101
82 8 1.001
82 9 1.001
82 10 1.001
82 11 1.001
82 12 1.001
82 13 1.001
82 14 1.001
82 15 1.001
82 16 1.001
82 17 1.00099
82 18 1.00099
82 19 1.00099
82 20 1.00099
82 21 1.00099
82 22 1.00099
82 23 1.00098
82 24 1.00098
82 25 1.00098
82 26 1.00097
82 27 1.00097
82 28 1.00096
82 29 1.00096
82 30 1.00095
82 31 1.00094
82 32 1.00093
82 33 1.00091
82 34 1.0009
82 35 1.00088
82 36 1.00086
82 37 1.00083
82 38 1.0008
82 39 1.00077
82 40 1.00073
82 41 1.00069
82 42 1.00064
82 43 1.00059
82 44 1.00053
82 45 1.00046
82 46 1.0004
82 47 1.00032
82 48 1.00024
82 49 1.00015
82 50 1.00006
82 51 0.999967
82 52 0.999869
82 53 0.999767
82 54 0.999664
82 55 0.999559
82 56 0.999453
82 57 0.999348
82 58 0.999244
82 59 0.999142
82 60 0.999042
82 61 0.998945
82 62 0.998851
82 63 0.998762
82 64 0.998676
82 65 0.998596
82 66 0.99852
82 67 0.99845
82 68 0.998384
82 69 0.998324
82 70 0.998269
82 71 0.998219
82 72 0.998174
82 73 0.998135
82 74 0.9981
82 75 0.99807
82 76 0.998045
82 77 0.998024
82 78 0.998008
82 79 0.997996
82 80 0.997989
82 81 0.997986
82 82 0.997987
82 83 0.997991
82 84 0.998
82 85 0.998012
82 86 0.998027
82 87 0.998046
82 88 0.998068
82 89 0.998092
82 90 0.998119
82 91 0.998149
82 92 0.998181
82 93 0.998214
82 94 0.99825
82 95 0.998286
82 96 0.998324
82 97 0.998363
82 98 0.998402
82 99 0.998441
82 100 0.998481
82 101 0.99852
82 102 0.998558
82 103 0.998596
82 104 0.998633
82 105 0.99867
82 106 0.998705
82 107 0.998738
82 108 0.998771
82 109 0.998802
82 110 0.998832
82 111 0.998861
82 112 0.998889
82 113 0.998916
82 114 0.998942
82 115 0.998967
82 116 0.998992
82 117 0.999016
82 118 0.99904
82 119 0.999062
82 120 0.999084
82 121 0.999105
82 122 0.999124
82 123 0.999141
82 124 0.999155
82 125 0.999165
82 126 0.999171
82 127 0.999172

83 0 0
83 1 1.00103
83 2 1.00103
83 3 1.00102
83 4 1.00102
83 5 1.00102
83 6 1.00102
83 7 1.00102
83 8 1.00102
83 9 1.00102
83 10 1.00102
83 11 1.00101
83 12 1.00101
83 13 1.00101
83 14 1.00101
83 15 1.00101
83 16 1.00101
83 17 1.00101
83 18 1.00101
83 19 1.00101
83 20 1.001
83 21 1.001
83 22 1.001
83 23 1.001
83 24 1.001
83 25 1.00099
83 26 1.00099
83 27 1.00098
83 28 1.00098
83 29 1.00097
83 30 1.00096
83 31 1.00095
83 32 1.00094
83 33 1.00093
83 34 1.00091
83 35 1.0009
83 36 1.00087
83 37 1.00085
83 38 1.00082
83 39 1.00079
83 40 1.00075
83 41 1.00071
83 42 1.00067
83 43 1.00061
83 44 1.00056
83 45 1.00049
83 46 1.00042
83 47 1.00035
83 48 1.00027
83 49 1.00018
83 50 1.00009
83 51 1
83 52 0.999901
83 53 0.9998
83 54 0.999697
83 55 0.999592
83 56 0.999487
83 57 0.999381
83 58 0.999277
83 59 0.999174
83 60 0.999073
83 61 0.998976
83 62 0.998882
83 63 0.998792
83 64 0.998706
83 65 0.998625
83 66 0.998549
83 67 0.998478
83 68 0.998413
83 69 0.998352
83 70 0.998297
83 71 0.998247
83 72 0.998202
83 73 0.998162
83 74 0.998127
83 75 0.998097
83 76 0.998072
83 77 0.998051
83 78 0.998035
83 79 0.998023
83 80 0.998016
83 81 0.998013
83 82 0.998014
83 83 0.998018
83 84 0.998027
83 85 0.998039
83 86 0.998054
83 87 0.998073
83 88 0.998095
83 89 0.998119
83 90 0.998146
83 91 0.998176
83 92 0.998207
83 93 0.998241
83 94 0.998276
83 95 0.998312
83 96 0.99835
83 97 0.998388
83 98 0.998427
83 99 0.998466
83 100 0.998505
83 101 0.998544
83 102 0.998583
83 103 0.99862
83 104 0.998657
83 105 0.998693
83 106 0.998728
83 107 0.998761
83 108 0.998794
83 109 0.998825
83 110 0.998855
83 111 0.998884
83 112 0.998912
83 113 0.998939
83 114 0.998965
83 115 0.99899
83 116 0.999015
83 117 0.99904
83 118 0.999063
83 119 0.999087
83 120 0.999109
83 121 0.99913
83 122 0.999149
83 123 0.999165
83 124 0.999179
83 125 0.999189
83 126 0.999195
83 127 0.999195

84 0 0
84 1 1.00104
84 2 1.00104
84 3 1.00104
84 4 1.00104
84 5 1.00104
84 6 1.00103
84 7 1.00103
84 8 1.00103
84 9 1.00103
84 10 1.00103
84 11 1.00103
84 12 1.00103
84 13 1.00103
84 14 1.00102
84 15 1.00102
84 16 1.00102
84 17 1.00102
84 18 1.00102
84 19 1.00102
84 20 1.00102
84 21 1.00102
84 22 1.00101
84 23 1.00101
84 24 1.00101
84 25 1.00101
84 26 1.001
84 27 1.001
84 28 1.00099
84 29 1.00099
84 30 1.00098
84 31 1.00097
84 32 1.00096
84 33 1.00095
84 34 1.00093
84 35 1.00091
84 36 1.00089
84 37 1.00087
84 38 1.00084
84 39 1.00081
84 40 1.00078
84 41 1.00074
84 42 1.00069
84 43 1.00064
84 44 1.00058
84 45 1.00052
84 46 1.00045
84 47 1.00038
84 48 1.0003
84 49 1.00022
84 50 1.00013
84 51 1.00003
84 52 0.999937
84 53 0.999836
84 54 0.999733
84 55 0.999629
84 56 0.999523
84 57 0.999417
84 58 0.999313
84 59 0.99921
84 60 0.999109
84 61 0.999011
84 62 0.998916
84 63 0.998826
84 64 0.99874
84 65 0.998658
84 66 0.998582
84 67 0.99851
84 68 0.998444
84 69 0.998383
84 70 0.998328
84 71 0.998277
84 72 0.998232
84 73 0.998192
84 74 0.998157
84 75 0.998127
84 76 0.998102
84 77 0.998081
84 78 0.998065
84 79 0.998054
84 80 0.998046
84 81 0.998043
84 82 0.998044
84 83 0.998048
84 84 0.998057
84 85 0.998069
84 86 0.998084
84 87 0.998103
84 88 0.998124
84 89 0.998149
84 90 0.998176
84 91 0.998205
84 92 0.998237
84 93 0.99827
84 94 0.998305
84 95 0.998341
84 96 0.998379
84 97 0.998417
84 98 0.998456
84 99 0.998494
84 100 0.998533
84 101 0.998572
84 102 0.99861
84 103 0.998648
84 104 0.998684
84 105 0.99872
84 106 0.998755
84 107 0.998788
84 108 0.998821
84 109 0.998852
84 110 0.998882
84 111 0.998911
84 112 0.998938
84 113 0.998966
84 114 0.998992
84 115 0.999018
84 116 0.999043
84 117 0.999068
84 118 0.999092
84 119 0.999115
84 120 0.999138
84 121 0.999159
84 122 0.999178
84 123 0.999195
84 124 0.999208
84 125 0.999218
84 126 0.999223
84 127 0.999222

85 0 0
85 1 1.00106
85 2 1.00105
85 3 1.00105
85 4 1.00105
85 5 1.00105
85 6 1.00105
85 7 1.00105
85 8 1.00104
85 9 1.00104
85 10 1.00104
85 11 1.00104
85 12 1.00104
85 13 1.00104
85 14 1.00104
85 15 1.00104
85 16 1.00104
85 17 1.00103
85 18 1.00103
85 19 1.00103
85 20 1.00103
85 21 1.00103
85 22 1.00103
85 23 1.00102
85 24 1.00102
85 25 1.00102
85 26 1.00102
85 27 1.00101
85 28 1.00101
85 29 1.001
85 30 1.00099
85 31 1.00098
85 32 1.00097
85 33 1.00096
85 34 1.00095
85 35 1.00093
85 36 1.00091
85 37 1.00089
85 38 1.00086
85 39 1.00083
85 40 1.0008
85 41 1.00076
85 42 1.00072
85 43 1.00067
85 44 1.00061
85 45 1.00055
85 46 1.00049
85 47 1.00041
85 48 1.00034
85 49 1.00025
85 50 1.00016
85 51 1.00007
85 52 0.999975
85 53 0.999875
85 54 0.999773
85 55 0.999668
85 56 0.999563
85 57 0.999457
85 58 0.999353
85 59 0.999249
85 60 0.999148
85 61 0.999049
85 62 0.998955
85 63 0.998864
85 64 0.998777
85 65 0.998695
85 66 0.998618
85 67 0.998546
85 68 0.998479
85 69 0.998418
85 70 0.998362
85 71 0.998312
85 72 0.998266
85 73 0.998226
85 74 0.998191
85 75 0.99816
85 76 0.998135
85 77 0.998114
85 78 0.998098
85 79 0.998086
85 80 0.998079
85 81 0.998076
85 82 0.998077
85 83 0.998081
85 84 0.99809
85 85 0.998102
85 86 0.998117
85 87 0.998136
85 88 0.998157
85 89 0.998182
85 90 0.998208
85 91 0.998238
85 92 0.998269
85 93 0.998302
85 94 0.998337
85 95 0.998373
85 96 0.998411
85 97 0.998449
85 98 0.998487
85 99 0.998526
85 100 0.998565
85 101 0.998603
85 102 0.998641
85 103 0.998679
85 104 0.998715
85 105 0.998751
85 106 0.998785
85 107 0.998819
85 108 0.998851
85 109 0.998882
85 110 0.998912
85 111 0.998941
85 112 0.998969
85 113 0.998997
85 114 0.999023
85 115 0.999049
85 116 0.999075
85 117 0.9991
85 118 0.999125
85 119 0.999148
85 120 0.999171
85 121 0.999193
85 122 0.999212
85 123 0.999229
85 124 0.999242
85 125 0.999251
85 126 0.999256
85 127 0.999255

86 0 0
86 1 1.00107
86 2 1.00107
86 3 1.00106
86 4 1.00106
86 5 1.00106
86 6 1.00106
86 7 1.00106
86 8 1.00106
86 9 1.00106
86 10 1.00105
86 11 1.00105
86 12 1.00105
86 13 1.00105
86 14 1.00105
86 15 1.00105
86 16 1.00105
86 17 1.00105
86 18 1.00105
86 19 1.00104
86 20 1.00104
86 21 1.00104
86 22 1.00104
86 23 1.00104
86 24 1.00104
86 25 1.00103
86 26 1.00103
86 27 1.00103
86 28 1.00102
86 29 1.00101
86 30 1.00101
86 31 1.001
86 32 1.00099
86 33 1.00098
86 34 1.00097
86 35 1.00095
86 36 1.00093
86 37 1.00091
86 38 1.00088
86 39 1.00086
86 40 1.00082
86 41 1.00079
86 42 1.00074
86 43 1.0007
86 44 1.00064
86 45 1.00058
86 46 1.00052
86 47 1.00045
86 48 1.00037
86 49 1.00029
86 50 1.0002
86 51 1.00011
86 52 1.00002
86 53 0.999917
86 54 0.999815
86 55 0.999711
86 56 0.999606
86 57 0.999501
86 58 0.999396
86 59 0.999292
86 60 0.999191
86 61 0.999092
86 62 0.998997
86 63 0.998905
86 64 0.998818
86 65 0.998735
86 66 0.998658
86 67 0.998585
86 68 0.998518
86 69 0.998456
86 70 0.9984
86 71 0.998349
86 72 0.998303
86 73 0.998263
86 74 0.998227
86 75 0.998197
86 76 0.998171
86 77 0.99815
86 78 0.998134
86 79 0.998122
86 80 0.998115
86 81 0.998112
86 82 0.998112
86 83 0.998117
86 84 0.998125
86 85 0.998137
86 86 0.998152
86 87 0.998171
86 88 0.998192
86 89 0.998217
86 90 0.998244
86 91 0.998273
86 92 0.998304
86 93 0.998337
86 94 0.998372
86 95 0.998408
86 96 0.998445
86 97 0.998483
86 98 0.998521
86 99 0.99856
86 100 0.998599
86 101 0.998637
86 102 0.998675
86 103 0.998712
86 104 0.998749
86 105 0.998785
86 106 0.998819
86 107 0.998853
86 108 0.998885
86 109 0.998916
86 110 0.998947
86 111 0.998976
86 112 0.999004
86 113 0.999032
86 114 0.999059
86 115 0.999086
86 116 0.999112
86 117 0.999137
86 118 0.999162
86 119 0.999187
86 120 0.99921
86 121 0.999232
86 122 0.999251
86 123 0.999268
86 124 0.999281
86 125 0.99929
86 126 0.999294
86 127 0.999292

87 0 0
87 1 1.00108
87 2 1.00108
87 3 1.00108
87 4 1.00107
87 5 1.00107
87 6 1.00107
87 7 1.00107
87 8 1.00107
87 9 1.00107
87 10 1.00107
87 11 1.00107
87 12 1.00106
87 13 1.00106
87 14 1.00106
87 15 1.00106
87 16 1.00106
87 17 1.00106
87 18 1.00106
87 19 1.00106
87 20 1.00106
87 21 1.00105
87 22 1.00105
87 23 1.00105
87 24 1.00105
87 25 1.00105
87 26 1.00104
87 27 1.00104
87 28 1.00103
87 29 1.00103
87 30 1.00102
87 31 1.00101
87 32 1.00101
87 33 1.00099
87 34 1.00098
87 35 1.00097
87 36 1.00095
87 37 1.00093
87 38 1.00091
87 39 1.00088
87 40 1.00085
87 41 1.00081
87 42 1.00077
87 43 1.00072
87 44 1.00067
87 45 1.00061
87 46 1.00055
87 47 1.00048
87 48 1.00041
87 49 1.00033
87 50 1.00024
87 51 1.00015
87 52 1.00006
87 53 0.999961
87 54 0.99986
87 55 0.999757
87 56 0.999653
87 57 0.999548
87 58 0.999443
87 59 0.999339
87 60 0.999238
87 61 0.999138
87 62 0.999043
87 63 0.99895
87 64 0.998863
87 65 0.99878
87 66 0.998701
87 67 0.998628
87 68 0.99856
87 69 0.998498
87 70 0.998441
87 71 0.99839
87 72 0.998343
87 73 0.998302
87 74 0.998267
87 75 0.998236
87 76 0.99821
87 77 0.998189
87 78 0.998173
87 79 0.998161
87 80 0.998153
87 81 0.99815
87 82 0.99815
87 83 0.998155
87 84 0.998163
87 85 0.998175
87 86 0.99819
87 87 0.998209
87 88 0.99823
87 89 0.998254
87 90 0.998281
87 91 0.99831
87 92 0.998342
87 93 0.998375
87 94 0.998409
87 95 0.998445
87 96 0.998482
87 97 0.99852
87 98 0.998558
87 99 0.998597
87 100 0.998636
87 101 0.998674
87 102 0.998712
87 103 0.998749
87 104 0.998786
87 105 0.998822
87 106 0.998856
87 107 0.99889
87 108 0.998923
87 109 0.998954
87 110 0.998985
87 111 0.999014
87 112 0.999043
87 113 0.999071
87 114 0.999099
87 115 0.999126
87 116 0.999153
87 117 0.999179
87 118 0.999205
87 119 0.99923
87 120 0.999254
87 121 0.999276
87 122 0.999296
87 123 0.999313
87 124 0.999326
87 125 0.999335
87 126 0.999338
87 127 0.999335

88 0 0
88 1 1.00109
88 2 1.00109
88 3 1.00109
88 4 1.00109
88 5 1.00108
88 6 1.00108
88 7 1.00108
88 8 1.00108
88 9 1.00108
88 10 1.00108
88 11 1.00108
88 12 1.00108
88 13 1.00107
88 14 1.00107
88 15 1.00107
88 16 1.00107
88 17 1.00107
88 18 1.00107
88 19 1.00107
88 20 1.00107
88 21 1.00107
88 22 1.00106
88 23 1.00106
88 24 1.00106
88 25 1.00106
88 26 1.00105
88 27 1.00105
88 28 1.00105
88 29 1.00104
88 30 1.00104
88 31 1.00103
88 32 1.00102
88 33 1.00101
88 34 1.001
88 35 1.00098
88 36 1.00097
88 37 1.00095
88 38 1.00093
88 39 1.0009
88 40 1.00087
88 41 1.00084
88 42 1.0008
88 43 1.00075
88 44 1.0007
88 45 1.00065
88 46 1.00059
88 47 1.00052
88 48 1.00045
88 49 1.00037
88 50 1.00029
88 51 1.0002
88 52 1.0001
88 53 1.00001
88 54 0.999908
88 55 0.999806
88 56 0.999702
88 57 0.999598
88 58 0.999493
88 59 0.99939
88 60 0.999288
88 61 0.999189
88 62 0.999092
88 63 0.999
88 64 0.998911
88 65 0.998827
88 66 0.998748
88 67 0.998675
88 68 0.998606
88 69 0.998543
88 70 0.998486
88 71 0.998433
88 72 0.998387
88 73 0.998345
88 74 0.998309
88 75 0.998278
88 76 0.998252
88 77 0.99823
88 78 0.998214
88 79 0.998202
88 80 0.998194
88 81 0.99819
88 82 0.998191
88 83 0.998195
88 84 0.998204
88 85 0.998215
88 86 0.99823
88 87 0.998249
88 88 0.99827
88 89 0.998294
88 90 0.998321
88 91 0.99835
88 92 0.998381
88 93 0.998414
88 94 0.998449
88 95 0.998485
88 96 0.998522
88 97 0.99856
88 98 0.998598
88 99 0.998637
88 100 0.998675
88 101 0.998714
88 102 0.998752
88 103 0.998789
88 104 0.998826
88 105 0.998862
88 106 0.998897
88 107 0.998931
88 108 0.998964
88 109 0.998996
88 110 0.999027
88 111 0.999057
88 112 0.999087
88 113 0.999115
88 114 0.999144
88 115 0.999172
88 116 0.999199
88 117 0.999226
88 118 0.999253
88 119 0.999278
88 120 0.999303
88 121 0.999325
88 122 0.999346
88 123 0.999363
88 124 0.999377
88 125 0.999385
88 126 0.999388
88 127 0.999384

89 0 0
89 1 1.0011
89 2 1.0011
89 3 1.0011
89 4 1.0011
89 5 1.0011
89 6 1.00109
89 7 1.00109
89 8 1.00109
89 9 1.00109
89 10 1.00109
89 11 1.00109
89 12 1.00109
89 13 1.00109
89 14 1.00108
89 15 1.00108
89 16 1.00108
89 17 1.00108
89 18 1.00108
89 19 1.00108
89 20 1.00108
89 21 1.00108
89 22 1.00108
89 23 1.00107
89 24 1.00107
89 25 1.00107
89 26 1.00107
89 27 1.00106
89 28 1.00106
89 29 1.00105
89 30 1.00105
89 31 1.00104
89 32 1.00103
89 33 1.00102
89 34 1.00101
89 35 1.001
89 36 1.00098
89 37 1.00097
89 38 1.00095
89 39 1.00092
89 40 1.00089
89 41 1.00086
89 42 1.00082
89 43 1.00078
89 44 1.00073
89 45 1.00068
89 46 1.00062
89 47 1.00056
89 48 1.00049
89 49 1.00041
89 50 1.00033
89 51 1.00024
89 52 1.00015
89 53 1.00006
89 54 0.999959
89 55 0.999858
89 56 0.999755
89 57 0.999651
89 58 0.999547
89 59 0.999444
89 60 0.999342
89 61 0.999242
89 62 0.999146
89 63 0.999053
89 64 0.998964
89 65 0.998879
89 66 0.998799
89 67 0.998725
89 68 0.998656
89 69 0.998592
89 70 0.998533
89 71 0.99848
89 72 0.998433
89 73 0.998391
89 74 0.998354
89 75 0.998323
89 76 0.998296
89 77 0.998274
89 78 0.998257
89 79 0.998245
89 80 0.998237
89 81 0.998233
89 82 0.998233
89 83 0.998238
89 84 0.998246
89 85 0.998258
89 86 0.998273
89 87 0.998291
89 88 0.998312
89 89 0.998336
89 90 0.998363
89 91 0.998392
89 92 0.998423
89 93 0.998456
89 94 0.998491
89 95 0.998527
89 96 0.998564
89 97 0.998602
89 98 0.99864
89 99 0.998679
89 100 0.998718
89 101 0.998756
89 102 0.998795
89 103 0.998832
89 104 0.998869
89 105 0.998906
89 106 0.998941
89 107 0.998975
89 108 0.999009
89 109 0.999041
89 110 0.999073
89 111 0.999104
89 112 0.999134
89 113 0.999164
89 114 0.999193
89 115 0.999222
89 116 0.99925
89 117 0.999278
89 118 0.999306
89 119 0.999332
89 120 0.999358
89 121 0.999381
89 122 0.999402
89 123 0.99942
89 124 0.999433
89 125 0.999441
89 126 0.999443
89 127 0.999439

90 0 0
90 1 1.00111
90 2 1.00111
90 3 1.00111
90 4 1.00111
90 5 1.00111
90 6 1.0011
90 7 1.0011
90 8 1.0011
90 9 1.0011
90 10 1.0011
90 11 1.0011
90 12 1.0011
90 13 1.0011
90 14 1.0011
90 15 1.00109
90 16 1.00109
90 17 1.00109
90 18 1.00109
90 19 1.00109
90 20 1.00109
90 21 1.00109
90 22 1.00109
90 23 1.00108
90 24 1.00108
90 25 1.00108
90 26 1.00108
90 27 1.00107
90 28 1.00107
90 29 1.00107
90 30 1.00106
90 31 1.00105
90 32 1.00105
90 33 1.00104
90 34 1.00103
90 35 1.00102
90 36 1.001
90 37 1.00098
90 38 1.00096
90 39 1.00094
90 40 1.00091
90 41 1.00088
90 42 1.00085
90 43 1.00081
90 44 1.00076
90 45 1.00071
90 46 1.00066
90 47 1.00059
90 48 1.00053
90 49 1.00045
90 50 1.00037
90 51 1.00029
90 52 1.0002
90 53 1.00011
90 54 1.00001
90 55 0.999912
90 56 0.999811
90 57 0.999708
90 58 0.999604
90 59 0.999501
90 60 0.9994
90 61 0.9993
90 62 0.999203
90 63 0.999109
90 64 0.99902
90 65 0.998934
90 66 0.998854
90 67 0.998778
90 68 0.998708
90 69 0.998644
90 70 0.998584
90 71 0.998531
90 72 0.998482
90 73 0.99844
90 74 0.998402
90 75 0.99837
90 76 0.998343
90 77 0.998321
90 78 0.998303
90 79 0.99829
90 80 0.998282
90 81 0.998278
90 82 0.998278
90 83 0.998282
90 84 0.99829
90 85 0.998302
90 86 0.998317
90 87 0.998335
90 88 0.998356
90 89 0.99838
90 90 0.998407
90 91 0.998436
90 92 0.998467
90 93 0.9985
90 94 0.998535
90 95 0.998571
90 96 0.998608
90 97 0.998646
90 98 0.998685
90 99 0.998723
90 100 0.998763
90 101 0.998801
90 102 0.99884
90 103 0.998878
90 104 0.998916
90 105 0.998952
90 106 0.998988
90 107 0.999023
90 108 0.999057
90 109 0.999091
90 110 0.999123
90 111 0.999155
90 112 0.999186
90 113 0.999217
90 114 0.999247
90 115 0.999277
90 116 0.999307
90 117 0.999336
90 118 0.999364
90 119 0.999392
90 120 0.999418
90 121 0.999443
90 122 0.999464
90 123 0.999482
90 124 0.999496
90 125 0.999504
90 126 0.999506
90 127 0.9995

91 0 0
91 1 1.00112
91 2 1.00112
91 3 1.00112
91 4 1.00112
91 5 1.00112
91 6 1.00112
91 7 1.00111
91 8 1.00111
91 9 1.00111
91 10 1.00111
91 11 1.00111
91 12 1.00111
91 13 1.00111
91 14 1.00111
91 15 1.0011
91 16 1.0011
91 17 1.0011
91 18 1.0011
91 19 1.0011
91 20 1.0011
91 21 1.0011
91 22 1.0011
91 23 1.00109
91 24 1.00109
91 25 1.00109
91 26 1.00109
91 27 1.00109
91 28 1.00108
91 29 1.00108
91 30 1.00107
91 31 1.00107
91 32 1.00106
91 33 1.00105
91 34 1.00104
91 35 1.00103
91 36 1.00102
91 37 1.001
91 38 1.00098
91 39 1.00096
91 40 1.00094
91 41 1.00091
91 42 1.00087
91 43 1.00084
91 44 1.00079
91 45 1.00075
91 46 1.00069
91 47 1.00063
91 48 1.00057
91 49 1.0005
91 50 1.00042
91 51 1.00034
91 52 1.00025
91 53 1.00016
91 54 1.00007
91 55 0.999969
91 56 0.999869
91 57 0.999767
91 58 0.999665
91 59 0.999562
91 60 0.999461
91 61 0.999361
91 62 0.999264
91 63 0.99917
91 64 0.99908
91 65 0.998994
91 66 0.998912
91 67 0.998836
91 68 0.998765
91 69 0.998699
91 70 0.998639
91 71 0.998584
91 72 0.998535
91 73 0.998491
91 74 0.998453
91 75 0.99842
91 76 0.998392
91 77 0.998369
91 78 0.998351
91 79 0.998338
91 80 0.99833
91 81 0.998325
91 82 0.998325
91 83 0.998329
91 84 0.998337
91 85 0.998348
91 86 0.998363
91 87 0.998381
91 88 0.998402
91 89 0.998426
91 90 0.998453
91 91 0.998482
91 92 0.998513
91 93 0.998546
91 94 0.998581
91 95 0.998617
91 96 0.998654
91 97 0.998692
91 98 0.998731
91 99 0.99877
91 100 0.99881
91 101 0.998849
91 102 0.998888
91 103 0.998927
91 104 0.998965
91 105 0.999002
91 106 0.999039
91 107 0.999074
91 108 0.999109
91 109 0.999144
91 110 0.999177
91 111 0.99921
91 112 0.999243
91 113 0.999274
91 114 0.999306
91 115 0.999337
91 116 0.999368
91 117 0.999399
91 118 0.999429
91 119 0.999458
91 120 0.999485
91 121 0.999511
91 122 0.999533
91 123 0.999552
91 124 0.999566
91 125 0.999574
91 126 0.999575
91 127 0.999568

92 0 0
92 1 1.00113
92 2 1.00113
92 3 1.00113
92 4 1.00113
92 5 1.00113
92 6 1.00113
92 7 1.00112
92 8 1.00112
92 9 1.00112
92 10 1.00112
92 11 1.00112
92 12 1.00112
92 13 1.00112
92 14 1.00112
92 15 1.00111
92 16 1.00111
92 17 1.00111
92 18 1.00111
92 19 1.00111
92 20 1.00111
92 21 1.00111
92 22 1.00111
92 23 1.0011
92 24 1.0011
92 25 1.0011
92 26 1.0011
92 27 1.0011
92 28 1.00109
92 29 1.00109
92 30 1.00108
92 31 1.00108
92 32 1.00107
92 33 1.00107
92 34 1.00106
92 35 1.00105
92 36 1.00103
92 37 1.00102
92 38 1.001
92 39 1.00098
92 40 1.00096
92 41 1.00093
92 42 1.0009
92 43 1.00086
92 44 1.00082
92 45 1.00078
92 46 1.00073
92 47 1.00067
92 48 1.00061
92 49 1.00054
92 50 1.00047
92 51 1.00039
92 52 1.0003
92 53 1.00022
92 54 1.00012
92 55 1.00003
92 56 0.99993
92 57 0.999829
92 58 0.999728
92 59 0.999626
92 60 0.999525
92 61 0.999426
92 62 0.999328
92 63 0.999234
92 64 0.999143
92 65 0.999056
92 66 0.998974
92 67 0.998897
92 68 0.998825
92 69 0.998758
92 70 0.998697
92 71 0.998641
92 72 0.998591
92 73 0.998546
92 74 0.998507
92 75 0.998473
92 76 0.998444
92 77 0.998421
92 78 0.998402
92 79 0.998388
92 80 0.998379
92 81 0.998374
92 82 0.998374
92 83 0.998377
92 84 0.998385
92 85 0.998396
92 86 0.99841
92 87 0.998428
92 88 0.998449
92 89 0.998473
92 90 0.9985
92 91 0.998529
92 92 0.99856
92 93 0.998593
92 94 0.998628
92 95 0.998665
92 96 0.998702
92 97 0.99874
92 98 0.99878
92 99 0.998819
92 100 0.998859
92 101 0.998899
92 102 0.998938
92 103 0.998978
92 104 0.999016
92 105 0.999055
92 106 0.999092
92 107 0.999129
92 108 0.999165
92 109 0.999201
92 110 0.999235
92 111 0.99927
92 112 0.999304
92 113 0.999337
92 114 0.99937
92 115 0.999403
92 116 0.999436
92 117 0.999468
92 118 0.9995
92 119 0.99953
92 120 0.999559
92 121 0.999586
92 122 0.99961
92 123 0.999629
92 124 0.999643
92 125 0.999651
92 126 0.999651
92 127 0.999643

93 0 0
93 1 1.00114
93 2 1.00114
93 3 1.00114
93 4 1.00114
93 5 1.00114
93 6 1.00113
93 7 1.00113
93 8 1.00113
93 9 1.00113
93 10 1.00113
93 11 1.00113
93 12 1.00113
93 13 1.00113
93 14 1.00113
93 15 1.00112
93 16 1.00112
93 17 1.00112
93 18 1.00112
93 19 1.00112
93 20 1.00112
93 21 1.00112
93 22 1.00112
93 23 1.00111
93 24 1.00111
93 25 1.00111
93 26 1.00111
93 27 1.00111
93 28 1.0011
93 29 1.0011
93 30 1.0011
93 31 1.00109
93 32 1.00108
93 33 1.00108
93 34 1.00107
93 35 1.00106
93 36 1.00105
93 37 1.00103
93 38 1.00102
93 39 1.001
93 40 1.00098
93 41 1.00095
93 42 1.00092
93 43 1.00089
93 44 1.00085
93 45 1.00081
93 46 1.00076
93 47 1.00071
93 48 1.00065
93 49 1.00058
93 50 1.00051
93 51 1.00044
93 52 1.00036
93 53 1.00027
93 54 1.00018
93 55 1.00009
93 56 0.999992
93 57 0.999894
93 58 0.999794
93 59 0.999693
93 60 0.999593
93 61 0.999494
93 62 0.999397
93 63 0.999302
93 64 0.999211
93 65 0.999123
93 66 0.99904
93 67 0.998962
93 68 0.998888
93 69 0.99882
93 70 0.998758
93 71 0.998701
93 72 0.99865
93 73 0.998604
93 74 0.998563
93 75 0.998529
93 76 0.998499
93 77 0.998475
93 78 0.998455
93 79 0.998441
93 80 0.998431
93 81 0.998425
93 82 0.998424
93 83 0.998427
93 84 0.998434
93 85 0.998445
93 86 0.99846
93 87 0.998477
93 88 0.998498
93 89 0.998522
93 90 0.998549
93 91 0.998578
93 92 0.998609
93 93 0.998642
93 94 0.998677
93 95 0.998714
93 96 0.998752
93 97 0.99879
93 98 0.99883
93 99 0.99887
93 100 0.99891
93 101 0.998951
93 102 0.998991
93 103 0.999031
93 104 0.999071
93 105 0.99911
93 106 0.999149
93 107 0.999187
93 108 0.999225
93 109 0.999261
93 110 0.999298
93 111 0.999334
93 112 0.999369
93 113 0.999405
93 114 0.99944
93 115 0.999475
93 116 0.999509
93 117 0.999543
93 118 0.999577
93 119 0.999609
93 120 0.99964
93 121 0.999668
93 122 0.999693
93 123 0.999713
93 124 0.999728
93 125 0.999735
93 126 0.999735
93 127 0.999726

94 0 0
94 1 1.00115
94 2 1.00115
94 3 1.00115
94 4 1.00115
94 5 1.00115
94 6 1.00114
94 7 1.00114
94 8 1.00114
94 9 1.00114
94 10 1.00114
94 11 1.00114
94 12 1.00114
94 13 1.00114
94 14 1.00113
94 15 1.00113
94 16 1.00113
94 17 1.00113
94 18 1.00113
94 19 1.00113
94 20 1.00113
94 21 1.00113
94 22 1.00112
94 23 1.00112
94 24 1.00112
94 25 1.00112
94 26 1.00112
94 27 1.00112
94 28 1.00111
94 29 1.00111
94 30 1.00111
94 31 1.0011
94 32 1.0011
94 33 1.00109
94 34 1.00108
94 35 1.00107
94 36 1.00106
94 37 1.00105
94 38 1.00104
94 39 1.00102
94 40 1.001
94 41 1.00097
94 42 1.00095
94 43 1.00092
94 44 1.00088
94 45 1.00084
94 46 1.0008
94 47 1.00075
94 48 1.00069
94 49 1.00063
94 50 1.00056
94 51 1.00049
94 52 1.00041
94 53 1.00033
94 54 1.00024
94 55 1.00015
94 56 1.00006
94 57 0.99996
94 58 0.999862
94 59 0.999763
94 60 0.999664
94 61 0.999565
94 62 0.999468
94 63 0.999373
94 64 0.999282
94 65 0.999193
94 66 0.99911
94 67 0.99903
94 68 0.998956
94 69 0.998886
94 70 0.998823
94 71 0.998764
94 72 0.998712
94 73 0.998665
94 74 0.998623
94 75 0.998587
94 76 0.998556
94 77 0.998531
94 78 0.99851
94 79 0.998495
94 80 0.998484
94 81 0.998478
94 82 0.998477
94 83 0.998479
94 84 0.998486
94 85 0.998496
94 86 0.99851
94 87 0.998528
94 88 0.998549
94 89 0.998572
94 90 0.998599
94 91 0.998628
94 92 0.998659
94 93 0.998693
94 94 0.998728
94 95 0.998765
94 96 0.998803
94 97 0.998842
94 98 0.998882
94 99 0.998923
94 100 0.998964
94 101 0.999005
94 102 0.999046
94 103 0.999088
94 104 0.999128
94 105 0.999169
94 106 0.999209
94 107 0.999249
94 108 0.999288
94 109 0.999326
94 110 0.999364
94 111 0.999402
94 112 0.99944
94 113 0.999477
94 114 0.999515
94 115 0.999552
94 116 0.999589
94 117 0.999626
94 118 0.999661
94 119 0.999696
94 120 0.999729
94 121 0.999759
94 122 0.999785
94 123 0.999806
94 124 0.999821
94 125 0.999829
94 126 0.999828
94 127 0.999817

95 0 0
95 1 1.00116
95 2 1.00116
95 3 1.00116
95 4 1.00116
95 5 1.00115
95 6 1.00115
95 7 1.00115
95 8 1.00115
95 9 1.00115
95 10 1.00115
95 11 1.00115
95 12 1.00115
95 13 1.00114
95 14 1.00114
95 15 1.00114
95 16 1.00114
95 17 1.00114
95 18 1.00114
95 19 1.00114
95 20 1.00114
95 21 1.00114
95 22 1.00113
95 23 1.00113
95 24 1.00113
95 25 1.00113
95 26 1.00113
95 27 1.00112
95 28 1.00112
95 29 1.00112
95 30 1.00112
95 31 1.00111
95 32 1.00111
95 33 1.0011
95 34 1.00109
95 35 1.00109
95 36 1.00108
95 37 1.00106
95 38 1.00105
95 39 1.00104
95 40 1.00102
95 41 1.001
95 42 1.00097
95 43 1.00094
95 44 1.00091
95 45 1.00087
95 46 1.00083
95 47 1.00078
95 48 1.00073
95 49 1.00067
95 50 1.00061
95 51 1.00054
95 52 1.00047
95 53 1.00039
95 54 1.0003
95 55 1.00021
95 56 1.00012
95 57 1.00003
95 58 0.999932
95 59 0.999835
95 60 0.999737
95 61 0.999639
95 62 0.999543
95 63 0.999448
95 64 0.999356
95 65 0.999267
95 66 0.999183
95 67 0.999102
95 68 0.999027
95 69 0.998956
95 70 0.998891
95 71 0.998831
95 72 0.998777
95 73 0.998729
95 74 0.998686
95 75 0.998648
95 76 0.998616
95 77 0.99859
95 78 0.998568
95 79 0.998552
95 80 0.99854
95 81 0.998533
95 82 0.998531
95 83 0.998533
95 84 0.998539
95 85 0.998549
95 86 0.998563
95 87 0.99858
95 88 0.9986
95 89 0.998624
95 90 0.99865
95 91 0.998679
95 92 0.998711
95 93 0.998744
95 94 0.99878
95 95 0.998817
95 96 0.998856
95 97 0.998895
95 98 0.998936
95 99 0.998977
95 100 0.999019
95 101 0.999061
95 102 0.999104
95 103 0.999146
95 104 0.999188
95 105 0.99923
95 106 0.999272
95 107 0.999313
95 108 0.999354
95 109 0.999395
95 110 0.999436
95 111 0.999476
95 112 0.999516
95 113 0.999556
95 114 0.999596
95 115 0.999636
95 116 0.999675
95 117 0.999715
95 118 0.999753
95 119 0.99979
95 120 0.999825
95 121 0.999857
95 122 0.999885
95 123 0.999908
95 124 0.999923
95 125 0.999931
95 126 0.99993
95 127 0.999918

96 0 0
96 1 1.00117
96 2 1.00117
96 3 1.00117
96 4 1.00116
96 5 1.00116
96 6 1.00116
96 7 1.00116
96 8 1.00116
96 9 1.00116
96 10 1.00116
96 11 1.00116
96 12 1.00115
96 13 1.00115
96 14 1.00115
96 15 1.00115
96 16 1.00115
96 17 1.00115
96 18 1.00115
96 19 1.00115
96 20 1.00114
96 21 1.00114
96 22 1.00114
96 23 1.00114
96 24 1.00114
96 25 1.00114
96 26 1.00113
96 27 1.00113
96 28 1.00113
96 29 1.00113
96 30 1.00112
96 31 1.00112
96 32 1.00112
96 33 1.00111
96 34 1.0011
96 35 1.0011
96 36 1.00109
96 37 1.00108
96 38 1.00107
96 39 1.00105
96 40 1.00103
96 41 1.00101
96 42 1.00099
96 43 1.00097
96 44 1.00094
96 45 1.0009
96 46 1.00086
96 47 1.00082
96 48 1.00077
96 49 1.00071
96 50 1.00065
96 51 1.00059
96 52 1.00052
96 53 1.00044
96 54 1.00036
96 55 1.00028
96 56 1.00019
96 57 1.0001
96 58 1
96 59 0.999909
96 60 0.999812
96 61 0.999716
96 62 0.99962
96 63 0.999526
96 64 0.999434
96 65 0.999345
96 66 0.99926
96 67 0.999178
96 68 0.999102
96 69 0.99903
96 70 0.998963
96 71 0.998902
96 72 0.998846
96 73 0.998796
96 74 0.998752
96 75 0.998713
96 76 0.998679
96 77 0.998651
96 78 0.998629
96 79 0.998611
96 80 0.998598
96 81 0.998591
96 82 0.998587
96 83 0.998588
96 84 0.998594
96 85 0.998603
96 86 0.998616
96 87 0.998633
96 88 0.998653
96 89 0.998677
96 90 0.998703
96 91 0.998732
96 92 0.998764
96 93 0.998797
96 94 0.998833
96 95 0.998871
96 96 0.99891
96 97 0.99895
96 98 0.998991
96 99 0.999034
96 100 0.999077
96 101 0.99912
96 102 0.999164
96 103 0.999207
96 104 0.999251
96 105 0.999295
96 106 0.999338
96 107 0.999382
96 108 0.999425
96 109 0.999468
96 110 0.999511
96 111 0.999554
96 112 0.999597
96 113 0.99964
96 114 0.999683
96 115 0.999726
96 116 0.999769
96 117 0.999811
96 118 0.999853
96 119 0.999893
96 120 0.999931
96 121 0.999965
96 122 0.999995
96 123 1.00002
96 124 1.00004
96 125 1.00004
96 126 1.00004
96 127 1.00003

97 0 0
97 1 1.00118
97 2 1.00117
97 3 1.00117
97 4 1.00117
97 5 1.00117
97 6 1.00117
97 7 1.00117
97 8 1.00117
97 9 1.00117
97 10 1.00116
97 11 1.00116
97 12 1.00116
97 13 1.00116
97 14 1.00116
97 15 1.00116
97 16 1.00116
97 17 1.00116
97 18 1.00115
97 19 1.00115
97 20 1.00115
97 21 1.00115
97 22 1.00115
97 23 1.00115
97 24 1.00115
97 25 1.00114
97 26 1.00114
97 27 1.00114
97 28 1.00114
97 29 1.00114
97 30 1.00113
97 31 1.00113
97 32 1.00112
97 33 1.00112
97 34 1.00111
97 35 1.00111
97 36 1.0011
97 37 1.00109
97 38 1.00108
97 39 1.00107
97 40 1.00105
97 41 1.00103
97 42 1.00101
97 43 1.00099
97 44 1.00096
97 45 1.00093
97 46 1.00089
97 47 1.00085
97 48 1.00081
97 49 1.00076
97 50 1.0007
97 51 1.00064
97 52 1.00057
97 53 1.0005
97 54 1.00042
97 55 1.00034
97 56 1.00026
97 57 1.00017
97 58 1.00008
97 59 0.999985
97 60 0.99989
97 61 0.999795
97 62 0.9997
97 63 0.999607
97 64 0.999515
97 65 0.999426
97 66 0.99934
97 67 0.999258
97 68 0.99918
97 69 0.999107
97 70 0.999039
97 71 0.998976
97 72 0.998919
97 73 0.998867
97 74 0.998821
97 75 0.99878
97 76 0.998745
97 77 0.998716
97 78 0.998692
97 79 0.998673
97 80 0.998659
97 81 0.99865
97 82 0.998646
97 83 0.998646
97 84 0.99865
97 85 0.998659
97 86 0.998672
97 87 0.998688
97 88 0.998708
97 89 0.998731
97 90 0.998757
97 91 0.998786
97 92 0.998818
97 93 0.998851
97 94 0.998888
97 95 0.998925
97 96 0.998965
97 97 0.999006
97 98 0.999048
97 99 0.999092
97 100 0.999136
97 101 0.99918
97 102 0.999225
97 103 0.999271
97 104 0.999317
97 105 0.999362
97 106 0.999408
97 107 0.999454
97 108 0.9995
97 109 0.999546
97 110 0.999592
97 111 0.999638
97 112 0.999684
97 113 0.999731
97 114 0.999777
97 115 0.999824
97 116 0.99987
97 117 0.999916
97 118 0.999962
97 119 1
97 120 1.00005
97 121 1.00008
97 122 1.00012
97 123 1.00014
97 124 1.00016
97 125 1.00017
97 126 1.00016
97 127 1.00015

98 0 0
98 1 1.00118
98 2 1.00118
98 3 1.00118
98 4 1.00118
98 5 1.00118
98 6 1.00118
98 7 1.00118
98 8 1.00117
98 9 1.00117
98 10 1.00117
98 11 1.00117
98 12 1.00117
98 13 1.00117
98 14 1.00117
98 15 1.00117
98 16 1.00116
98 17 1.00116
98 18 1.00116
98 19 1.00116
98 20 1.00116
98 21 1.00116
98 22 1.00116
98 23 1.00116
98 24 1.00115
98 25 1.00115
98 26 1.00115
98 27 1.00115
98 28 1.00115
98 29 1.00114
98 30 1.00114
98 31 1.00114
98 32 1.00113
98 33 1.00113
98 34 1.00112
98 35 1.00112
98 36 1.00111
98 37 1.0011
98 38 1.00109
98 39 1.00108
98 40 1.00107
98 41 1.00105
98 42 1.00103
98 43 1.00101
98 44 1.00098
98 45 1.00096
98 46 1.00092
98 47 1.00088
98 48 1.00084
98 49 1.0008
98 50 1.00074
98 51 1.00069
98 52 1.00062
98 53 1.00056
98 54 1.00048
98 55 1.00041
98 56 1.00032
98 57 1.00024
98 58 1.00015
98 59 1.00006
98 60 0.999969
98 61 0.999876
98 62 0.999783
98 63 0.99969
98 64 0.999599
98 65 0.99951
98 66 0.999424
98 67 0.999341
98 68 0.999263
98 69 0.999188
98 70 0.999119
98 71 0.999054
98 72 0.998995
98 73 0.998942
98 74 0.998894
98 75 0.998852
98 76 0.998815
98 77 0.998784
98 78 0.998758
98 79 0.998737
98 80 0.998722
98 81 0.998712
98 82 0.998706
98 83 0.998705
98 84 0.998709
98 85 0.998717
98 86 0.998728
98 87 0.998744
98 88 0.998764
98 89 0.998786
98 90 0.998812
98 91 0.998841
98 92 0.998873
98 93 0.998907
98 94 0.998943
98 95 0.998982
98 96 0.999022
98 97 0.999064
98 98 0.999107
98 99 0.999151
98 100 0.999197
98 101 0.999243
98 102 0.99929
98 103 0.999337
98 104 0.999385
98 105 0.999433
98 106 0.999481
98 107 0.99953
98 108 0.999579
98 109 0.999628
98 110 0.999677
98 111 0.999727
98 112 0.999777
98 113 0.999828
98 114 0.999878
98 115 0.999929
98 116 0.99998
98 117 1.00003
98 118 1.00008
98 119 1.00013
98 120 1.00017
98 121 1.00021
98 122 1.00025
98 123 1.00027
98 124 1.00029
98 125 1.0003
98 126 1.0003
98 127 1.00028

99 0 0
99 1 1.00119
99 2 1.00119
99 3 1.00119
99 4 1.00119
99 5 1.00119
99 6 1.00118
99 7 1.00118
99 8 1.00118
99 9 1.00118
99 10 1.00118
99 11 1.00118
99 12 1.00118
99 13 1.00118
99 14 1.00117
99 15 1.00117
99 16 1.00117
99 17 1.00117
99 18 1.00117
99 19 1.00117
99 20 1.00117
99 21 1.00117
99 22 1.00116
99 23 1.00116
99 24 1.00116
99 25 1.00116
99 26 1.00116
99 27 1.00116
99 28 1.00115
99 29 1.00115
99 30 1.00115
99 31 1.00114
99 32 1.00114
99 33 1.00114
99 34 1.00113
99 35 1.00113
99 36 1.00112
99 37 1.00111
99 38 1.0011
99 39 1.00109
99 40 1.00108
99 41 1.00107
99 42 1.00105
99 43 1.00103
99 44 1.00101
99 45 1.00098
99 46 1.00095
99 47 1.00092
99 48 1.00088
99 49 1.00083
99 50 1.00079
99 51 1.00073
99 52 1.00067
99 53 1.00061
99 54 1.00054
99 55 1.00047
99 56 1.00039
99 57 1.00031
99 58 1.00023
99 59 1.00014
99 60 1.00005
99 61 0.999959
99 62 0.999867
99 63 0.999776
99 64 0.999686
99 65 0.999597
99 66 0.999511
99 67 0.999428
99 68 0.999348
99 69 0.999273
99 70 0.999202
99 71 0.999136
99 72 0.999076
99 73 0.99902
99 74 0.99897
99 75 0.998926
99 76 0.998887
99 77 0.998854
99 78 0.998827
99 79 0.998804
99 80 0.998788
99 81 0.998776
99 82 0.998769
99 83 0.998767
99 84 0.998769
99 85 0.998776
99 86 0.998787
99 87 0.998802
99 88 0.998821
99 89 0.998843
99 90 0.998869
99 91 0.998898
99 92 0.998929
99 93 0.998964
99 94 0.999
99 95 0.999039
99 96 0.99908
99 97 0.999123
99 98 0.999167
99 99 0.999213
99 100 0.99926
99 101 0.999307
99 102 0.999356
99 103 0.999406
99 104 0.999456
99 105 0.999507
99 106 0.999558
99 107 0.99961
99 108 0.999662
99 109 0.999715
99 110 0.999768
99 111 0.999822
99 112 0.999877
99 113 0.999932
99 114 0.999987
99 115 1.00004
99 116 1.0001
99 117 1.00015
99 118 1.00021
99 119 1.00026
99 120 1.00031
99 121 1.00035
99 122 1.00039
99 123 1.00042
99 124 1.00044
99 125 1.00045
99 126 1.00044
99 127 1.00042

100 0 0
100 1 1.0012
100 2 1.0012
100 3 1.00119
100 4 1.00119
100 5 1.00119
100 6 1.00119
100 7 1.00119
100 8 1.00119
100 9 1.00119
100 10 1.00119
100 11 1.00119
100 12 1.00118
100 13 1.00118
100 14 1.00118
100 15 1.00118
100 16 1.00118
100 17 1.00118
100 18 1.00118
100 19 1.00117
100 20 1.00117
100 21 1.00117
100 22 1.00117
100 23 1.00117
100 24 1.00117
100 25 1.00117
100 26 1.00116
100 27 1.00116
100 28 1.00116
100 29 1.00116
100 30 1.00115
100 31 1.00115
100 32 1.00115
100 33 1.00114
100 34 1.00114
100 35 1.00114
100 36 1.00113
100 37 1.00112
100 38 1.00111
100 39 1.0011
100 40 1.00109
100 41 1.00108
100 42 1.00107
100 43 1.00105
100 44 1.00103
100 45 1.001
100 46 1.00098
100 47 1.00094
100 48 1.00091
100 49 1.00087
100 50 1.00083
100 51 1.00078
100 52 1.00072
100 53 1.00066
100 54 1.0006
100 55 1.00053
100 56 1.00046
100 57 1.00038
100 58 1.0003
100 59 1.00022
100 60 1.00013
100 61 1.00004
100 62 0.999953
100 63 0.999863
100 64 0.999774
100 65 0.999687
100 66 0.999601
100 67 0.999518
100 68 0.999438
100 69 0.999361
100 70 0.999289
100 71 0.999222
100 72 0.99916
100 73 0.999102
100 74 0.999051
100 75 0.999004
100 76 0.998964
100 77 0.998929
100 78 0.998899
100 79 0.998875
100 80 0.998856
100 81 0.998843
100 82 0.998834
100 83 0.998831
100 84 0.998832
100 85 0.998837
100 86 0.998848
100 87 0.998862
100 88 0.99888
100 89 0.998902
100 90 0.998927
100 91 0.998956
100 92 0.998987
100 93 0.999022
100 94 0.999059
100 95 0.999098
100 96 0.99914
100 97 0.999183
100 98 0.999229
100 99 0.999276
100 100 0.999324
100 101 0.999374
100 102 0.999425
100 103 0.999477
100 104 0.99953
100 105 0.999584
100 106 0.999638
100 107 0.999693
100 108 0.99975
100 109 0.999807
100 110 0.999864
100 111 0.999923
100 112 0.999983
100 113 1.00004
100 114 1.0001
100 115 1.00017
100 116 1.00023
100 117 1.00029
100 118 1.00035
100 119 1.0004
100 120 1.00046
100 121 1.0005
100 122 1.00055
100 123 1.00058
100 124 1.0006
100 125 1.00061
100 126 1.0006
100 127 1.00058

101 0 0
101 1 1.0012
101 2 1.0012
101 3 1.0012
101 4 1.0012
101 5 1.0012
101 6 1.0012
101 7 1.0012
101 8 1.0012
101 9 1.00119
101 10 1.00119
101 11 1.00119
101 12 1.00119
101 13 1.00119
101 14 1.00119
101 15 1.00119
101 16 1.00119
101 17 1.00118
101 18 1.00118
101 19 1.00118
101 20 1.00118
101 21 1.00118
101 22 1.00118
101 23 1.00118
101 24 1.00117
101 25 1.00117
101 26 1.00117
101 27 1.00117
101 28 1.00117
101 29 1.00116
101 30 1.00116
101 31 1.00116
101 32 1.00116
101 33 1.00115
101 34 1.00115
101 35 1.00114
101 36 1.00114
101 37 1.00113
101 38 1.00112
101 39 1.00112
101 40 1.00111
101 41 1.00109
101 42 1.00108
101 43 1.00106
101 44 1.00105
101 45 1.00102
101 46 1.001
101 47 1.00097
101 48 1.00094
101 49 1.0009
101 50 1.00086
101 51 1.00082
101 52 1.00077
101 53 1.00071
101 54 1.00065
101 55 1.00059
101 56 1.00052
101 57 1.00045
101 58 1.00037
101 59 1.00029
101 60 1.00021
101 61 1.00013
101 62 1.00004
101 63 0.999952
101 64 0.999864
101 65 0.999778
101 66 0.999693
101 67 0.99961
101 68 0.99953
101 69 0.999453
101 70 0.99938
101 71 0.999311
101 72 0.999247
101 73 0.999188
101 74 0.999135
101 75 0.999087
101 76 0.999044
101 77 0.999006
101 78 0.998975
101 79 0.998949
101 80 0.998928
101 81 0.998913
101 82 0.998902
101 83 0.998897
101 84 0.998897
101 85 0.998901
101 86 0.99891
101 87 0.998923
101 88 0.998941
101 89 0.998962
101 90 0.998987
101 91 0.999015
101 92 0.999047
101 93 0.999081
101 94 0.999119
101 95 0.999159
101 96 0.999201
101 97 0.999246
101 98 0.999292
101 99 0.999341
101 100 0.999391
101 101 0.999443
101 102 0.999496
101 103 0.999551
101 104 0.999607
101 105 0.999664
101 106 0.999722
101 107 0.999782
101 108 0.999842
101 109 0.999904
101 110 0.999967
101 111 1.00003
101 112 1.0001
101 113 1.00016
101 114 1.00023
101 115 1.0003
101 116 1.00036
101 117 1.00043
101 118 1.0005
101 119 1.00056
101 120 1.00062
101 121 1.00067
101 122 1.00072
101 123 1.00075
101 124 1.00077
101 125 1.00078
101 126 1.00078
101 127 1.00075

102 0 0
102 1 1.00121
102 2 1.00121
102 3 1.00121
102 4 1.00121
102 5 1.0012
102 6 1.0012
102 7 1.0012
102 8 1.0012
102 9 1.0012
102 10 1.0012
102 11 1.0012
102 12 1.0012
102 13 1.0012
102 14 1.00119
102 15 1.00119
102 16 1.00119
102 17 1.00119
102 18 1.00119
102 19 1.00119
102 20 1.00119
102 21 1.00118
102 22 1.00118
102 23 1.00118
102 24 1.00118
102 25 1.00118
102 26 1.00118
102 27 1.00117
102 28 1.00117
102 29 1.00117
102 30 1.00117
102 31 1.00116
102 32 1.00116
102 33 1.00116
102 34 1.00115
102 35 1.00115
102 36 1.00115
102 37 1.00114
102 38 1.00113
102 39 1.00112
102 40 1.00112
102 41 1.00111
102 42 1.00109
102 43 1.00108
102 44 1.00106
102 45 1.00104
102 46 1.00102
102 47 1.001
102 48 1.00097
102 49 1.00093
102 50 1.0009
102 51 1.00086
102 52 1.00081
102 53 1.00076
102 54 1.00071
102 55 1.00065
102 56 1.00058
102 57 1.00052
102 58 1.00044
102 59 1.00037
102 60 1.00029
102 61 1.00021
102 62 1.00012
102 63 1.00004
102 64 0.999955
102 65 0.999871
102 66 0.999787
102 67 0.999705
102 68 0.999625
102 69 0.999548
102 70 0.999474
102 71 0.999404
102 72 0.999339
102 73 0.999278
102 74 0.999223
102 75 0.999173
102 76 0.999128
102 77 0.999088
102 78 0.999054
102 79 0.999026
102 80 0.999003
102 81 0.998986
102 82 0.998974
102 83 0.998967
102 84 0.998965
102 85 0.998968
102 86 0.998975
102 87 0.998987
102 88 0.999003
102 89 0.999024
102 90 0.999048
102 91 0.999076
102 92 0.999108
102 93 0.999142
102 94 0.99918
102 95 0.999221
102 96 0.999264
102 97 0.99931
102 98 0.999358
102 99 0.999408
102 100 0.99946
102 101 0.999514
102 102 0.99957
102 103 0.999628
102 104 0.999687
102 105 0.999748
102 106 0.999811
102 107 0.999874
102 108 0.99994
102 109 1.00001
102 110 1.00008
102 111 1.00015
102 112 1.00022
102 113 1.00029
102 114 1.00036
102 115 1.00044
102 116 1.00051
102 117 1.00059
102 118 1.00066
102 119 1.00073
102 120 1.0008
102 121 1.00085
102 122 1.0009
102 123 1.00094
102 124 1.00097
102 125 1.00098
102 126 1.00097
102 127 1.00094

103 0 0
103 1 1.00121
103 2 1.00121
103 3 1.00121
103 4 1.00121
103 5 1.00121
103 6 1.00121
103 7 1.00121
103 8 1.00121
103 9 1.00121
103 10 1.00121
103 11 1.0012
103 12 1.0012
103 13 1.0012
103 14 1.0012
103 15 1.0012
103 16 1.0012
103 17 1.0012
103 18 1.00119
103 19 1.00119
103 20 1.00119
103 21 1.00119
103 22 1.00119
103 23 1.00119
103 24 1.00118
103 25 1.00118
103 26 1.00118
103 27 1.00118
103 28 1.00118
103 29 1.00117
103 30 1.00117
103 31 1.00117
103 32 1.00117
103 33 1.00116
103 34 1.00116
103 35 1.00116
103 36 1.00115
103 37 1.00115
103 38 1.00114
103 39 1.00113
103 40 1.00113
103 41 1.00112
103 42 1.0011
103 43 1.00109
103 44 1.00108
103 45 1.00106
103 46 1.00104
103 47 1.00102
103 48 1.00099
103 49 1.00096
103 50 1.00093
103 51 1.00089
103 52 1.00085
103 53 1.00081
103 54 1.00076
103 55 1.0007
103 56 1.00064
103 57 1.00058
103 58 1.00051
103 59 1.00044
103 60 1.00037
103 61 1.00029
103 62 1.00021
103 63 1.00013
103 64 1.00005
103 65 0.999964
103 66 0.999882
103 67 0.999801
103 68 0.999721
103 69 0.999644
103 70 0.999571
103 71 0.9995
103 72 0.999434
103 73 0.999372
103 74 0.999315
103 75 0.999262
103 76 0.999215
103 77 0.999174
103 78 0.999138
103 79 0.999107
103 80 0.999082
103 81 0.999062
103 82 0.999048
103 83 0.999039
103 84 0.999035
103 85 0.999037
103 86 0.999043
103 87 0.999053
103 88 0.999069
103 89 0.999088
103 90 0.999112
103 91 0.999139
103 92 0.99917
103 93 0.999205
103 94 0.999243
103 95 0.999284
103 96 0.999329
103 97 0.999376
103 98 0.999425
103 99 0.999477
103 100 0.999531
103 101 0.999588
103 102 0.999647
103 103 0.999708
103 104 0.999771
103 105 0.999836
103 106 0.999903
103 107 0.999972
103 108 1.00004
103 109 1.00012
103 110 1.00019
103 111 1.00027
103 112 1.00035
103 113 1.00043
103 114 1.00051
103 115 1.00059
103 116 1.00068
103 117 1.00076
103 118 1.00084
103 119 1.00092
103 120 1.00099
103 121 1.00105
103 122 1.00111
103 123 1.00115
103 124 1.00118
103 125 1.00119
103 126 1.00118
103 127 1.00115

104 0 0
104 1 1.00122
104 2 1.00122
104 3 1.00122
104 4 1.00122
104 5 1.00122
104 6 1.00122
104 7 1.00121
104 8 1.00121
104 9 1.00121
104 10 1.00121
104 11 1.00121
104 12 1.00121
104 13 1.00121
104 14 1.00121
104 15 1.0012
104 16 1.0012
104 17 1.0012
104 18 1.0012
104 19 1.0012
104 20 1.0012
104 21 1.0012
104 22 1.00119
104 23 1.00119
104 24 1.00119
104 25 1.00119
104 26 1.00119
104 27 1.00118
104 28 1.00118
104 29 1.00118
104 30 1.00118
104 31 1.00117
104 32 1.00117
104 33 1.00117
104 34 1.00117
104 35 1.00116
104 36 1.00116
104 37 1.00115
104 38 1.00115
104 39 1.00114
104 40 1.00113
104 41 1.00112
104 42 1.00112
104 43 1.0011
104 44 1.00109
104 45 1.00108
104 46 1.00106
104 47 1.00104
104 48 1.00101
104 49 1.00099
104 50 1.00096
104 51 1.00093
104 52 1.00089
104 53 1.00085
104 54 1.0008
104 55 1.00075
104 56 1.0007
104 57 1.00064
104 58 1.00058
104 59 1.00051
104 60 1.00044
104 61 1.00037
104 62 1.00029
104 63 1.00022
104 64 1.00014
104 65 1.00006
104 66 0.999977
104 67 0.999897
104 68 0.999819
104 69 0.999743
104 70 0.999669
104 71 0.999599
104 72 0.999532
104 73 0.999469
104 74 0.99941
104 75 0.999356
104 76 0.999307
104 77 0.999263
104 78 0.999225
104 79 0.999192
104 80 0.999165
104 81 0.999143
104 82 0.999126
104 83 0.999115
104 84 0.99911
104 85 0.999109
104 86 0.999113
104 87 0.999123
104 88 0.999136
104 89 0.999155
104 90 0.999178
104 91 0.999205
104 92 0.999236
104 93 0.99927
104 94 0.999309
104 95 0.99935
104 96 0.999395
104 97 0.999444
104 98 0.999495
104 99 0.999549
104 100 0.999605
104 101 0.999665
104 102 0.999727
104 103 0.999791
104 104 0.999859
104 105 0.999928
104 106 1
104 107 1.00008
104 108 1.00015
104 109 1.00023
104 110 1.00031
104 111 1.0004
104 112 1.00049
104 113 1.00058
104 114 1.00067
104 115 1.00076
104 116 1.00085
104 117 1.00094
104 118 1.00103
104 119 1.00112
104 120 1.0012
104 121 1.00127
104 122 1.00133
104 123 1.00138
104 124 1.00141
104 125 1.00142
104 126 1.00141
104 127 1.00137

105 0 0
105 1 1.00122
105 2 1.00122
105 3 1.00122
105 4 1.00122
105 5 1.00122
105 6 1.00122
105 7 1.00122
105 8 1.00122
105 9 1.00122
105 10 1.00122
105 11 1.00122
105 12 1.00121
105 13 1.00121
105 14 1.00121
105 15 1.00121
105 16 1.00121
105 17 1.00121
105 18 1.00121
105 19 1.0012
105 20 1.0012
105 21 1.0012
105 22 1.0012
105 23 1.0012
105 24 1.00119
105 25 1.00119
105 26 1.00119
105 27 1.00119
105 28 1.00119
105 29 1.00118
105 30 1.00118
105 31 1.00118
105 32 1.00118
105 33 1.00117
105 34 1.00117
105 35 1.00117
105 36 1.00116
105 37 1.00116
105 38 1.00115
105 39 1.00115
105 40 1.00114
105 41 1.00113
105 42 1.00112
105 43 1.00111
105 44 1.0011
105 45 1.00109
105 46 1.00107
105 47 1.00105
105 48 1.00103
105 49 1.00101
105 50 1.00098
105 51 1.00095
105 52 1.00092
105 53 1.00088
105 54 1.00084
105 55 1.0008
105 56 1.00075
105 57 1.0007
105 58 1.00064
105 59 1.00058
105 60 1.00051
105 61 1.00044
105 62 1.00037
105 63 1.0003
105 64 1.00022
105 65 1.00015
105 66 1.00007
105 67 0.999994
105 68 0.999918
105 69 0.999843
105 70 0.99977
105 71 0.999699
105 72 0.999632
105 73 0.999568
105 74 0.999508
105 75 0.999453
105 76 0.999402
105 77 0.999357
105 78 0.999316
105 79 0.999281
105 80 0.999251
105 81 0.999227
105 82 0.999208
105 83 0.999195
105 84 0.999187
105 85 0.999185
105 86 0.999187
105 87 0.999195
105 88 0.999207
105 89 0.999225
105 90 0.999246
105 91 0.999273
105 92 0.999303
105 93 0.999338
105 94 0.999376
105 95 0.999419
105 96 0.999464
105 97 0.999514
105 98 0.999567
105 99 0.999623
105 100 0.999682
105 101 0.999744
105 102 0.99981
105 103 0.999878
105 104 0.99995
105 105 1.00002
105 106 1.0001
105 107 1.00018
105 108 1.00027
105 109 1.00035
105 110 1.00045
105 111 1.00054
105 112 1.00063
105 113 1.00073
105 114 1.00084
105 115 1.00094
105 116 1.00104
105 117 1.00114
105 118 1.00124
105 119 1.00134
105 120 1.00143
105 121 1.00151
105 122 1.00157
105 123 1.00162
105 124 1.00166
105 125 1.00167
105 126 1.00166
105 127 1.00162

106 0 0
106 1 1.00123
106 2 1.00123
106 3 1.00123
106 4 1.00123
106 5 1.00123
106 6 1.00123
106 7 1.00122
106 8 1.00122
106 9 1.00122
106 10 1.00122
106 11 1.00122
106 12 1.00122
106 13 1.00122
106 14 1.00122
106 15 1.00121
106 16 1.00121
106 17 1.00121
106 18 1.00121
106 19 1.00121
106 20 1.00121
106 21 1.00121
106 22 1.0012
106 23 1.0012
106 24 1.0012
106 25 1.0012
106 26 1.0012
106 27 1.00119
106 28 1.00119
106 29 1.00119
106 30 1.00119
106 31 1.00118
106 32 1.00118
106 33 1.00118
106 34 1.00117
106 35 1.00117
106 36 1.00117
106 37 1.00116
106 38 1.00116
106 39 1.00115
106 40 1.00115
106 41 1.00114
106 42 1.00113
106 43 1.00112
106 44 1.00111
106 45 1.0011
106 46 1.00109
106 47 1.00107
106 48 1.00105
106 49 1.00103
106 50 1.00101
106 51 1.00098
106 52 1.00095
106 53 1.00092
106 54 1.00088
106 55 1.00084
106 56 1.0008
106 57 1.00075
106 58 1.00069
106 59 1.00064
106 60 1.00058
106 61 1.00052
106 62 1.00045
106 63 1.00038
106 64 1.00031
106 65 1.00024
106 66 1.00016
106 67 1.00009
106 68 1.00002
106 69 0.999942
106 70 0.999871
106 71 0.999801
106 72 0.999734
106 73 0.99967
106 74 0.999609
106 75 0.999553
106 76 0.999501
106 77 0.999453
106 78 0.999411
106 79 0.999374
106 80 0.999342
106 81 0.999315
106 82 0.999294
106 83 0.999279
106 84 0.999269
106 85 0.999264
106 86 0.999265
106 87 0.99927
106 88 0.999281
106 89 0.999297
106 90 0.999318
106 91 0.999344
106 92 0.999373
106 93 0.999408
106 94 0.999447
106 95 0.999489
106 96 0.999536
106 97 0.999587
106 98 0.999641
106 99 0.9997
106 100 0.999761
106 101 0.999827
106 102 0.999896
106 103 0.999969
106 104 1.00005
106 105 1.00013
106 106 1.00021
106 107 1.0003
106 108 1.00039
106 109 1.00049
106 110 1.00058
106 111 1.00069
106 112 1.00079
106 113 1.0009
106 114 1.00101
106 115 1.00113
106 116 1.00125
106 117 1.00136
106 118 1.00147
106 119 1.00158
106 120 1.00168
106 121 1.00176
106 122 1.00184
106 123 1.0019
106 124 1.00193
106 125 1.00195
106 126 1.00193
106 127 1.00189

107 0 0
107 1 1.00123
107 2 1.00123
107 3 1.00123
107 4 1.00123
107 5 1.00123
107 6 1.00123
107 7 1.00123
107 8 1.00123
107 9 1.00123
107 10 1.00123
107 11 1.00123
107 12 1.00122
107 13 1.00122
107 14 1.00122
107 15 1.00122
107 16 1.00122
107 17 1.00122
107 18 1.00122
107 19 1.00121
107 20 1.00121
107 21 1.00121
107 22 1.00121
107 23 1.00121
107 24 1.0012
107 25 1.0012
107 26 1.0012
107 27 1.0012
107 28 1.00119
107 29 1.00119
107 30 1.00119
107 31 1.00119
107 32 1.00118
107 33 1.00118
107 34 1.00118
107 35 1.00117
107 36 1.00117
107 37 1.00117
107 38 1.00116
107 39 1.00116
107 40 1.00115
107 41 1.00114
107 42 1.00114
107 43 1.00113
107 44 1.00112
107 45 1.00111
107 46 1.0011
107 47 1.00108
107 48 1.00107
107 49 1.00105
107 50 1.00103
107 51 1.001
107 52 1.00098
107 53 1.00095
107 54 1.00091
107 55 1.00088
107 56 1.00084
107 57 1.00079
107 58 1.00075
107 59 1.00069
107 60 1.00064
107 61 1.00058
107 62 1.00052
107 63 1.00046
107 64 1.00039
107 65 1.00032
107 66 1.00025
107 67 1.00018
107 68 1.00011
107 69 1.00004
107 70 0.999971
107 71 0.999902
107 72 0.999836
107 73 0.999772
107 74 0.999712
107 75 0.999655
107 76 0.999602
107 77 0.999553
107 78 0.999509
107 79 0.99947
107 80 0.999436
107 81 0.999407
107 82 0.999384
107 83 0.999366
107 84 0.999354
107 85 0.999347
107 86 0.999346
107 87 0.99935
107 88 0.999359
107 89 0.999373
107 90 0.999393
107 91 0.999418
107 92 0.999447
107 93 0.999481
107 94 0.99952
107 95 0.999563
107 96 0.999611
107 97 0.999663
107 98 0.999719
107 99 0.999779
107 100 0.999844
107 101 0.999913
107 102 0.999986
107 103 1.00006
107 104 1.00015
107 105 1.00023
107 106 1.00032
107 107 1.00042
107 108 1.00052
107 109 1.00062
107 110 1.00073
107 111 1.00085
107 112 1.00096
107 113 1.00108
107 114 1.00121
107 115 1.00134
107 116 1.00147
107 117 1.00159
107 118 1.00172
107 119 1.00184
107 120 1.00195
107 121 1.00205
107 122 1.00213
107 123 1.00219
107 124 1.00223
107 125 1.00225
107 126 1.00224
107 127 1.00219

108 0 0
108 1 1.00124
108 2 1.00124
108 3 1.00124
108 4 1.00124
108 5 1.00124
108 6 1.00123
108 7 1.00123
108 8 1.00123
108 9 1.00123
108 10 1.00123
108 11 1.00123
108 12 1.00123
108 13 1.00123
108 14 1.00123
108 15 1.00122
108 16 1.00122
108 17 1.00122
108 18 1.00122
108 19 1.00122
108 20 1.00122
108 21 1.00121
108 22 1.00121
108 23 1.00121
108 24 1.00121
108 25 1.00121
108 26 1.0012
108 27 1.0012
108 28 1.0012
108 29 1.0012
108 30 1.00119
108 31 1.00119
108 32 1.00119
108 33 1.00118
108 34 1.00118
108 35 1.00118
108 36 1.00117
108 37 1.00117
108 38 1.00117
108 39 1.00116
108 40 1.00116
108 41 1.00115
108 42 1.00114
108 43 1.00113
108 44 1.00113
108 45 1.00112
108 46 1.00111
108 47 1.00109
108 48 1.00108
108 49 1.00106
108 50 1.00104
108 51 1.00102
108 52 1.001
108 53 1.00097
108 54 1.00094
108 55 1.00091
108 56 1.00087
108 57 1.00084
108 58 1.00079
108 59 1.00075
108 60 1.0007
108 61 1.00064
108 62 1.00059
108 63 1.00053
108 64 1.00047
108 65 1.0004
108 66 1.00034
108 67 1.00027
108 68 1.0002
108 69 1.00014
108 70 1.00007
108 71 1
108 72 0.999938
108 73 0.999875
108 74 0.999815
108 75 0.999758
108 76 0.999704
108 77 0.999655
108 78 0.99961
108 79 0.999569
108 80 0.999533
108 81 0.999503
108 82 0.999477
108 83 0.999458
108 84 0.999443
108 85 0.999434
108 86 0.999431
108 87 0.999433
108 88 0.99944
108 89 0.999453
108 90 0.999471
108 91 0.999495
108 92 0.999524
108 93 0.999557
108 94 0.999596
108 95 0.99964
108 96 0.999688
108 97 0.999742
108 98 0.9998
108 99 0.999863
108 100 0.99993
108 101 1
108 102 1.00008
108 103 1.00016
108 104 1.00025
108 105 1.00034
108 106 1.00044
108 107 1.00054
108 108 1.00065
108 109 1.00077
108 110 1.00089
108 111 1.00101
108 112 1.00114
108 113 1.00128
108 114 1.00142
108 115 1.00156
108 116 1.0017
108 117 1.00185
108 118 1.00199
108 119 1.00212
108 120 1.00224
108 121 1.00236
108 122 1.00245
108 123 1.00252
108 124 1.00257
108 125 1.00258
108 126 1.00257
108 127 1.00252

109 0 0
109 1 1.00124
109 2 1.00124
109 3 1.00124
109 4 1.00124
109 5 1.00124
109 6 1.00124
109 7 1.00124
109 8 1.00124
109 9 1.00124
109 10 1.00124
109 11 1.00123
109 12 1.00123
109 13 1.00123
109 14 1.00123
109 15 1.00123
109 16 1.00123
109 17 1.00123
109 18 1.00122
109 19 1.00122
109 20 1.00122
109 21 1.00122
109 22 1.00122
109 23 1.00121
109 24 1.00121
109 25 1.00121
109 26 1.00121
109 27 1.0012
109 28 1.0012
109 29 1.0012
109 30 1.0012
109 31 1.00119
109 32 1.00119
109 33 1.00119
109 34 1.00118
109 35 1.00118
109 36 1.00118
109 37 1.00117
109 38 1.00117
109 39 1.00116
109 40 1.00116
109 41 1.00115
109 42 1.00115
109 43 1.00114
109 44 1.00113
109 45 1.00112
109 46 1.00111
109 47 1.0011
109 48 1.00109
109 49 1.00107
109 50 1.00106
109 51 1.00104
109 52 1.00102
109 53 1.00099
109 54 1.00097
109 55 1.00094
109 56 1.00091
109 57 1.00087
109 58 1.00083
109 59 1.00079
109 60 1.00075
109 61 1.0007
109 62 1.00065
109 63 1.00059
109 64 1.00054
109 65 1.00048
109 66 1.00042
109 67 1.00036
109 68 1.00029
109 69 1.00023
109 70 1.00016
109 71 1.0001
109 72 1.00004
109 73 0.999976
109 74 0.999917
109 75 0.999861
109 76 0.999808
109 77 0.999758
109 78 0.999712
109 79 0.99967
109 80 0.999633
109 81 0.999601
109 82 0.999574
109 83 0.999552
109 84 0.999536
109 85 0.999525
109 86 0.999519
109 87 0.99952
109 88 0.999525
109 89 0.999537
109 90 0.999554
109 91 0.999576
109 92 0.999604
109 93 0.999637
109 94 0.999676
109 95 0.99972
109 96 0.999769
109 97 0.999824
109 98 0.999884
109 99 0.999949
109 100 1.00002
109 101 1.0001
109 102 1.00018
109 103 1.00027
109 104 1.00036
109 105 1.00046
109 106 1.00056
109 107 1.00068
109 108 1.00079
109 109 1.00092
109 110 1.00105
109 111 1.00119
109 112 1.00133
109 113 1.00149
109 114 1.00164
109 115 1.0018
109 116 1.00196
109 117 1.00213
109 118 1.00228
109 119 1.00243
109 120 1.00257
109 121 1.0027
109 122 1.0028
109 123 1.00288
109 124 1.00293
109 125 1.00295
109 126 1.00293
109 127 1.00287

110 0 0
110 1 1.00125
110 2 1.00125
110 3 1.00125
110 4 1.00124
110 5 1.00124
110 6 1.00124
110 7 1.00124
110 8 1.00124
110 9 1.00124
110 10 1.00124
110 11 1.00124
110 12 1.00124
110 13 1.00124
110 14 1.00123
110 15 1.00123
110 16 1.00123
110 17 1.00123
110 18 1.00123
110 19 1.00123
110 20 1.00122
110 21 1.00122
110 22 1.00122
110 23 1.00122
110 24 1.00121
110 25 1.00121
110 26 1.00121
110 27 1.00121
110 28 1.0012
110 29 1.0012
110 30 1.0012
110 31 1.0012
110 32 1.00119
110 33 1.00119
110 34 1.00119
110 35 1.00118
110 36 1.00118
110 37 1.00117
110 38 1.00117
110 39 1.00117
110 40 1.00116
110 41 1.00115
110 42 1.00115
110 43 1.00114
110 44 1.00113
110 45 1.00113
110 46 1.00112
110 47 1.00111
110 48 1.00109
110 49 1.00108
110 50 1.00107
110 51 1.00105
110 52 1.00103
110 53 1.00101
110 54 1.00099
110 55 1.00096
110 56 1.00093
110 57 1.0009
110 58 1.00087
110 59 1.00083
110 60 1.00079
110 61 1.00075
110 62 1.0007
110 63 1.00065
110 64 1.0006
110 65 1.00055
110 66 1.00049
110 67 1.00043
110 68 1.00037
110 69 1.00031
110 70 1.00025
110 71 1.00019
110 72 1.00013
110 73 1.00007
110 74 1.00002
110 75 0.999962
110 76 0.99991
110 77 0.99986
110 78 0.999814
110 79 0.999772
110 80 0.999734
110 81 0.999701
110 82 0.999673
110 83 0.999649
110 84 0.999631
110 85 0.999619
110 86 0.999611
110 87 0.99961
110 88 0.999614
110 89 0.999624
110 90 0.999639
110 91 0.999661
110 92 0.999688
110 93 0.999721
110 94 0.999759
110 95 0.999804
110 96 0.999854
110 97 0.99991
110 98 0.999972
110 99 1.00004
110 100 1.00011
110 101 1.00019
110 102 1.00028
110 103 1.00037
110 104 1.00047
110 105 1.00058
110 106 1.00069
110 107 1.00081
110 108 1.00094
110 109 1.00108
110 110 1.00122
110 111 1.00138
110 112 1.00154
110 113 1.00171
110 114 1.00187
110 115 1.00206
110 116 1.00224
110 117 1.00241
110 118 1.00259
110 119 1.00277
110 120 1.00292
110 121 1.00306
110 122 1.00318
110 123 1.00328
110 124 1.00333
110 125 1.00335
110 126 1.00333
110 127 1.00327

111 0 0
111 1 1.00125
111 2 1.00125
111 3 1.00125
111 4 1.00125
111 5 1.00125
111 6 1.00125
111 7 1.00125
111 8 1.00125
111 9 1.00124
111 10 1.00124
111 11 1.00124
111 12 1.00124
111 13 1.00124
111 14 1.00124
111 15 1.00124
111 16 1.00123
111 17 1.00123
111 18 1.00123
111 19 1.00123
111 20 1.00123
111 21 1.00123
111 22 1.00122
111 23 1.00122
111 24 1.00122
111 25 1.00122
111 26 1.00121
111 27 1.00121
111 28 1.00121
111 29 1.0012
111 30 1.0012
111 31 1.0012
111 32 1.0012
111 33 1.00119
111 34 1.00119
111 35 1.00118
111 36 1.00118
111 37 1.00118
111 38 1.00117
111 39 1.00117
111 40 1.00116
111 41 1.00116
111 42 1.00115
111 43 1.00114
111 44 1.00114
111 45 1.00113
111 46 1.00112
111 47 1.00111
111 48 1.0011
111 49 1.00109
111 50 1.00107
111 51 1.00106
111 52 1.00104
111 53 1.00102
111 54 1.001
111 55 1.00098
111 56 1.00095
111 57 1.00093
111 58 1.0009
111 59 1.00086
111 60 1.00083
111 61 1.00079
111 62 1.00075
111 63 1.0007
111 64 1.00066
111 65 1.00061
111 66 1.00056
111 67 1.0005
111 68 1.00045
111 69 1.00039
111 70 1.00034
111 71 1.00028
111 72 1.00022
111 73 1.00017
111 74 1.00011
111 75 1.00006
111 76 1.00001
111 77 0.999961
111 78 0.999915
111 79 0.999874
111 80 0.999836
111 81 0.999802
111 82 0.999772
111 83 0.999748
111 84 0.999729
111 85 0.999715
111 86 0.999706
111 87 0.999703
111 88 0.999706
111 89 0.999714
111 90 0.999729
111 91 0.999749
111 92 0.999775
111 93 0.999808
111 94 0.999846
111 95 0.999891
111 96 0.999942
111 97 0.999999
111 98 1.00006
111 99 1.00013
111 100 1.00021
111 101 1.00029
111 102 1.00038
111 103 1.00048
111 104 1.00059
111 105 1.0007
111 106 1.00083
111 107 1.00096
111 108 1.0011
111 109 1.00125
111 110 1.00141
111 111 1.00158
111 112 1.00175
111 113 1.00193
111 114 1.00214
111 115 1.00234
111 116 1.00253
111 117 1.00273
111 118 1.00295
111 119 1.00313
111 120 1.0033
111 121 1.00347
111 122 1.00361
111 123 1.0037
111 124 1.00377
111 125 1.0038
111 126 1.00377
111 127 1.0037

112 0 0
112 1 1.00125
112 2 1.00125
112 3 1.00125
112 4 1.00125
112 5 1.00125
112 6 1.00125
112 7 1.00125
112 8 1.00125
112 9 1.00125
112 10 1.00125
112 11 1.00125
112 12 1.00124
112 13 1.00124
112 14 1.00124
112 15 1.00124
112 16 1.00124
112 17 1.00124
112 18 1.00123
112 19 1.00123
112 20 1.00123
112 21 1.00123
112 22 1.00123
112 23 1.00122
112 24 1.00122
112 25 1.00122
112 26 1.00122
112 27 1.00121
112 28 1.00121
112 29 1.00121
112 30 1.0012
112 31 1.0012
112 32 1.0012
112 33 1.00119
112 34 1.00119
112 35 1.00119
112 36 1.00118
112 37 1.00118
112 38 1.00117
112 39 1.00117
112 40 1.00116
112 41 1.00116
112 42 1.00115
112 43 1.00115
112 44 1.00114
112 45 1.00113
112 46 1.00112
112 47 1.00111
112 48 1.0011
112 49 1.00109
112 50 1.00108
112 51 1.00107
112 52 1.00105
112 53 1.00103
112 54 1.00101
112 55 1.00099
112 56 1.00097
112 57 1.00095
112 58 1.00092
112 59 1.00089
112 60 1.00086
112 61 1.00082
112 62 1.00079
112 63 1.00075
112 64 1.0007
112 65 1.00066
112 66 1.00061
112 67 1.00057
112 68 1.00052
112 69 1.00046
112 70 1.00041
112 71 1.00036
112 72 1.00031
112 73 1.00025
112 74 1.0002
112 75 1.00015
112 76 1.0001
112 77 1.00006
112 78 1.00001
112 79 0.999972
112 80 0.999935
112 81 0.999901
112 82 0.999872
112 83 0.999847
112 84 0.999827
112 85 0.999812
112 86 0.999802
112 87 0.999798
112 88 0.999799
112 89 0.999807
112 90 0.99982
112 91 0.99984
112 92 0.999866
112 93 0.999898
112 94 0.999936
112 95 0.999982
112 96 1.00003
112 97 1.00009
112 98 1.00016
112 99 1.00023
112 100 1.00031
112 101 1.0004
112 102 1.0005
112 103 1.0006
112 104 1.00071
112 105 1.00083
112 106 1.00097
112 107 1.00111
112 108 1.00126
112 109 1.00142
112 110 1.0016
112 111 1.00178
112 112 1.00197
112 113 1.00219
112 114 1.00241
112 115 1.00261
112 116 1.00284
112 117 1.00309
112 118 1.00331
112 119 1.0035
112 120 1.00373
112 121 1.00392
112 122 1.00406
112 123 1.00417
112 124 1.00426
112 125 1.00428
112 126 1.00426
112 127 1.00417

113 0 0
113 1 1.00126
113 2 1.00126
113 3 1.00126
113 4 1.00126
113 5 1.00125
113 6 1.00125
113 7 1.00125
113 8 1.00125
113 9 1.00125
113 10 1.00125
113 11 1.00125
113 12 1.00125
113 13 1.00125
113 14 1.00125
113 15 1.00124
113 16 1.00124
113 17 1.00124
113 18 1.00124
113 19 1.00124
113 20 1.00123
113 21 1.00123
113 22 1.00123
113 23 1.00123
113 24 1.00122
113 25 1.00122
113 26 1.00122
113 27 1.00122
113 28 1.00121
113 29 1.00121
113 30 1.00121
113 31 1.0012
113 32 1.0012
113 33 1.0012
113 34 1.00119
113 35 1.00119
113 36 1.00118
113 37 1.00118
113 38 1.00117
113 39 1.00117
113 40 1.00116
113 41 1.00116
113 42 1.00115
113 43 1.00115
113 44 1.00114
113 45 1.00113
113 46 1.00112
113 47 1.00111
113 48 1.0011
113 49 1.00109
113 50 1.00108
113 51 1.00107
113 52 1.00105
113 53 1.00104
113 54 1.00102
113 55 1.001
113 56 1.00098
113 57 1.00096
113 58 1.00094
113 59 1.00091
113 60 1.00088
113 61 1.00085
113 62 1.00082
113 63 1.00078
113 64 1.00074
113 65 1.0007
113 66 1.00066
113 67 1.00062
113 68 1.00057
113 69 1.00053
113 70 1.00048
113 71 1.00043
113 72 1.00038
113 73 1.00033
113 74 1.00029
113 75 1.00024
113 76 1.00019
113 77 1.00015
113 78 1.00011
113 79 1.00007
113 80 1.00003
113 81 0.999997
113 82 0.999968
113 83 0.999943
113 84 0.999923
113 85 0.999908
113 86 0.999898
113 87 0.999893
113 88 0.999894
113 89 0.999901
113 90 0.999913
113 91 0.999932
113 92 0.999958
113 93 0.99999
113 94 1.00003
113 95 1.00007
113 96 1.00013
113 97 1.00019
113 98 1.00026
113 99 1.00033
113 100 1.00041
113 101 1.00051
113 102 1.00061
113 103 1.00072
113 104 1.00084
113 105 1.00097
113 106 1.00111
113 107 1.00126
113 108 1.00143
113 109 1.00161
113 110 1.00179
113 111 1.00199
113 112 1.00222
113 113 1.00245
113 114 1.00267
113 115 1.00292
113 116 1.0032
113 117 1.00345
113 118 1.00367
113 119 1.00395
113 120 1.00421
113 121 1.00437
113 122 1.00455
113 123 1.00472
113 124 1.0048
113 125 1.00481
113 126 1.00479
113 127 1.00471

114 0 0
114 1 1.00126
114 2 1.00126
114 3 1.00126
114 4 1.00126
114 5 1.00126
114 6 1.00126
114 7 1.00126
114 8 1.00126
114 9 1.00125
114 10 1.00125
114 11 1.00125
114 12 1.00125
114 13 1.00125
114 14 1.00125
114 15 1.00125
114 16 1.00124
114 17 1.00124
114 18 1.00124
114 19 1.00124
114 20 1.00124
114 21 1.00123
114 22 1.00123
114 23 1.00123
114 24 1.00123
114 25 1.00122
114 26 1.00122
114 27 1.00122
114 28 1.00121
114 29 1.00121
114 30 1.00121
114 31 1.0012
114 32 1.0012
114 33 1.0012
114 34 1.00119
114 35 1.00119
114 36 1.00118
114 37 1.00118
114 38 1.00117
114 39 1.00117
114 40 1.00116
114 41 1.00116
114 42 1.00115
114 43 1.00114
114 44 1.00114
114 45 1.00113
114 46 1.00112
114 47 1.00111
114 48 1.0011
114 49 1.00109
114 50 1.00108
114 51 1.00107
114 52 1.00106
114 53 1.00104
114 54 1.00103
114 55 1.00101
114 56 1.00099
114 57 1.00097
114 58 1.00095
114 59 1.00092
114 60 1.0009
114 61 1.00087
114 62 1.00084
114 63 1.00081
114 64 1.00077
114 65 1.00074
114 66 1.0007
114 67 1.00066
114 68 1.00062
114 69 1.00058
114 70 1.00054
114 71 1.00049
114 72 1.00045
114 73 1.0004
114 74 1.00036
114 75 1.00031
114 76 1.00027
114 77 1.00023
114 78 1.00019
114 79 1.00015
114 80 1.00012
114 81 1.00009
114 82 1.00006
114 83 1.00004
114 84 1.00002
114 85 1
114 86 0.999991
114 87 0.999987
114 88 0.999987
114 89 0.999994
114 90 1.00001
114 91 1.00003
114 92 1.00005
114 93 1.00008
114 94 1.00012
114 95 1.00017
114 96 1.00022
114 97 1.00029
114 98 1.00036
114 99 1.00043
114 100 1.00052
114 101 1.00062
114 102 1.00072
114 103 1.00084
114 104 1.00097
114 105 1.00111
114 106 1.00126
114 107 1.00142
114 108 1.0016
114 109 1.00179
114 110 1.00199
114 111 1.00223
114 112 1.00246
114 113 1.0027
114 114 1.00296
114 115 1.00327
114 116 1.00354
114 117 1.00379
114 118 1.00413
114 119 1.00444
114 120 1.00464
114 121 1.00489
114 122 1.00515
114 123 1.00528
114 124 1.00537
114 125 1.00542
114 126 1.00539
114 127 1.00529

115 0 0
115 1 1.00126
115 2 1.00126
115 3 1.00126
115 4 1.00126
115 5 1.00126
115 6 1.00126
115 7 1.00126
115 8 1.00126
115 9 1.00126
115 10 1.00126
115 11 1.00126
115 12 1.00125
115 13 1.00125
115 14 1.00125
115 15 1.00125
115 16 1.00125
115 17 1.00125
115 18 1.00124
115 19 1.00124
115 20 1.00124
115 21 1.00124
115 22 1.00123
115 23 1.00123
115 24 1.00123
115 25 1.00123
115 26 1.00122
115 27 1.00122
115 28 1.00122
115 29 1.00121
115 30 1.00121
115 31 1.00121
115 32 1.0012
115 33 1.0012
115 34 1.00119
115 35 1.00119
115 36 1.00118
115 37 1.00118
115 38 1.00117
115 39 1.00117
115 40 1.00116
115 41 1.00116
115 42 1.00115
115 43 1.00114
115 44 1.00114
115 45 1.00113
115 46 1.00112
115 47 1.00111
115 48 1.0011
115 49 1.00109
115 50 1.00108
115 51 1.00107
115 52 1.00106
115 53 1.00104
115 54 1.00103
115 55 1.00101
115 56 1.00099
115 57 1.00098
115 58 1.00096
115 59 1.00093
115 60 1.00091
115 61 1.00088
115 62 1.00086
115 63 1.00083
115 64 1.0008
115 65 1.00077
115 66 1.00073
115 67 1.0007
115 68 1.00066
115 69 1.00062
115 70 1.00058
115 71 1.00054
115 72 1.0005
115 73 1.00046
115 74 1.00042
115 75 1.00038
115 76 1.00034
115 77 1.0003
115 78 1.00027
115 79 1.00023
115 80 1.0002
115 81 1.00017
115 82 1.00014
115 83 1.00012
115 84 1.0001
115 85 1.00009
115 86 1.00008
115 87 1.00008
115 88 1.00008
115 89 1.00008
115 90 1.0001
115 91 1.00012
115 92 1.00014
115 93 1.00018
115 94 1.00022
115 95 1.00026
115 96 1.00032
115 97 1.00038
115 98 1.00046
115 99 1.00054
115 100 1.00063
115 101 1.00073
115 102 1.00084
115 103 1.00096
115 104 1.0011
115 105 1.00125
115 106 1.00141
115 107 1.00159
115 108 1.00177
115 109 1.00198
115 110 1.00221
115 111 1.00245
115 112 1.00269
115 113 1.00298
115 114 1.0033
115 115 1.00359
115 116 1.00386
115 117 1.00424
115 118 1.00462
115 119 1.00485
115 120 1.00515
115 121 1.00554
115 122 1.00575
115 123 1.00586
115 124 1.00602
115 125 1.00611
115 126 1.00607
115 127 1.00593

116 0 0
116 1 1.00126
116 2 1.00126
116 3 1.00126
116 4 1.00126
116 5 1.00126
116 6 1.00126
116 7 1.00126
116 8 1.00126
116 9 1.00126
116 10 1.00126
116 11 1.00126
116 12 1.00126
116 13 1.00126
116 14 1.00125
116 15 1.00125
116 16 1.00125
116 17 1.00125
116 18 1.00125
116 19 1.00124
116 20 1.00124
116 21 1.00124
116 22 1.00124
116 23 1.00123
116 24 1.00123
116 25 1.00123
116 26 1.00122
116 27 1.00122
116 28 1.00122
116 29 1.00121
116 30 1.00121
116 31 1.00121
116 32 1.0012
116 33 1.0012
116 34 1.00119
116 35 1.00119
116 36 1.00118
116 37 1.00118
116 38 1.00117
116 39 1.00117
116 40 1.00116
116 41 1.00116
116 42 1.00115
116 43 1.00114
116 44 1.00113
116 45 1.00113
116 46 1.00112
116 47 1.00111
116 48 1.0011
116 49 1.00109
116 50 1.00108
116 51 1.00107
116 52 1.00106
116 53 1.00104
116 54 1.00103
116 55 1.00101
116 56 1.001
116 57 1.00098
116 58 1.00096
116 59 1.00094
116 60 1.00092
116 61 1.00089
116 62 1.00087
116 63 1.00084
116 64 1.00081
116 65 1.00078
116 66 1.00075
116 67 1.00072
116 68 1.00069
116 69 1.00065
116 70 1.00062
116 71 1.00058
116 72 1.00055
116 73 1.00051
116 74 1.00047
116 75 1.00044
116 76 1.0004
116 77 1.00036
116 78 1.00033
116 79 1.0003
116 80 1.00027
116 81 1.00024
116 82 1.00022
116 83 1.0002
116 84 1.00018
116 85 1.00017
116 86 1.00016
116 87 1.00016
116 88 1.00016
116 89 1.00017
116 90 1.00018
116 91 1.0002
116 92 1.00023
116 93 1.00026
116 94 1.00031
116 95 1.00035
116 96 1.00041
116 97 1.00048
116 98 1.00055
116 99 1.00064
116 100 1.00073
116 101 1.00084
116 102 1.00096
116 103 1.00109
116 104 1.00123
116 105 1.00139
116 106 1.00156
116 107 1.00174
116 108 1.00195
116 109 1.00218
116 110 1.00241
116 111 1.00266
116 112 1.00296
116 113 1.00328
116 114 1.00358
116 115 1.00389
116 116 1.0043
116 117 1.00471
116 118 1.00498
116 119 1.00535
116 120 1.00586
116 121 1.00611
116 122 1.00628
116 123 1.00664
116 124 1.00683
116 125 1.0068
116 126 1.0068
116 127 1.00666

117 0 0
117 1 1.00127
117 2 1.00127
117 3 1.00127
117 4 1.00127
117 5 1.00127
117 6 1.00127
117 7 1.00126
117 8 1.00126
117 9 1.00126
117 10 1.00126
117 11 1.00126
117 12 1.00126
117 13 1.00126
117 14 1.00126
117 15 1.00125
117 16 1.00125
117 17 1.00125
117 18 1.00125
117 19 1.00125
117 20 1.00124
117 21 1.00124
117 22 1.00124
117 23 1.00124
117 24 1.00123
117 25 1.00123
117 26 1.00123
117 27 1.00122
117 28 1.00122
117 29 1.00122
117 30 1.00121
117 31 1.00121
117 32 1.0012
117 33 1.0012
117 34 1.00119
117 35 1.00119
117 36 1.00118
117 37 1.00118
117 38 1.00117
117 39 1.00117
117 40 1.00116
117 41 1.00115
117 42 1.00115
117 43 1.00114
117 44 1.00113
117 45 1.00112
117 46 1.00112
117 47 1.00111
117 48 1.0011
117 49 1.00109
117 50 1.00108
117 51 1.00106
117 52 1.00105
117 53 1.00104
117 54 1.00102
117 55 1.00101
117 56 1.00099
117 57 1.00098
117 58 1.00096
117 59 1.00094
117 60 1.00092
117 61 1.0009
117 62 1.00087
117 63 1.00085
117 64 1.00082
117 65 1.0008
117 66 1.00077
117 67 1.00074
117 68 1.00071
117 69 1.00068
117 70 1.00064
117 71 1.00061
117 72 1.00058
117 73 1.00054
117 74 1.00051
117 75 1.00048
117 76 1.00045
117 77 1.00041
117 78 1.00038
117 79 1.00036
117 80 1.00033
117 81 1.0003
117 82 1.00028
117 83 1.00027
117 84 1.00025
117 85 1.00024
117 86 1.00023
117 87 1.00023
117 88 1.00024
117 89 1.00025
117 90 1.00026
117 91 1.00028
117 92 1.00031
117 93 1.00035
117 94 1.00039
117 95 1.00044
117 96 1.0005
117 97 1.00057
117 98 1.00065
117 99 1.00074
117 100 1.00084
117 101 1.00095
117 102 1.00107
117 103 1.00121
117 104 1.00136
117 105 1.00152
117 106 1.0017
117 107 1.0019
117 108 1.00213
117 109 1.00236
117 110 1.00261
117 111 1.00291
117 112 1.00323
117 113 1.00353
117 114 1.00386
117 115 1.0043
117 116 1.00473
117 117 1.00504
117 118 1.00545
117 119 1.00605
117 120 1.00643
117 121 1.00661
117 122 1.00711
117 123 1.00751
117 124 1.00757
117 125 1.0076
117 126 1.00763
117 127 1.00756

118 0 0
118 1 1.00127
118 2 1.00127
118 3 1.00127
118 4 1.00127
118 5 1.00127
118 6 1.00127
118 7 1.00127
118 8 1.00127
118 9 1.00127
118 10 1.00126
118 11 1.00126
118 12 1.00126
118 13 1.00126
118 14 1.00126
118 15 1.00126
118 16 1.00126
118 17 1.00125
118 18 1.00125
118 19 1.00125
118 20 1.00125
118 21 1.00124
118 22 1.00124
118 23 1.00124
118 24 1.00123
118 25 1.00123
118 26 1.00123
118 27 1.00122
118 28 1.00122
118 29 1.00122
118 30 1.00121
118 31 1.00121
118 32 1.0012
118 33 1.0012
118 34 1.00119
118 35 1.00119
118 36 1.00118
118 37 1.00118
118 38 1.00117
118 39 1.00117
118 40 1.00116
118 41 1.00115
118 42 1.00115
118 43 1.00114
118 44 1.00113
118 45 1.00112
118 46 1.00111
118 47 1.0011
118 48 1.00109
118 49 1.00108
118 50 1.00107
118 51 1.00106
118 52 1.00105
118 53 1.00103
118 54 1.00102
118 55 1.00101
118 56 1.00099
118 57 1.00097
118 58 1.00095
118 59 1.00094
118 60 1.00092
118 61 1.00089
118 62 1.00087
118 63 1.00085
118 64 1.00083
118 65 1.0008
118 66 1.00077
118 67 1.00075
118 68 1.00072
118 69 1.00069
118 70 1.00066
118 71 1.00063
118 72 1.0006
118 73 1.00057
118 74 1.00054
118 75 1.00051
118 76 1.00048
118 77 1.00045
118 78 1.00042
118 79 1.0004
118 80 1.00037
118 81 1.00035
118 82 1.00033
118 83 1.00032
118 84 1.00031
118 85 1.0003
118 86 1.00029
118 87 1.00029
118 88 1.0003
118 89 1.00031
118 90 1.00033
118 91 1.00035
118 92 1.00038
118 93 1.00042
118 94 1.00046
118 95 1.00052
118 96 1.00058
118 97 1.00065
118 98 1.00073
118 99 1.00083
118 100 1.00093
118 101 1.00104
118 102 1.00117
118 103 1.00132
118 104 1.00147
118 105 1.00165
118 106 1.00184
118 107 1.00206
118 108 1.00228
118 109 1.00253
118 110 1.00283
118 111 1.00313
118 112 1.00344
118 113 1.00379
118 114 1.00424
118 115 1.00465
118 116 1.00499
118 117 1.00549
118 118 1.00616
118 119 1.00655
118 120 1.00678
118 121 1.00754
118 122 1.00819
118 123 1.00808
118 124 1.00834
118 125 1.00881
118 126 1.00866
118 127 1.00834

119 0 0
119 1 1.00127
119 2 1.00127
119 3 1.00127
119 4 1.00127
119 5 1.00127
119 6 1.00127
119 7 1.00127
119 8 1.00127
119 9 1.00127
119 10 1.00127
119 11 1.00127
119 12 1.00126
119 13 1.00126
119 14 1.00126
119 15 1.00126
119 16 1.00126
119 17 1.00126
119 18 1.00125
119 19 1.00125
119 20 1.00125
119 21 1.00125
119 22 1.00124
119 23 1.00124
119 24 1.00124
119 25 1.00123
119 26 1.00123
119 27 1.00123
119 28 1.00122
119 29 1.00122
119 30 1.00121
119 31 1.00121
119 32 1.0012
119 33 1.0012
119 34 1.00119
119 35 1.00119
119 36 1.00118
119 37 1.00118
119 38 1.00117
119 39 1.00116
119 40 1.00116
119 41 1.00115
119 42 1.00114
119 43 1.00114
119 44 1.00113
119 45 1.00112
119 46 1.00111
119 47 1.0011
119 48 1.00109
119 49 1.00108
119 50 1.00107
119 51 1.00105
119 52 1.00104
119 53 1.00103
119 54 1.00101
119 55 1.001
119 56 1.00098
119 57 1.00097
119 58 1.00095
119 59 1.00093
119 60 1.00091
119 61 1.00089
119 62 1.00087
119 63 1.00085
119 64 1.00082
119 65 1.0008
119 66 1.00077
119 67 1.00075
119 68 1.00072
119 69 1.00069
119 70 1.00067
119 71 1.00064
119 72 1.00061
119 73 1.00058
119 74 1.00055
119 75 1.00053
119 76 1.0005
119 77 1.00047
119 78 1.00045
119 79 1.00043
119 80 1.00041
119 81 1.00039
119 82 1.00037
119 83 1.00036
119 84 1.00035
119 85 1.00034
119 86 1.00034
119 87 1.00034
119 88 1.00035
119 89 1.00036
119 90 1.00038
119 91 1.00041
119 92 1.00044
119 93 1.00048
119 94 1.00053
119 95 1.00058
119 96 1.00065
119 97 1.00072
119 98 1.00081
119 99 1.0009
119 100 1.00101
119 101 1.00113
119 102 1.00127
119 103 1.00142
119 104 1.00158
119 105 1.00177
119 106 1.00197
119 107 1.00219
119 108 1.00243
119 109 1.00271
119 110 1.00301
119 111 1.00331
119 112 1.00368
119 113 1.0041
119 114 1.00451
119 115 1.0049
119 116 1.00543
119 117 1.00609
119 118 1.00654
119 119 1.00692
119 120 1.00772
119 121 1.00854
119 122 1.00862
119 123 1.009
119 124 1.00976
119 125 1.0098
119 126 1.00974
119 127 1.00933

120 0 0
120 1 1.00127
120 2 1.00127
120 3 1.00127
120 4 1.00127
120 5 1.00127
120 6 1.00127
120 7 1.00127
120 8 1.00127
120 9 1.00127
120 10 1.00127
120 11 1.00127
120 12 1.00127
120 13 1.00126
120 14 1.00126
120 15 1.00126
120 16 1.00126
120 17 1.00126
120 18 1.00125
120 19 1.00125
120 20 1.00125
120 21 1.00125
120 22 1.00124
120 23 1.00124
120 24 1.00124
120 25 1.00123
120 26 1.00123
120 27 1.00123
120 28 1.00122
120 29 1.00122
120 30 1.00121
120 31 1.00121
120 32 1.0012
120 33 1.0012
120 34 1.00119
120 35 1.00119
120 36 1.00118
120 37 1.00118
120 38 1.00117
120 39 1.00116
120 40 1.00116
120 41 1.00115
120 42 1.00114
120 43 1.00113
120 44 1.00112
120 45 1.00111
120 46 1.00111
120 47 1.0011
120 48 1.00108
120 49 1.00107
120 50 1.00106
120 51 1.00105
120 52 1.00104
120 53 1.00102
120 54 1.00101
120 55 1.00099
120 56 1.00098
120 57 1.00096
120 58 1.00094
120 59 1.00092
120 60 1.0009
120 61 1.00088
120 62 1.00086
120 63 1.00084
120 64 1.00082
120 65 1.00079
120 66 1.00077
120 67 1.00074
120 68 1.00072
120 69 1.00069
120 70 1.00067
120 71 1.00064
120 72 1.00061
120 73 1.00059
120 74 1.00056
120 75 1.00053
120 76 1.00051
120 77 1.00049
120 78 1.00046
120 79 1.00044
120 80 1.00042
120 81 1.00041
120 82 1.00039
120 83 1.00038
120 84 1.00037
120 85 1.00037
120 86 1.00037
120 87 1.00038
120 88 1.00039
120 89 1.0004
120 90 1.00042
120 91 1.00045
120 92 1.00048
120 93 1.00053
120 94 1.00058
120 95 1.00063
120 96 1.0007
120 97 1.00078
120 98 1.00087
120 99 1.00097
120 100 1.00108
120 101 1.0012
120 102 1.00134
120 103 1.0015
120 104 1.00167
120 105 1.00186
120 106 1.00207
120 107 1.00231
120 108 1.00257
120 109 1.00285
120 110 1.00315
120 111 1.00351
120 112 1.00391
120 113 1.0043
120 114 1.00471
120 115 1.00528
120 116 1.00592
120 117 1.00635
120 118 1.00682
120 119 1.00783
120 120 1.00877
120 121 1.00877
120 122 1.00918
120 123 1.01097
120 124 1.01119
120 125 1.01036
120 126 1.01089
120 127 1.01122

121 0 0
121 1 1.00128
121 2 1.00128
121 3 1.00128
121 4 1.00127
121 5 1.00127
121 6 1.00127
121 7 1.00127
121 8 1.00127
121 9 1.00127
121 10 1.00127
121 11 1.00127
121 12 1.00127
121 13 1.00127
121 14 1.00126
121 15 1.00126
121 16 1.00126
121 17 1.00126
121 18 1.00126
121 19 1.00125
121 20 1.00125
121 21 1.00125
121 22 1.00125
121 23 1.00124
121 24 1.00124
121 25 1.00124
121 26 1.00123
121 27 1.00123
121 28 1.00122
121 29 1.00122
121 30 1.00122
121 31 1.00121
121 32 1.00121
121 33 1.0012
121 34 1.00119
121 35 1.00119
121 36 1.00118
121 37 1.00118
121 38 1.00117
121 39 1.00116
121 40 1.00115
121 41 1.00115
121 42 1.00114
121 43 1.00113
121 44 1.00112
121 45 1.00111
121 46 1.0011
121 47 1.00109
121 48 1.00108
121 49 1.00107
121 50 1.00106
121 51 1.00104
121 52 1.00103
121 53 1.00101
121 54 1.001
121 55 1.00098
121 56 1.00097
121 57 1.00095
121 58 1.00093
121 59 1.00091
121 60 1.00089
121 61 1.00087
121 62 1.00085
121 63 1.00083
121 64 1.00081
121 65 1.00078
121 66 1.00076
121 67 1.00073
121 68 1.00071
121 69 1.00068
121 70 1.00066
121 71 1.00063
121 72 1.00061
121 73 1.00058
121 74 1.00056
121 75 1.00053
121 76 1.00051
121 77 1.00049
121 78 1.00047
121 79 1.00045
121 80 1.00043
121 81 1.00042
121 82 1.0004
121 83 1.00039
121 84 1.00039
121 85 1.00039
121 86 1.00039
121 87 1.00039
121 88 1.00041
121 89 1.00042
121 90 1.00045
121 91 1.00047
121 92 1.00051
121 93 1.00055
121 94 1.00061
121 95 1.00067
121 96 1.00074
121 97 1.00082
121 98 1.00091
121 99 1.00101
121 100 1.00113
121 101 1.00126
121 102 1.0014
121 103 1.00156
121 104 1.00174
121 105 1.00194
121 106 1.00216
121 107 1.0024
121 108 1.00267
121 109 1.00296
121 110 1.0033
121 111 1.00367
121 112 1.00404
121 113 1.00448
121 114 1.00503
121 115 1.00557
121 116 1.00605
121 117 1.0067
121 118 1.00766
121 119 1.0084
121 120 1.00879
121 121 1.00976
121 122 1.01145
121 123 1.01161
121 124 1.01121
121 125 1.01296
121 126 1.01284
121 127 1.01233

122 0 0
122 1 1.00128
122 2 1.00128
122 3 1.00128
122 4 1.00128
122 5 1.00128
122 6 1.00128
122 7 1.00127
122 8 1.00127
122 9 1.00127
122 10 1.00127
122 11 1.00127
122 12 1.00127
122 13 1.00127
122 14 1.00127
122 15 1.00126
122 16 1.00126
122 17 1.00126
122 18 1.00126
122 19 1.00126
122 20 1.00125
122 21 1.00125
122 22 1.00125
122 23 1.00124
122 24 1.00124
122 25 1.00124
122 26 1.00123
122 27 1.00123
122 28 1.00122
122 29 1.00122
122 30 1.00122
122 31 1.00121
122 32 1.00121
122 33 1.0012
122 34 1.00119
122 35 1.00119
122 36 1.00118
122 37 1.00118
122 38 1.00117
122 39 1.00116
122 40 1.00115
122 41 1.00115
122 42 1.00114
122 43 1.00113
122 44 1.00112
122 45 1.00111
122 46 1.0011
122 47 1.00109
122 48 1.00107
122 49 1.00106
122 50 1.00105
122 51 1.00104
122 52 1.00102
122 53 1.00101
122 54 1.00099
122 55 1.00098
122 56 1.00096
122 57 1.00094
122 58 1.00092
122 59 1.0009
122 60 1.00088
122 61 1.00086
122 62 1.00084
122 63 1.00082
122 64 1.00079
122 65 1.00077
122 66 1.00075
122 67 1.00072
122 68 1.0007
122 69 1.00067
122 70 1.00065
122 71 1.00062
122 72 1.0006
122 73 1.00057
122 74 1.00055
122 75 1.00052
122 76 1.0005
122 77 1.00048
122 78 1.00046
122 79 1.00044
122 80 1.00043
122 81 1.00041
122 82 1.0004
122 83 1.00039
122 84 1.00039
122 85 1.00039
122 86 1.00039
122 87 1.0004
122 88 1.00041
122 89 1.00043
122 90 1.00045
122 91 1.00048
122 92 1.00052
122 93 1.00057
122 94 1.00062
122 95 1.00068
122 96 1.00076
122 97 1.00084
122 98 1.00093
122 99 1.00104
122 100 1.00116
122 101 1.00129
122 102 1.00144
122 103 1.0016
122 104 1.00179
122 105 1.00199
122 106 1.00222
122 107 1.00247
122 108 1.00274
122 109 1.00306
122 110 1.0034
122 111 1.00376
122 112 1.00418
122 113 1.00468
122 114 1.00519
122 115 1.00567
122 116 1.00633
122 117 1.00724
122 118 1.008
122 119 1.00843
122 120 1.00951
122 121 1.01151
122 122 1.01246
122 123 1.01141
122 124 1.01346
122 125 1.01659
122 126 1.0149
122 127 1.01187

123 0 0
123 1 1.00128
123 2 1.00128
123 3 1.00128
123 4 1.00128
123 5 1.00128
123 6 1.00128
123 7 1.00128
123 8 1.00128
123 9 1.00127
123 10 1.00127
123 11 1.00127
123 12 1.00127
123 13 1.00127
123 14 1.00127
123 15 1.00127
123 16 1.00126
123 17 1.00126
123 18 1.00126
123 19 1.00126
123 20 1.00125
123 21 1.00125
123 22 1.00125
123 23 1.00124
123 24 1.00124
123 25 1.00124
123 26 1.00123
123 27 1.00123
123 28 1.00123
123 29 1.00122
123 30 1.00122
123 31 1.00121
123 32 1.00121
123 33 1.0012
123 34 1.00119
123 35 1.00119
123 36 1.00118
123 37 1.00117
123 38 1.00117
123 39 1.00116
123 40 1.00115
123 41 1.00114
123 42 1.00113
123 43 1.00112
123 44 1.00111
123 45 1.0011
123 46 1.00109
123 47 1.00108
123 48 1.00107
123 49 1.00106
123 50 1.00104
123 51 1.00103
123 52 1.00102
123 53 1.001
123 54 1.00098
123 55 1.00097
123 56 1.00095
123 57 1.00093
123 58 1.00091
123 59 1.00089
123 60 1.00087
123 61 1.00085
123 62 1.00083
123 63 1.0008
123 64 1.00078
123 65 1.00076
123 66 1.00073
123 67 1.00071
123 68 1.00068
123 69 1.00066
123 70 1.00063
123 71 1.00061
123 72 1.00058
123 73 1.00056
123 74 1.00053
123 75 1.00051
123 76 1.00049
123 77 1.00046
123 78 1.00044
123 79 1.00043
123 80 1.00041
123 81 1.0004
123 82 1.00039
123 83 1.00038
123 84 1.00038
123 85 1.00038
123 86 1.00038
123 87 1.00039
123 88 1.0004
123 89 1.00042
123 90 1.00045
123 91 1.00048
123 92 1.00052
123 93 1.00056
123 94 1.00062
123 95 1.00068
123 96 1.00076
123 97 1.00084
123 98 1.00094
123 99 1.00104
123 100 1.00116
123 101 1.0013
123 102 1.00145
123 103 1.00162
123 104 1.00181
123 105 1.00202
123 106 1.00224
123 107 1.0025
123 108 1.00279
123 109 1.0031
123 110 1.00344
123 111 1.00384
123 112 1.00429
123 113 1.00473
123 114 1.00522
123 115 1.00592
123 116 1.00666
123 117 1.00719
123 118 1.00792
123 119 1.0094
123 120 1.01078
123 121 1.01094
123 122 1.01198
123 123 1.01595
123 124 1.01834
123 125 1.0133
123 126 1.01596
123 127 1.02074

124 0 0
124 1 1.00128
124 2 1.00128
124 3 1.00128
124 4 1.00128
124 5 1.00128
124 6 1.00128
124 7 1.00128
124 8 1.00128
124 9 1.00128
124 10 1.00127
124 11 1.00127
124 12 1.00127
124 13 1.00127
124 14 1.00127
124 15 1.00127
124 16 1.00127
124 17 1.00126
124 18 1.00126
124 19 1.00126
124 20 1.00126
124 21 1.00125
124 22 1.00125
124 23 1.00125
124 24 1.00124
124 25 1.00124
124 26 1.00123
124 27 1.00123
124 28 1.00123
124 29 1.00122
124 30 1.00122
124 31 1.00121
124 32 1.00121
124 33 1.0012
124 34 1.00119
124 35 1.00119
124 36 1.00118
124 37 1.00117
124 38 1.00117
124 39 1.00116
124 40 1.00115
124 41 1.00114
124 42 1.00113
124 43 1.00112
124 44 1.00111
124 45 1.0011
124 46 1.00109
124 47 1.00108
124 48 1.00107
124 49 1.00105
124 50 1.00104
124 51 1.00102
124 52 1.00101
124 53 1.00099
124 54 1.00098
124 55 1.00096
124 56 1.00094
124 57 1.00092
124 58 1.0009
124 59 1.00088
124 60 1.00086
124 61 1.00084
124 62 1.00081
124 63 1.00079
124 64 1.00077
124 65 1.00074
124 66 1.00072
124 67 1.00069
124 68 1.00066
124 69 1.00064
124 70 1.00061
124 71 1.00059
124 72 1.00056
124 73 1.00054
124 74 1.00051
124 75 1.00049
124 76 1.00046
124 77 1.00044
124 78 1.00042
124 79 1.00041
124 80 1.00039
124 81 1.00038
124 82 1.00037
124 83 1.00036
124 84 1.00035
124 85 1.00035
124 86 1.00036
124 87 1.00037
124 88 1.00038
124 89 1.0004
124 90 1.00043
124 91 1.00046
124 92 1.0005
124 93 1.00055
124 94 1.0006
124 95 1.00066
124 96 1.00074
124 97 1.00082
124 98 1.00092
124 99 1.00103
124 100 1.00115
124 101 1.00129
124 102 1.00144
124 103 1.00161
124 104 1.0018
124 105 1.00201
124 106 1.00224
124 107 1.0025
124 108 1.00279
124 109 1.00311
124 110 1.00346
124 111 1.00386
124 112 1.00428
124 113 1.00477
124 114 1.00534
124 115 1.00595
124 116 1.00659
124 117 1.00738
124 118 1.00836
124 119 1.00947
124 120 1.01044
124 121 1.0117
124 122 1.01377
124 123 1.01705
124 124 1.01828
124 125 1.01843
124 126 1.0225
124 127 1.02174

125 0 0
125 1 1.00128
125 2 1.00128
125 3 1.00128
125 4 1.00128
125 5 1.00128
125 6 1.00128
125 7 1.00128
125 8 1.00128
125 9 1.00128
125 10 1.00128
125 11 1.00127
125 12 1.00127
125 13 1.00127
125 14 1.00127
125 15 1.00127
125 16 1.00127
125 17 1.00126
125 18 1.00126
125 19 1.00126
125 20 1.00126
125 21 1.00125
125 22 1.00125
125 23 1.00125
125 24 1.00124
125 25 1.00124
125 26 1.00124
125 27 1.00123
125 28 1.00123
125 29 1.00122
125 30 1.00122
125 31 1.00121
125 32 1.00121
125 33 1.0012
125 34 1.00119
125 35 1.00119
125 36 1.00118
125 37 1.00117
125 38 1.00117
125 39 1.00116
125 40 1.00115
125 41 1.00114
125 42 1.00113
125 43 1.00112
125 44 1.00111
125 45 1.0011
125 46 1.00109
125 47 1.00107
125 48 1.00106
125 49 1.00105
125 50 1.00103
125 51 1.00102
125 52 1.001
125 53 1.00099
125 54 1.00097
125 55 1.00095
125 56 1.00093
125 57 1.00091
125 58 1.00089
125 59 1.00087
125 60 1.00085
125 61 1.00082
125 62 1.0008
125 63 1.00078
125 64 1.00075
125 65 1.00073
125 66 1.0007
125 67 1.00067
125 68 1.00065
125 69 1.00062
125 70 1.00059
125 71 1.00057
125 72 1.00054
125 73 1.00051
125 74 1.00049
125 75 1.00046
125 76 1.00044
125 77 1.00042
125 78 1.0004
125 79 1.00038
125 80 1.00036
125 81 1.00035
125 82 1.00034
125 83 1.00033
125 84 1.00033
125 85 1.00033
125 86 1.00033
125 87 1.00034
125 88 1.00035
125 89 1.00037
125 90 1.0004
125 91 1.00043
125 92 1.00047
125 93 1.00051
125 94 1.00057
125 95 1.00063
125 96 1.00071
125 97 1.00079
125 98 1.00089
125 99 1.001
125 100 1.00112
125 101 1.00126
125 102 1.00141
125 103 1.00158
125 104 1.00177
125 105 1.00198
125 106 1.00222
125 107 1.00247
125 108 1.00276
125 109 1.00308
125 110 1.00344
125 111 1.00382
125 112 1.00425
125 113 1.00479
125 114 1.00535
125 115 1.00586
125 116 1.00655
125 117 1.00763
125 118 1.00846
125 119 1.00892
125 120 1.01036
125 121 1.01364
125 122 1.01446
125 123 1.01327
125 124 1.01811
125 125 1.03523
125 126 1.03146
125 127 1.00623

126 0 0
126 1 1.00128
126 2 1.00128
126 3 1.00128
126 4 1.00128
126 5 1.00128
126 6 1.00128
126 7 1.00128
126 8 1.00128
126 9 1.00128
126 10 1.00128
126 11 1.00128
126 12 1.00127
126 13 1.00127
126 14 1.00127
126 15 1.00127
126 16 1.00127
126 17 1.00126
126 18 1.00126
126 19 1.00126
126 20 1.00126
126 21 1.00125
126 22 1.00125
126 23 1.00125
126 24 1.00124
126 25 1.00124
126 26 1.00124
126 27 1.00123
126 28 1.00123
126 29 1.00122
126 30 1.00122
126 31 1.00121
126 32 1.00121
126 33 1.0012
126 34 1.00119
126 35 1.00119
126 36 1.00118
126 37 1.00117
126 38 1.00116
126 39 1.00116
126 40 1.00115
126 41 1.00114
126 42 1.00113
126 43 1.00112
126 44 1.00111
126 45 1.0011
126 46 1.00108
126 47 1.00107
126 48 1.00106
126 49 1.00104
126 50 1.00103
126 51 1.00101
126 52 1.001
126 53 1.00098
126 54 1.00096
126 55 1.00094
126 56 1.00092
126 57 1.0009
126 58 1.00088
126 59 1.00086
126 60 1.00084
126 61 1.00081
126 62 1.00079
126 63 1.00076
126 64 1.00074
126 65 1.00071
126 66 1.00068
126 67 1.00065
126 68 1.00063
126 69 1.0006
126 70 1.00057
126 71 1.00054
126 72 1.00052
126 73 1.00049
126 74 1.00046
126 75 1.00044
126 76 1.00041
126 77 1.00039
126 78 1.00037
126 79 1.00035
126 80 1.00033
126 81 1.00032
126 82 1.00031
126 83 1.0003
126 84 1.00029
126 85 1.00029
126 86 1.00029
126 87 1.0003
126 88 1.00031
126 89 1.00033
126 90 1.00036
126 91 1.00039
126 92 1.00043
126 93 1.00047
126 94 1.00053
126 95 1.00059
126 96 1.00066
126 97 1.00075
126 98 1.00084
126 99 1.00095
126 100 1.00107
126 101 1.0012
126 102 1.00136
126 103 1.00152
126 104 1.00171
126 105 1.00192
126 106 1.00215
126 107 1.00241
126 108 1.0027
126 109 1.00301
126 110 1.00336
126 111 1.00377
126 112 1.00421
126 113 1.00466
126 114 1.00521
126 115 1.00591
126 116 1.00656
126 117 1.00717
126 118 1.00825
126 119 1.00974
126 120 1.01039
126 121 1.01111
126 122 1.01468
126 123 1.01895
126 124 1.01748
126 125 1.02125
126 126 1.03983
126 127 1.06929

127 0 0
127 1 0
127 2 0
127 3 0
127 4 0
127 5 0
127 6 0
127 7 0
127 8 0
127 9 0
127 10 0
127 11 0
127 12 0
127 13 0
127 14 0
127 15 0
127 16 0
127 17 0
127 18 0
127 19 0
127 20 0
127 21 0
127 22 0
127 23 0
127 24 0
127 25 0
127 26 0
127 27 0
127 28 0
127 29 0
127 30 0
127 31 0
127 32 0
127 33 0
127 34 0
127 35 0
127 36 0
127 37 0
127 38 0
127 39 0
127 40 0
127 41 0
127 42 0
127 43 0
127 44 0
127 45 0
127 46 0
127 47 0
127 48 0
127 49 0
127 50 0
127 51 0
127 52 0
127 53 0
127 54 0
127 55 0
127 56 0
127 57 0
127 58 0
127 59 0
127 60 0
127 61 0
127 62 0
127 63 0
127 64 0
127 65 0
127 66 0
127 67 0
127 68 0
127 69 0
127 70 0
127 71 0
127 72 0
127 73 0
127 74 0
127 75 0
127 76 0
127 77 0
127 78 0
127 79 0
127 80 0
127 81 0
127 82 0
127 83 0
127 84 0
127 85 0
127 86 0
127 87 0
127 88 0
127 89 0
127 90 0
127 91 0
127 92 0
127 93 0
127 94 0
127 95 0
127 96 0
127 97 0
127 98 0
127 99 0
127 100 0
127 101 0
127 102 0
127 103 0
127 104 0
127 105 0
127 106 0
127 107 0
127 108 0
127 109 0
127 110 0
127 111 0
127 112 0
127 113 0
127 114 0
127 115 0
127 116 0
127 117 0
127 118 0
127 119 0
127 120 0
127 121 0
127 122 0
127 123 0
127 124 0
127 125 0
127 126 0
127 127 0

