0 0 0
0 1 0
0 2 0
0 3 0
0 4 0
0 5 0
0 6 0
0 7 0
0 8 0
0 9 0
0 10 0
0 11 0
0 12 0
0 13 0
0 14 0
0 15 0
0 16 0
0 17 0
0 18 0
0 19 0
0 20 0
0 21 0
0 22 0
0 23 0
0 24 0
0 25 0
0 26 0
0 27 0
0 28 0
0 29 0
0 30 0
0 31 0
0 32 0
0 33 0
0 34 0
0 35 0
0 36 0
0 37 0
0 38 0
0 39 0
0 40 0
0 41 0
0 42 0
0 43 0
0 44 0
0 45 0
0 46 0
0 47 0
0 48 0
0 49 0
0 50 0
0 51 0
0 52 0
0 53 0
0 54 0
0 55 0
0 56 0
0 57 0
0 58 0
0 59 0
0 60 0
0 61 0
0 62 0
0 63 0
0 64 0
0 65 0
0 66 0
0 67 0
0 68 0
0 69 0
0 70 0
0 71 0
0 72 0
0 73 0
0 74 0
0 75 0
0 76 0
0 77 0
0 78 0
0 79 0
0 80 0
0 81 0
0 82 0
0 83 0
0 84 0
0 85 0
0 86 0
0 87 0
0 88 0
0 89 0
0 90 0
0 91 0
0 92 0
0 93 0
0 94 0
0 95 0
0 96 0
0 97 0
0 98 0
0 99 0
0 100 0
0 101 0
0 102 0
0 103 0
0 104 0
0 105 0
0 106 0
0 107 0
0 108 0
0 109 0
0 110 0
0 111 0
0 112 0
0 113 0
0 114 0
0 115 0
0 116 0
0 117 0
0 118 0
0 119 0
0 120 0
0 121 0
0 122 0
0 123 0
0 124 0
0 125 0
0 126 0
0 127 0

1 0 0
1 1 1.00008
1 2 1.00007
1 3 1.00006
1 4 1.00006
1 5 1.00006
1 6 1.00006
1 7 1.00006
1 8 1.00006
1 9 1.00006
1 10 1.00006
1 11 1.00006
1 12 1.00006
1 13 1.00007
1 14 1.00007
1 15 1.00007
1 16 1.00007
1 17 1.00008
1 18 1.00008
1 19 1.00008
1 20 1.00009
1 21 1.00009
1 22 1.00009
1 23 1.0001
1 24 1.0001
1 25 1.00011
1 26 1.00011
1 27 1.00012
1 28 1.00012
1 29 1.00013
1 30 1.00013
1 31 1.00014
1 32 1.00014
1 33 1.00015
1 34 1.00015
1 35 1.00016
1 36 1.00016
1 37 1.00017
1 38 1.00018
1 39 1.00018
1 40 1.00019
1 41 1.0002
1 42 1.0002
1 43 1.00021
1 44 1.00022
1 45 1.00023
1 46 1.00024
1 47 1.00024
1 48 1.00025
1 49 1.00026
1 50 1.00027
1 51 1.00028
1 52 1.00029
1 53 1.0003
1 54 1.00031
1 55 1.00032
1 56 1.00033
1 57 1.00035
1 58 1.00036
1 59 1.00037
1 60 1.00038
1 61 1.00039
1 62 1.0004
1 63 1.00042
1 64 1.00043
1 65 1.00044
1 66 1.00045
1 67 1.00046
1 68 1.00047
1 69 1.00048
1 70 1.0005
1 71 1.00051
1 72 1.00052
1 73 1.00053
1 74 1.00054
1 75 1.00055
1 76 1.00055
1 77 1.00056
1 78 1.00057
1 79 1.00058
1 80 1.00058
1 81 1.00059
1 82 1.00059
1 83 1.0006
1 84 1.0006
1 85 1.00061
1 86 1.00061
1 87 1.00061
1 88 1.00061
1 89 1.00061
1 90 1.00061
1 91 1.00061
1 92 1.00061
1 93 1.0006
1 94 1.0006
1 95 1.00059
1 96 1.00059
1 97 1.00058
1 98 1.00057
1 99 1.00056
1 100 1.00055
1 101 1.00054
1 102 1.00052
1 103 1.00051
1 104 1.00049
1 105 1.00047
1 106 1.00045
1 107 1.00043
1 108 1.0004
1 109 1.00037
1 110 1.00034
1 111 1.00031
1 112 1.00026
1 113 1.0002
1 114 1.00017
1 115 1.00012
1 116 0.999949
1 117 0.999857
1 118 0.999936
1 119 0.999643
1 120 0.998959
1 121 0.999248
1 122 0.999611
1 123 0.996987
1 124 0.994981
1 125 0.997608
1 126 0.994922
1 127 0.97272

2 0 0
2 1 1.00007
2 2 1.00007
2 3 1.00006
2 4 1.00006
2 5 1.00006
2 6 1.00006
2 7 1.00006
2 8 1.00006
2 9 1.00006
2 10 1.00006
2 11 1.00006
2 12 1.00006
2 13 1.00007
2 14 1.00007
2 15 1.00007
2 16 1.00007
2 17 1.00008
2 18 1.00008
2 19 1.00008
2 20 1.00009
2 21 1.00009
2 22 1.00009
2 23 1.0001
2 24 1.0001
2 25 1.00011
2 26 1.00011
2 27 1.00012
2 28 1.00012
2 29 1.00012
2 30 1.00013
2 31 1.00013
2 32 1.00014
2 33 1.00015
2 34 1.00015
2 35 1.00016
2 36 1.00016
2 37 1.00017
2 38 1.00018
2 39 1.00018
2 40 1.00019
2 41 1.0002
2 42 1.0002
2 43 1.00021
2 44 1.00022
2 45 1.00023
2 46 1.00024
2 47 1.00024
2 48 1.00025
2 49 1.00026
2 50 1.00027
2 51 1.00028
2 52 1.00029
2 53 1.0003
2 54 1.00031
2 55 1.00032
2 56 1.00033
2 57 1.00035
2 58 1.00036
2 59 1.00037
2 60 1.00038
2 61 1.00039
2 62 1.0004
2 63 1.00041
2 64 1.00043
2 65 1.00044
2 66 1.00045
2 67 1.00046
2 68 1.00047
2 69 1.00048
2 70 1.00049
2 71 1.0005
2 72 1.00051
2 73 1.00052
2 74 1.00053
2 75 1.00054
2 76 1.00055
2 77 1.00056
2 78 1.00057
2 79 1.00057
2 80 1.00058
2 81 1.00059
2 82 1.00059
2 83 1.0006
2 84 1.0006
2 85 1.0006
2 86 1.00061
2 87 1.00061
2 88 1.00061
2 89 1.00061
2 90 1.00061
2 91 1.0006
2 92 1.0006
2 93 1.0006
2 94 1.00059
2 95 1.00059
2 96 1.00058
2 97 1.00057
2 98 1.00056
2 99 1.00055
2 100 1.00054
2 101 1.00053
2 102 1.00051
2 103 1.0005
2 104 1.00048
2 105 1.00046
2 106 1.00044
2 107 1.00041
2 108 1.00039
2 109 1.00036
2 110 1.00032
2 111 1.00027
2 112 1.00025
2 113 1.00021
2 114 1.00009
2 115 1.00002
2 116 1.00005
2 117 0.999876
2 118 0.999413
2 119 0.999584
2 120 0.999939
2 121 0.99845
2 122 0.996775
2 123 0.999837
2 124 1.00043
2 125 0.986475
2 126 0.985726
2 127 1.01357

3 0 0
3 1 1.00006
3 2 1.00006
3 3 1.00006
3 4 1.00006
3 5 1.00006
3 6 1.00006
3 7 1.00006
3 8 1.00006
3 9 1.00006
3 10 1.00006
3 11 1.00006
3 12 1.00006
3 13 1.00007
3 14 1.00007
3 15 1.00007
3 16 1.00007
3 17 1.00008
3 18 1.00008
3 19 1.00008
3 20 1.00009
3 21 1.00009
3 22 1.00009
3 23 1.0001
3 24 1.0001
3 25 1.00011
3 26 1.00011
3 27 1.00012
3 28 1.00012
3 29 1.00013
3 30 1.00013
3 31 1.00014
3 32 1.00014
3 33 1.00015
3 34 1.00015
3 35 1.00016
3 36 1.00016
3 37 1.00017
3 38 1.00018
3 39 1.00018
3 40 1.00019
3 41 1.0002
3 42 1.0002
3 43 1.00021
3 44 1.00022
3 45 1.00023
3 46 1.00024
3 47 1.00025
3 48 1.00025
3 49 1.00026
3 50 1.00027
3 51 1.00028
3 52 1.00029
3 53 1.0003
3 54 1.00031
3 55 1.00032
3 56 1.00033
3 57 1.00035
3 58 1.00036
3 59 1.00037
3 60 1.00038
3 61 1.00039
3 62 1.0004
3 63 1.00041
3 64 1.00043
3 65 1.00044
3 66 1.00045
3 67 1.00046
3 68 1.00047
3 69 1.00048
3 70 1.00049
3 71 1.0005
3 72 1.00051
3 73 1.00052
3 74 1.00053
3 75 1.00054
3 76 1.00055
3 77 1.00056
3 78 1.00057
3 79 1.00057
3 80 1.00058
3 81 1.00058
3 82 1.00059
3 83 1.00059
3 84 1.0006
3 85 1.0006
3 86 1.0006
3 87 1.0006
3 88 1.0006
3 89 1.0006
3 90 1.0006
3 91 1.0006
3 92 1.0006
3 93 1.00059
3 94 1.00059
3 95 1.00058
3 96 1.00058
3 97 1.00057
3 98 1.00056
3 99 1.00055
3 100 1.00054
3 101 1.00052
3 102 1.00051
3 103 1.00049
3 104 1.00047
3 105 1.00045
3 106 1.00043
3 107 1.0004
3 108 1.00037
3 109 1.00035
3 110 1.00031
3 111 1.00026
3 112 1.00021
3 113 1.00018
3 114 1.00011
3 115 0.999977
3 116 0.999907
3 117 0.999919
3 118 0.999653
3 119 0.999213
3 120 0.999344
3 121 0.999529
3 122 0.998025
3 123 0.996562
3 124 0.998495
3 125 0.998179
3 126 0.991318
3 127 0.999982

4 0 0
4 1 1.00006
4 2 1.00006
4 3 1.00006
4 4 1.00006
4 5 1.00006
4 6 1.00006
4 7 1.00006
4 8 1.00006
4 9 1.00006
4 10 1.00006
4 11 1.00006
4 12 1.00007
4 13 1.00007
4 14 1.00007
4 15 1.00007
4 16 1.00008
4 17 1.00008
4 18 1.00008
4 19 1.00008
4 20 1.00009
4 21 1.00009
4 22 1.0001
4 23 1.0001
4 24 1.0001
4 25 1.00011
4 26 1.00011
4 27 1.00012
4 28 1.00012
4 29 1.00013
4 30 1.00013
4 31 1.00014
4 32 1.00014
4 33 1.00015
4 34 1.00015
4 35 1.00016
4 36 1.00016
4 37 1.00017
4 38 1.00018
4 39 1.00018
4 40 1.00019
4 41 1.0002
4 42 1.00021
4 43 1.00021
4 44 1.00022
4 45 1.00023
4 46 1.00024
4 47 1.00025
4 48 1.00026
4 49 1.00026
4 50 1.00027
4 51 1.00028
4 52 1.00029
4 53 1.0003
4 54 1.00031
4 55 1.00032
4 56 1.00034
4 57 1.00035
4 58 1.00036
4 59 1.00037
4 60 1.00038
4 61 1.00039
4 62 1.0004
4 63 1.00041
4 64 1.00043
4 65 1.00044
4 66 1.00045
4 67 1.00046
4 68 1.00047
4 69 1.00048
4 70 1.00049
4 71 1.0005
4 72 1.00051
4 73 1.00052
4 74 1.00053
4 75 1.00054
4 76 1.00055
4 77 1.00056
4 78 1.00056
4 79 1.00057
4 80 1.00058
4 81 1.00058
4 82 1.00059
4 83 1.00059
4 84 1.0006
4 85 1.0006
4 86 1.0006
4 87 1.0006
4 88 1.0006
4 89 1.0006
4 90 1.0006
4 91 1.0006
4 92 1.00059
4 93 1.00059
4 94 1.00058
4 95 1.00058
4 96 1.00057
4 97 1.00056
4 98 1.00055
4 99 1.00054
4 100 1.00053
4 101 1.00052
4 102 1.0005
4 103 1.00048
4 104 1.00047
4 105 1.00044
4 106 1.00042
4 107 1.0004
4 108 1.00037
4 109 1.00033
4 110 1.0003
4 111 1.00027
4 112 1.0002
4 113 1.00012
4 114 1.00011
4 115 1.00007
4 116 0.999807
4 117 0.999696
4 118 0.999953
4 119 0.999589
4 120 0.998506
4 121 0.999033
4 122 1.00034
4 123 0.997278
4 124 0.994082
4 125 1.00087
4 126 1.00052
4 127 0.995554

5 0 0
5 1 1.00006
5 2 1.00006
5 3 1.00006
5 4 1.00006
5 5 1.00006
5 6 1.00006
5 7 1.00006
5 8 1.00006
5 9 1.00006
5 10 1.00006
5 11 1.00007
5 12 1.00007
5 13 1.00007
5 14 1.00007
5 15 1.00007
5 16 1.00008
5 17 1.00008
5 18 1.00008
5 19 1.00009
5 20 1.00009
5 21 1.00009
5 22 1.0001
5 23 1.0001
5 24 1.00011
5 25 1.00011
5 26 1.00011
5 27 1.00012
5 28 1.00012
5 29 1.00013
5 30 1.00013
5 31 1.00014
5 32 1.00014
5 33 1.00015
5 34 1.00016
5 35 1.00016
5 36 1.00017
5 37 1.00017
5 38 1.00018
5 39 1.00019
5 40 1.00019
5 41 1.0002
5 42 1.00021
5 43 1.00022
5 44 1.00022
5 45 1.00023
5 46 1.00024
5 47 1.00025
5 48 1.00026
5 49 1.00027
5 50 1.00028
5 51 1.00029
5 52 1.0003
5 53 1.00031
5 54 1.00032
5 55 1.00033
5 56 1.00034
5 57 1.00035
5 58 1.00036
5 59 1.00037
5 60 1.00038
5 61 1.00039
5 62 1.0004
5 63 1.00041
5 64 1.00043
5 65 1.00044
5 66 1.00045
5 67 1.00046
5 68 1.00047
5 69 1.00048
5 70 1.00049
5 71 1.0005
5 72 1.00051
5 73 1.00052
5 74 1.00053
5 75 1.00054
5 76 1.00055
5 77 1.00056
5 78 1.00056
5 79 1.00057
5 80 1.00058
5 81 1.00058
5 82 1.00059
5 83 1.00059
5 84 1.00059
5 85 1.0006
5 86 1.0006
5 87 1.0006
5 88 1.0006
5 89 1.0006
5 90 1.0006
5 91 1.00059
5 92 1.00059
5 93 1.00059
5 94 1.00058
5 95 1.00057
5 96 1.00057
5 97 1.00056
5 98 1.00055
5 99 1.00054
5 100 1.00053
5 101 1.00051
5 102 1.0005
5 103 1.00048
5 104 1.00046
5 105 1.00044
5 106 1.00042
5 107 1.00039
5 108 1.00036
5 109 1.00033
5 110 1.00028
5 111 1.00025
5 112 1.00022
5 113 1.00014
5 114 1.00004
5 115 1.00003
5 116 1.00001
5 117 0.999711
5 118 0.99951
5 119 0.999833
5 120 0.999619
5 121 0.998363
5 122 0.998577
5 123 1.00025
5 124 0.997787
5 125 0.996395
5 126 1.00136
5 127 1.00188

6 0 0
6 1 1.00006
6 2 1.00006
6 3 1.00006
6 4 1.00006
6 5 1.00006
6 6 1.00006
6 7 1.00006
6 8 1.00006
6 9 1.00006
6 10 1.00007
6 11 1.00007
6 12 1.00007
6 13 1.00007
6 14 1.00007
6 15 1.00008
6 16 1.00008
6 17 1.00008
6 18 1.00009
6 19 1.00009
6 20 1.00009
6 21 1.0001
6 22 1.0001
6 23 1.0001
6 24 1.00011
6 25 1.00011
6 26 1.00012
6 27 1.00012
6 28 1.00013
6 29 1.00013
6 30 1.00014
6 31 1.00014
6 32 1.00015
6 33 1.00015
6 34 1.00016
6 35 1.00016
6 36 1.00017
6 37 1.00018
6 38 1.00018
6 39 1.00019
6 40 1.0002
6 41 1.0002
6 42 1.00021
6 43 1.00022
6 44 1.00023
6 45 1.00023
6 46 1.00024
6 47 1.00025
6 48 1.00026
6 49 1.00027
6 50 1.00028
6 51 1.00029
6 52 1.0003
6 53 1.00031
6 54 1.00032
6 55 1.00033
6 56 1.00034
6 57 1.00035
6 58 1.00036
6 59 1.00037
6 60 1.00038
6 61 1.00039
6 62 1.0004
6 63 1.00042
6 64 1.00043
6 65 1.00044
6 66 1.00045
6 67 1.00046
6 68 1.00047
6 69 1.00048
6 70 1.00049
6 71 1.0005
6 72 1.00051
6 73 1.00052
6 74 1.00053
6 75 1.00054
6 76 1.00055
6 77 1.00055
6 78 1.00056
6 79 1.00057
6 80 1.00057
6 81 1.00058
6 82 1.00058
6 83 1.00059
6 84 1.00059
6 85 1.00059
6 86 1.00059
6 87 1.0006
6 88 1.0006
6 89 1.0006
6 90 1.00059
6 91 1.00059
6 92 1.00059
6 93 1.00058
6 94 1.00058
6 95 1.00057
6 96 1.00056
6 97 1.00055
6 98 1.00055
6 99 1.00053
6 100 1.00052
6 101 1.00051
6 102 1.00049
6 103 1.00048
6 104 1.00046
6 105 1.00044
6 106 1.00041
6 107 1.00039
6 108 1.00035
6 109 1.00033
6 110 1.0003
6 111 1.00023
6 112 1.0002
6 113 1.00019
6 114 1.00008
6 115 0.999934
6 116 0.999985
6 117 1.00001
6 118 0.999552
6 119 0.999314
6 120 0.999942
6 121 0.99966
6 122 0.997959
6 123 0.998886
6 124 1.00065
6 125 0.998346
6 126 0.999698
6 127 1.00095

7 0 0
7 1 1.00007
7 2 1.00007
7 3 1.00007
7 4 1.00007
7 5 1.00007
7 6 1.00007
7 7 1.00007
7 8 1.00007
7 9 1.00007
7 10 1.00007
7 11 1.00007
7 12 1.00007
7 13 1.00008
7 14 1.00008
7 15 1.00008
7 16 1.00008
7 17 1.00009
7 18 1.00009
7 19 1.00009
7 20 1.0001
7 21 1.0001
7 22 1.0001
7 23 1.00011
7 24 1.00011
7 25 1.00012
7 26 1.00012
7 27 1.00013
7 28 1.00013
7 29 1.00013
7 30 1.00014
7 31 1.00015
7 32 1.00015
7 33 1.00016
7 34 1.00016
7 35 1.00017
7 36 1.00017
7 37 1.00018
7 38 1.00019
7 39 1.00019
7 40 1.0002
7 41 1.00021
7 42 1.00021
7 43 1.00022
7 44 1.00023
7 45 1.00024
7 46 1.00025
7 47 1.00025
7 48 1.00026
7 49 1.00027
7 50 1.00028
7 51 1.00029
7 52 1.0003
7 53 1.00031
7 54 1.00032
7 55 1.00033
7 56 1.00034
7 57 1.00035
7 58 1.00036
7 59 1.00037
7 60 1.00038
7 61 1.0004
7 62 1.00041
7 63 1.00042
7 64 1.00043
7 65 1.00044
7 66 1.00045
7 67 1.00046
7 68 1.00047
7 69 1.00048
7 70 1.00049
7 71 1.0005
7 72 1.00051
7 73 1.00052
7 74 1.00053
7 75 1.00054
7 76 1.00055
7 77 1.00055
7 78 1.00056
7 79 1.00057
7 80 1.00057
7 81 1.00058
7 82 1.00058
7 83 1.00059
7 84 1.00059
7 85 1.00059
7 86 1.00059
7 87 1.00059
7 88 1.00059
7 89 1.00059
7 90 1.00059
7 91 1.00059
7 92 1.00058
7 93 1.00058
7 94 1.00057
7 95 1.00057
7 96 1.00056
7 97 1.00055
7 98 1.00054
7 99 1.00053
7 100 1.00052
7 101 1.00051
7 102 1.00049
7 103 1.00047
7 104 1.00046
7 105 1.00043
7 106 1.00041
7 107 1.00039
7 108 1.00036
7 109 1.00032
7 110 1.0003
7 111 1.00027
7 112 1.00019
7 113 1.00014
7 114 1.00016
7 115 1.00006
7 116 0.999848
7 117 0.999906
7 118 1.00004
7 119 0.999554
7 120 0.999161
7 121 0.999907
7 122 0.999828
7 123 0.998392
7 124 0.999418
7 125 1.00058
7 126 0.999865
7 127 1.00009

8 0 0
8 1 1.00007
8 2 1.00007
8 3 1.00007
8 4 1.00007
8 5 1.00007
8 6 1.00007
8 7 1.00007
8 8 1.00007
8 9 1.00007
8 10 1.00007
8 11 1.00008
8 12 1.00008
8 13 1.00008
8 14 1.00008
8 15 1.00008
8 16 1.00009
8 17 1.00009
8 18 1.00009
8 19 1.0001
8 20 1.0001
8 21 1.0001
8 22 1.00011
8 23 1.00011
8 24 1.00012
8 25 1.00012
8 26 1.00012
8 27 1.00013
8 28 1.00013
8 29 1.00014
8 30 1.00014
8 31 1.00015
8 32 1.00015
8 33 1.00016
8 34 1.00017
8 35 1.00017
8 36 1.00018
8 37 1.00018
8 38 1.00019
8 39 1.0002
8 40 1.0002
8 41 1.00021
8 42 1.00022
8 43 1.00023
8 44 1.00023
8 45 1.00024
8 46 1.00025
8 47 1.00026
8 48 1.00027
8 49 1.00028
8 50 1.00029
8 51 1.0003
8 52 1.0003
8 53 1.00031
8 54 1.00032
8 55 1.00033
8 56 1.00034
8 57 1.00035
8 58 1.00037
8 59 1.00038
8 60 1.00039
8 61 1.0004
8 62 1.00041
8 63 1.00042
8 64 1.00043
8 65 1.00044
8 66 1.00045
8 67 1.00046
8 68 1.00047
8 69 1.00048
8 70 1.00049
8 71 1.0005
8 72 1.00051
8 73 1.00052
8 74 1.00053
8 75 1.00054
8 76 1.00054
8 77 1.00055
8 78 1.00056
8 79 1.00056
8 80 1.00057
8 81 1.00058
8 82 1.00058
8 83 1.00058
8 84 1.00059
8 85 1.00059
8 86 1.00059
8 87 1.00059
8 88 1.00059
8 89 1.00059
8 90 1.00059
8 91 1.00059
8 92 1.00058
8 93 1.00058
8 94 1.00057
8 95 1.00057
8 96 1.00056
8 97 1.00055
8 98 1.00054
8 99 1.00053
8 100 1.00052
8 101 1.0005
8 102 1.00049
8 103 1.00047
8 104 1.00046
8 105 1.00043
8 106 1.00041
8 107 1.00039
8 108 1.00037
8 109 1.00033
8 110 1.00029
8 111 1.00027
8 112 1.00024
8 113 1.00015
8 114 1.0001
8 115 1.00014
8 116 1.00003
8 117 0.999779
8 118 0.999886
8 119 1.00007
8 120 0.999518
8 121 0.999238
8 122 1.00007
8 123 0.999784
8 124 0.999149
8 125 1.00027
8 126 1.0003
8 127 1.00044

9 0 0
9 1 1.00007
9 2 1.00007
9 3 1.00007
9 4 1.00007
9 5 1.00007
9 6 1.00007
9 7 1.00007
9 8 1.00008
9 9 1.00008
9 10 1.00008
9 11 1.00008
9 12 1.00008
9 13 1.00008
9 14 1.00009
9 15 1.00009
9 16 1.00009
9 17 1.00009
9 18 1.0001
9 19 1.0001
9 20 1.00011
9 21 1.00011
9 22 1.00011
9 23 1.00012
9 24 1.00012
9 25 1.00013
9 26 1.00013
9 27 1.00013
9 28 1.00014
9 29 1.00014
9 30 1.00015
9 31 1.00015
9 32 1.00016
9 33 1.00017
9 34 1.00017
9 35 1.00018
9 36 1.00018
9 37 1.00019
9 38 1.0002
9 39 1.0002
9 40 1.00021
9 41 1.00022
9 42 1.00022
9 43 1.00023
9 44 1.00024
9 45 1.00025
9 46 1.00026
9 47 1.00026
9 48 1.00027
9 49 1.00028
9 50 1.00029
9 51 1.0003
9 52 1.00031
9 53 1.00032
9 54 1.00033
9 55 1.00034
9 56 1.00035
9 57 1.00036
9 58 1.00037
9 59 1.00038
9 60 1.00039
9 61 1.0004
9 62 1.00041
9 63 1.00042
9 64 1.00043
9 65 1.00044
9 66 1.00045
9 67 1.00046
9 68 1.00047
9 69 1.00048
9 70 1.00049
9 71 1.0005
9 72 1.00051
9 73 1.00052
9 74 1.00053
9 75 1.00054
9 76 1.00054
9 77 1.00055
9 78 1.00056
9 79 1.00056
9 80 1.00057
9 81 1.00057
9 82 1.00058
9 83 1.00058
9 84 1.00058
9 85 1.00059
9 86 1.00059
9 87 1.00059
9 88 1.00059
9 89 1.00059
9 90 1.00059
9 91 1.00058
9 92 1.00058
9 93 1.00058
9 94 1.00057
9 95 1.00056
9 96 1.00056
9 97 1.00055
9 98 1.00054
9 99 1.00053
9 100 1.00052
9 101 1.0005
9 102 1.00049
9 103 1.00047
9 104 1.00045
9 105 1.00044
9 106 1.00042
9 107 1.00039
9 108 1.00037
9 109 1.00035
9 110 1.00031
9 111 1.00026
9 112 1.00025
9 113 1.00023
9 114 1.00012
9 115 1.00006
9 116 1.00014
9 117 1.00005
9 118 0.999746
9 119 0.999869
9 120 1.00013
9 121 0.999615
9 122 0.999454
9 123 1.00018
9 124 1.00001
9 125 0.999835
9 126 1.00041
9 127 1.00081

10 0 0
10 1 1.00008
10 2 1.00008
10 3 1.00008
10 4 1.00008
10 5 1.00008
10 6 1.00008
10 7 1.00008
10 8 1.00008
10 9 1.00008
10 10 1.00008
10 11 1.00009
10 12 1.00009
10 13 1.00009
10 14 1.00009
10 15 1.00009
10 16 1.0001
10 17 1.0001
10 18 1.0001
10 19 1.00011
10 20 1.00011
10 21 1.00011
10 22 1.00012
10 23 1.00012
10 24 1.00013
10 25 1.00013
10 26 1.00014
10 27 1.00014
10 28 1.00015
10 29 1.00015
10 30 1.00016
10 31 1.00016
10 32 1.00017
10 33 1.00017
10 34 1.00018
10 35 1.00018
10 36 1.00019
10 37 1.0002
10 38 1.0002
10 39 1.00021
10 40 1.00022
10 41 1.00022
10 42 1.00023
10 43 1.00024
10 44 1.00025
10 45 1.00025
10 46 1.00026
10 47 1.00027
10 48 1.00028
10 49 1.00029
10 50 1.0003
10 51 1.0003
10 52 1.00031
10 53 1.00032
10 54 1.00033
10 55 1.00034
10 56 1.00035
10 57 1.00036
10 58 1.00037
10 59 1.00038
10 60 1.00039
10 61 1.0004
10 62 1.00041
10 63 1.00042
10 64 1.00043
10 65 1.00044
10 66 1.00045
10 67 1.00046
10 68 1.00047
10 69 1.00048
10 70 1.00049
10 71 1.0005
10 72 1.00051
10 73 1.00052
10 74 1.00053
10 75 1.00054
10 76 1.00054
10 77 1.00055
10 78 1.00056
10 79 1.00056
10 80 1.00057
10 81 1.00057
10 82 1.00058
10 83 1.00058
10 84 1.00058
10 85 1.00058
10 86 1.00059
10 87 1.00059
10 88 1.00059
10 89 1.00059
10 90 1.00058
10 91 1.00058
10 92 1.00058
10 93 1.00057
10 94 1.00057
10 95 1.00056
10 96 1.00055
10 97 1.00055
10 98 1.00054
10 99 1.00053
10 100 1.00052
10 101 1.0005
10 102 1.00049
10 103 1.00047
10 104 1.00046
10 105 1.00044
10 106 1.00042
10 107 1.0004
10 108 1.00037
10 109 1.00035
10 110 1.00033
10 111 1.00029
10 112 1.00023
10 113 1.00023
10 114 1.00022
10 115 1.0001
10 116 1.00004
10 117 1.00015
10 118 1.00005
10 119 0.999777
10 120 0.999945
10 121 1.00013
10 122 0.999752
10 123 0.999858
10 124 1.0003
10 125 1.00019
10 126 1.00046
10 127 1.00066

11 0 0
11 1 1.00008
11 2 1.00008
11 3 1.00008
11 4 1.00008
11 5 1.00008
11 6 1.00008
11 7 1.00009
11 8 1.00009
11 9 1.00009
11 10 1.00009
11 11 1.00009
11 12 1.00009
11 13 1.0001
11 14 1.0001
11 15 1.0001
11 16 1.0001
11 17 1.00011
11 18 1.00011
11 19 1.00011
11 20 1.00012
11 21 1.00012
11 22 1.00012
11 23 1.00013
11 24 1.00013
11 25 1.00014
11 26 1.00014
11 27 1.00015
11 28 1.00015
11 29 1.00016
11 30 1.00016
11 31 1.00017
11 32 1.00017
11 33 1.00018
11 34 1.00018
11 35 1.00019
11 36 1.0002
11 37 1.0002
11 38 1.00021
11 39 1.00022
11 40 1.00022
11 41 1.00023
11 42 1.00024
11 43 1.00024
11 44 1.00025
11 45 1.00026
11 46 1.00027
11 47 1.00028
11 48 1.00028
11 49 1.00029
11 50 1.0003
11 51 1.00031
11 52 1.00032
11 53 1.00033
11 54 1.00034
11 55 1.00035
11 56 1.00036
11 57 1.00037
11 58 1.00038
11 59 1.00039
11 60 1.0004
11 61 1.00041
11 62 1.00042
11 63 1.00043
11 64 1.00044
11 65 1.00045
11 66 1.00046
11 67 1.00047
11 68 1.00048
11 69 1.00049
11 70 1.00049
11 71 1.0005
11 72 1.00051
11 73 1.00052
11 74 1.00053
11 75 1.00054
11 76 1.00054
11 77 1.00055
11 78 1.00056
11 79 1.00056
11 80 1.00057
11 81 1.00057
11 82 1.00057
11 83 1.00058
11 84 1.00058
11 85 1.00058
11 86 1.00058
11 87 1.00058
11 88 1.00058
11 89 1.00058
11 90 1.00058
11 91 1.00058
11 92 1.00058
11 93 1.00057
11 94 1.00057
11 95 1.00056
11 96 1.00055
11 97 1.00054
11 98 1.00054
11 99 1.00053
11 100 1.00052
11 101 1.0005
11 102 1.00049
11 103 1.00048
11 104 1.00046
11 105 1.00044
11 106 1.00042
11 107 1.00041
11 108 1.00039
11 109 1.00035
11 110 1.00033
11 111 1.00032
11 112 1.00028
11 113 1.00021
11 114 1.00022
11 115 1.00023
11 116 1.0001
11 117 1.00004
11 118 1.00017
11 119 1.00009
11 120 0.999853
11 121 1.00005
11 122 1.0002
11 123 0.999966
11 124 1.00016
11 125 1.00045
11 126 1.00057
11 127 1.00069

12 0 0
12 1 1.00009
12 2 1.00009
12 3 1.00009
12 4 1.00009
12 5 1.00009
12 6 1.00009
12 7 1.00009
12 8 1.00009
12 9 1.00009
12 10 1.0001
12 11 1.0001
12 12 1.0001
12 13 1.0001
12 14 1.0001
12 15 1.00011
12 16 1.00011
12 17 1.00011
12 18 1.00012
12 19 1.00012
12 20 1.00012
12 21 1.00013
12 22 1.00013
12 23 1.00014
12 24 1.00014
12 25 1.00014
12 26 1.00015
12 27 1.00015
12 28 1.00016
12 29 1.00016
12 30 1.00017
12 31 1.00017
12 32 1.00018
12 33 1.00019
12 34 1.00019
12 35 1.0002
12 36 1.0002
12 37 1.00021
12 38 1.00022
12 39 1.00022
12 40 1.00023
12 41 1.00024
12 42 1.00024
12 43 1.00025
12 44 1.00026
12 45 1.00027
12 46 1.00027
12 47 1.00028
12 48 1.00029
12 49 1.0003
12 50 1.00031
12 51 1.00032
12 52 1.00032
12 53 1.00033
12 54 1.00034
12 55 1.00035
12 56 1.00036
12 57 1.00037
12 58 1.00038
12 59 1.00039
12 60 1.0004
12 61 1.00041
12 62 1.00042
12 63 1.00043
12 64 1.00044
12 65 1.00045
12 66 1.00046
12 67 1.00047
12 68 1.00048
12 69 1.00049
12 70 1.0005
12 71 1.0005
12 72 1.00051
12 73 1.00052
12 74 1.00053
12 75 1.00054
12 76 1.00054
12 77 1.00055
12 78 1.00055
12 79 1.00056
12 80 1.00057
12 81 1.00057
12 82 1.00057
12 83 1.00058
12 84 1.00058
12 85 1.00058
12 86 1.00058
12 87 1.00058
12 88 1.00058
12 89 1.00058
12 90 1.00058
12 91 1.00058
12 92 1.00057
12 93 1.00057
12 94 1.00056
12 95 1.00056
12 96 1.00055
12 97 1.00054
12 98 1.00054
12 99 1.00053
12 100 1.00052
12 101 1.0005
12 102 1.00049
12 103 1.00048
12 104 1.00046
12 105 1.00045
12 106 1.00043
12 107 1.00041
12 108 1.00039
12 109 1.00037
12 110 1.00034
12 111 1.00032
12 112 1.00031
12 113 1.00027
12 114 1.00021
12 115 1.00022
12 116 1.00023
12 117 1.00011
12 118 1.00007
12 119 1.0002
12 120 1.00012
12 121 0.999996
12 122 1.00019
12 123 1.00026
12 124 1.00024
12 125 1.00045
12 126 1.00061
12 127 1.00078

13 0 0
13 1 1.0001
13 2 1.0001
13 3 1.0001
13 4 1.0001
13 5 1.0001
13 6 1.0001
13 7 1.0001
13 8 1.0001
13 9 1.0001
13 10 1.0001
13 11 1.00011
13 12 1.00011
13 13 1.00011
13 14 1.00011
13 15 1.00012
13 16 1.00012
13 17 1.00012
13 18 1.00012
13 19 1.00013
13 20 1.00013
13 21 1.00014
13 22 1.00014
13 23 1.00014
13 24 1.00015
13 25 1.00015
13 26 1.00016
13 27 1.00016
13 28 1.00017
13 29 1.00017
13 30 1.00018
13 31 1.00018
13 32 1.00019
13 33 1.00019
13 34 1.0002
13 35 1.0002
13 36 1.00021
13 37 1.00022
13 38 1.00022
13 39 1.00023
13 40 1.00024
13 41 1.00024
13 42 1.00025
13 43 1.00026
13 44 1.00027
13 45 1.00027
13 46 1.00028
13 47 1.00029
13 48 1.0003
13 49 1.0003
13 50 1.00031
13 51 1.00032
13 52 1.00033
13 53 1.00034
13 54 1.00035
13 55 1.00036
13 56 1.00037
13 57 1.00038
13 58 1.00039
13 59 1.0004
13 60 1.0004
13 61 1.00041
13 62 1.00042
13 63 1.00043
13 64 1.00044
13 65 1.00045
13 66 1.00046
13 67 1.00047
13 68 1.00048
13 69 1.00049
13 70 1.0005
13 71 1.00051
13 72 1.00051
13 73 1.00052
13 74 1.00053
13 75 1.00054
13 76 1.00054
13 77 1.00055
13 78 1.00055
13 79 1.00056
13 80 1.00056
13 81 1.00057
13 82 1.00057
13 83 1.00057
13 84 1.00058
13 85 1.00058
13 86 1.00058
13 87 1.00058
13 88 1.00058
13 89 1.00058
13 90 1.00058
13 91 1.00057
13 92 1.00057
13 93 1.00057
13 94 1.00056
13 95 1.00056
13 96 1.00055
13 97 1.00054
13 98 1.00053
13 99 1.00053
13 100 1.00052
13 101 1.0005
13 102 1.00049
13 103 1.00048
13 104 1.00047
13 105 1.00045
13 106 1.00044
13 107 1.00042
13 108 1.0004
13 109 1.00038
13 110 1.00037
13 111 1.00033
13 112 1.00031
13 113 1.00031
13 114 1.00028
13 115 1.00021
13 116 1.00023
13 117 1.00025
13 118 1.00014
13 119 1.00013
13 120 1.00025
13 121 1.00019
13 122 1.00015
13 123 1.00032
13 124 1.0004
13 125 1.00048
13 126 1.00064
13 127 1.0008

14 0 0
14 1 1.00011
14 2 1.00011
14 3 1.00011
14 4 1.00011
14 5 1.00011
14 6 1.00011
14 7 1.00011
14 8 1.00011
14 9 1.00011
14 10 1.00011
14 11 1.00011
14 12 1.00012
14 13 1.00012
14 14 1.00012
14 15 1.00012
14 16 1.00013
14 17 1.00013
14 18 1.00013
14 19 1.00014
14 20 1.00014
14 21 1.00014
14 22 1.00015
14 23 1.00015
14 24 1.00016
14 25 1.00016
14 26 1.00017
14 27 1.00017
14 28 1.00017
14 29 1.00018
14 30 1.00018
14 31 1.00019
14 32 1.0002
14 33 1.0002
14 34 1.00021
14 35 1.00021
14 36 1.00022
14 37 1.00023
14 38 1.00023
14 39 1.00024
14 40 1.00024
14 41 1.00025
14 42 1.00026
14 43 1.00027
14 44 1.00027
14 45 1.00028
14 46 1.00029
14 47 1.0003
14 48 1.0003
14 49 1.00031
14 50 1.00032
14 51 1.00033
14 52 1.00034
14 53 1.00035
14 54 1.00035
14 55 1.00036
14 56 1.00037
14 57 1.00038
14 58 1.00039
14 59 1.0004
14 60 1.00041
14 61 1.00042
14 62 1.00043
14 63 1.00044
14 64 1.00045
14 65 1.00046
14 66 1.00046
14 67 1.00047
14 68 1.00048
14 69 1.00049
14 70 1.0005
14 71 1.00051
14 72 1.00051
14 73 1.00052
14 74 1.00053
14 75 1.00054
14 76 1.00054
14 77 1.00055
14 78 1.00055
14 79 1.00056
14 80 1.00056
14 81 1.00057
14 82 1.00057
14 83 1.00057
14 84 1.00057
14 85 1.00058
14 86 1.00058
14 87 1.00058
14 88 1.00058
14 89 1.00058
14 90 1.00057
14 91 1.00057
14 92 1.00057
14 93 1.00056
14 94 1.00056
14 95 1.00055
14 96 1.00055
14 97 1.00054
14 98 1.00053
14 99 1.00053
14 100 1.00052
14 101 1.00051
14 102 1.00049
14 103 1.00048
14 104 1.00047
14 105 1.00046
14 106 1.00044
14 107 1.00043
14 108 1.00041
14 109 1.00039
14 110 1.00038
14 111 1.00036
14 112 1.00033
14 113 1.00031
14 114 1.00032
14 115 1.00028
14 116 1.00023
14 117 1.00025
14 118 1.00027
14 119 1.00019
14 120 1.00021
14 121 1.0003
14 122 1.00028
14 123 1.00033
14 124 1.00046
14 125 1.00056
14 126 1.00068
14 127 1.00079

15 0 0
15 1 1.00011
15 2 1.00011
15 3 1.00011
15 4 1.00011
15 5 1.00011
15 6 1.00012
15 7 1.00012
15 8 1.00012
15 9 1.00012
15 10 1.00012
15 11 1.00012
15 12 1.00012
15 13 1.00013
15 14 1.00013
15 15 1.00013
15 16 1.00013
15 17 1.00014
15 18 1.00014
15 19 1.00014
15 20 1.00015
15 21 1.00015
15 22 1.00016
15 23 1.00016
15 24 1.00016
15 25 1.00017
15 26 1.00017
15 27 1.00018
15 28 1.00018
15 29 1.00019
15 30 1.00019
15 31 1.0002
15 32 1.0002
15 33 1.00021
15 34 1.00022
15 35 1.00022
15 36 1.00023
15 37 1.00023
15 38 1.00024
15 39 1.00025
15 40 1.00025
15 41 1.00026
15 42 1.00027
15 43 1.00027
15 44 1.00028
15 45 1.00029
15 46 1.0003
15 47 1.0003
15 48 1.00031
15 49 1.00032
15 50 1.00033
15 51 1.00034
15 52 1.00034
15 53 1.00035
15 54 1.00036
15 55 1.00037
15 56 1.00038
15 57 1.00039
15 58 1.0004
15 59 1.0004
15 60 1.00041
15 61 1.00042
15 62 1.00043
15 63 1.00044
15 64 1.00045
15 65 1.00046
15 66 1.00047
15 67 1.00048
15 68 1.00048
15 69 1.00049
15 70 1.0005
15 71 1.00051
15 72 1.00051
15 73 1.00052
15 74 1.00053
15 75 1.00054
15 76 1.00054
15 77 1.00055
15 78 1.00055
15 79 1.00056
15 80 1.00056
15 81 1.00056
15 82 1.00057
15 83 1.00057
15 84 1.00057
15 85 1.00057
15 86 1.00057
15 87 1.00057
15 88 1.00057
15 89 1.00057
15 90 1.00057
15 91 1.00057
15 92 1.00057
15 93 1.00056
15 94 1.00056
15 95 1.00055
15 96 1.00055
15 97 1.00054
15 98 1.00053
15 99 1.00053
15 100 1.00052
15 101 1.00051
15 102 1.0005
15 103 1.00049
15 104 1.00048
15 105 1.00046
15 106 1.00045
15 107 1.00043
15 108 1.00042
15 109 1.0004
15 110 1.00038
15 111 1.00038
15 112 1.00037
15 113 1.00033
15 114 1.00031
15 115 1.00033
15 116 1.0003
15 117 1.00025
15 118 1.00029
15 119 1.0003
15 120 1.00026
15 121 1.0003
15 122 1.00038
15 123 1.0004
15 124 1.00048
15 125 1.0006
15 126 1.00071
15 127 1.00081

16 0 0
16 1 1.00012
16 2 1.00012
16 3 1.00012
16 4 1.00012
16 5 1.00012
16 6 1.00012
16 7 1.00013
16 8 1.00013
16 9 1.00013
16 10 1.00013
16 11 1.00013
16 12 1.00013
16 13 1.00014
16 14 1.00014
16 15 1.00014
16 16 1.00014
16 17 1.00015
16 18 1.00015
16 19 1.00015
16 20 1.00016
16 21 1.00016
16 22 1.00017
16 23 1.00017
16 24 1.00017
16 25 1.00018
16 26 1.00018
16 27 1.00019
16 28 1.00019
16 29 1.0002
16 30 1.0002
16 31 1.00021
16 32 1.00021
16 33 1.00022
16 34 1.00022
16 35 1.00023
16 36 1.00024
16 37 1.00024
16 38 1.00025
16 39 1.00026
16 40 1.00026
16 41 1.00027
16 42 1.00028
16 43 1.00028
16 44 1.00029
16 45 1.0003
16 46 1.0003
16 47 1.00031
16 48 1.00032
16 49 1.00033
16 50 1.00033
16 51 1.00034
16 52 1.00035
16 53 1.00036
16 54 1.00037
16 55 1.00038
16 56 1.00038
16 57 1.00039
16 58 1.0004
16 59 1.00041
16 60 1.00042
16 61 1.00043
16 62 1.00044
16 63 1.00044
16 64 1.00045
16 65 1.00046
16 66 1.00047
16 67 1.00048
16 68 1.00049
16 69 1.00049
16 70 1.0005
16 71 1.00051
16 72 1.00052
16 73 1.00052
16 74 1.00053
16 75 1.00053
16 76 1.00054
16 77 1.00055
16 78 1.00055
16 79 1.00056
16 80 1.00056
16 81 1.00056
16 82 1.00057
16 83 1.00057
16 84 1.00057
16 85 1.00057
16 86 1.00057
16 87 1.00057
16 88 1.00057
16 89 1.00057
16 90 1.00057
16 91 1.00057
16 92 1.00056
16 93 1.00056
16 94 1.00056
16 95 1.00055
16 96 1.00055
16 97 1.00054
16 98 1.00053
16 99 1.00053
16 100 1.00052
16 101 1.00051
16 102 1.0005
16 103 1.00049
16 104 1.00048
16 105 1.00047
16 106 1.00046
16 107 1.00044
16 108 1.00043
16 109 1.00042
16 110 1.0004
16 111 1.00038
16 112 1.00038
16 113 1.00037
16 114 1.00034
16 115 1.00033
16 116 1.00034
16 117 1.00032
16 118 1.0003
16 119 1.00033
16 120 1.00035
16 121 1.00034
16 122 1.0004
16 123 1.00047
16 124 1.00053
16 125 1.00062
16 126 1.00073
16 127 1.00083

17 0 0
17 1 1.00013
17 2 1.00013
17 3 1.00013
17 4 1.00013
17 5 1.00013
17 6 1.00013
17 7 1.00013
17 8 1.00014
17 9 1.00014
17 10 1.00014
17 11 1.00014
17 12 1.00014
17 13 1.00015
17 14 1.00015
17 15 1.00015
17 16 1.00015
17 17 1.00016
17 18 1.00016
17 19 1.00016
17 20 1.00017
17 21 1.00017
17 22 1.00018
17 23 1.00018
17 24 1.00018
17 25 1.00019
17 26 1.00019
17 27 1.0002
17 28 1.0002
17 29 1.00021
17 30 1.00021
17 31 1.00022
17 32 1.00022
17 33 1.00023
17 34 1.00023
17 35 1.00024
17 36 1.00025
17 37 1.00025
17 38 1.00026
17 39 1.00026
17 40 1.00027
17 41 1.00028
17 42 1.00028
17 43 1.00029
17 44 1.0003
17 45 1.00031
17 46 1.00031
17 47 1.00032
17 48 1.00033
17 49 1.00033
17 50 1.00034
17 51 1.00035
17 52 1.00036
17 53 1.00037
17 54 1.00037
17 55 1.00038
17 56 1.00039
17 57 1.0004
17 58 1.00041
17 59 1.00042
17 60 1.00042
17 61 1.00043
17 62 1.00044
17 63 1.00045
17 64 1.00046
17 65 1.00046
17 66 1.00047
17 67 1.00048
17 68 1.00049
17 69 1.0005
17 70 1.0005
17 71 1.00051
17 72 1.00052
17 73 1.00052
17 74 1.00053
17 75 1.00053
17 76 1.00054
17 77 1.00054
17 78 1.00055
17 79 1.00055
17 80 1.00056
17 81 1.00056
17 82 1.00056
17 83 1.00057
17 84 1.00057
17 85 1.00057
17 86 1.00057
17 87 1.00057
17 88 1.00057
17 89 1.00057
17 90 1.00057
17 91 1.00056
17 92 1.00056
17 93 1.00056
17 94 1.00055
17 95 1.00055
17 96 1.00054
17 97 1.00054
17 98 1.00053
17 99 1.00052
17 100 1.00052
17 101 1.00051
17 102 1.0005
17 103 1.00049
17 104 1.00048
17 105 1.00047
17 106 1.00046
17 107 1.00045
17 108 1.00044
17 109 1.00042
17 110 1.00042
17 111 1.0004
17 112 1.00038
17 113 1.00038
17 114 1.00038
17 115 1.00035
17 116 1.00035
17 117 1.00037
17 118 1.00035
17 119 1.00034
17 120 1.00038
17 121 1.00041
17 122 1.00043
17 123 1.0005
17 124 1.00057
17 125 1.00065
17 126 1.00074
17 127 1.00083

18 0 0
18 1 1.00014
18 2 1.00014
18 3 1.00014
18 4 1.00014
18 5 1.00014
18 6 1.00014
18 7 1.00014
18 8 1.00015
18 9 1.00015
18 10 1.00015
18 11 1.00015
18 12 1.00015
18 13 1.00016
18 14 1.00016
18 15 1.00016
18 16 1.00016
18 17 1.00017
18 18 1.00017
18 19 1.00017
18 20 1.00018
18 21 1.00018
18 22 1.00019
18 23 1.00019
18 24 1.00019
18 25 1.0002
18 26 1.0002
18 27 1.00021
18 28 1.00021
18 29 1.00022
18 30 1.00022
18 31 1.00023
18 32 1.00023
18 33 1.00024
18 34 1.00024
18 35 1.00025
18 36 1.00026
18 37 1.00026
18 38 1.00027
18 39 1.00027
18 40 1.00028
18 41 1.00029
18 42 1.00029
18 43 1.0003
18 44 1.00031
18 45 1.00031
18 46 1.00032
18 47 1.00033
18 48 1.00034
18 49 1.00034
18 50 1.00035
18 51 1.00036
18 52 1.00037
18 53 1.00037
18 54 1.00038
18 55 1.00039
18 56 1.0004
18 57 1.0004
18 58 1.00041
18 59 1.00042
18 60 1.00043
18 61 1.00044
18 62 1.00044
18 63 1.00045
18 64 1.00046
18 65 1.00047
18 66 1.00048
18 67 1.00048
18 68 1.00049
18 69 1.0005
18 70 1.0005
18 71 1.00051
18 72 1.00052
18 73 1.00052
18 74 1.00053
18 75 1.00053
18 76 1.00054
18 77 1.00054
18 78 1.00055
18 79 1.00055
18 80 1.00056
18 81 1.00056
18 82 1.00056
18 83 1.00056
18 84 1.00056
18 85 1.00057
18 86 1.00057
18 87 1.00057
18 88 1.00057
18 89 1.00056
18 90 1.00056
18 91 1.00056
18 92 1.00056
18 93 1.00055
18 94 1.00055
18 95 1.00055
18 96 1.00054
18 97 1.00054
18 98 1.00053
18 99 1.00052
18 100 1.00052
18 101 1.00051
18 102 1.0005
18 103 1.00049
18 104 1.00049
18 105 1.00048
18 106 1.00046
18 107 1.00046
18 108 1.00045
18 109 1.00043
18 110 1.00042
18 111 1.00042
18 112 1.00041
18 113 1.00039
18 114 1.00039
18 115 1.00039
18 116 1.00037
18 117 1.00038
18 118 1.00039
18 119 1.00039
18 120 1.0004
18 121 1.00044
18 122 1.00048
18 123 1.00052
18 124 1.0006
18 125 1.00068
18 126 1.00076
18 127 1.00084

19 0 0
19 1 1.00015
19 2 1.00015
19 3 1.00015
19 4 1.00015
19 5 1.00015
19 6 1.00015
19 7 1.00016
19 8 1.00016
19 9 1.00016
19 10 1.00016
19 11 1.00016
19 12 1.00016
19 13 1.00017
19 14 1.00017
19 15 1.00017
19 16 1.00017
19 17 1.00018
19 18 1.00018
19 19 1.00018
19 20 1.00019
19 21 1.00019
19 22 1.0002
19 23 1.0002
19 24 1.0002
19 25 1.00021
19 26 1.00021
19 27 1.00022
19 28 1.00022
19 29 1.00023
19 30 1.00023
19 31 1.00024
19 32 1.00024
19 33 1.00025
19 34 1.00025
19 35 1.00026
19 36 1.00027
19 37 1.00027
19 38 1.00028
19 39 1.00028
19 40 1.00029
19 41 1.0003
19 42 1.0003
19 43 1.00031
19 44 1.00032
19 45 1.00032
19 46 1.00033
19 47 1.00034
19 48 1.00034
19 49 1.00035
19 50 1.00036
19 51 1.00037
19 52 1.00037
19 53 1.00038
19 54 1.00039
19 55 1.0004
19 56 1.0004
19 57 1.00041
19 58 1.00042
19 59 1.00043
19 60 1.00043
19 61 1.00044
19 62 1.00045
19 63 1.00046
19 64 1.00046
19 65 1.00047
19 66 1.00048
19 67 1.00048
19 68 1.00049
19 69 1.0005
19 70 1.0005
19 71 1.00051
19 72 1.00052
19 73 1.00052
19 74 1.00053
19 75 1.00053
19 76 1.00054
19 77 1.00054
19 78 1.00055
19 79 1.00055
19 80 1.00055
19 81 1.00056
19 82 1.00056
19 83 1.00056
19 84 1.00056
19 85 1.00056
19 86 1.00056
19 87 1.00056
19 88 1.00056
19 89 1.00056
19 90 1.00056
19 91 1.00056
19 92 1.00055
19 93 1.00055
19 94 1.00055
19 95 1.00054
19 96 1.00054
19 97 1.00053
19 98 1.00053
19 99 1.00052
19 100 1.00052
19 101 1.00051
19 102 1.0005
19 103 1.00049
19 104 1.00049
19 105 1.00048
19 106 1.00047
19 107 1.00046
19 108 1.00045
19 109 1.00045
19 110 1.00043
19 111 1.00043
19 112 1.00042
19 113 1.00041
19 114 1.0004
19 115 1.00041
19 116 1.00041
19 117 1.0004
19 118 1.00041
19 119 1.00043
19 120 1.00043
19 121 1.00046
19 122 1.00051
19 123 1.00056
19 124 1.00062
19 125 1.00069
19 126 1.00077
19 127 1.00084

20 0 0
20 1 1.00016
20 2 1.00016
20 3 1.00016
20 4 1.00016
20 5 1.00016
20 6 1.00016
20 7 1.00017
20 8 1.00017
20 9 1.00017
20 10 1.00017
20 11 1.00017
20 12 1.00017
20 13 1.00018
20 14 1.00018
20 15 1.00018
20 16 1.00019
20 17 1.00019
20 18 1.00019
20 19 1.0002
20 20 1.0002
20 21 1.0002
20 22 1.00021
20 23 1.00021
20 24 1.00022
20 25 1.00022
20 26 1.00022
20 27 1.00023
20 28 1.00023
20 29 1.00024
20 30 1.00024
20 31 1.00025
20 32 1.00025
20 33 1.00026
20 34 1.00027
20 35 1.00027
20 36 1.00028
20 37 1.00028
20 38 1.00029
20 39 1.00029
20 40 1.0003
20 41 1.00031
20 42 1.00031
20 43 1.00032
20 44 1.00033
20 45 1.00033
20 46 1.00034
20 47 1.00035
20 48 1.00035
20 49 1.00036
20 50 1.00037
20 51 1.00037
20 52 1.00038
20 53 1.00039
20 54 1.00039
20 55 1.0004
20 56 1.00041
20 57 1.00042
20 58 1.00042
20 59 1.00043
20 60 1.00044
20 61 1.00045
20 62 1.00045
20 63 1.00046
20 64 1.00047
20 65 1.00047
20 66 1.00048
20 67 1.00049
20 68 1.00049
20 69 1.0005
20 70 1.00051
20 71 1.00051
20 72 1.00052
20 73 1.00052
20 74 1.00053
20 75 1.00053
20 76 1.00054
20 77 1.00054
20 78 1.00054
20 79 1.00055
20 80 1.00055
20 81 1.00055
20 82 1.00055
20 83 1.00056
20 84 1.00056
20 85 1.00056
20 86 1.00056
20 87 1.00056
20 88 1.00056
20 89 1.00056
20 90 1.00055
20 91 1.00055
20 92 1.00055
20 93 1.00055
20 94 1.00054
20 95 1.00054
20 96 1.00054
20 97 1.00053
20 98 1.00053
20 99 1.00052
20 100 1.00052
20 101 1.00051
20 102 1.0005
20 103 1.0005
20 104 1.00049
20 105 1.00048
20 106 1.00048
20 107 1.00047
20 108 1.00046
20 109 1.00045
20 110 1.00045
20 111 1.00044
20 112 1.00043
20 113 1.00043
20 114 1.00042
20 115 1.00042
20 116 1.00042
20 117 1.00043
20 118 1.00043
20 119 1.00044
20 120 1.00047
20 121 1.00049
20 122 1.00053
20 123 1.00058
20 124 1.00064
20 125 1.0007
20 126 1.00077
20 127 1.00084

21 0 0
21 1 1.00017
21 2 1.00017
21 3 1.00017
21 4 1.00017
21 5 1.00018
21 6 1.00018
21 7 1.00018
21 8 1.00018
21 9 1.00018
21 10 1.00018
21 11 1.00018
21 12 1.00019
21 13 1.00019
21 14 1.00019
21 15 1.00019
21 16 1.0002
21 17 1.0002
21 18 1.0002
21 19 1.00021
21 20 1.00021
21 21 1.00021
21 22 1.00022
21 23 1.00022
21 24 1.00023
21 25 1.00023
21 26 1.00024
21 27 1.00024
21 28 1.00024
21 29 1.00025
21 30 1.00025
21 31 1.00026
21 32 1.00027
21 33 1.00027
21 34 1.00028
21 35 1.00028
21 36 1.00029
21 37 1.00029
21 38 1.0003
21 39 1.0003
21 40 1.00031
21 41 1.00032
21 42 1.00032
21 43 1.00033
21 44 1.00034
21 45 1.00034
21 46 1.00035
21 47 1.00035
21 48 1.00036
21 49 1.00037
21 50 1.00037
21 51 1.00038
21 52 1.00039
21 53 1.0004
21 54 1.0004
21 55 1.00041
21 56 1.00042
21 57 1.00042
21 58 1.00043
21 59 1.00044
21 60 1.00044
21 61 1.00045
21 62 1.00046
21 63 1.00046
21 64 1.00047
21 65 1.00048
21 66 1.00048
21 67 1.00049
21 68 1.00049
21 69 1.0005
21 70 1.00051
21 71 1.00051
21 72 1.00052
21 73 1.00052
21 74 1.00053
21 75 1.00053
21 76 1.00053
21 77 1.00054
21 78 1.00054
21 79 1.00054
21 80 1.00055
21 81 1.00055
21 82 1.00055
21 83 1.00055
21 84 1.00055
21 85 1.00055
21 86 1.00055
21 87 1.00055
21 88 1.00055
21 89 1.00055
21 90 1.00055
21 91 1.00055
21 92 1.00055
21 93 1.00054
21 94 1.00054
21 95 1.00054
21 96 1.00053
21 97 1.00053
21 98 1.00052
21 99 1.00052
21 100 1.00051
21 101 1.00051
21 102 1.0005
21 103 1.0005
21 104 1.00049
21 105 1.00048
21 106 1.00048
21 107 1.00047
21 108 1.00046
21 109 1.00046
21 110 1.00045
21 111 1.00045
21 112 1.00044
21 113 1.00044
21 114 1.00044
21 115 1.00043
21 116 1.00043
21 117 1.00044
21 118 1.00045
21 119 1.00046
21 120 1.00048
21 121 1.00051
21 122 1.00055
21 123 1.00059
21 124 1.00065
21 125 1.00071
21 126 1.00078
21 127 1.00084

22 0 0
22 1 1.00019
22 2 1.00019
22 3 1.00019
22 4 1.00019
22 5 1.00019
22 6 1.00019
22 7 1.00019
22 8 1.00019
22 9 1.00019
22 10 1.00019
22 11 1.0002
22 12 1.0002
22 13 1.0002
22 14 1.0002
22 15 1.00021
22 16 1.00021
22 17 1.00021
22 18 1.00021
22 19 1.00022
22 20 1.00022
22 21 1.00023
22 22 1.00023
22 23 1.00023
22 24 1.00024
22 25 1.00024
22 26 1.00025
22 27 1.00025
22 28 1.00026
22 29 1.00026
22 30 1.00027
22 31 1.00027
22 32 1.00028
22 33 1.00028
22 34 1.00029
22 35 1.00029
22 36 1.0003
22 37 1.0003
22 38 1.00031
22 39 1.00031
22 40 1.00032
22 41 1.00033
22 42 1.00033
22 43 1.00034
22 44 1.00034
22 45 1.00035
22 46 1.00036
22 47 1.00036
22 48 1.00037
22 49 1.00038
22 50 1.00038
22 51 1.00039
22 52 1.0004
22 53 1.0004
22 54 1.00041
22 55 1.00042
22 56 1.00042
22 57 1.00043
22 58 1.00043
22 59 1.00044
22 60 1.00045
22 61 1.00045
22 62 1.00046
22 63 1.00047
22 64 1.00047
22 65 1.00048
22 66 1.00048
22 67 1.00049
22 68 1.0005
22 69 1.0005
22 70 1.00051
22 71 1.00051
22 72 1.00052
22 73 1.00052
22 74 1.00052
22 75 1.00053
22 76 1.00053
22 77 1.00054
22 78 1.00054
22 79 1.00054
22 80 1.00054
22 81 1.00054
22 82 1.00055
22 83 1.00055
22 84 1.00055
22 85 1.00055
22 86 1.00055
22 87 1.00055
22 88 1.00055
22 89 1.00055
22 90 1.00054
22 91 1.00054
22 92 1.00054
22 93 1.00054
22 94 1.00054
22 95 1.00053
22 96 1.00053
22 97 1.00052
22 98 1.00052
22 99 1.00052
22 100 1.00051
22 101 1.00051
22 102 1.0005
22 103 1.0005
22 104 1.00049
22 105 1.00048
22 106 1.00048
22 107 1.00047
22 108 1.00047
22 109 1.00046
22 110 1.00046
22 111 1.00045
22 112 1.00045
22 113 1.00045
22 114 1.00045
22 115 1.00045
22 116 1.00045
22 117 1.00045
22 118 1.00047
22 119 1.00048
22 120 1.0005
22 121 1.00053
22 122 1.00057
22 123 1.00061
22 124 1.00066
22 125 1.00072
22 126 1.00078
22 127 1.00083

23 0 0
23 1 1.0002
23 2 1.0002
23 3 1.0002
23 4 1.0002
23 5 1.0002
23 6 1.0002
23 7 1.0002
23 8 1.0002
23 9 1.0002
23 10 1.00021
23 11 1.00021
23 12 1.00021
23 13 1.00021
23 14 1.00021
23 15 1.00022
23 16 1.00022
23 17 1.00022
23 18 1.00023
23 19 1.00023
23 20 1.00023
23 21 1.00024
23 22 1.00024
23 23 1.00025
23 24 1.00025
23 25 1.00025
23 26 1.00026
23 27 1.00026
23 28 1.00027
23 29 1.00027
23 30 1.00028
23 31 1.00028
23 32 1.00029
23 33 1.00029
23 34 1.0003
23 35 1.0003
23 36 1.00031
23 37 1.00031
23 38 1.00032
23 39 1.00033
23 40 1.00033
23 41 1.00034
23 42 1.00034
23 43 1.00035
23 44 1.00035
23 45 1.00036
23 46 1.00037
23 47 1.00037
23 48 1.00038
23 49 1.00038
23 50 1.00039
23 51 1.0004
23 52 1.0004
23 53 1.00041
23 54 1.00042
23 55 1.00042
23 56 1.00043
23 57 1.00043
23 58 1.00044
23 59 1.00045
23 60 1.00045
23 61 1.00046
23 62 1.00046
23 63 1.00047
23 64 1.00048
23 65 1.00048
23 66 1.00049
23 67 1.00049
23 68 1.0005
23 69 1.0005
23 70 1.00051
23 71 1.00051
23 72 1.00051
23 73 1.00052
23 74 1.00052
23 75 1.00053
23 76 1.00053
23 77 1.00053
23 78 1.00053
23 79 1.00054
23 80 1.00054
23 81 1.00054
23 82 1.00054
23 83 1.00054
23 84 1.00054
23 85 1.00054
23 86 1.00054
23 87 1.00054
23 88 1.00054
23 89 1.00054
23 90 1.00054
23 91 1.00054
23 92 1.00054
23 93 1.00053
23 94 1.00053
23 95 1.00053
23 96 1.00052
23 97 1.00052
23 98 1.00052
23 99 1.00051
23 100 1.00051
23 101 1.0005
23 102 1.0005
23 103 1.00049
23 104 1.00049
23 105 1.00048
23 106 1.00048
23 107 1.00047
23 108 1.00047
23 109 1.00047
23 110 1.00046
23 111 1.00046
23 112 1.00046
23 113 1.00046
23 114 1.00045
23 115 1.00046
23 116 1.00046
23 117 1.00047
23 118 1.00048
23 119 1.0005
23 120 1.00051
23 121 1.00054
23 122 1.00058
23 123 1.00062
23 124 1.00067
23 125 1.00072
23 126 1.00078
23 127 1.00083

24 0 0
24 1 1.00021
24 2 1.00021
24 3 1.00021
24 4 1.00021
24 5 1.00021
24 6 1.00021
24 7 1.00021
24 8 1.00021
24 9 1.00022
24 10 1.00022
24 11 1.00022
24 12 1.00022
24 13 1.00022
24 14 1.00023
24 15 1.00023
24 16 1.00023
24 17 1.00024
24 18 1.00024
24 19 1.00024
24 20 1.00025
24 21 1.00025
24 22 1.00025
24 23 1.00026
24 24 1.00026
24 25 1.00027
24 26 1.00027
24 27 1.00027
24 28 1.00028
24 29 1.00028
24 30 1.00029
24 31 1.00029
24 32 1.0003
24 33 1.0003
24 34 1.00031
24 35 1.00031
24 36 1.00032
24 37 1.00032
24 38 1.00033
24 39 1.00034
24 40 1.00034
24 41 1.00035
24 42 1.00035
24 43 1.00036
24 44 1.00036
24 45 1.00037
24 46 1.00038
24 47 1.00038
24 48 1.00039
24 49 1.00039
24 50 1.0004
24 51 1.0004
24 52 1.00041
24 53 1.00042
24 54 1.00042
24 55 1.00043
24 56 1.00043
24 57 1.00044
24 58 1.00045
24 59 1.00045
24 60 1.00046
24 61 1.00046
24 62 1.00047
24 63 1.00047
24 64 1.00048
24 65 1.00048
24 66 1.00049
24 67 1.00049
24 68 1.0005
24 69 1.0005
24 70 1.00051
24 71 1.00051
24 72 1.00051
24 73 1.00052
24 74 1.00052
24 75 1.00052
24 76 1.00053
24 77 1.00053
24 78 1.00053
24 79 1.00053
24 80 1.00053
24 81 1.00054
24 82 1.00054
24 83 1.00054
24 84 1.00054
24 85 1.00054
24 86 1.00054
24 87 1.00054
24 88 1.00054
24 89 1.00053
24 90 1.00053
24 91 1.00053
24 92 1.00053
24 93 1.00053
24 94 1.00052
24 95 1.00052
24 96 1.00052
24 97 1.00051
24 98 1.00051
24 99 1.00051
24 100 1.0005
24 101 1.0005
24 102 1.0005
24 103 1.00049
24 104 1.00049
24 105 1.00048
24 106 1.00048
24 107 1.00048
24 108 1.00047
24 109 1.00047
24 110 1.00047
24 111 1.00046
24 112 1.00046
24 113 1.00046
24 114 1.00046
24 115 1.00046
24 116 1.00047
24 117 1.00048
24 118 1.00049
24 119 1.0005
24 120 1.00053
24 121 1.00055
24 122 1.00059
24 123 1.00063
24 124 1.00067
24 125 1.00072
24 126 1.00077
24 127 1.00082

25 0 0
25 1 1.00022
25 2 1.00022
25 3 1.00022
25 4 1.00022
25 5 1.00022
25 6 1.00022
25 7 1.00022
25 8 1.00023
25 9 1.00023
25 10 1.00023
25 11 1.00023
25 12 1.00023
25 13 1.00024
25 14 1.00024
25 15 1.00024
25 16 1.00024
25 17 1.00025
25 18 1.00025
25 19 1.00025
25 20 1.00026
25 21 1.00026
25 22 1.00026
25 23 1.00027
25 24 1.00027
25 25 1.00028
25 26 1.00028
25 27 1.00029
25 28 1.00029
25 29 1.00029
25 30 1.0003
25 31 1.0003
25 32 1.00031
25 33 1.00031
25 34 1.00032
25 35 1.00032
25 36 1.00033
25 37 1.00033
25 38 1.00034
25 39 1.00035
25 40 1.00035
25 41 1.00036
25 42 1.00036
25 43 1.00037
25 44 1.00037
25 45 1.00038
25 46 1.00038
25 47 1.00039
25 48 1.0004
25 49 1.0004
25 50 1.00041
25 51 1.00041
25 52 1.00042
25 53 1.00042
25 54 1.00043
25 55 1.00043
25 56 1.00044
25 57 1.00044
25 58 1.00045
25 59 1.00046
25 60 1.00046
25 61 1.00047
25 62 1.00047
25 63 1.00048
25 64 1.00048
25 65 1.00048
25 66 1.00049
25 67 1.00049
25 68 1.0005
25 69 1.0005
25 70 1.0005
25 71 1.00051
25 72 1.00051
25 73 1.00051
25 74 1.00052
25 75 1.00052
25 76 1.00052
25 77 1.00052
25 78 1.00053
25 79 1.00053
25 80 1.00053
25 81 1.00053
25 82 1.00053
25 83 1.00053
25 84 1.00053
25 85 1.00053
25 86 1.00053
25 87 1.00053
25 88 1.00053
25 89 1.00053
25 90 1.00053
25 91 1.00052
25 92 1.00052
25 93 1.00052
25 94 1.00052
25 95 1.00051
25 96 1.00051
25 97 1.00051
25 98 1.00051
25 99 1.0005
25 100 1.0005
25 101 1.0005
25 102 1.00049
25 103 1.00049
25 104 1.00049
25 105 1.00048
25 106 1.00048
25 107 1.00048
25 108 1.00047
25 109 1.00047
25 110 1.00047
25 111 1.00047
25 112 1.00047
25 113 1.00047
25 114 1.00047
25 115 1.00047
25 116 1.00048
25 117 1.00049
25 118 1.0005
25 119 1.00051
25 120 1.00053
25 121 1.00056
25 122 1.00059
25 123 1.00063
25 124 1.00067
25 125 1.00072
25 126 1.00077
25 127 1.00082

26 0 0
26 1 1.00023
26 2 1.00023
26 3 1.00023
26 4 1.00023
26 5 1.00024
26 6 1.00024
26 7 1.00024
26 8 1.00024
26 9 1.00024
26 10 1.00024
26 11 1.00024
26 12 1.00025
26 13 1.00025
26 14 1.00025
26 15 1.00025
26 16 1.00026
26 17 1.00026
26 18 1.00026
26 19 1.00027
26 20 1.00027
26 21 1.00027
26 22 1.00028
26 23 1.00028
26 24 1.00028
26 25 1.00029
26 26 1.00029
26 27 1.0003
26 28 1.0003
26 29 1.00031
26 30 1.00031
26 31 1.00032
26 32 1.00032
26 33 1.00033
26 34 1.00033
26 35 1.00034
26 36 1.00034
26 37 1.00035
26 38 1.00035
26 39 1.00036
26 40 1.00036
26 41 1.00037
26 42 1.00037
26 43 1.00038
26 44 1.00038
26 45 1.00039
26 46 1.00039
26 47 1.0004
26 48 1.0004
26 49 1.00041
26 50 1.00041
26 51 1.00042
26 52 1.00042
26 53 1.00043
26 54 1.00043
26 55 1.00044
26 56 1.00044
26 57 1.00045
26 58 1.00045
26 59 1.00046
26 60 1.00046
26 61 1.00047
26 62 1.00047
26 63 1.00048
26 64 1.00048
26 65 1.00049
26 66 1.00049
26 67 1.00049
26 68 1.0005
26 69 1.0005
26 70 1.0005
26 71 1.00051
26 72 1.00051
26 73 1.00051
26 74 1.00051
26 75 1.00052
26 76 1.00052
26 77 1.00052
26 78 1.00052
26 79 1.00052
26 80 1.00052
26 81 1.00052
26 82 1.00052
26 83 1.00052
26 84 1.00052
26 85 1.00052
26 86 1.00052
26 87 1.00052
26 88 1.00052
26 89 1.00052
26 90 1.00052
26 91 1.00052
26 92 1.00051
26 93 1.00051
26 94 1.00051
26 95 1.00051
26 96 1.0005
26 97 1.0005
26 98 1.0005
26 99 1.0005
26 100 1.00049
26 101 1.00049
26 102 1.00049
26 103 1.00048
26 104 1.00048
26 105 1.00048
26 106 1.00048
26 107 1.00047
26 108 1.00047
26 109 1.00047
26 110 1.00047
26 111 1.00047
26 112 1.00047
26 113 1.00047
26 114 1.00047
26 115 1.00048
26 116 1.00048
26 117 1.00049
26 118 1.0005
26 119 1.00052
26 120 1.00054
26 121 1.00057
26 122 1.0006
26 123 1.00063
26 124 1.00067
26 125 1.00072
26 126 1.00076
26 127 1.00081

27 0 0
27 1 1.00025
27 2 1.00025
27 3 1.00025
27 4 1.00025
27 5 1.00025
27 6 1.00025
27 7 1.00025
27 8 1.00025
27 9 1.00025
27 10 1.00025
27 11 1.00026
27 12 1.00026
27 13 1.00026
27 14 1.00026
27 15 1.00027
27 16 1.00027
27 17 1.00027
27 18 1.00027
27 19 1.00028
27 20 1.00028
27 21 1.00028
27 22 1.00029
27 23 1.00029
27 24 1.0003
27 25 1.0003
27 26 1.0003
27 27 1.00031
27 28 1.00031
27 29 1.00032
27 30 1.00032
27 31 1.00033
27 32 1.00033
27 33 1.00034
27 34 1.00034
27 35 1.00035
27 36 1.00035
27 37 1.00036
27 38 1.00036
27 39 1.00037
27 40 1.00037
27 41 1.00038
27 42 1.00038
27 43 1.00039
27 44 1.00039
27 45 1.0004
27 46 1.0004
27 47 1.00041
27 48 1.00041
27 49 1.00042
27 50 1.00042
27 51 1.00043
27 52 1.00043
27 53 1.00044
27 54 1.00044
27 55 1.00044
27 56 1.00045
27 57 1.00045
27 58 1.00046
27 59 1.00046
27 60 1.00047
27 61 1.00047
27 62 1.00048
27 63 1.00048
27 64 1.00048
27 65 1.00049
27 66 1.00049
27 67 1.00049
27 68 1.0005
27 69 1.0005
27 70 1.0005
27 71 1.0005
27 72 1.00051
27 73 1.00051
27 74 1.00051
27 75 1.00051
27 76 1.00051
27 77 1.00051
27 78 1.00052
27 79 1.00052
27 80 1.00052
27 81 1.00052
27 82 1.00052
27 83 1.00052
27 84 1.00052
27 85 1.00052
27 86 1.00052
27 87 1.00051
27 88 1.00051
27 89 1.00051
27 90 1.00051
27 91 1.00051
27 92 1.00051
27 93 1.0005
27 94 1.0005
27 95 1.0005
27 96 1.0005
27 97 1.00049
27 98 1.00049
27 99 1.00049
27 100 1.00049
27 101 1.00048
27 102 1.00048
27 103 1.00048
27 104 1.00048
27 105 1.00047
27 106 1.00047
27 107 1.00047
27 108 1.00047
27 109 1.00047
27 110 1.00047
27 111 1.00047
27 112 1.00047
27 113 1.00047
27 114 1.00047
27 115 1.00048
27 116 1.00049
27 117 1.00049
27 118 1.00051
27 119 1.00052
27 120 1.00054
27 121 1.00057
27 122 1.0006
27 123 1.00063
27 124 1.00067
27 125 1.00071
27 126 1.00076
27 127 1.0008

28 0 0
28 1 1.00026
28 2 1.00026
28 3 1.00026
28 4 1.00026
28 5 1.00026
28 6 1.00026
28 7 1.00026
28 8 1.00026
28 9 1.00026
28 10 1.00027
28 11 1.00027
28 12 1.00027
28 13 1.00027
28 14 1.00027
28 15 1.00028
28 16 1.00028
28 17 1.00028
28 18 1.00029
28 19 1.00029
28 20 1.00029
28 21 1.0003
28 22 1.0003
28 23 1.0003
28 24 1.00031
28 25 1.00031
28 26 1.00032
28 27 1.00032
28 28 1.00032
28 29 1.00033
28 30 1.00033
28 31 1.00034
28 32 1.00034
28 33 1.00035
28 34 1.00035
28 35 1.00036
28 36 1.00036
28 37 1.00037
28 38 1.00037
28 39 1.00038
28 40 1.00038
28 41 1.00038
28 42 1.00039
28 43 1.00039
28 44 1.0004
28 45 1.0004
28 46 1.00041
28 47 1.00041
28 48 1.00042
28 49 1.00042
28 50 1.00043
28 51 1.00043
28 52 1.00044
28 53 1.00044
28 54 1.00045
28 55 1.00045
28 56 1.00045
28 57 1.00046
28 58 1.00046
28 59 1.00047
28 60 1.00047
28 61 1.00047
28 62 1.00048
28 63 1.00048
28 64 1.00048
28 65 1.00049
28 66 1.00049
28 67 1.00049
28 68 1.00049
28 69 1.0005
28 70 1.0005
28 71 1.0005
28 72 1.0005
28 73 1.0005
28 74 1.00051
28 75 1.00051
28 76 1.00051
28 77 1.00051
28 78 1.00051
28 79 1.00051
28 80 1.00051
28 81 1.00051
28 82 1.00051
28 83 1.00051
28 84 1.00051
28 85 1.00051
28 86 1.00051
28 87 1.00051
28 88 1.0005
28 89 1.0005
28 90 1.0005
28 91 1.0005
28 92 1.0005
28 93 1.0005
28 94 1.00049
28 95 1.00049
28 96 1.00049
28 97 1.00049
28 98 1.00048
28 99 1.00048
28 100 1.00048
28 101 1.00048
28 102 1.00047
28 103 1.00047
28 104 1.00047
28 105 1.00047
28 106 1.00047
28 107 1.00047
28 108 1.00046
28 109 1.00046
28 110 1.00046
28 111 1.00047
28 112 1.00047
28 113 1.00047
28 114 1.00047
28 115 1.00048
28 116 1.00049
28 117 1.0005
28 118 1.00051
28 119 1.00052
28 120 1.00054
28 121 1.00057
28 122 1.0006
28 123 1.00063
28 124 1.00067
28 125 1.00071
28 126 1.00075
28 127 1.00079

29 0 0
29 1 1.00027
29 2 1.00027
29 3 1.00027
29 4 1.00027
29 5 1.00027
29 6 1.00027
29 7 1.00027
29 8 1.00028
29 9 1.00028
29 10 1.00028
29 11 1.00028
29 12 1.00028
29 13 1.00028
29 14 1.00029
29 15 1.00029
29 16 1.00029
29 17 1.00029
29 18 1.0003
29 19 1.0003
29 20 1.0003
29 21 1.00031
29 22 1.00031
29 23 1.00032
29 24 1.00032
29 25 1.00032
29 26 1.00033
29 27 1.00033
29 28 1.00034
29 29 1.00034
29 30 1.00034
29 31 1.00035
29 32 1.00035
29 33 1.00036
29 34 1.00036
29 35 1.00037
29 36 1.00037
29 37 1.00038
29 38 1.00038
29 39 1.00038
29 40 1.00039
29 41 1.00039
29 42 1.0004
29 43 1.0004
29 44 1.00041
29 45 1.00041
29 46 1.00042
29 47 1.00042
29 48 1.00043
29 49 1.00043
29 50 1.00043
29 51 1.00044
29 52 1.00044
29 53 1.00045
29 54 1.00045
29 55 1.00045
29 56 1.00046
29 57 1.00046
29 58 1.00047
29 59 1.00047
29 60 1.00047
29 61 1.00048
29 62 1.00048
29 63 1.00048
29 64 1.00048
29 65 1.00049
29 66 1.00049
29 67 1.00049
29 68 1.00049
29 69 1.0005
29 70 1.0005
29 71 1.0005
29 72 1.0005
29 73 1.0005
29 74 1.0005
29 75 1.0005
29 76 1.0005
29 77 1.0005
29 78 1.0005
29 79 1.0005
29 80 1.0005
29 81 1.0005
29 82 1.0005
29 83 1.0005
29 84 1.0005
29 85 1.0005
29 86 1.0005
29 87 1.0005
29 88 1.00049
29 89 1.00049
29 90 1.00049
29 91 1.00049
29 92 1.00049
29 93 1.00049
29 94 1.00048
29 95 1.00048
29 96 1.00048
29 97 1.00048
29 98 1.00047
29 99 1.00047
29 100 1.00047
29 101 1.00047
29 102 1.00047
29 103 1.00047
29 104 1.00046
29 105 1.00046
29 106 1.00046
29 107 1.00046
29 108 1.00046
29 109 1.00046
29 110 1.00046
29 111 1.00046
29 112 1.00046
29 113 1.00047
29 114 1.00047
29 115 1.00048
29 116 1.00048
29 117 1.00049
29 118 1.00051
29 119 1.00052
29 120 1.00054
29 121 1.00057
29 122 1.00059
29 123 1.00063
29 124 1.00066
29 125 1.0007
29 126 1.00074
29 127 1.00077

30 0 0
30 1 1.00028
30 2 1.00028
30 3 1.00028
30 4 1.00028
30 5 1.00028
30 6 1.00029
30 7 1.00029
30 8 1.00029
30 9 1.00029
30 10 1.00029
30 11 1.00029
30 12 1.00029
30 13 1.0003
30 14 1.0003
30 15 1.0003
30 16 1.0003
30 17 1.00031
30 18 1.00031
30 19 1.00031
30 20 1.00032
30 21 1.00032
30 22 1.00032
30 23 1.00033
30 24 1.00033
30 25 1.00033
30 26 1.00034
30 27 1.00034
30 28 1.00035
30 29 1.00035
30 30 1.00035
30 31 1.00036
30 32 1.00036
30 33 1.00037
30 34 1.00037
30 35 1.00038
30 36 1.00038
30 37 1.00038
30 38 1.00039
30 39 1.00039
30 40 1.0004
30 41 1.0004
30 42 1.00041
30 43 1.00041
30 44 1.00042
30 45 1.00042
30 46 1.00042
30 47 1.00043
30 48 1.00043
30 49 1.00044
30 50 1.00044
30 51 1.00044
30 52 1.00045
30 53 1.00045
30 54 1.00045
30 55 1.00046
30 56 1.00046
30 57 1.00046
30 58 1.00047
30 59 1.00047
30 60 1.00047
30 61 1.00048
30 62 1.00048
30 63 1.00048
30 64 1.00048
30 65 1.00049
30 66 1.00049
30 67 1.00049
30 68 1.00049
30 69 1.00049
30 70 1.00049
30 71 1.00049
30 72 1.0005
30 73 1.0005
30 74 1.0005
30 75 1.0005
30 76 1.0005
30 77 1.0005
30 78 1.0005
30 79 1.0005
30 80 1.00049
30 81 1.00049
30 82 1.00049
30 83 1.00049
30 84 1.00049
30 85 1.00049
30 86 1.00049
30 87 1.00049
30 88 1.00048
30 89 1.00048
30 90 1.00048
30 91 1.00048
30 92 1.00048
30 93 1.00047
30 94 1.00047
30 95 1.00047
30 96 1.00047
30 97 1.00047
30 98 1.00046
30 99 1.00046
30 100 1.00046
30 101 1.00046
30 102 1.00046
30 103 1.00046
30 104 1.00046
30 105 1.00045
30 106 1.00045
30 107 1.00045
30 108 1.00045
30 109 1.00045
30 110 1.00046
30 111 1.00046
30 112 1.00046
30 113 1.00046
30 114 1.00047
30 115 1.00047
30 116 1.00048
30 117 1.00049
30 118 1.0005
30 119 1.00052
30 120 1.00054
30 121 1.00056
30 122 1.00059
30 123 1.00062
30 124 1.00065
30 125 1.00069
30 126 1.00073
30 127 1.00076

31 0 0
31 1 1.00029
31 2 1.00029
31 3 1.0003
31 4 1.0003
31 5 1.0003
31 6 1.0003
31 7 1.0003
31 8 1.0003
31 9 1.0003
31 10 1.0003
31 11 1.0003
31 12 1.00031
31 13 1.00031
31 14 1.00031
31 15 1.00031
31 16 1.00032
31 17 1.00032
31 18 1.00032
31 19 1.00032
31 20 1.00033
31 21 1.00033
31 22 1.00033
31 23 1.00034
31 24 1.00034
31 25 1.00034
31 26 1.00035
31 27 1.00035
31 28 1.00036
31 29 1.00036
31 30 1.00036
31 31 1.00037
31 32 1.00037
31 33 1.00038
31 34 1.00038
31 35 1.00039
31 36 1.00039
31 37 1.00039
31 38 1.0004
31 39 1.0004
31 40 1.00041
31 41 1.00041
31 42 1.00041
31 43 1.00042
31 44 1.00042
31 45 1.00043
31 46 1.00043
31 47 1.00043
31 48 1.00044
31 49 1.00044
31 50 1.00045
31 51 1.00045
31 52 1.00045
31 53 1.00046
31 54 1.00046
31 55 1.00046
31 56 1.00046
31 57 1.00047
31 58 1.00047
31 59 1.00047
31 60 1.00048
31 61 1.00048
31 62 1.00048
31 63 1.00048
31 64 1.00048
31 65 1.00048
31 66 1.00049
31 67 1.00049
31 68 1.00049
31 69 1.00049
31 70 1.00049
31 71 1.00049
31 72 1.00049
31 73 1.00049
31 74 1.00049
31 75 1.00049
31 76 1.00049
31 77 1.00049
31 78 1.00049
31 79 1.00049
31 80 1.00049
31 81 1.00048
31 82 1.00048
31 83 1.00048
31 84 1.00048
31 85 1.00048
31 86 1.00048
31 87 1.00048
31 88 1.00047
31 89 1.00047
31 90 1.00047
31 91 1.00047
31 92 1.00047
31 93 1.00046
31 94 1.00046
31 95 1.00046
31 96 1.00046
31 97 1.00046
31 98 1.00045
31 99 1.00045
31 100 1.00045
31 101 1.00045
31 102 1.00045
31 103 1.00045
31 104 1.00045
31 105 1.00045
31 106 1.00045
31 107 1.00045
31 108 1.00045
31 109 1.00045
31 110 1.00045
31 111 1.00045
31 112 1.00045
31 113 1.00046
31 114 1.00046
31 115 1.00047
31 116 1.00048
31 117 1.00049
31 118 1.0005
31 119 1.00052
31 120 1.00053
31 121 1.00056
31 122 1.00058
31 123 1.00061
31 124 1.00064
31 125 1.00068
31 126 1.00071
31 127 1.00075

32 0 0
32 1 1.00031
32 2 1.00031
32 3 1.00031
32 4 1.00031
32 5 1.00031
32 6 1.00031
32 7 1.00031
32 8 1.00031
32 9 1.00031
32 10 1.00031
32 11 1.00032
32 12 1.00032
32 13 1.00032
32 14 1.00032
32 15 1.00032
32 16 1.00033
32 17 1.00033
32 18 1.00033
32 19 1.00034
32 20 1.00034
32 21 1.00034
32 22 1.00034
32 23 1.00035
32 24 1.00035
32 25 1.00036
32 26 1.00036
32 27 1.00036
32 28 1.00037
32 29 1.00037
32 30 1.00037
32 31 1.00038
32 32 1.00038
32 33 1.00039
32 34 1.00039
32 35 1.00039
32 36 1.0004
32 37 1.0004
32 38 1.00041
32 39 1.00041
32 40 1.00041
32 41 1.00042
32 42 1.00042
32 43 1.00043
32 44 1.00043
32 45 1.00043
32 46 1.00044
32 47 1.00044
32 48 1.00044
32 49 1.00045
32 50 1.00045
32 51 1.00045
32 52 1.00046
32 53 1.00046
32 54 1.00046
32 55 1.00046
32 56 1.00047
32 57 1.00047
32 58 1.00047
32 59 1.00047
32 60 1.00048
32 61 1.00048
32 62 1.00048
32 63 1.00048
32 64 1.00048
32 65 1.00048
32 66 1.00048
32 67 1.00048
32 68 1.00048
32 69 1.00048
32 70 1.00048
32 71 1.00048
32 72 1.00048
32 73 1.00048
32 74 1.00048
32 75 1.00048
32 76 1.00048
32 77 1.00048
32 78 1.00048
32 79 1.00048
32 80 1.00048
32 81 1.00048
32 82 1.00047
32 83 1.00047
32 84 1.00047
32 85 1.00047
32 86 1.00047
32 87 1.00046
32 88 1.00046
32 89 1.00046
32 90 1.00046
32 91 1.00046
32 92 1.00045
32 93 1.00045
32 94 1.00045
32 95 1.00045
32 96 1.00045
32 97 1.00044
32 98 1.00044
32 99 1.00044
32 100 1.00044
32 101 1.00044
32 102 1.00044
32 103 1.00044
32 104 1.00044
32 105 1.00044
32 106 1.00044
32 107 1.00044
32 108 1.00044
32 109 1.00044
32 110 1.00044
32 111 1.00044
32 112 1.00045
32 113 1.00045
32 114 1.00046
32 115 1.00046
32 116 1.00047
32 117 1.00048
32 118 1.00049
32 119 1.00051
32 120 1.00053
32 121 1.00055
32 122 1.00057
32 123 1.0006
32 124 1.00063
32 125 1.00066
32 126 1.0007
32 127 1.00073

33 0 0
33 1 1.00032
33 2 1.00032
33 3 1.00032
33 4 1.00032
33 5 1.00032
33 6 1.00032
33 7 1.00032
33 8 1.00032
33 9 1.00032
33 10 1.00033
33 11 1.00033
33 12 1.00033
33 13 1.00033
33 14 1.00033
33 15 1.00034
33 16 1.00034
33 17 1.00034
33 18 1.00034
33 19 1.00035
33 20 1.00035
33 21 1.00035
33 22 1.00036
33 23 1.00036
33 24 1.00036
33 25 1.00037
33 26 1.00037
33 27 1.00037
33 28 1.00038
33 29 1.00038
33 30 1.00038
33 31 1.00039
33 32 1.00039
33 33 1.0004
33 34 1.0004
33 35 1.0004
33 36 1.00041
33 37 1.00041
33 38 1.00041
33 39 1.00042
33 40 1.00042
33 41 1.00043
33 42 1.00043
33 43 1.00043
33 44 1.00044
33 45 1.00044
33 46 1.00044
33 47 1.00045
33 48 1.00045
33 49 1.00045
33 50 1.00045
33 51 1.00046
33 52 1.00046
33 53 1.00046
33 54 1.00047
33 55 1.00047
33 56 1.00047
33 57 1.00047
33 58 1.00047
33 59 1.00047
33 60 1.00048
33 61 1.00048
33 62 1.00048
33 63 1.00048
33 64 1.00048
33 65 1.00048
33 66 1.00048
33 67 1.00048
33 68 1.00048
33 69 1.00048
33 70 1.00048
33 71 1.00048
33 72 1.00048
33 73 1.00048
33 74 1.00048
33 75 1.00047
33 76 1.00047
33 77 1.00047
33 78 1.00047
33 79 1.00047
33 80 1.00047
33 81 1.00046
33 82 1.00046
33 83 1.00046
33 84 1.00046
33 85 1.00046
33 86 1.00045
33 87 1.00045
33 88 1.00045
33 89 1.00045
33 90 1.00044
33 91 1.00044
33 92 1.00044
33 93 1.00044
33 94 1.00044
33 95 1.00043
33 96 1.00043
33 97 1.00043
33 98 1.00043
33 99 1.00043
33 100 1.00043
33 101 1.00043
33 102 1.00043
33 103 1.00042
33 104 1.00042
33 105 1.00042
33 106 1.00042
33 107 1.00043
33 108 1.00043
33 109 1.00043
33 110 1.00043
33 111 1.00043
33 112 1.00044
33 113 1.00044
33 114 1.00045
33 115 1.00045
33 116 1.00046
33 117 1.00047
33 118 1.00049
33 119 1.0005
33 120 1.00052
33 121 1.00054
33 122 1.00056
33 123 1.00059
33 124 1.00062
33 125 1.00065
33 126 1.00068
33 127 1.00071

34 0 0
34 1 1.00033
34 2 1.00033
34 3 1.00033
34 4 1.00033
34 5 1.00033
34 6 1.00033
34 7 1.00033
34 8 1.00033
34 9 1.00034
34 10 1.00034
34 11 1.00034
34 12 1.00034
34 13 1.00034
34 14 1.00034
34 15 1.00035
34 16 1.00035
34 17 1.00035
34 18 1.00035
34 19 1.00036
34 20 1.00036
34 21 1.00036
34 22 1.00037
34 23 1.00037
34 24 1.00037
34 25 1.00038
34 26 1.00038
34 27 1.00038
34 28 1.00039
34 29 1.00039
34 30 1.00039
34 31 1.0004
34 32 1.0004
34 33 1.0004
34 34 1.00041
34 35 1.00041
34 36 1.00041
34 37 1.00042
34 38 1.00042
34 39 1.00043
34 40 1.00043
34 41 1.00043
34 42 1.00044
34 43 1.00044
34 44 1.00044
34 45 1.00044
34 46 1.00045
34 47 1.00045
34 48 1.00045
34 49 1.00046
34 50 1.00046
34 51 1.00046
34 52 1.00046
34 53 1.00047
34 54 1.00047
34 55 1.00047
34 56 1.00047
34 57 1.00047
34 58 1.00047
34 59 1.00047
34 60 1.00048
34 61 1.00048
34 62 1.00048
34 63 1.00048
34 64 1.00048
34 65 1.00048
34 66 1.00048
34 67 1.00048
34 68 1.00048
34 69 1.00047
34 70 1.00047
34 71 1.00047
34 72 1.00047
34 73 1.00047
34 74 1.00047
34 75 1.00047
34 76 1.00046
34 77 1.00046
34 78 1.00046
34 79 1.00046
34 80 1.00046
34 81 1.00045
34 82 1.00045
34 83 1.00045
34 84 1.00045
34 85 1.00044
34 86 1.00044
34 87 1.00044
34 88 1.00044
34 89 1.00043
34 90 1.00043
34 91 1.00043
34 92 1.00043
34 93 1.00042
34 94 1.00042
34 95 1.00042
34 96 1.00042
34 97 1.00042
34 98 1.00042
34 99 1.00041
34 100 1.00041
34 101 1.00041
34 102 1.00041
34 103 1.00041
34 104 1.00041
34 105 1.00041
34 106 1.00041
34 107 1.00041
34 108 1.00042
34 109 1.00042
34 110 1.00042
34 111 1.00042
34 112 1.00043
34 113 1.00043
34 114 1.00044
34 115 1.00044
34 116 1.00045
34 117 1.00046
34 118 1.00048
34 119 1.00049
34 120 1.00051
34 121 1.00053
34 122 1.00055
34 123 1.00058
34 124 1.00061
34 125 1.00063
34 126 1.00066
34 127 1.00069

35 0 0
35 1 1.00034
35 2 1.00034
35 3 1.00034
35 4 1.00034
35 5 1.00034
35 6 1.00034
35 7 1.00034
35 8 1.00034
35 9 1.00035
35 10 1.00035
35 11 1.00035
35 12 1.00035
35 13 1.00035
35 14 1.00035
35 15 1.00036
35 16 1.00036
35 17 1.00036
35 18 1.00036
35 19 1.00037
35 20 1.00037
35 21 1.00037
35 22 1.00038
35 23 1.00038
35 24 1.00038
35 25 1.00038
35 26 1.00039
35 27 1.00039
35 28 1.00039
35 29 1.0004
35 30 1.0004
35 31 1.0004
35 32 1.00041
35 33 1.00041
35 34 1.00041
35 35 1.00042
35 36 1.00042
35 37 1.00043
35 38 1.00043
35 39 1.00043
35 40 1.00044
35 41 1.00044
35 42 1.00044
35 43 1.00044
35 44 1.00045
35 45 1.00045
35 46 1.00045
35 47 1.00046
35 48 1.00046
35 49 1.00046
35 50 1.00046
35 51 1.00046
35 52 1.00047
35 53 1.00047
35 54 1.00047
35 55 1.00047
35 56 1.00047
35 57 1.00047
35 58 1.00047
35 59 1.00047
35 60 1.00047
35 61 1.00047
35 62 1.00047
35 63 1.00047
35 64 1.00047
35 65 1.00047
35 66 1.00047
35 67 1.00047
35 68 1.00047
35 69 1.00047
35 70 1.00047
35 71 1.00047
35 72 1.00046
35 73 1.00046
35 74 1.00046
35 75 1.00046
35 76 1.00045
35 77 1.00045
35 78 1.00045
35 79 1.00045
35 80 1.00044
35 81 1.00044
35 82 1.00044
35 83 1.00044
35 84 1.00043
35 85 1.00043
35 86 1.00043
35 87 1.00042
35 88 1.00042
35 89 1.00042
35 90 1.00042
35 91 1.00041
35 92 1.00041
35 93 1.00041
35 94 1.00041
35 95 1.0004
35 96 1.0004
35 97 1.0004
35 98 1.0004
35 99 1.0004
35 100 1.0004
35 101 1.0004
35 102 1.0004
35 103 1.0004
35 104 1.0004
35 105 1.0004
35 106 1.0004
35 107 1.0004
35 108 1.0004
35 109 1.0004
35 110 1.00041
35 111 1.00041
35 112 1.00042
35 113 1.00042
35 114 1.00043
35 115 1.00043
35 116 1.00044
35 117 1.00045
35 118 1.00046
35 119 1.00048
35 120 1.0005
35 121 1.00052
35 122 1.00054
35 123 1.00056
35 124 1.00059
35 125 1.00062
35 126 1.00065
35 127 1.00067

36 0 0
36 1 1.00035
36 2 1.00035
36 3 1.00035
36 4 1.00035
36 5 1.00035
36 6 1.00035
36 7 1.00035
36 8 1.00036
36 9 1.00036
36 10 1.00036
36 11 1.00036
36 12 1.00036
36 13 1.00036
36 14 1.00036
36 15 1.00037
36 16 1.00037
36 17 1.00037
36 18 1.00037
36 19 1.00038
36 20 1.00038
36 21 1.00038
36 22 1.00038
36 23 1.00039
36 24 1.00039
36 25 1.00039
36 26 1.0004
36 27 1.0004
36 28 1.0004
36 29 1.00041
36 30 1.00041
36 31 1.00041
36 32 1.00042
36 33 1.00042
36 34 1.00042
36 35 1.00043
36 36 1.00043
36 37 1.00043
36 38 1.00043
36 39 1.00044
36 40 1.00044
36 41 1.00044
36 42 1.00045
36 43 1.00045
36 44 1.00045
36 45 1.00045
36 46 1.00046
36 47 1.00046
36 48 1.00046
36 49 1.00046
36 50 1.00046
36 51 1.00047
36 52 1.00047
36 53 1.00047
36 54 1.00047
36 55 1.00047
36 56 1.00047
36 57 1.00047
36 58 1.00047
36 59 1.00047
36 60 1.00047
36 61 1.00047
36 62 1.00047
36 63 1.00047
36 64 1.00047
36 65 1.00047
36 66 1.00047
36 67 1.00047
36 68 1.00046
36 69 1.00046
36 70 1.00046
36 71 1.00046
36 72 1.00046
36 73 1.00045
36 74 1.00045
36 75 1.00045
36 76 1.00044
36 77 1.00044
36 78 1.00044
36 79 1.00043
36 80 1.00043
36 81 1.00043
36 82 1.00042
36 83 1.00042
36 84 1.00042
36 85 1.00041
36 86 1.00041
36 87 1.00041
36 88 1.00041
36 89 1.0004
36 90 1.0004
36 91 1.0004
36 92 1.00039
36 93 1.00039
36 94 1.00039
36 95 1.00039
36 96 1.00039
36 97 1.00039
36 98 1.00038
36 99 1.00038
36 100 1.00038
36 101 1.00038
36 102 1.00038
36 103 1.00038
36 104 1.00038
36 105 1.00038
36 106 1.00038
36 107 1.00039
36 108 1.00039
36 109 1.00039
36 110 1.00039
36 111 1.0004
36 112 1.0004
36 113 1.00041
36 114 1.00041
36 115 1.00042
36 116 1.00043
36 117 1.00044
36 118 1.00045
36 119 1.00047
36 120 1.00048
36 121 1.0005
36 122 1.00052
36 123 1.00055
36 124 1.00057
36 125 1.0006
36 126 1.00063
36 127 1.00065

37 0 0
37 1 1.00036
37 2 1.00036
37 3 1.00036
37 4 1.00036
37 5 1.00036
37 6 1.00036
37 7 1.00036
37 8 1.00037
37 9 1.00037
37 10 1.00037
37 11 1.00037
37 12 1.00037
37 13 1.00037
37 14 1.00037
37 15 1.00038
37 16 1.00038
37 17 1.00038
37 18 1.00038
37 19 1.00039
37 20 1.00039
37 21 1.00039
37 22 1.00039
37 23 1.0004
37 24 1.0004
37 25 1.0004
37 26 1.0004
37 27 1.00041
37 28 1.00041
37 29 1.00041
37 30 1.00042
37 31 1.00042
37 32 1.00042
37 33 1.00043
37 34 1.00043
37 35 1.00043
37 36 1.00043
37 37 1.00044
37 38 1.00044
37 39 1.00044
37 40 1.00045
37 41 1.00045
37 42 1.00045
37 43 1.00045
37 44 1.00046
37 45 1.00046
37 46 1.00046
37 47 1.00046
37 48 1.00046
37 49 1.00047
37 50 1.00047
37 51 1.00047
37 52 1.00047
37 53 1.00047
37 54 1.00047
37 55 1.00047
37 56 1.00047
37 57 1.00047
37 58 1.00047
37 59 1.00047
37 60 1.00047
37 61 1.00047
37 62 1.00047
37 63 1.00047
37 64 1.00047
37 65 1.00046
37 66 1.00046
37 67 1.00046
37 68 1.00046
37 69 1.00046
37 70 1.00045
37 71 1.00045
37 72 1.00045
37 73 1.00044
37 74 1.00044
37 75 1.00044
37 76 1.00043
37 77 1.00043
37 78 1.00043
37 79 1.00042
37 80 1.00042
37 81 1.00041
37 82 1.00041
37 83 1.00041
37 84 1.0004
37 85 1.0004
37 86 1.0004
37 87 1.00039
37 88 1.00039
37 89 1.00039
37 90 1.00038
37 91 1.00038
37 92 1.00038
37 93 1.00038
37 94 1.00037
37 95 1.00037
37 96 1.00037
37 97 1.00037
37 98 1.00037
37 99 1.00037
37 100 1.00037
37 101 1.00037
37 102 1.00037
37 103 1.00037
37 104 1.00037
37 105 1.00037
37 106 1.00037
37 107 1.00037
37 108 1.00037
37 109 1.00038
37 110 1.00038
37 111 1.00038
37 112 1.00039
37 113 1.00039
37 114 1.0004
37 115 1.00041
37 116 1.00042
37 117 1.00043
37 118 1.00044
37 119 1.00045
37 120 1.00047
37 121 1.00049
37 122 1.00051
37 123 1.00053
37 124 1.00055
37 125 1.00058
37 126 1.00061
37 127 1.00063

38 0 0
38 1 1.00037
38 2 1.00037
38 3 1.00037
38 4 1.00037
38 5 1.00037
38 6 1.00037
38 7 1.00037
38 8 1.00038
38 9 1.00038
38 10 1.00038
38 11 1.00038
38 12 1.00038
38 13 1.00038
38 14 1.00038
38 15 1.00039
38 16 1.00039
38 17 1.00039
38 18 1.00039
38 19 1.00039
38 20 1.0004
38 21 1.0004
38 22 1.0004
38 23 1.0004
38 24 1.00041
38 25 1.00041
38 26 1.00041
38 27 1.00042
38 28 1.00042
38 29 1.00042
38 30 1.00042
38 31 1.00043
38 32 1.00043
38 33 1.00043
38 34 1.00043
38 35 1.00044
38 36 1.00044
38 37 1.00044
38 38 1.00045
38 39 1.00045
38 40 1.00045
38 41 1.00045
38 42 1.00046
38 43 1.00046
38 44 1.00046
38 45 1.00046
38 46 1.00046
38 47 1.00046
38 48 1.00047
38 49 1.00047
38 50 1.00047
38 51 1.00047
38 52 1.00047
38 53 1.00047
38 54 1.00047
38 55 1.00047
38 56 1.00047
38 57 1.00047
38 58 1.00047
38 59 1.00047
38 60 1.00047
38 61 1.00047
38 62 1.00046
38 63 1.00046
38 64 1.00046
38 65 1.00046
38 66 1.00046
38 67 1.00045
38 68 1.00045
38 69 1.00045
38 70 1.00044
38 71 1.00044
38 72 1.00044
38 73 1.00043
38 74 1.00043
38 75 1.00043
38 76 1.00042
38 77 1.00042
38 78 1.00041
38 79 1.00041
38 80 1.0004
38 81 1.0004
38 82 1.0004
38 83 1.00039
38 84 1.00039
38 85 1.00038
38 86 1.00038
38 87 1.00038
38 88 1.00037
38 89 1.00037
38 90 1.00037
38 91 1.00036
38 92 1.00036
38 93 1.00036
38 94 1.00036
38 95 1.00035
38 96 1.00035
38 97 1.00035
38 98 1.00035
38 99 1.00035
38 100 1.00035
38 101 1.00035
38 102 1.00035
38 103 1.00035
38 104 1.00035
38 105 1.00035
38 106 1.00035
38 107 1.00035
38 108 1.00036
38 109 1.00036
38 110 1.00036
38 111 1.00037
38 112 1.00037
38 113 1.00038
38 114 1.00038
38 115 1.00039
38 116 1.0004
38 117 1.00041
38 118 1.00042
38 119 1.00043
38 120 1.00045
38 121 1.00047
38 122 1.00049
38 123 1.00051
38 124 1.00053
38 125 1.00056
38 126 1.00058
38 127 1.00061

39 0 0
39 1 1.00038
39 2 1.00038
39 3 1.00038
39 4 1.00038
39 5 1.00038
39 6 1.00038
39 7 1.00038
39 8 1.00038
39 9 1.00039
39 10 1.00039
39 11 1.00039
39 12 1.00039
39 13 1.00039
39 14 1.00039
39 15 1.00039
39 16 1.0004
39 17 1.0004
39 18 1.0004
39 19 1.0004
39 20 1.0004
39 21 1.00041
39 22 1.00041
39 23 1.00041
39 24 1.00041
39 25 1.00042
39 26 1.00042
39 27 1.00042
39 28 1.00042
39 29 1.00043
39 30 1.00043
39 31 1.00043
39 32 1.00044
39 33 1.00044
39 34 1.00044
39 35 1.00044
39 36 1.00045
39 37 1.00045
39 38 1.00045
39 39 1.00045
39 40 1.00045
39 41 1.00046
39 42 1.00046
39 43 1.00046
39 44 1.00046
39 45 1.00046
39 46 1.00047
39 47 1.00047
39 48 1.00047
39 49 1.00047
39 50 1.00047
39 51 1.00047
39 52 1.00047
39 53 1.00047
39 54 1.00047
39 55 1.00047
39 56 1.00047
39 57 1.00047
39 58 1.00047
39 59 1.00047
39 60 1.00046
39 61 1.00046
39 62 1.00046
39 63 1.00046
39 64 1.00046
39 65 1.00045
39 66 1.00045
39 67 1.00045
39 68 1.00044
39 69 1.00044
39 70 1.00043
39 71 1.00043
39 72 1.00043
39 73 1.00042
39 74 1.00042
39 75 1.00041
39 76 1.00041
39 77 1.0004
39 78 1.0004
39 79 1.00039
39 80 1.00039
39 81 1.00039
39 82 1.00038
39 83 1.00038
39 84 1.00037
39 85 1.00037
39 86 1.00036
39 87 1.00036
39 88 1.00035
39 89 1.00035
39 90 1.00035
39 91 1.00034
39 92 1.00034
39 93 1.00034
39 94 1.00034
39 95 1.00033
39 96 1.00033
39 97 1.00033
39 98 1.00033
39 99 1.00033
39 100 1.00033
39 101 1.00033
39 102 1.00033
39 103 1.00033
39 104 1.00033
39 105 1.00033
39 106 1.00033
39 107 1.00034
39 108 1.00034
39 109 1.00034
39 110 1.00035
39 111 1.00035
39 112 1.00035
39 113 1.00036
39 114 1.00037
39 115 1.00037
39 116 1.00038
39 117 1.00039
39 118 1.0004
39 119 1.00042
39 120 1.00043
39 121 1.00045
39 122 1.00047
39 123 1.00049
39 124 1.00051
39 125 1.00054
39 126 1.00056
39 127 1.00058

40 0 0
40 1 1.00039
40 2 1.00039
40 3 1.00039
40 4 1.00039
40 5 1.00039
40 6 1.00039
40 7 1.00039
40 8 1.00039
40 9 1.00039
40 10 1.0004
40 11 1.0004
40 12 1.0004
40 13 1.0004
40 14 1.0004
40 15 1.0004
40 16 1.0004
40 17 1.00041
40 18 1.00041
40 19 1.00041
40 20 1.00041
40 21 1.00041
40 22 1.00042
40 23 1.00042
40 24 1.00042
40 25 1.00042
40 26 1.00043
40 27 1.00043
40 28 1.00043
40 29 1.00043
40 30 1.00044
40 31 1.00044
40 32 1.00044
40 33 1.00044
40 34 1.00045
40 35 1.00045
40 36 1.00045
40 37 1.00045
40 38 1.00045
40 39 1.00046
40 40 1.00046
40 41 1.00046
40 42 1.00046
40 43 1.00046
40 44 1.00046
40 45 1.00047
40 46 1.00047
40 47 1.00047
40 48 1.00047
40 49 1.00047
40 50 1.00047
40 51 1.00047
40 52 1.00047
40 53 1.00047
40 54 1.00047
40 55 1.00047
40 56 1.00047
40 57 1.00047
40 58 1.00046
40 59 1.00046
40 60 1.00046
40 61 1.00046
40 62 1.00045
40 63 1.00045
40 64 1.00045
40 65 1.00045
40 66 1.00044
40 67 1.00044
40 68 1.00043
40 69 1.00043
40 70 1.00043
40 71 1.00042
40 72 1.00042
40 73 1.00041
40 74 1.00041
40 75 1.0004
40 76 1.0004
40 77 1.00039
40 78 1.00038
40 79 1.00038
40 80 1.00037
40 81 1.00037
40 82 1.00036
40 83 1.00036
40 84 1.00035
40 85 1.00035
40 86 1.00034
40 87 1.00034
40 88 1.00034
40 89 1.00033
40 90 1.00033
40 91 1.00032
40 92 1.00032
40 93 1.00032
40 94 1.00032
40 95 1.00031
40 96 1.00031
40 97 1.00031
40 98 1.00031
40 99 1.00031
40 100 1.00031
40 101 1.00031
40 102 1.00031
40 103 1.00031
40 104 1.00031
40 105 1.00031
40 106 1.00031
40 107 1.00032
40 108 1.00032
40 109 1.00032
40 110 1.00033
40 111 1.00033
40 112 1.00034
40 113 1.00034
40 114 1.00035
40 115 1.00035
40 116 1.00036
40 117 1.00037
40 118 1.00038
40 119 1.0004
40 120 1.00041
40 121 1.00043
40 122 1.00045
40 123 1.00047
40 124 1.00049
40 125 1.00051
40 126 1.00053
40 127 1.00056

41 0 0
41 1 1.0004
41 2 1.0004
41 3 1.0004
41 4 1.0004
41 5 1.0004
41 6 1.0004
41 7 1.0004
41 8 1.0004
41 9 1.0004
41 10 1.0004
41 11 1.0004
41 12 1.00041
41 13 1.00041
41 14 1.00041
41 15 1.00041
41 16 1.00041
41 17 1.00041
41 18 1.00042
41 19 1.00042
41 20 1.00042
41 21 1.00042
41 22 1.00042
41 23 1.00043
41 24 1.00043
41 25 1.00043
41 26 1.00043
41 27 1.00043
41 28 1.00044
41 29 1.00044
41 30 1.00044
41 31 1.00044
41 32 1.00045
41 33 1.00045
41 34 1.00045
41 35 1.00045
41 36 1.00045
41 37 1.00046
41 38 1.00046
41 39 1.00046
41 40 1.00046
41 41 1.00046
41 42 1.00046
41 43 1.00046
41 44 1.00047
41 45 1.00047
41 46 1.00047
41 47 1.00047
41 48 1.00047
41 49 1.00047
41 50 1.00047
41 51 1.00047
41 52 1.00047
41 53 1.00047
41 54 1.00047
41 55 1.00046
41 56 1.00046
41 57 1.00046
41 58 1.00046
41 59 1.00046
41 60 1.00045
41 61 1.00045
41 62 1.00045
41 63 1.00045
41 64 1.00044
41 65 1.00044
41 66 1.00043
41 67 1.00043
41 68 1.00042
41 69 1.00042
41 70 1.00041
41 71 1.00041
41 72 1.0004
41 73 1.0004
41 74 1.00039
41 75 1.00039
41 76 1.00038
41 77 1.00038
41 78 1.00037
41 79 1.00036
41 80 1.00036
41 81 1.00035
41 82 1.00035
41 83 1.00034
41 84 1.00034
41 85 1.00033
41 86 1.00033
41 87 1.00032
41 88 1.00032
41 89 1.00031
41 90 1.00031
41 91 1.0003
41 92 1.0003
41 93 1.0003
41 94 1.00029
41 95 1.00029
41 96 1.00029
41 97 1.00029
41 98 1.00029
41 99 1.00029
41 100 1.00029
41 101 1.00029
41 102 1.00029
41 103 1.00029
41 104 1.00029
41 105 1.00029
41 106 1.00029
41 107 1.0003
41 108 1.0003
41 109 1.0003
41 110 1.00031
41 111 1.00031
41 112 1.00032
41 113 1.00032
41 114 1.00033
41 115 1.00033
41 116 1.00034
41 117 1.00035
41 118 1.00036
41 119 1.00038
41 120 1.00039
41 121 1.00041
41 122 1.00042
41 123 1.00044
41 124 1.00046
41 125 1.00049
41 126 1.00051
41 127 1.00053

42 0 0
42 1 1.00041
42 2 1.00041
42 3 1.00041
42 4 1.00041
42 5 1.00041
42 6 1.00041
42 7 1.00041
42 8 1.00041
42 9 1.00041
42 10 1.00041
42 11 1.00041
42 12 1.00041
42 13 1.00041
42 14 1.00042
42 15 1.00042
42 16 1.00042
42 17 1.00042
42 18 1.00042
42 19 1.00042
42 20 1.00043
42 21 1.00043
42 22 1.00043
42 23 1.00043
42 24 1.00043
42 25 1.00043
42 26 1.00044
42 27 1.00044
42 28 1.00044
42 29 1.00044
42 30 1.00045
42 31 1.00045
42 32 1.00045
42 33 1.00045
42 34 1.00045
42 35 1.00046
42 36 1.00046
42 37 1.00046
42 38 1.00046
42 39 1.00046
42 40 1.00046
42 41 1.00046
42 42 1.00047
42 43 1.00047
42 44 1.00047
42 45 1.00047
42 46 1.00047
42 47 1.00047
42 48 1.00047
42 49 1.00047
42 50 1.00047
42 51 1.00047
42 52 1.00047
42 53 1.00046
42 54 1.00046
42 55 1.00046
42 56 1.00046
42 57 1.00046
42 58 1.00046
42 59 1.00045
42 60 1.00045
42 61 1.00045
42 62 1.00044
42 63 1.00044
42 64 1.00043
42 65 1.00043
42 66 1.00042
42 67 1.00042
42 68 1.00041
42 69 1.00041
42 70 1.0004
42 71 1.0004
42 72 1.00039
42 73 1.00039
42 74 1.00038
42 75 1.00037
42 76 1.00037
42 77 1.00036
42 78 1.00035
42 79 1.00035
42 80 1.00034
42 81 1.00033
42 82 1.00033
42 83 1.00032
42 84 1.00032
42 85 1.00031
42 86 1.00031
42 87 1.0003
42 88 1.0003
42 89 1.00029
42 90 1.00029
42 91 1.00028
42 92 1.00028
42 93 1.00028
42 94 1.00027
42 95 1.00027
42 96 1.00027
42 97 1.00027
42 98 1.00027
42 99 1.00026
42 100 1.00026
42 101 1.00026
42 102 1.00026
42 103 1.00027
42 104 1.00027
42 105 1.00027
42 106 1.00027
42 107 1.00027
42 108 1.00028
42 109 1.00028
42 110 1.00028
42 111 1.00029
42 112 1.00029
42 113 1.0003
42 114 1.00031
42 115 1.00031
42 116 1.00032
42 117 1.00033
42 118 1.00034
42 119 1.00035
42 120 1.00037
42 121 1.00038
42 122 1.0004
42 123 1.00042
42 124 1.00044
42 125 1.00046
42 126 1.00048
42 127 1.0005

43 0 0
43 1 1.00041
43 2 1.00041
43 3 1.00041
43 4 1.00041
43 5 1.00041
43 6 1.00041
43 7 1.00042
43 8 1.00042
43 9 1.00042
43 10 1.00042
43 11 1.00042
43 12 1.00042
43 13 1.00042
43 14 1.00042
43 15 1.00042
43 16 1.00042
43 17 1.00043
43 18 1.00043
43 19 1.00043
43 20 1.00043
43 21 1.00043
43 22 1.00043
43 23 1.00044
43 24 1.00044
43 25 1.00044
43 26 1.00044
43 27 1.00044
43 28 1.00045
43 29 1.00045
43 30 1.00045
43 31 1.00045
43 32 1.00045
43 33 1.00045
43 34 1.00046
43 35 1.00046
43 36 1.00046
43 37 1.00046
43 38 1.00046
43 39 1.00046
43 40 1.00046
43 41 1.00047
43 42 1.00047
43 43 1.00047
43 44 1.00047
43 45 1.00047
43 46 1.00047
43 47 1.00047
43 48 1.00047
43 49 1.00047
43 50 1.00047
43 51 1.00046
43 52 1.00046
43 53 1.00046
43 54 1.00046
43 55 1.00046
43 56 1.00046
43 57 1.00045
43 58 1.00045
43 59 1.00045
43 60 1.00044
43 61 1.00044
43 62 1.00043
43 63 1.00043
43 64 1.00043
43 65 1.00042
43 66 1.00042
43 67 1.00041
43 68 1.0004
43 69 1.0004
43 70 1.00039
43 71 1.00039
43 72 1.00038
43 73 1.00037
43 74 1.00037
43 75 1.00036
43 76 1.00035
43 77 1.00034
43 78 1.00034
43 79 1.00033
43 80 1.00032
43 81 1.00032
43 82 1.00031
43 83 1.0003
43 84 1.0003
43 85 1.00029
43 86 1.00028
43 87 1.00028
43 88 1.00027
43 89 1.00027
43 90 1.00026
43 91 1.00026
43 92 1.00026
43 93 1.00025
43 94 1.00025
43 95 1.00025
43 96 1.00024
43 97 1.00024
43 98 1.00024
43 99 1.00024
43 100 1.00024
43 101 1.00024
43 102 1.00024
43 103 1.00024
43 104 1.00024
43 105 1.00025
43 106 1.00025
43 107 1.00025
43 108 1.00025
43 109 1.00026
43 110 1.00026
43 111 1.00027
43 112 1.00027
43 113 1.00028
43 114 1.00028
43 115 1.00029
43 116 1.0003
43 117 1.00031
43 118 1.00032
43 119 1.00033
43 120 1.00034
43 121 1.00036
43 122 1.00037
43 123 1.00039
43 124 1.00041
43 125 1.00043
43 126 1.00045
43 127 1.00047

44 0 0
44 1 1.00042
44 2 1.00042
44 3 1.00042
44 4 1.00042
44 5 1.00042
44 6 1.00042
44 7 1.00042
44 8 1.00042
44 9 1.00042
44 10 1.00042
44 11 1.00042
44 12 1.00043
44 13 1.00043
44 14 1.00043
44 15 1.00043
44 16 1.00043
44 17 1.00043
44 18 1.00043
44 19 1.00043
44 20 1.00044
44 21 1.00044
44 22 1.00044
44 23 1.00044
44 24 1.00044
44 25 1.00044
44 26 1.00045
44 27 1.00045
44 28 1.00045
44 29 1.00045
44 30 1.00045
44 31 1.00045
44 32 1.00046
44 33 1.00046
44 34 1.00046
44 35 1.00046
44 36 1.00046
44 37 1.00046
44 38 1.00046
44 39 1.00046
44 40 1.00047
44 41 1.00047
44 42 1.00047
44 43 1.00047
44 44 1.00047
44 45 1.00047
44 46 1.00047
44 47 1.00047
44 48 1.00047
44 49 1.00046
44 50 1.00046
44 51 1.00046
44 52 1.00046
44 53 1.00046
44 54 1.00046
44 55 1.00045
44 56 1.00045
44 57 1.00045
44 58 1.00044
44 59 1.00044
44 60 1.00044
44 61 1.00043
44 62 1.00043
44 63 1.00042
44 64 1.00042
44 65 1.00041
44 66 1.00041
44 67 1.0004
44 68 1.00039
44 69 1.00039
44 70 1.00038
44 71 1.00037
44 72 1.00036
44 73 1.00036
44 74 1.00035
44 75 1.00034
44 76 1.00033
44 77 1.00033
44 78 1.00032
44 79 1.00031
44 80 1.0003
44 81 1.0003
44 82 1.00029
44 83 1.00028
44 84 1.00028
44 85 1.00027
44 86 1.00026
44 87 1.00026
44 88 1.00025
44 89 1.00025
44 90 1.00024
44 91 1.00024
44 92 1.00023
44 93 1.00023
44 94 1.00022
44 95 1.00022
44 96 1.00022
44 97 1.00022
44 98 1.00022
44 99 1.00022
44 100 1.00022
44 101 1.00022
44 102 1.00022
44 103 1.00022
44 104 1.00022
44 105 1.00022
44 106 1.00022
44 107 1.00023
44 108 1.00023
44 109 1.00023
44 110 1.00024
44 111 1.00024
44 112 1.00025
44 113 1.00025
44 114 1.00026
44 115 1.00027
44 116 1.00027
44 117 1.00028
44 118 1.00029
44 119 1.0003
44 120 1.00032
44 121 1.00033
44 122 1.00035
44 123 1.00036
44 124 1.00038
44 125 1.0004
44 126 1.00042
44 127 1.00044

45 0 0
45 1 1.00043
45 2 1.00043
45 3 1.00043
45 4 1.00043
45 5 1.00043
45 6 1.00043
45 7 1.00043
45 8 1.00043
45 9 1.00043
45 10 1.00043
45 11 1.00043
45 12 1.00043
45 13 1.00043
45 14 1.00043
45 15 1.00043
45 16 1.00044
45 17 1.00044
45 18 1.00044
45 19 1.00044
45 20 1.00044
45 21 1.00044
45 22 1.00044
45 23 1.00044
45 24 1.00045
45 25 1.00045
45 26 1.00045
45 27 1.00045
45 28 1.00045
45 29 1.00045
45 30 1.00045
45 31 1.00046
45 32 1.00046
45 33 1.00046
45 34 1.00046
45 35 1.00046
45 36 1.00046
45 37 1.00046
45 38 1.00046
45 39 1.00046
45 40 1.00047
45 41 1.00047
45 42 1.00047
45 43 1.00047
45 44 1.00047
45 45 1.00047
45 46 1.00046
45 47 1.00046
45 48 1.00046
45 49 1.00046
45 50 1.00046
45 51 1.00046
45 52 1.00046
45 53 1.00045
45 54 1.00045
45 55 1.00045
45 56 1.00045
45 57 1.00044
45 58 1.00044
45 59 1.00043
45 60 1.00043
45 61 1.00042
45 62 1.00042
45 63 1.00041
45 64 1.00041
45 65 1.0004
45 66 1.00039
45 67 1.00039
45 68 1.00038
45 69 1.00037
45 70 1.00037
45 71 1.00036
45 72 1.00035
45 73 1.00034
45 74 1.00033
45 75 1.00033
45 76 1.00032
45 77 1.00031
45 78 1.0003
45 79 1.00029
45 80 1.00028
45 81 1.00028
45 82 1.00027
45 83 1.00026
45 84 1.00025
45 85 1.00025
45 86 1.00024
45 87 1.00023
45 88 1.00023
45 89 1.00022
45 90 1.00022
45 91 1.00021
45 92 1.00021
45 93 1.0002
45 94 1.0002
45 95 1.0002
45 96 1.00019
45 97 1.00019
45 98 1.00019
45 99 1.00019
45 100 1.00019
45 101 1.00019
45 102 1.00019
45 103 1.00019
45 104 1.00019
45 105 1.00019
45 106 1.0002
45 107 1.0002
45 108 1.0002
45 109 1.00021
45 110 1.00021
45 111 1.00022
45 112 1.00022
45 113 1.00023
45 114 1.00023
45 115 1.00024
45 116 1.00025
45 117 1.00026
45 118 1.00027
45 119 1.00028
45 120 1.00029
45 121 1.0003
45 122 1.00032
45 123 1.00033
45 124 1.00035
45 125 1.00037
45 126 1.00039
45 127 1.00041

46 0 0
46 1 1.00043
46 2 1.00043
46 3 1.00043
46 4 1.00043
46 5 1.00043
46 6 1.00043
46 7 1.00043
46 8 1.00043
46 9 1.00043
46 10 1.00043
46 11 1.00044
46 12 1.00044
46 13 1.00044
46 14 1.00044
46 15 1.00044
46 16 1.00044
46 17 1.00044
46 18 1.00044
46 19 1.00044
46 20 1.00044
46 21 1.00045
46 22 1.00045
46 23 1.00045
46 24 1.00045
46 25 1.00045
46 26 1.00045
46 27 1.00045
46 28 1.00045
46 29 1.00046
46 30 1.00046
46 31 1.00046
46 32 1.00046
46 33 1.00046
46 34 1.00046
46 35 1.00046
46 36 1.00046
46 37 1.00046
46 38 1.00046
46 39 1.00046
46 40 1.00046
46 41 1.00046
46 42 1.00046
46 43 1.00046
46 44 1.00046
46 45 1.00046
46 46 1.00046
46 47 1.00046
46 48 1.00046
46 49 1.00046
46 50 1.00046
46 51 1.00045
46 52 1.00045
46 53 1.00045
46 54 1.00045
46 55 1.00044
46 56 1.00044
46 57 1.00044
46 58 1.00043
46 59 1.00043
46 60 1.00042
46 61 1.00042
46 62 1.00041
46 63 1.0004
46 64 1.0004
46 65 1.00039
46 66 1.00038
46 67 1.00038
46 68 1.00037
46 69 1.00036
46 70 1.00035
46 71 1.00034
46 72 1.00034
46 73 1.00033
46 74 1.00032
46 75 1.00031
46 76 1.0003
46 77 1.00029
46 78 1.00028
46 79 1.00027
46 80 1.00026
46 81 1.00026
46 82 1.00025
46 83 1.00024
46 84 1.00023
46 85 1.00022
46 86 1.00022
46 87 1.00021
46 88 1.0002
46 89 1.0002
46 90 1.00019
46 91 1.00018
46 92 1.00018
46 93 1.00018
46 94 1.00017
46 95 1.00017
46 96 1.00017
46 97 1.00016
46 98 1.00016
46 99 1.00016
46 100 1.00016
46 101 1.00016
46 102 1.00016
46 103 1.00016
46 104 1.00017
46 105 1.00017
46 106 1.00017
46 107 1.00017
46 108 1.00018
46 109 1.00018
46 110 1.00018
46 111 1.00019
46 112 1.00019
46 113 1.0002
46 114 1.00021
46 115 1.00021
46 116 1.00022
46 117 1.00023
46 118 1.00024
46 119 1.00025
46 120 1.00026
46 121 1.00027
46 122 1.00029
46 123 1.0003
46 124 1.00032
46 125 1.00034
46 126 1.00036
46 127 1.00038

47 0 0
47 1 1.00044
47 2 1.00044
47 3 1.00044
47 4 1.00044
47 5 1.00044
47 6 1.00044
47 7 1.00044
47 8 1.00044
47 9 1.00044
47 10 1.00044
47 11 1.00044
47 12 1.00044
47 13 1.00044
47 14 1.00044
47 15 1.00044
47 16 1.00044
47 17 1.00044
47 18 1.00045
47 19 1.00045
47 20 1.00045
47 21 1.00045
47 22 1.00045
47 23 1.00045
47 24 1.00045
47 25 1.00045
47 26 1.00045
47 27 1.00046
47 28 1.00046
47 29 1.00046
47 30 1.00046
47 31 1.00046
47 32 1.00046
47 33 1.00046
47 34 1.00046
47 35 1.00046
47 36 1.00046
47 37 1.00046
47 38 1.00046
47 39 1.00046
47 40 1.00046
47 41 1.00046
47 42 1.00046
47 43 1.00046
47 44 1.00046
47 45 1.00046
47 46 1.00046
47 47 1.00046
47 48 1.00046
47 49 1.00045
47 50 1.00045
47 51 1.00045
47 52 1.00045
47 53 1.00044
47 54 1.00044
47 55 1.00044
47 56 1.00043
47 57 1.00043
47 58 1.00042
47 59 1.00042
47 60 1.00041
47 61 1.00041
47 62 1.0004
47 63 1.00039
47 64 1.00039
47 65 1.00038
47 66 1.00037
47 67 1.00036
47 68 1.00036
47 69 1.00035
47 70 1.00034
47 71 1.00033
47 72 1.00032
47 73 1.00031
47 74 1.0003
47 75 1.00029
47 76 1.00028
47 77 1.00027
47 78 1.00026
47 79 1.00025
47 80 1.00024
47 81 1.00023
47 82 1.00022
47 83 1.00022
47 84 1.00021
47 85 1.0002
47 86 1.00019
47 87 1.00018
47 88 1.00018
47 89 1.00017
47 90 1.00016
47 91 1.00016
47 92 1.00015
47 93 1.00015
47 94 1.00014
47 95 1.00014
47 96 1.00014
47 97 1.00014
47 98 1.00013
47 99 1.00013
47 100 1.00013
47 101 1.00013
47 102 1.00013
47 103 1.00014
47 104 1.00014
47 105 1.00014
47 106 1.00014
47 107 1.00014
47 108 1.00015
47 109 1.00015
47 110 1.00016
47 111 1.00016
47 112 1.00016
47 113 1.00017
47 114 1.00018
47 115 1.00018
47 116 1.00019
47 117 1.0002
47 118 1.00021
47 119 1.00022
47 120 1.00023
47 121 1.00024
47 122 1.00026
47 123 1.00027
47 124 1.00029
47 125 1.0003
47 126 1.00032
47 127 1.00034

48 0 0
48 1 1.00044
48 2 1.00044
48 3 1.00044
48 4 1.00044
48 5 1.00044
48 6 1.00044
48 7 1.00044
48 8 1.00044
48 9 1.00044
48 10 1.00044
48 11 1.00044
48 12 1.00044
48 13 1.00045
48 14 1.00045
48 15 1.00045
48 16 1.00045
48 17 1.00045
48 18 1.00045
48 19 1.00045
48 20 1.00045
48 21 1.00045
48 22 1.00045
48 23 1.00045
48 24 1.00045
48 25 1.00045
48 26 1.00046
48 27 1.00046
48 28 1.00046
48 29 1.00046
48 30 1.00046
48 31 1.00046
48 32 1.00046
48 33 1.00046
48 34 1.00046
48 35 1.00046
48 36 1.00046
48 37 1.00046
48 38 1.00046
48 39 1.00046
48 40 1.00046
48 41 1.00046
48 42 1.00046
48 43 1.00046
48 44 1.00046
48 45 1.00046
48 46 1.00046
48 47 1.00045
48 48 1.00045
48 49 1.00045
48 50 1.00045
48 51 1.00044
48 52 1.00044
48 53 1.00044
48 54 1.00043
48 55 1.00043
48 56 1.00043
48 57 1.00042
48 58 1.00042
48 59 1.00041
48 60 1.0004
48 61 1.0004
48 62 1.00039
48 63 1.00038
48 64 1.00038
48 65 1.00037
48 66 1.00036
48 67 1.00035
48 68 1.00034
48 69 1.00033
48 70 1.00032
48 71 1.00031
48 72 1.0003
48 73 1.00029
48 74 1.00028
48 75 1.00027
48 76 1.00026
48 77 1.00025
48 78 1.00024
48 79 1.00023
48 80 1.00022
48 81 1.00021
48 82 1.0002
48 83 1.00019
48 84 1.00018
48 85 1.00017
48 86 1.00016
48 87 1.00016
48 88 1.00015
48 89 1.00014
48 90 1.00014
48 91 1.00013
48 92 1.00012
48 93 1.00012
48 94 1.00012
48 95 1.00011
48 96 1.00011
48 97 1.00011
48 98 1.0001
48 99 1.0001
48 100 1.0001
48 101 1.0001
48 102 1.0001
48 103 1.0001
48 104 1.00011
48 105 1.00011
48 106 1.00011
48 107 1.00011
48 108 1.00012
48 109 1.00012
48 110 1.00013
48 111 1.00013
48 112 1.00013
48 113 1.00014
48 114 1.00015
48 115 1.00015
48 116 1.00016
48 117 1.00017
48 118 1.00018
48 119 1.00019
48 120 1.0002
48 121 1.00021
48 122 1.00022
48 123 1.00024
48 124 1.00025
48 125 1.00027
48 126 1.00029
48 127 1.0003

49 0 0
49 1 1.00044
49 2 1.00044
49 3 1.00044
49 4 1.00044
49 5 1.00044
49 6 1.00045
49 7 1.00045
49 8 1.00045
49 9 1.00045
49 10 1.00045
49 11 1.00045
49 12 1.00045
49 13 1.00045
49 14 1.00045
49 15 1.00045
49 16 1.00045
49 17 1.00045
49 18 1.00045
49 19 1.00045
49 20 1.00045
49 21 1.00045
49 22 1.00045
49 23 1.00045
49 24 1.00046
49 25 1.00046
49 26 1.00046
49 27 1.00046
49 28 1.00046
49 29 1.00046
49 30 1.00046
49 31 1.00046
49 32 1.00046
49 33 1.00046
49 34 1.00046
49 35 1.00046
49 36 1.00046
49 37 1.00046
49 38 1.00046
49 39 1.00046
49 40 1.00046
49 41 1.00046
49 42 1.00046
49 43 1.00046
49 44 1.00046
49 45 1.00045
49 46 1.00045
49 47 1.00045
49 48 1.00045
49 49 1.00045
49 50 1.00044
49 51 1.00044
49 52 1.00044
49 53 1.00043
49 54 1.00043
49 55 1.00042
49 56 1.00042
49 57 1.00041
49 58 1.00041
49 59 1.0004
49 60 1.00039
49 61 1.00039
49 62 1.00038
49 63 1.00037
49 64 1.00036
49 65 1.00035
49 66 1.00035
49 67 1.00034
49 68 1.00033
49 69 1.00032
49 70 1.00031
49 71 1.0003
49 72 1.00029
49 73 1.00028
49 74 1.00026
49 75 1.00025
49 76 1.00024
49 77 1.00023
49 78 1.00022
49 79 1.00021
49 80 1.0002
49 81 1.00019
49 82 1.00018
49 83 1.00017
49 84 1.00016
49 85 1.00015
49 86 1.00014
49 87 1.00013
49 88 1.00012
49 89 1.00011
49 90 1.00011
49 91 1.0001
49 92 1.00009
49 93 1.00009
49 94 1.00008
49 95 1.00008
49 96 1.00008
49 97 1.00008
49 98 1.00007
49 99 1.00007
49 100 1.00007
49 101 1.00007
49 102 1.00007
49 103 1.00007
49 104 1.00008
49 105 1.00008
49 106 1.00008
49 107 1.00008
49 108 1.00009
49 109 1.00009
49 110 1.00009
49 111 1.0001
49 112 1.0001
49 113 1.00011
49 114 1.00011
49 115 1.00012
49 116 1.00013
49 117 1.00014
49 118 1.00014
49 119 1.00015
49 120 1.00016
49 121 1.00018
49 122 1.00019
49 123 1.0002
49 124 1.00022
49 125 1.00023
49 126 1.00025
49 127 1.00027

50 0 0
50 1 1.00045
50 2 1.00045
50 3 1.00045
50 4 1.00045
50 5 1.00045
50 6 1.00045
50 7 1.00045
50 8 1.00045
50 9 1.00045
50 10 1.00045
50 11 1.00045
50 12 1.00045
50 13 1.00045
50 14 1.00045
50 15 1.00045
50 16 1.00045
50 17 1.00045
50 18 1.00045
50 19 1.00045
50 20 1.00045
50 21 1.00045
50 22 1.00046
50 23 1.00046
50 24 1.00046
50 25 1.00046
50 26 1.00046
50 27 1.00046
50 28 1.00046
50 29 1.00046
50 30 1.00046
50 31 1.00046
50 32 1.00046
50 33 1.00046
50 34 1.00046
50 35 1.00046
50 36 1.00046
50 37 1.00046
50 38 1.00046
50 39 1.00046
50 40 1.00046
50 41 1.00046
50 42 1.00045
50 43 1.00045
50 44 1.00045
50 45 1.00045
50 46 1.00045
50 47 1.00045
50 48 1.00044
50 49 1.00044
50 50 1.00044
50 51 1.00043
50 52 1.00043
50 53 1.00043
50 54 1.00042
50 55 1.00042
50 56 1.00041
50 57 1.0004
50 58 1.0004
50 59 1.00039
50 60 1.00038
50 61 1.00038
50 62 1.00037
50 63 1.00036
50 64 1.00035
50 65 1.00034
50 66 1.00033
50 67 1.00032
50 68 1.00031
50 69 1.0003
50 70 1.00029
50 71 1.00028
50 72 1.00027
50 73 1.00026
50 74 1.00024
50 75 1.00023
50 76 1.00022
50 77 1.00021
50 78 1.0002
50 79 1.00019
50 80 1.00017
50 81 1.00016
50 82 1.00015
50 83 1.00014
50 84 1.00013
50 85 1.00012
50 86 1.00011
50 87 1.0001
50 88 1.00009
50 89 1.00008
50 90 1.00008
50 91 1.00007
50 92 1.00006
50 93 1.00006
50 94 1.00005
50 95 1.00005
50 96 1.00005
50 97 1.00004
50 98 1.00004
50 99 1.00004
50 100 1.00004
50 101 1.00004
50 102 1.00004
50 103 1.00004
50 104 1.00004
50 105 1.00004
50 106 1.00005
50 107 1.00005
50 108 1.00005
50 109 1.00006
50 110 1.00006
50 111 1.00007
50 112 1.00007
50 113 1.00008
50 114 1.00008
50 115 1.00009
50 116 1.00009
50 117 1.0001
50 118 1.00011
50 119 1.00012
50 120 1.00013
50 121 1.00014
50 122 1.00015
50 123 1.00017
50 124 1.00018
50 125 1.00019
50 126 1.00021
50 127 1.00023

51 0 0
51 1 1.00045
51 2 1.00045
51 3 1.00045
51 4 1.00045
51 5 1.00045
51 6 1.00045
51 7 1.00045
51 8 1.00045
51 9 1.00045
51 10 1.00045
51 11 1.00045
51 12 1.00045
51 13 1.00045
51 14 1.00045
51 15 1.00045
51 16 1.00045
51 17 1.00045
51 18 1.00045
51 19 1.00045
51 20 1.00046
51 21 1.00046
51 22 1.00046
51 23 1.00046
51 24 1.00046
51 25 1.00046
51 26 1.00046
51 27 1.00046
51 28 1.00046
51 29 1.00046
51 30 1.00046
51 31 1.00046
51 32 1.00046
51 33 1.00046
51 34 1.00046
51 35 1.00046
51 36 1.00046
51 37 1.00046
51 38 1.00046
51 39 1.00045
51 40 1.00045
51 41 1.00045
51 42 1.00045
51 43 1.00045
51 44 1.00045
51 45 1.00045
51 46 1.00044
51 47 1.00044
51 48 1.00044
51 49 1.00043
51 50 1.00043
51 51 1.00043
51 52 1.00042
51 53 1.00042
51 54 1.00041
51 55 1.00041
51 56 1.0004
51 57 1.0004
51 58 1.00039
51 59 1.00038
51 60 1.00037
51 61 1.00037
51 62 1.00036
51 63 1.00035
51 64 1.00034
51 65 1.00033
51 66 1.00032
51 67 1.00031
51 68 1.0003
51 69 1.00029
51 70 1.00027
51 71 1.00026
51 72 1.00025
51 73 1.00024
51 74 1.00022
51 75 1.00021
51 76 1.0002
51 77 1.00019
51 78 1.00017
51 79 1.00016
51 80 1.00015
51 81 1.00014
51 82 1.00012
51 83 1.00011
51 84 1.0001
51 85 1.00009
51 86 1.00008
51 87 1.00007
51 88 1.00006
51 89 1.00005
51 90 1.00004
51 91 1.00004
51 92 1.00003
51 93 1.00002
51 94 1.00002
51 95 1.00002
51 96 1.00001
51 97 1.00001
51 98 1.00001
51 99 1.00001
51 100 1
51 101 1
51 102 1
51 103 1.00001
51 104 1.00001
51 105 1.00001
51 106 1.00001
51 107 1.00002
51 108 1.00002
51 109 1.00002
51 110 1.00003
51 111 1.00003
51 112 1.00004
51 113 1.00004
51 114 1.00005
51 115 1.00005
51 116 1.00006
51 117 1.00007
51 118 1.00007
51 119 1.00008
51 120 1.00009
51 121 1.0001
51 122 1.00011
51 123 1.00013
51 124 1.00014
51 125 1.00016
51 126 1.00017
51 127 1.00019

52 0 0
52 1 1.00045
52 2 1.00045
52 3 1.00045
52 4 1.00045
52 5 1.00045
52 6 1.00045
52 7 1.00045
52 8 1.00045
52 9 1.00045
52 10 1.00045
52 11 1.00045
52 12 1.00045
52 13 1.00045
52 14 1.00045
52 15 1.00045
52 16 1.00045
52 17 1.00046
52 18 1.00046
52 19 1.00046
52 20 1.00046
52 21 1.00046
52 22 1.00046
52 23 1.00046
52 24 1.00046
52 25 1.00046
52 26 1.00046
52 27 1.00046
52 28 1.00046
52 29 1.00046
52 30 1.00046
52 31 1.00046
52 32 1.00046
52 33 1.00046
52 34 1.00046
52 35 1.00045
52 36 1.00045
52 37 1.00045
52 38 1.00045
52 39 1.00045
52 40 1.00045
52 41 1.00045
52 42 1.00045
52 43 1.00044
52 44 1.00044
52 45 1.00044
52 46 1.00044
52 47 1.00043
52 48 1.00043
52 49 1.00043
52 50 1.00042
52 51 1.00042
52 52 1.00042
52 53 1.00041
52 54 1.0004
52 55 1.0004
52 56 1.00039
52 57 1.00039
52 58 1.00038
52 59 1.00037
52 60 1.00036
52 61 1.00035
52 62 1.00034
52 63 1.00034
52 64 1.00033
52 65 1.00031
52 66 1.0003
52 67 1.00029
52 68 1.00028
52 69 1.00027
52 70 1.00026
52 71 1.00024
52 72 1.00023
52 73 1.00022
52 74 1.0002
52 75 1.00019
52 76 1.00018
52 77 1.00016
52 78 1.00015
52 79 1.00014
52 80 1.00012
52 81 1.00011
52 82 1.0001
52 83 1.00008
52 84 1.00007
52 85 1.00006
52 86 1.00005
52 87 1.00004
52 88 1.00003
52 89 1.00002
52 90 1.00001
52 91 1
52 92 0.999996
52 93 0.99999
52 94 0.999985
52 95 0.99998
52 96 0.999976
52 97 0.999973
52 98 0.999971
52 99 0.999969
52 100 0.999969
52 101 0.999968
52 102 0.999969
52 103 0.99997
52 104 0.999972
52 105 0.999974
52 106 0.999977
52 107 0.99998
52 108 0.999983
52 109 0.999987
52 110 0.999991
52 111 0.999995
52 112 1
52 113 1.00001
52 114 1.00001
52 115 1.00002
52 116 1.00002
52 117 1.00003
52 118 1.00004
52 119 1.00004
52 120 1.00005
52 121 1.00006
52 122 1.00008
52 123 1.00009
52 124 1.0001
52 125 1.00011
52 126 1.00013
52 127 1.00015

53 0 0
53 1 1.00045
53 2 1.00045
53 3 1.00045
53 4 1.00045
53 5 1.00045
53 6 1.00045
53 7 1.00045
53 8 1.00045
53 9 1.00045
53 10 1.00045
53 11 1.00046
53 12 1.00046
53 13 1.00046
53 14 1.00046
53 15 1.00046
53 16 1.00046
53 17 1.00046
53 18 1.00046
53 19 1.00046
53 20 1.00046
53 21 1.00046
53 22 1.00046
53 23 1.00046
53 24 1.00046
53 25 1.00046
53 26 1.00046
53 27 1.00046
53 28 1.00045
53 29 1.00045
53 30 1.00045
53 31 1.00045
53 32 1.00045
53 33 1.00045
53 34 1.00045
53 35 1.00045
53 36 1.00045
53 37 1.00045
53 38 1.00045
53 39 1.00045
53 40 1.00045
53 41 1.00044
53 42 1.00044
53 43 1.00044
53 44 1.00044
53 45 1.00043
53 46 1.00043
53 47 1.00043
53 48 1.00043
53 49 1.00042
53 50 1.00042
53 51 1.00041
53 52 1.00041
53 53 1.0004
53 54 1.0004
53 55 1.00039
53 56 1.00038
53 57 1.00038
53 58 1.00037
53 59 1.00036
53 60 1.00035
53 61 1.00034
53 62 1.00033
53 63 1.00032
53 64 1.00031
53 65 1.0003
53 66 1.00029
53 67 1.00028
53 68 1.00026
53 69 1.00025
53 70 1.00024
53 71 1.00022
53 72 1.00021
53 73 1.0002
53 74 1.00018
53 75 1.00017
53 76 1.00015
53 77 1.00014
53 78 1.00012
53 79 1.00011
53 80 1.0001
53 81 1.00008
53 82 1.00007
53 83 1.00005
53 84 1.00004
53 85 1.00003
53 86 1.00002
53 87 1.00001
53 88 0.999995
53 89 0.999986
53 90 0.999977
53 91 0.999968
53 92 0.999961
53 93 0.999954
53 94 0.999949
53 95 0.999944
53 96 0.99994
53 97 0.999936
53 98 0.999934
53 99 0.999932
53 100 0.999931
53 101 0.999931
53 102 0.999931
53 103 0.999932
53 104 0.999934
53 105 0.999936
53 106 0.999939
53 107 0.999942
53 108 0.999946
53 109 0.999949
53 110 0.999953
53 111 0.999958
53 112 0.999962
53 113 0.999967
53 114 0.999973
53 115 0.999978
53 116 0.999984
53 117 0.999991
53 118 0.999998
53 119 1.00001
53 120 1.00001
53 121 1.00002
53 122 1.00003
53 123 1.00005
53 124 1.00006
53 125 1.00007
53 126 1.00009
53 127 1.0001

54 0 0
54 1 1.00046
54 2 1.00046
54 3 1.00046
54 4 1.00046
54 5 1.00046
54 6 1.00046
54 7 1.00046
54 8 1.00046
54 9 1.00046
54 10 1.00046
54 11 1.00046
54 12 1.00046
54 13 1.00046
54 14 1.00046
54 15 1.00046
54 16 1.00046
54 17 1.00046
54 18 1.00046
54 19 1.00046
54 20 1.00046
54 21 1.00045
54 22 1.00045
54 23 1.00045
54 24 1.00045
54 25 1.00045
54 26 1.00045
54 27 1.00045
54 28 1.00045
54 29 1.00045
54 30 1.00045
54 31 1.00045
54 32 1.00045
54 33 1.00045
54 34 1.00045
54 35 1.00045
54 36 1.00045
54 37 1.00045
54 38 1.00044
54 39 1.00044
54 40 1.00044
54 41 1.00044
54 42 1.00044
54 43 1.00043
54 44 1.00043
54 45 1.00043
54 46 1.00043
54 47 1.00042
54 48 1.00042
54 49 1.00041
54 50 1.00041
54 51 1.0004
54 52 1.0004
54 53 1.00039
54 54 1.00039
54 55 1.00038
54 56 1.00037
54 57 1.00037
54 58 1.00036
54 59 1.00035
54 60 1.00034
54 61 1.00033
54 62 1.00032
54 63 1.00031
54 64 1.0003
54 65 1.00029
54 66 1.00027
54 67 1.00026
54 68 1.00025
54 69 1.00023
54 70 1.00022
54 71 1.00021
54 72 1.00019
54 73 1.00018
54 74 1.00016
54 75 1.00014
54 76 1.00013
54 77 1.00011
54 78 1.0001
54 79 1.00008
54 80 1.00007
54 81 1.00005
54 82 1.00004
54 83 1.00002
54 84 1.00001
54 85 0.999996
54 86 0.999984
54 87 0.999972
54 88 0.999961
54 89 0.99995
54 90 0.999941
54 91 0.999932
54 92 0.999924
54 93 0.999917
54 94 0.999911
54 95 0.999905
54 96 0.999901
54 97 0.999898
54 98 0.999895
54 99 0.999893
54 100 0.999892
54 101 0.999892
54 102 0.999892
54 103 0.999893
54 104 0.999895
54 105 0.999897
54 106 0.9999
54 107 0.999903
54 108 0.999906
54 109 0.99991
54 110 0.999914
54 111 0.999919
54 112 0.999923
54 113 0.999928
54 114 0.999933
54 115 0.999938
54 116 0.999944
54 117 0.99995
54 118 0.999957
54 119 0.999965
54 120 0.999973
54 121 0.999982
54 122 0.999992
54 123 1
54 124 1.00002
54 125 1.00003
54 126 1.00004
54 127 1.00006

55 0 0
55 1 1.00046
55 2 1.00046
55 3 1.00046
55 4 1.00046
55 5 1.00046
55 6 1.00046
55 7 1.00046
55 8 1.00046
55 9 1.00046
55 10 1.00046
55 11 1.00046
55 12 1.00046
55 13 1.00046
55 14 1.00046
55 15 1.00046
55 16 1.00046
55 17 1.00045
55 18 1.00045
55 19 1.00045
55 20 1.00045
55 21 1.00045
55 22 1.00045
55 23 1.00045
55 24 1.00045
55 25 1.00045
55 26 1.00045
55 27 1.00045
55 28 1.00045
55 29 1.00045
55 30 1.00045
55 31 1.00045
55 32 1.00045
55 33 1.00045
55 34 1.00045
55 35 1.00044
55 36 1.00044
55 37 1.00044
55 38 1.00044
55 39 1.00044
55 40 1.00044
55 41 1.00043
55 42 1.00043
55 43 1.00043
55 44 1.00043
55 45 1.00042
55 46 1.00042
55 47 1.00042
55 48 1.00041
55 49 1.00041
55 50 1.0004
55 51 1.0004
55 52 1.00039
55 53 1.00038
55 54 1.00038
55 55 1.00037
55 56 1.00036
55 57 1.00036
55 58 1.00035
55 59 1.00034
55 60 1.00033
55 61 1.00032
55 62 1.00031
55 63 1.0003
55 64 1.00028
55 65 1.00027
55 66 1.00026
55 67 1.00024
55 68 1.00023
55 69 1.00022
55 70 1.0002
55 71 1.00018
55 72 1.00017
55 73 1.00015
55 74 1.00014
55 75 1.00012
55 76 1.0001
55 77 1.00009
55 78 1.00007
55 79 1.00005
55 80 1.00004
55 81 1.00002
55 82 1.00001
55 83 0.999991
55 84 0.999976
55 85 0.999962
55 86 0.999949
55 87 0.999936
55 88 0.999924
55 89 0.999913
55 90 0.999903
55 91 0.999893
55 92 0.999885
55 93 0.999878
55 94 0.999871
55 95 0.999865
55 96 0.999861
55 97 0.999857
55 98 0.999854
55 99 0.999852
55 100 0.999851
55 101 0.999851
55 102 0.999851
55 103 0.999852
55 104 0.999854
55 105 0.999856
55 106 0.999859
55 107 0.999862
55 108 0.999866
55 109 0.999869
55 110 0.999873
55 111 0.999878
55 112 0.999882
55 113 0.999887
55 114 0.999892
55 115 0.999897
55 116 0.999903
55 117 0.999909
55 118 0.999915
55 119 0.999922
55 120 0.99993
55 121 0.999939
55 122 0.999948
55 123 0.999959
55 124 0.99997
55 125 0.999983
55 126 0.999997
55 127 1.00001

56 0 0
56 1 1.00046
56 2 1.00046
56 3 1.00046
56 4 1.00046
56 5 1.00046
56 6 1.00046
56 7 1.00046
56 8 1.00046
56 9 1.00046
56 10 1.00046
56 11 1.00046
56 12 1.00046
56 13 1.00046
56 14 1.00046
56 15 1.00045
56 16 1.00045
56 17 1.00045
56 18 1.00045
56 19 1.00045
56 20 1.00045
56 21 1.00045
56 22 1.00045
56 23 1.00045
56 24 1.00045
56 25 1.00045
56 26 1.00045
56 27 1.00045
56 28 1.00045
56 29 1.00045
56 30 1.00045
56 31 1.00044
56 32 1.00044
56 33 1.00044
56 34 1.00044
56 35 1.00044
56 36 1.00044
56 37 1.00044
56 38 1.00043
56 39 1.00043
56 40 1.00043
56 41 1.00043
56 42 1.00043
56 43 1.00042
56 44 1.00042
56 45 1.00042
56 46 1.00041
56 47 1.00041
56 48 1.0004
56 49 1.0004
56 50 1.00039
56 51 1.00039
56 52 1.00038
56 53 1.00038
56 54 1.00037
56 55 1.00036
56 56 1.00035
56 57 1.00034
56 58 1.00034
56 59 1.00033
56 60 1.00032
56 61 1.00031
56 62 1.00029
56 63 1.00028
56 64 1.00027
56 65 1.00026
56 66 1.00024
56 67 1.00023
56 68 1.00021
56 69 1.0002
56 70 1.00018
56 71 1.00016
56 72 1.00015
56 73 1.00013
56 74 1.00011
56 75 1.0001
56 76 1.00008
56 77 1.00006
56 78 1.00004
56 79 1.00002
56 80 1.00001
56 81 0.99999
56 82 0.999974
56 83 0.999957
56 84 0.999942
56 85 0.999927
56 86 0.999912
56 87 0.999899
56 88 0.999886
56 89 0.999874
56 90 0.999863
56 91 0.999853
56 92 0.999844
56 93 0.999837
56 94 0.99983
56 95 0.999824
56 96 0.999819
56 97 0.999815
56 98 0.999812
56 99 0.99981
56 100 0.999809
56 101 0.999808
56 102 0.999808
56 103 0.99981
56 104 0.999811
56 105 0.999813
56 106 0.999816
56 107 0.999819
56 108 0.999823
56 109 0.999827
56 110 0.999831
56 111 0.999835
56 112 0.99984
56 113 0.999844
56 114 0.999849
56 115 0.999854
56 116 0.999859
56 117 0.999865
56 118 0.999871
56 119 0.999878
56 120 0.999885
56 121 0.999893
56 122 0.999903
56 123 0.999913
56 124 0.999924
56 125 0.999936
56 126 0.99995
56 127 0.999965

57 0 0
57 1 1.00046
57 2 1.00046
57 3 1.00046
57 4 1.00046
57 5 1.00046
57 6 1.00046
57 7 1.00046
57 8 1.00046
57 9 1.00046
57 10 1.00046
57 11 1.00046
57 12 1.00045
57 13 1.00045
57 14 1.00045
57 15 1.00045
57 16 1.00045
57 17 1.00045
57 18 1.00045
57 19 1.00045
57 20 1.00045
57 21 1.00045
57 22 1.00045
57 23 1.00045
57 24 1.00045
57 25 1.00045
57 26 1.00045
57 27 1.00045
57 28 1.00044
57 29 1.00044
57 30 1.00044
57 31 1.00044
57 32 1.00044
57 33 1.00044
57 34 1.00044
57 35 1.00044
57 36 1.00043
57 37 1.00043
57 38 1.00043
57 39 1.00043
57 40 1.00042
57 41 1.00042
57 42 1.00042
57 43 1.00042
57 44 1.00041
57 45 1.00041
57 46 1.00041
57 47 1.0004
57 48 1.0004
57 49 1.00039
57 50 1.00039
57 51 1.00038
57 52 1.00037
57 53 1.00037
57 54 1.00036
57 55 1.00035
57 56 1.00034
57 57 1.00033
57 58 1.00032
57 59 1.00031
57 60 1.0003
57 61 1.00029
57 62 1.00028
57 63 1.00027
57 64 1.00025
57 65 1.00024
57 66 1.00022
57 67 1.00021
57 68 1.00019
57 69 1.00018
57 70 1.00016
57 71 1.00014
57 72 1.00012
57 73 1.00011
57 74 1.00009
57 75 1.00007
57 76 1.00005
57 77 1.00003
57 78 1.00001
57 79 0.999994
57 80 0.999976
57 81 0.999957
57 82 0.999939
57 83 0.999922
57 84 0.999905
57 85 0.999889
57 86 0.999874
57 87 0.99986
57 88 0.999846
57 89 0.999834
57 90 0.999822
57 91 0.999811
57 92 0.999802
57 93 0.999794
57 94 0.999786
57 95 0.99978
57 96 0.999775
57 97 0.999771
57 98 0.999767
57 99 0.999765
57 100 0.999764
57 101 0.999763
57 102 0.999764
57 103 0.999765
57 104 0.999767
57 105 0.999769
57 106 0.999772
57 107 0.999775
57 108 0.999778
57 109 0.999782
57 110 0.999786
57 111 0.999791
57 112 0.999795
57 113 0.9998
57 114 0.999804
57 115 0.999809
57 116 0.999814
57 117 0.99982
57 118 0.999826
57 119 0.999832
57 120 0.999839
57 121 0.999847
57 122 0.999855
57 123 0.999865
57 124 0.999876
57 125 0.999888
57 126 0.999901
57 127 0.999916

58 0 0
58 1 1.00046
58 2 1.00046
58 3 1.00046
58 4 1.00046
58 5 1.00046
58 6 1.00046
58 7 1.00046
58 8 1.00046
58 9 1.00045
58 10 1.00045
58 11 1.00045
58 12 1.00045
58 13 1.00045
58 14 1.00045
58 15 1.00045
58 16 1.00045
58 17 1.00045
58 18 1.00045
58 19 1.00045
58 20 1.00045
58 21 1.00045
58 22 1.00045
58 23 1.00045
58 24 1.00045
58 25 1.00044
58 26 1.00044
58 27 1.00044
58 28 1.00044
58 29 1.00044
58 30 1.00044
58 31 1.00044
58 32 1.00044
58 33 1.00043
58 34 1.00043
58 35 1.00043
58 36 1.00043
58 37 1.00043
58 38 1.00042
58 39 1.00042
58 40 1.00042
58 41 1.00042
58 42 1.00041
58 43 1.00041
58 44 1.00041
58 45 1.0004
58 46 1.0004
58 47 1.00039
58 48 1.00039
58 49 1.00038
58 50 1.00038
58 51 1.00037
58 52 1.00036
58 53 1.00036
58 54 1.00035
58 55 1.00034
58 56 1.00033
58 57 1.00032
58 58 1.00031
58 59 1.0003
58 60 1.00029
58 61 1.00028
58 62 1.00027
58 63 1.00025
58 64 1.00024
58 65 1.00022
58 66 1.00021
58 67 1.00019
58 68 1.00017
58 69 1.00016
58 70 1.00014
58 71 1.00012
58 72 1.0001
58 73 1.00008
58 74 1.00006
58 75 1.00004
58 76 1.00002
58 77 1
58 78 0.999982
58 79 0.999962
58 80 0.999942
58 81 0.999923
58 82 0.999904
58 83 0.999885
58 84 0.999868
58 85 0.999851
58 86 0.999834
58 87 0.999819
58 88 0.999804
58 89 0.999791
58 90 0.999779
58 91 0.999767
58 92 0.999757
58 93 0.999748
58 94 0.999741
58 95 0.999734
58 96 0.999729
58 97 0.999724
58 98 0.999721
58 99 0.999719
58 100 0.999717
58 101 0.999717
58 102 0.999717
58 103 0.999718
58 104 0.99972
58 105 0.999722
58 106 0.999725
58 107 0.999729
58 108 0.999732
58 109 0.999736
58 110 0.99974
58 111 0.999744
58 112 0.999749
58 113 0.999753
58 114 0.999758
58 115 0.999763
58 116 0.999768
58 117 0.999773
58 118 0.999778
58 119 0.999784
58 120 0.999791
58 121 0.999798
58 122 0.999807
58 123 0.999816
58 124 0.999826
58 125 0.999838
58 126 0.999851
58 127 0.999866

59 0 0
59 1 1.00045
59 2 1.00045
59 3 1.00045
59 4 1.00045
59 5 1.00045
59 6 1.00045
59 7 1.00045
59 8 1.00045
59 9 1.00045
59 10 1.00045
59 11 1.00045
59 12 1.00045
59 13 1.00045
59 14 1.00045
59 15 1.00045
59 16 1.00045
59 17 1.00045
59 18 1.00045
59 19 1.00045
59 20 1.00045
59 21 1.00045
59 22 1.00044
59 23 1.00044
59 24 1.00044
59 25 1.00044
59 26 1.00044
59 27 1.00044
59 28 1.00044
59 29 1.00044
59 30 1.00043
59 31 1.00043
59 32 1.00043
59 33 1.00043
59 34 1.00043
59 35 1.00043
59 36 1.00042
59 37 1.00042
59 38 1.00042
59 39 1.00042
59 40 1.00041
59 41 1.00041
59 42 1.00041
59 43 1.0004
59 44 1.0004
59 45 1.0004
59 46 1.00039
59 47 1.00039
59 48 1.00038
59 49 1.00038
59 50 1.00037
59 51 1.00036
59 52 1.00036
59 53 1.00035
59 54 1.00034
59 55 1.00033
59 56 1.00032
59 57 1.00031
59 58 1.0003
59 59 1.00029
59 60 1.00028
59 61 1.00027
59 62 1.00025
59 63 1.00024
59 64 1.00022
59 65 1.00021
59 66 1.00019
59 67 1.00017
59 68 1.00016
59 69 1.00014
59 70 1.00012
59 71 1.0001
59 72 1.00008
59 73 1.00006
59 74 1.00004
59 75 1.00001
59 76 0.999994
59 77 0.999972
59 78 0.99995
59 79 0.999929
59 80 0.999908
59 81 0.999887
59 82 0.999867
59 83 0.999847
59 84 0.999828
59 85 0.99981
59 86 0.999792
59 87 0.999776
59 88 0.999761
59 89 0.999746
59 90 0.999733
59 91 0.999721
59 92 0.999711
59 93 0.999701
59 94 0.999693
59 95 0.999686
59 96 0.99968
59 97 0.999676
59 98 0.999672
59 99 0.99967
59 100 0.999668
59 101 0.999668
59 102 0.999668
59 103 0.99967
59 104 0.999671
59 105 0.999674
59 106 0.999677
59 107 0.99968
59 108 0.999684
59 109 0.999688
59 110 0.999692
59 111 0.999696
59 112 0.999701
59 113 0.999705
59 114 0.99971
59 115 0.999714
59 116 0.999719
59 117 0.999724
59 118 0.999729
59 119 0.999735
59 120 0.999741
59 121 0.999748
59 122 0.999756
59 123 0.999765
59 124 0.999775
59 125 0.999786
59 126 0.999799
59 127 0.999814

60 0 0
60 1 1.00045
60 2 1.00045
60 3 1.00045
60 4 1.00045
60 5 1.00045
60 6 1.00045
60 7 1.00045
60 8 1.00045
60 9 1.00045
60 10 1.00045
60 11 1.00045
60 12 1.00045
60 13 1.00045
60 14 1.00045
60 15 1.00045
60 16 1.00045
60 17 1.00045
60 18 1.00045
60 19 1.00044
60 20 1.00044
60 21 1.00044
60 22 1.00044
60 23 1.00044
60 24 1.00044
60 25 1.00044
60 26 1.00044
60 27 1.00043
60 28 1.00043
60 29 1.00043
60 30 1.00043
60 31 1.00043
60 32 1.00043
60 33 1.00042
60 34 1.00042
60 35 1.00042
60 36 1.00042
60 37 1.00042
60 38 1.00041
60 39 1.00041
60 40 1.00041
60 41 1.0004
60 42 1.0004
60 43 1.0004
60 44 1.00039
60 45 1.00039
60 46 1.00038
60 47 1.00038
60 48 1.00037
60 49 1.00037
60 50 1.00036
60 51 1.00035
60 52 1.00035
60 53 1.00034
60 54 1.00033
60 55 1.00032
60 56 1.00031
60 57 1.0003
60 58 1.00029
60 59 1.00028
60 60 1.00027
60 61 1.00025
60 62 1.00024
60 63 1.00022
60 64 1.00021
60 65 1.00019
60 66 1.00017
60 67 1.00015
60 68 1.00014
60 69 1.00012
60 70 1.0001
60 71 1.00008
60 72 1.00005
60 73 1.00003
60 74 1.00001
60 75 0.999986
60 76 0.999963
60 77 0.99994
60 78 0.999917
60 79 0.999894
60 80 0.999872
60 81 0.99985
60 82 0.999828
60 83 0.999807
60 84 0.999786
60 85 0.999767
60 86 0.999748
60 87 0.999731
60 88 0.999715
60 89 0.999699
60 90 0.999686
60 91 0.999673
60 92 0.999662
60 93 0.999652
60 94 0.999643
60 95 0.999636
60 96 0.99963
60 97 0.999625
60 98 0.999621
60 99 0.999619
60 100 0.999617
60 101 0.999617
60 102 0.999617
60 103 0.999619
60 104 0.999621
60 105 0.999623
60 106 0.999626
60 107 0.99963
60 108 0.999634
60 109 0.999638
60 110 0.999642
60 111 0.999646
60 112 0.999651
60 113 0.999655
60 114 0.999659
60 115 0.999664
60 116 0.999669
60 117 0.999673
60 118 0.999678
60 119 0.999684
60 120 0.99969
60 121 0.999697
60 122 0.999704
60 123 0.999713
60 124 0.999722
60 125 0.999733
60 126 0.999746
60 127 0.99976

61 0 0
61 1 1.00045
61 2 1.00045
61 3 1.00045
61 4 1.00045
61 5 1.00045
61 6 1.00045
61 7 1.00045
61 8 1.00045
61 9 1.00045
61 10 1.00045
61 11 1.00045
61 12 1.00045
61 13 1.00045
61 14 1.00045
61 15 1.00045
61 16 1.00045
61 17 1.00044
61 18 1.00044
61 19 1.00044
61 20 1.00044
61 21 1.00044
61 22 1.00044
61 23 1.00044
61 24 1.00044
61 25 1.00043
61 26 1.00043
61 27 1.00043
61 28 1.00043
61 29 1.00043
61 30 1.00043
61 31 1.00042
61 32 1.00042
61 33 1.00042
61 34 1.00042
61 35 1.00041
61 36 1.00041
61 37 1.00041
61 38 1.00041
61 39 1.0004
61 40 1.0004
61 41 1.0004
61 42 1.00039
61 43 1.00039
61 44 1.00038
61 45 1.00038
61 46 1.00038
61 47 1.00037
61 48 1.00036
61 49 1.00036
61 50 1.00035
61 51 1.00034
61 52 1.00034
61 53 1.00033
61 54 1.00032
61 55 1.00031
61 56 1.0003
61 57 1.00029
61 58 1.00028
61 59 1.00027
61 60 1.00025
61 61 1.00024
61 62 1.00022
61 63 1.00021
61 64 1.00019
61 65 1.00017
61 66 1.00016
61 67 1.00014
61 68 1.00012
61 69 1.0001
61 70 1.00007
61 71 1.00005
61 72 1.00003
61 73 1
61 74 0.999981
61 75 0.999957
61 76 0.999932
61 77 0.999907
61 78 0.999883
61 79 0.999858
61 80 0.999834
61 81 0.99981
61 82 0.999787
61 83 0.999765
61 84 0.999743
61 85 0.999722
61 86 0.999702
61 87 0.999684
61 88 0.999666
61 89 0.99965
61 90 0.999635
61 91 0.999622
61 92 0.99961
61 93 0.9996
61 94 0.999591
61 95 0.999583
61 96 0.999577
61 97 0.999572
61 98 0.999568
61 99 0.999565
61 100 0.999564
61 101 0.999564
61 102 0.999564
61 103 0.999566
61 104 0.999568
61 105 0.99957
61 106 0.999574
61 107 0.999577
61 108 0.999581
61 109 0.999585
61 110 0.99959
61 111 0.999594
61 112 0.999598
61 113 0.999603
61 114 0.999607
61 115 0.999612
61 116 0.999616
61 117 0.999621
61 118 0.999626
61 119 0.999631
61 120 0.999637
61 121 0.999643
61 122 0.99965
61 123 0.999659
61 124 0.999668
61 125 0.999679
61 126 0.999691
61 127 0.999705

62 0 0
62 1 1.00045
62 2 1.00045
62 3 1.00045
62 4 1.00045
62 5 1.00045
62 6 1.00045
62 7 1.00045
62 8 1.00045
62 9 1.00045
62 10 1.00045
62 11 1.00045
62 12 1.00045
62 13 1.00045
62 14 1.00044
62 15 1.00044
62 16 1.00044
62 17 1.00044
62 18 1.00044
62 19 1.00044
62 20 1.00044
62 21 1.00044
62 22 1.00043
62 23 1.00043
62 24 1.00043
62 25 1.00043
62 26 1.00043
62 27 1.00043
62 28 1.00042
62 29 1.00042
62 30 1.00042
62 31 1.00042
62 32 1.00042
62 33 1.00041
62 34 1.00041
62 35 1.00041
62 36 1.00041
62 37 1.0004
62 38 1.0004
62 39 1.0004
62 40 1.00039
62 41 1.00039
62 42 1.00039
62 43 1.00038
62 44 1.00038
62 45 1.00037
62 46 1.00037
62 47 1.00036
62 48 1.00036
62 49 1.00035
62 50 1.00034
62 51 1.00034
62 52 1.00033
62 53 1.00032
62 54 1.00031
62 55 1.0003
62 56 1.00029
62 57 1.00028
62 58 1.00027
62 59 1.00025
62 60 1.00024
62 61 1.00022
62 62 1.00021
62 63 1.00019
62 64 1.00018
62 65 1.00016
62 66 1.00014
62 67 1.00012
62 68 1.0001
62 69 1.00007
62 70 1.00005
62 71 1.00003
62 72 1
62 73 0.999977
62 74 0.999952
62 75 0.999926
62 76 0.999899
62 77 0.999873
62 78 0.999847
62 79 0.999821
62 80 0.999795
62 81 0.999769
62 82 0.999744
62 83 0.99972
62 84 0.999697
62 85 0.999675
62 86 0.999654
62 87 0.999634
62 88 0.999615
62 89 0.999598
62 90 0.999583
62 91 0.999569
62 92 0.999556
62 93 0.999545
62 94 0.999535
62 95 0.999527
62 96 0.999521
62 97 0.999516
62 98 0.999512
62 99 0.999509
62 100 0.999508
62 101 0.999508
62 102 0.999508
62 103 0.99951
62 104 0.999512
62 105 0.999515
62 106 0.999519
62 107 0.999522
62 108 0.999527
62 109 0.999531
62 110 0.999535
62 111 0.99954
62 112 0.999544
62 113 0.999549
62 114 0.999553
62 115 0.999558
62 116 0.999562
62 117 0.999567
62 118 0.999571
62 119 0.999576
62 120 0.999582
62 121 0.999588
62 122 0.999595
62 123 0.999603
62 124 0.999612
62 125 0.999623
62 126 0.999635
62 127 0.999649

63 0 0
63 1 1.00045
63 2 1.00045
63 3 1.00045
63 4 1.00045
63 5 1.00045
63 6 1.00045
63 7 1.00045
63 8 1.00045
63 9 1.00045
63 10 1.00045
63 11 1.00045
63 12 1.00044
63 13 1.00044
63 14 1.00044
63 15 1.00044
63 16 1.00044
63 17 1.00044
63 18 1.00044
63 19 1.00044
63 20 1.00043
63 21 1.00043
63 22 1.00043
63 23 1.00043
63 24 1.00043
63 25 1.00043
63 26 1.00042
63 27 1.00042
63 28 1.00042
63 29 1.00042
63 30 1.00042
63 31 1.00041
63 32 1.00041
63 33 1.00041
63 34 1.00041
63 35 1.0004
63 36 1.0004
63 37 1.0004
63 38 1.00039
63 39 1.00039
63 40 1.00039
63 41 1.00038
63 42 1.00038
63 43 1.00037
63 44 1.00037
63 45 1.00037
63 46 1.00036
63 47 1.00035
63 48 1.00035
63 49 1.00034
63 50 1.00033
63 51 1.00033
63 52 1.00032
63 53 1.00031
63 54 1.0003
63 55 1.00029
63 56 1.00028
63 57 1.00027
63 58 1.00025
63 59 1.00024
63 60 1.00023
63 61 1.00021
63 62 1.00019
63 63 1.00018
63 64 1.00016
63 65 1.00014
63 66 1.00012
63 67 1.0001
63 68 1.00007
63 69 1.00005
63 70 1.00003
63 71 1
63 72 0.999975
63 73 0.999949
63 74 0.999921
63 75 0.999894
63 76 0.999866
63 77 0.999837
63 78 0.999809
63 79 0.999781
63 80 0.999753
63 81 0.999726
63 82 0.999699
63 83 0.999674
63 84 0.999649
63 85 0.999625
63 86 0.999603
63 87 0.999581
63 88 0.999562
63 89 0.999544
63 90 0.999527
63 91 0.999512
63 92 0.999499
63 93 0.999487
63 94 0.999477
63 95 0.999469
63 96 0.999462
63 97 0.999457
63 98 0.999453
63 99 0.999451
63 100 0.99945
63 101 0.999449
63 102 0.99945
63 103 0.999452
63 104 0.999455
63 105 0.999458
63 106 0.999461
63 107 0.999465
63 108 0.99947
63 109 0.999474
63 110 0.999479
63 111 0.999484
63 112 0.999488
63 113 0.999493
63 114 0.999497
63 115 0.999502
63 116 0.999506
63 117 0.99951
63 118 0.999515
63 119 0.99952
63 120 0.999525
63 121 0.999531
63 122 0.999538
63 123 0.999546
63 124 0.999555
63 125 0.999565
63 126 0.999577
63 127 0.99959

64 0 0
64 1 1.00045
64 2 1.00045
64 3 1.00045
64 4 1.00045
64 5 1.00045
64 6 1.00045
64 7 1.00045
64 8 1.00045
64 9 1.00044
64 10 1.00044
64 11 1.00044
64 12 1.00044
64 13 1.00044
64 14 1.00044
64 15 1.00044
64 16 1.00044
64 17 1.00044
64 18 1.00043
64 19 1.00043
64 20 1.00043
64 21 1.00043
64 22 1.00043
64 23 1.00043
64 24 1.00042
64 25 1.00042
64 26 1.00042
64 27 1.00042
64 28 1.00042
64 29 1.00041
64 30 1.00041
64 31 1.00041
64 32 1.00041
64 33 1.0004
64 34 1.0004
64 35 1.0004
64 36 1.00039
64 37 1.00039
64 38 1.00039
64 39 1.00038
64 40 1.00038
64 41 1.00038
64 42 1.00037
64 43 1.00037
64 44 1.00036
64 45 1.00036
64 46 1.00035
64 47 1.00035
64 48 1.00034
64 49 1.00033
64 50 1.00033
64 51 1.00032
64 52 1.00031
64 53 1.0003
64 54 1.00029
64 55 1.00028
64 56 1.00027
64 57 1.00026
64 58 1.00024
64 59 1.00023
64 60 1.00021
64 61 1.0002
64 62 1.00018
64 63 1.00016
64 64 1.00014
64 65 1.00012
64 66 1.0001
64 67 1.00008
64 68 1.00005
64 69 1.00003
64 70 1
64 71 0.999976
64 72 0.999948
64 73 0.999919
64 74 0.99989
64 75 0.99986
64 76 0.99983
64 77 0.9998
64 78 0.99977
64 79 0.99974
64 80 0.99971
64 81 0.999681
64 82 0.999652
64 83 0.999625
64 84 0.999598
64 85 0.999573
64 86 0.999549
64 87 0.999526
64 88 0.999505
64 89 0.999486
64 90 0.999469
64 91 0.999453
64 92 0.999439
64 93 0.999427
64 94 0.999416
64 95 0.999408
64 96 0.999401
64 97 0.999396
64 98 0.999392
64 99 0.999389
64 100 0.999388
64 101 0.999388
64 102 0.999389
64 103 0.999391
64 104 0.999394
64 105 0.999398
64 106 0.999402
64 107 0.999406
64 108 0.999411
64 109 0.999415
64 110 0.99942
64 111 0.999425
64 112 0.99943
64 113 0.999435
64 114 0.999439
64 115 0.999444
64 116 0.999448
64 117 0.999452
64 118 0.999457
64 119 0.999462
64 120 0.999467
64 121 0.999473
64 122 0.999479
64 123 0.999487
64 124 0.999496
64 125 0.999506
64 126 0.999517
64 127 0.999531

65 0 0
65 1 1.00044
65 2 1.00044
65 3 1.00044
65 4 1.00044
65 5 1.00044
65 6 1.00044
65 7 1.00044
65 8 1.00044
65 9 1.00044
65 10 1.00044
65 11 1.00044
65 12 1.00044
65 13 1.00044
65 14 1.00044
65 15 1.00044
65 16 1.00043
65 17 1.00043
65 18 1.00043
65 19 1.00043
65 20 1.00043
65 21 1.00043
65 22 1.00042
65 23 1.00042
65 24 1.00042
65 25 1.00042
65 26 1.00042
65 27 1.00041
65 28 1.00041
65 29 1.00041
65 30 1.00041
65 31 1.0004
65 32 1.0004
65 33 1.0004
65 34 1.00039
65 35 1.00039
65 36 1.00039
65 37 1.00038
65 38 1.00038
65 39 1.00038
65 40 1.00037
65 41 1.00037
65 42 1.00037
65 43 1.00036
65 44 1.00036
65 45 1.00035
65 46 1.00034
65 47 1.00034
65 48 1.00033
65 49 1.00032
65 50 1.00032
65 51 1.00031
65 52 1.0003
65 53 1.00029
65 54 1.00028
65 55 1.00027
65 56 1.00026
65 57 1.00025
65 58 1.00023
65 59 1.00022
65 60 1.0002
65 61 1.00018
65 62 1.00017
65 63 1.00015
65 64 1.00013
65 65 1.0001
65 66 1.00008
65 67 1.00006
65 68 1.00003
65 69 1.00001
65 70 0.999978
65 71 0.999949
65 72 0.999919
65 73 0.999889
65 74 0.999858
65 75 0.999826
65 76 0.999794
65 77 0.999761
65 78 0.999729
65 79 0.999697
65 80 0.999665
65 81 0.999633
65 82 0.999603
65 83 0.999573
65 84 0.999545
65 85 0.999518
65 86 0.999492
65 87 0.999468
65 88 0.999446
65 89 0.999425
65 90 0.999407
65 91 0.99939
65 92 0.999376
65 93 0.999363
65 94 0.999352
65 95 0.999343
65 96 0.999336
65 97 0.999331
65 98 0.999327
65 99 0.999325
65 100 0.999324
65 101 0.999324
65 102 0.999326
65 103 0.999328
65 104 0.999331
65 105 0.999335
65 106 0.999339
65 107 0.999344
65 108 0.999349
65 109 0.999354
65 110 0.999359
65 111 0.999364
65 112 0.999369
65 113 0.999374
65 114 0.999379
65 115 0.999384
65 116 0.999388
65 117 0.999393
65 118 0.999397
65 119 0.999402
65 120 0.999407
65 121 0.999413
65 122 0.999419
65 123 0.999427
65 124 0.999435
65 125 0.999445
65 126 0.999457
65 127 0.99947

66 0 0
66 1 1.00044
66 2 1.00044
66 3 1.00044
66 4 1.00044
66 5 1.00044
66 6 1.00044
66 7 1.00044
66 8 1.00044
66 9 1.00044
66 10 1.00044
66 11 1.00044
66 12 1.00044
66 13 1.00044
66 14 1.00043
66 15 1.00043
66 16 1.00043
66 17 1.00043
66 18 1.00043
66 19 1.00043
66 20 1.00042
66 21 1.00042
66 22 1.00042
66 23 1.00042
66 24 1.00042
66 25 1.00041
66 26 1.00041
66 27 1.00041
66 28 1.00041
66 29 1.0004
66 30 1.0004
66 31 1.0004
66 32 1.00039
66 33 1.00039
66 34 1.00039
66 35 1.00039
66 36 1.00038
66 37 1.00038
66 38 1.00038
66 39 1.00037
66 40 1.00037
66 41 1.00036
66 42 1.00036
66 43 1.00035
66 44 1.00035
66 45 1.00034
66 46 1.00034
66 47 1.00033
66 48 1.00032
66 49 1.00032
66 50 1.00031
66 51 1.0003
66 52 1.00029
66 53 1.00028
66 54 1.00027
66 55 1.00026
66 56 1.00025
66 57 1.00023
66 58 1.00022
66 59 1.0002
66 60 1.00019
66 61 1.00017
66 62 1.00015
66 63 1.00013
66 64 1.00011
66 65 1.00009
66 66 1.00006
66 67 1.00004
66 68 1.00001
66 69 0.999982
66 70 0.999952
66 71 0.999922
66 72 0.99989
66 73 0.999857
66 74 0.999824
66 75 0.99979
66 76 0.999755
66 77 0.999721
66 78 0.999686
66 79 0.999651
66 80 0.999617
66 81 0.999583
66 82 0.999551
66 83 0.999519
66 84 0.999488
66 85 0.99946
66 86 0.999432
66 87 0.999407
66 88 0.999383
66 89 0.999361
66 90 0.999342
66 91 0.999324
66 92 0.999309
66 93 0.999296
66 94 0.999285
66 95 0.999276
66 96 0.999269
66 97 0.999263
66 98 0.99926
66 99 0.999258
66 100 0.999257
66 101 0.999258
66 102 0.999259
66 103 0.999262
66 104 0.999266
66 105 0.99927
66 106 0.999275
66 107 0.99928
66 108 0.999285
66 109 0.999291
66 110 0.999296
66 111 0.999302
66 112 0.999307
66 113 0.999312
66 114 0.999317
66 115 0.999322
66 116 0.999326
66 117 0.999331
66 118 0.999336
66 119 0.99934
66 120 0.999345
66 121 0.999351
66 122 0.999357
66 123 0.999365
66 124 0.999373
66 125 0.999383
66 126 0.999395
66 127 0.999408

67 0 0
67 1 1.00044
67 2 1.00044
67 3 1.00044
67 4 1.00044
67 5 1.00044
67 6 1.00044
67 7 1.00044
67 8 1.00044
67 9 1.00044
67 10 1.00044
67 11 1.00043
67 12 1.00043
67 13 1.00043
67 14 1.00043
67 15 1.00043
67 16 1.00043
67 17 1.00043
67 18 1.00042
67 19 1.00042
67 20 1.00042
67 21 1.00042
67 22 1.00042
67 23 1.00041
67 24 1.00041
67 25 1.00041
67 26 1.00041
67 27 1.0004
67 28 1.0004
67 29 1.0004
67 30 1.0004
67 31 1.00039
67 32 1.00039
67 33 1.00039
67 34 1.00038
67 35 1.00038
67 36 1.00038
67 37 1.00037
67 38 1.00037
67 39 1.00036
67 40 1.00036
67 41 1.00036
67 42 1.00035
67 43 1.00035
67 44 1.00034
67 45 1.00034
67 46 1.00033
67 47 1.00032
67 48 1.00032
67 49 1.00031
67 50 1.0003
67 51 1.00029
67 52 1.00028
67 53 1.00027
67 54 1.00026
67 55 1.00025
67 56 1.00024
67 57 1.00022
67 58 1.00021
67 59 1.00019
67 60 1.00018
67 61 1.00016
67 62 1.00014
67 63 1.00012
67 64 1.00009
67 65 1.00007
67 66 1.00004
67 67 1.00002
67 68 0.999988
67 69 0.999958
67 70 0.999926
67 71 0.999894
67 72 0.99986
67 73 0.999825
67 74 0.999789
67 75 0.999753
67 76 0.999716
67 77 0.999678
67 78 0.999641
67 79 0.999604
67 80 0.999567
67 81 0.999531
67 82 0.999496
67 83 0.999462
67 84 0.999429
67 85 0.999398
67 86 0.999369
67 87 0.999342
67 88 0.999317
67 89 0.999294
67 90 0.999273
67 91 0.999255
67 92 0.999239
67 93 0.999225
67 94 0.999214
67 95 0.999205
67 96 0.999197
67 97 0.999192
67 98 0.999189
67 99 0.999187
67 100 0.999187
67 101 0.999188
67 102 0.99919
67 103 0.999194
67 104 0.999198
67 105 0.999202
67 106 0.999208
67 107 0.999213
67 108 0.999219
67 109 0.999225
67 110 0.999231
67 111 0.999237
67 112 0.999242
67 113 0.999248
67 114 0.999253
67 115 0.999258
67 116 0.999263
67 117 0.999267
67 118 0.999272
67 119 0.999277
67 120 0.999282
67 121 0.999288
67 122 0.999294
67 123 0.999302
67 124 0.99931
67 125 0.99932
67 126 0.999331
67 127 0.999344

68 0 0
68 1 1.00044
68 2 1.00044
68 3 1.00044
68 4 1.00044
68 5 1.00044
68 6 1.00044
68 7 1.00044
68 8 1.00044
68 9 1.00043
68 10 1.00043
68 11 1.00043
68 12 1.00043
68 13 1.00043
68 14 1.00043
68 15 1.00043
68 16 1.00042
68 17 1.00042
68 18 1.00042
68 19 1.00042
68 20 1.00042
68 21 1.00041
68 22 1.00041
68 23 1.00041
68 24 1.00041
68 25 1.0004
68 26 1.0004
68 27 1.0004
68 28 1.0004
68 29 1.00039
68 30 1.00039
68 31 1.00039
68 32 1.00038
68 33 1.00038
68 34 1.00038
68 35 1.00037
68 36 1.00037
68 37 1.00037
68 38 1.00036
68 39 1.00036
68 40 1.00035
68 41 1.00035
68 42 1.00034
68 43 1.00034
68 44 1.00033
68 45 1.00033
68 46 1.00032
68 47 1.00032
68 48 1.00031
68 49 1.0003
68 50 1.00029
68 51 1.00028
68 52 1.00027
68 53 1.00026
68 54 1.00025
68 55 1.00024
68 56 1.00023
68 57 1.00021
68 58 1.0002
68 59 1.00018
68 60 1.00016
68 61 1.00014
68 62 1.00012
68 63 1.0001
68 64 1.00008
68 65 1.00005
68 66 1.00002
68 67 0.999996
68 68 0.999965
68 69 0.999933
68 70 0.9999
68 71 0.999865
68 72 0.999829
68 73 0.999791
68 74 0.999753
68 75 0.999714
68 76 0.999674
68 77 0.999634
68 78 0.999594
68 79 0.999554
68 80 0.999514
68 81 0.999476
68 82 0.999438
68 83 0.999401
68 84 0.999367
68 85 0.999334
68 86 0.999302
68 87 0.999274
68 88 0.999247
68 89 0.999223
68 90 0.999201
68 91 0.999182
68 92 0.999165
68 93 0.999151
68 94 0.999139
68 95 0.99913
68 96 0.999123
68 97 0.999118
68 98 0.999115
68 99 0.999113
68 100 0.999114
68 101 0.999115
68 102 0.999118
68 103 0.999122
68 104 0.999127
68 105 0.999132
68 106 0.999138
68 107 0.999144
68 108 0.999151
68 109 0.999157
68 110 0.999163
68 111 0.99917
68 112 0.999176
68 113 0.999182
68 114 0.999187
68 115 0.999192
68 116 0.999197
68 117 0.999202
68 118 0.999207
68 119 0.999212
68 120 0.999218
68 121 0.999223
68 122 0.99923
68 123 0.999237
68 124 0.999246
68 125 0.999255
68 126 0.999266
68 127 0.999279

69 0 0
69 1 1.00044
69 2 1.00044
69 3 1.00044
69 4 1.00044
69 5 1.00043
69 6 1.00043
69 7 1.00043
69 8 1.00043
69 9 1.00043
69 10 1.00043
69 11 1.00043
69 12 1.00043
69 13 1.00043
69 14 1.00042
69 15 1.00042
69 16 1.00042
69 17 1.00042
69 18 1.00042
69 19 1.00041
69 20 1.00041
69 21 1.00041
69 22 1.00041
69 23 1.00041
69 24 1.0004
69 25 1.0004
69 26 1.0004
69 27 1.00039
69 28 1.00039
69 29 1.00039
69 30 1.00039
69 31 1.00038
69 32 1.00038
69 33 1.00038
69 34 1.00037
69 35 1.00037
69 36 1.00036
69 37 1.00036
69 38 1.00036
69 39 1.00035
69 40 1.00035
69 41 1.00034
69 42 1.00034
69 43 1.00033
69 44 1.00033
69 45 1.00032
69 46 1.00032
69 47 1.00031
69 48 1.0003
69 49 1.00029
69 50 1.00028
69 51 1.00028
69 52 1.00027
69 53 1.00026
69 54 1.00024
69 55 1.00023
69 56 1.00022
69 57 1.0002
69 58 1.00019
69 59 1.00017
69 60 1.00015
69 61 1.00013
69 62 1.00011
69 63 1.00009
69 64 1.00006
69 65 1.00003
69 66 1
69 67 0.999975
69 68 0.999942
69 69 0.999908
69 70 0.999873
69 71 0.999835
69 72 0.999797
69 73 0.999757
69 74 0.999715
69 75 0.999673
69 76 0.999631
69 77 0.999588
69 78 0.999544
69 79 0.999501
69 80 0.999459
69 81 0.999417
69 82 0.999377
69 83 0.999338
69 84 0.999301
69 85 0.999265
69 86 0.999232
69 87 0.999202
69 88 0.999173
69 89 0.999148
69 90 0.999125
69 91 0.999105
69 92 0.999088
69 93 0.999073
69 94 0.999061
69 95 0.999052
69 96 0.999045
69 97 0.99904
69 98 0.999037
69 99 0.999036
69 100 0.999037
69 101 0.999039
69 102 0.999043
69 103 0.999048
69 104 0.999053
69 105 0.999059
69 106 0.999066
69 107 0.999073
69 108 0.99908
69 109 0.999087
69 110 0.999094
69 111 0.999101
69 112 0.999107
69 113 0.999113
69 114 0.999119
69 115 0.999125
69 116 0.99913
69 117 0.999136
69 118 0.999141
69 119 0.999146
69 120 0.999152
69 121 0.999158
69 122 0.999164
69 123 0.999171
69 124 0.99918
69 125 0.99919
69 126 0.999201
69 127 0.999213

70 0 0
70 1 1.00043
70 2 1.00043
70 3 1.00043
70 4 1.00043
70 5 1.00043
70 6 1.00043
70 7 1.00043
70 8 1.00043
70 9 1.00043
70 10 1.00043
70 11 1.00043
70 12 1.00043
70 13 1.00042
70 14 1.00042
70 15 1.00042
70 16 1.00042
70 17 1.00042
70 18 1.00041
70 19 1.00041
70 20 1.00041
70 21 1.00041
70 22 1.0004
70 23 1.0004
70 24 1.0004
70 25 1.0004
70 26 1.00039
70 27 1.00039
70 28 1.00039
70 29 1.00038
70 30 1.00038
70 31 1.00038
70 32 1.00037
70 33 1.00037
70 34 1.00037
70 35 1.00036
70 36 1.00036
70 37 1.00035
70 38 1.00035
70 39 1.00035
70 40 1.00034
70 41 1.00034
70 42 1.00033
70 43 1.00033
70 44 1.00032
70 45 1.00031
70 46 1.00031
70 47 1.0003
70 48 1.00029
70 49 1.00029
70 50 1.00028
70 51 1.00027
70 52 1.00026
70 53 1.00025
70 54 1.00023
70 55 1.00022
70 56 1.00021
70 57 1.00019
70 58 1.00018
70 59 1.00016
70 60 1.00014
70 61 1.00012
70 62 1.0001
70 63 1.00007
70 64 1.00004
70 65 1.00002
70 66 0.999986
70 67 0.999953
70 68 0.999919
70 69 0.999883
70 70 0.999845
70 71 0.999805
70 72 0.999764
70 73 0.999721
70 74 0.999676
70 75 0.999631
70 76 0.999585
70 77 0.999539
70 78 0.999493
70 79 0.999447
70 80 0.999401
70 81 0.999356
70 82 0.999313
70 83 0.999271
70 84 0.999231
70 85 0.999194
70 86 0.999158
70 87 0.999126
70 88 0.999096
70 89 0.999069
70 90 0.999045
70 91 0.999024
70 92 0.999006
70 93 0.998991
70 94 0.998979
70 95 0.99897
70 96 0.998963
70 97 0.998959
70 98 0.998956
70 99 0.998956
70 100 0.998958
70 101 0.998961
70 102 0.998965
70 103 0.99897
70 104 0.998977
70 105 0.998984
70 106 0.998991
70 107 0.998999
70 108 0.999007
70 109 0.999014
70 110 0.999022
70 111 0.999029
70 112 0.999037
70 113 0.999043
70 114 0.99905
70 115 0.999056
70 116 0.999062
70 117 0.999067
70 118 0.999073
70 119 0.999079
70 120 0.999084
70 121 0.999091
70 122 0.999097
70 123 0.999105
70 124 0.999113
70 125 0.999123
70 126 0.999134
70 127 0.999146

71 0 0
71 1 1.00043
71 2 1.00043
71 3 1.00043
71 4 1.00043
71 5 1.00043
71 6 1.00043
71 7 1.00043
71 8 1.00043
71 9 1.00043
71 10 1.00043
71 11 1.00042
71 12 1.00042
71 13 1.00042
71 14 1.00042
71 15 1.00042
71 16 1.00041
71 17 1.00041
71 18 1.00041
71 19 1.00041
71 20 1.00041
71 21 1.0004
71 22 1.0004
71 23 1.0004
71 24 1.00039
71 25 1.00039
71 26 1.00039
71 27 1.00039
71 28 1.00038
71 29 1.00038
71 30 1.00038
71 31 1.00037
71 32 1.00037
71 33 1.00037
71 34 1.00036
71 35 1.00036
71 36 1.00035
71 37 1.00035
71 38 1.00035
71 39 1.00034
71 40 1.00034
71 41 1.00033
71 42 1.00033
71 43 1.00032
71 44 1.00031
71 45 1.00031
71 46 1.0003
71 47 1.00029
71 48 1.00029
71 49 1.00028
71 50 1.00027
71 51 1.00026
71 52 1.00025
71 53 1.00024
71 54 1.00023
71 55 1.00021
71 56 1.0002
71 57 1.00018
71 58 1.00017
71 59 1.00015
71 60 1.00013
71 61 1.00011
71 62 1.00008
71 63 1.00006
71 64 1.00003
71 65 0.999998
71 66 0.999966
71 67 0.999932
71 68 0.999895
71 69 0.999857
71 70 0.999816
71 71 0.999774
71 72 0.999729
71 73 0.999683
71 74 0.999636
71 75 0.999588
71 76 0.999538
71 77 0.999489
71 78 0.999439
71 79 0.999389
71 80 0.99934
71 81 0.999292
71 82 0.999246
71 83 0.999201
71 84 0.999159
71 85 0.999118
71 86 0.999081
71 87 0.999046
71 88 0.999015
71 89 0.998986
71 90 0.998961
71 91 0.99894
71 92 0.998921
71 93 0.998906
71 94 0.998894
71 95 0.998884
71 96 0.998878
71 97 0.998874
71 98 0.998872
71 99 0.998873
71 100 0.998875
71 101 0.998879
71 102 0.998884
71 103 0.998891
71 104 0.998898
71 105 0.998906
71 106 0.998914
71 107 0.998923
71 108 0.998931
71 109 0.99894
71 110 0.998948
71 111 0.998957
71 112 0.998964
71 113 0.998972
71 114 0.998979
71 115 0.998985
71 116 0.998992
71 117 0.998998
71 118 0.999004
71 119 0.99901
71 120 0.999016
71 121 0.999023
71 122 0.99903
71 123 0.999037
71 124 0.999046
71 125 0.999056
71 126 0.999067
71 127 0.999079

72 0 0
72 1 1.00043
72 2 1.00043
72 3 1.00043
72 4 1.00043
72 5 1.00043
72 6 1.00043
72 7 1.00043
72 8 1.00043
72 9 1.00042
72 10 1.00042
72 11 1.00042
72 12 1.00042
72 13 1.00042
72 14 1.00042
72 15 1.00041
72 16 1.00041
72 17 1.00041
72 18 1.00041
72 19 1.0004
72 20 1.0004
72 21 1.0004
72 22 1.0004
72 23 1.00039
72 24 1.00039
72 25 1.00039
72 26 1.00038
72 27 1.00038
72 28 1.00038
72 29 1.00037
72 30 1.00037
72 31 1.00037
72 32 1.00036
72 33 1.00036
72 34 1.00036
72 35 1.00035
72 36 1.00035
72 37 1.00034
72 38 1.00034
72 39 1.00033
72 40 1.00033
72 41 1.00033
72 42 1.00032
72 43 1.00031
72 44 1.00031
72 45 1.0003
72 46 1.0003
72 47 1.00029
72 48 1.00028
72 49 1.00027
72 50 1.00026
72 51 1.00025
72 52 1.00024
72 53 1.00023
72 54 1.00022
72 55 1.0002
72 56 1.00019
72 57 1.00017
72 58 1.00016
72 59 1.00014
72 60 1.00012
72 61 1.00009
72 62 1.00007
72 63 1.00004
72 64 1.00001
72 65 0.99998
72 66 0.999947
72 67 0.99991
72 68 0.999872
72 69 0.999831
72 70 0.999787
72 71 0.999742
72 72 0.999694
72 73 0.999645
72 74 0.999594
72 75 0.999542
72 76 0.999489
72 77 0.999436
72 78 0.999382
72 79 0.999329
72 80 0.999276
72 81 0.999225
72 82 0.999175
72 83 0.999128
72 84 0.999082
72 85 0.999039
72 86 0.999
72 87 0.998963
72 88 0.99893
72 89 0.9989
72 90 0.998874
72 91 0.998851
72 92 0.998832
72 93 0.998816
72 94 0.998804
72 95 0.998795
72 96 0.998789
72 97 0.998786
72 98 0.998785
72 99 0.998786
72 100 0.998789
72 101 0.998794
72 102 0.998801
72 103 0.998808
72 104 0.998816
72 105 0.998825
72 106 0.998835
72 107 0.998844
72 108 0.998854
72 109 0.998864
72 110 0.998873
72 111 0.998882
72 112 0.99889
72 113 0.998899
72 114 0.998906
72 115 0.998914
72 116 0.998921
72 117 0.998927
72 118 0.998934
72 119 0.99894
72 120 0.998947
72 121 0.998954
72 122 0.998961
72 123 0.998969
72 124 0.998978
72 125 0.998988
72 126 0.998999
72 127 0.99901

73 0 0
73 1 1.00043
73 2 1.00043
73 3 1.00043
73 4 1.00043
73 5 1.00043
73 6 1.00042
73 7 1.00042
73 8 1.00042
73 9 1.00042
73 10 1.00042
73 11 1.00042
73 12 1.00042
73 13 1.00042
73 14 1.00041
73 15 1.00041
73 16 1.00041
73 17 1.00041
73 18 1.0004
73 19 1.0004
73 20 1.0004
73 21 1.0004
73 22 1.00039
73 23 1.00039
73 24 1.00039
73 25 1.00038
73 26 1.00038
73 27 1.00038
73 28 1.00037
73 29 1.00037
73 30 1.00037
73 31 1.00036
73 32 1.00036
73 33 1.00036
73 34 1.00035
73 35 1.00035
73 36 1.00034
73 37 1.00034
73 38 1.00033
73 39 1.00033
73 40 1.00032
73 41 1.00032
73 42 1.00031
73 43 1.00031
73 44 1.0003
73 45 1.0003
73 46 1.00029
73 47 1.00028
73 48 1.00027
73 49 1.00027
73 50 1.00026
73 51 1.00025
73 52 1.00024
73 53 1.00022
73 54 1.00021
73 55 1.0002
73 56 1.00018
73 57 1.00017
73 58 1.00015
73 59 1.00013
73 60 1.0001
73 61 1.00008
73 62 1.00006
73 63 1.00003
73 64 0.999996
73 65 0.999963
73 66 0.999927
73 67 0.999889
73 68 0.999848
73 69 0.999804
73 70 0.999758
73 71 0.999709
73 72 0.999658
73 73 0.999606
73 74 0.999551
73 75 0.999495
73 76 0.999438
73 77 0.999381
73 78 0.999323
73 79 0.999266
73 80 0.99921
73 81 0.999155
73 82 0.999102
73 83 0.999051
73 84 0.999002
73 85 0.998957
73 86 0.998914
73 87 0.998876
73 88 0.998841
73 89 0.99881
73 90 0.998782
73 91 0.998759
73 92 0.998739
73 93 0.998724
73 94 0.998711
73 95 0.998703
73 96 0.998697
73 97 0.998694
73 98 0.998694
73 99 0.998697
73 100 0.998701
73 101 0.998707
73 102 0.998714
73 103 0.998723
73 104 0.998733
73 105 0.998743
73 106 0.998753
73 107 0.998764
73 108 0.998775
73 109 0.998785
73 110 0.998796
73 111 0.998806
73 112 0.998815
73 113 0.998824
73 114 0.998833
73 115 0.998841
73 116 0.998848
73 117 0.998856
73 118 0.998863
73 119 0.99887
73 120 0.998877
73 121 0.998884
73 122 0.998892
73 123 0.9989
73 124 0.998909
73 125 0.998919
73 126 0.99893
73 127 0.998942

74 0 0
74 1 1.00042
74 2 1.00042
74 3 1.00042
74 4 1.00042
74 5 1.00042
74 6 1.00042
74 7 1.00042
74 8 1.00042
74 9 1.00042
74 10 1.00042
74 11 1.00042
74 12 1.00041
74 13 1.00041
74 14 1.00041
74 15 1.00041
74 16 1.00041
74 17 1.0004
74 18 1.0004
74 19 1.0004
74 20 1.0004
74 21 1.00039
74 22 1.00039
74 23 1.00039
74 24 1.00038
74 25 1.00038
74 26 1.00038
74 27 1.00037
74 28 1.00037
74 29 1.00037
74 30 1.00036
74 31 1.00036
74 32 1.00036
74 33 1.00035
74 34 1.00035
74 35 1.00034
74 36 1.00034
74 37 1.00033
74 38 1.00033
74 39 1.00032
74 40 1.00032
74 41 1.00031
74 42 1.00031
74 43 1.0003
74 44 1.0003
74 45 1.00029
74 46 1.00028
74 47 1.00028
74 48 1.00027
74 49 1.00026
74 50 1.00025
74 51 1.00024
74 52 1.00023
74 53 1.00022
74 54 1.0002
74 55 1.00019
74 56 1.00017
74 57 1.00016
74 58 1.00014
74 59 1.00012
74 60 1.00009
74 61 1.00007
74 62 1.00004
74 63 1.00001
74 64 0.99998
74 65 0.999945
74 66 0.999908
74 67 0.999867
74 68 0.999823
74 69 0.999777
74 70 0.999728
74 71 0.999676
74 72 0.999621
74 73 0.999565
74 74 0.999507
74 75 0.999447
74 76 0.999386
74 77 0.999324
74 78 0.999262
74 79 0.999201
74 80 0.999141
74 81 0.999082
74 82 0.999025
74 83 0.998971
74 84 0.998919
74 85 0.998871
74 86 0.998826
74 87 0.998785
74 88 0.998748
74 89 0.998716
74 90 0.998687
74 91 0.998663
74 92 0.998643
74 93 0.998627
74 94 0.998615
74 95 0.998607
74 96 0.998602
74 97 0.9986
74 98 0.998601
74 99 0.998604
74 100 0.99861
74 101 0.998617
74 102 0.998626
74 103 0.998636
74 104 0.998647
74 105 0.998658
74 106 0.99867
74 107 0.998682
74 108 0.998694
74 109 0.998706
74 110 0.998717
74 111 0.998728
74 112 0.998739
74 113 0.998748
74 114 0.998758
74 115 0.998767
74 116 0.998775
74 117 0.998783
74 118 0.998791
74 119 0.998799
74 120 0.998807
74 121 0.998814
74 122 0.998823
74 123 0.998831
74 124 0.998841
74 125 0.998851
74 126 0.998861
74 127 0.998873

75 0 0
75 1 1.00042
75 2 1.00042
75 3 1.00042
75 4 1.00042
75 5 1.00042
75 6 1.00042
75 7 1.00042
75 8 1.00042
75 9 1.00042
75 10 1.00042
75 11 1.00041
75 12 1.00041
75 13 1.00041
75 14 1.00041
75 15 1.00041
75 16 1.0004
75 17 1.0004
75 18 1.0004
75 19 1.0004
75 20 1.00039
75 21 1.00039
75 22 1.00039
75 23 1.00038
75 24 1.00038
75 25 1.00038
75 26 1.00037
75 27 1.00037
75 28 1.00037
75 29 1.00036
75 30 1.00036
75 31 1.00035
75 32 1.00035
75 33 1.00035
75 34 1.00034
75 35 1.00034
75 36 1.00033
75 37 1.00033
75 38 1.00032
75 39 1.00032
75 40 1.00031
75 41 1.00031
75 42 1.0003
75 43 1.0003
75 44 1.00029
75 45 1.00028
75 46 1.00028
75 47 1.00027
75 48 1.00026
75 49 1.00025
75 50 1.00024
75 51 1.00023
75 52 1.00022
75 53 1.00021
75 54 1.0002
75 55 1.00018
75 56 1.00017
75 57 1.00015
75 58 1.00013
75 59 1.00011
75 60 1.00008
75 61 1.00006
75 62 1.00003
75 63 0.999999
75 64 0.999965
75 65 0.999928
75 66 0.999888
75 67 0.999845
75 68 0.999799
75 69 0.99975
75 70 0.999697
75 71 0.999642
75 72 0.999584
75 73 0.999523
75 74 0.999461
75 75 0.999397
75 76 0.999331
75 77 0.999265
75 78 0.999199
75 79 0.999134
75 80 0.999069
75 81 0.999006
75 82 0.998945
75 83 0.998887
75 84 0.998832
75 85 0.998781
75 86 0.998734
75 87 0.998691
75 88 0.998652
75 89 0.998618
75 90 0.998589
75 91 0.998564
75 92 0.998544
75 93 0.998528
75 94 0.998516
75 95 0.998508
75 96 0.998504
75 97 0.998503
75 98 0.998505
75 99 0.99851
75 100 0.998516
75 101 0.998525
75 102 0.998535
75 103 0.998547
75 104 0.998559
75 105 0.998572
75 106 0.998586
75 107 0.998599
75 108 0.998612
75 109 0.998625
75 110 0.998638
75 111 0.99865
75 112 0.998661
75 113 0.998672
75 114 0.998682
75 115 0.998692
75 116 0.998701
75 117 0.99871
75 118 0.998719
75 119 0.998728
75 120 0.998736
75 121 0.998745
75 122 0.998753
75 123 0.998763
75 124 0.998772
75 125 0.998782
75 126 0.998793
75 127 0.998804

76 0 0
76 1 1.00042
76 2 1.00042
76 3 1.00042
76 4 1.00042
76 5 1.00042
76 6 1.00042
76 7 1.00042
76 8 1.00042
76 9 1.00042
76 10 1.00041
76 11 1.00041
76 12 1.00041
76 13 1.00041
76 14 1.00041
76 15 1.0004
76 16 1.0004
76 17 1.0004
76 18 1.0004
76 19 1.00039
76 20 1.00039
76 21 1.00039
76 22 1.00038
76 23 1.00038
76 24 1.00038
76 25 1.00037
76 26 1.00037
76 27 1.00037
76 28 1.00036
76 29 1.00036
76 30 1.00036
76 31 1.00035
76 32 1.00035
76 33 1.00034
76 34 1.00034
76 35 1.00033
76 36 1.00033
76 37 1.00032
76 38 1.00032
76 39 1.00031
76 40 1.00031
76 41 1.0003
76 42 1.0003
76 43 1.00029
76 44 1.00029
76 45 1.00028
76 46 1.00027
76 47 1.00026
76 48 1.00026
76 49 1.00025
76 50 1.00024
76 51 1.00023
76 52 1.00022
76 53 1.0002
76 54 1.00019
76 55 1.00018
76 56 1.00016
76 57 1.00014
76 58 1.00012
76 59 1.0001
76 60 1.00007
76 61 1.00005
76 62 1.00002
76 63 0.999986
76 64 0.99995
76 65 0.999911
76 66 0.999869
76 67 0.999824
76 68 0.999775
76 69 0.999722
76 70 0.999666
76 71 0.999607
76 72 0.999545
76 73 0.999481
76 74 0.999414
76 75 0.999345
76 76 0.999275
76 77 0.999205
76 78 0.999134
76 79 0.999064
76 80 0.998995
76 81 0.998928
76 82 0.998863
76 83 0.998801
76 84 0.998743
76 85 0.998689
76 86 0.998639
76 87 0.998594
76 88 0.998553
76 89 0.998518
76 90 0.998487
76 91 0.998462
76 92 0.998441
76 93 0.998425
76 94 0.998414
76 95 0.998407
76 96 0.998403
76 97 0.998403
76 98 0.998407
76 99 0.998413
76 100 0.998421
76 101 0.998431
76 102 0.998443
76 103 0.998456
76 104 0.99847
76 105 0.998485
76 106 0.9985
76 107 0.998514
76 108 0.998529
76 109 0.998543
76 110 0.998557
76 111 0.99857
76 112 0.998583
76 113 0.998595
76 114 0.998606
76 115 0.998617
76 116 0.998628
76 117 0.998637
76 118 0.998647
76 119 0.998656
76 120 0.998666
76 121 0.998675
76 122 0.998684
76 123 0.998694
76 124 0.998704
76 125 0.998714
76 126 0.998725
76 127 0.998735

77 0 0
77 1 1.00042
77 2 1.00042
77 3 1.00042
77 4 1.00042
77 5 1.00042
77 6 1.00042
77 7 1.00042
77 8 1.00042
77 9 1.00041
77 10 1.00041
77 11 1.00041
77 12 1.00041
77 13 1.00041
77 14 1.0004
77 15 1.0004
77 16 1.0004
77 17 1.0004
77 18 1.00039
77 19 1.00039
77 20 1.00039
77 21 1.00038
77 22 1.00038
77 23 1.00038
77 24 1.00037
77 25 1.00037
77 26 1.00037
77 27 1.00036
77 28 1.00036
77 29 1.00036
77 30 1.00035
77 31 1.00035
77 32 1.00034
77 33 1.00034
77 34 1.00033
77 35 1.00033
77 36 1.00033
77 37 1.00032
77 38 1.00032
77 39 1.00031
77 40 1.00031
77 41 1.0003
77 42 1.00029
77 43 1.00029
77 44 1.00028
77 45 1.00027
77 46 1.00027
77 47 1.00026
77 48 1.00025
77 49 1.00024
77 50 1.00023
77 51 1.00022
77 52 1.00021
77 53 1.0002
77 54 1.00018
77 55 1.00017
77 56 1.00015
77 57 1.00013
77 58 1.00011
77 59 1.00009
77 60 1.00006
77 61 1.00004
77 62 1.00001
77 63 0.999973
77 64 0.999935
77 65 0.999895
77 66 0.99985
77 67 0.999802
77 68 0.99975
77 69 0.999695
77 70 0.999635
77 71 0.999573
77 72 0.999506
77 73 0.999437
77 74 0.999366
77 75 0.999293
77 76 0.999218
77 77 0.999143
77 78 0.999067
77 79 0.998992
77 80 0.998919
77 81 0.998847
77 82 0.998778
77 83 0.998713
77 84 0.998651
77 85 0.998594
77 86 0.998541
77 87 0.998494
77 88 0.998452
77 89 0.998415
77 90 0.998383
77 91 0.998357
77 92 0.998337
77 93 0.998321
77 94 0.99831
77 95 0.998303
77 96 0.998301
77 97 0.998302
77 98 0.998307
77 99 0.998314
77 100 0.998324
77 101 0.998336
77 102 0.99835
77 103 0.998365
77 104 0.99838
77 105 0.998396
77 106 0.998413
77 107 0.998429
77 108 0.998445
77 109 0.998461
77 110 0.998476
77 111 0.998491
77 112 0.998505
77 113 0.998518
77 114 0.99853
77 115 0.998542
77 116 0.998554
77 117 0.998565
77 118 0.998575
77 119 0.998586
77 120 0.998596
77 121 0.998606
77 122 0.998616
77 123 0.998626
77 124 0.998637
77 125 0.998647
77 126 0.998658
77 127 0.998668

78 0 0
78 1 1.00042
78 2 1.00042
78 3 1.00042
78 4 1.00042
78 5 1.00042
78 6 1.00042
78 7 1.00041
78 8 1.00041
78 9 1.00041
78 10 1.00041
78 11 1.00041
78 12 1.00041
78 13 1.0004
78 14 1.0004
78 15 1.0004
78 16 1.0004
78 17 1.00039
78 18 1.00039
78 19 1.00039
78 20 1.00039
78 21 1.00038
78 22 1.00038
78 23 1.00038
78 24 1.00037
78 25 1.00037
78 26 1.00036
78 27 1.00036
78 28 1.00036
78 29 1.00035
78 30 1.00035
78 31 1.00034
78 32 1.00034
78 33 1.00034
78 34 1.00033
78 35 1.00033
78 36 1.00032
78 37 1.00032
78 38 1.00031
78 39 1.00031
78 40 1.0003
78 41 1.0003
78 42 1.00029
78 43 1.00028
78 44 1.00028
78 45 1.00027
78 46 1.00026
78 47 1.00025
78 48 1.00025
78 49 1.00024
78 50 1.00023
78 51 1.00022
78 52 1.00021
78 53 1.00019
78 54 1.00018
78 55 1.00016
78 56 1.00015
78 57 1.00013
78 58 1.00011
78 59 1.00008
78 60 1.00006
78 61 1.00003
78 62 0.999995
78 63 0.99996
78 64 0.999921
78 65 0.999879
78 66 0.999832
78 67 0.999781
78 68 0.999726
78 69 0.999667
78 70 0.999604
78 71 0.999538
78 72 0.999467
78 73 0.999394
78 74 0.999318
78 75 0.999239
78 76 0.99916
78 77 0.999079
78 78 0.998999
78 79 0.998919
78 80 0.998841
78 81 0.998765
78 82 0.998692
78 83 0.998623
78 84 0.998558
78 85 0.998497
78 86 0.998442
78 87 0.998392
78 88 0.998348
78 89 0.99831
78 90 0.998278
78 91 0.998251
78 92 0.99823
78 93 0.998215
78 94 0.998204
78 95 0.998198
78 96 0.998197
78 97 0.9982
78 98 0.998206
78 99 0.998215
78 100 0.998226
78 101 0.99824
78 102 0.998255
78 103 0.998272
78 104 0.998289
78 105 0.998307
78 106 0.998326
78 107 0.998344
78 108 0.998361
78 109 0.998379
78 110 0.998395
78 111 0.998411
78 112 0.998426
78 113 0.998441
78 114 0.998455
78 115 0.998468
78 116 0.998481
78 117 0.998493
78 118 0.998504
78 119 0.998516
78 120 0.998527
78 121 0.998538
78 122 0.998549
78 123 0.99856
78 124 0.998571
78 125 0.998581
78 126 0.998591
78 127 0.998601

79 0 0
79 1 1.00042
79 2 1.00042
79 3 1.00042
79 4 1.00042
79 5 1.00042
79 6 1.00041
79 7 1.00041
79 8 1.00041
79 9 1.00041
79 10 1.00041
79 11 1.00041
79 12 1.00041
79 13 1.0004
79 14 1.0004
79 15 1.0004
79 16 1.0004
79 17 1.00039
79 18 1.00039
79 19 1.00039
79 20 1.00038
79 21 1.00038
79 22 1.00038
79 23 1.00037
79 24 1.00037
79 25 1.00037
79 26 1.00036
79 27 1.00036
79 28 1.00035
79 29 1.00035
79 30 1.00035
79 31 1.00034
79 32 1.00034
79 33 1.00033
79 34 1.00033
79 35 1.00032
79 36 1.00032
79 37 1.00031
79 38 1.00031
79 39 1.0003
79 40 1.0003
79 41 1.00029
79 42 1.00029
79 43 1.00028
79 44 1.00027
79 45 1.00027
79 46 1.00026
79 47 1.00025
79 48 1.00024
79 49 1.00023
79 50 1.00022
79 51 1.00021
79 52 1.0002
79 53 1.00019
79 54 1.00017
79 55 1.00016
79 56 1.00014
79 57 1.00012
79 58 1.0001
79 59 1.00007
79 60 1.00005
79 61 1.00002
79 62 0.999985
79 63 0.999948
79 64 0.999907
79 65 0.999863
79 66 0.999814
79 67 0.99976
79 68 0.999703
79 69 0.99964
79 70 0.999573
79 71 0.999503
79 72 0.999428
79 73 0.99935
79 74 0.999269
79 75 0.999186
79 76 0.999101
79 77 0.999015
79 78 0.99893
79 79 0.998845
79 80 0.998762
79 81 0.998681
79 82 0.998604
79 83 0.998531
79 84 0.998462
79 85 0.998399
79 86 0.998341
79 87 0.998289
79 88 0.998243
79 89 0.998204
79 90 0.998171
79 91 0.998144
79 92 0.998123
79 93 0.998107
79 94 0.998098
79 95 0.998093
79 96 0.998093
79 97 0.998096
79 98 0.998104
79 99 0.998115
79 100 0.998128
79 101 0.998144
79 102 0.998161
79 103 0.998179
79 104 0.998199
79 105 0.998219
79 106 0.998238
79 107 0.998258
79 108 0.998278
79 109 0.998296
79 110 0.998315
79 111 0.998332
79 112 0.998349
79 113 0.998365
79 114 0.99838
79 115 0.998394
79 116 0.998408
79 117 0.998421
79 118 0.998434
79 119 0.998447
79 120 0.998459
79 121 0.998471
79 122 0.998483
79 123 0.998494
79 124 0.998506
79 125 0.998516
79 126 0.998527
79 127 0.998535

80 0 0
80 1 1.00042
80 2 1.00042
80 3 1.00042
80 4 1.00042
80 5 1.00041
80 6 1.00041
80 7 1.00041
80 8 1.00041
80 9 1.00041
80 10 1.00041
80 11 1.00041
80 12 1.0004
80 13 1.0004
80 14 1.0004
80 15 1.0004
80 16 1.00039
80 17 1.00039
80 18 1.00039
80 19 1.00039
80 20 1.00038
80 21 1.00038
80 22 1.00038
80 23 1.00037
80 24 1.00037
80 25 1.00036
80 26 1.00036
80 27 1.00036
80 28 1.00035
80 29 1.00035
80 30 1.00034
80 31 1.00034
80 32 1.00033
80 33 1.00033
80 34 1.00032
80 35 1.00032
80 36 1.00031
80 37 1.00031
80 38 1.0003
80 39 1.0003
80 40 1.00029
80 41 1.00029
80 42 1.00028
80 43 1.00028
80 44 1.00027
80 45 1.00026
80 46 1.00025
80 47 1.00025
80 48 1.00024
80 49 1.00023
80 50 1.00022
80 51 1.00021
80 52 1.0002
80 53 1.00018
80 54 1.00017
80 55 1.00015
80 56 1.00013
80 57 1.00011
80 58 1.00009
80 59 1.00007
80 60 1.00004
80 61 1.00001
80 62 0.999975
80 63 0.999937
80 64 0.999894
80 65 0.999848
80 66 0.999796
80 67 0.99974
80 68 0.999679
80 69 0.999613
80 70 0.999543
80 71 0.999468
80 72 0.999389
80 73 0.999306
80 74 0.99922
80 75 0.999132
80 76 0.999042
80 77 0.998951
80 78 0.99886
80 79 0.99877
80 80 0.998682
80 81 0.998597
80 82 0.998516
80 83 0.998439
80 84 0.998367
80 85 0.9983
80 86 0.99824
80 87 0.998186
80 88 0.998138
80 89 0.998097
80 90 0.998063
80 91 0.998036
80 92 0.998015
80 93 0.998
80 94 0.997991
80 95 0.997987
80 96 0.997988
80 97 0.997993
80 98 0.998003
80 99 0.998015
80 100 0.99803
80 101 0.998048
80 102 0.998067
80 103 0.998087
80 104 0.998109
80 105 0.99813
80 106 0.998152
80 107 0.998174
80 108 0.998195
80 109 0.998215
80 110 0.998235
80 111 0.998254
80 112 0.998272
80 113 0.99829
80 114 0.998306
80 115 0.998322
80 116 0.998337
80 117 0.998352
80 118 0.998366
80 119 0.99838
80 120 0.998393
80 121 0.998406
80 122 0.998419
80 123 0.998431
80 124 0.998443
80 125 0.998454
80 126 0.998464
80 127 0.998472

81 0 0
81 1 1.00042
81 2 1.00042
81 3 1.00042
81 4 1.00041
81 5 1.00041
81 6 1.00041
81 7 1.00041
81 8 1.00041
81 9 1.00041
81 10 1.00041
81 11 1.00041
81 12 1.0004
81 13 1.0004
81 14 1.0004
81 15 1.0004
81 16 1.00039
81 17 1.00039
81 18 1.00039
81 19 1.00038
81 20 1.00038
81 21 1.00038
81 22 1.00037
81 23 1.00037
81 24 1.00037
81 25 1.00036
81 26 1.00036
81 27 1.00035
81 28 1.00035
81 29 1.00035
81 30 1.00034
81 31 1.00034
81 32 1.00033
81 33 1.00033
81 34 1.00032
81 35 1.00032
81 36 1.00031
81 37 1.00031
81 38 1.0003
81 39 1.0003
81 40 1.00029
81 41 1.00028
81 42 1.00028
81 43 1.00027
81 44 1.00026
81 45 1.00026
81 46 1.00025
81 47 1.00024
81 48 1.00023
81 49 1.00022
81 50 1.00021
81 51 1.0002
81 52 1.00019
81 53 1.00018
81 54 1.00016
81 55 1.00015
81 56 1.00013
81 57 1.00011
81 58 1.00009
81 59 1.00006
81 60 1.00003
81 61 1
81 62 0.999966
81 63 0.999926
81 64 0.999882
81 65 0.999833
81 66 0.99978
81 67 0.999721
81 68 0.999657
81 69 0.999587
81 70 0.999513
81 71 0.999434
81 72 0.99935
81 73 0.999262
81 74 0.999171
81 75 0.999078
81 76 0.998983
81 77 0.998886
81 78 0.99879
81 79 0.998696
81 80 0.998603
81 81 0.998513
81 82 0.998427
81 83 0.998346
81 84 0.998271
81 85 0.998201
81 86 0.998138
81 87 0.998082
81 88 0.998033
81 89 0.997991
81 90 0.997956
81 91 0.997929
81 92 0.997908
81 93 0.997893
81 94 0.997885
81 95 0.997882
81 96 0.997884
81 97 0.997891
81 98 0.997902
81 99 0.997916
81 100 0.997933
81 101 0.997953
81 102 0.997974
81 103 0.997996
81 104 0.998019
81 105 0.998043
81 106 0.998067
81 107 0.99809
81 108 0.998113
81 109 0.998135
81 110 0.998157
81 111 0.998177
81 112 0.998197
81 113 0.998216
81 114 0.998234
81 115 0.998251
81 116 0.998268
81 117 0.998284
81 118 0.9983
81 119 0.998315
81 120 0.998329
81 121 0.998343
81 122 0.998357
81 123 0.99837
81 124 0.998383
81 125 0.998394
81 126 0.998403
81 127 0.998411

82 0 0
82 1 1.00042
82 2 1.00042
82 3 1.00041
82 4 1.00041
82 5 1.00041
82 6 1.00041
82 7 1.00041
82 8 1.00041
82 9 1.00041
82 10 1.00041
82 11 1.00041
82 12 1.0004
82 13 1.0004
82 14 1.0004
82 15 1.0004
82 16 1.00039
82 17 1.00039
82 18 1.00039
82 19 1.00038
82 20 1.00038
82 21 1.00038
82 22 1.00037
82 23 1.00037
82 24 1.00037
82 25 1.00036
82 26 1.00036
82 27 1.00035
82 28 1.00035
82 29 1.00034
82 30 1.00034
82 31 1.00033
82 32 1.00033
82 33 1.00032
82 34 1.00032
82 35 1.00031
82 36 1.00031
82 37 1.0003
82 38 1.0003
82 39 1.00029
82 40 1.00029
82 41 1.00028
82 42 1.00027
82 43 1.00027
82 44 1.00026
82 45 1.00025
82 46 1.00025
82 47 1.00024
82 48 1.00023
82 49 1.00022
82 50 1.00021
82 51 1.0002
82 52 1.00019
82 53 1.00017
82 54 1.00016
82 55 1.00014
82 56 1.00012
82 57 1.0001
82 58 1.00008
82 59 1.00006
82 60 1.00003
82 61 0.999994
82 62 0.999957
82 63 0.999916
82 64 0.99987
82 65 0.99982
82 66 0.999764
82 67 0.999702
82 68 0.999635
82 69 0.999562
82 70 0.999484
82 71 0.999401
82 72 0.999312
82 73 0.99922
82 74 0.999124
82 75 0.999025
82 76 0.998924
82 77 0.998823
82 78 0.998722
82 79 0.998622
82 80 0.998524
82 81 0.99843
82 82 0.99834
82 83 0.998255
82 84 0.998176
82 85 0.998104
82 86 0.998038
82 87 0.99798
82 88 0.997929
82 89 0.997886
82 90 0.997851
82 91 0.997823
82 92 0.997802
82 93 0.997788
82 94 0.99778
82 95 0.997778
82 96 0.997782
82 97 0.99779
82 98 0.997803
82 99 0.997819
82 100 0.997838
82 101 0.997859
82 102 0.997882
82 103 0.997907
82 104 0.997932
82 105 0.997958
82 106 0.997983
82 107 0.998009
82 108 0.998033
82 109 0.998057
82 110 0.998081
82 111 0.998103
82 112 0.998124
82 113 0.998145
82 114 0.998164
82 115 0.998183
82 116 0.998201
82 117 0.998219
82 118 0.998236
82 119 0.998252
82 120 0.998268
82 121 0.998283
82 122 0.998298
82 123 0.998312
82 124 0.998325
82 125 0.998336
82 126 0.998346
82 127 0.998352

83 0 0
83 1 1.00042
83 2 1.00042
83 3 1.00041
83 4 1.00041
83 5 1.00041
83 6 1.00041
83 7 1.00041
83 8 1.00041
83 9 1.00041
83 10 1.00041
83 11 1.0004
83 12 1.0004
83 13 1.0004
83 14 1.0004
83 15 1.0004
83 16 1.00039
83 17 1.00039
83 18 1.00039
83 19 1.00038
83 20 1.00038
83 21 1.00038
83 22 1.00037
83 23 1.00037
83 24 1.00036
83 25 1.00036
83 26 1.00036
83 27 1.00035
83 28 1.00035
83 29 1.00034
83 30 1.00034
83 31 1.00033
83 32 1.00033
83 33 1.00032
83 34 1.00032
83 35 1.00031
83 36 1.00031
83 37 1.0003
83 38 1.0003
83 39 1.00029
83 40 1.00028
83 41 1.00028
83 42 1.00027
83 43 1.00027
83 44 1.00026
83 45 1.00025
83 46 1.00024
83 47 1.00023
83 48 1.00023
83 49 1.00022
83 50 1.00021
83 51 1.0002
83 52 1.00018
83 53 1.00017
83 54 1.00016
83 55 1.00014
83 56 1.00012
83 57 1.0001
83 58 1.00008
83 59 1.00005
83 60 1.00002
83 61 0.999987
83 62 0.999949
83 63 0.999907
83 64 0.99986
83 65 0.999807
83 66 0.999749
83 67 0.999685
83 68 0.999614
83 69 0.999538
83 70 0.999456
83 71 0.999369
83 72 0.999276
83 73 0.999179
83 74 0.999078
83 75 0.998974
83 76 0.998868
83 77 0.998761
83 78 0.998655
83 79 0.99855
83 80 0.998447
83 81 0.998349
83 82 0.998254
83 83 0.998166
83 84 0.998083
83 85 0.998008
83 86 0.99794
83 87 0.99788
83 88 0.997828
83 89 0.997783
83 90 0.997747
83 91 0.997719
83 92 0.997698
83 93 0.997685
83 94 0.997678
83 95 0.997677
83 96 0.997682
83 97 0.997692
83 98 0.997706
83 99 0.997724
83 100 0.997745
83 101 0.997768
83 102 0.997794
83 103 0.99782
83 104 0.997847
83 105 0.997875
83 106 0.997902
83 107 0.99793
83 108 0.997956
83 109 0.997982
83 110 0.998007
83 111 0.998031
83 112 0.998054
83 113 0.998076
83 114 0.998097
83 115 0.998118
83 116 0.998137
83 117 0.998156
83 118 0.998175
83 119 0.998193
83 120 0.99821
83 121 0.998227
83 122 0.998243
83 123 0.998257
83 124 0.998271
83 125 0.998282
83 126 0.998291
83 127 0.998297

84 0 0
84 1 1.00042
84 2 1.00042
84 3 1.00041
84 4 1.00041
84 5 1.00041
84 6 1.00041
84 7 1.00041
84 8 1.00041
84 9 1.00041
84 10 1.00041
84 11 1.0004
84 12 1.0004
84 13 1.0004
84 14 1.0004
84 15 1.00039
84 16 1.00039
84 17 1.00039
84 18 1.00039
84 19 1.00038
84 20 1.00038
84 21 1.00038
84 22 1.00037
84 23 1.00037
84 24 1.00036
84 25 1.00036
84 26 1.00035
84 27 1.00035
84 28 1.00035
84 29 1.00034
84 30 1.00034
84 31 1.00033
84 32 1.00033
84 33 1.00032
84 34 1.00032
84 35 1.00031
84 36 1.00031
84 37 1.0003
84 38 1.00029
84 39 1.00029
84 40 1.00028
84 41 1.00028
84 42 1.00027
84 43 1.00026
84 44 1.00026
84 45 1.00025
84 46 1.00024
84 47 1.00023
84 48 1.00022
84 49 1.00021
84 50 1.0002
84 51 1.00019
84 52 1.00018
84 53 1.00017
84 54 1.00015
84 55 1.00013
84 56 1.00012
84 57 1.0001
84 58 1.00007
84 59 1.00004
84 60 1.00001
84 61 0.99998
84 62 0.999942
84 63 0.999898
84 64 0.99985
84 65 0.999795
84 66 0.999735
84 67 0.999668
84 68 0.999595
84 69 0.999516
84 70 0.99943
84 71 0.999338
84 72 0.999241
84 73 0.999139
84 74 0.999033
84 75 0.998924
84 76 0.998813
84 77 0.998701
84 78 0.99859
84 79 0.99848
84 80 0.998373
84 81 0.99827
84 82 0.998171
84 83 0.998079
84 84 0.997993
84 85 0.997915
84 86 0.997845
84 87 0.997783
84 88 0.997729
84 89 0.997684
84 90 0.997647
84 91 0.997619
84 92 0.997598
84 93 0.997585
84 94 0.997579
84 95 0.99758
84 96 0.997586
84 97 0.997597
84 98 0.997613
84 99 0.997633
84 100 0.997655
84 101 0.997681
84 102 0.997708
84 103 0.997736
84 104 0.997765
84 105 0.997795
84 106 0.997824
84 107 0.997854
84 108 0.997882
84 109 0.99791
84 110 0.997936
84 111 0.997962
84 112 0.997987
84 113 0.998011
84 114 0.998034
84 115 0.998056
84 116 0.998077
84 117 0.998098
84 118 0.998118
84 119 0.998137
84 120 0.998156
84 121 0.998174
84 122 0.998191
84 123 0.998206
84 124 0.99822
84 125 0.998232
84 126 0.998241
84 127 0.998246

85 0 0
85 1 1.00042
85 2 1.00042
85 3 1.00042
85 4 1.00041
85 5 1.00041
85 6 1.00041
85 7 1.00041
85 8 1.00041
85 9 1.00041
85 10 1.00041
85 11 1.0004
85 12 1.0004
85 13 1.0004
85 14 1.0004
85 15 1.0004
85 16 1.00039
85 17 1.00039
85 18 1.00039
85 19 1.00038
85 20 1.00038
85 21 1.00037
85 22 1.00037
85 23 1.00037
85 24 1.00036
85 25 1.00036
85 26 1.00035
85 27 1.00035
85 28 1.00034
85 29 1.00034
85 30 1.00034
85 31 1.00033
85 32 1.00033
85 33 1.00032
85 34 1.00031
85 35 1.00031
85 36 1.0003
85 37 1.0003
85 38 1.00029
85 39 1.00029
85 40 1.00028
85 41 1.00027
85 42 1.00027
85 43 1.00026
85 44 1.00025
85 45 1.00025
85 46 1.00024
85 47 1.00023
85 48 1.00022
85 49 1.00021
85 50 1.0002
85 51 1.00019
85 52 1.00018
85 53 1.00016
85 54 1.00015
85 55 1.00013
85 56 1.00011
85 57 1.00009
85 58 1.00007
85 59 1.00004
85 60 1.00001
85 61 0.999975
85 62 0.999936
85 63 0.999891
85 64 0.999841
85 65 0.999785
85 66 0.999723
85 67 0.999654
85 68 0.999578
85 69 0.999495
85 70 0.999406
85 71 0.99931
85 72 0.999209
85 73 0.999102
85 74 0.998991
85 75 0.998877
85 76 0.998761
85 77 0.998644
85 78 0.998528
85 79 0.998413
85 80 0.998301
85 81 0.998194
85 82 0.998092
85 83 0.997996
85 84 0.997907
85 85 0.997826
85 86 0.997754
85 87 0.99769
85 88 0.997635
85 89 0.997589
85 90 0.997552
85 91 0.997523
85 92 0.997503
85 93 0.99749
85 94 0.997485
85 95 0.997486
85 96 0.997494
85 97 0.997507
85 98 0.997524
85 99 0.997545
85 100 0.99757
85 101 0.997597
85 102 0.997626
85 103 0.997656
85 104 0.997688
85 105 0.997719
85 106 0.99775
85 107 0.997781
85 108 0.997812
85 109 0.997841
85 110 0.99787
85 111 0.997897
85 112 0.997924
85 113 0.997949
85 114 0.997974
85 115 0.997997
85 116 0.998021
85 117 0.998043
85 118 0.998065
85 119 0.998086
85 120 0.998106
85 121 0.998125
85 122 0.998144
85 123 0.99816
85 124 0.998175
85 125 0.998186
85 126 0.998195
85 127 0.998199

86 0 0
86 1 1.00042
86 2 1.00042
86 3 1.00042
86 4 1.00042
86 5 1.00041
86 6 1.00041
86 7 1.00041
86 8 1.00041
86 9 1.00041
86 10 1.00041
86 11 1.00041
86 12 1.0004
86 13 1.0004
86 14 1.0004
86 15 1.0004
86 16 1.00039
86 17 1.00039
86 18 1.00039
86 19 1.00038
86 20 1.00038
86 21 1.00038
86 22 1.00037
86 23 1.00037
86 24 1.00036
86 25 1.00036
86 26 1.00035
86 27 1.00035
86 28 1.00034
86 29 1.00034
86 30 1.00033
86 31 1.00033
86 32 1.00032
86 33 1.00032
86 34 1.00031
86 35 1.00031
86 36 1.0003
86 37 1.0003
86 38 1.00029
86 39 1.00028
86 40 1.00028
86 41 1.00027
86 42 1.00026
86 43 1.00026
86 44 1.00025
86 45 1.00024
86 46 1.00023
86 47 1.00023
86 48 1.00022
86 49 1.00021
86 50 1.0002
86 51 1.00019
86 52 1.00017
86 53 1.00016
86 54 1.00015
86 55 1.00013
86 56 1.00011
86 57 1.00009
86 58 1.00006
86 59 1.00004
86 60 1.00001
86 61 0.99997
86 62 0.99993
86 63 0.999885
86 64 0.999833
86 65 0.999776
86 66 0.999712
86 67 0.99964
86 68 0.999562
86 69 0.999476
86 70 0.999384
86 71 0.999284
86 72 0.999179
86 73 0.999068
86 74 0.998953
86 75 0.998834
86 76 0.998713
86 77 0.998591
86 78 0.99847
86 79 0.998351
86 80 0.998234
86 81 0.998123
86 82 0.998017
86 83 0.997917
86 84 0.997826
86 85 0.997742
86 86 0.997668
86 87 0.997602
86 88 0.997546
86 89 0.997499
86 90 0.997461
86 91 0.997432
86 92 0.997412
86 93 0.9974
86 94 0.997396
86 95 0.997398
86 96 0.997407
86 97 0.997421
86 98 0.99744
86 99 0.997463
86 100 0.997489
86 101 0.997518
86 102 0.997549
86 103 0.997581
86 104 0.997614
86 105 0.997648
86 106 0.997681
86 107 0.997714
86 108 0.997746
86 109 0.997777
86 110 0.997807
86 111 0.997837
86 112 0.997865
86 113 0.997892
86 114 0.997918
86 115 0.997944
86 116 0.997969
86 117 0.997993
86 118 0.998016
86 119 0.998039
86 120 0.998061
86 121 0.998082
86 122 0.998101
86 123 0.998119
86 124 0.998134
86 125 0.998146
86 126 0.998154
86 127 0.998157

87 0 0
87 1 1.00042
87 2 1.00042
87 3 1.00042
87 4 1.00042
87 5 1.00042
87 6 1.00041
87 7 1.00041
87 8 1.00041
87 9 1.00041
87 10 1.00041
87 11 1.00041
87 12 1.0004
87 13 1.0004
87 14 1.0004
87 15 1.0004
87 16 1.00039
87 17 1.00039
87 18 1.00039
87 19 1.00038
87 20 1.00038
87 21 1.00038
87 22 1.00037
87 23 1.00037
87 24 1.00036
87 25 1.00036
87 26 1.00035
87 27 1.00035
87 28 1.00034
87 29 1.00034
87 30 1.00033
87 31 1.00033
87 32 1.00032
87 33 1.00032
87 34 1.00031
87 35 1.00031
87 36 1.0003
87 37 1.00029
87 38 1.00029
87 39 1.00028
87 40 1.00028
87 41 1.00027
87 42 1.00026
87 43 1.00026
87 44 1.00025
87 45 1.00024
87 46 1.00023
87 47 1.00022
87 48 1.00021
87 49 1.00021
87 50 1.00019
87 51 1.00018
87 52 1.00017
87 53 1.00016
87 54 1.00014
87 55 1.00013
87 56 1.00011
87 57 1.00009
87 58 1.00006
87 59 1.00003
87 60 1
87 61 0.999966
87 62 0.999926
87 63 0.999879
87 64 0.999827
87 65 0.999768
87 66 0.999702
87 67 0.999629
87 68 0.999548
87 69 0.99946
87 70 0.999364
87 71 0.999261
87 72 0.999152
87 73 0.999037
87 74 0.998917
87 75 0.998794
87 76 0.998669
87 77 0.998542
87 78 0.998416
87 79 0.998293
87 80 0.998172
87 81 0.998057
87 82 0.997947
87 83 0.997845
87 84 0.99775
87 85 0.997664
87 86 0.997587
87 87 0.99752
87 88 0.997463
87 89 0.997415
87 90 0.997377
87 91 0.997348
87 92 0.997328
87 93 0.997316
87 94 0.997312
87 95 0.997316
87 96 0.997326
87 97 0.997341
87 98 0.997361
87 99 0.997386
87 100 0.997414
87 101 0.997444
87 102 0.997477
87 103 0.997511
87 104 0.997546
87 105 0.997581
87 106 0.997616
87 107 0.997651
87 108 0.997685
87 109 0.997718
87 110 0.99775
87 111 0.997781
87 112 0.997811
87 113 0.99784
87 114 0.997868
87 115 0.997895
87 116 0.997922
87 117 0.997948
87 118 0.997973
87 119 0.997998
87 120 0.998021
87 121 0.998044
87 122 0.998065
87 123 0.998083
87 124 0.998099
87 125 0.998111
87 126 0.998119
87 127 0.998121

88 0 0
88 1 1.00042
88 2 1.00042
88 3 1.00042
88 4 1.00042
88 5 1.00042
88 6 1.00042
88 7 1.00041
88 8 1.00041
88 9 1.00041
88 10 1.00041
88 11 1.00041
88 12 1.00041
88 13 1.0004
88 14 1.0004
88 15 1.0004
88 16 1.00039
88 17 1.00039
88 18 1.00039
88 19 1.00038
88 20 1.00038
88 21 1.00038
88 22 1.00037
88 23 1.00037
88 24 1.00036
88 25 1.00036
88 26 1.00035
88 27 1.00035
88 28 1.00034
88 29 1.00034
88 30 1.00033
88 31 1.00033
88 32 1.00032
88 33 1.00032
88 34 1.00031
88 35 1.00031
88 36 1.0003
88 37 1.00029
88 38 1.00029
88 39 1.00028
88 40 1.00027
88 41 1.00027
88 42 1.00026
88 43 1.00025
88 44 1.00025
88 45 1.00024
88 46 1.00023
88 47 1.00022
88 48 1.00021
88 49 1.0002
88 50 1.00019
88 51 1.00018
88 52 1.00017
88 53 1.00016
88 54 1.00014
88 55 1.00012
88 56 1.0001
88 57 1.00008
88 58 1.00006
88 59 1.00003
88 60 0.999999
88 61 0.999963
88 62 0.999922
88 63 0.999875
88 64 0.999822
88 65 0.999762
88 66 0.999695
88 67 0.99962
88 68 0.999537
88 69 0.999446
88 70 0.999348
88 71 0.999242
88 72 0.999129
88 73 0.99901
88 74 0.998886
88 75 0.998759
88 76 0.998629
88 77 0.998498
88 78 0.998368
88 79 0.99824
88 80 0.998116
88 81 0.997997
88 82 0.997884
88 83 0.997778
88 84 0.997681
88 85 0.997592
88 86 0.997514
88 87 0.997445
88 88 0.997386
88 89 0.997338
88 90 0.997299
88 91 0.99727
88 92 0.99725
88 93 0.997239
88 94 0.997236
88 95 0.99724
88 96 0.997251
88 97 0.997268
88 98 0.997289
88 99 0.997315
88 100 0.997345
88 101 0.997377
88 102 0.997411
88 103 0.997447
88 104 0.997484
88 105 0.997521
88 106 0.997557
88 107 0.997594
88 108 0.997629
88 109 0.997664
88 110 0.997698
88 111 0.997731
88 112 0.997763
88 113 0.997794
88 114 0.997824
88 115 0.997853
88 116 0.997881
88 117 0.997909
88 118 0.997936
88 119 0.997963
88 120 0.997988
88 121 0.998012
88 122 0.998034
88 123 0.998054
88 124 0.99807
88 125 0.998082
88 126 0.99809
88 127 0.998091

89 0 0
89 1 1.00042
89 2 1.00042
89 3 1.00042
89 4 1.00042
89 5 1.00042
89 6 1.00042
89 7 1.00042
89 8 1.00041
89 9 1.00041
89 10 1.00041
89 11 1.00041
89 12 1.00041
89 13 1.0004
89 14 1.0004
89 15 1.0004
89 16 1.0004
89 17 1.00039
89 18 1.00039
89 19 1.00039
89 20 1.00038
89 21 1.00038
89 22 1.00037
89 23 1.00037
89 24 1.00036
89 25 1.00036
89 26 1.00035
89 27 1.00035
89 28 1.00034
89 29 1.00034
89 30 1.00033
89 31 1.00033
89 32 1.00032
89 33 1.00032
89 34 1.00031
89 35 1.00031
89 36 1.0003
89 37 1.00029
89 38 1.00029
89 39 1.00028
89 40 1.00027
89 41 1.00027
89 42 1.00026
89 43 1.00025
89 44 1.00024
89 45 1.00024
89 46 1.00023
89 47 1.00022
89 48 1.00021
89 49 1.0002
89 50 1.00019
89 51 1.00018
89 52 1.00017
89 53 1.00015
89 54 1.00014
89 55 1.00012
89 56 1.0001
89 57 1.00008
89 58 1.00006
89 59 1.00003
89 60 0.999997
89 61 0.999961
89 62 0.999919
89 63 0.999872
89 64 0.999818
89 65 0.999757
89 66 0.999689
89 67 0.999613
89 68 0.999528
89 69 0.999435
89 70 0.999334
89 71 0.999226
89 72 0.99911
89 73 0.998988
89 74 0.99886
89 75 0.998729
89 76 0.998595
89 77 0.99846
89 78 0.998326
89 79 0.998194
89 80 0.998066
89 81 0.997943
89 82 0.997827
89 83 0.997719
89 84 0.997619
89 85 0.997528
89 86 0.997448
89 87 0.997377
89 88 0.997318
89 89 0.997268
89 90 0.997229
89 91 0.9972
89 92 0.99718
89 93 0.997169
89 94 0.997167
89 95 0.997172
89 96 0.997184
89 97 0.997201
89 98 0.997224
89 99 0.997251
89 100 0.997282
89 101 0.997316
89 102 0.997352
89 103 0.997389
89 104 0.997428
89 105 0.997466
89 106 0.997505
89 107 0.997543
89 108 0.99758
89 109 0.997617
89 110 0.997652
89 111 0.997687
89 112 0.997721
89 113 0.997753
89 114 0.997785
89 115 0.997816
89 116 0.997847
89 117 0.997877
89 118 0.997906
89 119 0.997934
89 120 0.997962
89 121 0.997987
89 122 0.998011
89 123 0.998032
89 124 0.998049
89 125 0.998061
89 126 0.998068
89 127 0.998067

90 0 0
90 1 1.00042
90 2 1.00042
90 3 1.00042
90 4 1.00042
90 5 1.00042
90 6 1.00042
90 7 1.00042
90 8 1.00042
90 9 1.00041
90 10 1.00041
90 11 1.00041
90 12 1.00041
90 13 1.00041
90 14 1.0004
90 15 1.0004
90 16 1.0004
90 17 1.00039
90 18 1.00039
90 19 1.00039
90 20 1.00038
90 21 1.00038
90 22 1.00037
90 23 1.00037
90 24 1.00037
90 25 1.00036
90 26 1.00036
90 27 1.00035
90 28 1.00035
90 29 1.00034
90 30 1.00033
90 31 1.00033
90 32 1.00032
90 33 1.00032
90 34 1.00031
90 35 1.00031
90 36 1.0003
90 37 1.00029
90 38 1.00029
90 39 1.00028
90 40 1.00027
90 41 1.00027
90 42 1.00026
90 43 1.00025
90 44 1.00024
90 45 1.00023
90 46 1.00023
90 47 1.00022
90 48 1.00021
90 49 1.0002
90 50 1.00019
90 51 1.00018
90 52 1.00016
90 53 1.00015
90 54 1.00014
90 55 1.00012
90 56 1.0001
90 57 1.00008
90 58 1.00005
90 59 1.00003
90 60 0.999995
90 61 0.999959
90 62 0.999917
90 63 0.99987
90 64 0.999816
90 65 0.999755
90 66 0.999685
90 67 0.999608
90 68 0.999522
90 69 0.999428
90 70 0.999325
90 71 0.999214
90 72 0.999095
90 73 0.99897
90 74 0.998839
90 75 0.998704
90 76 0.998567
90 77 0.998429
90 78 0.998291
90 79 0.998155
90 80 0.998024
90 81 0.997898
90 82 0.997778
90 83 0.997667
90 84 0.997565
90 85 0.997472
90 86 0.99739
90 87 0.997318
90 88 0.997257
90 89 0.997207
90 90 0.997168
90 91 0.997138
90 92 0.997119
90 93 0.997108
90 94 0.997106
90 95 0.997111
90 96 0.997124
90 97 0.997143
90 98 0.997167
90 99 0.997195
90 100 0.997227
90 101 0.997262
90 102 0.9973
90 103 0.997339
90 104 0.997378
90 105 0.997419
90 106 0.997459
90 107 0.997498
90 108 0.997538
90 109 0.997576
90 110 0.997613
90 111 0.99765
90 112 0.997685
90 113 0.99772
90 114 0.997754
90 115 0.997787
90 116 0.99782
90 117 0.997852
90 118 0.997883
90 119 0.997913
90 120 0.997943
90 121 0.99797
90 122 0.997995
90 123 0.998017
90 124 0.998035
90 125 0.998047
90 126 0.998054
90 127 0.998052

91 0 0
91 1 1.00042
91 2 1.00042
91 3 1.00042
91 4 1.00042
91 5 1.00042
91 6 1.00042
91 7 1.00042
91 8 1.00042
91 9 1.00042
91 10 1.00041
91 11 1.00041
91 12 1.00041
91 13 1.00041
91 14 1.00041
91 15 1.0004
91 16 1.0004
91 17 1.0004
91 18 1.00039
91 19 1.00039
91 20 1.00038
91 21 1.00038
91 22 1.00038
91 23 1.00037
91 24 1.00037
91 25 1.00036
91 26 1.00036
91 27 1.00035
91 28 1.00035
91 29 1.00034
91 30 1.00034
91 31 1.00033
91 32 1.00032
91 33 1.00032
91 34 1.00031
91 35 1.00031
91 36 1.0003
91 37 1.00029
91 38 1.00029
91 39 1.00028
91 40 1.00027
91 41 1.00026
91 42 1.00026
91 43 1.00025
91 44 1.00024
91 45 1.00023
91 46 1.00022
91 47 1.00022
91 48 1.00021
91 49 1.0002
91 50 1.00019
91 51 1.00017
91 52 1.00016
91 53 1.00015
91 54 1.00013
91 55 1.00012
91 56 1.0001
91 57 1.00008
91 58 1.00005
91 59 1.00003
91 60 0.999994
91 61 0.999958
91 62 0.999917
91 63 0.999869
91 64 0.999815
91 65 0.999753
91 66 0.999684
91 67 0.999606
91 68 0.999519
91 69 0.999423
91 70 0.999319
91 71 0.999206
91 72 0.999085
91 73 0.998957
91 74 0.998824
91 75 0.998686
91 76 0.998545
91 77 0.998404
91 78 0.998263
91 79 0.998124
91 80 0.997989
91 81 0.99786
91 82 0.997738
91 83 0.997624
91 84 0.997519
91 85 0.997425
91 86 0.997341
91 87 0.997268
91 88 0.997206
91 89 0.997155
91 90 0.997115
91 91 0.997085
91 92 0.997065
91 93 0.997055
91 94 0.997053
91 95 0.997059
91 96 0.997072
91 97 0.997092
91 98 0.997117
91 99 0.997147
91 100 0.99718
91 101 0.997216
91 102 0.997255
91 103 0.997295
91 104 0.997336
91 105 0.997378
91 106 0.99742
91 107 0.997461
91 108 0.997502
91 109 0.997542
91 110 0.997581
91 111 0.99762
91 112 0.997657
91 113 0.997694
91 114 0.99773
91 115 0.997765
91 116 0.9978
91 117 0.997834
91 118 0.997868
91 119 0.997901
91 120 0.997932
91 121 0.997961
91 122 0.997988
91 123 0.998011
91 124 0.99803
91 125 0.998042
91 126 0.998048
91 127 0.998044

92 0 0
92 1 1.00043
92 2 1.00043
92 3 1.00043
92 4 1.00043
92 5 1.00042
92 6 1.00042
92 7 1.00042
92 8 1.00042
92 9 1.00042
92 10 1.00042
92 11 1.00041
92 12 1.00041
92 13 1.00041
92 14 1.00041
92 15 1.0004
92 16 1.0004
92 17 1.0004
92 18 1.00039
92 19 1.00039
92 20 1.00039
92 21 1.00038
92 22 1.00038
92 23 1.00037
92 24 1.00037
92 25 1.00036
92 26 1.00036
92 27 1.00035
92 28 1.00035
92 29 1.00034
92 30 1.00034
92 31 1.00033
92 32 1.00032
92 33 1.00032
92 34 1.00031
92 35 1.00031
92 36 1.0003
92 37 1.00029
92 38 1.00029
92 39 1.00028
92 40 1.00027
92 41 1.00026
92 42 1.00026
92 43 1.00025
92 44 1.00024
92 45 1.00023
92 46 1.00022
92 47 1.00021
92 48 1.0002
92 49 1.00019
92 50 1.00018
92 51 1.00017
92 52 1.00016
92 53 1.00015
92 54 1.00013
92 55 1.00011
92 56 1.0001
92 57 1.00008
92 58 1.00005
92 59 1.00002
92 60 0.999993
92 61 0.999958
92 62 0.999917
92 63 0.999869
92 64 0.999815
92 65 0.999754
92 66 0.999684
92 67 0.999606
92 68 0.999519
92 69 0.999422
92 70 0.999317
92 71 0.999202
92 72 0.99908
92 73 0.99895
92 74 0.998815
92 75 0.998674
92 76 0.998531
92 77 0.998386
92 78 0.998242
92 79 0.9981
92 80 0.997963
92 81 0.997831
92 82 0.997706
92 83 0.99759
92 84 0.997483
92 85 0.997387
92 86 0.997301
92 87 0.997227
92 88 0.997164
92 89 0.997112
92 90 0.997071
92 91 0.997041
92 92 0.997021
92 93 0.997011
92 94 0.997009
92 95 0.997016
92 96 0.99703
92 97 0.99705
92 98 0.997076
92 99 0.997106
92 100 0.99714
92 101 0.997178
92 102 0.997218
92 103 0.997259
92 104 0.997302
92 105 0.997345
92 106 0.997389
92 107 0.997432
92 108 0.997474
92 109 0.997516
92 110 0.997557
92 111 0.997597
92 112 0.997637
92 113 0.997676
92 114 0.997714
92 115 0.997752
92 116 0.997789
92 117 0.997825
92 118 0.997861
92 119 0.997896
92 120 0.99793
92 121 0.997962
92 122 0.99799
92 123 0.998015
92 124 0.998034
92 125 0.998046
92 126 0.998051
92 127 0.998046

93 0 0
93 1 1.00043
93 2 1.00043
93 3 1.00043
93 4 1.00043
93 5 1.00043
93 6 1.00043
93 7 1.00042
93 8 1.00042
93 9 1.00042
93 10 1.00042
93 11 1.00042
93 12 1.00042
93 13 1.00041
93 14 1.00041
93 15 1.00041
93 16 1.0004
93 17 1.0004
93 18 1.0004
93 19 1.00039
93 20 1.00039
93 21 1.00038
93 22 1.00038
93 23 1.00038
93 24 1.00037
93 25 1.00037
93 26 1.00036
93 27 1.00035
93 28 1.00035
93 29 1.00034
93 30 1.00034
93 31 1.00033
93 32 1.00033
93 33 1.00032
93 34 1.00031
93 35 1.00031
93 36 1.0003
93 37 1.00029
93 38 1.00029
93 39 1.00028
93 40 1.00027
93 41 1.00026
93 42 1.00026
93 43 1.00025
93 44 1.00024
93 45 1.00023
93 46 1.00022
93 47 1.00021
93 48 1.0002
93 49 1.00019
93 50 1.00018
93 51 1.00017
93 52 1.00016
93 53 1.00014
93 54 1.00013
93 55 1.00011
93 56 1.00009
93 57 1.00007
93 58 1.00005
93 59 1.00002
93 60 0.999993
93 61 0.999958
93 62 0.999917
93 63 0.999871
93 64 0.999817
93 65 0.999756
93 66 0.999687
93 67 0.999609
93 68 0.999521
93 69 0.999425
93 70 0.999319
93 71 0.999204
93 72 0.99908
93 73 0.998949
93 74 0.998812
93 75 0.998669
93 76 0.998524
93 77 0.998377
93 78 0.99823
93 79 0.998086
93 80 0.997945
93 81 0.997811
93 82 0.997684
93 83 0.997565
93 84 0.997457
93 85 0.997358
93 86 0.997271
93 87 0.997195
93 88 0.997131
93 89 0.997078
93 90 0.997037
93 91 0.997006
93 92 0.996986
93 93 0.996976
93 94 0.996974
93 95 0.996981
93 96 0.996995
93 97 0.997016
93 98 0.997043
93 99 0.997074
93 100 0.997109
93 101 0.997148
93 102 0.997189
93 103 0.997232
93 104 0.997276
93 105 0.99732
93 106 0.997365
93 107 0.99741
93 108 0.997454
93 109 0.997498
93 110 0.997541
93 111 0.997583
93 112 0.997625
93 113 0.997666
93 114 0.997707
93 115 0.997747
93 116 0.997787
93 117 0.997826
93 118 0.997864
93 119 0.997902
93 120 0.997938
93 121 0.997972
93 122 0.998002
93 123 0.998028
93 124 0.998048
93 125 0.998061
93 126 0.998065
93 127 0.998058

94 0 0
94 1 1.00043
94 2 1.00043
94 3 1.00043
94 4 1.00043
94 5 1.00043
94 6 1.00043
94 7 1.00043
94 8 1.00043
94 9 1.00042
94 10 1.00042
94 11 1.00042
94 12 1.00042
94 13 1.00042
94 14 1.00041
94 15 1.00041
94 16 1.00041
94 17 1.0004
94 18 1.0004
94 19 1.0004
94 20 1.00039
94 21 1.00039
94 22 1.00038
94 23 1.00038
94 24 1.00037
94 25 1.00037
94 26 1.00036
94 27 1.00036
94 28 1.00035
94 29 1.00035
94 30 1.00034
94 31 1.00033
94 32 1.00033
94 33 1.00032
94 34 1.00031
94 35 1.00031
94 36 1.0003
94 37 1.00029
94 38 1.00029
94 39 1.00028
94 40 1.00027
94 41 1.00026
94 42 1.00026
94 43 1.00025
94 44 1.00024
94 45 1.00023
94 46 1.00022
94 47 1.00021
94 48 1.0002
94 49 1.00019
94 50 1.00018
94 51 1.00017
94 52 1.00016
94 53 1.00014
94 54 1.00013
94 55 1.00011
94 56 1.00009
94 57 1.00007
94 58 1.00005
94 59 1.00002
94 60 0.999993
94 61 0.999959
94 62 0.999919
94 63 0.999873
94 64 0.99982
94 65 0.99976
94 66 0.999691
94 67 0.999614
94 68 0.999527
94 69 0.999431
94 70 0.999325
94 71 0.999209
94 72 0.999085
94 73 0.998954
94 74 0.998815
94 75 0.998671
94 76 0.998524
94 77 0.998375
94 78 0.998226
94 79 0.99808
94 80 0.997937
94 81 0.997801
94 82 0.997671
94 83 0.997551
94 84 0.99744
94 85 0.99734
94 86 0.997251
94 87 0.997174
94 88 0.997108
94 89 0.997055
94 90 0.997012
94 91 0.996981
94 92 0.996961
94 93 0.99695
94 94 0.996949
94 95 0.996956
94 96 0.99697
94 97 0.996991
94 98 0.997018
94 99 0.99705
94 100 0.997087
94 101 0.997126
94 102 0.997168
94 103 0.997212
94 104 0.997258
94 105 0.997304
94 106 0.99735
94 107 0.997397
94 108 0.997443
94 109 0.997488
94 110 0.997533
94 111 0.997578
94 112 0.997622
94 113 0.997665
94 114 0.997709
94 115 0.997751
94 116 0.997794
94 117 0.997836
94 118 0.997877
94 119 0.997918
94 120 0.997956
94 121 0.997992
94 122 0.998025
94 123 0.998052
94 124 0.998073
94 125 0.998086
94 126 0.998089
94 127 0.998081

95 0 0
95 1 1.00044
95 2 1.00043
95 3 1.00043
95 4 1.00043
95 5 1.00043
95 6 1.00043
95 7 1.00043
95 8 1.00043
95 9 1.00043
95 10 1.00043
95 11 1.00042
95 12 1.00042
95 13 1.00042
95 14 1.00042
95 15 1.00041
95 16 1.00041
95 17 1.00041
95 18 1.0004
95 19 1.0004
95 20 1.00039
95 21 1.00039
95 22 1.00038
95 23 1.00038
95 24 1.00038
95 25 1.00037
95 26 1.00036
95 27 1.00036
95 28 1.00035
95 29 1.00035
95 30 1.00034
95 31 1.00033
95 32 1.00033
95 33 1.00032
95 34 1.00032
95 35 1.00031
95 36 1.0003
95 37 1.00029
95 38 1.00029
95 39 1.00028
95 40 1.00027
95 41 1.00026
95 42 1.00025
95 43 1.00025
95 44 1.00024
95 45 1.00023
95 46 1.00022
95 47 1.00021
95 48 1.0002
95 49 1.00019
95 50 1.00018
95 51 1.00017
95 52 1.00015
95 53 1.00014
95 54 1.00013
95 55 1.00011
95 56 1.00009
95 57 1.00007
95 58 1.00005
95 59 1.00002
95 60 0.999994
95 61 0.99996
95 62 0.999921
95 63 0.999876
95 64 0.999824
95 65 0.999765
95 66 0.999698
95 67 0.999621
95 68 0.999536
95 69 0.99944
95 70 0.999335
95 71 0.99922
95 72 0.999096
95 73 0.998964
95 74 0.998825
95 75 0.998681
95 76 0.998532
95 77 0.998382
95 78 0.998232
95 79 0.998083
95 80 0.997939
95 81 0.9978
95 82 0.997669
95 83 0.997546
95 84 0.997433
95 85 0.997331
95 86 0.997241
95 87 0.997162
95 88 0.997095
95 89 0.997041
95 90 0.996998
95 91 0.996966
95 92 0.996945
95 93 0.996934
95 94 0.996932
95 95 0.996939
95 96 0.996954
95 97 0.996975
95 98 0.997003
95 99 0.997035
95 100 0.997072
95 101 0.997113
95 102 0.997156
95 103 0.997201
95 104 0.997248
95 105 0.997295
95 106 0.997343
95 107 0.997391
95 108 0.997439
95 109 0.997487
95 110 0.997534
95 111 0.997581
95 112 0.997628
95 113 0.997674
95 114 0.99772
95 115 0.997766
95 116 0.997811
95 117 0.997857
95 118 0.997901
95 119 0.997944
95 120 0.997986
95 121 0.998025
95 122 0.99806
95 123 0.998089
95 124 0.998111
95 125 0.998123
95 126 0.998126
95 127 0.998115

96 0 0
96 1 1.00044
96 2 1.00044
96 3 1.00044
96 4 1.00044
96 5 1.00044
96 6 1.00044
96 7 1.00043
96 8 1.00043
96 9 1.00043
96 10 1.00043
96 11 1.00043
96 12 1.00042
96 13 1.00042
96 14 1.00042
96 15 1.00042
96 16 1.00041
96 17 1.00041
96 18 1.0004
96 19 1.0004
96 20 1.0004
96 21 1.00039
96 22 1.00039
96 23 1.00038
96 24 1.00038
96 25 1.00037
96 26 1.00037
96 27 1.00036
96 28 1.00036
96 29 1.00035
96 30 1.00034
96 31 1.00034
96 32 1.00033
96 33 1.00032
96 34 1.00032
96 35 1.00031
96 36 1.0003
96 37 1.00029
96 38 1.00029
96 39 1.00028
96 40 1.00027
96 41 1.00026
96 42 1.00025
96 43 1.00025
96 44 1.00024
96 45 1.00023
96 46 1.00022
96 47 1.00021
96 48 1.0002
96 49 1.00019
96 50 1.00018
96 51 1.00016
96 52 1.00015
96 53 1.00014
96 54 1.00012
96 55 1.00011
96 56 1.00009
96 57 1.00007
96 58 1.00005
96 59 1.00002
96 60 0.999994
96 61 0.999961
96 62 0.999923
96 63 0.99988
96 64 0.999829
96 65 0.999772
96 66 0.999706
96 67 0.999631
96 68 0.999547
96 69 0.999453
96 70 0.999349
96 71 0.999235
96 72 0.999112
96 73 0.998981
96 74 0.998842
96 75 0.998697
96 76 0.998548
96 77 0.998397
96 78 0.998246
96 79 0.998096
96 80 0.99795
96 81 0.997809
96 82 0.997676
96 83 0.997552
96 84 0.997437
96 85 0.997333
96 86 0.997241
96 87 0.997161
96 88 0.997093
96 89 0.997037
96 90 0.996993
96 91 0.99696
96 92 0.996938
96 93 0.996927
96 94 0.996925
96 95 0.996932
96 96 0.996946
96 97 0.996968
96 98 0.996996
96 99 0.997029
96 100 0.997066
96 101 0.997108
96 102 0.997152
96 103 0.997198
96 104 0.997246
96 105 0.997295
96 106 0.997345
96 107 0.997395
96 108 0.997445
96 109 0.997495
96 110 0.997545
96 111 0.997594
96 112 0.997644
96 113 0.997693
96 114 0.997742
96 115 0.997791
96 116 0.99784
96 117 0.997888
96 118 0.997936
96 119 0.997983
96 120 0.998028
96 121 0.99807
96 122 0.998107
96 123 0.998138
96 124 0.998161
96 125 0.998173
96 126 0.998175
96 127 0.998163

97 0 0
97 1 1.00044
97 2 1.00044
97 3 1.00044
97 4 1.00044
97 5 1.00044
97 6 1.00044
97 7 1.00044
97 8 1.00044
97 9 1.00043
97 10 1.00043
97 11 1.00043
97 12 1.00043
97 13 1.00043
97 14 1.00042
97 15 1.00042
97 16 1.00042
97 17 1.00041
97 18 1.00041
97 19 1.0004
97 20 1.0004
97 21 1.0004
97 22 1.00039
97 23 1.00039
97 24 1.00038
97 25 1.00038
97 26 1.00037
97 27 1.00036
97 28 1.00036
97 29 1.00035
97 30 1.00035
97 31 1.00034
97 32 1.00033
97 33 1.00033
97 34 1.00032
97 35 1.00031
97 36 1.0003
97 37 1.0003
97 38 1.00029
97 39 1.00028
97 40 1.00027
97 41 1.00026
97 42 1.00025
97 43 1.00025
97 44 1.00024
97 45 1.00023
97 46 1.00022
97 47 1.00021
97 48 1.0002
97 49 1.00019
97 50 1.00017
97 51 1.00016
97 52 1.00015
97 53 1.00014
97 54 1.00012
97 55 1.00011
97 56 1.00009
97 57 1.00007
97 58 1.00005
97 59 1.00002
97 60 0.999995
97 61 0.999963
97 62 0.999926
97 63 0.999884
97 64 0.999835
97 65 0.999779
97 66 0.999715
97 67 0.999642
97 68 0.99956
97 69 0.999468
97 70 0.999366
97 71 0.999254
97 72 0.999133
97 73 0.999003
97 74 0.998865
97 75 0.998721
97 76 0.998572
97 77 0.998421
97 78 0.998269
97 79 0.998118
97 80 0.997971
97 81 0.997829
97 82 0.997694
97 83 0.997568
97 84 0.997451
97 85 0.997346
97 86 0.997252
97 87 0.99717
97 88 0.9971
97 89 0.997043
97 90 0.996998
97 91 0.996964
97 92 0.996941
97 93 0.996929
97 94 0.996927
97 95 0.996933
97 96 0.996947
97 97 0.996969
97 98 0.996997
97 99 0.997031
97 100 0.997069
97 101 0.997111
97 102 0.997156
97 103 0.997204
97 104 0.997253
97 105 0.997304
97 106 0.997356
97 107 0.997408
97 108 0.99746
97 109 0.997512
97 110 0.997565
97 111 0.997617
97 112 0.997669
97 113 0.997722
97 114 0.997775
97 115 0.997827
97 116 0.99788
97 117 0.997932
97 118 0.997984
97 119 0.998035
97 120 0.998083
97 121 0.998128
97 122 0.998168
97 123 0.998201
97 124 0.998225
97 125 0.998238
97 126 0.998238
97 127 0.998224

98 0 0
98 1 1.00045
98 2 1.00045
98 3 1.00045
98 4 1.00044
98 5 1.00044
98 6 1.00044
98 7 1.00044
98 8 1.00044
98 9 1.00044
98 10 1.00044
98 11 1.00043
98 12 1.00043
98 13 1.00043
98 14 1.00043
98 15 1.00042
98 16 1.00042
98 17 1.00042
98 18 1.00041
98 19 1.00041
98 20 1.0004
98 21 1.0004
98 22 1.00039
98 23 1.00039
98 24 1.00038
98 25 1.00038
98 26 1.00037
98 27 1.00037
98 28 1.00036
98 29 1.00035
98 30 1.00035
98 31 1.00034
98 32 1.00033
98 33 1.00033
98 34 1.00032
98 35 1.00031
98 36 1.0003
98 37 1.0003
98 38 1.00029
98 39 1.00028
98 40 1.00027
98 41 1.00026
98 42 1.00025
98 43 1.00025
98 44 1.00024
98 45 1.00023
98 46 1.00022
98 47 1.00021
98 48 1.0002
98 49 1.00018
98 50 1.00017
98 51 1.00016
98 52 1.00015
98 53 1.00013
98 54 1.00012
98 55 1.0001
98 56 1.00009
98 57 1.00007
98 58 1.00005
98 59 1.00002
98 60 0.999996
98 61 0.999965
98 62 0.999929
98 63 0.999889
98 64 0.999842
98 65 0.999788
98 66 0.999726
98 67 0.999656
98 68 0.999576
98 69 0.999487
98 70 0.999387
98 71 0.999278
98 72 0.999159
98 73 0.999031
98 74 0.998895
98 75 0.998752
98 76 0.998604
98 77 0.998453
98 78 0.998301
98 79 0.99815
98 80 0.998002
98 81 0.997858
98 82 0.997722
98 83 0.997594
98 84 0.997476
98 85 0.997369
98 86 0.997273
98 87 0.997189
98 88 0.997118
98 89 0.997059
98 90 0.997012
98 91 0.996977
98 92 0.996953
98 93 0.99694
98 94 0.996937
98 95 0.996943
98 96 0.996957
98 97 0.996979
98 98 0.997007
98 99 0.997041
98 100 0.99708
98 101 0.997123
98 102 0.997169
98 103 0.997218
98 104 0.997269
98 105 0.997321
98 106 0.997375
98 107 0.997429
98 108 0.997484
98 109 0.997539
98 110 0.997594
98 111 0.99765
98 112 0.997706
98 113 0.997762
98 114 0.997819
98 115 0.997875
98 116 0.997932
98 117 0.997989
98 118 0.998045
98 119 0.9981
98 120 0.998152
98 121 0.998201
98 122 0.998244
98 123 0.998279
98 124 0.998304
98 125 0.998317
98 126 0.998317
98 127 0.998299

99 0 0
99 1 1.00045
99 2 1.00045
99 3 1.00045
99 4 1.00045
99 5 1.00045
99 6 1.00045
99 7 1.00045
99 8 1.00044
99 9 1.00044
99 10 1.00044
99 11 1.00044
99 12 1.00044
99 13 1.00043
99 14 1.00043
99 15 1.00043
99 16 1.00042
99 17 1.00042
99 18 1.00042
99 19 1.00041
99 20 1.00041
99 21 1.0004
99 22 1.0004
99 23 1.00039
99 24 1.00039
99 25 1.00038
99 26 1.00038
99 27 1.00037
99 28 1.00036
99 29 1.00036
99 30 1.00035
99 31 1.00034
99 32 1.00034
99 33 1.00033
99 34 1.00032
99 35 1.00031
99 36 1.00031
99 37 1.0003
99 38 1.00029
99 39 1.00028
99 40 1.00027
99 41 1.00026
99 42 1.00025
99 43 1.00025
99 44 1.00024
99 45 1.00023
99 46 1.00022
99 47 1.0002
99 48 1.00019
99 49 1.00018
99 50 1.00017
99 51 1.00016
99 52 1.00015
99 53 1.00013
99 54 1.00012
99 55 1.0001
99 56 1.00008
99 57 1.00007
99 58 1.00005
99 59 1.00002
99 60 0.999996
99 61 0.999967
99 62 0.999933
99 63 0.999894
99 64 0.999849
99 65 0.999797
99 66 0.999738
99 67 0.99967
99 68 0.999594
99 69 0.999507
99 70 0.999411
99 71 0.999305
99 72 0.999189
99 73 0.999063
99 74 0.99893
99 75 0.998789
99 76 0.998643
99 77 0.998493
99 78 0.998342
99 79 0.99819
99 80 0.998042
99 81 0.997898
99 82 0.99776
99 83 0.997631
99 84 0.997511
99 85 0.997402
99 86 0.997304
99 87 0.997219
99 88 0.997146
99 89 0.997085
99 90 0.997036
99 91 0.997
99 92 0.996975
99 93 0.996961
99 94 0.996957
99 95 0.996962
99 96 0.996976
99 97 0.996997
99 98 0.997026
99 99 0.99706
99 100 0.997099
99 101 0.997143
99 102 0.99719
99 103 0.99724
99 104 0.997293
99 105 0.997347
99 106 0.997403
99 107 0.997459
99 108 0.997517
99 109 0.997575
99 110 0.997634
99 111 0.997693
99 112 0.997753
99 113 0.997814
99 114 0.997875
99 115 0.997936
99 116 0.997998
99 117 0.99806
99 118 0.998121
99 119 0.99818
99 120 0.998237
99 121 0.998289
99 122 0.998335
99 123 0.998373
99 124 0.9984
99 125 0.998413
99 126 0.998411
99 127 0.998392

100 0 0
100 1 1.00045
100 2 1.00045
100 3 1.00045
100 4 1.00045
100 5 1.00045
100 6 1.00045
100 7 1.00045
100 8 1.00045
100 9 1.00045
100 10 1.00044
100 11 1.00044
100 12 1.00044
100 13 1.00044
100 14 1.00043
100 15 1.00043
100 16 1.00043
100 17 1.00042
100 18 1.00042
100 19 1.00041
100 20 1.00041
100 21 1.00041
100 22 1.0004
100 23 1.0004
100 24 1.00039
100 25 1.00038
100 26 1.00038
100 27 1.00037
100 28 1.00037
100 29 1.00036
100 30 1.00035
100 31 1.00035
100 32 1.00034
100 33 1.00033
100 34 1.00032
100 35 1.00032
100 36 1.00031
100 37 1.0003
100 38 1.00029
100 39 1.00028
100 40 1.00027
100 41 1.00026
100 42 1.00025
100 43 1.00024
100 44 1.00024
100 45 1.00022
100 46 1.00021
100 47 1.0002
100 48 1.00019
100 49 1.00018
100 50 1.00017
100 51 1.00016
100 52 1.00014
100 53 1.00013
100 54 1.00011
100 55 1.0001
100 56 1.00008
100 57 1.00006
100 58 1.00004
100 59 1.00002
100 60 0.999997
100 61 0.999968
100 62 0.999936
100 63 0.999899
100 64 0.999856
100 65 0.999807
100 66 0.99975
100 67 0.999686
100 68 0.999613
100 69 0.99953
100 70 0.999438
100 71 0.999335
100 72 0.999223
100 73 0.999101
100 74 0.99897
100 75 0.998833
100 76 0.998689
100 77 0.998541
100 78 0.998391
100 79 0.99824
100 80 0.998092
100 81 0.997947
100 82 0.997809
100 83 0.997678
100 84 0.997557
100 85 0.997446
100 86 0.997346
100 87 0.997259
100 88 0.997183
100 89 0.997121
100 90 0.99707
100 91 0.997032
100 92 0.997006
100 93 0.99699
100 94 0.996985
100 95 0.996989
100 96 0.997003
100 97 0.997024
100 98 0.997052
100 99 0.997086
100 100 0.997126
100 101 0.997171
100 102 0.997219
100 103 0.99727
100 104 0.997325
100 105 0.997381
100 106 0.997439
100 107 0.997499
100 108 0.99756
100 109 0.997621
100 110 0.997684
100 111 0.997748
100 112 0.997812
100 113 0.997877
100 114 0.997943
100 115 0.99801
100 116 0.998077
100 117 0.998144
100 118 0.998211
100 119 0.998276
100 120 0.998337
100 121 0.998394
100 122 0.998444
100 123 0.998484
100 124 0.998513
100 125 0.998526
100 126 0.998523
100 127 0.998501

101 0 0
101 1 1.00046
101 2 1.00046
101 3 1.00046
101 4 1.00046
101 5 1.00046
101 6 1.00046
101 7 1.00045
101 8 1.00045
101 9 1.00045
101 10 1.00045
101 11 1.00045
101 12 1.00044
101 13 1.00044
101 14 1.00044
101 15 1.00043
101 16 1.00043
101 17 1.00043
101 18 1.00042
101 19 1.00042
101 20 1.00041
101 21 1.00041
101 22 1.0004
101 23 1.0004
101 24 1.00039
101 25 1.00039
101 26 1.00038
101 27 1.00038
101 28 1.00037
101 29 1.00036
101 30 1.00036
101 31 1.00035
101 32 1.00034
101 33 1.00033
101 34 1.00033
101 35 1.00032
101 36 1.00031
101 37 1.0003
101 38 1.00029
101 39 1.00028
101 40 1.00027
101 41 1.00026
101 42 1.00025
101 43 1.00024
101 44 1.00023
101 45 1.00022
101 46 1.00021
101 47 1.0002
101 48 1.00019
101 49 1.00018
101 50 1.00017
101 51 1.00015
101 52 1.00014
101 53 1.00013
101 54 1.00011
101 55 1.0001
101 56 1.00008
101 57 1.00006
101 58 1.00004
101 59 1.00002
101 60 0.999997
101 61 0.99997
101 62 0.999939
101 63 0.999904
101 64 0.999863
101 65 0.999817
101 66 0.999763
101 67 0.999702
101 68 0.999633
101 69 0.999554
101 70 0.999466
101 71 0.999368
101 72 0.99926
101 73 0.999142
101 74 0.999016
101 75 0.998882
101 76 0.998741
101 77 0.998596
101 78 0.998448
101 79 0.998298
101 80 0.998151
101 81 0.998006
101 82 0.997867
101 83 0.997736
101 84 0.997613
101 85 0.9975
101 86 0.997398
101 87 0.997309
101 88 0.997231
101 89 0.997166
101 90 0.997114
101 91 0.997074
101 92 0.997046
101 93 0.997028
101 94 0.997022
101 95 0.997025
101 96 0.997038
101 97 0.997058
101 98 0.997086
101 99 0.997121
101 100 0.997161
101 101 0.997206
101 102 0.997256
101 103 0.997309
101 104 0.997365
101 105 0.997424
101 106 0.997485
101 107 0.997548
101 108 0.997612
101 109 0.997678
101 110 0.997745
101 111 0.997813
101 112 0.997882
101 113 0.997953
101 114 0.998025
101 115 0.998098
101 116 0.998171
101 117 0.998245
101 118 0.998318
101 119 0.998388
101 120 0.998456
101 121 0.998518
101 122 0.998572
101 123 0.998615
101 124 0.998645
101 125 0.998659
101 126 0.998655
101 127 0.998629

102 0 0
102 1 1.00046
102 2 1.00046
102 3 1.00046
102 4 1.00046
102 5 1.00046
102 6 1.00046
102 7 1.00046
102 8 1.00046
102 9 1.00045
102 10 1.00045
102 11 1.00045
102 12 1.00045
102 13 1.00045
102 14 1.00044
102 15 1.00044
102 16 1.00044
102 17 1.00043
102 18 1.00043
102 19 1.00042
102 20 1.00042
102 21 1.00041
102 22 1.00041
102 23 1.0004
102 24 1.0004
102 25 1.00039
102 26 1.00039
102 27 1.00038
102 28 1.00037
102 29 1.00037
102 30 1.00036
102 31 1.00035
102 32 1.00034
102 33 1.00034
102 34 1.00033
102 35 1.00032
102 36 1.00031
102 37 1.0003
102 38 1.00029
102 39 1.00028
102 40 1.00027
102 41 1.00027
102 42 1.00026
102 43 1.00025
102 44 1.00023
102 45 1.00022
102 46 1.00021
102 47 1.0002
102 48 1.00019
102 49 1.00018
102 50 1.00017
102 51 1.00015
102 52 1.00014
102 53 1.00012
102 54 1.00011
102 55 1.00009
102 56 1.00008
102 57 1.00006
102 58 1.00004
102 59 1.00002
102 60 0.999997
102 61 0.999971
102 62 0.999942
102 63 0.999908
102 64 0.99987
102 65 0.999826
102 66 0.999776
102 67 0.999719
102 68 0.999653
102 69 0.999579
102 70 0.999495
102 71 0.999402
102 72 0.999299
102 73 0.999187
102 74 0.999065
102 75 0.998935
102 76 0.998799
102 77 0.998657
102 78 0.998512
102 79 0.998365
102 80 0.998218
102 81 0.998075
102 82 0.997936
102 83 0.997803
102 84 0.997679
102 85 0.997565
102 86 0.997461
102 87 0.997369
102 88 0.997289
102 89 0.997222
102 90 0.997167
102 91 0.997125
102 92 0.997095
102 93 0.997076
102 94 0.997068
102 95 0.99707
102 96 0.997081
102 97 0.997101
102 98 0.997128
102 99 0.997163
102 100 0.997204
102 101 0.99725
102 102 0.997301
102 103 0.997356
102 104 0.997414
102 105 0.997475
102 106 0.99754
102 107 0.997606
102 108 0.997674
102 109 0.997745
102 110 0.997817
102 111 0.99789
102 112 0.997965
102 113 0.998043
102 114 0.998121
102 115 0.9982
102 116 0.998281
102 117 0.998362
102 118 0.998442
102 119 0.998519
102 120 0.998593
102 121 0.99866
102 122 0.998719
102 123 0.998766
102 124 0.998798
102 125 0.998812
102 126 0.998807
102 127 0.998778

103 0 0
103 1 1.00047
103 2 1.00047
103 3 1.00047
103 4 1.00047
103 5 1.00047
103 6 1.00046
103 7 1.00046
103 8 1.00046
103 9 1.00046
103 10 1.00046
103 11 1.00046
103 12 1.00045
103 13 1.00045
103 14 1.00045
103 15 1.00044
103 16 1.00044
103 17 1.00044
103 18 1.00043
103 19 1.00043
103 20 1.00042
103 21 1.00042
103 22 1.00041
103 23 1.00041
103 24 1.0004
103 25 1.00039
103 26 1.00039
103 27 1.00038
103 28 1.00038
103 29 1.00037
103 30 1.00036
103 31 1.00035
103 32 1.00035
103 33 1.00034
103 34 1.00033
103 35 1.00032
103 36 1.00031
103 37 1.0003
103 38 1.00029
103 39 1.00029
103 40 1.00028
103 41 1.00027
103 42 1.00026
103 43 1.00025
103 44 1.00023
103 45 1.00022
103 46 1.00021
103 47 1.0002
103 48 1.00019
103 49 1.00018
103 50 1.00016
103 51 1.00015
103 52 1.00014
103 53 1.00012
103 54 1.00011
103 55 1.00009
103 56 1.00008
103 57 1.00006
103 58 1.00004
103 59 1.00002
103 60 0.999996
103 61 0.999972
103 62 0.999944
103 63 0.999912
103 64 0.999876
103 65 0.999835
103 66 0.999789
103 67 0.999735
103 68 0.999674
103 69 0.999604
103 70 0.999526
103 71 0.999438
103 72 0.99934
103 73 0.999233
103 74 0.999117
103 75 0.998993
103 76 0.998861
103 77 0.998724
103 78 0.998582
103 79 0.998438
103 80 0.998294
103 81 0.998151
103 82 0.998013
103 83 0.99788
103 84 0.997755
103 85 0.997639
103 86 0.997534
103 87 0.99744
103 88 0.997358
103 89 0.997288
103 90 0.99723
103 91 0.997186
103 92 0.997153
103 93 0.997132
103 94 0.997122
103 95 0.997122
103 96 0.997132
103 97 0.997151
103 98 0.997179
103 99 0.997213
103 100 0.997254
103 101 0.997301
103 102 0.997354
103 103 0.99741
103 104 0.997471
103 105 0.997536
103 106 0.997603
103 107 0.997673
103 108 0.997746
103 109 0.997822
103 110 0.997899
103 111 0.997979
103 112 0.998062
103 113 0.998145
103 114 0.998231
103 115 0.998319
103 116 0.998408
103 117 0.998496
103 118 0.998584
103 119 0.99867
103 120 0.998751
103 121 0.998824
103 122 0.998888
103 123 0.998939
103 124 0.998974
103 125 0.998988
103 126 0.998981
103 127 0.998949

104 0 0
104 1 1.00047
104 2 1.00047
104 3 1.00047
104 4 1.00047
104 5 1.00047
104 6 1.00047
104 7 1.00047
104 8 1.00047
104 9 1.00046
104 10 1.00046
104 11 1.00046
104 12 1.00046
104 13 1.00045
104 14 1.00045
104 15 1.00045
104 16 1.00044
104 17 1.00044
104 18 1.00044
104 19 1.00043
104 20 1.00043
104 21 1.00042
104 22 1.00042
104 23 1.00041
104 24 1.0004
104 25 1.0004
104 26 1.00039
104 27 1.00039
104 28 1.00038
104 29 1.00037
104 30 1.00036
104 31 1.00036
104 32 1.00035
104 33 1.00034
104 34 1.00033
104 35 1.00032
104 36 1.00031
104 37 1.00031
104 38 1.0003
104 39 1.00029
104 40 1.00028
104 41 1.00027
104 42 1.00026
104 43 1.00025
104 44 1.00023
104 45 1.00022
104 46 1.00021
104 47 1.0002
104 48 1.00019
104 49 1.00017
104 50 1.00016
104 51 1.00015
104 52 1.00013
104 53 1.00012
104 54 1.0001
104 55 1.00009
104 56 1.00007
104 57 1.00006
104 58 1.00004
104 59 1.00002
104 60 0.999996
104 61 0.999972
104 62 0.999945
104 63 0.999916
104 64 0.999882
104 65 0.999844
104 66 0.9998
104 67 0.99975
104 68 0.999694
104 69 0.999629
104 70 0.999556
104 71 0.999474
104 72 0.999382
104 73 0.999281
104 74 0.999172
104 75 0.999053
104 76 0.998927
104 77 0.998795
104 78 0.998658
104 79 0.998518
104 80 0.998376
104 81 0.998236
104 82 0.998099
104 83 0.997967
104 84 0.997841
104 85 0.997724
104 86 0.997617
104 87 0.997521
104 88 0.997436
104 89 0.997363
104 90 0.997303
104 91 0.997256
104 92 0.99722
104 93 0.997197
104 94 0.997185
104 95 0.997183
104 96 0.997192
104 97 0.99721
104 98 0.997237
104 99 0.997271
104 100 0.997313
104 101 0.997361
104 102 0.997414
104 103 0.997473
104 104 0.997537
104 105 0.997604
104 106 0.997675
104 107 0.997751
104 108 0.997829
104 109 0.997909
104 110 0.997993
104 111 0.998081
104 112 0.99817
104 113 0.998262
104 114 0.998358
104 115 0.998454
104 116 0.998551
104 117 0.99865
104 118 0.998748
104 119 0.998841
104 120 0.99893
104 121 0.999011
104 122 0.999081
104 123 0.999136
104 124 0.999173
104 125 0.999188
104 126 0.99918
104 127 0.999143

105 0 0
105 1 1.00048
105 2 1.00048
105 3 1.00048
105 4 1.00048
105 5 1.00047
105 6 1.00047
105 7 1.00047
105 8 1.00047
105 9 1.00047
105 10 1.00047
105 11 1.00046
105 12 1.00046
105 13 1.00046
105 14 1.00046
105 15 1.00045
105 16 1.00045
105 17 1.00044
105 18 1.00044
105 19 1.00043
105 20 1.00043
105 21 1.00042
105 22 1.00042
105 23 1.00041
105 24 1.00041
105 25 1.0004
105 26 1.0004
105 27 1.00039
105 28 1.00038
105 29 1.00037
105 30 1.00037
105 31 1.00036
105 32 1.00035
105 33 1.00034
105 34 1.00033
105 35 1.00033
105 36 1.00032
105 37 1.00031
105 38 1.0003
105 39 1.00029
105 40 1.00028
105 41 1.00027
105 42 1.00026
105 43 1.00025
105 44 1.00023
105 45 1.00022
105 46 1.00021
105 47 1.0002
105 48 1.00019
105 49 1.00017
105 50 1.00016
105 51 1.00015
105 52 1.00013
105 53 1.00012
105 54 1.0001
105 55 1.00009
105 56 1.00007
105 57 1.00005
105 58 1.00003
105 59 1.00002
105 60 0.999994
105 61 0.999972
105 62 0.999946
105 63 0.999918
105 64 0.999887
105 65 0.999851
105 66 0.999811
105 67 0.999765
105 68 0.999712
105 69 0.999653
105 70 0.999585
105 71 0.999509
105 72 0.999424
105 73 0.99933
105 74 0.999227
105 75 0.999115
105 76 0.998996
105 77 0.99887
105 78 0.998738
105 79 0.998602
105 80 0.998465
105 81 0.998328
105 82 0.998192
105 83 0.998061
105 84 0.997936
105 85 0.997818
105 86 0.997709
105 87 0.997611
105 88 0.997524
105 89 0.997449
105 90 0.997386
105 91 0.997335
105 92 0.997297
105 93 0.997271
105 94 0.997256
105 95 0.997253
105 96 0.99726
105 97 0.997277
105 98 0.997303
105 99 0.997337
105 100 0.997379
105 101 0.997427
105 102 0.997483
105 103 0.997544
105 104 0.99761
105 105 0.997681
105 106 0.997757
105 107 0.997837
105 108 0.99792
105 109 0.998008
105 110 0.998101
105 111 0.998195
105 112 0.998292
105 113 0.998395
105 114 0.9985
105 115 0.998605
105 116 0.998714
105 117 0.998824
105 118 0.998931
105 119 0.999034
105 120 0.999133
105 121 0.999223
105 122 0.999299
105 123 0.999359
105 124 0.999399
105 125 0.999414
105 126 0.999404
105 127 0.999364

106 0 0
106 1 1.00048
106 2 1.00048
106 3 1.00048
106 4 1.00048
106 5 1.00048
106 6 1.00048
106 7 1.00048
106 8 1.00048
106 9 1.00047
106 10 1.00047
106 11 1.00047
106 12 1.00047
106 13 1.00046
106 14 1.00046
106 15 1.00046
106 16 1.00045
106 17 1.00045
106 18 1.00044
106 19 1.00044
106 20 1.00043
106 21 1.00043
106 22 1.00042
106 23 1.00042
106 24 1.00041
106 25 1.00041
106 26 1.0004
106 27 1.00039
106 28 1.00038
106 29 1.00038
106 30 1.00037
106 31 1.00036
106 32 1.00035
106 33 1.00035
106 34 1.00034
106 35 1.00033
106 36 1.00032
106 37 1.00031
106 38 1.0003
106 39 1.00029
106 40 1.00028
106 41 1.00027
106 42 1.00026
106 43 1.00025
106 44 1.00023
106 45 1.00022
106 46 1.00021
106 47 1.0002
106 48 1.00019
106 49 1.00017
106 50 1.00016
106 51 1.00014
106 52 1.00013
106 53 1.00011
106 54 1.0001
106 55 1.00008
106 56 1.00007
106 57 1.00005
106 58 1.00003
106 59 1.00001
106 60 0.999993
106 61 0.999971
106 62 0.999947
106 63 0.99992
106 64 0.999891
106 65 0.999858
106 66 0.99982
106 67 0.999778
106 68 0.99973
106 69 0.999675
106 70 0.999613
106 71 0.999543
106 72 0.999465
106 73 0.999378
106 74 0.999282
106 75 0.999177
106 76 0.999065
106 77 0.998946
106 78 0.998821
106 79 0.998691
106 80 0.998558
106 81 0.998425
106 82 0.998292
106 83 0.998163
106 84 0.998039
106 85 0.997921
106 86 0.997811
106 87 0.997711
106 88 0.997622
106 89 0.997544
106 90 0.997478
106 91 0.997425
106 92 0.997384
106 93 0.997354
106 94 0.997337
106 95 0.997331
106 96 0.997336
106 97 0.997352
106 98 0.997377
106 99 0.997411
106 100 0.997453
106 101 0.997503
106 102 0.99756
106 103 0.997623
106 104 0.997692
106 105 0.997768
106 106 0.997848
106 107 0.997933
106 108 0.998023
106 109 0.99812
106 110 0.998218
106 111 0.998321
106 112 0.998431
106 113 0.998543
106 114 0.998657
106 115 0.998776
106 116 0.998898
106 117 0.999017
106 118 0.999135
106 119 0.999253
106 120 0.999362
106 121 0.999459
106 122 0.999544
106 123 0.99961
106 124 0.999654
106 125 0.999669
106 126 0.999657
106 127 0.999612

107 0 0
107 1 1.00049
107 2 1.00049
107 3 1.00049
107 4 1.00048
107 5 1.00048
107 6 1.00048
107 7 1.00048
107 8 1.00048
107 9 1.00048
107 10 1.00048
107 11 1.00047
107 12 1.00047
107 13 1.00047
107 14 1.00046
107 15 1.00046
107 16 1.00046
107 17 1.00045
107 18 1.00045
107 19 1.00044
107 20 1.00044
107 21 1.00043
107 22 1.00043
107 23 1.00042
107 24 1.00042
107 25 1.00041
107 26 1.0004
107 27 1.0004
107 28 1.00039
107 29 1.00038
107 30 1.00037
107 31 1.00037
107 32 1.00036
107 33 1.00035
107 34 1.00034
107 35 1.00033
107 36 1.00032
107 37 1.00031
107 38 1.0003
107 39 1.00029
107 40 1.00028
107 41 1.00027
107 42 1.00026
107 43 1.00025
107 44 1.00024
107 45 1.00022
107 46 1.00021
107 47 1.0002
107 48 1.00018
107 49 1.00017
107 50 1.00016
107 51 1.00014
107 52 1.00013
107 53 1.00011
107 54 1.0001
107 55 1.00008
107 56 1.00006
107 57 1.00005
107 58 1.00003
107 59 1.00001
107 60 0.99999
107 61 0.999969
107 62 0.999946
107 63 0.999921
107 64 0.999894
107 65 0.999863
107 66 0.999828
107 67 0.99979
107 68 0.999745
107 69 0.999695
107 70 0.999639
107 71 0.999575
107 72 0.999503
107 73 0.999423
107 74 0.999335
107 75 0.999239
107 76 0.999134
107 77 0.999022
107 78 0.998904
107 79 0.998781
107 80 0.998655
107 81 0.998526
107 82 0.998398
107 83 0.998271
107 84 0.998148
107 85 0.998031
107 86 0.997922
107 87 0.997821
107 88 0.997729
107 89 0.997649
107 90 0.997581
107 91 0.997524
107 92 0.99748
107 93 0.997447
107 94 0.997427
107 95 0.997419
107 96 0.997422
107 97 0.997436
107 98 0.997459
107 99 0.997493
107 100 0.997535
107 101 0.997586
107 102 0.997644
107 103 0.99771
107 104 0.997784
107 105 0.997863
107 106 0.997948
107 107 0.99804
107 108 0.998138
107 109 0.99824
107 110 0.998348
107 111 0.998464
107 112 0.998583
107 113 0.998704
107 114 0.998833
107 115 0.998968
107 116 0.9991
107 117 0.999232
107 118 0.999368
107 119 0.999497
107 120 0.999616
107 121 0.999725
107 122 0.99982
107 123 0.999891
107 124 0.999938
107 125 0.999955
107 126 0.999942
107 127 0.999891

108 0 0
108 1 1.00049
108 2 1.00049
108 3 1.00049
108 4 1.00049
108 5 1.00049
108 6 1.00049
108 7 1.00049
108 8 1.00048
108 9 1.00048
108 10 1.00048
108 11 1.00048
108 12 1.00048
108 13 1.00047
108 14 1.00047
108 15 1.00046
108 16 1.00046
108 17 1.00046
108 18 1.00045
108 19 1.00045
108 20 1.00044
108 21 1.00044
108 22 1.00043
108 23 1.00043
108 24 1.00042
108 25 1.00041
108 26 1.00041
108 27 1.0004
108 28 1.00039
108 29 1.00038
108 30 1.00038
108 31 1.00037
108 32 1.00036
108 33 1.00035
108 34 1.00034
108 35 1.00033
108 36 1.00032
108 37 1.00031
108 38 1.0003
108 39 1.00029
108 40 1.00028
108 41 1.00027
108 42 1.00026
108 43 1.00025
108 44 1.00024
108 45 1.00022
108 46 1.00021
108 47 1.0002
108 48 1.00018
108 49 1.00017
108 50 1.00016
108 51 1.00014
108 52 1.00013
108 53 1.00011
108 54 1.00009
108 55 1.00008
108 56 1.00006
108 57 1.00004
108 58 1.00003
108 59 1.00001
108 60 0.999988
108 61 0.999967
108 62 0.999945
108 63 0.999921
108 64 0.999895
108 65 0.999867
108 66 0.999835
108 67 0.999799
108 68 0.999759
108 69 0.999713
108 70 0.999662
108 71 0.999604
108 72 0.999539
108 73 0.999466
108 74 0.999386
108 75 0.999298
108 76 0.999201
108 77 0.999098
108 78 0.998988
108 79 0.998872
108 80 0.998752
108 81 0.99863
108 82 0.998506
108 83 0.998384
108 84 0.998264
108 85 0.998148
108 86 0.998039
108 87 0.997938
108 88 0.997845
108 89 0.997763
108 90 0.997692
108 91 0.997633
108 92 0.997585
108 93 0.99755
108 94 0.997527
108 95 0.997516
108 96 0.997516
108 97 0.997528
108 98 0.997551
108 99 0.997583
108 100 0.997626
108 101 0.997677
108 102 0.997738
108 103 0.997807
108 104 0.997883
108 105 0.997966
108 106 0.998058
108 107 0.998157
108 108 0.998261
108 109 0.998372
108 110 0.998493
108 111 0.998619
108 112 0.998747
108 113 0.998885
108 114 0.999032
108 115 0.999175
108 116 0.999321
108 117 0.999476
108 118 0.999626
108 119 0.999764
108 120 0.9999
108 121 1.00002
108 122 1.00013
108 123 1.0002
108 124 1.00026
108 125 1.00028
108 126 1.00026
108 127 1.0002

109 0 0
109 1 1.00049
109 2 1.00049
109 3 1.00049
109 4 1.00049
109 5 1.00049
109 6 1.00049
109 7 1.00049
109 8 1.00049
109 9 1.00049
109 10 1.00048
109 11 1.00048
109 12 1.00048
109 13 1.00048
109 14 1.00047
109 15 1.00047
109 16 1.00047
109 17 1.00046
109 18 1.00046
109 19 1.00045
109 20 1.00045
109 21 1.00044
109 22 1.00043
109 23 1.00043
109 24 1.00042
109 25 1.00042
109 26 1.00041
109 27 1.0004
109 28 1.00039
109 29 1.00039
109 30 1.00038
109 31 1.00037
109 32 1.00036
109 33 1.00035
109 34 1.00034
109 35 1.00033
109 36 1.00033
109 37 1.00032
109 38 1.0003
109 39 1.00029
109 40 1.00028
109 41 1.00027
109 42 1.00026
109 43 1.00025
109 44 1.00024
109 45 1.00022
109 46 1.00021
109 47 1.0002
109 48 1.00018
109 49 1.00017
109 50 1.00015
109 51 1.00014
109 52 1.00012
109 53 1.00011
109 54 1.00009
109 55 1.00007
109 56 1.00006
109 57 1.00004
109 58 1.00002
109 59 1
109 60 0.999985
109 61 0.999965
109 62 0.999943
109 63 0.99992
109 64 0.999896
109 65 0.999869
109 66 0.999839
109 67 0.999806
109 68 0.99977
109 69 0.999729
109 70 0.999682
109 71 0.99963
109 72 0.999571
109 73 0.999506
109 74 0.999433
109 75 0.999353
109 76 0.999265
109 77 0.99917
109 78 0.999069
109 79 0.998961
109 80 0.998849
109 81 0.998734
109 82 0.998616
109 83 0.998499
109 84 0.998383
109 85 0.99827
109 86 0.998163
109 87 0.998062
109 88 0.997969
109 89 0.997886
109 90 0.997813
109 91 0.997751
109 92 0.9977
109 93 0.997662
109 94 0.997636
109 95 0.997622
109 96 0.99762
109 97 0.99763
109 98 0.997651
109 99 0.997683
109 100 0.997725
109 101 0.997778
109 102 0.99784
109 103 0.997911
109 104 0.997991
109 105 0.99808
109 106 0.998178
109 107 0.998283
109 108 0.998395
109 109 0.99852
109 110 0.99865
109 111 0.998784
109 112 0.998929
109 113 0.999087
109 114 0.999242
109 115 0.9994
109 116 0.999574
109 117 0.999744
109 118 0.999901
109 119 1.00006
109 120 1.00022
109 121 1.00035
109 122 1.00046
109 123 1.00056
109 124 1.00061
109 125 1.00063
109 126 1.00061
109 127 1.00055

110 0 0
110 1 1.0005
110 2 1.0005
110 3 1.0005
110 4 1.0005
110 5 1.0005
110 6 1.0005
110 7 1.0005
110 8 1.00049
110 9 1.00049
110 10 1.00049
110 11 1.00049
110 12 1.00048
110 13 1.00048
110 14 1.00048
110 15 1.00047
110 16 1.00047
110 17 1.00046
110 18 1.00046
110 19 1.00046
110 20 1.00045
110 21 1.00044
110 22 1.00044
110 23 1.00043
110 24 1.00043
110 25 1.00042
110 26 1.00041
110 27 1.00041
110 28 1.0004
110 29 1.00039
110 30 1.00038
110 31 1.00037
110 32 1.00036
110 33 1.00036
110 34 1.00035
110 35 1.00034
110 36 1.00033
110 37 1.00032
110 38 1.00031
110 39 1.0003
110 40 1.00028
110 41 1.00027
110 42 1.00026
110 43 1.00025
110 44 1.00024
110 45 1.00022
110 46 1.00021
110 47 1.0002
110 48 1.00018
110 49 1.00017
110 50 1.00015
110 51 1.00014
110 52 1.00012
110 53 1.00011
110 54 1.00009
110 55 1.00007
110 56 1.00005
110 57 1.00004
110 58 1.00002
110 59 1
110 60 0.999981
110 61 0.999962
110 62 0.999941
110 63 0.999919
110 64 0.999895
110 65 0.99987
110 66 0.999842
110 67 0.999812
110 68 0.999778
110 69 0.999741
110 70 0.999699
110 71 0.999652
110 72 0.999599
110 73 0.999541
110 74 0.999475
110 75 0.999403
110 76 0.999324
110 77 0.999238
110 78 0.999145
110 79 0.999047
110 80 0.998943
110 81 0.998836
110 82 0.998726
110 83 0.998614
110 84 0.998504
110 85 0.998395
110 86 0.99829
110 87 0.998191
110 88 0.998099
110 89 0.998015
110 90 0.997941
110 91 0.997877
110 92 0.997824
110 93 0.997784
110 94 0.997755
110 95 0.997738
110 96 0.997733
110 97 0.997741
110 98 0.99776
110 99 0.997791
110 100 0.997834
110 101 0.997887
110 102 0.99795
110 103 0.998024
110 104 0.998109
110 105 0.998203
110 106 0.998306
110 107 0.998418
110 108 0.998544
110 109 0.998677
110 110 0.998814
110 111 0.998966
110 112 0.999133
110 113 0.999297
110 114 0.999466
110 115 0.999657
110 116 0.999849
110 117 1.00002
110 118 1.00021
110 119 1.0004
110 120 1.00057
110 121 1.00071
110 122 1.00085
110 123 1.00095
110 124 1.00101
110 125 1.00103
110 126 1.00101
110 127 1.00094

111 0 0
111 1 1.0005
111 2 1.0005
111 3 1.0005
111 4 1.0005
111 5 1.0005
111 6 1.0005
111 7 1.0005
111 8 1.0005
111 9 1.0005
111 10 1.00049
111 11 1.00049
111 12 1.00049
111 13 1.00048
111 14 1.00048
111 15 1.00048
111 16 1.00047
111 17 1.00047
111 18 1.00046
111 19 1.00046
111 20 1.00045
111 21 1.00045
111 22 1.00044
111 23 1.00044
111 24 1.00043
111 25 1.00042
111 26 1.00042
111 27 1.00041
111 28 1.0004
111 29 1.00039
111 30 1.00038
111 31 1.00038
111 32 1.00037
111 33 1.00036
111 34 1.00035
111 35 1.00034
111 36 1.00033
111 37 1.00032
111 38 1.00031
111 39 1.0003
111 40 1.00029
111 41 1.00027
111 42 1.00026
111 43 1.00025
111 44 1.00024
111 45 1.00022
111 46 1.00021
111 47 1.0002
111 48 1.00018
111 49 1.00017
111 50 1.00015
111 51 1.00014
111 52 1.00012
111 53 1.0001
111 54 1.00009
111 55 1.00007
111 56 1.00005
111 57 1.00003
111 58 1.00002
111 59 0.999997
111 60 0.999978
111 61 0.999958
111 62 0.999937
111 63 0.999916
111 64 0.999893
111 65 0.999869
111 66 0.999843
111 67 0.999815
111 68 0.999784
111 69 0.99975
111 70 0.999712
111 71 0.99967
111 72 0.999623
111 73 0.99957
111 74 0.999512
111 75 0.999448
111 76 0.999377
111 77 0.999299
111 78 0.999216
111 79 0.999127
111 80 0.999032
111 81 0.998933
111 82 0.998831
111 83 0.998727
111 84 0.998623
111 85 0.99852
111 86 0.998419
111 87 0.998323
111 88 0.998233
111 89 0.99815
111 90 0.998075
111 91 0.998011
111 92 0.997956
111 93 0.997913
111 94 0.997882
111 95 0.997863
111 96 0.997856
111 97 0.997861
111 98 0.997879
111 99 0.997909
111 100 0.997951
111 101 0.998005
111 102 0.99807
111 103 0.998147
111 104 0.998236
111 105 0.998334
111 106 0.998444
111 107 0.998567
111 108 0.9987
111 109 0.99884
111 110 0.998996
111 111 0.999168
111 112 0.99934
111 113 0.99952
111 114 0.999726
111 115 0.999935
111 116 1.00013
111 117 1.00034
111 118 1.00057
111 119 1.00076
111 120 1.00094
111 121 1.00112
111 122 1.00127
111 123 1.00137
111 124 1.00144
111 125 1.00147
111 126 1.00145
111 127 1.00137

112 0 0
112 1 1.00051
112 2 1.00051
112 3 1.00051
112 4 1.00051
112 5 1.00051
112 6 1.00051
112 7 1.0005
112 8 1.0005
112 9 1.0005
112 10 1.0005
112 11 1.0005
112 12 1.00049
112 13 1.00049
112 14 1.00049
112 15 1.00048
112 16 1.00048
112 17 1.00047
112 18 1.00047
112 19 1.00046
112 20 1.00046
112 21 1.00045
112 22 1.00045
112 23 1.00044
112 24 1.00043
112 25 1.00043
112 26 1.00042
112 27 1.00041
112 28 1.0004
112 29 1.0004
112 30 1.00039
112 31 1.00038
112 32 1.00037
112 33 1.00036
112 34 1.00035
112 35 1.00034
112 36 1.00033
112 37 1.00032
112 38 1.00031
112 39 1.0003
112 40 1.00029
112 41 1.00028
112 42 1.00026
112 43 1.00025
112 44 1.00024
112 45 1.00022
112 46 1.00021
112 47 1.0002
112 48 1.00018
112 49 1.00017
112 50 1.00015
112 51 1.00013
112 52 1.00012
112 53 1.0001
112 54 1.00008
112 55 1.00007
112 56 1.00005
112 57 1.00003
112 58 1.00001
112 59 0.999993
112 60 0.999974
112 61 0.999954
112 62 0.999934
112 63 0.999912
112 64 0.99989
112 65 0.999867
112 66 0.999842
112 67 0.999816
112 68 0.999787
112 69 0.999756
112 70 0.999721
112 71 0.999683
112 72 0.999641
112 73 0.999594
112 74 0.999543
112 75 0.999485
112 76 0.999422
112 77 0.999354
112 78 0.999279
112 79 0.999199
112 80 0.999114
112 81 0.999024
112 82 0.998931
112 83 0.998835
112 84 0.998739
112 85 0.998642
112 86 0.998547
112 87 0.998455
112 88 0.998368
112 89 0.998287
112 90 0.998214
112 91 0.998149
112 92 0.998094
112 93 0.99805
112 94 0.998017
112 95 0.997996
112 96 0.997987
112 97 0.99799
112 98 0.998007
112 99 0.998036
112 100 0.998077
112 101 0.998131
112 102 0.998199
112 103 0.998279
112 104 0.998369
112 105 0.998474
112 106 0.998594
112 107 0.998723
112 108 0.998862
112 109 0.99902
112 110 0.999195
112 111 0.999371
112 112 0.999559
112 113 0.999777
112 114 1
112 115 1.00021
112 116 1.00044
112 117 1.0007
112 118 1.00093
112 119 1.00114
112 120 1.00137
112 121 1.00158
112 122 1.00172
112 123 1.00185
112 124 1.00194
112 125 1.00196
112 126 1.00194
112 127 1.00185

113 0 0
113 1 1.00051
113 2 1.00051
113 3 1.00051
113 4 1.00051
113 5 1.00051
113 6 1.00051
113 7 1.00051
113 8 1.00051
113 9 1.0005
113 10 1.0005
113 11 1.0005
113 12 1.0005
113 13 1.00049
113 14 1.00049
113 15 1.00049
113 16 1.00048
113 17 1.00048
113 18 1.00047
113 19 1.00047
113 20 1.00046
113 21 1.00045
113 22 1.00045
113 23 1.00044
113 24 1.00044
113 25 1.00043
113 26 1.00042
113 27 1.00041
113 28 1.00041
113 29 1.0004
113 30 1.00039
113 31 1.00038
113 32 1.00037
113 33 1.00036
113 34 1.00035
113 35 1.00034
113 36 1.00033
113 37 1.00032
113 38 1.00031
113 39 1.0003
113 40 1.00029
113 41 1.00028
113 42 1.00026
113 43 1.00025
113 44 1.00024
113 45 1.00022
113 46 1.00021
113 47 1.0002
113 48 1.00018
113 49 1.00017
113 50 1.00015
113 51 1.00013
113 52 1.00012
113 53 1.0001
113 54 1.00008
113 55 1.00006
113 56 1.00005
113 57 1.00003
113 58 1.00001
113 59 0.999989
113 60 0.99997
113 61 0.99995
113 62 0.999929
113 63 0.999908
113 64 0.999887
113 65 0.999864
113 66 0.99984
113 67 0.999815
113 68 0.999788
113 69 0.999759
113 70 0.999727
113 71 0.999692
113 72 0.999654
113 73 0.999613
113 74 0.999567
113 75 0.999516
113 76 0.99946
113 77 0.9994
113 78 0.999334
113 79 0.999262
113 80 0.999187
113 81 0.999106
113 82 0.999022
113 83 0.998936
113 84 0.998847
113 85 0.998758
113 86 0.99867
113 87 0.998584
113 88 0.998502
113 89 0.998424
113 90 0.998353
113 91 0.99829
113 92 0.998236
113 93 0.998191
113 94 0.998157
113 95 0.998135
113 96 0.998125
113 97 0.998127
113 98 0.998142
113 99 0.99817
113 100 0.998212
113 101 0.998267
113 102 0.998336
113 103 0.998417
113 104 0.998514
113 105 0.998625
113 106 0.998749
113 107 0.998885
113 108 0.999041
113 109 0.999214
113 110 0.999391
113 111 0.999585
113 112 0.999811
113 113 1.00004
113 114 1.00026
113 115 1.00052
113 116 1.00081
113 117 1.00106
113 118 1.0013
113 119 1.00159
113 120 1.00186
113 121 1.00203
113 122 1.00222
113 123 1.0024
113 124 1.00248
113 125 1.00249
113 126 1.00247
113 127 1.00239

114 0 0
114 1 1.00051
114 2 1.00052
114 3 1.00052
114 4 1.00051
114 5 1.00051
114 6 1.00051
114 7 1.00051
114 8 1.00051
114 9 1.00051
114 10 1.00051
114 11 1.0005
114 12 1.0005
114 13 1.0005
114 14 1.00049
114 15 1.00049
114 16 1.00048
114 17 1.00048
114 18 1.00047
114 19 1.00047
114 20 1.00046
114 21 1.00046
114 22 1.00045
114 23 1.00045
114 24 1.00044
114 25 1.00043
114 26 1.00042
114 27 1.00042
114 28 1.00041
114 29 1.0004
114 30 1.00039
114 31 1.00038
114 32 1.00037
114 33 1.00037
114 34 1.00036
114 35 1.00035
114 36 1.00034
114 37 1.00032
114 38 1.00031
114 39 1.0003
114 40 1.00029
114 41 1.00028
114 42 1.00027
114 43 1.00025
114 44 1.00024
114 45 1.00022
114 46 1.00021
114 47 1.0002
114 48 1.00018
114 49 1.00016
114 50 1.00015
114 51 1.00013
114 52 1.00012
114 53 1.0001
114 54 1.00008
114 55 1.00006
114 56 1.00004
114 57 1.00002
114 58 1.00001
114 59 0.999986
114 60 0.999966
114 61 0.999946
114 62 0.999925
114 63 0.999904
114 64 0.999882
114 65 0.99986
114 66 0.999836
114 67 0.999812
114 68 0.999786
114 69 0.999759
114 70 0.999729
114 71 0.999697
114 72 0.999663
114 73 0.999625
114 74 0.999584
114 75 0.999539
114 76 0.99949
114 77 0.999436
114 78 0.999378
114 79 0.999316
114 80 0.999249
114 81 0.999178
114 82 0.999103
114 83 0.999026
114 84 0.998946
114 85 0.998865
114 86 0.998785
114 87 0.998706
114 88 0.99863
114 89 0.998557
114 90 0.99849
114 91 0.99843
114 92 0.998377
114 93 0.998334
114 94 0.998301
114 95 0.998278
114 96 0.998268
114 97 0.998269
114 98 0.998284
114 99 0.998312
114 100 0.998354
114 101 0.99841
114 102 0.998479
114 103 0.998565
114 104 0.998666
114 105 0.998781
114 106 0.99891
114 107 0.999061
114 108 0.999228
114 109 0.999403
114 110 0.999599
114 111 0.999828
114 112 1.00006
114 113 1.0003
114 114 1.00057
114 115 1.00088
114 116 1.00116
114 117 1.00142
114 118 1.00176
114 119 1.00208
114 120 1.0023
114 121 1.00256
114 122 1.00283
114 123 1.00297
114 124 1.00306
114 125 1.00311
114 126 1.00308
114 127 1.00298

115 0 0
115 1 1.00052
115 2 1.00052
115 3 1.00052
115 4 1.00052
115 5 1.00052
115 6 1.00052
115 7 1.00052
115 8 1.00051
115 9 1.00051
115 10 1.00051
115 11 1.00051
115 12 1.0005
115 13 1.0005
115 14 1.0005
115 15 1.00049
115 16 1.00049
115 17 1.00048
115 18 1.00048
115 19 1.00047
115 20 1.00047
115 21 1.00046
115 22 1.00045
115 23 1.00045
115 24 1.00044
115 25 1.00043
115 26 1.00043
115 27 1.00042
115 28 1.00041
115 29 1.0004
115 30 1.00039
115 31 1.00039
115 32 1.00038
115 33 1.00037
115 34 1.00036
115 35 1.00035
115 36 1.00034
115 37 1.00033
115 38 1.00031
115 39 1.0003
115 40 1.00029
115 41 1.00028
115 42 1.00027
115 43 1.00025
115 44 1.00024
115 45 1.00023
115 46 1.00021
115 47 1.0002
115 48 1.00018
115 49 1.00016
115 50 1.00015
115 51 1.00013
115 52 1.00011
115 53 1.0001
115 54 1.00008
115 55 1.00006
115 56 1.00004
115 57 1.00002
115 58 1
115 59 0.999982
115 60 0.999962
115 61 0.999941
115 62 0.99992
115 63 0.999899
115 64 0.999877
115 65 0.999854
115 66 0.999831
115 67 0.999807
115 68 0.999782
115 69 0.999756
115 70 0.999728
115 71 0.999698
115 72 0.999666
115 73 0.999632
115 74 0.999595
115 75 0.999555
115 76 0.999511
115 77 0.999464
115 78 0.999413
115 79 0.999358
115 80 0.999299
115 81 0.999237
115 82 0.999171
115 83 0.999103
115 84 0.999032
115 85 0.99896
115 86 0.998888
115 87 0.998817
115 88 0.998748
115 89 0.998682
115 90 0.99862
115 91 0.998564
115 92 0.998515
115 93 0.998475
115 94 0.998443
115 95 0.998422
115 96 0.998412
115 97 0.998414
115 98 0.998429
115 99 0.998458
115 100 0.9985
115 101 0.998557
115 102 0.998631
115 103 0.998719
115 104 0.998822
115 105 0.998943
115 106 0.999084
115 107 0.999242
115 108 0.999412
115 109 0.999606
115 110 0.999832
115 111 1.00007
115 112 1.0003
115 113 1.00059
115 114 1.00091
115 115 1.0012
115 116 1.00149
115 117 1.00188
115 118 1.00226
115 119 1.00251
115 120 1.00282
115 121 1.00322
115 122 1.00344
115 123 1.00356
115 124 1.00372
115 125 1.00382
115 126 1.00377
115 127 1.00362

116 0 0
116 1 1.00052
116 2 1.00052
116 3 1.00052
116 4 1.00052
116 5 1.00052
116 6 1.00052
116 7 1.00052
116 8 1.00052
116 9 1.00051
116 10 1.00051
116 11 1.00051
116 12 1.00051
116 13 1.0005
116 14 1.0005
116 15 1.0005
116 16 1.00049
116 17 1.00049
116 18 1.00048
116 19 1.00048
116 20 1.00047
116 21 1.00046
116 22 1.00046
116 23 1.00045
116 24 1.00044
116 25 1.00044
116 26 1.00043
116 27 1.00042
116 28 1.00041
116 29 1.00041
116 30 1.0004
116 31 1.00039
116 32 1.00038
116 33 1.00037
116 34 1.00036
116 35 1.00035
116 36 1.00034
116 37 1.00033
116 38 1.00032
116 39 1.0003
116 40 1.00029
116 41 1.00028
116 42 1.00027
116 43 1.00025
116 44 1.00024
116 45 1.00023
116 46 1.00021
116 47 1.0002
116 48 1.00018
116 49 1.00016
116 50 1.00015
116 51 1.00013
116 52 1.00011
116 53 1.00009
116 54 1.00008
116 55 1.00006
116 56 1.00004
116 57 1.00002
116 58 0.999998
116 59 0.999978
116 60 0.999957
116 61 0.999936
116 62 0.999915
116 63 0.999893
116 64 0.999871
116 65 0.999848
116 66 0.999825
116 67 0.999801
116 68 0.999777
116 69 0.999751
116 70 0.999724
116 71 0.999696
116 72 0.999666
116 73 0.999634
116 74 0.9996
116 75 0.999563
116 76 0.999524
116 77 0.999482
116 78 0.999437
116 79 0.999388
116 80 0.999337
116 81 0.999282
116 82 0.999225
116 83 0.999165
116 84 0.999104
116 85 0.999041
116 86 0.998977
116 87 0.998914
116 88 0.998853
116 89 0.998794
116 90 0.998739
116 91 0.998689
116 92 0.998645
116 93 0.998608
116 94 0.99858
116 95 0.998562
116 96 0.998554
116 97 0.998558
116 98 0.998575
116 99 0.998604
116 100 0.998649
116 101 0.998709
116 102 0.998784
116 103 0.998874
116 104 0.998983
116 105 0.999113
116 106 0.999258
116 107 0.99942
116 108 0.999608
116 109 0.999824
116 110 1.00005
116 111 1.00029
116 112 1.00058
116 113 1.0009
116 114 1.0012
116 115 1.00152
116 116 1.00194
116 117 1.00235
116 118 1.00264
116 119 1.00302
116 120 1.00354
116 121 1.00381
116 122 1.00399
116 123 1.00435
116 124 1.00454
116 125 1.00452
116 126 1.0045
116 127 1.00436

117 0 0
117 1 1.00052
117 2 1.00052
117 3 1.00052
117 4 1.00052
117 5 1.00052
117 6 1.00052
117 7 1.00052
117 8 1.00052
117 9 1.00052
117 10 1.00052
117 11 1.00051
117 12 1.00051
117 13 1.00051
117 14 1.0005
117 15 1.0005
117 16 1.00049
117 17 1.00049
117 18 1.00048
117 19 1.00048
117 20 1.00047
117 21 1.00047
117 22 1.00046
117 23 1.00045
117 24 1.00045
117 25 1.00044
117 26 1.00043
117 27 1.00042
117 28 1.00042
117 29 1.00041
117 30 1.0004
117 31 1.00039
117 32 1.00038
117 33 1.00037
117 34 1.00036
117 35 1.00035
117 36 1.00034
117 37 1.00033
117 38 1.00032
117 39 1.00031
117 40 1.00029
117 41 1.00028
117 42 1.00027
117 43 1.00025
117 44 1.00024
117 45 1.00023
117 46 1.00021
117 47 1.0002
117 48 1.00018
117 49 1.00016
117 50 1.00015
117 51 1.00013
117 52 1.00011
117 53 1.00009
117 54 1.00007
117 55 1.00006
117 56 1.00004
117 57 1.00002
117 58 0.999995
117 59 0.999974
117 60 0.999953
117 61 0.999932
117 62 0.99991
117 63 0.999887
117 64 0.999865
117 65 0.999842
117 66 0.999818
117 67 0.999794
117 68 0.99977
117 69 0.999744
117 70 0.999718
117 71 0.99969
117 72 0.999661
117 73 0.999631
117 74 0.999599
117 75 0.999566
117 76 0.99953
117 77 0.999492
117 78 0.999451
117 79 0.999408
117 80 0.999363
117 81 0.999315
117 82 0.999265
117 83 0.999213
117 84 0.999159
117 85 0.999105
117 86 0.99905
117 87 0.998995
117 88 0.998942
117 89 0.99889
117 90 0.998843
117 91 0.998799
117 92 0.998761
117 93 0.99873
117 94 0.998707
117 95 0.998692
117 96 0.998688
117 97 0.998695
117 98 0.998714
117 99 0.998747
117 100 0.998794
117 101 0.998856
117 102 0.998934
117 103 0.999031
117 104 0.999146
117 105 0.999278
117 106 0.999429
117 107 0.999607
117 108 0.99981
117 109 1.00002
117 110 1.00026
117 111 1.00055
117 112 1.00087
117 113 1.00117
117 114 1.0015
117 115 1.00194
117 116 1.00237
117 117 1.0027
117 118 1.00312
117 119 1.00373
117 120 1.00413
117 121 1.00432
117 122 1.00483
117 123 1.00524
117 124 1.0053
117 125 1.00532
117 126 1.00535
117 127 1.00527

118 0 0
118 1 1.00053
118 2 1.00053
118 3 1.00053
118 4 1.00053
118 5 1.00053
118 6 1.00053
118 7 1.00052
118 8 1.00052
118 9 1.00052
118 10 1.00052
118 11 1.00052
118 12 1.00051
118 13 1.00051
118 14 1.0005
118 15 1.0005
118 16 1.0005
118 17 1.00049
118 18 1.00049
118 19 1.00048
118 20 1.00047
118 21 1.00047
118 22 1.00046
118 23 1.00046
118 24 1.00045
118 25 1.00044
118 26 1.00043
118 27 1.00043
118 28 1.00042
118 29 1.00041
118 30 1.0004
118 31 1.00039
118 32 1.00038
118 33 1.00037
118 34 1.00036
118 35 1.00035
118 36 1.00034
118 37 1.00033
118 38 1.00032
118 39 1.00031
118 40 1.00029
118 41 1.00028
118 42 1.00027
118 43 1.00026
118 44 1.00024
118 45 1.00023
118 46 1.00021
118 47 1.0002
118 48 1.00018
118 49 1.00016
118 50 1.00015
118 51 1.00013
118 52 1.00011
118 53 1.00009
118 54 1.00007
118 55 1.00005
118 56 1.00003
118 57 1.00001
118 58 0.999992
118 59 0.999971
118 60 0.999949
118 61 0.999927
118 62 0.999904
118 63 0.999882
118 64 0.999858
118 65 0.999835
118 66 0.999811
118 67 0.999786
118 68 0.999761
118 69 0.999736
118 70 0.999709
118 71 0.999682
118 72 0.999654
118 73 0.999624
118 74 0.999594
118 75 0.999562
118 76 0.999528
118 77 0.999493
118 78 0.999456
118 79 0.999417
118 80 0.999377
118 81 0.999334
118 82 0.99929
118 83 0.999245
118 84 0.999198
118 85 0.999151
118 86 0.999103
118 87 0.999057
118 88 0.999011
118 89 0.998967
118 90 0.998927
118 91 0.998891
118 92 0.998859
118 93 0.998834
118 94 0.998817
118 95 0.998808
118 96 0.998808
118 97 0.99882
118 98 0.998843
118 99 0.99888
118 100 0.99893
118 101 0.998996
118 102 0.99908
118 103 0.999181
118 104 0.999299
118 105 0.999438
118 106 0.999603
118 107 0.999789
118 108 0.999991
118 109 1.00022
118 110 1.0005
118 111 1.0008
118 112 1.00109
118 113 1.00144
118 114 1.00189
118 115 1.0023
118 116 1.00265
118 117 1.00316
118 118 1.00384
118 119 1.00424
118 120 1.00449
118 121 1.00525
118 122 1.00592
118 123 1.00582
118 124 1.00608
118 125 1.00654
118 126 1.00639
118 127 1.00606

119 0 0
119 1 1.00053
119 2 1.00053
119 3 1.00053
119 4 1.00053
119 5 1.00053
119 6 1.00053
119 7 1.00053
119 8 1.00052
119 9 1.00052
119 10 1.00052
119 11 1.00052
119 12 1.00051
119 13 1.00051
119 14 1.00051
119 15 1.0005
119 16 1.0005
119 17 1.00049
119 18 1.00049
119 19 1.00048
119 20 1.00048
119 21 1.00047
119 22 1.00046
119 23 1.00046
119 24 1.00045
119 25 1.00044
119 26 1.00044
119 27 1.00043
119 28 1.00042
119 29 1.00041
119 30 1.0004
119 31 1.00039
119 32 1.00038
119 33 1.00037
119 34 1.00036
119 35 1.00035
119 36 1.00034
119 37 1.00033
119 38 1.00032
119 39 1.00031
119 40 1.0003
119 41 1.00028
119 42 1.00027
119 43 1.00026
119 44 1.00024
119 45 1.00023
119 46 1.00021
119 47 1.0002
119 48 1.00018
119 49 1.00016
119 50 1.00015
119 51 1.00013
119 52 1.00011
119 53 1.00009
119 54 1.00007
119 55 1.00005
119 56 1.00003
119 57 1.00001
119 58 0.999989
119 59 0.999967
119 60 0.999945
119 61 0.999922
119 62 0.999899
119 63 0.999876
119 64 0.999852
119 65 0.999828
119 66 0.999803
119 67 0.999778
119 68 0.999752
119 69 0.999726
119 70 0.999699
119 71 0.999672
119 72 0.999644
119 73 0.999615
119 74 0.999584
119 75 0.999553
119 76 0.999521
119 77 0.999488
119 78 0.999453
119 79 0.999417
119 80 0.99938
119 81 0.999342
119 82 0.999302
119 83 0.999262
119 84 0.999221
119 85 0.99918
119 86 0.999139
119 87 0.999099
119 88 0.99906
119 89 0.999024
119 90 0.99899
119 91 0.998961
119 92 0.998936
119 93 0.998918
119 94 0.998906
119 95 0.998903
119 96 0.998909
119 97 0.998926
119 98 0.998955
119 99 0.998996
119 100 0.999051
119 101 0.999123
119 102 0.999211
119 103 0.999316
119 104 0.999442
119 105 0.99959
119 106 0.99976
119 107 0.999949
119 108 1.00017
119 109 1.00043
119 110 1.0007
119 111 1.001
119 112 1.00135
119 113 1.00177
119 114 1.00217
119 115 1.00256
119 116 1.0031
119 117 1.00377
119 118 1.00423
119 119 1.00462
119 120 1.00543
119 121 1.00627
119 122 1.00636
119 123 1.00674
119 124 1.0075
119 125 1.00754
119 126 1.00747
119 127 1.00706

120 0 0
120 1 1.00053
120 2 1.00053
120 3 1.00053
120 4 1.00053
120 5 1.00053
120 6 1.00053
120 7 1.00053
120 8 1.00053
120 9 1.00052
120 10 1.00052
120 11 1.00052
120 12 1.00052
120 13 1.00051
120 14 1.00051
120 15 1.0005
120 16 1.0005
120 17 1.00049
120 18 1.00049
120 19 1.00048
120 20 1.00048
120 21 1.00047
120 22 1.00047
120 23 1.00046
120 24 1.00045
120 25 1.00044
120 26 1.00044
120 27 1.00043
120 28 1.00042
120 29 1.00041
120 30 1.0004
120 31 1.00039
120 32 1.00039
120 33 1.00038
120 34 1.00037
120 35 1.00035
120 36 1.00034
120 37 1.00033
120 38 1.00032
120 39 1.00031
120 40 1.0003
120 41 1.00028
120 42 1.00027
120 43 1.00026
120 44 1.00024
120 45 1.00023
120 46 1.00021
120 47 1.0002
120 48 1.00018
120 49 1.00016
120 50 1.00015
120 51 1.00013
120 52 1.00011
120 53 1.00009
120 54 1.00007
120 55 1.00005
120 56 1.00003
120 57 1.00001
120 58 0.999986
120 59 0.999964
120 60 0.999941
120 61 0.999918
120 62 0.999894
120 63 0.99987
120 64 0.999845
120 65 0.99982
120 66 0.999795
120 67 0.999769
120 68 0.999743
120 69 0.999716
120 70 0.999688
120 71 0.99966
120 72 0.999631
120 73 0.999602
120 74 0.999572
120 75 0.999541
120 76 0.999509
120 77 0.999477
120 78 0.999443
120 79 0.999409
120 80 0.999374
120 81 0.999338
120 82 0.999302
120 83 0.999265
120 84 0.999228
120 85 0.999192
120 86 0.999156
120 87 0.999121
120 88 0.999089
120 89 0.999058
120 90 0.999031
120 91 0.999008
120 92 0.99899
120 93 0.998977
120 94 0.998972
120 95 0.998975
120 96 0.998987
120 97 0.999009
120 98 0.999043
120 99 0.99909
120 100 0.999151
120 101 0.999227
120 102 0.99932
120 103 0.999433
120 104 0.999566
120 105 0.999719
120 106 0.999894
120 107 1.0001
120 108 1.00034
120 109 1.00059
120 110 1.00087
120 111 1.00122
120 112 1.00161
120 113 1.00198
120 114 1.00239
120 115 1.00297
120 116 1.00361
120 117 1.00404
120 118 1.00452
120 119 1.00554
120 120 1.00649
120 121 1.0065
120 122 1.00692
120 123 1.00872
120 124 1.00894
120 125 1.00811
120 126 1.00864
120 127 1.00896

121 0 0
121 1 1.00053
121 2 1.00053
121 3 1.00053
121 4 1.00053
121 5 1.00053
121 6 1.00053
121 7 1.00053
121 8 1.00053
121 9 1.00053
121 10 1.00052
121 11 1.00052
121 12 1.00052
121 13 1.00051
121 14 1.00051
121 15 1.00051
121 16 1.0005
121 17 1.0005
121 18 1.00049
121 19 1.00049
121 20 1.00048
121 21 1.00047
121 22 1.00047
121 23 1.00046
121 24 1.00045
121 25 1.00045
121 26 1.00044
121 27 1.00043
121 28 1.00042
121 29 1.00041
121 30 1.0004
121 31 1.0004
121 32 1.00039
121 33 1.00038
121 34 1.00037
121 35 1.00036
121 36 1.00035
121 37 1.00033
121 38 1.00032
121 39 1.00031
121 40 1.0003
121 41 1.00028
121 42 1.00027
121 43 1.00026
121 44 1.00024
121 45 1.00023
121 46 1.00021
121 47 1.0002
121 48 1.00018
121 49 1.00016
121 50 1.00015
121 51 1.00013
121 52 1.00011
121 53 1.00009
121 54 1.00007
121 55 1.00005
121 56 1.00003
121 57 1.00001
121 58 0.999984
121 59 0.999961
121 60 0.999938
121 61 0.999914
121 62 0.999889
121 63 0.999864
121 64 0.999839
121 65 0.999813
121 66 0.999787
121 67 0.99976
121 68 0.999733
121 69 0.999705
121 70 0.999676
121 71 0.999647
121 72 0.999618
121 73 0.999588
121 74 0.999557
121 75 0.999526
121 76 0.999494
121 77 0.999462
121 78 0.999428
121 79 0.999395
121 80 0.999361
121 81 0.999326
121 82 0.999292
121 83 0.999257
121 84 0.999223
121 85 0.99919
121 86 0.999157
121 87 0.999127
121 88 0.999098
121 89 0.999072
121 90 0.99905
121 91 0.999032
121 92 0.999019
121 93 0.999012
121 94 0.999012
121 95 0.99902
121 96 0.999037
121 97 0.999065
121 98 0.999104
121 99 0.999156
121 100 0.999223
121 101 0.999305
121 102 0.999404
121 103 0.999523
121 104 0.99966
121 105 0.99982
121 106 1.00001
121 107 1.00022
121 108 1.00046
121 109 1.00073
121 110 1.00105
121 111 1.0014
121 112 1.00176
121 113 1.00219
121 114 1.00273
121 115 1.00327
121 116 1.00374
121 117 1.0044
121 118 1.00537
121 119 1.00612
121 120 1.00652
121 121 1.0075
121 122 1.00919
121 123 1.00936
121 124 1.00896
121 125 1.01071
121 126 1.01059
121 127 1.01007

122 0 0
122 1 1.00053
122 2 1.00053
122 3 1.00053
122 4 1.00053
122 5 1.00053
122 6 1.00053
122 7 1.00053
122 8 1.00053
122 9 1.00053
122 10 1.00053
122 11 1.00052
122 12 1.00052
122 13 1.00052
122 14 1.00051
122 15 1.00051
122 16 1.0005
122 17 1.0005
122 18 1.00049
122 19 1.00049
122 20 1.00048
122 21 1.00047
122 22 1.00047
122 23 1.00046
122 24 1.00045
122 25 1.00045
122 26 1.00044
122 27 1.00043
122 28 1.00042
122 29 1.00041
122 30 1.00041
122 31 1.0004
122 32 1.00039
122 33 1.00038
122 34 1.00037
122 35 1.00036
122 36 1.00035
122 37 1.00033
122 38 1.00032
122 39 1.00031
122 40 1.0003
122 41 1.00029
122 42 1.00027
122 43 1.00026
122 44 1.00024
122 45 1.00023
122 46 1.00021
122 47 1.0002
122 48 1.00018
122 49 1.00016
122 50 1.00015
122 51 1.00013
122 52 1.00011
122 53 1.00009
122 54 1.00007
122 55 1.00005
122 56 1.00003
122 57 1
122 58 0.999981
122 59 0.999958
122 60 0.999934
122 61 0.99991
122 62 0.999885
122 63 0.999859
122 64 0.999833
122 65 0.999806
122 66 0.999779
122 67 0.999751
122 68 0.999723
122 69 0.999694
122 70 0.999664
122 71 0.999634
122 72 0.999604
122 73 0.999573
122 74 0.999541
122 75 0.999509
122 76 0.999476
122 77 0.999443
122 78 0.999409
122 79 0.999376
122 80 0.999342
122 81 0.999307
122 82 0.999274
122 83 0.99924
122 84 0.999207
122 85 0.999175
122 86 0.999145
122 87 0.999117
122 88 0.999091
122 89 0.999068
122 90 0.999049
122 91 0.999034
122 92 0.999025
122 93 0.999022
122 94 0.999026
122 95 0.999039
122 96 0.99906
122 97 0.999093
122 98 0.999136
122 99 0.999193
122 100 0.999264
122 101 0.999352
122 102 0.999456
122 103 0.999579
122 104 0.999723
122 105 0.999892
122 106 1.00008
122 107 1.0003
122 108 1.00055
122 109 1.00084
122 110 1.00116
122 111 1.0015
122 112 1.00191
122 113 1.0024
122 114 1.0029
122 115 1.00338
122 116 1.00404
122 117 1.00495
122 118 1.00572
122 119 1.00615
122 120 1.00724
122 121 1.00925
122 122 1.01021
122 123 1.00917
122 124 1.01121
122 125 1.01434
122 126 1.01265
122 127 1.00963

123 0 0
123 1 1.00053
123 2 1.00053
123 3 1.00053
123 4 1.00053
123 5 1.00053
123 6 1.00053
123 7 1.00053
123 8 1.00053
123 9 1.00053
123 10 1.00053
123 11 1.00052
123 12 1.00052
123 13 1.00052
123 14 1.00051
123 15 1.00051
123 16 1.0005
123 17 1.0005
123 18 1.00049
123 19 1.00049
123 20 1.00048
123 21 1.00048
123 22 1.00047
123 23 1.00046
123 24 1.00045
123 25 1.00045
123 26 1.00044
123 27 1.00043
123 28 1.00042
123 29 1.00042
123 30 1.00041
123 31 1.0004
123 32 1.00039
123 33 1.00038
123 34 1.00037
123 35 1.00036
123 36 1.00035
123 37 1.00034
123 38 1.00032
123 39 1.00031
123 40 1.0003
123 41 1.00029
123 42 1.00027
123 43 1.00026
123 44 1.00024
123 45 1.00023
123 46 1.00021
123 47 1.0002
123 48 1.00018
123 49 1.00016
123 50 1.00015
123 51 1.00013
123 52 1.00011
123 53 1.00009
123 54 1.00007
123 55 1.00005
123 56 1.00002
123 57 1
123 58 0.999979
123 59 0.999955
123 60 0.999931
123 61 0.999906
123 62 0.99988
123 63 0.999854
123 64 0.999827
123 65 0.999799
123 66 0.999771
123 67 0.999742
123 68 0.999713
123 69 0.999683
123 70 0.999652
123 71 0.999621
123 72 0.999589
123 73 0.999557
123 74 0.999524
123 75 0.999491
123 76 0.999457
123 77 0.999423
123 78 0.999388
123 79 0.999353
123 80 0.999319
123 81 0.999284
123 82 0.99925
123 83 0.999216
123 84 0.999183
123 85 0.999152
123 86 0.999122
123 87 0.999094
123 88 0.999069
123 89 0.999048
123 90 0.999031
123 91 0.999018
123 92 0.999011
123 93 0.999011
123 94 0.999017
123 95 0.999033
123 96 0.999058
123 97 0.999093
123 98 0.99914
123 99 0.999201
123 100 0.999276
123 101 0.999367
123 102 0.999475
123 103 0.999603
123 104 0.999753
123 105 0.999925
123 106 1.00012
123 107 1.00035
123 108 1.00061
123 109 1.00089
123 110 1.00121
123 111 1.0016
123 112 1.00203
123 113 1.00246
123 114 1.00295
123 115 1.00364
123 116 1.00438
123 117 1.00491
123 118 1.00564
123 119 1.00713
123 120 1.00851
123 121 1.00868
123 122 1.00973
123 123 1.0137
123 124 1.01608
123 125 1.01106
123 126 1.0137
123 127 1.01847

124 0 0
124 1 1.00053
124 2 1.00053
124 3 1.00053
124 4 1.00053
124 5 1.00054
124 6 1.00053
124 7 1.00053
124 8 1.00053
124 9 1.00053
124 10 1.00053
124 11 1.00052
124 12 1.00052
124 13 1.00052
124 14 1.00051
124 15 1.00051
124 16 1.0005
124 17 1.0005
124 18 1.00049
124 19 1.00049
124 20 1.00048
124 21 1.00048
124 22 1.00047
124 23 1.00046
124 24 1.00046
124 25 1.00045
124 26 1.00044
124 27 1.00043
124 28 1.00042
124 29 1.00042
124 30 1.00041
124 31 1.0004
124 32 1.00039
124 33 1.00038
124 34 1.00037
124 35 1.00036
124 36 1.00035
124 37 1.00034
124 38 1.00032
124 39 1.00031
124 40 1.0003
124 41 1.00029
124 42 1.00027
124 43 1.00026
124 44 1.00025
124 45 1.00023
124 46 1.00021
124 47 1.0002
124 48 1.00018
124 49 1.00016
124 50 1.00015
124 51 1.00013
124 52 1.00011
124 53 1.00009
124 54 1.00007
124 55 1.00005
124 56 1.00002
124 57 1
124 58 0.999977
124 59 0.999953
124 60 0.999928
124 61 0.999902
124 62 0.999876
124 63 0.999849
124 64 0.999821
124 65 0.999793
124 66 0.999764
124 67 0.999734
124 68 0.999703
124 69 0.999672
124 70 0.999641
124 71 0.999608
124 72 0.999575
124 73 0.999541
124 74 0.999507
124 75 0.999472
124 76 0.999437
124 77 0.999401
124 78 0.999365
124 79 0.999329
124 80 0.999293
124 81 0.999257
124 82 0.999222
124 83 0.999187
124 84 0.999153
124 85 0.999121
124 86 0.999091
124 87 0.999063
124 88 0.999038
124 89 0.999017
124 90 0.998999
124 91 0.998987
124 92 0.998981
124 93 0.998981
124 94 0.998989
124 95 0.999006
124 96 0.999032
124 97 0.999069
124 98 0.999119
124 99 0.999181
124 100 0.999258
124 101 0.999352
124 102 0.999463
124 103 0.999594
124 104 0.999745
124 105 0.999921
124 106 1.00012
124 107 1.00035
124 108 1.00061
124 109 1.00091
124 110 1.00124
124 111 1.00162
124 112 1.00203
124 113 1.00251
124 114 1.00307
124 115 1.00368
124 116 1.00432
124 117 1.00511
124 118 1.00609
124 119 1.0072
124 120 1.00817
124 121 1.00944
124 122 1.01152
124 123 1.01479
124 124 1.01602
124 125 1.01617
124 126 1.02024
124 127 1.01947

125 0 0
125 1 1.00053
125 2 1.00053
125 3 1.00053
125 4 1.00053
125 5 1.00053
125 6 1.00053
125 7 1.00053
125 8 1.00053
125 9 1.00053
125 10 1.00053
125 11 1.00052
125 12 1.00052
125 13 1.00052
125 14 1.00051
125 15 1.00051
125 16 1.0005
125 17 1.0005
125 18 1.00049
125 19 1.00049
125 20 1.00048
125 21 1.00048
125 22 1.00047
125 23 1.00046
125 24 1.00046
125 25 1.00045
125 26 1.00044
125 27 1.00043
125 28 1.00042
125 29 1.00042
125 30 1.00041
125 31 1.0004
125 32 1.00039
125 33 1.00038
125 34 1.00037
125 35 1.00036
125 36 1.00035
125 37 1.00034
125 38 1.00032
125 39 1.00031
125 40 1.0003
125 41 1.00029
125 42 1.00027
125 43 1.00026
125 44 1.00025
125 45 1.00023
125 46 1.00022
125 47 1.0002
125 48 1.00018
125 49 1.00016
125 50 1.00015
125 51 1.00013
125 52 1.00011
125 53 1.00009
125 54 1.00007
125 55 1.00005
125 56 1.00002
125 57 1
125 58 0.999976
125 59 0.999951
125 60 0.999925
125 61 0.999899
125 62 0.999872
125 63 0.999844
125 64 0.999816
125 65 0.999787
125 66 0.999757
125 67 0.999726
125 68 0.999695
125 69 0.999662
125 70 0.999629
125 71 0.999596
125 72 0.999561
125 73 0.999526
125 74 0.99949
125 75 0.999454
125 76 0.999417
125 77 0.99938
125 78 0.999342
125 79 0.999304
125 80 0.999266
125 81 0.999229
125 82 0.999191
125 83 0.999155
125 84 0.99912
125 85 0.999086
125 86 0.999054
125 87 0.999025
125 88 0.998999
125 89 0.998977
125 90 0.998959
125 91 0.998946
125 92 0.998939
125 93 0.998939
125 94 0.998946
125 95 0.998963
125 96 0.998989
125 97 0.999026
125 98 0.999076
125 99 0.999139
125 100 0.999216
125 101 0.99931
125 102 0.999422
125 103 0.999554
125 104 0.999706
125 105 0.999884
125 106 1.00009
125 107 1.00032
125 108 1.00058
125 109 1.00088
125 110 1.00122
125 111 1.00159
125 112 1.002
125 113 1.00252
125 114 1.00308
125 115 1.00359
125 116 1.00427
125 117 1.00535
125 118 1.00619
125 119 1.00665
125 120 1.00809
125 121 1.01137
125 122 1.01221
125 123 1.01102
125 124 1.01586
125 125 1.03293
125 126 1.02917
125 127 1.00399

126 0 0
126 1 1.00052
126 2 1.00053
126 3 1.00054
126 4 1.00054
126 5 1.00053
126 6 1.00053
126 7 1.00053
126 8 1.00053
126 9 1.00053
126 10 1.00053
126 11 1.00052
126 12 1.00052
126 13 1.00052
126 14 1.00051
126 15 1.00051
126 16 1.0005
126 17 1.0005
126 18 1.00049
126 19 1.00049
126 20 1.00048
126 21 1.00048
126 22 1.00047
126 23 1.00046
126 24 1.00045
126 25 1.00045
126 26 1.00044
126 27 1.00043
126 28 1.00042
126 29 1.00042
126 30 1.00041
126 31 1.0004
126 32 1.00039
126 33 1.00038
126 34 1.00037
126 35 1.00036
126 36 1.00035
126 37 1.00034
126 38 1.00032
126 39 1.00031
126 40 1.0003
126 41 1.00029
126 42 1.00027
126 43 1.00026
126 44 1.00025
126 45 1.00023
126 46 1.00022
126 47 1.0002
126 48 1.00018
126 49 1.00017
126 50 1.00015
126 51 1.00013
126 52 1.00011
126 53 1.00009
126 54 1.00007
126 55 1.00004
126 56 1.00002
126 57 0.999999
126 58 0.999974
126 59 0.999949
126 60 0.999923
126 61 0.999896
126 62 0.999869
126 63 0.99984
126 64 0.999811
126 65 0.999781
126 66 0.99975
126 67 0.999719
126 68 0.999686
126 69 0.999653
126 70 0.999619
126 71 0.999584
126 72 0.999548
126 73 0.999512
126 74 0.999474
126 75 0.999436
126 76 0.999398
126 77 0.999358
126 78 0.999319
126 79 0.999279
126 80 0.999239
126 81 0.999199
126 82 0.99916
126 83 0.999122
126 84 0.999084
126 85 0.999048
126 86 0.999014
126 87 0.998983
126 88 0.998955
126 89 0.998931
126 90 0.998911
126 91 0.998896
126 92 0.998887
126 93 0.998885
126 94 0.998892
126 95 0.998906
126 96 0.998931
126 97 0.998967
126 98 0.999015
126 99 0.999077
126 100 0.999154
126 101 0.999247
126 102 0.999357
126 103 0.999488
126 104 0.999641
126 105 0.999816
126 106 1.00002
126 107 1.00025
126 108 1.00051
126 109 1.0008
126 110 1.00113
126 111 1.00153
126 112 1.00195
126 113 1.0024
126 114 1.00294
126 115 1.00364
126 116 1.00429
126 117 1.00489
126 118 1.00598
126 119 1.00747
126 120 1.00813
126 121 1.00885
126 122 1.01242
126 123 1.01669
126 124 1.01522
126 125 1.01899
126 126 1.03752
126 127 1.06691

127 0 0
127 1 0
127 2 0
127 3 0
127 4 0
127 5 0
127 6 0
127 7 0
127 8 0
127 9 0
127 10 0
127 11 0
127 12 0
127 13 0
127 14 0
127 15 0
127 16 0
127 17 0
127 18 0
127 19 0
127 20 0
127 21 0
127 22 0
127 23 0
127 24 0
127 25 0
127 26 0
127 27 0
127 28 0
127 29 0
127 30 0
127 31 0
127 32 0
127 33 0
127 34 0
127 35 0
127 36 0
127 37 0
127 38 0
127 39 0
127 40 0
127 41 0
127 42 0
127 43 0
127 44 0
127 45 0
127 46 0
127 47 0
127 48 0
127 49 0
127 50 0
127 51 0
127 52 0
127 53 0
127 54 0
127 55 0
127 56 0
127 57 0
127 58 0
127 59 0
127 60 0
127 61 0
127 62 0
127 63 0
127 64 0
127 65 0
127 66 0
127 67 0
127 68 0
127 69 0
127 70 0
127 71 0
127 72 0
127 73 0
127 74 0
127 75 0
127 76 0
127 77 0
127 78 0
127 79 0
127 80 0
127 81 0
127 82 0
127 83 0
127 84 0
127 85 0
127 86 0
127 87 0
127 88 0
127 89 0
127 90 0
127 91 0
127 92 0
127 93 0
127 94 0
127 95 0
127 96 0
127 97 0
127 98 0
127 99 0
127 100 0
127 101 0
127 102 0
127 103 0
127 104 0
127 105 0
127 106 0
127 107 0
127 108 0
127 109 0
127 110 0
127 111 0
127 112 0
127 113 0
127 114 0
127 115 0
127 116 0
127 117 0
127 118 0
127 119 0
127 120 0
127 121 0
127 122 0
127 123 0
127 124 0
127 125 0
127 126 0
127 127 0

