0 0 0
0 1 0
0 2 0
0 3 0
0 4 0
0 5 0
0 6 0
0 7 0
0 8 0
0 9 0
0 10 0
0 11 0
0 12 0
0 13 0
0 14 0
0 15 0
0 16 0
0 17 0
0 18 0
0 19 0
0 20 0
0 21 0
0 22 0
0 23 0
0 24 0
0 25 0
0 26 0
0 27 0
0 28 0
0 29 0
0 30 0
0 31 0
0 32 0
0 33 0
0 34 0
0 35 0
0 36 0
0 37 0
0 38 0
0 39 0
0 40 0
0 41 0
0 42 0
0 43 0
0 44 0
0 45 0
0 46 0
0 47 0
0 48 0
0 49 0
0 50 0
0 51 0
0 52 0
0 53 0
0 54 0
0 55 0
0 56 0
0 57 0
0 58 0
0 59 0
0 60 0
0 61 0
0 62 0
0 63 0
0 64 0
0 65 0
0 66 0
0 67 0
0 68 0
0 69 0
0 70 0
0 71 0
0 72 0
0 73 0
0 74 0
0 75 0
0 76 0
0 77 0
0 78 0
0 79 0
0 80 0
0 81 0
0 82 0
0 83 0
0 84 0
0 85 0
0 86 0
0 87 0
0 88 0
0 89 0
0 90 0
0 91 0
0 92 0
0 93 0
0 94 0
0 95 0
0 96 0
0 97 0
0 98 0
0 99 0
0 100 0
0 101 0
0 102 0
0 103 0
0 104 0
0 105 0
0 106 0
0 107 0
0 108 0
0 109 0
0 110 0
0 111 0
0 112 0
0 113 0
0 114 0
0 115 0
0 116 0
0 117 0
0 118 0
0 119 0
0 120 0
0 121 0
0 122 0
0 123 0
0 124 0
0 125 0
0 126 0
0 127 0

1 0 0
1 1 1.0005
1 2 1.00049
1 3 1.00049
1 4 1.00049
1 5 1.00049
1 6 1.0005
1 7 1.0005
1 8 1.0005
1 9 1.0005
1 10 1.0005
1 11 1.0005
1 12 1.0005
1 13 1.0005
1 14 1.0005
1 15 1.0005
1 16 1.0005
1 17 1.0005
1 18 1.00051
1 19 1.00051
1 20 1.00051
1 21 1.00051
1 22 1.00051
1 23 1.0005
1 24 1.0005
1 25 1.0005
1 26 1.0005
1 27 1.0005
1 28 1.0005
1 29 1.0005
1 30 1.00049
1 31 1.00049
1 32 1.00049
1 33 1.00048
1 34 1.00048
1 35 1.00047
1 36 1.00047
1 37 1.00046
1 38 1.00045
1 39 1.00045
1 40 1.00044
1 41 1.00043
1 42 1.00042
1 43 1.00041
1 44 1.0004
1 45 1.00039
1 46 1.00038
1 47 1.00037
1 48 1.00036
1 49 1.00034
1 50 1.00033
1 51 1.00032
1 52 1.0003
1 53 1.00029
1 54 1.00027
1 55 1.00025
1 56 1.00024
1 57 1.00022
1 58 1.0002
1 59 1.00019
1 60 1.00017
1 61 1.00015
1 62 1.00013
1 63 1.00011
1 64 1.00009
1 65 1.00007
1 66 1.00005
1 67 1.00003
1 68 1.00001
1 69 0.999996
1 70 0.999976
1 71 0.999957
1 72 0.999938
1 73 0.999919
1 74 0.999901
1 75 0.999882
1 76 0.999864
1 77 0.999846
1 78 0.999829
1 79 0.999812
1 80 0.999795
1 81 0.999779
1 82 0.999763
1 83 0.999747
1 84 0.999732
1 85 0.999717
1 86 0.999703
1 87 0.999689
1 88 0.999676
1 89 0.999663
1 90 0.99965
1 91 0.999638
1 92 0.999626
1 93 0.999614
1 94 0.999603
1 95 0.999592
1 96 0.999582
1 97 0.999571
1 98 0.999561
1 99 0.99955
1 100 0.99954
1 101 0.999529
1 102 0.999519
1 103 0.999508
1 104 0.999497
1 105 0.999484
1 106 0.999471
1 107 0.999459
1 108 0.999443
1 109 0.999421
1 110 0.999403
1 111 0.999388
1 112 0.999348
1 113 0.999299
1 114 0.99929
1 115 0.999255
1 116 0.999094
1 117 0.999016
1 118 0.999106
1 119 0.998822
1 120 0.998142
1 121 0.998431
1 122 0.99879
1 123 0.996156
1 124 0.994138
1 125 0.996754
1 126 0.994067
1 127 0.971886

2 0 0
2 1 1.00049
2 2 1.00049
2 3 1.00049
2 4 1.00049
2 5 1.00049
2 6 1.0005
2 7 1.0005
2 8 1.0005
2 9 1.0005
2 10 1.0005
2 11 1.0005
2 12 1.0005
2 13 1.0005
2 14 1.0005
2 15 1.0005
2 16 1.0005
2 17 1.0005
2 18 1.0005
2 19 1.0005
2 20 1.0005
2 21 1.0005
2 22 1.0005
2 23 1.0005
2 24 1.0005
2 25 1.0005
2 26 1.0005
2 27 1.0005
2 28 1.00049
2 29 1.00049
2 30 1.00049
2 31 1.00049
2 32 1.00048
2 33 1.00048
2 34 1.00047
2 35 1.00047
2 36 1.00046
2 37 1.00046
2 38 1.00045
2 39 1.00044
2 40 1.00043
2 41 1.00043
2 42 1.00042
2 43 1.00041
2 44 1.0004
2 45 1.00039
2 46 1.00038
2 47 1.00036
2 48 1.00035
2 49 1.00034
2 50 1.00033
2 51 1.00031
2 52 1.0003
2 53 1.00028
2 54 1.00027
2 55 1.00025
2 56 1.00023
2 57 1.00022
2 58 1.0002
2 59 1.00018
2 60 1.00016
2 61 1.00015
2 62 1.00013
2 63 1.00011
2 64 1.00009
2 65 1.00007
2 66 1.00005
2 67 1.00003
2 68 1.00001
2 69 0.999994
2 70 0.999975
2 71 0.999956
2 72 0.999937
2 73 0.999918
2 74 0.9999
2 75 0.999882
2 76 0.999864
2 77 0.999846
2 78 0.999829
2 79 0.999812
2 80 0.999796
2 81 0.999779
2 82 0.999764
2 83 0.999748
2 84 0.999733
2 85 0.999719
2 86 0.999704
2 87 0.999691
2 88 0.999677
2 89 0.999664
2 90 0.999651
2 91 0.999639
2 92 0.999627
2 93 0.999616
2 94 0.999604
2 95 0.999593
2 96 0.999582
2 97 0.999571
2 98 0.99956
2 99 0.99955
2 100 0.999539
2 101 0.999528
2 102 0.999517
2 103 0.999504
2 104 0.999492
2 105 0.99948
2 106 0.999465
2 107 0.999447
2 108 0.99943
2 109 0.999415
2 110 0.999385
2 111 0.99935
2 112 0.999336
2 113 0.999308
2 114 0.999203
2 115 0.999146
2 116 0.999195
2 117 0.999032
2 118 0.998579
2 119 0.998758
2 120 0.999116
2 121 0.997628
2 122 0.995948
2 123 0.998999
2 124 0.999584
2 125 0.985629
2 126 0.984875
2 127 1.0127

3 0 0
3 1 1.00049
3 2 1.00049
3 3 1.00049
3 4 1.00049
3 5 1.00049
3 6 1.0005
3 7 1.0005
3 8 1.0005
3 9 1.0005
3 10 1.0005
3 11 1.0005
3 12 1.0005
3 13 1.0005
3 14 1.0005
3 15 1.0005
3 16 1.0005
3 17 1.0005
3 18 1.0005
3 19 1.0005
3 20 1.0005
3 21 1.0005
3 22 1.0005
3 23 1.0005
3 24 1.0005
3 25 1.0005
3 26 1.0005
3 27 1.00049
3 28 1.00049
3 29 1.00049
3 30 1.00049
3 31 1.00048
3 32 1.00048
3 33 1.00047
3 34 1.00047
3 35 1.00046
3 36 1.00046
3 37 1.00045
3 38 1.00045
3 39 1.00044
3 40 1.00043
3 41 1.00042
3 42 1.00041
3 43 1.0004
3 44 1.00039
3 45 1.00038
3 46 1.00037
3 47 1.00036
3 48 1.00035
3 49 1.00033
3 50 1.00032
3 51 1.00031
3 52 1.00029
3 53 1.00028
3 54 1.00026
3 55 1.00025
3 56 1.00023
3 57 1.00021
3 58 1.0002
3 59 1.00018
3 60 1.00016
3 61 1.00014
3 62 1.00012
3 63 1.00011
3 64 1.00009
3 65 1.00007
3 66 1.00005
3 67 1.00003
3 68 1.00001
3 69 0.999992
3 70 0.999973
3 71 0.999955
3 72 0.999936
3 73 0.999918
3 74 0.999899
3 75 0.999881
3 76 0.999864
3 77 0.999846
3 78 0.999829
3 79 0.999812
3 80 0.999796
3 81 0.99978
3 82 0.999764
3 83 0.999749
3 84 0.999734
3 85 0.99972
3 86 0.999705
3 87 0.999692
3 88 0.999678
3 89 0.999665
3 90 0.999653
3 91 0.99964
3 92 0.999628
3 93 0.999617
3 94 0.999605
3 95 0.999594
3 96 0.999583
3 97 0.999572
3 98 0.99956
3 99 0.999549
3 100 0.999538
3 101 0.999526
3 102 0.999515
3 103 0.999502
3 104 0.999489
3 105 0.999475
3 106 0.99946
3 107 0.999442
3 108 0.999421
3 109 0.999402
3 110 0.99938
3 111 0.999341
3 112 0.999302
3 113 0.999283
3 114 0.999228
3 115 0.999108
3 116 0.999051
3 117 0.999074
3 118 0.998817
3 119 0.998384
3 120 0.998518
3 121 0.998701
3 122 0.997192
3 123 0.995721
3 124 0.997641
3 125 0.997315
3 126 0.990456
3 127 0.999115

4 0 0
4 1 1.00049
4 2 1.00049
4 3 1.00049
4 4 1.00049
4 5 1.0005
4 6 1.0005
4 7 1.0005
4 8 1.0005
4 9 1.0005
4 10 1.0005
4 11 1.0005
4 12 1.0005
4 13 1.0005
4 14 1.0005
4 15 1.0005
4 16 1.0005
4 17 1.0005
4 18 1.0005
4 19 1.0005
4 20 1.0005
4 21 1.0005
4 22 1.0005
4 23 1.0005
4 24 1.0005
4 25 1.0005
4 26 1.00049
4 27 1.00049
4 28 1.00049
4 29 1.00049
4 30 1.00048
4 31 1.00048
4 32 1.00048
4 33 1.00047
4 34 1.00047
4 35 1.00046
4 36 1.00046
4 37 1.00045
4 38 1.00044
4 39 1.00044
4 40 1.00043
4 41 1.00042
4 42 1.00041
4 43 1.0004
4 44 1.00039
4 45 1.00038
4 46 1.00037
4 47 1.00036
4 48 1.00034
4 49 1.00033
4 50 1.00032
4 51 1.0003
4 52 1.00029
4 53 1.00027
4 54 1.00026
4 55 1.00024
4 56 1.00023
4 57 1.00021
4 58 1.00019
4 59 1.00018
4 60 1.00016
4 61 1.00014
4 62 1.00012
4 63 1.0001
4 64 1.00008
4 65 1.00007
4 66 1.00005
4 67 1.00003
4 68 1.00001
4 69 0.999991
4 70 0.999972
4 71 0.999953
4 72 0.999935
4 73 0.999917
4 74 0.999899
4 75 0.999881
4 76 0.999863
4 77 0.999846
4 78 0.999829
4 79 0.999812
4 80 0.999796
4 81 0.99978
4 82 0.999765
4 83 0.99975
4 84 0.999735
4 85 0.99972
4 86 0.999706
4 87 0.999693
4 88 0.999679
4 89 0.999666
4 90 0.999654
4 91 0.999642
4 92 0.99963
4 93 0.999618
4 94 0.999606
4 95 0.999595
4 96 0.999583
4 97 0.999572
4 98 0.999561
4 99 0.99955
4 100 0.999538
4 101 0.999526
4 102 0.999513
4 103 0.999501
4 104 0.999488
4 105 0.999471
4 106 0.999455
4 107 0.99944
4 108 0.999419
4 109 0.999389
4 110 0.999369
4 111 0.999352
4 112 0.999295
4 113 0.999226
4 114 0.999236
4 115 0.999198
4 116 0.998951
4 117 0.998852
4 118 0.999117
4 119 0.998758
4 120 0.997678
4 121 0.998202
4 122 0.999497
4 123 0.996429
4 124 0.99322
4 125 0.999992
4 126 0.99964
4 127 0.994677

5 0 0
5 1 1.00049
5 2 1.00049
5 3 1.00049
5 4 1.00049
5 5 1.0005
5 6 1.0005
5 7 1.0005
5 8 1.0005
5 9 1.0005
5 10 1.0005
5 11 1.0005
5 12 1.0005
5 13 1.0005
5 14 1.0005
5 15 1.0005
5 16 1.0005
5 17 1.0005
5 18 1.0005
5 19 1.0005
5 20 1.0005
5 21 1.0005
5 22 1.0005
5 23 1.0005
5 24 1.0005
5 25 1.00049
5 26 1.00049
5 27 1.00049
5 28 1.00049
5 29 1.00049
5 30 1.00048
5 31 1.00048
5 32 1.00047
5 33 1.00047
5 34 1.00047
5 35 1.00046
5 36 1.00045
5 37 1.00045
5 38 1.00044
5 39 1.00043
5 40 1.00043
5 41 1.00042
5 42 1.00041
5 43 1.0004
5 44 1.00039
5 45 1.00038
5 46 1.00037
5 47 1.00035
5 48 1.00034
5 49 1.00033
5 50 1.00032
5 51 1.0003
5 52 1.00029
5 53 1.00027
5 54 1.00026
5 55 1.00024
5 56 1.00022
5 57 1.00021
5 58 1.00019
5 59 1.00017
5 60 1.00016
5 61 1.00014
5 62 1.00012
5 63 1.0001
5 64 1.00008
5 65 1.00006
5 66 1.00005
5 67 1.00003
5 68 1.00001
5 69 0.999989
5 70 0.999971
5 71 0.999952
5 72 0.999934
5 73 0.999916
5 74 0.999898
5 75 0.99988
5 76 0.999863
5 77 0.999846
5 78 0.999829
5 79 0.999812
5 80 0.999796
5 81 0.99978
5 82 0.999765
5 83 0.99975
5 84 0.999735
5 85 0.999721
5 86 0.999707
5 87 0.999693
5 88 0.99968
5 89 0.999667
5 90 0.999655
5 91 0.999643
5 92 0.999631
5 93 0.999619
5 94 0.999607
5 95 0.999596
5 96 0.999585
5 97 0.999573
5 98 0.999562
5 99 0.99955
5 100 0.999539
5 101 0.999527
5 102 0.999514
5 103 0.999501
5 104 0.999487
5 105 0.999473
5 106 0.999455
5 107 0.999436
5 108 0.99942
5 109 0.999397
5 110 0.99936
5 111 0.999335
5 112 0.99932
5 113 0.999254
5 114 0.999162
5 115 0.99917
5 116 0.999158
5 117 0.998868
5 118 0.998676
5 119 0.999003
5 120 0.998789
5 121 0.99753
5 122 0.997734
5 123 0.999387
5 124 0.996916
5 125 0.995516
5 126 1.00047
5 127 1.00099

6 0 0
6 1 1.00049
6 2 1.00049
6 3 1.00049
6 4 1.0005
6 5 1.0005
6 6 1.0005
6 7 1.0005
6 8 1.0005
6 9 1.0005
6 10 1.0005
6 11 1.0005
6 12 1.0005
6 13 1.0005
6 14 1.0005
6 15 1.0005
6 16 1.0005
6 17 1.0005
6 18 1.0005
6 19 1.0005
6 20 1.0005
6 21 1.0005
6 22 1.0005
6 23 1.0005
6 24 1.0005
6 25 1.00049
6 26 1.00049
6 27 1.00049
6 28 1.00049
6 29 1.00048
6 30 1.00048
6 31 1.00048
6 32 1.00047
6 33 1.00047
6 34 1.00046
6 35 1.00046
6 36 1.00045
6 37 1.00045
6 38 1.00044
6 39 1.00043
6 40 1.00042
6 41 1.00041
6 42 1.00041
6 43 1.0004
6 44 1.00039
6 45 1.00038
6 46 1.00036
6 47 1.00035
6 48 1.00034
6 49 1.00033
6 50 1.00031
6 51 1.0003
6 52 1.00028
6 53 1.00027
6 54 1.00025
6 55 1.00024
6 56 1.00022
6 57 1.00021
6 58 1.00019
6 59 1.00017
6 60 1.00015
6 61 1.00014
6 62 1.00012
6 63 1.0001
6 64 1.00008
6 65 1.00006
6 66 1.00004
6 67 1.00002
6 68 1.00001
6 69 0.999987
6 70 0.999969
6 71 0.999951
6 72 0.999932
6 73 0.999914
6 74 0.999897
6 75 0.999879
6 76 0.999862
6 77 0.999845
6 78 0.999828
6 79 0.999812
6 80 0.999796
6 81 0.99978
6 82 0.999765
6 83 0.99975
6 84 0.999735
6 85 0.999721
6 86 0.999707
6 87 0.999694
6 88 0.999681
6 89 0.999668
6 90 0.999656
6 91 0.999644
6 92 0.999632
6 93 0.99962
6 94 0.999609
6 95 0.999597
6 96 0.999586
6 97 0.999575
6 98 0.999564
6 99 0.999552
6 100 0.99954
6 101 0.999528
6 102 0.999516
6 103 0.999503
6 104 0.999488
6 105 0.999475
6 106 0.99946
6 107 0.999438
6 108 0.999417
6 109 0.999403
6 110 0.999377
6 111 0.999327
6 112 0.999303
6 113 0.999306
6 114 0.999213
6 115 0.999076
6 116 0.999138
6 117 0.999175
6 118 0.998722
6 119 0.998488
6 120 0.999115
6 121 0.998827
6 122 0.997117
6 123 0.998029
6 124 0.999778
6 125 0.997467
6 126 0.998815
6 127 1.00006

7 0 0
7 1 1.00049
7 2 1.00049
7 3 1.0005
7 4 1.0005
7 5 1.0005
7 6 1.0005
7 7 1.0005
7 8 1.0005
7 9 1.0005
7 10 1.0005
7 11 1.0005
7 12 1.0005
7 13 1.0005
7 14 1.0005
7 15 1.0005
7 16 1.0005
7 17 1.0005
7 18 1.0005
7 19 1.0005
7 20 1.0005
7 21 1.0005
7 22 1.0005
7 23 1.0005
7 24 1.00049
7 25 1.00049
7 26 1.00049
7 27 1.00049
7 28 1.00049
7 29 1.00048
7 30 1.00048
7 31 1.00048
7 32 1.00047
7 33 1.00047
7 34 1.00046
7 35 1.00046
7 36 1.00045
7 37 1.00044
7 38 1.00044
7 39 1.00043
7 40 1.00042
7 41 1.00041
7 42 1.0004
7 43 1.00039
7 44 1.00038
7 45 1.00037
7 46 1.00036
7 47 1.00035
7 48 1.00034
7 49 1.00032
7 50 1.00031
7 51 1.0003
7 52 1.00028
7 53 1.00027
7 54 1.00025
7 55 1.00024
7 56 1.00022
7 57 1.0002
7 58 1.00019
7 59 1.00017
7 60 1.00015
7 61 1.00013
7 62 1.00011
7 63 1.0001
7 64 1.00008
7 65 1.00006
7 66 1.00004
7 67 1.00002
7 68 1
7 69 0.999986
7 70 0.999967
7 71 0.999949
7 72 0.999931
7 73 0.999913
7 74 0.999895
7 75 0.999878
7 76 0.99986
7 77 0.999844
7 78 0.999827
7 79 0.999811
7 80 0.999795
7 81 0.999779
7 82 0.999764
7 83 0.99975
7 84 0.999735
7 85 0.999721
7 86 0.999708
7 87 0.999694
7 88 0.999681
7 89 0.999669
7 90 0.999657
7 91 0.999645
7 92 0.999633
7 93 0.999622
7 94 0.99961
7 95 0.999599
7 96 0.999588
7 97 0.999577
7 98 0.999566
7 99 0.999555
7 100 0.999543
7 101 0.999531
7 102 0.999519
7 103 0.999507
7 104 0.999494
7 105 0.999478
7 106 0.999464
7 107 0.999449
7 108 0.999426
7 109 0.9994
7 110 0.999389
7 111 0.999366
7 112 0.999303
7 113 0.99927
7 114 0.999295
7 115 0.999207
7 116 0.999009
7 117 0.999077
7 118 0.999215
7 119 0.998735
7 120 0.998341
7 121 0.999081
7 122 0.998991
7 123 0.997543
7 124 0.998555
7 125 0.99971
7 126 0.998989
7 127 0.999202

8 0 0
8 1 1.00049
8 2 1.00049
8 3 1.0005
8 4 1.0005
8 5 1.0005
8 6 1.0005
8 7 1.0005
8 8 1.0005
8 9 1.0005
8 10 1.0005
8 11 1.0005
8 12 1.0005
8 13 1.0005
8 14 1.0005
8 15 1.0005
8 16 1.0005
8 17 1.0005
8 18 1.0005
8 19 1.0005
8 20 1.0005
8 21 1.0005
8 22 1.0005
8 23 1.0005
8 24 1.00049
8 25 1.00049
8 26 1.00049
8 27 1.00049
8 28 1.00049
8 29 1.00048
8 30 1.00048
8 31 1.00048
8 32 1.00047
8 33 1.00047
8 34 1.00046
8 35 1.00046
8 36 1.00045
8 37 1.00044
8 38 1.00044
8 39 1.00043
8 40 1.00042
8 41 1.00041
8 42 1.0004
8 43 1.00039
8 44 1.00038
8 45 1.00037
8 46 1.00036
8 47 1.00035
8 48 1.00034
8 49 1.00032
8 50 1.00031
8 51 1.0003
8 52 1.00028
8 53 1.00027
8 54 1.00025
8 55 1.00023
8 56 1.00022
8 57 1.0002
8 58 1.00018
8 59 1.00017
8 60 1.00015
8 61 1.00013
8 62 1.00011
8 63 1.00009
8 64 1.00008
8 65 1.00006
8 66 1.00004
8 67 1.00002
8 68 1
8 69 0.999983
8 70 0.999965
8 71 0.999947
8 72 0.999929
8 73 0.999911
8 74 0.999893
8 75 0.999876
8 76 0.999859
8 77 0.999842
8 78 0.999825
8 79 0.999809
8 80 0.999794
8 81 0.999778
8 82 0.999763
8 83 0.999749
8 84 0.999735
8 85 0.999721
8 86 0.999707
8 87 0.999694
8 88 0.999682
8 89 0.999669
8 90 0.999657
8 91 0.999646
8 92 0.999634
8 93 0.999623
8 94 0.999612
8 95 0.999601
8 96 0.99959
8 97 0.99958
8 98 0.999569
8 99 0.999558
8 100 0.999548
8 101 0.999536
8 102 0.999524
8 103 0.999512
8 104 0.999501
8 105 0.999487
8 106 0.99947
8 107 0.999456
8 108 0.999444
8 109 0.999417
8 110 0.999387
8 111 0.999383
8 112 0.999363
8 113 0.999283
8 114 0.999248
8 115 0.999305
8 116 0.999202
8 117 0.998961
8 118 0.999075
8 119 0.99926
8 120 0.998709
8 121 0.998423
8 122 0.99924
8 123 0.998948
8 124 0.998303
8 125 0.999417
8 126 0.999443
8 127 0.999568

9 0 0
9 1 1.00049
9 2 1.0005
9 3 1.0005
9 4 1.0005
9 5 1.0005
9 6 1.0005
9 7 1.0005
9 8 1.0005
9 9 1.0005
9 10 1.0005
9 11 1.0005
9 12 1.0005
9 13 1.0005
9 14 1.0005
9 15 1.0005
9 16 1.0005
9 17 1.0005
9 18 1.0005
9 19 1.0005
9 20 1.0005
9 21 1.0005
9 22 1.0005
9 23 1.0005
9 24 1.00049
9 25 1.00049
9 26 1.00049
9 27 1.00049
9 28 1.00049
9 29 1.00048
9 30 1.00048
9 31 1.00048
9 32 1.00047
9 33 1.00047
9 34 1.00046
9 35 1.00046
9 36 1.00045
9 37 1.00044
9 38 1.00044
9 39 1.00043
9 40 1.00042
9 41 1.00041
9 42 1.0004
9 43 1.00039
9 44 1.00038
9 45 1.00037
9 46 1.00036
9 47 1.00035
9 48 1.00033
9 49 1.00032
9 50 1.00031
9 51 1.00029
9 52 1.00028
9 53 1.00026
9 54 1.00025
9 55 1.00023
9 56 1.00022
9 57 1.0002
9 58 1.00018
9 59 1.00016
9 60 1.00015
9 61 1.00013
9 62 1.00011
9 63 1.00009
9 64 1.00007
9 65 1.00005
9 66 1.00004
9 67 1.00002
9 68 0.999999
9 69 0.999981
9 70 0.999962
9 71 0.999944
9 72 0.999926
9 73 0.999908
9 74 0.999891
9 75 0.999873
9 76 0.999856
9 77 0.99984
9 78 0.999823
9 79 0.999808
9 80 0.999792
9 81 0.999777
9 82 0.999762
9 83 0.999748
9 84 0.999734
9 85 0.99972
9 86 0.999707
9 87 0.999694
9 88 0.999682
9 89 0.99967
9 90 0.999658
9 91 0.999647
9 92 0.999636
9 93 0.999625
9 94 0.999614
9 95 0.999604
9 96 0.999593
9 97 0.999583
9 98 0.999573
9 99 0.999563
9 100 0.999553
9 101 0.999542
9 102 0.999532
9 103 0.99952
9 104 0.999508
9 105 0.999498
9 106 0.999485
9 107 0.999466
9 108 0.999453
9 109 0.999445
9 110 0.999417
9 111 0.99938
9 112 0.999384
9 113 0.999377
9 114 0.999279
9 115 0.99923
9 116 0.999327
9 117 0.999242
9 118 0.998949
9 119 0.999076
9 120 0.999333
9 121 0.998816
9 122 0.998647
9 123 0.999365
9 124 0.999186
9 125 0.999001
9 126 0.999569
9 127 0.999957

10 0 0
10 1 1.0005
10 2 1.0005
10 3 1.0005
10 4 1.0005
10 5 1.0005
10 6 1.0005
10 7 1.0005
10 8 1.0005
10 9 1.0005
10 10 1.0005
10 11 1.0005
10 12 1.0005
10 13 1.0005
10 14 1.0005
10 15 1.0005
10 16 1.0005
10 17 1.0005
10 18 1.0005
10 19 1.0005
10 20 1.0005
10 21 1.0005
10 22 1.0005
10 23 1.0005
10 24 1.00049
10 25 1.00049
10 26 1.00049
10 27 1.00049
10 28 1.00049
10 29 1.00048
10 30 1.00048
10 31 1.00048
10 32 1.00047
10 33 1.00047
10 34 1.00046
10 35 1.00046
10 36 1.00045
10 37 1.00044
10 38 1.00044
10 39 1.00043
10 40 1.00042
10 41 1.00041
10 42 1.0004
10 43 1.00039
10 44 1.00038
10 45 1.00037
10 46 1.00036
10 47 1.00035
10 48 1.00033
10 49 1.00032
10 50 1.00031
10 51 1.00029
10 52 1.00028
10 53 1.00026
10 54 1.00025
10 55 1.00023
10 56 1.00021
10 57 1.0002
10 58 1.00018
10 59 1.00016
10 60 1.00014
10 61 1.00013
10 62 1.00011
10 63 1.00009
10 64 1.00007
10 65 1.00005
10 66 1.00003
10 67 1.00001
10 68 0.999996
10 69 0.999978
10 70 0.999959
10 71 0.999941
10 72 0.999923
10 73 0.999905
10 74 0.999888
10 75 0.99987
10 76 0.999854
10 77 0.999837
10 78 0.999821
10 79 0.999805
10 80 0.99979
10 81 0.999775
10 82 0.99976
10 83 0.999746
10 84 0.999732
10 85 0.999719
10 86 0.999706
10 87 0.999694
10 88 0.999681
10 89 0.99967
10 90 0.999659
10 91 0.999648
10 92 0.999637
10 93 0.999627
10 94 0.999616
10 95 0.999607
10 96 0.999597
10 97 0.999587
10 98 0.999578
10 99 0.999569
10 100 0.999559
10 101 0.999549
10 102 0.99954
10 103 0.999531
10 104 0.999519
10 105 0.999508
10 106 0.9995
10 107 0.999488
10 108 0.999468
10 109 0.999456
10 110 0.999454
10 111 0.999425
10 112 0.999383
10 113 0.999395
10 114 0.999399
10 115 0.999291
10 116 0.999241
10 117 0.999359
10 118 0.999276
10 119 0.999003
10 120 0.999171
10 121 0.999355
10 122 0.998967
10 123 0.999064
10 124 0.999494
10 125 0.999378
10 126 0.999639
10 127 0.999833

11 0 0
11 1 1.0005
11 2 1.0005
11 3 1.0005
11 4 1.0005
11 5 1.0005
11 6 1.0005
11 7 1.0005
11 8 1.0005
11 9 1.0005
11 10 1.0005
11 11 1.0005
11 12 1.0005
11 13 1.0005
11 14 1.0005
11 15 1.0005
11 16 1.0005
11 17 1.0005
11 18 1.0005
11 19 1.0005
11 20 1.0005
11 21 1.0005
11 22 1.0005
11 23 1.0005
11 24 1.0005
11 25 1.00049
11 26 1.00049
11 27 1.00049
11 28 1.00049
11 29 1.00048
11 30 1.00048
11 31 1.00048
11 32 1.00047
11 33 1.00047
11 34 1.00046
11 35 1.00046
11 36 1.00045
11 37 1.00044
11 38 1.00044
11 39 1.00043
11 40 1.00042
11 41 1.00041
11 42 1.0004
11 43 1.00039
11 44 1.00038
11 45 1.00037
11 46 1.00036
11 47 1.00035
11 48 1.00033
11 49 1.00032
11 50 1.00031
11 51 1.00029
11 52 1.00028
11 53 1.00026
11 54 1.00024
11 55 1.00023
11 56 1.00021
11 57 1.00019
11 58 1.00018
11 59 1.00016
11 60 1.00014
11 61 1.00012
11 62 1.0001
11 63 1.00009
11 64 1.00007
11 65 1.00005
11 66 1.00003
11 67 1.00001
11 68 0.999993
11 69 0.999974
11 70 0.999956
11 71 0.999937
11 72 0.999919
11 73 0.999902
11 74 0.999884
11 75 0.999867
11 76 0.99985
11 77 0.999834
11 78 0.999818
11 79 0.999802
11 80 0.999787
11 81 0.999772
11 82 0.999758
11 83 0.999744
11 84 0.99973
11 85 0.999717
11 86 0.999705
11 87 0.999693
11 88 0.999681
11 89 0.99967
11 90 0.999659
11 91 0.999648
11 92 0.999638
11 93 0.999628
11 94 0.999619
11 95 0.99961
11 96 0.999601
11 97 0.999592
11 98 0.999584
11 99 0.999575
11 100 0.999567
11 101 0.999559
11 102 0.99955
11 103 0.999542
11 104 0.999534
11 105 0.999523
11 106 0.999512
11 107 0.999507
11 108 0.999498
11 109 0.999476
11 110 0.999466
11 111 0.999473
11 112 0.999444
11 113 0.999395
11 114 0.999417
11 115 0.999438
11 116 0.999321
11 117 0.99927
11 118 0.999412
11 119 0.999334
11 120 0.999102
11 121 0.999298
11 122 0.99944
11 123 0.9992
11 124 0.999382
11 125 0.999664
11 126 0.999776
11 127 0.999895

12 0 0
12 1 1.0005
12 2 1.0005
12 3 1.0005
12 4 1.0005
12 5 1.0005
12 6 1.0005
12 7 1.0005
12 8 1.0005
12 9 1.0005
12 10 1.0005
12 11 1.0005
12 12 1.0005
12 13 1.0005
12 14 1.0005
12 15 1.0005
12 16 1.0005
12 17 1.0005
12 18 1.0005
12 19 1.0005
12 20 1.0005
12 21 1.0005
12 22 1.0005
12 23 1.0005
12 24 1.0005
12 25 1.00049
12 26 1.00049
12 27 1.00049
12 28 1.00049
12 29 1.00048
12 30 1.00048
12 31 1.00048
12 32 1.00047
12 33 1.00047
12 34 1.00046
12 35 1.00046
12 36 1.00045
12 37 1.00044
12 38 1.00044
12 39 1.00043
12 40 1.00042
12 41 1.00041
12 42 1.0004
12 43 1.00039
12 44 1.00038
12 45 1.00037
12 46 1.00036
12 47 1.00034
12 48 1.00033
12 49 1.00032
12 50 1.0003
12 51 1.00029
12 52 1.00027
12 53 1.00026
12 54 1.00024
12 55 1.00023
12 56 1.00021
12 57 1.00019
12 58 1.00017
12 59 1.00016
12 60 1.00014
12 61 1.00012
12 62 1.0001
12 63 1.00008
12 64 1.00006
12 65 1.00004
12 66 1.00003
12 67 1.00001
12 68 0.999988
12 69 0.99997
12 70 0.999951
12 71 0.999933
12 72 0.999915
12 73 0.999897
12 74 0.99988
12 75 0.999863
12 76 0.999846
12 77 0.99983
12 78 0.999814
12 79 0.999798
12 80 0.999783
12 81 0.999768
12 82 0.999754
12 83 0.999741
12 84 0.999728
12 85 0.999715
12 86 0.999703
12 87 0.999691
12 88 0.99968
12 89 0.999669
12 90 0.999659
12 91 0.999649
12 92 0.999639
12 93 0.99963
12 94 0.999622
12 95 0.999613
12 96 0.999605
12 97 0.999597
12 98 0.99959
12 99 0.999582
12 100 0.999575
12 101 0.999569
12 102 0.999562
12 103 0.999554
12 104 0.999548
12 105 0.999542
12 106 0.999533
12 107 0.999523
12 108 0.999521
12 109 0.999515
12 110 0.999493
12 111 0.999485
12 112 0.9995
12 113 0.999474
12 114 0.999423
12 115 0.999452
12 116 0.999481
12 117 0.999372
12 118 0.999339
12 119 0.99947
12 120 0.999398
12 121 0.99927
12 122 0.999456
12 123 0.99952
12 124 0.999496
12 125 0.9997
12 126 0.999856
12 127 1.00001

13 0 0
13 1 1.0005
13 2 1.0005
13 3 1.0005
13 4 1.0005
13 5 1.0005
13 6 1.0005
13 7 1.0005
13 8 1.0005
13 9 1.0005
13 10 1.0005
13 11 1.0005
13 12 1.0005
13 13 1.0005
13 14 1.0005
13 15 1.0005
13 16 1.0005
13 17 1.0005
13 18 1.0005
13 19 1.0005
13 20 1.0005
13 21 1.0005
13 22 1.0005
13 23 1.0005
13 24 1.0005
13 25 1.0005
13 26 1.00049
13 27 1.00049
13 28 1.00049
13 29 1.00048
13 30 1.00048
13 31 1.00048
13 32 1.00047
13 33 1.00047
13 34 1.00046
13 35 1.00046
13 36 1.00045
13 37 1.00044
13 38 1.00044
13 39 1.00043
13 40 1.00042
13 41 1.00041
13 42 1.0004
13 43 1.00039
13 44 1.00038
13 45 1.00037
13 46 1.00036
13 47 1.00034
13 48 1.00033
13 49 1.00032
13 50 1.0003
13 51 1.00029
13 52 1.00027
13 53 1.00026
13 54 1.00024
13 55 1.00022
13 56 1.00021
13 57 1.00019
13 58 1.00017
13 59 1.00015
13 60 1.00013
13 61 1.00012
13 62 1.0001
13 63 1.00008
13 64 1.00006
13 65 1.00004
13 66 1.00002
13 67 1
13 68 0.999984
13 69 0.999965
13 70 0.999946
13 71 0.999928
13 72 0.99991
13 73 0.999892
13 74 0.999875
13 75 0.999858
13 76 0.999841
13 77 0.999825
13 78 0.999809
13 79 0.999793
13 80 0.999779
13 81 0.999764
13 82 0.99975
13 83 0.999737
13 84 0.999724
13 85 0.999712
13 86 0.9997
13 87 0.999689
13 88 0.999678
13 89 0.999668
13 90 0.999658
13 91 0.999649
13 92 0.99964
13 93 0.999632
13 94 0.999624
13 95 0.999617
13 96 0.99961
13 97 0.999603
13 98 0.999597
13 99 0.999591
13 100 0.999584
13 101 0.999579
13 102 0.999574
13 103 0.999569
13 104 0.999563
13 105 0.999559
13 106 0.999556
13 107 0.999549
13 108 0.99954
13 109 0.999543
13 110 0.999541
13 111 0.999519
13 112 0.999514
13 113 0.999537
13 114 0.999515
13 115 0.999464
13 116 0.999503
13 117 0.999535
13 118 0.999436
13 119 0.99943
13 120 0.99955
13 121 0.999488
13 122 0.99945
13 123 0.999617
13 124 0.999691
13 125 0.999758
13 126 0.999915
13 127 1.00007

14 0 0
14 1 1.0005
14 2 1.0005
14 3 1.0005
14 4 1.0005
14 5 1.0005
14 6 1.0005
14 7 1.0005
14 8 1.0005
14 9 1.0005
14 10 1.0005
14 11 1.0005
14 12 1.00051
14 13 1.00051
14 14 1.00051
14 15 1.00051
14 16 1.00051
14 17 1.00051
14 18 1.00051
14 19 1.0005
14 20 1.0005
14 21 1.0005
14 22 1.0005
14 23 1.0005
14 24 1.0005
14 25 1.0005
14 26 1.00049
14 27 1.00049
14 28 1.00049
14 29 1.00049
14 30 1.00048
14 31 1.00048
14 32 1.00047
14 33 1.00047
14 34 1.00046
14 35 1.00046
14 36 1.00045
14 37 1.00044
14 38 1.00044
14 39 1.00043
14 40 1.00042
14 41 1.00041
14 42 1.0004
14 43 1.00039
14 44 1.00038
14 45 1.00037
14 46 1.00036
14 47 1.00034
14 48 1.00033
14 49 1.00032
14 50 1.0003
14 51 1.00029
14 52 1.00027
14 53 1.00025
14 54 1.00024
14 55 1.00022
14 56 1.0002
14 57 1.00019
14 58 1.00017
14 59 1.00015
14 60 1.00013
14 61 1.00011
14 62 1.00009
14 63 1.00007
14 64 1.00005
14 65 1.00004
14 66 1.00002
14 67 0.999997
14 68 0.999978
14 69 0.999959
14 70 0.999941
14 71 0.999922
14 72 0.999904
14 73 0.999886
14 74 0.999869
14 75 0.999852
14 76 0.999835
14 77 0.999819
14 78 0.999803
14 79 0.999788
14 80 0.999773
14 81 0.999759
14 82 0.999746
14 83 0.999733
14 84 0.99972
14 85 0.999708
14 86 0.999697
14 87 0.999686
14 88 0.999676
14 89 0.999667
14 90 0.999658
14 91 0.999649
14 92 0.999641
14 93 0.999634
14 94 0.999627
14 95 0.99962
14 96 0.999614
14 97 0.999609
14 98 0.999603
14 99 0.999599
14 100 0.999595
14 101 0.99959
14 102 0.999587
14 103 0.999584
14 104 0.999581
14 105 0.999577
14 106 0.999575
14 107 0.999577
14 108 0.999571
14 109 0.999564
14 110 0.999571
14 111 0.999575
14 112 0.999555
14 113 0.999552
14 114 0.999582
14 115 0.999564
14 116 0.999522
14 117 0.999565
14 118 0.999594
14 119 0.999522
14 120 0.999544
14 121 0.999632
14 122 0.999612
14 123 0.999652
14 124 0.999781
14 125 0.999869
14 126 0.999984
14 127 1.00009

15 0 0
15 1 1.0005
15 2 1.0005
15 3 1.0005
15 4 1.0005
15 5 1.0005
15 6 1.0005
15 7 1.0005
15 8 1.0005
15 9 1.00051
15 10 1.00051
15 11 1.00051
15 12 1.00051
15 13 1.00051
15 14 1.00051
15 15 1.00051
15 16 1.00051
15 17 1.00051
15 18 1.00051
15 19 1.00051
15 20 1.00051
15 21 1.0005
15 22 1.0005
15 23 1.0005
15 24 1.0005
15 25 1.0005
15 26 1.0005
15 27 1.00049
15 28 1.00049
15 29 1.00049
15 30 1.00048
15 31 1.00048
15 32 1.00047
15 33 1.00047
15 34 1.00046
15 35 1.00046
15 36 1.00045
15 37 1.00044
15 38 1.00044
15 39 1.00043
15 40 1.00042
15 41 1.00041
15 42 1.0004
15 43 1.00039
15 44 1.00038
15 45 1.00037
15 46 1.00035
15 47 1.00034
15 48 1.00033
15 49 1.00031
15 50 1.0003
15 51 1.00028
15 52 1.00027
15 53 1.00025
15 54 1.00024
15 55 1.00022
15 56 1.0002
15 57 1.00018
15 58 1.00016
15 59 1.00015
15 60 1.00013
15 61 1.00011
15 62 1.00009
15 63 1.00007
15 64 1.00005
15 65 1.00003
15 66 1.00001
15 67 0.999991
15 68 0.999972
15 69 0.999953
15 70 0.999934
15 71 0.999915
15 72 0.999897
15 73 0.999879
15 74 0.999862
15 75 0.999845
15 76 0.999828
15 77 0.999812
15 78 0.999797
15 79 0.999782
15 80 0.999767
15 81 0.999753
15 82 0.99974
15 83 0.999727
15 84 0.999715
15 85 0.999704
15 86 0.999693
15 87 0.999683
15 88 0.999674
15 89 0.999665
15 90 0.999656
15 91 0.999649
15 92 0.999642
15 93 0.999635
15 94 0.999629
15 95 0.999624
15 96 0.999619
15 97 0.999615
15 98 0.999611
15 99 0.999607
15 100 0.999605
15 101 0.999603
15 102 0.999601
15 103 0.999599
15 104 0.999599
15 105 0.999599
15 106 0.999597
15 107 0.999598
15 108 0.999604
15 109 0.999601
15 110 0.999596
15 111 0.999608
15 112 0.999617
15 113 0.999599
15 114 0.999602
15 115 0.999635
15 116 0.999621
15 117 0.999592
15 118 0.99964
15 119 0.999662
15 120 0.99962
15 121 0.999666
15 122 0.99974
15 123 0.999756
15 124 0.999835
15 125 0.999946
15 126 1.00005
15 127 1.00015

16 0 0
16 1 1.0005
16 2 1.0005
16 3 1.0005
16 4 1.0005
16 5 1.0005
16 6 1.00051
16 7 1.00051
16 8 1.00051
16 9 1.00051
16 10 1.00051
16 11 1.00051
16 12 1.00051
16 13 1.00051
16 14 1.00051
16 15 1.00051
16 16 1.00051
16 17 1.00051
16 18 1.00051
16 19 1.00051
16 20 1.00051
16 21 1.00051
16 22 1.00051
16 23 1.0005
16 24 1.0005
16 25 1.0005
16 26 1.0005
16 27 1.0005
16 28 1.00049
16 29 1.00049
16 30 1.00048
16 31 1.00048
16 32 1.00048
16 33 1.00047
16 34 1.00047
16 35 1.00046
16 36 1.00045
16 37 1.00045
16 38 1.00044
16 39 1.00043
16 40 1.00042
16 41 1.00041
16 42 1.0004
16 43 1.00039
16 44 1.00038
16 45 1.00037
16 46 1.00035
16 47 1.00034
16 48 1.00033
16 49 1.00031
16 50 1.0003
16 51 1.00028
16 52 1.00027
16 53 1.00025
16 54 1.00023
16 55 1.00021
16 56 1.0002
16 57 1.00018
16 58 1.00016
16 59 1.00014
16 60 1.00012
16 61 1.0001
16 62 1.00008
16 63 1.00006
16 64 1.00004
16 65 1.00002
16 66 1
16 67 0.999984
16 68 0.999965
16 69 0.999945
16 70 0.999926
16 71 0.999908
16 72 0.999889
16 73 0.999872
16 74 0.999854
16 75 0.999837
16 76 0.999821
16 77 0.999805
16 78 0.999789
16 79 0.999774
16 80 0.99976
16 81 0.999746
16 82 0.999734
16 83 0.999721
16 84 0.99971
16 85 0.999699
16 86 0.999689
16 87 0.999679
16 88 0.99967
16 89 0.999662
16 90 0.999654
16 91 0.999648
16 92 0.999641
16 93 0.999636
16 94 0.999631
16 95 0.999627
16 96 0.999623
16 97 0.99962
16 98 0.999618
16 99 0.999616
16 100 0.999615
16 101 0.999615
16 102 0.999615
16 103 0.999615
16 104 0.999616
16 105 0.99962
16 106 0.999623
16 107 0.999623
16 108 0.999627
16 109 0.999637
16 110 0.999638
16 111 0.999636
16 112 0.999652
16 113 0.999665
16 114 0.999652
16 115 0.99966
16 116 0.999694
16 117 0.999685
16 118 0.999673
16 119 0.999719
16 120 0.99974
16 121 0.999735
16 122 0.999792
16 123 0.999857
16 124 0.999915
16 125 1
16 126 1.0001
16 127 1.0002

17 0 0
17 1 1.0005
17 2 1.0005
17 3 1.0005
17 4 1.00051
17 5 1.00051
17 6 1.00051
17 7 1.00051
17 8 1.00051
17 9 1.00051
17 10 1.00051
17 11 1.00051
17 12 1.00051
17 13 1.00051
17 14 1.00051
17 15 1.00051
17 16 1.00051
17 17 1.00051
17 18 1.00051
17 19 1.00051
17 20 1.00051
17 21 1.00051
17 22 1.00051
17 23 1.00051
17 24 1.0005
17 25 1.0005
17 26 1.0005
17 27 1.0005
17 28 1.00049
17 29 1.00049
17 30 1.00049
17 31 1.00048
17 32 1.00048
17 33 1.00047
17 34 1.00047
17 35 1.00046
17 36 1.00045
17 37 1.00045
17 38 1.00044
17 39 1.00043
17 40 1.00042
17 41 1.00041
17 42 1.0004
17 43 1.00039
17 44 1.00038
17 45 1.00037
17 46 1.00035
17 47 1.00034
17 48 1.00033
17 49 1.00031
17 50 1.0003
17 51 1.00028
17 52 1.00026
17 53 1.00025
17 54 1.00023
17 55 1.00021
17 56 1.00019
17 57 1.00017
17 58 1.00015
17 59 1.00014
17 60 1.00012
17 61 1.0001
17 62 1.00008
17 63 1.00006
17 64 1.00004
17 65 1.00002
17 66 0.999996
17 67 0.999976
17 68 0.999956
17 69 0.999937
17 70 0.999918
17 71 0.999899
17 72 0.999881
17 73 0.999863
17 74 0.999845
17 75 0.999828
17 76 0.999812
17 77 0.999796
17 78 0.999781
17 79 0.999766
17 80 0.999752
17 81 0.999739
17 82 0.999726
17 83 0.999714
17 84 0.999703
17 85 0.999693
17 86 0.999683
17 87 0.999674
17 88 0.999666
17 89 0.999658
17 90 0.999652
17 91 0.999646
17 92 0.999641
17 93 0.999636
17 94 0.999632
17 95 0.99963
17 96 0.999627
17 97 0.999626
17 98 0.999625
17 99 0.999625
17 100 0.999626
17 101 0.999626
17 102 0.999629
17 103 0.999632
17 104 0.999635
17 105 0.999638
17 106 0.999645
17 107 0.999652
17 108 0.999655
17 109 0.999662
17 110 0.999676
17 111 0.999681
17 112 0.999682
17 113 0.999702
17 114 0.999718
17 115 0.999711
17 116 0.999726
17 117 0.999758
17 118 0.999755
17 119 0.99976
17 120 0.999806
17 121 0.99983
17 122 0.999854
17 123 0.999919
17 124 0.999988
17 125 1.00006
17 126 1.00015
17 127 1.00024

18 0 0
18 1 1.0005
18 2 1.00051
18 3 1.00051
18 4 1.00051
18 5 1.00051
18 6 1.00051
18 7 1.00051
18 8 1.00051
18 9 1.00051
18 10 1.00051
18 11 1.00051
18 12 1.00051
18 13 1.00051
18 14 1.00051
18 15 1.00051
18 16 1.00051
18 17 1.00051
18 18 1.00051
18 19 1.00051
18 20 1.00051
18 21 1.00051
18 22 1.00051
18 23 1.00051
18 24 1.00051
18 25 1.0005
18 26 1.0005
18 27 1.0005
18 28 1.0005
18 29 1.00049
18 30 1.00049
18 31 1.00048
18 32 1.00048
18 33 1.00047
18 34 1.00047
18 35 1.00046
18 36 1.00045
18 37 1.00045
18 38 1.00044
18 39 1.00043
18 40 1.00042
18 41 1.00041
18 42 1.0004
18 43 1.00039
18 44 1.00038
18 45 1.00036
18 46 1.00035
18 47 1.00034
18 48 1.00032
18 49 1.00031
18 50 1.00029
18 51 1.00028
18 52 1.00026
18 53 1.00024
18 54 1.00022
18 55 1.00021
18 56 1.00019
18 57 1.00017
18 58 1.00015
18 59 1.00013
18 60 1.00011
18 61 1.00009
18 62 1.00007
18 63 1.00005
18 64 1.00003
18 65 1.00001
18 66 0.999987
18 67 0.999967
18 68 0.999947
18 69 0.999928
18 70 0.999908
18 71 0.999889
18 72 0.999871
18 73 0.999853
18 74 0.999835
18 75 0.999818
18 76 0.999802
18 77 0.999786
18 78 0.999771
18 79 0.999756
18 80 0.999743
18 81 0.99973
18 82 0.999717
18 83 0.999706
18 84 0.999695
18 85 0.999685
18 86 0.999676
18 87 0.999668
18 88 0.999661
18 89 0.999654
18 90 0.999648
18 91 0.999643
18 92 0.999639
18 93 0.999636
18 94 0.999633
18 95 0.999632
18 96 0.999631
18 97 0.999631
18 98 0.999631
18 99 0.999633
18 100 0.999635
18 101 0.999639
18 102 0.999642
18 103 0.999647
18 104 0.999654
18 105 0.99966
18 106 0.999666
18 107 0.999676
18 108 0.999686
18 109 0.999692
18 110 0.999704
18 111 0.999721
18 112 0.999729
18 113 0.999735
18 114 0.999758
18 115 0.999775
18 116 0.999775
18 117 0.999795
18 118 0.999826
18 119 0.999832
18 120 0.999852
18 121 0.999896
18 122 0.99993
18 123 0.999975
18 124 1.00004
18 125 1.00012
18 126 1.00019
18 127 1.00027

19 0 0
19 1 1.00051
19 2 1.00051
19 3 1.00051
19 4 1.00051
19 5 1.00051
19 6 1.00051
19 7 1.00051
19 8 1.00051
19 9 1.00051
19 10 1.00051
19 11 1.00051
19 12 1.00052
19 13 1.00052
19 14 1.00052
19 15 1.00052
19 16 1.00052
19 17 1.00052
19 18 1.00052
19 19 1.00051
19 20 1.00051
19 21 1.00051
19 22 1.00051
19 23 1.00051
19 24 1.00051
19 25 1.00051
19 26 1.0005
19 27 1.0005
19 28 1.0005
19 29 1.00049
19 30 1.00049
19 31 1.00049
19 32 1.00048
19 33 1.00048
19 34 1.00047
19 35 1.00046
19 36 1.00046
19 37 1.00045
19 38 1.00044
19 39 1.00043
19 40 1.00042
19 41 1.00041
19 42 1.0004
19 43 1.00039
19 44 1.00038
19 45 1.00036
19 46 1.00035
19 47 1.00034
19 48 1.00032
19 49 1.00031
19 50 1.00029
19 51 1.00027
19 52 1.00026
19 53 1.00024
19 54 1.00022
19 55 1.0002
19 56 1.00018
19 57 1.00016
19 58 1.00014
19 59 1.00012
19 60 1.0001
19 61 1.00008
19 62 1.00006
19 63 1.00004
19 64 1.00002
19 65 0.999998
19 66 0.999978
19 67 0.999957
19 68 0.999937
19 69 0.999917
19 70 0.999898
19 71 0.999878
19 72 0.99986
19 73 0.999842
19 74 0.999824
19 75 0.999807
19 76 0.999791
19 77 0.999775
19 78 0.99976
19 79 0.999746
19 80 0.999732
19 81 0.999719
19 82 0.999708
19 83 0.999697
19 84 0.999686
19 85 0.999677
19 86 0.999669
19 87 0.999661
19 88 0.999655
19 89 0.999649
19 90 0.999644
19 91 0.99964
19 92 0.999637
19 93 0.999635
19 94 0.999633
19 95 0.999633
19 96 0.999633
19 97 0.999635
19 98 0.999637
19 99 0.99964
19 100 0.999644
19 101 0.99965
19 102 0.999656
19 103 0.999662
19 104 0.99967
19 105 0.99968
19 106 0.999689
19 107 0.999698
19 108 0.999712
19 109 0.999725
19 110 0.999735
19 111 0.99975
19 112 0.99977
19 113 0.999781
19 114 0.999792
19 115 0.999817
19 116 0.999836
19 117 0.999843
19 118 0.999868
19 119 0.999897
19 120 0.999913
19 121 0.999945
19 122 0.99999
19 123 1.00003
19 124 1.00009
19 125 1.00016
19 126 1.00023
19 127 1.00031

20 0 0
20 1 1.00051
20 2 1.00051
20 3 1.00051
20 4 1.00051
20 5 1.00051
20 6 1.00051
20 7 1.00051
20 8 1.00052
20 9 1.00052
20 10 1.00052
20 11 1.00052
20 12 1.00052
20 13 1.00052
20 14 1.00052
20 15 1.00052
20 16 1.00052
20 17 1.00052
20 18 1.00052
20 19 1.00052
20 20 1.00052
20 21 1.00052
20 22 1.00051
20 23 1.00051
20 24 1.00051
20 25 1.00051
20 26 1.00051
20 27 1.0005
20 28 1.0005
20 29 1.0005
20 30 1.00049
20 31 1.00049
20 32 1.00048
20 33 1.00048
20 34 1.00047
20 35 1.00046
20 36 1.00046
20 37 1.00045
20 38 1.00044
20 39 1.00043
20 40 1.00042
20 41 1.00041
20 42 1.0004
20 43 1.00039
20 44 1.00038
20 45 1.00036
20 46 1.00035
20 47 1.00033
20 48 1.00032
20 49 1.0003
20 50 1.00029
20 51 1.00027
20 52 1.00025
20 53 1.00023
20 54 1.00021
20 55 1.0002
20 56 1.00018
20 57 1.00016
20 58 1.00014
20 59 1.00011
20 60 1.00009
20 61 1.00007
20 62 1.00005
20 63 1.00003
20 64 1.00001
20 65 0.999988
20 66 0.999967
20 67 0.999946
20 68 0.999926
20 69 0.999905
20 70 0.999886
20 71 0.999866
20 72 0.999847
20 73 0.999829
20 74 0.999811
20 75 0.999794
20 76 0.999778
20 77 0.999762
20 78 0.999748
20 79 0.999734
20 80 0.99972
20 81 0.999708
20 82 0.999697
20 83 0.999686
20 84 0.999676
20 85 0.999668
20 86 0.99966
20 87 0.999653
20 88 0.999647
20 89 0.999642
20 90 0.999638
20 91 0.999636
20 92 0.999634
20 93 0.999633
20 94 0.999633
20 95 0.999634
20 96 0.999635
20 97 0.999638
20 98 0.999642
20 99 0.999647
20 100 0.999653
20 101 0.99966
20 102 0.999668
20 103 0.999677
20 104 0.999686
20 105 0.999698
20 106 0.999711
20 107 0.999722
20 108 0.999735
20 109 0.999752
20 110 0.999769
20 111 0.999781
20 112 0.9998
20 113 0.999822
20 114 0.999837
20 115 0.999852
20 116 0.999879
20 117 0.999899
20 118 0.999913
20 119 0.999941
20 120 0.999972
20 121 0.999998
20 122 1.00004
20 123 1.00009
20 124 1.00014
20 125 1.0002
20 126 1.00027
20 127 1.00034

21 0 0
21 1 1.00051
21 2 1.00051
21 3 1.00051
21 4 1.00051
21 5 1.00052
21 6 1.00052
21 7 1.00052
21 8 1.00052
21 9 1.00052
21 10 1.00052
21 11 1.00052
21 12 1.00052
21 13 1.00052
21 14 1.00052
21 15 1.00052
21 16 1.00052
21 17 1.00052
21 18 1.00052
21 19 1.00052
21 20 1.00052
21 21 1.00052
21 22 1.00052
21 23 1.00052
21 24 1.00051
21 25 1.00051
21 26 1.00051
21 27 1.00051
21 28 1.0005
21 29 1.0005
21 30 1.00049
21 31 1.00049
21 32 1.00048
21 33 1.00048
21 34 1.00047
21 35 1.00047
21 36 1.00046
21 37 1.00045
21 38 1.00044
21 39 1.00043
21 40 1.00042
21 41 1.00041
21 42 1.0004
21 43 1.00039
21 44 1.00037
21 45 1.00036
21 46 1.00035
21 47 1.00033
21 48 1.00032
21 49 1.0003
21 50 1.00028
21 51 1.00026
21 52 1.00025
21 53 1.00023
21 54 1.00021
21 55 1.00019
21 56 1.00017
21 57 1.00015
21 58 1.00013
21 59 1.00011
21 60 1.00008
21 61 1.00006
21 62 1.00004
21 63 1.00002
21 64 0.999998
21 65 0.999976
21 66 0.999955
21 67 0.999934
21 68 0.999913
21 69 0.999892
21 70 0.999872
21 71 0.999853
21 72 0.999834
21 73 0.999815
21 74 0.999798
21 75 0.999781
21 76 0.999764
21 77 0.999749
21 78 0.999734
21 79 0.99972
21 80 0.999707
21 81 0.999695
21 82 0.999684
21 83 0.999674
21 84 0.999665
21 85 0.999657
21 86 0.99965
21 87 0.999644
21 88 0.999639
21 89 0.999635
21 90 0.999632
21 91 0.99963
21 92 0.999629
21 93 0.999629
21 94 0.999631
21 95 0.999633
21 96 0.999636
21 97 0.999641
21 98 0.999646
21 99 0.999653
21 100 0.999661
21 101 0.999669
21 102 0.999679
21 103 0.99969
21 104 0.999702
21 105 0.999714
21 106 0.999729
21 107 0.999745
21 108 0.99976
21 109 0.999776
21 110 0.999796
21 111 0.999815
21 112 0.999831
21 113 0.999853
21 114 0.999877
21 115 0.999894
21 116 0.999914
21 117 0.999941
21 118 0.999963
21 119 0.999984
21 120 1.00001
21 121 1.00005
21 122 1.00008
21 123 1.00013
21 124 1.00018
21 125 1.00024
21 126 1.0003
21 127 1.00036

22 0 0
22 1 1.00051
22 2 1.00051
22 3 1.00052
22 4 1.00052
22 5 1.00052
22 6 1.00052
22 7 1.00052
22 8 1.00052
22 9 1.00052
22 10 1.00052
22 11 1.00052
22 12 1.00052
22 13 1.00052
22 14 1.00052
22 15 1.00052
22 16 1.00052
22 17 1.00052
22 18 1.00052
22 19 1.00052
22 20 1.00052
22 21 1.00052
22 22 1.00052
22 23 1.00052
22 24 1.00052
22 25 1.00051
22 26 1.00051
22 27 1.00051
22 28 1.0005
22 29 1.0005
22 30 1.0005
22 31 1.00049
22 32 1.00049
22 33 1.00048
22 34 1.00047
22 35 1.00047
22 36 1.00046
22 37 1.00045
22 38 1.00044
22 39 1.00043
22 40 1.00042
22 41 1.00041
22 42 1.0004
22 43 1.00039
22 44 1.00037
22 45 1.00036
22 46 1.00034
22 47 1.00033
22 48 1.00031
22 49 1.0003
22 50 1.00028
22 51 1.00026
22 52 1.00024
22 53 1.00022
22 54 1.0002
22 55 1.00018
22 56 1.00016
22 57 1.00014
22 58 1.00012
22 59 1.0001
22 60 1.00007
22 61 1.00005
22 62 1.00003
22 63 1.00001
22 64 0.999986
22 65 0.999963
22 66 0.999942
22 67 0.99992
22 68 0.999899
22 69 0.999878
22 70 0.999858
22 71 0.999838
22 72 0.999819
22 73 0.9998
22 74 0.999782
22 75 0.999765
22 76 0.999749
22 77 0.999734
22 78 0.999719
22 79 0.999705
22 80 0.999693
22 81 0.999681
22 82 0.99967
22 83 0.999661
22 84 0.999652
22 85 0.999645
22 86 0.999638
22 87 0.999633
22 88 0.999629
22 89 0.999626
22 90 0.999624
22 91 0.999623
22 92 0.999624
22 93 0.999625
22 94 0.999628
22 95 0.999631
22 96 0.999636
22 97 0.999642
22 98 0.999649
22 99 0.999657
22 100 0.999667
22 101 0.999678
22 102 0.999689
22 103 0.999702
22 104 0.999716
22 105 0.999731
22 106 0.999746
22 107 0.999764
22 108 0.999783
22 109 0.999801
22 110 0.99982
22 111 0.999842
22 112 0.999864
22 113 0.999883
22 114 0.999907
22 115 0.999932
22 116 0.999952
22 117 0.999975
22 118 1
22 119 1.00003
22 120 1.00005
22 121 1.00009
22 122 1.00012
22 123 1.00017
22 124 1.00022
22 125 1.00027
22 126 1.00033
22 127 1.00039

23 0 0
23 1 1.00052
23 2 1.00052
23 3 1.00052
23 4 1.00052
23 5 1.00052
23 6 1.00052
23 7 1.00052
23 8 1.00052
23 9 1.00052
23 10 1.00053
23 11 1.00053
23 12 1.00053
23 13 1.00053
23 14 1.00053
23 15 1.00053
23 16 1.00053
23 17 1.00053
23 18 1.00053
23 19 1.00053
23 20 1.00052
23 21 1.00052
23 22 1.00052
23 23 1.00052
23 24 1.00052
23 25 1.00052
23 26 1.00051
23 27 1.00051
23 28 1.00051
23 29 1.0005
23 30 1.0005
23 31 1.00049
23 32 1.00049
23 33 1.00048
23 34 1.00048
23 35 1.00047
23 36 1.00046
23 37 1.00045
23 38 1.00044
23 39 1.00043
23 40 1.00042
23 41 1.00041
23 42 1.0004
23 43 1.00038
23 44 1.00037
23 45 1.00036
23 46 1.00034
23 47 1.00033
23 48 1.00031
23 49 1.00029
23 50 1.00027
23 51 1.00025
23 52 1.00023
23 53 1.00021
23 54 1.00019
23 55 1.00017
23 56 1.00015
23 57 1.00013
23 58 1.00011
23 59 1.00009
23 60 1.00006
23 61 1.00004
23 62 1.00002
23 63 0.999995
23 64 0.999972
23 65 0.999949
23 66 0.999927
23 67 0.999905
23 68 0.999883
23 69 0.999862
23 70 0.999842
23 71 0.999822
23 72 0.999802
23 73 0.999783
23 74 0.999766
23 75 0.999748
23 76 0.999732
23 77 0.999717
23 78 0.999702
23 79 0.999689
23 80 0.999677
23 81 0.999665
23 82 0.999655
23 83 0.999646
23 84 0.999638
23 85 0.999631
23 86 0.999626
23 87 0.999621
23 88 0.999618
23 89 0.999616
23 90 0.999615
23 91 0.999615
23 92 0.999617
23 93 0.999619
23 94 0.999623
23 95 0.999628
23 96 0.999635
23 97 0.999642
23 98 0.999651
23 99 0.999661
23 100 0.999672
23 101 0.999684
23 102 0.999698
23 103 0.999712
23 104 0.999728
23 105 0.999745
23 106 0.999763
23 107 0.999781
23 108 0.999801
23 109 0.999823
23 110 0.999844
23 111 0.999866
23 112 0.99989
23 113 0.999914
23 114 0.999936
23 115 0.999961
23 116 0.999987
23 117 1.00001
23 118 1.00004
23 119 1.00006
23 120 1.00009
23 121 1.00012
23 122 1.00016
23 123 1.0002
23 124 1.00025
23 125 1.0003
23 126 1.00035
23 127 1.00041

24 0 0
24 1 1.00052
24 2 1.00052
24 3 1.00052
24 4 1.00052
24 5 1.00052
24 6 1.00053
24 7 1.00053
24 8 1.00053
24 9 1.00053
24 10 1.00053
24 11 1.00053
24 12 1.00053
24 13 1.00053
24 14 1.00053
24 15 1.00053
24 16 1.00053
24 17 1.00053
24 18 1.00053
24 19 1.00053
24 20 1.00053
24 21 1.00053
24 22 1.00053
24 23 1.00052
24 24 1.00052
24 25 1.00052
24 26 1.00052
24 27 1.00051
24 28 1.00051
24 29 1.00051
24 30 1.0005
24 31 1.0005
24 32 1.00049
24 33 1.00048
24 34 1.00048
24 35 1.00047
24 36 1.00046
24 37 1.00045
24 38 1.00044
24 39 1.00043
24 40 1.00042
24 41 1.00041
24 42 1.0004
24 43 1.00038
24 44 1.00037
24 45 1.00035
24 46 1.00034
24 47 1.00032
24 48 1.0003
24 49 1.00029
24 50 1.00027
24 51 1.00025
24 52 1.00023
24 53 1.00021
24 54 1.00019
24 55 1.00016
24 56 1.00014
24 57 1.00012
24 58 1.0001
24 59 1.00007
24 60 1.00005
24 61 1.00003
24 62 1
24 63 0.99998
24 64 0.999957
24 65 0.999934
24 66 0.999911
24 67 0.999889
24 68 0.999867
24 69 0.999845
24 70 0.999824
24 71 0.999804
24 72 0.999784
24 73 0.999765
24 74 0.999747
24 75 0.99973
24 76 0.999714
24 77 0.999698
24 78 0.999684
24 79 0.999671
24 80 0.999659
24 81 0.999648
24 82 0.999638
24 83 0.99963
24 84 0.999622
24 85 0.999616
24 86 0.999611
24 87 0.999608
24 88 0.999605
24 89 0.999604
24 90 0.999604
24 91 0.999606
24 92 0.999608
24 93 0.999612
24 94 0.999617
24 95 0.999624
24 96 0.999632
24 97 0.999641
24 98 0.999651
24 99 0.999663
24 100 0.999675
24 101 0.999689
24 102 0.999704
24 103 0.999721
24 104 0.999738
24 105 0.999756
24 106 0.999777
24 107 0.999797
24 108 0.999818
24 109 0.999841
24 110 0.999865
24 111 0.999888
24 112 0.999912
24 113 0.999939
24 114 0.999964
24 115 0.999988
24 116 1.00001
24 117 1.00004
24 118 1.00007
24 119 1.00009
24 120 1.00012
24 121 1.00015
24 122 1.00019
24 123 1.00023
24 124 1.00027
24 125 1.00032
24 126 1.00037
24 127 1.00042

25 0 0
25 1 1.00052
25 2 1.00052
25 3 1.00053
25 4 1.00053
25 5 1.00053
25 6 1.00053
25 7 1.00053
25 8 1.00053
25 9 1.00053
25 10 1.00053
25 11 1.00053
25 12 1.00053
25 13 1.00053
25 14 1.00053
25 15 1.00053
25 16 1.00053
25 17 1.00053
25 18 1.00053
25 19 1.00053
25 20 1.00053
25 21 1.00053
25 22 1.00053
25 23 1.00053
25 24 1.00052
25 25 1.00052
25 26 1.00052
25 27 1.00052
25 28 1.00051
25 29 1.00051
25 30 1.0005
25 31 1.0005
25 32 1.00049
25 33 1.00049
25 34 1.00048
25 35 1.00047
25 36 1.00046
25 37 1.00045
25 38 1.00044
25 39 1.00043
25 40 1.00042
25 41 1.00041
25 42 1.00039
25 43 1.00038
25 44 1.00037
25 45 1.00035
25 46 1.00033
25 47 1.00032
25 48 1.0003
25 49 1.00028
25 50 1.00026
25 51 1.00024
25 52 1.00022
25 53 1.0002
25 54 1.00018
25 55 1.00015
25 56 1.00013
25 57 1.00011
25 58 1.00008
25 59 1.00006
25 60 1.00004
25 61 1.00001
25 62 0.999988
25 63 0.999964
25 64 0.99994
25 65 0.999917
25 66 0.999893
25 67 0.99987
25 68 0.999848
25 69 0.999826
25 70 0.999805
25 71 0.999784
25 72 0.999764
25 73 0.999745
25 74 0.999727
25 75 0.99971
25 76 0.999693
25 77 0.999678
25 78 0.999664
25 79 0.999651
25 80 0.999639
25 81 0.999629
25 82 0.99962
25 83 0.999612
25 84 0.999605
25 85 0.999599
25 86 0.999595
25 87 0.999592
25 88 0.999591
25 89 0.999591
25 90 0.999592
25 91 0.999594
25 92 0.999598
25 93 0.999604
25 94 0.99961
25 95 0.999618
25 96 0.999627
25 97 0.999638
25 98 0.999649
25 99 0.999662
25 100 0.999677
25 101 0.999692
25 102 0.999709
25 103 0.999727
25 104 0.999747
25 105 0.999767
25 106 0.999788
25 107 0.999811
25 108 0.999834
25 109 0.999857
25 110 0.999882
25 111 0.999908
25 112 0.999933
25 113 0.999959
25 114 0.999987
25 115 1.00001
25 116 1.00004
25 117 1.00007
25 118 1.00009
25 119 1.00012
25 120 1.00015
25 121 1.00018
25 122 1.00021
25 123 1.00025
25 124 1.00029
25 125 1.00034
25 126 1.00039
25 127 1.00044

26 0 0
26 1 1.00053
26 2 1.00053
26 3 1.00053
26 4 1.00053
26 5 1.00053
26 6 1.00053
26 7 1.00053
26 8 1.00053
26 9 1.00053
26 10 1.00054
26 11 1.00054
26 12 1.00054
26 13 1.00054
26 14 1.00054
26 15 1.00054
26 16 1.00054
26 17 1.00054
26 18 1.00054
26 19 1.00054
26 20 1.00053
26 21 1.00053
26 22 1.00053
26 23 1.00053
26 24 1.00053
26 25 1.00053
26 26 1.00052
26 27 1.00052
26 28 1.00051
26 29 1.00051
26 30 1.00051
26 31 1.0005
26 32 1.00049
26 33 1.00049
26 34 1.00048
26 35 1.00047
26 36 1.00046
26 37 1.00045
26 38 1.00044
26 39 1.00043
26 40 1.00042
26 41 1.00041
26 42 1.00039
26 43 1.00038
26 44 1.00036
26 45 1.00035
26 46 1.00033
26 47 1.00031
26 48 1.00029
26 49 1.00027
26 50 1.00025
26 51 1.00023
26 52 1.00021
26 53 1.00019
26 54 1.00017
26 55 1.00014
26 56 1.00012
26 57 1.0001
26 58 1.00007
26 59 1.00005
26 60 1.00002
26 61 0.999997
26 62 0.999972
26 63 0.999947
26 64 0.999922
26 65 0.999898
26 66 0.999874
26 67 0.999851
26 68 0.999828
26 69 0.999805
26 70 0.999784
26 71 0.999763
26 72 0.999742
26 73 0.999723
26 74 0.999705
26 75 0.999688
26 76 0.999671
26 77 0.999656
26 78 0.999642
26 79 0.99963
26 80 0.999618
26 81 0.999608
26 82 0.999599
26 83 0.999592
26 84 0.999586
26 85 0.999581
26 86 0.999577
26 87 0.999575
26 88 0.999575
26 89 0.999576
26 90 0.999578
26 91 0.999582
26 92 0.999587
26 93 0.999593
26 94 0.999601
26 95 0.99961
26 96 0.999621
26 97 0.999633
26 98 0.999646
26 99 0.999661
26 100 0.999677
26 101 0.999694
26 102 0.999712
26 103 0.999732
26 104 0.999752
26 105 0.999774
26 106 0.999797
26 107 0.999821
26 108 0.999846
26 109 0.999871
26 110 0.999897
26 111 0.999924
26 112 0.999951
26 113 0.999978
26 114 1.00001
26 115 1.00003
26 116 1.00006
26 117 1.00009
26 118 1.00011
26 119 1.00014
26 120 1.00017
26 121 1.0002
26 122 1.00023
26 123 1.00027
26 124 1.00031
26 125 1.00035
26 126 1.0004
26 127 1.00045

27 0 0
27 1 1.00053
27 2 1.00053
27 3 1.00053
27 4 1.00053
27 5 1.00053
27 6 1.00054
27 7 1.00054
27 8 1.00054
27 9 1.00054
27 10 1.00054
27 11 1.00054
27 12 1.00054
27 13 1.00054
27 14 1.00054
27 15 1.00054
27 16 1.00054
27 17 1.00054
27 18 1.00054
27 19 1.00054
27 20 1.00054
27 21 1.00054
27 22 1.00054
27 23 1.00053
27 24 1.00053
27 25 1.00053
27 26 1.00052
27 27 1.00052
27 28 1.00052
27 29 1.00051
27 30 1.00051
27 31 1.0005
27 32 1.0005
27 33 1.00049
27 34 1.00048
27 35 1.00047
27 36 1.00046
27 37 1.00045
27 38 1.00044
27 39 1.00043
27 40 1.00042
27 41 1.0004
27 42 1.00039
27 43 1.00038
27 44 1.00036
27 45 1.00034
27 46 1.00032
27 47 1.00031
27 48 1.00029
27 49 1.00027
27 50 1.00025
27 51 1.00022
27 52 1.0002
27 53 1.00018
27 54 1.00016
27 55 1.00013
27 56 1.00011
27 57 1.00008
27 58 1.00006
27 59 1.00003
27 60 1
27 61 0.999979
27 62 0.999954
27 63 0.999928
27 64 0.999903
27 65 0.999878
27 66 0.999853
27 67 0.999829
27 68 0.999806
27 69 0.999783
27 70 0.999761
27 71 0.999739
27 72 0.999719
27 73 0.999699
27 74 0.999681
27 75 0.999664
27 76 0.999647
27 77 0.999632
27 78 0.999619
27 79 0.999606
27 80 0.999595
27 81 0.999585
27 82 0.999577
27 83 0.99957
27 84 0.999565
27 85 0.99956
27 86 0.999558
27 87 0.999557
27 88 0.999557
27 89 0.999559
27 90 0.999562
27 91 0.999567
27 92 0.999573
27 93 0.999581
27 94 0.99959
27 95 0.999601
27 96 0.999613
27 97 0.999626
27 98 0.999641
27 99 0.999657
27 100 0.999674
27 101 0.999693
27 102 0.999713
27 103 0.999734
27 104 0.999756
27 105 0.99978
27 106 0.999804
27 107 0.999829
27 108 0.999855
27 109 0.999882
27 110 0.999909
27 111 0.999937
27 112 0.999965
27 113 0.999993
27 114 1.00002
27 115 1.00005
27 116 1.00008
27 117 1.0001
27 118 1.00013
27 119 1.00016
27 120 1.00019
27 121 1.00022
27 122 1.00025
27 123 1.00029
27 124 1.00032
27 125 1.00036
27 126 1.00041
27 127 1.00045

28 0 0
28 1 1.00053
28 2 1.00053
28 3 1.00054
28 4 1.00054
28 5 1.00054
28 6 1.00054
28 7 1.00054
28 8 1.00054
28 9 1.00054
28 10 1.00054
28 11 1.00054
28 12 1.00054
28 13 1.00054
28 14 1.00054
28 15 1.00054
28 16 1.00054
28 17 1.00054
28 18 1.00054
28 19 1.00054
28 20 1.00054
28 21 1.00054
28 22 1.00054
28 23 1.00054
28 24 1.00053
28 25 1.00053
28 26 1.00053
28 27 1.00052
28 28 1.00052
28 29 1.00052
28 30 1.00051
28 31 1.0005
28 32 1.0005
28 33 1.00049
28 34 1.00048
28 35 1.00047
28 36 1.00046
28 37 1.00045
28 38 1.00044
28 39 1.00043
28 40 1.00042
28 41 1.0004
28 42 1.00039
28 43 1.00037
28 44 1.00036
28 45 1.00034
28 46 1.00032
28 47 1.0003
28 48 1.00028
28 49 1.00026
28 50 1.00024
28 51 1.00021
28 52 1.00019
28 53 1.00017
28 54 1.00014
28 55 1.00012
28 56 1.00009
28 57 1.00007
28 58 1.00004
28 59 1.00001
28 60 0.999987
28 61 0.99996
28 62 0.999934
28 63 0.999908
28 64 0.999881
28 65 0.999856
28 66 0.99983
28 67 0.999806
28 68 0.999782
28 69 0.999758
28 70 0.999736
28 71 0.999714
28 72 0.999693
28 73 0.999674
28 74 0.999655
28 75 0.999638
28 76 0.999621
28 77 0.999607
28 78 0.999593
28 79 0.999581
28 80 0.99957
28 81 0.999561
28 82 0.999553
28 83 0.999546
28 84 0.999542
28 85 0.999538
28 86 0.999536
28 87 0.999536
28 88 0.999537
28 89 0.99954
28 90 0.999545
28 91 0.999551
28 92 0.999558
28 93 0.999567
28 94 0.999577
28 95 0.999589
28 96 0.999603
28 97 0.999617
28 98 0.999634
28 99 0.999651
28 100 0.99967
28 101 0.99969
28 102 0.999711
28 103 0.999734
28 104 0.999758
28 105 0.999782
28 106 0.999808
28 107 0.999835
28 108 0.999862
28 109 0.999889
28 110 0.999918
28 111 0.999947
28 112 0.999975
28 113 1
28 114 1.00003
28 115 1.00006
28 116 1.00009
28 117 1.00012
28 118 1.00015
28 119 1.00017
28 120 1.0002
28 121 1.00023
28 122 1.00026
28 123 1.0003
28 124 1.00033
28 125 1.00037
28 126 1.00041
28 127 1.00046

29 0 0
29 1 1.00054
29 2 1.00054
29 3 1.00054
29 4 1.00054
29 5 1.00054
29 6 1.00054
29 7 1.00054
29 8 1.00055
29 9 1.00055
29 10 1.00055
29 11 1.00055
29 12 1.00055
29 13 1.00055
29 14 1.00055
29 15 1.00055
29 16 1.00055
29 17 1.00055
29 18 1.00055
29 19 1.00055
29 20 1.00055
29 21 1.00054
29 22 1.00054
29 23 1.00054
29 24 1.00054
29 25 1.00053
29 26 1.00053
29 27 1.00053
29 28 1.00052
29 29 1.00052
29 30 1.00051
29 31 1.00051
29 32 1.0005
29 33 1.00049
29 34 1.00048
29 35 1.00047
29 36 1.00046
29 37 1.00045
29 38 1.00044
29 39 1.00043
29 40 1.00041
29 41 1.0004
29 42 1.00038
29 43 1.00037
29 44 1.00035
29 45 1.00033
29 46 1.00031
29 47 1.00029
29 48 1.00027
29 49 1.00025
29 50 1.00023
29 51 1.0002
29 52 1.00018
29 53 1.00015
29 54 1.00013
29 55 1.0001
29 56 1.00008
29 57 1.00005
29 58 1.00002
29 59 0.999995
29 60 0.999967
29 61 0.99994
29 62 0.999912
29 63 0.999885
29 64 0.999858
29 65 0.999832
29 66 0.999806
29 67 0.99978
29 68 0.999756
29 69 0.999732
29 70 0.999709
29 71 0.999687
29 72 0.999666
29 73 0.999646
29 74 0.999627
29 75 0.99961
29 76 0.999593
29 77 0.999579
29 78 0.999565
29 79 0.999553
29 80 0.999543
29 81 0.999534
29 82 0.999526
29 83 0.999521
29 84 0.999516
29 85 0.999514
29 86 0.999513
29 87 0.999514
29 88 0.999516
29 89 0.99952
29 90 0.999525
29 91 0.999532
29 92 0.999541
29 93 0.999551
29 94 0.999563
29 95 0.999576
29 96 0.999591
29 97 0.999607
29 98 0.999624
29 99 0.999643
29 100 0.999663
29 101 0.999685
29 102 0.999708
29 103 0.999732
29 104 0.999757
29 105 0.999783
29 106 0.999809
29 107 0.999837
29 108 0.999866
29 109 0.999894
29 110 0.999924
29 111 0.999953
29 112 0.999983
29 113 1.00001
29 114 1.00004
29 115 1.00007
29 116 1.0001
29 117 1.00013
29 118 1.00016
29 119 1.00018
29 120 1.00021
29 121 1.00024
29 122 1.00027
29 123 1.0003
29 124 1.00034
29 125 1.00038
29 126 1.00042
29 127 1.00046

30 0 0
30 1 1.00054
30 2 1.00054
30 3 1.00054
30 4 1.00055
30 5 1.00055
30 6 1.00055
30 7 1.00055
30 8 1.00055
30 9 1.00055
30 10 1.00055
30 11 1.00055
30 12 1.00055
30 13 1.00055
30 14 1.00055
30 15 1.00055
30 16 1.00055
30 17 1.00055
30 18 1.00055
30 19 1.00055
30 20 1.00055
30 21 1.00055
30 22 1.00055
30 23 1.00054
30 24 1.00054
30 25 1.00054
30 26 1.00053
30 27 1.00053
30 28 1.00053
30 29 1.00052
30 30 1.00051
30 31 1.00051
30 32 1.0005
30 33 1.00049
30 34 1.00048
30 35 1.00047
30 36 1.00046
30 37 1.00045
30 38 1.00044
30 39 1.00043
30 40 1.00041
30 41 1.0004
30 42 1.00038
30 43 1.00036
30 44 1.00035
30 45 1.00033
30 46 1.00031
30 47 1.00029
30 48 1.00026
30 49 1.00024
30 50 1.00022
30 51 1.00019
30 52 1.00017
30 53 1.00014
30 54 1.00011
30 55 1.00009
30 56 1.00006
30 57 1.00003
30 58 1
30 59 0.999974
30 60 0.999946
30 61 0.999917
30 62 0.999889
30 63 0.999861
30 64 0.999833
30 65 0.999806
30 66 0.999779
30 67 0.999753
30 68 0.999728
30 69 0.999703
30 70 0.99968
30 71 0.999657
30 72 0.999636
30 73 0.999616
30 74 0.999597
30 75 0.999579
30 76 0.999563
30 77 0.999548
30 78 0.999535
30 79 0.999524
30 80 0.999513
30 81 0.999505
30 82 0.999498
30 83 0.999493
30 84 0.999489
30 85 0.999488
30 86 0.999487
30 87 0.999489
30 88 0.999492
30 89 0.999497
30 90 0.999504
30 91 0.999512
30 92 0.999522
30 93 0.999533
30 94 0.999546
30 95 0.99956
30 96 0.999576
30 97 0.999594
30 98 0.999613
30 99 0.999633
30 100 0.999655
30 101 0.999678
30 102 0.999702
30 103 0.999727
30 104 0.999753
30 105 0.99978
30 106 0.999808
30 107 0.999837
30 108 0.999866
30 109 0.999896
30 110 0.999926
30 111 0.999956
30 112 0.999987
30 113 1.00002
30 114 1.00005
30 115 1.00008
30 116 1.0001
30 117 1.00013
30 118 1.00016
30 119 1.00019
30 120 1.00022
30 121 1.00025
30 122 1.00027
30 123 1.00031
30 124 1.00034
30 125 1.00038
30 126 1.00041
30 127 1.00045

31 0 0
31 1 1.00055
31 2 1.00055
31 3 1.00055
31 4 1.00055
31 5 1.00055
31 6 1.00055
31 7 1.00055
31 8 1.00055
31 9 1.00056
31 10 1.00056
31 11 1.00056
31 12 1.00056
31 13 1.00056
31 14 1.00056
31 15 1.00056
31 16 1.00056
31 17 1.00056
31 18 1.00056
31 19 1.00055
31 20 1.00055
31 21 1.00055
31 22 1.00055
31 23 1.00055
31 24 1.00054
31 25 1.00054
31 26 1.00054
31 27 1.00053
31 28 1.00053
31 29 1.00052
31 30 1.00052
31 31 1.00051
31 32 1.0005
31 33 1.00049
31 34 1.00048
31 35 1.00047
31 36 1.00046
31 37 1.00045
31 38 1.00044
31 39 1.00042
31 40 1.00041
31 41 1.00039
31 42 1.00038
31 43 1.00036
31 44 1.00034
31 45 1.00032
31 46 1.0003
31 47 1.00028
31 48 1.00025
31 49 1.00023
31 50 1.0002
31 51 1.00018
31 52 1.00015
31 53 1.00013
31 54 1.0001
31 55 1.00007
31 56 1.00004
31 57 1.00001
31 58 0.999982
31 59 0.999952
31 60 0.999923
31 61 0.999893
31 62 0.999864
31 63 0.999835
31 64 0.999806
31 65 0.999778
31 66 0.99975
31 67 0.999724
31 68 0.999698
31 69 0.999673
31 70 0.999649
31 71 0.999626
31 72 0.999604
31 73 0.999584
31 74 0.999565
31 75 0.999547
31 76 0.999531
31 77 0.999516
31 78 0.999503
31 79 0.999492
31 80 0.999482
31 81 0.999474
31 82 0.999468
31 83 0.999463
31 84 0.99946
31 85 0.999459
31 86 0.99946
31 87 0.999462
31 88 0.999466
31 89 0.999472
31 90 0.99948
31 91 0.999489
31 92 0.9995
31 93 0.999513
31 94 0.999527
31 95 0.999543
31 96 0.99956
31 97 0.999579
31 98 0.999599
31 99 0.999621
31 100 0.999643
31 101 0.999668
31 102 0.999693
31 103 0.999719
31 104 0.999747
31 105 0.999775
31 106 0.999804
31 107 0.999834
31 108 0.999864
31 109 0.999895
31 110 0.999926
31 111 0.999956
31 112 0.999987
31 113 1.00002
31 114 1.00005
31 115 1.00008
31 116 1.00011
31 117 1.00014
31 118 1.00016
31 119 1.00019
31 120 1.00022
31 121 1.00025
31 122 1.00028
31 123 1.00031
31 124 1.00034
31 125 1.00037
31 126 1.00041
31 127 1.00045

32 0 0
32 1 1.00055
32 2 1.00055
32 3 1.00055
32 4 1.00055
32 5 1.00056
32 6 1.00056
32 7 1.00056
32 8 1.00056
32 9 1.00056
32 10 1.00056
32 11 1.00056
32 12 1.00056
32 13 1.00056
32 14 1.00056
32 15 1.00056
32 16 1.00056
32 17 1.00056
32 18 1.00056
32 19 1.00056
32 20 1.00056
32 21 1.00056
32 22 1.00055
32 23 1.00055
32 24 1.00055
32 25 1.00054
32 26 1.00054
32 27 1.00054
32 28 1.00053
32 29 1.00053
32 30 1.00052
32 31 1.00051
32 32 1.0005
32 33 1.00049
32 34 1.00049
32 35 1.00047
32 36 1.00046
32 37 1.00045
32 38 1.00044
32 39 1.00042
32 40 1.00041
32 41 1.00039
32 42 1.00037
32 43 1.00035
32 44 1.00033
32 45 1.00031
32 46 1.00029
32 47 1.00027
32 48 1.00024
32 49 1.00022
32 50 1.00019
32 51 1.00017
32 52 1.00014
32 53 1.00011
32 54 1.00008
32 55 1.00005
32 56 1.00002
32 57 0.99999
32 58 0.999959
32 59 0.999929
32 60 0.999898
32 61 0.999867
32 62 0.999837
32 63 0.999807
32 64 0.999777
32 65 0.999748
32 66 0.99972
32 67 0.999692
32 68 0.999665
32 69 0.99964
32 70 0.999615
32 71 0.999592
32 72 0.99957
32 73 0.999549
32 74 0.99953
32 75 0.999512
32 76 0.999496
32 77 0.999482
32 78 0.999469
32 79 0.999458
32 80 0.999448
32 81 0.999441
32 82 0.999435
32 83 0.999431
32 84 0.999429
32 85 0.999428
32 86 0.99943
32 87 0.999433
32 88 0.999438
32 89 0.999445
32 90 0.999454
32 91 0.999464
32 92 0.999476
32 93 0.99949
32 94 0.999506
32 95 0.999523
32 96 0.999541
32 97 0.999561
32 98 0.999583
32 99 0.999606
32 100 0.99963
32 101 0.999655
32 102 0.999682
32 103 0.999709
32 104 0.999738
32 105 0.999767
32 106 0.999797
32 107 0.999828
32 108 0.999859
32 109 0.99989
32 110 0.999922
32 111 0.999953
32 112 0.999985
32 113 1.00002
32 114 1.00005
32 115 1.00008
32 116 1.00011
32 117 1.00013
32 118 1.00016
32 119 1.00019
32 120 1.00022
32 121 1.00024
32 122 1.00027
32 123 1.0003
32 124 1.00033
32 125 1.00037
32 126 1.0004
32 127 1.00044

33 0 0
33 1 1.00056
33 2 1.00056
33 3 1.00056
33 4 1.00056
33 5 1.00056
33 6 1.00056
33 7 1.00056
33 8 1.00056
33 9 1.00056
33 10 1.00057
33 11 1.00057
33 12 1.00057
33 13 1.00057
33 14 1.00057
33 15 1.00057
33 16 1.00057
33 17 1.00057
33 18 1.00056
33 19 1.00056
33 20 1.00056
33 21 1.00056
33 22 1.00056
33 23 1.00056
33 24 1.00055
33 25 1.00055
33 26 1.00054
33 27 1.00054
33 28 1.00053
33 29 1.00053
33 30 1.00052
33 31 1.00051
33 32 1.00051
33 33 1.0005
33 34 1.00049
33 35 1.00047
33 36 1.00046
33 37 1.00045
33 38 1.00044
33 39 1.00042
33 40 1.0004
33 41 1.00039
33 42 1.00037
33 43 1.00035
33 44 1.00033
33 45 1.0003
33 46 1.00028
33 47 1.00026
33 48 1.00023
33 49 1.00021
33 50 1.00018
33 51 1.00015
33 52 1.00012
33 53 1.00009
33 54 1.00006
33 55 1.00003
33 56 0.999999
33 57 0.999967
33 58 0.999935
33 59 0.999903
33 60 0.999871
33 61 0.999839
33 62 0.999808
33 63 0.999777
33 64 0.999746
33 65 0.999716
33 66 0.999687
33 67 0.999658
33 68 0.999631
33 69 0.999605
33 70 0.99958
33 71 0.999556
33 72 0.999533
33 73 0.999512
33 74 0.999493
33 75 0.999475
33 76 0.999459
33 77 0.999445
33 78 0.999432
33 79 0.999421
33 80 0.999412
33 81 0.999405
33 82 0.9994
33 83 0.999396
33 84 0.999395
33 85 0.999395
33 86 0.999398
33 87 0.999402
33 88 0.999408
33 89 0.999416
33 90 0.999426
33 91 0.999437
33 92 0.999451
33 93 0.999466
33 94 0.999482
33 95 0.9995
33 96 0.99952
33 97 0.999542
33 98 0.999564
33 99 0.999588
33 100 0.999614
33 101 0.99964
33 102 0.999668
33 103 0.999697
33 104 0.999726
33 105 0.999756
33 106 0.999787
33 107 0.999819
33 108 0.999851
33 109 0.999883
33 110 0.999915
33 111 0.999947
33 112 0.999979
33 113 1.00001
33 114 1.00004
33 115 1.00007
33 116 1.0001
33 117 1.00013
33 118 1.00016
33 119 1.00018
33 120 1.00021
33 121 1.00024
33 122 1.00026
33 123 1.00029
33 124 1.00032
33 125 1.00036
33 126 1.00039
33 127 1.00043

34 0 0
34 1 1.00056
34 2 1.00056
34 3 1.00056
34 4 1.00056
34 5 1.00057
34 6 1.00057
34 7 1.00057
34 8 1.00057
34 9 1.00057
34 10 1.00057
34 11 1.00057
34 12 1.00057
34 13 1.00057
34 14 1.00057
34 15 1.00057
34 16 1.00057
34 17 1.00057
34 18 1.00057
34 19 1.00057
34 20 1.00057
34 21 1.00056
34 22 1.00056
34 23 1.00056
34 24 1.00056
34 25 1.00055
34 26 1.00055
34 27 1.00054
34 28 1.00054
34 29 1.00053
34 30 1.00052
34 31 1.00052
34 32 1.00051
34 33 1.0005
34 34 1.00049
34 35 1.00047
34 36 1.00046
34 37 1.00045
34 38 1.00043
34 39 1.00042
34 40 1.0004
34 41 1.00038
34 42 1.00036
34 43 1.00034
34 44 1.00032
34 45 1.0003
34 46 1.00027
34 47 1.00025
34 48 1.00022
34 49 1.00019
34 50 1.00016
34 51 1.00013
34 52 1.0001
34 53 1.00007
34 54 1.00004
34 55 1.00001
34 56 0.999975
34 57 0.999942
34 58 0.999909
34 59 0.999876
34 60 0.999842
34 61 0.999809
34 62 0.999777
34 63 0.999744
34 64 0.999713
34 65 0.999682
34 66 0.999652
34 67 0.999622
34 68 0.999594
34 69 0.999567
34 70 0.999542
34 71 0.999517
34 72 0.999495
34 73 0.999473
34 74 0.999454
34 75 0.999436
34 76 0.99942
34 77 0.999406
34 78 0.999393
34 79 0.999382
34 80 0.999374
34 81 0.999367
34 82 0.999362
34 83 0.99936
34 84 0.999359
34 85 0.99936
34 86 0.999363
34 87 0.999368
34 88 0.999376
34 89 0.999384
34 90 0.999395
34 91 0.999408
34 92 0.999422
34 93 0.999439
34 94 0.999456
34 95 0.999476
34 96 0.999497
34 97 0.999519
34 98 0.999543
34 99 0.999569
34 100 0.999595
34 101 0.999623
34 102 0.999652
34 103 0.999681
34 104 0.999712
34 105 0.999743
34 106 0.999775
34 107 0.999807
34 108 0.99984
34 109 0.999872
34 110 0.999905
34 111 0.999937
34 112 0.99997
34 113 1
34 114 1.00003
34 115 1.00006
34 116 1.00009
34 117 1.00012
34 118 1.00015
34 119 1.00017
34 120 1.0002
34 121 1.00023
34 122 1.00025
34 123 1.00028
34 124 1.00031
34 125 1.00034
34 126 1.00038
34 127 1.00041

35 0 0
35 1 1.00057
35 2 1.00057
35 3 1.00057
35 4 1.00057
35 5 1.00057
35 6 1.00057
35 7 1.00057
35 8 1.00057
35 9 1.00057
35 10 1.00058
35 11 1.00058
35 12 1.00058
35 13 1.00058
35 14 1.00058
35 15 1.00058
35 16 1.00058
35 17 1.00057
35 18 1.00057
35 19 1.00057
35 20 1.00057
35 21 1.00057
35 22 1.00057
35 23 1.00056
35 24 1.00056
35 25 1.00056
35 26 1.00055
35 27 1.00055
35 28 1.00054
35 29 1.00053
35 30 1.00053
35 31 1.00052
35 32 1.00051
35 33 1.0005
35 34 1.00049
35 35 1.00047
35 36 1.00046
35 37 1.00045
35 38 1.00043
35 39 1.00041
35 40 1.0004
35 41 1.00038
35 42 1.00036
35 43 1.00033
35 44 1.00031
35 45 1.00029
35 46 1.00026
35 47 1.00023
35 48 1.00021
35 49 1.00018
35 50 1.00015
35 51 1.00012
35 52 1.00008
35 53 1.00005
35 54 1.00002
35 55 0.999984
35 56 0.99995
35 57 0.999916
35 58 0.999881
35 59 0.999846
35 60 0.999812
35 61 0.999777
35 62 0.999744
35 63 0.99971
35 64 0.999677
35 65 0.999645
35 66 0.999614
35 67 0.999584
35 68 0.999555
35 69 0.999528
35 70 0.999502
35 71 0.999477
35 72 0.999454
35 73 0.999432
35 74 0.999412
35 75 0.999394
35 76 0.999378
35 77 0.999364
35 78 0.999352
35 79 0.999341
35 80 0.999333
35 81 0.999327
35 82 0.999323
35 83 0.999321
35 84 0.999321
35 85 0.999323
35 86 0.999327
35 87 0.999333
35 88 0.999341
35 89 0.999351
35 90 0.999363
35 91 0.999376
35 92 0.999392
35 93 0.999409
35 94 0.999428
35 95 0.999449
35 96 0.999471
35 97 0.999495
35 98 0.99952
35 99 0.999546
35 100 0.999574
35 101 0.999603
35 102 0.999632
35 103 0.999663
35 104 0.999695
35 105 0.999727
35 106 0.999759
35 107 0.999792
35 108 0.999825
35 109 0.999859
35 110 0.999892
35 111 0.999925
35 112 0.999957
35 113 0.999989
35 114 1.00002
35 115 1.00005
35 116 1.00008
35 117 1.00011
35 118 1.00014
35 119 1.00016
35 120 1.00019
35 121 1.00021
35 122 1.00024
35 123 1.00027
35 124 1.0003
35 125 1.00033
35 126 1.00036
35 127 1.00039

36 0 0
36 1 1.00057
36 2 1.00057
36 3 1.00057
36 4 1.00058
36 5 1.00058
36 6 1.00058
36 7 1.00058
36 8 1.00058
36 9 1.00058
36 10 1.00058
36 11 1.00058
36 12 1.00058
36 13 1.00058
36 14 1.00058
36 15 1.00058
36 16 1.00058
36 17 1.00058
36 18 1.00058
36 19 1.00058
36 20 1.00058
36 21 1.00057
36 22 1.00057
36 23 1.00057
36 24 1.00056
36 25 1.00056
36 26 1.00055
36 27 1.00055
36 28 1.00054
36 29 1.00054
36 30 1.00053
36 31 1.00052
36 32 1.00051
36 33 1.0005
36 34 1.00049
36 35 1.00047
36 36 1.00046
36 37 1.00044
36 38 1.00043
36 39 1.00041
36 40 1.00039
36 41 1.00037
36 42 1.00035
36 43 1.00033
36 44 1.0003
36 45 1.00028
36 46 1.00025
36 47 1.00022
36 48 1.00019
36 49 1.00016
36 50 1.00013
36 51 1.0001
36 52 1.00006
36 53 1.00003
36 54 0.999995
36 55 0.999959
36 56 0.999924
36 57 0.999888
36 58 0.999851
36 59 0.999815
36 60 0.999779
36 61 0.999744
36 62 0.999708
36 63 0.999674
36 64 0.99964
36 65 0.999607
36 66 0.999575
36 67 0.999544
36 68 0.999514
36 69 0.999486
36 70 0.999459
36 71 0.999434
36 72 0.99941
36 73 0.999389
36 74 0.999369
36 75 0.99935
36 76 0.999334
36 77 0.99932
36 78 0.999308
36 79 0.999298
36 80 0.99929
36 81 0.999285
36 82 0.999281
36 83 0.999279
36 84 0.99928
36 85 0.999283
36 86 0.999288
36 87 0.999295
36 88 0.999304
36 89 0.999315
36 90 0.999328
36 91 0.999342
36 92 0.999359
36 93 0.999378
36 94 0.999398
36 95 0.99942
36 96 0.999443
36 97 0.999468
36 98 0.999494
36 99 0.999522
36 100 0.99955
36 101 0.99958
36 102 0.999611
36 103 0.999642
36 104 0.999675
36 105 0.999708
36 106 0.999741
36 107 0.999775
36 108 0.999808
36 109 0.999842
36 110 0.999876
36 111 0.999909
36 112 0.999942
36 113 0.999974
36 114 1
36 115 1.00004
36 116 1.00006
36 117 1.00009
36 118 1.00012
36 119 1.00015
36 120 1.00017
36 121 1.0002
36 122 1.00022
36 123 1.00025
36 124 1.00028
36 125 1.00031
36 126 1.00034
36 127 1.00037

37 0 0
37 1 1.00058
37 2 1.00058
37 3 1.00058
37 4 1.00058
37 5 1.00058
37 6 1.00058
37 7 1.00058
37 8 1.00058
37 9 1.00059
37 10 1.00059
37 11 1.00059
37 12 1.00059
37 13 1.00059
37 14 1.00059
37 15 1.00059
37 16 1.00059
37 17 1.00058
37 18 1.00058
37 19 1.00058
37 20 1.00058
37 21 1.00058
37 22 1.00057
37 23 1.00057
37 24 1.00057
37 25 1.00056
37 26 1.00056
37 27 1.00055
37 28 1.00055
37 29 1.00054
37 30 1.00053
37 31 1.00052
37 32 1.00051
37 33 1.0005
37 34 1.00049
37 35 1.00047
37 36 1.00046
37 37 1.00044
37 38 1.00042
37 39 1.00041
37 40 1.00039
37 41 1.00036
37 42 1.00034
37 43 1.00032
37 44 1.00029
37 45 1.00026
37 46 1.00024
37 47 1.00021
37 48 1.00018
37 49 1.00014
37 50 1.00011
37 51 1.00008
37 52 1.00004
37 53 1.00001
37 54 0.999969
37 55 0.999933
37 56 0.999895
37 57 0.999858
37 58 0.99982
37 59 0.999782
37 60 0.999745
37 61 0.999708
37 62 0.999671
37 63 0.999635
37 64 0.9996
37 65 0.999566
37 66 0.999533
37 67 0.999501
37 68 0.999471
37 69 0.999442
37 70 0.999414
37 71 0.999389
37 72 0.999365
37 73 0.999343
37 74 0.999323
37 75 0.999304
37 76 0.999288
37 77 0.999274
37 78 0.999262
37 79 0.999253
37 80 0.999245
37 81 0.99924
37 82 0.999237
37 83 0.999236
37 84 0.999237
37 85 0.999241
37 86 0.999247
37 87 0.999255
37 88 0.999264
37 89 0.999276
37 90 0.99929
37 91 0.999306
37 92 0.999324
37 93 0.999344
37 94 0.999365
37 95 0.999388
37 96 0.999412
37 97 0.999438
37 98 0.999466
37 99 0.999494
37 100 0.999524
37 101 0.999555
37 102 0.999587
37 103 0.999619
37 104 0.999652
37 105 0.999686
37 106 0.99972
37 107 0.999754
37 108 0.999789
37 109 0.999823
37 110 0.999857
37 111 0.99989
37 112 0.999923
37 113 0.999955
37 114 0.999987
37 115 1.00002
37 116 1.00005
37 117 1.00007
37 118 1.0001
37 119 1.00013
37 120 1.00015
37 121 1.00018
37 122 1.0002
37 123 1.00023
37 124 1.00026
37 125 1.00029
37 126 1.00032
37 127 1.00035

38 0 0
38 1 1.00058
38 2 1.00058
38 3 1.00059
38 4 1.00059
38 5 1.00059
38 6 1.00059
38 7 1.00059
38 8 1.00059
38 9 1.00059
38 10 1.00059
38 11 1.00059
38 12 1.00059
38 13 1.00059
38 14 1.00059
38 15 1.00059
38 16 1.00059
38 17 1.00059
38 18 1.00059
38 19 1.00059
38 20 1.00058
38 21 1.00058
38 22 1.00058
38 23 1.00058
38 24 1.00057
38 25 1.00057
38 26 1.00056
38 27 1.00056
38 28 1.00055
38 29 1.00054
38 30 1.00053
38 31 1.00052
38 32 1.00051
38 33 1.0005
38 34 1.00049
38 35 1.00047
38 36 1.00046
38 37 1.00044
38 38 1.00042
38 39 1.0004
38 40 1.00038
38 41 1.00036
38 42 1.00033
38 43 1.00031
38 44 1.00028
38 45 1.00025
38 46 1.00022
38 47 1.00019
38 48 1.00016
38 49 1.00013
38 50 1.00009
38 51 1.00006
38 52 1.00002
38 53 0.999981
38 54 0.999943
38 55 0.999904
38 56 0.999865
38 57 0.999826
38 58 0.999787
38 59 0.999747
38 60 0.999708
38 61 0.99967
38 62 0.999632
38 63 0.999595
38 64 0.999559
38 65 0.999523
38 66 0.999489
38 67 0.999457
38 68 0.999425
38 69 0.999396
38 70 0.999368
38 71 0.999341
38 72 0.999317
38 73 0.999295
38 74 0.999274
38 75 0.999256
38 76 0.99924
38 77 0.999226
38 78 0.999214
38 79 0.999205
38 80 0.999198
38 81 0.999193
38 82 0.999191
38 83 0.99919
38 84 0.999192
38 85 0.999197
38 86 0.999203
38 87 0.999212
38 88 0.999223
38 89 0.999236
38 90 0.999251
38 91 0.999268
38 92 0.999287
38 93 0.999308
38 94 0.99933
38 95 0.999354
38 96 0.99938
38 97 0.999407
38 98 0.999435
38 99 0.999465
38 100 0.999496
38 101 0.999527
38 102 0.99956
38 103 0.999593
38 104 0.999627
38 105 0.999662
38 106 0.999696
38 107 0.999731
38 108 0.999766
38 109 0.999801
38 110 0.999835
38 111 0.999869
38 112 0.999902
38 113 0.999934
38 114 0.999965
38 115 0.999996
38 116 1.00002
38 117 1.00005
38 118 1.00008
38 119 1.00011
38 120 1.00013
38 121 1.00016
38 122 1.00018
38 123 1.00021
38 124 1.00023
38 125 1.00026
38 126 1.00029
38 127 1.00032

39 0 0
39 1 1.00059
39 2 1.00059
39 3 1.00059
39 4 1.00059
39 5 1.00059
39 6 1.00059
39 7 1.0006
39 8 1.0006
39 9 1.0006
39 10 1.0006
39 11 1.0006
39 12 1.0006
39 13 1.0006
39 14 1.0006
39 15 1.0006
39 16 1.0006
39 17 1.0006
39 18 1.00059
39 19 1.00059
39 20 1.00059
39 21 1.00059
39 22 1.00058
39 23 1.00058
39 24 1.00058
39 25 1.00057
39 26 1.00057
39 27 1.00056
39 28 1.00055
39 29 1.00054
39 30 1.00053
39 31 1.00052
39 32 1.00051
39 33 1.0005
39 34 1.00049
39 35 1.00047
39 36 1.00045
39 37 1.00044
39 38 1.00042
39 39 1.0004
39 40 1.00037
39 41 1.00035
39 42 1.00033
39 43 1.0003
39 44 1.00027
39 45 1.00024
39 46 1.00021
39 47 1.00018
39 48 1.00014
39 49 1.00011
39 50 1.00007
39 51 1.00003
39 52 0.999994
39 53 0.999955
39 54 0.999915
39 55 0.999874
39 56 0.999833
39 57 0.999792
39 58 0.999752
39 59 0.999711
39 60 0.99967
39 61 0.99963
39 62 0.999591
39 63 0.999553
39 64 0.999515
39 65 0.999479
39 66 0.999444
39 67 0.99941
39 68 0.999378
39 69 0.999347
39 70 0.999319
39 71 0.999292
39 72 0.999267
39 73 0.999245
39 74 0.999224
39 75 0.999206
39 76 0.99919
39 77 0.999176
39 78 0.999164
39 79 0.999155
39 80 0.999149
39 81 0.999144
39 82 0.999142
39 83 0.999143
39 84 0.999146
39 85 0.999151
39 86 0.999158
39 87 0.999168
39 88 0.999179
39 89 0.999193
39 90 0.999209
39 91 0.999227
39 92 0.999247
39 93 0.999269
39 94 0.999293
39 95 0.999318
39 96 0.999344
39 97 0.999373
39 98 0.999402
39 99 0.999433
39 100 0.999464
39 101 0.999497
39 102 0.999531
39 103 0.999565
39 104 0.9996
39 105 0.999635
39 106 0.99967
39 107 0.999705
39 108 0.999741
39 109 0.999776
39 110 0.99981
39 111 0.999844
39 112 0.999877
39 113 0.99991
39 114 0.999941
39 115 0.999971
39 116 1
39 117 1.00003
39 118 1.00005
39 119 1.00008
39 120 1.00011
39 121 1.00013
39 122 1.00016
39 123 1.00018
39 124 1.00021
39 125 1.00023
39 126 1.00026
39 127 1.00029

40 0 0
40 1 1.00059
40 2 1.0006
40 3 1.0006
40 4 1.0006
40 5 1.0006
40 6 1.0006
40 7 1.0006
40 8 1.0006
40 9 1.0006
40 10 1.0006
40 11 1.0006
40 12 1.0006
40 13 1.0006
40 14 1.0006
40 15 1.0006
40 16 1.0006
40 17 1.0006
40 18 1.0006
40 19 1.0006
40 20 1.0006
40 21 1.00059
40 22 1.00059
40 23 1.00058
40 24 1.00058
40 25 1.00058
40 26 1.00057
40 27 1.00056
40 28 1.00055
40 29 1.00055
40 30 1.00054
40 31 1.00053
40 32 1.00051
40 33 1.0005
40 34 1.00049
40 35 1.00047
40 36 1.00045
40 37 1.00043
40 38 1.00041
40 39 1.00039
40 40 1.00037
40 41 1.00034
40 42 1.00032
40 43 1.00029
40 44 1.00026
40 45 1.00023
40 46 1.00019
40 47 1.00016
40 48 1.00012
40 49 1.00009
40 50 1.00005
40 51 1.00001
40 52 0.999968
40 53 0.999927
40 54 0.999885
40 55 0.999843
40 56 0.9998
40 57 0.999757
40 58 0.999715
40 59 0.999672
40 60 0.99963
40 61 0.999589
40 62 0.999548
40 63 0.999508
40 64 0.999469
40 65 0.999432
40 66 0.999396
40 67 0.999361
40 68 0.999328
40 69 0.999297
40 70 0.999268
40 71 0.999241
40 72 0.999216
40 73 0.999193
40 74 0.999172
40 75 0.999153
40 76 0.999137
40 77 0.999124
40 78 0.999112
40 79 0.999104
40 80 0.999097
40 81 0.999093
40 82 0.999092
40 83 0.999093
40 84 0.999097
40 85 0.999102
40 86 0.999111
40 87 0.999121
40 88 0.999134
40 89 0.999149
40 90 0.999166
40 91 0.999185
40 92 0.999206
40 93 0.999229
40 94 0.999253
40 95 0.999279
40 96 0.999307
40 97 0.999336
40 98 0.999367
40 99 0.999398
40 100 0.999431
40 101 0.999465
40 102 0.999499
40 103 0.999534
40 104 0.999569
40 105 0.999605
40 106 0.999641
40 107 0.999677
40 108 0.999713
40 109 0.999748
40 110 0.999783
40 111 0.999817
40 112 0.99985
40 113 0.999883
40 114 0.999914
40 115 0.999944
40 116 0.999973
40 117 1
40 118 1.00003
40 119 1.00005
40 120 1.00008
40 121 1.0001
40 122 1.00013
40 123 1.00015
40 124 1.00018
40 125 1.0002
40 126 1.00023
40 127 1.00026

41 0 0
41 1 1.0006
41 2 1.0006
41 3 1.0006
41 4 1.0006
41 5 1.00061
41 6 1.00061
41 7 1.00061
41 8 1.00061
41 9 1.00061
41 10 1.00061
41 11 1.00061
41 12 1.00061
41 13 1.00061
41 14 1.00061
41 15 1.00061
41 16 1.00061
41 17 1.00061
41 18 1.0006
41 19 1.0006
41 20 1.0006
41 21 1.0006
41 22 1.00059
41 23 1.00059
41 24 1.00058
41 25 1.00058
41 26 1.00057
41 27 1.00057
41 28 1.00056
41 29 1.00055
41 30 1.00054
41 31 1.00053
41 32 1.00051
41 33 1.0005
41 34 1.00049
41 35 1.00047
41 36 1.00045
41 37 1.00043
41 38 1.00041
41 39 1.00039
41 40 1.00036
41 41 1.00033
41 42 1.00031
41 43 1.00028
41 44 1.00025
41 45 1.00021
41 46 1.00018
41 47 1.00014
41 48 1.0001
41 49 1.00006
41 50 1.00002
41 51 0.999983
41 52 0.99994
41 53 0.999897
41 54 0.999854
41 55 0.99981
41 56 0.999765
41 57 0.999721
41 58 0.999676
41 59 0.999632
41 60 0.999588
41 61 0.999545
41 62 0.999503
41 63 0.999462
41 64 0.999422
41 65 0.999383
41 66 0.999346
41 67 0.999311
41 68 0.999277
41 69 0.999245
41 70 0.999215
41 71 0.999188
41 72 0.999162
41 73 0.999139
41 74 0.999118
41 75 0.999099
41 76 0.999083
41 77 0.99907
41 78 0.999059
41 79 0.99905
41 80 0.999044
41 81 0.999041
41 82 0.99904
41 83 0.999042
41 84 0.999046
41 85 0.999052
41 86 0.999061
41 87 0.999073
41 88 0.999086
41 89 0.999102
41 90 0.99912
41 91 0.99914
41 92 0.999162
41 93 0.999186
41 94 0.999212
41 95 0.999239
41 96 0.999268
41 97 0.999298
41 98 0.999329
41 99 0.999362
41 100 0.999395
41 101 0.99943
41 102 0.999465
41 103 0.999501
41 104 0.999537
41 105 0.999573
41 106 0.99961
41 107 0.999646
41 108 0.999682
41 109 0.999718
41 110 0.999753
41 111 0.999787
41 112 0.999821
41 113 0.999853
41 114 0.999885
41 115 0.999915
41 116 0.999944
41 117 0.999971
41 118 0.999998
41 119 1.00002
41 120 1.00005
41 121 1.00007
41 122 1.0001
41 123 1.00012
41 124 1.00014
41 125 1.00017
41 126 1.0002
41 127 1.00023

42 0 0
42 1 1.00061
42 2 1.00061
42 3 1.00061
42 4 1.00061
42 5 1.00061
42 6 1.00061
42 7 1.00061
42 8 1.00061
42 9 1.00062
42 10 1.00062
42 11 1.00062
42 12 1.00062
42 13 1.00062
42 14 1.00062
42 15 1.00061
42 16 1.00061
42 17 1.00061
42 18 1.00061
42 19 1.00061
42 20 1.00061
42 21 1.0006
42 22 1.0006
42 23 1.00059
42 24 1.00059
42 25 1.00058
42 26 1.00058
42 27 1.00057
42 28 1.00056
42 29 1.00055
42 30 1.00054
42 31 1.00053
42 32 1.00052
42 33 1.0005
42 34 1.00048
42 35 1.00047
42 36 1.00045
42 37 1.00043
42 38 1.0004
42 39 1.00038
42 40 1.00035
42 41 1.00033
42 42 1.0003
42 43 1.00027
42 44 1.00023
42 45 1.0002
42 46 1.00016
42 47 1.00012
42 48 1.00008
42 49 1.00004
42 50 0.999999
42 51 0.999956
42 52 0.999912
42 53 0.999867
42 54 0.999821
42 55 0.999775
42 56 0.999729
42 57 0.999682
42 58 0.999636
42 59 0.99959
42 60 0.999545
42 61 0.999501
42 62 0.999457
42 63 0.999414
42 64 0.999373
42 65 0.999333
42 66 0.999295
42 67 0.999259
42 68 0.999224
42 69 0.999191
42 70 0.999161
42 71 0.999133
42 72 0.999107
42 73 0.999083
42 74 0.999062
42 75 0.999044
42 76 0.999027
42 77 0.999014
42 78 0.999003
42 79 0.998995
42 80 0.998989
42 81 0.998987
42 82 0.998986
42 83 0.998989
42 84 0.998993
42 85 0.999001
42 86 0.99901
42 87 0.999023
42 88 0.999037
42 89 0.999054
42 90 0.999073
42 91 0.999094
42 92 0.999117
42 93 0.999142
42 94 0.999168
42 95 0.999197
42 96 0.999226
42 97 0.999257
42 98 0.99929
42 99 0.999323
42 100 0.999358
42 101 0.999393
42 102 0.999429
42 103 0.999465
42 104 0.999502
42 105 0.999539
42 106 0.999576
42 107 0.999613
42 108 0.999649
42 109 0.999685
42 110 0.999721
42 111 0.999755
42 112 0.999789
42 113 0.999821
42 114 0.999853
42 115 0.999883
42 116 0.999911
42 117 0.999939
42 118 0.999965
42 119 0.99999
42 120 1.00001
42 121 1.00004
42 122 1.00006
42 123 1.00009
42 124 1.00011
42 125 1.00014
42 126 1.00016
42 127 1.00019

43 0 0
43 1 1.00061
43 2 1.00062
43 3 1.00062
43 4 1.00062
43 5 1.00062
43 6 1.00062
43 7 1.00062
43 8 1.00062
43 9 1.00062
43 10 1.00062
43 11 1.00062
43 12 1.00062
43 13 1.00062
43 14 1.00062
43 15 1.00062
43 16 1.00062
43 17 1.00062
43 18 1.00062
43 19 1.00061
43 20 1.00061
43 21 1.00061
43 22 1.0006
43 23 1.0006
43 24 1.00059
43 25 1.00059
43 26 1.00058
43 27 1.00057
43 28 1.00056
43 29 1.00055
43 30 1.00054
43 31 1.00053
43 32 1.00052
43 33 1.0005
43 34 1.00048
43 35 1.00047
43 36 1.00045
43 37 1.00042
43 38 1.0004
43 39 1.00037
43 40 1.00035
43 41 1.00032
43 42 1.00029
43 43 1.00025
43 44 1.00022
43 45 1.00018
43 46 1.00014
43 47 1.0001
43 48 1.00006
43 49 1.00002
43 50 0.999974
43 51 0.999928
43 52 0.999882
43 53 0.999835
43 54 0.999787
43 55 0.999739
43 56 0.999691
43 57 0.999643
43 58 0.999595
43 59 0.999547
43 60 0.9995
43 61 0.999454
43 62 0.999409
43 63 0.999365
43 64 0.999323
43 65 0.999282
43 66 0.999242
43 67 0.999205
43 68 0.99917
43 69 0.999136
43 70 0.999105
43 71 0.999076
43 72 0.99905
43 73 0.999026
43 74 0.999005
43 75 0.998986
43 76 0.99897
43 77 0.998957
43 78 0.998946
43 79 0.998939
43 80 0.998933
43 81 0.998931
43 82 0.998931
43 83 0.998934
43 84 0.998939
43 85 0.998947
43 86 0.998958
43 87 0.998971
43 88 0.998986
43 89 0.999004
43 90 0.999024
43 91 0.999046
43 92 0.99907
43 93 0.999096
43 94 0.999123
43 95 0.999152
43 96 0.999183
43 97 0.999215
43 98 0.999248
43 99 0.999283
43 100 0.999318
43 101 0.999354
43 102 0.999391
43 103 0.999428
43 104 0.999465
43 105 0.999503
43 106 0.99954
43 107 0.999577
43 108 0.999614
43 109 0.99965
43 110 0.999686
43 111 0.999721
43 112 0.999754
43 113 0.999787
43 114 0.999818
43 115 0.999848
43 116 0.999877
43 117 0.999904
43 118 0.99993
43 119 0.999955
43 120 0.99998
43 121 1
43 122 1.00003
43 123 1.00005
43 124 1.00007
43 125 1.0001
43 126 1.00012
43 127 1.00015

44 0 0
44 1 1.00062
44 2 1.00062
44 3 1.00062
44 4 1.00062
44 5 1.00063
44 6 1.00063
44 7 1.00063
44 8 1.00063
44 9 1.00063
44 10 1.00063
44 11 1.00063
44 12 1.00063
44 13 1.00063
44 14 1.00063
44 15 1.00063
44 16 1.00063
44 17 1.00062
44 18 1.00062
44 19 1.00062
44 20 1.00062
44 21 1.00061
44 22 1.00061
44 23 1.0006
44 24 1.0006
44 25 1.00059
44 26 1.00059
44 27 1.00058
44 28 1.00057
44 29 1.00056
44 30 1.00054
44 31 1.00053
44 32 1.00052
44 33 1.0005
44 34 1.00048
44 35 1.00046
44 36 1.00044
44 37 1.00042
44 38 1.00039
44 39 1.00037
44 40 1.00034
44 41 1.00031
44 42 1.00027
44 43 1.00024
44 44 1.0002
44 45 1.00016
44 46 1.00012
44 47 1.00008
44 48 1.00004
44 49 0.999993
44 50 0.999947
44 51 0.999899
44 52 0.999851
44 53 0.999802
44 54 0.999752
44 55 0.999702
44 56 0.999652
44 57 0.999602
44 58 0.999552
44 59 0.999503
44 60 0.999454
44 61 0.999406
44 62 0.99936
44 63 0.999314
44 64 0.999271
44 65 0.999229
44 66 0.999188
44 67 0.99915
44 68 0.999114
44 69 0.99908
44 70 0.999048
44 71 0.999019
44 72 0.998992
44 73 0.998968
44 74 0.998947
44 75 0.998928
44 76 0.998912
44 77 0.998899
44 78 0.998888
44 79 0.998881
44 80 0.998876
44 81 0.998874
44 82 0.998875
44 83 0.998878
44 84 0.998884
44 85 0.998893
44 86 0.998904
44 87 0.998918
44 88 0.998934
44 89 0.998953
44 90 0.998973
44 91 0.998996
44 92 0.999021
44 93 0.999048
44 94 0.999076
44 95 0.999106
44 96 0.999138
44 97 0.999171
44 98 0.999205
44 99 0.99924
44 100 0.999276
44 101 0.999313
44 102 0.999351
44 103 0.999388
44 104 0.999426
44 105 0.999464
44 106 0.999502
44 107 0.99954
44 108 0.999577
44 109 0.999613
44 110 0.999649
44 111 0.999684
44 112 0.999718
44 113 0.99975
44 114 0.999782
44 115 0.999812
44 116 0.99984
44 117 0.999867
44 118 0.999893
44 119 0.999918
44 120 0.999942
44 121 0.999966
44 122 0.999989
44 123 1.00001
44 124 1.00004
44 125 1.00006
44 126 1.00009
44 127 1.00011

45 0 0
45 1 1.00063
45 2 1.00063
45 3 1.00063
45 4 1.00063
45 5 1.00063
45 6 1.00063
45 7 1.00063
45 8 1.00064
45 9 1.00064
45 10 1.00064
45 11 1.00064
45 12 1.00064
45 13 1.00064
45 14 1.00063
45 15 1.00063
45 16 1.00063
45 17 1.00063
45 18 1.00063
45 19 1.00063
45 20 1.00062
45 21 1.00062
45 22 1.00061
45 23 1.00061
45 24 1.0006
45 25 1.0006
45 26 1.00059
45 27 1.00058
45 28 1.00057
45 29 1.00056
45 30 1.00055
45 31 1.00053
45 32 1.00052
45 33 1.0005
45 34 1.00048
45 35 1.00046
45 36 1.00044
45 37 1.00041
45 38 1.00039
45 39 1.00036
45 40 1.00033
45 41 1.0003
45 42 1.00026
45 43 1.00023
45 44 1.00019
45 45 1.00015
45 46 1.0001
45 47 1.00006
45 48 1.00001
45 49 0.999968
45 50 0.999919
45 51 0.99987
45 52 0.999819
45 53 0.999768
45 54 0.999716
45 55 0.999664
45 56 0.999612
45 57 0.99956
45 58 0.999508
45 59 0.999457
45 60 0.999407
45 61 0.999357
45 62 0.999309
45 63 0.999263
45 64 0.999218
45 65 0.999174
45 66 0.999133
45 67 0.999094
45 68 0.999057
45 69 0.999022
45 70 0.99899
45 71 0.99896
45 72 0.998933
45 73 0.998909
45 74 0.998887
45 75 0.998869
45 76 0.998853
45 77 0.99884
45 78 0.998829
45 79 0.998822
45 80 0.998818
45 81 0.998816
45 82 0.998817
45 83 0.998821
45 84 0.998828
45 85 0.998837
45 86 0.998849
45 87 0.998864
45 88 0.998881
45 89 0.9989
45 90 0.998922
45 91 0.998945
45 92 0.998971
45 93 0.998999
45 94 0.999028
45 95 0.999059
45 96 0.999092
45 97 0.999125
45 98 0.99916
45 99 0.999196
45 100 0.999233
45 101 0.999271
45 102 0.999309
45 103 0.999347
45 104 0.999386
45 105 0.999424
45 106 0.999462
45 107 0.9995
45 108 0.999538
45 109 0.999575
45 110 0.999611
45 111 0.999645
45 112 0.999679
45 113 0.999712
45 114 0.999743
45 115 0.999773
45 116 0.999801
45 117 0.999829
45 118 0.999854
45 119 0.999879
45 120 0.999903
45 121 0.999926
45 122 0.999949
45 123 0.999972
45 124 0.999995
45 125 1.00002
45 126 1.00004
45 127 1.00007

46 0 0
46 1 1.00064
46 2 1.00064
46 3 1.00064
46 4 1.00064
46 5 1.00064
46 6 1.00064
46 7 1.00064
46 8 1.00064
46 9 1.00064
46 10 1.00064
46 11 1.00064
46 12 1.00064
46 13 1.00064
46 14 1.00064
46 15 1.00064
46 16 1.00064
46 17 1.00064
46 18 1.00063
46 19 1.00063
46 20 1.00063
46 21 1.00063
46 22 1.00062
46 23 1.00062
46 24 1.00061
46 25 1.0006
46 26 1.00059
46 27 1.00058
46 28 1.00057
46 29 1.00056
46 30 1.00055
46 31 1.00053
46 32 1.00052
46 33 1.0005
46 34 1.00048
46 35 1.00046
46 36 1.00044
46 37 1.00041
46 38 1.00038
46 39 1.00035
46 40 1.00032
46 41 1.00029
46 42 1.00025
46 43 1.00021
46 44 1.00017
46 45 1.00013
46 46 1.00008
46 47 1.00004
46 48 0.999991
46 49 0.999941
46 50 0.999891
46 51 0.999839
46 52 0.999786
46 53 0.999733
46 54 0.999679
46 55 0.999624
46 56 0.99957
46 57 0.999516
46 58 0.999463
46 59 0.99941
46 60 0.999358
46 61 0.999307
46 62 0.999258
46 63 0.99921
46 64 0.999164
46 65 0.999119
46 66 0.999077
46 67 0.999037
46 68 0.998999
46 69 0.998964
46 70 0.998931
46 71 0.998901
46 72 0.998874
46 73 0.998849
46 74 0.998827
46 75 0.998809
46 76 0.998793
46 77 0.99878
46 78 0.99877
46 79 0.998763
46 80 0.998758
46 81 0.998757
46 82 0.998759
46 83 0.998763
46 84 0.998771
46 85 0.998781
46 86 0.998793
46 87 0.998809
46 88 0.998826
46 89 0.998847
46 90 0.998869
46 91 0.998893
46 92 0.99892
46 93 0.998948
46 94 0.998979
46 95 0.99901
46 96 0.999044
46 97 0.999078
46 98 0.999114
46 99 0.999151
46 100 0.999188
46 101 0.999227
46 102 0.999265
46 103 0.999304
46 104 0.999343
46 105 0.999382
46 106 0.999421
46 107 0.999459
46 108 0.999497
46 109 0.999534
46 110 0.99957
46 111 0.999605
46 112 0.999639
46 113 0.999672
46 114 0.999703
46 115 0.999733
46 116 0.999761
46 117 0.999788
46 118 0.999814
46 119 0.999838
46 120 0.999862
46 121 0.999885
46 122 0.999908
46 123 0.99993
46 124 0.999953
46 125 0.999977
46 126 1
46 127 1.00003

47 0 0
47 1 1.00064
47 2 1.00064
47 3 1.00065
47 4 1.00065
47 5 1.00065
47 6 1.00065
47 7 1.00065
47 8 1.00065
47 9 1.00065
47 10 1.00065
47 11 1.00065
47 12 1.00065
47 13 1.00065
47 14 1.00065
47 15 1.00065
47 16 1.00065
47 17 1.00064
47 18 1.00064
47 19 1.00064
47 20 1.00064
47 21 1.00063
47 22 1.00063
47 23 1.00062
47 24 1.00061
47 25 1.00061
47 26 1.0006
47 27 1.00059
47 28 1.00058
47 29 1.00057
47 30 1.00055
47 31 1.00054
47 32 1.00052
47 33 1.0005
47 34 1.00048
47 35 1.00046
47 36 1.00043
47 37 1.00041
47 38 1.00038
47 39 1.00035
47 40 1.00031
47 41 1.00028
47 42 1.00024
47 43 1.0002
47 44 1.00016
47 45 1.00011
47 46 1.00006
47 47 1.00002
47 48 0.999966
47 49 0.999914
47 50 0.999861
47 51 0.999807
47 52 0.999752
47 53 0.999697
47 54 0.999641
47 55 0.999584
47 56 0.999528
47 57 0.999472
47 58 0.999417
47 59 0.999362
47 60 0.999309
47 61 0.999257
47 62 0.999206
47 63 0.999156
47 64 0.999109
47 65 0.999064
47 66 0.99902
47 67 0.998979
47 68 0.998941
47 69 0.998905
47 70 0.998872
47 71 0.998841
47 72 0.998814
47 73 0.998789
47 74 0.998767
47 75 0.998748
47 76 0.998732
47 77 0.998719
47 78 0.998709
47 79 0.998703
47 80 0.998699
47 81 0.998698
47 82 0.9987
47 83 0.998705
47 84 0.998713
47 85 0.998724
47 86 0.998737
47 87 0.998753
47 88 0.998771
47 89 0.998792
47 90 0.998815
47 91 0.998841
47 92 0.998868
47 93 0.998897
47 94 0.998928
47 95 0.998961
47 96 0.998995
47 97 0.99903
47 98 0.999067
47 99 0.999104
47 100 0.999142
47 101 0.999181
47 102 0.99922
47 103 0.99926
47 104 0.999299
47 105 0.999339
47 106 0.999378
47 107 0.999417
47 108 0.999455
47 109 0.999492
47 110 0.999528
47 111 0.999563
47 112 0.999597
47 113 0.99963
47 114 0.999661
47 115 0.999691
47 116 0.999719
47 117 0.999746
47 118 0.999772
47 119 0.999796
47 120 0.99982
47 121 0.999842
47 122 0.999865
47 123 0.999887
47 124 0.99991
47 125 0.999933
47 126 0.999957
47 127 0.999982

48 0 0
48 1 1.00065
48 2 1.00065
48 3 1.00065
48 4 1.00065
48 5 1.00066
48 6 1.00066
48 7 1.00066
48 8 1.00066
48 9 1.00066
48 10 1.00066
48 11 1.00066
48 12 1.00066
48 13 1.00066
48 14 1.00066
48 15 1.00065
48 16 1.00065
48 17 1.00065
48 18 1.00065
48 19 1.00065
48 20 1.00064
48 21 1.00064
48 22 1.00063
48 23 1.00063
48 24 1.00062
48 25 1.00061
48 26 1.0006
48 27 1.00059
48 28 1.00058
48 29 1.00057
48 30 1.00055
48 31 1.00054
48 32 1.00052
48 33 1.0005
48 34 1.00048
48 35 1.00046
48 36 1.00043
48 37 1.0004
48 38 1.00037
48 39 1.00034
48 40 1.0003
48 41 1.00027
48 42 1.00023
48 43 1.00018
48 44 1.00014
48 45 1.00009
48 46 1.00004
48 47 0.999993
48 48 0.99994
48 49 0.999886
48 50 0.999831
48 51 0.999775
48 52 0.999718
48 53 0.99966
48 54 0.999602
48 55 0.999544
48 56 0.999485
48 57 0.999428
48 58 0.99937
48 59 0.999314
48 60 0.999259
48 61 0.999205
48 62 0.999153
48 63 0.999102
48 64 0.999054
48 65 0.999008
48 66 0.998963
48 67 0.998922
48 68 0.998882
48 69 0.998846
48 70 0.998812
48 71 0.998781
48 72 0.998753
48 73 0.998728
48 74 0.998706
48 75 0.998687
48 76 0.998672
48 77 0.998659
48 78 0.998649
48 79 0.998643
48 80 0.998639
48 81 0.998639
48 82 0.998641
48 83 0.998647
48 84 0.998655
48 85 0.998666
48 86 0.99868
48 87 0.998697
48 88 0.998716
48 89 0.998737
48 90 0.998761
48 91 0.998787
48 92 0.998815
48 93 0.998845
48 94 0.998877
48 95 0.99891
48 96 0.998945
48 97 0.998981
48 98 0.999018
48 99 0.999057
48 100 0.999095
48 101 0.999135
48 102 0.999175
48 103 0.999215
48 104 0.999255
48 105 0.999294
48 106 0.999334
48 107 0.999373
48 108 0.999411
48 109 0.999448
48 110 0.999485
48 111 0.99952
48 112 0.999554
48 113 0.999586
48 114 0.999617
48 115 0.999647
48 116 0.999675
48 117 0.999702
48 118 0.999728
48 119 0.999752
48 120 0.999776
48 121 0.999799
48 122 0.999821
48 123 0.999843
48 124 0.999865
48 125 0.999888
48 126 0.999911
48 127 0.999935

49 0 0
49 1 1.00066
49 2 1.00066
49 3 1.00066
49 4 1.00066
49 5 1.00066
49 6 1.00066
49 7 1.00066
49 8 1.00066
49 9 1.00066
49 10 1.00066
49 11 1.00066
49 12 1.00066
49 13 1.00066
49 14 1.00066
49 15 1.00066
49 16 1.00066
49 17 1.00066
49 18 1.00065
49 19 1.00065
49 20 1.00065
49 21 1.00064
49 22 1.00064
49 23 1.00063
49 24 1.00063
49 25 1.00062
49 26 1.00061
49 27 1.0006
49 28 1.00059
49 29 1.00057
49 30 1.00056
49 31 1.00054
49 32 1.00052
49 33 1.0005
49 34 1.00048
49 35 1.00045
49 36 1.00043
49 37 1.0004
49 38 1.00036
49 39 1.00033
49 40 1.00029
49 41 1.00025
49 42 1.00021
49 43 1.00017
49 44 1.00012
49 45 1.00007
49 46 1.00002
49 47 0.999969
49 48 0.999914
49 49 0.999858
49 50 0.999801
49 51 0.999742
49 52 0.999683
49 53 0.999623
49 54 0.999563
49 55 0.999502
49 56 0.999442
49 57 0.999383
49 58 0.999324
49 59 0.999266
49 60 0.999209
49 61 0.999154
49 62 0.9991
49 63 0.999048
49 64 0.998999
49 65 0.998951
49 66 0.998906
49 67 0.998864
49 68 0.998824
49 69 0.998787
49 70 0.998753
49 71 0.998721
49 72 0.998693
49 73 0.998668
49 74 0.998646
49 75 0.998627
49 76 0.998611
49 77 0.998598
49 78 0.998589
49 79 0.998583
49 80 0.998579
49 81 0.998579
49 82 0.998582
49 83 0.998588
49 84 0.998597
49 85 0.998609
49 86 0.998623
49 87 0.99864
49 88 0.99866
49 89 0.998682
49 90 0.998707
49 91 0.998733
49 92 0.998762
49 93 0.998793
49 94 0.998825
49 95 0.998859
49 96 0.998895
49 97 0.998931
49 98 0.998969
49 99 0.999008
49 100 0.999047
49 101 0.999087
49 102 0.999128
49 103 0.999168
49 104 0.999209
49 105 0.999249
49 106 0.999289
49 107 0.999328
49 108 0.999366
49 109 0.999404
49 110 0.99944
49 111 0.999475
49 112 0.999509
49 113 0.999542
49 114 0.999573
49 115 0.999603
49 116 0.999631
49 117 0.999658
49 118 0.999683
49 119 0.999707
49 120 0.999731
49 121 0.999753
49 122 0.999776
49 123 0.999798
49 124 0.99982
49 125 0.999842
49 126 0.999865
49 127 0.999888

50 0 0
50 1 1.00067
50 2 1.00067
50 3 1.00067
50 4 1.00067
50 5 1.00067
50 6 1.00067
50 7 1.00067
50 8 1.00067
50 9 1.00067
50 10 1.00067
50 11 1.00067
50 12 1.00067
50 13 1.00067
50 14 1.00067
50 15 1.00067
50 16 1.00067
50 17 1.00066
50 18 1.00066
50 19 1.00066
50 20 1.00065
50 21 1.00065
50 22 1.00064
50 23 1.00064
50 24 1.00063
50 25 1.00062
50 26 1.00061
50 27 1.0006
50 28 1.00059
50 29 1.00058
50 30 1.00056
50 31 1.00054
50 32 1.00052
50 33 1.0005
50 34 1.00048
50 35 1.00045
50 36 1.00042
50 37 1.00039
50 38 1.00036
50 39 1.00032
50 40 1.00028
50 41 1.00024
50 42 1.0002
50 43 1.00015
50 44 1.0001
50 45 1.00005
50 46 1
50 47 0.999945
50 48 0.999888
50 49 0.99983
50 50 0.99977
50 51 0.999709
50 52 0.999648
50 53 0.999586
50 54 0.999523
50 55 0.999461
50 56 0.999399
50 57 0.999337
50 58 0.999276
50 59 0.999217
50 60 0.999159
50 61 0.999102
50 62 0.999047
50 63 0.998994
50 64 0.998943
50 65 0.998895
50 66 0.998849
50 67 0.998806
50 68 0.998766
50 69 0.998728
50 70 0.998693
50 71 0.998662
50 72 0.998633
50 73 0.998608
50 74 0.998586
50 75 0.998567
50 76 0.998551
50 77 0.998538
50 78 0.998529
50 79 0.998523
50 80 0.99852
50 81 0.99852
50 82 0.998523
50 83 0.99853
50 84 0.998539
50 85 0.998551
50 86 0.998566
50 87 0.998584
50 88 0.998604
50 89 0.998627
50 90 0.998652
50 91 0.998679
50 92 0.998709
50 93 0.99874
50 94 0.998773
50 95 0.998808
50 96 0.998844
50 97 0.998881
50 98 0.99892
50 99 0.998959
50 100 0.998999
50 101 0.999039
50 102 0.99908
50 103 0.999121
50 104 0.999162
50 105 0.999202
50 106 0.999242
50 107 0.999282
50 108 0.99932
50 109 0.999358
50 110 0.999395
50 111 0.99943
50 112 0.999464
50 113 0.999496
50 114 0.999527
50 115 0.999557
50 116 0.999585
50 117 0.999612
50 118 0.999637
50 119 0.999662
50 120 0.999685
50 121 0.999707
50 122 0.999729
50 123 0.999751
50 124 0.999773
50 125 0.999795
50 126 0.999817
50 127 0.99984

51 0 0
51 1 1.00068
51 2 1.00068
51 3 1.00068
51 4 1.00068
51 5 1.00068
51 6 1.00068
51 7 1.00068
51 8 1.00068
51 9 1.00068
51 10 1.00068
51 11 1.00068
51 12 1.00068
51 13 1.00068
51 14 1.00068
51 15 1.00068
51 16 1.00067
51 17 1.00067
51 18 1.00067
51 19 1.00067
51 20 1.00066
51 21 1.00066
51 22 1.00065
51 23 1.00064
51 24 1.00064
51 25 1.00063
51 26 1.00062
51 27 1.00061
51 28 1.00059
51 29 1.00058
51 30 1.00056
51 31 1.00054
51 32 1.00052
51 33 1.0005
51 34 1.00048
51 35 1.00045
51 36 1.00042
51 37 1.00039
51 38 1.00035
51 39 1.00031
51 40 1.00027
51 41 1.00023
51 42 1.00019
51 43 1.00014
51 44 1.00009
51 45 1.00003
51 46 0.999978
51 47 0.999921
51 48 0.999862
51 49 0.999801
51 50 0.999739
51 51 0.999676
51 52 0.999612
51 53 0.999548
51 54 0.999483
51 55 0.999419
51 56 0.999355
51 57 0.999292
51 58 0.999229
51 59 0.999168
51 60 0.999108
51 61 0.99905
51 62 0.998994
51 63 0.99894
51 64 0.998889
51 65 0.998839
51 66 0.998793
51 67 0.998749
51 68 0.998708
51 69 0.99867
51 70 0.998635
51 71 0.998603
51 72 0.998574
51 73 0.998548
51 74 0.998526
51 75 0.998507
51 76 0.998491
51 77 0.998479
51 78 0.99847
51 79 0.998464
51 80 0.998461
51 81 0.998462
51 82 0.998465
51 83 0.998472
51 84 0.998482
51 85 0.998494
51 86 0.99851
51 87 0.998528
51 88 0.998549
51 89 0.998572
51 90 0.998598
51 91 0.998626
51 92 0.998656
51 93 0.998687
51 94 0.998721
51 95 0.998756
51 96 0.998793
51 97 0.998831
51 98 0.99887
51 99 0.99891
51 100 0.99895
51 101 0.998991
51 102 0.999032
51 103 0.999073
51 104 0.999115
51 105 0.999155
51 106 0.999196
51 107 0.999235
51 108 0.999274
51 109 0.999312
51 110 0.999348
51 111 0.999384
51 112 0.999418
51 113 0.99945
51 114 0.999481
51 115 0.999511
51 116 0.999539
51 117 0.999565
51 118 0.999591
51 119 0.999615
51 120 0.999638
51 121 0.999661
51 122 0.999683
51 123 0.999704
51 124 0.999726
51 125 0.999747
51 126 0.999769
51 127 0.999791

52 0 0
52 1 1.00068
52 2 1.00069
52 3 1.00069
52 4 1.00069
52 5 1.00069
52 6 1.00069
52 7 1.00069
52 8 1.00069
52 9 1.00069
52 10 1.00069
52 11 1.00069
52 12 1.00069
52 13 1.00069
52 14 1.00069
52 15 1.00068
52 16 1.00068
52 17 1.00068
52 18 1.00068
52 19 1.00067
52 20 1.00067
52 21 1.00066
52 22 1.00066
52 23 1.00065
52 24 1.00064
52 25 1.00063
52 26 1.00062
52 27 1.00061
52 28 1.0006
52 29 1.00058
52 30 1.00057
52 31 1.00055
52 32 1.00052
52 33 1.0005
52 34 1.00048
52 35 1.00045
52 36 1.00042
52 37 1.00038
52 38 1.00035
52 39 1.00031
52 40 1.00026
52 41 1.00022
52 42 1.00017
52 43 1.00012
52 44 1.00007
52 45 1.00001
52 46 0.999956
52 47 0.999897
52 48 0.999835
52 49 0.999772
52 50 0.999708
52 51 0.999643
52 52 0.999577
52 53 0.99951
52 54 0.999444
52 55 0.999378
52 56 0.999312
52 57 0.999247
52 58 0.999183
52 59 0.99912
52 60 0.999059
52 61 0.998999
52 62 0.998942
52 63 0.998887
52 64 0.998834
52 65 0.998784
52 66 0.998737
52 67 0.998692
52 68 0.998651
52 69 0.998612
52 70 0.998577
52 71 0.998545
52 72 0.998516
52 73 0.99849
52 74 0.998468
52 75 0.998449
52 76 0.998433
52 77 0.998421
52 78 0.998412
52 79 0.998406
52 80 0.998403
52 81 0.998404
52 82 0.998408
52 83 0.998415
52 84 0.998425
52 85 0.998438
52 86 0.998454
52 87 0.998473
52 88 0.998494
52 89 0.998518
52 90 0.998544
52 91 0.998572
52 92 0.998603
52 93 0.998635
52 94 0.998669
52 95 0.998705
52 96 0.998742
52 97 0.998781
52 98 0.99882
52 99 0.99886
52 100 0.998901
52 101 0.998943
52 102 0.998984
52 103 0.999026
52 104 0.999067
52 105 0.999108
52 106 0.999149
52 107 0.999188
52 108 0.999227
52 109 0.999265
52 110 0.999302
52 111 0.999337
52 112 0.999371
52 113 0.999403
52 114 0.999434
52 115 0.999464
52 116 0.999492
52 117 0.999518
52 118 0.999544
52 119 0.999568
52 120 0.999591
52 121 0.999613
52 122 0.999635
52 123 0.999657
52 124 0.999678
52 125 0.999699
52 126 0.999721
52 127 0.999742

53 0 0
53 1 1.00069
53 2 1.00069
53 3 1.00069
53 4 1.0007
53 5 1.0007
53 6 1.0007
53 7 1.0007
53 8 1.0007
53 9 1.0007
53 10 1.0007
53 11 1.0007
53 12 1.0007
53 13 1.00069
53 14 1.00069
53 15 1.00069
53 16 1.00069
53 17 1.00069
53 18 1.00068
53 19 1.00068
53 20 1.00068
53 21 1.00067
53 22 1.00066
53 23 1.00066
53 24 1.00065
53 25 1.00064
53 26 1.00063
53 27 1.00062
53 28 1.0006
53 29 1.00059
53 30 1.00057
53 31 1.00055
53 32 1.00053
53 33 1.0005
53 34 1.00048
53 35 1.00045
53 36 1.00041
53 37 1.00038
53 38 1.00034
53 39 1.0003
53 40 1.00026
53 41 1.00021
53 42 1.00016
53 43 1.00011
53 44 1.00005
53 45 0.999994
53 46 0.999934
53 47 0.999873
53 48 0.999809
53 49 0.999744
53 50 0.999677
53 51 0.99961
53 52 0.999542
53 53 0.999473
53 54 0.999405
53 55 0.999336
53 56 0.999269
53 57 0.999202
53 58 0.999136
53 59 0.999072
53 60 0.99901
53 61 0.998949
53 62 0.998891
53 63 0.998835
53 64 0.998781
53 65 0.99873
53 66 0.998682
53 67 0.998637
53 68 0.998595
53 69 0.998556
53 70 0.99852
53 71 0.998488
53 72 0.998459
53 73 0.998433
53 74 0.998411
53 75 0.998392
53 76 0.998376
53 77 0.998364
53 78 0.998355
53 79 0.998349
53 80 0.998347
53 81 0.998348
53 82 0.998352
53 83 0.998359
53 84 0.99837
53 85 0.998383
53 86 0.998399
53 87 0.998418
53 88 0.99844
53 89 0.998464
53 90 0.998491
53 91 0.99852
53 92 0.998551
53 93 0.998583
53 94 0.998618
53 95 0.998654
53 96 0.998692
53 97 0.998731
53 98 0.998771
53 99 0.998811
53 100 0.998853
53 101 0.998894
53 102 0.998936
53 103 0.998978
53 104 0.99902
53 105 0.999061
53 106 0.999101
53 107 0.999141
53 108 0.99918
53 109 0.999218
53 110 0.999255
53 111 0.99929
53 112 0.999324
53 113 0.999356
53 114 0.999387
53 115 0.999417
53 116 0.999445
53 117 0.999471
53 118 0.999496
53 119 0.99952
53 120 0.999544
53 121 0.999566
53 122 0.999588
53 123 0.999609
53 124 0.99963
53 125 0.999651
53 126 0.999672
53 127 0.999692

54 0 0
54 1 1.0007
54 2 1.0007
54 3 1.0007
54 4 1.0007
54 5 1.0007
54 6 1.0007
54 7 1.00071
54 8 1.00071
54 9 1.00071
54 10 1.0007
54 11 1.0007
54 12 1.0007
54 13 1.0007
54 14 1.0007
54 15 1.0007
54 16 1.0007
54 17 1.00069
54 18 1.00069
54 19 1.00069
54 20 1.00068
54 21 1.00068
54 22 1.00067
54 23 1.00066
54 24 1.00066
54 25 1.00065
54 26 1.00063
54 27 1.00062
54 28 1.00061
54 29 1.00059
54 30 1.00057
54 31 1.00055
54 32 1.00053
54 33 1.0005
54 34 1.00047
54 35 1.00044
54 36 1.00041
54 37 1.00037
54 38 1.00033
54 39 1.00029
54 40 1.00025
54 41 1.0002
54 42 1.00015
54 43 1.00009
54 44 1.00003
54 45 0.999975
54 46 0.999913
54 47 0.999849
54 48 0.999783
54 49 0.999715
54 50 0.999647
54 51 0.999577
54 52 0.999507
54 53 0.999436
54 54 0.999366
54 55 0.999296
54 56 0.999226
54 57 0.999158
54 58 0.999091
54 59 0.999025
54 60 0.998961
54 61 0.9989
54 62 0.99884
54 63 0.998783
54 64 0.998729
54 65 0.998677
54 66 0.998629
54 67 0.998583
54 68 0.99854
54 69 0.998501
54 70 0.998465
54 71 0.998433
54 72 0.998403
54 73 0.998377
54 74 0.998355
54 75 0.998336
54 76 0.99832
54 77 0.998308
54 78 0.998299
54 79 0.998294
54 80 0.998292
54 81 0.998293
54 82 0.998297
54 83 0.998305
54 84 0.998316
54 85 0.998329
54 86 0.998346
54 87 0.998365
54 88 0.998387
54 89 0.998412
54 90 0.998439
54 91 0.998468
54 92 0.998499
54 93 0.998533
54 94 0.998568
54 95 0.998604
54 96 0.998642
54 97 0.998681
54 98 0.998722
54 99 0.998763
54 100 0.998804
54 101 0.998846
54 102 0.998888
54 103 0.99893
54 104 0.998972
54 105 0.999014
54 106 0.999054
54 107 0.999094
54 108 0.999133
54 109 0.999171
54 110 0.999208
54 111 0.999243
54 112 0.999277
54 113 0.999309
54 114 0.99934
54 115 0.999369
54 116 0.999397
54 117 0.999424
54 118 0.999449
54 119 0.999473
54 120 0.999496
54 121 0.999518
54 122 0.99954
54 123 0.999561
54 124 0.999582
54 125 0.999603
54 126 0.999623
54 127 0.999643

55 0 0
55 1 1.00071
55 2 1.00071
55 3 1.00071
55 4 1.00071
55 5 1.00071
55 6 1.00071
55 7 1.00071
55 8 1.00071
55 9 1.00071
55 10 1.00071
55 11 1.00071
55 12 1.00071
55 13 1.00071
55 14 1.00071
55 15 1.00071
55 16 1.00071
55 17 1.0007
55 18 1.0007
55 19 1.0007
55 20 1.00069
55 21 1.00068
55 22 1.00068
55 23 1.00067
55 24 1.00066
55 25 1.00065
55 26 1.00064
55 27 1.00063
55 28 1.00061
55 29 1.00059
55 30 1.00058
55 31 1.00055
55 32 1.00053
55 33 1.0005
55 34 1.00047
55 35 1.00044
55 36 1.00041
55 37 1.00037
55 38 1.00033
55 39 1.00028
55 40 1.00024
55 41 1.00019
55 42 1.00013
55 43 1.00008
55 44 1.00002
55 45 0.999956
55 46 0.999891
55 47 0.999825
55 48 0.999757
55 49 0.999687
55 50 0.999617
55 51 0.999545
55 52 0.999473
55 53 0.9994
55 54 0.999328
55 55 0.999256
55 56 0.999185
55 57 0.999115
55 58 0.999046
55 59 0.998979
55 60 0.998914
55 61 0.998851
55 62 0.998791
55 63 0.998733
55 64 0.998678
55 65 0.998626
55 66 0.998577
55 67 0.99853
55 68 0.998488
55 69 0.998448
55 70 0.998412
55 71 0.998379
55 72 0.998349
55 73 0.998324
55 74 0.998301
55 75 0.998282
55 76 0.998266
55 77 0.998254
55 78 0.998246
55 79 0.99824
55 80 0.998238
55 81 0.99824
55 82 0.998244
55 83 0.998252
55 84 0.998263
55 85 0.998277
55 86 0.998294
55 87 0.998313
55 88 0.998336
55 89 0.998361
55 90 0.998388
55 91 0.998417
55 92 0.998449
55 93 0.998483
55 94 0.998518
55 95 0.998555
55 96 0.998593
55 97 0.998633
55 98 0.998673
55 99 0.998715
55 100 0.998757
55 101 0.998799
55 102 0.998841
55 103 0.998883
55 104 0.998925
55 105 0.998967
55 106 0.999008
55 107 0.999048
55 108 0.999087
55 109 0.999125
55 110 0.999161
55 111 0.999197
55 112 0.99923
55 113 0.999263
55 114 0.999293
55 115 0.999322
55 116 0.99935
55 117 0.999377
55 118 0.999402
55 119 0.999426
55 120 0.999449
55 121 0.999471
55 122 0.999493
55 123 0.999514
55 124 0.999534
55 125 0.999554
55 126 0.999574
55 127 0.999593

56 0 0
56 1 1.00072
56 2 1.00072
56 3 1.00072
56 4 1.00072
56 5 1.00072
56 6 1.00072
56 7 1.00072
56 8 1.00072
56 9 1.00072
56 10 1.00072
56 11 1.00072
56 12 1.00072
56 13 1.00072
56 14 1.00072
56 15 1.00072
56 16 1.00071
56 17 1.00071
56 18 1.00071
56 19 1.0007
56 20 1.0007
56 21 1.00069
56 22 1.00069
56 23 1.00068
56 24 1.00067
56 25 1.00066
56 26 1.00065
56 27 1.00063
56 28 1.00062
56 29 1.0006
56 30 1.00058
56 31 1.00056
56 32 1.00053
56 33 1.00051
56 34 1.00048
56 35 1.00044
56 36 1.00041
56 37 1.00037
56 38 1.00032
56 39 1.00028
56 40 1.00023
56 41 1.00018
56 42 1.00012
56 43 1.00006
56 44 1
56 45 0.999937
56 46 0.999871
56 47 0.999802
56 48 0.999732
56 49 0.99966
56 50 0.999587
56 51 0.999513
56 52 0.999439
56 53 0.999365
56 54 0.99929
56 55 0.999217
56 56 0.999144
56 57 0.999073
56 58 0.999003
56 59 0.998934
56 60 0.998868
56 61 0.998805
56 62 0.998743
56 63 0.998685
56 64 0.998629
56 65 0.998576
56 66 0.998526
56 67 0.99848
56 68 0.998437
56 69 0.998397
56 70 0.99836
56 71 0.998327
56 72 0.998298
56 73 0.998272
56 74 0.998249
56 75 0.99823
56 76 0.998215
56 77 0.998203
56 78 0.998194
56 79 0.998189
56 80 0.998187
56 81 0.998189
56 82 0.998193
56 83 0.998201
56 84 0.998212
56 85 0.998226
56 86 0.998244
56 87 0.998263
56 88 0.998286
56 89 0.998311
56 90 0.998339
56 91 0.998368
56 92 0.9984
56 93 0.998434
56 94 0.99847
56 95 0.998507
56 96 0.998546
56 97 0.998586
56 98 0.998626
56 99 0.998668
56 100 0.99871
56 101 0.998752
56 102 0.998795
56 103 0.998837
56 104 0.998879
56 105 0.998921
56 106 0.998962
56 107 0.999002
56 108 0.999041
56 109 0.999079
56 110 0.999115
56 111 0.99915
56 112 0.999184
56 113 0.999216
56 114 0.999247
56 115 0.999276
56 116 0.999303
56 117 0.99933
56 118 0.999355
56 119 0.999379
56 120 0.999402
56 121 0.999424
56 122 0.999446
56 123 0.999467
56 124 0.999487
56 125 0.999507
56 126 0.999526
56 127 0.999544

57 0 0
57 1 1.00073
57 2 1.00073
57 3 1.00073
57 4 1.00073
57 5 1.00073
57 6 1.00073
57 7 1.00073
57 8 1.00073
57 9 1.00073
57 10 1.00073
57 11 1.00073
57 12 1.00073
57 13 1.00073
57 14 1.00073
57 15 1.00072
57 16 1.00072
57 17 1.00072
57 18 1.00072
57 19 1.00071
57 20 1.00071
57 21 1.0007
57 22 1.00069
57 23 1.00069
57 24 1.00068
57 25 1.00067
57 26 1.00065
57 27 1.00064
57 28 1.00062
57 29 1.0006
57 30 1.00058
57 31 1.00056
57 32 1.00054
57 33 1.00051
57 34 1.00048
57 35 1.00044
57 36 1.0004
57 37 1.00036
57 38 1.00032
57 39 1.00027
57 40 1.00022
57 41 1.00017
57 42 1.00011
57 43 1.00005
57 44 0.999985
57 45 0.999919
57 46 0.999851
57 47 0.99978
57 48 0.999708
57 49 0.999634
57 50 0.999559
57 51 0.999483
57 52 0.999407
57 53 0.99933
57 54 0.999254
57 55 0.999179
57 56 0.999105
57 57 0.999032
57 58 0.998961
57 59 0.998891
57 60 0.998824
57 61 0.998759
57 62 0.998697
57 63 0.998638
57 64 0.998582
57 65 0.998528
57 66 0.998478
57 67 0.998431
57 68 0.998388
57 69 0.998348
57 70 0.998311
57 71 0.998278
57 72 0.998248
57 73 0.998222
57 74 0.9982
57 75 0.998181
57 76 0.998165
57 77 0.998153
57 78 0.998145
57 79 0.998139
57 80 0.998138
57 81 0.998139
57 82 0.998144
57 83 0.998152
57 84 0.998164
57 85 0.998178
57 86 0.998195
57 87 0.998215
57 88 0.998238
57 89 0.998263
57 90 0.998291
57 91 0.998321
57 92 0.998353
57 93 0.998387
57 94 0.998423
57 95 0.998461
57 96 0.9985
57 97 0.998539
57 98 0.99858
57 99 0.998622
57 100 0.998664
57 101 0.998707
57 102 0.998749
57 103 0.998792
57 104 0.998834
57 105 0.998876
57 106 0.998917
57 107 0.998957
57 108 0.998996
57 109 0.999033
57 110 0.99907
57 111 0.999105
57 112 0.999138
57 113 0.99917
57 114 0.999201
57 115 0.99923
57 116 0.999257
57 117 0.999284
57 118 0.999309
57 119 0.999333
57 120 0.999356
57 121 0.999378
57 122 0.999399
57 123 0.99942
57 124 0.99944
57 125 0.999459
57 126 0.999478
57 127 0.999496

58 0 0
58 1 1.00074
58 2 1.00074
58 3 1.00074
58 4 1.00074
58 5 1.00074
58 6 1.00074
58 7 1.00074
58 8 1.00074
58 9 1.00074
58 10 1.00074
58 11 1.00074
58 12 1.00074
58 13 1.00074
58 14 1.00073
58 15 1.00073
58 16 1.00073
58 17 1.00073
58 18 1.00072
58 19 1.00072
58 20 1.00071
58 21 1.00071
58 22 1.0007
58 23 1.00069
58 24 1.00068
58 25 1.00067
58 26 1.00066
58 27 1.00064
58 28 1.00063
58 29 1.00061
58 30 1.00059
58 31 1.00056
58 32 1.00054
58 33 1.00051
58 34 1.00048
58 35 1.00044
58 36 1.0004
58 37 1.00036
58 38 1.00031
58 39 1.00027
58 40 1.00021
58 41 1.00016
58 42 1.0001
58 43 1.00004
58 44 0.99997
58 45 0.999902
58 46 0.999831
58 47 0.999759
58 48 0.999684
58 49 0.999608
58 50 0.999531
58 51 0.999453
58 52 0.999375
58 53 0.999297
58 54 0.99922
58 55 0.999143
58 56 0.999067
58 57 0.998993
58 58 0.99892
58 59 0.99885
58 60 0.998782
58 61 0.998716
58 62 0.998653
58 63 0.998593
58 64 0.998536
58 65 0.998483
58 66 0.998432
58 67 0.998385
58 68 0.998341
58 69 0.998301
58 70 0.998264
58 71 0.998231
58 72 0.998201
58 73 0.998175
58 74 0.998152
58 75 0.998133
58 76 0.998118
58 77 0.998106
58 78 0.998098
58 79 0.998093
58 80 0.998091
58 81 0.998093
58 82 0.998098
58 83 0.998106
58 84 0.998117
58 85 0.998132
58 86 0.998149
58 87 0.998169
58 88 0.998192
58 89 0.998218
58 90 0.998246
58 91 0.998276
58 92 0.998308
58 93 0.998342
58 94 0.998378
58 95 0.998416
58 96 0.998455
58 97 0.998495
58 98 0.998536
58 99 0.998578
58 100 0.99862
58 101 0.998663
58 102 0.998705
58 103 0.998748
58 104 0.99879
58 105 0.998832
58 106 0.998873
58 107 0.998913
58 108 0.998951
58 109 0.998989
58 110 0.999025
58 111 0.99906
58 112 0.999094
58 113 0.999126
58 114 0.999156
58 115 0.999185
58 116 0.999212
58 117 0.999238
58 118 0.999263
58 119 0.999287
58 120 0.99931
58 121 0.999332
58 122 0.999354
58 123 0.999374
58 124 0.999394
58 125 0.999413
58 126 0.999431
58 127 0.999448

59 0 0
59 1 1.00075
59 2 1.00075
59 3 1.00075
59 4 1.00075
59 5 1.00075
59 6 1.00075
59 7 1.00075
59 8 1.00075
59 9 1.00075
59 10 1.00075
59 11 1.00075
59 12 1.00075
59 13 1.00074
59 14 1.00074
59 15 1.00074
59 16 1.00074
59 17 1.00074
59 18 1.00073
59 19 1.00073
59 20 1.00072
59 21 1.00072
59 22 1.00071
59 23 1.0007
59 24 1.00069
59 25 1.00068
59 26 1.00067
59 27 1.00065
59 28 1.00063
59 29 1.00062
59 30 1.00059
59 31 1.00057
59 32 1.00054
59 33 1.00051
59 34 1.00048
59 35 1.00044
59 36 1.0004
59 37 1.00036
59 38 1.00031
59 39 1.00026
59 40 1.00021
59 41 1.00015
59 42 1.00009
59 43 1.00002
59 44 0.999956
59 45 0.999886
59 46 0.999813
59 47 0.999738
59 48 0.999662
59 49 0.999584
59 50 0.999505
59 51 0.999425
59 52 0.999345
59 53 0.999266
59 54 0.999186
59 55 0.999108
59 56 0.999031
59 57 0.998955
59 58 0.998882
59 59 0.99881
59 60 0.998741
59 61 0.998675
59 62 0.998611
59 63 0.998551
59 64 0.998493
59 65 0.998439
59 66 0.998388
59 67 0.998341
59 68 0.998297
59 69 0.998257
59 70 0.99822
59 71 0.998186
59 72 0.998157
59 73 0.99813
59 74 0.998108
59 75 0.998089
59 76 0.998074
59 77 0.998062
59 78 0.998053
59 79 0.998048
59 80 0.998047
59 81 0.998049
59 82 0.998054
59 83 0.998062
59 84 0.998074
59 85 0.998088
59 86 0.998105
59 87 0.998126
59 88 0.998149
59 89 0.998174
59 90 0.998202
59 91 0.998233
59 92 0.998265
59 93 0.998299
59 94 0.998336
59 95 0.998373
59 96 0.998412
59 97 0.998452
59 98 0.998494
59 99 0.998535
59 100 0.998578
59 101 0.99862
59 102 0.998663
59 103 0.998705
59 104 0.998748
59 105 0.998789
59 106 0.99883
59 107 0.99887
59 108 0.998909
59 109 0.998946
59 110 0.998982
59 111 0.999017
59 112 0.99905
59 113 0.999082
59 114 0.999112
59 115 0.999141
59 116 0.999168
59 117 0.999194
59 118 0.999219
59 119 0.999243
59 120 0.999266
59 121 0.999288
59 122 0.999309
59 123 0.99933
59 124 0.999349
59 125 0.999368
59 126 0.999385
59 127 0.999401

60 0 0
60 1 1.00076
60 2 1.00076
60 3 1.00076
60 4 1.00076
60 5 1.00076
60 6 1.00076
60 7 1.00076
60 8 1.00076
60 9 1.00076
60 10 1.00076
60 11 1.00076
60 12 1.00076
60 13 1.00075
60 14 1.00075
60 15 1.00075
60 16 1.00075
60 17 1.00074
60 18 1.00074
60 19 1.00074
60 20 1.00073
60 21 1.00072
60 22 1.00072
60 23 1.00071
60 24 1.0007
60 25 1.00069
60 26 1.00067
60 27 1.00066
60 28 1.00064
60 29 1.00062
60 30 1.0006
60 31 1.00057
60 32 1.00055
60 33 1.00051
60 34 1.00048
60 35 1.00044
60 36 1.0004
60 37 1.00036
60 38 1.00031
60 39 1.00026
60 40 1.0002
60 41 1.00014
60 42 1.00008
60 43 1.00001
60 44 0.999943
60 45 0.999871
60 46 0.999796
60 47 0.999719
60 48 0.999641
60 49 0.999561
60 50 0.99948
60 51 0.999399
60 52 0.999317
60 53 0.999236
60 54 0.999155
60 55 0.999075
60 56 0.998997
60 57 0.99892
60 58 0.998845
60 59 0.998773
60 60 0.998703
60 61 0.998636
60 62 0.998572
60 63 0.998511
60 64 0.998453
60 65 0.998398
60 66 0.998347
60 67 0.9983
60 68 0.998256
60 69 0.998215
60 70 0.998178
60 71 0.998145
60 72 0.998115
60 73 0.998089
60 74 0.998066
60 75 0.998047
60 76 0.998032
60 77 0.99802
60 78 0.998012
60 79 0.998007
60 80 0.998005
60 81 0.998007
60 82 0.998012
60 83 0.998021
60 84 0.998032
60 85 0.998047
60 86 0.998064
60 87 0.998085
60 88 0.998108
60 89 0.998133
60 90 0.998162
60 91 0.998192
60 92 0.998224
60 93 0.998259
60 94 0.998295
60 95 0.998333
60 96 0.998372
60 97 0.998412
60 98 0.998453
60 99 0.998495
60 100 0.998537
60 101 0.99858
60 102 0.998622
60 103 0.998665
60 104 0.998707
60 105 0.998748
60 106 0.998789
60 107 0.998829
60 108 0.998867
60 109 0.998905
60 110 0.99894
60 111 0.998975
60 112 0.999008
60 113 0.999039
60 114 0.999069
60 115 0.999098
60 116 0.999125
60 117 0.999151
60 118 0.999176
60 119 0.9992
60 120 0.999223
60 121 0.999245
60 122 0.999266
60 123 0.999286
60 124 0.999306
60 125 0.999324
60 126 0.999341
60 127 0.999356

61 0 0
61 1 1.00077
61 2 1.00077
61 3 1.00077
61 4 1.00077
61 5 1.00077
61 6 1.00077
61 7 1.00077
61 8 1.00077
61 9 1.00077
61 10 1.00077
61 11 1.00077
61 12 1.00076
61 13 1.00076
61 14 1.00076
61 15 1.00076
61 16 1.00076
61 17 1.00075
61 18 1.00075
61 19 1.00074
61 20 1.00074
61 21 1.00073
61 22 1.00073
61 23 1.00072
61 24 1.00071
61 25 1.00069
61 26 1.00068
61 27 1.00067
61 28 1.00065
61 29 1.00063
61 30 1.0006
61 31 1.00058
61 32 1.00055
61 33 1.00052
61 34 1.00048
61 35 1.00044
61 36 1.0004
61 37 1.00036
61 38 1.00031
61 39 1.00025
61 40 1.0002
61 41 1.00013
61 42 1.00007
61 43 1
61 44 0.99993
61 45 0.999857
61 46 0.99978
61 47 0.999701
61 48 0.999621
61 49 0.999539
61 50 0.999457
61 51 0.999374
61 52 0.99929
61 53 0.999207
61 54 0.999125
61 55 0.999044
61 56 0.998965
61 57 0.998887
61 58 0.998811
61 59 0.998738
61 60 0.998667
61 61 0.9986
61 62 0.998535
61 63 0.998473
61 64 0.998415
61 65 0.99836
61 66 0.998309
61 67 0.998261
61 68 0.998217
61 69 0.998176
61 70 0.998139
61 71 0.998106
61 72 0.998076
61 73 0.99805
61 74 0.998027
61 75 0.998009
61 76 0.997993
61 77 0.997981
61 78 0.997973
61 79 0.997968
61 80 0.997967
61 81 0.997969
61 82 0.997974
61 83 0.997982
61 84 0.997994
61 85 0.998009
61 86 0.998026
61 87 0.998046
61 88 0.99807
61 89 0.998095
61 90 0.998123
61 91 0.998154
61 92 0.998186
61 93 0.998221
61 94 0.998257
61 95 0.998294
61 96 0.998333
61 97 0.998374
61 98 0.998415
61 99 0.998456
61 100 0.998499
61 101 0.998541
61 102 0.998584
61 103 0.998626
61 104 0.998668
61 105 0.998709
61 106 0.99875
61 107 0.998789
61 108 0.998828
61 109 0.998865
61 110 0.9989
61 111 0.998935
61 112 0.998967
61 113 0.998999
61 114 0.999029
61 115 0.999057
61 116 0.999084
61 117 0.99911
61 118 0.999135
61 119 0.999158
61 120 0.999181
61 121 0.999203
61 122 0.999224
61 123 0.999244
61 124 0.999263
61 125 0.999281
61 126 0.999298
61 127 0.999312

62 0 0
62 1 1.00078
62 2 1.00078
62 3 1.00078
62 4 1.00078
62 5 1.00078
62 6 1.00078
62 7 1.00078
62 8 1.00078
62 9 1.00078
62 10 1.00077
62 11 1.00077
62 12 1.00077
62 13 1.00077
62 14 1.00077
62 15 1.00077
62 16 1.00076
62 17 1.00076
62 18 1.00076
62 19 1.00075
62 20 1.00075
62 21 1.00074
62 22 1.00073
62 23 1.00072
62 24 1.00071
62 25 1.0007
62 26 1.00069
62 27 1.00067
62 28 1.00065
62 29 1.00063
62 30 1.00061
62 31 1.00058
62 32 1.00056
62 33 1.00052
62 34 1.00049
62 35 1.00045
62 36 1.0004
62 37 1.00036
62 38 1.00031
62 39 1.00025
62 40 1.00019
62 41 1.00013
62 42 1.00006
62 43 0.999992
62 44 0.99992
62 45 0.999844
62 46 0.999766
62 47 0.999685
62 48 0.999603
62 49 0.999519
62 50 0.999435
62 51 0.99935
62 52 0.999265
62 53 0.999181
62 54 0.999098
62 55 0.999015
62 56 0.998935
62 57 0.998856
62 58 0.998779
62 59 0.998705
62 60 0.998634
62 61 0.998566
62 62 0.998501
62 63 0.998439
62 64 0.99838
62 65 0.998325
62 66 0.998274
62 67 0.998226
62 68 0.998181
62 69 0.998141
62 70 0.998104
62 71 0.99807
62 72 0.99804
62 73 0.998014
62 74 0.997992
62 75 0.997973
62 76 0.997958
62 77 0.997946
62 78 0.997938
62 79 0.997933
62 80 0.997931
62 81 0.997933
62 82 0.997939
62 83 0.997947
62 84 0.997958
62 85 0.997973
62 86 0.997991
62 87 0.998011
62 88 0.998034
62 89 0.99806
62 90 0.998088
62 91 0.998118
62 92 0.998151
62 93 0.998185
62 94 0.998221
62 95 0.998259
62 96 0.998298
62 97 0.998338
62 98 0.998379
62 99 0.99842
62 100 0.998462
62 101 0.998505
62 102 0.998547
62 103 0.998589
62 104 0.998631
62 105 0.998672
62 106 0.998712
62 107 0.998752
62 108 0.99879
62 109 0.998827
62 110 0.998862
62 111 0.998896
62 112 0.998929
62 113 0.99896
62 114 0.998989
62 115 0.999018
62 116 0.999044
62 117 0.99907
62 118 0.999095
62 119 0.999118
62 120 0.999141
62 121 0.999163
62 122 0.999184
62 123 0.999204
62 124 0.999223
62 125 0.99924
62 126 0.999256
62 127 0.99927

63 0 0
63 1 1.00079
63 2 1.00079
63 3 1.00079
63 4 1.00079
63 5 1.00079
63 6 1.00079
63 7 1.00079
63 8 1.00079
63 9 1.00078
63 10 1.00078
63 11 1.00078
63 12 1.00078
63 13 1.00078
63 14 1.00078
63 15 1.00078
63 16 1.00077
63 17 1.00077
63 18 1.00077
63 19 1.00076
63 20 1.00076
63 21 1.00075
63 22 1.00074
63 23 1.00073
63 24 1.00072
63 25 1.00071
63 26 1.0007
63 27 1.00068
63 28 1.00066
63 29 1.00064
63 30 1.00062
63 31 1.00059
63 32 1.00056
63 33 1.00053
63 34 1.00049
63 35 1.00045
63 36 1.00041
63 37 1.00036
63 38 1.0003
63 39 1.00025
63 40 1.00019
63 41 1.00012
63 42 1.00006
63 43 0.999985
63 44 0.99991
63 45 0.999833
63 46 0.999753
63 47 0.99967
63 48 0.999587
63 49 0.999501
63 50 0.999415
63 51 0.999329
63 52 0.999243
63 53 0.999157
63 54 0.999072
63 55 0.998989
63 56 0.998907
63 57 0.998827
63 58 0.99875
63 59 0.998675
63 60 0.998603
63 61 0.998535
63 62 0.998469
63 63 0.998407
63 64 0.998348
63 65 0.998293
63 66 0.998241
63 67 0.998193
63 68 0.998149
63 69 0.998108
63 70 0.998071
63 71 0.998037
63 72 0.998008
63 73 0.997982
63 74 0.997959
63 75 0.99794
63 76 0.997925
63 77 0.997913
63 78 0.997905
63 79 0.9979
63 80 0.997899
63 81 0.997901
63 82 0.997906
63 83 0.997915
63 84 0.997926
63 85 0.997941
63 86 0.997958
63 87 0.997979
63 88 0.998002
63 89 0.998027
63 90 0.998055
63 91 0.998085
63 92 0.998118
63 93 0.998152
63 94 0.998188
63 95 0.998226
63 96 0.998264
63 97 0.998304
63 98 0.998345
63 99 0.998387
63 100 0.998429
63 101 0.998471
63 102 0.998513
63 103 0.998555
63 104 0.998596
63 105 0.998637
63 106 0.998677
63 107 0.998716
63 108 0.998754
63 109 0.998791
63 110 0.998826
63 111 0.99886
63 112 0.998892
63 113 0.998923
63 114 0.998952
63 115 0.99898
63 116 0.999007
63 117 0.999032
63 118 0.999057
63 119 0.99908
63 120 0.999103
63 121 0.999125
63 122 0.999146
63 123 0.999165
63 124 0.999184
63 125 0.999201
63 126 0.999216
63 127 0.999229

64 0 0
64 1 1.0008
64 2 1.0008
64 3 1.0008
64 4 1.0008
64 5 1.0008
64 6 1.0008
64 7 1.0008
64 8 1.00079
64 9 1.00079
64 10 1.00079
64 11 1.00079
64 12 1.00079
64 13 1.00079
64 14 1.00079
64 15 1.00079
64 16 1.00078
64 17 1.00078
64 18 1.00078
64 19 1.00077
64 20 1.00077
64 21 1.00076
64 22 1.00075
64 23 1.00074
64 24 1.00073
64 25 1.00072
64 26 1.0007
64 27 1.00069
64 28 1.00067
64 29 1.00065
64 30 1.00062
64 31 1.0006
64 32 1.00057
64 33 1.00053
64 34 1.0005
64 35 1.00045
64 36 1.00041
64 37 1.00036
64 38 1.00031
64 39 1.00025
64 40 1.00019
64 41 1.00012
64 42 1.00005
64 43 0.999978
64 44 0.999902
64 45 0.999823
64 46 0.999741
64 47 0.999657
64 48 0.999572
64 49 0.999485
64 50 0.999398
64 51 0.99931
64 52 0.999222
64 53 0.999135
64 54 0.999049
64 55 0.998965
64 56 0.998882
64 57 0.998801
64 58 0.998723
64 59 0.998648
64 60 0.998576
64 61 0.998506
64 62 0.99844
64 63 0.998378
64 64 0.998319
64 65 0.998263
64 66 0.998212
64 67 0.998164
64 68 0.998119
64 69 0.998078
64 70 0.998041
64 71 0.998008
64 72 0.997978
64 73 0.997952
64 74 0.99793
64 75 0.997911
64 76 0.997896
64 77 0.997884
64 78 0.997876
64 79 0.997871
64 80 0.99787
64 81 0.997872
64 82 0.997877
64 83 0.997885
64 84 0.997897
64 85 0.997912
64 86 0.997929
64 87 0.997949
64 88 0.997972
64 89 0.997998
64 90 0.998026
64 91 0.998056
64 92 0.998088
64 93 0.998122
64 94 0.998158
64 95 0.998195
64 96 0.998234
64 97 0.998274
64 98 0.998315
64 99 0.998356
64 100 0.998398
64 101 0.99844
64 102 0.998481
64 103 0.998523
64 104 0.998564
64 105 0.998605
64 106 0.998645
64 107 0.998683
64 108 0.998721
64 109 0.998757
64 110 0.998792
64 111 0.998825
64 112 0.998857
64 113 0.998888
64 114 0.998917
64 115 0.998945
64 116 0.998971
64 117 0.998997
64 118 0.999021
64 119 0.999045
64 120 0.999067
64 121 0.999089
64 122 0.99911
64 123 0.999129
64 124 0.999147
64 125 0.999164
64 126 0.999179
64 127 0.999191

65 0 0
65 1 1.00081
65 2 1.00081
65 3 1.00081
65 4 1.00081
65 5 1.00081
65 6 1.00081
65 7 1.0008
65 8 1.0008
65 9 1.0008
65 10 1.0008
65 11 1.0008
65 12 1.0008
65 13 1.0008
65 14 1.0008
65 15 1.00079
65 16 1.00079
65 17 1.00079
65 18 1.00078
65 19 1.00078
65 20 1.00077
65 21 1.00077
65 22 1.00076
65 23 1.00075
65 24 1.00074
65 25 1.00073
65 26 1.00071
65 27 1.0007
65 28 1.00068
65 29 1.00066
65 30 1.00063
65 31 1.0006
65 32 1.00057
65 33 1.00054
65 34 1.0005
65 35 1.00046
65 36 1.00041
65 37 1.00036
65 38 1.00031
65 39 1.00025
65 40 1.00019
65 41 1.00012
65 42 1.00005
65 43 0.999973
65 44 0.999896
65 45 0.999815
65 46 0.999732
65 47 0.999646
65 48 0.999559
65 49 0.999471
65 50 0.999382
65 51 0.999293
65 52 0.999204
65 53 0.999116
65 54 0.999029
65 55 0.998943
65 56 0.99886
65 57 0.998778
65 58 0.998699
65 59 0.998624
65 60 0.998551
65 61 0.998481
65 62 0.998415
65 63 0.998352
65 64 0.998293
65 65 0.998237
65 66 0.998185
65 67 0.998137
65 68 0.998093
65 69 0.998052
65 70 0.998015
65 71 0.997982
65 72 0.997952
65 73 0.997926
65 74 0.997904
65 75 0.997885
65 76 0.99787
65 77 0.997858
65 78 0.99785
65 79 0.997846
65 80 0.997844
65 81 0.997846
65 82 0.997851
65 83 0.99786
65 84 0.997871
65 85 0.997886
65 86 0.997903
65 87 0.997923
65 88 0.997946
65 89 0.997971
65 90 0.997999
65 91 0.998029
65 92 0.998061
65 93 0.998095
65 94 0.998131
65 95 0.998168
65 96 0.998207
65 97 0.998246
65 98 0.998287
65 99 0.998328
65 100 0.998369
65 101 0.998411
65 102 0.998453
65 103 0.998494
65 104 0.998535
65 105 0.998575
65 106 0.998615
65 107 0.998653
65 108 0.99869
65 109 0.998726
65 110 0.998761
65 111 0.998794
65 112 0.998825
65 113 0.998856
65 114 0.998884
65 115 0.998912
65 116 0.998938
65 117 0.998964
65 118 0.998988
65 119 0.999011
65 120 0.999034
65 121 0.999055
65 122 0.999076
65 123 0.999095
65 124 0.999113
65 125 0.999129
65 126 0.999143
65 127 0.999155

66 0 0
66 1 1.00082
66 2 1.00082
66 3 1.00082
66 4 1.00082
66 5 1.00082
66 6 1.00081
66 7 1.00081
66 8 1.00081
66 9 1.00081
66 10 1.00081
66 11 1.00081
66 12 1.00081
66 13 1.00081
66 14 1.00081
66 15 1.0008
66 16 1.0008
66 17 1.0008
66 18 1.00079
66 19 1.00079
66 20 1.00078
66 21 1.00078
66 22 1.00077
66 23 1.00076
66 24 1.00075
66 25 1.00074
66 26 1.00072
66 27 1.00071
66 28 1.00069
66 29 1.00066
66 30 1.00064
66 31 1.00061
66 32 1.00058
66 33 1.00055
66 34 1.00051
66 35 1.00046
66 36 1.00042
66 37 1.00037
66 38 1.00031
66 39 1.00025
66 40 1.00019
66 41 1.00012
66 42 1.00005
66 43 0.99997
66 44 0.999891
66 45 0.999809
66 46 0.999724
66 47 0.999637
66 48 0.999549
66 49 0.999459
66 50 0.999369
66 51 0.999278
66 52 0.999188
66 53 0.999099
66 54 0.999011
66 55 0.998924
66 56 0.99884
66 57 0.998758
66 58 0.998678
66 59 0.998602
66 60 0.998529
66 61 0.998459
66 62 0.998392
66 63 0.998329
66 64 0.99827
66 65 0.998214
66 66 0.998162
66 67 0.998114
66 68 0.99807
66 69 0.998029
66 70 0.997992
66 71 0.997959
66 72 0.99793
66 73 0.997904
66 74 0.997881
66 75 0.997863
66 76 0.997848
66 77 0.997836
66 78 0.997828
66 79 0.997823
66 80 0.997822
66 81 0.997824
66 82 0.997829
66 83 0.997837
66 84 0.997849
66 85 0.997863
66 86 0.99788
66 87 0.9979
66 88 0.997923
66 89 0.997948
66 90 0.997976
66 91 0.998006
66 92 0.998038
66 93 0.998072
66 94 0.998107
66 95 0.998144
66 96 0.998182
66 97 0.998222
66 98 0.998262
66 99 0.998303
66 100 0.998344
66 101 0.998385
66 102 0.998427
66 103 0.998468
66 104 0.998508
66 105 0.998548
66 106 0.998587
66 107 0.998625
66 108 0.998662
66 109 0.998697
66 110 0.998732
66 111 0.998764
66 112 0.998796
66 113 0.998826
66 114 0.998854
66 115 0.998881
66 116 0.998908
66 117 0.998933
66 118 0.998957
66 119 0.99898
66 120 0.999002
66 121 0.999024
66 122 0.999044
66 123 0.999063
66 124 0.999081
66 125 0.999096
66 126 0.99911
66 127 0.999121

67 0 0
67 1 1.00083
67 2 1.00083
67 3 1.00083
67 4 1.00083
67 5 1.00082
67 6 1.00082
67 7 1.00082
67 8 1.00082
67 9 1.00082
67 10 1.00082
67 11 1.00082
67 12 1.00082
67 13 1.00082
67 14 1.00081
67 15 1.00081
67 16 1.00081
67 17 1.00081
67 18 1.0008
67 19 1.0008
67 20 1.00079
67 21 1.00079
67 22 1.00078
67 23 1.00077
67 24 1.00076
67 25 1.00075
67 26 1.00073
67 27 1.00071
67 28 1.0007
67 29 1.00067
67 30 1.00065
67 31 1.00062
67 32 1.00059
67 33 1.00055
67 34 1.00051
67 35 1.00047
67 36 1.00042
67 37 1.00037
67 38 1.00031
67 39 1.00025
67 40 1.00019
67 41 1.00012
67 42 1.00005
67 43 0.999968
67 44 0.999888
67 45 0.999805
67 46 0.999719
67 47 0.99963
67 48 0.999541
67 49 0.99945
67 50 0.999358
67 51 0.999266
67 52 0.999175
67 53 0.999085
67 54 0.998996
67 55 0.998908
67 56 0.998823
67 57 0.99874
67 58 0.99866
67 59 0.998583
67 60 0.99851
67 61 0.998439
67 62 0.998373
67 63 0.99831
67 64 0.99825
67 65 0.998194
67 66 0.998143
67 67 0.998094
67 68 0.99805
67 69 0.998009
67 70 0.997973
67 71 0.997939
67 72 0.99791
67 73 0.997884
67 74 0.997862
67 75 0.997844
67 76 0.997828
67 77 0.997817
67 78 0.997809
67 79 0.997804
67 80 0.997803
67 81 0.997805
67 82 0.99781
67 83 0.997818
67 84 0.997829
67 85 0.997844
67 86 0.997861
67 87 0.997881
67 88 0.997903
67 89 0.997929
67 90 0.997956
67 91 0.997986
67 92 0.998018
67 93 0.998051
67 94 0.998086
67 95 0.998123
67 96 0.998161
67 97 0.9982
67 98 0.99824
67 99 0.998281
67 100 0.998322
67 101 0.998363
67 102 0.998404
67 103 0.998444
67 104 0.998485
67 105 0.998524
67 106 0.998563
67 107 0.9986
67 108 0.998637
67 109 0.998672
67 110 0.998706
67 111 0.998738
67 112 0.998769
67 113 0.998798
67 114 0.998827
67 115 0.998854
67 116 0.99888
67 117 0.998905
67 118 0.998928
67 119 0.998952
67 120 0.998974
67 121 0.998995
67 122 0.999015
67 123 0.999034
67 124 0.999051
67 125 0.999066
67 126 0.999079
67 127 0.999089

68 0 0
68 1 1.00084
68 2 1.00084
68 3 1.00084
68 4 1.00083
68 5 1.00083
68 6 1.00083
68 7 1.00083
68 8 1.00083
68 9 1.00083
68 10 1.00083
68 11 1.00083
68 12 1.00083
68 13 1.00083
68 14 1.00082
68 15 1.00082
68 16 1.00082
68 17 1.00082
68 18 1.00081
68 19 1.00081
68 20 1.0008
68 21 1.0008
68 22 1.00079
68 23 1.00078
68 24 1.00077
68 25 1.00075
68 26 1.00074
68 27 1.00072
68 28 1.0007
68 29 1.00068
68 30 1.00066
68 31 1.00063
68 32 1.0006
68 33 1.00056
68 34 1.00052
68 35 1.00048
68 36 1.00043
68 37 1.00038
68 38 1.00032
68 39 1.00026
68 40 1.00019
68 41 1.00012
68 42 1.00005
68 43 0.999969
68 44 0.999887
68 45 0.999802
68 46 0.999715
68 47 0.999626
68 48 0.999535
68 49 0.999442
68 50 0.99935
68 51 0.999257
68 52 0.999165
68 53 0.999073
68 54 0.998983
68 55 0.998895
68 56 0.998809
68 57 0.998726
68 58 0.998645
68 59 0.998568
68 60 0.998494
68 61 0.998423
68 62 0.998356
68 63 0.998293
68 64 0.998234
68 65 0.998178
68 66 0.998126
68 67 0.998078
68 68 0.998034
68 69 0.997993
68 70 0.997956
68 71 0.997923
68 72 0.997894
68 73 0.997868
68 74 0.997846
68 75 0.997828
68 76 0.997813
68 77 0.997801
68 78 0.997793
68 79 0.997788
68 80 0.997787
68 81 0.997789
68 82 0.997794
68 83 0.997802
68 84 0.997814
68 85 0.997828
68 86 0.997845
68 87 0.997865
68 88 0.997887
68 89 0.997912
68 90 0.997939
68 91 0.997969
68 92 0.998001
68 93 0.998034
68 94 0.998069
68 95 0.998106
68 96 0.998143
68 97 0.998182
68 98 0.998222
68 99 0.998262
68 100 0.998302
68 101 0.998343
68 102 0.998384
68 103 0.998424
68 104 0.998464
68 105 0.998503
68 106 0.998541
68 107 0.998578
68 108 0.998614
68 109 0.998649
68 110 0.998682
68 111 0.998714
68 112 0.998745
68 113 0.998774
68 114 0.998802
68 115 0.998829
68 116 0.998855
68 117 0.998879
68 118 0.998903
68 119 0.998926
68 120 0.998948
68 121 0.998969
68 122 0.998989
68 123 0.999008
68 124 0.999025
68 125 0.999039
68 126 0.999052
68 127 0.999061

69 0 0
69 1 1.00085
69 2 1.00085
69 3 1.00084
69 4 1.00084
69 5 1.00084
69 6 1.00084
69 7 1.00084
69 8 1.00084
69 9 1.00084
69 10 1.00084
69 11 1.00084
69 12 1.00084
69 13 1.00083
69 14 1.00083
69 15 1.00083
69 16 1.00083
69 17 1.00082
69 18 1.00082
69 19 1.00082
69 20 1.00081
69 21 1.0008
69 22 1.0008
69 23 1.00079
69 24 1.00078
69 25 1.00076
69 26 1.00075
69 27 1.00073
69 28 1.00071
69 29 1.00069
69 30 1.00067
69 31 1.00064
69 32 1.00061
69 33 1.00057
69 34 1.00053
69 35 1.00048
69 36 1.00044
69 37 1.00038
69 38 1.00033
69 39 1.00026
69 40 1.0002
69 41 1.00012
69 42 1.00005
69 43 0.999971
69 44 0.999888
69 45 0.999802
69 46 0.999714
69 47 0.999623
69 48 0.999531
69 49 0.999438
69 50 0.999344
69 51 0.99925
69 52 0.999157
69 53 0.999064
69 54 0.998974
69 55 0.998885
69 56 0.998798
69 57 0.998714
69 58 0.998633
69 59 0.998556
69 60 0.998481
69 61 0.99841
69 62 0.998343
69 63 0.99828
69 64 0.99822
69 65 0.998165
69 66 0.998113
69 67 0.998065
69 68 0.99802
69 69 0.99798
69 70 0.997943
69 71 0.99791
69 72 0.997881
69 73 0.997856
69 74 0.997834
69 75 0.997815
69 76 0.9978
69 77 0.997789
69 78 0.997781
69 79 0.997776
69 80 0.997775
69 81 0.997777
69 82 0.997782
69 83 0.99779
69 84 0.997801
69 85 0.997815
69 86 0.997832
69 87 0.997852
69 88 0.997874
69 89 0.997899
69 90 0.997926
69 91 0.997956
69 92 0.997987
69 93 0.99802
69 94 0.998055
69 95 0.998091
69 96 0.998129
69 97 0.998167
69 98 0.998207
69 99 0.998246
69 100 0.998287
69 101 0.998327
69 102 0.998367
69 103 0.998407
69 104 0.998446
69 105 0.998485
69 106 0.998523
69 107 0.998559
69 108 0.998595
69 109 0.998629
69 110 0.998662
69 111 0.998694
69 112 0.998724
69 113 0.998753
69 114 0.99878
69 115 0.998807
69 116 0.998832
69 117 0.998857
69 118 0.99888
69 119 0.998903
69 120 0.998925
69 121 0.998946
69 122 0.998966
69 123 0.998984
69 124 0.999001
69 125 0.999015
69 126 0.999027
69 127 0.999035

70 0 0
70 1 1.00086
70 2 1.00086
70 3 1.00085
70 4 1.00085
70 5 1.00085
70 6 1.00085
70 7 1.00085
70 8 1.00085
70 9 1.00085
70 10 1.00085
70 11 1.00085
70 12 1.00085
70 13 1.00084
70 14 1.00084
70 15 1.00084
70 16 1.00084
70 17 1.00083
70 18 1.00083
70 19 1.00083
70 20 1.00082
70 21 1.00081
70 22 1.00081
70 23 1.0008
70 24 1.00079
70 25 1.00077
70 26 1.00076
70 27 1.00074
70 28 1.00072
70 29 1.0007
70 30 1.00068
70 31 1.00065
70 32 1.00061
70 33 1.00058
70 34 1.00054
70 35 1.00049
70 36 1.00044
70 37 1.00039
70 38 1.00033
70 39 1.00027
70 40 1.0002
70 41 1.00013
70 42 1.00005
70 43 0.999974
70 44 0.999891
70 45 0.999804
70 46 0.999715
70 47 0.999623
70 48 0.99953
70 49 0.999436
70 50 0.999341
70 51 0.999246
70 52 0.999152
70 53 0.999059
70 54 0.998967
70 55 0.998878
70 56 0.99879
70 57 0.998706
70 58 0.998625
70 59 0.998546
70 60 0.998472
70 61 0.998401
70 62 0.998333
70 63 0.99827
70 64 0.99821
70 65 0.998155
70 66 0.998103
70 67 0.998055
70 68 0.998011
70 69 0.99797
70 70 0.997934
70 71 0.997901
70 72 0.997872
70 73 0.997846
70 74 0.997825
70 75 0.997806
70 76 0.997791
70 77 0.99778
70 78 0.997772
70 79 0.997767
70 80 0.997766
70 81 0.997768
70 82 0.997773
70 83 0.997781
70 84 0.997792
70 85 0.997806
70 86 0.997823
70 87 0.997843
70 88 0.997865
70 89 0.99789
70 90 0.997917
70 91 0.997946
70 92 0.997977
70 93 0.99801
70 94 0.998044
70 95 0.99808
70 96 0.998118
70 97 0.998156
70 98 0.998195
70 99 0.998234
70 100 0.998274
70 101 0.998314
70 102 0.998354
70 103 0.998393
70 104 0.998432
70 105 0.99847
70 106 0.998508
70 107 0.998544
70 108 0.998579
70 109 0.998613
70 110 0.998645
70 111 0.998676
70 112 0.998706
70 113 0.998735
70 114 0.998762
70 115 0.998788
70 116 0.998813
70 117 0.998838
70 118 0.998861
70 119 0.998884
70 120 0.998905
70 121 0.998926
70 122 0.998946
70 123 0.998964
70 124 0.99898
70 125 0.998994
70 126 0.999005
70 127 0.999013

71 0 0
71 1 1.00087
71 2 1.00086
71 3 1.00086
71 4 1.00086
71 5 1.00086
71 6 1.00086
71 7 1.00086
71 8 1.00086
71 9 1.00086
71 10 1.00086
71 11 1.00086
71 12 1.00085
71 13 1.00085
71 14 1.00085
71 15 1.00085
71 16 1.00085
71 17 1.00084
71 18 1.00084
71 19 1.00083
71 20 1.00083
71 21 1.00082
71 22 1.00082
71 23 1.00081
71 24 1.0008
71 25 1.00078
71 26 1.00077
71 27 1.00075
71 28 1.00073
71 29 1.00071
71 30 1.00069
71 31 1.00066
71 32 1.00063
71 33 1.00059
71 34 1.00055
71 35 1.0005
71 36 1.00045
71 37 1.0004
71 38 1.00034
71 39 1.00028
71 40 1.00021
71 41 1.00014
71 42 1.00006
71 43 0.99998
71 44 0.999896
71 45 0.999808
71 46 0.999718
71 47 0.999626
71 48 0.999532
71 49 0.999436
71 50 0.999341
71 51 0.999245
71 52 0.99915
71 53 0.999056
71 54 0.998964
71 55 0.998873
71 56 0.998786
71 57 0.998701
71 58 0.998619
71 59 0.998541
71 60 0.998466
71 61 0.998394
71 62 0.998327
71 63 0.998263
71 64 0.998204
71 65 0.998148
71 66 0.998096
71 67 0.998048
71 68 0.998004
71 69 0.997964
71 70 0.997927
71 71 0.997895
71 72 0.997866
71 73 0.99784
71 74 0.997819
71 75 0.9978
71 76 0.997786
71 77 0.997774
71 78 0.997766
71 79 0.997762
71 80 0.997761
71 81 0.997762
71 82 0.997767
71 83 0.997776
71 84 0.997787
71 85 0.997801
71 86 0.997817
71 87 0.997837
71 88 0.997859
71 89 0.997884
71 90 0.99791
71 91 0.997939
71 92 0.99797
71 93 0.998003
71 94 0.998037
71 95 0.998073
71 96 0.99811
71 97 0.998148
71 98 0.998186
71 99 0.998225
71 100 0.998265
71 101 0.998304
71 102 0.998344
71 103 0.998383
71 104 0.998421
71 105 0.998459
71 106 0.998496
71 107 0.998531
71 108 0.998566
71 109 0.998599
71 110 0.998631
71 111 0.998662
71 112 0.998691
71 113 0.99872
71 114 0.998747
71 115 0.998772
71 116 0.998797
71 117 0.998821
71 118 0.998845
71 119 0.998867
71 120 0.998889
71 121 0.998909
71 122 0.998929
71 123 0.998946
71 124 0.998962
71 125 0.998976
71 126 0.998986
71 127 0.998993

72 0 0
72 1 1.00088
72 2 1.00087
72 3 1.00087
72 4 1.00087
72 5 1.00087
72 6 1.00087
72 7 1.00087
72 8 1.00087
72 9 1.00087
72 10 1.00086
72 11 1.00086
72 12 1.00086
72 13 1.00086
72 14 1.00086
72 15 1.00086
72 16 1.00085
72 17 1.00085
72 18 1.00085
72 19 1.00084
72 20 1.00084
72 21 1.00083
72 22 1.00082
72 23 1.00082
72 24 1.00081
72 25 1.00079
72 26 1.00078
72 27 1.00076
72 28 1.00074
72 29 1.00072
72 30 1.0007
72 31 1.00067
72 32 1.00064
72 33 1.0006
72 34 1.00056
72 35 1.00051
72 36 1.00046
72 37 1.00041
72 38 1.00035
72 39 1.00029
72 40 1.00022
72 41 1.00015
72 42 1.00007
72 43 0.999988
72 44 0.999903
72 45 0.999815
72 46 0.999724
72 47 0.999631
72 48 0.999536
72 49 0.99944
72 50 0.999343
72 51 0.999247
72 52 0.999151
72 53 0.999056
72 54 0.998963
72 55 0.998872
72 56 0.998784
72 57 0.998699
72 58 0.998617
72 59 0.998538
72 60 0.998463
72 61 0.998391
72 62 0.998324
72 63 0.99826
72 64 0.9982
72 65 0.998144
72 66 0.998093
72 67 0.998045
72 68 0.998001
72 69 0.997961
72 70 0.997924
72 71 0.997892
72 72 0.997863
72 73 0.997838
72 74 0.997816
72 75 0.997798
72 76 0.997783
72 77 0.997772
72 78 0.997764
72 79 0.99776
72 80 0.997758
72 81 0.99776
72 82 0.997765
72 83 0.997773
72 84 0.997784
72 85 0.997798
72 86 0.997815
72 87 0.997834
72 88 0.997856
72 89 0.997881
72 90 0.997907
72 91 0.997936
72 92 0.997967
72 93 0.997999
72 94 0.998033
72 95 0.998069
72 96 0.998105
72 97 0.998143
72 98 0.998181
72 99 0.99822
72 100 0.998259
72 101 0.998298
72 102 0.998337
72 103 0.998376
72 104 0.998414
72 105 0.998451
72 106 0.998487
72 107 0.998522
72 108 0.998556
72 109 0.998589
72 110 0.998621
72 111 0.998651
72 112 0.99868
72 113 0.998708
72 114 0.998735
72 115 0.99876
72 116 0.998785
72 117 0.998809
72 118 0.998832
72 119 0.998854
72 120 0.998876
72 121 0.998896
72 122 0.998915
72 123 0.998933
72 124 0.998948
72 125 0.998961
72 126 0.998971
72 127 0.998977

73 0 0
73 1 1.00088
73 2 1.00088
73 3 1.00088
73 4 1.00088
73 5 1.00088
73 6 1.00088
73 7 1.00088
73 8 1.00088
73 9 1.00087
73 10 1.00087
73 11 1.00087
73 12 1.00087
73 13 1.00087
73 14 1.00087
73 15 1.00087
73 16 1.00086
73 17 1.00086
73 18 1.00086
73 19 1.00085
73 20 1.00085
73 21 1.00084
73 22 1.00083
73 23 1.00083
73 24 1.00082
73 25 1.0008
73 26 1.00079
73 27 1.00077
73 28 1.00075
73 29 1.00073
73 30 1.00071
73 31 1.00068
73 32 1.00065
73 33 1.00061
73 34 1.00057
73 35 1.00053
73 36 1.00048
73 37 1.00042
73 38 1.00036
73 39 1.0003
73 40 1.00023
73 41 1.00016
73 42 1.00008
73 43 0.999998
73 44 0.999913
73 45 0.999824
73 46 0.999732
73 47 0.999638
73 48 0.999543
73 49 0.999446
73 50 0.999349
73 51 0.999251
73 52 0.999155
73 53 0.99906
73 54 0.998966
73 55 0.998875
73 56 0.998786
73 57 0.9987
73 58 0.998617
73 59 0.998538
73 60 0.998463
73 61 0.998391
73 62 0.998323
73 63 0.99826
73 64 0.9982
73 65 0.998144
73 66 0.998092
73 67 0.998045
73 68 0.998001
73 69 0.997961
73 70 0.997925
73 71 0.997892
73 72 0.997863
73 73 0.997838
73 74 0.997817
73 75 0.997799
73 76 0.997784
73 77 0.997773
73 78 0.997765
73 79 0.997761
73 80 0.997759
73 81 0.997761
73 82 0.997766
73 83 0.997775
73 84 0.997786
73 85 0.997799
73 86 0.997816
73 87 0.997835
73 88 0.997857
73 89 0.997881
73 90 0.997908
73 91 0.997937
73 92 0.997967
73 93 0.997999
73 94 0.998033
73 95 0.998068
73 96 0.998104
73 97 0.998142
73 98 0.99818
73 99 0.998218
73 100 0.998257
73 101 0.998295
73 102 0.998334
73 103 0.998372
73 104 0.998409
73 105 0.998446
73 106 0.998482
73 107 0.998517
73 108 0.99855
73 109 0.998583
73 110 0.998614
73 111 0.998644
73 112 0.998672
73 113 0.9987
73 114 0.998726
73 115 0.998752
73 116 0.998776
73 117 0.9988
73 118 0.998822
73 119 0.998845
73 120 0.998866
73 121 0.998886
73 122 0.998905
73 123 0.998922
73 124 0.998937
73 125 0.99895
73 126 0.998959
73 127 0.998965

74 0 0
74 1 1.00089
74 2 1.00089
74 3 1.00089
74 4 1.00089
74 5 1.00089
74 6 1.00089
74 7 1.00088
74 8 1.00088
74 9 1.00088
74 10 1.00088
74 11 1.00088
74 12 1.00088
74 13 1.00088
74 14 1.00088
74 15 1.00087
74 16 1.00087
74 17 1.00087
74 18 1.00087
74 19 1.00086
74 20 1.00086
74 21 1.00085
74 22 1.00084
74 23 1.00083
74 24 1.00082
74 25 1.00081
74 26 1.0008
74 27 1.00078
74 28 1.00076
74 29 1.00074
74 30 1.00072
74 31 1.00069
74 32 1.00066
74 33 1.00062
74 34 1.00058
74 35 1.00054
74 36 1.00049
74 37 1.00044
74 38 1.00038
74 39 1.00031
74 40 1.00024
74 41 1.00017
74 42 1.00009
74 43 1.00001
74 44 0.999924
74 45 0.999835
74 46 0.999743
74 47 0.999648
74 48 0.999552
74 49 0.999455
74 50 0.999357
74 51 0.999259
74 52 0.999162
74 53 0.999066
74 54 0.998972
74 55 0.99888
74 56 0.998791
74 57 0.998704
74 58 0.998621
74 59 0.998542
74 60 0.998466
74 61 0.998394
74 62 0.998327
74 63 0.998263
74 64 0.998203
74 65 0.998147
74 66 0.998095
74 67 0.998048
74 68 0.998004
74 69 0.997964
74 70 0.997928
74 71 0.997895
74 72 0.997867
74 73 0.997842
74 74 0.99782
74 75 0.997803
74 76 0.997788
74 77 0.997777
74 78 0.997769
74 79 0.997765
74 80 0.997764
74 81 0.997766
74 82 0.997771
74 83 0.997779
74 84 0.99779
74 85 0.997804
74 86 0.99782
74 87 0.99784
74 88 0.997861
74 89 0.997885
74 90 0.997912
74 91 0.99794
74 92 0.99797
74 93 0.998003
74 94 0.998036
74 95 0.998071
74 96 0.998107
74 97 0.998144
74 98 0.998181
74 99 0.998219
74 100 0.998258
74 101 0.998296
74 102 0.998334
74 103 0.998372
74 104 0.998409
74 105 0.998445
74 106 0.99848
74 107 0.998515
74 108 0.998548
74 109 0.99858
74 110 0.99861
74 111 0.99864
74 112 0.998668
74 113 0.998695
74 114 0.998721
74 115 0.998746
74 116 0.998771
74 117 0.998794
74 118 0.998817
74 119 0.998839
74 120 0.99886
74 121 0.99888
74 122 0.998898
74 123 0.998915
74 124 0.99893
74 125 0.998942
74 126 0.998951
74 127 0.998956

75 0 0
75 1 1.0009
75 2 1.0009
75 3 1.0009
75 4 1.0009
75 5 1.0009
75 6 1.00089
75 7 1.00089
75 8 1.00089
75 9 1.00089
75 10 1.00089
75 11 1.00089
75 12 1.00089
75 13 1.00089
75 14 1.00088
75 15 1.00088
75 16 1.00088
75 17 1.00088
75 18 1.00087
75 19 1.00087
75 20 1.00087
75 21 1.00086
75 22 1.00085
75 23 1.00084
75 24 1.00083
75 25 1.00082
75 26 1.00081
75 27 1.00079
75 28 1.00078
75 29 1.00075
75 30 1.00073
75 31 1.0007
75 32 1.00067
75 33 1.00064
75 34 1.0006
75 35 1.00055
75 36 1.0005
75 37 1.00045
75 38 1.00039
75 39 1.00033
75 40 1.00026
75 41 1.00018
75 42 1.00011
75 43 1.00002
75 44 0.999938
75 45 0.999849
75 46 0.999756
75 47 0.999661
75 48 0.999565
75 49 0.999467
75 50 0.999368
75 51 0.99927
75 52 0.999172
75 53 0.999076
75 54 0.998981
75 55 0.998889
75 56 0.998799
75 57 0.998712
75 58 0.998629
75 59 0.998549
75 60 0.998473
75 61 0.998401
75 62 0.998333
75 63 0.998269
75 64 0.998209
75 65 0.998153
75 66 0.998101
75 67 0.998054
75 68 0.99801
75 69 0.99797
75 70 0.997934
75 71 0.997902
75 72 0.997873
75 73 0.997849
75 74 0.997827
75 75 0.99781
75 76 0.997795
75 77 0.997784
75 78 0.997777
75 79 0.997772
75 80 0.997771
75 81 0.997773
75 82 0.997778
75 83 0.997787
75 84 0.997798
75 85 0.997811
75 86 0.997828
75 87 0.997847
75 88 0.997869
75 89 0.997893
75 90 0.997919
75 91 0.997947
75 92 0.997977
75 93 0.998009
75 94 0.998042
75 95 0.998077
75 96 0.998113
75 97 0.998149
75 98 0.998187
75 99 0.998224
75 100 0.998262
75 101 0.9983
75 102 0.998338
75 103 0.998375
75 104 0.998412
75 105 0.998447
75 106 0.998482
75 107 0.998516
75 108 0.998549
75 109 0.99858
75 110 0.998611
75 111 0.99864
75 112 0.998667
75 113 0.998694
75 114 0.99872
75 115 0.998745
75 116 0.998769
75 117 0.998792
75 118 0.998815
75 119 0.998836
75 120 0.998857
75 121 0.998877
75 122 0.998896
75 123 0.998912
75 124 0.998927
75 125 0.998938
75 126 0.998946
75 127 0.99895

76 0 0
76 1 1.00091
76 2 1.00091
76 3 1.00091
76 4 1.00091
76 5 1.0009
76 6 1.0009
76 7 1.0009
76 8 1.0009
76 9 1.0009
76 10 1.0009
76 11 1.0009
76 12 1.0009
76 13 1.00089
76 14 1.00089
76 15 1.00089
76 16 1.00089
76 17 1.00089
76 18 1.00088
76 19 1.00088
76 20 1.00087
76 21 1.00087
76 22 1.00086
76 23 1.00085
76 24 1.00084
76 25 1.00083
76 26 1.00082
76 27 1.0008
76 28 1.00079
76 29 1.00077
76 30 1.00074
76 31 1.00071
76 32 1.00068
76 33 1.00065
76 34 1.00061
76 35 1.00057
76 36 1.00052
76 37 1.00046
76 38 1.00041
76 39 1.00034
76 40 1.00027
76 41 1.0002
76 42 1.00012
76 43 1.00004
76 44 0.999955
76 45 0.999865
76 46 0.999772
76 47 0.999677
76 48 0.99958
76 49 0.999481
76 50 0.999383
76 51 0.999284
76 52 0.999185
76 53 0.999089
76 54 0.998993
76 55 0.9989
76 56 0.99881
76 57 0.998723
76 58 0.998639
76 59 0.998559
76 60 0.998483
76 61 0.998411
76 62 0.998342
76 63 0.998278
76 64 0.998218
76 65 0.998162
76 66 0.998111
76 67 0.998063
76 68 0.998019
76 69 0.99798
76 70 0.997944
76 71 0.997912
76 72 0.997883
76 73 0.997858
76 74 0.997837
76 75 0.99782
76 76 0.997805
76 77 0.997795
76 78 0.997787
76 79 0.997783
76 80 0.997782
76 81 0.997784
76 82 0.997789
76 83 0.997797
76 84 0.997808
76 85 0.997822
76 86 0.997839
76 87 0.997858
76 88 0.997879
76 89 0.997903
76 90 0.997929
76 91 0.997957
76 92 0.997987
76 93 0.998019
76 94 0.998052
76 95 0.998087
76 96 0.998122
76 97 0.998158
76 98 0.998195
76 99 0.998233
76 100 0.99827
76 101 0.998308
76 102 0.998345
76 103 0.998382
76 104 0.998418
76 105 0.998453
76 106 0.998488
76 107 0.998521
76 108 0.998553
76 109 0.998584
76 110 0.998614
76 111 0.998643
76 112 0.99867
76 113 0.998697
76 114 0.998722
76 115 0.998747
76 116 0.998771
76 117 0.998794
76 118 0.998816
76 119 0.998838
76 120 0.998859
76 121 0.998878
76 122 0.998897
76 123 0.998913
76 124 0.998927
76 125 0.998938
76 126 0.998946
76 127 0.998949

77 0 0
77 1 1.00092
77 2 1.00092
77 3 1.00091
77 4 1.00091
77 5 1.00091
77 6 1.00091
77 7 1.00091
77 8 1.00091
77 9 1.00091
77 10 1.00091
77 11 1.0009
77 12 1.0009
77 13 1.0009
77 14 1.0009
77 15 1.0009
77 16 1.0009
77 17 1.00089
77 18 1.00089
77 19 1.00089
77 20 1.00088
77 21 1.00088
77 22 1.00087
77 23 1.00086
77 24 1.00085
77 25 1.00084
77 26 1.00083
77 27 1.00081
77 28 1.0008
77 29 1.00078
77 30 1.00075
77 31 1.00073
77 32 1.0007
77 33 1.00066
77 34 1.00062
77 35 1.00058
77 36 1.00053
77 37 1.00048
77 38 1.00042
77 39 1.00036
77 40 1.00029
77 41 1.00022
77 42 1.00014
77 43 1.00006
77 44 0.999973
77 45 0.999883
77 46 0.99979
77 47 0.999695
77 48 0.999598
77 49 0.999499
77 50 0.9994
77 51 0.999301
77 52 0.999202
77 53 0.999105
77 54 0.999009
77 55 0.998916
77 56 0.998825
77 57 0.998737
77 58 0.998653
77 59 0.998573
77 60 0.998496
77 61 0.998424
77 62 0.998355
77 63 0.998291
77 64 0.998231
77 65 0.998175
77 66 0.998123
77 67 0.998075
77 68 0.998032
77 69 0.997992
77 70 0.997956
77 71 0.997924
77 72 0.997896
77 73 0.997871
77 74 0.99785
77 75 0.997833
77 76 0.997818
77 77 0.997808
77 78 0.9978
77 79 0.997796
77 80 0.997795
77 81 0.997797
77 82 0.997803
77 83 0.997811
77 84 0.997822
77 85 0.997836
77 86 0.997852
77 87 0.997871
77 88 0.997893
77 89 0.997917
77 90 0.997943
77 91 0.997971
77 92 0.998001
77 93 0.998032
77 94 0.998065
77 95 0.998099
77 96 0.998134
77 97 0.998171
77 98 0.998207
77 99 0.998244
77 100 0.998281
77 101 0.998319
77 102 0.998355
77 103 0.998392
77 104 0.998428
77 105 0.998463
77 106 0.998497
77 107 0.99853
77 108 0.998561
77 109 0.998592
77 110 0.998622
77 111 0.99865
77 112 0.998677
77 113 0.998703
77 114 0.998729
77 115 0.998753
77 116 0.998777
77 117 0.9988
77 118 0.998822
77 119 0.998843
77 120 0.998864
77 121 0.998884
77 122 0.998902
77 123 0.998918
77 124 0.998931
77 125 0.998942
77 126 0.998949
77 127 0.998952

78 0 0
78 1 1.00093
78 2 1.00092
78 3 1.00092
78 4 1.00092
78 5 1.00092
78 6 1.00092
78 7 1.00092
78 8 1.00091
78 9 1.00091
78 10 1.00091
78 11 1.00091
78 12 1.00091
78 13 1.00091
78 14 1.00091
78 15 1.00091
78 16 1.0009
78 17 1.0009
78 18 1.0009
78 19 1.00089
78 20 1.00089
78 21 1.00089
78 22 1.00088
78 23 1.00087
78 24 1.00086
78 25 1.00085
78 26 1.00084
78 27 1.00083
78 28 1.00081
78 29 1.00079
78 30 1.00077
78 31 1.00074
78 32 1.00071
78 33 1.00068
78 34 1.00064
78 35 1.0006
78 36 1.00055
78 37 1.0005
78 38 1.00044
78 39 1.00038
78 40 1.00031
78 41 1.00024
78 42 1.00016
78 43 1.00008
78 44 0.999994
78 45 0.999904
78 46 0.999811
78 47 0.999716
78 48 0.999619
78 49 0.99952
78 50 0.99942
78 51 0.999321
78 52 0.999222
78 53 0.999124
78 54 0.999028
78 55 0.998934
78 56 0.998843
78 57 0.998755
78 58 0.99867
78 59 0.99859
78 60 0.998513
78 61 0.99844
78 62 0.998371
78 63 0.998307
78 64 0.998246
78 65 0.99819
78 66 0.998138
78 67 0.998091
78 68 0.998047
78 69 0.998007
78 70 0.997971
78 71 0.997939
78 72 0.997911
78 73 0.997887
78 74 0.997866
78 75 0.997848
78 76 0.997834
78 77 0.997824
78 78 0.997816
78 79 0.997812
78 80 0.997812
78 81 0.997814
78 82 0.997819
78 83 0.997827
78 84 0.997839
78 85 0.997852
78 86 0.997869
78 87 0.997888
78 88 0.99791
78 89 0.997933
78 90 0.997959
78 91 0.997987
78 92 0.998017
78 93 0.998048
78 94 0.998081
78 95 0.998115
78 96 0.99815
78 97 0.998186
78 98 0.998222
78 99 0.998259
78 100 0.998296
78 101 0.998333
78 102 0.998369
78 103 0.998405
78 104 0.998441
78 105 0.998475
78 106 0.998509
78 107 0.998542
78 108 0.998573
78 109 0.998603
78 110 0.998633
78 111 0.998661
78 112 0.998688
78 113 0.998714
78 114 0.998739
78 115 0.998763
78 116 0.998786
78 117 0.998809
78 118 0.998831
78 119 0.998853
78 120 0.998873
78 121 0.998893
78 122 0.998911
78 123 0.998927
78 124 0.99894
78 125 0.99895
78 126 0.998956
78 127 0.998958

79 0 0
79 1 1.00093
79 2 1.00093
79 3 1.00093
79 4 1.00093
79 5 1.00093
79 6 1.00092
79 7 1.00092
79 8 1.00092
79 9 1.00092
79 10 1.00092
79 11 1.00092
79 12 1.00092
79 13 1.00092
79 14 1.00091
79 15 1.00091
79 16 1.00091
79 17 1.00091
79 18 1.00091
79 19 1.0009
79 20 1.0009
79 21 1.00089
79 22 1.00089
79 23 1.00088
79 24 1.00087
79 25 1.00086
79 26 1.00085
79 27 1.00084
79 28 1.00082
79 29 1.0008
79 30 1.00078
79 31 1.00075
79 32 1.00072
79 33 1.00069
79 34 1.00065
79 35 1.00061
79 36 1.00057
79 37 1.00052
79 38 1.00046
79 39 1.0004
79 40 1.00033
79 41 1.00026
79 42 1.00018
79 43 1.0001
79 44 1.00002
79 45 0.999927
79 46 0.999835
79 47 0.99974
79 48 0.999642
79 49 0.999543
79 50 0.999444
79 51 0.999344
79 52 0.999245
79 53 0.999146
79 54 0.99905
79 55 0.998956
79 56 0.998864
79 57 0.998776
79 58 0.998691
79 59 0.99861
79 60 0.998532
79 61 0.998459
79 62 0.99839
79 63 0.998325
79 64 0.998265
79 65 0.998209
79 66 0.998157
79 67 0.998109
79 68 0.998065
79 69 0.998025
79 70 0.99799
79 71 0.997958
79 72 0.997929
79 73 0.997905
79 74 0.997884
79 75 0.997867
79 76 0.997853
79 77 0.997843
79 78 0.997835
79 79 0.997831
79 80 0.997831
79 81 0.997833
79 82 0.997838
79 83 0.997847
79 84 0.997858
79 85 0.997872
79 86 0.997889
79 87 0.997908
79 88 0.997929
79 89 0.997953
79 90 0.997979
79 91 0.998007
79 92 0.998036
79 93 0.998068
79 94 0.9981
79 95 0.998134
79 96 0.998169
79 97 0.998205
79 98 0.998241
79 99 0.998277
79 100 0.998314
79 101 0.99835
79 102 0.998387
79 103 0.998422
79 104 0.998458
79 105 0.998492
79 106 0.998525
79 107 0.998557
79 108 0.998588
79 109 0.998619
79 110 0.998647
79 111 0.998675
79 112 0.998702
79 113 0.998728
79 114 0.998752
79 115 0.998777
79 116 0.9988
79 117 0.998823
79 118 0.998845
79 119 0.998866
79 120 0.998887
79 121 0.998906
79 122 0.998924
79 123 0.99894
79 124 0.998953
79 125 0.998962
79 126 0.998968
79 127 0.998969

80 0 0
80 1 1.00094
80 2 1.00094
80 3 1.00094
80 4 1.00093
80 5 1.00093
80 6 1.00093
80 7 1.00093
80 8 1.00093
80 9 1.00093
80 10 1.00093
80 11 1.00093
80 12 1.00092
80 13 1.00092
80 14 1.00092
80 15 1.00092
80 16 1.00092
80 17 1.00092
80 18 1.00091
80 19 1.00091
80 20 1.00091
80 21 1.0009
80 22 1.0009
80 23 1.00089
80 24 1.00088
80 25 1.00087
80 26 1.00086
80 27 1.00085
80 28 1.00083
80 29 1.00081
80 30 1.00079
80 31 1.00077
80 32 1.00074
80 33 1.00071
80 34 1.00067
80 35 1.00063
80 36 1.00058
80 37 1.00053
80 38 1.00048
80 39 1.00042
80 40 1.00035
80 41 1.00028
80 42 1.00021
80 43 1.00013
80 44 1.00004
80 45 0.999953
80 46 0.999861
80 47 0.999766
80 48 0.999669
80 49 0.99957
80 50 0.99947
80 51 0.99937
80 52 0.999271
80 53 0.999172
80 54 0.999075
80 55 0.998981
80 56 0.998889
80 57 0.9988
80 58 0.998715
80 59 0.998633
80 60 0.998555
80 61 0.998482
80 62 0.998412
80 63 0.998347
80 64 0.998287
80 65 0.99823
80 66 0.998178
80 67 0.99813
80 68 0.998086
80 69 0.998046
80 70 0.998011
80 71 0.997979
80 72 0.99795
80 73 0.997926
80 74 0.997905
80 75 0.997888
80 76 0.997874
80 77 0.997864
80 78 0.997857
80 79 0.997853
80 80 0.997852
80 81 0.997855
80 82 0.99786
80 83 0.997869
80 84 0.99788
80 85 0.997894
80 86 0.997911
80 87 0.99793
80 88 0.997952
80 89 0.997975
80 90 0.998001
80 91 0.998029
80 92 0.998059
80 93 0.99809
80 94 0.998122
80 95 0.998156
80 96 0.998191
80 97 0.998226
80 98 0.998262
80 99 0.998299
80 100 0.998335
80 101 0.998371
80 102 0.998407
80 103 0.998443
80 104 0.998478
80 105 0.998511
80 106 0.998545
80 107 0.998577
80 108 0.998607
80 109 0.998637
80 110 0.998666
80 111 0.998693
80 112 0.99872
80 113 0.998746
80 114 0.99877
80 115 0.998794
80 116 0.998818
80 117 0.998841
80 118 0.998863
80 119 0.998884
80 120 0.998905
80 121 0.998924
80 122 0.998942
80 123 0.998957
80 124 0.99897
80 125 0.998979
80 126 0.998984
80 127 0.998985

81 0 0
81 1 1.00095
81 2 1.00095
81 3 1.00094
81 4 1.00094
81 5 1.00094
81 6 1.00094
81 7 1.00094
81 8 1.00094
81 9 1.00093
81 10 1.00093
81 11 1.00093
81 12 1.00093
81 13 1.00093
81 14 1.00093
81 15 1.00093
81 16 1.00093
81 17 1.00092
81 18 1.00092
81 19 1.00092
81 20 1.00091
81 21 1.00091
81 22 1.0009
81 23 1.0009
81 24 1.00089
81 25 1.00088
81 26 1.00087
81 27 1.00086
81 28 1.00084
81 29 1.00082
81 30 1.0008
81 31 1.00078
81 32 1.00075
81 33 1.00072
81 34 1.00069
81 35 1.00065
81 36 1.0006
81 37 1.00055
81 38 1.0005
81 39 1.00044
81 40 1.00038
81 41 1.00031
81 42 1.00023
81 43 1.00015
81 44 1.00007
81 45 0.99998
81 46 0.999889
81 47 0.999794
81 48 0.999698
81 49 0.999599
81 50 0.999499
81 51 0.9994
81 52 0.9993
81 53 0.999201
81 54 0.999104
81 55 0.999009
81 56 0.998917
81 57 0.998828
81 58 0.998742
81 59 0.99866
81 60 0.998581
81 61 0.998507
81 62 0.998438
81 63 0.998372
81 64 0.998311
81 65 0.998254
81 66 0.998202
81 67 0.998154
81 68 0.99811
81 69 0.99807
81 70 0.998034
81 71 0.998002
81 72 0.997974
81 73 0.99795
81 74 0.997929
81 75 0.997912
81 76 0.997898
81 77 0.997888
81 78 0.997881
81 79 0.997877
81 80 0.997877
81 81 0.997879
81 82 0.997885
81 83 0.997894
81 84 0.997905
81 85 0.997919
81 86 0.997936
81 87 0.997955
81 88 0.997977
81 89 0.998
81 90 0.998026
81 91 0.998054
81 92 0.998084
81 93 0.998115
81 94 0.998147
81 95 0.998181
81 96 0.998216
81 97 0.998251
81 98 0.998287
81 99 0.998323
81 100 0.998359
81 101 0.998395
81 102 0.998431
81 103 0.998466
81 104 0.998501
81 105 0.998535
81 106 0.998567
81 107 0.998599
81 108 0.99863
81 109 0.99866
81 110 0.998688
81 111 0.998715
81 112 0.998742
81 113 0.998767
81 114 0.998792
81 115 0.998816
81 116 0.99884
81 117 0.998863
81 118 0.998885
81 119 0.998906
81 120 0.998927
81 121 0.998946
81 122 0.998964
81 123 0.998979
81 124 0.998991
81 125 0.999
81 126 0.999005
81 127 0.999005

82 0 0
82 1 1.00095
82 2 1.00095
82 3 1.00095
82 4 1.00095
82 5 1.00095
82 6 1.00094
82 7 1.00094
82 8 1.00094
82 9 1.00094
82 10 1.00094
82 11 1.00094
82 12 1.00094
82 13 1.00094
82 14 1.00093
82 15 1.00093
82 16 1.00093
82 17 1.00093
82 18 1.00093
82 19 1.00092
82 20 1.00092
82 21 1.00092
82 22 1.00091
82 23 1.0009
82 24 1.0009
82 25 1.00089
82 26 1.00088
82 27 1.00087
82 28 1.00085
82 29 1.00083
82 30 1.00081
82 31 1.00079
82 32 1.00077
82 33 1.00074
82 34 1.0007
82 35 1.00066
82 36 1.00062
82 37 1.00057
82 38 1.00052
82 39 1.00046
82 40 1.0004
82 41 1.00033
82 42 1.00026
82 43 1.00018
82 44 1.0001
82 45 1.00001
82 46 0.999919
82 47 0.999826
82 48 0.999729
82 49 0.999631
82 50 0.999532
82 51 0.999432
82 52 0.999332
82 53 0.999234
82 54 0.999136
82 55 0.999041
82 56 0.998948
82 57 0.998858
82 58 0.998772
82 59 0.998689
82 60 0.998611
82 61 0.998536
82 62 0.998466
82 63 0.9984
82 64 0.998339
82 65 0.998282
82 66 0.998229
82 67 0.998181
82 68 0.998137
82 69 0.998096
82 70 0.99806
82 71 0.998028
82 72 0.998
82 73 0.997976
82 74 0.997955
82 75 0.997938
82 76 0.997925
82 77 0.997914
82 78 0.997908
82 79 0.997904
82 80 0.997904
82 81 0.997906
82 82 0.997912
82 83 0.997921
82 84 0.997932
82 85 0.997946
82 86 0.997963
82 87 0.997982
82 88 0.998004
82 89 0.998028
82 90 0.998054
82 91 0.998082
82 92 0.998111
82 93 0.998143
82 94 0.998175
82 95 0.998209
82 96 0.998243
82 97 0.998278
82 98 0.998314
82 99 0.99835
82 100 0.998386
82 101 0.998422
82 102 0.998458
82 103 0.998493
82 104 0.998528
82 105 0.998561
82 106 0.998594
82 107 0.998625
82 108 0.998656
82 109 0.998685
82 110 0.998714
82 111 0.998741
82 112 0.998768
82 113 0.998793
82 114 0.998818
82 115 0.998842
82 116 0.998866
82 117 0.998889
82 118 0.998911
82 119 0.998933
82 120 0.998954
82 121 0.998973
82 122 0.99899
82 123 0.999006
82 124 0.999018
82 125 0.999026
82 126 0.99903
82 127 0.999029

83 0 0
83 1 1.00096
83 2 1.00096
83 3 1.00096
83 4 1.00095
83 5 1.00095
83 6 1.00095
83 7 1.00095
83 8 1.00095
83 9 1.00095
83 10 1.00095
83 11 1.00094
83 12 1.00094
83 13 1.00094
83 14 1.00094
83 15 1.00094
83 16 1.00094
83 17 1.00094
83 18 1.00093
83 19 1.00093
83 20 1.00093
83 21 1.00092
83 22 1.00092
83 23 1.00091
83 24 1.00091
83 25 1.0009
83 26 1.00089
83 27 1.00088
83 28 1.00086
83 29 1.00085
83 30 1.00083
83 31 1.00081
83 32 1.00078
83 33 1.00075
83 34 1.00072
83 35 1.00068
83 36 1.00064
83 37 1.00059
83 38 1.00054
83 39 1.00049
83 40 1.00042
83 41 1.00036
83 42 1.00029
83 43 1.00021
83 44 1.00013
83 45 1.00004
83 46 0.999952
83 47 0.999859
83 48 0.999764
83 49 0.999666
83 50 0.999567
83 51 0.999467
83 52 0.999368
83 53 0.999269
83 54 0.999171
83 55 0.999076
83 56 0.998983
83 57 0.998893
83 58 0.998806
83 59 0.998723
83 60 0.998643
83 61 0.998568
83 62 0.998498
83 63 0.998431
83 64 0.99837
83 65 0.998312
83 66 0.998259
83 67 0.99821
83 68 0.998166
83 69 0.998126
83 70 0.998089
83 71 0.998057
83 72 0.998029
83 73 0.998005
83 74 0.997984
83 75 0.997967
83 76 0.997953
83 77 0.997943
83 78 0.997936
83 79 0.997933
83 80 0.997933
83 81 0.997935
83 82 0.997941
83 83 0.99795
83 84 0.997962
83 85 0.997976
83 86 0.997993
83 87 0.998012
83 88 0.998034
83 89 0.998058
83 90 0.998084
83 91 0.998112
83 92 0.998142
83 93 0.998173
83 94 0.998205
83 95 0.998239
83 96 0.998274
83 97 0.998309
83 98 0.998345
83 99 0.998381
83 100 0.998417
83 101 0.998452
83 102 0.998488
83 103 0.998523
83 104 0.998557
83 105 0.998591
83 106 0.998624
83 107 0.998655
83 108 0.998686
83 109 0.998715
83 110 0.998744
83 111 0.998771
83 112 0.998798
83 113 0.998823
83 114 0.998848
83 115 0.998873
83 116 0.998896
83 117 0.99892
83 118 0.998942
83 119 0.998964
83 120 0.998985
83 121 0.999004
83 122 0.999022
83 123 0.999037
83 124 0.999049
83 125 0.999057
83 126 0.99906
83 127 0.999059

84 0 0
84 1 1.00097
84 2 1.00096
84 3 1.00096
84 4 1.00096
84 5 1.00096
84 6 1.00096
84 7 1.00095
84 8 1.00095
84 9 1.00095
84 10 1.00095
84 11 1.00095
84 12 1.00095
84 13 1.00095
84 14 1.00095
84 15 1.00095
84 16 1.00094
84 17 1.00094
84 18 1.00094
84 19 1.00094
84 20 1.00093
84 21 1.00093
84 22 1.00093
84 23 1.00092
84 24 1.00091
84 25 1.00091
84 26 1.0009
84 27 1.00089
84 28 1.00087
84 29 1.00086
84 30 1.00084
84 31 1.00082
84 32 1.00079
84 33 1.00077
84 34 1.00074
84 35 1.0007
84 36 1.00066
84 37 1.00062
84 38 1.00057
84 39 1.00051
84 40 1.00045
84 41 1.00039
84 42 1.00032
84 43 1.00024
84 44 1.00016
84 45 1.00008
84 46 0.999987
84 47 0.999895
84 48 0.999801
84 49 0.999704
84 50 0.999605
84 51 0.999506
84 52 0.999407
84 53 0.999308
84 54 0.99921
84 55 0.999114
84 56 0.999021
84 57 0.99893
84 58 0.998843
84 59 0.998759
84 60 0.998679
84 61 0.998604
84 62 0.998533
84 63 0.998466
84 64 0.998403
84 65 0.998345
84 66 0.998292
84 67 0.998243
84 68 0.998198
84 69 0.998157
84 70 0.998121
84 71 0.998089
84 72 0.99806
84 73 0.998036
84 74 0.998015
84 75 0.997998
84 76 0.997984
84 77 0.997974
84 78 0.997968
84 79 0.997964
84 80 0.997964
84 81 0.997967
84 82 0.997973
84 83 0.997982
84 84 0.997993
84 85 0.998008
84 86 0.998025
84 87 0.998044
84 88 0.998066
84 89 0.99809
84 90 0.998117
84 91 0.998145
84 92 0.998174
84 93 0.998206
84 94 0.998238
84 95 0.998272
84 96 0.998306
84 97 0.998342
84 98 0.998377
84 99 0.998413
84 100 0.99845
84 101 0.998485
84 102 0.998521
84 103 0.998556
84 104 0.99859
84 105 0.998624
84 106 0.998657
84 107 0.998688
84 108 0.998719
84 109 0.998748
84 110 0.998777
84 111 0.998805
84 112 0.998831
84 113 0.998857
84 114 0.998883
84 115 0.998907
84 116 0.998931
84 117 0.998955
84 118 0.998978
84 119 0.999
84 120 0.999021
84 121 0.999041
84 122 0.999058
84 123 0.999073
84 124 0.999085
84 125 0.999092
84 126 0.999095
84 127 0.999093

85 0 0
85 1 1.00097
85 2 1.00097
85 3 1.00097
85 4 1.00097
85 5 1.00096
85 6 1.00096
85 7 1.00096
85 8 1.00096
85 9 1.00096
85 10 1.00096
85 11 1.00096
85 12 1.00095
85 13 1.00095
85 14 1.00095
85 15 1.00095
85 16 1.00095
85 17 1.00095
85 18 1.00095
85 19 1.00094
85 20 1.00094
85 21 1.00094
85 22 1.00093
85 23 1.00093
85 24 1.00092
85 25 1.00091
85 26 1.0009
85 27 1.00089
85 28 1.00088
85 29 1.00087
85 30 1.00085
85 31 1.00083
85 32 1.00081
85 33 1.00078
85 34 1.00075
85 35 1.00072
85 36 1.00068
85 37 1.00064
85 38 1.00059
85 39 1.00054
85 40 1.00048
85 41 1.00041
85 42 1.00035
85 43 1.00027
85 44 1.00019
85 45 1.00011
85 46 1.00002
85 47 0.999933
85 48 0.99984
85 49 0.999744
85 50 0.999646
85 51 0.999547
85 52 0.999448
85 53 0.999349
85 54 0.999252
85 55 0.999156
85 56 0.999062
85 57 0.998971
85 58 0.998883
85 59 0.998799
85 60 0.998719
85 61 0.998642
85 62 0.99857
85 63 0.998503
85 64 0.99844
85 65 0.998381
85 66 0.998327
85 67 0.998278
85 68 0.998233
85 69 0.998192
85 70 0.998155
85 71 0.998122
85 72 0.998094
85 73 0.998069
85 74 0.998048
85 75 0.998031
85 76 0.998018
85 77 0.998007
85 78 0.998001
85 79 0.997997
85 80 0.997997
85 81 0.998
85 82 0.998006
85 83 0.998015
85 84 0.998027
85 85 0.998042
85 86 0.998059
85 87 0.998079
85 88 0.998101
85 89 0.998125
85 90 0.998151
85 91 0.998179
85 92 0.998209
85 93 0.998241
85 94 0.998273
85 95 0.998307
85 96 0.998342
85 97 0.998377
85 98 0.998413
85 99 0.998449
85 100 0.998485
85 101 0.998521
85 102 0.998557
85 103 0.998592
85 104 0.998626
85 105 0.99866
85 106 0.998693
85 107 0.998725
85 108 0.998756
85 109 0.998785
85 110 0.998814
85 111 0.998842
85 112 0.998869
85 113 0.998895
85 114 0.998921
85 115 0.998946
85 116 0.998971
85 117 0.998995
85 118 0.999018
85 119 0.999041
85 120 0.999062
85 121 0.999082
85 122 0.9991
85 123 0.999115
85 124 0.999126
85 125 0.999133
85 126 0.999136
85 127 0.999133

86 0 0
86 1 1.00098
86 2 1.00097
86 3 1.00097
86 4 1.00097
86 5 1.00097
86 6 1.00097
86 7 1.00097
86 8 1.00096
86 9 1.00096
86 10 1.00096
86 11 1.00096
86 12 1.00096
86 13 1.00096
86 14 1.00096
86 15 1.00096
86 16 1.00095
86 17 1.00095
86 18 1.00095
86 19 1.00095
86 20 1.00095
86 21 1.00094
86 22 1.00094
86 23 1.00093
86 24 1.00093
86 25 1.00092
86 26 1.00091
86 27 1.0009
86 28 1.00089
86 29 1.00088
86 30 1.00086
86 31 1.00084
86 32 1.00082
86 33 1.0008
86 34 1.00077
86 35 1.00074
86 36 1.0007
86 37 1.00066
86 38 1.00061
86 39 1.00056
86 40 1.00051
86 41 1.00044
86 42 1.00038
86 43 1.00031
86 44 1.00023
86 45 1.00015
86 46 1.00006
86 47 0.999974
86 48 0.999881
86 49 0.999786
86 50 0.99969
86 51 0.999591
86 52 0.999493
86 53 0.999394
86 54 0.999297
86 55 0.999201
86 56 0.999107
86 57 0.999015
86 58 0.998927
86 59 0.998842
86 60 0.998761
86 61 0.998684
86 62 0.998612
86 63 0.998543
86 64 0.99848
86 65 0.998421
86 66 0.998366
86 67 0.998316
86 68 0.99827
86 69 0.998229
86 70 0.998192
86 71 0.998159
86 72 0.99813
86 73 0.998105
86 74 0.998084
86 75 0.998067
86 76 0.998053
86 77 0.998043
86 78 0.998036
86 79 0.998033
86 80 0.998033
86 81 0.998036
86 82 0.998042
86 83 0.998051
86 84 0.998063
86 85 0.998078
86 86 0.998095
86 87 0.998115
86 88 0.998137
86 89 0.998162
86 90 0.998188
86 91 0.998216
86 92 0.998246
86 93 0.998278
86 94 0.998311
86 95 0.998345
86 96 0.998379
86 97 0.998415
86 98 0.998451
86 99 0.998487
86 100 0.998524
86 101 0.99856
86 102 0.998596
86 103 0.998631
86 104 0.998666
86 105 0.998699
86 106 0.998733
86 107 0.998765
86 108 0.998796
86 109 0.998826
86 110 0.998855
86 111 0.998883
86 112 0.998911
86 113 0.998938
86 114 0.998964
86 115 0.99899
86 116 0.999015
86 117 0.999039
86 118 0.999063
86 119 0.999086
86 120 0.999108
86 121 0.999128
86 122 0.999146
86 123 0.999161
86 124 0.999173
86 125 0.99918
86 126 0.999182
86 127 0.999178

87 0 0
87 1 1.00098
87 2 1.00098
87 3 1.00098
87 4 1.00097
87 5 1.00097
87 6 1.00097
87 7 1.00097
87 8 1.00097
87 9 1.00097
87 10 1.00097
87 11 1.00097
87 12 1.00096
87 13 1.00096
87 14 1.00096
87 15 1.00096
87 16 1.00096
87 17 1.00096
87 18 1.00096
87 19 1.00095
87 20 1.00095
87 21 1.00095
87 22 1.00094
87 23 1.00094
87 24 1.00093
87 25 1.00093
87 26 1.00092
87 27 1.00091
87 28 1.0009
87 29 1.00089
87 30 1.00087
87 31 1.00086
87 32 1.00083
87 33 1.00081
87 34 1.00078
87 35 1.00075
87 36 1.00072
87 37 1.00068
87 38 1.00064
87 39 1.00059
87 40 1.00053
87 41 1.00047
87 42 1.00041
87 43 1.00034
87 44 1.00027
87 45 1.00019
87 46 1.0001
87 47 1.00002
87 48 0.999925
87 49 0.999831
87 50 0.999736
87 51 0.999638
87 52 0.99954
87 53 0.999442
87 54 0.999345
87 55 0.999249
87 56 0.999155
87 57 0.999063
87 58 0.998974
87 59 0.998889
87 60 0.998807
87 61 0.998729
87 62 0.998656
87 63 0.998587
87 64 0.998522
87 65 0.998463
87 66 0.998407
87 67 0.998356
87 68 0.99831
87 69 0.998268
87 70 0.998231
87 71 0.998197
87 72 0.998168
87 73 0.998143
87 74 0.998122
87 75 0.998104
87 76 0.99809
87 77 0.99808
87 78 0.998073
87 79 0.99807
87 80 0.99807
87 81 0.998073
87 82 0.998079
87 83 0.998089
87 84 0.998101
87 85 0.998116
87 86 0.998133
87 87 0.998153
87 88 0.998175
87 89 0.9982
87 90 0.998227
87 91 0.998255
87 92 0.998285
87 93 0.998317
87 94 0.99835
87 95 0.998384
87 96 0.998419
87 97 0.998455
87 98 0.998491
87 99 0.998528
87 100 0.998564
87 101 0.998601
87 102 0.998637
87 103 0.998673
87 104 0.998708
87 105 0.998742
87 106 0.998775
87 107 0.998808
87 108 0.998839
87 109 0.99887
87 110 0.9989
87 111 0.998929
87 112 0.998957
87 113 0.998984
87 114 0.999011
87 115 0.999038
87 116 0.999063
87 117 0.999089
87 118 0.999113
87 119 0.999137
87 120 0.99916
87 121 0.99918
87 122 0.999199
87 123 0.999214
87 124 0.999225
87 125 0.999232
87 126 0.999233
87 127 0.999228

88 0 0
88 1 1.00099
88 2 1.00098
88 3 1.00098
88 4 1.00098
88 5 1.00098
88 6 1.00098
88 7 1.00097
88 8 1.00097
88 9 1.00097
88 10 1.00097
88 11 1.00097
88 12 1.00097
88 13 1.00097
88 14 1.00097
88 15 1.00097
88 16 1.00096
88 17 1.00096
88 18 1.00096
88 19 1.00096
88 20 1.00096
88 21 1.00095
88 22 1.00095
88 23 1.00095
88 24 1.00094
88 25 1.00093
88 26 1.00093
88 27 1.00092
88 28 1.00091
88 29 1.0009
88 30 1.00088
88 31 1.00087
88 32 1.00085
88 33 1.00083
88 34 1.0008
88 35 1.00077
88 36 1.00074
88 37 1.0007
88 38 1.00066
88 39 1.00061
88 40 1.00056
88 41 1.0005
88 42 1.00044
88 43 1.00038
88 44 1.0003
88 45 1.00023
88 46 1.00014
88 47 1.00006
88 48 0.99997
88 49 0.999878
88 50 0.999784
88 51 0.999688
88 52 0.999591
88 53 0.999493
88 54 0.999396
88 55 0.9993
88 56 0.999206
88 57 0.999114
88 58 0.999024
88 59 0.998938
88 60 0.998856
88 61 0.998778
88 62 0.998704
88 63 0.998634
88 64 0.998568
88 65 0.998508
88 66 0.998452
88 67 0.9984
88 68 0.998353
88 69 0.99831
88 70 0.998272
88 71 0.998238
88 72 0.998209
88 73 0.998183
88 74 0.998162
88 75 0.998144
88 76 0.99813
88 77 0.998119
88 78 0.998113
88 79 0.998109
88 80 0.998109
88 81 0.998112
88 82 0.998119
88 83 0.998128
88 84 0.99814
88 85 0.998155
88 86 0.998173
88 87 0.998193
88 88 0.998215
88 89 0.99824
88 90 0.998267
88 91 0.998296
88 92 0.998326
88 93 0.998358
88 94 0.998391
88 95 0.998426
88 96 0.998461
88 97 0.998497
88 98 0.998534
88 99 0.998571
88 100 0.998608
88 101 0.998644
88 102 0.998681
88 103 0.998717
88 104 0.998753
88 105 0.998787
88 106 0.998821
88 107 0.998854
88 108 0.998887
88 109 0.998918
88 110 0.998948
88 111 0.998978
88 112 0.999007
88 113 0.999035
88 114 0.999063
88 115 0.99909
88 116 0.999117
88 117 0.999143
88 118 0.999169
88 119 0.999193
88 120 0.999217
88 121 0.999238
88 122 0.999257
88 123 0.999272
88 124 0.999284
88 125 0.99929
88 126 0.999291
88 127 0.999285

89 0 0
89 1 1.00099
89 2 1.00099
89 3 1.00099
89 4 1.00098
89 5 1.00098
89 6 1.00098
89 7 1.00098
89 8 1.00098
89 9 1.00098
89 10 1.00098
89 11 1.00097
89 12 1.00097
89 13 1.00097
89 14 1.00097
89 15 1.00097
89 16 1.00097
89 17 1.00097
89 18 1.00097
89 19 1.00096
89 20 1.00096
89 21 1.00096
89 22 1.00095
89 23 1.00095
89 24 1.00095
89 25 1.00094
89 26 1.00093
89 27 1.00093
89 28 1.00092
89 29 1.00091
89 30 1.00089
89 31 1.00088
89 32 1.00086
89 33 1.00084
89 34 1.00082
89 35 1.00079
89 36 1.00076
89 37 1.00072
89 38 1.00068
89 39 1.00064
89 40 1.00059
89 41 1.00053
89 42 1.00048
89 43 1.00041
89 44 1.00034
89 45 1.00027
89 46 1.00019
89 47 1.0001
89 48 1.00002
89 49 0.999927
89 50 0.999834
89 51 0.99974
89 52 0.999643
89 53 0.999547
89 54 0.99945
89 55 0.999354
89 56 0.99926
89 57 0.999168
89 58 0.999078
89 59 0.998992
89 60 0.998909
89 61 0.99883
89 62 0.998754
89 63 0.998684
89 64 0.998618
89 65 0.998556
89 66 0.998499
89 67 0.998446
89 68 0.998399
89 69 0.998355
89 70 0.998316
89 71 0.998282
89 72 0.998252
89 73 0.998226
89 74 0.998204
89 75 0.998185
89 76 0.998171
89 77 0.998161
89 78 0.998154
89 79 0.99815
89 80 0.99815
89 81 0.998153
89 82 0.998159
89 83 0.998169
89 84 0.998181
89 85 0.998196
89 86 0.998214
89 87 0.998234
89 88 0.998257
89 89 0.998282
89 90 0.998309
89 91 0.998338
89 92 0.998369
89 93 0.998401
89 94 0.998435
89 95 0.998469
89 96 0.998505
89 97 0.998541
89 98 0.998578
89 99 0.998616
89 100 0.998653
89 101 0.99869
89 102 0.998728
89 103 0.998764
89 104 0.9988
89 105 0.998836
89 106 0.99887
89 107 0.998904
89 108 0.998937
89 109 0.998969
89 110 0.999001
89 111 0.999031
89 112 0.999061
89 113 0.999091
89 114 0.99912
89 115 0.999148
89 116 0.999176
89 117 0.999203
89 118 0.99923
89 119 0.999255
89 120 0.999279
89 121 0.999301
89 122 0.999321
89 123 0.999337
89 124 0.999348
89 125 0.999354
89 126 0.999354
89 127 0.999348

90 0 0
90 1 1.00099
90 2 1.00099
90 3 1.00099
90 4 1.00099
90 5 1.00099
90 6 1.00098
90 7 1.00098
90 8 1.00098
90 9 1.00098
90 10 1.00098
90 11 1.00098
90 12 1.00098
90 13 1.00098
90 14 1.00097
90 15 1.00097
90 16 1.00097
90 17 1.00097
90 18 1.00097
90 19 1.00097
90 20 1.00097
90 21 1.00096
90 22 1.00096
90 23 1.00096
90 24 1.00095
90 25 1.00095
90 26 1.00094
90 27 1.00093
90 28 1.00092
90 29 1.00091
90 30 1.0009
90 31 1.00089
90 32 1.00087
90 33 1.00085
90 34 1.00083
90 35 1.00081
90 36 1.00078
90 37 1.00074
90 38 1.00071
90 39 1.00066
90 40 1.00062
90 41 1.00057
90 42 1.00051
90 43 1.00045
90 44 1.00038
90 45 1.00031
90 46 1.00023
90 47 1.00015
90 48 1.00007
90 49 0.999978
90 50 0.999887
90 51 0.999794
90 52 0.999699
90 53 0.999603
90 54 0.999507
90 55 0.999412
90 56 0.999318
90 57 0.999225
90 58 0.999135
90 59 0.999048
90 60 0.998965
90 61 0.998885
90 62 0.998809
90 63 0.998737
90 64 0.99867
90 65 0.998607
90 66 0.998549
90 67 0.998496
90 68 0.998447
90 69 0.998403
90 70 0.998363
90 71 0.998328
90 72 0.998297
90 73 0.99827
90 74 0.998248
90 75 0.998229
90 76 0.998215
90 77 0.998204
90 78 0.998196
90 79 0.998193
90 80 0.998193
90 81 0.998196
90 82 0.998202
90 83 0.998211
90 84 0.998224
90 85 0.998239
90 86 0.998257
90 87 0.998277
90 88 0.9983
90 89 0.998325
90 90 0.998353
90 91 0.998382
90 92 0.998413
90 93 0.998445
90 94 0.998479
90 95 0.998515
90 96 0.998551
90 97 0.998588
90 98 0.998625
90 99 0.998663
90 100 0.998701
90 101 0.998739
90 102 0.998776
90 103 0.998814
90 104 0.998851
90 105 0.998887
90 106 0.998923
90 107 0.998957
90 108 0.998991
90 109 0.999025
90 110 0.999057
90 111 0.999089
90 112 0.99912
90 113 0.999151
90 114 0.999181
90 115 0.999211
90 116 0.99924
90 117 0.999268
90 118 0.999296
90 119 0.999323
90 120 0.999348
90 121 0.999371
90 122 0.999391
90 123 0.999407
90 124 0.999419
90 125 0.999425
90 126 0.999425
90 127 0.999417

91 0 0
91 1 1.001
91 2 1.00099
91 3 1.00099
91 4 1.00099
91 5 1.00099
91 6 1.00099
91 7 1.00099
91 8 1.00098
91 9 1.00098
91 10 1.00098
91 11 1.00098
91 12 1.00098
91 13 1.00098
91 14 1.00098
91 15 1.00098
91 16 1.00098
91 17 1.00097
91 18 1.00097
91 19 1.00097
91 20 1.00097
91 21 1.00097
91 22 1.00096
91 23 1.00096
91 24 1.00096
91 25 1.00095
91 26 1.00095
91 27 1.00094
91 28 1.00093
91 29 1.00092
91 30 1.00091
91 31 1.0009
91 32 1.00088
91 33 1.00087
91 34 1.00085
91 35 1.00082
91 36 1.00079
91 37 1.00076
91 38 1.00073
91 39 1.00069
91 40 1.00064
91 41 1.0006
91 42 1.00054
91 43 1.00048
91 44 1.00042
91 45 1.00035
91 46 1.00028
91 47 1.0002
91 48 1.00012
91 49 1.00003
91 50 0.999941
91 51 0.99985
91 52 0.999756
91 53 0.999662
91 54 0.999567
91 55 0.999472
91 56 0.999378
91 57 0.999286
91 58 0.999196
91 59 0.999108
91 60 0.999024
91 61 0.998943
91 62 0.998866
91 63 0.998794
91 64 0.998725
91 65 0.998662
91 66 0.998603
91 67 0.998548
91 68 0.998498
91 69 0.998453
91 70 0.998413
91 71 0.998377
91 72 0.998345
91 73 0.998317
91 74 0.998294
91 75 0.998275
91 76 0.99826
91 77 0.998249
91 78 0.998241
91 79 0.998237
91 80 0.998237
91 81 0.99824
91 82 0.998246
91 83 0.998255
91 84 0.998268
91 85 0.998283
91 86 0.998301
91 87 0.998321
91 88 0.998344
91 89 0.99837
91 90 0.998397
91 91 0.998427
91 92 0.998458
91 93 0.998491
91 94 0.998526
91 95 0.998561
91 96 0.998598
91 97 0.998635
91 98 0.998674
91 99 0.998712
91 100 0.998751
91 101 0.998789
91 102 0.998828
91 103 0.998866
91 104 0.998904
91 105 0.998941
91 106 0.998978
91 107 0.999014
91 108 0.999049
91 109 0.999083
91 110 0.999117
91 111 0.999151
91 112 0.999183
91 113 0.999215
91 114 0.999247
91 115 0.999278
91 116 0.999309
91 117 0.999339
91 118 0.999369
91 119 0.999397
91 120 0.999423
91 121 0.999447
91 122 0.999468
91 123 0.999485
91 124 0.999497
91 125 0.999503
91 126 0.999502
91 127 0.999493

92 0 0
92 1 1.001
92 2 1.001
92 3 1.001
92 4 1.00099
92 5 1.00099
92 6 1.00099
92 7 1.00099
92 8 1.00099
92 9 1.00099
92 10 1.00099
92 11 1.00098
92 12 1.00098
92 13 1.00098
92 14 1.00098
92 15 1.00098
92 16 1.00098
92 17 1.00098
92 18 1.00098
92 19 1.00097
92 20 1.00097
92 21 1.00097
92 22 1.00097
92 23 1.00096
92 24 1.00096
92 25 1.00096
92 26 1.00095
92 27 1.00095
92 28 1.00094
92 29 1.00093
92 30 1.00092
92 31 1.00091
92 32 1.00089
92 33 1.00088
92 34 1.00086
92 35 1.00084
92 36 1.00081
92 37 1.00078
92 38 1.00075
92 39 1.00071
92 40 1.00067
92 41 1.00063
92 42 1.00057
92 43 1.00052
92 44 1.00046
92 45 1.00039
92 46 1.00032
92 47 1.00025
92 48 1.00017
92 49 1.00008
92 50 0.999997
92 51 0.999907
92 52 0.999816
92 53 0.999723
92 54 0.999629
92 55 0.999535
92 56 0.999442
92 57 0.999349
92 58 0.999259
92 59 0.999171
92 60 0.999087
92 61 0.999005
92 62 0.998927
92 63 0.998854
92 64 0.998784
92 65 0.99872
92 66 0.998659
92 67 0.998604
92 68 0.998553
92 69 0.998506
92 70 0.998465
92 71 0.998428
92 72 0.998395
92 73 0.998367
92 74 0.998343
92 75 0.998323
92 76 0.998307
92 77 0.998296
92 78 0.998288
92 79 0.998283
92 80 0.998283
92 81 0.998285
92 82 0.998291
92 83 0.998301
92 84 0.998313
92 85 0.998328
92 86 0.998346
92 87 0.998367
92 88 0.99839
92 89 0.998416
92 90 0.998444
92 91 0.998474
92 92 0.998505
92 93 0.998539
92 94 0.998574
92 95 0.99861
92 96 0.998647
92 97 0.998685
92 98 0.998724
92 99 0.998763
92 100 0.998802
92 101 0.998842
92 102 0.998882
92 103 0.998921
92 104 0.99896
92 105 0.998998
92 106 0.999036
92 107 0.999073
92 108 0.99911
92 109 0.999146
92 110 0.999182
92 111 0.999217
92 112 0.999251
92 113 0.999285
92 114 0.999319
92 115 0.999352
92 116 0.999384
92 117 0.999416
92 118 0.999448
92 119 0.999477
92 120 0.999505
92 121 0.999531
92 122 0.999553
92 123 0.99957
92 124 0.999583
92 125 0.999588
92 126 0.999587
92 127 0.999577

93 0 0
93 1 1.001
93 2 1.001
93 3 1.001
93 4 1.001
93 5 1.001
93 6 1.00099
93 7 1.00099
93 8 1.00099
93 9 1.00099
93 10 1.00099
93 11 1.00099
93 12 1.00099
93 13 1.00099
93 14 1.00098
93 15 1.00098
93 16 1.00098
93 17 1.00098
93 18 1.00098
93 19 1.00098
93 20 1.00098
93 21 1.00097
93 22 1.00097
93 23 1.00097
93 24 1.00097
93 25 1.00096
93 26 1.00096
93 27 1.00095
93 28 1.00094
93 29 1.00094
93 30 1.00093
93 31 1.00092
93 32 1.0009
93 33 1.00089
93 34 1.00087
93 35 1.00085
93 36 1.00083
93 37 1.0008
93 38 1.00077
93 39 1.00074
93 40 1.0007
93 41 1.00065
93 42 1.00061
93 43 1.00055
93 44 1.0005
93 45 1.00043
93 46 1.00037
93 47 1.00029
93 48 1.00022
93 49 1.00014
93 50 1.00005
93 51 0.999966
93 52 0.999877
93 53 0.999785
93 54 0.999693
93 55 0.9996
93 56 0.999508
93 57 0.999416
93 58 0.999326
93 59 0.999238
93 60 0.999153
93 61 0.999071
93 62 0.998992
93 63 0.998917
93 64 0.998847
93 65 0.998781
93 66 0.998719
93 67 0.998662
93 68 0.99861
93 69 0.998563
93 70 0.99852
93 71 0.998482
93 72 0.998448
93 73 0.998419
93 74 0.998394
93 75 0.998373
93 76 0.998357
93 77 0.998344
93 78 0.998336
93 79 0.998331
93 80 0.99833
93 81 0.998332
93 82 0.998338
93 83 0.998347
93 84 0.99836
93 85 0.998375
93 86 0.998393
93 87 0.998414
93 88 0.998437
93 89 0.998463
93 90 0.998491
93 91 0.998521
93 92 0.998554
93 93 0.998587
93 94 0.998623
93 95 0.998659
93 96 0.998697
93 97 0.998736
93 98 0.998776
93 99 0.998816
93 100 0.998856
93 101 0.998897
93 102 0.998937
93 103 0.998978
93 104 0.999018
93 105 0.999058
93 106 0.999098
93 107 0.999136
93 108 0.999175
93 109 0.999213
93 110 0.99925
93 111 0.999287
93 112 0.999324
93 113 0.99936
93 114 0.999395
93 115 0.999431
93 116 0.999466
93 117 0.9995
93 118 0.999533
93 119 0.999565
93 120 0.999595
93 121 0.999622
93 122 0.999645
93 123 0.999663
93 124 0.999676
93 125 0.999682
93 126 0.99968
93 127 0.999669

94 0 0
94 1 1.001
94 2 1.001
94 3 1.001
94 4 1.001
94 5 1.001
94 6 1.001
94 7 1.001
94 8 1.00099
94 9 1.00099
94 10 1.00099
94 11 1.00099
94 12 1.00099
94 13 1.00099
94 14 1.00099
94 15 1.00099
94 16 1.00098
94 17 1.00098
94 18 1.00098
94 19 1.00098
94 20 1.00098
94 21 1.00098
94 22 1.00097
94 23 1.00097
94 24 1.00097
94 25 1.00097
94 26 1.00096
94 27 1.00096
94 28 1.00095
94 29 1.00094
94 30 1.00093
94 31 1.00092
94 32 1.00091
94 33 1.0009
94 34 1.00088
94 35 1.00087
94 36 1.00084
94 37 1.00082
94 38 1.00079
94 39 1.00076
94 40 1.00072
94 41 1.00068
94 42 1.00064
94 43 1.00059
94 44 1.00053
94 45 1.00047
94 46 1.00041
94 47 1.00034
94 48 1.00027
94 49 1.00019
94 50 1.00011
94 51 1.00003
94 52 0.999939
94 53 0.99985
94 54 0.999759
94 55 0.999668
94 56 0.999576
94 57 0.999485
94 58 0.999395
94 59 0.999307
94 60 0.999222
94 61 0.999139
94 62 0.99906
94 63 0.998984
94 64 0.998913
94 65 0.998845
94 66 0.998783
94 67 0.998724
94 68 0.998671
94 69 0.998622
94 70 0.998578
94 71 0.998538
94 72 0.998503
94 73 0.998473
94 74 0.998447
94 75 0.998426
94 76 0.998408
94 77 0.998395
94 78 0.998386
94 79 0.998381
94 80 0.998379
94 81 0.998381
94 82 0.998387
94 83 0.998395
94 84 0.998408
94 85 0.998423
94 86 0.998441
94 87 0.998462
94 88 0.998485
94 89 0.998511
94 90 0.99854
94 91 0.99857
94 92 0.998603
94 93 0.998637
94 94 0.998673
94 95 0.998711
94 96 0.998749
94 97 0.998789
94 98 0.998829
94 99 0.99887
94 100 0.998912
94 101 0.998954
94 102 0.998996
94 103 0.999038
94 104 0.999079
94 105 0.999121
94 106 0.999162
94 107 0.999203
94 108 0.999243
94 109 0.999283
94 110 0.999323
94 111 0.999362
94 112 0.999401
94 113 0.99944
94 114 0.999478
94 115 0.999516
94 116 0.999553
94 117 0.99959
94 118 0.999626
94 119 0.99966
94 120 0.999692
94 121 0.99972
94 122 0.999745
94 123 0.999765
94 124 0.999778
94 125 0.999783
94 126 0.999781
94 127 0.999768

95 0 0
95 1 1.00101
95 2 1.001
95 3 1.001
95 4 1.001
95 5 1.001
95 6 1.001
95 7 1.001
95 8 1.001
95 9 1.001
95 10 1.00099
95 11 1.00099
95 12 1.00099
95 13 1.00099
95 14 1.00099
95 15 1.00099
95 16 1.00099
95 17 1.00099
95 18 1.00098
95 19 1.00098
95 20 1.00098
95 21 1.00098
95 22 1.00098
95 23 1.00098
95 24 1.00097
95 25 1.00097
95 26 1.00097
95 27 1.00096
95 28 1.00096
95 29 1.00095
95 30 1.00094
95 31 1.00093
95 32 1.00092
95 33 1.00091
95 34 1.00089
95 35 1.00088
95 36 1.00086
95 37 1.00084
95 38 1.00081
95 39 1.00078
95 40 1.00075
95 41 1.00071
95 42 1.00067
95 43 1.00062
95 44 1.00057
95 45 1.00052
95 46 1.00045
95 47 1.00039
95 48 1.00032
95 49 1.00025
95 50 1.00017
95 51 1.00009
95 52 1
95 53 0.999915
95 54 0.999827
95 55 0.999737
95 56 0.999647
95 57 0.999557
95 58 0.999468
95 59 0.99938
95 60 0.999294
95 61 0.999211
95 62 0.999131
95 63 0.999055
95 64 0.998982
95 65 0.998913
95 66 0.998849
95 67 0.99879
95 68 0.998735
95 69 0.998684
95 70 0.998639
95 71 0.998598
95 72 0.998562
95 73 0.99853
95 74 0.998503
95 75 0.99848
95 76 0.998462
95 77 0.998448
95 78 0.998438
95 79 0.998432
95 80 0.99843
95 81 0.998431
95 82 0.998436
95 83 0.998445
95 84 0.998457
95 85 0.998472
95 86 0.99849
95 87 0.998511
95 88 0.998535
95 89 0.998561
95 90 0.998589
95 91 0.99862
95 92 0.998653
95 93 0.998688
95 94 0.998725
95 95 0.998763
95 96 0.998802
95 97 0.998843
95 98 0.998884
95 99 0.998927
95 100 0.998969
95 101 0.999013
95 102 0.999056
95 103 0.9991
95 104 0.999143
95 105 0.999187
95 106 0.99923
95 107 0.999273
95 108 0.999315
95 109 0.999358
95 110 0.9994
95 111 0.999442
95 112 0.999484
95 113 0.999525
95 114 0.999567
95 115 0.999607
95 116 0.999648
95 117 0.999687
95 118 0.999726
95 119 0.999763
95 120 0.999797
95 121 0.999828
95 122 0.999854
95 123 0.999875
95 124 0.999889
95 125 0.999894
95 126 0.999891
95 127 0.999877

96 0 0
96 1 1.00101
96 2 1.00101
96 3 1.00101
96 4 1.001
96 5 1.001
96 6 1.001
96 7 1.001
96 8 1.001
96 9 1.001
96 10 1.001
96 11 1.001
96 12 1.00099
96 13 1.00099
96 14 1.00099
96 15 1.00099
96 16 1.00099
96 17 1.00099
96 18 1.00099
96 19 1.00099
96 20 1.00098
96 21 1.00098
96 22 1.00098
96 23 1.00098
96 24 1.00098
96 25 1.00097
96 26 1.00097
96 27 1.00096
96 28 1.00096
96 29 1.00095
96 30 1.00095
96 31 1.00094
96 32 1.00093
96 33 1.00092
96 34 1.00091
96 35 1.00089
96 36 1.00087
96 37 1.00085
96 38 1.00083
96 39 1.0008
96 40 1.00077
96 41 1.00074
96 42 1.0007
96 43 1.00065
96 44 1.00061
96 45 1.00056
96 46 1.0005
96 47 1.00044
96 48 1.00037
96 49 1.0003
96 50 1.00023
96 51 1.00015
96 52 1.00007
96 53 0.999982
96 54 0.999896
96 55 0.999808
96 56 0.999719
96 57 0.999631
96 58 0.999542
96 59 0.999455
96 60 0.999369
96 61 0.999286
96 62 0.999206
96 63 0.999128
96 64 0.999055
96 65 0.998985
96 66 0.99892
96 67 0.998858
96 68 0.998802
96 69 0.99875
96 70 0.998703
96 71 0.998661
96 72 0.998623
96 73 0.99859
96 74 0.998562
96 75 0.998538
96 76 0.998518
96 77 0.998503
96 78 0.998492
96 79 0.998485
96 80 0.998482
96 81 0.998483
96 82 0.998488
96 83 0.998496
96 84 0.998508
96 85 0.998522
96 86 0.99854
96 87 0.998561
96 88 0.998585
96 89 0.998611
96 90 0.99864
96 91 0.998672
96 92 0.998705
96 93 0.99874
96 94 0.998778
96 95 0.998817
96 96 0.998857
96 97 0.998898
96 98 0.998941
96 99 0.998985
96 100 0.999029
96 101 0.999073
96 102 0.999119
96 103 0.999164
96 104 0.99921
96 105 0.999255
96 106 0.999301
96 107 0.999346
96 108 0.999392
96 109 0.999437
96 110 0.999482
96 111 0.999527
96 112 0.999572
96 113 0.999617
96 114 0.999661
96 115 0.999706
96 116 0.99975
96 117 0.999793
96 118 0.999834
96 119 0.999874
96 120 0.999911
96 121 0.999944
96 122 0.999973
96 123 0.999995
96 124 1.00001
96 125 1.00002
96 126 1.00001
96 127 0.999996

97 0 0
97 1 1.00101
97 2 1.00101
97 3 1.00101
97 4 1.00101
97 5 1.001
97 6 1.001
97 7 1.001
97 8 1.001
97 9 1.001
97 10 1.001
97 11 1.001
97 12 1.001
97 13 1.001
97 14 1.00099
97 15 1.00099
97 16 1.00099
97 17 1.00099
97 18 1.00099
97 19 1.00099
97 20 1.00099
97 21 1.00098
97 22 1.00098
97 23 1.00098
97 24 1.00098
97 25 1.00098
97 26 1.00097
97 27 1.00097
97 28 1.00096
97 29 1.00096
97 30 1.00095
97 31 1.00094
97 32 1.00094
97 33 1.00093
97 34 1.00091
97 35 1.0009
97 36 1.00088
97 37 1.00087
97 38 1.00084
97 39 1.00082
97 40 1.00079
97 41 1.00076
97 42 1.00073
97 43 1.00069
97 44 1.00064
97 45 1.00059
97 46 1.00054
97 47 1.00048
97 48 1.00042
97 49 1.00035
97 50 1.00028
97 51 1.00021
97 52 1.00013
97 53 1.00005
97 54 0.999965
97 55 0.99988
97 56 0.999793
97 57 0.999706
97 58 0.999619
97 59 0.999533
97 60 0.999447
97 61 0.999364
97 62 0.999283
97 63 0.999205
97 64 0.999131
97 65 0.99906
97 66 0.998993
97 67 0.998931
97 68 0.998873
97 69 0.998819
97 70 0.998771
97 71 0.998727
97 72 0.998687
97 73 0.998653
97 74 0.998623
97 75 0.998598
97 76 0.998577
97 77 0.998561
97 78 0.998549
97 79 0.998541
97 80 0.998537
97 81 0.998537
97 82 0.998541
97 83 0.998549
97 84 0.99856
97 85 0.998574
97 86 0.998592
97 87 0.998613
97 88 0.998636
97 89 0.998663
97 90 0.998692
97 91 0.998724
97 92 0.998758
97 93 0.998794
97 94 0.998832
97 95 0.998871
97 96 0.998913
97 97 0.998955
97 98 0.998999
97 99 0.999044
97 100 0.99909
97 101 0.999136
97 102 0.999183
97 103 0.999231
97 104 0.999279
97 105 0.999327
97 106 0.999375
97 107 0.999423
97 108 0.999472
97 109 0.99952
97 110 0.999569
97 111 0.999617
97 112 0.999666
97 113 0.999714
97 114 0.999763
97 115 0.999811
97 116 0.999859
97 117 0.999906
97 118 0.999951
97 119 0.999995
97 120 1.00003
97 121 1.00007
97 122 1.0001
97 123 1.00013
97 124 1.00014
97 125 1.00015
97 126 1.00014
97 127 1.00013

98 0 0
98 1 1.00101
98 2 1.00101
98 3 1.00101
98 4 1.00101
98 5 1.00101
98 6 1.00101
98 7 1.001
98 8 1.001
98 9 1.001
98 10 1.001
98 11 1.001
98 12 1.001
98 13 1.001
98 14 1.001
98 15 1.00099
98 16 1.00099
98 17 1.00099
98 18 1.00099
98 19 1.00099
98 20 1.00099
98 21 1.00099
98 22 1.00098
98 23 1.00098
98 24 1.00098
98 25 1.00098
98 26 1.00097
98 27 1.00097
98 28 1.00097
98 29 1.00096
98 30 1.00096
98 31 1.00095
98 32 1.00094
98 33 1.00093
98 34 1.00092
98 35 1.00091
98 36 1.0009
98 37 1.00088
98 38 1.00086
98 39 1.00084
98 40 1.00081
98 41 1.00078
98 42 1.00075
98 43 1.00072
98 44 1.00067
98 45 1.00063
98 46 1.00058
98 47 1.00053
98 48 1.00047
98 49 1.00041
98 50 1.00034
98 51 1.00027
98 52 1.00019
98 53 1.00012
98 54 1.00004
98 55 0.999952
98 56 0.999868
98 57 0.999783
98 58 0.999697
98 59 0.999612
98 60 0.999528
98 61 0.999445
98 62 0.999364
98 63 0.999286
98 64 0.99921
98 65 0.999139
98 66 0.999071
98 67 0.999007
98 68 0.998947
98 69 0.998892
98 70 0.998842
98 71 0.998796
98 72 0.998755
98 73 0.998719
98 74 0.998687
98 75 0.998661
98 76 0.998638
98 77 0.998621
98 78 0.998607
98 79 0.998598
98 80 0.998594
98 81 0.998593
98 82 0.998596
98 83 0.998603
98 84 0.998613
98 85 0.998627
98 86 0.998645
98 87 0.998665
98 88 0.998689
98 89 0.998716
98 90 0.998745
98 91 0.998777
98 92 0.998812
98 93 0.998848
98 94 0.998887
98 95 0.998927
98 96 0.99897
98 97 0.999014
98 98 0.999059
98 99 0.999105
98 100 0.999153
98 101 0.999201
98 102 0.99925
98 103 0.9993
98 104 0.999351
98 105 0.999401
98 106 0.999453
98 107 0.999504
98 108 0.999556
98 109 0.999608
98 110 0.999661
98 111 0.999713
98 112 0.999766
98 113 0.999819
98 114 0.999872
98 115 0.999925
98 116 0.999977
98 117 1.00003
98 118 1.00008
98 119 1.00013
98 120 1.00017
98 121 1.00021
98 122 1.00024
98 123 1.00027
98 124 1.00028
98 125 1.00029
98 126 1.00028
98 127 1.00027

99 0 0
99 1 1.00101
99 2 1.00101
99 3 1.00101
99 4 1.00101
99 5 1.00101
99 6 1.00101
99 7 1.00101
99 8 1.001
99 9 1.001
99 10 1.001
99 11 1.001
99 12 1.001
99 13 1.001
99 14 1.001
99 15 1.001
99 16 1.001
99 17 1.00099
99 18 1.00099
99 19 1.00099
99 20 1.00099
99 21 1.00099
99 22 1.00099
99 23 1.00098
99 24 1.00098
99 25 1.00098
99 26 1.00098
99 27 1.00097
99 28 1.00097
99 29 1.00097
99 30 1.00096
99 31 1.00095
99 32 1.00095
99 33 1.00094
99 34 1.00093
99 35 1.00092
99 36 1.00091
99 37 1.00089
99 38 1.00087
99 39 1.00085
99 40 1.00083
99 41 1.00081
99 42 1.00078
99 43 1.00074
99 44 1.00071
99 45 1.00066
99 46 1.00062
99 47 1.00057
99 48 1.00051
99 49 1.00046
99 50 1.00039
99 51 1.00033
99 52 1.00026
99 53 1.00018
99 54 1.0001
99 55 1.00002
99 56 0.999943
99 57 0.999861
99 58 0.999777
99 59 0.999693
99 60 0.99961
99 61 0.999528
99 62 0.999447
99 63 0.999369
99 64 0.999293
99 65 0.99922
99 66 0.999151
99 67 0.999086
99 68 0.999025
99 69 0.998969
99 70 0.998916
99 71 0.998869
99 72 0.998826
99 73 0.998788
99 74 0.998755
99 75 0.998727
99 76 0.998703
99 77 0.998683
99 78 0.998669
99 79 0.998658
99 80 0.998652
99 81 0.998651
99 82 0.998653
99 83 0.998659
99 84 0.998669
99 85 0.998682
99 86 0.998699
99 87 0.99872
99 88 0.998743
99 89 0.99877
99 90 0.998799
99 91 0.998832
99 92 0.998867
99 93 0.998904
99 94 0.998943
99 95 0.998985
99 96 0.999028
99 97 0.999073
99 98 0.99912
99 99 0.999168
99 100 0.999218
99 101 0.999268
99 102 0.99932
99 103 0.999372
99 104 0.999425
99 105 0.999479
99 106 0.999534
99 107 0.999589
99 108 0.999645
99 109 0.999701
99 110 0.999758
99 111 0.999815
99 112 0.999873
99 113 0.99993
99 114 0.999988
99 115 1.00005
99 116 1.0001
99 117 1.00016
99 118 1.00021
99 119 1.00027
99 120 1.00031
99 121 1.00036
99 122 1.00039
99 123 1.00042
99 124 1.00044
99 125 1.00045
99 126 1.00044
99 127 1.00042

100 0 0
100 1 1.00101
100 2 1.00101
100 3 1.00101
100 4 1.00101
100 5 1.00101
100 6 1.00101
100 7 1.00101
100 8 1.00101
100 9 1.00101
100 10 1.001
100 11 1.001
100 12 1.001
100 13 1.001
100 14 1.001
100 15 1.001
100 16 1.001
100 17 1.001
100 18 1.00099
100 19 1.00099
100 20 1.00099
100 21 1.00099
100 22 1.00099
100 23 1.00099
100 24 1.00098
100 25 1.00098
100 26 1.00098
100 27 1.00098
100 28 1.00097
100 29 1.00097
100 30 1.00096
100 31 1.00096
100 32 1.00095
100 33 1.00095
100 34 1.00094
100 35 1.00093
100 36 1.00092
100 37 1.0009
100 38 1.00089
100 39 1.00087
100 40 1.00085
100 41 1.00082
100 42 1.0008
100 43 1.00077
100 44 1.00073
100 45 1.0007
100 46 1.00065
100 47 1.00061
100 48 1.00056
100 49 1.0005
100 50 1.00045
100 51 1.00038
100 52 1.00032
100 53 1.00025
100 54 1.00017
100 55 1.0001
100 56 1.00002
100 57 0.999938
100 58 0.999857
100 59 0.999775
100 60 0.999693
100 61 0.999612
100 62 0.999532
100 63 0.999454
100 64 0.999378
100 65 0.999305
100 66 0.999235
100 67 0.999169
100 68 0.999107
100 69 0.999049
100 70 0.998995
100 71 0.998946
100 72 0.998901
100 73 0.998861
100 74 0.998826
100 75 0.998796
100 76 0.99877
100 77 0.998749
100 78 0.998733
100 79 0.998721
100 80 0.998714
100 81 0.998711
100 82 0.998712
100 83 0.998717
100 84 0.998726
100 85 0.998739
100 86 0.998755
100 87 0.998775
100 88 0.998799
100 89 0.998825
100 90 0.998855
100 91 0.998887
100 92 0.998923
100 93 0.998961
100 94 0.999001
100 95 0.999043
100 96 0.999088
100 97 0.999135
100 98 0.999183
100 99 0.999233
100 100 0.999285
100 101 0.999337
100 102 0.999392
100 103 0.999447
100 104 0.999503
100 105 0.999561
100 106 0.999619
100 107 0.999678
100 108 0.999738
100 109 0.999799
100 110 0.999861
100 111 0.999923
100 112 0.999986
100 113 1.00005
100 114 1.00011
100 115 1.00018
100 116 1.00024
100 117 1.0003
100 118 1.00036
100 119 1.00042
100 120 1.00047
100 121 1.00052
100 122 1.00056
100 123 1.00059
100 124 1.00061
100 125 1.00062
100 126 1.00061
100 127 1.00059

101 0 0
101 1 1.00101
101 2 1.00101
101 3 1.00101
101 4 1.00101
101 5 1.00101
101 6 1.00101
101 7 1.00101
101 8 1.00101
101 9 1.00101
101 10 1.00101
101 11 1.001
101 12 1.001
101 13 1.001
101 14 1.001
101 15 1.001
101 16 1.001
101 17 1.001
101 18 1.001
101 19 1.00099
101 20 1.00099
101 21 1.00099
101 22 1.00099
101 23 1.00099
101 24 1.00099
101 25 1.00098
101 26 1.00098
101 27 1.00098
101 28 1.00097
101 29 1.00097
101 30 1.00097
101 31 1.00096
101 32 1.00096
101 33 1.00095
101 34 1.00094
101 35 1.00093
101 36 1.00092
101 37 1.00091
101 38 1.0009
101 39 1.00088
101 40 1.00086
101 41 1.00084
101 42 1.00082
101 43 1.00079
101 44 1.00076
101 45 1.00073
101 46 1.00069
101 47 1.00065
101 48 1.0006
101 49 1.00055
101 50 1.0005
101 51 1.00044
101 52 1.00038
101 53 1.00031
101 54 1.00024
101 55 1.00017
101 56 1.00009
101 57 1.00002
101 58 0.999937
101 59 0.999858
101 60 0.999778
101 61 0.999698
101 62 0.999619
101 63 0.999542
101 64 0.999466
101 65 0.999393
101 66 0.999322
101 67 0.999255
101 68 0.999192
101 69 0.999132
101 70 0.999077
101 71 0.999026
101 72 0.998979
101 73 0.998938
101 74 0.998901
101 75 0.998868
101 76 0.998841
101 77 0.998818
101 78 0.9988
101 79 0.998787
101 80 0.998778
101 81 0.998773
101 82 0.998773
101 83 0.998777
101 84 0.998785
101 85 0.998797
101 86 0.998813
101 87 0.998833
101 88 0.998856
101 89 0.998882
101 90 0.998912
101 91 0.998945
101 92 0.99898
101 93 0.999019
101 94 0.99906
101 95 0.999103
101 96 0.999149
101 97 0.999197
101 98 0.999247
101 99 0.9993
101 100 0.999353
101 101 0.999409
101 102 0.999466
101 103 0.999524
101 104 0.999584
101 105 0.999645
101 106 0.999708
101 107 0.999772
101 108 0.999837
101 109 0.999902
101 110 0.99997
101 111 1.00004
101 112 1.00011
101 113 1.00018
101 114 1.00025
101 115 1.00032
101 116 1.00039
101 117 1.00046
101 118 1.00052
101 119 1.00058
101 120 1.00064
101 121 1.00069
101 122 1.00074
101 123 1.00077
101 124 1.00079
101 125 1.0008
101 126 1.00079
101 127 1.00077

102 0 0
102 1 1.00101
102 2 1.00101
102 3 1.00101
102 4 1.00101
102 5 1.00101
102 6 1.00101
102 7 1.00101
102 8 1.00101
102 9 1.00101
102 10 1.00101
102 11 1.00101
102 12 1.001
102 13 1.001
102 14 1.001
102 15 1.001
102 16 1.001
102 17 1.001
102 18 1.001
102 19 1.001
102 20 1.00099
102 21 1.00099
102 22 1.00099
102 23 1.00099
102 24 1.00099
102 25 1.00098
102 26 1.00098
102 27 1.00098
102 28 1.00098
102 29 1.00097
102 30 1.00097
102 31 1.00096
102 32 1.00096
102 33 1.00095
102 34 1.00095
102 35 1.00094
102 36 1.00093
102 37 1.00092
102 38 1.00091
102 39 1.00089
102 40 1.00088
102 41 1.00086
102 42 1.00084
102 43 1.00081
102 44 1.00078
102 45 1.00075
102 46 1.00072
102 47 1.00068
102 48 1.00064
102 49 1.00059
102 50 1.00054
102 51 1.00049
102 52 1.00043
102 53 1.00037
102 54 1.0003
102 55 1.00024
102 56 1.00017
102 57 1.00009
102 58 1.00002
102 59 0.99994
102 60 0.999862
102 61 0.999784
102 62 0.999707
102 63 0.999631
102 64 0.999555
102 65 0.999482
102 66 0.999412
102 67 0.999344
102 68 0.99928
102 69 0.999219
102 70 0.999162
102 71 0.99911
102 72 0.999061
102 73 0.999018
102 74 0.998979
102 75 0.998945
102 76 0.998915
102 77 0.99889
102 78 0.998871
102 79 0.998855
102 80 0.998845
102 81 0.998839
102 82 0.998837
102 83 0.99884
102 84 0.998847
102 85 0.998858
102 86 0.998873
102 87 0.998892
102 88 0.998915
102 89 0.998941
102 90 0.99897
102 91 0.999003
102 92 0.999039
102 93 0.999078
102 94 0.99912
102 95 0.999165
102 96 0.999212
102 97 0.999262
102 98 0.999314
102 99 0.999368
102 100 0.999424
102 101 0.999483
102 102 0.999543
102 103 0.999605
102 104 0.999668
102 105 0.999734
102 106 0.999801
102 107 0.99987
102 108 0.99994
102 109 1.00001
102 110 1.00009
102 111 1.00016
102 112 1.00024
102 113 1.00031
102 114 1.00039
102 115 1.00047
102 116 1.00055
102 117 1.00062
102 118 1.00069
102 119 1.00076
102 120 1.00083
102 121 1.00089
102 122 1.00093
102 123 1.00097
102 124 1.00099
102 125 1.001
102 126 1.00099
102 127 1.00096

103 0 0
103 1 1.00102
103 2 1.00102
103 3 1.00101
103 4 1.00101
103 5 1.00101
103 6 1.00101
103 7 1.00101
103 8 1.00101
103 9 1.00101
103 10 1.00101
103 11 1.00101
103 12 1.00101
103 13 1.00101
103 14 1.001
103 15 1.001
103 16 1.001
103 17 1.001
103 18 1.001
103 19 1.001
103 20 1.00099
103 21 1.00099
103 22 1.00099
103 23 1.00099
103 24 1.00099
103 25 1.00099
103 26 1.00098
103 27 1.00098
103 28 1.00098
103 29 1.00097
103 30 1.00097
103 31 1.00097
103 32 1.00096
103 33 1.00096
103 34 1.00095
103 35 1.00094
103 36 1.00094
103 37 1.00093
103 38 1.00092
103 39 1.0009
103 40 1.00089
103 41 1.00087
103 42 1.00085
103 43 1.00083
103 44 1.00081
103 45 1.00078
103 46 1.00075
103 47 1.00071
103 48 1.00067
103 49 1.00063
103 50 1.00059
103 51 1.00054
103 52 1.00048
103 53 1.00043
103 54 1.00037
103 55 1.0003
103 56 1.00024
103 57 1.00017
103 58 1.00009
103 59 1.00002
103 60 0.999946
103 61 0.999871
103 62 0.999795
103 63 0.99972
103 64 0.999646
103 65 0.999574
103 66 0.999503
103 67 0.999435
103 68 0.99937
103 69 0.999309
103 70 0.999251
103 71 0.999197
103 72 0.999147
103 73 0.999101
103 74 0.999061
103 75 0.999024
103 76 0.998993
103 77 0.998966
103 78 0.998944
103 79 0.998927
103 80 0.998915
103 81 0.998907
103 82 0.998904
103 83 0.998905
103 84 0.998911
103 85 0.998921
103 86 0.998935
103 87 0.998953
103 88 0.998975
103 89 0.999001
103 90 0.999031
103 91 0.999064
103 92 0.9991
103 93 0.99914
103 94 0.999183
103 95 0.999228
103 96 0.999277
103 97 0.999328
103 98 0.999382
103 99 0.999439
103 100 0.999498
103 101 0.999559
103 102 0.999622
103 103 0.999688
103 104 0.999756
103 105 0.999826
103 106 0.999898
103 107 0.999972
103 108 1.00005
103 109 1.00013
103 110 1.00021
103 111 1.00029
103 112 1.00037
103 113 1.00046
103 114 1.00054
103 115 1.00063
103 116 1.00072
103 117 1.0008
103 118 1.00088
103 119 1.00096
103 120 1.00103
103 121 1.00109
103 122 1.00115
103 123 1.00119
103 124 1.00121
103 125 1.00122
103 126 1.00121
103 127 1.00118

104 0 0
104 1 1.00102
104 2 1.00102
104 3 1.00102
104 4 1.00101
104 5 1.00101
104 6 1.00101
104 7 1.00101
104 8 1.00101
104 9 1.00101
104 10 1.00101
104 11 1.00101
104 12 1.00101
104 13 1.00101
104 14 1.00101
104 15 1.001
104 16 1.001
104 17 1.001
104 18 1.001
104 19 1.001
104 20 1.001
104 21 1.00099
104 22 1.00099
104 23 1.00099
104 24 1.00099
104 25 1.00099
104 26 1.00098
104 27 1.00098
104 28 1.00098
104 29 1.00098
104 30 1.00097
104 31 1.00097
104 32 1.00096
104 33 1.00096
104 34 1.00095
104 35 1.00095
104 36 1.00094
104 37 1.00093
104 38 1.00092
104 39 1.00091
104 40 1.0009
104 41 1.00088
104 42 1.00087
104 43 1.00085
104 44 1.00082
104 45 1.0008
104 46 1.00077
104 47 1.00074
104 48 1.00071
104 49 1.00067
104 50 1.00063
104 51 1.00058
104 52 1.00053
104 53 1.00048
104 54 1.00042
104 55 1.00036
104 56 1.0003
104 57 1.00024
104 58 1.00017
104 59 1.0001
104 60 1.00003
104 61 0.999956
104 62 0.999883
104 63 0.99981
104 64 0.999737
104 65 0.999666
104 66 0.999596
104 67 0.999528
104 68 0.999463
104 69 0.999401
104 70 0.999342
104 71 0.999287
104 72 0.999236
104 73 0.999189
104 74 0.999146
104 75 0.999108
104 76 0.999074
104 77 0.999046
104 78 0.999022
104 79 0.999003
104 80 0.998988
104 81 0.998979
104 82 0.998974
104 83 0.998974
104 84 0.998978
104 85 0.998987
104 86 0.999
104 87 0.999017
104 88 0.999038
104 89 0.999064
104 90 0.999093
104 91 0.999126
104 92 0.999163
104 93 0.999203
104 94 0.999247
104 95 0.999293
104 96 0.999343
104 97 0.999397
104 98 0.999452
104 99 0.999511
104 100 0.999573
104 101 0.999638
104 102 0.999705
104 103 0.999775
104 104 0.999848
104 105 0.999923
104 106 1
104 107 1.00008
104 108 1.00016
104 109 1.00025
104 110 1.00034
104 111 1.00043
104 112 1.00052
104 113 1.00061
104 114 1.00071
104 115 1.0008
104 116 1.0009
104 117 1.00099
104 118 1.00108
104 119 1.00117
104 120 1.00125
104 121 1.00132
104 122 1.00138
104 123 1.00142
104 124 1.00145
104 125 1.00146
104 126 1.00145
104 127 1.00141

105 0 0
105 1 1.00102
105 2 1.00102
105 3 1.00102
105 4 1.00102
105 5 1.00102
105 6 1.00101
105 7 1.00101
105 8 1.00101
105 9 1.00101
105 10 1.00101
105 11 1.00101
105 12 1.00101
105 13 1.00101
105 14 1.00101
105 15 1.001
105 16 1.001
105 17 1.001
105 18 1.001
105 19 1.001
105 20 1.001
105 21 1.001
105 22 1.00099
105 23 1.00099
105 24 1.00099
105 25 1.00099
105 26 1.00098
105 27 1.00098
105 28 1.00098
105 29 1.00098
105 30 1.00097
105 31 1.00097
105 32 1.00097
105 33 1.00096
105 34 1.00096
105 35 1.00095
105 36 1.00094
105 37 1.00094
105 38 1.00093
105 39 1.00092
105 40 1.00091
105 41 1.00089
105 42 1.00088
105 43 1.00086
105 44 1.00084
105 45 1.00082
105 46 1.00079
105 47 1.00077
105 48 1.00074
105 49 1.0007
105 50 1.00066
105 51 1.00062
105 52 1.00058
105 53 1.00053
105 54 1.00048
105 55 1.00042
105 56 1.00037
105 57 1.0003
105 58 1.00024
105 59 1.00018
105 60 1.00011
105 61 1.00004
105 62 0.999969
105 63 0.999898
105 64 0.999828
105 65 0.999758
105 66 0.99969
105 67 0.999623
105 68 0.999558
105 69 0.999495
105 70 0.999436
105 71 0.99938
105 72 0.999327
105 73 0.999279
105 74 0.999235
105 75 0.999195
105 76 0.999159
105 77 0.999129
105 78 0.999103
105 79 0.999082
105 80 0.999065
105 81 0.999054
105 82 0.999047
105 83 0.999045
105 84 0.999048
105 85 0.999055
105 86 0.999067
105 87 0.999083
105 88 0.999104
105 89 0.999129
105 90 0.999158
105 91 0.999191
105 92 0.999228
105 93 0.999268
105 94 0.999313
105 95 0.999361
105 96 0.999412
105 97 0.999467
105 98 0.999525
105 99 0.999587
105 100 0.999651
105 101 0.999719
105 102 0.999791
105 103 0.999865
105 104 0.999942
105 105 1.00002
105 106 1.00011
105 107 1.00019
105 108 1.00028
105 109 1.00038
105 110 1.00047
105 111 1.00057
105 112 1.00067
105 113 1.00078
105 114 1.00088
105 115 1.00099
105 116 1.0011
105 117 1.0012
105 118 1.0013
105 119 1.0014
105 120 1.00149
105 121 1.00156
105 122 1.00163
105 123 1.00168
105 124 1.00171
105 125 1.00172
105 126 1.00171
105 127 1.00167

106 0 0
106 1 1.00102
106 2 1.00102
106 3 1.00102
106 4 1.00102
106 5 1.00102
106 6 1.00102
106 7 1.00101
106 8 1.00101
106 9 1.00101
106 10 1.00101
106 11 1.00101
106 12 1.00101
106 13 1.00101
106 14 1.00101
106 15 1.00101
106 16 1.001
106 17 1.001
106 18 1.001
106 19 1.001
106 20 1.001
106 21 1.001
106 22 1.00099
106 23 1.00099
106 24 1.00099
106 25 1.00099
106 26 1.00099
106 27 1.00098
106 28 1.00098
106 29 1.00098
106 30 1.00097
106 31 1.00097
106 32 1.00097
106 33 1.00096
106 34 1.00096
106 35 1.00095
106 36 1.00095
106 37 1.00094
106 38 1.00093
106 39 1.00092
106 40 1.00091
106 41 1.0009
106 42 1.00089
106 43 1.00087
106 44 1.00085
106 45 1.00084
106 46 1.00081
106 47 1.00079
106 48 1.00076
106 49 1.00073
106 50 1.0007
106 51 1.00066
106 52 1.00062
106 53 1.00058
106 54 1.00053
106 55 1.00048
106 56 1.00042
106 57 1.00037
106 58 1.00031
106 59 1.00025
106 60 1.00018
106 61 1.00012
106 62 1.00005
106 63 0.999985
106 64 0.999917
106 65 0.999849
106 66 0.999782
106 67 0.999717
106 68 0.999653
106 69 0.999591
106 70 0.999531
106 71 0.999475
106 72 0.999422
106 73 0.999372
106 74 0.999326
106 75 0.999285
106 76 0.999248
106 77 0.999215
106 78 0.999187
106 79 0.999164
106 80 0.999146
106 81 0.999133
106 82 0.999124
106 83 0.99912
106 84 0.999121
106 85 0.999127
106 86 0.999138
106 87 0.999153
106 88 0.999172
106 89 0.999197
106 90 0.999225
106 91 0.999258
106 92 0.999295
106 93 0.999336
106 94 0.999381
106 95 0.99943
106 96 0.999483
106 97 0.99954
106 98 0.9996
106 99 0.999664
106 100 0.999732
106 101 0.999804
106 102 0.99988
106 103 0.999958
106 104 1.00004
106 105 1.00013
106 106 1.00022
106 107 1.00031
106 108 1.00041
106 109 1.00051
106 110 1.00062
106 111 1.00073
106 112 1.00084
106 113 1.00096
106 114 1.00107
106 115 1.00119
106 116 1.00131
106 117 1.00142
106 118 1.00154
106 119 1.00164
106 120 1.00174
106 121 1.00183
106 122 1.0019
106 123 1.00196
106 124 1.00199
106 125 1.002
106 126 1.00199
106 127 1.00195

107 0 0
107 1 1.00102
107 2 1.00102
107 3 1.00102
107 4 1.00102
107 5 1.00102
107 6 1.00102
107 7 1.00102
107 8 1.00102
107 9 1.00101
107 10 1.00101
107 11 1.00101
107 12 1.00101
107 13 1.00101
107 14 1.00101
107 15 1.00101
107 16 1.00101
107 17 1.001
107 18 1.001
107 19 1.001
107 20 1.001
107 21 1.001
107 22 1.00099
107 23 1.00099
107 24 1.00099
107 25 1.00099
107 26 1.00099
107 27 1.00098
107 28 1.00098
107 29 1.00098
107 30 1.00097
107 31 1.00097
107 32 1.00097
107 33 1.00096
107 34 1.00096
107 35 1.00095
107 36 1.00095
107 37 1.00094
107 38 1.00093
107 39 1.00093
107 40 1.00092
107 41 1.00091
107 42 1.00089
107 43 1.00088
107 44 1.00087
107 45 1.00085
107 46 1.00083
107 47 1.00081
107 48 1.00078
107 49 1.00075
107 50 1.00072
107 51 1.00069
107 52 1.00066
107 53 1.00062
107 54 1.00057
107 55 1.00053
107 56 1.00048
107 57 1.00043
107 58 1.00037
107 59 1.00032
107 60 1.00026
107 61 1.00019
107 62 1.00013
107 63 1.00007
107 64 1
107 65 0.999938
107 66 0.999874
107 67 0.99981
107 68 0.999747
107 69 0.999686
107 70 0.999627
107 71 0.999571
107 72 0.999517
107 73 0.999467
107 74 0.99942
107 75 0.999378
107 76 0.999339
107 77 0.999305
107 78 0.999275
107 79 0.99925
107 80 0.99923
107 81 0.999215
107 82 0.999204
107 83 0.999199
107 84 0.999198
107 85 0.999202
107 86 0.999211
107 87 0.999225
107 88 0.999244
107 89 0.999267
107 90 0.999295
107 91 0.999328
107 92 0.999365
107 93 0.999406
107 94 0.999452
107 95 0.999502
107 96 0.999556
107 97 0.999615
107 98 0.999678
107 99 0.999745
107 100 0.999816
107 101 0.999892
107 102 0.999972
107 103 1.00006
107 104 1.00014
107 105 1.00024
107 106 1.00033
107 107 1.00044
107 108 1.00055
107 109 1.00066
107 110 1.00077
107 111 1.00089
107 112 1.00102
107 113 1.00114
107 114 1.00127
107 115 1.00141
107 116 1.00154
107 117 1.00166
107 118 1.00179
107 119 1.00191
107 120 1.00202
107 121 1.00212
107 122 1.0022
107 123 1.00226
107 124 1.0023
107 125 1.00231
107 126 1.0023
107 127 1.00225

108 0 0
108 1 1.00102
108 2 1.00102
108 3 1.00102
108 4 1.00102
108 5 1.00102
108 6 1.00102
108 7 1.00102
108 8 1.00102
108 9 1.00102
108 10 1.00101
108 11 1.00101
108 12 1.00101
108 13 1.00101
108 14 1.00101
108 15 1.00101
108 16 1.00101
108 17 1.001
108 18 1.001
108 19 1.001
108 20 1.001
108 21 1.001
108 22 1.00099
108 23 1.00099
108 24 1.00099
108 25 1.00099
108 26 1.00099
108 27 1.00098
108 28 1.00098
108 29 1.00098
108 30 1.00097
108 31 1.00097
108 32 1.00097
108 33 1.00096
108 34 1.00096
108 35 1.00095
108 36 1.00095
108 37 1.00094
108 38 1.00094
108 39 1.00093
108 40 1.00092
108 41 1.00091
108 42 1.0009
108 43 1.00089
108 44 1.00087
108 45 1.00086
108 46 1.00084
108 47 1.00082
108 48 1.0008
108 49 1.00078
108 50 1.00075
108 51 1.00072
108 52 1.00069
108 53 1.00065
108 54 1.00061
108 55 1.00057
108 56 1.00053
108 57 1.00048
108 58 1.00043
108 59 1.00038
108 60 1.00032
108 61 1.00027
108 62 1.00021
108 63 1.00015
108 64 1.00009
108 65 1.00002
108 66 0.999962
108 67 0.9999
108 68 0.99984
108 69 0.99978
108 70 0.999722
108 71 0.999666
108 72 0.999613
108 73 0.999563
108 74 0.999516
108 75 0.999472
108 76 0.999433
108 77 0.999397
108 78 0.999366
108 79 0.999339
108 80 0.999317
108 81 0.9993
108 82 0.999288
108 83 0.999281
108 84 0.999278
108 85 0.999281
108 86 0.999288
108 87 0.999301
108 88 0.999318
108 89 0.999341
108 90 0.999368
108 91 0.9994
108 92 0.999437
108 93 0.999479
108 94 0.999526
108 95 0.999577
108 96 0.999633
108 97 0.999693
108 98 0.999758
108 99 0.999828
108 100 0.999903
108 101 0.999983
108 102 1.00007
108 103 1.00016
108 104 1.00025
108 105 1.00035
108 106 1.00046
108 107 1.00057
108 108 1.00068
108 109 1.00081
108 110 1.00093
108 111 1.00107
108 112 1.0012
108 113 1.00134
108 114 1.00149
108 115 1.00164
108 116 1.00178
108 117 1.00193
108 118 1.00207
108 119 1.0022
108 120 1.00232
108 121 1.00244
108 122 1.00253
108 123 1.00259
108 124 1.00264
108 125 1.00265
108 126 1.00263
108 127 1.00258

109 0 0
109 1 1.00102
109 2 1.00102
109 3 1.00102
109 4 1.00102
109 5 1.00102
109 6 1.00102
109 7 1.00102
109 8 1.00102
109 9 1.00102
109 10 1.00102
109 11 1.00101
109 12 1.00101
109 13 1.00101
109 14 1.00101
109 15 1.00101
109 16 1.00101
109 17 1.00101
109 18 1.001
109 19 1.001
109 20 1.001
109 21 1.001
109 22 1.001
109 23 1.00099
109 24 1.00099
109 25 1.00099
109 26 1.00099
109 27 1.00098
109 28 1.00098
109 29 1.00098
109 30 1.00097
109 31 1.00097
109 32 1.00097
109 33 1.00096
109 34 1.00096
109 35 1.00095
109 36 1.00095
109 37 1.00094
109 38 1.00094
109 39 1.00093
109 40 1.00092
109 41 1.00091
109 42 1.0009
109 43 1.00089
109 44 1.00088
109 45 1.00087
109 46 1.00085
109 47 1.00083
109 48 1.00081
109 49 1.00079
109 50 1.00077
109 51 1.00074
109 52 1.00071
109 53 1.00068
109 54 1.00065
109 55 1.00061
109 56 1.00057
109 57 1.00053
109 58 1.00048
109 59 1.00043
109 60 1.00038
109 61 1.00033
109 62 1.00028
109 63 1.00022
109 64 1.00016
109 65 1.0001
109 66 1.00005
109 67 0.999987
109 68 0.999929
109 69 0.999872
109 70 0.999815
109 71 0.999761
109 72 0.999708
109 73 0.999659
109 74 0.999611
109 75 0.999568
109 76 0.999527
109 77 0.999491
109 78 0.999459
109 79 0.999431
109 80 0.999407
109 81 0.999388
109 82 0.999375
109 83 0.999365
109 84 0.999361
109 85 0.999362
109 86 0.999369
109 87 0.99938
109 88 0.999396
109 89 0.999418
109 90 0.999444
109 91 0.999476
109 92 0.999513
109 93 0.999555
109 94 0.999602
109 95 0.999654
109 96 0.999712
109 97 0.999774
109 98 0.999842
109 99 0.999915
109 100 0.999993
109 101 1.00008
109 102 1.00017
109 103 1.00026
109 104 1.00036
109 105 1.00047
109 106 1.00059
109 107 1.0007
109 108 1.00083
109 109 1.00097
109 110 1.00111
109 111 1.00125
109 112 1.0014
109 113 1.00156
109 114 1.00172
109 115 1.00188
109 116 1.00205
109 117 1.00221
109 118 1.00236
109 119 1.00251
109 120 1.00266
109 121 1.00278
109 122 1.00288
109 123 1.00296
109 124 1.00301
109 125 1.00302
109 126 1.003
109 127 1.00294

110 0 0
110 1 1.00102
110 2 1.00102
110 3 1.00102
110 4 1.00102
110 5 1.00102
110 6 1.00102
110 7 1.00102
110 8 1.00102
110 9 1.00102
110 10 1.00102
110 11 1.00102
110 12 1.00101
110 13 1.00101
110 14 1.00101
110 15 1.00101
110 16 1.00101
110 17 1.00101
110 18 1.001
110 19 1.001
110 20 1.001
110 21 1.001
110 22 1.001
110 23 1.00099
110 24 1.00099
110 25 1.00099
110 26 1.00099
110 27 1.00098
110 28 1.00098
110 29 1.00098
110 30 1.00097
110 31 1.00097
110 32 1.00097
110 33 1.00096
110 34 1.00096
110 35 1.00095
110 36 1.00095
110 37 1.00094
110 38 1.00094
110 39 1.00093
110 40 1.00092
110 41 1.00092
110 42 1.00091
110 43 1.0009
110 44 1.00089
110 45 1.00087
110 46 1.00086
110 47 1.00084
110 48 1.00083
110 49 1.00081
110 50 1.00078
110 51 1.00076
110 52 1.00073
110 53 1.00071
110 54 1.00068
110 55 1.00064
110 56 1.00061
110 57 1.00057
110 58 1.00053
110 59 1.00048
110 60 1.00044
110 61 1.00039
110 62 1.00034
110 63 1.00029
110 64 1.00023
110 65 1.00018
110 66 1.00012
110 67 1.00007
110 68 1.00001
110 69 0.999959
110 70 0.999905
110 71 0.999852
110 72 0.999801
110 73 0.999753
110 74 0.999706
110 75 0.999663
110 76 0.999622
110 77 0.999585
110 78 0.999552
110 79 0.999523
110 80 0.999499
110 81 0.999479
110 82 0.999463
110 83 0.999453
110 84 0.999447
110 85 0.999447
110 86 0.999452
110 87 0.999462
110 88 0.999477
110 89 0.999498
110 90 0.999524
110 91 0.999555
110 92 0.999592
110 93 0.999634
110 94 0.999681
110 95 0.999735
110 96 0.999793
110 97 0.999858
110 98 0.999928
110 99 1
110 100 1.00009
110 101 1.00018
110 102 1.00027
110 103 1.00037
110 104 1.00048
110 105 1.00059
110 106 1.00072
110 107 1.00085
110 108 1.00099
110 109 1.00113
110 110 1.00128
110 111 1.00144
110 112 1.00161
110 113 1.00178
110 114 1.00196
110 115 1.00215
110 116 1.00233
110 117 1.0025
110 118 1.00268
110 119 1.00286
110 120 1.00302
110 121 1.00315
110 122 1.00327
110 123 1.00336
110 124 1.00341
110 125 1.00343
110 126 1.00341
110 127 1.00334

111 0 0
111 1 1.00102
111 2 1.00102
111 3 1.00102
111 4 1.00102
111 5 1.00102
111 6 1.00102
111 7 1.00102
111 8 1.00102
111 9 1.00102
111 10 1.00102
111 11 1.00102
111 12 1.00102
111 13 1.00101
111 14 1.00101
111 15 1.00101
111 16 1.00101
111 17 1.00101
111 18 1.00101
111 19 1.001
111 20 1.001
111 21 1.001
111 22 1.001
111 23 1.00099
111 24 1.00099
111 25 1.00099
111 26 1.00099
111 27 1.00098
111 28 1.00098
111 29 1.00098
111 30 1.00097
111 31 1.00097
111 32 1.00097
111 33 1.00096
111 34 1.00096
111 35 1.00095
111 36 1.00095
111 37 1.00094
111 38 1.00094
111 39 1.00093
111 40 1.00092
111 41 1.00092
111 42 1.00091
111 43 1.0009
111 44 1.00089
111 45 1.00088
111 46 1.00086
111 47 1.00085
111 48 1.00083
111 49 1.00082
111 50 1.0008
111 51 1.00078
111 52 1.00075
111 53 1.00073
111 54 1.0007
111 55 1.00067
111 56 1.00064
111 57 1.0006
111 58 1.00056
111 59 1.00053
111 60 1.00048
111 61 1.00044
111 62 1.00039
111 63 1.00035
111 64 1.0003
111 65 1.00025
111 66 1.0002
111 67 1.00015
111 68 1.00009
111 69 1.00004
111 70 0.99999
111 71 0.99994
111 72 0.999891
111 73 0.999843
111 74 0.999798
111 75 0.999755
111 76 0.999715
111 77 0.999679
111 78 0.999646
111 79 0.999616
111 80 0.999591
111 81 0.99957
111 82 0.999554
111 83 0.999542
111 84 0.999535
111 85 0.999534
111 86 0.999537
111 87 0.999546
111 88 0.99956
111 89 0.99958
111 90 0.999605
111 91 0.999636
111 92 0.999673
111 93 0.999715
111 94 0.999764
111 95 0.999818
111 96 0.999878
111 97 0.999945
111 98 1.00002
111 99 1.0001
111 100 1.00018
111 101 1.00028
111 102 1.00038
111 103 1.00048
111 104 1.0006
111 105 1.00072
111 106 1.00085
111 107 1.00099
111 108 1.00114
111 109 1.0013
111 110 1.00147
111 111 1.00165
111 112 1.00183
111 113 1.00201
111 114 1.00222
111 115 1.00243
111 116 1.00262
111 117 1.00283
111 118 1.00305
111 119 1.00323
111 120 1.00339
111 121 1.00356
111 122 1.0037
111 123 1.00379
111 124 1.00385
111 125 1.00388
111 126 1.00385
111 127 1.00378

112 0 0
112 1 1.00102
112 2 1.00102
112 3 1.00102
112 4 1.00102
112 5 1.00102
112 6 1.00102
112 7 1.00102
112 8 1.00102
112 9 1.00102
112 10 1.00102
112 11 1.00102
112 12 1.00102
112 13 1.00101
112 14 1.00101
112 15 1.00101
112 16 1.00101
112 17 1.00101
112 18 1.00101
112 19 1.001
112 20 1.001
112 21 1.001
112 22 1.001
112 23 1.00099
112 24 1.00099
112 25 1.00099
112 26 1.00099
112 27 1.00098
112 28 1.00098
112 29 1.00098
112 30 1.00097
112 31 1.00097
112 32 1.00097
112 33 1.00096
112 34 1.00096
112 35 1.00095
112 36 1.00095
112 37 1.00094
112 38 1.00094
112 39 1.00093
112 40 1.00092
112 41 1.00092
112 42 1.00091
112 43 1.0009
112 44 1.00089
112 45 1.00088
112 46 1.00087
112 47 1.00085
112 48 1.00084
112 49 1.00082
112 50 1.0008
112 51 1.00079
112 52 1.00076
112 53 1.00074
112 54 1.00072
112 55 1.00069
112 56 1.00066
112 57 1.00063
112 58 1.0006
112 59 1.00056
112 60 1.00052
112 61 1.00048
112 62 1.00044
112 63 1.0004
112 64 1.00035
112 65 1.00031
112 66 1.00026
112 67 1.00021
112 68 1.00016
112 69 1.00012
112 70 1.00007
112 71 1.00002
112 72 0.999974
112 73 0.999929
112 74 0.999886
112 75 0.999844
112 76 0.999805
112 77 0.999769
112 78 0.999737
112 79 0.999708
112 80 0.999682
112 81 0.999661
112 82 0.999644
112 83 0.999632
112 84 0.999624
112 85 0.999622
112 86 0.999624
112 87 0.999632
112 88 0.999646
112 89 0.999665
112 90 0.99969
112 91 0.99972
112 92 0.999757
112 93 0.9998
112 94 0.999848
112 95 0.999904
112 96 0.999966
112 97 1.00003
112 98 1.00011
112 99 1.00019
112 100 1.00028
112 101 1.00038
112 102 1.00049
112 103 1.0006
112 104 1.00072
112 105 1.00085
112 106 1.001
112 107 1.00115
112 108 1.0013
112 109 1.00148
112 110 1.00167
112 111 1.00185
112 112 1.00205
112 113 1.00227
112 114 1.0025
112 115 1.00271
112 116 1.00294
112 117 1.00319
112 118 1.00341
112 119 1.0036
112 120 1.00383
112 121 1.00402
112 122 1.00415
112 123 1.00426
112 124 1.00434
112 125 1.00437
112 126 1.00434
112 127 1.00426

113 0 0
113 1 1.00102
113 2 1.00102
113 3 1.00102
113 4 1.00102
113 5 1.00102
113 6 1.00102
113 7 1.00102
113 8 1.00102
113 9 1.00102
113 10 1.00102
113 11 1.00102
113 12 1.00102
113 13 1.00102
113 14 1.00101
113 15 1.00101
113 16 1.00101
113 17 1.00101
113 18 1.00101
113 19 1.001
113 20 1.001
113 21 1.001
113 22 1.001
113 23 1.00099
113 24 1.00099
113 25 1.00099
113 26 1.00099
113 27 1.00098
113 28 1.00098
113 29 1.00098
113 30 1.00097
113 31 1.00097
113 32 1.00096
113 33 1.00096
113 34 1.00096
113 35 1.00095
113 36 1.00095
113 37 1.00094
113 38 1.00093
113 39 1.00093
113 40 1.00092
113 41 1.00091
113 42 1.00091
113 43 1.0009
113 44 1.00089
113 45 1.00088
113 46 1.00087
113 47 1.00085
113 48 1.00084
113 49 1.00083
113 50 1.00081
113 51 1.00079
113 52 1.00077
113 53 1.00075
113 54 1.00073
113 55 1.00071
113 56 1.00068
113 57 1.00065
113 58 1.00062
113 59 1.00059
113 60 1.00055
113 61 1.00052
113 62 1.00048
113 63 1.00044
113 64 1.0004
113 65 1.00036
113 66 1.00032
113 67 1.00027
113 68 1.00023
113 69 1.00018
113 70 1.00014
113 71 1.00009
113 72 1.00005
113 73 1.00001
113 74 0.999967
113 75 0.999927
113 76 0.99989
113 77 0.999856
113 78 0.999824
113 79 0.999795
113 80 0.99977
113 81 0.999749
113 82 0.999732
113 83 0.99972
113 84 0.999712
113 85 0.999709
113 86 0.999711
113 87 0.999719
113 88 0.999732
113 89 0.99975
113 90 0.999775
113 91 0.999805
113 92 0.999842
113 93 0.999885
113 94 0.999935
113 95 0.999991
113 96 1.00005
113 97 1.00013
113 98 1.0002
113 99 1.00029
113 100 1.00038
113 101 1.00049
113 102 1.0006
113 103 1.00072
113 104 1.00085
113 105 1.00099
113 106 1.00114
113 107 1.0013
113 108 1.00148
113 109 1.00167
113 110 1.00186
113 111 1.00206
113 112 1.0023
113 113 1.00254
113 114 1.00276
113 115 1.00302
113 116 1.00331
113 117 1.00355
113 118 1.00377
113 119 1.00405
113 120 1.00431
113 121 1.00447
113 122 1.00464
113 123 1.00481
113 124 1.00489
113 125 1.0049
113 126 1.00488
113 127 1.00479

114 0 0
114 1 1.00102
114 2 1.00102
114 3 1.00102
114 4 1.00102
114 5 1.00102
114 6 1.00102
114 7 1.00102
114 8 1.00102
114 9 1.00102
114 10 1.00102
114 11 1.00102
114 12 1.00102
114 13 1.00102
114 14 1.00102
114 15 1.00101
114 16 1.00101
114 17 1.00101
114 18 1.00101
114 19 1.00101
114 20 1.001
114 21 1.001
114 22 1.001
114 23 1.00099
114 24 1.00099
114 25 1.00099
114 26 1.00099
114 27 1.00098
114 28 1.00098
114 29 1.00097
114 30 1.00097
114 31 1.00097
114 32 1.00096
114 33 1.00096
114 34 1.00095
114 35 1.00095
114 36 1.00094
114 37 1.00094
114 38 1.00093
114 39 1.00093
114 40 1.00092
114 41 1.00091
114 42 1.0009
114 43 1.0009
114 44 1.00089
114 45 1.00088
114 46 1.00087
114 47 1.00085
114 48 1.00084
114 49 1.00083
114 50 1.00081
114 51 1.0008
114 52 1.00078
114 53 1.00076
114 54 1.00074
114 55 1.00072
114 56 1.00069
114 57 1.00067
114 58 1.00064
114 59 1.00061
114 60 1.00058
114 61 1.00055
114 62 1.00051
114 63 1.00048
114 64 1.00044
114 65 1.0004
114 66 1.00036
114 67 1.00032
114 68 1.00028
114 69 1.00024
114 70 1.0002
114 71 1.00016
114 72 1.00012
114 73 1.00008
114 74 1.00004
114 75 1
114 76 0.999968
114 77 0.999935
114 78 0.999905
114 79 0.999878
114 80 0.999854
114 81 0.999834
114 82 0.999817
114 83 0.999805
114 84 0.999797
114 85 0.999794
114 86 0.999796
114 87 0.999804
114 88 0.999817
114 89 0.999835
114 90 0.99986
114 91 0.999891
114 92 0.999928
114 93 0.999972
114 94 1.00002
114 95 1.00008
114 96 1.00015
114 97 1.00022
114 98 1.0003
114 99 1.00039
114 100 1.00049
114 101 1.00059
114 102 1.00071
114 103 1.00084
114 104 1.00098
114 105 1.00112
114 106 1.00128
114 107 1.00146
114 108 1.00165
114 109 1.00185
114 110 1.00206
114 111 1.0023
114 112 1.00255
114 113 1.00278
114 114 1.00306
114 115 1.00337
114 116 1.00364
114 117 1.0039
114 118 1.00423
114 119 1.00454
114 120 1.00474
114 121 1.00499
114 122 1.00524
114 123 1.00537
114 124 1.00546
114 125 1.00551
114 126 1.00548
114 127 1.00538

115 0 0
115 1 1.00102
115 2 1.00102
115 3 1.00102
115 4 1.00102
115 5 1.00102
115 6 1.00102
115 7 1.00102
115 8 1.00102
115 9 1.00102
115 10 1.00102
115 11 1.00102
115 12 1.00102
115 13 1.00102
115 14 1.00102
115 15 1.00101
115 16 1.00101
115 17 1.00101
115 18 1.00101
115 19 1.00101
115 20 1.001
115 21 1.001
115 22 1.001
115 23 1.001
115 24 1.00099
115 25 1.00099
115 26 1.00099
115 27 1.00098
115 28 1.00098
115 29 1.00097
115 30 1.00097
115 31 1.00097
115 32 1.00096
115 33 1.00096
115 34 1.00095
115 35 1.00095
115 36 1.00094
115 37 1.00094
115 38 1.00093
115 39 1.00092
115 40 1.00092
115 41 1.00091
115 42 1.0009
115 43 1.00089
115 44 1.00088
115 45 1.00087
115 46 1.00086
115 47 1.00085
115 48 1.00084
115 49 1.00083
115 50 1.00081
115 51 1.0008
115 52 1.00078
115 53 1.00076
115 54 1.00074
115 55 1.00072
115 56 1.0007
115 57 1.00068
115 58 1.00065
115 59 1.00062
115 60 1.0006
115 61 1.00057
115 62 1.00054
115 63 1.0005
115 64 1.00047
115 65 1.00044
115 66 1.0004
115 67 1.00036
115 68 1.00033
115 69 1.00029
115 70 1.00025
115 71 1.00021
115 72 1.00018
115 73 1.00014
115 74 1.0001
115 75 1.00007
115 76 1.00004
115 77 1.00001
115 78 0.999978
115 79 0.999953
115 80 0.999931
115 81 0.999911
115 82 0.999896
115 83 0.999885
115 84 0.999878
115 85 0.999875
115 86 0.999878
115 87 0.999886
115 88 0.999899
115 89 0.999918
115 90 0.999943
115 91 0.999974
115 92 1.00001
115 93 1.00006
115 94 1.00011
115 95 1.00017
115 96 1.00024
115 97 1.00031
115 98 1.00039
115 99 1.00049
115 100 1.00059
115 101 1.0007
115 102 1.00082
115 103 1.00096
115 104 1.0011
115 105 1.00126
115 106 1.00144
115 107 1.00162
115 108 1.00182
115 109 1.00203
115 110 1.00228
115 111 1.00253
115 112 1.00277
115 113 1.00306
115 114 1.0034
115 115 1.00369
115 116 1.00397
115 117 1.00435
115 118 1.00472
115 119 1.00496
115 120 1.00525
115 121 1.00564
115 122 1.00584
115 123 1.00595
115 124 1.00611
115 125 1.0062
115 126 1.00616
115 127 1.00601

116 0 0
116 1 1.00102
116 2 1.00102
116 3 1.00102
116 4 1.00102
116 5 1.00102
116 6 1.00102
116 7 1.00102
116 8 1.00102
116 9 1.00102
116 10 1.00102
116 11 1.00102
116 12 1.00102
116 13 1.00102
116 14 1.00102
116 15 1.00102
116 16 1.00101
116 17 1.00101
116 18 1.00101
116 19 1.00101
116 20 1.001
116 21 1.001
116 22 1.001
116 23 1.001
116 24 1.00099
116 25 1.00099
116 26 1.00099
116 27 1.00098
116 28 1.00098
116 29 1.00097
116 30 1.00097
116 31 1.00096
116 32 1.00096
116 33 1.00096
116 34 1.00095
116 35 1.00094
116 36 1.00094
116 37 1.00093
116 38 1.00093
116 39 1.00092
116 40 1.00091
116 41 1.0009
116 42 1.0009
116 43 1.00089
116 44 1.00088
116 45 1.00087
116 46 1.00086
116 47 1.00085
116 48 1.00084
116 49 1.00082
116 50 1.00081
116 51 1.00079
116 52 1.00078
116 53 1.00076
116 54 1.00074
116 55 1.00072
116 56 1.0007
116 57 1.00068
116 58 1.00066
116 59 1.00063
116 60 1.00061
116 61 1.00058
116 62 1.00055
116 63 1.00052
116 64 1.00049
116 65 1.00046
116 66 1.00043
116 67 1.00039
116 68 1.00036
116 69 1.00033
116 70 1.00029
116 71 1.00026
116 72 1.00022
116 73 1.00019
116 74 1.00016
116 75 1.00013
116 76 1.0001
116 77 1.00007
116 78 1.00004
116 79 1.00002
116 80 0.999998
116 81 0.999981
116 82 0.999967
116 83 0.999957
116 84 0.999951
116 85 0.99995
116 86 0.999953
116 87 0.999962
116 88 0.999976
116 89 0.999996
116 90 1.00002
116 91 1.00005
116 92 1.00009
116 93 1.00014
116 94 1.00019
116 95 1.00025
116 96 1.00032
116 97 1.0004
116 98 1.00049
116 99 1.00058
116 100 1.00069
116 101 1.00081
116 102 1.00094
116 103 1.00108
116 104 1.00123
116 105 1.0014
116 106 1.00158
116 107 1.00178
116 108 1.00199
116 109 1.00223
116 110 1.00248
116 111 1.00274
116 112 1.00304
116 113 1.00337
116 114 1.00367
116 115 1.00399
116 116 1.00441
116 117 1.00481
116 118 1.00508
116 119 1.00545
116 120 1.00596
116 121 1.00621
116 122 1.00638
116 123 1.00674
116 124 1.00692
116 125 1.00689
116 126 1.00688
116 127 1.00675

117 0 0
117 1 1.00102
117 2 1.00102
117 3 1.00102
117 4 1.00102
117 5 1.00103
117 6 1.00103
117 7 1.00103
117 8 1.00102
117 9 1.00102
117 10 1.00102
117 11 1.00102
117 12 1.00102
117 13 1.00102
117 14 1.00102
117 15 1.00102
117 16 1.00101
117 17 1.00101
117 18 1.00101
117 19 1.00101
117 20 1.001
117 21 1.001
117 22 1.001
117 23 1.001
117 24 1.00099
117 25 1.00099
117 26 1.00099
117 27 1.00098
117 28 1.00098
117 29 1.00097
117 30 1.00097
117 31 1.00096
117 32 1.00096
117 33 1.00095
117 34 1.00095
117 35 1.00094
117 36 1.00094
117 37 1.00093
117 38 1.00092
117 39 1.00092
117 40 1.00091
117 41 1.0009
117 42 1.00089
117 43 1.00088
117 44 1.00087
117 45 1.00086
117 46 1.00085
117 47 1.00084
117 48 1.00083
117 49 1.00082
117 50 1.0008
117 51 1.00079
117 52 1.00077
117 53 1.00076
117 54 1.00074
117 55 1.00072
117 56 1.0007
117 57 1.00068
117 58 1.00066
117 59 1.00064
117 60 1.00061
117 61 1.00059
117 62 1.00056
117 63 1.00053
117 64 1.00051
117 65 1.00048
117 66 1.00045
117 67 1.00042
117 68 1.00038
117 69 1.00035
117 70 1.00032
117 71 1.00029
117 72 1.00026
117 73 1.00023
117 74 1.0002
117 75 1.00017
117 76 1.00014
117 77 1.00012
117 78 1.00009
117 79 1.00007
117 80 1.00005
117 81 1.00004
117 82 1.00003
117 83 1.00002
117 84 1.00001
117 85 1.00001
117 86 1.00002
117 87 1.00003
117 88 1.00004
117 89 1.00007
117 90 1.00009
117 91 1.00013
117 92 1.00017
117 93 1.00021
117 94 1.00027
117 95 1.00033
117 96 1.0004
117 97 1.00049
117 98 1.00058
117 99 1.00068
117 100 1.00079
117 101 1.00091
117 102 1.00104
117 103 1.00119
117 104 1.00136
117 105 1.00153
117 106 1.00172
117 107 1.00193
117 108 1.00217
117 109 1.00241
117 110 1.00267
117 111 1.00298
117 112 1.00331
117 113 1.00362
117 114 1.00395
117 115 1.00439
117 116 1.00483
117 117 1.00514
117 118 1.00555
117 119 1.00615
117 120 1.00653
117 121 1.00671
117 122 1.0072
117 123 1.00761
117 124 1.00766
117 125 1.00769
117 126 1.00772
117 127 1.00765

118 0 0
118 1 1.00102
118 2 1.00102
118 3 1.00103
118 4 1.00103
118 5 1.00103
118 6 1.00103
118 7 1.00103
118 8 1.00103
118 9 1.00103
118 10 1.00102
118 11 1.00102
118 12 1.00102
118 13 1.00102
118 14 1.00102
118 15 1.00102
118 16 1.00102
118 17 1.00101
118 18 1.00101
118 19 1.00101
118 20 1.00101
118 21 1.001
118 22 1.001
118 23 1.001
118 24 1.00099
118 25 1.00099
118 26 1.00098
118 27 1.00098
118 28 1.00098
118 29 1.00097
118 30 1.00097
118 31 1.00096
118 32 1.00096
118 33 1.00095
118 34 1.00095
118 35 1.00094
118 36 1.00093
118 37 1.00093
118 38 1.00092
118 39 1.00091
118 40 1.00091
118 41 1.0009
118 42 1.00089
118 43 1.00088
118 44 1.00087
118 45 1.00086
118 46 1.00085
118 47 1.00084
118 48 1.00082
118 49 1.00081
118 50 1.0008
118 51 1.00078
118 52 1.00077
118 53 1.00075
118 54 1.00074
118 55 1.00072
118 56 1.0007
118 57 1.00068
118 58 1.00066
118 59 1.00064
118 60 1.00061
118 61 1.00059
118 62 1.00056
118 63 1.00054
118 64 1.00051
118 65 1.00048
118 66 1.00046
118 67 1.00043
118 68 1.0004
118 69 1.00037
118 70 1.00034
118 71 1.00031
118 72 1.00028
118 73 1.00026
118 74 1.00023
118 75 1.0002
118 76 1.00018
118 77 1.00016
118 78 1.00013
118 79 1.00012
118 80 1.0001
118 81 1.00009
118 82 1.00008
118 83 1.00007
118 84 1.00007
118 85 1.00007
118 86 1.00008
118 87 1.00009
118 88 1.0001
118 89 1.00013
118 90 1.00016
118 91 1.00019
118 92 1.00023
118 93 1.00028
118 94 1.00034
118 95 1.0004
118 96 1.00048
118 97 1.00056
118 98 1.00066
118 99 1.00076
118 100 1.00088
118 101 1.001
118 102 1.00114
118 103 1.0013
118 104 1.00147
118 105 1.00165
118 106 1.00186
118 107 1.00208
118 108 1.00232
118 109 1.00258
118 110 1.00288
118 111 1.0032
118 112 1.00351
118 113 1.00387
118 114 1.00433
118 115 1.00474
118 116 1.00509
118 117 1.00559
118 118 1.00626
118 119 1.00665
118 120 1.00688
118 121 1.00763
118 122 1.00828
118 123 1.00817
118 124 1.00843
118 125 1.00889
118 126 1.00875
118 127 1.00843

119 0 0
119 1 1.00102
119 2 1.00103
119 3 1.00103
119 4 1.00103
119 5 1.00103
119 6 1.00103
119 7 1.00103
119 8 1.00103
119 9 1.00103
119 10 1.00103
119 11 1.00102
119 12 1.00102
119 13 1.00102
119 14 1.00102
119 15 1.00102
119 16 1.00102
119 17 1.00101
119 18 1.00101
119 19 1.00101
119 20 1.00101
119 21 1.001
119 22 1.001
119 23 1.001
119 24 1.00099
119 25 1.00099
119 26 1.00098
119 27 1.00098
119 28 1.00098
119 29 1.00097
119 30 1.00097
119 31 1.00096
119 32 1.00096
119 33 1.00095
119 34 1.00094
119 35 1.00094
119 36 1.00093
119 37 1.00092
119 38 1.00092
119 39 1.00091
119 40 1.0009
119 41 1.00089
119 42 1.00088
119 43 1.00087
119 44 1.00086
119 45 1.00085
119 46 1.00084
119 47 1.00083
119 48 1.00082
119 49 1.00081
119 50 1.00079
119 51 1.00078
119 52 1.00076
119 53 1.00075
119 54 1.00073
119 55 1.00071
119 56 1.00069
119 57 1.00067
119 58 1.00065
119 59 1.00063
119 60 1.00061
119 61 1.00059
119 62 1.00056
119 63 1.00054
119 64 1.00051
119 65 1.00049
119 66 1.00046
119 67 1.00043
119 68 1.00041
119 69 1.00038
119 70 1.00035
119 71 1.00033
119 72 1.0003
119 73 1.00027
119 74 1.00025
119 75 1.00022
119 76 1.0002
119 77 1.00018
119 78 1.00016
119 79 1.00015
119 80 1.00013
119 81 1.00012
119 82 1.00011
119 83 1.00011
119 84 1.00011
119 85 1.00011
119 86 1.00012
119 87 1.00013
119 88 1.00015
119 89 1.00017
119 90 1.00021
119 91 1.00024
119 92 1.00029
119 93 1.00034
119 94 1.0004
119 95 1.00046
119 96 1.00054
119 97 1.00063
119 98 1.00073
119 99 1.00083
119 100 1.00095
119 101 1.00109
119 102 1.00123
119 103 1.00139
119 104 1.00157
119 105 1.00177
119 106 1.00198
119 107 1.00221
119 108 1.00247
119 109 1.00276
119 110 1.00306
119 111 1.00337
119 112 1.00375
119 113 1.00418
119 114 1.00459
119 115 1.00498
119 116 1.00552
119 117 1.00618
119 118 1.00664
119 119 1.00702
119 120 1.00781
119 121 1.00863
119 122 1.00871
119 123 1.00909
119 124 1.00985
119 125 1.00989
119 126 1.00982
119 127 1.00942

120 0 0
120 1 1.00103
120 2 1.00103
120 3 1.00103
120 4 1.00103
120 5 1.00103
120 6 1.00103
120 7 1.00103
120 8 1.00103
120 9 1.00103
120 10 1.00103
120 11 1.00103
120 12 1.00102
120 13 1.00102
120 14 1.00102
120 15 1.00102
120 16 1.00102
120 17 1.00101
120 18 1.00101
120 19 1.00101
120 20 1.00101
120 21 1.001
120 22 1.001
120 23 1.001
120 24 1.00099
120 25 1.00099
120 26 1.00098
120 27 1.00098
120 28 1.00098
120 29 1.00097
120 30 1.00097
120 31 1.00096
120 32 1.00095
120 33 1.00095
120 34 1.00094
120 35 1.00094
120 36 1.00093
120 37 1.00092
120 38 1.00091
120 39 1.00091
120 40 1.0009
120 41 1.00089
120 42 1.00088
120 43 1.00087
120 44 1.00086
120 45 1.00085
120 46 1.00084
120 47 1.00082
120 48 1.00081
120 49 1.0008
120 50 1.00078
120 51 1.00077
120 52 1.00075
120 53 1.00074
120 54 1.00072
120 55 1.0007
120 56 1.00068
120 57 1.00066
120 58 1.00064
120 59 1.00062
120 60 1.0006
120 61 1.00058
120 62 1.00056
120 63 1.00053
120 64 1.00051
120 65 1.00048
120 66 1.00046
120 67 1.00043
120 68 1.00041
120 69 1.00038
120 70 1.00035
120 71 1.00033
120 72 1.0003
120 73 1.00028
120 74 1.00026
120 75 1.00023
120 76 1.00021
120 77 1.00019
120 78 1.00018
120 79 1.00016
120 80 1.00015
120 81 1.00014
120 82 1.00014
120 83 1.00013
120 84 1.00013
120 85 1.00014
120 86 1.00015
120 87 1.00016
120 88 1.00018
120 89 1.00021
120 90 1.00024
120 91 1.00028
120 92 1.00033
120 93 1.00038
120 94 1.00044
120 95 1.00051
120 96 1.00059
120 97 1.00068
120 98 1.00078
120 99 1.00089
120 100 1.00102
120 101 1.00115
120 102 1.00131
120 103 1.00147
120 104 1.00166
120 105 1.00186
120 106 1.00208
120 107 1.00233
120 108 1.0026
120 109 1.00289
120 110 1.0032
120 111 1.00357
120 112 1.00398
120 113 1.00437
120 114 1.00479
120 115 1.00537
120 116 1.00601
120 117 1.00644
120 118 1.00691
120 119 1.00792
120 120 1.00886
120 121 1.00885
120 122 1.00926
120 123 1.01106
120 124 1.01127
120 125 1.01045
120 126 1.01098
120 127 1.01131

121 0 0
121 1 1.00103
121 2 1.00103
121 3 1.00103
121 4 1.00103
121 5 1.00103
121 6 1.00103
121 7 1.00103
121 8 1.00103
121 9 1.00103
121 10 1.00103
121 11 1.00103
121 12 1.00103
121 13 1.00102
121 14 1.00102
121 15 1.00102
121 16 1.00102
121 17 1.00102
121 18 1.00101
121 19 1.00101
121 20 1.00101
121 21 1.001
121 22 1.001
121 23 1.001
121 24 1.00099
121 25 1.00099
121 26 1.00098
121 27 1.00098
121 28 1.00098
121 29 1.00097
121 30 1.00096
121 31 1.00096
121 32 1.00095
121 33 1.00095
121 34 1.00094
121 35 1.00093
121 36 1.00093
121 37 1.00092
121 38 1.00091
121 39 1.0009
121 40 1.00089
121 41 1.00088
121 42 1.00087
121 43 1.00086
121 44 1.00085
121 45 1.00084
121 46 1.00083
121 47 1.00082
121 48 1.0008
121 49 1.00079
121 50 1.00078
121 51 1.00076
121 52 1.00075
121 53 1.00073
121 54 1.00071
121 55 1.00069
121 56 1.00067
121 57 1.00065
121 58 1.00063
121 59 1.00061
121 60 1.00059
121 61 1.00057
121 62 1.00055
121 63 1.00052
121 64 1.0005
121 65 1.00047
121 66 1.00045
121 67 1.00042
121 68 1.0004
121 69 1.00037
121 70 1.00035
121 71 1.00032
121 72 1.0003
121 73 1.00028
121 74 1.00026
121 75 1.00023
121 76 1.00022
121 77 1.0002
121 78 1.00018
121 79 1.00017
121 80 1.00016
121 81 1.00015
121 82 1.00015
121 83 1.00014
121 84 1.00015
121 85 1.00015
121 86 1.00016
121 87 1.00018
121 88 1.0002
121 89 1.00023
121 90 1.00026
121 91 1.0003
121 92 1.00035
121 93 1.00041
121 94 1.00047
121 95 1.00054
121 96 1.00062
121 97 1.00072
121 98 1.00082
121 99 1.00093
121 100 1.00106
121 101 1.0012
121 102 1.00136
121 103 1.00153
121 104 1.00172
121 105 1.00193
121 106 1.00216
121 107 1.00242
121 108 1.00269
121 109 1.003
121 110 1.00335
121 111 1.00372
121 112 1.0041
121 113 1.00455
121 114 1.0051
121 115 1.00565
121 116 1.00613
121 117 1.00679
121 118 1.00775
121 119 1.00849
121 120 1.00888
121 121 1.00985
121 122 1.01153
121 123 1.0117
121 124 1.01129
121 125 1.01304
121 126 1.01292
121 127 1.01241

122 0 0
122 1 1.00103
122 2 1.00103
122 3 1.00103
122 4 1.00103
122 5 1.00103
122 6 1.00103
122 7 1.00103
122 8 1.00103
122 9 1.00103
122 10 1.00103
122 11 1.00103
122 12 1.00103
122 13 1.00103
122 14 1.00102
122 15 1.00102
122 16 1.00102
122 17 1.00102
122 18 1.00101
122 19 1.00101
122 20 1.00101
122 21 1.001
122 22 1.001
122 23 1.001
122 24 1.00099
122 25 1.00099
122 26 1.00098
122 27 1.00098
122 28 1.00097
122 29 1.00097
122 30 1.00096
122 31 1.00096
122 32 1.00095
122 33 1.00095
122 34 1.00094
122 35 1.00093
122 36 1.00092
122 37 1.00092
122 38 1.00091
122 39 1.0009
122 40 1.00089
122 41 1.00088
122 42 1.00087
122 43 1.00086
122 44 1.00085
122 45 1.00084
122 46 1.00082
122 47 1.00081
122 48 1.0008
122 49 1.00078
122 50 1.00077
122 51 1.00075
122 52 1.00074
122 53 1.00072
122 54 1.0007
122 55 1.00068
122 56 1.00066
122 57 1.00064
122 58 1.00062
122 59 1.0006
122 60 1.00058
122 61 1.00056
122 62 1.00053
122 63 1.00051
122 64 1.00048
122 65 1.00046
122 66 1.00044
122 67 1.00041
122 68 1.00039
122 69 1.00036
122 70 1.00034
122 71 1.00031
122 72 1.00029
122 73 1.00027
122 74 1.00025
122 75 1.00023
122 76 1.00021
122 77 1.00019
122 78 1.00018
122 79 1.00016
122 80 1.00015
122 81 1.00015
122 82 1.00014
122 83 1.00014
122 84 1.00015
122 85 1.00015
122 86 1.00017
122 87 1.00018
122 88 1.00021
122 89 1.00024
122 90 1.00027
122 91 1.00031
122 92 1.00036
122 93 1.00042
122 94 1.00048
122 95 1.00056
122 96 1.00064
122 97 1.00074
122 98 1.00084
122 99 1.00096
122 100 1.00109
122 101 1.00123
122 102 1.00139
122 103 1.00157
122 104 1.00177
122 105 1.00198
122 106 1.00222
122 107 1.00248
122 108 1.00276
122 109 1.00309
122 110 1.00343
122 111 1.0038
122 112 1.00423
122 113 1.00474
122 114 1.00526
122 115 1.00574
122 116 1.00641
122 117 1.00732
122 118 1.00809
122 119 1.00851
122 120 1.00959
122 121 1.01159
122 122 1.01255
122 123 1.0115
122 124 1.01354
122 125 1.01667
122 126 1.01498
122 127 1.01196

123 0 0
123 1 1.00103
123 2 1.00103
123 3 1.00103
123 4 1.00103
123 5 1.00103
123 6 1.00103
123 7 1.00103
123 8 1.00103
123 9 1.00103
123 10 1.00103
123 11 1.00103
123 12 1.00103
123 13 1.00103
123 14 1.00102
123 15 1.00102
123 16 1.00102
123 17 1.00102
123 18 1.00101
123 19 1.00101
123 20 1.00101
123 21 1.00101
123 22 1.001
123 23 1.001
123 24 1.00099
123 25 1.00099
123 26 1.00098
123 27 1.00098
123 28 1.00097
123 29 1.00097
123 30 1.00096
123 31 1.00096
123 32 1.00095
123 33 1.00094
123 34 1.00094
123 35 1.00093
123 36 1.00092
123 37 1.00091
123 38 1.00091
123 39 1.0009
123 40 1.00089
123 41 1.00088
123 42 1.00087
123 43 1.00086
123 44 1.00084
123 45 1.00083
123 46 1.00082
123 47 1.0008
123 48 1.00079
123 49 1.00078
123 50 1.00076
123 51 1.00074
123 52 1.00073
123 53 1.00071
123 54 1.00069
123 55 1.00067
123 56 1.00065
123 57 1.00063
123 58 1.00061
123 59 1.00059
123 60 1.00057
123 61 1.00054
123 62 1.00052
123 63 1.00049
123 64 1.00047
123 65 1.00045
123 66 1.00042
123 67 1.0004
123 68 1.00037
123 69 1.00035
123 70 1.00032
123 71 1.0003
123 72 1.00027
123 73 1.00025
123 74 1.00023
123 75 1.00021
123 76 1.00019
123 77 1.00018
123 78 1.00016
123 79 1.00015
123 80 1.00014
123 81 1.00013
123 82 1.00013
123 83 1.00013
123 84 1.00014
123 85 1.00014
123 86 1.00016
123 87 1.00018
123 88 1.0002
123 89 1.00023
123 90 1.00027
123 91 1.00031
123 92 1.00036
123 93 1.00042
123 94 1.00048
123 95 1.00056
123 96 1.00064
123 97 1.00074
123 98 1.00084
123 99 1.00096
123 100 1.0011
123 101 1.00124
123 102 1.00141
123 103 1.00159
123 104 1.00178
123 105 1.002
123 106 1.00224
123 107 1.00251
123 108 1.00281
123 109 1.00313
123 110 1.00347
123 111 1.00388
123 112 1.00434
123 113 1.00478
123 114 1.00529
123 115 1.00599
123 116 1.00673
123 117 1.00727
123 118 1.008
123 119 1.00948
123 120 1.01086
123 121 1.01103
123 122 1.01207
123 123 1.01603
123 124 1.01842
123 125 1.01338
123 126 1.01604
123 127 1.02082

124 0 0
124 1 1.00103
124 2 1.00103
124 3 1.00103
124 4 1.00103
124 5 1.00103
124 6 1.00103
124 7 1.00103
124 8 1.00103
124 9 1.00103
124 10 1.00103
124 11 1.00103
124 12 1.00103
124 13 1.00103
124 14 1.00103
124 15 1.00102
124 16 1.00102
124 17 1.00102
124 18 1.00102
124 19 1.00101
124 20 1.00101
124 21 1.00101
124 22 1.001
124 23 1.001
124 24 1.00099
124 25 1.00099
124 26 1.00098
124 27 1.00098
124 28 1.00097
124 29 1.00097
124 30 1.00096
124 31 1.00096
124 32 1.00095
124 33 1.00094
124 34 1.00094
124 35 1.00093
124 36 1.00092
124 37 1.00091
124 38 1.0009
124 39 1.00089
124 40 1.00088
124 41 1.00087
124 42 1.00086
124 43 1.00085
124 44 1.00084
124 45 1.00083
124 46 1.00081
124 47 1.0008
124 48 1.00078
124 49 1.00077
124 50 1.00075
124 51 1.00074
124 52 1.00072
124 53 1.0007
124 54 1.00068
124 55 1.00066
124 56 1.00064
124 57 1.00062
124 58 1.0006
124 59 1.00057
124 60 1.00055
124 61 1.00053
124 62 1.0005
124 63 1.00048
124 64 1.00045
124 65 1.00043
124 66 1.0004
124 67 1.00038
124 68 1.00035
124 69 1.00033
124 70 1.0003
124 71 1.00028
124 72 1.00025
124 73 1.00023
124 74 1.00021
124 75 1.00019
124 76 1.00017
124 77 1.00016
124 78 1.00014
124 79 1.00013
124 80 1.00012
124 81 1.00011
124 82 1.00011
124 83 1.00011
124 84 1.00012
124 85 1.00012
124 86 1.00014
124 87 1.00016
124 88 1.00018
124 89 1.00021
124 90 1.00025
124 91 1.00029
124 92 1.00034
124 93 1.0004
124 94 1.00046
124 95 1.00054
124 96 1.00063
124 97 1.00072
124 98 1.00083
124 99 1.00095
124 100 1.00108
124 101 1.00123
124 102 1.0014
124 103 1.00158
124 104 1.00178
124 105 1.002
124 106 1.00224
124 107 1.00251
124 108 1.00281
124 109 1.00313
124 110 1.0035
124 111 1.0039
124 112 1.00433
124 113 1.00483
124 114 1.0054
124 115 1.00602
124 116 1.00666
124 117 1.00746
124 118 1.00844
124 119 1.00955
124 120 1.01052
124 121 1.01178
124 122 1.01385
124 123 1.01713
124 124 1.01836
124 125 1.01851
124 126 1.02258
124 127 1.02182

125 0 0
125 1 1.00103
125 2 1.00103
125 3 1.00103
125 4 1.00103
125 5 1.00103
125 6 1.00103
125 7 1.00103
125 8 1.00103
125 9 1.00103
125 10 1.00103
125 11 1.00103
125 12 1.00103
125 13 1.00103
125 14 1.00103
125 15 1.00102
125 16 1.00102
125 17 1.00102
125 18 1.00102
125 19 1.00101
125 20 1.00101
125 21 1.00101
125 22 1.001
125 23 1.001
125 24 1.00099
125 25 1.00099
125 26 1.00098
125 27 1.00098
125 28 1.00097
125 29 1.00097
125 30 1.00096
125 31 1.00096
125 32 1.00095
125 33 1.00094
125 34 1.00093
125 35 1.00093
125 36 1.00092
125 37 1.00091
125 38 1.0009
125 39 1.00089
125 40 1.00088
125 41 1.00087
125 42 1.00086
125 43 1.00085
125 44 1.00083
125 45 1.00082
125 46 1.00081
125 47 1.00079
125 48 1.00078
125 49 1.00076
125 50 1.00075
125 51 1.00073
125 52 1.00071
125 53 1.00069
125 54 1.00067
125 55 1.00065
125 56 1.00063
125 57 1.00061
125 58 1.00058
125 59 1.00056
125 60 1.00054
125 61 1.00051
125 62 1.00049
125 63 1.00046
125 64 1.00044
125 65 1.00041
125 66 1.00038
125 67 1.00036
125 68 1.00033
125 69 1.00031
125 70 1.00028
125 71 1.00026
125 72 1.00023
125 73 1.00021
125 74 1.00019
125 75 1.00017
125 76 1.00015
125 77 1.00013
125 78 1.00012
125 79 1.0001
125 80 1.00009
125 81 1.00009
125 82 1.00008
125 83 1.00008
125 84 1.00009
125 85 1.0001
125 86 1.00011
125 87 1.00013
125 88 1.00015
125 89 1.00018
125 90 1.00022
125 91 1.00026
125 92 1.00031
125 93 1.00037
125 94 1.00043
125 95 1.00051
125 96 1.00059
125 97 1.00069
125 98 1.0008
125 99 1.00092
125 100 1.00105
125 101 1.0012
125 102 1.00136
125 103 1.00155
125 104 1.00175
125 105 1.00197
125 106 1.00221
125 107 1.00248
125 108 1.00278
125 109 1.00311
125 110 1.00348
125 111 1.00387
125 112 1.0043
125 113 1.00484
125 114 1.00541
125 115 1.00593
125 116 1.00662
125 117 1.0077
125 118 1.00854
125 119 1.009
125 120 1.01044
125 121 1.01372
125 122 1.01455
125 123 1.01335
125 124 1.01819
125 125 1.03531
125 126 1.03154
125 127 1.0063

126 0 0
126 1 1.00103
126 2 1.00103
126 3 1.00103
126 4 1.00103
126 5 1.00103
126 6 1.00103
126 7 1.00103
126 8 1.00103
126 9 1.00103
126 10 1.00103
126 11 1.00103
126 12 1.00103
126 13 1.00103
126 14 1.00103
126 15 1.00103
126 16 1.00102
126 17 1.00102
126 18 1.00102
126 19 1.00101
126 20 1.00101
126 21 1.00101
126 22 1.001
126 23 1.001
126 24 1.00099
126 25 1.00099
126 26 1.00099
126 27 1.00098
126 28 1.00097
126 29 1.00097
126 30 1.00096
126 31 1.00096
126 32 1.00095
126 33 1.00094
126 34 1.00093
126 35 1.00093
126 36 1.00092
126 37 1.00091
126 38 1.0009
126 39 1.00089
126 40 1.00088
126 41 1.00087
126 42 1.00086
126 43 1.00084
126 44 1.00083
126 45 1.00082
126 46 1.0008
126 47 1.00079
126 48 1.00077
126 49 1.00076
126 50 1.00074
126 51 1.00072
126 52 1.0007
126 53 1.00068
126 54 1.00066
126 55 1.00064
126 56 1.00062
126 57 1.0006
126 58 1.00057
126 59 1.00055
126 60 1.00052
126 61 1.0005
126 62 1.00047
126 63 1.00045
126 64 1.00042
126 65 1.00039
126 66 1.00037
126 67 1.00034
126 68 1.00031
126 69 1.00028
126 70 1.00026
126 71 1.00023
126 72 1.00021
126 73 1.00018
126 74 1.00016
126 75 1.00014
126 76 1.00012
126 77 1.0001
126 78 1.00009
126 79 1.00007
126 80 1.00006
126 81 1.00006
126 82 1.00005
126 83 1.00005
126 84 1.00005
126 85 1.00006
126 86 1.00007
126 87 1.00009
126 88 1.00012
126 89 1.00014
126 90 1.00018
126 91 1.00022
126 92 1.00027
126 93 1.00033
126 94 1.00039
126 95 1.00047
126 96 1.00055
126 97 1.00065
126 98 1.00075
126 99 1.00087
126 100 1.001
126 101 1.00115
126 102 1.00131
126 103 1.00149
126 104 1.00169
126 105 1.00191
126 106 1.00215
126 107 1.00242
126 108 1.00272
126 109 1.00304
126 110 1.0034
126 111 1.00382
126 112 1.00426
126 113 1.00472
126 114 1.00528
126 115 1.00598
126 116 1.00663
126 117 1.00724
126 118 1.00833
126 119 1.00981
126 120 1.01047
126 121 1.01119
126 122 1.01476
126 123 1.01903
126 124 1.01756
126 125 1.02133
126 126 1.03991
126 127 1.06937

127 0 0
127 1 0
127 2 0
127 3 0
127 4 0
127 5 0
127 6 0
127 7 0
127 8 0
127 9 0
127 10 0
127 11 0
127 12 0
127 13 0
127 14 0
127 15 0
127 16 0
127 17 0
127 18 0
127 19 0
127 20 0
127 21 0
127 22 0
127 23 0
127 24 0
127 25 0
127 26 0
127 27 0
127 28 0
127 29 0
127 30 0
127 31 0
127 32 0
127 33 0
127 34 0
127 35 0
127 36 0
127 37 0
127 38 0
127 39 0
127 40 0
127 41 0
127 42 0
127 43 0
127 44 0
127 45 0
127 46 0
127 47 0
127 48 0
127 49 0
127 50 0
127 51 0
127 52 0
127 53 0
127 54 0
127 55 0
127 56 0
127 57 0
127 58 0
127 59 0
127 60 0
127 61 0
127 62 0
127 63 0
127 64 0
127 65 0
127 66 0
127 67 0
127 68 0
127 69 0
127 70 0
127 71 0
127 72 0
127 73 0
127 74 0
127 75 0
127 76 0
127 77 0
127 78 0
127 79 0
127 80 0
127 81 0
127 82 0
127 83 0
127 84 0
127 85 0
127 86 0
127 87 0
127 88 0
127 89 0
127 90 0
127 91 0
127 92 0
127 93 0
127 94 0
127 95 0
127 96 0
127 97 0
127 98 0
127 99 0
127 100 0
127 101 0
127 102 0
127 103 0
127 104 0
127 105 0
127 106 0
127 107 0
127 108 0
127 109 0
127 110 0
127 111 0
127 112 0
127 113 0
127 114 0
127 115 0
127 116 0
127 117 0
127 118 0
127 119 0
127 120 0
127 121 0
127 122 0
127 123 0
127 124 0
127 125 0
127 126 0
127 127 0

