0 0 0
0 1 0
0 2 0
0 3 0
0 4 0
0 5 0
0 6 0
0 7 0
0 8 0
0 9 0
0 10 0
0 11 0
0 12 0
0 13 0
0 14 0
0 15 0
0 16 0
0 17 0
0 18 0
0 19 0
0 20 0
0 21 0
0 22 0
0 23 0
0 24 0
0 25 0
0 26 0
0 27 0
0 28 0
0 29 0
0 30 0
0 31 0
0 32 0
0 33 0
0 34 0
0 35 0
0 36 0
0 37 0
0 38 0
0 39 0
0 40 0
0 41 0
0 42 0
0 43 0
0 44 0
0 45 0
0 46 0
0 47 0
0 48 0
0 49 0
0 50 0
0 51 0
0 52 0
0 53 0
0 54 0
0 55 0
0 56 0
0 57 0
0 58 0
0 59 0
0 60 0
0 61 0
0 62 0
0 63 0
0 64 0
0 65 0
0 66 0
0 67 0
0 68 0
0 69 0
0 70 0
0 71 0
0 72 0
0 73 0
0 74 0
0 75 0
0 76 0
0 77 0
0 78 0
0 79 0
0 80 0
0 81 0
0 82 0
0 83 0
0 84 0
0 85 0
0 86 0
0 87 0
0 88 0
0 89 0
0 90 0
0 91 0
0 92 0
0 93 0
0 94 0
0 95 0
0 96 0
0 97 0
0 98 0
0 99 0
0 100 0
0 101 0
0 102 0
0 103 0
0 104 0
0 105 0
0 106 0
0 107 0
0 108 0
0 109 0
0 110 0
0 111 0
0 112 0
0 113 0
0 114 0
0 115 0
0 116 0
0 117 0
0 118 0
0 119 0
0 120 0
0 121 0
0 122 0
0 123 0
0 124 0
0 125 0
0 126 0
0 127 0

1 0 0
1 1 1.00116
1 2 1.00116
1 3 1.00116
1 4 1.00116
1 5 1.00116
1 6 1.00116
1 7 1.00117
1 8 1.00117
1 9 1.00117
1 10 1.00117
1 11 1.00117
1 12 1.00117
1 13 1.00118
1 14 1.00118
1 15 1.00118
1 16 1.00118
1 17 1.00118
1 18 1.00118
1 19 1.00119
1 20 1.00119
1 21 1.00119
1 22 1.00119
1 23 1.00119
1 24 1.00119
1 25 1.00119
1 26 1.00119
1 27 1.00119
1 28 1.00119
1 29 1.00118
1 30 1.00118
1 31 1.00118
1 32 1.00117
1 33 1.00117
1 34 1.00116
1 35 1.00116
1 36 1.00115
1 37 1.00114
1 38 1.00113
1 39 1.00112
1 40 1.00111
1 41 1.0011
1 42 1.00109
1 43 1.00107
1 44 1.00106
1 45 1.00105
1 46 1.00103
1 47 1.00101
1 48 1.00099
1 49 1.00098
1 50 1.00096
1 51 1.00094
1 52 1.00091
1 53 1.00089
1 54 1.00087
1 55 1.00085
1 56 1.00082
1 57 1.0008
1 58 1.00078
1 59 1.00075
1 60 1.00073
1 61 1.0007
1 62 1.00068
1 63 1.00065
1 64 1.00063
1 65 1.0006
1 66 1.00058
1 67 1.00055
1 68 1.00053
1 69 1.0005
1 70 1.00048
1 71 1.00045
1 72 1.00043
1 73 1.00041
1 74 1.00039
1 75 1.00037
1 76 1.00035
1 77 1.00033
1 78 1.00031
1 79 1.00029
1 80 1.00027
1 81 1.00025
1 82 1.00024
1 83 1.00022
1 84 1.00021
1 85 1.00019
1 86 1.00018
1 87 1.00017
1 88 1.00016
1 89 1.00014
1 90 1.00013
1 91 1.00012
1 92 1.00012
1 93 1.00011
1 94 1.0001
1 95 1.00009
1 96 1.00008
1 97 1.00008
1 98 1.00007
1 99 1.00006
1 100 1.00006
1 101 1.00005
1 102 1.00005
1 103 1.00004
1 104 1.00003
1 105 1.00003
1 106 1.00002
1 107 1.00001
1 108 1
1 109 0.999984
1 110 0.999973
1 111 0.999965
1 112 0.999931
1 113 0.999889
1 114 0.999887
1 115 0.999859
1 116 0.999705
1 117 0.999634
1 118 0.99973
1 119 0.99945
1 120 0.998772
1 121 0.999063
1 122 0.999421
1 123 0.996782
1 124 0.994757
1 125 0.99737
1 126 0.99468
1 127 0.972486

2 0 0
2 1 1.00116
2 2 1.00116
2 3 1.00116
2 4 1.00116
2 5 1.00116
2 6 1.00116
2 7 1.00117
2 8 1.00117
2 9 1.00117
2 10 1.00117
2 11 1.00117
2 12 1.00117
2 13 1.00117
2 14 1.00118
2 15 1.00118
2 16 1.00118
2 17 1.00118
2 18 1.00118
2 19 1.00118
2 20 1.00118
2 21 1.00118
2 22 1.00119
2 23 1.00119
2 24 1.00119
2 25 1.00118
2 26 1.00118
2 27 1.00118
2 28 1.00118
2 29 1.00118
2 30 1.00118
2 31 1.00117
2 32 1.00117
2 33 1.00116
2 34 1.00116
2 35 1.00115
2 36 1.00114
2 37 1.00113
2 38 1.00113
2 39 1.00112
2 40 1.00111
2 41 1.00109
2 42 1.00108
2 43 1.00107
2 44 1.00105
2 45 1.00104
2 46 1.00102
2 47 1.00101
2 48 1.00099
2 49 1.00097
2 50 1.00095
2 51 1.00093
2 52 1.00091
2 53 1.00089
2 54 1.00086
2 55 1.00084
2 56 1.00082
2 57 1.0008
2 58 1.00077
2 59 1.00075
2 60 1.00072
2 61 1.0007
2 62 1.00067
2 63 1.00065
2 64 1.00062
2 65 1.0006
2 66 1.00057
2 67 1.00055
2 68 1.00052
2 69 1.0005
2 70 1.00048
2 71 1.00045
2 72 1.00043
2 73 1.00041
2 74 1.00039
2 75 1.00037
2 76 1.00035
2 77 1.00033
2 78 1.00031
2 79 1.00029
2 80 1.00027
2 81 1.00026
2 82 1.00024
2 83 1.00022
2 84 1.00021
2 85 1.0002
2 86 1.00018
2 87 1.00017
2 88 1.00016
2 89 1.00015
2 90 1.00014
2 91 1.00013
2 92 1.00012
2 93 1.00011
2 94 1.0001
2 95 1.00009
2 96 1.00009
2 97 1.00008
2 98 1.00007
2 99 1.00006
2 100 1.00006
2 101 1.00005
2 102 1.00004
2 103 1.00004
2 104 1.00003
2 105 1.00002
2 106 1.00001
2 107 1
2 108 0.999989
2 109 0.99998
2 110 0.999956
2 111 0.999927
2 112 0.999919
2 113 0.999899
2 114 0.9998
2 115 0.99975
2 116 0.999806
2 117 0.999648
2 118 0.999201
2 119 0.999384
2 120 0.999745
2 121 0.998257
2 122 0.996574
2 123 0.999623
2 124 1.00021
2 125 0.986237
2 126 0.985481
2 127 1.01333

3 0 0
3 1 1.00116
3 2 1.00116
3 3 1.00116
3 4 1.00116
3 5 1.00116
3 6 1.00116
3 7 1.00116
3 8 1.00117
3 9 1.00117
3 10 1.00117
3 11 1.00117
3 12 1.00117
3 13 1.00117
3 14 1.00117
3 15 1.00118
3 16 1.00118
3 17 1.00118
3 18 1.00118
3 19 1.00118
3 20 1.00118
3 21 1.00118
3 22 1.00118
3 23 1.00118
3 24 1.00118
3 25 1.00118
3 26 1.00118
3 27 1.00118
3 28 1.00118
3 29 1.00117
3 30 1.00117
3 31 1.00117
3 32 1.00116
3 33 1.00116
3 34 1.00115
3 35 1.00114
3 36 1.00114
3 37 1.00113
3 38 1.00112
3 39 1.00111
3 40 1.0011
3 41 1.00109
3 42 1.00107
3 43 1.00106
3 44 1.00105
3 45 1.00103
3 46 1.00102
3 47 1.001
3 48 1.00098
3 49 1.00096
3 50 1.00094
3 51 1.00092
3 52 1.0009
3 53 1.00088
3 54 1.00086
3 55 1.00084
3 56 1.00081
3 57 1.00079
3 58 1.00077
3 59 1.00074
3 60 1.00072
3 61 1.00069
3 62 1.00067
3 63 1.00064
3 64 1.00062
3 65 1.0006
3 66 1.00057
3 67 1.00055
3 68 1.00052
3 69 1.0005
3 70 1.00048
3 71 1.00045
3 72 1.00043
3 73 1.00041
3 74 1.00039
3 75 1.00037
3 76 1.00035
3 77 1.00033
3 78 1.00031
3 79 1.00029
3 80 1.00027
3 81 1.00026
3 82 1.00024
3 83 1.00023
3 84 1.00021
3 85 1.0002
3 86 1.00019
3 87 1.00017
3 88 1.00016
3 89 1.00015
3 90 1.00014
3 91 1.00013
3 92 1.00012
3 93 1.00011
3 94 1.0001
3 95 1.0001
3 96 1.00009
3 97 1.00008
3 98 1.00007
3 99 1.00007
3 100 1.00006
3 101 1.00005
3 102 1.00004
3 103 1.00004
3 104 1.00003
3 105 1.00002
3 106 1.00001
3 107 0.999996
3 108 0.99998
3 109 0.999967
3 110 0.999951
3 111 0.999919
3 112 0.999886
3 113 0.999873
3 114 0.999825
3 115 0.999711
3 116 0.999661
3 117 0.999689
3 118 0.999437
3 119 0.999007
3 120 0.999144
3 121 0.999327
3 122 0.997815
3 123 0.99634
3 124 0.998257
3 125 0.997926
3 126 0.991062
3 127 0.999728

4 0 0
4 1 1.00116
4 2 1.00116
4 3 1.00116
4 4 1.00116
4 5 1.00116
4 6 1.00116
4 7 1.00116
4 8 1.00116
4 9 1.00117
4 10 1.00117
4 11 1.00117
4 12 1.00117
4 13 1.00117
4 14 1.00117
4 15 1.00117
4 16 1.00117
4 17 1.00118
4 18 1.00118
4 19 1.00118
4 20 1.00118
4 21 1.00118
4 22 1.00118
4 23 1.00118
4 24 1.00118
4 25 1.00118
4 26 1.00118
4 27 1.00117
4 28 1.00117
4 29 1.00117
4 30 1.00117
4 31 1.00116
4 32 1.00116
4 33 1.00115
4 34 1.00115
4 35 1.00114
4 36 1.00113
4 37 1.00112
4 38 1.00111
4 39 1.0011
4 40 1.00109
4 41 1.00108
4 42 1.00107
4 43 1.00106
4 44 1.00104
4 45 1.00103
4 46 1.00101
4 47 1.00099
4 48 1.00098
4 49 1.00096
4 50 1.00094
4 51 1.00092
4 52 1.0009
4 53 1.00088
4 54 1.00085
4 55 1.00083
4 56 1.00081
4 57 1.00079
4 58 1.00076
4 59 1.00074
4 60 1.00071
4 61 1.00069
4 62 1.00067
4 63 1.00064
4 64 1.00062
4 65 1.00059
4 66 1.00057
4 67 1.00054
4 68 1.00052
4 69 1.0005
4 70 1.00047
4 71 1.00045
4 72 1.00043
4 73 1.00041
4 74 1.00039
4 75 1.00037
4 76 1.00035
4 77 1.00033
4 78 1.00031
4 79 1.00029
4 80 1.00027
4 81 1.00026
4 82 1.00024
4 83 1.00023
4 84 1.00021
4 85 1.0002
4 86 1.00019
4 87 1.00017
4 88 1.00016
4 89 1.00015
4 90 1.00014
4 91 1.00013
4 92 1.00012
4 93 1.00011
4 94 1.00011
4 95 1.0001
4 96 1.00009
4 97 1.00008
4 98 1.00007
4 99 1.00007
4 100 1.00006
4 101 1.00005
4 102 1.00004
4 103 1.00004
4 104 1.00003
4 105 1.00002
4 106 1
4 107 0.999995
4 108 0.999979
4 109 0.999955
4 110 0.99994
4 111 0.99993
4 112 0.999878
4 113 0.999816
4 114 0.999832
4 115 0.999801
4 116 0.999559
4 117 0.999466
4 118 0.999736
4 119 0.99938
4 120 0.998301
4 121 0.998825
4 122 1.00012
4 123 0.997043
4 124 0.993827
4 125 1.0006
4 126 1.00025
4 127 0.99528

5 0 0
5 1 1.00116
5 2 1.00116
5 3 1.00116
5 4 1.00116
5 5 1.00116
5 6 1.00116
5 7 1.00116
5 8 1.00116
5 9 1.00116
5 10 1.00117
5 11 1.00117
5 12 1.00117
5 13 1.00117
5 14 1.00117
5 15 1.00117
5 16 1.00117
5 17 1.00117
5 18 1.00117
5 19 1.00118
5 20 1.00118
5 21 1.00118
5 22 1.00118
5 23 1.00118
5 24 1.00117
5 25 1.00117
5 26 1.00117
5 27 1.00117
5 28 1.00117
5 29 1.00117
5 30 1.00116
5 31 1.00116
5 32 1.00115
5 33 1.00115
5 34 1.00114
5 35 1.00113
5 36 1.00113
5 37 1.00112
5 38 1.00111
5 39 1.0011
5 40 1.00109
5 41 1.00108
5 42 1.00106
5 43 1.00105
5 44 1.00104
5 45 1.00102
5 46 1.001
5 47 1.00099
5 48 1.00097
5 49 1.00095
5 50 1.00093
5 51 1.00091
5 52 1.00089
5 53 1.00087
5 54 1.00085
5 55 1.00083
5 56 1.0008
5 57 1.00078
5 58 1.00076
5 59 1.00073
5 60 1.00071
5 61 1.00069
5 62 1.00066
5 63 1.00064
5 64 1.00061
5 65 1.00059
5 66 1.00056
5 67 1.00054
5 68 1.00052
5 69 1.00049
5 70 1.00047
5 71 1.00045
5 72 1.00043
5 73 1.00041
5 74 1.00038
5 75 1.00036
5 76 1.00035
5 77 1.00033
5 78 1.00031
5 79 1.00029
5 80 1.00027
5 81 1.00026
5 82 1.00024
5 83 1.00023
5 84 1.00021
5 85 1.0002
5 86 1.00019
5 87 1.00018
5 88 1.00016
5 89 1.00015
5 90 1.00014
5 91 1.00013
5 92 1.00012
5 93 1.00012
5 94 1.00011
5 95 1.0001
5 96 1.00009
5 97 1.00008
5 98 1.00008
5 99 1.00007
5 100 1.00006
5 101 1.00005
5 102 1.00004
5 103 1.00004
5 104 1.00003
5 105 1.00002
5 106 1
5 107 0.999991
5 108 0.99998
5 109 0.999962
5 110 0.999931
5 111 0.999912
5 112 0.999903
5 113 0.999844
5 114 0.999758
5 115 0.999772
5 116 0.999766
5 117 0.999481
5 118 0.999294
5 119 0.999624
5 120 0.999411
5 121 0.99815
5 122 0.998351
5 123 1
5 124 0.997521
5 125 0.996116
5 126 1.00108
5 127 1.00159

6 0 0
6 1 1.00116
6 2 1.00116
6 3 1.00116
6 4 1.00116
6 5 1.00116
6 6 1.00116
6 7 1.00116
6 8 1.00116
6 9 1.00116
6 10 1.00116
6 11 1.00117
6 12 1.00117
6 13 1.00117
6 14 1.00117
6 15 1.00117
6 16 1.00117
6 17 1.00117
6 18 1.00117
6 19 1.00117
6 20 1.00117
6 21 1.00117
6 22 1.00117
6 23 1.00117
6 24 1.00117
6 25 1.00117
6 26 1.00117
6 27 1.00117
6 28 1.00116
6 29 1.00116
6 30 1.00116
6 31 1.00115
6 32 1.00115
6 33 1.00114
6 34 1.00114
6 35 1.00113
6 36 1.00112
6 37 1.00111
6 38 1.0011
6 39 1.00109
6 40 1.00108
6 41 1.00107
6 42 1.00106
6 43 1.00104
6 44 1.00103
6 45 1.00101
6 46 1.001
6 47 1.00098
6 48 1.00096
6 49 1.00095
6 50 1.00093
6 51 1.00091
6 52 1.00089
6 53 1.00086
6 54 1.00084
6 55 1.00082
6 56 1.0008
6 57 1.00078
6 58 1.00075
6 59 1.00073
6 60 1.0007
6 61 1.00068
6 62 1.00066
6 63 1.00063
6 64 1.00061
6 65 1.00058
6 66 1.00056
6 67 1.00054
6 68 1.00051
6 69 1.00049
6 70 1.00047
6 71 1.00045
6 72 1.00042
6 73 1.0004
6 74 1.00038
6 75 1.00036
6 76 1.00034
6 77 1.00032
6 78 1.00031
6 79 1.00029
6 80 1.00027
6 81 1.00026
6 82 1.00024
6 83 1.00023
6 84 1.00021
6 85 1.0002
6 86 1.00019
6 87 1.00018
6 88 1.00016
6 89 1.00015
6 90 1.00014
6 91 1.00013
6 92 1.00013
6 93 1.00012
6 94 1.00011
6 95 1.0001
6 96 1.00009
6 97 1.00008
6 98 1.00008
6 99 1.00007
6 100 1.00006
6 101 1.00005
6 102 1.00005
6 103 1.00004
6 104 1.00003
6 105 1.00002
6 106 1.00001
6 107 0.999993
6 108 0.999977
6 109 0.999969
6 110 0.999949
6 111 0.999904
6 112 0.999886
6 113 0.999895
6 114 0.999809
6 115 0.999678
6 116 0.999746
6 117 0.999788
6 118 0.999339
6 119 0.999108
6 120 0.999736
6 121 0.999446
6 122 0.997731
6 123 0.998639
6 124 1.00038
6 125 0.998069
6 126 0.999416
6 127 1.00066

7 0 0
7 1 1.00116
7 2 1.00116
7 3 1.00116
7 4 1.00116
7 5 1.00116
7 6 1.00116
7 7 1.00116
7 8 1.00116
7 9 1.00116
7 10 1.00116
7 11 1.00116
7 12 1.00116
7 13 1.00117
7 14 1.00117
7 15 1.00117
7 16 1.00117
7 17 1.00117
7 18 1.00117
7 19 1.00117
7 20 1.00117
7 21 1.00117
7 22 1.00117
7 23 1.00117
7 24 1.00117
7 25 1.00117
7 26 1.00117
7 27 1.00116
7 28 1.00116
7 29 1.00116
7 30 1.00115
7 31 1.00115
7 32 1.00114
7 33 1.00114
7 34 1.00113
7 35 1.00113
7 36 1.00112
7 37 1.00111
7 38 1.0011
7 39 1.00109
7 40 1.00108
7 41 1.00107
7 42 1.00105
7 43 1.00104
7 44 1.00103
7 45 1.00101
7 46 1.00099
7 47 1.00098
7 48 1.00096
7 49 1.00094
7 50 1.00092
7 51 1.0009
7 52 1.00088
7 53 1.00086
7 54 1.00084
7 55 1.00082
7 56 1.00079
7 57 1.00077
7 58 1.00075
7 59 1.00072
7 60 1.0007
7 61 1.00067
7 62 1.00065
7 63 1.00063
7 64 1.0006
7 65 1.00058
7 66 1.00055
7 67 1.00053
7 68 1.00051
7 69 1.00048
7 70 1.00046
7 71 1.00044
7 72 1.00042
7 73 1.0004
7 74 1.00038
7 75 1.00036
7 76 1.00034
7 77 1.00032
7 78 1.0003
7 79 1.00029
7 80 1.00027
7 81 1.00025
7 82 1.00024
7 83 1.00022
7 84 1.00021
7 85 1.0002
7 86 1.00019
7 87 1.00017
7 88 1.00016
7 89 1.00015
7 90 1.00014
7 91 1.00013
7 92 1.00013
7 93 1.00012
7 94 1.00011
7 95 1.0001
7 96 1.00009
7 97 1.00009
7 98 1.00008
7 99 1.00007
7 100 1.00007
7 101 1.00006
7 102 1.00005
7 103 1.00004
7 104 1.00003
7 105 1.00002
7 106 1.00001
7 107 1
7 108 0.999986
7 109 0.999966
7 110 0.999961
7 111 0.999944
7 112 0.999886
7 113 0.999859
7 114 0.999892
7 115 0.999809
7 116 0.999617
7 117 0.99969
7 118 0.999833
7 119 0.999355
7 120 0.998962
7 121 0.999701
7 122 0.999607
7 123 0.998153
7 124 0.999162
7 125 1.00031
7 126 0.999592
7 127 0.999802

8 0 0
8 1 1.00116
8 2 1.00116
8 3 1.00116
8 4 1.00116
8 5 1.00116
8 6 1.00116
8 7 1.00116
8 8 1.00116
8 9 1.00116
8 10 1.00116
8 11 1.00116
8 12 1.00116
8 13 1.00116
8 14 1.00116
8 15 1.00117
8 16 1.00117
8 17 1.00117
8 18 1.00117
8 19 1.00117
8 20 1.00117
8 21 1.00117
8 22 1.00117
8 23 1.00117
8 24 1.00117
8 25 1.00116
8 26 1.00116
8 27 1.00116
8 28 1.00116
8 29 1.00115
8 30 1.00115
8 31 1.00115
8 32 1.00114
8 33 1.00114
8 34 1.00113
8 35 1.00112
8 36 1.00111
8 37 1.0011
8 38 1.0011
8 39 1.00108
8 40 1.00107
8 41 1.00106
8 42 1.00105
8 43 1.00103
8 44 1.00102
8 45 1.001
8 46 1.00099
8 47 1.00097
8 48 1.00095
8 49 1.00093
8 50 1.00092
8 51 1.0009
8 52 1.00087
8 53 1.00085
8 54 1.00083
8 55 1.00081
8 56 1.00079
8 57 1.00076
8 58 1.00074
8 59 1.00072
8 60 1.00069
8 61 1.00067
8 62 1.00064
8 63 1.00062
8 64 1.0006
8 65 1.00057
8 66 1.00055
8 67 1.00052
8 68 1.0005
8 69 1.00048
8 70 1.00046
8 71 1.00043
8 72 1.00041
8 73 1.00039
8 74 1.00037
8 75 1.00035
8 76 1.00033
8 77 1.00032
8 78 1.0003
8 79 1.00028
8 80 1.00027
8 81 1.00025
8 82 1.00024
8 83 1.00022
8 84 1.00021
8 85 1.0002
8 86 1.00018
8 87 1.00017
8 88 1.00016
8 89 1.00015
8 90 1.00014
8 91 1.00013
8 92 1.00013
8 93 1.00012
8 94 1.00011
8 95 1.0001
8 96 1.0001
8 97 1.00009
8 98 1.00008
8 99 1.00008
8 100 1.00007
8 101 1.00006
8 102 1.00005
8 103 1.00005
8 104 1.00004
8 105 1.00003
8 106 1.00002
8 107 1.00001
8 108 1
8 109 0.999983
8 110 0.999959
8 111 0.999961
8 112 0.999948
8 113 0.999874
8 114 0.999846
8 115 0.999909
8 116 0.999812
8 117 0.999576
8 118 0.999694
8 119 0.999883
8 120 0.999332
8 121 0.999045
8 122 0.999859
8 123 0.999563
8 124 0.998914
8 125 1.00003
8 126 1.00005
8 127 1.00017

9 0 0
9 1 1.00115
9 2 1.00115
9 3 1.00115
9 4 1.00115
9 5 1.00116
9 6 1.00116
9 7 1.00116
9 8 1.00116
9 9 1.00116
9 10 1.00116
9 11 1.00116
9 12 1.00116
9 13 1.00116
9 14 1.00116
9 15 1.00116
9 16 1.00116
9 17 1.00116
9 18 1.00116
9 19 1.00117
9 20 1.00117
9 21 1.00117
9 22 1.00116
9 23 1.00116
9 24 1.00116
9 25 1.00116
9 26 1.00116
9 27 1.00116
9 28 1.00115
9 29 1.00115
9 30 1.00115
9 31 1.00114
9 32 1.00114
9 33 1.00113
9 34 1.00112
9 35 1.00112
9 36 1.00111
9 37 1.0011
9 38 1.00109
9 39 1.00108
9 40 1.00107
9 41 1.00106
9 42 1.00104
9 43 1.00103
9 44 1.00102
9 45 1.001
9 46 1.00098
9 47 1.00097
9 48 1.00095
9 49 1.00093
9 50 1.00091
9 51 1.00089
9 52 1.00087
9 53 1.00085
9 54 1.00082
9 55 1.0008
9 56 1.00078
9 57 1.00076
9 58 1.00073
9 59 1.00071
9 60 1.00068
9 61 1.00066
9 62 1.00064
9 63 1.00061
9 64 1.00059
9 65 1.00056
9 66 1.00054
9 67 1.00052
9 68 1.00049
9 69 1.00047
9 70 1.00045
9 71 1.00043
9 72 1.00041
9 73 1.00039
9 74 1.00037
9 75 1.00035
9 76 1.00033
9 77 1.00031
9 78 1.00029
9 79 1.00028
9 80 1.00026
9 81 1.00024
9 82 1.00023
9 83 1.00022
9 84 1.0002
9 85 1.00019
9 86 1.00018
9 87 1.00017
9 88 1.00016
9 89 1.00015
9 90 1.00014
9 91 1.00013
9 92 1.00012
9 93 1.00012
9 94 1.00011
9 95 1.0001
9 96 1.0001
9 97 1.00009
9 98 1.00009
9 99 1.00008
9 100 1.00007
9 101 1.00007
9 102 1.00006
9 103 1.00005
9 104 1.00005
9 105 1.00004
9 106 1.00003
9 107 1.00002
9 108 1.00001
9 109 1.00001
9 110 0.999989
9 111 0.999959
9 112 0.999969
9 113 0.999969
9 114 0.999878
9 115 0.999836
9 116 0.999939
9 117 0.99986
9 118 0.999572
9 119 0.999702
9 120 0.99996
9 121 0.999442
9 122 0.999271
9 123 0.999986
9 124 0.999804
9 125 0.999616
9 126 1.00018
9 127 1.00057

10 0 0
10 1 1.00115
10 2 1.00115
10 3 1.00115
10 4 1.00115
10 5 1.00115
10 6 1.00115
10 7 1.00115
10 8 1.00115
10 9 1.00116
10 10 1.00116
10 11 1.00116
10 12 1.00116
10 13 1.00116
10 14 1.00116
10 15 1.00116
10 16 1.00116
10 17 1.00116
10 18 1.00116
10 19 1.00116
10 20 1.00116
10 21 1.00116
10 22 1.00116
10 23 1.00116
10 24 1.00116
10 25 1.00116
10 26 1.00116
10 27 1.00115
10 28 1.00115
10 29 1.00115
10 30 1.00114
10 31 1.00114
10 32 1.00113
10 33 1.00113
10 34 1.00112
10 35 1.00111
10 36 1.00111
10 37 1.0011
10 38 1.00109
10 39 1.00108
10 40 1.00106
10 41 1.00105
10 42 1.00104
10 43 1.00102
10 44 1.00101
10 45 1.00099
10 46 1.00098
10 47 1.00096
10 48 1.00094
10 49 1.00092
10 50 1.0009
10 51 1.00088
10 52 1.00086
10 53 1.00084
10 54 1.00082
10 55 1.00079
10 56 1.00077
10 57 1.00075
10 58 1.00072
10 59 1.0007
10 60 1.00068
10 61 1.00065
10 62 1.00063
10 63 1.0006
10 64 1.00058
10 65 1.00055
10 66 1.00053
10 67 1.00051
10 68 1.00048
10 69 1.00046
10 70 1.00044
10 71 1.00042
10 72 1.0004
10 73 1.00038
10 74 1.00036
10 75 1.00034
10 76 1.00032
10 77 1.0003
10 78 1.00028
10 79 1.00027
10 80 1.00025
10 81 1.00024
10 82 1.00022
10 83 1.00021
10 84 1.0002
10 85 1.00019
10 86 1.00018
10 87 1.00017
10 88 1.00016
10 89 1.00015
10 90 1.00014
10 91 1.00013
10 92 1.00012
10 93 1.00012
10 94 1.00011
10 95 1.0001
10 96 1.0001
10 97 1.00009
10 98 1.00009
10 99 1.00008
10 100 1.00008
10 101 1.00007
10 102 1.00007
10 103 1.00006
10 104 1.00006
10 105 1.00005
10 106 1.00005
10 107 1.00004
10 108 1.00003
10 109 1.00002
10 110 1.00003
10 111 1.00001
10 112 0.99997
10 113 0.999989
10 114 1
10 115 0.9999
10 116 0.999856
10 117 0.99998
10 118 0.999902
10 119 0.999633
10 120 0.999803
10 121 0.999988
10 122 0.999598
10 123 0.999692
10 124 1.00012
10 125 1
10 126 1.00026
10 127 1.00045

11 0 0
11 1 1.00115
11 2 1.00115
11 3 1.00115
11 4 1.00115
11 5 1.00115
11 6 1.00115
11 7 1.00115
11 8 1.00115
11 9 1.00115
11 10 1.00115
11 11 1.00116
11 12 1.00116
11 13 1.00116
11 14 1.00116
11 15 1.00116
11 16 1.00116
11 17 1.00116
11 18 1.00116
11 19 1.00116
11 20 1.00116
11 21 1.00116
11 22 1.00116
11 23 1.00116
11 24 1.00116
11 25 1.00116
11 26 1.00115
11 27 1.00115
11 28 1.00115
11 29 1.00114
11 30 1.00114
11 31 1.00114
11 32 1.00113
11 33 1.00112
11 34 1.00112
11 35 1.00111
11 36 1.0011
11 37 1.00109
11 38 1.00108
11 39 1.00107
11 40 1.00106
11 41 1.00105
11 42 1.00103
11 43 1.00102
11 44 1.001
11 45 1.00099
11 46 1.00097
11 47 1.00095
11 48 1.00093
11 49 1.00092
11 50 1.0009
11 51 1.00087
11 52 1.00085
11 53 1.00083
11 54 1.00081
11 55 1.00079
11 56 1.00076
11 57 1.00074
11 58 1.00071
11 59 1.00069
11 60 1.00067
11 61 1.00064
11 62 1.00062
11 63 1.00059
11 64 1.00057
11 65 1.00054
11 66 1.00052
11 67 1.0005
11 68 1.00047
11 69 1.00045
11 70 1.00043
11 71 1.00041
11 72 1.00039
11 73 1.00037
11 74 1.00035
11 75 1.00033
11 76 1.00031
11 77 1.00029
11 78 1.00028
11 79 1.00026
11 80 1.00024
11 81 1.00023
11 82 1.00022
11 83 1.0002
11 84 1.00019
11 85 1.00018
11 86 1.00017
11 87 1.00016
11 88 1.00015
11 89 1.00014
11 90 1.00014
11 91 1.00013
11 92 1.00012
11 93 1.00012
11 94 1.00011
11 95 1.00011
11 96 1.0001
11 97 1.0001
11 98 1.00009
11 99 1.00009
11 100 1.00009
11 101 1.00008
11 102 1.00008
11 103 1.00008
11 104 1.00007
11 105 1.00007
11 106 1.00006
11 107 1.00006
11 108 1.00006
11 109 1.00005
11 110 1.00004
11 111 1.00006
11 112 1.00003
11 113 0.999992
11 114 1.00002
11 115 1.00005
11 116 0.999941
11 117 0.999896
11 118 1.00004
11 119 0.99997
11 120 0.99974
11 121 0.999937
11 122 1.00008
11 123 0.999836
11 124 1.00002
11 125 1.0003
11 126 1.00041
11 127 1.00052

12 0 0
12 1 1.00115
12 2 1.00115
12 3 1.00115
12 4 1.00115
12 5 1.00115
12 6 1.00115
12 7 1.00115
12 8 1.00115
12 9 1.00115
12 10 1.00115
12 11 1.00115
12 12 1.00115
12 13 1.00115
12 14 1.00116
12 15 1.00116
12 16 1.00116
12 17 1.00116
12 18 1.00116
12 19 1.00116
12 20 1.00116
12 21 1.00116
12 22 1.00116
12 23 1.00116
12 24 1.00115
12 25 1.00115
12 26 1.00115
12 27 1.00115
12 28 1.00114
12 29 1.00114
12 30 1.00114
12 31 1.00113
12 32 1.00113
12 33 1.00112
12 34 1.00111
12 35 1.00111
12 36 1.0011
12 37 1.00109
12 38 1.00108
12 39 1.00107
12 40 1.00105
12 41 1.00104
12 42 1.00103
12 43 1.00101
12 44 1.001
12 45 1.00098
12 46 1.00096
12 47 1.00095
12 48 1.00093
12 49 1.00091
12 50 1.00089
12 51 1.00087
12 52 1.00084
12 53 1.00082
12 54 1.0008
12 55 1.00078
12 56 1.00075
12 57 1.00073
12 58 1.0007
12 59 1.00068
12 60 1.00066
12 61 1.00063
12 62 1.00061
12 63 1.00058
12 64 1.00056
12 65 1.00053
12 66 1.00051
12 67 1.00048
12 68 1.00046
12 69 1.00044
12 70 1.00042
12 71 1.0004
12 72 1.00037
12 73 1.00035
12 74 1.00033
12 75 1.00032
12 76 1.0003
12 77 1.00028
12 78 1.00026
12 79 1.00025
12 80 1.00023
12 81 1.00022
12 82 1.00021
12 83 1.00019
12 84 1.00018
12 85 1.00017
12 86 1.00016
12 87 1.00015
12 88 1.00015
12 89 1.00014
12 90 1.00013
12 91 1.00012
12 92 1.00012
12 93 1.00011
12 94 1.00011
12 95 1.00011
12 96 1.0001
12 97 1.0001
12 98 1.0001
12 99 1.00009
12 100 1.00009
12 101 1.00009
12 102 1.00009
12 103 1.00009
12 104 1.00009
12 105 1.00009
12 106 1.00008
12 107 1.00008
12 108 1.00008
12 109 1.00009
12 110 1.00007
12 111 1.00007
12 112 1.00009
12 113 1.00008
12 114 1.00003
12 115 1.00007
12 116 1.0001
12 117 1
12 118 0.999975
12 119 1.00011
12 120 1.00004
12 121 0.999915
12 122 1.0001
12 123 1.00016
12 124 1.00014
12 125 1.00034
12 126 1.00049
12 127 1.00065

13 0 0
13 1 1.00114
13 2 1.00114
13 3 1.00114
13 4 1.00114
13 5 1.00114
13 6 1.00115
13 7 1.00115
13 8 1.00115
13 9 1.00115
13 10 1.00115
13 11 1.00115
13 12 1.00115
13 13 1.00115
13 14 1.00115
13 15 1.00115
13 16 1.00115
13 17 1.00115
13 18 1.00115
13 19 1.00115
13 20 1.00115
13 21 1.00115
13 22 1.00115
13 23 1.00115
13 24 1.00115
13 25 1.00115
13 26 1.00115
13 27 1.00114
13 28 1.00114
13 29 1.00114
13 30 1.00113
13 31 1.00113
13 32 1.00112
13 33 1.00112
13 34 1.00111
13 35 1.0011
13 36 1.00109
13 37 1.00108
13 38 1.00107
13 39 1.00106
13 40 1.00105
13 41 1.00104
13 42 1.00102
13 43 1.00101
13 44 1.00099
13 45 1.00097
13 46 1.00096
13 47 1.00094
13 48 1.00092
13 49 1.0009
13 50 1.00088
13 51 1.00086
13 52 1.00083
13 53 1.00081
13 54 1.00079
13 55 1.00077
13 56 1.00074
13 57 1.00072
13 58 1.00069
13 59 1.00067
13 60 1.00064
13 61 1.00062
13 62 1.00059
13 63 1.00057
13 64 1.00054
13 65 1.00052
13 66 1.00049
13 67 1.00047
13 68 1.00045
13 69 1.00043
13 70 1.0004
13 71 1.00038
13 72 1.00036
13 73 1.00034
13 74 1.00032
13 75 1.0003
13 76 1.00028
13 77 1.00027
13 78 1.00025
13 79 1.00024
13 80 1.00022
13 81 1.00021
13 82 1.0002
13 83 1.00018
13 84 1.00017
13 85 1.00016
13 86 1.00015
13 87 1.00015
13 88 1.00014
13 89 1.00013
13 90 1.00013
13 91 1.00012
13 92 1.00012
13 93 1.00011
13 94 1.00011
13 95 1.00011
13 96 1.0001
13 97 1.0001
13 98 1.0001
13 99 1.0001
13 100 1.0001
13 101 1.0001
13 102 1.0001
13 103 1.0001
13 104 1.0001
13 105 1.0001
13 106 1.00011
13 107 1.00011
13 108 1.0001
13 109 1.00011
13 110 1.00012
13 111 1.00011
13 112 1.00011
13 113 1.00014
13 114 1.00013
13 115 1.00009
13 116 1.00013
13 117 1.00017
13 118 1.00008
13 119 1.00008
13 120 1.0002
13 121 1.00014
13 122 1.0001
13 123 1.00027
13 124 1.00034
13 125 1.00041
13 126 1.00056
13 127 1.00071

14 0 0
14 1 1.00114
14 2 1.00114
14 3 1.00114
14 4 1.00114
14 5 1.00114
14 6 1.00114
14 7 1.00114
14 8 1.00114
14 9 1.00115
14 10 1.00115
14 11 1.00115
14 12 1.00115
14 13 1.00115
14 14 1.00115
14 15 1.00115
14 16 1.00115
14 17 1.00115
14 18 1.00115
14 19 1.00115
14 20 1.00115
14 21 1.00115
14 22 1.00115
14 23 1.00115
14 24 1.00115
14 25 1.00115
14 26 1.00114
14 27 1.00114
14 28 1.00114
14 29 1.00113
14 30 1.00113
14 31 1.00112
14 32 1.00112
14 33 1.00111
14 34 1.0011
14 35 1.0011
14 36 1.00109
14 37 1.00108
14 38 1.00107
14 39 1.00105
14 40 1.00104
14 41 1.00103
14 42 1.00101
14 43 1.001
14 44 1.00098
14 45 1.00097
14 46 1.00095
14 47 1.00093
14 48 1.00091
14 49 1.00089
14 50 1.00087
14 51 1.00085
14 52 1.00082
14 53 1.0008
14 54 1.00078
14 55 1.00075
14 56 1.00073
14 57 1.0007
14 58 1.00068
14 59 1.00065
14 60 1.00063
14 61 1.0006
14 62 1.00058
14 63 1.00055
14 64 1.00053
14 65 1.0005
14 66 1.00048
14 67 1.00046
14 68 1.00043
14 69 1.00041
14 70 1.00039
14 71 1.00037
14 72 1.00034
14 73 1.00032
14 74 1.0003
14 75 1.00029
14 76 1.00027
14 77 1.00025
14 78 1.00024
14 79 1.00022
14 80 1.00021
14 81 1.00019
14 82 1.00018
14 83 1.00017
14 84 1.00016
14 85 1.00015
14 86 1.00014
14 87 1.00014
14 88 1.00013
14 89 1.00012
14 90 1.00012
14 91 1.00011
14 92 1.00011
14 93 1.00011
14 94 1.00011
14 95 1.0001
14 96 1.0001
14 97 1.0001
14 98 1.0001
14 99 1.0001
14 100 1.00011
14 101 1.00011
14 102 1.00011
14 103 1.00011
14 104 1.00012
14 105 1.00012
14 106 1.00013
14 107 1.00014
14 108 1.00014
14 109 1.00014
14 110 1.00015
14 111 1.00017
14 112 1.00015
14 113 1.00016
14 114 1.0002
14 115 1.00019
14 116 1.00016
14 117 1.00021
14 118 1.00024
14 119 1.00018
14 120 1.0002
14 121 1.00029
14 122 1.00027
14 123 1.00031
14 124 1.00044
14 125 1.00053
14 126 1.00064
14 127 1.00075

15 0 0
15 1 1.00114
15 2 1.00114
15 3 1.00114
15 4 1.00114
15 5 1.00114
15 6 1.00114
15 7 1.00114
15 8 1.00114
15 9 1.00114
15 10 1.00114
15 11 1.00114
15 12 1.00115
15 13 1.00115
15 14 1.00115
15 15 1.00115
15 16 1.00115
15 17 1.00115
15 18 1.00115
15 19 1.00115
15 20 1.00115
15 21 1.00115
15 22 1.00115
15 23 1.00115
15 24 1.00114
15 25 1.00114
15 26 1.00114
15 27 1.00114
15 28 1.00113
15 29 1.00113
15 30 1.00113
15 31 1.00112
15 32 1.00111
15 33 1.00111
15 34 1.0011
15 35 1.00109
15 36 1.00108
15 37 1.00107
15 38 1.00106
15 39 1.00105
15 40 1.00104
15 41 1.00102
15 42 1.00101
15 43 1.00099
15 44 1.00097
15 45 1.00096
15 46 1.00094
15 47 1.00092
15 48 1.0009
15 49 1.00088
15 50 1.00086
15 51 1.00083
15 52 1.00081
15 53 1.00079
15 54 1.00076
15 55 1.00074
15 56 1.00072
15 57 1.00069
15 58 1.00066
15 59 1.00064
15 60 1.00061
15 61 1.00059
15 62 1.00056
15 63 1.00054
15 64 1.00051
15 65 1.00049
15 66 1.00046
15 67 1.00044
15 68 1.00041
15 69 1.00039
15 70 1.00037
15 71 1.00035
15 72 1.00033
15 73 1.00031
15 74 1.00029
15 75 1.00027
15 76 1.00025
15 77 1.00023
15 78 1.00022
15 79 1.0002
15 80 1.00019
15 81 1.00018
15 82 1.00017
15 83 1.00016
15 84 1.00015
15 85 1.00014
15 86 1.00013
15 87 1.00012
15 88 1.00012
15 89 1.00011
15 90 1.00011
15 91 1.00011
15 92 1.0001
15 93 1.0001
15 94 1.0001
15 95 1.0001
15 96 1.0001
15 97 1.0001
15 98 1.00011
15 99 1.00011
15 100 1.00011
15 101 1.00012
15 102 1.00012
15 103 1.00013
15 104 1.00014
15 105 1.00014
15 106 1.00015
15 107 1.00016
15 108 1.00017
15 109 1.00018
15 110 1.00018
15 111 1.0002
15 112 1.00022
15 113 1.00021
15 114 1.00022
15 115 1.00026
15 116 1.00026
15 117 1.00024
15 118 1.00029
15 119 1.00032
15 120 1.00028
15 121 1.00033
15 122 1.00041
15 123 1.00042
15 124 1.0005
15 125 1.00061
15 126 1.00071
15 127 1.00081

16 0 0
16 1 1.00113
16 2 1.00113
16 3 1.00113
16 4 1.00113
16 5 1.00114
16 6 1.00114
16 7 1.00114
16 8 1.00114
16 9 1.00114
16 10 1.00114
16 11 1.00114
16 12 1.00114
16 13 1.00114
16 14 1.00114
16 15 1.00114
16 16 1.00115
16 17 1.00115
16 18 1.00115
16 19 1.00115
16 20 1.00115
16 21 1.00114
16 22 1.00114
16 23 1.00114
16 24 1.00114
16 25 1.00114
16 26 1.00114
16 27 1.00113
16 28 1.00113
16 29 1.00113
16 30 1.00112
16 31 1.00112
16 32 1.00111
16 33 1.0011
16 34 1.00109
16 35 1.00109
16 36 1.00108
16 37 1.00107
16 38 1.00105
16 39 1.00104
16 40 1.00103
16 41 1.00101
16 42 1.001
16 43 1.00098
16 44 1.00097
16 45 1.00095
16 46 1.00093
16 47 1.00091
16 48 1.00089
16 49 1.00087
16 50 1.00084
16 51 1.00082
16 52 1.0008
16 53 1.00077
16 54 1.00075
16 55 1.00073
16 56 1.0007
16 57 1.00067
16 58 1.00065
16 59 1.00062
16 60 1.0006
16 61 1.00057
16 62 1.00054
16 63 1.00052
16 64 1.00049
16 65 1.00047
16 66 1.00044
16 67 1.00042
16 68 1.00039
16 69 1.00037
16 70 1.00035
16 71 1.00033
16 72 1.00031
16 73 1.00029
16 74 1.00027
16 75 1.00025
16 76 1.00023
16 77 1.00022
16 78 1.0002
16 79 1.00019
16 80 1.00017
16 81 1.00016
16 82 1.00015
16 83 1.00014
16 84 1.00013
16 85 1.00012
16 86 1.00012
16 87 1.00011
16 88 1.00011
16 89 1.0001
16 90 1.0001
16 91 1.0001
16 92 1.0001
16 93 1.0001
16 94 1.0001
16 95 1.0001
16 96 1.0001
16 97 1.00011
16 98 1.00011
16 99 1.00011
16 100 1.00012
16 101 1.00013
16 102 1.00013
16 103 1.00014
16 104 1.00015
16 105 1.00016
16 106 1.00017
16 107 1.00018
16 108 1.00019
16 109 1.00021
16 110 1.00022
16 111 1.00023
16 112 1.00026
16 113 1.00028
16 114 1.00028
16 115 1.00029
16 116 1.00034
16 117 1.00034
16 118 1.00033
16 119 1.00038
16 120 1.00041
16 121 1.00041
16 122 1.00047
16 123 1.00053
16 124 1.00059
16 125 1.00067
16 126 1.00077
16 127 1.00087

17 0 0
17 1 1.00113
17 2 1.00113
17 3 1.00113
17 4 1.00113
17 5 1.00113
17 6 1.00113
17 7 1.00113
17 8 1.00114
17 9 1.00114
17 10 1.00114
17 11 1.00114
17 12 1.00114
17 13 1.00114
17 14 1.00114
17 15 1.00114
17 16 1.00114
17 17 1.00114
17 18 1.00114
17 19 1.00114
17 20 1.00114
17 21 1.00114
17 22 1.00114
17 23 1.00114
17 24 1.00114
17 25 1.00114
17 26 1.00113
17 27 1.00113
17 28 1.00113
17 29 1.00112
17 30 1.00112
17 31 1.00111
17 32 1.0011
17 33 1.0011
17 34 1.00109
17 35 1.00108
17 36 1.00107
17 37 1.00106
17 38 1.00105
17 39 1.00103
17 40 1.00102
17 41 1.00101
17 42 1.00099
17 43 1.00097
17 44 1.00096
17 45 1.00094
17 46 1.00092
17 47 1.0009
17 48 1.00088
17 49 1.00085
17 50 1.00083
17 51 1.00081
17 52 1.00078
17 53 1.00076
17 54 1.00073
17 55 1.00071
17 56 1.00068
17 57 1.00066
17 58 1.00063
17 59 1.0006
17 60 1.00058
17 61 1.00055
17 62 1.00052
17 63 1.0005
17 64 1.00047
17 65 1.00045
17 66 1.00042
17 67 1.0004
17 68 1.00037
17 69 1.00035
17 70 1.00033
17 71 1.00031
17 72 1.00028
17 73 1.00026
17 74 1.00025
17 75 1.00023
17 76 1.00021
17 77 1.00019
17 78 1.00018
17 79 1.00017
17 80 1.00015
17 81 1.00014
17 82 1.00013
17 83 1.00012
17 84 1.00011
17 85 1.00011
17 86 1.0001
17 87 1.0001
17 88 1.00009
17 89 1.00009
17 90 1.00009
17 91 1.00009
17 92 1.00009
17 93 1.00009
17 94 1.00009
17 95 1.0001
17 96 1.0001
17 97 1.00011
17 98 1.00011
17 99 1.00012
17 100 1.00013
17 101 1.00014
17 102 1.00015
17 103 1.00016
17 104 1.00017
17 105 1.00018
17 106 1.00019
17 107 1.00021
17 108 1.00022
17 109 1.00024
17 110 1.00026
17 111 1.00028
17 112 1.00029
17 113 1.00032
17 114 1.00034
17 115 1.00035
17 116 1.00037
17 117 1.00041
17 118 1.00042
17 119 1.00043
17 120 1.00048
17 121 1.00051
17 122 1.00053
17 123 1.0006
17 124 1.00067
17 125 1.00074
17 126 1.00083
17 127 1.00091

18 0 0
18 1 1.00112
18 2 1.00113
18 3 1.00113
18 4 1.00113
18 5 1.00113
18 6 1.00113
18 7 1.00113
18 8 1.00113
18 9 1.00113
18 10 1.00113
18 11 1.00114
18 12 1.00114
18 13 1.00114
18 14 1.00114
18 15 1.00114
18 16 1.00114
18 17 1.00114
18 18 1.00114
18 19 1.00114
18 20 1.00114
18 21 1.00114
18 22 1.00114
18 23 1.00114
18 24 1.00113
18 25 1.00113
18 26 1.00113
18 27 1.00113
18 28 1.00112
18 29 1.00112
18 30 1.00111
18 31 1.0011
18 32 1.0011
18 33 1.00109
18 34 1.00108
18 35 1.00107
18 36 1.00106
18 37 1.00105
18 38 1.00104
18 39 1.00103
18 40 1.00101
18 41 1.001
18 42 1.00098
18 43 1.00096
18 44 1.00094
18 45 1.00093
18 46 1.00091
18 47 1.00088
18 48 1.00086
18 49 1.00084
18 50 1.00082
18 51 1.00079
18 52 1.00077
18 53 1.00074
18 54 1.00072
18 55 1.00069
18 56 1.00066
18 57 1.00064
18 58 1.00061
18 59 1.00058
18 60 1.00056
18 61 1.00053
18 62 1.0005
18 63 1.00048
18 64 1.00045
18 65 1.00042
18 66 1.0004
18 67 1.00037
18 68 1.00035
18 69 1.00033
18 70 1.0003
18 71 1.00028
18 72 1.00026
18 73 1.00024
18 74 1.00022
18 75 1.0002
18 76 1.00019
18 77 1.00017
18 78 1.00016
18 79 1.00014
18 80 1.00013
18 81 1.00012
18 82 1.00011
18 83 1.0001
18 84 1.00009
18 85 1.00009
18 86 1.00008
18 87 1.00008
18 88 1.00008
18 89 1.00008
18 90 1.00008
18 91 1.00008
18 92 1.00008
18 93 1.00008
18 94 1.00009
18 95 1.00009
18 96 1.0001
18 97 1.0001
18 98 1.00011
18 99 1.00012
18 100 1.00013
18 101 1.00014
18 102 1.00015
18 103 1.00017
18 104 1.00018
18 105 1.0002
18 106 1.00021
18 107 1.00023
18 108 1.00025
18 109 1.00027
18 110 1.00029
18 111 1.00032
18 112 1.00034
18 113 1.00035
18 114 1.00039
18 115 1.00041
18 116 1.00042
18 117 1.00045
18 118 1.00049
18 119 1.0005
18 120 1.00053
18 121 1.00058
18 122 1.00061
18 123 1.00066
18 124 1.00073
18 125 1.0008
18 126 1.00088
18 127 1.00095

19 0 0
19 1 1.00112
19 2 1.00112
19 3 1.00112
19 4 1.00112
19 5 1.00112
19 6 1.00113
19 7 1.00113
19 8 1.00113
19 9 1.00113
19 10 1.00113
19 11 1.00113
19 12 1.00113
19 13 1.00113
19 14 1.00113
19 15 1.00113
19 16 1.00114
19 17 1.00114
19 18 1.00114
19 19 1.00114
19 20 1.00114
19 21 1.00113
19 22 1.00113
19 23 1.00113
19 24 1.00113
19 25 1.00113
19 26 1.00112
19 27 1.00112
19 28 1.00112
19 29 1.00111
19 30 1.00111
19 31 1.0011
19 32 1.00109
19 33 1.00108
19 34 1.00108
19 35 1.00107
19 36 1.00105
19 37 1.00104
19 38 1.00103
19 39 1.00102
19 40 1.001
19 41 1.00099
19 42 1.00097
19 43 1.00095
19 44 1.00093
19 45 1.00091
19 46 1.00089
19 47 1.00087
19 48 1.00085
19 49 1.00082
19 50 1.0008
19 51 1.00078
19 52 1.00075
19 53 1.00072
19 54 1.0007
19 55 1.00067
19 56 1.00064
19 57 1.00062
19 58 1.00059
19 59 1.00056
19 60 1.00053
19 61 1.00051
19 62 1.00048
19 63 1.00045
19 64 1.00042
19 65 1.0004
19 66 1.00037
19 67 1.00035
19 68 1.00032
19 69 1.0003
19 70 1.00028
19 71 1.00025
19 72 1.00023
19 73 1.00021
19 74 1.00019
19 75 1.00018
19 76 1.00016
19 77 1.00015
19 78 1.00013
19 79 1.00012
19 80 1.00011
19 81 1.0001
19 82 1.00009
19 83 1.00008
19 84 1.00007
19 85 1.00007
19 86 1.00006
19 87 1.00006
19 88 1.00006
19 89 1.00006
19 90 1.00006
19 91 1.00006
19 92 1.00007
19 93 1.00007
19 94 1.00008
19 95 1.00008
19 96 1.00009
19 97 1.0001
19 98 1.00011
19 99 1.00012
19 100 1.00013
19 101 1.00015
19 102 1.00016
19 103 1.00018
19 104 1.0002
19 105 1.00022
19 106 1.00023
19 107 1.00025
19 108 1.00028
19 109 1.0003
19 110 1.00032
19 111 1.00035
19 112 1.00038
19 113 1.0004
19 114 1.00042
19 115 1.00046
19 116 1.00048
19 117 1.0005
19 118 1.00053
19 119 1.00057
19 120 1.00059
19 121 1.00063
19 122 1.00068
19 123 1.00072
19 124 1.00078
19 125 1.00085
19 126 1.00092
19 127 1.00099

20 0 0
20 1 1.00112
20 2 1.00112
20 3 1.00112
20 4 1.00112
20 5 1.00112
20 6 1.00112
20 7 1.00112
20 8 1.00112
20 9 1.00113
20 10 1.00113
20 11 1.00113
20 12 1.00113
20 13 1.00113
20 14 1.00113
20 15 1.00113
20 16 1.00113
20 17 1.00113
20 18 1.00113
20 19 1.00113
20 20 1.00113
20 21 1.00113
20 22 1.00113
20 23 1.00113
20 24 1.00113
20 25 1.00112
20 26 1.00112
20 27 1.00112
20 28 1.00111
20 29 1.00111
20 30 1.0011
20 31 1.00109
20 32 1.00109
20 33 1.00108
20 34 1.00107
20 35 1.00106
20 36 1.00105
20 37 1.00103
20 38 1.00102
20 39 1.00101
20 40 1.00099
20 41 1.00097
20 42 1.00096
20 43 1.00094
20 44 1.00092
20 45 1.0009
20 46 1.00088
20 47 1.00086
20 48 1.00083
20 49 1.00081
20 50 1.00078
20 51 1.00076
20 52 1.00073
20 53 1.0007
20 54 1.00068
20 55 1.00065
20 56 1.00062
20 57 1.00059
20 58 1.00056
20 59 1.00054
20 60 1.00051
20 61 1.00048
20 62 1.00045
20 63 1.00042
20 64 1.0004
20 65 1.00037
20 66 1.00034
20 67 1.00032
20 68 1.00029
20 69 1.00027
20 70 1.00025
20 71 1.00023
20 72 1.0002
20 73 1.00018
20 74 1.00017
20 75 1.00015
20 76 1.00013
20 77 1.00012
20 78 1.0001
20 79 1.00009
20 80 1.00008
20 81 1.00007
20 82 1.00006
20 83 1.00005
20 84 1.00005
20 85 1.00005
20 86 1.00004
20 87 1.00004
20 88 1.00004
20 89 1.00004
20 90 1.00004
20 91 1.00005
20 92 1.00005
20 93 1.00006
20 94 1.00007
20 95 1.00007
20 96 1.00008
20 97 1.0001
20 98 1.00011
20 99 1.00012
20 100 1.00014
20 101 1.00015
20 102 1.00017
20 103 1.00019
20 104 1.00021
20 105 1.00023
20 106 1.00025
20 107 1.00027
20 108 1.0003
20 109 1.00033
20 110 1.00035
20 111 1.00038
20 112 1.00041
20 113 1.00044
20 114 1.00046
20 115 1.00049
20 116 1.00053
20 117 1.00056
20 118 1.00058
20 119 1.00061
20 120 1.00065
20 121 1.00068
20 122 1.00072
20 123 1.00077
20 124 1.00083
20 125 1.00089
20 126 1.00096
20 127 1.00102

21 0 0
21 1 1.00111
21 2 1.00111
21 3 1.00111
21 4 1.00112
21 5 1.00112
21 6 1.00112
21 7 1.00112
21 8 1.00112
21 9 1.00112
21 10 1.00112
21 11 1.00112
21 12 1.00113
21 13 1.00113
21 14 1.00113
21 15 1.00113
21 16 1.00113
21 17 1.00113
21 18 1.00113
21 19 1.00113
21 20 1.00113
21 21 1.00113
21 22 1.00113
21 23 1.00112
21 24 1.00112
21 25 1.00112
21 26 1.00111
21 27 1.00111
21 28 1.00111
21 29 1.0011
21 30 1.00109
21 31 1.00109
21 32 1.00108
21 33 1.00107
21 34 1.00106
21 35 1.00105
21 36 1.00104
21 37 1.00102
21 38 1.00101
21 39 1.001
21 40 1.00098
21 41 1.00096
21 42 1.00094
21 43 1.00093
21 44 1.00091
21 45 1.00088
21 46 1.00086
21 47 1.00084
21 48 1.00081
21 49 1.00079
21 50 1.00076
21 51 1.00074
21 52 1.00071
21 53 1.00068
21 54 1.00065
21 55 1.00063
21 56 1.0006
21 57 1.00057
21 58 1.00054
21 59 1.00051
21 60 1.00048
21 61 1.00045
21 62 1.00042
21 63 1.0004
21 64 1.00037
21 65 1.00034
21 66 1.00031
21 67 1.00029
21 68 1.00026
21 69 1.00024
21 70 1.00022
21 71 1.00019
21 72 1.00017
21 73 1.00015
21 74 1.00013
21 75 1.00012
21 76 1.0001
21 77 1.00009
21 78 1.00007
21 79 1.00006
21 80 1.00005
21 81 1.00004
21 82 1.00003
21 83 1.00003
21 84 1.00002
21 85 1.00002
21 86 1.00002
21 87 1.00002
21 88 1.00002
21 89 1.00002
21 90 1.00002
21 91 1.00003
21 92 1.00004
21 93 1.00004
21 94 1.00005
21 95 1.00006
21 96 1.00008
21 97 1.00009
21 98 1.0001
21 99 1.00012
21 100 1.00014
21 101 1.00015
21 102 1.00017
21 103 1.0002
21 104 1.00022
21 105 1.00024
21 106 1.00027
21 107 1.00029
21 108 1.00032
21 109 1.00035
21 110 1.00038
21 111 1.00041
21 112 1.00043
21 113 1.00047
21 114 1.0005
21 115 1.00053
21 116 1.00056
21 117 1.0006
21 118 1.00063
21 119 1.00066
21 120 1.00069
21 121 1.00073
21 122 1.00077
21 123 1.00081
21 124 1.00087
21 125 1.00092
21 126 1.00099
21 127 1.00105

22 0 0
22 1 1.00111
22 2 1.00111
22 3 1.00111
22 4 1.00111
22 5 1.00111
22 6 1.00111
22 7 1.00112
22 8 1.00112
22 9 1.00112
22 10 1.00112
22 11 1.00112
22 12 1.00112
22 13 1.00112
22 14 1.00112
22 15 1.00112
22 16 1.00112
22 17 1.00112
22 18 1.00112
22 19 1.00112
22 20 1.00112
22 21 1.00112
22 22 1.00112
22 23 1.00112
22 24 1.00112
22 25 1.00111
22 26 1.00111
22 27 1.0011
22 28 1.0011
22 29 1.00109
22 30 1.00109
22 31 1.00108
22 32 1.00107
22 33 1.00106
22 34 1.00105
22 35 1.00104
22 36 1.00103
22 37 1.00101
22 38 1.001
22 39 1.00098
22 40 1.00097
22 41 1.00095
22 42 1.00093
22 43 1.00091
22 44 1.00089
22 45 1.00087
22 46 1.00084
22 47 1.00082
22 48 1.0008
22 49 1.00077
22 50 1.00074
22 51 1.00072
22 52 1.00069
22 53 1.00066
22 54 1.00063
22 55 1.0006
22 56 1.00057
22 57 1.00054
22 58 1.00051
22 59 1.00048
22 60 1.00045
22 61 1.00042
22 62 1.00039
22 63 1.00036
22 64 1.00034
22 65 1.00031
22 66 1.00028
22 67 1.00026
22 68 1.00023
22 69 1.00021
22 70 1.00018
22 71 1.00016
22 72 1.00014
22 73 1.00012
22 74 1.0001
22 75 1.00008
22 76 1.00007
22 77 1.00005
22 78 1.00004
22 79 1.00003
22 80 1.00002
22 81 1.00001
22 82 1
22 83 0.999999
22 84 0.999995
22 85 0.999993
22 86 0.999992
22 87 0.999993
22 88 0.999995
22 89 0.999999
22 90 1
22 91 1.00001
22 92 1.00002
22 93 1.00003
22 94 1.00004
22 95 1.00005
22 96 1.00007
22 97 1.00008
22 98 1.0001
22 99 1.00011
22 100 1.00013
22 101 1.00015
22 102 1.00018
22 103 1.0002
22 104 1.00022
22 105 1.00025
22 106 1.00028
22 107 1.00031
22 108 1.00034
22 109 1.00037
22 110 1.0004
22 111 1.00043
22 112 1.00046
22 113 1.00049
22 114 1.00053
22 115 1.00056
22 116 1.0006
22 117 1.00063
22 118 1.00066
22 119 1.0007
22 120 1.00073
22 121 1.00077
22 122 1.00081
22 123 1.00085
22 124 1.0009
22 125 1.00095
22 126 1.00101
22 127 1.00107

23 0 0
23 1 1.0011
23 2 1.0011
23 3 1.00111
23 4 1.00111
23 5 1.00111
23 6 1.00111
23 7 1.00111
23 8 1.00111
23 9 1.00111
23 10 1.00112
23 11 1.00112
23 12 1.00112
23 13 1.00112
23 14 1.00112
23 15 1.00112
23 16 1.00112
23 17 1.00112
23 18 1.00112
23 19 1.00112
23 20 1.00112
23 21 1.00112
23 22 1.00112
23 23 1.00111
23 24 1.00111
23 25 1.00111
23 26 1.0011
23 27 1.0011
23 28 1.00109
23 29 1.00109
23 30 1.00108
23 31 1.00107
23 32 1.00106
23 33 1.00105
23 34 1.00104
23 35 1.00103
23 36 1.00102
23 37 1.001
23 38 1.00099
23 39 1.00097
23 40 1.00095
23 41 1.00094
23 42 1.00092
23 43 1.0009
23 44 1.00087
23 45 1.00085
23 46 1.00083
23 47 1.0008
23 48 1.00078
23 49 1.00075
23 50 1.00072
23 51 1.00069
23 52 1.00066
23 53 1.00063
23 54 1.0006
23 55 1.00057
23 56 1.00054
23 57 1.00051
23 58 1.00048
23 59 1.00045
23 60 1.00042
23 61 1.00039
23 62 1.00036
23 63 1.00033
23 64 1.0003
23 65 1.00027
23 66 1.00025
23 67 1.00022
23 68 1.00019
23 69 1.00017
23 70 1.00015
23 71 1.00012
23 72 1.0001
23 73 1.00008
23 74 1.00006
23 75 1.00005
23 76 1.00003
23 77 1.00002
23 78 1.00001
23 79 0.999995
23 80 0.999986
23 81 0.999978
23 82 0.999972
23 83 0.999967
23 84 0.999964
23 85 0.999963
23 86 0.999963
23 87 0.999965
23 88 0.999969
23 89 0.999974
23 90 0.99998
23 91 0.999989
23 92 0.999998
23 93 1.00001
23 94 1.00002
23 95 1.00004
23 96 1.00005
23 97 1.00007
23 98 1.00009
23 99 1.00011
23 100 1.00013
23 101 1.00015
23 102 1.00018
23 103 1.0002
23 104 1.00023
23 105 1.00026
23 106 1.00029
23 107 1.00032
23 108 1.00035
23 109 1.00038
23 110 1.00041
23 111 1.00045
23 112 1.00048
23 113 1.00052
23 114 1.00055
23 115 1.00059
23 116 1.00063
23 117 1.00066
23 118 1.00069
23 119 1.00073
23 120 1.00076
23 121 1.0008
23 122 1.00084
23 123 1.00088
23 124 1.00092
23 125 1.00098
23 126 1.00103
23 127 1.00109

24 0 0
24 1 1.0011
24 2 1.0011
24 3 1.0011
24 4 1.0011
24 5 1.0011
24 6 1.00111
24 7 1.00111
24 8 1.00111
24 9 1.00111
24 10 1.00111
24 11 1.00111
24 12 1.00111
24 13 1.00111
24 14 1.00112
24 15 1.00112
24 16 1.00112
24 17 1.00112
24 18 1.00112
24 19 1.00112
24 20 1.00111
24 21 1.00111
24 22 1.00111
24 23 1.00111
24 24 1.00111
24 25 1.0011
24 26 1.0011
24 27 1.00109
24 28 1.00109
24 29 1.00108
24 30 1.00107
24 31 1.00106
24 32 1.00105
24 33 1.00104
24 34 1.00103
24 35 1.00102
24 36 1.00101
24 37 1.00099
24 38 1.00098
24 39 1.00096
24 40 1.00094
24 41 1.00092
24 42 1.0009
24 43 1.00088
24 44 1.00086
24 45 1.00083
24 46 1.00081
24 47 1.00078
24 48 1.00075
24 49 1.00073
24 50 1.0007
24 51 1.00067
24 52 1.00064
24 53 1.00061
24 54 1.00058
24 55 1.00054
24 56 1.00051
24 57 1.00048
24 58 1.00045
24 59 1.00042
24 60 1.00039
24 61 1.00036
24 62 1.00033
24 63 1.00029
24 64 1.00027
24 65 1.00024
24 66 1.00021
24 67 1.00018
24 68 1.00016
24 69 1.00013
24 70 1.00011
24 71 1.00009
24 72 1.00006
24 73 1.00004
24 74 1.00003
24 75 1.00001
24 76 0.999994
24 77 0.999981
24 78 0.999969
24 79 0.999958
24 80 0.99995
24 81 0.999942
24 82 0.999937
24 83 0.999933
24 84 0.999931
24 85 0.999931
24 86 0.999933
24 87 0.999936
24 88 0.99994
24 89 0.999947
24 90 0.999955
24 91 0.999964
24 92 0.999976
24 93 0.999989
24 94 1
24 95 1.00002
24 96 1.00004
24 97 1.00006
24 98 1.00008
24 99 1.0001
24 100 1.00012
24 101 1.00015
24 102 1.00017
24 103 1.0002
24 104 1.00023
24 105 1.00026
24 106 1.00029
24 107 1.00032
24 108 1.00036
24 109 1.00039
24 110 1.00043
24 111 1.00046
24 112 1.0005
24 113 1.00054
24 114 1.00057
24 115 1.00061
24 116 1.00065
24 117 1.00068
24 118 1.00072
24 119 1.00075
24 120 1.00079
24 121 1.00082
24 122 1.00086
24 123 1.0009
24 124 1.00094
24 125 1.00099
24 126 1.00105
24 127 1.0011

25 0 0
25 1 1.00109
25 2 1.0011
25 3 1.0011
25 4 1.0011
25 5 1.0011
25 6 1.0011
25 7 1.0011
25 8 1.0011
25 9 1.00111
25 10 1.00111
25 11 1.00111
25 12 1.00111
25 13 1.00111
25 14 1.00111
25 15 1.00111
25 16 1.00111
25 17 1.00111
25 18 1.00111
25 19 1.00111
25 20 1.00111
25 21 1.00111
25 22 1.00111
25 23 1.0011
25 24 1.0011
25 25 1.0011
25 26 1.00109
25 27 1.00109
25 28 1.00108
25 29 1.00107
25 30 1.00106
25 31 1.00106
25 32 1.00105
25 33 1.00103
25 34 1.00102
25 35 1.00101
25 36 1.00099
25 37 1.00098
25 38 1.00096
25 39 1.00094
25 40 1.00092
25 41 1.0009
25 42 1.00088
25 43 1.00086
25 44 1.00084
25 45 1.00081
25 46 1.00078
25 47 1.00076
25 48 1.00073
25 49 1.0007
25 50 1.00067
25 51 1.00064
25 52 1.00061
25 53 1.00058
25 54 1.00055
25 55 1.00051
25 56 1.00048
25 57 1.00045
25 58 1.00042
25 59 1.00038
25 60 1.00035
25 61 1.00032
25 62 1.00029
25 63 1.00026
25 64 1.00023
25 65 1.0002
25 66 1.00017
25 67 1.00014
25 68 1.00012
25 69 1.00009
25 70 1.00007
25 71 1.00004
25 72 1.00002
25 73 1
25 74 0.999985
25 75 0.999969
25 76 0.999954
25 77 0.99994
25 78 0.999929
25 79 0.999919
25 80 0.999911
25 81 0.999904
25 82 0.9999
25 83 0.999897
25 84 0.999896
25 85 0.999897
25 86 0.999899
25 87 0.999904
25 88 0.99991
25 89 0.999917
25 90 0.999927
25 91 0.999938
25 92 0.999951
25 93 0.999965
25 94 0.999981
25 95 0.999999
25 96 1.00002
25 97 1.00004
25 98 1.00006
25 99 1.00009
25 100 1.00011
25 101 1.00014
25 102 1.00017
25 103 1.0002
25 104 1.00023
25 105 1.00026
25 106 1.00029
25 107 1.00033
25 108 1.00036
25 109 1.0004
25 110 1.00044
25 111 1.00048
25 112 1.00051
25 113 1.00055
25 114 1.00059
25 115 1.00063
25 116 1.00066
25 117 1.0007
25 118 1.00073
25 119 1.00077
25 120 1.0008
25 121 1.00084
25 122 1.00088
25 123 1.00092
25 124 1.00096
25 125 1.001
25 126 1.00106
25 127 1.00111

26 0 0
26 1 1.00109
26 2 1.00109
26 3 1.00109
26 4 1.00109
26 5 1.0011
26 6 1.0011
26 7 1.0011
26 8 1.0011
26 9 1.0011
26 10 1.0011
26 11 1.0011
26 12 1.00111
26 13 1.00111
26 14 1.00111
26 15 1.00111
26 16 1.00111
26 17 1.00111
26 18 1.00111
26 19 1.00111
26 20 1.0011
26 21 1.0011
26 22 1.0011
26 23 1.0011
26 24 1.00109
26 25 1.00109
26 26 1.00108
26 27 1.00108
26 28 1.00107
26 29 1.00106
26 30 1.00106
26 31 1.00105
26 32 1.00104
26 33 1.00102
26 34 1.00101
26 35 1.001
26 36 1.00098
26 37 1.00097
26 38 1.00095
26 39 1.00093
26 40 1.00091
26 41 1.00089
26 42 1.00086
26 43 1.00084
26 44 1.00082
26 45 1.00079
26 46 1.00076
26 47 1.00073
26 48 1.0007
26 49 1.00067
26 50 1.00064
26 51 1.00061
26 52 1.00058
26 53 1.00055
26 54 1.00051
26 55 1.00048
26 56 1.00045
26 57 1.00041
26 58 1.00038
26 59 1.00035
26 60 1.00031
26 61 1.00028
26 62 1.00025
26 63 1.00022
26 64 1.00019
26 65 1.00016
26 66 1.00013
26 67 1.0001
26 68 1.00007
26 69 1.00005
26 70 1.00002
26 71 1
26 72 0.999979
26 73 0.999959
26 74 0.999941
26 75 0.999925
26 76 0.99991
26 77 0.999898
26 78 0.999886
26 79 0.999877
26 80 0.99987
26 81 0.999864
26 82 0.99986
26 83 0.999858
26 84 0.999858
26 85 0.99986
26 86 0.999864
26 87 0.999869
26 88 0.999876
26 89 0.999885
26 90 0.999896
26 91 0.999909
26 92 0.999923
26 93 0.999939
26 94 0.999957
26 95 0.999977
26 96 0.999998
26 97 1.00002
26 98 1.00005
26 99 1.00007
26 100 1.0001
26 101 1.00013
26 102 1.00016
26 103 1.00019
26 104 1.00022
26 105 1.00026
26 106 1.00029
26 107 1.00033
26 108 1.00037
26 109 1.0004
26 110 1.00044
26 111 1.00048
26 112 1.00052
26 113 1.00056
26 114 1.0006
26 115 1.00064
26 116 1.00067
26 117 1.00071
26 118 1.00075
26 119 1.00078
26 120 1.00082
26 121 1.00085
26 122 1.00089
26 123 1.00092
26 124 1.00097
26 125 1.00101
26 126 1.00106
26 127 1.00111

27 0 0
27 1 1.00108
27 2 1.00109
27 3 1.00109
27 4 1.00109
27 5 1.00109
27 6 1.00109
27 7 1.00109
27 8 1.0011
27 9 1.0011
27 10 1.0011
27 11 1.0011
27 12 1.0011
27 13 1.0011
27 14 1.0011
27 15 1.0011
27 16 1.0011
27 17 1.0011
27 18 1.0011
27 19 1.0011
27 20 1.0011
27 21 1.0011
27 22 1.00109
27 23 1.00109
27 24 1.00109
27 25 1.00108
27 26 1.00108
27 27 1.00107
27 28 1.00106
27 29 1.00106
27 30 1.00105
27 31 1.00104
27 32 1.00103
27 33 1.00101
27 34 1.001
27 35 1.00098
27 36 1.00097
27 37 1.00095
27 38 1.00093
27 39 1.00091
27 40 1.00089
27 41 1.00087
27 42 1.00084
27 43 1.00082
27 44 1.00079
27 45 1.00077
27 46 1.00074
27 47 1.00071
27 48 1.00068
27 49 1.00065
27 50 1.00061
27 51 1.00058
27 52 1.00055
27 53 1.00051
27 54 1.00048
27 55 1.00044
27 56 1.00041
27 57 1.00037
27 58 1.00034
27 59 1.00031
27 60 1.00027
27 61 1.00024
27 62 1.00021
27 63 1.00017
27 64 1.00014
27 65 1.00011
27 66 1.00008
27 67 1.00005
27 68 1.00003
27 69 1
27 70 0.999976
27 71 0.999954
27 72 0.999933
27 73 0.999913
27 74 0.999895
27 75 0.999879
27 76 0.999865
27 77 0.999852
27 78 0.999842
27 79 0.999833
27 80 0.999826
27 81 0.999821
27 82 0.999818
27 83 0.999817
27 84 0.999818
27 85 0.999821
27 86 0.999825
27 87 0.999832
27 88 0.999841
27 89 0.999851
27 90 0.999863
27 91 0.999877
27 92 0.999893
27 93 0.999911
27 94 0.99993
27 95 0.999952
27 96 0.999975
27 97 0.999999
27 98 1.00003
27 99 1.00005
27 100 1.00008
27 101 1.00011
27 102 1.00015
27 103 1.00018
27 104 1.00021
27 105 1.00025
27 106 1.00029
27 107 1.00032
27 108 1.00036
27 109 1.0004
27 110 1.00044
27 111 1.00048
27 112 1.00052
27 113 1.00056
27 114 1.0006
27 115 1.00064
27 116 1.00068
27 117 1.00072
27 118 1.00075
27 119 1.00079
27 120 1.00082
27 121 1.00086
27 122 1.00089
27 123 1.00093
27 124 1.00097
27 125 1.00101
27 126 1.00106
27 127 1.00111

28 0 0
28 1 1.00108
28 2 1.00108
28 3 1.00108
28 4 1.00109
28 5 1.00109
28 6 1.00109
28 7 1.00109
28 8 1.00109
28 9 1.00109
28 10 1.00109
28 11 1.0011
28 12 1.0011
28 13 1.0011
28 14 1.0011
28 15 1.0011
28 16 1.0011
28 17 1.0011
28 18 1.0011
28 19 1.0011
28 20 1.00109
28 21 1.00109
28 22 1.00109
28 23 1.00109
28 24 1.00108
28 25 1.00108
28 26 1.00107
28 27 1.00106
28 28 1.00106
28 29 1.00105
28 30 1.00104
28 31 1.00103
28 32 1.00101
28 33 1.001
28 34 1.00099
28 35 1.00097
28 36 1.00095
28 37 1.00094
28 38 1.00092
28 39 1.0009
28 40 1.00087
28 41 1.00085
28 42 1.00082
28 43 1.0008
28 44 1.00077
28 45 1.00074
28 46 1.00071
28 47 1.00068
28 48 1.00065
28 49 1.00062
28 50 1.00058
28 51 1.00055
28 52 1.00051
28 53 1.00048
28 54 1.00044
28 55 1.00041
28 56 1.00037
28 57 1.00033
28 58 1.0003
28 59 1.00026
28 60 1.00023
28 61 1.00019
28 62 1.00016
28 63 1.00013
28 64 1.0001
28 65 1.00006
28 66 1.00003
28 67 1.00001
28 68 0.999978
28 69 0.999952
28 70 0.999928
28 71 0.999905
28 72 0.999884
28 73 0.999864
28 74 0.999846
28 75 0.999831
28 76 0.999817
28 77 0.999804
28 78 0.999794
28 79 0.999786
28 80 0.99978
28 81 0.999776
28 82 0.999773
28 83 0.999773
28 84 0.999775
28 85 0.999779
28 86 0.999785
28 87 0.999793
28 88 0.999802
28 89 0.999814
28 90 0.999828
28 91 0.999843
28 92 0.999861
28 93 0.99988
28 94 0.999901
28 95 0.999924
28 96 0.999948
28 97 0.999975
28 98 1
28 99 1.00003
28 100 1.00006
28 101 1.0001
28 102 1.00013
28 103 1.00016
28 104 1.0002
28 105 1.00024
28 106 1.00028
28 107 1.00032
28 108 1.00036
28 109 1.0004
28 110 1.00044
28 111 1.00048
28 112 1.00052
28 113 1.00056
28 114 1.0006
28 115 1.00064
28 116 1.00068
28 117 1.00072
28 118 1.00075
28 119 1.00079
28 120 1.00082
28 121 1.00086
28 122 1.00089
28 123 1.00093
28 124 1.00096
28 125 1.00101
28 126 1.00105
28 127 1.0011

29 0 0
29 1 1.00107
29 2 1.00108
29 3 1.00108
29 4 1.00108
29 5 1.00108
29 6 1.00108
29 7 1.00109
29 8 1.00109
29 9 1.00109
29 10 1.00109
29 11 1.00109
29 12 1.00109
29 13 1.00109
29 14 1.00109
29 15 1.00109
29 16 1.00109
29 17 1.00109
29 18 1.00109
29 19 1.00109
29 20 1.00109
29 21 1.00109
29 22 1.00108
29 23 1.00108
29 24 1.00107
29 25 1.00107
29 26 1.00106
29 27 1.00106
29 28 1.00105
29 29 1.00104
29 30 1.00103
29 31 1.00102
29 32 1.001
29 33 1.00099
29 34 1.00097
29 35 1.00096
29 36 1.00094
29 37 1.00092
29 38 1.0009
29 39 1.00088
29 40 1.00085
29 41 1.00083
29 42 1.0008
29 43 1.00077
29 44 1.00075
29 45 1.00072
29 46 1.00068
29 47 1.00065
29 48 1.00062
29 49 1.00058
29 50 1.00055
29 51 1.00051
29 52 1.00048
29 53 1.00044
29 54 1.0004
29 55 1.00037
29 56 1.00033
29 57 1.00029
29 58 1.00026
29 59 1.00022
29 60 1.00018
29 61 1.00015
29 62 1.00011
29 63 1.00008
29 64 1.00005
29 65 1.00001
29 66 0.999984
29 67 0.999955
29 68 0.999927
29 69 0.999901
29 70 0.999876
29 71 0.999853
29 72 0.999832
29 73 0.999813
29 74 0.999795
29 75 0.99978
29 76 0.999766
29 77 0.999754
29 78 0.999745
29 79 0.999737
29 80 0.999731
29 81 0.999728
29 82 0.999726
29 83 0.999727
29 84 0.99973
29 85 0.999735
29 86 0.999742
29 87 0.999751
29 88 0.999762
29 89 0.999775
29 90 0.99979
29 91 0.999807
29 92 0.999826
29 93 0.999846
29 94 0.999869
29 95 0.999893
29 96 0.999919
29 97 0.999947
29 98 0.999977
29 99 1.00001
29 100 1.00004
29 101 1.00007
29 102 1.00011
29 103 1.00015
29 104 1.00018
29 105 1.00022
29 106 1.00026
29 107 1.0003
29 108 1.00035
29 109 1.00039
29 110 1.00043
29 111 1.00047
29 112 1.00051
29 113 1.00055
29 114 1.0006
29 115 1.00064
29 116 1.00067
29 117 1.00071
29 118 1.00075
29 119 1.00078
29 120 1.00082
29 121 1.00085
29 122 1.00088
29 123 1.00092
29 124 1.00096
29 125 1.001
29 126 1.00104
29 127 1.00108

30 0 0
30 1 1.00107
30 2 1.00107
30 3 1.00107
30 4 1.00108
30 5 1.00108
30 6 1.00108
30 7 1.00108
30 8 1.00108
30 9 1.00108
30 10 1.00109
30 11 1.00109
30 12 1.00109
30 13 1.00109
30 14 1.00109
30 15 1.00109
30 16 1.00109
30 17 1.00109
30 18 1.00109
30 19 1.00108
30 20 1.00108
30 21 1.00108
30 22 1.00108
30 23 1.00107
30 24 1.00107
30 25 1.00106
30 26 1.00105
30 27 1.00105
30 28 1.00104
30 29 1.00103
30 30 1.00102
30 31 1.001
30 32 1.00099
30 33 1.00098
30 34 1.00096
30 35 1.00094
30 36 1.00092
30 37 1.0009
30 38 1.00088
30 39 1.00086
30 40 1.00083
30 41 1.00081
30 42 1.00078
30 43 1.00075
30 44 1.00072
30 45 1.00069
30 46 1.00066
30 47 1.00062
30 48 1.00059
30 49 1.00055
30 50 1.00051
30 51 1.00048
30 52 1.00044
30 53 1.0004
30 54 1.00036
30 55 1.00032
30 56 1.00029
30 57 1.00025
30 58 1.00021
30 59 1.00017
30 60 1.00014
30 61 1.0001
30 62 1.00006
30 63 1.00003
30 64 0.999995
30 65 0.999963
30 66 0.999932
30 67 0.999902
30 68 0.999874
30 69 0.999848
30 70 0.999823
30 71 0.9998
30 72 0.999778
30 73 0.999759
30 74 0.999742
30 75 0.999726
30 76 0.999713
30 77 0.999702
30 78 0.999692
30 79 0.999685
30 80 0.99968
30 81 0.999678
30 82 0.999677
30 83 0.999679
30 84 0.999682
30 85 0.999688
30 86 0.999696
30 87 0.999706
30 88 0.999719
30 89 0.999733
30 90 0.999749
30 91 0.999767
30 92 0.999788
30 93 0.99981
30 94 0.999834
30 95 0.99986
30 96 0.999888
30 97 0.999917
30 98 0.999948
30 99 0.999981
30 100 1.00002
30 101 1.00005
30 102 1.00009
30 103 1.00013
30 104 1.00017
30 105 1.00021
30 106 1.00025
30 107 1.00029
30 108 1.00033
30 109 1.00037
30 110 1.00042
30 111 1.00046
30 112 1.0005
30 113 1.00054
30 114 1.00058
30 115 1.00062
30 116 1.00066
30 117 1.0007
30 118 1.00074
30 119 1.00077
30 120 1.00081
30 121 1.00084
30 122 1.00087
30 123 1.00091
30 124 1.00094
30 125 1.00098
30 126 1.00102
30 127 1.00107

31 0 0
31 1 1.00106
31 2 1.00107
31 3 1.00107
31 4 1.00107
31 5 1.00107
31 6 1.00107
31 7 1.00108
31 8 1.00108
31 9 1.00108
31 10 1.00108
31 11 1.00108
31 12 1.00108
31 13 1.00108
31 14 1.00108
31 15 1.00108
31 16 1.00108
31 17 1.00108
31 18 1.00108
31 19 1.00108
31 20 1.00108
31 21 1.00107
31 22 1.00107
31 23 1.00106
31 24 1.00106
31 25 1.00105
31 26 1.00105
31 27 1.00104
31 28 1.00103
31 29 1.00102
31 30 1.00101
31 31 1.00099
31 32 1.00098
31 33 1.00096
31 34 1.00095
31 35 1.00093
31 36 1.00091
31 37 1.00088
31 38 1.00086
31 39 1.00084
31 40 1.00081
31 41 1.00078
31 42 1.00075
31 43 1.00072
31 44 1.00069
31 45 1.00066
31 46 1.00062
31 47 1.00059
31 48 1.00055
31 49 1.00052
31 50 1.00048
31 51 1.00044
31 52 1.0004
31 53 1.00036
31 54 1.00032
31 55 1.00028
31 56 1.00024
31 57 1.0002
31 58 1.00016
31 59 1.00012
31 60 1.00009
31 61 1.00005
31 62 1.00001
31 63 0.999976
31 64 0.999942
31 65 0.999909
31 66 0.999877
31 67 0.999847
31 68 0.999819
31 69 0.999792
31 70 0.999767
31 71 0.999744
31 72 0.999722
31 73 0.999703
31 74 0.999686
31 75 0.999671
31 76 0.999658
31 77 0.999647
31 78 0.999638
31 79 0.999632
31 80 0.999627
31 81 0.999625
31 82 0.999625
31 83 0.999628
31 84 0.999632
31 85 0.999639
31 86 0.999648
31 87 0.99966
31 88 0.999673
31 89 0.999689
31 90 0.999706
31 91 0.999726
31 92 0.999747
31 93 0.999771
31 94 0.999797
31 95 0.999824
31 96 0.999853
31 97 0.999884
31 98 0.999917
31 99 0.999951
31 100 0.999986
31 101 1.00002
31 102 1.00006
31 103 1.0001
31 104 1.00014
31 105 1.00018
31 106 1.00023
31 107 1.00027
31 108 1.00031
31 109 1.00036
31 110 1.0004
31 111 1.00044
31 112 1.00049
31 113 1.00053
31 114 1.00057
31 115 1.00061
31 116 1.00065
31 117 1.00069
31 118 1.00072
31 119 1.00076
31 120 1.00079
31 121 1.00082
31 122 1.00085
31 123 1.00089
31 124 1.00092
31 125 1.00096
31 126 1.001
31 127 1.00104

32 0 0
32 1 1.00106
32 2 1.00106
32 3 1.00106
32 4 1.00107
32 5 1.00107
32 6 1.00107
32 7 1.00107
32 8 1.00107
32 9 1.00107
32 10 1.00108
32 11 1.00108
32 12 1.00108
32 13 1.00108
32 14 1.00108
32 15 1.00108
32 16 1.00108
32 17 1.00108
32 18 1.00107
32 19 1.00107
32 20 1.00107
32 21 1.00107
32 22 1.00106
32 23 1.00106
32 24 1.00105
32 25 1.00104
32 26 1.00104
32 27 1.00103
32 28 1.00102
32 29 1.00101
32 30 1.00099
32 31 1.00098
32 32 1.00097
32 33 1.00095
32 34 1.00093
32 35 1.00091
32 36 1.00089
32 37 1.00087
32 38 1.00084
32 39 1.00082
32 40 1.00079
32 41 1.00076
32 42 1.00073
32 43 1.0007
32 44 1.00066
32 45 1.00063
32 46 1.00059
32 47 1.00056
32 48 1.00052
32 49 1.00048
32 50 1.00044
32 51 1.0004
32 52 1.00036
32 53 1.00032
32 54 1.00028
32 55 1.00023
32 56 1.00019
32 57 1.00015
32 58 1.00011
32 59 1.00007
32 60 1.00003
32 61 0.999995
32 62 0.999957
32 63 0.999921
32 64 0.999886
32 65 0.999852
32 66 0.99982
32 67 0.99979
32 68 0.999761
32 69 0.999734
32 70 0.999709
32 71 0.999685
32 72 0.999664
32 73 0.999645
32 74 0.999628
32 75 0.999613
32 76 0.9996
32 77 0.99959
32 78 0.999581
32 79 0.999575
32 80 0.999572
32 81 0.99957
32 82 0.999571
32 83 0.999575
32 84 0.99958
32 85 0.999588
32 86 0.999598
32 87 0.999611
32 88 0.999625
32 89 0.999642
32 90 0.999661
32 91 0.999682
32 92 0.999705
32 93 0.99973
32 94 0.999756
32 95 0.999785
32 96 0.999816
32 97 0.999848
32 98 0.999882
32 99 0.999918
32 100 0.999955
32 101 0.999993
32 102 1.00003
32 103 1.00007
32 104 1.00012
32 105 1.00016
32 106 1.0002
32 107 1.00024
32 108 1.00029
32 109 1.00033
32 110 1.00038
32 111 1.00042
32 112 1.00046
32 113 1.00051
32 114 1.00055
32 115 1.00059
32 116 1.00063
32 117 1.00067
32 118 1.0007
32 119 1.00073
32 120 1.00077
32 121 1.0008
32 122 1.00083
32 123 1.00087
32 124 1.0009
32 125 1.00094
32 126 1.00097
32 127 1.00102

33 0 0
33 1 1.00105
33 2 1.00106
33 3 1.00106
33 4 1.00106
33 5 1.00106
33 6 1.00106
33 7 1.00107
33 8 1.00107
33 9 1.00107
33 10 1.00107
33 11 1.00107
33 12 1.00107
33 13 1.00107
33 14 1.00107
33 15 1.00107
33 16 1.00107
33 17 1.00107
33 18 1.00107
33 19 1.00107
33 20 1.00106
33 21 1.00106
33 22 1.00106
33 23 1.00105
33 24 1.00104
33 25 1.00104
33 26 1.00103
33 27 1.00102
33 28 1.00101
33 29 1.001
33 30 1.00098
33 31 1.00097
33 32 1.00095
33 33 1.00093
33 34 1.00091
33 35 1.00089
33 36 1.00087
33 37 1.00085
33 38 1.00082
33 39 1.00079
33 40 1.00076
33 41 1.00073
33 42 1.0007
33 43 1.00067
33 44 1.00063
33 45 1.0006
33 46 1.00056
33 47 1.00052
33 48 1.00048
33 49 1.00044
33 50 1.0004
33 51 1.00036
33 52 1.00031
33 53 1.00027
33 54 1.00023
33 55 1.00019
33 56 1.00014
33 57 1.0001
33 58 1.00006
33 59 1.00002
33 60 0.999979
33 61 0.999939
33 62 0.999901
33 63 0.999864
33 64 0.999828
33 65 0.999794
33 66 0.999761
33 67 0.99973
33 68 0.999701
33 69 0.999674
33 70 0.999648
33 71 0.999625
33 72 0.999603
33 73 0.999584
33 74 0.999567
33 75 0.999553
33 76 0.99954
33 77 0.99953
33 78 0.999523
33 79 0.999517
33 80 0.999514
33 81 0.999514
33 82 0.999515
33 83 0.999519
33 84 0.999526
33 85 0.999535
33 86 0.999546
33 87 0.999559
33 88 0.999575
33 89 0.999593
33 90 0.999613
33 91 0.999635
33 92 0.999659
33 93 0.999685
33 94 0.999714
33 95 0.999744
33 96 0.999776
33 97 0.999809
33 98 0.999845
33 99 0.999881
33 100 0.99992
33 101 0.999959
33 102 1
33 103 1.00004
33 104 1.00008
33 105 1.00013
33 106 1.00017
33 107 1.00022
33 108 1.00026
33 109 1.00031
33 110 1.00035
33 111 1.0004
33 112 1.00044
33 113 1.00048
33 114 1.00052
33 115 1.00056
33 116 1.0006
33 117 1.00064
33 118 1.00068
33 119 1.00071
33 120 1.00074
33 121 1.00077
33 122 1.00081
33 123 1.00084
33 124 1.00087
33 125 1.00091
33 126 1.00094
33 127 1.00098

34 0 0
34 1 1.00105
34 2 1.00105
34 3 1.00105
34 4 1.00106
34 5 1.00106
34 6 1.00106
34 7 1.00106
34 8 1.00106
34 9 1.00106
34 10 1.00107
34 11 1.00107
34 12 1.00107
34 13 1.00107
34 14 1.00107
34 15 1.00107
34 16 1.00107
34 17 1.00106
34 18 1.00106
34 19 1.00106
34 20 1.00106
34 21 1.00105
34 22 1.00105
34 23 1.00104
34 24 1.00104
34 25 1.00103
34 26 1.00102
34 27 1.00101
34 28 1.001
34 29 1.00098
34 30 1.00097
34 31 1.00095
34 32 1.00094
34 33 1.00092
34 34 1.0009
34 35 1.00088
34 36 1.00085
34 37 1.00083
34 38 1.0008
34 39 1.00077
34 40 1.00074
34 41 1.00071
34 42 1.00067
34 43 1.00064
34 44 1.0006
34 45 1.00056
34 46 1.00052
34 47 1.00048
34 48 1.00044
34 49 1.0004
34 50 1.00036
34 51 1.00031
34 52 1.00027
34 53 1.00022
34 54 1.00018
34 55 1.00014
34 56 1.00009
34 57 1.00005
34 58 1.00001
34 59 0.999964
34 60 0.999922
34 61 0.999882
34 62 0.999843
34 63 0.999805
34 64 0.999768
34 65 0.999733
34 66 0.9997
34 67 0.999669
34 68 0.999639
34 69 0.999611
34 70 0.999586
34 71 0.999562
34 72 0.999541
34 73 0.999522
34 74 0.999505
34 75 0.999491
34 76 0.999479
34 77 0.999469
34 78 0.999462
34 79 0.999457
34 80 0.999455
34 81 0.999455
34 82 0.999457
34 83 0.999462
34 84 0.99947
34 85 0.999479
34 86 0.999491
34 87 0.999506
34 88 0.999523
34 89 0.999542
34 90 0.999563
34 91 0.999586
34 92 0.999612
34 93 0.999639
34 94 0.999668
34 95 0.9997
34 96 0.999733
34 97 0.999768
34 98 0.999804
34 99 0.999842
34 100 0.999882
34 101 0.999922
34 102 0.999964
34 103 1.00001
34 104 1.00005
34 105 1.0001
34 106 1.00014
34 107 1.00019
34 108 1.00023
34 109 1.00028
34 110 1.00032
34 111 1.00037
34 112 1.00041
34 113 1.00045
34 114 1.00049
34 115 1.00054
34 116 1.00057
34 117 1.00061
34 118 1.00065
34 119 1.00068
34 120 1.00071
34 121 1.00074
34 122 1.00078
34 123 1.00081
34 124 1.00084
34 125 1.00087
34 126 1.00091
34 127 1.00095

35 0 0
35 1 1.00104
35 2 1.00105
35 3 1.00105
35 4 1.00105
35 5 1.00105
35 6 1.00105
35 7 1.00106
35 8 1.00106
35 9 1.00106
35 10 1.00106
35 11 1.00106
35 12 1.00106
35 13 1.00106
35 14 1.00106
35 15 1.00106
35 16 1.00106
35 17 1.00106
35 18 1.00106
35 19 1.00105
35 20 1.00105
35 21 1.00105
35 22 1.00104
35 23 1.00103
35 24 1.00103
35 25 1.00102
35 26 1.00101
35 27 1.001
35 28 1.00099
35 29 1.00097
35 30 1.00096
35 31 1.00094
35 32 1.00092
35 33 1.0009
35 34 1.00088
35 35 1.00086
35 36 1.00083
35 37 1.0008
35 38 1.00078
35 39 1.00075
35 40 1.00071
35 41 1.00068
35 42 1.00064
35 43 1.00061
35 44 1.00057
35 45 1.00053
35 46 1.00049
35 47 1.00044
35 48 1.0004
35 49 1.00036
35 50 1.00031
35 51 1.00027
35 52 1.00022
35 53 1.00018
35 54 1.00013
35 55 1.00008
35 56 1.00004
35 57 0.999994
35 58 0.99995
35 59 0.999906
35 60 0.999864
35 61 0.999823
35 62 0.999782
35 63 0.999744
35 64 0.999706
35 65 0.999671
35 66 0.999637
35 67 0.999605
35 68 0.999575
35 69 0.999547
35 70 0.999522
35 71 0.999498
35 72 0.999477
35 73 0.999458
35 74 0.999441
35 75 0.999427
35 76 0.999415
35 77 0.999406
35 78 0.999399
35 79 0.999395
35 80 0.999393
35 81 0.999394
35 82 0.999397
35 83 0.999403
35 84 0.999411
35 85 0.999422
35 86 0.999435
35 87 0.99945
35 88 0.999468
35 89 0.999488
35 90 0.99951
35 91 0.999535
35 92 0.999562
35 93 0.99959
35 94 0.999621
35 95 0.999653
35 96 0.999688
35 97 0.999724
35 98 0.999761
35 99 0.9998
35 100 0.999841
35 101 0.999883
35 102 0.999925
35 103 0.999969
35 104 1.00001
35 105 1.00006
35 106 1.0001
35 107 1.00015
35 108 1.0002
35 109 1.00024
35 110 1.00029
35 111 1.00033
35 112 1.00038
35 113 1.00042
35 114 1.00046
35 115 1.0005
35 116 1.00054
35 117 1.00058
35 118 1.00061
35 119 1.00065
35 120 1.00068
35 121 1.00071
35 122 1.00074
35 123 1.00077
35 124 1.0008
35 125 1.00084
35 126 1.00087
35 127 1.00091

36 0 0
36 1 1.00104
36 2 1.00104
36 3 1.00104
36 4 1.00105
36 5 1.00105
36 6 1.00105
36 7 1.00105
36 8 1.00105
36 9 1.00105
36 10 1.00106
36 11 1.00106
36 12 1.00106
36 13 1.00106
36 14 1.00106
36 15 1.00106
36 16 1.00105
36 17 1.00105
36 18 1.00105
36 19 1.00105
36 20 1.00104
36 21 1.00104
36 22 1.00103
36 23 1.00103
36 24 1.00102
36 25 1.00101
36 26 1.001
36 27 1.00099
36 28 1.00097
36 29 1.00096
36 30 1.00094
36 31 1.00093
36 32 1.00091
36 33 1.00088
36 34 1.00086
36 35 1.00084
36 36 1.00081
36 37 1.00078
36 38 1.00075
36 39 1.00072
36 40 1.00069
36 41 1.00065
36 42 1.00061
36 43 1.00057
36 44 1.00053
36 45 1.00049
36 46 1.00045
36 47 1.00041
36 48 1.00036
36 49 1.00031
36 50 1.00027
36 51 1.00022
36 52 1.00017
36 53 1.00013
36 54 1.00008
36 55 1.00003
36 56 0.999984
36 57 0.999938
36 58 0.999892
36 59 0.999847
36 60 0.999804
36 61 0.999761
36 62 0.99972
36 63 0.999681
36 64 0.999643
36 65 0.999607
36 66 0.999572
36 67 0.99954
36 68 0.99951
36 69 0.999482
36 70 0.999456
36 71 0.999432
36 72 0.999411
36 73 0.999392
36 74 0.999376
36 75 0.999362
36 76 0.99935
36 77 0.999341
36 78 0.999335
36 79 0.999331
36 80 0.99933
36 81 0.999332
36 82 0.999336
36 83 0.999342
36 84 0.999351
36 85 0.999363
36 86 0.999377
36 87 0.999393
36 88 0.999412
36 89 0.999433
36 90 0.999456
36 91 0.999482
36 92 0.999509
36 93 0.999539
36 94 0.999571
36 95 0.999604
36 96 0.99964
36 97 0.999677
36 98 0.999716
36 99 0.999756
36 100 0.999797
36 101 0.99984
36 102 0.999884
36 103 0.999928
36 104 0.999974
36 105 1.00002
36 106 1.00007
36 107 1.00011
36 108 1.00016
36 109 1.00021
36 110 1.00025
36 111 1.0003
36 112 1.00034
36 113 1.00038
36 114 1.00042
36 115 1.00046
36 116 1.0005
36 117 1.00054
36 118 1.00057
36 119 1.00061
36 120 1.00064
36 121 1.00067
36 122 1.0007
36 123 1.00073
36 124 1.00076
36 125 1.00079
36 126 1.00083
36 127 1.00087

37 0 0
37 1 1.00103
37 2 1.00104
37 3 1.00104
37 4 1.00104
37 5 1.00104
37 6 1.00104
37 7 1.00105
37 8 1.00105
37 9 1.00105
37 10 1.00105
37 11 1.00105
37 12 1.00105
37 13 1.00105
37 14 1.00105
37 15 1.00105
37 16 1.00105
37 17 1.00105
37 18 1.00104
37 19 1.00104
37 20 1.00104
37 21 1.00103
37 22 1.00102
37 23 1.00102
37 24 1.00101
37 25 1.001
37 26 1.00099
37 27 1.00098
37 28 1.00096
37 29 1.00095
37 30 1.00093
37 31 1.00091
37 32 1.00089
37 33 1.00087
37 34 1.00084
37 35 1.00082
37 36 1.00079
37 37 1.00076
37 38 1.00073
37 39 1.00069
37 40 1.00066
37 41 1.00062
37 42 1.00058
37 43 1.00054
37 44 1.0005
37 45 1.00045
37 46 1.00041
37 47 1.00036
37 48 1.00032
37 49 1.00027
37 50 1.00022
37 51 1.00017
37 52 1.00012
37 53 1.00007
37 54 1.00002
37 55 0.999976
37 56 0.999927
37 57 0.99988
37 58 0.999833
37 59 0.999787
37 60 0.999742
37 61 0.999699
37 62 0.999657
37 63 0.999617
37 64 0.999578
37 65 0.999541
37 66 0.999506
37 67 0.999474
37 68 0.999443
37 69 0.999415
37 70 0.999389
37 71 0.999365
37 72 0.999344
37 73 0.999325
37 74 0.999309
37 75 0.999295
37 76 0.999284
37 77 0.999275
37 78 0.99927
37 79 0.999266
37 80 0.999266
37 81 0.999268
37 82 0.999272
37 83 0.99928
37 84 0.999289
37 85 0.999302
37 86 0.999317
37 87 0.999334
37 88 0.999354
37 89 0.999376
37 90 0.9994
37 91 0.999426
37 92 0.999455
37 93 0.999486
37 94 0.999519
37 95 0.999553
37 96 0.99959
37 97 0.999628
37 98 0.999668
37 99 0.999709
37 100 0.999751
37 101 0.999795
37 102 0.999839
37 103 0.999885
37 104 0.999931
37 105 0.999977
37 106 1.00002
37 107 1.00007
37 108 1.00012
37 109 1.00016
37 110 1.00021
37 111 1.00026
37 112 1.0003
37 113 1.00034
37 114 1.00038
37 115 1.00042
37 116 1.00046
37 117 1.0005
37 118 1.00053
37 119 1.00057
37 120 1.0006
37 121 1.00063
37 122 1.00066
37 123 1.00069
37 124 1.00072
37 125 1.00075
37 126 1.00078
37 127 1.00082

38 0 0
38 1 1.00103
38 2 1.00103
38 3 1.00103
38 4 1.00104
38 5 1.00104
38 6 1.00104
38 7 1.00104
38 8 1.00104
38 9 1.00104
38 10 1.00105
38 11 1.00105
38 12 1.00105
38 13 1.00105
38 14 1.00105
38 15 1.00104
38 16 1.00104
38 17 1.00104
38 18 1.00104
38 19 1.00103
38 20 1.00103
38 21 1.00102
38 22 1.00102
38 23 1.00101
38 24 1.001
38 25 1.00099
38 26 1.00098
38 27 1.00096
38 28 1.00095
38 29 1.00093
38 30 1.00091
38 31 1.00089
38 32 1.00087
38 33 1.00085
38 34 1.00082
38 35 1.0008
38 36 1.00077
38 37 1.00073
38 38 1.0007
38 39 1.00067
38 40 1.00063
38 41 1.00059
38 42 1.00055
38 43 1.00051
38 44 1.00046
38 45 1.00042
38 46 1.00037
38 47 1.00032
38 48 1.00027
38 49 1.00022
38 50 1.00017
38 51 1.00012
38 52 1.00007
38 53 1.00002
38 54 0.999969
38 55 0.999919
38 56 0.999869
38 57 0.99982
38 58 0.999772
38 59 0.999725
38 60 0.999679
38 61 0.999635
38 62 0.999592
38 63 0.999551
38 64 0.999512
38 65 0.999474
38 66 0.999439
38 67 0.999406
38 68 0.999375
38 69 0.999346
38 70 0.99932
38 71 0.999296
38 72 0.999275
38 73 0.999256
38 74 0.99924
38 75 0.999227
38 76 0.999216
38 77 0.999208
38 78 0.999203
38 79 0.9992
38 80 0.9992
38 81 0.999202
38 82 0.999208
38 83 0.999216
38 84 0.999226
38 85 0.999239
38 86 0.999255
38 87 0.999273
38 88 0.999294
38 89 0.999317
38 90 0.999342
38 91 0.999369
38 92 0.999399
38 93 0.999431
38 94 0.999465
38 95 0.9995
38 96 0.999538
38 97 0.999577
38 98 0.999617
38 99 0.999659
38 100 0.999702
38 101 0.999747
38 102 0.999792
38 103 0.999838
38 104 0.999885
38 105 0.999932
38 106 0.999979
38 107 1.00003
38 108 1.00007
38 109 1.00012
38 110 1.00017
38 111 1.00021
38 112 1.00026
38 113 1.0003
38 114 1.00034
38 115 1.00038
38 116 1.00042
38 117 1.00045
38 118 1.00049
38 119 1.00052
38 120 1.00055
38 121 1.00058
38 122 1.00061
38 123 1.00064
38 124 1.00067
38 125 1.0007
38 126 1.00073
38 127 1.00077

39 0 0
39 1 1.00102
39 2 1.00103
39 3 1.00103
39 4 1.00103
39 5 1.00103
39 6 1.00104
39 7 1.00104
39 8 1.00104
39 9 1.00104
39 10 1.00104
39 11 1.00104
39 12 1.00104
39 13 1.00104
39 14 1.00104
39 15 1.00104
39 16 1.00104
39 17 1.00103
39 18 1.00103
39 19 1.00103
39 20 1.00102
39 21 1.00101
39 22 1.00101
39 23 1.001
39 24 1.00099
39 25 1.00098
39 26 1.00097
39 27 1.00095
39 28 1.00094
39 29 1.00092
39 30 1.0009
39 31 1.00088
39 32 1.00086
39 33 1.00083
39 34 1.0008
39 35 1.00077
39 36 1.00074
39 37 1.00071
39 38 1.00068
39 39 1.00064
39 40 1.0006
39 41 1.00056
39 42 1.00051
39 43 1.00047
39 44 1.00042
39 45 1.00038
39 46 1.00033
39 47 1.00028
39 48 1.00023
39 49 1.00018
39 50 1.00012
39 51 1.00007
39 52 1.00002
39 53 0.999965
39 54 0.999913
39 55 0.999861
39 56 0.99981
39 57 0.999759
39 58 0.99971
39 59 0.999662
39 60 0.999615
39 61 0.99957
39 62 0.999526
39 63 0.999484
39 64 0.999444
39 65 0.999406
39 66 0.99937
39 67 0.999337
39 68 0.999306
39 69 0.999277
39 70 0.999251
39 71 0.999227
39 72 0.999206
39 73 0.999187
39 74 0.999171
39 75 0.999158
39 76 0.999147
39 77 0.99914
39 78 0.999135
39 79 0.999132
39 80 0.999133
39 81 0.999136
39 82 0.999142
39 83 0.999151
39 84 0.999162
39 85 0.999176
39 86 0.999192
39 87 0.999211
39 88 0.999233
39 89 0.999256
39 90 0.999282
39 91 0.999311
39 92 0.999341
39 93 0.999374
39 94 0.999409
39 95 0.999445
39 96 0.999483
39 97 0.999523
39 98 0.999565
39 99 0.999607
39 100 0.999651
39 101 0.999696
39 102 0.999742
39 103 0.999789
39 104 0.999836
39 105 0.999884
39 106 0.999931
39 107 0.999979
39 108 1.00003
39 109 1.00007
39 110 1.00012
39 111 1.00016
39 112 1.00021
39 113 1.00025
39 114 1.00029
39 115 1.00033
39 116 1.00037
39 117 1.00041
39 118 1.00044
39 119 1.00047
39 120 1.0005
39 121 1.00053
39 122 1.00056
39 123 1.00059
39 124 1.00062
39 125 1.00065
39 126 1.00068
39 127 1.00072

40 0 0
40 1 1.00102
40 2 1.00102
40 3 1.00102
40 4 1.00103
40 5 1.00103
40 6 1.00103
40 7 1.00103
40 8 1.00103
40 9 1.00103
40 10 1.00103
40 11 1.00104
40 12 1.00104
40 13 1.00103
40 14 1.00103
40 15 1.00103
40 16 1.00103
40 17 1.00103
40 18 1.00102
40 19 1.00102
40 20 1.00101
40 21 1.00101
40 22 1.001
40 23 1.00099
40 24 1.00098
40 25 1.00097
40 26 1.00095
40 27 1.00094
40 28 1.00092
40 29 1.0009
40 30 1.00088
40 31 1.00086
40 32 1.00084
40 33 1.00081
40 34 1.00078
40 35 1.00075
40 36 1.00072
40 37 1.00068
40 38 1.00065
40 39 1.00061
40 40 1.00057
40 41 1.00052
40 42 1.00048
40 43 1.00043
40 44 1.00039
40 45 1.00034
40 46 1.00028
40 47 1.00023
40 48 1.00018
40 49 1.00013
40 50 1.00007
40 51 1.00002
40 52 0.999964
40 53 0.999909
40 54 0.999855
40 55 0.999802
40 56 0.999749
40 57 0.999698
40 58 0.999647
40 59 0.999598
40 60 0.99955
40 61 0.999504
40 62 0.999459
40 63 0.999416
40 64 0.999376
40 65 0.999337
40 66 0.999301
40 67 0.999267
40 68 0.999236
40 69 0.999207
40 70 0.99918
40 71 0.999156
40 72 0.999135
40 73 0.999117
40 74 0.999101
40 75 0.999088
40 76 0.999078
40 77 0.999071
40 78 0.999066
40 79 0.999064
40 80 0.999065
40 81 0.999069
40 82 0.999075
40 83 0.999085
40 84 0.999097
40 85 0.999111
40 86 0.999128
40 87 0.999148
40 88 0.99917
40 89 0.999195
40 90 0.999222
40 91 0.999251
40 92 0.999282
40 93 0.999316
40 94 0.999351
40 95 0.999388
40 96 0.999427
40 97 0.999468
40 98 0.99951
40 99 0.999553
40 100 0.999598
40 101 0.999644
40 102 0.99969
40 103 0.999737
40 104 0.999785
40 105 0.999833
40 106 0.999881
40 107 0.999929
40 108 0.999977
40 109 1.00002
40 110 1.00007
40 111 1.00012
40 112 1.00016
40 113 1.0002
40 114 1.00024
40 115 1.00028
40 116 1.00032
40 117 1.00035
40 118 1.00039
40 119 1.00042
40 120 1.00045
40 121 1.00048
40 122 1.00051
40 123 1.00054
40 124 1.00057
40 125 1.0006
40 126 1.00063
40 127 1.00066

41 0 0
41 1 1.00101
41 2 1.00102
41 3 1.00102
41 4 1.00102
41 5 1.00102
41 6 1.00103
41 7 1.00103
41 8 1.00103
41 9 1.00103
41 10 1.00103
41 11 1.00103
41 12 1.00103
41 13 1.00103
41 14 1.00103
41 15 1.00103
41 16 1.00102
41 17 1.00102
41 18 1.00102
41 19 1.00101
41 20 1.00101
41 21 1.001
41 22 1.00099
41 23 1.00098
41 24 1.00097
41 25 1.00096
41 26 1.00094
41 27 1.00093
41 28 1.00091
41 29 1.00089
41 30 1.00087
41 31 1.00085
41 32 1.00082
41 33 1.00079
41 34 1.00076
41 35 1.00073
41 36 1.0007
41 37 1.00066
41 38 1.00062
41 39 1.00058
41 40 1.00054
41 41 1.00049
41 42 1.00044
41 43 1.0004
41 44 1.00035
41 45 1.00029
41 46 1.00024
41 47 1.00019
41 48 1.00013
41 49 1.00008
41 50 1.00002
41 51 0.999965
41 52 0.999908
41 53 0.999852
41 54 0.999797
41 55 0.999742
41 56 0.999688
41 57 0.999635
41 58 0.999583
41 59 0.999533
41 60 0.999484
41 61 0.999437
41 62 0.999391
41 63 0.999348
41 64 0.999307
41 65 0.999268
41 66 0.999231
41 67 0.999197
41 68 0.999165
41 69 0.999136
41 70 0.999109
41 71 0.999086
41 72 0.999065
41 73 0.999046
41 74 0.999031
41 75 0.999018
41 76 0.999008
41 77 0.999001
41 78 0.998997
41 79 0.998995
41 80 0.998997
41 81 0.999001
41 82 0.999008
41 83 0.999018
41 84 0.99903
41 85 0.999046
41 86 0.999063
41 87 0.999084
41 88 0.999107
41 89 0.999132
41 90 0.99916
41 91 0.99919
41 92 0.999222
41 93 0.999256
41 94 0.999292
41 95 0.99933
41 96 0.99937
41 97 0.999411
41 98 0.999454
41 99 0.999498
41 100 0.999543
41 101 0.999589
41 102 0.999636
41 103 0.999684
41 104 0.999732
41 105 0.99978
41 106 0.999829
41 107 0.999877
41 108 0.999924
41 109 0.999971
41 110 1.00002
41 111 1.00006
41 112 1.00011
41 113 1.00015
41 114 1.00019
41 115 1.00023
41 116 1.00027
41 117 1.0003
41 118 1.00033
41 119 1.00037
41 120 1.0004
41 121 1.00043
41 122 1.00045
41 123 1.00048
41 124 1.00051
41 125 1.00054
41 126 1.00057
41 127 1.0006

42 0 0
42 1 1.00101
42 2 1.00101
42 3 1.00101
42 4 1.00102
42 5 1.00102
42 6 1.00102
42 7 1.00102
42 8 1.00102
42 9 1.00102
42 10 1.00102
42 11 1.00102
42 12 1.00102
42 13 1.00102
42 14 1.00102
42 15 1.00102
42 16 1.00102
42 17 1.00101
42 18 1.00101
42 19 1.001
42 20 1.001
42 21 1.00099
42 22 1.00098
42 23 1.00097
42 24 1.00096
42 25 1.00095
42 26 1.00093
42 27 1.00092
42 28 1.0009
42 29 1.00088
42 30 1.00085
42 31 1.00083
42 32 1.0008
42 33 1.00077
42 34 1.00074
42 35 1.00071
42 36 1.00067
42 37 1.00063
42 38 1.00059
42 39 1.00055
42 40 1.0005
42 41 1.00046
42 42 1.00041
42 43 1.00036
42 44 1.00031
42 45 1.00025
42 46 1.0002
42 47 1.00014
42 48 1.00008
42 49 1.00003
42 50 0.999968
42 51 0.99991
42 52 0.999852
42 53 0.999795
42 54 0.999738
42 55 0.999681
42 56 0.999626
42 57 0.999572
42 58 0.999519
42 59 0.999467
42 60 0.999417
42 61 0.999369
42 62 0.999323
42 63 0.999279
42 64 0.999237
42 65 0.999198
42 66 0.999161
42 67 0.999126
42 68 0.999094
42 69 0.999065
42 70 0.999038
42 71 0.999015
42 72 0.998993
42 73 0.998975
42 74 0.99896
42 75 0.998947
42 76 0.998938
42 77 0.998931
42 78 0.998927
42 79 0.998926
42 80 0.998928
42 81 0.998933
42 82 0.99894
42 83 0.998951
42 84 0.998964
42 85 0.998979
42 86 0.998998
42 87 0.999019
42 88 0.999042
42 89 0.999068
42 90 0.999097
42 91 0.999127
42 92 0.99916
42 93 0.999195
42 94 0.999232
42 95 0.99927
42 96 0.999311
42 97 0.999353
42 98 0.999396
42 99 0.999441
42 100 0.999486
42 101 0.999533
42 102 0.99958
42 103 0.999628
42 104 0.999677
42 105 0.999725
42 106 0.999774
42 107 0.999822
42 108 0.99987
42 109 0.999917
42 110 0.999963
42 111 1.00001
42 112 1.00005
42 113 1.00009
42 114 1.00013
42 115 1.00017
42 116 1.00021
42 117 1.00024
42 118 1.00028
42 119 1.00031
42 120 1.00034
42 121 1.00037
42 122 1.0004
42 123 1.00042
42 124 1.00045
42 125 1.00048
42 126 1.00051
42 127 1.00054

43 0 0
43 1 1.00101
43 2 1.00101
43 3 1.00101
43 4 1.00101
43 5 1.00101
43 6 1.00102
43 7 1.00102
43 8 1.00102
43 9 1.00102
43 10 1.00102
43 11 1.00102
43 12 1.00102
43 13 1.00102
43 14 1.00102
43 15 1.00101
43 16 1.00101
43 17 1.00101
43 18 1.001
43 19 1.001
43 20 1.00099
43 21 1.00098
43 22 1.00097
43 23 1.00096
43 24 1.00095
43 25 1.00094
43 26 1.00092
43 27 1.0009
43 28 1.00088
43 29 1.00086
43 30 1.00084
43 31 1.00081
43 32 1.00078
43 33 1.00075
43 34 1.00072
43 35 1.00068
43 36 1.00065
43 37 1.00061
43 38 1.00056
43 39 1.00052
43 40 1.00047
43 41 1.00042
43 42 1.00037
43 43 1.00032
43 44 1.00026
43 45 1.00021
43 46 1.00015
43 47 1.00009
43 48 1.00003
43 49 0.999975
43 50 0.999915
43 51 0.999855
43 52 0.999796
43 53 0.999737
43 54 0.999678
43 55 0.99962
43 56 0.999563
43 57 0.999508
43 58 0.999454
43 59 0.999401
43 60 0.99935
43 61 0.999301
43 62 0.999255
43 63 0.99921
43 64 0.999168
43 65 0.999128
43 66 0.99909
43 67 0.999056
43 68 0.999023
43 69 0.998994
43 70 0.998967
43 71 0.998943
43 72 0.998922
43 73 0.998904
43 74 0.998889
43 75 0.998877
43 76 0.998867
43 77 0.998861
43 78 0.998857
43 79 0.998857
43 80 0.998859
43 81 0.998864
43 82 0.998872
43 83 0.998883
43 84 0.998897
43 85 0.998913
43 86 0.998932
43 87 0.998954
43 88 0.998978
43 89 0.999004
43 90 0.999033
43 91 0.999064
43 92 0.999098
43 93 0.999133
43 94 0.99917
43 95 0.99921
43 96 0.999251
43 97 0.999293
43 98 0.999337
43 99 0.999382
43 100 0.999428
43 101 0.999475
43 102 0.999523
43 103 0.999571
43 104 0.99962
43 105 0.999669
43 106 0.999717
43 107 0.999766
43 108 0.999813
43 109 0.99986
43 110 0.999906
43 111 0.999951
43 112 0.999995
43 113 1.00004
43 114 1.00008
43 115 1.00012
43 116 1.00015
43 117 1.00019
43 118 1.00022
43 119 1.00025
43 120 1.00028
43 121 1.00031
43 122 1.00034
43 123 1.00036
43 124 1.00039
43 125 1.00042
43 126 1.00045
43 127 1.00048

44 0 0
44 1 1.001
44 2 1.001
44 3 1.00101
44 4 1.00101
44 5 1.00101
44 6 1.00101
44 7 1.00101
44 8 1.00101
44 9 1.00101
44 10 1.00101
44 11 1.00101
44 12 1.00101
44 13 1.00101
44 14 1.00101
44 15 1.00101
44 16 1.00101
44 17 1.001
44 18 1.001
44 19 1.00099
44 20 1.00098
44 21 1.00097
44 22 1.00096
44 23 1.00095
44 24 1.00094
44 25 1.00092
44 26 1.00091
44 27 1.00089
44 28 1.00087
44 29 1.00085
44 30 1.00082
44 31 1.00079
44 32 1.00076
44 33 1.00073
44 34 1.0007
44 35 1.00066
44 36 1.00062
44 37 1.00058
44 38 1.00053
44 39 1.00049
44 40 1.00044
44 41 1.00039
44 42 1.00033
44 43 1.00028
44 44 1.00022
44 45 1.00016
44 46 1.00011
44 47 1.00005
44 48 0.999984
44 49 0.999923
44 50 0.999862
44 51 0.9998
44 52 0.999739
44 53 0.999678
44 54 0.999618
44 55 0.999558
44 56 0.9995
44 57 0.999444
44 58 0.999388
44 59 0.999335
44 60 0.999283
44 61 0.999234
44 62 0.999186
44 63 0.999141
44 64 0.999098
44 65 0.999058
44 66 0.99902
44 67 0.998985
44 68 0.998953
44 69 0.998923
44 70 0.998897
44 71 0.998873
44 72 0.998852
44 73 0.998834
44 74 0.998819
44 75 0.998807
44 76 0.998797
44 77 0.998791
44 78 0.998788
44 79 0.998788
44 80 0.99879
44 81 0.998796
44 82 0.998804
44 83 0.998816
44 84 0.99883
44 85 0.998846
44 86 0.998866
44 87 0.998888
44 88 0.998913
44 89 0.99894
44 90 0.998969
44 91 0.999001
44 92 0.999035
44 93 0.999071
44 94 0.999109
44 95 0.999148
44 96 0.99919
44 97 0.999233
44 98 0.999277
44 99 0.999322
44 100 0.999369
44 101 0.999416
44 102 0.999464
44 103 0.999513
44 104 0.999562
44 105 0.99961
44 106 0.999659
44 107 0.999707
44 108 0.999755
44 109 0.999802
44 110 0.999848
44 111 0.999893
44 112 0.999936
44 113 0.999978
44 114 1.00002
44 115 1.00006
44 116 1.00009
44 117 1.00013
44 118 1.00016
44 119 1.00019
44 120 1.00022
44 121 1.00025
44 122 1.00028
44 123 1.0003
44 124 1.00033
44 125 1.00036
44 126 1.00039
44 127 1.00041

45 0 0
45 1 1.001
45 2 1.001
45 3 1.001
45 4 1.001
45 5 1.001
45 6 1.00101
45 7 1.00101
45 8 1.00101
45 9 1.00101
45 10 1.00101
45 11 1.00101
45 12 1.00101
45 13 1.00101
45 14 1.00101
45 15 1.001
45 16 1.001
45 17 1.00099
45 18 1.00099
45 19 1.00098
45 20 1.00097
45 21 1.00097
45 22 1.00096
45 23 1.00094
45 24 1.00093
45 25 1.00091
45 26 1.0009
45 27 1.00088
45 28 1.00086
45 29 1.00083
45 30 1.00081
45 31 1.00078
45 32 1.00075
45 33 1.00071
45 34 1.00068
45 35 1.00064
45 36 1.00059
45 37 1.00055
45 38 1.0005
45 39 1.00046
45 40 1.0004
45 41 1.00035
45 42 1.0003
45 43 1.00024
45 44 1.00018
45 45 1.00012
45 46 1.00006
45 47 0.999997
45 48 0.999934
45 49 0.999871
45 50 0.999808
45 51 0.999744
45 52 0.999681
45 53 0.999619
45 54 0.999557
45 55 0.999497
45 56 0.999437
45 57 0.99938
45 58 0.999323
45 59 0.999269
45 60 0.999216
45 61 0.999166
45 62 0.999118
45 63 0.999072
45 64 0.999029
45 65 0.998988
45 66 0.99895
45 67 0.998915
45 68 0.998883
45 69 0.998853
45 70 0.998826
45 71 0.998802
45 72 0.998782
45 73 0.998764
45 74 0.998749
45 75 0.998737
45 76 0.998728
45 77 0.998722
45 78 0.998719
45 79 0.998719
45 80 0.998722
45 81 0.998728
45 82 0.998737
45 83 0.998748
45 84 0.998763
45 85 0.99878
45 86 0.9988
45 87 0.998822
45 88 0.998847
45 89 0.998875
45 90 0.998905
45 91 0.998937
45 92 0.998971
45 93 0.999008
45 94 0.999046
45 95 0.999086
45 96 0.999128
45 97 0.999171
45 98 0.999216
45 99 0.999262
45 100 0.999308
45 101 0.999356
45 102 0.999404
45 103 0.999453
45 104 0.999502
45 105 0.999551
45 106 0.9996
45 107 0.999648
45 108 0.999696
45 109 0.999742
45 110 0.999788
45 111 0.999833
45 112 0.999876
45 113 0.999917
45 114 0.999957
45 115 0.999994
45 116 1.00003
45 117 1.00006
45 118 1.0001
45 119 1.00013
45 120 1.00016
45 121 1.00018
45 122 1.00021
45 123 1.00024
45 124 1.00027
45 125 1.00029
45 126 1.00032
45 127 1.00035

46 0 0
46 1 1.00099
46 2 1.00099
46 3 1.001
46 4 1.001
46 5 1.001
46 6 1.001
46 7 1.001
46 8 1.001
46 9 1.001
46 10 1.001
46 11 1.001
46 12 1.001
46 13 1.001
46 14 1.001
46 15 1.001
46 16 1.00099
46 17 1.00099
46 18 1.00098
46 19 1.00098
46 20 1.00097
46 21 1.00096
46 22 1.00095
46 23 1.00093
46 24 1.00092
46 25 1.0009
46 26 1.00088
46 27 1.00086
46 28 1.00084
46 29 1.00082
46 30 1.00079
46 31 1.00076
46 32 1.00073
46 33 1.00069
46 34 1.00065
46 35 1.00061
46 36 1.00057
46 37 1.00052
46 38 1.00047
46 39 1.00042
46 40 1.00037
46 41 1.00032
46 42 1.00026
46 43 1.0002
46 44 1.00014
46 45 1.00008
46 46 1.00001
46 47 0.999949
46 48 0.999884
46 49 0.999819
46 50 0.999754
46 51 0.999689
46 52 0.999624
46 53 0.99956
46 54 0.999497
46 55 0.999435
46 56 0.999375
46 57 0.999316
46 58 0.999259
46 59 0.999203
46 60 0.99915
46 61 0.999099
46 62 0.99905
46 63 0.999004
46 64 0.998961
46 65 0.99892
46 66 0.998881
46 67 0.998846
46 68 0.998813
46 69 0.998783
46 70 0.998757
46 71 0.998733
46 72 0.998712
46 73 0.998694
46 74 0.998679
46 75 0.998668
46 76 0.998659
46 77 0.998653
46 78 0.998651
46 79 0.998651
46 80 0.998654
46 81 0.99866
46 82 0.998669
46 83 0.998681
46 84 0.998696
46 85 0.998714
46 86 0.998734
46 87 0.998757
46 88 0.998782
46 89 0.99881
46 90 0.998841
46 91 0.998873
46 92 0.998908
46 93 0.998945
46 94 0.998983
46 95 0.999024
46 96 0.999066
46 97 0.999109
46 98 0.999154
46 99 0.9992
46 100 0.999247
46 101 0.999295
46 102 0.999344
46 103 0.999392
46 104 0.999441
46 105 0.99949
46 106 0.999539
46 107 0.999587
46 108 0.999635
46 109 0.999681
46 110 0.999727
46 111 0.999771
46 112 0.999814
46 113 0.999855
46 114 0.999894
46 115 0.999932
46 116 0.999967
46 117 1
46 118 1.00003
46 119 1.00006
46 120 1.00009
46 121 1.00012
46 122 1.00015
46 123 1.00017
46 124 1.0002
46 125 1.00023
46 126 1.00025
46 127 1.00028

47 0 0
47 1 1.00099
47 2 1.00099
47 3 1.00099
47 4 1.00099
47 5 1.001
47 6 1.001
47 7 1.001
47 8 1.001
47 9 1.001
47 10 1.001
47 11 1.001
47 12 1.001
47 13 1.001
47 14 1.00099
47 15 1.00099
47 16 1.00099
47 17 1.00098
47 18 1.00098
47 19 1.00097
47 20 1.00096
47 21 1.00095
47 22 1.00094
47 23 1.00092
47 24 1.00091
47 25 1.00089
47 26 1.00087
47 27 1.00085
47 28 1.00083
47 29 1.0008
47 30 1.00077
47 31 1.00074
47 32 1.00071
47 33 1.00067
47 34 1.00063
47 35 1.00059
47 36 1.00054
47 37 1.0005
47 38 1.00045
47 39 1.00039
47 40 1.00034
47 41 1.00028
47 42 1.00022
47 43 1.00016
47 44 1.0001
47 45 1.00003
47 46 0.999966
47 47 0.9999
47 48 0.999834
47 49 0.999767
47 50 0.9997
47 51 0.999633
47 52 0.999567
47 53 0.999502
47 54 0.999437
47 55 0.999374
47 56 0.999312
47 57 0.999252
47 58 0.999194
47 59 0.999138
47 60 0.999084
47 61 0.999033
47 62 0.998983
47 63 0.998937
47 64 0.998893
47 65 0.998852
47 66 0.998813
47 67 0.998777
47 68 0.998745
47 69 0.998715
47 70 0.998688
47 71 0.998664
47 72 0.998644
47 73 0.998626
47 74 0.998611
47 75 0.9986
47 76 0.998591
47 77 0.998586
47 78 0.998583
47 79 0.998584
47 80 0.998587
47 81 0.998594
47 82 0.998603
47 83 0.998615
47 84 0.99863
47 85 0.998648
47 86 0.998669
47 87 0.998692
47 88 0.998718
47 89 0.998746
47 90 0.998777
47 91 0.998809
47 92 0.998845
47 93 0.998882
47 94 0.998921
47 95 0.998961
47 96 0.999004
47 97 0.999047
47 98 0.999093
47 99 0.999139
47 100 0.999186
47 101 0.999234
47 102 0.999282
47 103 0.999331
47 104 0.99938
47 105 0.999429
47 106 0.999478
47 107 0.999526
47 108 0.999573
47 109 0.99962
47 110 0.999665
47 111 0.999709
47 112 0.999751
47 113 0.999792
47 114 0.999831
47 115 0.999868
47 116 0.999903
47 117 0.999937
47 118 0.999969
47 119 0.999999
47 120 1.00003
47 121 1.00006
47 122 1.00008
47 123 1.00011
47 124 1.00013
47 125 1.00016
47 126 1.00019
47 127 1.00021

48 0 0
48 1 1.00098
48 2 1.00099
48 3 1.00099
48 4 1.00099
48 5 1.00099
48 6 1.00099
48 7 1.00099
48 8 1.00099
48 9 1.001
48 10 1.00099
48 11 1.00099
48 12 1.00099
48 13 1.00099
48 14 1.00099
48 15 1.00098
48 16 1.00098
48 17 1.00098
48 18 1.00097
48 19 1.00096
48 20 1.00095
48 21 1.00094
48 22 1.00093
48 23 1.00091
48 24 1.0009
48 25 1.00088
48 26 1.00086
48 27 1.00084
48 28 1.00081
48 29 1.00079
48 30 1.00076
48 31 1.00072
48 32 1.00069
48 33 1.00065
48 34 1.00061
48 35 1.00056
48 36 1.00052
48 37 1.00047
48 38 1.00042
48 39 1.00036
48 40 1.0003
48 41 1.00024
48 42 1.00018
48 43 1.00012
48 44 1.00005
48 45 0.999987
48 46 0.99992
48 47 0.999852
48 48 0.999783
48 49 0.999715
48 50 0.999646
48 51 0.999578
48 52 0.99951
48 53 0.999443
48 54 0.999378
48 55 0.999313
48 56 0.999251
48 57 0.99919
48 58 0.999131
48 59 0.999074
48 60 0.999019
48 61 0.998967
48 62 0.998918
48 63 0.99887
48 64 0.998826
48 65 0.998785
48 66 0.998746
48 67 0.99871
48 68 0.998677
48 69 0.998648
48 70 0.998621
48 71 0.998597
48 72 0.998576
48 73 0.998559
48 74 0.998544
48 75 0.998533
48 76 0.998524
48 77 0.998519
48 78 0.998517
48 79 0.998518
48 80 0.998521
48 81 0.998528
48 82 0.998538
48 83 0.99855
48 84 0.998565
48 85 0.998584
48 86 0.998604
48 87 0.998628
48 88 0.998654
48 89 0.998682
48 90 0.998713
48 91 0.998746
48 92 0.998782
48 93 0.998819
48 94 0.998858
48 95 0.998899
48 96 0.998941
48 97 0.998985
48 98 0.999031
48 99 0.999077
48 100 0.999124
48 101 0.999172
48 102 0.999221
48 103 0.99927
48 104 0.999319
48 105 0.999367
48 106 0.999416
48 107 0.999464
48 108 0.999511
48 109 0.999557
48 110 0.999602
48 111 0.999646
48 112 0.999688
48 113 0.999728
48 114 0.999767
48 115 0.999804
48 116 0.999839
48 117 0.999872
48 118 0.999903
48 119 0.999933
48 120 0.999962
48 121 0.999989
48 122 1.00002
48 123 1.00004
48 124 1.00007
48 125 1.00009
48 126 1.00012
48 127 1.00014

49 0 0
49 1 1.00098
49 2 1.00098
49 3 1.00098
49 4 1.00099
49 5 1.00099
49 6 1.00099
49 7 1.00099
49 8 1.00099
49 9 1.00099
49 10 1.00099
49 11 1.00099
49 12 1.00099
49 13 1.00099
49 14 1.00098
49 15 1.00098
49 16 1.00097
49 17 1.00097
49 18 1.00096
49 19 1.00095
49 20 1.00094
49 21 1.00093
49 22 1.00092
49 23 1.00091
49 24 1.00089
49 25 1.00087
49 26 1.00085
49 27 1.00083
49 28 1.0008
49 29 1.00077
49 30 1.00074
49 31 1.00071
49 32 1.00067
49 33 1.00063
49 34 1.00059
49 35 1.00054
49 36 1.00049
49 37 1.00044
49 38 1.00039
49 39 1.00033
49 40 1.00027
49 41 1.00021
49 42 1.00014
49 43 1.00008
49 44 1.00001
49 45 0.999943
49 46 0.999874
49 47 0.999804
49 48 0.999734
49 49 0.999663
49 50 0.999593
49 51 0.999523
49 52 0.999454
49 53 0.999386
49 54 0.999319
49 55 0.999254
49 56 0.99919
49 57 0.999128
49 58 0.999068
49 59 0.999011
49 60 0.998956
49 61 0.998903
49 62 0.998853
49 63 0.998805
49 64 0.998761
49 65 0.998719
49 66 0.99868
49 67 0.998644
49 68 0.998612
49 69 0.998582
49 70 0.998555
49 71 0.998531
49 72 0.998511
49 73 0.998493
49 74 0.998479
49 75 0.998467
49 76 0.998459
49 77 0.998454
49 78 0.998452
49 79 0.998453
49 80 0.998457
49 81 0.998464
49 82 0.998473
49 83 0.998486
49 84 0.998502
49 85 0.99852
49 86 0.998541
49 87 0.998565
49 88 0.998591
49 89 0.998619
49 90 0.99865
49 91 0.998684
49 92 0.998719
49 93 0.998757
49 94 0.998796
49 95 0.998837
49 96 0.99888
49 97 0.998924
49 98 0.998969
49 99 0.999015
49 100 0.999063
49 101 0.999111
49 102 0.999159
49 103 0.999208
49 104 0.999257
49 105 0.999305
49 106 0.999354
49 107 0.999401
49 108 0.999448
49 109 0.999494
49 110 0.999539
49 111 0.999582
49 112 0.999624
49 113 0.999664
49 114 0.999702
49 115 0.999739
49 116 0.999773
49 117 0.999806
49 118 0.999837
49 119 0.999867
49 120 0.999896
49 121 0.999923
49 122 0.999949
49 123 0.999975
49 124 1
49 125 1.00002
49 126 1.00005
49 127 1.00007

50 0 0
50 1 1.00098
50 2 1.00098
50 3 1.00098
50 4 1.00098
50 5 1.00098
50 6 1.00099
50 7 1.00099
50 8 1.00099
50 9 1.00099
50 10 1.00099
50 11 1.00098
50 12 1.00098
50 13 1.00098
50 14 1.00098
50 15 1.00097
50 16 1.00097
50 17 1.00096
50 18 1.00096
50 19 1.00095
50 20 1.00094
50 21 1.00093
50 22 1.00091
50 23 1.0009
50 24 1.00088
50 25 1.00086
50 26 1.00084
50 27 1.00081
50 28 1.00079
50 29 1.00076
50 30 1.00072
50 31 1.00069
50 32 1.00065
50 33 1.00061
50 34 1.00056
50 35 1.00052
50 36 1.00047
50 37 1.00041
50 38 1.00036
50 39 1.0003
50 40 1.00024
50 41 1.00017
50 42 1.00011
50 43 1.00004
50 44 0.99997
50 45 0.9999
50 46 0.999828
50 47 0.999757
50 48 0.999684
50 49 0.999612
50 50 0.99954
50 51 0.999469
50 52 0.999399
50 53 0.999329
50 54 0.999261
50 55 0.999195
50 56 0.99913
50 57 0.999067
50 58 0.999007
50 59 0.998949
50 60 0.998893
50 61 0.99884
50 62 0.998789
50 63 0.998742
50 64 0.998697
50 65 0.998655
50 66 0.998616
50 67 0.99858
50 68 0.998547
50 69 0.998517
50 70 0.998491
50 71 0.998467
50 72 0.998446
50 73 0.998429
50 74 0.998415
50 75 0.998404
50 76 0.998395
50 77 0.99839
50 78 0.998388
50 79 0.998389
50 80 0.998394
50 81 0.998401
50 82 0.998411
50 83 0.998423
50 84 0.998439
50 85 0.998457
50 86 0.998479
50 87 0.998502
50 88 0.998529
50 89 0.998558
50 90 0.998589
50 91 0.998622
50 92 0.998658
50 93 0.998695
50 94 0.998735
50 95 0.998776
50 96 0.998818
50 97 0.998863
50 98 0.998908
50 99 0.998954
50 100 0.999001
50 101 0.999049
50 102 0.999098
50 103 0.999146
50 104 0.999195
50 105 0.999243
50 106 0.999291
50 107 0.999339
50 108 0.999385
50 109 0.999431
50 110 0.999475
50 111 0.999518
50 112 0.99956
50 113 0.999599
50 114 0.999637
50 115 0.999673
50 116 0.999708
50 117 0.99974
50 118 0.999771
50 119 0.999801
50 120 0.999829
50 121 0.999856
50 122 0.999882
50 123 0.999907
50 124 0.999932
50 125 0.999956
50 126 0.999981
50 127 1

51 0 0
51 1 1.00097
51 2 1.00098
51 3 1.00098
51 4 1.00098
51 5 1.00098
51 6 1.00098
51 7 1.00098
51 8 1.00098
51 9 1.00098
51 10 1.00098
51 11 1.00098
51 12 1.00098
51 13 1.00098
51 14 1.00097
51 15 1.00097
51 16 1.00096
51 17 1.00096
51 18 1.00095
51 19 1.00094
51 20 1.00093
51 21 1.00092
51 22 1.0009
51 23 1.00089
51 24 1.00087
51 25 1.00085
51 26 1.00083
51 27 1.0008
51 28 1.00077
51 29 1.00074
51 30 1.00071
51 31 1.00067
51 32 1.00063
51 33 1.00059
51 34 1.00054
51 35 1.00049
51 36 1.00044
51 37 1.00039
51 38 1.00033
51 39 1.00027
51 40 1.0002
51 41 1.00014
51 42 1.00007
51 43 1
51 44 0.999929
51 45 0.999857
51 46 0.999783
51 47 0.99971
51 48 0.999636
51 49 0.999562
51 50 0.999489
51 51 0.999416
51 52 0.999344
51 53 0.999274
51 54 0.999205
51 55 0.999137
51 56 0.999072
51 57 0.999008
51 58 0.998947
51 59 0.998888
51 60 0.998832
51 61 0.998779
51 62 0.998728
51 63 0.99868
51 64 0.998635
51 65 0.998593
51 66 0.998554
51 67 0.998518
51 68 0.998485
51 69 0.998455
51 70 0.998428
51 71 0.998405
51 72 0.998384
51 73 0.998367
51 74 0.998353
51 75 0.998342
51 76 0.998334
51 77 0.998329
51 78 0.998327
51 79 0.998328
51 80 0.998332
51 81 0.998339
51 82 0.998349
51 83 0.998362
51 84 0.998378
51 85 0.998397
51 86 0.998418
51 87 0.998442
51 88 0.998468
51 89 0.998497
51 90 0.998528
51 91 0.998562
51 92 0.998597
51 93 0.998635
51 94 0.998674
51 95 0.998715
51 96 0.998758
51 97 0.998802
51 98 0.998847
51 99 0.998894
51 100 0.998941
51 101 0.998989
51 102 0.999037
51 103 0.999085
51 104 0.999134
51 105 0.999182
51 106 0.99923
51 107 0.999277
51 108 0.999323
51 109 0.999368
51 110 0.999412
51 111 0.999455
51 112 0.999496
51 113 0.999535
51 114 0.999572
51 115 0.999608
51 116 0.999642
51 117 0.999674
51 118 0.999705
51 119 0.999734
51 120 0.999762
51 121 0.999789
51 122 0.999815
51 123 0.99984
51 124 0.999864
51 125 0.999888
51 126 0.999912
51 127 0.999934

52 0 0
52 1 1.00097
52 2 1.00097
52 3 1.00097
52 4 1.00098
52 5 1.00098
52 6 1.00098
52 7 1.00098
52 8 1.00098
52 9 1.00098
52 10 1.00098
52 11 1.00098
52 12 1.00097
52 13 1.00097
52 14 1.00097
52 15 1.00096
52 16 1.00096
52 17 1.00095
52 18 1.00094
52 19 1.00093
52 20 1.00092
52 21 1.00091
52 22 1.0009
52 23 1.00088
52 24 1.00086
52 25 1.00084
52 26 1.00082
52 27 1.00079
52 28 1.00076
52 29 1.00073
52 30 1.00069
52 31 1.00065
52 32 1.00061
52 33 1.00057
52 34 1.00052
52 35 1.00047
52 36 1.00042
52 37 1.00036
52 38 1.0003
52 39 1.00024
52 40 1.00017
52 41 1.0001
52 42 1.00003
52 43 0.999961
52 44 0.999888
52 45 0.999814
52 46 0.999739
52 47 0.999664
52 48 0.999588
52 49 0.999513
52 50 0.999438
52 51 0.999364
52 52 0.999291
52 53 0.999219
52 54 0.999149
52 55 0.999081
52 56 0.999015
52 57 0.99895
52 58 0.998889
52 59 0.998829
52 60 0.998773
52 61 0.998719
52 62 0.998668
52 63 0.99862
52 64 0.998575
52 65 0.998532
52 66 0.998493
52 67 0.998457
52 68 0.998424
52 69 0.998395
52 70 0.998368
52 71 0.998344
52 72 0.998324
52 73 0.998307
52 74 0.998293
52 75 0.998282
52 76 0.998274
52 77 0.998269
52 78 0.998267
52 79 0.998268
52 80 0.998273
52 81 0.99828
52 82 0.99829
52 83 0.998303
52 84 0.998319
52 85 0.998337
52 86 0.998359
52 87 0.998383
52 88 0.998409
52 89 0.998438
52 90 0.998469
52 91 0.998503
52 92 0.998538
52 93 0.998576
52 94 0.998615
52 95 0.998656
52 96 0.998699
52 97 0.998743
52 98 0.998788
52 99 0.998834
52 100 0.998881
52 101 0.998928
52 102 0.998976
52 103 0.999025
52 104 0.999073
52 105 0.999121
52 106 0.999168
52 107 0.999215
52 108 0.999261
52 109 0.999306
52 110 0.999349
52 111 0.999391
52 112 0.999432
52 113 0.999471
52 114 0.999508
52 115 0.999543
52 116 0.999577
52 117 0.999609
52 118 0.999639
52 119 0.999668
52 120 0.999696
52 121 0.999722
52 122 0.999748
52 123 0.999773
52 124 0.999797
52 125 0.99982
52 126 0.999843
52 127 0.999864

53 0 0
53 1 1.00097
53 2 1.00097
53 3 1.00097
53 4 1.00097
53 5 1.00097
53 6 1.00097
53 7 1.00097
53 8 1.00097
53 9 1.00097
53 10 1.00097
53 11 1.00097
53 12 1.00097
53 13 1.00097
53 14 1.00096
53 15 1.00096
53 16 1.00095
53 17 1.00095
53 18 1.00094
53 19 1.00093
53 20 1.00092
53 21 1.0009
53 22 1.00089
53 23 1.00087
53 24 1.00085
53 25 1.00083
53 26 1.00081
53 27 1.00078
53 28 1.00075
53 29 1.00071
53 30 1.00068
53 31 1.00064
53 32 1.0006
53 33 1.00055
53 34 1.0005
53 35 1.00045
53 36 1.00039
53 37 1.00033
53 38 1.00027
53 39 1.00021
53 40 1.00014
53 41 1.00007
53 42 0.999997
53 43 0.999923
53 44 0.999849
53 45 0.999773
53 46 0.999696
53 47 0.999619
53 48 0.999542
53 49 0.999465
53 50 0.999389
53 51 0.999313
53 52 0.999239
53 53 0.999166
53 54 0.999095
53 55 0.999026
53 56 0.998959
53 57 0.998894
53 58 0.998832
53 59 0.998772
53 60 0.998715
53 61 0.998661
53 62 0.99861
53 63 0.998562
53 64 0.998516
53 65 0.998474
53 66 0.998435
53 67 0.998399
53 68 0.998366
53 69 0.998336
53 70 0.99831
53 71 0.998286
53 72 0.998266
53 73 0.998249
53 74 0.998235
53 75 0.998224
53 76 0.998216
53 77 0.998211
53 78 0.998209
53 79 0.998211
53 80 0.998215
53 81 0.998222
53 82 0.998232
53 83 0.998245
53 84 0.998261
53 85 0.99828
53 86 0.998301
53 87 0.998325
53 88 0.998352
53 89 0.99838
53 90 0.998412
53 91 0.998445
53 92 0.99848
53 93 0.998518
53 94 0.998557
53 95 0.998598
53 96 0.998641
53 97 0.998684
53 98 0.998729
53 99 0.998775
53 100 0.998822
53 101 0.998869
53 102 0.998917
53 103 0.998965
53 104 0.999013
53 105 0.99906
53 106 0.999107
53 107 0.999154
53 108 0.999199
53 109 0.999244
53 110 0.999287
53 111 0.999328
53 112 0.999369
53 113 0.999407
53 114 0.999444
53 115 0.999479
53 116 0.999512
53 117 0.999544
53 118 0.999574
53 119 0.999602
53 120 0.99963
53 121 0.999656
53 122 0.999682
53 123 0.999706
53 124 0.99973
53 125 0.999752
53 126 0.999774
53 127 0.999795

54 0 0
54 1 1.00096
54 2 1.00097
54 3 1.00097
54 4 1.00097
54 5 1.00097
54 6 1.00097
54 7 1.00097
54 8 1.00097
54 9 1.00097
54 10 1.00097
54 11 1.00097
54 12 1.00097
54 13 1.00096
54 14 1.00096
54 15 1.00095
54 16 1.00095
54 17 1.00094
54 18 1.00093
54 19 1.00092
54 20 1.00091
54 21 1.0009
54 22 1.00088
54 23 1.00086
54 24 1.00084
54 25 1.00082
54 26 1.00079
54 27 1.00077
54 28 1.00074
54 29 1.0007
54 30 1.00066
54 31 1.00062
54 32 1.00058
54 33 1.00053
54 34 1.00048
54 35 1.00043
54 36 1.00037
54 37 1.00031
54 38 1.00024
54 39 1.00018
54 40 1.00011
54 41 1.00004
54 42 0.999962
54 43 0.999887
54 44 0.99981
54 45 0.999732
54 46 0.999654
54 47 0.999575
54 48 0.999497
54 49 0.999418
54 50 0.999341
54 51 0.999264
54 52 0.999189
54 53 0.999115
54 54 0.999043
54 55 0.998973
54 56 0.998906
54 57 0.99884
54 58 0.998778
54 59 0.998717
54 60 0.99866
54 61 0.998606
54 62 0.998554
54 63 0.998506
54 64 0.99846
54 65 0.998418
54 66 0.998379
54 67 0.998343
54 68 0.99831
54 69 0.99828
54 70 0.998254
54 71 0.99823
54 72 0.99821
54 73 0.998193
54 74 0.998179
54 75 0.998168
54 76 0.99816
54 77 0.998156
54 78 0.998154
54 79 0.998155
54 80 0.99816
54 81 0.998167
54 82 0.998177
54 83 0.99819
54 84 0.998206
54 85 0.998225
54 86 0.998246
54 87 0.99827
54 88 0.998296
54 89 0.998325
54 90 0.998356
54 91 0.998389
54 92 0.998424
54 93 0.998462
54 94 0.998501
54 95 0.998542
54 96 0.998584
54 97 0.998628
54 98 0.998672
54 99 0.998718
54 100 0.998765
54 101 0.998812
54 102 0.998859
54 103 0.998907
54 104 0.998954
54 105 0.999001
54 106 0.999048
54 107 0.999094
54 108 0.999139
54 109 0.999183
54 110 0.999225
54 111 0.999267
54 112 0.999306
54 113 0.999344
54 114 0.999381
54 115 0.999415
54 116 0.999448
54 117 0.999479
54 118 0.999509
54 119 0.999538
54 120 0.999565
54 121 0.999591
54 122 0.999616
54 123 0.99964
54 124 0.999663
54 125 0.999686
54 126 0.999707
54 127 0.999727

55 0 0
55 1 1.00096
55 2 1.00096
55 3 1.00097
55 4 1.00097
55 5 1.00097
55 6 1.00097
55 7 1.00097
55 8 1.00097
55 9 1.00097
55 10 1.00097
55 11 1.00096
55 12 1.00096
55 13 1.00096
55 14 1.00095
55 15 1.00095
55 16 1.00094
55 17 1.00093
55 18 1.00093
55 19 1.00092
55 20 1.0009
55 21 1.00089
55 22 1.00087
55 23 1.00085
55 24 1.00083
55 25 1.00081
55 26 1.00078
55 27 1.00076
55 28 1.00072
55 29 1.00069
55 30 1.00065
55 31 1.00061
55 32 1.00056
55 33 1.00051
55 34 1.00046
55 35 1.0004
55 36 1.00034
55 37 1.00028
55 38 1.00022
55 39 1.00015
55 40 1.00008
55 41 1
55 42 0.999928
55 43 0.999851
55 44 0.999773
55 45 0.999693
55 46 0.999613
55 47 0.999533
55 48 0.999453
55 49 0.999373
55 50 0.999294
55 51 0.999217
55 52 0.99914
55 53 0.999066
55 54 0.998993
55 55 0.998922
55 56 0.998854
55 57 0.998788
55 58 0.998725
55 59 0.998665
55 60 0.998607
55 61 0.998552
55 62 0.998501
55 63 0.998452
55 64 0.998407
55 65 0.998364
55 66 0.998325
55 67 0.998289
55 68 0.998257
55 69 0.998227
55 70 0.9982
55 71 0.998177
55 72 0.998157
55 73 0.99814
55 74 0.998126
55 75 0.998115
55 76 0.998107
55 77 0.998103
55 78 0.998101
55 79 0.998102
55 80 0.998107
55 81 0.998114
55 82 0.998124
55 83 0.998137
55 84 0.998153
55 85 0.998171
55 86 0.998192
55 87 0.998216
55 88 0.998242
55 89 0.998271
55 90 0.998302
55 91 0.998335
55 92 0.99837
55 93 0.998408
55 94 0.998446
55 95 0.998487
55 96 0.998529
55 97 0.998572
55 98 0.998617
55 99 0.998662
55 100 0.998708
55 101 0.998755
55 102 0.998802
55 103 0.998849
55 104 0.998896
55 105 0.998943
55 106 0.998989
55 107 0.999035
55 108 0.999079
55 109 0.999123
55 110 0.999165
55 111 0.999206
55 112 0.999245
55 113 0.999282
55 114 0.999318
55 115 0.999352
55 116 0.999385
55 117 0.999416
55 118 0.999445
55 119 0.999474
55 120 0.999501
55 121 0.999526
55 122 0.999551
55 123 0.999575
55 124 0.999598
55 125 0.99962
55 126 0.99964
55 127 0.999659

56 0 0
56 1 1.00096
56 2 1.00096
56 3 1.00096
56 4 1.00096
56 5 1.00096
56 6 1.00096
56 7 1.00096
56 8 1.00096
56 9 1.00096
56 10 1.00096
56 11 1.00096
56 12 1.00096
56 13 1.00095
56 14 1.00095
56 15 1.00094
56 16 1.00094
56 17 1.00093
56 18 1.00092
56 19 1.00091
56 20 1.0009
56 21 1.00088
56 22 1.00087
56 23 1.00085
56 24 1.00083
56 25 1.0008
56 26 1.00078
56 27 1.00075
56 28 1.00071
56 29 1.00068
56 30 1.00064
56 31 1.00059
56 32 1.00055
56 33 1.0005
56 34 1.00044
56 35 1.00038
56 36 1.00032
56 37 1.00026
56 38 1.00019
56 39 1.00012
56 40 1.00005
56 41 0.999973
56 42 0.999895
56 43 0.999817
56 44 0.999737
56 45 0.999655
56 46 0.999574
56 47 0.999492
56 48 0.999411
56 49 0.99933
56 50 0.99925
56 51 0.999171
56 52 0.999094
56 53 0.999018
56 54 0.998945
56 55 0.998873
56 56 0.998805
56 57 0.998738
56 58 0.998675
56 59 0.998614
56 60 0.998556
56 61 0.998501
56 62 0.99845
56 63 0.998401
56 64 0.998356
56 65 0.998313
56 66 0.998274
56 67 0.998238
56 68 0.998205
56 69 0.998176
56 70 0.998149
56 71 0.998126
56 72 0.998106
56 73 0.998089
56 74 0.998075
56 75 0.998064
56 76 0.998057
56 77 0.998052
56 78 0.99805
56 79 0.998052
56 80 0.998056
56 81 0.998063
56 82 0.998073
56 83 0.998086
56 84 0.998102
56 85 0.99812
56 86 0.998141
56 87 0.998165
56 88 0.998191
56 89 0.99822
56 90 0.99825
56 91 0.998283
56 92 0.998318
56 93 0.998355
56 94 0.998394
56 95 0.998434
56 96 0.998476
56 97 0.998519
56 98 0.998563
56 99 0.998608
56 100 0.998654
56 101 0.9987
56 102 0.998747
56 103 0.998794
56 104 0.99884
56 105 0.998887
56 106 0.998932
56 107 0.998977
56 108 0.999022
56 109 0.999064
56 110 0.999106
56 111 0.999146
56 112 0.999185
56 113 0.999222
56 114 0.999257
56 115 0.999291
56 116 0.999323
56 117 0.999354
56 118 0.999383
56 119 0.999411
56 120 0.999438
56 121 0.999463
56 122 0.999488
56 123 0.999511
56 124 0.999534
56 125 0.999555
56 126 0.999575
56 127 0.999593

57 0 0
57 1 1.00096
57 2 1.00096
57 3 1.00096
57 4 1.00096
57 5 1.00096
57 6 1.00096
57 7 1.00096
57 8 1.00096
57 9 1.00096
57 10 1.00096
57 11 1.00096
57 12 1.00095
57 13 1.00095
57 14 1.00095
57 15 1.00094
57 16 1.00093
57 17 1.00092
57 18 1.00092
57 19 1.0009
57 20 1.00089
57 21 1.00088
57 22 1.00086
57 23 1.00084
57 24 1.00082
57 25 1.00079
57 26 1.00077
57 27 1.00074
57 28 1.0007
57 29 1.00066
57 30 1.00062
57 31 1.00058
57 32 1.00053
57 33 1.00048
57 34 1.00042
57 35 1.00036
57 36 1.0003
57 37 1.00024
57 38 1.00017
57 39 1.00009
57 40 1.00002
57 41 0.999943
57 42 0.999864
57 43 0.999784
57 44 0.999702
57 45 0.999619
57 46 0.999536
57 47 0.999453
57 48 0.99937
57 49 0.999288
57 50 0.999207
57 51 0.999127
57 52 0.999049
57 53 0.998973
57 54 0.998898
57 55 0.998827
57 56 0.998757
57 57 0.998691
57 58 0.998627
57 59 0.998566
57 60 0.998508
57 61 0.998453
57 62 0.998401
57 63 0.998352
57 64 0.998307
57 65 0.998265
57 66 0.998226
57 67 0.99819
57 68 0.998157
57 69 0.998128
57 70 0.998101
57 71 0.998078
57 72 0.998058
57 73 0.998041
57 74 0.998027
57 75 0.998016
57 76 0.998009
57 77 0.998004
57 78 0.998002
57 79 0.998004
57 80 0.998008
57 81 0.998015
57 82 0.998025
57 83 0.998038
57 84 0.998054
57 85 0.998072
57 86 0.998093
57 87 0.998116
57 88 0.998142
57 89 0.99817
57 90 0.998201
57 91 0.998234
57 92 0.998268
57 93 0.998305
57 94 0.998344
57 95 0.998384
57 96 0.998425
57 97 0.998468
57 98 0.998512
57 99 0.998556
57 100 0.998602
57 101 0.998648
57 102 0.998694
57 103 0.99874
57 104 0.998786
57 105 0.998832
57 106 0.998877
57 107 0.998922
57 108 0.998965
57 109 0.999008
57 110 0.999049
57 111 0.999088
57 112 0.999126
57 113 0.999163
57 114 0.999198
57 115 0.999231
57 116 0.999263
57 117 0.999293
57 118 0.999322
57 119 0.99935
57 120 0.999376
57 121 0.999401
57 122 0.999426
57 123 0.999449
57 124 0.999471
57 125 0.999492
57 126 0.999511
57 127 0.999528

58 0 0
58 1 1.00096
58 2 1.00096
58 3 1.00096
58 4 1.00096
58 5 1.00096
58 6 1.00096
58 7 1.00096
58 8 1.00096
58 9 1.00096
58 10 1.00095
58 11 1.00095
58 12 1.00095
58 13 1.00095
58 14 1.00094
58 15 1.00094
58 16 1.00093
58 17 1.00092
58 18 1.00091
58 19 1.0009
58 20 1.00089
58 21 1.00087
58 22 1.00085
58 23 1.00083
58 24 1.00081
58 25 1.00079
58 26 1.00076
58 27 1.00073
58 28 1.00069
58 29 1.00065
58 30 1.00061
58 31 1.00057
58 32 1.00052
58 33 1.00046
58 34 1.00041
58 35 1.00035
58 36 1.00028
58 37 1.00021
58 38 1.00014
58 39 1.00007
58 40 0.999993
58 41 0.999915
58 42 0.999834
58 43 0.999752
58 44 0.999669
58 45 0.999585
58 46 0.9995
58 47 0.999416
58 48 0.999332
58 49 0.999248
58 50 0.999166
58 51 0.999086
58 52 0.999006
58 53 0.998929
58 54 0.998855
58 55 0.998782
58 56 0.998712
58 57 0.998645
58 58 0.998581
58 59 0.99852
58 60 0.998462
58 61 0.998407
58 62 0.998355
58 63 0.998306
58 64 0.998261
58 65 0.998219
58 66 0.99818
58 67 0.998144
58 68 0.998111
58 69 0.998082
58 70 0.998056
58 71 0.998033
58 72 0.998013
58 73 0.997996
58 74 0.997982
58 75 0.997971
58 76 0.997964
58 77 0.997959
58 78 0.997957
58 79 0.997958
58 80 0.997963
58 81 0.99797
58 82 0.99798
58 83 0.997992
58 84 0.998008
58 85 0.998026
58 86 0.998047
58 87 0.99807
58 88 0.998096
58 89 0.998124
58 90 0.998154
58 91 0.998187
58 92 0.998221
58 93 0.998257
58 94 0.998295
58 95 0.998335
58 96 0.998376
58 97 0.998419
58 98 0.998462
58 99 0.998506
58 100 0.998551
58 101 0.998597
58 102 0.998642
58 103 0.998688
58 104 0.998734
58 105 0.998779
58 106 0.998824
58 107 0.998868
58 108 0.998911
58 109 0.998953
58 110 0.998993
58 111 0.999032
58 112 0.99907
58 113 0.999106
58 114 0.99914
58 115 0.999173
58 116 0.999204
58 117 0.999234
58 118 0.999263
58 119 0.99929
58 120 0.999316
58 121 0.999341
58 122 0.999365
58 123 0.999388
58 124 0.99941
58 125 0.99943
58 126 0.999448
58 127 0.999464

59 0 0
59 1 1.00095
59 2 1.00095
59 3 1.00096
59 4 1.00096
59 5 1.00096
59 6 1.00096
59 7 1.00096
59 8 1.00095
59 9 1.00095
59 10 1.00095
59 11 1.00095
59 12 1.00095
59 13 1.00094
59 14 1.00094
59 15 1.00093
59 16 1.00092
59 17 1.00092
59 18 1.00091
59 19 1.00089
59 20 1.00088
59 21 1.00087
59 22 1.00085
59 23 1.00083
59 24 1.0008
59 25 1.00078
59 26 1.00075
59 27 1.00072
59 28 1.00068
59 29 1.00064
59 30 1.0006
59 31 1.00055
59 32 1.0005
59 33 1.00045
59 34 1.00039
59 35 1.00033
59 36 1.00026
59 37 1.00019
59 38 1.00012
59 39 1.00005
59 40 0.999968
59 41 0.999888
59 42 0.999806
59 43 0.999722
59 44 0.999637
59 45 0.999552
59 46 0.999466
59 47 0.99938
59 48 0.999295
59 49 0.999211
59 50 0.999128
59 51 0.999046
59 52 0.998966
59 53 0.998888
59 54 0.998813
59 55 0.99874
59 56 0.99867
59 57 0.998603
59 58 0.998538
59 59 0.998477
59 60 0.998419
59 61 0.998364
59 62 0.998312
59 63 0.998263
59 64 0.998218
59 65 0.998176
59 66 0.998137
59 67 0.998101
59 68 0.998068
59 69 0.998039
59 70 0.998013
59 71 0.99799
59 72 0.99797
59 73 0.997953
59 74 0.997939
59 75 0.997929
59 76 0.997921
59 77 0.997916
59 78 0.997915
59 79 0.997916
59 80 0.99792
59 81 0.997927
59 82 0.997937
59 83 0.997949
59 84 0.997965
59 85 0.997983
59 86 0.998003
59 87 0.998026
59 88 0.998052
59 89 0.99808
59 90 0.99811
59 91 0.998142
59 92 0.998176
59 93 0.998212
59 94 0.99825
59 95 0.998289
59 96 0.99833
59 97 0.998372
59 98 0.998415
59 99 0.998459
59 100 0.998503
59 101 0.998548
59 102 0.998593
59 103 0.998639
59 104 0.998684
59 105 0.998728
59 106 0.998773
59 107 0.998816
59 108 0.998858
59 109 0.998899
59 110 0.998939
59 111 0.998978
59 112 0.999015
59 113 0.99905
59 114 0.999084
59 115 0.999117
59 116 0.999148
59 117 0.999177
59 118 0.999205
59 119 0.999232
59 120 0.999258
59 121 0.999283
59 122 0.999307
59 123 0.999329
59 124 0.999351
59 125 0.99937
59 126 0.999388
59 127 0.999403

60 0 0
60 1 1.00095
60 2 1.00095
60 3 1.00095
60 4 1.00095
60 5 1.00095
60 6 1.00095
60 7 1.00095
60 8 1.00095
60 9 1.00095
60 10 1.00095
60 11 1.00095
60 12 1.00094
60 13 1.00094
60 14 1.00093
60 15 1.00093
60 16 1.00092
60 17 1.00091
60 18 1.0009
60 19 1.00089
60 20 1.00088
60 21 1.00086
60 22 1.00084
60 23 1.00082
60 24 1.0008
60 25 1.00077
60 26 1.00074
60 27 1.00071
60 28 1.00067
60 29 1.00063
60 30 1.00059
60 31 1.00054
60 32 1.00049
60 33 1.00043
60 34 1.00037
60 35 1.00031
60 36 1.00024
60 37 1.00017
60 38 1.0001
60 39 1.00002
60 40 0.999944
60 41 0.999863
60 42 0.999779
60 43 0.999694
60 44 0.999608
60 45 0.999521
60 46 0.999434
60 47 0.999347
60 48 0.999261
60 49 0.999175
60 50 0.999091
60 51 0.999009
60 52 0.998928
60 53 0.99885
60 54 0.998774
60 55 0.998701
60 56 0.99863
60 57 0.998563
60 58 0.998498
60 59 0.998437
60 60 0.998378
60 61 0.998323
60 62 0.998271
60 63 0.998223
60 64 0.998177
60 65 0.998135
60 66 0.998096
60 67 0.998061
60 68 0.998028
60 69 0.997999
60 70 0.997973
60 71 0.99795
60 72 0.99793
60 73 0.997913
60 74 0.9979
60 75 0.997889
60 76 0.997881
60 77 0.997877
60 78 0.997875
60 79 0.997876
60 80 0.99788
60 81 0.997887
60 82 0.997897
60 83 0.997909
60 84 0.997924
60 85 0.997942
60 86 0.997962
60 87 0.997985
60 88 0.99801
60 89 0.998038
60 90 0.998068
60 91 0.9981
60 92 0.998134
60 93 0.998169
60 94 0.998207
60 95 0.998246
60 96 0.998286
60 97 0.998327
60 98 0.99837
60 99 0.998413
60 100 0.998457
60 101 0.998502
60 102 0.998546
60 103 0.998591
60 104 0.998636
60 105 0.99868
60 106 0.998723
60 107 0.998766
60 108 0.998808
60 109 0.998849
60 110 0.998888
60 111 0.998926
60 112 0.998962
60 113 0.998997
60 114 0.999031
60 115 0.999063
60 116 0.999093
60 117 0.999122
60 118 0.99915
60 119 0.999177
60 120 0.999202
60 121 0.999227
60 122 0.99925
60 123 0.999272
60 124 0.999293
60 125 0.999312
60 126 0.999329
60 127 0.999343

61 0 0
61 1 1.00095
61 2 1.00095
61 3 1.00095
61 4 1.00095
61 5 1.00095
61 6 1.00095
61 7 1.00095
61 8 1.00095
61 9 1.00095
61 10 1.00095
61 11 1.00094
61 12 1.00094
61 13 1.00094
61 14 1.00093
61 15 1.00092
61 16 1.00092
61 17 1.00091
61 18 1.0009
61 19 1.00089
61 20 1.00087
61 21 1.00086
61 22 1.00084
61 23 1.00082
61 24 1.00079
61 25 1.00077
61 26 1.00074
61 27 1.0007
61 28 1.00067
61 29 1.00062
61 30 1.00058
61 31 1.00053
61 32 1.00048
61 33 1.00042
61 34 1.00036
61 35 1.0003
61 36 1.00023
61 37 1.00016
61 38 1.00008
61 39 1
61 40 0.999922
61 41 0.999839
61 42 0.999754
61 43 0.999668
61 44 0.99958
61 45 0.999492
61 46 0.999404
61 47 0.999316
61 48 0.999228
61 49 0.999142
61 50 0.999057
61 51 0.998974
61 52 0.998893
61 53 0.998814
61 54 0.998738
61 55 0.998664
61 56 0.998593
61 57 0.998525
61 58 0.99846
61 59 0.998399
61 60 0.99834
61 61 0.998285
61 62 0.998234
61 63 0.998185
61 64 0.99814
61 65 0.998098
61 66 0.998059
61 67 0.998023
61 68 0.997991
61 69 0.997962
61 70 0.997936
61 71 0.997913
61 72 0.997893
61 73 0.997876
61 74 0.997863
61 75 0.997852
61 76 0.997844
61 77 0.99784
61 78 0.997838
61 79 0.997839
61 80 0.997843
61 81 0.99785
61 82 0.997859
61 83 0.997872
61 84 0.997887
61 85 0.997904
61 86 0.997924
61 87 0.997947
61 88 0.997972
61 89 0.997999
61 90 0.998029
61 91 0.99806
61 92 0.998094
61 93 0.998129
61 94 0.998166
61 95 0.998205
61 96 0.998245
61 97 0.998286
61 98 0.998328
61 99 0.998371
61 100 0.998414
61 101 0.998458
61 102 0.998502
61 103 0.998546
61 104 0.99859
61 105 0.998634
61 106 0.998677
61 107 0.998719
61 108 0.99876
61 109 0.9988
61 110 0.998839
61 111 0.998876
61 112 0.998912
61 113 0.998946
61 114 0.998979
61 115 0.999011
61 116 0.999041
61 117 0.999069
61 118 0.999097
61 119 0.999123
61 120 0.999149
61 121 0.999173
61 122 0.999196
61 123 0.999218
61 124 0.999238
61 125 0.999256
61 126 0.999273
61 127 0.999286

62 0 0
62 1 1.00095
62 2 1.00095
62 3 1.00095
62 4 1.00095
62 5 1.00095
62 6 1.00095
62 7 1.00095
62 8 1.00095
62 9 1.00094
62 10 1.00094
62 11 1.00094
62 12 1.00094
62 13 1.00093
62 14 1.00093
62 15 1.00092
62 16 1.00091
62 17 1.0009
62 18 1.00089
62 19 1.00088
62 20 1.00087
62 21 1.00085
62 22 1.00083
62 23 1.00081
62 24 1.00079
62 25 1.00076
62 26 1.00073
62 27 1.0007
62 28 1.00066
62 29 1.00062
62 30 1.00057
62 31 1.00052
62 32 1.00047
62 33 1.00041
62 34 1.00035
62 35 1.00028
62 36 1.00021
62 37 1.00014
62 38 1.00006
62 39 0.999984
62 40 0.999902
62 41 0.999818
62 42 0.999731
62 43 0.999644
62 44 0.999555
62 45 0.999466
62 46 0.999376
62 47 0.999287
62 48 0.999199
62 49 0.999111
62 50 0.999026
62 51 0.998942
62 52 0.99886
62 53 0.998781
62 54 0.998704
62 55 0.99863
62 56 0.998559
62 57 0.998491
62 58 0.998426
62 59 0.998364
62 60 0.998306
62 61 0.99825
62 62 0.998199
62 63 0.99815
62 64 0.998105
62 65 0.998063
62 66 0.998024
62 67 0.997989
62 68 0.997957
62 69 0.997928
62 70 0.997902
62 71 0.997879
62 72 0.997859
62 73 0.997842
62 74 0.997829
62 75 0.997818
62 76 0.99781
62 77 0.997806
62 78 0.997804
62 79 0.997805
62 80 0.997809
62 81 0.997815
62 82 0.997825
62 83 0.997837
62 84 0.997852
62 85 0.997869
62 86 0.997889
62 87 0.997912
62 88 0.997936
62 89 0.997963
62 90 0.997992
62 91 0.998024
62 92 0.998057
62 93 0.998092
62 94 0.998128
62 95 0.998166
62 96 0.998206
62 97 0.998247
62 98 0.998288
62 99 0.998331
62 100 0.998374
62 101 0.998417
62 102 0.998461
62 103 0.998504
62 104 0.998547
62 105 0.99859
62 106 0.998633
62 107 0.998674
62 108 0.998715
62 109 0.998754
62 110 0.998792
62 111 0.998829
62 112 0.998864
62 113 0.998898
62 114 0.99893
62 115 0.998961
62 116 0.998991
62 117 0.999019
62 118 0.999046
62 119 0.999072
62 120 0.999097
62 121 0.999121
62 122 0.999144
62 123 0.999165
62 124 0.999185
62 125 0.999203
62 126 0.999219
62 127 0.999231

63 0 0
63 1 1.00095
63 2 1.00095
63 3 1.00095
63 4 1.00095
63 5 1.00095
63 6 1.00095
63 7 1.00095
63 8 1.00094
63 9 1.00094
63 10 1.00094
63 11 1.00094
63 12 1.00093
63 13 1.00093
63 14 1.00092
63 15 1.00092
63 16 1.00091
63 17 1.0009
63 18 1.00089
63 19 1.00088
63 20 1.00086
63 21 1.00085
63 22 1.00083
63 23 1.00081
63 24 1.00078
63 25 1.00076
63 26 1.00072
63 27 1.00069
63 28 1.00065
63 29 1.00061
63 30 1.00056
63 31 1.00051
63 32 1.00046
63 33 1.0004
63 34 1.00034
63 35 1.00027
63 36 1.0002
63 37 1.00013
63 38 1.00005
63 39 0.999967
63 40 0.999884
63 41 0.999798
63 42 0.99971
63 43 0.999621
63 44 0.999532
63 45 0.999441
63 46 0.999351
63 47 0.99926
63 48 0.999171
63 49 0.999083
63 50 0.998997
63 51 0.998912
63 52 0.99883
63 53 0.99875
63 54 0.998673
63 55 0.998598
63 56 0.998527
63 57 0.998459
63 58 0.998394
63 59 0.998332
63 60 0.998273
63 61 0.998218
63 62 0.998166
63 63 0.998118
63 64 0.998073
63 65 0.998031
63 66 0.997993
63 67 0.997957
63 68 0.997925
63 69 0.997896
63 70 0.99787
63 71 0.997848
63 72 0.997828
63 73 0.997811
63 74 0.997798
63 75 0.997787
63 76 0.997779
63 77 0.997775
63 78 0.997773
63 79 0.997774
63 80 0.997777
63 81 0.997784
63 82 0.997793
63 83 0.997805
63 84 0.99782
63 85 0.997837
63 86 0.997857
63 87 0.997879
63 88 0.997903
63 89 0.99793
63 90 0.997959
63 91 0.99799
63 92 0.998023
63 93 0.998057
63 94 0.998093
63 95 0.998131
63 96 0.99817
63 97 0.99821
63 98 0.998251
63 99 0.998293
63 100 0.998336
63 101 0.998379
63 102 0.998422
63 103 0.998465
63 104 0.998507
63 105 0.99855
63 106 0.998591
63 107 0.998632
63 108 0.998672
63 109 0.998711
63 110 0.998748
63 111 0.998784
63 112 0.998819
63 113 0.998852
63 114 0.998884
63 115 0.998914
63 116 0.998943
63 117 0.998971
63 118 0.998998
63 119 0.999024
63 120 0.999049
63 121 0.999072
63 122 0.999095
63 123 0.999116
63 124 0.999135
63 125 0.999152
63 126 0.999167
63 127 0.999179

64 0 0
64 1 1.00095
64 2 1.00095
64 3 1.00095
64 4 1.00095
64 5 1.00095
64 6 1.00094
64 7 1.00094
64 8 1.00094
64 9 1.00094
64 10 1.00094
64 11 1.00093
64 12 1.00093
64 13 1.00093
64 14 1.00092
64 15 1.00092
64 16 1.00091
64 17 1.0009
64 18 1.00089
64 19 1.00088
64 20 1.00086
64 21 1.00084
64 22 1.00083
64 23 1.0008
64 24 1.00078
64 25 1.00075
64 26 1.00072
64 27 1.00068
64 28 1.00065
64 29 1.0006
64 30 1.00056
64 31 1.00051
64 32 1.00045
64 33 1.00039
64 34 1.00033
64 35 1.00026
64 36 1.00019
64 37 1.00011
64 38 1.00003
64 39 0.999952
64 40 0.999867
64 41 0.99978
64 42 0.999692
64 43 0.999602
64 44 0.99951
64 45 0.999419
64 46 0.999327
64 47 0.999236
64 48 0.999146
64 49 0.999057
64 50 0.99897
64 51 0.998885
64 52 0.998802
64 53 0.998722
64 54 0.998644
64 55 0.99857
64 56 0.998498
64 57 0.99843
64 58 0.998364
64 59 0.998303
64 60 0.998244
64 61 0.998189
64 62 0.998137
64 63 0.998089
64 64 0.998044
64 65 0.998002
64 66 0.997964
64 67 0.997928
64 68 0.997896
64 69 0.997868
64 70 0.997842
64 71 0.997819
64 72 0.9978
64 73 0.997783
64 74 0.997769
64 75 0.997759
64 76 0.997751
64 77 0.997746
64 78 0.997744
64 79 0.997745
64 80 0.997749
64 81 0.997755
64 82 0.997765
64 83 0.997777
64 84 0.997791
64 85 0.997808
64 86 0.997827
64 87 0.997849
64 88 0.997874
64 89 0.9979
64 90 0.997929
64 91 0.997959
64 92 0.997992
64 93 0.998026
64 94 0.998062
64 95 0.998099
64 96 0.998137
64 97 0.998177
64 98 0.998218
64 99 0.998259
64 100 0.998301
64 101 0.998343
64 102 0.998386
64 103 0.998428
64 104 0.99847
64 105 0.998512
64 106 0.998553
64 107 0.998593
64 108 0.998632
64 109 0.99867
64 110 0.998707
64 111 0.998742
64 112 0.998776
64 113 0.998809
64 114 0.99884
64 115 0.99887
64 116 0.998899
64 117 0.998926
64 118 0.998953
64 119 0.998978
64 120 0.999003
64 121 0.999026
64 122 0.999048
64 123 0.999069
64 124 0.999088
64 125 0.999104
64 126 0.999119
64 127 0.99913

65 0 0
65 1 1.00095
65 2 1.00095
65 3 1.00094
65 4 1.00094
65 5 1.00094
65 6 1.00094
65 7 1.00094
65 8 1.00094
65 9 1.00094
65 10 1.00093
65 11 1.00093
65 12 1.00093
65 13 1.00092
65 14 1.00092
65 15 1.00091
65 16 1.0009
65 17 1.0009
65 18 1.00088
65 19 1.00087
65 20 1.00086
65 21 1.00084
65 22 1.00082
65 23 1.0008
65 24 1.00078
65 25 1.00075
65 26 1.00072
65 27 1.00068
65 28 1.00064
65 29 1.0006
65 30 1.00055
65 31 1.0005
65 32 1.00044
65 33 1.00038
65 34 1.00032
65 35 1.00025
65 36 1.00018
65 37 1.0001
65 38 1.00002
65 39 0.999938
65 40 0.999853
65 41 0.999765
65 42 0.999675
65 43 0.999584
65 44 0.999492
65 45 0.999399
65 46 0.999307
65 47 0.999215
65 48 0.999124
65 49 0.999034
65 50 0.998946
65 51 0.998861
65 52 0.998777
65 53 0.998697
65 54 0.998619
65 55 0.998544
65 56 0.998472
65 57 0.998403
65 58 0.998338
65 59 0.998276
65 60 0.998218
65 61 0.998163
65 62 0.998111
65 63 0.998063
65 64 0.998018
65 65 0.997976
65 66 0.997938
65 67 0.997903
65 68 0.997871
65 69 0.997842
65 70 0.997816
65 71 0.997794
65 72 0.997774
65 73 0.997758
65 74 0.997744
65 75 0.997734
65 76 0.997726
65 77 0.997721
65 78 0.997719
65 79 0.99772
65 80 0.997724
65 81 0.99773
65 82 0.997739
65 83 0.997751
65 84 0.997765
65 85 0.997782
65 86 0.997801
65 87 0.997823
65 88 0.997847
65 89 0.997873
65 90 0.997901
65 91 0.997931
65 92 0.997963
65 93 0.997997
65 94 0.998033
65 95 0.998069
65 96 0.998107
65 97 0.998147
65 98 0.998187
65 99 0.998228
65 100 0.998269
65 101 0.998311
65 102 0.998352
65 103 0.998394
65 104 0.998436
65 105 0.998477
65 106 0.998517
65 107 0.998557
65 108 0.998595
65 109 0.998632
65 110 0.998669
65 111 0.998703
65 112 0.998737
65 113 0.998769
65 114 0.9988
65 115 0.998829
65 116 0.998857
65 117 0.998884
65 118 0.998911
65 119 0.998936
65 120 0.99896
65 121 0.998983
65 122 0.999004
65 123 0.999025
65 124 0.999043
65 125 0.999059
65 126 0.999073
65 127 0.999083

66 0 0
66 1 1.00095
66 2 1.00094
66 3 1.00094
66 4 1.00094
66 5 1.00094
66 6 1.00094
66 7 1.00094
66 8 1.00094
66 9 1.00093
66 10 1.00093
66 11 1.00093
66 12 1.00093
66 13 1.00092
66 14 1.00092
66 15 1.00091
66 16 1.0009
66 17 1.00089
66 18 1.00088
66 19 1.00087
66 20 1.00086
66 21 1.00084
66 22 1.00082
66 23 1.0008
66 24 1.00077
66 25 1.00074
66 26 1.00071
66 27 1.00068
66 28 1.00064
66 29 1.00059
66 30 1.00055
66 31 1.00049
66 32 1.00044
66 33 1.00038
66 34 1.00031
66 35 1.00024
66 36 1.00017
66 37 1.00009
66 38 1.00001
66 39 0.999927
66 40 0.99984
66 41 0.999752
66 42 0.999661
66 43 0.999569
66 44 0.999475
66 45 0.999382
66 46 0.999289
66 47 0.999196
66 48 0.999104
66 49 0.999014
66 50 0.998926
66 51 0.998839
66 52 0.998755
66 53 0.998674
66 54 0.998596
66 55 0.998521
66 56 0.998449
66 57 0.99838
66 58 0.998315
66 59 0.998253
66 60 0.998194
66 61 0.998139
66 62 0.998088
66 63 0.998039
66 64 0.997994
66 65 0.997953
66 66 0.997915
66 67 0.99788
66 68 0.997848
66 69 0.997819
66 70 0.997794
66 71 0.997771
66 72 0.997752
66 73 0.997735
66 74 0.997722
66 75 0.997711
66 76 0.997703
66 77 0.997699
66 78 0.997697
66 79 0.997697
66 80 0.997701
66 81 0.997707
66 82 0.997716
66 83 0.997728
66 84 0.997742
66 85 0.997758
66 86 0.997778
66 87 0.997799
66 88 0.997823
66 89 0.997849
66 90 0.997876
66 91 0.997906
66 92 0.997938
66 93 0.997972
66 94 0.998007
66 95 0.998043
66 96 0.998081
66 97 0.998119
66 98 0.998159
66 99 0.998199
66 100 0.99824
66 101 0.998281
66 102 0.998322
66 103 0.998364
66 104 0.998404
66 105 0.998445
66 106 0.998484
66 107 0.998523
66 108 0.998561
66 109 0.998598
66 110 0.998633
66 111 0.998667
66 112 0.9987
66 113 0.998732
66 114 0.998762
66 115 0.998791
66 116 0.998819
66 117 0.998845
66 118 0.998871
66 119 0.998896
66 120 0.99892
66 121 0.998942
66 122 0.998964
66 123 0.998984
66 124 0.999002
66 125 0.999017
66 126 0.99903
66 127 0.999039

67 0 0
67 1 1.00094
67 2 1.00094
67 3 1.00094
67 4 1.00094
67 5 1.00094
67 6 1.00094
67 7 1.00094
67 8 1.00093
67 9 1.00093
67 10 1.00093
67 11 1.00093
67 12 1.00092
67 13 1.00092
67 14 1.00091
67 15 1.00091
67 16 1.0009
67 17 1.00089
67 18 1.00088
67 19 1.00087
67 20 1.00085
67 21 1.00084
67 22 1.00082
67 23 1.00079
67 24 1.00077
67 25 1.00074
67 26 1.00071
67 27 1.00067
67 28 1.00063
67 29 1.00059
67 30 1.00054
67 31 1.00049
67 32 1.00043
67 33 1.00037
67 34 1.00031
67 35 1.00024
67 36 1.00016
67 37 1.00008
67 38 1
67 39 0.999918
67 40 0.99983
67 41 0.99974
67 42 0.999649
67 43 0.999556
67 44 0.999462
67 45 0.999367
67 46 0.999273
67 47 0.99918
67 48 0.999087
67 49 0.998996
67 50 0.998907
67 51 0.99882
67 52 0.998736
67 53 0.998655
67 54 0.998576
67 55 0.9985
67 56 0.998428
67 57 0.998359
67 58 0.998294
67 59 0.998232
67 60 0.998174
67 61 0.998119
67 62 0.998067
67 63 0.998019
67 64 0.997974
67 65 0.997933
67 66 0.997894
67 67 0.99786
67 68 0.997828
67 69 0.997799
67 70 0.997774
67 71 0.997751
67 72 0.997732
67 73 0.997716
67 74 0.997702
67 75 0.997692
67 76 0.997684
67 77 0.997679
67 78 0.997677
67 79 0.997678
67 80 0.997681
67 81 0.997687
67 82 0.997696
67 83 0.997708
67 84 0.997722
67 85 0.997738
67 86 0.997757
67 87 0.997778
67 88 0.997802
67 89 0.997827
67 90 0.997855
67 91 0.997885
67 92 0.997916
67 93 0.997949
67 94 0.997984
67 95 0.99802
67 96 0.998057
67 97 0.998095
67 98 0.998134
67 99 0.998174
67 100 0.998214
67 101 0.998255
67 102 0.998296
67 103 0.998336
67 104 0.998376
67 105 0.998416
67 106 0.998455
67 107 0.998493
67 108 0.99853
67 109 0.998566
67 110 0.998601
67 111 0.998635
67 112 0.998667
67 113 0.998698
67 114 0.998728
67 115 0.998756
67 116 0.998783
67 117 0.99881
67 118 0.998835
67 119 0.998859
67 120 0.998883
67 121 0.998905
67 122 0.998926
67 123 0.998946
67 124 0.998963
67 125 0.998978
67 126 0.99899
67 127 0.998999

68 0 0
68 1 1.00094
68 2 1.00094
68 3 1.00094
68 4 1.00094
68 5 1.00094
68 6 1.00094
68 7 1.00093
68 8 1.00093
68 9 1.00093
68 10 1.00093
68 11 1.00092
68 12 1.00092
68 13 1.00092
68 14 1.00091
68 15 1.0009
68 16 1.0009
68 17 1.00089
68 18 1.00088
68 19 1.00086
68 20 1.00085
68 21 1.00083
68 22 1.00081
68 23 1.00079
68 24 1.00077
68 25 1.00074
68 26 1.00071
68 27 1.00067
68 28 1.00063
68 29 1.00059
68 30 1.00054
68 31 1.00049
68 32 1.00043
68 33 1.00037
68 34 1.0003
68 35 1.00023
68 36 1.00016
68 37 1.00008
68 38 0.999996
68 39 0.99991
68 40 0.999822
68 41 0.999732
68 42 0.999639
68 43 0.999545
68 44 0.99945
68 45 0.999355
68 46 0.99926
68 47 0.999166
68 48 0.999073
68 49 0.998982
68 50 0.998892
68 51 0.998805
68 52 0.99872
68 53 0.998638
68 54 0.998559
68 55 0.998483
68 56 0.998411
68 57 0.998342
68 58 0.998276
68 59 0.998214
68 60 0.998156
68 61 0.998101
68 62 0.998049
68 63 0.998001
68 64 0.997956
68 65 0.997915
68 66 0.997877
68 67 0.997842
68 68 0.997811
68 69 0.997782
68 70 0.997757
68 71 0.997734
68 72 0.997715
68 73 0.997699
68 74 0.997685
68 75 0.997675
68 76 0.997667
68 77 0.997662
68 78 0.99766
68 79 0.997661
68 80 0.997664
68 81 0.997671
68 82 0.997679
68 83 0.997691
68 84 0.997704
68 85 0.997721
68 86 0.99774
68 87 0.997761
68 88 0.997784
68 89 0.997809
68 90 0.997837
68 91 0.997866
68 92 0.997897
68 93 0.99793
68 94 0.997964
68 95 0.998
68 96 0.998036
68 97 0.998074
68 98 0.998113
68 99 0.998152
68 100 0.998192
68 101 0.998232
68 102 0.998272
68 103 0.998312
68 104 0.998351
68 105 0.99839
68 106 0.998429
68 107 0.998466
68 108 0.998503
68 109 0.998538
68 110 0.998572
68 111 0.998605
68 112 0.998637
68 113 0.998667
68 114 0.998696
68 115 0.998724
68 116 0.998751
68 117 0.998777
68 118 0.998802
68 119 0.998826
68 120 0.998849
68 121 0.998871
68 122 0.998892
68 123 0.998911
68 124 0.998928
68 125 0.998942
68 126 0.998954
68 127 0.998962

69 0 0
69 1 1.00094
69 2 1.00094
69 3 1.00094
69 4 1.00094
69 5 1.00094
69 6 1.00093
69 7 1.00093
69 8 1.00093
69 9 1.00093
69 10 1.00093
69 11 1.00092
69 12 1.00092
69 13 1.00091
69 14 1.00091
69 15 1.0009
69 16 1.00089
69 17 1.00089
69 18 1.00088
69 19 1.00086
69 20 1.00085
69 21 1.00083
69 22 1.00081
69 23 1.00079
69 24 1.00077
69 25 1.00074
69 26 1.00071
69 27 1.00067
69 28 1.00063
69 29 1.00059
69 30 1.00054
69 31 1.00048
69 32 1.00043
69 33 1.00037
69 34 1.0003
69 35 1.00023
69 36 1.00015
69 37 1.00007
69 38 0.999991
69 39 0.999905
69 40 0.999816
69 41 0.999725
69 42 0.999632
69 43 0.999537
69 44 0.999442
69 45 0.999346
69 46 0.99925
69 47 0.999156
69 48 0.999062
69 49 0.99897
69 50 0.99888
69 51 0.998792
69 52 0.998706
69 53 0.998624
69 54 0.998545
69 55 0.998469
69 56 0.998396
69 57 0.998327
69 58 0.998262
69 59 0.998199
69 60 0.998141
69 61 0.998086
69 62 0.998034
69 63 0.997986
69 64 0.997942
69 65 0.9979
69 66 0.997862
69 67 0.997828
69 68 0.997796
69 69 0.997768
69 70 0.997743
69 71 0.99772
69 72 0.997701
69 73 0.997685
69 74 0.997671
69 75 0.997661
69 76 0.997653
69 77 0.997648
69 78 0.997646
69 79 0.997647
69 80 0.997651
69 81 0.997657
69 82 0.997665
69 83 0.997677
69 84 0.99769
69 85 0.997706
69 86 0.997725
69 87 0.997746
69 88 0.997769
69 89 0.997794
69 90 0.997821
69 91 0.99785
69 92 0.997881
69 93 0.997913
69 94 0.997947
69 95 0.997983
69 96 0.998019
69 97 0.998056
69 98 0.998094
69 99 0.998133
69 100 0.998172
69 101 0.998212
69 102 0.998251
69 103 0.998291
69 104 0.99833
69 105 0.998368
69 106 0.998406
69 107 0.998443
69 108 0.998479
69 109 0.998513
69 110 0.998547
69 111 0.998579
69 112 0.99861
69 113 0.99864
69 114 0.998669
69 115 0.998696
69 116 0.998723
69 117 0.998748
69 118 0.998773
69 119 0.998796
69 120 0.998819
69 121 0.998841
69 122 0.998861
69 123 0.99888
69 124 0.998896
69 125 0.99891
69 126 0.998921
69 127 0.998928

70 0 0
70 1 1.00094
70 2 1.00094
70 3 1.00094
70 4 1.00094
70 5 1.00093
70 6 1.00093
70 7 1.00093
70 8 1.00093
70 9 1.00093
70 10 1.00092
70 11 1.00092
70 12 1.00092
70 13 1.00091
70 14 1.00091
70 15 1.0009
70 16 1.00089
70 17 1.00088
70 18 1.00087
70 19 1.00086
70 20 1.00085
70 21 1.00083
70 22 1.00081
70 23 1.00079
70 24 1.00076
70 25 1.00074
70 26 1.0007
70 27 1.00067
70 28 1.00063
70 29 1.00059
70 30 1.00054
70 31 1.00048
70 32 1.00043
70 33 1.00036
70 34 1.0003
70 35 1.00023
70 36 1.00015
70 37 1.00007
70 38 0.999989
70 39 0.999902
70 40 0.999813
70 41 0.999721
70 42 0.999627
70 43 0.999532
70 44 0.999436
70 45 0.999339
70 46 0.999243
70 47 0.999148
70 48 0.999053
70 49 0.998961
70 50 0.99887
70 51 0.998782
70 52 0.998696
70 53 0.998613
70 54 0.998534
70 55 0.998458
70 56 0.998385
70 57 0.998315
70 58 0.99825
70 59 0.998188
70 60 0.998129
70 61 0.998074
70 62 0.998022
70 63 0.997974
70 64 0.99793
70 65 0.997889
70 66 0.997851
70 67 0.997816
70 68 0.997785
70 69 0.997756
70 70 0.997731
70 71 0.997709
70 72 0.99769
70 73 0.997674
70 74 0.99766
70 75 0.99765
70 76 0.997642
70 77 0.997637
70 78 0.997635
70 79 0.997636
70 80 0.997639
70 81 0.997645
70 82 0.997654
70 83 0.997665
70 84 0.997679
70 85 0.997695
70 86 0.997713
70 87 0.997734
70 88 0.997757
70 89 0.997782
70 90 0.997809
70 91 0.997838
70 92 0.997868
70 93 0.9979
70 94 0.997934
70 95 0.997969
70 96 0.998005
70 97 0.998042
70 98 0.998079
70 99 0.998118
70 100 0.998156
70 101 0.998195
70 102 0.998234
70 103 0.998273
70 104 0.998311
70 105 0.998349
70 106 0.998386
70 107 0.998422
70 108 0.998458
70 109 0.998492
70 110 0.998525
70 111 0.998556
70 112 0.998587
70 113 0.998616
70 114 0.998644
70 115 0.998671
70 116 0.998697
70 117 0.998723
70 118 0.998747
70 119 0.99877
70 120 0.998793
70 121 0.998814
70 122 0.998834
70 123 0.998852
70 124 0.998868
70 125 0.998881
70 126 0.998892
70 127 0.998898

71 0 0
71 1 1.00094
71 2 1.00094
71 3 1.00093
71 4 1.00093
71 5 1.00093
71 6 1.00093
71 7 1.00093
71 8 1.00093
71 9 1.00092
71 10 1.00092
71 11 1.00092
71 12 1.00091
71 13 1.00091
71 14 1.0009
71 15 1.0009
71 16 1.00089
71 17 1.00088
71 18 1.00087
71 19 1.00086
71 20 1.00084
71 21 1.00083
71 22 1.00081
71 23 1.00079
71 24 1.00076
71 25 1.00074
71 26 1.0007
71 27 1.00067
71 28 1.00063
71 29 1.00059
71 30 1.00054
71 31 1.00048
71 32 1.00043
71 33 1.00036
71 34 1.0003
71 35 1.00023
71 36 1.00015
71 37 1.00007
71 38 0.999988
71 39 0.999901
71 40 0.999812
71 41 0.999719
71 42 0.999625
71 43 0.999529
71 44 0.999433
71 45 0.999336
71 46 0.999239
71 47 0.999143
71 48 0.999048
71 49 0.998955
71 50 0.998863
71 51 0.998775
71 52 0.998689
71 53 0.998606
71 54 0.998526
71 55 0.998449
71 56 0.998376
71 57 0.998307
71 58 0.998241
71 59 0.998178
71 60 0.99812
71 61 0.998065
71 62 0.998013
71 63 0.997965
71 64 0.997921
71 65 0.99788
71 66 0.997842
71 67 0.997807
71 68 0.997776
71 69 0.997748
71 70 0.997722
71 71 0.9977
71 72 0.997681
71 73 0.997665
71 74 0.997652
71 75 0.997641
71 76 0.997634
71 77 0.997629
71 78 0.997627
71 79 0.997628
71 80 0.997631
71 81 0.997637
71 82 0.997646
71 83 0.997657
71 84 0.99767
71 85 0.997686
71 86 0.997705
71 87 0.997725
71 88 0.997748
71 89 0.997773
71 90 0.997799
71 91 0.997828
71 92 0.997858
71 93 0.99789
71 94 0.997923
71 95 0.997958
71 96 0.997994
71 97 0.99803
71 98 0.998067
71 99 0.998105
71 100 0.998144
71 101 0.998182
71 102 0.99822
71 103 0.998259
71 104 0.998296
71 105 0.998334
71 106 0.99837
71 107 0.998406
71 108 0.99844
71 109 0.998474
71 110 0.998506
71 111 0.998537
71 112 0.998567
71 113 0.998596
71 114 0.998624
71 115 0.99865
71 116 0.998676
71 117 0.998701
71 118 0.998724
71 119 0.998748
71 120 0.99877
71 121 0.998791
71 122 0.99881
71 123 0.998828
71 124 0.998844
71 125 0.998856
71 126 0.998866
71 127 0.998871

72 0 0
72 1 1.00094
72 2 1.00094
72 3 1.00093
72 4 1.00093
72 5 1.00093
72 6 1.00093
72 7 1.00092
72 8 1.00092
72 9 1.00092
72 10 1.00092
72 11 1.00091
72 12 1.00091
72 13 1.00091
72 14 1.0009
72 15 1.00089
72 16 1.00089
72 17 1.00088
72 18 1.00087
72 19 1.00086
72 20 1.00084
72 21 1.00083
72 22 1.00081
72 23 1.00079
72 24 1.00076
72 25 1.00074
72 26 1.0007
72 27 1.00067
72 28 1.00063
72 29 1.00059
72 30 1.00054
72 31 1.00049
72 32 1.00043
72 33 1.00037
72 34 1.0003
72 35 1.00023
72 36 1.00015
72 37 1.00007
72 38 0.99999
72 39 0.999903
72 40 0.999813
72 41 0.99972
72 42 0.999625
72 43 0.999529
72 44 0.999432
72 45 0.999334
72 46 0.999237
72 47 0.999141
72 48 0.999045
72 49 0.998951
72 50 0.99886
72 51 0.998771
72 52 0.998684
72 53 0.998601
72 54 0.99852
72 55 0.998444
72 56 0.99837
72 57 0.998301
72 58 0.998235
72 59 0.998172
72 60 0.998113
72 61 0.998058
72 62 0.998007
72 63 0.997959
72 64 0.997914
72 65 0.997873
72 66 0.997835
72 67 0.997801
72 68 0.99777
72 69 0.997741
72 70 0.997716
72 71 0.997694
72 72 0.997675
72 73 0.997659
72 74 0.997646
72 75 0.997636
72 76 0.997628
72 77 0.997624
72 78 0.997622
72 79 0.997622
72 80 0.997626
72 81 0.997632
72 82 0.99764
72 83 0.997651
72 84 0.997665
72 85 0.997681
72 86 0.997699
72 87 0.997719
72 88 0.997742
72 89 0.997767
72 90 0.997793
72 91 0.997821
72 92 0.997851
72 93 0.997883
72 94 0.997916
72 95 0.99795
72 96 0.997986
72 97 0.998022
72 98 0.998059
72 99 0.998096
72 100 0.998134
72 101 0.998172
72 102 0.99821
72 103 0.998247
72 104 0.998285
72 105 0.998321
72 106 0.998357
72 107 0.998392
72 108 0.998426
72 109 0.998459
72 110 0.998491
72 111 0.998521
72 112 0.998551
72 113 0.998579
72 114 0.998606
72 115 0.998633
72 116 0.998658
72 117 0.998682
72 118 0.998706
72 119 0.998729
72 120 0.99875
72 121 0.998771
72 122 0.99879
72 123 0.998808
72 124 0.998823
72 125 0.998835
72 126 0.998844
72 127 0.998849

73 0 0
73 1 1.00094
73 2 1.00093
73 3 1.00093
73 4 1.00093
73 5 1.00093
73 6 1.00092
73 7 1.00092
73 8 1.00092
73 9 1.00092
73 10 1.00091
73 11 1.00091
73 12 1.00091
73 13 1.0009
73 14 1.0009
73 15 1.00089
73 16 1.00089
73 17 1.00088
73 18 1.00087
73 19 1.00086
73 20 1.00084
73 21 1.00083
73 22 1.00081
73 23 1.00079
73 24 1.00076
73 25 1.00074
73 26 1.0007
73 27 1.00067
73 28 1.00063
73 29 1.00059
73 30 1.00054
73 31 1.00049
73 32 1.00043
73 33 1.00037
73 34 1.0003
73 35 1.00023
73 36 1.00016
73 37 1.00008
73 38 0.999994
73 39 0.999906
73 40 0.999816
73 41 0.999723
73 42 0.999628
73 43 0.999532
73 44 0.999434
73 45 0.999336
73 46 0.999238
73 47 0.999141
73 48 0.999045
73 49 0.998951
73 50 0.998859
73 51 0.998769
73 52 0.998683
73 53 0.998599
73 54 0.998518
73 55 0.998441
73 56 0.998368
73 57 0.998298
73 58 0.998231
73 59 0.998169
73 60 0.99811
73 61 0.998055
73 62 0.998003
73 63 0.997955
73 64 0.997911
73 65 0.99787
73 66 0.997832
73 67 0.997797
73 68 0.997766
73 69 0.997738
73 70 0.997713
73 71 0.997691
73 72 0.997672
73 73 0.997656
73 74 0.997643
73 75 0.997633
73 76 0.997625
73 77 0.997621
73 78 0.997619
73 79 0.997619
73 80 0.997623
73 81 0.997629
73 82 0.997637
73 83 0.997648
73 84 0.997662
73 85 0.997678
73 86 0.997696
73 87 0.997716
73 88 0.997739
73 89 0.997763
73 90 0.99779
73 91 0.997818
73 92 0.997848
73 93 0.997879
73 94 0.997912
73 95 0.997946
73 96 0.997981
73 97 0.998017
73 98 0.998053
73 99 0.99809
73 100 0.998128
73 101 0.998165
73 102 0.998203
73 103 0.99824
73 104 0.998276
73 105 0.998313
73 106 0.998348
73 107 0.998382
73 108 0.998416
73 109 0.998448
73 110 0.998479
73 111 0.998509
73 112 0.998538
73 113 0.998566
73 114 0.998593
73 115 0.998619
73 116 0.998644
73 117 0.998668
73 118 0.998691
73 119 0.998714
73 120 0.998735
73 121 0.998755
73 122 0.998774
73 123 0.998791
73 124 0.998806
73 125 0.998818
73 126 0.998826
73 127 0.99883

74 0 0
74 1 1.00093
74 2 1.00093
74 3 1.00093
74 4 1.00093
74 5 1.00092
74 6 1.00092
74 7 1.00092
74 8 1.00092
74 9 1.00091
74 10 1.00091
74 11 1.00091
74 12 1.00091
74 13 1.0009
74 14 1.0009
74 15 1.00089
74 16 1.00088
74 17 1.00087
74 18 1.00086
74 19 1.00085
74 20 1.00084
74 21 1.00082
74 22 1.00081
74 23 1.00079
74 24 1.00076
74 25 1.00074
74 26 1.00071
74 27 1.00067
74 28 1.00063
74 29 1.00059
74 30 1.00054
74 31 1.00049
74 32 1.00044
74 33 1.00037
74 34 1.00031
74 35 1.00024
74 36 1.00016
74 37 1.00008
74 38 0.999999
74 39 0.999912
74 40 0.999822
74 41 0.999729
74 42 0.999634
74 43 0.999537
74 44 0.999439
74 45 0.999341
74 46 0.999243
74 47 0.999145
74 48 0.999049
74 49 0.998954
74 50 0.998862
74 51 0.998771
74 52 0.998684
74 53 0.9986
74 54 0.998519
74 55 0.998442
74 56 0.998368
74 57 0.998298
74 58 0.998231
74 59 0.998168
74 60 0.998109
74 61 0.998054
74 62 0.998002
74 63 0.997954
74 64 0.99791
74 65 0.997869
74 66 0.997831
74 67 0.997796
74 68 0.997765
74 69 0.997737
74 70 0.997712
74 71 0.99769
74 72 0.997671
74 73 0.997656
74 74 0.997643
74 75 0.997632
74 76 0.997625
74 77 0.99762
74 78 0.997619
74 79 0.997619
74 80 0.997623
74 81 0.997629
74 82 0.997637
74 83 0.997648
74 84 0.997662
74 85 0.997678
74 86 0.997696
74 87 0.997716
74 88 0.997739
74 89 0.997763
74 90 0.997789
74 91 0.997817
74 92 0.997847
74 93 0.997878
74 94 0.997911
74 95 0.997944
74 96 0.997979
74 97 0.998015
74 98 0.998051
74 99 0.998088
74 100 0.998125
74 101 0.998162
74 102 0.998199
74 103 0.998235
74 104 0.998272
74 105 0.998307
74 106 0.998342
74 107 0.998376
74 108 0.998409
74 109 0.998441
74 110 0.998471
74 111 0.998501
74 112 0.998529
74 113 0.998557
74 114 0.998583
74 115 0.998609
74 116 0.998633
74 117 0.998657
74 118 0.99868
74 119 0.998702
74 120 0.998724
74 121 0.998744
74 122 0.998762
74 123 0.998779
74 124 0.998793
74 125 0.998804
74 126 0.998812
74 127 0.998815

75 0 0
75 1 1.00093
75 2 1.00093
75 3 1.00093
75 4 1.00092
75 5 1.00092
75 6 1.00092
75 7 1.00092
75 8 1.00091
75 9 1.00091
75 10 1.00091
75 11 1.00091
75 12 1.0009
75 13 1.0009
75 14 1.00089
75 15 1.00089
75 16 1.00088
75 17 1.00087
75 18 1.00086
75 19 1.00085
75 20 1.00084
75 21 1.00082
75 22 1.00081
75 23 1.00079
75 24 1.00076
75 25 1.00074
75 26 1.00071
75 27 1.00067
75 28 1.00064
75 29 1.00059
75 30 1.00055
75 31 1.0005
75 32 1.00044
75 33 1.00038
75 34 1.00031
75 35 1.00024
75 36 1.00017
75 37 1.00009
75 38 1.00001
75 39 0.99992
75 40 0.99983
75 41 0.999737
75 42 0.999642
75 43 0.999545
75 44 0.999447
75 45 0.999348
75 46 0.99925
75 47 0.999152
75 48 0.999055
75 49 0.99896
75 50 0.998867
75 51 0.998776
75 52 0.998689
75 53 0.998604
75 54 0.998523
75 55 0.998445
75 56 0.998371
75 57 0.9983
75 58 0.998234
75 59 0.998171
75 60 0.998111
75 61 0.998056
75 62 0.998004
75 63 0.997956
75 64 0.997911
75 65 0.99787
75 66 0.997832
75 67 0.997798
75 68 0.997767
75 69 0.997739
75 70 0.997714
75 71 0.997692
75 72 0.997673
75 73 0.997658
75 74 0.997645
75 75 0.997634
75 76 0.997627
75 77 0.997623
75 78 0.997621
75 79 0.997622
75 80 0.997625
75 81 0.997631
75 82 0.99764
75 83 0.997651
75 84 0.997664
75 85 0.99768
75 86 0.997698
75 87 0.997719
75 88 0.997741
75 89 0.997765
75 90 0.997792
75 91 0.99782
75 92 0.997849
75 93 0.99788
75 94 0.997913
75 95 0.997946
75 96 0.997981
75 97 0.998016
75 98 0.998052
75 99 0.998088
75 100 0.998125
75 101 0.998162
75 102 0.998198
75 103 0.998234
75 104 0.99827
75 105 0.998305
75 106 0.99834
75 107 0.998373
75 108 0.998406
75 109 0.998437
75 110 0.998467
75 111 0.998496
75 112 0.998524
75 113 0.998551
75 114 0.998577
75 115 0.998602
75 116 0.998627
75 117 0.99865
75 118 0.998673
75 119 0.998695
75 120 0.998716
75 121 0.998736
75 122 0.998754
75 123 0.998771
75 124 0.998784
75 125 0.998795
75 126 0.998802
75 127 0.998804

76 0 0
76 1 1.00093
76 2 1.00093
76 3 1.00092
76 4 1.00092
76 5 1.00092
76 6 1.00092
76 7 1.00091
76 8 1.00091
76 9 1.00091
76 10 1.00091
76 11 1.0009
76 12 1.0009
76 13 1.00089
76 14 1.00089
76 15 1.00088
76 16 1.00088
76 17 1.00087
76 18 1.00086
76 19 1.00085
76 20 1.00084
76 21 1.00082
76 22 1.00081
76 23 1.00079
76 24 1.00076
76 25 1.00074
76 26 1.00071
76 27 1.00068
76 28 1.00064
76 29 1.0006
76 30 1.00055
76 31 1.0005
76 32 1.00045
76 33 1.00039
76 34 1.00032
76 35 1.00025
76 36 1.00018
76 37 1.0001
76 38 1.00002
76 39 0.99993
76 40 0.99984
76 41 0.999747
76 42 0.999652
76 43 0.999555
76 44 0.999457
76 45 0.999358
76 46 0.99926
76 47 0.999161
76 48 0.999064
76 49 0.998969
76 50 0.998875
76 51 0.998785
76 52 0.998696
76 53 0.998611
76 54 0.99853
76 55 0.998451
76 56 0.998377
76 57 0.998306
76 58 0.998239
76 59 0.998176
76 60 0.998116
76 61 0.998061
76 62 0.998009
76 63 0.99796
76 64 0.997916
76 65 0.997874
76 66 0.997837
76 67 0.997802
76 68 0.997771
76 69 0.997743
76 70 0.997718
76 71 0.997697
76 72 0.997678
76 73 0.997662
76 74 0.997649
76 75 0.997639
76 76 0.997632
76 77 0.997627
76 78 0.997626
76 79 0.997627
76 80 0.99763
76 81 0.997636
76 82 0.997645
76 83 0.997656
76 84 0.99767
76 85 0.997686
76 86 0.997704
76 87 0.997724
76 88 0.997746
76 89 0.997771
76 90 0.997797
76 91 0.997825
76 92 0.997854
76 93 0.997885
76 94 0.997917
76 95 0.997951
76 96 0.997985
76 97 0.99802
76 98 0.998056
76 99 0.998092
76 100 0.998128
76 101 0.998165
76 102 0.998201
76 103 0.998237
76 104 0.998272
76 105 0.998307
76 106 0.998341
76 107 0.998374
76 108 0.998406
76 109 0.998437
76 110 0.998467
76 111 0.998495
76 112 0.998523
76 113 0.99855
76 114 0.998575
76 115 0.9986
76 116 0.998624
76 117 0.998648
76 118 0.99867
76 119 0.998692
76 120 0.998713
76 121 0.998732
76 122 0.99875
76 123 0.998766
76 124 0.99878
76 125 0.99879
76 126 0.998796
76 127 0.998798

77 0 0
77 1 1.00093
77 2 1.00092
77 3 1.00092
77 4 1.00092
77 5 1.00091
77 6 1.00091
77 7 1.00091
77 8 1.00091
77 9 1.0009
77 10 1.0009
77 11 1.0009
77 12 1.0009
77 13 1.00089
77 14 1.00089
77 15 1.00088
77 16 1.00087
77 17 1.00087
77 18 1.00086
77 19 1.00085
77 20 1.00084
77 21 1.00082
77 22 1.0008
77 23 1.00079
77 24 1.00076
77 25 1.00074
77 26 1.00071
77 27 1.00068
77 28 1.00064
77 29 1.0006
77 30 1.00056
77 31 1.00051
77 32 1.00045
77 33 1.00039
77 34 1.00033
77 35 1.00026
77 36 1.00019
77 37 1.00011
77 38 1.00003
77 39 0.999942
77 40 0.999853
77 41 0.99976
77 42 0.999665
77 43 0.999568
77 44 0.99947
77 45 0.999371
77 46 0.999273
77 47 0.999174
77 48 0.999077
77 49 0.998981
77 50 0.998887
77 51 0.998796
77 52 0.998707
77 53 0.998622
77 54 0.998539
77 55 0.998461
77 56 0.998386
77 57 0.998315
77 58 0.998247
77 59 0.998184
77 60 0.998124
77 61 0.998068
77 62 0.998016
77 63 0.997968
77 64 0.997923
77 65 0.997881
77 66 0.997843
77 67 0.997809
77 68 0.997778
77 69 0.99775
77 70 0.997725
77 71 0.997703
77 72 0.997685
77 73 0.997669
77 74 0.997656
77 75 0.997646
77 76 0.997639
77 77 0.997635
77 78 0.997633
77 79 0.997634
77 80 0.997638
77 81 0.997644
77 82 0.997653
77 83 0.997664
77 84 0.997678
77 85 0.997693
77 86 0.997712
77 87 0.997732
77 88 0.997754
77 89 0.997779
77 90 0.997805
77 91 0.997833
77 92 0.997862
77 93 0.997893
77 94 0.997925
77 95 0.997958
77 96 0.997993
77 97 0.998027
77 98 0.998063
77 99 0.998099
77 100 0.998135
77 101 0.998171
77 102 0.998207
77 103 0.998242
77 104 0.998278
77 105 0.998312
77 106 0.998345
77 107 0.998378
77 108 0.99841
77 109 0.99844
77 110 0.99847
77 111 0.998498
77 112 0.998525
77 113 0.998552
77 114 0.998577
77 115 0.998602
77 116 0.998626
77 117 0.998649
77 118 0.998671
77 119 0.998693
77 120 0.998714
77 121 0.998733
77 122 0.998751
77 123 0.998766
77 124 0.998779
77 125 0.998789
77 126 0.998794
77 127 0.998796

78 0 0
78 1 1.00092
78 2 1.00092
78 3 1.00092
78 4 1.00091
78 5 1.00091
78 6 1.00091
78 7 1.00091
78 8 1.0009
78 9 1.0009
78 10 1.0009
78 11 1.00089
78 12 1.00089
78 13 1.00089
78 14 1.00088
78 15 1.00088
78 16 1.00087
78 17 1.00086
78 18 1.00086
78 19 1.00085
78 20 1.00083
78 21 1.00082
78 22 1.0008
78 23 1.00079
78 24 1.00076
78 25 1.00074
78 26 1.00071
78 27 1.00068
78 28 1.00065
78 29 1.00061
78 30 1.00056
78 31 1.00051
78 32 1.00046
78 33 1.0004
78 34 1.00034
78 35 1.00027
78 36 1.0002
78 37 1.00012
78 38 1.00004
78 39 0.999956
78 40 0.999867
78 41 0.999775
78 42 0.999681
78 43 0.999584
78 44 0.999486
78 45 0.999387
78 46 0.999288
78 47 0.99919
78 48 0.999092
78 49 0.998996
78 50 0.998902
78 51 0.99881
78 52 0.998721
78 53 0.998635
78 54 0.998552
78 55 0.998473
78 56 0.998398
78 57 0.998326
78 58 0.998258
78 59 0.998195
78 60 0.998135
78 61 0.998078
78 62 0.998026
78 63 0.997977
78 64 0.997932
78 65 0.997891
78 66 0.997853
78 67 0.997818
78 68 0.997787
78 69 0.997759
78 70 0.997734
78 71 0.997713
78 72 0.997694
78 73 0.997678
78 74 0.997665
78 75 0.997656
78 76 0.997649
78 77 0.997644
78 78 0.997643
78 79 0.997644
78 80 0.997648
78 81 0.997654
78 82 0.997663
78 83 0.997674
78 84 0.997688
78 85 0.997704
78 86 0.997722
78 87 0.997742
78 88 0.997765
78 89 0.997789
78 90 0.997815
78 91 0.997843
78 92 0.997873
78 93 0.997904
78 94 0.997936
78 95 0.997969
78 96 0.998003
78 97 0.998038
78 98 0.998073
78 99 0.998109
78 100 0.998145
78 101 0.998181
78 102 0.998216
78 103 0.998251
78 104 0.998286
78 105 0.99832
78 106 0.998354
78 107 0.998386
78 108 0.998417
78 109 0.998447
78 110 0.998477
78 111 0.998505
78 112 0.998532
78 113 0.998558
78 114 0.998583
78 115 0.998608
78 116 0.998631
78 117 0.998654
78 118 0.998677
78 119 0.998698
78 120 0.998719
78 121 0.998738
78 122 0.998755
78 123 0.998771
78 124 0.998783
78 125 0.998792
78 126 0.998797
78 127 0.998798

79 0 0
79 1 1.00092
79 2 1.00092
79 3 1.00091
79 4 1.00091
79 5 1.00091
79 6 1.0009
79 7 1.0009
79 8 1.0009
79 9 1.0009
79 10 1.00089
79 11 1.00089
79 12 1.00089
79 13 1.00088
79 14 1.00088
79 15 1.00087
79 16 1.00087
79 17 1.00086
79 18 1.00085
79 19 1.00084
79 20 1.00083
79 21 1.00082
79 22 1.0008
79 23 1.00079
79 24 1.00076
79 25 1.00074
79 26 1.00071
79 27 1.00068
79 28 1.00065
79 29 1.00061
79 30 1.00057
79 31 1.00052
79 32 1.00047
79 33 1.00041
79 34 1.00035
79 35 1.00028
79 36 1.00021
79 37 1.00014
79 38 1.00006
79 39 0.999972
79 40 0.999884
79 41 0.999793
79 42 0.999699
79 43 0.999603
79 44 0.999505
79 45 0.999406
79 46 0.999307
79 47 0.999208
79 48 0.999111
79 49 0.999014
79 50 0.99892
79 51 0.998827
79 52 0.998738
79 53 0.998651
79 54 0.998568
79 55 0.998489
79 56 0.998413
79 57 0.998341
79 58 0.998273
79 59 0.998208
79 60 0.998148
79 61 0.998091
79 62 0.998039
79 63 0.99799
79 64 0.997944
79 65 0.997903
79 66 0.997865
79 67 0.99783
79 68 0.997799
79 69 0.997771
79 70 0.997746
79 71 0.997724
79 72 0.997705
79 73 0.99769
79 74 0.997677
79 75 0.997667
79 76 0.99766
79 77 0.997656
79 78 0.997655
79 79 0.997656
79 80 0.99766
79 81 0.997666
79 82 0.997675
79 83 0.997687
79 84 0.997701
79 85 0.997717
79 86 0.997735
79 87 0.997756
79 88 0.997778
79 89 0.997802
79 90 0.997829
79 91 0.997857
79 92 0.997886
79 93 0.997917
79 94 0.997949
79 95 0.997982
79 96 0.998016
79 97 0.998051
79 98 0.998086
79 99 0.998122
79 100 0.998157
79 101 0.998193
79 102 0.998229
79 103 0.998264
79 104 0.998298
79 105 0.998332
79 106 0.998365
79 107 0.998397
79 108 0.998428
79 109 0.998458
79 110 0.998487
79 111 0.998515
79 112 0.998542
79 113 0.998568
79 114 0.998593
79 115 0.998617
79 116 0.998641
79 117 0.998664
79 118 0.998686
79 119 0.998708
79 120 0.998728
79 121 0.998747
79 122 0.998764
79 123 0.998779
79 124 0.998792
79 125 0.9988
79 126 0.998805
79 127 0.998805

80 0 0
80 1 1.00092
80 2 1.00091
80 3 1.00091
80 4 1.0009
80 5 1.0009
80 6 1.0009
80 7 1.0009
80 8 1.00089
80 9 1.00089
80 10 1.00089
80 11 1.00089
80 12 1.00088
80 13 1.00088
80 14 1.00088
80 15 1.00087
80 16 1.00086
80 17 1.00086
80 18 1.00085
80 19 1.00084
80 20 1.00083
80 21 1.00082
80 22 1.0008
80 23 1.00078
80 24 1.00077
80 25 1.00074
80 26 1.00072
80 27 1.00069
80 28 1.00065
80 29 1.00062
80 30 1.00058
80 31 1.00053
80 32 1.00048
80 33 1.00042
80 34 1.00036
80 35 1.0003
80 36 1.00023
80 37 1.00015
80 38 1.00007
80 39 0.99999
80 40 0.999903
80 41 0.999813
80 42 0.999719
80 43 0.999623
80 44 0.999526
80 45 0.999428
80 46 0.999329
80 47 0.99923
80 48 0.999132
80 49 0.999035
80 50 0.99894
80 51 0.998848
80 52 0.998758
80 53 0.998671
80 54 0.998587
80 55 0.998507
80 56 0.998431
80 57 0.998358
80 58 0.998289
80 59 0.998225
80 60 0.998164
80 61 0.998107
80 62 0.998054
80 63 0.998005
80 64 0.997959
80 65 0.997917
80 66 0.997879
80 67 0.997844
80 68 0.997813
80 69 0.997785
80 70 0.99776
80 71 0.997738
80 72 0.997719
80 73 0.997704
80 74 0.997691
80 75 0.997681
80 76 0.997675
80 77 0.99767
80 78 0.997669
80 79 0.99767
80 80 0.997674
80 81 0.997681
80 82 0.99769
80 83 0.997702
80 84 0.997716
80 85 0.997732
80 86 0.99775
80 87 0.997771
80 88 0.997794
80 89 0.997818
80 90 0.997844
80 91 0.997872
80 92 0.997902
80 93 0.997933
80 94 0.997965
80 95 0.997998
80 96 0.998032
80 97 0.998067
80 98 0.998102
80 99 0.998138
80 100 0.998173
80 101 0.998209
80 102 0.998244
80 103 0.998279
80 104 0.998314
80 105 0.998347
80 106 0.99838
80 107 0.998412
80 108 0.998443
80 109 0.998473
80 110 0.998501
80 111 0.998529
80 112 0.998556
80 113 0.998582
80 114 0.998607
80 115 0.998631
80 116 0.998655
80 117 0.998678
80 118 0.9987
80 119 0.998722
80 120 0.998742
80 121 0.998761
80 122 0.998778
80 123 0.998793
80 124 0.998805
80 125 0.998813
80 126 0.998817
80 127 0.998816

81 0 0
81 1 1.00091
81 2 1.00091
81 3 1.0009
81 4 1.0009
81 5 1.0009
81 6 1.00089
81 7 1.00089
81 8 1.00089
81 9 1.00089
81 10 1.00088
81 11 1.00088
81 12 1.00088
81 13 1.00088
81 14 1.00087
81 15 1.00087
81 16 1.00086
81 17 1.00085
81 18 1.00085
81 19 1.00084
81 20 1.00083
81 21 1.00082
81 22 1.0008
81 23 1.00078
81 24 1.00077
81 25 1.00074
81 26 1.00072
81 27 1.00069
81 28 1.00066
81 29 1.00062
81 30 1.00058
81 31 1.00054
81 32 1.00049
81 33 1.00044
81 34 1.00038
81 35 1.00031
81 36 1.00024
81 37 1.00017
81 38 1.00009
81 39 1.00001
81 40 0.999924
81 41 0.999834
81 42 0.999742
81 43 0.999647
81 44 0.99955
81 45 0.999452
81 46 0.999353
81 47 0.999255
81 48 0.999157
81 49 0.99906
81 50 0.998964
81 51 0.998872
81 52 0.998781
81 53 0.998694
81 54 0.998609
81 55 0.998529
81 56 0.998452
81 57 0.998379
81 58 0.998309
81 59 0.998244
81 60 0.998183
81 61 0.998125
81 62 0.998072
81 63 0.998022
81 64 0.997976
81 65 0.997934
81 66 0.997896
81 67 0.997861
81 68 0.997829
81 69 0.997801
81 70 0.997776
81 71 0.997754
81 72 0.997735
81 73 0.99772
81 74 0.997707
81 75 0.997698
81 76 0.997691
81 77 0.997687
81 78 0.997686
81 79 0.997687
81 80 0.997691
81 81 0.997698
81 82 0.997707
81 83 0.997719
81 84 0.997733
81 85 0.997749
81 86 0.997768
81 87 0.997789
81 88 0.997812
81 89 0.997836
81 90 0.997863
81 91 0.997891
81 92 0.99792
81 93 0.997951
81 94 0.997984
81 95 0.998017
81 96 0.998051
81 97 0.998086
81 98 0.998121
81 99 0.998156
81 100 0.998192
81 101 0.998228
81 102 0.998263
81 103 0.998298
81 104 0.998332
81 105 0.998366
81 106 0.998398
81 107 0.99843
81 108 0.998461
81 109 0.998491
81 110 0.99852
81 111 0.998547
81 112 0.998574
81 113 0.9986
81 114 0.998625
81 115 0.99865
81 116 0.998673
81 117 0.998696
81 118 0.998719
81 119 0.99874
81 120 0.99876
81 121 0.998779
81 122 0.998796
81 123 0.998811
81 124 0.998823
81 125 0.99883
81 126 0.998834
81 127 0.998832

82 0 0
82 1 1.00091
82 2 1.0009
82 3 1.0009
82 4 1.0009
82 5 1.00089
82 6 1.00089
82 7 1.00089
82 8 1.00088
82 9 1.00088
82 10 1.00088
82 11 1.00088
82 12 1.00087
82 13 1.00087
82 14 1.00087
82 15 1.00086
82 16 1.00086
82 17 1.00085
82 18 1.00084
82 19 1.00083
82 20 1.00082
82 21 1.00081
82 22 1.0008
82 23 1.00078
82 24 1.00077
82 25 1.00074
82 26 1.00072
82 27 1.00069
82 28 1.00066
82 29 1.00063
82 30 1.00059
82 31 1.00055
82 32 1.0005
82 33 1.00045
82 34 1.00039
82 35 1.00033
82 36 1.00026
82 37 1.00019
82 38 1.00011
82 39 1.00003
82 40 0.999947
82 41 0.999858
82 42 0.999767
82 43 0.999672
82 44 0.999576
82 45 0.999479
82 46 0.99938
82 47 0.999282
82 48 0.999184
82 49 0.999087
82 50 0.998992
82 51 0.998898
82 52 0.998807
82 53 0.99872
82 54 0.998635
82 55 0.998554
82 56 0.998476
82 57 0.998402
82 58 0.998332
82 59 0.998266
82 60 0.998204
82 61 0.998147
82 62 0.998093
82 63 0.998042
82 64 0.997996
82 65 0.997954
82 66 0.997915
82 67 0.99788
82 68 0.997848
82 69 0.997819
82 70 0.997794
82 71 0.997772
82 72 0.997754
82 73 0.997738
82 74 0.997726
82 75 0.997716
82 76 0.997709
82 77 0.997705
82 78 0.997704
82 79 0.997706
82 80 0.99771
82 81 0.997717
82 82 0.997726
82 83 0.997738
82 84 0.997752
82 85 0.997769
82 86 0.997788
82 87 0.997809
82 88 0.997832
82 89 0.997857
82 90 0.997883
82 91 0.997911
82 92 0.997941
82 93 0.997972
82 94 0.998005
82 95 0.998038
82 96 0.998072
82 97 0.998107
82 98 0.998142
82 99 0.998178
82 100 0.998214
82 101 0.998249
82 102 0.998285
82 103 0.998319
82 104 0.998354
82 105 0.998387
82 106 0.99842
82 107 0.998452
82 108 0.998483
82 109 0.998513
82 110 0.998541
82 111 0.998569
82 112 0.998596
82 113 0.998622
82 114 0.998647
82 115 0.998672
82 116 0.998696
82 117 0.998719
82 118 0.998742
82 119 0.998763
82 120 0.998784
82 121 0.998803
82 122 0.99882
82 123 0.998834
82 124 0.998845
82 125 0.998852
82 126 0.998855
82 127 0.998853

83 0 0
83 1 1.0009
83 2 1.0009
83 3 1.00089
83 4 1.00089
83 5 1.00089
83 6 1.00088
83 7 1.00088
83 8 1.00088
83 9 1.00088
83 10 1.00087
83 11 1.00087
83 12 1.00087
83 13 1.00087
83 14 1.00086
83 15 1.00086
83 16 1.00085
83 17 1.00085
83 18 1.00084
83 19 1.00083
83 20 1.00082
83 21 1.00081
83 22 1.0008
83 23 1.00078
83 24 1.00077
83 25 1.00075
83 26 1.00072
83 27 1.0007
83 28 1.00067
83 29 1.00063
83 30 1.0006
83 31 1.00056
83 32 1.00051
83 33 1.00046
83 34 1.0004
83 35 1.00034
83 36 1.00028
83 37 1.00021
83 38 1.00013
83 39 1.00005
83 40 0.999971
83 41 0.999884
83 42 0.999793
83 43 0.9997
83 44 0.999605
83 45 0.999508
83 46 0.99941
83 47 0.999312
83 48 0.999214
83 49 0.999117
83 50 0.999022
83 51 0.998928
83 52 0.998837
83 53 0.998749
83 54 0.998663
83 55 0.998581
83 56 0.998503
83 57 0.998429
83 58 0.998358
83 59 0.998292
83 60 0.998229
83 61 0.998171
83 62 0.998116
83 63 0.998065
83 64 0.998019
83 65 0.997976
83 66 0.997937
83 67 0.997901
83 68 0.997869
83 69 0.99784
83 70 0.997815
83 71 0.997793
83 72 0.997774
83 73 0.997759
83 74 0.997746
83 75 0.997736
83 76 0.99773
83 77 0.997726
83 78 0.997725
83 79 0.997727
83 80 0.997731
83 81 0.997738
83 82 0.997748
83 83 0.99776
83 84 0.997774
83 85 0.997791
83 86 0.99781
83 87 0.997831
83 88 0.997854
83 89 0.997879
83 90 0.997906
83 91 0.997934
83 92 0.997964
83 93 0.997996
83 94 0.998028
83 95 0.998062
83 96 0.998096
83 97 0.998131
83 98 0.998167
83 99 0.998202
83 100 0.998238
83 101 0.998274
83 102 0.998309
83 103 0.998344
83 104 0.998379
83 105 0.998412
83 106 0.998445
83 107 0.998477
83 108 0.998508
83 109 0.998538
83 110 0.998567
83 111 0.998595
83 112 0.998622
83 113 0.998648
83 114 0.998674
83 115 0.998699
83 116 0.998723
83 117 0.998746
83 118 0.998769
83 119 0.998791
83 120 0.998812
83 121 0.998831
83 122 0.998848
83 123 0.998862
83 124 0.998873
83 125 0.99888
83 126 0.998882
83 127 0.998879

84 0 0
84 1 1.0009
84 2 1.00089
84 3 1.00089
84 4 1.00088
84 5 1.00088
84 6 1.00088
84 7 1.00088
84 8 1.00087
84 9 1.00087
84 10 1.00087
84 11 1.00087
84 12 1.00086
84 13 1.00086
84 14 1.00086
84 15 1.00085
84 16 1.00085
84 17 1.00084
84 18 1.00084
84 19 1.00083
84 20 1.00082
84 21 1.00081
84 22 1.0008
84 23 1.00078
84 24 1.00077
84 25 1.00075
84 26 1.00072
84 27 1.0007
84 28 1.00067
84 29 1.00064
84 30 1.0006
84 31 1.00057
84 32 1.00052
84 33 1.00047
84 34 1.00042
84 35 1.00036
84 36 1.0003
84 37 1.00023
84 38 1.00016
84 39 1.00008
84 40 0.999997
84 41 0.999911
84 42 0.999822
84 43 0.99973
84 44 0.999636
84 45 0.99954
84 46 0.999443
84 47 0.999345
84 48 0.999248
84 49 0.999151
84 50 0.999055
84 51 0.998961
84 52 0.99887
84 53 0.998781
84 54 0.998695
84 55 0.998612
84 56 0.998533
84 57 0.998458
84 58 0.998387
84 59 0.99832
84 60 0.998257
84 61 0.998197
84 62 0.998142
84 63 0.998091
84 64 0.998044
84 65 0.998
84 66 0.997961
84 67 0.997925
84 68 0.997892
84 69 0.997863
84 70 0.997838
84 71 0.997816
84 72 0.997797
84 73 0.997781
84 74 0.997768
84 75 0.997759
84 76 0.997752
84 77 0.997748
84 78 0.997747
84 79 0.997749
84 80 0.997754
84 81 0.997761
84 82 0.997771
84 83 0.997783
84 84 0.997798
84 85 0.997815
84 86 0.997834
84 87 0.997855
84 88 0.997879
84 89 0.997904
84 90 0.997931
84 91 0.99796
84 92 0.99799
84 93 0.998021
84 94 0.998054
84 95 0.998088
84 96 0.998122
84 97 0.998158
84 98 0.998193
84 99 0.998229
84 100 0.998265
84 101 0.998301
84 102 0.998337
84 103 0.998372
84 104 0.998407
84 105 0.998441
84 106 0.998474
84 107 0.998506
84 108 0.998537
84 109 0.998567
84 110 0.998596
84 111 0.998625
84 112 0.998652
84 113 0.998679
84 114 0.998705
84 115 0.99873
84 116 0.998754
84 117 0.998778
84 118 0.998801
84 119 0.998824
84 120 0.998845
84 121 0.998864
84 122 0.998881
84 123 0.998895
84 124 0.998906
84 125 0.998912
84 126 0.998914
84 127 0.99891

85 0 0
85 1 1.00089
85 2 1.00089
85 3 1.00088
85 4 1.00088
85 5 1.00088
85 6 1.00087
85 7 1.00087
85 8 1.00087
85 9 1.00087
85 10 1.00086
85 11 1.00086
85 12 1.00086
85 13 1.00085
85 14 1.00085
85 15 1.00085
85 16 1.00084
85 17 1.00084
85 18 1.00083
85 19 1.00082
85 20 1.00081
85 21 1.0008
85 22 1.00079
85 23 1.00078
85 24 1.00076
85 25 1.00075
85 26 1.00073
85 27 1.0007
85 28 1.00068
85 29 1.00065
85 30 1.00061
85 31 1.00057
85 32 1.00053
85 33 1.00049
85 34 1.00043
85 35 1.00038
85 36 1.00032
85 37 1.00025
85 38 1.00018
85 39 1.0001
85 40 1.00002
85 41 0.99994
85 42 0.999853
85 43 0.999763
85 44 0.99967
85 45 0.999575
85 46 0.999478
85 47 0.999381
85 48 0.999284
85 49 0.999187
85 50 0.999092
85 51 0.998998
85 52 0.998906
85 53 0.998816
85 54 0.99873
85 55 0.998647
85 56 0.998567
85 57 0.998491
85 58 0.998419
85 59 0.998351
85 60 0.998287
85 61 0.998227
85 62 0.998171
85 63 0.998119
85 64 0.998071
85 65 0.998027
85 66 0.997987
85 67 0.997951
85 68 0.997918
85 69 0.997889
85 70 0.997863
85 71 0.997841
85 72 0.997822
85 73 0.997806
85 74 0.997793
85 75 0.997783
85 76 0.997777
85 77 0.997773
85 78 0.997772
85 79 0.997774
85 80 0.997779
85 81 0.997786
85 82 0.997796
85 83 0.997808
85 84 0.997823
85 85 0.99784
85 86 0.99786
85 87 0.997881
85 88 0.997905
85 89 0.997931
85 90 0.997958
85 91 0.997987
85 92 0.998017
85 93 0.998049
85 94 0.998082
85 95 0.998116
85 96 0.998151
85 97 0.998187
85 98 0.998223
85 99 0.998259
85 100 0.998295
85 101 0.998331
85 102 0.998367
85 103 0.998403
85 104 0.998438
85 105 0.998472
85 106 0.998505
85 107 0.998538
85 108 0.998569
85 109 0.9986
85 110 0.99863
85 111 0.998659
85 112 0.998686
85 113 0.998714
85 114 0.99874
85 115 0.998766
85 116 0.998791
85 117 0.998815
85 118 0.998839
85 119 0.998861
85 120 0.998883
85 121 0.998902
85 122 0.99892
85 123 0.998934
85 124 0.998944
85 125 0.998951
85 126 0.998952
85 127 0.998947

86 0 0
86 1 1.00088
86 2 1.00088
86 3 1.00087
86 4 1.00087
86 5 1.00087
86 6 1.00087
86 7 1.00086
86 8 1.00086
86 9 1.00086
86 10 1.00086
86 11 1.00085
86 12 1.00085
86 13 1.00085
86 14 1.00084
86 15 1.00084
86 16 1.00084
86 17 1.00083
86 18 1.00083
86 19 1.00082
86 20 1.00081
86 21 1.0008
86 22 1.00079
86 23 1.00078
86 24 1.00076
86 25 1.00075
86 26 1.00073
86 27 1.00071
86 28 1.00068
86 29 1.00065
86 30 1.00062
86 31 1.00058
86 32 1.00054
86 33 1.0005
86 34 1.00045
86 35 1.00039
86 36 1.00034
86 37 1.00027
86 38 1.0002
86 39 1.00013
86 40 1.00005
86 41 0.999971
86 42 0.999885
86 43 0.999796
86 44 0.999705
86 45 0.999611
86 46 0.999516
86 47 0.99942
86 48 0.999323
86 49 0.999227
86 50 0.999131
86 51 0.999037
86 52 0.998945
86 53 0.998855
86 54 0.998768
86 55 0.998684
86 56 0.998604
86 57 0.998527
86 58 0.998454
86 59 0.998385
86 60 0.99832
86 61 0.99826
86 62 0.998203
86 63 0.99815
86 64 0.998102
86 65 0.998057
86 66 0.998016
86 67 0.997979
86 68 0.997946
86 69 0.997917
86 70 0.99789
86 71 0.997868
86 72 0.997848
86 73 0.997832
86 74 0.997819
86 75 0.99781
86 76 0.997803
86 77 0.997799
86 78 0.997798
86 79 0.9978
86 80 0.997805
86 81 0.997813
86 82 0.997823
86 83 0.997835
86 84 0.99785
86 85 0.997868
86 86 0.997887
86 87 0.997909
86 88 0.997933
86 89 0.997959
86 90 0.997987
86 91 0.998016
86 92 0.998047
86 93 0.998079
86 94 0.998112
86 95 0.998147
86 96 0.998182
86 97 0.998218
86 98 0.998254
86 99 0.998291
86 100 0.998328
86 101 0.998364
86 102 0.998401
86 103 0.998436
86 104 0.998472
86 105 0.998507
86 106 0.99854
86 107 0.998573
86 108 0.998605
86 109 0.998637
86 110 0.998667
86 111 0.998696
86 112 0.998725
86 113 0.998753
86 114 0.99878
86 115 0.998806
86 116 0.998832
86 117 0.998857
86 118 0.998881
86 119 0.998904
86 120 0.998926
86 121 0.998946
86 122 0.998964
86 123 0.998978
86 124 0.998988
86 125 0.998994
86 126 0.998995
86 127 0.99899

87 0 0
87 1 1.00088
87 2 1.00087
87 3 1.00087
87 4 1.00087
87 5 1.00086
87 6 1.00086
87 7 1.00086
87 8 1.00085
87 9 1.00085
87 10 1.00085
87 11 1.00085
87 12 1.00084
87 13 1.00084
87 14 1.00084
87 15 1.00083
87 16 1.00083
87 17 1.00083
87 18 1.00082
87 19 1.00081
87 20 1.00081
87 21 1.0008
87 22 1.00079
87 23 1.00078
87 24 1.00076
87 25 1.00075
87 26 1.00073
87 27 1.00071
87 28 1.00068
87 29 1.00066
87 30 1.00063
87 31 1.00059
87 32 1.00055
87 33 1.00051
87 34 1.00046
87 35 1.00041
87 36 1.00036
87 37 1.00029
87 38 1.00023
87 39 1.00016
87 40 1.00008
87 41 1
87 42 0.999919
87 43 0.999832
87 44 0.999742
87 45 0.99965
87 46 0.999556
87 47 0.999461
87 48 0.999365
87 49 0.999269
87 50 0.999173
87 51 0.999079
87 52 0.998987
87 53 0.998897
87 54 0.998809
87 55 0.998725
87 56 0.998644
87 57 0.998566
87 58 0.998492
87 59 0.998423
87 60 0.998357
87 61 0.998295
87 62 0.998238
87 63 0.998184
87 64 0.998135
87 65 0.998089
87 66 0.998048
87 67 0.99801
87 68 0.997977
87 69 0.997946
87 70 0.99792
87 71 0.997897
87 72 0.997877
87 73 0.997861
87 74 0.997848
87 75 0.997838
87 76 0.997831
87 77 0.997827
87 78 0.997827
87 79 0.997829
87 80 0.997833
87 81 0.997841
87 82 0.997851
87 83 0.997864
87 84 0.997879
87 85 0.997897
87 86 0.997917
87 87 0.997939
87 88 0.997963
87 89 0.997989
87 90 0.998017
87 91 0.998047
87 92 0.998078
87 93 0.998111
87 94 0.998145
87 95 0.99818
87 96 0.998215
87 97 0.998251
87 98 0.998288
87 99 0.998325
87 100 0.998363
87 101 0.9984
87 102 0.998437
87 103 0.998473
87 104 0.998509
87 105 0.998544
87 106 0.998579
87 107 0.998612
87 108 0.998645
87 109 0.998677
87 110 0.998708
87 111 0.998738
87 112 0.998767
87 113 0.998796
87 114 0.998824
87 115 0.998851
87 116 0.998878
87 117 0.998904
87 118 0.998929
87 119 0.998953
87 120 0.998975
87 121 0.998995
87 122 0.999013
87 123 0.999028
87 124 0.999038
87 125 0.999044
87 126 0.999044
87 127 0.999038

88 0 0
88 1 1.00087
88 2 1.00086
88 3 1.00086
88 4 1.00086
88 5 1.00086
88 6 1.00085
88 7 1.00085
88 8 1.00085
88 9 1.00085
88 10 1.00084
88 11 1.00084
88 12 1.00084
88 13 1.00083
88 14 1.00083
88 15 1.00083
88 16 1.00082
88 17 1.00082
88 18 1.00081
88 19 1.00081
88 20 1.0008
88 21 1.00079
88 22 1.00078
88 23 1.00077
88 24 1.00076
88 25 1.00075
88 26 1.00073
88 27 1.00071
88 28 1.00069
88 29 1.00066
88 30 1.00063
88 31 1.0006
88 32 1.00056
88 33 1.00052
88 34 1.00048
88 35 1.00043
88 36 1.00038
88 37 1.00032
88 38 1.00025
88 39 1.00019
88 40 1.00011
88 41 1.00004
88 42 0.999954
88 43 0.999869
88 44 0.999781
88 45 0.999691
88 46 0.999598
88 47 0.999504
88 48 0.999409
88 49 0.999313
88 50 0.999219
88 51 0.999125
88 52 0.999032
88 53 0.998942
88 54 0.998854
88 55 0.998769
88 56 0.998687
88 57 0.998609
88 58 0.998534
88 59 0.998463
88 60 0.998396
88 61 0.998334
88 62 0.998275
88 63 0.998221
88 64 0.998171
88 65 0.998124
88 66 0.998082
88 67 0.998044
88 68 0.998009
88 69 0.997979
88 70 0.997952
88 71 0.997928
88 72 0.997908
88 73 0.997892
88 74 0.997878
88 75 0.997868
88 76 0.997861
88 77 0.997857
88 78 0.997857
88 79 0.997859
88 80 0.997864
88 81 0.997871
88 82 0.997882
88 83 0.997894
88 84 0.99791
88 85 0.997928
88 86 0.997948
88 87 0.99797
88 88 0.997995
88 89 0.998022
88 90 0.99805
88 91 0.99808
88 92 0.998112
88 93 0.998145
88 94 0.998179
88 95 0.998214
88 96 0.99825
88 97 0.998287
88 98 0.998324
88 99 0.998362
88 100 0.9984
88 101 0.998438
88 102 0.998475
88 103 0.998512
88 104 0.998549
88 105 0.998585
88 106 0.99862
88 107 0.998655
88 108 0.998688
88 109 0.998721
88 110 0.998753
88 111 0.998784
88 112 0.998814
88 113 0.998844
88 114 0.998873
88 115 0.998901
88 116 0.998929
88 117 0.998956
88 118 0.998982
88 119 0.999006
88 120 0.99903
88 121 0.999051
88 122 0.999069
88 123 0.999084
88 124 0.999094
88 125 0.9991
88 126 0.999099
88 127 0.999092

89 0 0
89 1 1.00086
89 2 1.00086
89 3 1.00085
89 4 1.00085
89 5 1.00085
89 6 1.00085
89 7 1.00084
89 8 1.00084
89 9 1.00084
89 10 1.00084
89 11 1.00083
89 12 1.00083
89 13 1.00083
89 14 1.00082
89 15 1.00082
89 16 1.00082
89 17 1.00081
89 18 1.00081
89 19 1.0008
89 20 1.0008
89 21 1.00079
89 22 1.00078
89 23 1.00077
89 24 1.00076
89 25 1.00074
89 26 1.00073
89 27 1.00071
89 28 1.00069
89 29 1.00067
89 30 1.00064
89 31 1.00061
89 32 1.00057
89 33 1.00054
89 34 1.00049
89 35 1.00045
89 36 1.0004
89 37 1.00034
89 38 1.00028
89 39 1.00021
89 40 1.00014
89 41 1.00007
89 42 0.99999
89 43 0.999907
89 44 0.999822
89 45 0.999733
89 46 0.999642
89 47 0.999549
89 48 0.999455
89 49 0.999361
89 50 0.999267
89 51 0.999173
89 52 0.999081
89 53 0.99899
89 54 0.998902
89 55 0.998816
89 56 0.998733
89 57 0.998654
89 58 0.998579
89 59 0.998507
89 60 0.998439
89 61 0.998376
89 62 0.998316
89 63 0.998261
89 64 0.998209
89 65 0.998162
89 66 0.998119
89 67 0.99808
89 68 0.998045
89 69 0.998013
89 70 0.997986
89 71 0.997962
89 72 0.997941
89 73 0.997924
89 74 0.997911
89 75 0.9979
89 76 0.997893
89 77 0.997889
89 78 0.997888
89 79 0.99789
89 80 0.997895
89 81 0.997903
89 82 0.997913
89 83 0.997926
89 84 0.997942
89 85 0.99796
89 86 0.997981
89 87 0.998003
89 88 0.998028
89 89 0.998055
89 90 0.998084
89 91 0.998114
89 92 0.998147
89 93 0.99818
89 94 0.998215
89 95 0.998251
89 96 0.998287
89 97 0.998325
89 98 0.998363
89 99 0.998401
89 100 0.99844
89 101 0.998478
89 102 0.998516
89 103 0.998554
89 104 0.998592
89 105 0.998629
89 106 0.998665
89 107 0.9987
89 108 0.998735
89 109 0.998769
89 110 0.998802
89 111 0.998834
89 112 0.998866
89 113 0.998896
89 114 0.998927
89 115 0.998956
89 116 0.998985
89 117 0.999013
89 118 0.99904
89 119 0.999066
89 120 0.99909
89 121 0.999112
89 122 0.999131
89 123 0.999146
89 124 0.999157
89 125 0.999162
89 126 0.999161
89 127 0.999153

90 0 0
90 1 1.00085
90 2 1.00085
90 3 1.00085
90 4 1.00084
90 5 1.00084
90 6 1.00084
90 7 1.00084
90 8 1.00083
90 9 1.00083
90 10 1.00083
90 11 1.00083
90 12 1.00082
90 13 1.00082
90 14 1.00082
90 15 1.00081
90 16 1.00081
90 17 1.00081
90 18 1.0008
90 19 1.0008
90 20 1.00079
90 21 1.00078
90 22 1.00078
90 23 1.00077
90 24 1.00075
90 25 1.00074
90 26 1.00073
90 27 1.00071
90 28 1.00069
90 29 1.00067
90 30 1.00064
90 31 1.00062
90 32 1.00058
90 33 1.00055
90 34 1.00051
90 35 1.00046
90 36 1.00042
90 37 1.00036
90 38 1.0003
90 39 1.00024
90 40 1.00017
90 41 1.0001
90 42 1.00003
90 43 0.999946
90 44 0.999863
90 45 0.999777
90 46 0.999688
90 47 0.999596
90 48 0.999504
90 49 0.999411
90 50 0.999317
90 51 0.999224
90 52 0.999132
90 53 0.999041
90 54 0.998953
90 55 0.998867
90 56 0.998783
90 57 0.998703
90 58 0.998627
90 59 0.998554
90 60 0.998485
90 61 0.998421
90 62 0.99836
90 63 0.998303
90 64 0.998251
90 65 0.998203
90 66 0.998159
90 67 0.998119
90 68 0.998083
90 69 0.998051
90 70 0.998022
90 71 0.997998
90 72 0.997977
90 73 0.997959
90 74 0.997945
90 75 0.997934
90 76 0.997927
90 77 0.997923
90 78 0.997922
90 79 0.997924
90 80 0.997928
90 81 0.997936
90 82 0.997947
90 83 0.99796
90 84 0.997976
90 85 0.997994
90 86 0.998015
90 87 0.998038
90 88 0.998063
90 89 0.99809
90 90 0.99812
90 91 0.998151
90 92 0.998183
90 93 0.998217
90 94 0.998253
90 95 0.998289
90 96 0.998326
90 97 0.998364
90 98 0.998403
90 99 0.998442
90 100 0.998482
90 101 0.998521
90 102 0.99856
90 103 0.998599
90 104 0.998638
90 105 0.998675
90 106 0.998713
90 107 0.998749
90 108 0.998785
90 109 0.99882
90 110 0.998855
90 111 0.998888
90 112 0.998921
90 113 0.998954
90 114 0.998985
90 115 0.999016
90 116 0.999047
90 117 0.999076
90 118 0.999105
90 119 0.999132
90 120 0.999157
90 121 0.99918
90 122 0.9992
90 123 0.999215
90 124 0.999226
90 125 0.999231
90 126 0.99923
90 127 0.999221

91 0 0
91 1 1.00084
91 2 1.00084
91 3 1.00084
91 4 1.00084
91 5 1.00083
91 6 1.00083
91 7 1.00083
91 8 1.00083
91 9 1.00082
91 10 1.00082
91 11 1.00082
91 12 1.00082
91 13 1.00081
91 14 1.00081
91 15 1.00081
91 16 1.0008
91 17 1.0008
91 18 1.0008
91 19 1.00079
91 20 1.00078
91 21 1.00078
91 22 1.00077
91 23 1.00076
91 24 1.00075
91 25 1.00074
91 26 1.00073
91 27 1.00071
91 28 1.00069
91 29 1.00067
91 30 1.00065
91 31 1.00062
91 32 1.00059
91 33 1.00056
91 34 1.00052
91 35 1.00048
91 36 1.00043
91 37 1.00038
91 38 1.00033
91 39 1.00027
91 40 1.00021
91 41 1.00014
91 42 1.00006
91 43 0.999986
91 44 0.999906
91 45 0.999821
91 46 0.999735
91 47 0.999645
91 48 0.999555
91 49 0.999463
91 50 0.99937
91 51 0.999278
91 52 0.999186
91 53 0.999095
91 54 0.999007
91 55 0.99892
91 56 0.998837
91 57 0.998756
91 58 0.998678
91 59 0.998605
91 60 0.998535
91 61 0.998469
91 62 0.998407
91 63 0.998349
91 64 0.998296
91 65 0.998247
91 66 0.998201
91 67 0.99816
91 68 0.998123
91 69 0.99809
91 70 0.998061
91 71 0.998036
91 72 0.998014
91 73 0.997996
91 74 0.997981
91 75 0.99797
91 76 0.997962
91 77 0.997958
91 78 0.997957
91 79 0.997958
91 80 0.997963
91 81 0.997971
91 82 0.997982
91 83 0.997995
91 84 0.998011
91 85 0.998029
91 86 0.99805
91 87 0.998074
91 88 0.998099
91 89 0.998127
91 90 0.998157
91 91 0.998188
91 92 0.998221
91 93 0.998256
91 94 0.998292
91 95 0.998329
91 96 0.998367
91 97 0.998406
91 98 0.998446
91 99 0.998486
91 100 0.998526
91 101 0.998566
91 102 0.998606
91 103 0.998646
91 104 0.998686
91 105 0.998725
91 106 0.998764
91 107 0.998802
91 108 0.998839
91 109 0.998876
91 110 0.998912
91 111 0.998947
91 112 0.998982
91 113 0.999016
91 114 0.999049
91 115 0.999082
91 116 0.999114
91 117 0.999146
91 118 0.999176
91 119 0.999204
91 120 0.999231
91 121 0.999255
91 122 0.999276
91 123 0.999292
91 124 0.999303
91 125 0.999307
91 126 0.999305
91 127 0.999295

92 0 0
92 1 1.00084
92 2 1.00083
92 3 1.00083
92 4 1.00083
92 5 1.00082
92 6 1.00082
92 7 1.00082
92 8 1.00082
92 9 1.00081
92 10 1.00081
92 11 1.00081
92 12 1.00081
92 13 1.00081
92 14 1.0008
92 15 1.0008
92 16 1.0008
92 17 1.00079
92 18 1.00079
92 19 1.00078
92 20 1.00078
92 21 1.00077
92 22 1.00077
92 23 1.00076
92 24 1.00075
92 25 1.00074
92 26 1.00072
92 27 1.00071
92 28 1.00069
92 29 1.00067
92 30 1.00065
92 31 1.00063
92 32 1.0006
92 33 1.00057
92 34 1.00054
92 35 1.0005
92 36 1.00045
92 37 1.00041
92 38 1.00035
92 39 1.0003
92 40 1.00024
92 41 1.00017
92 42 1.0001
92 43 1.00003
92 44 0.999949
92 45 0.999867
92 46 0.999783
92 47 0.999696
92 48 0.999607
92 49 0.999516
92 50 0.999425
92 51 0.999334
92 52 0.999243
92 53 0.999152
92 54 0.999064
92 55 0.998977
92 56 0.998893
92 57 0.998812
92 58 0.998733
92 59 0.998659
92 60 0.998588
92 61 0.998521
92 62 0.998457
92 63 0.998399
92 64 0.998344
92 65 0.998293
92 66 0.998247
92 67 0.998205
92 68 0.998167
92 69 0.998132
92 70 0.998102
92 71 0.998076
92 72 0.998054
92 73 0.998035
92 74 0.99802
92 75 0.998008
92 76 0.998
92 77 0.997995
92 78 0.997993
92 79 0.997995
92 80 0.998
92 81 0.998007
92 82 0.998018
92 83 0.998031
92 84 0.998047
92 85 0.998066
92 86 0.998087
92 87 0.998111
92 88 0.998137
92 89 0.998165
92 90 0.998195
92 91 0.998227
92 92 0.998261
92 93 0.998296
92 94 0.998333
92 95 0.998371
92 96 0.99841
92 97 0.998449
92 98 0.99849
92 99 0.998531
92 100 0.998572
92 101 0.998614
92 102 0.998655
92 103 0.998696
92 104 0.998738
92 105 0.998778
92 106 0.998818
92 107 0.998858
92 108 0.998897
92 109 0.998936
92 110 0.998973
92 111 0.999011
92 112 0.999047
92 113 0.999083
92 114 0.999119
92 115 0.999154
92 116 0.999188
92 117 0.999221
92 118 0.999253
92 119 0.999283
92 120 0.999312
92 121 0.999337
92 122 0.999359
92 123 0.999376
92 124 0.999387
92 125 0.999391
92 126 0.999389
92 127 0.999378

93 0 0
93 1 1.00083
93 2 1.00082
93 3 1.00082
93 4 1.00082
93 5 1.00082
93 6 1.00081
93 7 1.00081
93 8 1.00081
93 9 1.00081
93 10 1.0008
93 11 1.0008
93 12 1.0008
93 13 1.0008
93 14 1.00079
93 15 1.00079
93 16 1.00079
93 17 1.00079
93 18 1.00078
93 19 1.00078
93 20 1.00077
93 21 1.00077
93 22 1.00076
93 23 1.00075
93 24 1.00074
93 25 1.00073
93 26 1.00072
93 27 1.00071
93 28 1.00069
93 29 1.00068
93 30 1.00066
93 31 1.00063
93 32 1.00061
93 33 1.00058
93 34 1.00055
93 35 1.00051
93 36 1.00047
93 37 1.00043
93 38 1.00038
93 39 1.00032
93 40 1.00027
93 41 1.0002
93 42 1.00014
93 43 1.00007
93 44 0.999992
93 45 0.999913
93 46 0.999832
93 47 0.999747
93 48 0.99966
93 49 0.999572
93 50 0.999482
93 51 0.999392
93 52 0.999302
93 53 0.999212
93 54 0.999124
93 55 0.999037
93 56 0.998953
93 57 0.998871
93 58 0.998792
93 59 0.998716
93 60 0.998644
93 61 0.998576
93 62 0.998511
93 63 0.998451
93 64 0.998395
93 65 0.998343
93 66 0.998295
93 67 0.998252
93 68 0.998213
93 69 0.998177
93 70 0.998146
93 71 0.998119
93 72 0.998096
93 73 0.998076
93 74 0.99806
93 75 0.998048
93 76 0.998039
93 77 0.998034
93 78 0.998032
93 79 0.998033
93 80 0.998038
93 81 0.998045
93 82 0.998056
93 83 0.998069
93 84 0.998085
93 85 0.998104
93 86 0.998126
93 87 0.99815
93 88 0.998176
93 89 0.998204
93 90 0.998235
93 91 0.998267
93 92 0.998302
93 93 0.998338
93 94 0.998375
93 95 0.998414
93 96 0.998454
93 97 0.998494
93 98 0.998536
93 99 0.998578
93 100 0.998621
93 101 0.998663
93 102 0.998706
93 103 0.998749
93 104 0.998792
93 105 0.998834
93 106 0.998876
93 107 0.998918
93 108 0.998959
93 109 0.998999
93 110 0.999039
93 111 0.999079
93 112 0.999118
93 113 0.999156
93 114 0.999194
93 115 0.999231
93 116 0.999268
93 117 0.999303
93 118 0.999337
93 119 0.99937
93 120 0.9994
93 121 0.999427
93 122 0.99945
93 123 0.999467
93 124 0.999479
93 125 0.999484
93 126 0.999481
93 127 0.999468

94 0 0
94 1 1.00082
94 2 1.00082
94 3 1.00081
94 4 1.00081
94 5 1.00081
94 6 1.00081
94 7 1.0008
94 8 1.0008
94 9 1.0008
94 10 1.0008
94 11 1.00079
94 12 1.00079
94 13 1.00079
94 14 1.00079
94 15 1.00078
94 16 1.00078
94 17 1.00078
94 18 1.00077
94 19 1.00077
94 20 1.00076
94 21 1.00076
94 22 1.00075
94 23 1.00075
94 24 1.00074
94 25 1.00073
94 26 1.00072
94 27 1.00071
94 28 1.00069
94 29 1.00068
94 30 1.00066
94 31 1.00064
94 32 1.00062
94 33 1.00059
94 34 1.00056
94 35 1.00053
94 36 1.00049
94 37 1.00045
94 38 1.0004
94 39 1.00035
94 40 1.0003
94 41 1.00024
94 42 1.00017
94 43 1.00011
94 44 1.00004
94 45 0.99996
94 46 0.999881
94 47 0.999799
94 48 0.999715
94 49 0.999629
94 50 0.999541
94 51 0.999452
94 52 0.999363
94 53 0.999274
94 54 0.999186
94 55 0.9991
94 56 0.999015
94 57 0.998933
94 58 0.998853
94 59 0.998777
94 60 0.998704
94 61 0.998634
94 62 0.998569
94 63 0.998507
94 64 0.99845
94 65 0.998396
94 66 0.998347
94 67 0.998302
94 68 0.998262
94 69 0.998225
94 70 0.998193
94 71 0.998164
94 72 0.99814
94 73 0.99812
94 74 0.998103
94 75 0.99809
94 76 0.99808
94 77 0.998075
94 78 0.998072
94 79 0.998073
94 80 0.998077
94 81 0.998085
94 82 0.998095
94 83 0.998108
94 84 0.998125
94 85 0.998144
94 86 0.998165
94 87 0.998189
94 88 0.998216
94 89 0.998245
94 90 0.998276
94 91 0.998309
94 92 0.998344
94 93 0.998381
94 94 0.998419
94 95 0.998458
94 96 0.998499
94 97 0.998541
94 98 0.998584
94 99 0.998627
94 100 0.998671
94 101 0.998715
94 102 0.99876
94 103 0.998804
94 104 0.998849
94 105 0.998893
94 106 0.998937
94 107 0.998981
94 108 0.999024
94 109 0.999067
94 110 0.99911
94 111 0.999152
94 112 0.999193
94 113 0.999234
94 114 0.999275
94 115 0.999315
94 116 0.999354
94 117 0.999392
94 118 0.999429
94 119 0.999464
94 120 0.999496
94 121 0.999525
94 122 0.999549
94 123 0.999568
94 124 0.99958
94 125 0.999585
94 126 0.999581
94 127 0.999567

95 0 0
95 1 1.00081
95 2 1.00081
95 3 1.0008
95 4 1.0008
95 5 1.0008
95 6 1.0008
95 7 1.00079
95 8 1.00079
95 9 1.00079
95 10 1.00079
95 11 1.00079
95 12 1.00078
95 13 1.00078
95 14 1.00078
95 15 1.00078
95 16 1.00077
95 17 1.00077
95 18 1.00077
95 19 1.00076
95 20 1.00076
95 21 1.00075
95 22 1.00075
95 23 1.00074
95 24 1.00073
95 25 1.00073
95 26 1.00072
95 27 1.0007
95 28 1.00069
95 29 1.00068
95 30 1.00066
95 31 1.00064
95 32 1.00062
95 33 1.0006
95 34 1.00057
95 35 1.00054
95 36 1.0005
95 37 1.00047
95 38 1.00042
95 39 1.00038
95 40 1.00033
95 41 1.00027
95 42 1.00021
95 43 1.00015
95 44 1.00008
95 45 1.00001
95 46 0.999931
95 47 0.999852
95 48 0.99977
95 49 0.999686
95 50 0.999601
95 51 0.999514
95 52 0.999426
95 53 0.999339
95 54 0.999251
95 55 0.999165
95 56 0.999081
95 57 0.998998
95 58 0.998918
95 59 0.998841
95 60 0.998767
95 61 0.998696
95 62 0.998629
95 63 0.998566
95 64 0.998508
95 65 0.998453
95 66 0.998402
95 67 0.998356
95 68 0.998314
95 69 0.998276
95 70 0.998242
95 71 0.998213
95 72 0.998187
95 73 0.998166
95 74 0.998148
95 75 0.998134
95 76 0.998124
95 77 0.998117
95 78 0.998114
95 79 0.998115
95 80 0.998119
95 81 0.998126
95 82 0.998136
95 83 0.998149
95 84 0.998165
95 85 0.998184
95 86 0.998206
95 87 0.99823
95 88 0.998257
95 89 0.998287
95 90 0.998318
95 91 0.998352
95 92 0.998388
95 93 0.998425
95 94 0.998464
95 95 0.998505
95 96 0.998546
95 97 0.998589
95 98 0.998633
95 99 0.998678
95 100 0.998724
95 101 0.99877
95 102 0.998816
95 103 0.998862
95 104 0.998909
95 105 0.998955
95 106 0.999002
95 107 0.999048
95 108 0.999094
95 109 0.999139
95 110 0.999185
95 111 0.99923
95 112 0.999274
95 113 0.999318
95 114 0.999362
95 115 0.999405
95 116 0.999448
95 117 0.999489
95 118 0.999529
95 119 0.999566
95 120 0.999601
95 121 0.999632
95 122 0.999658
95 123 0.999678
95 124 0.999691
95 125 0.999695
95 126 0.999691
95 127 0.999676

96 0 0
96 1 1.0008
96 2 1.0008
96 3 1.0008
96 4 1.00079
96 5 1.00079
96 6 1.00079
96 7 1.00079
96 8 1.00078
96 9 1.00078
96 10 1.00078
96 11 1.00078
96 12 1.00078
96 13 1.00077
96 14 1.00077
96 15 1.00077
96 16 1.00077
96 17 1.00076
96 18 1.00076
96 19 1.00075
96 20 1.00075
96 21 1.00075
96 22 1.00074
96 23 1.00073
96 24 1.00073
96 25 1.00072
96 26 1.00071
96 27 1.0007
96 28 1.00069
96 29 1.00068
96 30 1.00066
96 31 1.00064
96 32 1.00063
96 33 1.0006
96 34 1.00058
96 35 1.00055
96 36 1.00052
96 37 1.00048
96 38 1.00044
96 39 1.0004
96 40 1.00035
96 41 1.0003
96 42 1.00024
96 43 1.00018
96 44 1.00012
96 45 1.00005
96 46 0.99998
96 47 0.999904
96 48 0.999826
96 49 0.999745
96 50 0.999661
96 51 0.999577
96 52 0.999491
96 53 0.999405
96 54 0.999319
96 55 0.999233
96 56 0.999149
96 57 0.999066
96 58 0.998986
96 59 0.998908
96 60 0.998833
96 61 0.998762
96 62 0.998694
96 63 0.998629
96 64 0.998569
96 65 0.998513
96 66 0.998461
96 67 0.998413
96 68 0.998369
96 69 0.99833
96 70 0.998295
96 71 0.998264
96 72 0.998237
96 73 0.998214
96 74 0.998195
96 75 0.998181
96 76 0.99817
96 77 0.998162
96 78 0.998158
96 79 0.998158
96 80 0.998162
96 81 0.998168
96 82 0.998178
96 83 0.998191
96 84 0.998207
96 85 0.998226
96 86 0.998248
96 87 0.998273
96 88 0.9983
96 89 0.99833
96 90 0.998362
96 91 0.998396
96 92 0.998432
96 93 0.998471
96 94 0.998511
96 95 0.998552
96 96 0.998595
96 97 0.998639
96 98 0.998685
96 99 0.998731
96 100 0.998778
96 101 0.998826
96 102 0.998874
96 103 0.998923
96 104 0.998972
96 105 0.999021
96 106 0.99907
96 107 0.999119
96 108 0.999168
96 109 0.999216
96 110 0.999265
96 111 0.999313
96 112 0.999361
96 113 0.999409
96 114 0.999456
96 115 0.999503
96 116 0.999549
96 117 0.999593
96 118 0.999636
96 119 0.999677
96 120 0.999715
96 121 0.999748
96 122 0.999776
96 123 0.999797
96 124 0.999811
96 125 0.999815
96 126 0.99981
96 127 0.999794

97 0 0
97 1 1.00079
97 2 1.00079
97 3 1.00079
97 4 1.00078
97 5 1.00078
97 6 1.00078
97 7 1.00078
97 8 1.00078
97 9 1.00077
97 10 1.00077
97 11 1.00077
97 12 1.00077
97 13 1.00076
97 14 1.00076
97 15 1.00076
97 16 1.00076
97 17 1.00075
97 18 1.00075
97 19 1.00075
97 20 1.00074
97 21 1.00074
97 22 1.00073
97 23 1.00073
97 24 1.00072
97 25 1.00072
97 26 1.00071
97 27 1.0007
97 28 1.00069
97 29 1.00068
97 30 1.00066
97 31 1.00065
97 32 1.00063
97 33 1.00061
97 34 1.00059
97 35 1.00056
97 36 1.00053
97 37 1.0005
97 38 1.00046
97 39 1.00042
97 40 1.00038
97 41 1.00033
97 42 1.00028
97 43 1.00022
97 44 1.00016
97 45 1.0001
97 46 1.00003
97 47 0.999956
97 48 0.999881
97 49 0.999803
97 50 0.999723
97 51 0.99964
97 52 0.999557
97 53 0.999472
97 54 0.999387
97 55 0.999303
97 56 0.999219
97 57 0.999137
97 58 0.999057
97 59 0.998978
97 60 0.998903
97 61 0.99883
97 62 0.998761
97 63 0.998696
97 64 0.998634
97 65 0.998576
97 66 0.998523
97 67 0.998473
97 68 0.998428
97 69 0.998387
97 70 0.998351
97 71 0.998318
97 72 0.99829
97 73 0.998266
97 74 0.998246
97 75 0.99823
97 76 0.998217
97 77 0.998209
97 78 0.998205
97 79 0.998204
97 80 0.998206
97 81 0.998213
97 82 0.998222
97 83 0.998235
97 84 0.998251
97 85 0.99827
97 86 0.998292
97 87 0.998316
97 88 0.998344
97 89 0.998374
97 90 0.998406
97 91 0.998441
97 92 0.998478
97 93 0.998517
97 94 0.998558
97 95 0.998601
97 96 0.998645
97 97 0.998691
97 98 0.998738
97 99 0.998786
97 100 0.998835
97 101 0.998885
97 102 0.998935
97 103 0.998986
97 104 0.999038
97 105 0.999089
97 106 0.999141
97 107 0.999193
97 108 0.999246
97 109 0.999298
97 110 0.99935
97 111 0.999402
97 112 0.999454
97 113 0.999506
97 114 0.999557
97 115 0.999608
97 116 0.999658
97 117 0.999707
97 118 0.999753
97 119 0.999797
97 120 0.999838
97 121 0.999874
97 122 0.999904
97 123 0.999927
97 124 0.999942
97 125 0.999947
97 126 0.999941
97 127 0.999923

98 0 0
98 1 1.00078
98 2 1.00078
98 3 1.00078
98 4 1.00078
98 5 1.00077
98 6 1.00077
98 7 1.00077
98 8 1.00077
98 9 1.00077
98 10 1.00076
98 11 1.00076
98 12 1.00076
98 13 1.00076
98 14 1.00075
98 15 1.00075
98 16 1.00075
98 17 1.00075
98 18 1.00074
98 19 1.00074
98 20 1.00074
98 21 1.00073
98 22 1.00073
98 23 1.00072
98 24 1.00072
98 25 1.00071
98 26 1.0007
98 27 1.00069
98 28 1.00068
98 29 1.00067
98 30 1.00066
98 31 1.00065
98 32 1.00063
98 33 1.00061
98 34 1.00059
98 35 1.00057
98 36 1.00054
98 37 1.00051
98 38 1.00048
98 39 1.00044
98 40 1.0004
98 41 1.00036
98 42 1.00031
98 43 1.00026
98 44 1.0002
98 45 1.00014
98 46 1.00008
98 47 1.00001
98 48 0.999935
98 49 0.999861
98 50 0.999783
98 51 0.999704
98 52 0.999623
98 53 0.999541
98 54 0.999458
98 55 0.999374
98 56 0.999292
98 57 0.99921
98 58 0.99913
98 59 0.999052
98 60 0.998976
98 61 0.998903
98 62 0.998833
98 63 0.998766
98 64 0.998703
98 65 0.998644
98 66 0.998588
98 67 0.998537
98 68 0.998491
98 69 0.998448
98 70 0.99841
98 71 0.998376
98 72 0.998346
98 73 0.99832
98 74 0.998299
98 75 0.998281
98 76 0.998268
98 77 0.998259
98 78 0.998253
98 79 0.998251
98 80 0.998253
98 81 0.998259
98 82 0.998268
98 83 0.99828
98 84 0.998296
98 85 0.998315
98 86 0.998336
98 87 0.998361
98 88 0.998389
98 89 0.998419
98 90 0.998452
98 91 0.998488
98 92 0.998526
98 93 0.998566
98 94 0.998608
98 95 0.998651
98 96 0.998697
98 97 0.998744
98 98 0.998793
98 99 0.998843
98 100 0.998894
98 101 0.998946
98 102 0.998999
98 103 0.999052
98 104 0.999107
98 105 0.999161
98 106 0.999217
98 107 0.999272
98 108 0.999328
98 109 0.999384
98 110 0.99944
98 111 0.999497
98 112 0.999553
98 113 0.99961
98 114 0.999666
98 115 0.999721
98 116 0.999776
98 117 0.999829
98 118 0.99988
98 119 0.999928
98 120 0.999972
98 121 1.00001
98 122 1.00004
98 123 1.00007
98 124 1.00009
98 125 1.00009
98 126 1.00008
98 127 1.00006

99 0 0
99 1 1.00077
99 2 1.00077
99 3 1.00077
99 4 1.00077
99 5 1.00076
99 6 1.00076
99 7 1.00076
99 8 1.00076
99 9 1.00076
99 10 1.00076
99 11 1.00075
99 12 1.00075
99 13 1.00075
99 14 1.00075
99 15 1.00074
99 16 1.00074
99 17 1.00074
99 18 1.00073
99 19 1.00073
99 20 1.00073
99 21 1.00072
99 22 1.00072
99 23 1.00072
99 24 1.00071
99 25 1.0007
99 26 1.0007
99 27 1.00069
99 28 1.00068
99 29 1.00067
99 30 1.00066
99 31 1.00065
99 32 1.00063
99 33 1.00062
99 34 1.0006
99 35 1.00058
99 36 1.00055
99 37 1.00053
99 38 1.0005
99 39 1.00046
99 40 1.00042
99 41 1.00038
99 42 1.00034
99 43 1.00029
99 44 1.00024
99 45 1.00018
99 46 1.00012
99 47 1.00006
99 48 0.999988
99 49 0.999917
99 50 0.999844
99 51 0.999767
99 52 0.999689
99 53 0.999609
99 54 0.999528
99 55 0.999447
99 56 0.999366
99 57 0.999285
99 58 0.999205
99 59 0.999127
99 60 0.999051
99 61 0.998978
99 62 0.998907
99 63 0.998839
99 64 0.998775
99 65 0.998714
99 66 0.998658
99 67 0.998605
99 68 0.998556
99 69 0.998512
99 70 0.998472
99 71 0.998436
99 72 0.998405
99 73 0.998378
99 74 0.998355
99 75 0.998336
99 76 0.998321
99 77 0.998311
99 78 0.998304
99 79 0.998301
99 80 0.998302
99 81 0.998307
99 82 0.998315
99 83 0.998327
99 84 0.998342
99 85 0.998361
99 86 0.998383
99 87 0.998408
99 88 0.998436
99 89 0.998466
99 90 0.9985
99 91 0.998536
99 92 0.998574
99 93 0.998615
99 94 0.998658
99 95 0.998703
99 96 0.99875
99 97 0.998799
99 98 0.99885
99 99 0.998901
99 100 0.998955
99 101 0.999009
99 102 0.999065
99 103 0.999121
99 104 0.999179
99 105 0.999237
99 106 0.999296
99 107 0.999355
99 108 0.999415
99 109 0.999476
99 110 0.999537
99 111 0.999598
99 112 0.999659
99 113 0.999721
99 114 0.999782
99 115 0.999843
99 116 0.999903
99 117 0.999961
99 118 1.00002
99 119 1.00007
99 120 1.00012
99 121 1.00016
99 122 1.0002
99 123 1.00022
99 124 1.00024
99 125 1.00025
99 126 1.00024
99 127 1.00022

100 0 0
100 1 1.00076
100 2 1.00076
100 3 1.00076
100 4 1.00076
100 5 1.00076
100 6 1.00075
100 7 1.00075
100 8 1.00075
100 9 1.00075
100 10 1.00075
100 11 1.00075
100 12 1.00074
100 13 1.00074
100 14 1.00074
100 15 1.00074
100 16 1.00073
100 17 1.00073
100 18 1.00073
100 19 1.00072
100 20 1.00072
100 21 1.00072
100 22 1.00071
100 23 1.00071
100 24 1.0007
100 25 1.0007
100 26 1.00069
100 27 1.00068
100 28 1.00068
100 29 1.00067
100 30 1.00066
100 31 1.00065
100 32 1.00063
100 33 1.00062
100 34 1.0006
100 35 1.00058
100 36 1.00056
100 37 1.00054
100 38 1.00051
100 39 1.00048
100 40 1.00044
100 41 1.00041
100 42 1.00037
100 43 1.00032
100 44 1.00027
100 45 1.00022
100 46 1.00016
100 47 1.0001
100 48 1.00004
100 49 0.999973
100 50 0.999903
100 51 0.99983
100 52 0.999755
100 53 0.999678
100 54 0.999599
100 55 0.99952
100 56 0.999441
100 57 0.999361
100 58 0.999283
100 59 0.999205
100 60 0.999129
100 61 0.999056
100 62 0.998984
100 63 0.998916
100 64 0.99885
100 65 0.998789
100 66 0.998731
100 67 0.998676
100 68 0.998626
100 69 0.99858
100 70 0.998538
100 71 0.998501
100 72 0.998467
100 73 0.998438
100 74 0.998414
100 75 0.998393
100 76 0.998377
100 77 0.998365
100 78 0.998357
100 79 0.998353
100 80 0.998353
100 81 0.998357
100 82 0.998365
100 83 0.998376
100 84 0.998391
100 85 0.998409
100 86 0.998431
100 87 0.998456
100 88 0.998484
100 89 0.998515
100 90 0.998548
100 91 0.998585
100 92 0.998624
100 93 0.998666
100 94 0.99871
100 95 0.998757
100 96 0.998805
100 97 0.998856
100 98 0.998908
100 99 0.998962
100 100 0.999018
100 101 0.999075
100 102 0.999133
100 103 0.999193
100 104 0.999254
100 105 0.999316
100 106 0.999379
100 107 0.999443
100 108 0.999507
100 109 0.999573
100 110 0.999639
100 111 0.999706
100 112 0.999773
100 113 0.99984
100 114 0.999907
100 115 0.999974
100 116 1.00004
100 117 1.0001
100 118 1.00017
100 119 1.00022
100 120 1.00028
100 121 1.00032
100 122 1.00036
100 123 1.00039
100 124 1.00041
100 125 1.00042
100 126 1.00041
100 127 1.00038

101 0 0
101 1 1.00075
101 2 1.00075
101 3 1.00075
101 4 1.00075
101 5 1.00075
101 6 1.00075
101 7 1.00074
101 8 1.00074
101 9 1.00074
101 10 1.00074
101 11 1.00074
101 12 1.00073
101 13 1.00073
101 14 1.00073
101 15 1.00073
101 16 1.00073
101 17 1.00072
101 18 1.00072
101 19 1.00072
101 20 1.00071
101 21 1.00071
101 22 1.00071
101 23 1.0007
101 24 1.0007
101 25 1.00069
101 26 1.00069
101 27 1.00068
101 28 1.00067
101 29 1.00066
101 30 1.00066
101 31 1.00064
101 32 1.00063
101 33 1.00062
101 34 1.0006
101 35 1.00059
101 36 1.00057
101 37 1.00055
101 38 1.00052
101 39 1.00049
101 40 1.00046
101 41 1.00043
101 42 1.00039
101 43 1.00035
101 44 1.00031
101 45 1.00026
101 46 1.0002
101 47 1.00015
101 48 1.00009
101 49 1.00003
101 50 0.99996
101 51 0.999891
101 52 0.999819
101 53 0.999745
101 54 0.99967
101 55 0.999593
101 56 0.999516
101 57 0.999438
101 58 0.999361
101 59 0.999284
101 60 0.999209
101 61 0.999136
101 62 0.999064
101 63 0.998995
101 64 0.998929
101 65 0.998866
101 66 0.998807
101 67 0.998751
101 68 0.998699
101 69 0.998652
101 70 0.998608
101 71 0.998569
101 72 0.998534
101 73 0.998503
101 74 0.998476
101 75 0.998454
101 76 0.998437
101 77 0.998423
101 78 0.998414
101 79 0.998408
101 80 0.998407
101 81 0.99841
101 82 0.998417
101 83 0.998427
101 84 0.998441
101 85 0.998459
101 86 0.99848
101 87 0.998505
101 88 0.998533
101 89 0.998564
101 90 0.998599
101 91 0.998636
101 92 0.998676
101 93 0.998718
101 94 0.998764
101 95 0.998811
101 96 0.998862
101 97 0.998914
101 98 0.998968
101 99 0.999025
101 100 0.999083
101 101 0.999143
101 102 0.999205
101 103 0.999268
101 104 0.999333
101 105 0.999399
101 106 0.999466
101 107 0.999535
101 108 0.999605
101 109 0.999675
101 110 0.999748
101 111 0.99982
101 112 0.999893
101 113 0.999967
101 114 1.00004
101 115 1.00011
101 116 1.00019
101 117 1.00026
101 118 1.00033
101 119 1.00039
101 120 1.00045
101 121 1.0005
101 122 1.00054
101 123 1.00057
101 124 1.00059
101 125 1.0006
101 126 1.00059
101 127 1.00056

102 0 0
102 1 1.00074
102 2 1.00074
102 3 1.00074
102 4 1.00074
102 5 1.00074
102 6 1.00074
102 7 1.00074
102 8 1.00074
102 9 1.00073
102 10 1.00073
102 11 1.00073
102 12 1.00073
102 13 1.00072
102 14 1.00072
102 15 1.00072
102 16 1.00072
102 17 1.00071
102 18 1.00071
102 19 1.00071
102 20 1.00071
102 21 1.0007
102 22 1.0007
102 23 1.00069
102 24 1.00069
102 25 1.00068
102 26 1.00068
102 27 1.00067
102 28 1.00067
102 29 1.00066
102 30 1.00065
102 31 1.00064
102 32 1.00063
102 33 1.00062
102 34 1.00061
102 35 1.00059
102 36 1.00057
102 37 1.00055
102 38 1.00053
102 39 1.00051
102 40 1.00048
102 41 1.00045
102 42 1.00041
102 43 1.00038
102 44 1.00034
102 45 1.00029
102 46 1.00024
102 47 1.00019
102 48 1.00014
102 49 1.00008
102 50 1.00001
102 51 0.999949
102 52 0.999881
102 53 0.999811
102 54 0.999739
102 55 0.999665
102 56 0.999591
102 57 0.999515
102 58 0.99944
102 59 0.999365
102 60 0.99929
102 61 0.999217
102 62 0.999146
102 63 0.999077
102 64 0.99901
102 65 0.998947
102 66 0.998886
102 67 0.998829
102 68 0.998776
102 69 0.998727
102 70 0.998681
102 71 0.99864
102 72 0.998603
102 73 0.998571
102 74 0.998543
102 75 0.998519
102 76 0.998499
102 77 0.998484
102 78 0.998473
102 79 0.998466
102 80 0.998464
102 81 0.998465
102 82 0.998471
102 83 0.998481
102 84 0.998494
102 85 0.998511
102 86 0.998532
102 87 0.998557
102 88 0.998585
102 89 0.998616
102 90 0.99865
102 91 0.998688
102 92 0.998729
102 93 0.998772
102 94 0.998819
102 95 0.998868
102 96 0.99892
102 97 0.998974
102 98 0.999031
102 99 0.99909
102 100 0.999151
102 101 0.999214
102 102 0.999279
102 103 0.999346
102 104 0.999415
102 105 0.999485
102 106 0.999558
102 107 0.999632
102 108 0.999707
102 109 0.999784
102 110 0.999863
102 111 0.999942
102 112 1.00002
102 113 1.0001
102 114 1.00018
102 115 1.00027
102 116 1.00035
102 117 1.00042
102 118 1.0005
102 119 1.00057
102 120 1.00063
102 121 1.00069
102 122 1.00074
102 123 1.00077
102 124 1.00079
102 125 1.0008
102 126 1.00079
102 127 1.00076

103 0 0
103 1 1.00074
103 2 1.00073
103 3 1.00073
103 4 1.00073
103 5 1.00073
103 6 1.00073
103 7 1.00073
103 8 1.00073
103 9 1.00073
103 10 1.00072
103 11 1.00072
103 12 1.00072
103 13 1.00072
103 14 1.00071
103 15 1.00071
103 16 1.00071
103 17 1.00071
103 18 1.0007
103 19 1.0007
103 20 1.0007
103 21 1.00069
103 22 1.00069
103 23 1.00069
103 24 1.00068
103 25 1.00068
103 26 1.00067
103 27 1.00067
103 28 1.00066
103 29 1.00066
103 30 1.00065
103 31 1.00064
103 32 1.00063
103 33 1.00062
103 34 1.00061
103 35 1.00059
103 36 1.00058
103 37 1.00056
103 38 1.00054
103 39 1.00052
103 40 1.00049
103 41 1.00046
103 42 1.00043
103 43 1.0004
103 44 1.00036
103 45 1.00032
103 46 1.00028
103 47 1.00023
103 48 1.00018
103 49 1.00012
103 50 1.00007
103 51 1
103 52 0.999941
103 53 0.999875
103 54 0.999806
103 55 0.999736
103 56 0.999664
103 57 0.999592
103 58 0.999518
103 59 0.999445
103 60 0.999372
103 61 0.9993
103 62 0.99923
103 63 0.999161
103 64 0.999094
103 65 0.99903
103 66 0.998969
103 67 0.998911
103 68 0.998856
103 69 0.998805
103 70 0.998758
103 71 0.998715
103 72 0.998677
103 73 0.998642
103 74 0.998612
103 75 0.998586
103 76 0.998565
103 77 0.998548
103 78 0.998536
103 79 0.998527
103 80 0.998523
103 81 0.998524
103 82 0.998528
103 83 0.998537
103 84 0.998549
103 85 0.998566
103 86 0.998586
103 87 0.99861
103 88 0.998638
103 89 0.998669
103 90 0.998704
103 91 0.998742
103 92 0.998784
103 93 0.998828
103 94 0.998876
103 95 0.998926
103 96 0.99898
103 97 0.999036
103 98 0.999095
103 99 0.999157
103 100 0.999221
103 101 0.999287
103 102 0.999356
103 103 0.999427
103 104 0.999501
103 105 0.999576
103 106 0.999654
103 107 0.999734
103 108 0.999816
103 109 0.9999
103 110 0.999985
103 111 1.00007
103 112 1.00016
103 113 1.00025
103 114 1.00034
103 115 1.00043
103 116 1.00052
103 117 1.0006
103 118 1.00069
103 119 1.00076
103 120 1.00084
103 121 1.0009
103 122 1.00095
103 123 1.00099
103 124 1.00101
103 125 1.00102
103 126 1.00101
103 127 1.00098

104 0 0
104 1 1.00073
104 2 1.00073
104 3 1.00073
104 4 1.00072
104 5 1.00072
104 6 1.00072
104 7 1.00072
104 8 1.00072
104 9 1.00072
104 10 1.00072
104 11 1.00071
104 12 1.00071
104 13 1.00071
104 14 1.00071
104 15 1.00071
104 16 1.0007
104 17 1.0007
104 18 1.0007
104 19 1.00069
104 20 1.00069
104 21 1.00069
104 22 1.00068
104 23 1.00068
104 24 1.00068
104 25 1.00067
104 26 1.00067
104 27 1.00066
104 28 1.00066
104 29 1.00065
104 30 1.00064
104 31 1.00064
104 32 1.00063
104 33 1.00062
104 34 1.00061
104 35 1.00059
104 36 1.00058
104 37 1.00056
104 38 1.00055
104 39 1.00053
104 40 1.0005
104 41 1.00048
104 42 1.00045
104 43 1.00042
104 44 1.00039
104 45 1.00035
104 46 1.00031
104 47 1.00026
104 48 1.00022
104 49 1.00017
104 50 1.00011
104 51 1.00006
104 52 0.999998
104 53 0.999936
104 54 0.999871
104 55 0.999804
104 56 0.999736
104 57 0.999666
104 58 0.999596
104 59 0.999525
104 60 0.999454
104 61 0.999383
104 62 0.999314
104 63 0.999245
104 64 0.999179
104 65 0.999115
104 66 0.999053
104 67 0.998995
104 68 0.998939
104 69 0.998887
104 70 0.998839
104 71 0.998794
104 72 0.998754
104 73 0.998718
104 74 0.998686
104 75 0.998658
104 76 0.998635
104 77 0.998616
104 78 0.998602
104 79 0.998592
104 80 0.998586
104 81 0.998585
104 82 0.998588
104 83 0.998595
104 84 0.998607
104 85 0.998623
104 86 0.998642
104 87 0.998666
104 88 0.998693
104 89 0.998725
104 90 0.99876
104 91 0.998798
104 92 0.99884
104 93 0.998886
104 94 0.998934
104 95 0.998987
104 96 0.999042
104 97 0.9991
104 98 0.999162
104 99 0.999226
104 100 0.999293
104 101 0.999363
104 102 0.999436
104 103 0.999512
104 104 0.99959
104 105 0.999671
104 106 0.999755
104 107 0.999841
104 108 0.99993
104 109 1.00002
104 110 1.00011
104 111 1.00021
104 112 1.00031
104 113 1.0004
104 114 1.0005
104 115 1.0006
104 116 1.0007
104 117 1.0008
104 118 1.00089
104 119 1.00098
104 120 1.00105
104 121 1.00112
104 122 1.00118
104 123 1.00122
104 124 1.00125
104 125 1.00126
104 126 1.00125
104 127 1.00121

105 0 0
105 1 1.00072
105 2 1.00072
105 3 1.00072
105 4 1.00072
105 5 1.00072
105 6 1.00072
105 7 1.00071
105 8 1.00071
105 9 1.00071
105 10 1.00071
105 11 1.00071
105 12 1.00071
105 13 1.0007
105 14 1.0007
105 15 1.0007
105 16 1.0007
105 17 1.00069
105 18 1.00069
105 19 1.00069
105 20 1.00068
105 21 1.00068
105 22 1.00068
105 23 1.00067
105 24 1.00067
105 25 1.00066
105 26 1.00066
105 27 1.00066
105 28 1.00065
105 29 1.00064
105 30 1.00064
105 31 1.00063
105 32 1.00062
105 33 1.00061
105 34 1.0006
105 35 1.00059
105 36 1.00058
105 37 1.00057
105 38 1.00055
105 39 1.00053
105 40 1.00051
105 41 1.00049
105 42 1.00046
105 43 1.00044
105 44 1.00041
105 45 1.00037
105 46 1.00034
105 47 1.0003
105 48 1.00025
105 49 1.00021
105 50 1.00016
105 51 1.00011
105 52 1.00005
105 53 0.999993
105 54 0.999932
105 55 0.999869
105 56 0.999805
105 57 0.999738
105 58 0.999671
105 59 0.999603
105 60 0.999534
105 61 0.999466
105 62 0.999398
105 63 0.999331
105 64 0.999265
105 65 0.999201
105 66 0.99914
105 67 0.999081
105 68 0.999024
105 69 0.998971
105 70 0.998922
105 71 0.998876
105 72 0.998834
105 73 0.998796
105 74 0.998762
105 75 0.998733
105 76 0.998708
105 77 0.998687
105 78 0.998671
105 79 0.998659
105 80 0.998652
105 81 0.998649
105 82 0.998651
105 83 0.998657
105 84 0.998667
105 85 0.998682
105 86 0.998701
105 87 0.998724
105 88 0.998751
105 89 0.998782
105 90 0.998817
105 91 0.998856
105 92 0.998899
105 93 0.998945
105 94 0.998995
105 95 0.999049
105 96 0.999106
105 97 0.999166
105 98 0.99923
105 99 0.999298
105 100 0.999368
105 101 0.999442
105 102 0.999519
105 103 0.9996
105 104 0.999684
105 105 0.99977
105 106 0.999861
105 107 0.999954
105 108 1.00005
105 109 1.00015
105 110 1.00025
105 111 1.00036
105 112 1.00046
105 113 1.00057
105 114 1.00068
105 115 1.00079
105 116 1.0009
105 117 1.00101
105 118 1.00111
105 119 1.0012
105 120 1.00129
105 121 1.00137
105 122 1.00143
105 123 1.00148
105 124 1.00151
105 125 1.00152
105 126 1.00151
105 127 1.00147

106 0 0
106 1 1.00071
106 2 1.00071
106 3 1.00071
106 4 1.00071
106 5 1.00071
106 6 1.00071
106 7 1.00071
106 8 1.00071
106 9 1.0007
106 10 1.0007
106 11 1.0007
106 12 1.0007
106 13 1.0007
106 14 1.00069
106 15 1.00069
106 16 1.00069
106 17 1.00069
106 18 1.00068
106 19 1.00068
106 20 1.00068
106 21 1.00067
106 22 1.00067
106 23 1.00067
106 24 1.00066
106 25 1.00066
106 26 1.00065
106 27 1.00065
106 28 1.00064
106 29 1.00064
106 30 1.00063
106 31 1.00063
106 32 1.00062
106 33 1.00061
106 34 1.0006
106 35 1.00059
106 36 1.00058
106 37 1.00057
106 38 1.00055
106 39 1.00054
106 40 1.00052
106 41 1.0005
106 42 1.00047
106 43 1.00045
106 44 1.00042
106 45 1.00039
106 46 1.00036
106 47 1.00032
106 48 1.00028
106 49 1.00024
106 50 1.0002
106 51 1.00015
106 52 1.0001
106 53 1.00005
106 54 0.999989
106 55 0.99993
106 56 0.99987
106 57 0.999807
106 58 0.999743
106 59 0.999678
106 60 0.999612
106 61 0.999546
106 62 0.99948
106 63 0.999415
106 64 0.999351
106 65 0.999288
106 66 0.999227
106 67 0.999168
106 68 0.999111
106 69 0.999058
106 70 0.999007
106 71 0.99896
106 72 0.998917
106 73 0.998878
106 74 0.998842
106 75 0.998811
106 76 0.998784
106 77 0.998762
106 78 0.998744
106 79 0.998731
106 80 0.998722
106 81 0.998717
106 82 0.998717
106 83 0.998722
106 84 0.998731
106 85 0.998745
106 86 0.998763
106 87 0.998785
106 88 0.998812
106 89 0.998842
106 90 0.998877
106 91 0.998917
106 92 0.99896
106 93 0.999007
106 94 0.999058
106 95 0.999113
106 96 0.999172
106 97 0.999235
106 98 0.999302
106 99 0.999372
106 100 0.999446
106 101 0.999524
106 102 0.999606
106 103 0.999691
106 104 0.999781
106 105 0.999875
106 106 0.999972
106 107 1.00007
106 108 1.00018
106 109 1.00029
106 110 1.0004
106 111 1.00051
106 112 1.00063
106 113 1.00075
106 114 1.00087
106 115 1.00099
106 116 1.00111
106 117 1.00123
106 118 1.00134
106 119 1.00145
106 120 1.00155
106 121 1.00164
106 122 1.00171
106 123 1.00176
106 124 1.00179
106 125 1.0018
106 126 1.00179
106 127 1.00174

107 0 0
107 1 1.0007
107 2 1.0007
107 3 1.0007
107 4 1.0007
107 5 1.0007
107 6 1.0007
107 7 1.0007
107 8 1.0007
107 9 1.0007
107 10 1.0007
107 11 1.00069
107 12 1.00069
107 13 1.00069
107 14 1.00069
107 15 1.00068
107 16 1.00068
107 17 1.00068
107 18 1.00068
107 19 1.00067
107 20 1.00067
107 21 1.00067
107 22 1.00066
107 23 1.00066
107 24 1.00066
107 25 1.00065
107 26 1.00065
107 27 1.00064
107 28 1.00064
107 29 1.00063
107 30 1.00063
107 31 1.00062
107 32 1.00061
107 33 1.00061
107 34 1.0006
107 35 1.00059
107 36 1.00058
107 37 1.00057
107 38 1.00055
107 39 1.00054
107 40 1.00052
107 41 1.0005
107 42 1.00048
107 43 1.00046
107 44 1.00044
107 45 1.00041
107 46 1.00038
107 47 1.00035
107 48 1.00031
107 49 1.00027
107 50 1.00023
107 51 1.00019
107 52 1.00014
107 53 1.00009
107 54 1.00004
107 55 0.999987
107 56 0.99993
107 57 0.999871
107 58 0.999811
107 59 0.99975
107 60 0.999687
107 61 0.999624
107 62 0.999561
107 63 0.999498
107 64 0.999435
107 65 0.999373
107 66 0.999313
107 67 0.999255
107 68 0.999199
107 69 0.999145
107 70 0.999095
107 71 0.999047
107 72 0.999003
107 73 0.998962
107 74 0.998925
107 75 0.998893
107 76 0.998864
107 77 0.99884
107 78 0.99882
107 79 0.998805
107 80 0.998794
107 81 0.998788
107 82 0.998787
107 83 0.99879
107 84 0.998798
107 85 0.99881
107 86 0.998827
107 87 0.998849
107 88 0.998875
107 89 0.998905
107 90 0.99894
107 91 0.99898
107 92 0.999023
107 93 0.999071
107 94 0.999124
107 95 0.99918
107 96 0.999241
107 97 0.999306
107 98 0.999375
107 99 0.999449
107 100 0.999527
107 101 0.999609
107 102 0.999696
107 103 0.999787
107 104 0.999883
107 105 0.999983
107 106 1.00009
107 107 1.0002
107 108 1.00031
107 109 1.00043
107 110 1.00055
107 111 1.00068
107 112 1.00081
107 113 1.00094
107 114 1.00107
107 115 1.00121
107 116 1.00134
107 117 1.00147
107 118 1.0016
107 119 1.00172
107 120 1.00183
107 121 1.00193
107 122 1.00201
107 123 1.00207
107 124 1.0021
107 125 1.00211
107 126 1.0021
107 127 1.00205

108 0 0
108 1 1.0007
108 2 1.0007
108 3 1.0007
108 4 1.0007
108 5 1.0007
108 6 1.00069
108 7 1.00069
108 8 1.00069
108 9 1.00069
108 10 1.00069
108 11 1.00069
108 12 1.00069
108 13 1.00068
108 14 1.00068
108 15 1.00068
108 16 1.00068
108 17 1.00067
108 18 1.00067
108 19 1.00067
108 20 1.00066
108 21 1.00066
108 22 1.00066
108 23 1.00065
108 24 1.00065
108 25 1.00064
108 26 1.00064
108 27 1.00064
108 28 1.00063
108 29 1.00063
108 30 1.00062
108 31 1.00061
108 32 1.00061
108 33 1.0006
108 34 1.00059
108 35 1.00058
108 36 1.00057
108 37 1.00056
108 38 1.00055
108 39 1.00054
108 40 1.00052
108 41 1.00051
108 42 1.00049
108 43 1.00047
108 44 1.00045
108 45 1.00042
108 46 1.0004
108 47 1.00037
108 48 1.00033
108 49 1.0003
108 50 1.00026
108 51 1.00022
108 52 1.00018
108 53 1.00014
108 54 1.00009
108 55 1.00004
108 56 0.999985
108 57 0.999931
108 58 0.999875
108 59 0.999817
108 60 0.999758
108 61 0.999698
108 62 0.999638
108 63 0.999577
108 64 0.999517
108 65 0.999457
108 66 0.999399
108 67 0.999341
108 68 0.999286
108 69 0.999233
108 70 0.999182
108 71 0.999134
108 72 0.999089
108 73 0.999048
108 74 0.99901
108 75 0.998976
108 76 0.998947
108 77 0.998921
108 78 0.9989
108 79 0.998883
108 80 0.99887
108 81 0.998863
108 82 0.99886
108 83 0.998861
108 84 0.998868
108 85 0.998879
108 86 0.998895
108 87 0.998915
108 88 0.998941
108 89 0.998971
108 90 0.999006
108 91 0.999045
108 92 0.999089
108 93 0.999138
108 94 0.999191
108 95 0.99925
108 96 0.999312
108 97 0.99938
108 98 0.999452
108 99 0.999529
108 100 0.999611
108 101 0.999697
108 102 0.999789
108 103 0.999886
108 104 0.999988
108 105 1.00009
108 106 1.00021
108 107 1.00033
108 108 1.00045
108 109 1.00058
108 110 1.00071
108 111 1.00085
108 112 1.00099
108 113 1.00114
108 114 1.00129
108 115 1.00144
108 116 1.00158
108 117 1.00174
108 118 1.00188
108 119 1.00201
108 120 1.00213
108 121 1.00224
108 122 1.00233
108 123 1.0024
108 124 1.00244
108 125 1.00245
108 126 1.00243
108 127 1.00238

109 0 0
109 1 1.00069
109 2 1.00069
109 3 1.00069
109 4 1.00069
109 5 1.00069
109 6 1.00069
109 7 1.00069
109 8 1.00069
109 9 1.00069
109 10 1.00068
109 11 1.00068
109 12 1.00068
109 13 1.00068
109 14 1.00068
109 15 1.00067
109 16 1.00067
109 17 1.00067
109 18 1.00066
109 19 1.00066
109 20 1.00066
109 21 1.00065
109 22 1.00065
109 23 1.00065
109 24 1.00064
109 25 1.00064
109 26 1.00063
109 27 1.00063
109 28 1.00063
109 29 1.00062
109 30 1.00061
109 31 1.00061
109 32 1.0006
109 33 1.0006
109 34 1.00059
109 35 1.00058
109 36 1.00057
109 37 1.00056
109 38 1.00055
109 39 1.00054
109 40 1.00052
109 41 1.00051
109 42 1.00049
109 43 1.00047
109 44 1.00045
109 45 1.00043
109 46 1.00041
109 47 1.00038
109 48 1.00035
109 49 1.00032
109 50 1.00029
109 51 1.00025
109 52 1.00021
109 53 1.00017
109 54 1.00013
109 55 1.00008
109 56 1.00003
109 57 0.999984
109 58 0.999932
109 59 0.999878
109 60 0.999823
109 61 0.999767
109 62 0.99971
109 63 0.999652
109 64 0.999595
109 65 0.999538
109 66 0.999481
109 67 0.999426
109 68 0.999372
109 69 0.999319
109 70 0.999269
109 71 0.999221
109 72 0.999177
109 73 0.999135
109 74 0.999097
109 75 0.999062
109 76 0.999031
109 77 0.999004
109 78 0.998981
109 79 0.998963
109 80 0.998949
109 81 0.99894
109 82 0.998935
109 83 0.998936
109 84 0.998941
109 85 0.998951
109 86 0.998965
109 87 0.998985
109 88 0.99901
109 89 0.999039
109 90 0.999074
109 91 0.999113
109 92 0.999158
109 93 0.999207
109 94 0.999262
109 95 0.999321
109 96 0.999386
109 97 0.999456
109 98 0.999531
109 99 0.999611
109 100 0.999697
109 101 0.999789
109 102 0.999886
109 103 0.999989
109 104 1.0001
109 105 1.00021
109 106 1.00033
109 107 1.00046
109 108 1.00059
109 109 1.00074
109 110 1.00088
109 111 1.00103
109 112 1.00119
109 113 1.00136
109 114 1.00152
109 115 1.00168
109 116 1.00185
109 117 1.00202
109 118 1.00217
109 119 1.00232
109 120 1.00247
109 121 1.00259
109 122 1.00268
109 123 1.00276
109 124 1.00281
109 125 1.00282
109 126 1.0028
109 127 1.00274

110 0 0
110 1 1.00068
110 2 1.00068
110 3 1.00068
110 4 1.00068
110 5 1.00068
110 6 1.00068
110 7 1.00068
110 8 1.00068
110 9 1.00068
110 10 1.00068
110 11 1.00068
110 12 1.00067
110 13 1.00067
110 14 1.00067
110 15 1.00067
110 16 1.00066
110 17 1.00066
110 18 1.00066
110 19 1.00066
110 20 1.00065
110 21 1.00065
110 22 1.00064
110 23 1.00064
110 24 1.00064
110 25 1.00063
110 26 1.00063
110 27 1.00062
110 28 1.00062
110 29 1.00061
110 30 1.00061
110 31 1.0006
110 32 1.0006
110 33 1.00059
110 34 1.00058
110 35 1.00057
110 36 1.00057
110 37 1.00056
110 38 1.00055
110 39 1.00053
110 40 1.00052
110 41 1.00051
110 42 1.00049
110 43 1.00048
110 44 1.00046
110 45 1.00044
110 46 1.00042
110 47 1.00039
110 48 1.00037
110 49 1.00034
110 50 1.00031
110 51 1.00028
110 52 1.00024
110 53 1.0002
110 54 1.00016
110 55 1.00012
110 56 1.00008
110 57 1.00003
110 58 0.999983
110 59 0.999934
110 60 0.999882
110 61 0.99983
110 62 0.999776
110 63 0.999722
110 64 0.999668
110 65 0.999614
110 66 0.999559
110 67 0.999506
110 68 0.999454
110 69 0.999403
110 70 0.999354
110 71 0.999307
110 72 0.999263
110 73 0.999221
110 74 0.999183
110 75 0.999147
110 76 0.999116
110 77 0.999088
110 78 0.999064
110 79 0.999045
110 80 0.99903
110 81 0.999019
110 82 0.999014
110 83 0.999012
110 84 0.999016
110 85 0.999025
110 86 0.999039
110 87 0.999058
110 88 0.999081
110 89 0.999111
110 90 0.999145
110 91 0.999184
110 92 0.999229
110 93 0.999279
110 94 0.999335
110 95 0.999396
110 96 0.999463
110 97 0.999535
110 98 0.999613
110 99 0.999697
110 100 0.999787
110 101 0.999883
110 102 0.999985
110 103 1.00009
110 104 1.00021
110 105 1.00033
110 106 1.00046
110 107 1.0006
110 108 1.00075
110 109 1.0009
110 110 1.00106
110 111 1.00122
110 112 1.0014
110 113 1.00158
110 114 1.00175
110 115 1.00195
110 116 1.00214
110 117 1.00231
110 118 1.00249
110 119 1.00267
110 120 1.00282
110 121 1.00295
110 122 1.00307
110 123 1.00316
110 124 1.00321
110 125 1.00322
110 126 1.0032
110 127 1.00314

111 0 0
111 1 1.00068
111 2 1.00068
111 3 1.00068
111 4 1.00068
111 5 1.00068
111 6 1.00068
111 7 1.00068
111 8 1.00068
111 9 1.00067
111 10 1.00067
111 11 1.00067
111 12 1.00067
111 13 1.00067
111 14 1.00067
111 15 1.00066
111 16 1.00066
111 17 1.00066
111 18 1.00065
111 19 1.00065
111 20 1.00065
111 21 1.00064
111 22 1.00064
111 23 1.00064
111 24 1.00063
111 25 1.00063
111 26 1.00062
111 27 1.00062
111 28 1.00061
111 29 1.00061
111 30 1.0006
111 31 1.0006
111 32 1.00059
111 33 1.00058
111 34 1.00058
111 35 1.00057
111 36 1.00056
111 37 1.00055
111 38 1.00054
111 39 1.00053
111 40 1.00052
111 41 1.00051
111 42 1.00049
111 43 1.00048
111 44 1.00046
111 45 1.00044
111 46 1.00042
111 47 1.0004
111 48 1.00038
111 49 1.00035
111 50 1.00032
111 51 1.00029
111 52 1.00026
111 53 1.00023
111 54 1.00019
111 55 1.00015
111 56 1.00011
111 57 1.00007
111 58 1.00003
111 59 0.999982
111 60 0.999935
111 61 0.999886
111 62 0.999836
111 63 0.999786
111 64 0.999735
111 65 0.999684
111 66 0.999632
111 67 0.999582
111 68 0.999532
111 69 0.999483
111 70 0.999435
111 71 0.99939
111 72 0.999346
111 73 0.999305
111 74 0.999267
111 75 0.999232
111 76 0.9992
111 77 0.999172
111 78 0.999148
111 79 0.999128
111 80 0.999112
111 81 0.9991
111 82 0.999093
111 83 0.999091
111 84 0.999094
111 85 0.999102
111 86 0.999114
111 87 0.999132
111 88 0.999156
111 89 0.999184
111 90 0.999218
111 91 0.999258
111 92 0.999303
111 93 0.999354
111 94 0.999411
111 95 0.999473
111 96 0.999542
111 97 0.999616
111 98 0.999697
111 99 0.999785
111 100 0.999879
111 101 0.99998
111 102 1.00009
111 103 1.0002
111 104 1.00033
111 105 1.00046
111 106 1.0006
111 107 1.00075
111 108 1.00091
111 109 1.00107
111 110 1.00124
111 111 1.00143
111 112 1.00162
111 113 1.00181
111 114 1.00202
111 115 1.00223
111 116 1.00242
111 117 1.00263
111 118 1.00285
111 119 1.00303
111 120 1.0032
111 121 1.00337
111 122 1.0035
111 123 1.00359
111 124 1.00365
111 125 1.00367
111 126 1.00365
111 127 1.00357

112 0 0
112 1 1.00067
112 2 1.00067
112 3 1.00067
112 4 1.00067
112 5 1.00067
112 6 1.00067
112 7 1.00067
112 8 1.00067
112 9 1.00067
112 10 1.00067
112 11 1.00067
112 12 1.00066
112 13 1.00066
112 14 1.00066
112 15 1.00066
112 16 1.00065
112 17 1.00065
112 18 1.00065
112 19 1.00065
112 20 1.00064
112 21 1.00064
112 22 1.00063
112 23 1.00063
112 24 1.00063
112 25 1.00062
112 26 1.00062
112 27 1.00061
112 28 1.00061
112 29 1.0006
112 30 1.0006
112 31 1.00059
112 32 1.00058
112 33 1.00058
112 34 1.00057
112 35 1.00056
112 36 1.00055
112 37 1.00055
112 38 1.00054
112 39 1.00053
112 40 1.00051
112 41 1.0005
112 42 1.00049
112 43 1.00047
112 44 1.00046
112 45 1.00044
112 46 1.00042
112 47 1.0004
112 48 1.00038
112 49 1.00036
112 50 1.00033
112 51 1.00031
112 52 1.00028
112 53 1.00025
112 54 1.00021
112 55 1.00018
112 56 1.00014
112 57 1.0001
112 58 1.00006
112 59 1.00002
112 60 0.999979
112 61 0.999935
112 62 0.999889
112 63 0.999842
112 64 0.999794
112 65 0.999746
112 66 0.999698
112 67 0.999651
112 68 0.999603
112 69 0.999557
112 70 0.999512
112 71 0.999468
112 72 0.999426
112 73 0.999386
112 74 0.999349
112 75 0.999314
112 76 0.999283
112 77 0.999255
112 78 0.99923
112 79 0.99921
112 80 0.999193
112 81 0.999181
112 82 0.999174
112 83 0.999171
112 84 0.999172
112 85 0.999179
112 86 0.999191
112 87 0.999209
112 88 0.999232
112 89 0.99926
112 90 0.999294
112 91 0.999333
112 92 0.999379
112 93 0.999431
112 94 0.999488
112 95 0.999552
112 96 0.999623
112 97 0.9997
112 98 0.999784
112 99 0.999875
112 100 0.999973
112 101 1.00008
112 102 1.00019
112 103 1.00032
112 104 1.00045
112 105 1.00059
112 106 1.00074
112 107 1.0009
112 108 1.00106
112 109 1.00125
112 110 1.00144
112 111 1.00163
112 112 1.00184
112 113 1.00207
112 114 1.0023
112 115 1.00251
112 116 1.00274
112 117 1.003
112 118 1.00321
112 119 1.00341
112 120 1.00363
112 121 1.00382
112 122 1.00395
112 123 1.00406
112 124 1.00414
112 125 1.00416
112 126 1.00413
112 127 1.00405

113 0 0
113 1 1.00067
113 2 1.00067
113 3 1.00067
113 4 1.00067
113 5 1.00067
113 6 1.00067
113 7 1.00067
113 8 1.00067
113 9 1.00067
113 10 1.00066
113 11 1.00066
113 12 1.00066
113 13 1.00066
113 14 1.00066
113 15 1.00065
113 16 1.00065
113 17 1.00065
113 18 1.00064
113 19 1.00064
113 20 1.00064
113 21 1.00063
113 22 1.00063
113 23 1.00062
113 24 1.00062
113 25 1.00062
113 26 1.00061
113 27 1.00061
113 28 1.0006
113 29 1.0006
113 30 1.00059
113 31 1.00058
113 32 1.00058
113 33 1.00057
113 34 1.00056
113 35 1.00056
113 36 1.00055
113 37 1.00054
113 38 1.00053
113 39 1.00052
113 40 1.00051
113 41 1.0005
113 42 1.00048
113 43 1.00047
113 44 1.00046
113 45 1.00044
113 46 1.00042
113 47 1.00041
113 48 1.00039
113 49 1.00036
113 50 1.00034
113 51 1.00032
113 52 1.00029
113 53 1.00026
113 54 1.00023
113 55 1.0002
113 56 1.00017
113 57 1.00013
113 58 1.00009
113 59 1.00006
113 60 1.00002
113 61 0.999975
113 62 0.999933
113 63 0.99989
113 64 0.999846
113 65 0.999801
113 66 0.999757
113 67 0.999712
113 68 0.999668
113 69 0.999624
113 70 0.999581
113 71 0.99954
113 72 0.9995
113 73 0.999461
113 74 0.999426
113 75 0.999392
113 76 0.999362
113 77 0.999334
113 78 0.99931
113 79 0.99929
113 80 0.999273
113 81 0.999261
113 82 0.999253
113 83 0.999249
113 84 0.999251
113 85 0.999257
113 86 0.999269
113 87 0.999286
113 88 0.999308
113 89 0.999336
113 90 0.99937
113 91 0.99941
113 92 0.999456
113 93 0.999509
113 94 0.999567
113 95 0.999633
113 96 0.999705
113 97 0.999785
113 98 0.999872
113 99 0.999967
113 100 1.00007
113 101 1.00018
113 102 1.0003
113 103 1.00043
113 104 1.00057
113 105 1.00072
113 106 1.00088
113 107 1.00105
113 108 1.00123
113 109 1.00143
113 110 1.00163
113 111 1.00184
113 112 1.00208
113 113 1.00233
113 114 1.00256
113 115 1.00281
113 116 1.00311
113 117 1.00335
113 118 1.00357
113 119 1.00386
113 120 1.00411
113 121 1.00427
113 122 1.00444
113 123 1.0046
113 124 1.00468
113 125 1.00468
113 126 1.00467
113 127 1.00458

114 0 0
114 1 1.00066
114 2 1.00066
114 3 1.00066
114 4 1.00066
114 5 1.00066
114 6 1.00066
114 7 1.00066
114 8 1.00066
114 9 1.00066
114 10 1.00066
114 11 1.00066
114 12 1.00066
114 13 1.00065
114 14 1.00065
114 15 1.00065
114 16 1.00065
114 17 1.00064
114 18 1.00064
114 19 1.00064
114 20 1.00063
114 21 1.00063
114 22 1.00062
114 23 1.00062
114 24 1.00062
114 25 1.00061
114 26 1.00061
114 27 1.0006
114 28 1.0006
114 29 1.00059
114 30 1.00058
114 31 1.00058
114 32 1.00057
114 33 1.00056
114 34 1.00056
114 35 1.00055
114 36 1.00054
114 37 1.00053
114 38 1.00052
114 39 1.00051
114 40 1.0005
114 41 1.00049
114 42 1.00048
114 43 1.00047
114 44 1.00045
114 45 1.00044
114 46 1.00042
114 47 1.0004
114 48 1.00038
114 49 1.00036
114 50 1.00034
114 51 1.00032
114 52 1.0003
114 53 1.00027
114 54 1.00024
114 55 1.00021
114 56 1.00018
114 57 1.00015
114 58 1.00012
114 59 1.00008
114 60 1.00005
114 61 1.00001
114 62 0.999969
114 63 0.999929
114 64 0.999889
114 65 0.999847
114 66 0.999806
114 67 0.999765
114 68 0.999723
114 69 0.999683
114 70 0.999642
114 71 0.999603
114 72 0.999566
114 73 0.99953
114 74 0.999496
114 75 0.999464
114 76 0.999435
114 77 0.999408
114 78 0.999385
114 79 0.999365
114 80 0.999349
114 81 0.999337
114 82 0.999329
114 83 0.999326
114 84 0.999327
114 85 0.999334
114 86 0.999345
114 87 0.999362
114 88 0.999384
114 89 0.999412
114 90 0.999447
114 91 0.999487
114 92 0.999534
114 93 0.999587
114 94 0.999647
114 95 0.999714
114 96 0.999789
114 97 0.999871
114 98 0.999961
114 99 1.00006
114 100 1.00017
114 101 1.00028
114 102 1.00041
114 103 1.00055
114 104 1.00069
114 105 1.00085
114 106 1.00102
114 107 1.00121
114 108 1.0014
114 109 1.00161
114 110 1.00183
114 111 1.00208
114 112 1.00233
114 113 1.00257
114 114 1.00285
114 115 1.00317
114 116 1.00344
114 117 1.0037
114 118 1.00403
114 119 1.00434
114 120 1.00454
114 121 1.00478
114 122 1.00503
114 123 1.00516
114 124 1.00524
114 125 1.00529
114 126 1.00526
114 127 1.00516

115 0 0
115 1 1.00066
115 2 1.00066
115 3 1.00066
115 4 1.00066
115 5 1.00066
115 6 1.00066
115 7 1.00066
115 8 1.00066
115 9 1.00066
115 10 1.00066
115 11 1.00066
115 12 1.00065
115 13 1.00065
115 14 1.00065
115 15 1.00065
115 16 1.00064
115 17 1.00064
115 18 1.00064
115 19 1.00063
115 20 1.00063
115 21 1.00062
115 22 1.00062
115 23 1.00062
115 24 1.00061
115 25 1.00061
115 26 1.0006
115 27 1.0006
115 28 1.00059
115 29 1.00058
115 30 1.00058
115 31 1.00057
115 32 1.00057
115 33 1.00056
115 34 1.00055
115 35 1.00054
115 36 1.00053
115 37 1.00053
115 38 1.00052
115 39 1.00051
115 40 1.0005
115 41 1.00048
115 42 1.00047
115 43 1.00046
115 44 1.00045
115 45 1.00043
115 46 1.00042
115 47 1.0004
115 48 1.00038
115 49 1.00036
115 50 1.00034
115 51 1.00032
115 52 1.0003
115 53 1.00027
115 54 1.00025
115 55 1.00022
115 56 1.00019
115 57 1.00016
115 58 1.00013
115 59 1.0001
115 60 1.00007
115 61 1.00003
115 62 0.999996
115 63 0.99996
115 64 0.999922
115 65 0.999884
115 66 0.999846
115 67 0.999808
115 68 0.99977
115 69 0.999732
115 70 0.999695
115 71 0.999658
115 72 0.999623
115 73 0.999589
115 74 0.999557
115 75 0.999528
115 76 0.9995
115 77 0.999475
115 78 0.999453
115 79 0.999435
115 80 0.999419
115 81 0.999408
115 82 0.999401
115 83 0.999398
115 84 0.9994
115 85 0.999406
115 86 0.999418
115 87 0.999435
115 88 0.999458
115 89 0.999486
115 90 0.999521
115 91 0.999562
115 92 0.99961
115 93 0.999664
115 94 0.999726
115 95 0.999795
115 96 0.999872
115 97 0.999957
115 98 1.00005
115 99 1.00015
115 100 1.00026
115 101 1.00039
115 102 1.00052
115 103 1.00066
115 104 1.00082
115 105 1.00098
115 106 1.00117
115 107 1.00136
115 108 1.00157
115 109 1.00179
115 110 1.00204
115 111 1.0023
115 112 1.00255
115 113 1.00285
115 114 1.00318
115 115 1.00348
115 116 1.00376
115 117 1.00414
115 118 1.00452
115 119 1.00475
115 120 1.00504
115 121 1.00542
115 122 1.00563
115 123 1.00574
115 124 1.00589
115 125 1.00598
115 126 1.00593
115 127 1.00579

116 0 0
116 1 1.00065
116 2 1.00065
116 3 1.00066
116 4 1.00066
116 5 1.00066
116 6 1.00066
116 7 1.00066
116 8 1.00066
116 9 1.00066
116 10 1.00065
116 11 1.00065
116 12 1.00065
116 13 1.00065
116 14 1.00065
116 15 1.00064
116 16 1.00064
116 17 1.00064
116 18 1.00063
116 19 1.00063
116 20 1.00063
116 21 1.00062
116 22 1.00062
116 23 1.00061
116 24 1.00061
116 25 1.0006
116 26 1.0006
116 27 1.00059
116 28 1.00059
116 29 1.00058
116 30 1.00057
116 31 1.00057
116 32 1.00056
116 33 1.00055
116 34 1.00054
116 35 1.00054
116 36 1.00053
116 37 1.00052
116 38 1.00051
116 39 1.0005
116 40 1.00049
116 41 1.00048
116 42 1.00047
116 43 1.00045
116 44 1.00044
116 45 1.00042
116 46 1.00041
116 47 1.00039
116 48 1.00038
116 49 1.00036
116 50 1.00034
116 51 1.00032
116 52 1.0003
116 53 1.00027
116 54 1.00025
116 55 1.00022
116 56 1.0002
116 57 1.00017
116 58 1.00014
116 59 1.00011
116 60 1.00008
116 61 1.00005
116 62 1.00002
116 63 0.999982
116 64 0.999947
116 65 0.999912
116 66 0.999877
116 67 0.999842
116 68 0.999806
116 69 0.999771
116 70 0.999737
116 71 0.999703
116 72 0.999671
116 73 0.999639
116 74 0.99961
116 75 0.999582
116 76 0.999556
116 77 0.999533
116 78 0.999513
116 79 0.999496
116 80 0.999482
116 81 0.999472
116 82 0.999466
116 83 0.999464
116 84 0.999466
116 85 0.999474
116 86 0.999486
116 87 0.999504
116 88 0.999527
116 89 0.999556
116 90 0.999592
116 91 0.999634
116 92 0.999682
116 93 0.999738
116 94 0.999802
116 95 0.999873
116 96 0.999952
116 97 1.00004
116 98 1.00014
116 99 1.00024
116 100 1.00036
116 101 1.00049
116 102 1.00063
116 103 1.00077
116 104 1.00094
116 105 1.00112
116 106 1.00131
116 107 1.00151
116 108 1.00174
116 109 1.00199
116 110 1.00224
116 111 1.0025
116 112 1.00281
116 113 1.00315
116 114 1.00346
116 115 1.00378
116 116 1.0042
116 117 1.0046
116 118 1.00488
116 119 1.00524
116 120 1.00575
116 121 1.006
116 122 1.00616
116 123 1.00651
116 124 1.00669
116 125 1.00667
116 126 1.00666
116 127 1.00652

117 0 0
117 1 1.00065
117 2 1.00065
117 3 1.00065
117 4 1.00065
117 5 1.00065
117 6 1.00065
117 7 1.00065
117 8 1.00065
117 9 1.00065
117 10 1.00065
117 11 1.00065
117 12 1.00065
117 13 1.00065
117 14 1.00064
117 15 1.00064
117 16 1.00064
117 17 1.00063
117 18 1.00063
117 19 1.00063
117 20 1.00062
117 21 1.00062
117 22 1.00061
117 23 1.00061
117 24 1.0006
117 25 1.0006
117 26 1.00059
117 27 1.00059
117 28 1.00058
117 29 1.00057
117 30 1.00057
117 31 1.00056
117 32 1.00055
117 33 1.00055
117 34 1.00054
117 35 1.00053
117 36 1.00052
117 37 1.00051
117 38 1.0005
117 39 1.00049
117 40 1.00048
117 41 1.00047
117 42 1.00046
117 43 1.00044
117 44 1.00043
117 45 1.00042
117 46 1.0004
117 47 1.00039
117 48 1.00037
117 49 1.00035
117 50 1.00033
117 51 1.00031
117 52 1.00029
117 53 1.00027
117 54 1.00025
117 55 1.00022
117 56 1.0002
117 57 1.00017
117 58 1.00014
117 59 1.00012
117 60 1.00009
117 61 1.00006
117 62 1.00003
117 63 0.999995
117 64 0.999963
117 65 0.999931
117 66 0.999898
117 67 0.999866
117 68 0.999833
117 69 0.999801
117 70 0.999769
117 71 0.999738
117 72 0.999708
117 73 0.999679
117 74 0.999651
117 75 0.999626
117 76 0.999602
117 77 0.999581
117 78 0.999563
117 79 0.999547
117 80 0.999535
117 81 0.999526
117 82 0.999522
117 83 0.999521
117 84 0.999525
117 85 0.999533
117 86 0.999546
117 87 0.999565
117 88 0.999589
117 89 0.99962
117 90 0.999656
117 91 0.9997
117 92 0.99975
117 93 0.999807
117 94 0.999872
117 95 0.999945
117 96 1.00003
117 97 1.00012
117 98 1.00022
117 99 1.00033
117 100 1.00045
117 101 1.00058
117 102 1.00073
117 103 1.00088
117 104 1.00106
117 105 1.00124
117 106 1.00144
117 107 1.00166
117 108 1.00191
117 109 1.00216
117 110 1.00243
117 111 1.00274
117 112 1.00308
117 113 1.00339
117 114 1.00373
117 115 1.00418
117 116 1.00461
117 117 1.00493
117 118 1.00534
117 119 1.00594
117 120 1.00631
117 121 1.00649
117 122 1.00698
117 123 1.00738
117 124 1.00743
117 125 1.00745
117 126 1.00749
117 127 1.00742

118 0 0
118 1 1.00065
118 2 1.00065
118 3 1.00065
118 4 1.00065
118 5 1.00065
118 6 1.00065
118 7 1.00065
118 8 1.00065
118 9 1.00065
118 10 1.00065
118 11 1.00065
118 12 1.00065
118 13 1.00064
118 14 1.00064
118 15 1.00064
118 16 1.00063
118 17 1.00063
118 18 1.00063
118 19 1.00062
118 20 1.00062
118 21 1.00061
118 22 1.00061
118 23 1.0006
118 24 1.0006
118 25 1.00059
118 26 1.00059
118 27 1.00058
118 28 1.00058
118 29 1.00057
118 30 1.00056
118 31 1.00056
118 32 1.00055
118 33 1.00054
118 34 1.00053
118 35 1.00052
118 36 1.00051
118 37 1.0005
118 38 1.00049
118 39 1.00048
118 40 1.00047
118 41 1.00046
118 42 1.00045
118 43 1.00044
118 44 1.00042
118 45 1.00041
118 46 1.00039
118 47 1.00038
118 48 1.00036
118 49 1.00034
118 50 1.00032
118 51 1.0003
118 52 1.00028
118 53 1.00026
118 54 1.00024
118 55 1.00022
118 56 1.00019
118 57 1.00017
118 58 1.00014
118 59 1.00012
118 60 1.00009
118 61 1.00006
118 62 1.00003
118 63 1
118 64 0.999972
118 65 0.999941
118 66 0.999911
118 67 0.99988
118 68 0.99985
118 69 0.99982
118 70 0.99979
118 71 0.999761
118 72 0.999734
118 73 0.999707
118 74 0.999682
118 75 0.999659
118 76 0.999637
118 77 0.999618
118 78 0.999602
118 79 0.999588
118 80 0.999577
118 81 0.99957
118 82 0.999567
118 83 0.999568
118 84 0.999573
118 85 0.999583
118 86 0.999597
118 87 0.999617
118 88 0.999643
118 89 0.999674
118 90 0.999712
118 91 0.999757
118 92 0.999809
118 93 0.999868
118 94 0.999935
118 95 1.00001
118 96 1.00009
118 97 1.00019
118 98 1.00029
118 99 1.00041
118 100 1.00053
118 101 1.00067
118 102 1.00082
118 103 1.00099
118 104 1.00116
118 105 1.00136
118 106 1.00158
118 107 1.00181
118 108 1.00205
118 109 1.00232
118 110 1.00263
118 111 1.00296
118 112 1.00327
118 113 1.00364
118 114 1.0041
118 115 1.00452
118 116 1.00487
118 117 1.00537
118 118 1.00604
118 119 1.00642
118 120 1.00665
118 121 1.0074
118 122 1.00805
118 123 1.00794
118 124 1.00819
118 125 1.00866
118 126 1.00851
118 127 1.00819

119 0 0
119 1 1.00065
119 2 1.00065
119 3 1.00065
119 4 1.00065
119 5 1.00065
119 6 1.00065
119 7 1.00065
119 8 1.00065
119 9 1.00065
119 10 1.00065
119 11 1.00065
119 12 1.00064
119 13 1.00064
119 14 1.00064
119 15 1.00064
119 16 1.00063
119 17 1.00063
119 18 1.00063
119 19 1.00062
119 20 1.00062
119 21 1.00061
119 22 1.00061
119 23 1.0006
119 24 1.0006
119 25 1.00059
119 26 1.00058
119 27 1.00058
119 28 1.00057
119 29 1.00057
119 30 1.00056
119 31 1.00055
119 32 1.00054
119 33 1.00053
119 34 1.00053
119 35 1.00052
119 36 1.00051
119 37 1.0005
119 38 1.00049
119 39 1.00048
119 40 1.00047
119 41 1.00045
119 42 1.00044
119 43 1.00043
119 44 1.00041
119 45 1.0004
119 46 1.00038
119 47 1.00037
119 48 1.00035
119 49 1.00033
119 50 1.00031
119 51 1.0003
119 52 1.00028
119 53 1.00025
119 54 1.00023
119 55 1.00021
119 56 1.00019
119 57 1.00016
119 58 1.00014
119 59 1.00011
119 60 1.00008
119 61 1.00006
119 62 1.00003
119 63 1
119 64 0.999973
119 65 0.999944
119 66 0.999915
119 67 0.999886
119 68 0.999858
119 69 0.99983
119 70 0.999802
119 71 0.999775
119 72 0.999749
119 73 0.999725
119 74 0.999701
119 75 0.99968
119 76 0.999661
119 77 0.999643
119 78 0.999629
119 79 0.999617
119 80 0.999608
119 81 0.999603
119 82 0.999601
119 83 0.999603
119 84 0.99961
119 85 0.999621
119 86 0.999637
119 87 0.999658
119 88 0.999685
119 89 0.999718
119 90 0.999758
119 91 0.999804
119 92 0.999857
119 93 0.999918
119 94 0.999988
119 95 1.00007
119 96 1.00015
119 97 1.00025
119 98 1.00036
119 99 1.00047
119 100 1.0006
119 101 1.00075
119 102 1.0009
119 103 1.00107
119 104 1.00126
119 105 1.00147
119 106 1.00169
119 107 1.00193
119 108 1.00219
119 109 1.00249
119 110 1.0028
119 111 1.00313
119 112 1.0035
119 113 1.00394
119 114 1.00436
119 115 1.00476
119 116 1.0053
119 117 1.00595
119 118 1.00641
119 119 1.00679
119 120 1.00758
119 121 1.0084
119 122 1.00847
119 123 1.00885
119 124 1.0096
119 125 1.00965
119 126 1.00958
119 127 1.00917

120 0 0
120 1 1.00064
120 2 1.00065
120 3 1.00065
120 4 1.00065
120 5 1.00065
120 6 1.00065
120 7 1.00065
120 8 1.00065
120 9 1.00065
120 10 1.00065
120 11 1.00064
120 12 1.00064
120 13 1.00064
120 14 1.00064
120 15 1.00063
120 16 1.00063
120 17 1.00063
120 18 1.00062
120 19 1.00062
120 20 1.00061
120 21 1.00061
120 22 1.0006
120 23 1.0006
120 24 1.00059
120 25 1.00059
120 26 1.00058
120 27 1.00058
120 28 1.00057
120 29 1.00056
120 30 1.00055
120 31 1.00055
120 32 1.00054
120 33 1.00053
120 34 1.00052
120 35 1.00051
120 36 1.0005
120 37 1.00049
120 38 1.00048
120 39 1.00047
120 40 1.00046
120 41 1.00045
120 42 1.00043
120 43 1.00042
120 44 1.0004
120 45 1.00039
120 46 1.00037
120 47 1.00036
120 48 1.00034
120 49 1.00032
120 50 1.0003
120 51 1.00029
120 52 1.00026
120 53 1.00024
120 54 1.00022
120 55 1.0002
120 56 1.00018
120 57 1.00015
120 58 1.00013
120 59 1.0001
120 60 1.00008
120 61 1.00005
120 62 1.00002
120 63 0.999996
120 64 0.999968
120 65 0.99994
120 66 0.999913
120 67 0.999885
120 68 0.999858
120 69 0.999831
120 70 0.999805
120 71 0.999779
120 72 0.999755
120 73 0.999732
120 74 0.99971
120 75 0.999691
120 76 0.999673
120 77 0.999657
120 78 0.999644
120 79 0.999634
120 80 0.999626
120 81 0.999622
120 82 0.999622
120 83 0.999626
120 84 0.999634
120 85 0.999647
120 86 0.999664
120 87 0.999687
120 88 0.999715
120 89 0.99975
120 90 0.999791
120 91 0.999839
120 92 0.999894
120 93 0.999957
120 94 1.00003
120 95 1.00011
120 96 1.0002
120 97 1.0003
120 98 1.00041
120 99 1.00053
120 100 1.00066
120 101 1.00081
120 102 1.00097
120 103 1.00115
120 104 1.00134
120 105 1.00155
120 106 1.00178
120 107 1.00204
120 108 1.00232
120 109 1.00262
120 110 1.00294
120 111 1.00331
120 112 1.00373
120 113 1.00413
120 114 1.00455
120 115 1.00513
120 116 1.00578
120 117 1.0062
120 118 1.00668
120 119 1.00769
120 120 1.00862
120 121 1.00861
120 122 1.00902
120 123 1.01081
120 124 1.01103
120 125 1.0102
120 126 1.01073
120 127 1.01106

121 0 0
121 1 1.00064
121 2 1.00065
121 3 1.00065
121 4 1.00065
121 5 1.00065
121 6 1.00065
121 7 1.00065
121 8 1.00065
121 9 1.00065
121 10 1.00064
121 11 1.00064
121 12 1.00064
121 13 1.00064
121 14 1.00064
121 15 1.00063
121 16 1.00063
121 17 1.00063
121 18 1.00062
121 19 1.00062
121 20 1.00061
121 21 1.00061
121 22 1.0006
121 23 1.0006
121 24 1.00059
121 25 1.00059
121 26 1.00058
121 27 1.00057
121 28 1.00057
121 29 1.00056
121 30 1.00055
121 31 1.00054
121 32 1.00053
121 33 1.00053
121 34 1.00052
121 35 1.00051
121 36 1.0005
121 37 1.00049
121 38 1.00047
121 39 1.00046
121 40 1.00045
121 41 1.00044
121 42 1.00042
121 43 1.00041
121 44 1.0004
121 45 1.00038
121 46 1.00036
121 47 1.00035
121 48 1.00033
121 49 1.00031
121 50 1.00029
121 51 1.00027
121 52 1.00025
121 53 1.00023
121 54 1.00021
121 55 1.00019
121 56 1.00016
121 57 1.00014
121 58 1.00012
121 59 1.00009
121 60 1.00006
121 61 1.00004
121 62 1.00001
121 63 0.999985
121 64 0.999958
121 65 0.999931
121 66 0.999904
121 67 0.999877
121 68 0.999851
121 69 0.999825
121 70 0.9998
121 71 0.999775
121 72 0.999752
121 73 0.99973
121 74 0.99971
121 75 0.999691
121 76 0.999675
121 77 0.99966
121 78 0.999648
121 79 0.999639
121 80 0.999633
121 81 0.999631
121 82 0.999632
121 83 0.999637
121 84 0.999646
121 85 0.99966
121 86 0.999678
121 87 0.999703
121 88 0.999732
121 89 0.999768
121 90 0.999811
121 91 0.99986
121 92 0.999916
121 93 0.999981
121 94 1.00005
121 95 1.00014
121 96 1.00023
121 97 1.00033
121 98 1.00044
121 99 1.00057
121 100 1.0007
121 101 1.00086
121 102 1.00102
121 103 1.0012
121 104 1.0014
121 105 1.00162
121 106 1.00186
121 107 1.00213
121 108 1.00241
121 109 1.00272
121 110 1.00308
121 111 1.00346
121 112 1.00385
121 113 1.0043
121 114 1.00486
121 115 1.00541
121 116 1.00589
121 117 1.00655
121 118 1.00751
121 119 1.00825
121 120 1.00864
121 121 1.0096
121 122 1.01128
121 123 1.01144
121 124 1.01104
121 125 1.01279
121 126 1.01267
121 127 1.01216

122 0 0
122 1 1.00064
122 2 1.00064
122 3 1.00065
122 4 1.00065
122 5 1.00065
122 6 1.00065
122 7 1.00065
122 8 1.00065
122 9 1.00065
122 10 1.00064
122 11 1.00064
122 12 1.00064
122 13 1.00064
122 14 1.00064
122 15 1.00063
122 16 1.00063
122 17 1.00062
122 18 1.00062
122 19 1.00062
122 20 1.00061
122 21 1.00061
122 22 1.0006
122 23 1.0006
122 24 1.00059
122 25 1.00058
122 26 1.00058
122 27 1.00057
122 28 1.00056
122 29 1.00056
122 30 1.00055
122 31 1.00054
122 32 1.00053
122 33 1.00052
122 34 1.00051
122 35 1.0005
122 36 1.00049
122 37 1.00048
122 38 1.00047
122 39 1.00046
122 40 1.00044
122 41 1.00043
122 42 1.00042
122 43 1.0004
122 44 1.00039
122 45 1.00037
122 46 1.00036
122 47 1.00034
122 48 1.00032
122 49 1.0003
122 50 1.00028
122 51 1.00026
122 52 1.00024
122 53 1.00022
122 54 1.0002
122 55 1.00017
122 56 1.00015
122 57 1.00013
122 58 1.0001
122 59 1.00008
122 60 1.00005
122 61 1.00002
122 62 0.999998
122 63 0.999972
122 64 0.999945
122 65 0.999918
122 66 0.999891
122 67 0.999865
122 68 0.999839
122 69 0.999813
122 70 0.999789
122 71 0.999765
122 72 0.999742
122 73 0.999721
122 74 0.999701
122 75 0.999683
122 76 0.999668
122 77 0.999654
122 78 0.999643
122 79 0.999635
122 80 0.99963
122 81 0.999628
122 82 0.99963
122 83 0.999636
122 84 0.999646
122 85 0.999661
122 86 0.99968
122 87 0.999705
122 88 0.999736
122 89 0.999773
122 90 0.999817
122 91 0.999867
122 92 0.999925
122 93 0.999991
122 94 1.00007
122 95 1.00015
122 96 1.00024
122 97 1.00035
122 98 1.00046
122 99 1.00059
122 100 1.00073
122 101 1.00088
122 102 1.00105
122 103 1.00124
122 104 1.00144
122 105 1.00167
122 106 1.00191
122 107 1.00218
122 108 1.00247
122 109 1.0028
122 110 1.00316
122 111 1.00354
122 112 1.00397
122 113 1.00448
122 114 1.005
122 115 1.0055
122 116 1.00616
122 117 1.00708
122 118 1.00784
122 119 1.00827
122 120 1.00935
122 121 1.01134
122 122 1.01229
122 123 1.01124
122 124 1.01328
122 125 1.01641
122 126 1.01473
122 127 1.0117

123 0 0
123 1 1.00064
123 2 1.00064
123 3 1.00065
123 4 1.00065
123 5 1.00065
123 6 1.00065
123 7 1.00065
123 8 1.00065
123 9 1.00065
123 10 1.00064
123 11 1.00064
123 12 1.00064
123 13 1.00064
123 14 1.00064
123 15 1.00063
123 16 1.00063
123 17 1.00062
123 18 1.00062
123 19 1.00062
123 20 1.00061
123 21 1.00061
123 22 1.0006
123 23 1.00059
123 24 1.00059
123 25 1.00058
123 26 1.00058
123 27 1.00057
123 28 1.00056
123 29 1.00055
123 30 1.00054
123 31 1.00054
123 32 1.00053
123 33 1.00052
123 34 1.00051
123 35 1.0005
123 36 1.00049
123 37 1.00048
123 38 1.00046
123 39 1.00045
123 40 1.00044
123 41 1.00042
123 42 1.00041
123 43 1.0004
123 44 1.00038
123 45 1.00036
123 46 1.00035
123 47 1.00033
123 48 1.00031
123 49 1.00029
123 50 1.00027
123 51 1.00025
123 52 1.00023
123 53 1.00021
123 54 1.00019
123 55 1.00016
123 56 1.00014
123 57 1.00011
123 58 1.00009
123 59 1.00006
123 60 1.00004
123 61 1.00001
123 62 0.999983
123 63 0.999956
123 64 0.999929
123 65 0.999902
123 66 0.999875
123 67 0.999848
123 68 0.999822
123 69 0.999797
123 70 0.999772
123 71 0.999749
123 72 0.999726
123 73 0.999705
123 74 0.999686
123 75 0.999668
123 76 0.999653
123 77 0.99964
123 78 0.999629
123 79 0.999621
123 80 0.999617
123 81 0.999615
123 82 0.999618
123 83 0.999624
123 84 0.999635
123 85 0.99965
123 86 0.999671
123 87 0.999697
123 88 0.999728
123 89 0.999766
123 90 0.99981
123 91 0.999861
123 92 0.99992
123 93 0.999987
123 94 1.00006
123 95 1.00015
123 96 1.00024
123 97 1.00035
123 98 1.00046
123 99 1.00059
123 100 1.00073
123 101 1.00089
123 102 1.00106
123 103 1.00125
123 104 1.00146
123 105 1.00169
123 106 1.00193
123 107 1.00221
123 108 1.00252
123 109 1.00284
123 110 1.0032
123 111 1.00361
123 112 1.00407
123 113 1.00452
123 114 1.00503
123 115 1.00573
123 116 1.00648
123 117 1.00702
123 118 1.00775
123 119 1.00923
123 120 1.01061
123 121 1.01077
123 122 1.01181
123 123 1.01577
123 124 1.01816
123 125 1.01312
123 126 1.01578
123 127 1.02056

124 0 0
124 1 1.00064
124 2 1.00065
124 3 1.00065
124 4 1.00065
124 5 1.00065
124 6 1.00065
124 7 1.00065
124 8 1.00065
124 9 1.00065
124 10 1.00064
124 11 1.00064
124 12 1.00064
124 13 1.00064
124 14 1.00064
124 15 1.00063
124 16 1.00063
124 17 1.00062
124 18 1.00062
124 19 1.00062
124 20 1.00061
124 21 1.00061
124 22 1.0006
124 23 1.00059
124 24 1.00059
124 25 1.00058
124 26 1.00057
124 27 1.00057
124 28 1.00056
124 29 1.00055
124 30 1.00054
124 31 1.00053
124 32 1.00052
124 33 1.00051
124 34 1.0005
124 35 1.00049
124 36 1.00048
124 37 1.00047
124 38 1.00046
124 39 1.00045
124 40 1.00043
124 41 1.00042
124 42 1.0004
124 43 1.00039
124 44 1.00037
124 45 1.00036
124 46 1.00034
124 47 1.00032
124 48 1.0003
124 49 1.00028
124 50 1.00026
124 51 1.00024
124 52 1.00022
124 53 1.0002
124 54 1.00017
124 55 1.00015
124 56 1.00012
124 57 1.0001
124 58 1.00007
124 59 1.00005
124 60 1.00002
124 61 0.999993
124 62 0.999965
124 63 0.999938
124 64 0.999911
124 65 0.999883
124 66 0.999856
124 67 0.999829
124 68 0.999803
124 69 0.999777
124 70 0.999752
124 71 0.999729
124 72 0.999706
124 73 0.999685
124 74 0.999666
124 75 0.999648
124 76 0.999632
124 77 0.999619
124 78 0.999609
124 79 0.999601
124 80 0.999596
124 81 0.999595
124 82 0.999598
124 83 0.999604
124 84 0.999615
124 85 0.999631
124 86 0.999651
124 87 0.999677
124 88 0.999709
124 89 0.999747
124 90 0.999791
124 91 0.999843
124 92 0.999902
124 93 0.999969
124 94 1.00004
124 95 1.00013
124 96 1.00023
124 97 1.00033
124 98 1.00045
124 99 1.00058
124 100 1.00072
124 101 1.00088
124 102 1.00105
124 103 1.00124
124 104 1.00145
124 105 1.00168
124 106 1.00193
124 107 1.00221
124 108 1.00251
124 109 1.00285
124 110 1.00322
124 111 1.00363
124 112 1.00407
124 113 1.00457
124 114 1.00514
124 115 1.00576
124 116 1.00641
124 117 1.0072
124 118 1.00819
124 119 1.0093
124 120 1.01026
124 121 1.01153
124 122 1.0136
124 123 1.01687
124 124 1.0181
124 125 1.01825
124 126 1.02232
124 127 1.02156

125 0 0
125 1 1.00064
125 2 1.00065
125 3 1.00065
125 4 1.00065
125 5 1.00065
125 6 1.00065
125 7 1.00065
125 8 1.00065
125 9 1.00065
125 10 1.00065
125 11 1.00064
125 12 1.00064
125 13 1.00064
125 14 1.00064
125 15 1.00063
125 16 1.00063
125 17 1.00063
125 18 1.00062
125 19 1.00062
125 20 1.00061
125 21 1.00061
125 22 1.0006
125 23 1.00059
125 24 1.00059
125 25 1.00058
125 26 1.00057
125 27 1.00057
125 28 1.00056
125 29 1.00055
125 30 1.00054
125 31 1.00053
125 32 1.00052
125 33 1.00051
125 34 1.0005
125 35 1.00049
125 36 1.00048
125 37 1.00047
125 38 1.00045
125 39 1.00044
125 40 1.00043
125 41 1.00041
125 42 1.0004
125 43 1.00038
125 44 1.00037
125 45 1.00035
125 46 1.00033
125 47 1.00031
125 48 1.00029
125 49 1.00027
125 50 1.00025
125 51 1.00023
125 52 1.00021
125 53 1.00018
125 54 1.00016
125 55 1.00014
125 56 1.00011
125 57 1.00008
125 58 1.00006
125 59 1.00003
125 60 1
125 61 0.999976
125 62 0.999948
125 63 0.99992
125 64 0.999892
125 65 0.999864
125 66 0.999836
125 67 0.999809
125 68 0.999782
125 69 0.999755
125 70 0.99973
125 71 0.999706
125 72 0.999683
125 73 0.999661
125 74 0.999641
125 75 0.999623
125 76 0.999608
125 77 0.999594
125 78 0.999583
125 79 0.999575
125 80 0.99957
125 81 0.999569
125 82 0.999571
125 83 0.999578
125 84 0.999588
125 85 0.999603
125 86 0.999624
125 87 0.99965
125 88 0.999681
125 89 0.999719
125 90 0.999763
125 91 0.999814
125 92 0.999873
125 93 0.99994
125 94 1.00002
125 95 1.0001
125 96 1.0002
125 97 1.0003
125 98 1.00042
125 99 1.00055
125 100 1.00069
125 101 1.00085
125 102 1.00102
125 103 1.00121
125 104 1.00142
125 105 1.00165
125 106 1.00191
125 107 1.00218
125 108 1.00248
125 109 1.00283
125 110 1.0032
125 111 1.00359
125 112 1.00403
125 113 1.00458
125 114 1.00515
125 115 1.00567
125 116 1.00636
125 117 1.00745
125 118 1.00829
125 119 1.00874
125 120 1.01018
125 121 1.01346
125 122 1.01429
125 123 1.01309
125 124 1.01793
125 125 1.03505
125 126 1.03127
125 127 1.00605

126 0 0
126 1 1.00065
126 2 1.00065
126 3 1.00065
126 4 1.00065
126 5 1.00065
126 6 1.00065
126 7 1.00065
126 8 1.00065
126 9 1.00065
126 10 1.00065
126 11 1.00065
126 12 1.00064
126 13 1.00064
126 14 1.00064
126 15 1.00063
126 16 1.00063
126 17 1.00063
126 18 1.00062
126 19 1.00062
126 20 1.00061
126 21 1.00061
126 22 1.0006
126 23 1.00059
126 24 1.00059
126 25 1.00058
126 26 1.00057
126 27 1.00056
126 28 1.00056
126 29 1.00055
126 30 1.00054
126 31 1.00053
126 32 1.00052
126 33 1.00051
126 34 1.0005
126 35 1.00049
126 36 1.00048
126 37 1.00046
126 38 1.00045
126 39 1.00044
126 40 1.00042
126 41 1.00041
126 42 1.00039
126 43 1.00038
126 44 1.00036
126 45 1.00034
126 46 1.00032
126 47 1.00031
126 48 1.00029
126 49 1.00026
126 50 1.00024
126 51 1.00022
126 52 1.0002
126 53 1.00017
126 54 1.00015
126 55 1.00012
126 56 1.0001
126 57 1.00007
126 58 1.00004
126 59 1.00002
126 60 0.999987
126 61 0.999959
126 62 0.99993
126 63 0.999901
126 64 0.999872
126 65 0.999844
126 66 0.999815
126 67 0.999787
126 68 0.999759
126 69 0.999732
126 70 0.999706
126 71 0.999681
126 72 0.999658
126 73 0.999635
126 74 0.999615
126 75 0.999596
126 76 0.999579
126 77 0.999565
126 78 0.999554
126 79 0.999545
126 80 0.99954
126 81 0.999538
126 82 0.999539
126 83 0.999545
126 84 0.999555
126 85 0.99957
126 86 0.99959
126 87 0.999615
126 88 0.999646
126 89 0.999682
126 90 0.999726
126 91 0.999777
126 92 0.999835
126 93 0.999901
126 94 0.999976
126 95 1.00006
126 96 1.00015
126 97 1.00026
126 98 1.00037
126 99 1.0005
126 100 1.00064
126 101 1.0008
126 102 1.00097
126 103 1.00116
126 104 1.00137
126 105 1.0016
126 106 1.00185
126 107 1.00213
126 108 1.00243
126 109 1.00276
126 110 1.00312
126 111 1.00354
126 112 1.004
126 113 1.00446
126 114 1.00502
126 115 1.00572
126 116 1.00638
126 117 1.00699
126 118 1.00808
126 119 1.00956
126 120 1.01021
126 121 1.01093
126 122 1.0145
126 123 1.01877
126 124 1.0173
126 125 1.02107
126 126 1.03965
126 127 1.0691

127 0 0
127 1 0
127 2 0
127 3 0
127 4 0
127 5 0
127 6 0
127 7 0
127 8 0
127 9 0
127 10 0
127 11 0
127 12 0
127 13 0
127 14 0
127 15 0
127 16 0
127 17 0
127 18 0
127 19 0
127 20 0
127 21 0
127 22 0
127 23 0
127 24 0
127 25 0
127 26 0
127 27 0
127 28 0
127 29 0
127 30 0
127 31 0
127 32 0
127 33 0
127 34 0
127 35 0
127 36 0
127 37 0
127 38 0
127 39 0
127 40 0
127 41 0
127 42 0
127 43 0
127 44 0
127 45 0
127 46 0
127 47 0
127 48 0
127 49 0
127 50 0
127 51 0
127 52 0
127 53 0
127 54 0
127 55 0
127 56 0
127 57 0
127 58 0
127 59 0
127 60 0
127 61 0
127 62 0
127 63 0
127 64 0
127 65 0
127 66 0
127 67 0
127 68 0
127 69 0
127 70 0
127 71 0
127 72 0
127 73 0
127 74 0
127 75 0
127 76 0
127 77 0
127 78 0
127 79 0
127 80 0
127 81 0
127 82 0
127 83 0
127 84 0
127 85 0
127 86 0
127 87 0
127 88 0
127 89 0
127 90 0
127 91 0
127 92 0
127 93 0
127 94 0
127 95 0
127 96 0
127 97 0
127 98 0
127 99 0
127 100 0
127 101 0
127 102 0
127 103 0
127 104 0
127 105 0
127 106 0
127 107 0
127 108 0
127 109 0
127 110 0
127 111 0
127 112 0
127 113 0
127 114 0
127 115 0
127 116 0
127 117 0
127 118 0
127 119 0
127 120 0
127 121 0
127 122 0
127 123 0
127 124 0
127 125 0
127 126 0
127 127 0

