0 0 0
0 1 0
0 2 0
0 3 0
0 4 0
0 5 0
0 6 0
0 7 0
0 8 0
0 9 0
0 10 0
0 11 0
0 12 0
0 13 0
0 14 0
0 15 0
0 16 0
0 17 0
0 18 0
0 19 0
0 20 0
0 21 0
0 22 0
0 23 0
0 24 0
0 25 0
0 26 0
0 27 0
0 28 0
0 29 0
0 30 0
0 31 0
0 32 0
0 33 0
0 34 0
0 35 0
0 36 0
0 37 0
0 38 0
0 39 0
0 40 0
0 41 0
0 42 0
0 43 0
0 44 0
0 45 0
0 46 0
0 47 0
0 48 0
0 49 0
0 50 0
0 51 0
0 52 0
0 53 0
0 54 0
0 55 0
0 56 0
0 57 0
0 58 0
0 59 0
0 60 0
0 61 0
0 62 0
0 63 0
0 64 0
0 65 0
0 66 0
0 67 0
0 68 0
0 69 0
0 70 0
0 71 0
0 72 0
0 73 0
0 74 0
0 75 0
0 76 0
0 77 0
0 78 0
0 79 0
0 80 0
0 81 0
0 82 0
0 83 0
0 84 0
0 85 0
0 86 0
0 87 0
0 88 0
0 89 0
0 90 0
0 91 0
0 92 0
0 93 0
0 94 0
0 95 0
0 96 0
0 97 0
0 98 0
0 99 0
0 100 0
0 101 0
0 102 0
0 103 0
0 104 0
0 105 0
0 106 0
0 107 0
0 108 0
0 109 0
0 110 0
0 111 0
0 112 0
0 113 0
0 114 0
0 115 0
0 116 0
0 117 0
0 118 0
0 119 0
0 120 0
0 121 0
0 122 0
0 123 0
0 124 0
0 125 0
0 126 0
0 127 0

1 0 0
1 1 1.00096
1 2 1.00096
1 3 1.00096
1 4 1.00096
1 5 1.00096
1 6 1.00096
1 7 1.00096
1 8 1.00097
1 9 1.00097
1 10 1.00097
1 11 1.00097
1 12 1.00097
1 13 1.00097
1 14 1.00098
1 15 1.00098
1 16 1.00098
1 17 1.00098
1 18 1.00098
1 19 1.00099
1 20 1.00099
1 21 1.00099
1 22 1.00099
1 23 1.00099
1 24 1.00099
1 25 1.00099
1 26 1.00099
1 27 1.00099
1 28 1.00099
1 29 1.00098
1 30 1.00098
1 31 1.00098
1 32 1.00097
1 33 1.00097
1 34 1.00096
1 35 1.00096
1 36 1.00095
1 37 1.00094
1 38 1.00093
1 39 1.00092
1 40 1.00091
1 41 1.0009
1 42 1.00089
1 43 1.00087
1 44 1.00086
1 45 1.00084
1 46 1.00083
1 47 1.00081
1 48 1.00079
1 49 1.00077
1 50 1.00075
1 51 1.00073
1 52 1.00071
1 53 1.00069
1 54 1.00066
1 55 1.00064
1 56 1.00062
1 57 1.00059
1 58 1.00057
1 59 1.00054
1 60 1.00051
1 61 1.00049
1 62 1.00046
1 63 1.00044
1 64 1.00041
1 65 1.00039
1 66 1.00036
1 67 1.00034
1 68 1.00031
1 69 1.00029
1 70 1.00026
1 71 1.00024
1 72 1.00021
1 73 1.00019
1 74 1.00017
1 75 1.00015
1 76 1.00013
1 77 1.00011
1 78 1.00009
1 79 1.00007
1 80 1.00005
1 81 1.00004
1 82 1.00002
1 83 1.00001
1 84 0.999991
1 85 0.999977
1 86 0.999964
1 87 0.999952
1 88 0.99994
1 89 0.99993
1 90 0.99992
1 91 0.99991
1 92 0.999901
1 93 0.999893
1 94 0.999885
1 95 0.999878
1 96 0.999871
1 97 0.999865
1 98 0.999859
1 99 0.999853
1 100 0.999847
1 101 0.999841
1 102 0.999836
1 103 0.99983
1 104 0.999824
1 105 0.999817
1 106 0.999809
1 107 0.999803
1 108 0.999794
1 109 0.999778
1 110 0.999767
1 111 0.99976
1 112 0.999727
1 113 0.999686
1 114 0.999684
1 115 0.999657
1 116 0.999503
1 117 0.999432
1 118 0.999529
1 119 0.99925
1 120 0.998572
1 121 0.998863
1 122 0.99922
1 123 0.996582
1 124 0.994556
1 125 0.997169
1 126 0.994479
1 127 0.97229

2 0 0
2 1 1.00096
2 2 1.00096
2 3 1.00096
2 4 1.00096
2 5 1.00096
2 6 1.00096
2 7 1.00096
2 8 1.00097
2 9 1.00097
2 10 1.00097
2 11 1.00097
2 12 1.00097
2 13 1.00097
2 14 1.00097
2 15 1.00098
2 16 1.00098
2 17 1.00098
2 18 1.00098
2 19 1.00098
2 20 1.00098
2 21 1.00099
2 22 1.00099
2 23 1.00099
2 24 1.00099
2 25 1.00099
2 26 1.00099
2 27 1.00098
2 28 1.00098
2 29 1.00098
2 30 1.00098
2 31 1.00097
2 32 1.00097
2 33 1.00096
2 34 1.00096
2 35 1.00095
2 36 1.00094
2 37 1.00094
2 38 1.00093
2 39 1.00092
2 40 1.0009
2 41 1.00089
2 42 1.00088
2 43 1.00087
2 44 1.00085
2 45 1.00084
2 46 1.00082
2 47 1.0008
2 48 1.00078
2 49 1.00076
2 50 1.00074
2 51 1.00072
2 52 1.0007
2 53 1.00068
2 54 1.00066
2 55 1.00063
2 56 1.00061
2 57 1.00059
2 58 1.00056
2 59 1.00054
2 60 1.00051
2 61 1.00049
2 62 1.00046
2 63 1.00043
2 64 1.00041
2 65 1.00038
2 66 1.00036
2 67 1.00033
2 68 1.00031
2 69 1.00028
2 70 1.00026
2 71 1.00024
2 72 1.00021
2 73 1.00019
2 74 1.00017
2 75 1.00015
2 76 1.00013
2 77 1.00011
2 78 1.00009
2 79 1.00007
2 80 1.00006
2 81 1.00004
2 82 1.00002
2 83 1.00001
2 84 0.999994
2 85 0.99998
2 86 0.999968
2 87 0.999955
2 88 0.999944
2 89 0.999933
2 90 0.999923
2 91 0.999914
2 92 0.999905
2 93 0.999896
2 94 0.999889
2 95 0.999881
2 96 0.999874
2 97 0.999867
2 98 0.999861
2 99 0.999854
2 100 0.999848
2 101 0.999842
2 102 0.999835
2 103 0.999828
2 104 0.999821
2 105 0.999814
2 106 0.999805
2 107 0.999793
2 108 0.999783
2 109 0.999774
2 110 0.999751
2 111 0.999723
2 112 0.999715
2 113 0.999695
2 114 0.999597
2 115 0.999548
2 116 0.999604
2 117 0.999447
2 118 0.999
2 119 0.999184
2 120 0.999545
2 121 0.998057
2 122 0.996374
2 123 0.999423
2 124 1
2 125 0.986038
2 126 0.985282
2 127 1.01313

3 0 0
3 1 1.00096
3 2 1.00096
3 3 1.00096
3 4 1.00096
3 5 1.00096
3 6 1.00096
3 7 1.00096
3 8 1.00096
3 9 1.00097
3 10 1.00097
3 11 1.00097
3 12 1.00097
3 13 1.00097
3 14 1.00097
3 15 1.00098
3 16 1.00098
3 17 1.00098
3 18 1.00098
3 19 1.00098
3 20 1.00098
3 21 1.00098
3 22 1.00098
3 23 1.00098
3 24 1.00098
3 25 1.00098
3 26 1.00098
3 27 1.00098
3 28 1.00098
3 29 1.00097
3 30 1.00097
3 31 1.00097
3 32 1.00096
3 33 1.00096
3 34 1.00095
3 35 1.00095
3 36 1.00094
3 37 1.00093
3 38 1.00092
3 39 1.00091
3 40 1.0009
3 41 1.00089
3 42 1.00087
3 43 1.00086
3 44 1.00084
3 45 1.00083
3 46 1.00081
3 47 1.00079
3 48 1.00078
3 49 1.00076
3 50 1.00074
3 51 1.00072
3 52 1.0007
3 53 1.00067
3 54 1.00065
3 55 1.00063
3 56 1.0006
3 57 1.00058
3 58 1.00056
3 59 1.00053
3 60 1.00051
3 61 1.00048
3 62 1.00046
3 63 1.00043
3 64 1.00041
3 65 1.00038
3 66 1.00036
3 67 1.00033
3 68 1.00031
3 69 1.00028
3 70 1.00026
3 71 1.00024
3 72 1.00021
3 73 1.00019
3 74 1.00017
3 75 1.00015
3 76 1.00013
3 77 1.00011
3 78 1.00009
3 79 1.00007
3 80 1.00006
3 81 1.00004
3 82 1.00003
3 83 1.00001
3 84 0.999996
3 85 0.999983
3 86 0.99997
3 87 0.999958
3 88 0.999947
3 89 0.999936
3 90 0.999926
3 91 0.999917
3 92 0.999908
3 93 0.999899
3 94 0.999891
3 95 0.999884
3 96 0.999876
3 97 0.999869
3 98 0.999862
3 99 0.999856
3 100 0.999849
3 101 0.999842
3 102 0.999835
3 103 0.999828
3 104 0.999819
3 105 0.999811
3 106 0.999802
3 107 0.99979
3 108 0.999774
3 109 0.999762
3 110 0.999747
3 111 0.999715
3 112 0.999682
3 113 0.99967
3 114 0.999622
3 115 0.999509
3 116 0.999459
3 117 0.999488
3 118 0.999236
3 119 0.998807
3 120 0.998944
3 121 0.999127
3 122 0.997615
3 123 0.99614
3 124 0.998056
3 125 0.997725
3 126 0.990861
3 127 0.999526

4 0 0
4 1 1.00096
4 2 1.00096
4 3 1.00096
4 4 1.00096
4 5 1.00096
4 6 1.00096
4 7 1.00096
4 8 1.00096
4 9 1.00097
4 10 1.00097
4 11 1.00097
4 12 1.00097
4 13 1.00097
4 14 1.00097
4 15 1.00097
4 16 1.00097
4 17 1.00098
4 18 1.00098
4 19 1.00098
4 20 1.00098
4 21 1.00098
4 22 1.00098
4 23 1.00098
4 24 1.00098
4 25 1.00098
4 26 1.00098
4 27 1.00098
4 28 1.00097
4 29 1.00097
4 30 1.00097
4 31 1.00096
4 32 1.00096
4 33 1.00095
4 34 1.00095
4 35 1.00094
4 36 1.00093
4 37 1.00092
4 38 1.00091
4 39 1.0009
4 40 1.00089
4 41 1.00088
4 42 1.00087
4 43 1.00085
4 44 1.00084
4 45 1.00082
4 46 1.00081
4 47 1.00079
4 48 1.00077
4 49 1.00075
4 50 1.00073
4 51 1.00071
4 52 1.00069
4 53 1.00067
4 54 1.00065
4 55 1.00062
4 56 1.0006
4 57 1.00058
4 58 1.00055
4 59 1.00053
4 60 1.0005
4 61 1.00048
4 62 1.00045
4 63 1.00043
4 64 1.0004
4 65 1.00038
4 66 1.00035
4 67 1.00033
4 68 1.00031
4 69 1.00028
4 70 1.00026
4 71 1.00024
4 72 1.00021
4 73 1.00019
4 74 1.00017
4 75 1.00015
4 76 1.00013
4 77 1.00011
4 78 1.00009
4 79 1.00008
4 80 1.00006
4 81 1.00004
4 82 1.00003
4 83 1.00001
4 84 0.999998
4 85 0.999985
4 86 0.999972
4 87 0.999961
4 88 0.999949
4 89 0.999939
4 90 0.999929
4 91 0.999919
4 92 0.99991
4 93 0.999902
4 94 0.999894
4 95 0.999886
4 96 0.999879
4 97 0.999871
4 98 0.999864
4 99 0.999857
4 100 0.99985
4 101 0.999843
4 102 0.999835
4 103 0.999828
4 104 0.99982
4 105 0.999809
4 106 0.999798
4 107 0.999789
4 108 0.999774
4 109 0.99975
4 110 0.999736
4 111 0.999726
4 112 0.999675
4 113 0.999613
4 114 0.99963
4 115 0.999599
4 116 0.999359
4 117 0.999265
4 118 0.999536
4 119 0.99918
4 120 0.998102
4 121 0.998626
4 122 0.999918
4 123 0.996843
4 124 0.993627
4 125 1.0004
4 126 1.00004
4 127 0.995078

5 0 0
5 1 1.00096
5 2 1.00096
5 3 1.00096
5 4 1.00096
5 5 1.00096
5 6 1.00096
5 7 1.00096
5 8 1.00096
5 9 1.00096
5 10 1.00097
5 11 1.00097
5 12 1.00097
5 13 1.00097
5 14 1.00097
5 15 1.00097
5 16 1.00097
5 17 1.00097
5 18 1.00098
5 19 1.00098
5 20 1.00098
5 21 1.00098
5 22 1.00098
5 23 1.00098
5 24 1.00098
5 25 1.00098
5 26 1.00097
5 27 1.00097
5 28 1.00097
5 29 1.00097
5 30 1.00096
5 31 1.00096
5 32 1.00095
5 33 1.00095
5 34 1.00094
5 35 1.00094
5 36 1.00093
5 37 1.00092
5 38 1.00091
5 39 1.0009
5 40 1.00089
5 41 1.00088
5 42 1.00086
5 43 1.00085
5 44 1.00083
5 45 1.00082
5 46 1.0008
5 47 1.00078
5 48 1.00077
5 49 1.00075
5 50 1.00073
5 51 1.00071
5 52 1.00069
5 53 1.00066
5 54 1.00064
5 55 1.00062
5 56 1.00059
5 57 1.00057
5 58 1.00055
5 59 1.00052
5 60 1.0005
5 61 1.00047
5 62 1.00045
5 63 1.00042
5 64 1.0004
5 65 1.00037
5 66 1.00035
5 67 1.00033
5 68 1.0003
5 69 1.00028
5 70 1.00026
5 71 1.00023
5 72 1.00021
5 73 1.00019
5 74 1.00017
5 75 1.00015
5 76 1.00013
5 77 1.00011
5 78 1.00009
5 79 1.00008
5 80 1.00006
5 81 1.00004
5 82 1.00003
5 83 1.00001
5 84 0.999999
5 85 0.999986
5 86 0.999974
5 87 0.999962
5 88 0.999951
5 89 0.999941
5 90 0.999931
5 91 0.999921
5 92 0.999912
5 93 0.999904
5 94 0.999896
5 95 0.999888
5 96 0.999881
5 97 0.999874
5 98 0.999866
5 99 0.999859
5 100 0.999852
5 101 0.999845
5 102 0.999837
5 103 0.999829
5 104 0.99982
5 105 0.999811
5 106 0.999799
5 107 0.999785
5 108 0.999775
5 109 0.999758
5 110 0.999728
5 111 0.999709
5 112 0.999701
5 113 0.999642
5 114 0.999556
5 115 0.999571
5 116 0.999566
5 117 0.999281
5 118 0.999094
5 119 0.999425
5 120 0.999212
5 121 0.997951
5 122 0.998152
5 123 0.9998
5 124 0.997321
5 125 0.995916
5 126 1.00087
5 127 1.00139

6 0 0
6 1 1.00096
6 2 1.00096
6 3 1.00096
6 4 1.00096
6 5 1.00096
6 6 1.00096
6 7 1.00096
6 8 1.00096
6 9 1.00096
6 10 1.00096
6 11 1.00097
6 12 1.00097
6 13 1.00097
6 14 1.00097
6 15 1.00097
6 16 1.00097
6 17 1.00097
6 18 1.00097
6 19 1.00097
6 20 1.00097
6 21 1.00098
6 22 1.00098
6 23 1.00097
6 24 1.00097
6 25 1.00097
6 26 1.00097
6 27 1.00097
6 28 1.00097
6 29 1.00096
6 30 1.00096
6 31 1.00096
6 32 1.00095
6 33 1.00095
6 34 1.00094
6 35 1.00093
6 36 1.00092
6 37 1.00091
6 38 1.00091
6 39 1.00089
6 40 1.00088
6 41 1.00087
6 42 1.00086
6 43 1.00084
6 44 1.00083
6 45 1.00081
6 46 1.0008
6 47 1.00078
6 48 1.00076
6 49 1.00074
6 50 1.00072
6 51 1.0007
6 52 1.00068
6 53 1.00066
6 54 1.00064
6 55 1.00061
6 56 1.00059
6 57 1.00057
6 58 1.00054
6 59 1.00052
6 60 1.00049
6 61 1.00047
6 62 1.00044
6 63 1.00042
6 64 1.0004
6 65 1.00037
6 66 1.00035
6 67 1.00032
6 68 1.0003
6 69 1.00028
6 70 1.00025
6 71 1.00023
6 72 1.00021
6 73 1.00019
6 74 1.00017
6 75 1.00015
6 76 1.00013
6 77 1.00011
6 78 1.00009
6 79 1.00007
6 80 1.00006
6 81 1.00004
6 82 1.00003
6 83 1.00001
6 84 0.999999
6 85 0.999986
6 86 0.999974
6 87 0.999963
6 88 0.999952
6 89 0.999942
6 90 0.999932
6 91 0.999923
6 92 0.999914
6 93 0.999906
6 94 0.999898
6 95 0.99989
6 96 0.999883
6 97 0.999876
6 98 0.999869
6 99 0.999862
6 100 0.999855
6 101 0.999847
6 102 0.99984
6 103 0.999832
6 104 0.999822
6 105 0.999814
6 106 0.999805
6 107 0.999789
6 108 0.999773
6 109 0.999766
6 110 0.999746
6 111 0.999702
6 112 0.999685
6 113 0.999694
6 114 0.999609
6 115 0.999478
6 116 0.999547
6 117 0.999589
6 118 0.99914
6 119 0.99891
6 120 0.999538
6 121 0.999248
6 122 0.997533
6 123 0.998439
6 124 1.00018
6 125 0.997869
6 126 0.999215
6 127 1.00046

7 0 0
7 1 1.00096
7 2 1.00096
7 3 1.00096
7 4 1.00096
7 5 1.00096
7 6 1.00096
7 7 1.00096
7 8 1.00096
7 9 1.00096
7 10 1.00096
7 11 1.00096
7 12 1.00097
7 13 1.00097
7 14 1.00097
7 15 1.00097
7 16 1.00097
7 17 1.00097
7 18 1.00097
7 19 1.00097
7 20 1.00097
7 21 1.00097
7 22 1.00097
7 23 1.00097
7 24 1.00097
7 25 1.00097
7 26 1.00097
7 27 1.00097
7 28 1.00096
7 29 1.00096
7 30 1.00096
7 31 1.00095
7 32 1.00095
7 33 1.00094
7 34 1.00094
7 35 1.00093
7 36 1.00092
7 37 1.00091
7 38 1.0009
7 39 1.00089
7 40 1.00088
7 41 1.00087
7 42 1.00085
7 43 1.00084
7 44 1.00082
7 45 1.00081
7 46 1.00079
7 47 1.00077
7 48 1.00076
7 49 1.00074
7 50 1.00072
7 51 1.0007
7 52 1.00068
7 53 1.00065
7 54 1.00063
7 55 1.00061
7 56 1.00058
7 57 1.00056
7 58 1.00054
7 59 1.00051
7 60 1.00049
7 61 1.00046
7 62 1.00044
7 63 1.00041
7 64 1.00039
7 65 1.00037
7 66 1.00034
7 67 1.00032
7 68 1.00029
7 69 1.00027
7 70 1.00025
7 71 1.00023
7 72 1.0002
7 73 1.00018
7 74 1.00016
7 75 1.00014
7 76 1.00012
7 77 1.00011
7 78 1.00009
7 79 1.00007
7 80 1.00006
7 81 1.00004
7 82 1.00003
7 83 1.00001
7 84 0.999998
7 85 0.999986
7 86 0.999974
7 87 0.999963
7 88 0.999952
7 89 0.999942
7 90 0.999933
7 91 0.999924
7 92 0.999915
7 93 0.999907
7 94 0.9999
7 95 0.999892
7 96 0.999886
7 97 0.999879
7 98 0.999872
7 99 0.999865
7 100 0.999859
7 101 0.999851
7 102 0.999844
7 103 0.999837
7 104 0.999828
7 105 0.999818
7 106 0.999809
7 107 0.999801
7 108 0.999783
7 109 0.999764
7 110 0.999759
7 111 0.999743
7 112 0.999686
7 113 0.999659
7 114 0.999692
7 115 0.99961
7 116 0.999418
7 117 0.999492
7 118 0.999635
7 119 0.999157
7 120 0.998765
7 121 0.999503
7 122 0.99941
7 123 0.997956
7 124 0.998963
7 125 1.00012
7 126 0.999393
7 127 0.999602

8 0 0
8 1 1.00096
8 2 1.00096
8 3 1.00096
8 4 1.00096
8 5 1.00096
8 6 1.00096
8 7 1.00096
8 8 1.00096
8 9 1.00096
8 10 1.00096
8 11 1.00096
8 12 1.00096
8 13 1.00097
8 14 1.00097
8 15 1.00097
8 16 1.00097
8 17 1.00097
8 18 1.00097
8 19 1.00097
8 20 1.00097
8 21 1.00097
8 22 1.00097
8 23 1.00097
8 24 1.00097
8 25 1.00097
8 26 1.00097
8 27 1.00096
8 28 1.00096
8 29 1.00096
8 30 1.00095
8 31 1.00095
8 32 1.00094
8 33 1.00094
8 34 1.00093
8 35 1.00092
8 36 1.00092
8 37 1.00091
8 38 1.0009
8 39 1.00089
8 40 1.00088
8 41 1.00086
8 42 1.00085
8 43 1.00084
8 44 1.00082
8 45 1.0008
8 46 1.00079
8 47 1.00077
8 48 1.00075
8 49 1.00073
8 50 1.00071
8 51 1.00069
8 52 1.00067
8 53 1.00065
8 54 1.00063
8 55 1.0006
8 56 1.00058
8 57 1.00056
8 58 1.00053
8 59 1.00051
8 60 1.00048
8 61 1.00046
8 62 1.00043
8 63 1.00041
8 64 1.00038
8 65 1.00036
8 66 1.00034
8 67 1.00031
8 68 1.00029
8 69 1.00027
8 70 1.00024
8 71 1.00022
8 72 1.0002
8 73 1.00018
8 74 1.00016
8 75 1.00014
8 76 1.00012
8 77 1.0001
8 78 1.00008
8 79 1.00007
8 80 1.00005
8 81 1.00004
8 82 1.00002
8 83 1.00001
8 84 0.999996
8 85 0.999984
8 86 0.999972
8 87 0.999962
8 88 0.999951
8 89 0.999942
8 90 0.999933
8 91 0.999924
8 92 0.999916
8 93 0.999909
8 94 0.999901
8 95 0.999895
8 96 0.999888
8 97 0.999882
8 98 0.999875
8 99 0.999869
8 100 0.999863
8 101 0.999857
8 102 0.99985
8 103 0.999843
8 104 0.999837
8 105 0.999828
8 106 0.999817
8 107 0.999809
8 108 0.999803
8 109 0.999782
8 110 0.999759
8 111 0.999761
8 112 0.999748
8 113 0.999675
8 114 0.999647
8 115 0.999711
8 116 0.999615
8 117 0.999379
8 118 0.999498
8 119 0.999687
8 120 0.999136
8 121 0.998849
8 122 0.999663
8 123 0.999367
8 124 0.998717
8 125 0.999829
8 126 0.999853
8 127 0.999974

9 0 0
9 1 1.00096
9 2 1.00096
9 3 1.00096
9 4 1.00096
9 5 1.00096
9 6 1.00096
9 7 1.00096
9 8 1.00096
9 9 1.00096
9 10 1.00096
9 11 1.00096
9 12 1.00096
9 13 1.00096
9 14 1.00097
9 15 1.00097
9 16 1.00097
9 17 1.00097
9 18 1.00097
9 19 1.00097
9 20 1.00097
9 21 1.00097
9 22 1.00097
9 23 1.00097
9 24 1.00097
9 25 1.00097
9 26 1.00096
9 27 1.00096
9 28 1.00096
9 29 1.00096
9 30 1.00095
9 31 1.00095
9 32 1.00094
9 33 1.00094
9 34 1.00093
9 35 1.00092
9 36 1.00091
9 37 1.0009
9 38 1.00089
9 39 1.00088
9 40 1.00087
9 41 1.00086
9 42 1.00085
9 43 1.00083
9 44 1.00082
9 45 1.0008
9 46 1.00078
9 47 1.00076
9 48 1.00075
9 49 1.00073
9 50 1.00071
9 51 1.00069
9 52 1.00066
9 53 1.00064
9 54 1.00062
9 55 1.0006
9 56 1.00057
9 57 1.00055
9 58 1.00052
9 59 1.0005
9 60 1.00048
9 61 1.00045
9 62 1.00043
9 63 1.0004
9 64 1.00038
9 65 1.00035
9 66 1.00033
9 67 1.00031
9 68 1.00028
9 69 1.00026
9 70 1.00024
9 71 1.00021
9 72 1.00019
9 73 1.00017
9 74 1.00015
9 75 1.00013
9 76 1.00011
9 77 1.0001
9 78 1.00008
9 79 1.00006
9 80 1.00005
9 81 1.00003
9 82 1.00002
9 83 1.00001
9 84 0.999993
9 85 0.999981
9 86 0.99997
9 87 0.999959
9 88 0.99995
9 89 0.999941
9 90 0.999932
9 91 0.999924
9 92 0.999917
9 93 0.99991
9 94 0.999903
9 95 0.999897
9 96 0.999891
9 97 0.999885
9 98 0.99988
9 99 0.999874
9 100 0.999869
9 101 0.999863
9 102 0.999858
9 103 0.999851
9 104 0.999845
9 105 0.99984
9 106 0.999833
9 107 0.99982
9 108 0.999813
9 109 0.999812
9 110 0.99979
9 111 0.99976
9 112 0.999771
9 113 0.999772
9 114 0.999681
9 115 0.99964
9 116 0.999743
9 117 0.999665
9 118 0.999377
9 119 0.999508
9 120 0.999766
9 121 0.999248
9 122 0.999077
9 123 0.999791
9 124 0.999609
9 125 0.99942
9 126 0.999986
9 127 1.00037

10 0 0
10 1 1.00095
10 2 1.00096
10 3 1.00096
10 4 1.00096
10 5 1.00096
10 6 1.00096
10 7 1.00096
10 8 1.00096
10 9 1.00096
10 10 1.00096
10 11 1.00096
10 12 1.00096
10 13 1.00096
10 14 1.00096
10 15 1.00097
10 16 1.00097
10 17 1.00097
10 18 1.00097
10 19 1.00097
10 20 1.00097
10 21 1.00097
10 22 1.00097
10 23 1.00097
10 24 1.00097
10 25 1.00096
10 26 1.00096
10 27 1.00096
10 28 1.00096
10 29 1.00095
10 30 1.00095
10 31 1.00094
10 32 1.00094
10 33 1.00093
10 34 1.00093
10 35 1.00092
10 36 1.00091
10 37 1.0009
10 38 1.00089
10 39 1.00088
10 40 1.00087
10 41 1.00086
10 42 1.00084
10 43 1.00083
10 44 1.00081
10 45 1.0008
10 46 1.00078
10 47 1.00076
10 48 1.00074
10 49 1.00072
10 50 1.0007
10 51 1.00068
10 52 1.00066
10 53 1.00064
10 54 1.00061
10 55 1.00059
10 56 1.00057
10 57 1.00054
10 58 1.00052
10 59 1.00049
10 60 1.00047
10 61 1.00044
10 62 1.00042
10 63 1.00039
10 64 1.00037
10 65 1.00034
10 66 1.00032
10 67 1.0003
10 68 1.00027
10 69 1.00025
10 70 1.00023
10 71 1.00021
10 72 1.00019
10 73 1.00016
10 74 1.00014
10 75 1.00013
10 76 1.00011
10 77 1.00009
10 78 1.00007
10 79 1.00006
10 80 1.00004
10 81 1.00003
10 82 1.00001
10 83 1
10 84 0.999988
10 85 0.999977
10 86 0.999966
10 87 0.999956
10 88 0.999947
10 89 0.999939
10 90 0.999931
10 91 0.999923
10 92 0.999916
10 93 0.99991
10 94 0.999904
10 95 0.999899
10 96 0.999894
10 97 0.999889
10 98 0.999884
10 99 0.99988
10 100 0.999875
10 101 0.999871
10 102 0.999867
10 103 0.999863
10 104 0.999857
10 105 0.999852
10 106 0.99985
10 107 0.999844
10 108 0.99983
10 109 0.999826
10 110 0.99983
10 111 0.999808
10 112 0.999774
10 113 0.999794
10 114 0.999806
10 115 0.999705
10 116 0.999662
10 117 0.999787
10 118 0.99971
10 119 0.999441
10 120 0.999611
10 121 0.999795
10 122 0.999405
10 123 0.999499
10 124 0.999926
10 125 0.999808
10 126 1.00007
10 127 1.00026

11 0 0
11 1 1.00095
11 2 1.00095
11 3 1.00095
11 4 1.00095
11 5 1.00096
11 6 1.00096
11 7 1.00096
11 8 1.00096
11 9 1.00096
11 10 1.00096
11 11 1.00096
11 12 1.00096
11 13 1.00096
11 14 1.00096
11 15 1.00096
11 16 1.00096
11 17 1.00097
11 18 1.00097
11 19 1.00097
11 20 1.00097
11 21 1.00097
11 22 1.00097
11 23 1.00097
11 24 1.00096
11 25 1.00096
11 26 1.00096
11 27 1.00096
11 28 1.00095
11 29 1.00095
11 30 1.00095
11 31 1.00094
11 32 1.00094
11 33 1.00093
11 34 1.00092
11 35 1.00092
11 36 1.00091
11 37 1.0009
11 38 1.00089
11 39 1.00088
11 40 1.00086
11 41 1.00085
11 42 1.00084
11 43 1.00082
11 44 1.00081
11 45 1.00079
11 46 1.00077
11 47 1.00075
11 48 1.00074
11 49 1.00072
11 50 1.00069
11 51 1.00067
11 52 1.00065
11 53 1.00063
11 54 1.00061
11 55 1.00058
11 56 1.00056
11 57 1.00053
11 58 1.00051
11 59 1.00048
11 60 1.00046
11 61 1.00043
11 62 1.00041
11 63 1.00038
11 64 1.00036
11 65 1.00034
11 66 1.00031
11 67 1.00029
11 68 1.00026
11 69 1.00024
11 70 1.00022
11 71 1.0002
11 72 1.00018
11 73 1.00016
11 74 1.00014
11 75 1.00012
11 76 1.0001
11 77 1.00008
11 78 1.00006
11 79 1.00005
11 80 1.00003
11 81 1.00002
11 82 1.00001
11 83 0.999994
11 84 0.999982
11 85 0.999971
11 86 0.999961
11 87 0.999952
11 88 0.999943
11 89 0.999936
11 90 0.999928
11 91 0.999922
11 92 0.999916
11 93 0.99991
11 94 0.999905
11 95 0.999901
11 96 0.999897
11 97 0.999893
11 98 0.999889
11 99 0.999886
11 100 0.999883
11 101 0.99988
11 102 0.999877
11 103 0.999875
11 104 0.999873
11 105 0.999869
11 106 0.999864
11 107 0.999866
11 108 0.999863
11 109 0.999849
11 110 0.999846
11 111 0.99986
11 112 0.99984
11 113 0.999798
11 114 0.999829
11 115 0.999857
11 116 0.999749
11 117 0.999705
11 118 0.999853
11 119 0.99978
11 120 0.99955
11 121 0.999747
11 122 0.999888
11 123 0.999646
11 124 0.999825
11 125 1.0001
11 126 1.00021
11 127 1.00033

12 0 0
12 1 1.00095
12 2 1.00095
12 3 1.00095
12 4 1.00095
12 5 1.00095
12 6 1.00095
12 7 1.00096
12 8 1.00096
12 9 1.00096
12 10 1.00096
12 11 1.00096
12 12 1.00096
12 13 1.00096
12 14 1.00096
12 15 1.00096
12 16 1.00096
12 17 1.00096
12 18 1.00096
12 19 1.00097
12 20 1.00097
12 21 1.00096
12 22 1.00096
12 23 1.00096
12 24 1.00096
12 25 1.00096
12 26 1.00096
12 27 1.00096
12 28 1.00095
12 29 1.00095
12 30 1.00094
12 31 1.00094
12 32 1.00093
12 33 1.00093
12 34 1.00092
12 35 1.00091
12 36 1.0009
12 37 1.00089
12 38 1.00088
12 39 1.00087
12 40 1.00086
12 41 1.00085
12 42 1.00083
12 43 1.00082
12 44 1.0008
12 45 1.00078
12 46 1.00077
12 47 1.00075
12 48 1.00073
12 49 1.00071
12 50 1.00069
12 51 1.00067
12 52 1.00064
12 53 1.00062
12 54 1.0006
12 55 1.00057
12 56 1.00055
12 57 1.00052
12 58 1.0005
12 59 1.00047
12 60 1.00045
12 61 1.00042
12 62 1.0004
12 63 1.00037
12 64 1.00035
12 65 1.00032
12 66 1.0003
12 67 1.00028
12 68 1.00025
12 69 1.00023
12 70 1.00021
12 71 1.00019
12 72 1.00016
12 73 1.00014
12 74 1.00012
12 75 1.00011
12 76 1.00009
12 77 1.00007
12 78 1.00005
12 79 1.00004
12 80 1.00002
12 81 1.00001
12 82 0.999998
12 83 0.999986
12 84 0.999975
12 85 0.999965
12 86 0.999955
12 87 0.999946
12 88 0.999939
12 89 0.999932
12 90 0.999925
12 91 0.999919
12 92 0.999914
12 93 0.99991
12 94 0.999906
12 95 0.999902
12 96 0.999899
12 97 0.999897
12 98 0.999895
12 99 0.999893
12 100 0.999891
12 101 0.999891
12 102 0.99989
12 103 0.999888
12 104 0.999888
12 105 0.999889
12 106 0.999887
12 107 0.999884
12 108 0.999889
12 109 0.999891
12 110 0.999877
12 111 0.999877
12 112 0.9999
12 113 0.999883
12 114 0.99984
12 115 0.999878
12 116 0.999915
12 117 0.999813
12 118 0.999787
12 119 0.999923
12 120 0.999855
12 121 0.999728
12 122 0.999914
12 123 0.999977
12 124 0.99995
12 125 1.00015
12 126 1.00031
12 127 1.00046

13 0 0
13 1 1.00095
13 2 1.00095
13 3 1.00095
13 4 1.00095
13 5 1.00095
13 6 1.00095
13 7 1.00095
13 8 1.00096
13 9 1.00096
13 10 1.00096
13 11 1.00096
13 12 1.00096
13 13 1.00096
13 14 1.00096
13 15 1.00096
13 16 1.00096
13 17 1.00096
13 18 1.00096
13 19 1.00096
13 20 1.00096
13 21 1.00096
13 22 1.00096
13 23 1.00096
13 24 1.00096
13 25 1.00096
13 26 1.00096
13 27 1.00095
13 28 1.00095
13 29 1.00095
13 30 1.00094
13 31 1.00094
13 32 1.00093
13 33 1.00092
13 34 1.00092
13 35 1.00091
13 36 1.0009
13 37 1.00089
13 38 1.00088
13 39 1.00087
13 40 1.00086
13 41 1.00084
13 42 1.00083
13 43 1.00081
13 44 1.0008
13 45 1.00078
13 46 1.00076
13 47 1.00074
13 48 1.00072
13 49 1.0007
13 50 1.00068
13 51 1.00066
13 52 1.00063
13 53 1.00061
13 54 1.00059
13 55 1.00056
13 56 1.00054
13 57 1.00051
13 58 1.00049
13 59 1.00046
13 60 1.00044
13 61 1.00041
13 62 1.00039
13 63 1.00036
13 64 1.00034
13 65 1.00031
13 66 1.00029
13 67 1.00026
13 68 1.00024
13 69 1.00022
13 70 1.00019
13 71 1.00017
13 72 1.00015
13 73 1.00013
13 74 1.00011
13 75 1.00009
13 76 1.00008
13 77 1.00006
13 78 1.00004
13 79 1.00003
13 80 1.00001
13 81 1
13 82 0.999988
13 83 0.999976
13 84 0.999966
13 85 0.999956
13 86 0.999947
13 87 0.99994
13 88 0.999933
13 89 0.999926
13 90 0.999921
13 91 0.999916
13 92 0.999912
13 93 0.999909
13 94 0.999906
13 95 0.999904
13 96 0.999902
13 97 0.999901
13 98 0.9999
13 99 0.9999
13 100 0.9999
13 101 0.999901
13 102 0.999903
13 103 0.999904
13 104 0.999904
13 105 0.999907
13 106 0.999912
13 107 0.999912
13 108 0.999911
13 109 0.999922
13 110 0.999929
13 111 0.999916
13 112 0.999919
13 113 0.999951
13 114 0.999938
13 115 0.999897
13 116 0.999944
13 117 0.999984
13 118 0.999893
13 119 0.999893
13 120 1.00002
13 121 0.999957
13 122 0.999919
13 123 1.00008
13 124 1.00016
13 125 1.00022
13 126 1.00038
13 127 1.00053

14 0 0
14 1 1.00095
14 2 1.00095
14 3 1.00095
14 4 1.00095
14 5 1.00095
14 6 1.00095
14 7 1.00095
14 8 1.00095
14 9 1.00096
14 10 1.00096
14 11 1.00096
14 12 1.00096
14 13 1.00096
14 14 1.00096
14 15 1.00096
14 16 1.00096
14 17 1.00096
14 18 1.00096
14 19 1.00096
14 20 1.00096
14 21 1.00096
14 22 1.00096
14 23 1.00096
14 24 1.00096
14 25 1.00096
14 26 1.00095
14 27 1.00095
14 28 1.00095
14 29 1.00094
14 30 1.00094
14 31 1.00093
14 32 1.00093
14 33 1.00092
14 34 1.00091
14 35 1.00091
14 36 1.0009
14 37 1.00089
14 38 1.00088
14 39 1.00086
14 40 1.00085
14 41 1.00084
14 42 1.00082
14 43 1.00081
14 44 1.00079
14 45 1.00077
14 46 1.00075
14 47 1.00073
14 48 1.00071
14 49 1.00069
14 50 1.00067
14 51 1.00065
14 52 1.00062
14 53 1.0006
14 54 1.00058
14 55 1.00055
14 56 1.00053
14 57 1.0005
14 58 1.00048
14 59 1.00045
14 60 1.00042
14 61 1.0004
14 62 1.00037
14 63 1.00035
14 64 1.00032
14 65 1.0003
14 66 1.00027
14 67 1.00025
14 68 1.00022
14 69 1.0002
14 70 1.00018
14 71 1.00016
14 72 1.00014
14 73 1.00012
14 74 1.0001
14 75 1.00008
14 76 1.00006
14 77 1.00004
14 78 1.00003
14 79 1.00001
14 80 1
14 81 0.999987
14 82 0.999976
14 83 0.999965
14 84 0.999955
14 85 0.999946
14 86 0.999938
14 87 0.999931
14 88 0.999925
14 89 0.99992
14 90 0.999915
14 91 0.999912
14 92 0.999909
14 93 0.999907
14 94 0.999905
14 95 0.999904
14 96 0.999904
14 97 0.999905
14 98 0.999906
14 99 0.999907
14 100 0.99991
14 101 0.999912
14 102 0.999915
14 103 0.99992
14 104 0.999924
14 105 0.999927
14 106 0.999933
14 107 0.999943
14 108 0.999946
14 109 0.999947
14 110 0.999963
14 111 0.999976
14 112 0.999966
14 113 0.999973
14 114 1.00001
14 115 1
14 116 0.999971
14 117 1.00002
14 118 1.00006
14 119 0.999993
14 120 1.00002
14 121 1.00011
14 122 1.00009
14 123 1.00013
14 124 1.00026
14 125 1.00034
14 126 1.00046
14 127 1.00056

15 0 0
15 1 1.00095
15 2 1.00095
15 3 1.00095
15 4 1.00095
15 5 1.00095
15 6 1.00095
15 7 1.00095
15 8 1.00095
15 9 1.00095
15 10 1.00095
15 11 1.00096
15 12 1.00096
15 13 1.00096
15 14 1.00096
15 15 1.00096
15 16 1.00096
15 17 1.00096
15 18 1.00096
15 19 1.00096
15 20 1.00096
15 21 1.00096
15 22 1.00096
15 23 1.00096
15 24 1.00096
15 25 1.00096
15 26 1.00095
15 27 1.00095
15 28 1.00095
15 29 1.00094
15 30 1.00094
15 31 1.00093
15 32 1.00093
15 33 1.00092
15 34 1.00091
15 35 1.0009
15 36 1.00089
15 37 1.00088
15 38 1.00087
15 39 1.00086
15 40 1.00084
15 41 1.00083
15 42 1.00082
15 43 1.0008
15 44 1.00078
15 45 1.00076
15 46 1.00074
15 47 1.00072
15 48 1.0007
15 49 1.00068
15 50 1.00066
15 51 1.00064
15 52 1.00061
15 53 1.00059
15 54 1.00056
15 55 1.00054
15 56 1.00051
15 57 1.00049
15 58 1.00046
15 59 1.00044
15 60 1.00041
15 61 1.00038
15 62 1.00036
15 63 1.00033
15 64 1.00031
15 65 1.00028
15 66 1.00026
15 67 1.00023
15 68 1.00021
15 69 1.00018
15 70 1.00016
15 71 1.00014
15 72 1.00012
15 73 1.0001
15 74 1.00008
15 75 1.00006
15 76 1.00004
15 77 1.00003
15 78 1.00001
15 79 0.999999
15 80 0.999985
15 81 0.999973
15 82 0.999962
15 83 0.999952
15 84 0.999943
15 85 0.999935
15 86 0.999927
15 87 0.999921
15 88 0.999916
15 89 0.999912
15 90 0.999908
15 91 0.999906
15 92 0.999904
15 93 0.999904
15 94 0.999903
15 95 0.999904
15 96 0.999906
15 97 0.999908
15 98 0.999911
15 99 0.999914
15 100 0.999919
15 101 0.999924
15 102 0.999929
15 103 0.999935
15 104 0.999943
15 105 0.999951
15 106 0.999957
15 107 0.999967
15 108 0.999981
15 109 0.999988
15 110 0.999992
15 111 1.00001
15 112 1.00003
15 113 1.00003
15 114 1.00004
15 115 1.00008
15 116 1.00008
15 117 1.00006
15 118 1.00011
15 119 1.00014
15 120 1.0001
15 121 1.00015
15 122 1.00023
15 123 1.00024
15 124 1.00032
15 125 1.00043
15 126 1.00053
15 127 1.00063

16 0 0
16 1 1.00094
16 2 1.00095
16 3 1.00095
16 4 1.00095
16 5 1.00095
16 6 1.00095
16 7 1.00095
16 8 1.00095
16 9 1.00095
16 10 1.00095
16 11 1.00095
16 12 1.00096
16 13 1.00096
16 14 1.00096
16 15 1.00096
16 16 1.00096
16 17 1.00096
16 18 1.00096
16 19 1.00096
16 20 1.00096
16 21 1.00096
16 22 1.00096
16 23 1.00096
16 24 1.00096
16 25 1.00095
16 26 1.00095
16 27 1.00095
16 28 1.00094
16 29 1.00094
16 30 1.00093
16 31 1.00093
16 32 1.00092
16 33 1.00092
16 34 1.00091
16 35 1.0009
16 36 1.00089
16 37 1.00088
16 38 1.00087
16 39 1.00085
16 40 1.00084
16 41 1.00082
16 42 1.00081
16 43 1.00079
16 44 1.00077
16 45 1.00076
16 46 1.00074
16 47 1.00072
16 48 1.00069
16 49 1.00067
16 50 1.00065
16 51 1.00063
16 52 1.0006
16 53 1.00058
16 54 1.00055
16 55 1.00053
16 56 1.0005
16 57 1.00047
16 58 1.00045
16 59 1.00042
16 60 1.00039
16 61 1.00037
16 62 1.00034
16 63 1.00031
16 64 1.00029
16 65 1.00026
16 66 1.00024
16 67 1.00021
16 68 1.00019
16 69 1.00017
16 70 1.00014
16 71 1.00012
16 72 1.0001
16 73 1.00008
16 74 1.00006
16 75 1.00004
16 76 1.00003
16 77 1.00001
16 78 0.999995
16 79 0.999981
16 80 0.999968
16 81 0.999957
16 82 0.999946
16 83 0.999937
16 84 0.999928
16 85 0.999921
16 86 0.999915
16 87 0.99991
16 88 0.999906
16 89 0.999902
16 90 0.9999
16 91 0.999899
16 92 0.999899
16 93 0.999899
16 94 0.999901
16 95 0.999903
16 96 0.999906
16 97 0.99991
16 98 0.999915
16 99 0.999921
16 100 0.999927
16 101 0.999935
16 102 0.999943
16 103 0.999951
16 104 0.99996
16 105 0.999973
16 106 0.999985
16 107 0.999994
16 108 1.00001
16 109 1.00003
16 110 1.00004
16 111 1.00005
16 112 1.00007
16 113 1.0001
16 114 1.00009
16 115 1.00011
16 116 1.00016
16 117 1.00016
16 118 1.00015
16 119 1.00021
16 120 1.00023
16 121 1.00023
16 122 1.00029
16 123 1.00035
16 124 1.00041
16 125 1.0005
16 126 1.0006
16 127 1.00069

17 0 0
17 1 1.00094
17 2 1.00094
17 3 1.00094
17 4 1.00095
17 5 1.00095
17 6 1.00095
17 7 1.00095
17 8 1.00095
17 9 1.00095
17 10 1.00095
17 11 1.00095
17 12 1.00095
17 13 1.00096
17 14 1.00096
17 15 1.00096
17 16 1.00096
17 17 1.00096
17 18 1.00096
17 19 1.00096
17 20 1.00096
17 21 1.00096
17 22 1.00096
17 23 1.00096
17 24 1.00095
17 25 1.00095
17 26 1.00095
17 27 1.00095
17 28 1.00094
17 29 1.00094
17 30 1.00093
17 31 1.00093
17 32 1.00092
17 33 1.00091
17 34 1.0009
17 35 1.00089
17 36 1.00088
17 37 1.00087
17 38 1.00086
17 39 1.00085
17 40 1.00083
17 41 1.00082
17 42 1.0008
17 43 1.00078
17 44 1.00077
17 45 1.00075
17 46 1.00073
17 47 1.00071
17 48 1.00068
17 49 1.00066
17 50 1.00064
17 51 1.00061
17 52 1.00059
17 53 1.00056
17 54 1.00054
17 55 1.00051
17 56 1.00048
17 57 1.00046
17 58 1.00043
17 59 1.0004
17 60 1.00038
17 61 1.00035
17 62 1.00032
17 63 1.00029
17 64 1.00027
17 65 1.00024
17 66 1.00022
17 67 1.00019
17 68 1.00017
17 69 1.00014
17 70 1.00012
17 71 1.0001
17 72 1.00008
17 73 1.00006
17 74 1.00004
17 75 1.00002
17 76 1.00001
17 77 0.99999
17 78 0.999975
17 79 0.999962
17 80 0.99995
17 81 0.999939
17 82 0.999929
17 83 0.99992
17 84 0.999912
17 85 0.999906
17 86 0.999901
17 87 0.999896
17 88 0.999893
17 89 0.999891
17 90 0.99989
17 91 0.999891
17 92 0.999892
17 93 0.999894
17 94 0.999897
17 95 0.999901
17 96 0.999906
17 97 0.999912
17 98 0.999919
17 99 0.999927
17 100 0.999935
17 101 0.999945
17 102 0.999956
17 103 0.999968
17 104 0.999979
17 105 0.999992
17 106 1.00001
17 107 1.00002
17 108 1.00004
17 109 1.00006
17 110 1.00008
17 111 1.00009
17 112 1.00011
17 113 1.00014
17 114 1.00016
17 115 1.00017
17 116 1.00019
17 117 1.00024
17 118 1.00024
17 119 1.00025
17 120 1.00031
17 121 1.00033
17 122 1.00036
17 123 1.00042
17 124 1.00049
17 125 1.00056
17 126 1.00065
17 127 1.00074

18 0 0
18 1 1.00094
18 2 1.00094
18 3 1.00094
18 4 1.00094
18 5 1.00095
18 6 1.00095
18 7 1.00095
18 8 1.00095
18 9 1.00095
18 10 1.00095
18 11 1.00095
18 12 1.00095
18 13 1.00095
18 14 1.00096
18 15 1.00096
18 16 1.00096
18 17 1.00096
18 18 1.00096
18 19 1.00096
18 20 1.00096
18 21 1.00096
18 22 1.00096
18 23 1.00095
18 24 1.00095
18 25 1.00095
18 26 1.00095
18 27 1.00094
18 28 1.00094
18 29 1.00093
18 30 1.00093
18 31 1.00092
18 32 1.00092
18 33 1.00091
18 34 1.0009
18 35 1.00089
18 36 1.00088
18 37 1.00087
18 38 1.00085
18 39 1.00084
18 40 1.00083
18 41 1.00081
18 42 1.00079
18 43 1.00077
18 44 1.00076
18 45 1.00074
18 46 1.00072
18 47 1.00069
18 48 1.00067
18 49 1.00065
18 50 1.00062
18 51 1.0006
18 52 1.00057
18 53 1.00055
18 54 1.00052
18 55 1.00049
18 56 1.00047
18 57 1.00044
18 58 1.00041
18 59 1.00038
18 60 1.00036
18 61 1.00033
18 62 1.0003
18 63 1.00027
18 64 1.00025
18 65 1.00022
18 66 1.00019
18 67 1.00017
18 68 1.00015
18 69 1.00012
18 70 1.0001
18 71 1.00008
18 72 1.00006
18 73 1.00004
18 74 1.00002
18 75 1
18 76 0.999983
18 77 0.999968
18 78 0.999953
18 79 0.999941
18 80 0.999929
18 81 0.999918
18 82 0.999909
18 83 0.999901
18 84 0.999894
18 85 0.999889
18 86 0.999884
18 87 0.999881
18 88 0.999879
18 89 0.999879
18 90 0.999879
18 91 0.99988
18 92 0.999883
18 93 0.999887
18 94 0.999892
18 95 0.999897
18 96 0.999904
18 97 0.999912
18 98 0.999921
18 99 0.999931
18 100 0.999942
18 101 0.999955
18 102 0.999967
18 103 0.999982
18 104 0.999998
18 105 1.00001
18 106 1.00003
18 107 1.00005
18 108 1.00007
18 109 1.00009
18 110 1.00011
18 111 1.00014
18 112 1.00016
18 113 1.00017
18 114 1.00021
18 115 1.00024
18 116 1.00025
18 117 1.00028
18 118 1.00032
18 119 1.00033
18 120 1.00036
18 121 1.00041
18 122 1.00044
18 123 1.00049
18 124 1.00055
18 125 1.00063
18 126 1.0007
18 127 1.00078

19 0 0
19 1 1.00094
19 2 1.00094
19 3 1.00094
19 4 1.00094
19 5 1.00094
19 6 1.00094
19 7 1.00095
19 8 1.00095
19 9 1.00095
19 10 1.00095
19 11 1.00095
19 12 1.00095
19 13 1.00095
19 14 1.00095
19 15 1.00095
19 16 1.00096
19 17 1.00096
19 18 1.00096
19 19 1.00096
19 20 1.00096
19 21 1.00095
19 22 1.00095
19 23 1.00095
19 24 1.00095
19 25 1.00095
19 26 1.00094
19 27 1.00094
19 28 1.00094
19 29 1.00093
19 30 1.00093
19 31 1.00092
19 32 1.00091
19 33 1.0009
19 34 1.00089
19 35 1.00088
19 36 1.00087
19 37 1.00086
19 38 1.00085
19 39 1.00083
19 40 1.00082
19 41 1.0008
19 42 1.00078
19 43 1.00076
19 44 1.00075
19 45 1.00072
19 46 1.0007
19 47 1.00068
19 48 1.00066
19 49 1.00063
19 50 1.00061
19 51 1.00058
19 52 1.00056
19 53 1.00053
19 54 1.0005
19 55 1.00048
19 56 1.00045
19 57 1.00042
19 58 1.00039
19 59 1.00036
19 60 1.00033
19 61 1.00031
19 62 1.00028
19 63 1.00025
19 64 1.00022
19 65 1.0002
19 66 1.00017
19 67 1.00014
19 68 1.00012
19 69 1.0001
19 70 1.00007
19 71 1.00005
19 72 1.00003
19 73 1.00001
19 74 0.999992
19 75 0.999975
19 76 0.999958
19 77 0.999943
19 78 0.999929
19 79 0.999917
19 80 0.999906
19 81 0.999896
19 82 0.999887
19 83 0.99988
19 84 0.999874
19 85 0.99987
19 86 0.999866
19 87 0.999864
19 88 0.999863
19 89 0.999864
19 90 0.999866
19 91 0.999869
19 92 0.999873
19 93 0.999878
19 94 0.999885
19 95 0.999892
19 96 0.999901
19 97 0.999911
19 98 0.999922
19 99 0.999935
19 100 0.999948
19 101 0.999963
19 102 0.999978
19 103 0.999994
19 104 1.00001
19 105 1.00003
19 106 1.00005
19 107 1.00007
19 108 1.0001
19 109 1.00012
19 110 1.00014
19 111 1.00017
19 112 1.0002
19 113 1.00022
19 114 1.00025
19 115 1.00028
19 116 1.00031
19 117 1.00033
19 118 1.00036
19 119 1.0004
19 120 1.00042
19 121 1.00046
19 122 1.00051
19 123 1.00055
19 124 1.00061
19 125 1.00068
19 126 1.00075
19 127 1.00082

20 0 0
20 1 1.00094
20 2 1.00094
20 3 1.00094
20 4 1.00094
20 5 1.00094
20 6 1.00094
20 7 1.00094
20 8 1.00095
20 9 1.00095
20 10 1.00095
20 11 1.00095
20 12 1.00095
20 13 1.00095
20 14 1.00095
20 15 1.00095
20 16 1.00095
20 17 1.00095
20 18 1.00095
20 19 1.00095
20 20 1.00095
20 21 1.00095
20 22 1.00095
20 23 1.00095
20 24 1.00095
20 25 1.00095
20 26 1.00094
20 27 1.00094
20 28 1.00093
20 29 1.00093
20 30 1.00092
20 31 1.00091
20 32 1.00091
20 33 1.0009
20 34 1.00089
20 35 1.00088
20 36 1.00087
20 37 1.00085
20 38 1.00084
20 39 1.00082
20 40 1.00081
20 41 1.00079
20 42 1.00077
20 43 1.00075
20 44 1.00073
20 45 1.00071
20 46 1.00069
20 47 1.00067
20 48 1.00064
20 49 1.00062
20 50 1.00059
20 51 1.00057
20 52 1.00054
20 53 1.00051
20 54 1.00048
20 55 1.00045
20 56 1.00043
20 57 1.0004
20 58 1.00037
20 59 1.00034
20 60 1.00031
20 61 1.00028
20 62 1.00025
20 63 1.00022
20 64 1.0002
20 65 1.00017
20 66 1.00014
20 67 1.00012
20 68 1.00009
20 69 1.00007
20 70 1.00005
20 71 1.00002
20 72 1
20 73 0.999983
20 74 0.999965
20 75 0.999947
20 76 0.999931
20 77 0.999916
20 78 0.999903
20 79 0.999891
20 80 0.99988
20 81 0.999871
20 82 0.999863
20 83 0.999857
20 84 0.999852
20 85 0.999848
20 86 0.999846
20 87 0.999845
20 88 0.999846
20 89 0.999847
20 90 0.999851
20 91 0.999855
20 92 0.999861
20 93 0.999868
20 94 0.999876
20 95 0.999886
20 96 0.999896
20 97 0.999908
20 98 0.999922
20 99 0.999936
20 100 0.999952
20 101 0.999969
20 102 0.999987
20 103 1.00001
20 104 1.00003
20 105 1.00005
20 106 1.00007
20 107 1.0001
20 108 1.00012
20 109 1.00015
20 110 1.00018
20 111 1.0002
20 112 1.00023
20 113 1.00027
20 114 1.00029
20 115 1.00032
20 116 1.00036
20 117 1.00039
20 118 1.00041
20 119 1.00045
20 120 1.00048
20 121 1.00051
20 122 1.00056
20 123 1.00061
20 124 1.00066
20 125 1.00072
20 126 1.00079
20 127 1.00086

21 0 0
21 1 1.00093
21 2 1.00094
21 3 1.00094
21 4 1.00094
21 5 1.00094
21 6 1.00094
21 7 1.00094
21 8 1.00094
21 9 1.00095
21 10 1.00095
21 11 1.00095
21 12 1.00095
21 13 1.00095
21 14 1.00095
21 15 1.00095
21 16 1.00095
21 17 1.00095
21 18 1.00095
21 19 1.00095
21 20 1.00095
21 21 1.00095
21 22 1.00095
21 23 1.00095
21 24 1.00095
21 25 1.00094
21 26 1.00094
21 27 1.00093
21 28 1.00093
21 29 1.00092
21 30 1.00092
21 31 1.00091
21 32 1.0009
21 33 1.00089
21 34 1.00088
21 35 1.00087
21 36 1.00086
21 37 1.00085
21 38 1.00083
21 39 1.00082
21 40 1.0008
21 41 1.00078
21 42 1.00076
21 43 1.00074
21 44 1.00072
21 45 1.0007
21 46 1.00068
21 47 1.00065
21 48 1.00063
21 49 1.0006
21 50 1.00057
21 51 1.00055
21 52 1.00052
21 53 1.00049
21 54 1.00046
21 55 1.00043
21 56 1.0004
21 57 1.00037
21 58 1.00034
21 59 1.00031
21 60 1.00028
21 61 1.00025
21 62 1.00023
21 63 1.0002
21 64 1.00017
21 65 1.00014
21 66 1.00011
21 67 1.00009
21 68 1.00006
21 69 1.00004
21 70 1.00002
21 71 0.999994
21 72 0.999973
21 73 0.999953
21 74 0.999935
21 75 0.999918
21 76 0.999902
21 77 0.999887
21 78 0.999874
21 79 0.999863
21 80 0.999853
21 81 0.999844
21 82 0.999837
21 83 0.999832
21 84 0.999827
21 85 0.999825
21 86 0.999824
21 87 0.999824
21 88 0.999826
21 89 0.999829
21 90 0.999833
21 91 0.999839
21 92 0.999847
21 93 0.999856
21 94 0.999866
21 95 0.999877
21 96 0.99989
21 97 0.999904
21 98 0.999919
21 99 0.999936
21 100 0.999954
21 101 0.999973
21 102 0.999993
21 103 1.00002
21 104 1.00004
21 105 1.00006
21 106 1.00009
21 107 1.00012
21 108 1.00014
21 109 1.00017
21 110 1.0002
21 111 1.00024
21 112 1.00026
21 113 1.0003
21 114 1.00033
21 115 1.00036
21 116 1.00039
21 117 1.00043
21 118 1.00046
21 119 1.00049
21 120 1.00053
21 121 1.00057
21 122 1.0006
21 123 1.00065
21 124 1.0007
21 125 1.00076
21 126 1.00082
21 127 1.00089

22 0 0
22 1 1.00093
22 2 1.00093
22 3 1.00094
22 4 1.00094
22 5 1.00094
22 6 1.00094
22 7 1.00094
22 8 1.00094
22 9 1.00094
22 10 1.00095
22 11 1.00095
22 12 1.00095
22 13 1.00095
22 14 1.00095
22 15 1.00095
22 16 1.00095
22 17 1.00095
22 18 1.00095
22 19 1.00095
22 20 1.00095
22 21 1.00095
22 22 1.00095
22 23 1.00095
22 24 1.00094
22 25 1.00094
22 26 1.00094
22 27 1.00093
22 28 1.00093
22 29 1.00092
22 30 1.00091
22 31 1.00091
22 32 1.0009
22 33 1.00089
22 34 1.00088
22 35 1.00086
22 36 1.00085
22 37 1.00084
22 38 1.00082
22 39 1.00081
22 40 1.00079
22 41 1.00077
22 42 1.00075
22 43 1.00073
22 44 1.00071
22 45 1.00068
22 46 1.00066
22 47 1.00064
22 48 1.00061
22 49 1.00058
22 50 1.00056
22 51 1.00053
22 52 1.0005
22 53 1.00047
22 54 1.00044
22 55 1.00041
22 56 1.00038
22 57 1.00035
22 58 1.00032
22 59 1.00029
22 60 1.00026
22 61 1.00023
22 62 1.0002
22 63 1.00017
22 64 1.00014
22 65 1.00011
22 66 1.00008
22 67 1.00006
22 68 1.00003
22 69 1.00001
22 70 0.999984
22 71 0.999961
22 72 0.99994
22 73 0.999921
22 74 0.999902
22 75 0.999886
22 76 0.99987
22 77 0.999856
22 78 0.999844
22 79 0.999833
22 80 0.999823
22 81 0.999815
22 82 0.999809
22 83 0.999804
22 84 0.999801
22 85 0.999799
22 86 0.999799
22 87 0.999801
22 88 0.999804
22 89 0.999808
22 90 0.999814
22 91 0.999822
22 92 0.999831
22 93 0.999841
22 94 0.999853
22 95 0.999866
22 96 0.999881
22 97 0.999897
22 98 0.999915
22 99 0.999933
22 100 0.999954
22 101 0.999975
22 102 0.999998
22 103 1.00002
22 104 1.00005
22 105 1.00008
22 106 1.0001
22 107 1.00013
22 108 1.00016
22 109 1.00019
22 110 1.00023
22 111 1.00026
22 112 1.0003
22 113 1.00033
22 114 1.00036
22 115 1.0004
22 116 1.00043
22 117 1.00047
22 118 1.0005
22 119 1.00053
22 120 1.00057
22 121 1.00061
22 122 1.00065
22 123 1.00069
22 124 1.00074
22 125 1.00079
22 126 1.00085
22 127 1.00091

23 0 0
23 1 1.00093
23 2 1.00093
23 3 1.00093
23 4 1.00094
23 5 1.00094
23 6 1.00094
23 7 1.00094
23 8 1.00094
23 9 1.00094
23 10 1.00094
23 11 1.00095
23 12 1.00095
23 13 1.00095
23 14 1.00095
23 15 1.00095
23 16 1.00095
23 17 1.00095
23 18 1.00095
23 19 1.00095
23 20 1.00095
23 21 1.00095
23 22 1.00095
23 23 1.00094
23 24 1.00094
23 25 1.00094
23 26 1.00093
23 27 1.00093
23 28 1.00092
23 29 1.00092
23 30 1.00091
23 31 1.0009
23 32 1.00089
23 33 1.00088
23 34 1.00087
23 35 1.00086
23 36 1.00084
23 37 1.00083
23 38 1.00081
23 39 1.0008
23 40 1.00078
23 41 1.00076
23 42 1.00074
23 43 1.00072
23 44 1.00069
23 45 1.00067
23 46 1.00064
23 47 1.00062
23 48 1.00059
23 49 1.00056
23 50 1.00053
23 51 1.00051
23 52 1.00048
23 53 1.00044
23 54 1.00041
23 55 1.00038
23 56 1.00035
23 57 1.00032
23 58 1.00029
23 59 1.00026
23 60 1.00023
23 61 1.0002
23 62 1.00016
23 63 1.00013
23 64 1.00011
23 65 1.00008
23 66 1.00005
23 67 1.00002
23 68 0.999997
23 69 0.999972
23 70 0.999949
23 71 0.999927
23 72 0.999906
23 73 0.999886
23 74 0.999868
23 75 0.999851
23 76 0.999836
23 77 0.999822
23 78 0.99981
23 79 0.9998
23 80 0.999791
23 81 0.999784
23 82 0.999778
23 83 0.999774
23 84 0.999772
23 85 0.999771
23 86 0.999772
23 87 0.999775
23 88 0.999779
23 89 0.999785
23 90 0.999793
23 91 0.999802
23 92 0.999812
23 93 0.999825
23 94 0.999838
23 95 0.999853
23 96 0.99987
23 97 0.999888
23 98 0.999908
23 99 0.999929
23 100 0.999951
23 101 0.999975
23 102 1
23 103 1.00003
23 104 1.00005
23 105 1.00008
23 106 1.00011
23 107 1.00015
23 108 1.00018
23 109 1.00021
23 110 1.00025
23 111 1.00028
23 112 1.00032
23 113 1.00036
23 114 1.00039
23 115 1.00043
23 116 1.00046
23 117 1.0005
23 118 1.00053
23 119 1.00057
23 120 1.0006
23 121 1.00064
23 122 1.00068
23 123 1.00072
23 124 1.00077
23 125 1.00082
23 126 1.00087
23 127 1.00093

24 0 0
24 1 1.00093
24 2 1.00093
24 3 1.00093
24 4 1.00093
24 5 1.00094
24 6 1.00094
24 7 1.00094
24 8 1.00094
24 9 1.00094
24 10 1.00094
24 11 1.00094
24 12 1.00095
24 13 1.00095
24 14 1.00095
24 15 1.00095
24 16 1.00095
24 17 1.00095
24 18 1.00095
24 19 1.00095
24 20 1.00095
24 21 1.00095
24 22 1.00094
24 23 1.00094
24 24 1.00094
24 25 1.00093
24 26 1.00093
24 27 1.00092
24 28 1.00092
24 29 1.00091
24 30 1.0009
24 31 1.00089
24 32 1.00088
24 33 1.00087
24 34 1.00086
24 35 1.00085
24 36 1.00083
24 37 1.00082
24 38 1.0008
24 39 1.00078
24 40 1.00076
24 41 1.00074
24 42 1.00072
24 43 1.0007
24 44 1.00068
24 45 1.00065
24 46 1.00063
24 47 1.0006
24 48 1.00057
24 49 1.00054
24 50 1.00051
24 51 1.00048
24 52 1.00045
24 53 1.00042
24 54 1.00039
24 55 1.00036
24 56 1.00032
24 57 1.00029
24 58 1.00026
24 59 1.00023
24 60 1.00019
24 61 1.00016
24 62 1.00013
24 63 1.0001
24 64 1.00007
24 65 1.00004
24 66 1.00001
24 67 0.999986
24 68 0.99996
24 69 0.999935
24 70 0.999912
24 71 0.999889
24 72 0.999868
24 73 0.999849
24 74 0.999831
24 75 0.999814
24 76 0.999799
24 77 0.999786
24 78 0.999775
24 79 0.999765
24 80 0.999756
24 81 0.99975
24 82 0.999745
24 83 0.999742
24 84 0.999741
24 85 0.999741
24 86 0.999743
24 87 0.999747
24 88 0.999753
24 89 0.99976
24 90 0.999769
24 91 0.99978
24 92 0.999792
24 93 0.999806
24 94 0.999821
24 95 0.999838
24 96 0.999857
24 97 0.999877
24 98 0.999898
24 99 0.999922
24 100 0.999946
24 101 0.999972
24 102 0.999999
24 103 1.00003
24 104 1.00006
24 105 1.00009
24 106 1.00012
24 107 1.00016
24 108 1.00019
24 109 1.00023
24 110 1.00026
24 111 1.0003
24 112 1.00034
24 113 1.00038
24 114 1.00041
24 115 1.00045
24 116 1.00049
24 117 1.00052
24 118 1.00056
24 119 1.00059
24 120 1.00063
24 121 1.00067
24 122 1.0007
24 123 1.00075
24 124 1.00079
24 125 1.00084
24 126 1.00089
24 127 1.00095

25 0 0
25 1 1.00093
25 2 1.00093
25 3 1.00093
25 4 1.00093
25 5 1.00093
25 6 1.00094
25 7 1.00094
25 8 1.00094
25 9 1.00094
25 10 1.00094
25 11 1.00094
25 12 1.00094
25 13 1.00095
25 14 1.00095
25 15 1.00095
25 16 1.00095
25 17 1.00095
25 18 1.00095
25 19 1.00095
25 20 1.00094
25 21 1.00094
25 22 1.00094
25 23 1.00094
25 24 1.00093
25 25 1.00093
25 26 1.00093
25 27 1.00092
25 28 1.00091
25 29 1.00091
25 30 1.0009
25 31 1.00089
25 32 1.00088
25 33 1.00087
25 34 1.00085
25 35 1.00084
25 36 1.00082
25 37 1.00081
25 38 1.00079
25 39 1.00077
25 40 1.00075
25 41 1.00073
25 42 1.00071
25 43 1.00068
25 44 1.00066
25 45 1.00063
25 46 1.00061
25 47 1.00058
25 48 1.00055
25 49 1.00052
25 50 1.00049
25 51 1.00046
25 52 1.00042
25 53 1.00039
25 54 1.00036
25 55 1.00033
25 56 1.00029
25 57 1.00026
25 58 1.00023
25 59 1.00019
25 60 1.00016
25 61 1.00013
25 62 1.00009
25 63 1.00006
25 64 1.00003
25 65 1
25 66 0.999975
25 67 0.999948
25 68 0.999921
25 69 0.999896
25 70 0.999872
25 71 0.99985
25 72 0.999829
25 73 0.999809
25 74 0.999791
25 75 0.999775
25 76 0.999761
25 77 0.999748
25 78 0.999737
25 79 0.999727
25 80 0.99972
25 81 0.999714
25 82 0.99971
25 83 0.999708
25 84 0.999707
25 85 0.999709
25 86 0.999712
25 87 0.999717
25 88 0.999724
25 89 0.999733
25 90 0.999743
25 91 0.999755
25 92 0.999769
25 93 0.999784
25 94 0.999802
25 95 0.99982
25 96 0.999841
25 97 0.999863
25 98 0.999886
25 99 0.999911
25 100 0.999938
25 101 0.999966
25 102 0.999996
25 103 1.00003
25 104 1.00006
25 105 1.00009
25 106 1.00013
25 107 1.00016
25 108 1.0002
25 109 1.00024
25 110 1.00028
25 111 1.00031
25 112 1.00035
25 113 1.00039
25 114 1.00043
25 115 1.00047
25 116 1.00051
25 117 1.00054
25 118 1.00058
25 119 1.00061
25 120 1.00065
25 121 1.00069
25 122 1.00072
25 123 1.00076
25 124 1.00081
25 125 1.00085
25 126 1.0009
25 127 1.00096

26 0 0
26 1 1.00093
26 2 1.00093
26 3 1.00093
26 4 1.00093
26 5 1.00093
26 6 1.00093
26 7 1.00094
26 8 1.00094
26 9 1.00094
26 10 1.00094
26 11 1.00094
26 12 1.00094
26 13 1.00094
26 14 1.00094
26 15 1.00095
26 16 1.00095
26 17 1.00095
26 18 1.00094
26 19 1.00094
26 20 1.00094
26 21 1.00094
26 22 1.00094
26 23 1.00094
26 24 1.00093
26 25 1.00093
26 26 1.00092
26 27 1.00092
26 28 1.00091
26 29 1.0009
26 30 1.00089
26 31 1.00088
26 32 1.00087
26 33 1.00086
26 34 1.00084
26 35 1.00083
26 36 1.00081
26 37 1.0008
26 38 1.00078
26 39 1.00076
26 40 1.00074
26 41 1.00071
26 42 1.00069
26 43 1.00067
26 44 1.00064
26 45 1.00061
26 46 1.00058
26 47 1.00056
26 48 1.00052
26 49 1.00049
26 50 1.00046
26 51 1.00043
26 52 1.0004
26 53 1.00036
26 54 1.00033
26 55 1.00029
26 56 1.00026
26 57 1.00022
26 58 1.00019
26 59 1.00016
26 60 1.00012
26 61 1.00009
26 62 1.00006
26 63 1.00002
26 64 0.999993
26 65 0.999963
26 66 0.999934
26 67 0.999906
26 68 0.99988
26 69 0.999854
26 70 0.99983
26 71 0.999808
26 72 0.999787
26 73 0.999767
26 74 0.999749
26 75 0.999733
26 76 0.999719
26 77 0.999707
26 78 0.999696
26 79 0.999687
26 80 0.99968
26 81 0.999675
26 82 0.999672
26 83 0.999671
26 84 0.999672
26 85 0.999674
26 86 0.999678
26 87 0.999685
26 88 0.999693
26 89 0.999703
26 90 0.999715
26 91 0.999728
26 92 0.999744
26 93 0.999761
26 94 0.99978
26 95 0.9998
26 96 0.999822
26 97 0.999846
26 98 0.999872
26 99 0.999899
26 100 0.999927
26 101 0.999957
26 102 0.999989
26 103 1.00002
26 104 1.00006
26 105 1.00009
26 106 1.00013
26 107 1.00016
26 108 1.0002
26 109 1.00024
26 110 1.00028
26 111 1.00032
26 112 1.00036
26 113 1.0004
26 114 1.00044
26 115 1.00048
26 116 1.00052
26 117 1.00056
26 118 1.00059
26 119 1.00063
26 120 1.00066
26 121 1.0007
26 122 1.00074
26 123 1.00078
26 124 1.00082
26 125 1.00086
26 126 1.00091
26 127 1.00096

27 0 0
27 1 1.00092
27 2 1.00093
27 3 1.00093
27 4 1.00093
27 5 1.00093
27 6 1.00093
27 7 1.00093
27 8 1.00094
27 9 1.00094
27 10 1.00094
27 11 1.00094
27 12 1.00094
27 13 1.00094
27 14 1.00094
27 15 1.00094
27 16 1.00094
27 17 1.00094
27 18 1.00094
27 19 1.00094
27 20 1.00094
27 21 1.00094
27 22 1.00094
27 23 1.00093
27 24 1.00093
27 25 1.00092
27 26 1.00092
27 27 1.00091
27 28 1.0009
27 29 1.00089
27 30 1.00089
27 31 1.00087
27 32 1.00086
27 33 1.00085
27 34 1.00084
27 35 1.00082
27 36 1.0008
27 37 1.00078
27 38 1.00077
27 39 1.00074
27 40 1.00072
27 41 1.0007
27 42 1.00067
27 43 1.00065
27 44 1.00062
27 45 1.00059
27 46 1.00056
27 47 1.00053
27 48 1.0005
27 49 1.00047
27 50 1.00043
27 51 1.0004
27 52 1.00037
27 53 1.00033
27 54 1.00029
27 55 1.00026
27 56 1.00022
27 57 1.00019
27 58 1.00015
27 59 1.00012
27 60 1.00008
27 61 1.00005
27 62 1.00002
27 63 0.999983
27 64 0.999951
27 65 0.999921
27 66 0.999891
27 67 0.999863
27 68 0.999836
27 69 0.99981
27 70 0.999786
27 71 0.999763
27 72 0.999742
27 73 0.999723
27 74 0.999705
27 75 0.999689
27 76 0.999675
27 77 0.999663
27 78 0.999653
27 79 0.999645
27 80 0.999639
27 81 0.999634
27 82 0.999632
27 83 0.999632
27 84 0.999633
27 85 0.999637
27 86 0.999642
27 87 0.99965
27 88 0.999659
27 89 0.999671
27 90 0.999684
27 91 0.999699
27 92 0.999716
27 93 0.999735
27 94 0.999755
27 95 0.999777
27 96 0.999801
27 97 0.999827
27 98 0.999854
27 99 0.999883
27 100 0.999914
27 101 0.999945
27 102 0.999979
27 103 1.00001
27 104 1.00005
27 105 1.00009
27 106 1.00012
27 107 1.00016
27 108 1.0002
27 109 1.00024
27 110 1.00029
27 111 1.00033
27 112 1.00037
27 113 1.00041
27 114 1.00045
27 115 1.00049
27 116 1.00053
27 117 1.00057
27 118 1.0006
27 119 1.00064
27 120 1.00067
27 121 1.00071
27 122 1.00074
27 123 1.00078
27 124 1.00082
27 125 1.00086
27 126 1.00091
27 127 1.00096

28 0 0
28 1 1.00092
28 2 1.00092
28 3 1.00093
28 4 1.00093
28 5 1.00093
28 6 1.00093
28 7 1.00093
28 8 1.00094
28 9 1.00094
28 10 1.00094
28 11 1.00094
28 12 1.00094
28 13 1.00094
28 14 1.00094
28 15 1.00094
28 16 1.00094
28 17 1.00094
28 18 1.00094
28 19 1.00094
28 20 1.00094
28 21 1.00094
28 22 1.00093
28 23 1.00093
28 24 1.00092
28 25 1.00092
28 26 1.00091
28 27 1.00091
28 28 1.0009
28 29 1.00089
28 30 1.00088
28 31 1.00087
28 32 1.00085
28 33 1.00084
28 34 1.00083
28 35 1.00081
28 36 1.00079
28 37 1.00077
28 38 1.00075
28 39 1.00073
28 40 1.00071
28 41 1.00068
28 42 1.00065
28 43 1.00063
28 44 1.0006
28 45 1.00057
28 46 1.00054
28 47 1.00051
28 48 1.00047
28 49 1.00044
28 50 1.0004
28 51 1.00037
28 52 1.00033
28 53 1.0003
28 54 1.00026
28 55 1.00022
28 56 1.00019
28 57 1.00015
28 58 1.00011
28 59 1.00008
28 60 1.00004
28 61 1.00001
28 62 0.999973
28 63 0.999939
28 64 0.999907
28 65 0.999875
28 66 0.999845
28 67 0.999817
28 68 0.999789
28 69 0.999763
28 70 0.999739
28 71 0.999716
28 72 0.999695
28 73 0.999676
28 74 0.999658
28 75 0.999643
28 76 0.999629
28 77 0.999618
28 78 0.999608
28 79 0.9996
28 80 0.999595
28 81 0.999591
28 82 0.99959
28 83 0.99959
28 84 0.999593
28 85 0.999597
28 86 0.999604
28 87 0.999613
28 88 0.999623
28 89 0.999636
28 90 0.999651
28 91 0.999667
28 92 0.999686
28 93 0.999706
28 94 0.999728
28 95 0.999752
28 96 0.999778
28 97 0.999805
28 98 0.999834
28 99 0.999865
28 100 0.999897
28 101 0.99993
28 102 0.999965
28 103 1
28 104 1.00004
28 105 1.00008
28 106 1.00012
28 107 1.00016
28 108 1.0002
28 109 1.00024
28 110 1.00028
28 111 1.00033
28 112 1.00037
28 113 1.00041
28 114 1.00045
28 115 1.00049
28 116 1.00053
28 117 1.00057
28 118 1.00061
28 119 1.00064
28 120 1.00068
28 121 1.00071
28 122 1.00075
28 123 1.00078
28 124 1.00082
28 125 1.00086
28 126 1.00091
28 127 1.00095

29 0 0
29 1 1.00092
29 2 1.00092
29 3 1.00092
29 4 1.00093
29 5 1.00093
29 6 1.00093
29 7 1.00093
29 8 1.00093
29 9 1.00094
29 10 1.00094
29 11 1.00094
29 12 1.00094
29 13 1.00094
29 14 1.00094
29 15 1.00094
29 16 1.00094
29 17 1.00094
29 18 1.00094
29 19 1.00094
29 20 1.00094
29 21 1.00093
29 22 1.00093
29 23 1.00093
29 24 1.00092
29 25 1.00091
29 26 1.00091
29 27 1.0009
29 28 1.00089
29 29 1.00088
29 30 1.00087
29 31 1.00086
29 32 1.00085
29 33 1.00083
29 34 1.00081
29 35 1.0008
29 36 1.00078
29 37 1.00076
29 38 1.00074
29 39 1.00071
29 40 1.00069
29 41 1.00066
29 42 1.00063
29 43 1.00061
29 44 1.00058
29 45 1.00054
29 46 1.00051
29 47 1.00048
29 48 1.00044
29 49 1.00041
29 50 1.00037
29 51 1.00034
29 52 1.0003
29 53 1.00026
29 54 1.00022
29 55 1.00019
29 56 1.00015
29 57 1.00011
29 58 1.00007
29 59 1.00003
29 60 0.999998
29 61 0.999962
29 62 0.999927
29 63 0.999893
29 64 0.99986
29 65 0.999828
29 66 0.999797
29 67 0.999768
29 68 0.99974
29 69 0.999714
29 70 0.99969
29 71 0.999667
29 72 0.999646
29 73 0.999627
29 74 0.999609
29 75 0.999594
29 76 0.999581
29 77 0.99957
29 78 0.999561
29 79 0.999553
29 80 0.999549
29 81 0.999546
29 82 0.999545
29 83 0.999546
29 84 0.99955
29 85 0.999556
29 86 0.999563
29 87 0.999573
29 88 0.999585
29 89 0.999599
29 90 0.999615
29 91 0.999633
29 92 0.999653
29 93 0.999675
29 94 0.999698
29 95 0.999724
29 96 0.999751
29 97 0.99978
29 98 0.999811
29 99 0.999843
29 100 0.999877
29 101 0.999912
29 102 0.999949
29 103 0.999987
29 104 1.00003
29 105 1.00007
29 106 1.00011
29 107 1.00015
29 108 1.00019
29 109 1.00023
29 110 1.00028
29 111 1.00032
29 112 1.00036
29 113 1.00041
29 114 1.00045
29 115 1.00049
29 116 1.00053
29 117 1.00057
29 118 1.0006
29 119 1.00064
29 120 1.00067
29 121 1.00071
29 122 1.00074
29 123 1.00078
29 124 1.00081
29 125 1.00085
29 126 1.0009
29 127 1.00094

30 0 0
30 1 1.00092
30 2 1.00092
30 3 1.00092
30 4 1.00093
30 5 1.00093
30 6 1.00093
30 7 1.00093
30 8 1.00093
30 9 1.00093
30 10 1.00094
30 11 1.00094
30 12 1.00094
30 13 1.00094
30 14 1.00094
30 15 1.00094
30 16 1.00094
30 17 1.00094
30 18 1.00094
30 19 1.00094
30 20 1.00093
30 21 1.00093
30 22 1.00093
30 23 1.00092
30 24 1.00092
30 25 1.00091
30 26 1.0009
30 27 1.0009
30 28 1.00089
30 29 1.00088
30 30 1.00086
30 31 1.00085
30 32 1.00084
30 33 1.00082
30 34 1.0008
30 35 1.00079
30 36 1.00077
30 37 1.00074
30 38 1.00072
30 39 1.0007
30 40 1.00067
30 41 1.00064
30 42 1.00061
30 43 1.00058
30 44 1.00055
30 45 1.00052
30 46 1.00049
30 47 1.00045
30 48 1.00041
30 49 1.00038
30 50 1.00034
30 51 1.0003
30 52 1.00026
30 53 1.00022
30 54 1.00018
30 55 1.00015
30 56 1.00011
30 57 1.00007
30 58 1.00003
30 59 0.99999
30 60 0.999952
30 61 0.999915
30 62 0.999879
30 63 0.999845
30 64 0.999811
30 65 0.999778
30 66 0.999747
30 67 0.999717
30 68 0.999689
30 69 0.999663
30 70 0.999638
30 71 0.999615
30 72 0.999594
30 73 0.999575
30 74 0.999558
30 75 0.999543
30 76 0.99953
30 77 0.999519
30 78 0.999511
30 79 0.999504
30 80 0.9995
30 81 0.999498
30 82 0.999498
30 83 0.9995
30 84 0.999505
30 85 0.999512
30 86 0.99952
30 87 0.999531
30 88 0.999545
30 89 0.99956
30 90 0.999577
30 91 0.999596
30 92 0.999618
30 93 0.999641
30 94 0.999666
30 95 0.999693
30 96 0.999722
30 97 0.999752
30 98 0.999785
30 99 0.999819
30 100 0.999854
30 101 0.999891
30 102 0.999929
30 103 0.999968
30 104 1.00001
30 105 1.00005
30 106 1.00009
30 107 1.00014
30 108 1.00018
30 109 1.00022
30 110 1.00027
30 111 1.00031
30 112 1.00035
30 113 1.0004
30 114 1.00044
30 115 1.00048
30 116 1.00052
30 117 1.00056
30 118 1.0006
30 119 1.00063
30 120 1.00066
30 121 1.0007
30 122 1.00073
30 123 1.00077
30 124 1.0008
30 125 1.00084
30 126 1.00088
30 127 1.00093

31 0 0
31 1 1.00092
31 2 1.00092
31 3 1.00092
31 4 1.00092
31 5 1.00093
31 6 1.00093
31 7 1.00093
31 8 1.00093
31 9 1.00093
31 10 1.00093
31 11 1.00094
31 12 1.00094
31 13 1.00094
31 14 1.00094
31 15 1.00094
31 16 1.00094
31 17 1.00094
31 18 1.00093
31 19 1.00093
31 20 1.00093
31 21 1.00093
31 22 1.00092
31 23 1.00092
31 24 1.00091
31 25 1.00091
31 26 1.0009
31 27 1.00089
31 28 1.00088
31 29 1.00087
31 30 1.00086
31 31 1.00084
31 32 1.00083
31 33 1.00081
31 34 1.00079
31 35 1.00077
31 36 1.00075
31 37 1.00073
31 38 1.0007
31 39 1.00068
31 40 1.00065
31 41 1.00062
31 42 1.00059
31 43 1.00056
31 44 1.00053
31 45 1.00049
31 46 1.00046
31 47 1.00042
31 48 1.00038
31 49 1.00034
31 50 1.00031
31 51 1.00027
31 52 1.00023
31 53 1.00018
31 54 1.00014
31 55 1.0001
31 56 1.00006
31 57 1.00002
31 58 0.999982
31 59 0.999943
31 60 0.999904
31 61 0.999866
31 62 0.99983
31 63 0.999794
31 64 0.999759
31 65 0.999726
31 66 0.999695
31 67 0.999664
31 68 0.999636
31 69 0.999609
31 70 0.999584
31 71 0.999562
31 72 0.999541
31 73 0.999522
31 74 0.999505
31 75 0.99949
31 76 0.999477
31 77 0.999467
31 78 0.999459
31 79 0.999453
31 80 0.999449
31 81 0.999448
31 82 0.999449
31 83 0.999452
31 84 0.999458
31 85 0.999465
31 86 0.999475
31 87 0.999487
31 88 0.999502
31 89 0.999518
31 90 0.999537
31 91 0.999557
31 92 0.99958
31 93 0.999605
31 94 0.999631
31 95 0.99966
31 96 0.99969
31 97 0.999722
31 98 0.999756
31 99 0.999791
31 100 0.999828
31 101 0.999866
31 102 0.999906
31 103 0.999946
31 104 0.999988
31 105 1.00003
31 106 1.00007
31 107 1.00012
31 108 1.00016
31 109 1.00021
31 110 1.00025
31 111 1.0003
31 112 1.00034
31 113 1.00038
31 114 1.00043
31 115 1.00047
31 116 1.00051
31 117 1.00055
31 118 1.00058
31 119 1.00062
31 120 1.00065
31 121 1.00068
31 122 1.00072
31 123 1.00075
31 124 1.00079
31 125 1.00082
31 126 1.00086
31 127 1.00091

32 0 0
32 1 1.00092
32 2 1.00092
32 3 1.00092
32 4 1.00092
32 5 1.00092
32 6 1.00093
32 7 1.00093
32 8 1.00093
32 9 1.00093
32 10 1.00093
32 11 1.00093
32 12 1.00093
32 13 1.00094
32 14 1.00094
32 15 1.00094
32 16 1.00093
32 17 1.00093
32 18 1.00093
32 19 1.00093
32 20 1.00093
32 21 1.00092
32 22 1.00092
32 23 1.00091
32 24 1.00091
32 25 1.0009
32 26 1.00089
32 27 1.00088
32 28 1.00087
32 29 1.00086
32 30 1.00085
32 31 1.00083
32 32 1.00082
32 33 1.0008
32 34 1.00078
32 35 1.00076
32 36 1.00074
32 37 1.00071
32 38 1.00069
32 39 1.00066
32 40 1.00063
32 41 1.0006
32 42 1.00057
32 43 1.00053
32 44 1.0005
32 45 1.00046
32 46 1.00043
32 47 1.00039
32 48 1.00035
32 49 1.00031
32 50 1.00027
32 51 1.00023
32 52 1.00019
32 53 1.00014
32 54 1.0001
32 55 1.00006
32 56 1.00002
32 57 0.999975
32 58 0.999934
32 59 0.999894
32 60 0.999854
32 61 0.999815
32 62 0.999778
32 63 0.999741
32 64 0.999706
32 65 0.999672
32 66 0.99964
32 67 0.99961
32 68 0.999581
32 69 0.999554
32 70 0.999529
32 71 0.999506
32 72 0.999485
32 73 0.999466
32 74 0.999449
32 75 0.999435
32 76 0.999423
32 77 0.999413
32 78 0.999405
32 79 0.9994
32 80 0.999397
32 81 0.999396
32 82 0.999398
32 83 0.999402
32 84 0.999408
32 85 0.999417
32 86 0.999428
32 87 0.999441
32 88 0.999456
32 89 0.999474
32 90 0.999494
32 91 0.999516
32 92 0.99954
32 93 0.999566
32 94 0.999594
32 95 0.999624
32 96 0.999655
32 97 0.999689
32 98 0.999724
32 99 0.999761
32 100 0.999799
32 101 0.999838
32 102 0.999879
32 103 0.999921
32 104 0.999964
32 105 1.00001
32 106 1.00005
32 107 1.0001
32 108 1.00014
32 109 1.00019
32 110 1.00023
32 111 1.00028
32 112 1.00032
32 113 1.00037
32 114 1.00041
32 115 1.00045
32 116 1.00049
32 117 1.00053
32 118 1.00056
32 119 1.0006
32 120 1.00063
32 121 1.00067
32 122 1.0007
32 123 1.00073
32 124 1.00077
32 125 1.0008
32 126 1.00084
32 127 1.00088

33 0 0
33 1 1.00091
33 2 1.00092
33 3 1.00092
33 4 1.00092
33 5 1.00092
33 6 1.00093
33 7 1.00093
33 8 1.00093
33 9 1.00093
33 10 1.00093
33 11 1.00093
33 12 1.00093
33 13 1.00093
33 14 1.00093
33 15 1.00093
33 16 1.00093
33 17 1.00093
33 18 1.00093
33 19 1.00093
33 20 1.00092
33 21 1.00092
33 22 1.00092
33 23 1.00091
33 24 1.0009
33 25 1.0009
33 26 1.00089
33 27 1.00088
33 28 1.00086
33 29 1.00085
33 30 1.00084
33 31 1.00082
33 32 1.0008
33 33 1.00079
33 34 1.00077
33 35 1.00074
33 36 1.00072
33 37 1.00069
33 38 1.00067
33 39 1.00064
33 40 1.00061
33 41 1.00058
33 42 1.00054
33 43 1.00051
33 44 1.00047
33 45 1.00043
33 46 1.0004
33 47 1.00036
33 48 1.00031
33 49 1.00027
33 50 1.00023
33 51 1.00019
33 52 1.00014
33 53 1.0001
33 54 1.00006
33 55 1.00001
33 56 0.99997
33 57 0.999927
33 58 0.999885
33 59 0.999843
33 60 0.999802
33 61 0.999762
33 62 0.999724
33 63 0.999686
33 64 0.999651
33 65 0.999616
33 66 0.999584
33 67 0.999553
33 68 0.999523
33 69 0.999496
33 70 0.999471
33 71 0.999448
33 72 0.999427
33 73 0.999408
33 74 0.999392
33 75 0.999378
33 76 0.999366
33 77 0.999356
33 78 0.999349
33 79 0.999344
33 80 0.999342
33 81 0.999342
33 82 0.999345
33 83 0.999349
33 84 0.999357
33 85 0.999366
33 86 0.999378
33 87 0.999393
33 88 0.999409
33 89 0.999428
33 90 0.999449
33 91 0.999472
33 92 0.999497
33 93 0.999525
33 94 0.999554
33 95 0.999585
33 96 0.999618
33 97 0.999653
33 98 0.999689
33 99 0.999727
33 100 0.999767
33 101 0.999807
33 102 0.999849
33 103 0.999892
33 104 0.999936
33 105 0.999981
33 106 1.00003
33 107 1.00007
33 108 1.00012
33 109 1.00016
33 110 1.00021
33 111 1.00026
33 112 1.0003
33 113 1.00034
33 114 1.00039
33 115 1.00043
33 116 1.00047
33 117 1.00051
33 118 1.00054
33 119 1.00058
33 120 1.00061
33 121 1.00064
33 122 1.00067
33 123 1.00071
33 124 1.00074
33 125 1.00077
33 126 1.00081
33 127 1.00085

34 0 0
34 1 1.00091
34 2 1.00092
34 3 1.00092
34 4 1.00092
34 5 1.00092
34 6 1.00092
34 7 1.00093
34 8 1.00093
34 9 1.00093
34 10 1.00093
34 11 1.00093
34 12 1.00093
34 13 1.00093
34 14 1.00093
34 15 1.00093
34 16 1.00093
34 17 1.00093
34 18 1.00093
34 19 1.00092
34 20 1.00092
34 21 1.00092
34 22 1.00091
34 23 1.00091
34 24 1.0009
34 25 1.00089
34 26 1.00088
34 27 1.00087
34 28 1.00086
34 29 1.00084
34 30 1.00083
34 31 1.00081
34 32 1.00079
34 33 1.00077
34 34 1.00075
34 35 1.00073
34 36 1.0007
34 37 1.00068
34 38 1.00065
34 39 1.00062
34 40 1.00059
34 41 1.00055
34 42 1.00052
34 43 1.00048
34 44 1.00044
34 45 1.0004
34 46 1.00036
34 47 1.00032
34 48 1.00028
34 49 1.00023
34 50 1.00019
34 51 1.00015
34 52 1.0001
34 53 1.00006
34 54 1.00001
34 55 0.999965
34 56 0.999921
34 57 0.999876
34 58 0.999833
34 59 0.99979
34 60 0.999748
34 61 0.999707
34 62 0.999668
34 63 0.99963
34 64 0.999593
34 65 0.999558
34 66 0.999525
34 67 0.999494
34 68 0.999464
34 69 0.999437
34 70 0.999412
34 71 0.999388
34 72 0.999367
34 73 0.999349
34 74 0.999333
34 75 0.999319
34 76 0.999307
34 77 0.999298
34 78 0.999291
34 79 0.999287
34 80 0.999285
34 81 0.999286
34 82 0.99929
34 83 0.999295
34 84 0.999303
34 85 0.999314
34 86 0.999327
34 87 0.999342
34 88 0.99936
34 89 0.99938
34 90 0.999402
34 91 0.999426
34 92 0.999453
34 93 0.999481
34 94 0.999512
34 95 0.999544
34 96 0.999578
34 97 0.999614
34 98 0.999652
34 99 0.999691
34 100 0.999731
34 101 0.999773
34 102 0.999816
34 103 0.999861
34 104 0.999905
34 105 0.999951
34 106 0.999997
34 107 1.00004
34 108 1.00009
34 109 1.00014
34 110 1.00018
34 111 1.00023
34 112 1.00027
34 113 1.00032
34 114 1.00036
34 115 1.0004
34 116 1.00044
34 117 1.00048
34 118 1.00051
34 119 1.00055
34 120 1.00058
34 121 1.00061
34 122 1.00065
34 123 1.00068
34 124 1.00071
34 125 1.00074
34 126 1.00078
34 127 1.00082

35 0 0
35 1 1.00091
35 2 1.00091
35 3 1.00092
35 4 1.00092
35 5 1.00092
35 6 1.00092
35 7 1.00092
35 8 1.00093
35 9 1.00093
35 10 1.00093
35 11 1.00093
35 12 1.00093
35 13 1.00093
35 14 1.00093
35 15 1.00093
35 16 1.00093
35 17 1.00093
35 18 1.00092
35 19 1.00092
35 20 1.00092
35 21 1.00091
35 22 1.00091
35 23 1.0009
35 24 1.00089
35 25 1.00088
35 26 1.00087
35 27 1.00086
35 28 1.00085
35 29 1.00083
35 30 1.00082
35 31 1.0008
35 32 1.00078
35 33 1.00076
35 34 1.00074
35 35 1.00071
35 36 1.00069
35 37 1.00066
35 38 1.00063
35 39 1.0006
35 40 1.00056
35 41 1.00053
35 42 1.00049
35 43 1.00045
35 44 1.00041
35 45 1.00037
35 46 1.00033
35 47 1.00028
35 48 1.00024
35 49 1.00019
35 50 1.00015
35 51 1.0001
35 52 1.00006
35 53 1.00001
35 54 0.999962
35 55 0.999916
35 56 0.99987
35 57 0.999824
35 58 0.999779
35 59 0.999735
35 60 0.999693
35 61 0.999651
35 62 0.999611
35 63 0.999572
35 64 0.999534
35 65 0.999499
35 66 0.999465
35 67 0.999433
35 68 0.999404
35 69 0.999376
35 70 0.99935
35 71 0.999327
35 72 0.999306
35 73 0.999288
35 74 0.999272
35 75 0.999258
35 76 0.999247
35 77 0.999238
35 78 0.999232
35 79 0.999228
35 80 0.999227
35 81 0.999229
35 82 0.999233
35 83 0.999239
35 84 0.999248
35 85 0.99926
35 86 0.999274
35 87 0.99929
35 88 0.999309
35 89 0.999329
35 90 0.999353
35 91 0.999378
35 92 0.999406
35 93 0.999435
35 94 0.999467
35 95 0.999501
35 96 0.999536
35 97 0.999573
35 98 0.999612
35 99 0.999652
35 100 0.999694
35 101 0.999737
35 102 0.999781
35 103 0.999826
35 104 0.999871
35 105 0.999918
35 106 0.999965
35 107 1.00001
35 108 1.00006
35 109 1.00011
35 110 1.00015
35 111 1.0002
35 112 1.00024
35 113 1.00029
35 114 1.00033
35 115 1.00037
35 116 1.00041
35 117 1.00045
35 118 1.00048
35 119 1.00052
35 120 1.00055
35 121 1.00058
35 122 1.00061
35 123 1.00064
35 124 1.00068
35 125 1.00071
35 126 1.00075
35 127 1.00078

36 0 0
36 1 1.00091
36 2 1.00091
36 3 1.00092
36 4 1.00092
36 5 1.00092
36 6 1.00092
36 7 1.00092
36 8 1.00093
36 9 1.00093
36 10 1.00093
36 11 1.00093
36 12 1.00093
36 13 1.00093
36 14 1.00093
36 15 1.00093
36 16 1.00093
36 17 1.00092
36 18 1.00092
36 19 1.00092
36 20 1.00091
36 21 1.00091
36 22 1.0009
36 23 1.0009
36 24 1.00089
36 25 1.00088
36 26 1.00087
36 27 1.00085
36 28 1.00084
36 29 1.00083
36 30 1.00081
36 31 1.00079
36 32 1.00077
36 33 1.00075
36 34 1.00072
36 35 1.0007
36 36 1.00067
36 37 1.00064
36 38 1.00061
36 39 1.00057
36 40 1.00054
36 41 1.0005
36 42 1.00046
36 43 1.00042
36 44 1.00038
36 45 1.00034
36 46 1.00029
36 47 1.00025
36 48 1.0002
36 49 1.00015
36 50 1.00011
36 51 1.00006
36 52 1.00001
36 53 0.999961
36 54 0.999913
36 55 0.999865
36 56 0.999817
36 57 0.99977
36 58 0.999724
36 59 0.999679
36 60 0.999635
36 61 0.999593
36 62 0.999551
36 63 0.999512
36 64 0.999474
36 65 0.999438
36 66 0.999404
36 67 0.999371
36 68 0.999341
36 69 0.999313
36 70 0.999288
36 71 0.999265
36 72 0.999244
36 73 0.999225
36 74 0.999209
36 75 0.999196
36 76 0.999185
36 77 0.999177
36 78 0.999171
36 79 0.999168
36 80 0.999168
36 81 0.99917
36 82 0.999174
36 83 0.999182
36 84 0.999192
36 85 0.999204
36 86 0.999219
36 87 0.999236
36 88 0.999255
36 89 0.999277
36 90 0.999302
36 91 0.999328
36 92 0.999357
36 93 0.999388
36 94 0.99942
36 95 0.999455
36 96 0.999491
36 97 0.999529
36 98 0.999569
36 99 0.99961
36 100 0.999653
36 101 0.999697
36 102 0.999742
36 103 0.999788
36 104 0.999834
36 105 0.999881
36 106 0.999929
36 107 0.999976
36 108 1.00002
36 109 1.00007
36 110 1.00012
36 111 1.00016
36 112 1.00021
36 113 1.00025
36 114 1.0003
36 115 1.00034
36 116 1.00038
36 117 1.00041
36 118 1.00045
36 119 1.00048
36 120 1.00051
36 121 1.00055
36 122 1.00058
36 123 1.00061
36 124 1.00064
36 125 1.00067
36 126 1.00071
36 127 1.00074

37 0 0
37 1 1.00091
37 2 1.00091
37 3 1.00091
37 4 1.00092
37 5 1.00092
37 6 1.00092
37 7 1.00092
37 8 1.00092
37 9 1.00093
37 10 1.00093
37 11 1.00093
37 12 1.00093
37 13 1.00093
37 14 1.00093
37 15 1.00093
37 16 1.00092
37 17 1.00092
37 18 1.00092
37 19 1.00092
37 20 1.00091
37 21 1.00091
37 22 1.0009
37 23 1.00089
37 24 1.00088
37 25 1.00087
37 26 1.00086
37 27 1.00085
37 28 1.00083
37 29 1.00082
37 30 1.0008
37 31 1.00078
37 32 1.00076
37 33 1.00073
37 34 1.00071
37 35 1.00068
37 36 1.00065
37 37 1.00062
37 38 1.00059
37 39 1.00055
37 40 1.00051
37 41 1.00047
37 42 1.00043
37 43 1.00039
37 44 1.00035
37 45 1.0003
37 46 1.00026
37 47 1.00021
37 48 1.00016
37 49 1.00011
37 50 1.00006
37 51 1.00001
37 52 0.999962
37 53 0.999912
37 54 0.999862
37 55 0.999812
37 56 0.999763
37 57 0.999715
37 58 0.999668
37 59 0.999622
37 60 0.999577
37 61 0.999533
37 62 0.999491
37 63 0.999451
37 64 0.999412
37 65 0.999375
37 66 0.999341
37 67 0.999308
37 68 0.999278
37 69 0.99925
37 70 0.999224
37 71 0.999201
37 72 0.99918
37 73 0.999162
37 74 0.999146
37 75 0.999133
37 76 0.999122
37 77 0.999114
37 78 0.999109
37 79 0.999107
37 80 0.999107
37 81 0.999109
37 82 0.999115
37 83 0.999123
37 84 0.999133
37 85 0.999146
37 86 0.999162
37 87 0.99918
37 88 0.999201
37 89 0.999224
37 90 0.999249
37 91 0.999276
37 92 0.999306
37 93 0.999338
37 94 0.999371
37 95 0.999407
37 96 0.999445
37 97 0.999484
37 98 0.999524
37 99 0.999567
37 100 0.99961
37 101 0.999655
37 102 0.9997
37 103 0.999747
37 104 0.999794
37 105 0.999842
37 106 0.99989
37 107 0.999938
37 108 0.999986
37 109 1.00003
37 110 1.00008
37 111 1.00013
37 112 1.00017
37 113 1.00022
37 114 1.00026
37 115 1.0003
37 116 1.00034
37 117 1.00037
37 118 1.00041
37 119 1.00044
37 120 1.00048
37 121 1.00051
37 122 1.00054
37 123 1.00057
37 124 1.0006
37 125 1.00063
37 126 1.00066
37 127 1.0007

38 0 0
38 1 1.00091
38 2 1.00091
38 3 1.00091
38 4 1.00092
38 5 1.00092
38 6 1.00092
38 7 1.00092
38 8 1.00092
38 9 1.00092
38 10 1.00093
38 11 1.00093
38 12 1.00093
38 13 1.00093
38 14 1.00093
38 15 1.00092
38 16 1.00092
38 17 1.00092
38 18 1.00092
38 19 1.00091
38 20 1.00091
38 21 1.0009
38 22 1.00089
38 23 1.00089
38 24 1.00088
38 25 1.00087
38 26 1.00085
38 27 1.00084
38 28 1.00082
38 29 1.00081
38 30 1.00079
38 31 1.00077
38 32 1.00074
38 33 1.00072
38 34 1.00069
38 35 1.00066
38 36 1.00063
38 37 1.0006
38 38 1.00056
38 39 1.00053
38 40 1.00049
38 41 1.00045
38 42 1.0004
38 43 1.00036
38 44 1.00031
38 45 1.00027
38 46 1.00022
38 47 1.00017
38 48 1.00012
38 49 1.00007
38 50 1.00002
38 51 0.999965
38 52 0.999913
38 53 0.999861
38 54 0.99981
38 55 0.999759
38 56 0.999708
38 57 0.999659
38 58 0.99961
38 59 0.999563
38 60 0.999517
38 61 0.999472
38 62 0.999429
38 63 0.999388
38 64 0.999349
38 65 0.999312
38 66 0.999277
38 67 0.999244
38 68 0.999213
38 69 0.999185
38 70 0.999159
38 71 0.999136
38 72 0.999115
38 73 0.999097
38 74 0.999081
38 75 0.999069
38 76 0.999058
38 77 0.999051
38 78 0.999046
38 79 0.999044
38 80 0.999045
38 81 0.999048
38 82 0.999054
38 83 0.999063
38 84 0.999074
38 85 0.999088
38 86 0.999104
38 87 0.999123
38 88 0.999145
38 89 0.999168
38 90 0.999195
38 91 0.999223
38 92 0.999253
38 93 0.999286
38 94 0.999321
38 95 0.999357
38 96 0.999396
38 97 0.999436
38 98 0.999477
38 99 0.99952
38 100 0.999565
38 101 0.99961
38 102 0.999656
38 103 0.999704
38 104 0.999751
38 105 0.999799
38 106 0.999848
38 107 0.999896
38 108 0.999945
38 109 0.999992
38 110 1.00004
38 111 1.00009
38 112 1.00013
38 113 1.00017
38 114 1.00022
38 115 1.00026
38 116 1.0003
38 117 1.00033
38 118 1.00037
38 119 1.0004
38 120 1.00043
38 121 1.00046
38 122 1.00049
38 123 1.00052
38 124 1.00055
38 125 1.00058
38 126 1.00062
38 127 1.00065

39 0 0
39 1 1.00091
39 2 1.00091
39 3 1.00091
39 4 1.00092
39 5 1.00092
39 6 1.00092
39 7 1.00092
39 8 1.00092
39 9 1.00092
39 10 1.00092
39 11 1.00093
39 12 1.00093
39 13 1.00093
39 14 1.00092
39 15 1.00092
39 16 1.00092
39 17 1.00092
39 18 1.00091
39 19 1.00091
39 20 1.0009
39 21 1.0009
39 22 1.00089
39 23 1.00088
39 24 1.00087
39 25 1.00086
39 26 1.00085
39 27 1.00083
39 28 1.00081
39 29 1.0008
39 30 1.00078
39 31 1.00075
39 32 1.00073
39 33 1.0007
39 34 1.00067
39 35 1.00064
39 36 1.00061
39 37 1.00058
39 38 1.00054
39 39 1.0005
39 40 1.00046
39 41 1.00042
39 42 1.00037
39 43 1.00033
39 44 1.00028
39 45 1.00023
39 46 1.00018
39 47 1.00013
39 48 1.00008
39 49 1.00002
39 50 0.99997
39 51 0.999916
39 52 0.999863
39 53 0.999809
39 54 0.999756
39 55 0.999704
39 56 0.999652
39 57 0.999601
39 58 0.999552
39 59 0.999503
39 60 0.999456
39 61 0.999411
39 62 0.999367
39 63 0.999325
39 64 0.999285
39 65 0.999248
39 66 0.999212
39 67 0.999179
39 68 0.999148
39 69 0.999119
39 70 0.999094
39 71 0.99907
39 72 0.99905
39 73 0.999032
39 74 0.999016
39 75 0.999004
39 76 0.998994
39 77 0.998987
39 78 0.998982
39 79 0.998981
39 80 0.998982
39 81 0.998986
39 82 0.998992
39 83 0.999002
39 84 0.999014
39 85 0.999028
39 86 0.999045
39 87 0.999065
39 88 0.999087
39 89 0.999112
39 90 0.999139
39 91 0.999168
39 92 0.999199
39 93 0.999233
39 94 0.999268
39 95 0.999306
39 96 0.999345
39 97 0.999386
39 98 0.999428
39 99 0.999472
39 100 0.999517
39 101 0.999563
39 102 0.99961
39 103 0.999658
39 104 0.999706
39 105 0.999755
39 106 0.999803
39 107 0.999852
39 108 0.999901
39 109 0.999948
39 110 0.999996
39 111 1.00004
39 112 1.00009
39 113 1.00013
39 114 1.00017
39 115 1.00021
39 116 1.00025
39 117 1.00029
39 118 1.00032
39 119 1.00036
39 120 1.00039
39 121 1.00042
39 122 1.00045
39 123 1.00048
39 124 1.0005
39 125 1.00054
39 126 1.00057
39 127 1.0006

40 0 0
40 1 1.00091
40 2 1.00091
40 3 1.00091
40 4 1.00091
40 5 1.00092
40 6 1.00092
40 7 1.00092
40 8 1.00092
40 9 1.00092
40 10 1.00092
40 11 1.00092
40 12 1.00092
40 13 1.00092
40 14 1.00092
40 15 1.00092
40 16 1.00092
40 17 1.00092
40 18 1.00091
40 19 1.00091
40 20 1.0009
40 21 1.00089
40 22 1.00089
40 23 1.00088
40 24 1.00086
40 25 1.00085
40 26 1.00084
40 27 1.00082
40 28 1.0008
40 29 1.00079
40 30 1.00076
40 31 1.00074
40 32 1.00071
40 33 1.00069
40 34 1.00066
40 35 1.00062
40 36 1.00059
40 37 1.00055
40 38 1.00052
40 39 1.00047
40 40 1.00043
40 41 1.00039
40 42 1.00034
40 43 1.00029
40 44 1.00024
40 45 1.00019
40 46 1.00014
40 47 1.00009
40 48 1.00003
40 49 0.999977
40 50 0.999922
40 51 0.999867
40 52 0.999812
40 53 0.999757
40 54 0.999702
40 55 0.999648
40 56 0.999595
40 57 0.999543
40 58 0.999492
40 59 0.999442
40 60 0.999394
40 61 0.999348
40 62 0.999304
40 63 0.999261
40 64 0.999221
40 65 0.999183
40 66 0.999147
40 67 0.999113
40 68 0.999082
40 69 0.999053
40 70 0.999027
40 71 0.999004
40 72 0.998983
40 73 0.998966
40 74 0.99895
40 75 0.998938
40 76 0.998928
40 77 0.998922
40 78 0.998918
40 79 0.998917
40 80 0.998918
40 81 0.998923
40 82 0.99893
40 83 0.99894
40 84 0.998952
40 85 0.998968
40 86 0.998985
40 87 0.999006
40 88 0.999029
40 89 0.999054
40 90 0.999082
40 91 0.999112
40 92 0.999144
40 93 0.999178
40 94 0.999215
40 95 0.999253
40 96 0.999293
40 97 0.999334
40 98 0.999377
40 99 0.999422
40 100 0.999467
40 101 0.999514
40 102 0.999561
40 103 0.99961
40 104 0.999658
40 105 0.999707
40 106 0.999756
40 107 0.999805
40 108 0.999854
40 109 0.999902
40 110 0.999949
40 111 0.999995
40 112 1.00004
40 113 1.00008
40 114 1.00013
40 115 1.00017
40 116 1.0002
40 117 1.00024
40 118 1.00027
40 119 1.00031
40 120 1.00034
40 121 1.00037
40 122 1.0004
40 123 1.00043
40 124 1.00045
40 125 1.00048
40 126 1.00052
40 127 1.00055

41 0 0
41 1 1.00091
41 2 1.00091
41 3 1.00091
41 4 1.00091
41 5 1.00092
41 6 1.00092
41 7 1.00092
41 8 1.00092
41 9 1.00092
41 10 1.00092
41 11 1.00092
41 12 1.00092
41 13 1.00092
41 14 1.00092
41 15 1.00092
41 16 1.00092
41 17 1.00091
41 18 1.00091
41 19 1.0009
41 20 1.0009
41 21 1.00089
41 22 1.00088
41 23 1.00087
41 24 1.00086
41 25 1.00085
41 26 1.00083
41 27 1.00081
41 28 1.0008
41 29 1.00077
41 30 1.00075
41 31 1.00073
41 32 1.0007
41 33 1.00067
41 34 1.00064
41 35 1.00061
41 36 1.00057
41 37 1.00053
41 38 1.00049
41 39 1.00045
41 40 1.0004
41 41 1.00036
41 42 1.00031
41 43 1.00026
41 44 1.00021
41 45 1.00015
41 46 1.0001
41 47 1.00004
41 48 0.999987
41 49 0.999931
41 50 0.999874
41 51 0.999817
41 52 0.99976
41 53 0.999703
41 54 0.999647
41 55 0.999592
41 56 0.999537
41 57 0.999484
41 58 0.999432
41 59 0.999381
41 60 0.999332
41 61 0.999285
41 62 0.99924
41 63 0.999197
41 64 0.999156
41 65 0.999117
41 66 0.999081
41 67 0.999047
41 68 0.999016
41 69 0.998987
41 70 0.998961
41 71 0.998938
41 72 0.998917
41 73 0.998899
41 74 0.998884
41 75 0.998872
41 76 0.998863
41 77 0.998856
41 78 0.998853
41 79 0.998852
41 80 0.998854
41 81 0.998859
41 82 0.998867
41 83 0.998877
41 84 0.99889
41 85 0.998906
41 86 0.998925
41 87 0.998946
41 88 0.99897
41 89 0.998996
41 90 0.999024
41 91 0.999055
41 92 0.999088
41 93 0.999123
41 94 0.99916
41 95 0.999198
41 96 0.999239
41 97 0.999281
41 98 0.999325
41 99 0.99937
41 100 0.999416
41 101 0.999463
41 102 0.999511
41 103 0.99956
41 104 0.999609
41 105 0.999658
41 106 0.999707
41 107 0.999756
41 108 0.999805
41 109 0.999853
41 110 0.9999
41 111 0.999946
41 112 0.999991
41 113 1.00003
41 114 1.00008
41 115 1.00012
41 116 1.00015
41 117 1.00019
41 118 1.00022
41 119 1.00026
41 120 1.00029
41 121 1.00032
41 122 1.00034
41 123 1.00037
41 124 1.0004
41 125 1.00043
41 126 1.00046
41 127 1.00049

42 0 0
42 1 1.00091
42 2 1.00091
42 3 1.00091
42 4 1.00091
42 5 1.00092
42 6 1.00092
42 7 1.00092
42 8 1.00092
42 9 1.00092
42 10 1.00092
42 11 1.00092
42 12 1.00092
42 13 1.00092
42 14 1.00092
42 15 1.00092
42 16 1.00091
42 17 1.00091
42 18 1.00091
42 19 1.0009
42 20 1.00089
42 21 1.00089
42 22 1.00088
42 23 1.00087
42 24 1.00085
42 25 1.00084
42 26 1.00082
42 27 1.00081
42 28 1.00079
42 29 1.00076
42 30 1.00074
42 31 1.00071
42 32 1.00069
42 33 1.00065
42 34 1.00062
42 35 1.00059
42 36 1.00055
42 37 1.00051
42 38 1.00047
42 39 1.00042
42 40 1.00037
42 41 1.00033
42 42 1.00027
42 43 1.00022
42 44 1.00017
42 45 1.00011
42 46 1.00006
42 47 1
42 48 0.999942
42 49 0.999884
42 50 0.999825
42 51 0.999766
42 52 0.999707
42 53 0.999649
42 54 0.999591
42 55 0.999534
42 56 0.999479
42 57 0.999424
42 58 0.999371
42 59 0.999319
42 60 0.99927
42 61 0.999222
42 62 0.999176
42 63 0.999132
42 64 0.999091
42 65 0.999052
42 66 0.999015
42 67 0.998981
42 68 0.998949
42 69 0.99892
42 70 0.998894
42 71 0.998871
42 72 0.998851
42 73 0.998833
42 74 0.998818
42 75 0.998806
42 76 0.998797
42 77 0.998791
42 78 0.998788
42 79 0.998787
42 80 0.99879
42 81 0.998795
42 82 0.998804
42 83 0.998815
42 84 0.998828
42 85 0.998845
42 86 0.998864
42 87 0.998885
42 88 0.99891
42 89 0.998936
42 90 0.998965
42 91 0.998997
42 92 0.99903
42 93 0.999066
42 94 0.999103
42 95 0.999143
42 96 0.999184
42 97 0.999227
42 98 0.999271
42 99 0.999316
42 100 0.999363
42 101 0.999411
42 102 0.999459
42 103 0.999508
42 104 0.999557
42 105 0.999607
42 106 0.999656
42 107 0.999705
42 108 0.999754
42 109 0.999802
42 110 0.999849
42 111 0.999895
42 112 0.999939
42 113 0.999982
42 114 1.00002
42 115 1.00006
42 116 1.0001
42 117 1.00014
42 118 1.00017
42 119 1.0002
42 120 1.00023
42 121 1.00026
42 122 1.00029
42 123 1.00032
42 124 1.00035
42 125 1.00037
42 126 1.0004
42 127 1.00044

43 0 0
43 1 1.00091
43 2 1.00091
43 3 1.00091
43 4 1.00091
43 5 1.00092
43 6 1.00092
43 7 1.00092
43 8 1.00092
43 9 1.00092
43 10 1.00092
43 11 1.00092
43 12 1.00092
43 13 1.00092
43 14 1.00092
43 15 1.00092
43 16 1.00091
43 17 1.00091
43 18 1.0009
43 19 1.0009
43 20 1.00089
43 21 1.00088
43 22 1.00087
43 23 1.00086
43 24 1.00085
43 25 1.00083
43 26 1.00082
43 27 1.0008
43 28 1.00078
43 29 1.00075
43 30 1.00073
43 31 1.0007
43 32 1.00067
43 33 1.00064
43 34 1.0006
43 35 1.00057
43 36 1.00053
43 37 1.00048
43 38 1.00044
43 39 1.00039
43 40 1.00034
43 41 1.00029
43 42 1.00024
43 43 1.00019
43 44 1.00013
43 45 1.00007
43 46 1.00002
43 47 0.999956
43 48 0.999896
43 49 0.999836
43 50 0.999775
43 51 0.999715
43 52 0.999654
43 53 0.999594
43 54 0.999535
43 55 0.999477
43 56 0.99942
43 57 0.999364
43 58 0.99931
43 59 0.999258
43 60 0.999207
43 61 0.999158
43 62 0.999112
43 63 0.999067
43 64 0.999025
43 65 0.998986
43 66 0.998949
43 67 0.998915
43 68 0.998883
43 69 0.998854
43 70 0.998828
43 71 0.998805
43 72 0.998784
43 73 0.998767
43 74 0.998752
43 75 0.99874
43 76 0.998732
43 77 0.998726
43 78 0.998723
43 79 0.998723
43 80 0.998726
43 81 0.998732
43 82 0.99874
43 83 0.998752
43 84 0.998766
43 85 0.998783
43 86 0.998802
43 87 0.998825
43 88 0.998849
43 89 0.998877
43 90 0.998906
43 91 0.998938
43 92 0.998972
43 93 0.999008
43 94 0.999046
43 95 0.999086
43 96 0.999128
43 97 0.999171
43 98 0.999216
43 99 0.999262
43 100 0.999309
43 101 0.999357
43 102 0.999405
43 103 0.999455
43 104 0.999504
43 105 0.999554
43 106 0.999603
43 107 0.999652
43 108 0.999701
43 109 0.999749
43 110 0.999796
43 111 0.999842
43 112 0.999886
43 113 0.999929
43 114 0.999969
43 115 1.00001
43 116 1.00005
43 117 1.00008
43 118 1.00011
43 119 1.00015
43 120 1.00018
43 121 1.00021
43 122 1.00023
43 123 1.00026
43 124 1.00029
43 125 1.00032
43 126 1.00035
43 127 1.00038

44 0 0
44 1 1.00091
44 2 1.00091
44 3 1.00091
44 4 1.00091
44 5 1.00092
44 6 1.00092
44 7 1.00092
44 8 1.00092
44 9 1.00092
44 10 1.00092
44 11 1.00092
44 12 1.00092
44 13 1.00092
44 14 1.00092
44 15 1.00091
44 16 1.00091
44 17 1.00091
44 18 1.0009
44 19 1.00089
44 20 1.00089
44 21 1.00088
44 22 1.00087
44 23 1.00085
44 24 1.00084
44 25 1.00083
44 26 1.00081
44 27 1.00079
44 28 1.00077
44 29 1.00074
44 30 1.00072
44 31 1.00069
44 32 1.00066
44 33 1.00062
44 34 1.00059
44 35 1.00055
44 36 1.0005
44 37 1.00046
44 38 1.00041
44 39 1.00037
44 40 1.00032
44 41 1.00026
44 42 1.00021
44 43 1.00015
44 44 1.00009
44 45 1.00003
44 46 0.999973
44 47 0.999912
44 48 0.99985
44 49 0.999788
44 50 0.999725
44 51 0.999663
44 52 0.999601
44 53 0.99954
44 54 0.999479
44 55 0.99942
44 56 0.999361
44 57 0.999304
44 58 0.999249
44 59 0.999196
44 60 0.999144
44 61 0.999095
44 62 0.999048
44 63 0.999003
44 64 0.998961
44 65 0.998921
44 66 0.998884
44 67 0.998849
44 68 0.998817
44 69 0.998788
44 70 0.998762
44 71 0.998739
44 72 0.998719
44 73 0.998701
44 74 0.998687
44 75 0.998675
44 76 0.998667
44 77 0.998661
44 78 0.998658
44 79 0.998659
44 80 0.998662
44 81 0.998668
44 82 0.998677
44 83 0.998689
44 84 0.998704
44 85 0.998721
44 86 0.998741
44 87 0.998764
44 88 0.998789
44 89 0.998817
44 90 0.998847
44 91 0.998879
44 92 0.998914
44 93 0.99895
44 94 0.998989
44 95 0.999029
44 96 0.999071
44 97 0.999115
44 98 0.99916
44 99 0.999206
44 100 0.999254
44 101 0.999302
44 102 0.999351
44 103 0.9994
44 104 0.99945
44 105 0.999499
44 106 0.999549
44 107 0.999598
44 108 0.999647
44 109 0.999694
44 110 0.999741
44 111 0.999787
44 112 0.999831
44 113 0.999873
44 114 0.999914
44 115 0.999952
44 116 0.999989
44 117 1.00002
44 118 1.00006
44 119 1.00009
44 120 1.00012
44 121 1.00015
44 122 1.00018
44 123 1.0002
44 124 1.00023
44 125 1.00026
44 126 1.00029
44 127 1.00032

45 0 0
45 1 1.00091
45 2 1.00091
45 3 1.00091
45 4 1.00091
45 5 1.00092
45 6 1.00092
45 7 1.00092
45 8 1.00092
45 9 1.00092
45 10 1.00092
45 11 1.00092
45 12 1.00092
45 13 1.00092
45 14 1.00092
45 15 1.00091
45 16 1.00091
45 17 1.0009
45 18 1.0009
45 19 1.00089
45 20 1.00088
45 21 1.00087
45 22 1.00086
45 23 1.00085
45 24 1.00084
45 25 1.00082
45 26 1.0008
45 27 1.00078
45 28 1.00076
45 29 1.00073
45 30 1.0007
45 31 1.00067
45 32 1.00064
45 33 1.0006
45 34 1.00057
45 35 1.00053
45 36 1.00048
45 37 1.00044
45 38 1.00039
45 39 1.00034
45 40 1.00029
45 41 1.00023
45 42 1.00017
45 43 1.00011
45 44 1.00005
45 45 0.999993
45 46 0.999931
45 47 0.999867
45 48 0.999804
45 49 0.999739
45 50 0.999675
45 51 0.999611
45 52 0.999548
45 53 0.999485
45 54 0.999423
45 55 0.999362
45 56 0.999303
45 57 0.999245
45 58 0.999189
45 59 0.999134
45 60 0.999082
45 61 0.999032
45 62 0.998984
45 63 0.998939
45 64 0.998896
45 65 0.998856
45 66 0.998819
45 67 0.998784
45 68 0.998752
45 69 0.998723
45 70 0.998697
45 71 0.998674
45 72 0.998653
45 73 0.998636
45 74 0.998622
45 75 0.998611
45 76 0.998602
45 77 0.998597
45 78 0.998595
45 79 0.998595
45 80 0.998599
45 81 0.998605
45 82 0.998615
45 83 0.998627
45 84 0.998642
45 85 0.99866
45 86 0.99868
45 87 0.998703
45 88 0.998729
45 89 0.998757
45 90 0.998787
45 91 0.99882
45 92 0.998855
45 93 0.998892
45 94 0.998931
45 95 0.998972
45 96 0.999014
45 97 0.999058
45 98 0.999103
45 99 0.99915
45 100 0.999198
45 101 0.999246
45 102 0.999295
45 103 0.999344
45 104 0.999394
45 105 0.999444
45 106 0.999493
45 107 0.999542
45 108 0.999591
45 109 0.999638
45 110 0.999685
45 111 0.99973
45 112 0.999774
45 113 0.999816
45 114 0.999856
45 115 0.999895
45 116 0.999931
45 117 0.999966
45 118 0.999999
45 119 1.00003
45 120 1.00006
45 121 1.00009
45 122 1.00012
45 123 1.00014
45 124 1.00017
45 125 1.0002
45 126 1.00022
45 127 1.00025

46 0 0
46 1 1.00091
46 2 1.00091
46 3 1.00091
46 4 1.00091
46 5 1.00092
46 6 1.00092
46 7 1.00092
46 8 1.00092
46 9 1.00092
46 10 1.00092
46 11 1.00092
46 12 1.00092
46 13 1.00092
46 14 1.00092
46 15 1.00091
46 16 1.00091
46 17 1.0009
46 18 1.0009
46 19 1.00089
46 20 1.00088
46 21 1.00087
46 22 1.00086
46 23 1.00084
46 24 1.00083
46 25 1.00081
46 26 1.00079
46 27 1.00077
46 28 1.00075
46 29 1.00072
46 30 1.00069
46 31 1.00066
46 32 1.00062
46 33 1.00059
46 34 1.00055
46 35 1.00051
46 36 1.00046
46 37 1.00041
46 38 1.00036
46 39 1.00031
46 40 1.00026
46 41 1.0002
46 42 1.00014
46 43 1.00008
46 44 1.00002
46 45 0.999953
46 46 0.999888
46 47 0.999823
46 48 0.999757
46 49 0.999691
46 50 0.999625
46 51 0.99956
46 52 0.999495
46 53 0.99943
46 54 0.999367
46 55 0.999305
46 56 0.999244
46 57 0.999186
46 58 0.999129
46 59 0.999074
46 60 0.999021
46 61 0.99897
46 62 0.998922
46 63 0.998876
46 64 0.998833
46 65 0.998793
46 66 0.998755
46 67 0.99872
46 68 0.998688
46 69 0.998659
46 70 0.998633
46 71 0.99861
46 72 0.998589
46 73 0.998572
46 74 0.998558
46 75 0.998547
46 76 0.998539
46 77 0.998534
46 78 0.998531
46 79 0.998532
46 80 0.998536
46 81 0.998543
46 82 0.998553
46 83 0.998565
46 84 0.99858
46 85 0.998599
46 86 0.998619
46 87 0.998643
46 88 0.998669
46 89 0.998697
46 90 0.998728
46 91 0.998761
46 92 0.998796
46 93 0.998834
46 94 0.998873
46 95 0.998914
46 96 0.998957
46 97 0.999001
46 98 0.999047
46 99 0.999093
46 100 0.999141
46 101 0.999189
46 102 0.999239
46 103 0.999288
46 104 0.999338
46 105 0.999387
46 106 0.999437
46 107 0.999486
46 108 0.999534
46 109 0.999581
46 110 0.999628
46 111 0.999673
46 112 0.999716
46 113 0.999758
46 114 0.999798
46 115 0.999836
46 116 0.999872
46 117 0.999906
46 118 0.999939
46 119 0.99997
46 120 0.999999
46 121 1.00003
46 122 1.00006
46 123 1.00008
46 124 1.00011
46 125 1.00013
46 126 1.00016
46 127 1.00019

47 0 0
47 1 1.00091
47 2 1.00091
47 3 1.00091
47 4 1.00092
47 5 1.00092
47 6 1.00092
47 7 1.00092
47 8 1.00092
47 9 1.00092
47 10 1.00092
47 11 1.00092
47 12 1.00092
47 13 1.00092
47 14 1.00091
47 15 1.00091
47 16 1.00091
47 17 1.0009
47 18 1.00089
47 19 1.00089
47 20 1.00088
47 21 1.00087
47 22 1.00085
47 23 1.00084
47 24 1.00082
47 25 1.00081
47 26 1.00078
47 27 1.00076
47 28 1.00074
47 29 1.00071
47 30 1.00068
47 31 1.00065
47 32 1.00061
47 33 1.00057
47 34 1.00053
47 35 1.00049
47 36 1.00044
47 37 1.00039
47 38 1.00034
47 39 1.00028
47 40 1.00022
47 41 1.00017
47 42 1.0001
47 43 1.00004
47 44 0.999978
47 45 0.999912
47 46 0.999846
47 47 0.999778
47 48 0.999711
47 49 0.999643
47 50 0.999575
47 51 0.999508
47 52 0.999442
47 53 0.999376
47 54 0.999312
47 55 0.999248
47 56 0.999187
47 57 0.999127
47 58 0.999069
47 59 0.999013
47 60 0.99896
47 61 0.998909
47 62 0.99886
47 63 0.998814
47 64 0.99877
47 65 0.99873
47 66 0.998692
47 67 0.998657
47 68 0.998625
47 69 0.998596
47 70 0.99857
47 71 0.998546
47 72 0.998526
47 73 0.998509
47 74 0.998495
47 75 0.998484
47 76 0.998476
47 77 0.998471
47 78 0.998469
47 79 0.998471
47 80 0.998475
47 81 0.998482
47 82 0.998492
47 83 0.998504
47 84 0.99852
47 85 0.998538
47 86 0.998559
47 87 0.998583
47 88 0.998609
47 89 0.998638
47 90 0.998669
47 91 0.998702
47 92 0.998738
47 93 0.998776
47 94 0.998815
47 95 0.998856
47 96 0.998899
47 97 0.998944
47 98 0.998989
47 99 0.999036
47 100 0.999084
47 101 0.999133
47 102 0.999182
47 103 0.999231
47 104 0.999281
47 105 0.99933
47 106 0.99938
47 107 0.999428
47 108 0.999477
47 109 0.999524
47 110 0.99957
47 111 0.999614
47 112 0.999657
47 113 0.999699
47 114 0.999738
47 115 0.999776
47 116 0.999812
47 117 0.999846
47 118 0.999878
47 119 0.999909
47 120 0.999938
47 121 0.999966
47 122 0.999993
47 123 1.00002
47 124 1.00005
47 125 1.00007
47 126 1.0001
47 127 1.00012

48 0 0
48 1 1.00091
48 2 1.00091
48 3 1.00091
48 4 1.00092
48 5 1.00092
48 6 1.00092
48 7 1.00092
48 8 1.00092
48 9 1.00092
48 10 1.00092
48 11 1.00092
48 12 1.00092
48 13 1.00092
48 14 1.00091
48 15 1.00091
48 16 1.00091
48 17 1.0009
48 18 1.00089
48 19 1.00088
48 20 1.00087
48 21 1.00086
48 22 1.00085
48 23 1.00083
48 24 1.00082
48 25 1.0008
48 26 1.00078
48 27 1.00075
48 28 1.00073
48 29 1.0007
48 30 1.00067
48 31 1.00063
48 32 1.00059
48 33 1.00055
48 34 1.00051
48 35 1.00047
48 36 1.00042
48 37 1.00036
48 38 1.00031
48 39 1.00025
48 40 1.00019
48 41 1.00013
48 42 1.00007
48 43 1.00001
48 44 0.999939
48 45 0.999872
48 46 0.999803
48 47 0.999734
48 48 0.999665
48 49 0.999595
48 50 0.999526
48 51 0.999457
48 52 0.99939
48 53 0.999323
48 54 0.999257
48 55 0.999193
48 56 0.99913
48 57 0.999069
48 58 0.999011
48 59 0.998954
48 60 0.9989
48 61 0.998848
48 62 0.998799
48 63 0.998753
48 64 0.998709
48 65 0.998668
48 66 0.99863
48 67 0.998595
48 68 0.998563
48 69 0.998534
48 70 0.998508
48 71 0.998485
48 72 0.998465
48 73 0.998448
48 74 0.998434
48 75 0.998423
48 76 0.998415
48 77 0.998411
48 78 0.998409
48 79 0.99841
48 80 0.998414
48 81 0.998422
48 82 0.998432
48 83 0.998445
48 84 0.99846
48 85 0.998479
48 86 0.9985
48 87 0.998524
48 88 0.998551
48 89 0.99858
48 90 0.998611
48 91 0.998644
48 92 0.99868
48 93 0.998718
48 94 0.998758
48 95 0.998799
48 96 0.998842
48 97 0.998887
48 98 0.998932
48 99 0.998979
48 100 0.999027
48 101 0.999076
48 102 0.999125
48 103 0.999174
48 104 0.999224
48 105 0.999273
48 106 0.999322
48 107 0.999371
48 108 0.999419
48 109 0.999465
48 110 0.999511
48 111 0.999555
48 112 0.999598
48 113 0.999639
48 114 0.999678
48 115 0.999716
48 116 0.999751
48 117 0.999785
48 118 0.999817
48 119 0.999847
48 120 0.999876
48 121 0.999904
48 122 0.999931
48 123 0.999957
48 124 0.999983
48 125 1.00001
48 126 1.00003
48 127 1.00006

49 0 0
49 1 1.00091
49 2 1.00091
49 3 1.00092
49 4 1.00092
49 5 1.00092
49 6 1.00092
49 7 1.00092
49 8 1.00092
49 9 1.00092
49 10 1.00092
49 11 1.00092
49 12 1.00092
49 13 1.00092
49 14 1.00091
49 15 1.00091
49 16 1.0009
49 17 1.0009
49 18 1.00089
49 19 1.00088
49 20 1.00087
49 21 1.00086
49 22 1.00085
49 23 1.00083
49 24 1.00081
49 25 1.00079
49 26 1.00077
49 27 1.00075
49 28 1.00072
49 29 1.00069
49 30 1.00065
49 31 1.00062
49 32 1.00058
49 33 1.00054
49 34 1.00049
49 35 1.00045
49 36 1.00039
49 37 1.00034
49 38 1.00029
49 39 1.00023
49 40 1.00017
49 41 1.0001
49 42 1.00004
49 43 0.99997
49 44 0.999901
49 45 0.999832
49 46 0.999762
49 47 0.999691
49 48 0.99962
49 49 0.999548
49 50 0.999478
49 51 0.999407
49 52 0.999338
49 53 0.99927
49 54 0.999203
49 55 0.999138
49 56 0.999074
49 57 0.999013
49 58 0.998953
49 59 0.998896
49 60 0.998842
49 61 0.99879
49 62 0.99874
49 63 0.998693
49 64 0.99865
49 65 0.998608
49 66 0.99857
49 67 0.998535
49 68 0.998503
49 69 0.998474
49 70 0.998448
49 71 0.998425
49 72 0.998405
49 73 0.998388
49 74 0.998374
49 75 0.998363
49 76 0.998356
49 77 0.998351
49 78 0.99835
49 79 0.998351
49 80 0.998355
49 81 0.998363
49 82 0.998373
49 83 0.998386
49 84 0.998402
49 85 0.998421
49 86 0.998442
49 87 0.998466
49 88 0.998493
49 89 0.998522
49 90 0.998553
49 91 0.998587
49 92 0.998623
49 93 0.998661
49 94 0.998701
49 95 0.998742
49 96 0.998785
49 97 0.99883
49 98 0.998876
49 99 0.998922
49 100 0.99897
49 101 0.999019
49 102 0.999068
49 103 0.999117
49 104 0.999166
49 105 0.999216
49 106 0.999265
49 107 0.999313
49 108 0.99936
49 109 0.999407
49 110 0.999452
49 111 0.999496
49 112 0.999538
49 113 0.999579
49 114 0.999618
49 115 0.999655
49 116 0.99969
49 117 0.999723
49 118 0.999755
49 119 0.999785
49 120 0.999814
49 121 0.999841
49 122 0.999868
49 123 0.999894
49 124 0.999919
49 125 0.999944
49 126 0.999969
49 127 0.999993

50 0 0
50 1 1.00091
50 2 1.00091
50 3 1.00092
50 4 1.00092
50 5 1.00092
50 6 1.00092
50 7 1.00092
50 8 1.00092
50 9 1.00092
50 10 1.00092
50 11 1.00092
50 12 1.00092
50 13 1.00092
50 14 1.00091
50 15 1.00091
50 16 1.0009
50 17 1.0009
50 18 1.00089
50 19 1.00088
50 20 1.00087
50 21 1.00086
50 22 1.00084
50 23 1.00083
50 24 1.00081
50 25 1.00079
50 26 1.00076
50 27 1.00074
50 28 1.00071
50 29 1.00068
50 30 1.00064
50 31 1.00061
50 32 1.00057
50 33 1.00052
50 34 1.00048
50 35 1.00043
50 36 1.00037
50 37 1.00032
50 38 1.00026
50 39 1.0002
50 40 1.00014
50 41 1.00007
50 42 1
50 43 0.999934
50 44 0.999864
50 45 0.999793
50 46 0.99972
50 47 0.999648
50 48 0.999575
50 49 0.999502
50 50 0.99943
50 51 0.999358
50 52 0.999288
50 53 0.999218
50 54 0.99915
50 55 0.999084
50 56 0.99902
50 57 0.998957
50 58 0.998897
50 59 0.99884
50 60 0.998785
50 61 0.998732
50 62 0.998682
50 63 0.998636
50 64 0.998591
50 65 0.99855
50 66 0.998512
50 67 0.998477
50 68 0.998445
50 69 0.998416
50 70 0.998389
50 71 0.998367
50 72 0.998347
50 73 0.99833
50 74 0.998316
50 75 0.998306
50 76 0.998298
50 77 0.998294
50 78 0.998292
50 79 0.998294
50 80 0.998298
50 81 0.998306
50 82 0.998316
50 83 0.998329
50 84 0.998345
50 85 0.998364
50 86 0.998386
50 87 0.99841
50 88 0.998437
50 89 0.998466
50 90 0.998497
50 91 0.998531
50 92 0.998567
50 93 0.998605
50 94 0.998645
50 95 0.998686
50 96 0.998729
50 97 0.998774
50 98 0.998819
50 99 0.998866
50 100 0.998914
50 101 0.998962
50 102 0.999011
50 103 0.99906
50 104 0.999109
50 105 0.999158
50 106 0.999207
50 107 0.999255
50 108 0.999302
50 109 0.999348
50 110 0.999393
50 111 0.999437
50 112 0.999478
50 113 0.999519
50 114 0.999557
50 115 0.999594
50 116 0.999629
50 117 0.999662
50 118 0.999693
50 119 0.999723
50 120 0.999751
50 121 0.999779
50 122 0.999805
50 123 0.99983
50 124 0.999855
50 125 0.99988
50 126 0.999904
50 127 0.999927

51 0 0
51 1 1.00091
51 2 1.00092
51 3 1.00092
51 4 1.00092
51 5 1.00092
51 6 1.00092
51 7 1.00092
51 8 1.00092
51 9 1.00092
51 10 1.00092
51 11 1.00092
51 12 1.00092
51 13 1.00092
51 14 1.00091
51 15 1.00091
51 16 1.0009
51 17 1.0009
51 18 1.00089
51 19 1.00088
51 20 1.00087
51 21 1.00085
51 22 1.00084
51 23 1.00082
51 24 1.0008
51 25 1.00078
51 26 1.00076
51 27 1.00073
51 28 1.0007
51 29 1.00067
51 30 1.00063
51 31 1.00059
51 32 1.00055
51 33 1.00051
51 34 1.00046
51 35 1.00041
51 36 1.00035
51 37 1.0003
51 38 1.00023
51 39 1.00017
51 40 1.00011
51 41 1.00004
51 42 0.99997
51 43 0.9999
51 44 0.999827
51 45 0.999754
51 46 0.99968
51 47 0.999606
51 48 0.999531
51 49 0.999457
51 50 0.999383
51 51 0.99931
51 52 0.999238
51 53 0.999168
51 54 0.999099
51 55 0.999032
51 56 0.998967
51 57 0.998904
51 58 0.998843
51 59 0.998785
51 60 0.998729
51 61 0.998677
51 62 0.998627
51 63 0.998579
51 64 0.998535
51 65 0.998494
51 66 0.998456
51 67 0.99842
51 68 0.998388
51 69 0.998359
51 70 0.998333
51 71 0.99831
51 72 0.99829
51 73 0.998274
51 74 0.99826
51 75 0.99825
51 76 0.998242
51 77 0.998238
51 78 0.998236
51 79 0.998238
51 80 0.998243
51 81 0.99825
51 82 0.998261
51 83 0.998274
51 84 0.99829
51 85 0.998309
51 86 0.998331
51 87 0.998355
51 88 0.998382
51 89 0.998411
51 90 0.998442
51 91 0.998476
51 92 0.998512
51 93 0.99855
51 94 0.99859
51 95 0.998631
51 96 0.998674
51 97 0.998719
51 98 0.998764
51 99 0.998811
51 100 0.998858
51 101 0.998907
51 102 0.998955
51 103 0.999004
51 104 0.999053
51 105 0.999102
51 106 0.99915
51 107 0.999197
51 108 0.999244
51 109 0.99929
51 110 0.999334
51 111 0.999377
51 112 0.999419
51 113 0.999459
51 114 0.999497
51 115 0.999533
51 116 0.999567
51 117 0.9996
51 118 0.999631
51 119 0.999661
51 120 0.999689
51 121 0.999716
51 122 0.999742
51 123 0.999767
51 124 0.999792
51 125 0.999816
51 126 0.999839
51 127 0.999861

52 0 0
52 1 1.00092
52 2 1.00092
52 3 1.00092
52 4 1.00092
52 5 1.00092
52 6 1.00092
52 7 1.00092
52 8 1.00092
52 9 1.00092
52 10 1.00092
52 11 1.00092
52 12 1.00092
52 13 1.00092
52 14 1.00091
52 15 1.00091
52 16 1.0009
52 17 1.0009
52 18 1.00089
52 19 1.00088
52 20 1.00086
52 21 1.00085
52 22 1.00084
52 23 1.00082
52 24 1.0008
52 25 1.00078
52 26 1.00075
52 27 1.00072
52 28 1.00069
52 29 1.00066
52 30 1.00062
52 31 1.00058
52 32 1.00054
52 33 1.00049
52 34 1.00044
52 35 1.00039
52 36 1.00033
52 37 1.00027
52 38 1.00021
52 39 1.00015
52 40 1.00008
52 41 1.00001
52 42 0.999938
52 43 0.999865
52 44 0.999791
52 45 0.999716
52 46 0.99964
52 47 0.999564
52 48 0.999488
52 49 0.999413
52 50 0.999337
52 51 0.999263
52 52 0.99919
52 53 0.999119
52 54 0.999049
52 55 0.998981
52 56 0.998915
52 57 0.998852
52 58 0.99879
52 59 0.998732
52 60 0.998676
52 61 0.998623
52 62 0.998573
52 63 0.998525
52 64 0.998481
52 65 0.99844
52 66 0.998401
52 67 0.998366
52 68 0.998334
52 69 0.998305
52 70 0.998279
52 71 0.998256
52 72 0.998236
52 73 0.99822
52 74 0.998206
52 75 0.998196
52 76 0.998188
52 77 0.998184
52 78 0.998183
52 79 0.998184
52 80 0.998189
52 81 0.998197
52 82 0.998207
52 83 0.998221
52 84 0.998237
52 85 0.998256
52 86 0.998277
52 87 0.998302
52 88 0.998328
52 89 0.998357
52 90 0.998389
52 91 0.998423
52 92 0.998458
52 93 0.998496
52 94 0.998536
52 95 0.998577
52 96 0.99862
52 97 0.998664
52 98 0.99871
52 99 0.998756
52 100 0.998804
52 101 0.998852
52 102 0.9989
52 103 0.998949
52 104 0.998997
52 105 0.999045
52 106 0.999093
52 107 0.999141
52 108 0.999187
52 109 0.999232
52 110 0.999276
52 111 0.999319
52 112 0.99936
52 113 0.999399
52 114 0.999437
52 115 0.999472
52 116 0.999507
52 117 0.999539
52 118 0.99957
52 119 0.999599
52 120 0.999627
52 121 0.999654
52 122 0.99968
52 123 0.999704
52 124 0.999729
52 125 0.999752
52 126 0.999775
52 127 0.999796

53 0 0
53 1 1.00092
53 2 1.00092
53 3 1.00092
53 4 1.00092
53 5 1.00092
53 6 1.00093
53 7 1.00093
53 8 1.00093
53 9 1.00093
53 10 1.00092
53 11 1.00092
53 12 1.00092
53 13 1.00092
53 14 1.00091
53 15 1.00091
53 16 1.0009
53 17 1.00089
53 18 1.00089
53 19 1.00088
53 20 1.00086
53 21 1.00085
53 22 1.00083
53 23 1.00081
53 24 1.00079
53 25 1.00077
53 26 1.00074
53 27 1.00072
53 28 1.00068
53 29 1.00065
53 30 1.00061
53 31 1.00057
53 32 1.00052
53 33 1.00048
53 34 1.00042
53 35 1.00037
53 36 1.00031
53 37 1.00025
53 38 1.00019
53 39 1.00012
53 40 1.00005
53 41 0.99998
53 42 0.999907
53 43 0.999832
53 44 0.999756
53 45 0.99968
53 46 0.999602
53 47 0.999524
53 48 0.999447
53 49 0.99937
53 50 0.999293
53 51 0.999218
53 52 0.999144
53 53 0.999071
53 54 0.999001
53 55 0.998932
53 56 0.998865
53 57 0.998801
53 58 0.99874
53 59 0.998681
53 60 0.998625
53 61 0.998571
53 62 0.998521
53 63 0.998473
53 64 0.998429
53 65 0.998387
53 66 0.998349
53 67 0.998314
53 68 0.998282
53 69 0.998253
53 70 0.998227
53 71 0.998204
53 72 0.998184
53 73 0.998168
53 74 0.998154
53 75 0.998144
53 76 0.998137
53 77 0.998133
53 78 0.998131
53 79 0.998133
53 80 0.998138
53 81 0.998145
53 82 0.998156
53 83 0.998169
53 84 0.998185
53 85 0.998204
53 86 0.998226
53 87 0.99825
53 88 0.998277
53 89 0.998306
53 90 0.998337
53 91 0.998371
53 92 0.998407
53 93 0.998444
53 94 0.998484
53 95 0.998525
53 96 0.998568
53 97 0.998612
53 98 0.998657
53 99 0.998703
53 100 0.99875
53 101 0.998798
53 102 0.998846
53 103 0.998894
53 104 0.998942
53 105 0.99899
53 106 0.999038
53 107 0.999085
53 108 0.99913
53 109 0.999175
53 110 0.999219
53 111 0.999261
53 112 0.999301
53 113 0.99934
53 114 0.999377
53 115 0.999413
53 116 0.999446
53 117 0.999478
53 118 0.999509
53 119 0.999538
53 120 0.999565
53 121 0.999592
53 122 0.999618
53 123 0.999642
53 124 0.999666
53 125 0.999689
53 126 0.999711
53 127 0.999731

54 0 0
54 1 1.00092
54 2 1.00092
54 3 1.00092
54 4 1.00093
54 5 1.00093
54 6 1.00093
54 7 1.00093
54 8 1.00093
54 9 1.00093
54 10 1.00093
54 11 1.00092
54 12 1.00092
54 13 1.00092
54 14 1.00091
54 15 1.00091
54 16 1.0009
54 17 1.00089
54 18 1.00088
54 19 1.00087
54 20 1.00086
54 21 1.00085
54 22 1.00083
54 23 1.00081
54 24 1.00079
54 25 1.00077
54 26 1.00074
54 27 1.00071
54 28 1.00068
54 29 1.00064
54 30 1.0006
54 31 1.00056
54 32 1.00051
54 33 1.00046
54 34 1.00041
54 35 1.00035
54 36 1.00029
54 37 1.00023
54 38 1.00016
54 39 1.0001
54 40 1.00002
54 41 0.999952
54 42 0.999877
54 43 0.9998
54 44 0.999723
54 45 0.999644
54 46 0.999565
54 47 0.999486
54 48 0.999407
54 49 0.999328
54 50 0.999251
54 51 0.999174
54 52 0.999099
54 53 0.999026
54 54 0.998954
54 55 0.998885
54 56 0.998818
54 57 0.998753
54 58 0.998691
54 59 0.998632
54 60 0.998575
54 61 0.998522
54 62 0.998471
54 63 0.998424
54 64 0.998379
54 65 0.998338
54 66 0.998299
54 67 0.998264
54 68 0.998232
54 69 0.998203
54 70 0.998177
54 71 0.998155
54 72 0.998135
54 73 0.998119
54 74 0.998105
54 75 0.998095
54 76 0.998088
54 77 0.998083
54 78 0.998082
54 79 0.998084
54 80 0.998089
54 81 0.998096
54 82 0.998107
54 83 0.99812
54 84 0.998136
54 85 0.998155
54 86 0.998176
54 87 0.998201
54 88 0.998227
54 89 0.998256
54 90 0.998287
54 91 0.998321
54 92 0.998356
54 93 0.998394
54 94 0.998433
54 95 0.998474
54 96 0.998517
54 97 0.99856
54 98 0.998605
54 99 0.998651
54 100 0.998698
54 101 0.998745
54 102 0.998793
54 103 0.998841
54 104 0.998889
54 105 0.998936
54 106 0.998983
54 107 0.99903
54 108 0.999075
54 109 0.999119
54 110 0.999162
54 111 0.999204
54 112 0.999244
54 113 0.999282
54 114 0.999319
54 115 0.999354
54 116 0.999387
54 117 0.999419
54 118 0.999449
54 119 0.999478
54 120 0.999505
54 121 0.999531
54 122 0.999557
54 123 0.999581
54 124 0.999604
54 125 0.999627
54 126 0.999648
54 127 0.999667

55 0 0
55 1 1.00092
55 2 1.00093
55 3 1.00093
55 4 1.00093
55 5 1.00093
55 6 1.00093
55 7 1.00093
55 8 1.00093
55 9 1.00093
55 10 1.00093
55 11 1.00093
55 12 1.00092
55 13 1.00092
55 14 1.00091
55 15 1.00091
55 16 1.0009
55 17 1.00089
55 18 1.00088
55 19 1.00087
55 20 1.00086
55 21 1.00085
55 22 1.00083
55 23 1.00081
55 24 1.00079
55 25 1.00076
55 26 1.00073
55 27 1.0007
55 28 1.00067
55 29 1.00063
55 30 1.00059
55 31 1.00055
55 32 1.0005
55 33 1.00045
55 34 1.00039
55 35 1.00034
55 36 1.00027
55 37 1.00021
55 38 1.00014
55 39 1.00007
55 40 0.999999
55 41 0.999925
55 42 0.999848
55 43 0.99977
55 44 0.99969
55 45 0.99961
55 46 0.999529
55 47 0.999449
55 48 0.999368
55 49 0.999288
55 50 0.99921
55 51 0.999132
55 52 0.999056
55 53 0.998982
55 54 0.99891
55 55 0.998839
55 56 0.998772
55 57 0.998707
55 58 0.998644
55 59 0.998585
55 60 0.998528
55 61 0.998475
55 62 0.998424
55 63 0.998376
55 64 0.998332
55 65 0.99829
55 66 0.998252
55 67 0.998217
55 68 0.998185
55 69 0.998156
55 70 0.99813
55 71 0.998108
55 72 0.998088
55 73 0.998072
55 74 0.998058
55 75 0.998048
55 76 0.998041
55 77 0.998037
55 78 0.998035
55 79 0.998037
55 80 0.998042
55 81 0.998049
55 82 0.99806
55 83 0.998073
55 84 0.998089
55 85 0.998108
55 86 0.998129
55 87 0.998153
55 88 0.99818
55 89 0.998208
55 90 0.99824
55 91 0.998273
55 92 0.998308
55 93 0.998345
55 94 0.998384
55 95 0.998425
55 96 0.998467
55 97 0.998511
55 98 0.998556
55 99 0.998601
55 100 0.998648
55 101 0.998694
55 102 0.998742
55 103 0.998789
55 104 0.998837
55 105 0.998884
55 106 0.99893
55 107 0.998976
55 108 0.999021
55 109 0.999065
55 110 0.999107
55 111 0.999148
55 112 0.999188
55 113 0.999225
55 114 0.999262
55 115 0.999296
55 116 0.999329
55 117 0.99936
55 118 0.99939
55 119 0.999418
55 120 0.999446
55 121 0.999472
55 122 0.999497
55 123 0.999521
55 124 0.999544
55 125 0.999565
55 126 0.999586
55 127 0.999605

56 0 0
56 1 1.00093
56 2 1.00093
56 3 1.00093
56 4 1.00093
56 5 1.00093
56 6 1.00093
56 7 1.00093
56 8 1.00093
56 9 1.00093
56 10 1.00093
56 11 1.00093
56 12 1.00092
56 13 1.00092
56 14 1.00092
56 15 1.00091
56 16 1.0009
56 17 1.00089
56 18 1.00088
56 19 1.00087
56 20 1.00086
56 21 1.00084
56 22 1.00083
56 23 1.00081
56 24 1.00078
56 25 1.00076
56 26 1.00073
56 27 1.0007
56 28 1.00066
56 29 1.00062
56 30 1.00058
56 31 1.00054
56 32 1.00049
56 33 1.00044
56 34 1.00038
56 35 1.00032
56 36 1.00026
56 37 1.00019
56 38 1.00012
56 39 1.00005
56 40 0.999975
56 41 0.999899
56 42 0.99982
56 43 0.99974
56 44 0.999659
56 45 0.999577
56 46 0.999495
56 47 0.999413
56 48 0.999331
56 49 0.99925
56 50 0.99917
56 51 0.999092
56 52 0.999015
56 53 0.99894
56 54 0.998867
56 55 0.998796
56 56 0.998728
56 57 0.998663
56 58 0.9986
56 59 0.998541
56 60 0.998484
56 61 0.99843
56 62 0.998379
56 63 0.998331
56 64 0.998287
56 65 0.998245
56 66 0.998207
56 67 0.998172
56 68 0.99814
56 69 0.998111
56 70 0.998086
56 71 0.998063
56 72 0.998044
56 73 0.998027
56 74 0.998014
56 75 0.998004
56 76 0.997997
56 77 0.997992
56 78 0.997991
56 79 0.997993
56 80 0.997998
56 81 0.998005
56 82 0.998016
56 83 0.998029
56 84 0.998045
56 85 0.998063
56 86 0.998084
56 87 0.998108
56 88 0.998134
56 89 0.998163
56 90 0.998194
56 91 0.998227
56 92 0.998262
56 93 0.998299
56 94 0.998338
56 95 0.998378
56 96 0.99842
56 97 0.998463
56 98 0.998508
56 99 0.998553
56 100 0.998599
56 101 0.998645
56 102 0.998692
56 103 0.998739
56 104 0.998786
56 105 0.998832
56 106 0.998879
56 107 0.998924
56 108 0.998968
56 109 0.999011
56 110 0.999053
56 111 0.999094
56 112 0.999133
56 113 0.99917
56 114 0.999206
56 115 0.99924
56 116 0.999272
56 117 0.999303
56 118 0.999332
56 119 0.999361
56 120 0.999388
56 121 0.999413
56 122 0.999438
56 123 0.999462
56 124 0.999484
56 125 0.999505
56 126 0.999525
56 127 0.999543

57 0 0
57 1 1.00093
57 2 1.00093
57 3 1.00093
57 4 1.00093
57 5 1.00093
57 6 1.00093
57 7 1.00093
57 8 1.00093
57 9 1.00093
57 10 1.00093
57 11 1.00093
57 12 1.00093
57 13 1.00092
57 14 1.00092
57 15 1.00091
57 16 1.0009
57 17 1.00089
57 18 1.00088
57 19 1.00087
57 20 1.00086
57 21 1.00084
57 22 1.00083
57 23 1.0008
57 24 1.00078
57 25 1.00076
57 26 1.00073
57 27 1.00069
57 28 1.00066
57 29 1.00062
57 30 1.00058
57 31 1.00053
57 32 1.00048
57 33 1.00042
57 34 1.00037
57 35 1.00031
57 36 1.00024
57 37 1.00017
57 38 1.0001
57 39 1.00003
57 40 0.999952
57 41 0.999874
57 42 0.999794
57 43 0.999712
57 44 0.99963
57 45 0.999546
57 46 0.999463
57 47 0.999379
57 48 0.999296
57 49 0.999214
57 50 0.999133
57 51 0.999054
57 52 0.998976
57 53 0.9989
57 54 0.998827
57 55 0.998756
57 56 0.998687
57 57 0.998621
57 58 0.998559
57 59 0.998499
57 60 0.998442
57 61 0.998388
57 62 0.998337
57 63 0.998289
57 64 0.998245
57 65 0.998203
57 66 0.998165
57 67 0.99813
57 68 0.998098
57 69 0.998069
57 70 0.998044
57 71 0.998021
57 72 0.998002
57 73 0.997986
57 74 0.997972
57 75 0.997962
57 76 0.997955
57 77 0.997951
57 78 0.99795
57 79 0.997951
57 80 0.997956
57 81 0.997963
57 82 0.997974
57 83 0.997987
57 84 0.998002
57 85 0.998021
57 86 0.998042
57 87 0.998066
57 88 0.998092
57 89 0.99812
57 90 0.998151
57 91 0.998183
57 92 0.998218
57 93 0.998255
57 94 0.998293
57 95 0.998333
57 96 0.998375
57 97 0.998418
57 98 0.998462
57 99 0.998507
57 100 0.998552
57 101 0.998598
57 102 0.998644
57 103 0.998691
57 104 0.998737
57 105 0.998783
57 106 0.998829
57 107 0.998873
57 108 0.998917
57 109 0.99896
57 110 0.999001
57 111 0.999041
57 112 0.99908
57 113 0.999116
57 114 0.999151
57 115 0.999185
57 116 0.999217
57 117 0.999247
57 118 0.999277
57 119 0.999304
57 120 0.999331
57 121 0.999357
57 122 0.999381
57 123 0.999404
57 124 0.999426
57 125 0.999447
57 126 0.999466
57 127 0.999483

58 0 0
58 1 1.00093
58 2 1.00094
58 3 1.00094
58 4 1.00094
58 5 1.00094
58 6 1.00094
58 7 1.00094
58 8 1.00094
58 9 1.00093
58 10 1.00093
58 11 1.00093
58 12 1.00093
58 13 1.00092
58 14 1.00092
58 15 1.00091
58 16 1.0009
58 17 1.0009
58 18 1.00089
58 19 1.00087
58 20 1.00086
58 21 1.00084
58 22 1.00082
58 23 1.0008
58 24 1.00078
58 25 1.00075
58 26 1.00072
58 27 1.00069
58 28 1.00065
58 29 1.00061
58 30 1.00057
58 31 1.00052
58 32 1.00047
58 33 1.00041
58 34 1.00035
58 35 1.00029
58 36 1.00023
58 37 1.00016
58 38 1.00008
58 39 1.00001
58 40 0.999931
58 41 0.999851
58 42 0.999769
58 43 0.999686
58 44 0.999602
58 45 0.999517
58 46 0.999432
58 47 0.999347
58 48 0.999263
58 49 0.99918
58 50 0.999098
58 51 0.999018
58 52 0.998939
58 53 0.998863
58 54 0.998789
58 55 0.998717
58 56 0.998649
58 57 0.998582
58 58 0.998519
58 59 0.998459
58 60 0.998402
58 61 0.998348
58 62 0.998297
58 63 0.99825
58 64 0.998205
58 65 0.998164
58 66 0.998126
58 67 0.998091
58 68 0.998059
58 69 0.99803
58 70 0.998005
58 71 0.997982
58 72 0.997963
58 73 0.997947
58 74 0.997934
58 75 0.997923
58 76 0.997916
58 77 0.997912
58 78 0.997911
58 79 0.997912
58 80 0.997917
58 81 0.997924
58 82 0.997934
58 83 0.997947
58 84 0.997963
58 85 0.997981
58 86 0.998002
58 87 0.998026
58 88 0.998051
58 89 0.998079
58 90 0.99811
58 91 0.998142
58 92 0.998177
58 93 0.998213
58 94 0.998251
58 95 0.998291
58 96 0.998332
58 97 0.998375
58 98 0.998418
58 99 0.998462
58 100 0.998507
58 101 0.998553
58 102 0.998599
58 103 0.998645
58 104 0.998691
58 105 0.998736
58 106 0.998781
58 107 0.998825
58 108 0.998868
58 109 0.99891
58 110 0.998951
58 111 0.99899
58 112 0.999028
58 113 0.999064
58 114 0.999099
58 115 0.999132
58 116 0.999164
58 117 0.999194
58 118 0.999222
58 119 0.99925
58 120 0.999276
58 121 0.999301
58 122 0.999326
58 123 0.999349
58 124 0.99937
58 125 0.99939
58 126 0.999409
58 127 0.999425

59 0 0
59 1 1.00094
59 2 1.00094
59 3 1.00094
59 4 1.00094
59 5 1.00094
59 6 1.00094
59 7 1.00094
59 8 1.00094
59 9 1.00094
59 10 1.00093
59 11 1.00093
59 12 1.00093
59 13 1.00092
59 14 1.00092
59 15 1.00091
59 16 1.00091
59 17 1.0009
59 18 1.00089
59 19 1.00087
59 20 1.00086
59 21 1.00084
59 22 1.00082
59 23 1.0008
59 24 1.00078
59 25 1.00075
59 26 1.00072
59 27 1.00069
59 28 1.00065
59 29 1.00061
59 30 1.00056
59 31 1.00051
59 32 1.00046
59 33 1.0004
59 34 1.00034
59 35 1.00028
59 36 1.00021
59 37 1.00014
59 38 1.00007
59 39 0.99999
59 40 0.999911
59 41 0.999829
59 42 0.999746
59 43 0.999661
59 44 0.999576
59 45 0.99949
59 46 0.999404
59 47 0.999318
59 48 0.999232
59 49 0.999148
59 50 0.999065
59 51 0.998984
59 52 0.998905
59 53 0.998828
59 54 0.998754
59 55 0.998682
59 56 0.998612
59 57 0.998546
59 58 0.998483
59 59 0.998422
59 60 0.998365
59 61 0.998311
59 62 0.99826
59 63 0.998213
59 64 0.998168
59 65 0.998127
59 66 0.998089
59 67 0.998054
59 68 0.998023
59 69 0.997994
59 70 0.997969
59 71 0.997946
59 72 0.997927
59 73 0.997911
59 74 0.997898
59 75 0.997887
59 76 0.99788
59 77 0.997876
59 78 0.997875
59 79 0.997876
59 80 0.997881
59 81 0.997888
59 82 0.997898
59 83 0.997911
59 84 0.997926
59 85 0.997944
59 86 0.997965
59 87 0.997988
59 88 0.998014
59 89 0.998041
59 90 0.998072
59 91 0.998104
59 92 0.998138
59 93 0.998174
59 94 0.998212
59 95 0.998251
59 96 0.998292
59 97 0.998334
59 98 0.998377
59 99 0.998421
59 100 0.998465
59 101 0.99851
59 102 0.998555
59 103 0.998601
59 104 0.998646
59 105 0.998691
59 106 0.998735
59 107 0.998779
59 108 0.998821
59 109 0.998863
59 110 0.998903
59 111 0.998941
59 112 0.998979
59 113 0.999014
59 114 0.999049
59 115 0.999081
59 116 0.999112
59 117 0.999142
59 118 0.99917
59 119 0.999197
59 120 0.999223
59 121 0.999248
59 122 0.999272
59 123 0.999295
59 124 0.999316
59 125 0.999336
59 126 0.999353
59 127 0.999368

60 0 0
60 1 1.00094
60 2 1.00094
60 3 1.00094
60 4 1.00094
60 5 1.00094
60 6 1.00094
60 7 1.00094
60 8 1.00094
60 9 1.00094
60 10 1.00094
60 11 1.00093
60 12 1.00093
60 13 1.00093
60 14 1.00092
60 15 1.00092
60 16 1.00091
60 17 1.0009
60 18 1.00089
60 19 1.00087
60 20 1.00086
60 21 1.00084
60 22 1.00082
60 23 1.0008
60 24 1.00078
60 25 1.00075
60 26 1.00072
60 27 1.00068
60 28 1.00064
60 29 1.0006
60 30 1.00056
60 31 1.00051
60 32 1.00045
60 33 1.0004
60 34 1.00033
60 35 1.00027
60 36 1.0002
60 37 1.00013
60 38 1.00005
60 39 0.999973
60 40 0.999892
60 41 0.999809
60 42 0.999725
60 43 0.999639
60 44 0.999552
60 45 0.999464
60 46 0.999377
60 47 0.99929
60 48 0.999204
60 49 0.999119
60 50 0.999035
60 51 0.998953
60 52 0.998873
60 53 0.998796
60 54 0.998721
60 55 0.998648
60 56 0.998579
60 57 0.998512
60 58 0.998449
60 59 0.998388
60 60 0.998331
60 61 0.998277
60 62 0.998226
60 63 0.998179
60 64 0.998134
60 65 0.998093
60 66 0.998055
60 67 0.99802
60 68 0.997989
60 69 0.99796
60 70 0.997935
60 71 0.997913
60 72 0.997894
60 73 0.997877
60 74 0.997864
60 75 0.997854
60 76 0.997847
60 77 0.997843
60 78 0.997841
60 79 0.997843
60 80 0.997847
60 81 0.997854
60 82 0.997864
60 83 0.997877
60 84 0.997892
60 85 0.99791
60 86 0.99793
60 87 0.997953
60 88 0.997979
60 89 0.998006
60 90 0.998036
60 91 0.998068
60 92 0.998102
60 93 0.998137
60 94 0.998175
60 95 0.998214
60 96 0.998254
60 97 0.998295
60 98 0.998338
60 99 0.998381
60 100 0.998425
60 101 0.99847
60 102 0.998515
60 103 0.998559
60 104 0.998604
60 105 0.998648
60 106 0.998692
60 107 0.998735
60 108 0.998777
60 109 0.998817
60 110 0.998857
60 111 0.998895
60 112 0.998932
60 113 0.998967
60 114 0.999
60 115 0.999032
60 116 0.999063
60 117 0.999092
60 118 0.99912
60 119 0.999147
60 120 0.999173
60 121 0.999197
60 122 0.999221
60 123 0.999243
60 124 0.999264
60 125 0.999283
60 126 0.9993
60 127 0.999314

61 0 0
61 1 1.00095
61 2 1.00095
61 3 1.00095
61 4 1.00095
61 5 1.00095
61 6 1.00095
61 7 1.00094
61 8 1.00094
61 9 1.00094
61 10 1.00094
61 11 1.00094
61 12 1.00093
61 13 1.00093
61 14 1.00092
61 15 1.00092
61 16 1.00091
61 17 1.0009
61 18 1.00089
61 19 1.00088
61 20 1.00086
61 21 1.00084
61 22 1.00082
61 23 1.0008
61 24 1.00078
61 25 1.00075
61 26 1.00072
61 27 1.00068
61 28 1.00064
61 29 1.0006
61 30 1.00055
61 31 1.0005
61 32 1.00045
61 33 1.00039
61 34 1.00033
61 35 1.00026
61 36 1.00019
61 37 1.00011
61 38 1.00004
61 39 0.999958
61 40 0.999876
61 41 0.999791
61 42 0.999705
61 43 0.999618
61 44 0.99953
61 45 0.999441
61 46 0.999353
61 47 0.999264
61 48 0.999177
61 49 0.999091
61 50 0.999007
61 51 0.998924
61 52 0.998844
61 53 0.998766
61 54 0.99869
61 55 0.998618
61 56 0.998548
61 57 0.998481
61 58 0.998417
61 59 0.998357
61 60 0.9983
61 61 0.998246
61 62 0.998195
61 63 0.998147
61 64 0.998103
61 65 0.998062
61 66 0.998024
61 67 0.99799
61 68 0.997958
61 69 0.99793
61 70 0.997904
61 71 0.997882
61 72 0.997863
61 73 0.997847
61 74 0.997834
61 75 0.997824
61 76 0.997817
61 77 0.997812
61 78 0.997811
61 79 0.997812
61 80 0.997816
61 81 0.997823
61 82 0.997833
61 83 0.997846
61 84 0.997861
61 85 0.997878
61 86 0.997899
61 87 0.997921
61 88 0.997946
61 89 0.997974
61 90 0.998003
61 91 0.998035
61 92 0.998068
61 93 0.998103
61 94 0.99814
61 95 0.998179
61 96 0.998219
61 97 0.99826
61 98 0.998302
61 99 0.998345
61 100 0.998388
61 101 0.998432
61 102 0.998476
61 103 0.99852
61 104 0.998564
61 105 0.998608
61 106 0.998651
61 107 0.998693
61 108 0.998734
61 109 0.998774
61 110 0.998813
61 111 0.998851
61 112 0.998887
61 113 0.998921
61 114 0.998954
61 115 0.998986
61 116 0.999016
61 117 0.999045
61 118 0.999073
61 119 0.999099
61 120 0.999125
61 121 0.999149
61 122 0.999172
61 123 0.999194
61 124 0.999214
61 125 0.999232
61 126 0.999249
61 127 0.999262

62 0 0
62 1 1.00095
62 2 1.00095
62 3 1.00095
62 4 1.00095
62 5 1.00095
62 6 1.00095
62 7 1.00095
62 8 1.00095
62 9 1.00095
62 10 1.00094
62 11 1.00094
62 12 1.00094
62 13 1.00093
62 14 1.00093
62 15 1.00092
62 16 1.00091
62 17 1.0009
62 18 1.00089
62 19 1.00088
62 20 1.00086
62 21 1.00085
62 22 1.00083
62 23 1.0008
62 24 1.00078
62 25 1.00075
62 26 1.00072
62 27 1.00068
62 28 1.00064
62 29 1.0006
62 30 1.00055
62 31 1.0005
62 32 1.00044
62 33 1.00038
62 34 1.00032
62 35 1.00025
62 36 1.00018
62 37 1.0001
62 38 1.00003
62 39 0.999944
62 40 0.999861
62 41 0.999775
62 42 0.999688
62 43 0.999599
62 44 0.99951
62 45 0.99942
62 46 0.99933
62 47 0.999241
62 48 0.999153
62 49 0.999066
62 50 0.998981
62 51 0.998898
62 52 0.998817
62 53 0.998739
62 54 0.998663
62 55 0.99859
62 56 0.99852
62 57 0.998453
62 58 0.998389
62 59 0.998328
62 60 0.998271
62 61 0.998217
62 62 0.998166
62 63 0.998119
62 64 0.998075
62 65 0.998034
62 66 0.997996
62 67 0.997962
62 68 0.99793
62 69 0.997902
62 70 0.997877
62 71 0.997855
62 72 0.997836
62 73 0.997819
62 74 0.997806
62 75 0.997796
62 76 0.997789
62 77 0.997785
62 78 0.997783
62 79 0.997784
62 80 0.997789
62 81 0.997796
62 82 0.997805
62 83 0.997817
62 84 0.997832
62 85 0.99785
62 86 0.99787
62 87 0.997892
62 88 0.997917
62 89 0.997944
62 90 0.997973
62 91 0.998004
62 92 0.998037
62 93 0.998072
62 94 0.998109
62 95 0.998147
62 96 0.998186
62 97 0.998227
62 98 0.998268
62 99 0.998311
62 100 0.998354
62 101 0.998397
62 102 0.99844
62 103 0.998484
62 104 0.998527
62 105 0.99857
62 106 0.998613
62 107 0.998654
62 108 0.998695
62 109 0.998734
62 110 0.998772
62 111 0.998809
62 112 0.998845
62 113 0.998878
62 114 0.998911
62 115 0.998942
62 116 0.998972
62 117 0.999
62 118 0.999027
62 119 0.999054
62 120 0.999079
62 121 0.999103
62 122 0.999126
62 123 0.999147
62 124 0.999167
62 125 0.999185
62 126 0.9992
62 127 0.999213

63 0 0
63 1 1.00095
63 2 1.00095
63 3 1.00095
63 4 1.00095
63 5 1.00095
63 6 1.00095
63 7 1.00095
63 8 1.00095
63 9 1.00095
63 10 1.00095
63 11 1.00094
63 12 1.00094
63 13 1.00093
63 14 1.00093
63 15 1.00092
63 16 1.00091
63 17 1.0009
63 18 1.00089
63 19 1.00088
63 20 1.00086
63 21 1.00085
63 22 1.00083
63 23 1.0008
63 24 1.00078
63 25 1.00075
63 26 1.00072
63 27 1.00068
63 28 1.00064
63 29 1.00059
63 30 1.00055
63 31 1.00049
63 32 1.00044
63 33 1.00038
63 34 1.00031
63 35 1.00024
63 36 1.00017
63 37 1.00009
63 38 1.00001
63 39 0.999932
63 40 0.999848
63 41 0.999761
63 42 0.999672
63 43 0.999583
63 44 0.999492
63 45 0.999401
63 46 0.999311
63 47 0.999221
63 48 0.999132
63 49 0.999044
63 50 0.998958
63 51 0.998874
63 52 0.998793
63 53 0.998714
63 54 0.998638
63 55 0.998565
63 56 0.998494
63 57 0.998427
63 58 0.998363
63 59 0.998303
63 60 0.998245
63 61 0.998191
63 62 0.998141
63 63 0.998093
63 64 0.998049
63 65 0.998009
63 66 0.997971
63 67 0.997936
63 68 0.997905
63 69 0.997877
63 70 0.997852
63 71 0.99783
63 72 0.997811
63 73 0.997795
63 74 0.997782
63 75 0.997772
63 76 0.997764
63 77 0.99776
63 78 0.997758
63 79 0.99776
63 80 0.997764
63 81 0.99777
63 82 0.99778
63 83 0.997792
63 84 0.997807
63 85 0.997824
63 86 0.997844
63 87 0.997866
63 88 0.99789
63 89 0.997917
63 90 0.997946
63 91 0.997977
63 92 0.998009
63 93 0.998044
63 94 0.99808
63 95 0.998118
63 96 0.998157
63 97 0.998197
63 98 0.998238
63 99 0.998279
63 100 0.998322
63 101 0.998365
63 102 0.998408
63 103 0.99845
63 104 0.998493
63 105 0.998535
63 106 0.998577
63 107 0.998618
63 108 0.998658
63 109 0.998697
63 110 0.998734
63 111 0.99877
63 112 0.998805
63 113 0.998838
63 114 0.99887
63 115 0.998901
63 116 0.99893
63 117 0.998958
63 118 0.998985
63 119 0.999011
63 120 0.999036
63 121 0.999059
63 122 0.999082
63 123 0.999103
63 124 0.999122
63 125 0.999139
63 126 0.999154
63 127 0.999166

64 0 0
64 1 1.00096
64 2 1.00096
64 3 1.00096
64 4 1.00096
64 5 1.00096
64 6 1.00096
64 7 1.00095
64 8 1.00095
64 9 1.00095
64 10 1.00095
64 11 1.00095
64 12 1.00094
64 13 1.00094
64 14 1.00093
64 15 1.00092
64 16 1.00092
64 17 1.00091
64 18 1.0009
64 19 1.00088
64 20 1.00087
64 21 1.00085
64 22 1.00083
64 23 1.00081
64 24 1.00078
64 25 1.00075
64 26 1.00072
64 27 1.00068
64 28 1.00064
64 29 1.00059
64 30 1.00055
64 31 1.00049
64 32 1.00043
64 33 1.00037
64 34 1.00031
64 35 1.00024
64 36 1.00016
64 37 1.00009
64 38 1.00001
64 39 0.999923
64 40 0.999837
64 41 0.999749
64 42 0.999659
64 43 0.999568
64 44 0.999477
64 45 0.999385
64 46 0.999293
64 47 0.999203
64 48 0.999113
64 49 0.999024
64 50 0.998938
64 51 0.998853
64 52 0.998771
64 53 0.998692
64 54 0.998616
64 55 0.998542
64 56 0.998472
64 57 0.998404
64 58 0.998341
64 59 0.99828
64 60 0.998223
64 61 0.998169
64 62 0.998118
64 63 0.998071
64 64 0.998027
64 65 0.997986
64 66 0.997948
64 67 0.997914
64 68 0.997883
64 69 0.997855
64 70 0.99783
64 71 0.997808
64 72 0.997789
64 73 0.997773
64 74 0.99776
64 75 0.99775
64 76 0.997742
64 77 0.997738
64 78 0.997736
64 79 0.997738
64 80 0.997742
64 81 0.997748
64 82 0.997758
64 83 0.99777
64 84 0.997784
64 85 0.997801
64 86 0.997821
64 87 0.997843
64 88 0.997867
64 89 0.997893
64 90 0.997922
64 91 0.997952
64 92 0.997985
64 93 0.998019
64 94 0.998054
64 95 0.998091
64 96 0.99813
64 97 0.998169
64 98 0.99821
64 99 0.998251
64 100 0.998293
64 101 0.998335
64 102 0.998378
64 103 0.99842
64 104 0.998462
64 105 0.998503
64 106 0.998544
64 107 0.998585
64 108 0.998624
64 109 0.998662
64 110 0.998699
64 111 0.998734
64 112 0.998768
64 113 0.998801
64 114 0.998832
64 115 0.998862
64 116 0.998891
64 117 0.998919
64 118 0.998945
64 119 0.998971
64 120 0.998995
64 121 0.999019
64 122 0.999041
64 123 0.999061
64 124 0.99908
64 125 0.999097
64 126 0.999111
64 127 0.999122

65 0 0
65 1 1.00096
65 2 1.00096
65 3 1.00096
65 4 1.00096
65 5 1.00096
65 6 1.00096
65 7 1.00096
65 8 1.00096
65 9 1.00095
65 10 1.00095
65 11 1.00095
65 12 1.00094
65 13 1.00094
65 14 1.00093
65 15 1.00093
65 16 1.00092
65 17 1.00091
65 18 1.0009
65 19 1.00088
65 20 1.00087
65 21 1.00085
65 22 1.00083
65 23 1.00081
65 24 1.00078
65 25 1.00075
65 26 1.00072
65 27 1.00068
65 28 1.00064
65 29 1.00059
65 30 1.00054
65 31 1.00049
65 32 1.00043
65 33 1.00037
65 34 1.0003
65 35 1.00023
65 36 1.00016
65 37 1.00008
65 38 0.999999
65 39 0.999915
65 40 0.999828
65 41 0.999739
65 42 0.999648
65 43 0.999556
65 44 0.999464
65 45 0.999371
65 46 0.999279
65 47 0.999187
65 48 0.999096
65 49 0.999007
65 50 0.99892
65 51 0.998835
65 52 0.998753
65 53 0.998673
65 54 0.998596
65 55 0.998522
65 56 0.998452
65 57 0.998385
65 58 0.998321
65 59 0.99826
65 60 0.998203
65 61 0.998149
65 62 0.998098
65 63 0.998051
65 64 0.998007
65 65 0.997966
65 66 0.997929
65 67 0.997895
65 68 0.997864
65 69 0.997836
65 70 0.997811
65 71 0.997789
65 72 0.99777
65 73 0.997754
65 74 0.997741
65 75 0.997731
65 76 0.997724
65 77 0.997719
65 78 0.997717
65 79 0.997719
65 80 0.997722
65 81 0.997729
65 82 0.997738
65 83 0.99775
65 84 0.997764
65 85 0.997781
65 86 0.997801
65 87 0.997822
65 88 0.997846
65 89 0.997872
65 90 0.9979
65 91 0.997931
65 92 0.997963
65 93 0.997996
65 94 0.998032
65 95 0.998068
65 96 0.998106
65 97 0.998145
65 98 0.998185
65 99 0.998226
65 100 0.998267
65 101 0.998309
65 102 0.998351
65 103 0.998392
65 104 0.998434
65 105 0.998475
65 106 0.998515
65 107 0.998554
65 108 0.998593
65 109 0.99863
65 110 0.998666
65 111 0.998701
65 112 0.998735
65 113 0.998767
65 114 0.998798
65 115 0.998827
65 116 0.998855
65 117 0.998883
65 118 0.998909
65 119 0.998934
65 120 0.998958
65 121 0.998981
65 122 0.999003
65 123 0.999023
65 124 0.999041
65 125 0.999057
65 126 0.999071
65 127 0.999081

66 0 0
66 1 1.00097
66 2 1.00097
66 3 1.00097
66 4 1.00097
66 5 1.00096
66 6 1.00096
66 7 1.00096
66 8 1.00096
66 9 1.00096
66 10 1.00096
66 11 1.00095
66 12 1.00095
66 13 1.00094
66 14 1.00094
66 15 1.00093
66 16 1.00092
66 17 1.00091
66 18 1.0009
66 19 1.00089
66 20 1.00087
66 21 1.00085
66 22 1.00083
66 23 1.00081
66 24 1.00078
66 25 1.00075
66 26 1.00072
66 27 1.00068
66 28 1.00064
66 29 1.0006
66 30 1.00055
66 31 1.00049
66 32 1.00043
66 33 1.00037
66 34 1.0003
66 35 1.00023
66 36 1.00016
66 37 1.00008
66 38 0.999994
66 39 0.999909
66 40 0.999821
66 41 0.999731
66 42 0.99964
66 43 0.999547
66 44 0.999453
66 45 0.99936
66 46 0.999266
66 47 0.999174
66 48 0.999083
66 49 0.998993
66 50 0.998905
66 51 0.99882
66 52 0.998737
66 53 0.998657
66 54 0.99858
66 55 0.998506
66 56 0.998435
66 57 0.998368
66 58 0.998303
66 59 0.998243
66 60 0.998185
66 61 0.998132
66 62 0.998081
66 63 0.998034
66 64 0.99799
66 65 0.99795
66 66 0.997912
66 67 0.997878
66 68 0.997847
66 69 0.997819
66 70 0.997794
66 71 0.997773
66 72 0.997754
66 73 0.997738
66 74 0.997725
66 75 0.997715
66 76 0.997707
66 77 0.997703
66 78 0.997701
66 79 0.997702
66 80 0.997706
66 81 0.997713
66 82 0.997722
66 83 0.997733
66 84 0.997748
66 85 0.997764
66 86 0.997783
66 87 0.997805
66 88 0.997828
66 89 0.997854
66 90 0.997882
66 91 0.997912
66 92 0.997944
66 93 0.997977
66 94 0.998012
66 95 0.998048
66 96 0.998086
66 97 0.998124
66 98 0.998164
66 99 0.998204
66 100 0.998244
66 101 0.998285
66 102 0.998327
66 103 0.998368
66 104 0.998408
66 105 0.998449
66 106 0.998488
66 107 0.998527
66 108 0.998565
66 109 0.998602
66 110 0.998637
66 111 0.998671
66 112 0.998704
66 113 0.998736
66 114 0.998766
66 115 0.998795
66 116 0.998823
66 117 0.998849
66 118 0.998875
66 119 0.9989
66 120 0.998924
66 121 0.998946
66 122 0.998968
66 123 0.998988
66 124 0.999006
66 125 0.999021
66 126 0.999034
66 127 0.999043

67 0 0
67 1 1.00097
67 2 1.00097
67 3 1.00097
67 4 1.00097
67 5 1.00097
67 6 1.00097
67 7 1.00097
67 8 1.00096
67 9 1.00096
67 10 1.00096
67 11 1.00095
67 12 1.00095
67 13 1.00095
67 14 1.00094
67 15 1.00093
67 16 1.00093
67 17 1.00092
67 18 1.0009
67 19 1.00089
67 20 1.00087
67 21 1.00086
67 22 1.00084
67 23 1.00081
67 24 1.00079
67 25 1.00076
67 26 1.00072
67 27 1.00068
67 28 1.00064
67 29 1.0006
67 30 1.00055
67 31 1.00049
67 32 1.00043
67 33 1.00037
67 34 1.0003
67 35 1.00023
67 36 1.00015
67 37 1.00007
67 38 0.999992
67 39 0.999905
67 40 0.999817
67 41 0.999726
67 42 0.999633
67 43 0.99954
67 44 0.999445
67 45 0.999351
67 46 0.999257
67 47 0.999164
67 48 0.999072
67 49 0.998981
67 50 0.998893
67 51 0.998807
67 52 0.998724
67 53 0.998644
67 54 0.998566
67 55 0.998492
67 56 0.998421
67 57 0.998353
67 58 0.998289
67 59 0.998228
67 60 0.998171
67 61 0.998117
67 62 0.998067
67 63 0.99802
67 64 0.997976
67 65 0.997936
67 66 0.997898
67 67 0.997864
67 68 0.997833
67 69 0.997806
67 70 0.997781
67 71 0.997759
67 72 0.99774
67 73 0.997724
67 74 0.997712
67 75 0.997701
67 76 0.997694
67 77 0.99769
67 78 0.997688
67 79 0.997689
67 80 0.997693
67 81 0.997699
67 82 0.997708
67 83 0.99772
67 84 0.997734
67 85 0.99775
67 86 0.997769
67 87 0.99779
67 88 0.997814
67 89 0.997839
67 90 0.997867
67 91 0.997896
67 92 0.997928
67 93 0.997961
67 94 0.997995
67 95 0.998031
67 96 0.998068
67 97 0.998106
67 98 0.998145
67 99 0.998185
67 100 0.998225
67 101 0.998265
67 102 0.998306
67 103 0.998346
67 104 0.998386
67 105 0.998426
67 106 0.998465
67 107 0.998503
67 108 0.99854
67 109 0.998576
67 110 0.998611
67 111 0.998644
67 112 0.998677
67 113 0.998708
67 114 0.998737
67 115 0.998766
67 116 0.998793
67 117 0.998819
67 118 0.998845
67 119 0.998869
67 120 0.998893
67 121 0.998915
67 122 0.998936
67 123 0.998955
67 124 0.998973
67 125 0.998988
67 126 0.999
67 127 0.999008

68 0 0
68 1 1.00098
68 2 1.00098
68 3 1.00097
68 4 1.00097
68 5 1.00097
68 6 1.00097
68 7 1.00097
68 8 1.00097
68 9 1.00096
68 10 1.00096
68 11 1.00096
68 12 1.00095
68 13 1.00095
68 14 1.00094
68 15 1.00094
68 16 1.00093
68 17 1.00092
68 18 1.00091
68 19 1.00089
68 20 1.00088
68 21 1.00086
68 22 1.00084
68 23 1.00082
68 24 1.00079
68 25 1.00076
68 26 1.00073
68 27 1.00069
68 28 1.00065
68 29 1.0006
68 30 1.00055
68 31 1.0005
68 32 1.00044
68 33 1.00037
68 34 1.0003
68 35 1.00023
68 36 1.00015
68 37 1.00007
68 38 0.999991
68 39 0.999904
68 40 0.999814
68 41 0.999723
68 42 0.999629
68 43 0.999535
68 44 0.99944
68 45 0.999345
68 46 0.99925
68 47 0.999156
68 48 0.999064
68 49 0.998973
68 50 0.998884
68 51 0.998797
68 52 0.998714
68 53 0.998633
68 54 0.998555
68 55 0.998481
68 56 0.99841
68 57 0.998342
68 58 0.998278
68 59 0.998217
68 60 0.99816
68 61 0.998106
68 62 0.998055
68 63 0.998008
68 64 0.997965
68 65 0.997924
68 66 0.997887
68 67 0.997853
68 68 0.997823
68 69 0.997795
68 70 0.99777
68 71 0.997748
68 72 0.99773
68 73 0.997714
68 74 0.997701
68 75 0.997691
68 76 0.997684
68 77 0.997679
68 78 0.997678
68 79 0.997679
68 80 0.997682
68 81 0.997688
68 82 0.997697
68 83 0.997709
68 84 0.997723
68 85 0.997739
68 86 0.997758
68 87 0.997779
68 88 0.997802
68 89 0.997827
68 90 0.997855
68 91 0.997884
68 92 0.997915
68 93 0.997947
68 94 0.997982
68 95 0.998017
68 96 0.998054
68 97 0.998091
68 98 0.99813
68 99 0.998169
68 100 0.998208
68 101 0.998248
68 102 0.998288
68 103 0.998328
68 104 0.998367
68 105 0.998406
68 106 0.998445
68 107 0.998482
68 108 0.998518
68 109 0.998554
68 110 0.998588
68 111 0.998621
68 112 0.998653
68 113 0.998683
68 114 0.998712
68 115 0.99874
68 116 0.998767
68 117 0.998793
68 118 0.998818
68 119 0.998842
68 120 0.998865
68 121 0.998887
68 122 0.998908
68 123 0.998927
68 124 0.998944
68 125 0.998958
68 126 0.998969
68 127 0.998977

69 0 0
69 1 1.00098
69 2 1.00098
69 3 1.00098
69 4 1.00098
69 5 1.00098
69 6 1.00097
69 7 1.00097
69 8 1.00097
69 9 1.00097
69 10 1.00096
69 11 1.00096
69 12 1.00096
69 13 1.00095
69 14 1.00095
69 15 1.00094
69 16 1.00093
69 17 1.00092
69 18 1.00091
69 19 1.0009
69 20 1.00088
69 21 1.00086
69 22 1.00084
69 23 1.00082
69 24 1.00079
69 25 1.00076
69 26 1.00073
69 27 1.00069
69 28 1.00065
69 29 1.0006
69 30 1.00055
69 31 1.0005
69 32 1.00044
69 33 1.00038
69 34 1.00031
69 35 1.00023
69 36 1.00016
69 37 1.00008
69 38 0.999992
69 39 0.999904
69 40 0.999814
69 41 0.999722
69 42 0.999628
69 43 0.999533
69 44 0.999437
69 45 0.999341
69 46 0.999246
69 47 0.999151
69 48 0.999058
69 49 0.998967
69 50 0.998877
69 51 0.998791
69 52 0.998707
69 53 0.998625
69 54 0.998547
69 55 0.998473
69 56 0.998401
69 57 0.998334
69 58 0.998269
69 59 0.998208
69 60 0.998151
69 61 0.998097
69 62 0.998047
69 63 0.998
69 64 0.997956
69 65 0.997916
69 66 0.997879
69 67 0.997845
69 68 0.997814
69 69 0.997787
69 70 0.997762
69 71 0.997741
69 72 0.997722
69 73 0.997706
69 74 0.997693
69 75 0.997683
69 76 0.997676
69 77 0.997672
69 78 0.99767
69 79 0.997671
69 80 0.997674
69 81 0.997681
69 82 0.997689
69 83 0.997701
69 84 0.997715
69 85 0.997731
69 86 0.997749
69 87 0.99777
69 88 0.997793
69 89 0.997818
69 90 0.997845
69 91 0.997874
69 92 0.997905
69 93 0.997937
69 94 0.997971
69 95 0.998006
69 96 0.998042
69 97 0.998079
69 98 0.998117
69 99 0.998156
69 100 0.998195
69 101 0.998234
69 102 0.998274
69 103 0.998313
69 104 0.998352
69 105 0.99839
69 106 0.998428
69 107 0.998465
69 108 0.9985
69 109 0.998535
69 110 0.998568
69 111 0.998601
69 112 0.998632
69 113 0.998662
69 114 0.99869
69 115 0.998718
69 116 0.998744
69 117 0.99877
69 118 0.998794
69 119 0.998818
69 120 0.998841
69 121 0.998862
69 122 0.998883
69 123 0.998901
69 124 0.998918
69 125 0.998931
69 126 0.998942
69 127 0.998949

70 0 0
70 1 1.00099
70 2 1.00098
70 3 1.00098
70 4 1.00098
70 5 1.00098
70 6 1.00098
70 7 1.00098
70 8 1.00097
70 9 1.00097
70 10 1.00097
70 11 1.00096
70 12 1.00096
70 13 1.00096
70 14 1.00095
70 15 1.00094
70 16 1.00093
70 17 1.00093
70 18 1.00091
70 19 1.0009
70 20 1.00089
70 21 1.00087
70 22 1.00085
70 23 1.00082
70 24 1.0008
70 25 1.00077
70 26 1.00073
70 27 1.0007
70 28 1.00066
70 29 1.00061
70 30 1.00056
70 31 1.0005
70 32 1.00044
70 33 1.00038
70 34 1.00031
70 35 1.00024
70 36 1.00016
70 37 1.00008
70 38 0.999995
70 39 0.999907
70 40 0.999817
70 41 0.999724
70 42 0.999629
70 43 0.999533
70 44 0.999437
70 45 0.999341
70 46 0.999245
70 47 0.999149
70 48 0.999056
70 49 0.998964
70 50 0.998874
70 51 0.998787
70 52 0.998702
70 53 0.998621
70 54 0.998542
70 55 0.998467
70 56 0.998396
70 57 0.998328
70 58 0.998263
70 59 0.998203
70 60 0.998145
70 61 0.998091
70 62 0.998041
70 63 0.997994
70 64 0.997951
70 65 0.99791
70 66 0.997873
70 67 0.99784
70 68 0.997809
70 69 0.997781
70 70 0.997757
70 71 0.997735
70 72 0.997717
70 73 0.997701
70 74 0.997688
70 75 0.997678
70 76 0.997671
70 77 0.997667
70 78 0.997665
70 79 0.997666
70 80 0.997669
70 81 0.997676
70 82 0.997684
70 83 0.997696
70 84 0.997709
70 85 0.997726
70 86 0.997744
70 87 0.997765
70 88 0.997787
70 89 0.997812
70 90 0.997839
70 91 0.997868
70 92 0.997898
70 93 0.99793
70 94 0.997964
70 95 0.997998
70 96 0.998034
70 97 0.998071
70 98 0.998108
70 99 0.998147
70 100 0.998185
70 101 0.998224
70 102 0.998263
70 103 0.998301
70 104 0.99834
70 105 0.998377
70 106 0.998414
70 107 0.99845
70 108 0.998485
70 109 0.998519
70 110 0.998552
70 111 0.998584
70 112 0.998614
70 113 0.998644
70 114 0.998672
70 115 0.998699
70 116 0.998725
70 117 0.99875
70 118 0.998774
70 119 0.998798
70 120 0.99882
70 121 0.998841
70 122 0.998861
70 123 0.998879
70 124 0.998895
70 125 0.998908
70 126 0.998919
70 127 0.998925

71 0 0
71 1 1.00099
71 2 1.00099
71 3 1.00099
71 4 1.00098
71 5 1.00098
71 6 1.00098
71 7 1.00098
71 8 1.00098
71 9 1.00097
71 10 1.00097
71 11 1.00097
71 12 1.00096
71 13 1.00096
71 14 1.00095
71 15 1.00095
71 16 1.00094
71 17 1.00093
71 18 1.00092
71 19 1.0009
71 20 1.00089
71 21 1.00087
71 22 1.00085
71 23 1.00083
71 24 1.0008
71 25 1.00077
71 26 1.00074
71 27 1.0007
71 28 1.00066
71 29 1.00062
71 30 1.00057
71 31 1.00051
71 32 1.00045
71 33 1.00039
71 34 1.00032
71 35 1.00024
71 36 1.00017
71 37 1.00009
71 38 1
71 39 0.999912
71 40 0.999821
71 41 0.999728
71 42 0.999633
71 43 0.999536
71 44 0.99944
71 45 0.999343
71 46 0.999246
71 47 0.99915
71 48 0.999056
71 49 0.998964
71 50 0.998873
71 51 0.998786
71 52 0.998701
71 53 0.998619
71 54 0.99854
71 55 0.998465
71 56 0.998393
71 57 0.998325
71 58 0.998261
71 59 0.9982
71 60 0.998142
71 61 0.998088
71 62 0.998038
71 63 0.997991
71 64 0.997948
71 65 0.997907
71 66 0.99787
71 67 0.997837
71 68 0.997806
71 69 0.997779
71 70 0.997754
71 71 0.997733
71 72 0.997714
71 73 0.997699
71 74 0.997686
71 75 0.997676
71 76 0.997669
71 77 0.997664
71 78 0.997663
71 79 0.997664
71 80 0.997667
71 81 0.997673
71 82 0.997682
71 83 0.997693
71 84 0.997707
71 85 0.997723
71 86 0.997741
71 87 0.997762
71 88 0.997785
71 89 0.997809
71 90 0.997836
71 91 0.997864
71 92 0.997894
71 93 0.997926
71 94 0.997959
71 95 0.997994
71 96 0.998029
71 97 0.998066
71 98 0.998103
71 99 0.99814
71 100 0.998178
71 101 0.998217
71 102 0.998255
71 103 0.998293
71 104 0.998331
71 105 0.998368
71 106 0.998404
71 107 0.99844
71 108 0.998474
71 109 0.998507
71 110 0.99854
71 111 0.998571
71 112 0.998601
71 113 0.998629
71 114 0.998657
71 115 0.998684
71 116 0.998709
71 117 0.998734
71 118 0.998758
71 119 0.998781
71 120 0.998803
71 121 0.998824
71 122 0.998844
71 123 0.998861
71 124 0.998877
71 125 0.998889
71 126 0.998899
71 127 0.998904

72 0 0
72 1 1.00099
72 2 1.00099
72 3 1.00099
72 4 1.00099
72 5 1.00099
72 6 1.00098
72 7 1.00098
72 8 1.00098
72 9 1.00098
72 10 1.00097
72 11 1.00097
72 12 1.00097
72 13 1.00096
72 14 1.00096
72 15 1.00095
72 16 1.00094
72 17 1.00093
72 18 1.00092
72 19 1.00091
72 20 1.00089
72 21 1.00088
72 22 1.00086
72 23 1.00083
72 24 1.00081
72 25 1.00078
72 26 1.00075
72 27 1.00071
72 28 1.00067
72 29 1.00062
72 30 1.00057
72 31 1.00052
72 32 1.00046
72 33 1.00039
72 34 1.00033
72 35 1.00025
72 36 1.00017
72 37 1.00009
72 38 1.00001
72 39 0.999919
72 40 0.999828
72 41 0.999734
72 42 0.999639
72 43 0.999542
72 44 0.999445
72 45 0.999347
72 46 0.99925
72 47 0.999154
72 48 0.999059
72 49 0.998966
72 50 0.998876
72 51 0.998788
72 52 0.998702
72 53 0.99862
72 54 0.998541
72 55 0.998466
72 56 0.998394
72 57 0.998325
72 58 0.998261
72 59 0.998199
72 60 0.998142
72 61 0.998088
72 62 0.998038
72 63 0.997991
72 64 0.997947
72 65 0.997907
72 66 0.99787
72 67 0.997837
72 68 0.997806
72 69 0.997779
72 70 0.997754
72 71 0.997733
72 72 0.997714
72 73 0.997699
72 74 0.997686
72 75 0.997676
72 76 0.997669
72 77 0.997665
72 78 0.997663
72 79 0.997664
72 80 0.997668
72 81 0.997674
72 82 0.997683
72 83 0.997694
72 84 0.997707
72 85 0.997723
72 86 0.997742
72 87 0.997762
72 88 0.997785
72 89 0.997809
72 90 0.997836
72 91 0.997864
72 92 0.997894
72 93 0.997925
72 94 0.997958
72 95 0.997992
72 96 0.998027
72 97 0.998063
72 98 0.9981
72 99 0.998137
72 100 0.998175
72 101 0.998213
72 102 0.99825
72 103 0.998288
72 104 0.998325
72 105 0.998362
72 106 0.998397
72 107 0.998432
72 108 0.998466
72 109 0.998499
72 110 0.998531
72 111 0.998561
72 112 0.99859
72 113 0.998619
72 114 0.998646
72 115 0.998672
72 116 0.998697
72 117 0.998722
72 118 0.998745
72 119 0.998768
72 120 0.99879
72 121 0.99881
72 122 0.99883
72 123 0.998847
72 124 0.998862
72 125 0.998874
72 126 0.998883
72 127 0.998887

73 0 0
73 1 1.001
73 2 1.001
73 3 1.00099
73 4 1.00099
73 5 1.00099
73 6 1.00099
73 7 1.00098
73 8 1.00098
73 9 1.00098
73 10 1.00098
73 11 1.00097
73 12 1.00097
73 13 1.00096
73 14 1.00096
73 15 1.00095
73 16 1.00094
73 17 1.00094
73 18 1.00093
73 19 1.00091
73 20 1.0009
73 21 1.00088
73 22 1.00086
73 23 1.00084
73 24 1.00081
73 25 1.00078
73 26 1.00075
73 27 1.00072
73 28 1.00067
73 29 1.00063
73 30 1.00058
73 31 1.00053
73 32 1.00047
73 33 1.0004
73 34 1.00033
73 35 1.00026
73 36 1.00018
73 37 1.0001
73 38 1.00002
73 39 0.999929
73 40 0.999837
73 41 0.999743
73 42 0.999648
73 43 0.999551
73 44 0.999453
73 45 0.999355
73 46 0.999257
73 47 0.999161
73 48 0.999065
73 49 0.998972
73 50 0.998881
73 51 0.998792
73 52 0.998707
73 53 0.998624
73 54 0.998545
73 55 0.998469
73 56 0.998397
73 57 0.998328
73 58 0.998263
73 59 0.998202
73 60 0.998144
73 61 0.99809
73 62 0.99804
73 63 0.997993
73 64 0.99795
73 65 0.997909
73 66 0.997873
73 67 0.997839
73 68 0.997808
73 69 0.997781
73 70 0.997757
73 71 0.997736
73 72 0.997717
73 73 0.997702
73 74 0.997689
73 75 0.997679
73 76 0.997672
73 77 0.997668
73 78 0.997666
73 79 0.997667
73 80 0.997671
73 81 0.997677
73 82 0.997686
73 83 0.997697
73 84 0.997711
73 85 0.997726
73 86 0.997745
73 87 0.997765
73 88 0.997787
73 89 0.997812
73 90 0.997838
73 91 0.997866
73 92 0.997896
73 93 0.997927
73 94 0.99796
73 95 0.997994
73 96 0.998028
73 97 0.998064
73 98 0.998101
73 99 0.998137
73 100 0.998175
73 101 0.998212
73 102 0.998249
73 103 0.998286
73 104 0.998323
73 105 0.998359
73 106 0.998394
73 107 0.998428
73 108 0.998462
73 109 0.998494
73 110 0.998525
73 111 0.998555
73 112 0.998584
73 113 0.998612
73 114 0.998638
73 115 0.998664
73 116 0.998689
73 117 0.998713
73 118 0.998736
73 119 0.998759
73 120 0.99878
73 121 0.998801
73 122 0.99882
73 123 0.998836
73 124 0.998851
73 125 0.998862
73 126 0.998871
73 127 0.998874

74 0 0
74 1 1.001
74 2 1.001
74 3 1.001
74 4 1.00099
74 5 1.00099
74 6 1.00099
74 7 1.00099
74 8 1.00098
74 9 1.00098
74 10 1.00098
74 11 1.00098
74 12 1.00097
74 13 1.00097
74 14 1.00096
74 15 1.00096
74 16 1.00095
74 17 1.00094
74 18 1.00093
74 19 1.00092
74 20 1.0009
74 21 1.00089
74 22 1.00087
74 23 1.00084
74 24 1.00082
74 25 1.00079
74 26 1.00076
74 27 1.00072
74 28 1.00068
74 29 1.00064
74 30 1.00059
74 31 1.00054
74 32 1.00048
74 33 1.00041
74 34 1.00035
74 35 1.00027
74 36 1.0002
74 37 1.00011
74 38 1.00003
74 39 0.99994
74 40 0.999849
74 41 0.999755
74 42 0.999659
74 43 0.999562
74 44 0.999464
74 45 0.999365
74 46 0.999267
74 47 0.99917
74 48 0.999075
74 49 0.998981
74 50 0.998889
74 51 0.9988
74 52 0.998714
74 53 0.998631
74 54 0.998552
74 55 0.998475
74 56 0.998403
74 57 0.998334
74 58 0.998269
74 59 0.998207
74 60 0.99815
74 61 0.998096
74 62 0.998045
74 63 0.997998
74 64 0.997954
74 65 0.997914
74 66 0.997877
74 67 0.997844
74 68 0.997814
74 69 0.997786
74 70 0.997762
74 71 0.997741
74 72 0.997722
74 73 0.997707
74 74 0.997695
74 75 0.997685
74 76 0.997678
74 77 0.997674
74 78 0.997672
74 79 0.997673
74 80 0.997677
74 81 0.997683
74 82 0.997692
74 83 0.997703
74 84 0.997716
74 85 0.997732
74 86 0.99775
74 87 0.997771
74 88 0.997793
74 89 0.997817
74 90 0.997844
74 91 0.997872
74 92 0.997901
74 93 0.997932
74 94 0.997965
74 95 0.997998
74 96 0.998033
74 97 0.998068
74 98 0.998104
74 99 0.998141
74 100 0.998178
74 101 0.998215
74 102 0.998251
74 103 0.998288
74 104 0.998324
74 105 0.998359
74 106 0.998394
74 107 0.998428
74 108 0.998461
74 109 0.998493
74 110 0.998523
74 111 0.998553
74 112 0.998581
74 113 0.998608
74 114 0.998635
74 115 0.99866
74 116 0.998685
74 117 0.998708
74 118 0.998731
74 119 0.998754
74 120 0.998775
74 121 0.998795
74 122 0.998813
74 123 0.99883
74 124 0.998844
74 125 0.998855
74 126 0.998862
74 127 0.998866

75 0 0
75 1 1.00101
75 2 1.001
75 3 1.001
75 4 1.001
75 5 1.00099
75 6 1.00099
75 7 1.00099
75 8 1.00099
75 9 1.00098
75 10 1.00098
75 11 1.00098
75 12 1.00097
75 13 1.00097
75 14 1.00096
75 15 1.00096
75 16 1.00095
75 17 1.00094
75 18 1.00093
75 19 1.00092
75 20 1.00091
75 21 1.00089
75 22 1.00087
75 23 1.00085
75 24 1.00083
75 25 1.0008
75 26 1.00077
75 27 1.00073
75 28 1.00069
75 29 1.00065
75 30 1.0006
75 31 1.00055
75 32 1.00049
75 33 1.00042
75 34 1.00036
75 35 1.00029
75 36 1.00021
75 37 1.00013
75 38 1.00004
75 39 0.999954
75 40 0.999863
75 41 0.999769
75 42 0.999673
75 43 0.999575
75 44 0.999477
75 45 0.999379
75 46 0.99928
75 47 0.999183
75 48 0.999087
75 49 0.998992
75 50 0.9989
75 51 0.998811
75 52 0.998724
75 53 0.998641
75 54 0.998561
75 55 0.998485
75 56 0.998412
75 57 0.998343
75 58 0.998277
75 59 0.998216
75 60 0.998158
75 61 0.998103
75 62 0.998053
75 63 0.998006
75 64 0.997962
75 65 0.997922
75 66 0.997885
75 67 0.997851
75 68 0.997821
75 69 0.997794
75 70 0.99777
75 71 0.997748
75 72 0.99773
75 73 0.997715
75 74 0.997702
75 75 0.997693
75 76 0.997686
75 77 0.997682
75 78 0.99768
75 79 0.997681
75 80 0.997685
75 81 0.997691
75 82 0.9977
75 83 0.997711
75 84 0.997725
75 85 0.997741
75 86 0.997759
75 87 0.997779
75 88 0.997801
75 89 0.997826
75 90 0.997852
75 91 0.99788
75 92 0.997909
75 93 0.99794
75 94 0.997972
75 95 0.998006
75 96 0.99804
75 97 0.998075
75 98 0.998111
75 99 0.998147
75 100 0.998184
75 101 0.99822
75 102 0.998257
75 103 0.998293
75 104 0.998329
75 105 0.998364
75 106 0.998398
75 107 0.998431
75 108 0.998463
75 109 0.998495
75 110 0.998525
75 111 0.998554
75 112 0.998582
75 113 0.998609
75 114 0.998635
75 115 0.99866
75 116 0.998684
75 117 0.998708
75 118 0.99873
75 119 0.998752
75 120 0.998773
75 121 0.998793
75 122 0.998811
75 123 0.998827
75 124 0.998841
75 125 0.998851
75 126 0.998858
75 127 0.998861

76 0 0
76 1 1.00101
76 2 1.00101
76 3 1.001
76 4 1.001
76 5 1.001
76 6 1.00099
76 7 1.00099
76 8 1.00099
76 9 1.00099
76 10 1.00098
76 11 1.00098
76 12 1.00098
76 13 1.00097
76 14 1.00097
76 15 1.00096
76 16 1.00095
76 17 1.00095
76 18 1.00094
76 19 1.00092
76 20 1.00091
76 21 1.00089
76 22 1.00088
76 23 1.00086
76 24 1.00083
76 25 1.0008
76 26 1.00077
76 27 1.00074
76 28 1.0007
76 29 1.00066
76 30 1.00061
76 31 1.00056
76 32 1.0005
76 33 1.00044
76 34 1.00037
76 35 1.0003
76 36 1.00022
76 37 1.00014
76 38 1.00006
76 39 0.99997
76 40 0.999879
76 41 0.999785
76 42 0.999689
76 43 0.999592
76 44 0.999493
76 45 0.999395
76 46 0.999296
76 47 0.999198
76 48 0.999102
76 49 0.999007
76 50 0.998915
76 51 0.998825
76 52 0.998738
76 53 0.998654
76 54 0.998574
76 55 0.998497
76 56 0.998424
76 57 0.998354
76 58 0.998288
76 59 0.998226
76 60 0.998168
76 61 0.998114
76 62 0.998063
76 63 0.998016
76 64 0.997972
76 65 0.997932
76 66 0.997895
76 67 0.997861
76 68 0.997831
76 69 0.997804
76 70 0.99778
76 71 0.997759
76 72 0.99774
76 73 0.997725
76 74 0.997713
76 75 0.997703
76 76 0.997696
76 77 0.997692
76 78 0.997691
76 79 0.997692
76 80 0.997696
76 81 0.997702
76 82 0.997711
76 83 0.997722
76 84 0.997736
76 85 0.997752
76 86 0.99777
76 87 0.99779
76 88 0.997813
76 89 0.997837
76 90 0.997863
76 91 0.997891
76 92 0.99792
76 93 0.997951
76 94 0.997983
76 95 0.998016
76 96 0.99805
76 97 0.998085
76 98 0.998121
76 99 0.998157
76 100 0.998193
76 101 0.998229
76 102 0.998265
76 103 0.998301
76 104 0.998336
76 105 0.998371
76 106 0.998405
76 107 0.998438
76 108 0.99847
76 109 0.998501
76 110 0.99853
76 111 0.998559
76 112 0.998587
76 113 0.998613
76 114 0.998639
76 115 0.998664
76 116 0.998688
76 117 0.998711
76 118 0.998733
76 119 0.998755
76 120 0.998776
76 121 0.998795
76 122 0.998813
76 123 0.998829
76 124 0.998842
76 125 0.998852
76 126 0.998858
76 127 0.99886

77 0 0
77 1 1.00101
77 2 1.00101
77 3 1.001
77 4 1.001
77 5 1.001
77 6 1.001
77 7 1.00099
77 8 1.00099
77 9 1.00099
77 10 1.00099
77 11 1.00098
77 12 1.00098
77 13 1.00097
77 14 1.00097
77 15 1.00096
77 16 1.00096
77 17 1.00095
77 18 1.00094
77 19 1.00093
77 20 1.00091
77 21 1.0009
77 22 1.00088
77 23 1.00086
77 24 1.00084
77 25 1.00081
77 26 1.00078
77 27 1.00075
77 28 1.00071
77 29 1.00067
77 30 1.00062
77 31 1.00057
77 32 1.00051
77 33 1.00045
77 34 1.00039
77 35 1.00031
77 36 1.00024
77 37 1.00016
77 38 1.00008
77 39 0.999988
77 40 0.999897
77 41 0.999804
77 42 0.999708
77 43 0.999611
77 44 0.999512
77 45 0.999413
77 46 0.999315
77 47 0.999217
77 48 0.99912
77 49 0.999025
77 50 0.998932
77 51 0.998842
77 52 0.998754
77 53 0.99867
77 54 0.998589
77 55 0.998512
77 56 0.998438
77 57 0.998368
77 58 0.998302
77 59 0.99824
77 60 0.998182
77 61 0.998127
77 62 0.998076
77 63 0.998029
77 64 0.997985
77 65 0.997944
77 66 0.997907
77 67 0.997874
77 68 0.997843
77 69 0.997816
77 70 0.997792
77 71 0.997771
77 72 0.997753
77 73 0.997738
77 74 0.997725
77 75 0.997716
77 76 0.997709
77 77 0.997705
77 78 0.997704
77 79 0.997705
77 80 0.997709
77 81 0.997715
77 82 0.997724
77 83 0.997736
77 84 0.997749
77 85 0.997765
77 86 0.997784
77 87 0.997804
77 88 0.997826
77 89 0.997851
77 90 0.997877
77 91 0.997904
77 92 0.997934
77 93 0.997965
77 94 0.997997
77 95 0.99803
77 96 0.998064
77 97 0.998098
77 98 0.998134
77 99 0.99817
77 100 0.998206
77 101 0.998241
77 102 0.998277
77 103 0.998313
77 104 0.998348
77 105 0.998382
77 106 0.998415
77 107 0.998448
77 108 0.998479
77 109 0.99851
77 110 0.998539
77 111 0.998568
77 112 0.998595
77 113 0.998621
77 114 0.998647
77 115 0.998671
77 116 0.998695
77 117 0.998718
77 118 0.99874
77 119 0.998762
77 120 0.998783
77 121 0.998802
77 122 0.99882
77 123 0.998835
77 124 0.998848
77 125 0.998857
77 126 0.998863
77 127 0.998864

78 0 0
78 1 1.00101
78 2 1.00101
78 3 1.00101
78 4 1.001
78 5 1.001
78 6 1.001
78 7 1.001
78 8 1.00099
78 9 1.00099
78 10 1.00099
78 11 1.00098
78 12 1.00098
78 13 1.00098
78 14 1.00097
78 15 1.00097
78 16 1.00096
78 17 1.00095
78 18 1.00094
78 19 1.00093
78 20 1.00092
78 21 1.0009
78 22 1.00089
78 23 1.00087
78 24 1.00084
78 25 1.00082
78 26 1.00079
78 27 1.00076
78 28 1.00072
78 29 1.00068
78 30 1.00063
78 31 1.00058
78 32 1.00053
78 33 1.00047
78 34 1.0004
78 35 1.00033
78 36 1.00026
78 37 1.00018
78 38 1.00009
78 39 1.00001
78 40 0.999918
78 41 0.999825
78 42 0.999729
78 43 0.999632
78 44 0.999534
78 45 0.999435
78 46 0.999336
78 47 0.999238
78 48 0.999141
78 49 0.999046
78 50 0.998952
78 51 0.998862
78 52 0.998774
78 53 0.998689
78 54 0.998608
78 55 0.99853
78 56 0.998456
78 57 0.998386
78 58 0.998319
78 59 0.998257
78 60 0.998198
78 61 0.998143
78 62 0.998092
78 63 0.998044
78 64 0.998
78 65 0.997959
78 66 0.997922
78 67 0.997889
78 68 0.997858
78 69 0.997831
78 70 0.997807
78 71 0.997786
78 72 0.997768
78 73 0.997753
78 74 0.99774
78 75 0.997731
78 76 0.997724
78 77 0.99772
78 78 0.997719
78 79 0.99772
78 80 0.997724
78 81 0.997731
78 82 0.99774
78 83 0.997751
78 84 0.997765
78 85 0.997781
78 86 0.9978
78 87 0.99782
78 88 0.997842
78 89 0.997867
78 90 0.997893
78 91 0.997921
78 92 0.99795
78 93 0.997981
78 94 0.998013
78 95 0.998046
78 96 0.99808
78 97 0.998114
78 98 0.99815
78 99 0.998185
78 100 0.998221
78 101 0.998257
78 102 0.998292
78 103 0.998328
78 104 0.998362
78 105 0.998396
78 106 0.998429
78 107 0.998462
78 108 0.998493
78 109 0.998523
78 110 0.998552
78 111 0.99858
78 112 0.998607
78 113 0.998633
78 114 0.998658
78 115 0.998683
78 116 0.998706
78 117 0.998729
78 118 0.998752
78 119 0.998773
78 120 0.998794
78 121 0.998813
78 122 0.99883
78 123 0.998845
78 124 0.998858
78 125 0.998867
78 126 0.998872
78 127 0.998872

79 0 0
79 1 1.00101
79 2 1.00101
79 3 1.00101
79 4 1.001
79 5 1.001
79 6 1.001
79 7 1.001
79 8 1.00099
79 9 1.00099
79 10 1.00099
79 11 1.00099
79 12 1.00098
79 13 1.00098
79 14 1.00097
79 15 1.00097
79 16 1.00096
79 17 1.00095
79 18 1.00094
79 19 1.00093
79 20 1.00092
79 21 1.00091
79 22 1.00089
79 23 1.00087
79 24 1.00085
79 25 1.00082
79 26 1.0008
79 27 1.00076
79 28 1.00073
79 29 1.00069
79 30 1.00064
79 31 1.00059
79 32 1.00054
79 33 1.00048
79 34 1.00042
79 35 1.00035
79 36 1.00028
79 37 1.0002
79 38 1.00012
79 39 1.00003
79 40 0.999941
79 41 0.999848
79 42 0.999753
79 43 0.999656
79 44 0.999558
79 45 0.99946
79 46 0.999361
79 47 0.999262
79 48 0.999165
79 49 0.999069
79 50 0.998976
79 51 0.998884
79 52 0.998796
79 53 0.998711
79 54 0.998629
79 55 0.998551
79 56 0.998476
79 57 0.998406
79 58 0.998339
79 59 0.998276
79 60 0.998217
79 61 0.998161
79 62 0.99811
79 63 0.998062
79 64 0.998018
79 65 0.997977
79 66 0.99794
79 67 0.997906
79 68 0.997875
79 69 0.997848
79 70 0.997824
79 71 0.997803
79 72 0.997785
79 73 0.99777
79 74 0.997758
79 75 0.997748
79 76 0.997742
79 77 0.997738
79 78 0.997737
79 79 0.997738
79 80 0.997742
79 81 0.997749
79 82 0.997758
79 83 0.99777
79 84 0.997784
79 85 0.9978
79 86 0.997818
79 87 0.997839
79 88 0.997861
79 89 0.997886
79 90 0.997912
79 91 0.99794
79 92 0.997969
79 93 0.998
79 94 0.998032
79 95 0.998065
79 96 0.998099
79 97 0.998133
79 98 0.998168
79 99 0.998204
79 100 0.99824
79 101 0.998275
79 102 0.998311
79 103 0.998346
79 104 0.99838
79 105 0.998414
79 106 0.998447
79 107 0.998479
79 108 0.99851
79 109 0.99854
79 110 0.998568
79 111 0.998596
79 112 0.998623
79 113 0.998649
79 114 0.998674
79 115 0.998699
79 116 0.998722
79 117 0.998745
79 118 0.998767
79 119 0.998789
79 120 0.998809
79 121 0.998828
79 122 0.998845
79 123 0.99886
79 124 0.998872
79 125 0.99888
79 126 0.998885
79 127 0.998885

80 0 0
80 1 1.00102
80 2 1.00101
80 3 1.00101
80 4 1.00101
80 5 1.001
80 6 1.001
80 7 1.001
80 8 1.00099
80 9 1.00099
80 10 1.00099
80 11 1.00099
80 12 1.00098
80 13 1.00098
80 14 1.00097
80 15 1.00097
80 16 1.00096
80 17 1.00096
80 18 1.00095
80 19 1.00094
80 20 1.00092
80 21 1.00091
80 22 1.0009
80 23 1.00088
80 24 1.00086
80 25 1.00083
80 26 1.0008
80 27 1.00077
80 28 1.00074
80 29 1.0007
80 30 1.00066
80 31 1.00061
80 32 1.00056
80 33 1.0005
80 34 1.00044
80 35 1.00037
80 36 1.0003
80 37 1.00022
80 38 1.00014
80 39 1.00005
80 40 0.999965
80 41 0.999874
80 42 0.999779
80 43 0.999683
80 44 0.999585
80 45 0.999487
80 46 0.999388
80 47 0.999289
80 48 0.999192
80 49 0.999096
80 50 0.999002
80 51 0.99891
80 52 0.998822
80 53 0.998736
80 54 0.998654
80 55 0.998575
80 56 0.9985
80 57 0.998428
80 58 0.998361
80 59 0.998298
80 60 0.998238
80 61 0.998182
80 62 0.99813
80 63 0.998082
80 64 0.998038
80 65 0.997997
80 66 0.997959
80 67 0.997925
80 68 0.997895
80 69 0.997867
80 70 0.997843
80 71 0.997822
80 72 0.997804
80 73 0.997789
80 74 0.997777
80 75 0.997768
80 76 0.997761
80 77 0.997757
80 78 0.997756
80 79 0.997758
80 80 0.997762
80 81 0.997769
80 82 0.997778
80 83 0.99779
80 84 0.997804
80 85 0.99782
80 86 0.997839
80 87 0.99786
80 88 0.997882
80 89 0.997907
80 90 0.997933
80 91 0.997961
80 92 0.997991
80 93 0.998021
80 94 0.998053
80 95 0.998086
80 96 0.99812
80 97 0.998155
80 98 0.99819
80 99 0.998226
80 100 0.998261
80 101 0.998297
80 102 0.998332
80 103 0.998367
80 104 0.998401
80 105 0.998435
80 106 0.998467
80 107 0.998499
80 108 0.99853
80 109 0.99856
80 110 0.998589
80 111 0.998616
80 112 0.998643
80 113 0.998669
80 114 0.998694
80 115 0.998718
80 116 0.998742
80 117 0.998765
80 118 0.998787
80 119 0.998808
80 120 0.998829
80 121 0.998848
80 122 0.998865
80 123 0.998879
80 124 0.998891
80 125 0.998899
80 126 0.998903
80 127 0.998902

81 0 0
81 1 1.00102
81 2 1.00101
81 3 1.00101
81 4 1.00101
81 5 1.001
81 6 1.001
81 7 1.001
81 8 1.00099
81 9 1.00099
81 10 1.00099
81 11 1.00099
81 12 1.00098
81 13 1.00098
81 14 1.00097
81 15 1.00097
81 16 1.00096
81 17 1.00096
81 18 1.00095
81 19 1.00094
81 20 1.00093
81 21 1.00091
81 22 1.0009
81 23 1.00088
81 24 1.00086
81 25 1.00084
81 26 1.00081
81 27 1.00078
81 28 1.00075
81 29 1.00071
81 30 1.00067
81 31 1.00062
81 32 1.00057
81 33 1.00052
81 34 1.00045
81 35 1.00039
81 36 1.00032
81 37 1.00024
81 38 1.00016
81 39 1.00008
81 40 0.999992
81 41 0.999901
81 42 0.999808
81 43 0.999712
81 44 0.999615
81 45 0.999517
81 46 0.999418
81 47 0.99932
81 48 0.999222
81 49 0.999126
81 50 0.999032
81 51 0.99894
81 52 0.99885
81 53 0.998764
81 54 0.998681
81 55 0.998602
81 56 0.998526
81 57 0.998454
81 58 0.998386
81 59 0.998322
81 60 0.998262
81 61 0.998206
81 62 0.998154
81 63 0.998105
81 64 0.99806
81 65 0.998019
81 66 0.997981
81 67 0.997947
81 68 0.997917
81 69 0.997889
81 70 0.997865
81 71 0.997844
81 72 0.997826
81 73 0.997811
81 74 0.997798
81 75 0.997789
81 76 0.997783
81 77 0.997779
81 78 0.997778
81 79 0.99778
81 80 0.997784
81 81 0.997791
81 82 0.997801
81 83 0.997813
81 84 0.997827
81 85 0.997843
81 86 0.997862
81 87 0.997883
81 88 0.997906
81 89 0.99793
81 90 0.997957
81 91 0.997985
81 92 0.998015
81 93 0.998045
81 94 0.998078
81 95 0.998111
81 96 0.998145
81 97 0.998179
81 98 0.998215
81 99 0.99825
81 100 0.998286
81 101 0.998321
81 102 0.998356
81 103 0.998391
81 104 0.998425
81 105 0.998459
81 106 0.998491
81 107 0.998523
81 108 0.998554
81 109 0.998584
81 110 0.998612
81 111 0.99864
81 112 0.998667
81 113 0.998693
81 114 0.998718
81 115 0.998742
81 116 0.998766
81 117 0.998789
81 118 0.998811
81 119 0.998833
81 120 0.998853
81 121 0.998872
81 122 0.998889
81 123 0.998903
81 124 0.998915
81 125 0.998922
81 126 0.998926
81 127 0.998924

82 0 0
82 1 1.00102
82 2 1.00101
82 3 1.00101
82 4 1.00101
82 5 1.001
82 6 1.001
82 7 1.001
82 8 1.00099
82 9 1.00099
82 10 1.00099
82 11 1.00099
82 12 1.00098
82 13 1.00098
82 14 1.00098
82 15 1.00097
82 16 1.00096
82 17 1.00096
82 18 1.00095
82 19 1.00094
82 20 1.00093
82 21 1.00092
82 22 1.0009
82 23 1.00089
82 24 1.00087
82 25 1.00085
82 26 1.00082
82 27 1.00079
82 28 1.00076
82 29 1.00072
82 30 1.00068
82 31 1.00064
82 32 1.00059
82 33 1.00053
82 34 1.00047
82 35 1.00041
82 36 1.00034
82 37 1.00027
82 38 1.00019
82 39 1.00011
82 40 1.00002
82 41 0.999931
82 42 0.999838
82 43 0.999743
82 44 0.999647
82 45 0.999549
82 46 0.999451
82 47 0.999352
82 48 0.999255
82 49 0.999159
82 50 0.999064
82 51 0.998972
82 52 0.998882
82 53 0.998795
82 54 0.998712
82 55 0.998632
82 56 0.998555
82 57 0.998483
82 58 0.998414
82 59 0.99835
82 60 0.998289
82 61 0.998232
82 62 0.99818
82 63 0.998131
82 64 0.998085
82 65 0.998044
82 66 0.998006
82 67 0.997972
82 68 0.997941
82 69 0.997913
82 70 0.997888
82 71 0.997867
82 72 0.997849
82 73 0.997834
82 74 0.997822
82 75 0.997813
82 76 0.997806
82 77 0.997803
82 78 0.997802
82 79 0.997804
82 80 0.997809
82 81 0.997816
82 82 0.997825
82 83 0.997837
82 84 0.997852
82 85 0.997868
82 86 0.997887
82 87 0.997908
82 88 0.997931
82 89 0.997956
82 90 0.997983
82 91 0.998011
82 92 0.998041
82 93 0.998072
82 94 0.998104
82 95 0.998137
82 96 0.998172
82 97 0.998206
82 98 0.998242
82 99 0.998277
82 100 0.998313
82 101 0.998348
82 102 0.998384
82 103 0.998418
82 104 0.998453
82 105 0.998486
82 106 0.998519
82 107 0.998551
82 108 0.998581
82 109 0.998611
82 110 0.99864
82 111 0.998668
82 112 0.998695
82 113 0.998721
82 114 0.998746
82 115 0.99877
82 116 0.998794
82 117 0.998817
82 118 0.99884
82 119 0.998861
82 120 0.998882
82 121 0.998901
82 122 0.998918
82 123 0.998932
82 124 0.998943
82 125 0.99895
82 126 0.998953
82 127 0.998951

83 0 0
83 1 1.00102
83 2 1.00101
83 3 1.00101
83 4 1.00101
83 5 1.001
83 6 1.001
83 7 1.001
83 8 1.00099
83 9 1.00099
83 10 1.00099
83 11 1.00099
83 12 1.00098
83 13 1.00098
83 14 1.00098
83 15 1.00097
83 16 1.00097
83 17 1.00096
83 18 1.00095
83 19 1.00094
83 20 1.00093
83 21 1.00092
83 22 1.00091
83 23 1.00089
83 24 1.00087
83 25 1.00085
83 26 1.00083
83 27 1.0008
83 28 1.00077
83 29 1.00073
83 30 1.0007
83 31 1.00065
83 32 1.0006
83 33 1.00055
83 34 1.00049
83 35 1.00043
83 36 1.00036
83 37 1.00029
83 38 1.00022
83 39 1.00014
83 40 1.00005
83 41 0.999962
83 42 0.999871
83 43 0.999777
83 44 0.999681
83 45 0.999584
83 46 0.999486
83 47 0.999388
83 48 0.999291
83 49 0.999194
83 50 0.9991
83 51 0.999007
83 52 0.998917
83 53 0.998829
83 54 0.998745
83 55 0.998665
83 56 0.998588
83 57 0.998515
83 58 0.998445
83 59 0.99838
83 60 0.998319
83 61 0.998262
83 62 0.998208
83 63 0.998159
83 64 0.998113
83 65 0.998071
83 66 0.998033
83 67 0.997998
83 68 0.997967
83 69 0.997939
83 70 0.997914
83 71 0.997893
83 72 0.997875
83 73 0.99786
83 74 0.997848
83 75 0.997838
83 76 0.997832
83 77 0.997829
83 78 0.997828
83 79 0.99783
83 80 0.997835
83 81 0.997842
83 82 0.997852
83 83 0.997864
83 84 0.997879
83 85 0.997895
83 86 0.997915
83 87 0.997936
83 88 0.997959
83 89 0.997984
83 90 0.998011
83 91 0.998039
83 92 0.998069
83 93 0.998101
83 94 0.998133
83 95 0.998167
83 96 0.998201
83 97 0.998236
83 98 0.998271
83 99 0.998307
83 100 0.998343
83 101 0.998378
83 102 0.998414
83 103 0.998449
83 104 0.998483
83 105 0.998517
83 106 0.99855
83 107 0.998581
83 108 0.998612
83 109 0.998642
83 110 0.998671
83 111 0.998699
83 112 0.998726
83 113 0.998753
83 114 0.998778
83 115 0.998803
83 116 0.998827
83 117 0.998851
83 118 0.998873
83 119 0.998895
83 120 0.998916
83 121 0.998935
83 122 0.998952
83 123 0.998966
83 124 0.998977
83 125 0.998983
83 126 0.998986
83 127 0.998983

84 0 0
84 1 1.00102
84 2 1.00101
84 3 1.00101
84 4 1.00101
84 5 1.001
84 6 1.001
84 7 1.001
84 8 1.00099
84 9 1.00099
84 10 1.00099
84 11 1.00099
84 12 1.00098
84 13 1.00098
84 14 1.00098
84 15 1.00097
84 16 1.00097
84 17 1.00096
84 18 1.00095
84 19 1.00094
84 20 1.00093
84 21 1.00092
84 22 1.00091
84 23 1.00089
84 24 1.00088
84 25 1.00086
84 26 1.00083
84 27 1.00081
84 28 1.00078
84 29 1.00075
84 30 1.00071
84 31 1.00067
84 32 1.00062
84 33 1.00057
84 34 1.00051
84 35 1.00045
84 36 1.00039
84 37 1.00032
84 38 1.00024
84 39 1.00017
84 40 1.00008
84 41 0.999995
84 42 0.999905
84 43 0.999813
84 44 0.999718
84 45 0.999622
84 46 0.999524
84 47 0.999427
84 48 0.999329
84 49 0.999233
84 50 0.999138
84 51 0.999045
84 52 0.998955
84 53 0.998867
84 54 0.998782
84 55 0.998701
84 56 0.998623
84 57 0.998549
84 58 0.998479
84 59 0.998413
84 60 0.998351
84 61 0.998293
84 62 0.998239
84 63 0.998189
84 64 0.998143
84 65 0.998101
84 66 0.998062
84 67 0.998027
84 68 0.997995
84 69 0.997967
84 70 0.997942
84 71 0.997921
84 72 0.997903
84 73 0.997887
84 74 0.997875
84 75 0.997866
84 76 0.99786
84 77 0.997856
84 78 0.997856
84 79 0.997858
84 80 0.997863
84 81 0.99787
84 82 0.99788
84 83 0.997893
84 84 0.997907
84 85 0.997924
84 86 0.997944
84 87 0.997965
84 88 0.997989
84 89 0.998014
84 90 0.998041
84 91 0.99807
84 92 0.9981
84 93 0.998132
84 94 0.998164
84 95 0.998198
84 96 0.998233
84 97 0.998268
84 98 0.998303
84 99 0.998339
84 100 0.998375
84 101 0.998411
84 102 0.998447
84 103 0.998482
84 104 0.998517
84 105 0.99855
84 106 0.998584
84 107 0.998616
84 108 0.998647
84 109 0.998677
84 110 0.998706
84 111 0.998735
84 112 0.998762
84 113 0.998789
84 114 0.998815
84 115 0.99884
84 116 0.998864
84 117 0.998888
84 118 0.998911
84 119 0.998933
84 120 0.998954
84 121 0.998974
84 122 0.998991
84 123 0.999005
84 124 0.999015
84 125 0.999022
84 126 0.999023
84 127 0.99902

85 0 0
85 1 1.00102
85 2 1.00101
85 3 1.00101
85 4 1.001
85 5 1.001
85 6 1.001
85 7 1.001
85 8 1.00099
85 9 1.00099
85 10 1.00099
85 11 1.00098
85 12 1.00098
85 13 1.00098
85 14 1.00097
85 15 1.00097
85 16 1.00096
85 17 1.00096
85 18 1.00095
85 19 1.00094
85 20 1.00094
85 21 1.00092
85 22 1.00091
85 23 1.0009
85 24 1.00088
85 25 1.00086
85 26 1.00084
85 27 1.00082
85 28 1.00079
85 29 1.00076
85 30 1.00072
85 31 1.00068
85 32 1.00064
85 33 1.00059
85 34 1.00054
85 35 1.00048
85 36 1.00041
85 37 1.00035
85 38 1.00027
85 39 1.0002
85 40 1.00012
85 41 1.00003
85 42 0.999942
85 43 0.99985
85 44 0.999757
85 45 0.999661
85 46 0.999565
85 47 0.999468
85 48 0.999371
85 49 0.999275
85 50 0.99918
85 51 0.999086
85 52 0.998995
85 53 0.998907
85 54 0.998822
85 55 0.99874
85 56 0.998662
85 57 0.998587
85 58 0.998516
85 59 0.998449
85 60 0.998387
85 61 0.998328
85 62 0.998273
85 63 0.998222
85 64 0.998176
85 65 0.998133
85 66 0.998093
85 67 0.998058
85 68 0.998026
85 69 0.997997
85 70 0.997972
85 71 0.997951
85 72 0.997932
85 73 0.997917
85 74 0.997905
85 75 0.997895
85 76 0.997889
85 77 0.997886
85 78 0.997885
85 79 0.997888
85 80 0.997893
85 81 0.9979
85 82 0.99791
85 83 0.997923
85 84 0.997938
85 85 0.997955
85 86 0.997975
85 87 0.997996
85 88 0.99802
85 89 0.998046
85 90 0.998073
85 91 0.998102
85 92 0.998133
85 93 0.998165
85 94 0.998198
85 95 0.998232
85 96 0.998267
85 97 0.998302
85 98 0.998338
85 99 0.998374
85 100 0.998411
85 101 0.998447
85 102 0.998483
85 103 0.998518
85 104 0.998553
85 105 0.998587
85 106 0.998621
85 107 0.998653
85 108 0.998685
85 109 0.998715
85 110 0.998745
85 111 0.998774
85 112 0.998802
85 113 0.998829
85 114 0.998855
85 115 0.998881
85 116 0.998906
85 117 0.998931
85 118 0.998954
85 119 0.998977
85 120 0.998998
85 121 0.999018
85 122 0.999035
85 123 0.999049
85 124 0.999059
85 125 0.999065
85 126 0.999067
85 127 0.999062

86 0 0
86 1 1.00101
86 2 1.00101
86 3 1.00101
86 4 1.001
86 5 1.001
86 6 1.001
86 7 1.00099
86 8 1.00099
86 9 1.00099
86 10 1.00099
86 11 1.00098
86 12 1.00098
86 13 1.00098
86 14 1.00097
86 15 1.00097
86 16 1.00096
86 17 1.00096
86 18 1.00095
86 19 1.00094
86 20 1.00094
86 21 1.00093
86 22 1.00091
86 23 1.0009
86 24 1.00089
86 25 1.00087
86 26 1.00085
86 27 1.00082
86 28 1.0008
86 29 1.00077
86 30 1.00073
86 31 1.0007
86 32 1.00065
86 33 1.00061
86 34 1.00056
86 35 1.0005
86 36 1.00044
86 37 1.00037
86 38 1.0003
86 39 1.00023
86 40 1.00015
86 41 1.00007
86 42 0.99998
86 43 0.99989
86 44 0.999798
86 45 0.999703
86 46 0.999608
86 47 0.999512
86 48 0.999415
86 49 0.999319
86 50 0.999224
86 51 0.999131
86 52 0.99904
86 53 0.998951
86 54 0.998865
86 55 0.998782
86 56 0.998703
86 57 0.998628
86 58 0.998556
86 59 0.998488
86 60 0.998425
86 61 0.998365
86 62 0.99831
86 63 0.998258
86 64 0.998211
86 65 0.998167
86 66 0.998127
86 67 0.998091
86 68 0.998059
86 69 0.99803
86 70 0.998005
86 71 0.997983
86 72 0.997964
86 73 0.997948
86 74 0.997936
86 75 0.997927
86 76 0.997921
86 77 0.997917
86 78 0.997917
86 79 0.997919
86 80 0.997924
86 81 0.997932
86 82 0.997942
86 83 0.997955
86 84 0.99797
86 85 0.997988
86 86 0.998008
86 87 0.99803
86 88 0.998054
86 89 0.99808
86 90 0.998107
86 91 0.998137
86 92 0.998167
86 93 0.9982
86 94 0.998233
86 95 0.998267
86 96 0.998303
86 97 0.998339
86 98 0.998375
86 99 0.998412
86 100 0.998448
86 101 0.998485
86 102 0.998521
86 103 0.998557
86 104 0.998593
86 105 0.998627
86 106 0.998661
86 107 0.998694
86 108 0.998726
86 109 0.998758
86 110 0.998788
86 111 0.998817
86 112 0.998846
86 113 0.998874
86 114 0.998901
86 115 0.998927
86 116 0.998953
86 117 0.998978
86 118 0.999002
86 119 0.999025
86 120 0.999047
86 121 0.999067
86 122 0.999084
86 123 0.999099
86 124 0.999109
86 125 0.999115
86 126 0.999115
86 127 0.99911

87 0 0
87 1 1.00101
87 2 1.00101
87 3 1.001
87 4 1.001
87 5 1.001
87 6 1.00099
87 7 1.00099
87 8 1.00099
87 9 1.00099
87 10 1.00098
87 11 1.00098
87 12 1.00098
87 13 1.00098
87 14 1.00097
87 15 1.00097
87 16 1.00096
87 17 1.00096
87 18 1.00095
87 19 1.00094
87 20 1.00094
87 21 1.00093
87 22 1.00092
87 23 1.0009
87 24 1.00089
87 25 1.00087
87 26 1.00085
87 27 1.00083
87 28 1.00081
87 29 1.00078
87 30 1.00075
87 31 1.00071
87 32 1.00067
87 33 1.00063
87 34 1.00058
87 35 1.00052
87 36 1.00046
87 37 1.0004
87 38 1.00033
87 39 1.00026
87 40 1.00018
87 41 1.0001
87 42 1.00002
87 43 0.999931
87 44 0.99984
87 45 0.999748
87 46 0.999653
87 47 0.999558
87 48 0.999462
87 49 0.999366
87 50 0.999272
87 51 0.999178
87 52 0.999087
87 53 0.998997
87 54 0.998911
87 55 0.998828
87 56 0.998748
87 57 0.998672
87 58 0.998599
87 59 0.998531
87 60 0.998466
87 61 0.998406
87 62 0.998349
87 63 0.998297
87 64 0.998249
87 65 0.998204
87 66 0.998164
87 67 0.998127
87 68 0.998094
87 69 0.998065
87 70 0.998039
87 71 0.998017
87 72 0.997998
87 73 0.997982
87 74 0.997969
87 75 0.99796
87 76 0.997954
87 77 0.99795
87 78 0.99795
87 79 0.997952
87 80 0.997957
87 81 0.997965
87 82 0.997976
87 83 0.997989
87 84 0.998004
87 85 0.998022
87 86 0.998042
87 87 0.998064
87 88 0.998089
87 89 0.998115
87 90 0.998143
87 91 0.998173
87 92 0.998204
87 93 0.998237
87 94 0.99827
87 95 0.998305
87 96 0.998341
87 97 0.998377
87 98 0.998414
87 99 0.998451
87 100 0.998488
87 101 0.998526
87 102 0.998562
87 103 0.998599
87 104 0.998635
87 105 0.99867
87 106 0.998705
87 107 0.998738
87 108 0.998771
87 109 0.998803
87 110 0.998834
87 111 0.998864
87 112 0.998894
87 113 0.998922
87 114 0.99895
87 115 0.998978
87 116 0.999004
87 117 0.99903
87 118 0.999055
87 119 0.999079
87 120 0.999102
87 121 0.999122
87 122 0.99914
87 123 0.999154
87 124 0.999165
87 125 0.99917
87 126 0.99917
87 127 0.999164

88 0 0
88 1 1.00101
88 2 1.001
88 3 1.001
88 4 1.001
88 5 1.00099
88 6 1.00099
88 7 1.00099
88 8 1.00099
88 9 1.00098
88 10 1.00098
88 11 1.00098
88 12 1.00098
88 13 1.00097
88 14 1.00097
88 15 1.00097
88 16 1.00096
88 17 1.00096
88 18 1.00095
88 19 1.00094
88 20 1.00094
88 21 1.00093
88 22 1.00092
88 23 1.00091
88 24 1.00089
88 25 1.00088
88 26 1.00086
88 27 1.00084
88 28 1.00081
88 29 1.00079
88 30 1.00076
88 31 1.00072
88 32 1.00069
88 33 1.00064
88 34 1.0006
88 35 1.00055
88 36 1.00049
88 37 1.00043
88 38 1.00036
88 39 1.00029
88 40 1.00022
88 41 1.00014
88 42 1.00006
88 43 0.999974
88 44 0.999885
88 45 0.999794
88 46 0.9997
88 47 0.999606
88 48 0.999511
88 49 0.999416
88 50 0.999322
88 51 0.999228
88 52 0.999137
88 53 0.999047
88 54 0.99896
88 55 0.998876
88 56 0.998796
88 57 0.998719
88 58 0.998645
88 59 0.998576
88 60 0.99851
88 61 0.998449
88 62 0.998391
88 63 0.998338
88 64 0.998289
88 65 0.998244
88 66 0.998203
88 67 0.998165
88 68 0.998132
88 69 0.998102
88 70 0.998075
88 71 0.998053
88 72 0.998033
88 73 0.998017
88 74 0.998004
88 75 0.997995
88 76 0.997988
88 77 0.997985
88 78 0.997985
88 79 0.997987
88 80 0.997992
88 81 0.998
88 82 0.998011
88 83 0.998024
88 84 0.99804
88 85 0.998058
88 86 0.998078
88 87 0.998101
88 88 0.998125
88 89 0.998152
88 90 0.99818
88 91 0.998211
88 92 0.998242
88 93 0.998275
88 94 0.99831
88 95 0.998345
88 96 0.998381
88 97 0.998418
88 98 0.998455
88 99 0.998493
88 100 0.998531
88 101 0.998569
88 102 0.998606
88 103 0.998643
88 104 0.99868
88 105 0.998716
88 106 0.998752
88 107 0.998786
88 108 0.99882
88 109 0.998853
88 110 0.998885
88 111 0.998916
88 112 0.998946
88 113 0.998976
88 114 0.999005
88 115 0.999033
88 116 0.999061
88 117 0.999088
88 118 0.999114
88 119 0.999138
88 120 0.999162
88 121 0.999183
88 122 0.999201
88 123 0.999216
88 124 0.999226
88 125 0.999231
88 126 0.999231
88 127 0.999224

89 0 0
89 1 1.00101
89 2 1.001
89 3 1.001
89 4 1.00099
89 5 1.00099
89 6 1.00099
89 7 1.00099
89 8 1.00098
89 9 1.00098
89 10 1.00098
89 11 1.00098
89 12 1.00097
89 13 1.00097
89 14 1.00097
89 15 1.00096
89 16 1.00096
89 17 1.00095
89 18 1.00095
89 19 1.00094
89 20 1.00094
89 21 1.00093
89 22 1.00092
89 23 1.00091
89 24 1.00089
89 25 1.00088
89 26 1.00086
89 27 1.00084
89 28 1.00082
89 29 1.0008
89 30 1.00077
89 31 1.00074
89 32 1.0007
89 33 1.00066
89 34 1.00062
89 35 1.00057
89 36 1.00052
89 37 1.00046
89 38 1.0004
89 39 1.00033
89 40 1.00026
89 41 1.00018
89 42 1.0001
89 43 1.00002
89 44 0.999931
89 45 0.999841
89 46 0.99975
89 47 0.999657
89 48 0.999563
89 49 0.999469
89 50 0.999375
89 51 0.999281
89 52 0.99919
89 53 0.9991
89 54 0.999013
89 55 0.998928
89 56 0.998847
89 57 0.998769
89 58 0.998694
89 59 0.998624
89 60 0.998558
89 61 0.998495
89 62 0.998437
89 63 0.998382
89 64 0.998332
89 65 0.998286
89 66 0.998244
89 67 0.998206
89 68 0.998172
89 69 0.998141
89 70 0.998114
89 71 0.998091
89 72 0.998071
89 73 0.998055
89 74 0.998041
89 75 0.998032
89 76 0.998025
89 77 0.998021
89 78 0.998021
89 79 0.998023
89 80 0.998028
89 81 0.998037
89 82 0.998047
89 83 0.998061
89 84 0.998076
89 85 0.998095
89 86 0.998115
89 87 0.998138
89 88 0.998163
89 89 0.99819
89 90 0.998219
89 91 0.99825
89 92 0.998282
89 93 0.998316
89 94 0.99835
89 95 0.998386
89 96 0.998423
89 97 0.998461
89 98 0.998499
89 99 0.998537
89 100 0.998576
89 101 0.998614
89 102 0.998653
89 103 0.998691
89 104 0.998728
89 105 0.998765
89 106 0.998801
89 107 0.998837
89 108 0.998872
89 109 0.998906
89 110 0.998939
89 111 0.998971
89 112 0.999003
89 113 0.999034
89 114 0.999064
89 115 0.999093
89 116 0.999122
89 117 0.999151
89 118 0.999178
89 119 0.999204
89 120 0.999228
89 121 0.99925
89 122 0.999269
89 123 0.999284
89 124 0.999294
89 125 0.999299
89 126 0.999298
89 127 0.99929

90 0 0
90 1 1.001
90 2 1.001
90 3 1.00099
90 4 1.00099
90 5 1.00099
90 6 1.00099
90 7 1.00098
90 8 1.00098
90 9 1.00098
90 10 1.00098
90 11 1.00097
90 12 1.00097
90 13 1.00097
90 14 1.00096
90 15 1.00096
90 16 1.00096
90 17 1.00095
90 18 1.00095
90 19 1.00094
90 20 1.00094
90 21 1.00093
90 22 1.00092
90 23 1.00091
90 24 1.0009
90 25 1.00088
90 26 1.00087
90 27 1.00085
90 28 1.00083
90 29 1.00081
90 30 1.00078
90 31 1.00075
90 32 1.00072
90 33 1.00068
90 34 1.00064
90 35 1.00059
90 36 1.00054
90 37 1.00049
90 38 1.00043
90 39 1.00036
90 40 1.00029
90 41 1.00022
90 42 1.00014
90 43 1.00006
90 44 0.999977
90 45 0.99989
90 46 0.999801
90 47 0.999709
90 48 0.999616
90 49 0.999523
90 50 0.99943
90 51 0.999337
90 52 0.999246
90 53 0.999156
90 54 0.999068
90 55 0.998983
90 56 0.998901
90 57 0.998822
90 58 0.998747
90 59 0.998676
90 60 0.998608
90 61 0.998544
90 62 0.998485
90 63 0.99843
90 64 0.998378
90 65 0.998331
90 66 0.998288
90 67 0.998249
90 68 0.998214
90 69 0.998182
90 70 0.998155
90 71 0.998131
90 72 0.998111
90 73 0.998094
90 74 0.99808
90 75 0.99807
90 76 0.998063
90 77 0.998059
90 78 0.998059
90 79 0.998061
90 80 0.998066
90 81 0.998074
90 82 0.998085
90 83 0.998099
90 84 0.998115
90 85 0.998133
90 86 0.998154
90 87 0.998178
90 88 0.998203
90 89 0.99823
90 90 0.99826
90 91 0.998291
90 92 0.998323
90 93 0.998358
90 94 0.998393
90 95 0.99843
90 96 0.998467
90 97 0.998505
90 98 0.998544
90 99 0.998583
90 100 0.998623
90 101 0.998662
90 102 0.998701
90 103 0.99874
90 104 0.998779
90 105 0.998817
90 106 0.998855
90 107 0.998891
90 108 0.998927
90 109 0.998962
90 110 0.998997
90 111 0.999031
90 112 0.999064
90 113 0.999096
90 114 0.999128
90 115 0.999159
90 116 0.99919
90 117 0.999219
90 118 0.999248
90 119 0.999275
90 120 0.9993
90 121 0.999323
90 122 0.999343
90 123 0.999358
90 124 0.999369
90 125 0.999374
90 126 0.999372
90 127 0.999363

91 0 0
91 1 1.001
91 2 1.00099
91 3 1.00099
91 4 1.00099
91 5 1.00099
91 6 1.00098
91 7 1.00098
91 8 1.00098
91 9 1.00097
91 10 1.00097
91 11 1.00097
91 12 1.00097
91 13 1.00096
91 14 1.00096
91 15 1.00096
91 16 1.00095
91 17 1.00095
91 18 1.00095
91 19 1.00094
91 20 1.00093
91 21 1.00093
91 22 1.00092
91 23 1.00091
91 24 1.0009
91 25 1.00089
91 26 1.00087
91 27 1.00085
91 28 1.00084
91 29 1.00081
91 30 1.00079
91 31 1.00076
91 32 1.00073
91 33 1.0007
91 34 1.00066
91 35 1.00061
91 36 1.00057
91 37 1.00051
91 38 1.00046
91 39 1.0004
91 40 1.00033
91 41 1.00026
91 42 1.00019
91 43 1.00011
91 44 1.00003
91 45 0.99994
91 46 0.999853
91 47 0.999763
91 48 0.999672
91 49 0.99958
91 50 0.999488
91 51 0.999396
91 52 0.999305
91 53 0.999215
91 54 0.999127
91 55 0.999041
91 56 0.998959
91 57 0.998879
91 58 0.998803
91 59 0.99873
91 60 0.998662
91 61 0.998597
91 62 0.998536
91 63 0.99848
91 64 0.998427
91 65 0.998379
91 66 0.998335
91 67 0.998295
91 68 0.998259
91 69 0.998226
91 70 0.998198
91 71 0.998173
91 72 0.998152
91 73 0.998135
91 74 0.998121
91 75 0.99811
91 76 0.998103
91 77 0.998099
91 78 0.998098
91 79 0.9981
91 80 0.998106
91 81 0.998114
91 82 0.998125
91 83 0.998138
91 84 0.998155
91 85 0.998173
91 86 0.998195
91 87 0.998218
91 88 0.998244
91 89 0.998272
91 90 0.998301
91 91 0.998333
91 92 0.998366
91 93 0.998401
91 94 0.998437
91 95 0.998474
91 96 0.998513
91 97 0.998552
91 98 0.998591
91 99 0.998631
91 100 0.998672
91 101 0.998712
91 102 0.998753
91 103 0.998793
91 104 0.998833
91 105 0.998872
91 106 0.998911
91 107 0.998949
91 108 0.998986
91 109 0.999023
91 110 0.999059
91 111 0.999095
91 112 0.999129
91 113 0.999164
91 114 0.999197
91 115 0.99923
91 116 0.999262
91 117 0.999294
91 118 0.999324
91 119 0.999352
91 120 0.999379
91 121 0.999403
91 122 0.999424
91 123 0.99944
91 124 0.999451
91 125 0.999455
91 126 0.999453
91 127 0.999443

92 0 0
92 1 1.00099
92 2 1.00099
92 3 1.00099
92 4 1.00098
92 5 1.00098
92 6 1.00098
92 7 1.00098
92 8 1.00097
92 9 1.00097
92 10 1.00097
92 11 1.00097
92 12 1.00096
92 13 1.00096
92 14 1.00096
92 15 1.00095
92 16 1.00095
92 17 1.00095
92 18 1.00094
92 19 1.00094
92 20 1.00093
92 21 1.00092
92 22 1.00092
92 23 1.00091
92 24 1.0009
92 25 1.00089
92 26 1.00087
92 27 1.00086
92 28 1.00084
92 29 1.00082
92 30 1.0008
92 31 1.00077
92 32 1.00074
92 33 1.00071
92 34 1.00067
92 35 1.00063
92 36 1.00059
92 37 1.00054
92 38 1.00049
92 39 1.00043
92 40 1.00037
92 41 1.0003
92 42 1.00023
92 43 1.00015
92 44 1.00007
92 45 0.999991
92 46 0.999906
92 47 0.999819
92 48 0.999729
92 49 0.999639
92 50 0.999548
92 51 0.999456
92 52 0.999366
92 53 0.999276
92 54 0.999188
92 55 0.999103
92 56 0.999019
92 57 0.998939
92 58 0.998862
92 59 0.998788
92 60 0.998719
92 61 0.998653
92 62 0.998591
92 63 0.998533
92 64 0.998479
92 65 0.99843
92 66 0.998384
92 67 0.998343
92 68 0.998306
92 69 0.998273
92 70 0.998244
92 71 0.998218
92 72 0.998196
92 73 0.998178
92 74 0.998164
92 75 0.998153
92 76 0.998145
92 77 0.998141
92 78 0.998139
92 79 0.998141
92 80 0.998146
92 81 0.998155
92 82 0.998165
92 83 0.998179
92 84 0.998195
92 85 0.998214
92 86 0.998236
92 87 0.99826
92 88 0.998286
92 89 0.998314
92 90 0.998344
92 91 0.998377
92 92 0.99841
92 93 0.998446
92 94 0.998483
92 95 0.998521
92 96 0.99856
92 97 0.9986
92 98 0.99864
92 99 0.998681
92 100 0.998723
92 101 0.998765
92 102 0.998806
92 103 0.998848
92 104 0.998889
92 105 0.99893
92 106 0.99897
92 107 0.99901
92 108 0.999049
92 109 0.999088
92 110 0.999126
92 111 0.999163
92 112 0.9992
92 113 0.999236
92 114 0.999272
92 115 0.999307
92 116 0.999341
92 117 0.999374
92 118 0.999406
92 119 0.999437
92 120 0.999465
92 121 0.99949
92 122 0.999512
92 123 0.999529
92 124 0.99954
92 125 0.999544
92 126 0.999542
92 127 0.999531

93 0 0
93 1 1.00099
93 2 1.00099
93 3 1.00098
93 4 1.00098
93 5 1.00098
93 6 1.00097
93 7 1.00097
93 8 1.00097
93 9 1.00097
93 10 1.00096
93 11 1.00096
93 12 1.00096
93 13 1.00096
93 14 1.00095
93 15 1.00095
93 16 1.00095
93 17 1.00094
93 18 1.00094
93 19 1.00093
93 20 1.00093
93 21 1.00092
93 22 1.00092
93 23 1.00091
93 24 1.0009
93 25 1.00089
93 26 1.00088
93 27 1.00086
93 28 1.00085
93 29 1.00083
93 30 1.00081
93 31 1.00078
93 32 1.00076
93 33 1.00073
93 34 1.00069
93 35 1.00065
93 36 1.00061
93 37 1.00057
93 38 1.00052
93 39 1.00046
93 40 1.0004
93 41 1.00034
93 42 1.00027
93 43 1.0002
93 44 1.00012
93 45 1.00004
93 46 0.99996
93 47 0.999875
93 48 0.999788
93 49 0.999699
93 50 0.999609
93 51 0.999519
93 52 0.999429
93 53 0.99934
93 54 0.999253
93 55 0.999167
93 56 0.999083
93 57 0.999002
93 58 0.998924
93 59 0.99885
93 60 0.998779
93 61 0.998712
93 62 0.998649
93 63 0.998589
93 64 0.998534
93 65 0.998484
93 66 0.998437
93 67 0.998395
93 68 0.998356
93 69 0.998322
93 70 0.998291
93 71 0.998265
93 72 0.998242
93 73 0.998224
93 74 0.998208
93 75 0.998197
93 76 0.998188
93 77 0.998184
93 78 0.998182
93 79 0.998184
93 80 0.998189
93 81 0.998197
93 82 0.998208
93 83 0.998221
93 84 0.998238
93 85 0.998257
93 86 0.998279
93 87 0.998303
93 88 0.998329
93 89 0.998358
93 90 0.998389
93 91 0.998421
93 92 0.998456
93 93 0.998492
93 94 0.99853
93 95 0.998568
93 96 0.998608
93 97 0.998649
93 98 0.998691
93 99 0.998733
93 100 0.998776
93 101 0.998819
93 102 0.998862
93 103 0.998905
93 104 0.998948
93 105 0.998991
93 106 0.999033
93 107 0.999075
93 108 0.999116
93 109 0.999156
93 110 0.999197
93 111 0.999236
93 112 0.999275
93 113 0.999314
93 114 0.999352
93 115 0.999389
93 116 0.999426
93 117 0.999461
93 118 0.999496
93 119 0.999528
93 120 0.999558
93 121 0.999585
93 122 0.999608
93 123 0.999626
93 124 0.999637
93 125 0.999642
93 126 0.999639
93 127 0.999626

94 0 0
94 1 1.00098
94 2 1.00098
94 3 1.00098
94 4 1.00098
94 5 1.00097
94 6 1.00097
94 7 1.00097
94 8 1.00097
94 9 1.00096
94 10 1.00096
94 11 1.00096
94 12 1.00096
94 13 1.00095
94 14 1.00095
94 15 1.00095
94 16 1.00094
94 17 1.00094
94 18 1.00094
94 19 1.00093
94 20 1.00093
94 21 1.00092
94 22 1.00091
94 23 1.00091
94 24 1.0009
94 25 1.00089
94 26 1.00088
94 27 1.00086
94 28 1.00085
94 29 1.00083
94 30 1.00081
94 31 1.00079
94 32 1.00077
94 33 1.00074
94 34 1.00071
94 35 1.00067
94 36 1.00063
94 37 1.00059
94 38 1.00054
94 39 1.00049
94 40 1.00044
94 41 1.00038
94 42 1.00031
94 43 1.00024
94 44 1.00017
94 45 1.00009
94 46 1.00001
94 47 0.999932
94 48 0.999847
94 49 0.999761
94 50 0.999673
94 51 0.999584
94 52 0.999495
94 53 0.999407
94 54 0.99932
94 55 0.999234
94 56 0.99915
94 57 0.999068
94 58 0.99899
94 59 0.998914
94 60 0.998842
94 61 0.998774
94 62 0.99871
94 63 0.998649
94 64 0.998593
94 65 0.998541
94 66 0.998493
94 67 0.998449
94 68 0.998409
94 69 0.998374
94 70 0.998342
94 71 0.998315
94 72 0.998291
94 73 0.998271
94 74 0.998255
94 75 0.998243
94 76 0.998234
94 77 0.998229
94 78 0.998227
94 79 0.998228
94 80 0.998233
94 81 0.99824
94 82 0.998251
94 83 0.998265
94 84 0.998281
94 85 0.998301
94 86 0.998322
94 87 0.998347
94 88 0.998374
94 89 0.998403
94 90 0.998434
94 91 0.998467
94 92 0.998503
94 93 0.998539
94 94 0.998578
94 95 0.998618
94 96 0.998659
94 97 0.998701
94 98 0.998744
94 99 0.998787
94 100 0.998831
94 101 0.998876
94 102 0.99892
94 103 0.998965
94 104 0.99901
94 105 0.999054
94 106 0.999099
94 107 0.999143
94 108 0.999186
94 109 0.999229
94 110 0.999272
94 111 0.999314
94 112 0.999356
94 113 0.999397
94 114 0.999438
94 115 0.999478
94 116 0.999517
94 117 0.999556
94 118 0.999592
94 119 0.999627
94 120 0.99966
94 121 0.999688
94 122 0.999713
94 123 0.999731
94 124 0.999744
94 125 0.999748
94 126 0.999744
94 127 0.999731

95 0 0
95 1 1.00098
95 2 1.00098
95 3 1.00097
95 4 1.00097
95 5 1.00097
95 6 1.00097
95 7 1.00096
95 8 1.00096
95 9 1.00096
95 10 1.00096
95 11 1.00095
95 12 1.00095
95 13 1.00095
95 14 1.00095
95 15 1.00094
95 16 1.00094
95 17 1.00094
95 18 1.00093
95 19 1.00093
95 20 1.00092
95 21 1.00092
95 22 1.00091
95 23 1.00091
95 24 1.0009
95 25 1.00089
95 26 1.00088
95 27 1.00087
95 28 1.00085
95 29 1.00084
95 30 1.00082
95 31 1.0008
95 32 1.00078
95 33 1.00075
95 34 1.00072
95 35 1.00069
95 36 1.00066
95 37 1.00062
95 38 1.00057
95 39 1.00052
95 40 1.00047
95 41 1.00041
95 42 1.00035
95 43 1.00029
95 44 1.00022
95 45 1.00015
95 46 1.00007
95 47 0.99999
95 48 0.999907
95 49 0.999823
95 50 0.999737
95 51 0.99965
95 52 0.999563
95 53 0.999476
95 54 0.999389
95 55 0.999303
95 56 0.999219
95 57 0.999138
95 58 0.999059
95 59 0.998982
95 60 0.998909
95 61 0.99884
95 62 0.998774
95 63 0.998712
95 64 0.998655
95 65 0.998601
95 66 0.998551
95 67 0.998506
95 68 0.998465
95 69 0.998428
95 70 0.998395
95 71 0.998367
95 72 0.998342
95 73 0.998321
95 74 0.998304
95 75 0.998291
95 76 0.998281
95 77 0.998275
95 78 0.998273
95 79 0.998274
95 80 0.998278
95 81 0.998285
95 82 0.998296
95 83 0.998309
95 84 0.998326
95 85 0.998345
95 86 0.998367
95 87 0.998392
95 88 0.998419
95 89 0.998449
95 90 0.998481
95 91 0.998515
95 92 0.99855
95 93 0.998588
95 94 0.998627
95 95 0.998668
95 96 0.99871
95 97 0.998753
95 98 0.998798
95 99 0.998843
95 100 0.998888
95 101 0.998935
95 102 0.998981
95 103 0.999028
95 104 0.999075
95 105 0.999121
95 106 0.999168
95 107 0.999214
95 108 0.99926
95 109 0.999306
95 110 0.999352
95 111 0.999397
95 112 0.999442
95 113 0.999486
95 114 0.99953
95 115 0.999573
95 116 0.999616
95 117 0.999657
95 118 0.999697
95 119 0.999734
95 120 0.999769
95 121 0.9998
95 122 0.999826
95 123 0.999846
95 124 0.999859
95 125 0.999863
95 126 0.999859
95 127 0.999844

96 0 0
96 1 1.00097
96 2 1.00097
96 3 1.00097
96 4 1.00097
96 5 1.00096
96 6 1.00096
96 7 1.00096
96 8 1.00096
96 9 1.00095
96 10 1.00095
96 11 1.00095
96 12 1.00095
96 13 1.00094
96 14 1.00094
96 15 1.00094
96 16 1.00094
96 17 1.00093
96 18 1.00093
96 19 1.00092
96 20 1.00092
96 21 1.00092
96 22 1.00091
96 23 1.0009
96 24 1.0009
96 25 1.00089
96 26 1.00088
96 27 1.00087
96 28 1.00086
96 29 1.00084
96 30 1.00083
96 31 1.00081
96 32 1.00079
96 33 1.00076
96 34 1.00074
96 35 1.00071
96 36 1.00067
96 37 1.00064
96 38 1.0006
96 39 1.00055
96 40 1.0005
96 41 1.00045
96 42 1.00039
96 43 1.00033
96 44 1.00027
96 45 1.0002
96 46 1.00012
96 47 1.00005
96 48 0.999968
96 49 0.999886
96 50 0.999803
96 51 0.999718
96 52 0.999632
96 53 0.999546
96 54 0.99946
96 55 0.999375
96 56 0.999292
96 57 0.99921
96 58 0.99913
96 59 0.999053
96 60 0.99898
96 61 0.998909
96 62 0.998842
96 63 0.998779
96 64 0.99872
96 65 0.998665
96 66 0.998614
96 67 0.998567
96 68 0.998524
96 69 0.998486
96 70 0.998452
96 71 0.998421
96 72 0.998395
96 73 0.998373
96 74 0.998355
96 75 0.998341
96 76 0.998331
96 77 0.998324
96 78 0.998321
96 79 0.998321
96 80 0.998325
96 81 0.998332
96 82 0.998342
96 83 0.998356
96 84 0.998372
96 85 0.998391
96 86 0.998414
96 87 0.998439
96 88 0.998466
96 89 0.998496
96 90 0.998528
96 91 0.998563
96 92 0.998599
96 93 0.998638
96 94 0.998678
96 95 0.99872
96 96 0.998763
96 97 0.998808
96 98 0.998854
96 99 0.9989
96 100 0.998947
96 101 0.998996
96 102 0.999044
96 103 0.999093
96 104 0.999142
96 105 0.999191
96 106 0.99924
96 107 0.99929
96 108 0.999339
96 109 0.999388
96 110 0.999436
96 111 0.999485
96 112 0.999533
96 113 0.999581
96 114 0.999629
96 115 0.999676
96 116 0.999722
96 117 0.999767
96 118 0.99981
96 119 0.99985
96 120 0.999888
96 121 0.999921
96 122 0.999949
96 123 0.99997
96 124 0.999984
96 125 0.999989
96 126 0.999984
96 127 0.999967

97 0 0
97 1 1.00097
97 2 1.00097
97 3 1.00096
97 4 1.00096
97 5 1.00096
97 6 1.00096
97 7 1.00095
97 8 1.00095
97 9 1.00095
97 10 1.00095
97 11 1.00094
97 12 1.00094
97 13 1.00094
97 14 1.00094
97 15 1.00093
97 16 1.00093
97 17 1.00093
97 18 1.00092
97 19 1.00092
97 20 1.00092
97 21 1.00091
97 22 1.00091
97 23 1.0009
97 24 1.00089
97 25 1.00089
97 26 1.00088
97 27 1.00087
97 28 1.00086
97 29 1.00084
97 30 1.00083
97 31 1.00081
97 32 1.00079
97 33 1.00077
97 34 1.00075
97 35 1.00072
97 36 1.00069
97 37 1.00066
97 38 1.00062
97 39 1.00058
97 40 1.00053
97 41 1.00048
97 42 1.00043
97 43 1.00037
97 44 1.00031
97 45 1.00025
97 46 1.00018
97 47 1.0001
97 48 1.00003
97 49 0.999949
97 50 0.999868
97 51 0.999786
97 52 0.999702
97 53 0.999618
97 54 0.999533
97 55 0.999449
97 56 0.999366
97 57 0.999284
97 58 0.999205
97 59 0.999127
97 60 0.999053
97 61 0.998981
97 62 0.998913
97 63 0.998849
97 64 0.998788
97 65 0.998732
97 66 0.998679
97 67 0.998631
97 68 0.998586
97 69 0.998547
97 70 0.998511
97 71 0.998479
97 72 0.998452
97 73 0.998428
97 74 0.998409
97 75 0.998394
97 76 0.998382
97 77 0.998375
97 78 0.998371
97 79 0.99837
97 80 0.998373
97 81 0.99838
97 82 0.99839
97 83 0.998403
97 84 0.998419
97 85 0.998439
97 86 0.998461
97 87 0.998486
97 88 0.998514
97 89 0.998544
97 90 0.998577
97 91 0.998612
97 92 0.99865
97 93 0.998689
97 94 0.99873
97 95 0.998773
97 96 0.998818
97 97 0.998864
97 98 0.998911
97 99 0.998959
97 100 0.999009
97 101 0.999059
97 102 0.999109
97 103 0.999161
97 104 0.999212
97 105 0.999264
97 106 0.999316
97 107 0.999369
97 108 0.999421
97 109 0.999474
97 110 0.999526
97 111 0.999579
97 112 0.999631
97 113 0.999683
97 114 0.999735
97 115 0.999786
97 116 0.999836
97 117 0.999884
97 118 0.999931
97 119 0.999976
97 120 1.00002
97 121 1.00005
97 122 1.00008
97 123 1.00011
97 124 1.00012
97 125 1.00012
97 126 1.00012
97 127 1.0001

98 0 0
98 1 1.00096
98 2 1.00096
98 3 1.00096
98 4 1.00096
98 5 1.00095
98 6 1.00095
98 7 1.00095
98 8 1.00095
98 9 1.00094
98 10 1.00094
98 11 1.00094
98 12 1.00094
98 13 1.00094
98 14 1.00093
98 15 1.00093
98 16 1.00093
98 17 1.00092
98 18 1.00092
98 19 1.00092
98 20 1.00091
98 21 1.00091
98 22 1.0009
98 23 1.0009
98 24 1.00089
98 25 1.00088
98 26 1.00088
98 27 1.00087
98 28 1.00086
98 29 1.00085
98 30 1.00083
98 31 1.00082
98 32 1.0008
98 33 1.00078
98 34 1.00076
98 35 1.00074
98 36 1.00071
98 37 1.00068
98 38 1.00064
98 39 1.00061
98 40 1.00056
98 41 1.00052
98 42 1.00047
98 43 1.00041
98 44 1.00036
98 45 1.00029
98 46 1.00023
98 47 1.00016
98 48 1.00009
98 49 1.00001
98 50 0.999934
98 51 0.999854
98 52 0.999773
98 53 0.99969
98 54 0.999607
98 55 0.999525
98 56 0.999442
98 57 0.999361
98 58 0.999282
98 59 0.999204
98 60 0.999129
98 61 0.999057
98 62 0.998988
98 63 0.998922
98 64 0.99886
98 65 0.998802
98 66 0.998748
98 67 0.998698
98 68 0.998652
98 69 0.998611
98 70 0.998573
98 71 0.99854
98 72 0.998511
98 73 0.998486
98 74 0.998466
98 75 0.998449
98 76 0.998436
98 77 0.998428
98 78 0.998423
98 79 0.998421
98 80 0.998424
98 81 0.99843
98 82 0.998439
98 83 0.998452
98 84 0.998468
98 85 0.998487
98 86 0.99851
98 87 0.998535
98 88 0.998563
98 89 0.998594
98 90 0.998627
98 91 0.998663
98 92 0.998701
98 93 0.998741
98 94 0.998783
98 95 0.998828
98 96 0.998874
98 97 0.998921
98 98 0.99897
98 99 0.99902
98 100 0.999072
98 101 0.999124
98 102 0.999177
98 103 0.999231
98 104 0.999286
98 105 0.999341
98 106 0.999396
98 107 0.999452
98 108 0.999508
98 109 0.999565
98 110 0.999621
98 111 0.999678
98 112 0.999735
98 113 0.999791
98 114 0.999848
98 115 0.999903
98 116 0.999958
98 117 1.00001
98 118 1.00006
98 119 1.00011
98 120 1.00016
98 121 1.00019
98 122 1.00023
98 123 1.00025
98 124 1.00027
98 125 1.00027
98 126 1.00027
98 127 1.00025

99 0 0
99 1 1.00096
99 2 1.00095
99 3 1.00095
99 4 1.00095
99 5 1.00095
99 6 1.00095
99 7 1.00094
99 8 1.00094
99 9 1.00094
99 10 1.00094
99 11 1.00094
99 12 1.00093
99 13 1.00093
99 14 1.00093
99 15 1.00093
99 16 1.00092
99 17 1.00092
99 18 1.00092
99 19 1.00091
99 20 1.00091
99 21 1.0009
99 22 1.0009
99 23 1.00089
99 24 1.00089
99 25 1.00088
99 26 1.00088
99 27 1.00087
99 28 1.00086
99 29 1.00085
99 30 1.00084
99 31 1.00082
99 32 1.00081
99 33 1.00079
99 34 1.00077
99 35 1.00075
99 36 1.00072
99 37 1.00069
99 38 1.00066
99 39 1.00063
99 40 1.00059
99 41 1.00055
99 42 1.0005
99 43 1.00045
99 44 1.0004
99 45 1.00034
99 46 1.00028
99 47 1.00021
99 48 1.00014
99 49 1.00007
99 50 0.999998
99 51 0.999922
99 52 0.999843
99 53 0.999763
99 54 0.999682
99 55 0.999601
99 56 0.99952
99 57 0.99944
99 58 0.999361
99 59 0.999284
99 60 0.999208
99 61 0.999136
99 62 0.999066
99 63 0.998999
99 64 0.998936
99 65 0.998876
99 66 0.998821
99 67 0.998769
99 68 0.998721
99 69 0.998678
99 70 0.998639
99 71 0.998604
99 72 0.998573
99 73 0.998547
99 74 0.998525
99 75 0.998507
99 76 0.998493
99 77 0.998483
99 78 0.998477
99 79 0.998475
99 80 0.998476
99 81 0.998482
99 82 0.998491
99 83 0.998503
99 84 0.998519
99 85 0.998538
99 86 0.99856
99 87 0.998585
99 88 0.998613
99 89 0.998644
99 90 0.998678
99 91 0.998715
99 92 0.998753
99 93 0.998795
99 94 0.998838
99 95 0.998883
99 96 0.998931
99 97 0.99898
99 98 0.999031
99 99 0.999083
99 100 0.999136
99 101 0.999191
99 102 0.999247
99 103 0.999304
99 104 0.999362
99 105 0.99942
99 106 0.99948
99 107 0.999539
99 108 0.9996
99 109 0.999661
99 110 0.999722
99 111 0.999783
99 112 0.999845
99 113 0.999907
99 114 0.999968
99 115 1.00003
99 116 1.00009
99 117 1.00015
99 118 1.0002
99 119 1.00026
99 120 1.00031
99 121 1.00035
99 122 1.00038
99 123 1.00041
99 124 1.00043
99 125 1.00043
99 126 1.00043
99 127 1.0004

100 0 0
100 1 1.00095
100 2 1.00095
100 3 1.00095
100 4 1.00094
100 5 1.00094
100 6 1.00094
100 7 1.00094
100 8 1.00094
100 9 1.00094
100 10 1.00093
100 11 1.00093
100 12 1.00093
100 13 1.00093
100 14 1.00092
100 15 1.00092
100 16 1.00092
100 17 1.00091
100 18 1.00091
100 19 1.00091
100 20 1.0009
100 21 1.0009
100 22 1.0009
100 23 1.00089
100 24 1.00089
100 25 1.00088
100 26 1.00087
100 27 1.00087
100 28 1.00086
100 29 1.00085
100 30 1.00084
100 31 1.00083
100 32 1.00081
100 33 1.0008
100 34 1.00078
100 35 1.00076
100 36 1.00074
100 37 1.00071
100 38 1.00068
100 39 1.00065
100 40 1.00061
100 41 1.00058
100 42 1.00053
100 43 1.00049
100 44 1.00044
100 45 1.00038
100 46 1.00033
100 47 1.00027
100 48 1.0002
100 49 1.00013
100 50 1.00006
100 51 0.999988
100 52 0.999913
100 53 0.999836
100 54 0.999757
100 55 0.999678
100 56 0.999599
100 57 0.99952
100 58 0.999442
100 59 0.999365
100 60 0.99929
100 61 0.999217
100 62 0.999146
100 63 0.999079
100 64 0.999014
100 65 0.998954
100 66 0.998896
100 67 0.998843
100 68 0.998794
100 69 0.998749
100 70 0.998708
100 71 0.998672
100 72 0.998639
100 73 0.998611
100 74 0.998587
100 75 0.998568
100 76 0.998552
100 77 0.998541
100 78 0.998534
100 79 0.99853
100 80 0.998531
100 81 0.998535
100 82 0.998544
100 83 0.998555
100 84 0.998571
100 85 0.998589
100 86 0.998611
100 87 0.998637
100 88 0.998665
100 89 0.998696
100 90 0.998731
100 91 0.998768
100 92 0.998807
100 93 0.998849
100 94 0.998894
100 95 0.998941
100 96 0.998989
100 97 0.99904
100 98 0.999093
100 99 0.999147
100 100 0.999204
100 101 0.999261
100 102 0.99932
100 103 0.99938
100 104 0.999441
100 105 0.999504
100 106 0.999567
100 107 0.999631
100 108 0.999696
100 109 0.999762
100 110 0.999828
100 111 0.999896
100 112 0.999963
100 113 1.00003
100 114 1.0001
100 115 1.00017
100 116 1.00023
100 117 1.00029
100 118 1.00036
100 119 1.00041
100 120 1.00047
100 121 1.00051
100 122 1.00055
100 123 1.00058
100 124 1.0006
100 125 1.00061
100 126 1.0006
100 127 1.00057

101 0 0
101 1 1.00094
101 2 1.00094
101 3 1.00094
101 4 1.00094
101 5 1.00094
101 6 1.00094
101 7 1.00093
101 8 1.00093
101 9 1.00093
101 10 1.00093
101 11 1.00093
101 12 1.00092
101 13 1.00092
101 14 1.00092
101 15 1.00092
101 16 1.00091
101 17 1.00091
101 18 1.00091
101 19 1.0009
101 20 1.0009
101 21 1.0009
101 22 1.00089
101 23 1.00089
101 24 1.00088
101 25 1.00088
101 26 1.00087
101 27 1.00086
101 28 1.00086
101 29 1.00085
101 30 1.00084
101 31 1.00083
101 32 1.00081
101 33 1.0008
101 34 1.00078
101 35 1.00077
101 36 1.00075
101 37 1.00072
101 38 1.0007
101 39 1.00067
101 40 1.00064
101 41 1.0006
101 42 1.00056
101 43 1.00052
101 44 1.00047
101 45 1.00043
101 46 1.00037
101 47 1.00031
101 48 1.00025
101 49 1.00019
101 50 1.00012
101 51 1.00005
101 52 0.999982
101 53 0.999908
101 54 0.999832
101 55 0.999755
101 56 0.999678
101 57 0.999601
101 58 0.999524
101 59 0.999448
101 60 0.999373
101 61 0.9993
101 62 0.999229
101 63 0.999161
101 64 0.999096
101 65 0.999034
101 66 0.998976
101 67 0.998921
101 68 0.99887
101 69 0.998823
101 70 0.998781
101 71 0.998742
101 72 0.998708
101 73 0.998678
101 74 0.998653
101 75 0.998632
101 76 0.998615
101 77 0.998602
101 78 0.998593
101 79 0.998589
101 80 0.998588
101 81 0.998592
101 82 0.998599
101 83 0.99861
101 84 0.998624
101 85 0.998643
101 86 0.998665
101 87 0.99869
101 88 0.998718
101 89 0.99875
101 90 0.998784
101 91 0.998822
101 92 0.998862
101 93 0.998905
101 94 0.998951
101 95 0.998999
101 96 0.99905
101 97 0.999102
101 98 0.999157
101 99 0.999214
101 100 0.999273
101 101 0.999333
101 102 0.999395
101 103 0.999459
101 104 0.999524
101 105 0.99959
101 106 0.999658
101 107 0.999728
101 108 0.999798
101 109 0.999869
101 110 0.999941
101 111 1.00001
101 112 1.00009
101 113 1.00016
101 114 1.00024
101 115 1.00031
101 116 1.00038
101 117 1.00045
101 118 1.00052
101 119 1.00059
101 120 1.00064
101 121 1.0007
101 122 1.00074
101 123 1.00077
101 124 1.00079
101 125 1.0008
101 126 1.00079
101 127 1.00076

102 0 0
102 1 1.00094
102 2 1.00094
102 3 1.00094
102 4 1.00093
102 5 1.00093
102 6 1.00093
102 7 1.00093
102 8 1.00093
102 9 1.00093
102 10 1.00092
102 11 1.00092
102 12 1.00092
102 13 1.00092
102 14 1.00091
102 15 1.00091
102 16 1.00091
102 17 1.00091
102 18 1.0009
102 19 1.0009
102 20 1.0009
102 21 1.00089
102 22 1.00089
102 23 1.00088
102 24 1.00088
102 25 1.00087
102 26 1.00087
102 27 1.00086
102 28 1.00085
102 29 1.00085
102 30 1.00084
102 31 1.00083
102 32 1.00082
102 33 1.0008
102 34 1.00079
102 35 1.00077
102 36 1.00076
102 37 1.00073
102 38 1.00071
102 39 1.00069
102 40 1.00066
102 41 1.00062
102 42 1.00059
102 43 1.00055
102 44 1.00051
102 45 1.00046
102 46 1.00041
102 47 1.00036
102 48 1.0003
102 49 1.00025
102 50 1.00018
102 51 1.00012
102 52 1.00005
102 53 0.999978
102 54 0.999905
102 55 0.999831
102 56 0.999757
102 57 0.999681
102 58 0.999606
102 59 0.999531
102 60 0.999457
102 61 0.999385
102 62 0.999315
102 63 0.999246
102 64 0.99918
102 65 0.999118
102 66 0.999058
102 67 0.999002
102 68 0.99895
102 69 0.998901
102 70 0.998857
102 71 0.998817
102 72 0.998781
102 73 0.998749
102 74 0.998722
102 75 0.998699
102 76 0.99868
102 77 0.998666
102 78 0.998656
102 79 0.99865
102 80 0.998648
102 81 0.99865
102 82 0.998656
102 83 0.998666
102 84 0.99868
102 85 0.998698
102 86 0.99872
102 87 0.998744
102 88 0.998773
102 89 0.998805
102 90 0.99884
102 91 0.998878
102 92 0.998919
102 93 0.998963
102 94 0.99901
102 95 0.999059
102 96 0.999112
102 97 0.999166
102 98 0.999223
102 99 0.999283
102 100 0.999344
102 101 0.999408
102 102 0.999473
102 103 0.999541
102 104 0.99961
102 105 0.999681
102 106 0.999754
102 107 0.999828
102 108 0.999904
102 109 0.999982
102 110 1.00006
102 111 1.00014
102 112 1.00022
102 113 1.0003
102 114 1.00038
102 115 1.00047
102 116 1.00055
102 117 1.00062
102 118 1.0007
102 119 1.00077
102 120 1.00083
102 121 1.00089
102 122 1.00094
102 123 1.00097
102 124 1.001
102 125 1.001
102 126 1.00099
102 127 1.00096

103 0 0
103 1 1.00093
103 2 1.00093
103 3 1.00093
103 4 1.00093
103 5 1.00093
103 6 1.00093
103 7 1.00092
103 8 1.00092
103 9 1.00092
103 10 1.00092
103 11 1.00092
103 12 1.00091
103 13 1.00091
103 14 1.00091
103 15 1.00091
103 16 1.0009
103 17 1.0009
103 18 1.0009
103 19 1.00089
103 20 1.00089
103 21 1.00089
103 22 1.00088
103 23 1.00088
103 24 1.00088
103 25 1.00087
103 26 1.00086
103 27 1.00086
103 28 1.00085
103 29 1.00085
103 30 1.00084
103 31 1.00083
103 32 1.00082
103 33 1.00081
103 34 1.00079
103 35 1.00078
103 36 1.00076
103 37 1.00074
103 38 1.00072
103 39 1.0007
103 40 1.00067
103 41 1.00065
103 42 1.00061
103 43 1.00058
103 44 1.00054
103 45 1.0005
103 46 1.00045
103 47 1.0004
103 48 1.00035
103 49 1.0003
103 50 1.00024
103 51 1.00018
103 52 1.00011
103 53 1.00005
103 54 0.999976
103 55 0.999906
103 56 0.999834
103 57 0.999761
103 58 0.999688
103 59 0.999615
103 60 0.999543
103 61 0.999471
103 62 0.999401
103 63 0.999333
103 64 0.999267
103 65 0.999204
103 66 0.999143
103 67 0.999086
103 68 0.999033
103 69 0.998983
103 70 0.998937
103 71 0.998895
103 72 0.998857
103 73 0.998824
103 74 0.998794
103 75 0.998769
103 76 0.998749
103 77 0.998733
103 78 0.998721
103 79 0.998713
103 80 0.99871
103 81 0.998711
103 82 0.998716
103 83 0.998725
103 84 0.998739
103 85 0.998756
103 86 0.998776
103 87 0.998801
103 88 0.998829
103 89 0.998861
103 90 0.998896
103 91 0.998935
103 92 0.998977
103 93 0.999022
103 94 0.99907
103 95 0.999121
103 96 0.999175
103 97 0.999232
103 98 0.999291
103 99 0.999353
103 100 0.999418
103 101 0.999485
103 102 0.999554
103 103 0.999626
103 104 0.9997
103 105 0.999776
103 106 0.999854
103 107 0.999934
103 108 1.00002
103 109 1.0001
103 110 1.00019
103 111 1.00027
103 112 1.00036
103 113 1.00045
103 114 1.00054
103 115 1.00063
103 116 1.00072
103 117 1.00081
103 118 1.00089
103 119 1.00097
103 120 1.00104
103 121 1.0011
103 122 1.00116
103 123 1.00119
103 124 1.00122
103 125 1.00122
103 126 1.00121
103 127 1.00118

104 0 0
104 1 1.00093
104 2 1.00093
104 3 1.00092
104 4 1.00092
104 5 1.00092
104 6 1.00092
104 7 1.00092
104 8 1.00092
104 9 1.00092
104 10 1.00091
104 11 1.00091
104 12 1.00091
104 13 1.00091
104 14 1.00091
104 15 1.0009
104 16 1.0009
104 17 1.0009
104 18 1.00089
104 19 1.00089
104 20 1.00089
104 21 1.00088
104 22 1.00088
104 23 1.00088
104 24 1.00087
104 25 1.00087
104 26 1.00086
104 27 1.00086
104 28 1.00085
104 29 1.00084
104 30 1.00084
104 31 1.00083
104 32 1.00082
104 33 1.00081
104 34 1.0008
104 35 1.00078
104 36 1.00077
104 37 1.00075
104 38 1.00073
104 39 1.00071
104 40 1.00069
104 41 1.00066
104 42 1.00063
104 43 1.0006
104 44 1.00057
104 45 1.00053
104 46 1.00049
104 47 1.00044
104 48 1.0004
104 49 1.00034
104 50 1.00029
104 51 1.00023
104 52 1.00017
104 53 1.00011
104 54 1.00004
104 55 0.999978
104 56 0.999909
104 57 0.999839
104 58 0.999769
104 59 0.999698
104 60 0.999627
104 61 0.999557
104 62 0.999488
104 63 0.999421
104 64 0.999355
104 65 0.999292
104 66 0.999231
104 67 0.999173
104 68 0.999118
104 69 0.999067
104 70 0.99902
104 71 0.998976
104 72 0.998937
104 73 0.998901
104 74 0.99887
104 75 0.998844
104 76 0.998821
104 77 0.998803
104 78 0.99879
104 79 0.99878
104 80 0.998776
104 81 0.998775
104 82 0.998779
104 83 0.998787
104 84 0.998799
104 85 0.998815
104 86 0.998836
104 87 0.99886
104 88 0.998888
104 89 0.99892
104 90 0.998955
104 91 0.998994
104 92 0.999037
104 93 0.999083
104 94 0.999132
104 95 0.999185
104 96 0.99924
104 97 0.999299
104 98 0.999361
104 99 0.999426
104 100 0.999494
104 101 0.999564
104 102 0.999638
104 103 0.999714
104 104 0.999793
104 105 0.999874
104 106 0.999958
104 107 1.00005
104 108 1.00014
104 109 1.00023
104 110 1.00032
104 111 1.00042
104 112 1.00051
104 113 1.00061
104 114 1.00071
104 115 1.00081
104 116 1.00091
104 117 1.00101
104 118 1.0011
104 119 1.00118
104 120 1.00126
104 121 1.00133
104 122 1.00139
104 123 1.00143
104 124 1.00146
104 125 1.00147
104 126 1.00145
104 127 1.00142

105 0 0
105 1 1.00092
105 2 1.00092
105 3 1.00092
105 4 1.00092
105 5 1.00092
105 6 1.00092
105 7 1.00092
105 8 1.00091
105 9 1.00091
105 10 1.00091
105 11 1.00091
105 12 1.00091
105 13 1.0009
105 14 1.0009
105 15 1.0009
105 16 1.0009
105 17 1.00089
105 18 1.00089
105 19 1.00089
105 20 1.00088
105 21 1.00088
105 22 1.00088
105 23 1.00087
105 24 1.00087
105 25 1.00086
105 26 1.00086
105 27 1.00085
105 28 1.00085
105 29 1.00084
105 30 1.00083
105 31 1.00083
105 32 1.00082
105 33 1.00081
105 34 1.0008
105 35 1.00079
105 36 1.00077
105 37 1.00076
105 38 1.00074
105 39 1.00072
105 40 1.0007
105 41 1.00068
105 42 1.00065
105 43 1.00062
105 44 1.00059
105 45 1.00056
105 46 1.00052
105 47 1.00048
105 48 1.00044
105 49 1.00039
105 50 1.00034
105 51 1.00029
105 52 1.00023
105 53 1.00017
105 54 1.00011
105 55 1.00005
105 56 0.999982
105 57 0.999915
105 58 0.999848
105 59 0.999779
105 60 0.999711
105 61 0.999643
105 62 0.999575
105 63 0.999509
105 64 0.999444
105 65 0.999381
105 66 0.99932
105 67 0.999261
105 68 0.999206
105 69 0.999154
105 70 0.999105
105 71 0.99906
105 72 0.999019
105 73 0.998982
105 74 0.99895
105 75 0.998921
105 76 0.998897
105 77 0.998877
105 78 0.998862
105 79 0.998851
105 80 0.998844
105 81 0.998842
105 82 0.998845
105 83 0.998851
105 84 0.998862
105 85 0.998878
105 86 0.998897
105 87 0.998921
105 88 0.998949
105 89 0.99898
105 90 0.999016
105 91 0.999055
105 92 0.999099
105 93 0.999145
105 94 0.999196
105 95 0.99925
105 96 0.999308
105 97 0.999369
105 98 0.999433
105 99 0.999501
105 100 0.999572
105 101 0.999647
105 102 0.999725
105 103 0.999806
105 104 0.99989
105 105 0.999977
105 106 1.00007
105 107 1.00016
105 108 1.00026
105 109 1.00036
105 110 1.00046
105 111 1.00057
105 112 1.00067
105 113 1.00078
105 114 1.00089
105 115 1.001
105 116 1.00111
105 117 1.00122
105 118 1.00132
105 119 1.00142
105 120 1.00151
105 121 1.00158
105 122 1.00165
105 123 1.00169
105 124 1.00172
105 125 1.00173
105 126 1.00172
105 127 1.00168

106 0 0
106 1 1.00092
106 2 1.00092
106 3 1.00091
106 4 1.00091
106 5 1.00091
106 6 1.00091
106 7 1.00091
106 8 1.00091
106 9 1.00091
106 10 1.00091
106 11 1.0009
106 12 1.0009
106 13 1.0009
106 14 1.0009
106 15 1.00089
106 16 1.00089
106 17 1.00089
106 18 1.00089
106 19 1.00088
106 20 1.00088
106 21 1.00087
106 22 1.00087
106 23 1.00087
106 24 1.00086
106 25 1.00086
106 26 1.00085
106 27 1.00085
106 28 1.00084
106 29 1.00084
106 30 1.00083
106 31 1.00082
106 32 1.00082
106 33 1.00081
106 34 1.0008
106 35 1.00079
106 36 1.00078
106 37 1.00076
106 38 1.00075
106 39 1.00073
106 40 1.00071
106 41 1.00069
106 42 1.00067
106 43 1.00064
106 44 1.00061
106 45 1.00058
106 46 1.00055
106 47 1.00051
106 48 1.00047
106 49 1.00043
106 50 1.00038
106 51 1.00033
106 52 1.00028
106 53 1.00023
106 54 1.00017
106 55 1.00011
106 56 1.00005
106 57 0.999987
106 58 0.999923
106 59 0.999858
106 60 0.999792
106 61 0.999727
106 62 0.999661
106 63 0.999596
106 64 0.999532
106 65 0.99947
106 66 0.999409
106 67 0.999351
106 68 0.999295
106 69 0.999243
106 70 0.999193
106 71 0.999147
106 72 0.999105
106 73 0.999066
106 74 0.999032
106 75 0.999002
106 76 0.998976
106 77 0.998954
106 78 0.998937
106 79 0.998924
106 80 0.998916
106 81 0.998912
106 82 0.998913
106 83 0.998919
106 84 0.998929
106 85 0.998943
106 86 0.998962
106 87 0.998984
106 88 0.999012
106 89 0.999043
106 90 0.999079
106 91 0.999119
106 92 0.999162
106 93 0.99921
106 94 0.999262
106 95 0.999318
106 96 0.999377
106 97 0.999441
106 98 0.999508
106 99 0.999579
106 100 0.999653
106 101 0.999732
106 102 0.999815
106 103 0.9999
106 104 0.99999
106 105 1.00008
106 106 1.00018
106 107 1.00028
106 108 1.00039
106 109 1.0005
106 110 1.00061
106 111 1.00072
106 112 1.00084
106 113 1.00097
106 114 1.00108
106 115 1.00121
106 116 1.00133
106 117 1.00145
106 118 1.00156
106 119 1.00167
106 120 1.00177
106 121 1.00185
106 122 1.00192
106 123 1.00198
106 124 1.00201
106 125 1.00202
106 126 1.002
106 127 1.00196

107 0 0
107 1 1.00091
107 2 1.00091
107 3 1.00091
107 4 1.00091
107 5 1.00091
107 6 1.00091
107 7 1.00091
107 8 1.00091
107 9 1.0009
107 10 1.0009
107 11 1.0009
107 12 1.0009
107 13 1.0009
107 14 1.00089
107 15 1.00089
107 16 1.00089
107 17 1.00088
107 18 1.00088
107 19 1.00088
107 20 1.00087
107 21 1.00087
107 22 1.00087
107 23 1.00086
107 24 1.00086
107 25 1.00085
107 26 1.00085
107 27 1.00085
107 28 1.00084
107 29 1.00083
107 30 1.00083
107 31 1.00082
107 32 1.00081
107 33 1.00081
107 34 1.0008
107 35 1.00079
107 36 1.00078
107 37 1.00076
107 38 1.00075
107 39 1.00074
107 40 1.00072
107 41 1.0007
107 42 1.00068
107 43 1.00065
107 44 1.00063
107 45 1.0006
107 46 1.00057
107 47 1.00054
107 48 1.0005
107 49 1.00046
107 50 1.00042
107 51 1.00038
107 52 1.00033
107 53 1.00028
107 54 1.00023
107 55 1.00017
107 56 1.00011
107 57 1.00006
107 58 0.999995
107 59 0.999933
107 60 0.999871
107 61 0.999807
107 62 0.999744
107 63 0.999681
107 64 0.999619
107 65 0.999558
107 66 0.999499
107 67 0.999441
107 68 0.999386
107 69 0.999333
107 70 0.999283
107 71 0.999236
107 72 0.999192
107 73 0.999153
107 74 0.999117
107 75 0.999085
107 76 0.999058
107 77 0.999034
107 78 0.999015
107 79 0.999001
107 80 0.998991
107 81 0.998986
107 82 0.998985
107 83 0.998989
107 84 0.998998
107 85 0.999011
107 86 0.999029
107 87 0.999051
107 88 0.999077
107 89 0.999109
107 90 0.999144
107 91 0.999184
107 92 0.999229
107 93 0.999277
107 94 0.99933
107 95 0.999387
107 96 0.999449
107 97 0.999515
107 98 0.999584
107 99 0.999659
107 100 0.999737
107 101 0.99982
107 102 0.999907
107 103 0.999999
107 104 1.0001
107 105 1.0002
107 106 1.0003
107 107 1.00041
107 108 1.00053
107 109 1.00064
107 110 1.00077
107 111 1.00089
107 112 1.00103
107 113 1.00115
107 114 1.00129
107 115 1.00143
107 116 1.00156
107 117 1.00169
107 118 1.00182
107 119 1.00194
107 120 1.00205
107 121 1.00215
107 122 1.00223
107 123 1.00228
107 124 1.00232
107 125 1.00233
107 126 1.00232
107 127 1.00227

108 0 0
108 1 1.00091
108 2 1.00091
108 3 1.00091
108 4 1.00091
108 5 1.00091
108 6 1.0009
108 7 1.0009
108 8 1.0009
108 9 1.0009
108 10 1.0009
108 11 1.0009
108 12 1.00089
108 13 1.00089
108 14 1.00089
108 15 1.00089
108 16 1.00088
108 17 1.00088
108 18 1.00088
108 19 1.00087
108 20 1.00087
108 21 1.00087
108 22 1.00086
108 23 1.00086
108 24 1.00086
108 25 1.00085
108 26 1.00085
108 27 1.00084
108 28 1.00084
108 29 1.00083
108 30 1.00083
108 31 1.00082
108 32 1.00081
108 33 1.0008
108 34 1.0008
108 35 1.00079
108 36 1.00078
108 37 1.00076
108 38 1.00075
108 39 1.00074
108 40 1.00072
108 41 1.00071
108 42 1.00069
108 43 1.00067
108 44 1.00064
108 45 1.00062
108 46 1.00059
108 47 1.00056
108 48 1.00053
108 49 1.00049
108 50 1.00045
108 51 1.00041
108 52 1.00037
108 53 1.00032
108 54 1.00028
108 55 1.00023
108 56 1.00017
108 57 1.00012
108 58 1.00006
108 59 1
108 60 0.999944
108 61 0.999884
108 62 0.999824
108 63 0.999764
108 64 0.999704
108 65 0.999645
108 66 0.999586
108 67 0.99953
108 68 0.999475
108 69 0.999423
108 70 0.999373
108 71 0.999325
108 72 0.999281
108 73 0.999241
108 74 0.999204
108 75 0.999171
108 76 0.999142
108 77 0.999117
108 78 0.999097
108 79 0.999081
108 80 0.999069
108 81 0.999062
108 82 0.99906
108 83 0.999063
108 84 0.99907
108 85 0.999082
108 86 0.999098
108 87 0.99912
108 88 0.999146
108 89 0.999177
108 90 0.999212
108 91 0.999252
108 92 0.999297
108 93 0.999347
108 94 0.999401
108 95 0.999459
108 96 0.999523
108 97 0.999591
108 98 0.999664
108 99 0.999741
108 100 0.999824
108 101 0.999911
108 102 1
108 103 1.0001
108 104 1.0002
108 105 1.00031
108 106 1.00042
108 107 1.00054
108 108 1.00067
108 109 1.0008
108 110 1.00093
108 111 1.00107
108 112 1.00121
108 113 1.00136
108 114 1.00151
108 115 1.00166
108 116 1.00181
108 117 1.00196
108 118 1.0021
108 119 1.00223
108 120 1.00236
108 121 1.00247
108 122 1.00256
108 123 1.00262
108 124 1.00266
108 125 1.00267
108 126 1.00266
108 127 1.0026

109 0 0
109 1 1.0009
109 2 1.0009
109 3 1.0009
109 4 1.0009
109 5 1.0009
109 6 1.0009
109 7 1.0009
109 8 1.0009
109 9 1.0009
109 10 1.0009
109 11 1.00089
109 12 1.00089
109 13 1.00089
109 14 1.00089
109 15 1.00088
109 16 1.00088
109 17 1.00088
109 18 1.00087
109 19 1.00087
109 20 1.00087
109 21 1.00086
109 22 1.00086
109 23 1.00086
109 24 1.00085
109 25 1.00085
109 26 1.00084
109 27 1.00084
109 28 1.00083
109 29 1.00083
109 30 1.00082
109 31 1.00082
109 32 1.00081
109 33 1.0008
109 34 1.00079
109 35 1.00078
109 36 1.00078
109 37 1.00076
109 38 1.00075
109 39 1.00074
109 40 1.00073
109 41 1.00071
109 42 1.00069
109 43 1.00067
109 44 1.00065
109 45 1.00063
109 46 1.00061
109 47 1.00058
109 48 1.00055
109 49 1.00052
109 50 1.00048
109 51 1.00045
109 52 1.00041
109 53 1.00037
109 54 1.00032
109 55 1.00027
109 56 1.00023
109 57 1.00017
109 58 1.00012
109 59 1.00007
109 60 1.00001
109 61 0.999956
109 62 0.999899
109 63 0.999842
109 64 0.999785
109 65 0.999728
109 66 0.999671
109 67 0.999616
109 68 0.999563
109 69 0.999511
109 70 0.999462
109 71 0.999415
109 72 0.999371
109 73 0.99933
109 74 0.999292
109 75 0.999258
109 76 0.999228
109 77 0.999202
109 78 0.99918
109 79 0.999163
109 80 0.99915
109 81 0.999142
109 82 0.999138
109 83 0.999139
109 84 0.999145
109 85 0.999156
109 86 0.999171
109 87 0.999192
109 88 0.999217
109 89 0.999247
109 90 0.999283
109 91 0.999323
109 92 0.999368
109 93 0.999418
109 94 0.999474
109 95 0.999534
109 96 0.999599
109 97 0.99967
109 98 0.999746
109 99 0.999827
109 100 0.999913
109 101 1.00001
109 102 1.0001
109 103 1.00021
109 104 1.00032
109 105 1.00043
109 106 1.00055
109 107 1.00068
109 108 1.00082
109 109 1.00096
109 110 1.00111
109 111 1.00125
109 112 1.00141
109 113 1.00158
109 114 1.00174
109 115 1.00191
109 116 1.00208
109 117 1.00225
109 118 1.0024
109 119 1.00255
109 120 1.00269
109 121 1.00281
109 122 1.00291
109 123 1.00299
109 124 1.00303
109 125 1.00304
109 126 1.00303
109 127 1.00297

110 0 0
110 1 1.0009
110 2 1.0009
110 3 1.0009
110 4 1.0009
110 5 1.0009
110 6 1.0009
110 7 1.0009
110 8 1.0009
110 9 1.00089
110 10 1.00089
110 11 1.00089
110 12 1.00089
110 13 1.00089
110 14 1.00088
110 15 1.00088
110 16 1.00088
110 17 1.00087
110 18 1.00087
110 19 1.00087
110 20 1.00086
110 21 1.00086
110 22 1.00086
110 23 1.00085
110 24 1.00085
110 25 1.00084
110 26 1.00084
110 27 1.00083
110 28 1.00083
110 29 1.00082
110 30 1.00082
110 31 1.00081
110 32 1.0008
110 33 1.0008
110 34 1.00079
110 35 1.00078
110 36 1.00077
110 37 1.00076
110 38 1.00075
110 39 1.00074
110 40 1.00073
110 41 1.00071
110 42 1.0007
110 43 1.00068
110 44 1.00066
110 45 1.00064
110 46 1.00062
110 47 1.00059
110 48 1.00057
110 49 1.00054
110 50 1.00051
110 51 1.00047
110 52 1.00044
110 53 1.0004
110 54 1.00036
110 55 1.00032
110 56 1.00027
110 57 1.00023
110 58 1.00018
110 59 1.00013
110 60 1.00008
110 61 1.00002
110 62 0.999969
110 63 0.999915
110 64 0.99986
110 65 0.999806
110 66 0.999752
110 67 0.999699
110 68 0.999648
110 69 0.999597
110 70 0.999549
110 71 0.999503
110 72 0.999459
110 73 0.999418
110 74 0.99938
110 75 0.999346
110 76 0.999315
110 77 0.999288
110 78 0.999265
110 79 0.999247
110 80 0.999233
110 81 0.999223
110 82 0.999218
110 83 0.999218
110 84 0.999222
110 85 0.999232
110 86 0.999246
110 87 0.999266
110 88 0.999291
110 89 0.999321
110 90 0.999356
110 91 0.999396
110 92 0.999442
110 93 0.999493
110 94 0.999549
110 95 0.999611
110 96 0.999678
110 97 0.999751
110 98 0.99983
110 99 0.999914
110 100 1.00001
110 101 1.0001
110 102 1.00021
110 103 1.00031
110 104 1.00043
110 105 1.00056
110 106 1.00069
110 107 1.00082
110 108 1.00097
110 109 1.00113
110 110 1.00128
110 111 1.00145
110 112 1.00163
110 113 1.00181
110 114 1.00198
110 115 1.00218
110 116 1.00237
110 117 1.00254
110 118 1.00272
110 119 1.0029
110 120 1.00305
110 121 1.00318
110 122 1.0033
110 123 1.00339
110 124 1.00344
110 125 1.00345
110 126 1.00343
110 127 1.00337

111 0 0
111 1 1.00089
111 2 1.00089
111 3 1.00089
111 4 1.00089
111 5 1.00089
111 6 1.00089
111 7 1.00089
111 8 1.00089
111 9 1.00089
111 10 1.00089
111 11 1.00089
111 12 1.00089
111 13 1.00088
111 14 1.00088
111 15 1.00088
111 16 1.00087
111 17 1.00087
111 18 1.00087
111 19 1.00086
111 20 1.00086
111 21 1.00086
111 22 1.00085
111 23 1.00085
111 24 1.00084
111 25 1.00084
111 26 1.00083
111 27 1.00083
111 28 1.00082
111 29 1.00082
111 30 1.00081
111 31 1.00081
111 32 1.0008
111 33 1.00079
111 34 1.00079
111 35 1.00078
111 36 1.00077
111 37 1.00076
111 38 1.00075
111 39 1.00074
111 40 1.00073
111 41 1.00071
111 42 1.0007
111 43 1.00068
111 44 1.00067
111 45 1.00065
111 46 1.00063
111 47 1.0006
111 48 1.00058
111 49 1.00055
111 50 1.00052
111 51 1.00049
111 52 1.00046
111 53 1.00043
111 54 1.00039
111 55 1.00035
111 56 1.00031
111 57 1.00027
111 58 1.00022
111 59 1.00018
111 60 1.00013
111 61 1.00008
111 62 1.00003
111 63 0.999981
111 64 0.99993
111 65 0.999879
111 66 0.999828
111 67 0.999777
111 68 0.999728
111 69 0.999679
111 70 0.999632
111 71 0.999587
111 72 0.999544
111 73 0.999504
111 74 0.999467
111 75 0.999432
111 76 0.999401
111 77 0.999374
111 78 0.999351
111 79 0.999331
111 80 0.999316
111 81 0.999305
111 82 0.999299
111 83 0.999298
111 84 0.999302
111 85 0.99931
111 86 0.999324
111 87 0.999343
111 88 0.999367
111 89 0.999396
111 90 0.999431
111 91 0.999471
111 92 0.999517
111 93 0.999569
111 94 0.999626
111 95 0.99969
111 96 0.999759
111 97 0.999835
111 98 0.999916
111 99 1
111 100 1.0001
111 101 1.0002
111 102 1.00031
111 103 1.00043
111 104 1.00055
111 105 1.00068
111 106 1.00082
111 107 1.00097
111 108 1.00113
111 109 1.00129
111 110 1.00147
111 111 1.00166
111 112 1.00185
111 113 1.00204
111 114 1.00225
111 115 1.00246
111 116 1.00266
111 117 1.00286
111 118 1.00309
111 119 1.00327
111 120 1.00343
111 121 1.0036
111 122 1.00373
111 123 1.00382
111 124 1.00388
111 125 1.0039
111 126 1.00388
111 127 1.00381

112 0 0
112 1 1.00089
112 2 1.00089
112 3 1.00089
112 4 1.00089
112 5 1.00089
112 6 1.00089
112 7 1.00089
112 8 1.00089
112 9 1.00089
112 10 1.00089
112 11 1.00088
112 12 1.00088
112 13 1.00088
112 14 1.00088
112 15 1.00087
112 16 1.00087
112 17 1.00087
112 18 1.00086
112 19 1.00086
112 20 1.00086
112 21 1.00085
112 22 1.00085
112 23 1.00084
112 24 1.00084
112 25 1.00084
112 26 1.00083
112 27 1.00083
112 28 1.00082
112 29 1.00082
112 30 1.00081
112 31 1.0008
112 32 1.0008
112 33 1.00079
112 34 1.00078
112 35 1.00077
112 36 1.00077
112 37 1.00076
112 38 1.00075
112 39 1.00074
112 40 1.00072
112 41 1.00071
112 42 1.0007
112 43 1.00068
112 44 1.00067
112 45 1.00065
112 46 1.00063
112 47 1.00061
112 48 1.00059
112 49 1.00056
112 50 1.00054
112 51 1.00051
112 52 1.00048
112 53 1.00045
112 54 1.00042
112 55 1.00038
112 56 1.00034
112 57 1.0003
112 58 1.00026
112 59 1.00022
112 60 1.00018
112 61 1.00013
112 62 1.00009
112 63 1.00004
112 64 0.999992
112 65 0.999944
112 66 0.999896
112 67 0.999849
112 68 0.999802
112 69 0.999755
112 70 0.999711
112 71 0.999667
112 72 0.999626
112 73 0.999587
112 74 0.99955
112 75 0.999516
112 76 0.999486
112 77 0.999458
112 78 0.999435
112 79 0.999415
112 80 0.999399
112 81 0.999388
112 82 0.999381
112 83 0.999379
112 84 0.999382
112 85 0.99939
112 86 0.999403
112 87 0.999421
112 88 0.999444
112 89 0.999473
112 90 0.999508
112 91 0.999549
112 92 0.999595
112 93 0.999648
112 94 0.999706
112 95 0.999771
112 96 0.999842
112 97 0.99992
112 98 1.00001
112 99 1.0001
112 100 1.0002
112 101 1.0003
112 102 1.00042
112 103 1.00054
112 104 1.00067
112 105 1.00081
112 106 1.00097
112 107 1.00113
112 108 1.00129
112 109 1.00148
112 110 1.00167
112 111 1.00187
112 112 1.00207
112 113 1.0023
112 114 1.00253
112 115 1.00274
112 116 1.00298
112 117 1.00323
112 118 1.00345
112 119 1.00364
112 120 1.00387
112 121 1.00405
112 122 1.00418
112 123 1.00429
112 124 1.00437
112 125 1.00439
112 126 1.00437
112 127 1.00428

113 0 0
113 1 1.00089
113 2 1.00089
113 3 1.00089
113 4 1.00089
113 5 1.00089
113 6 1.00089
113 7 1.00089
113 8 1.00089
113 9 1.00089
113 10 1.00088
113 11 1.00088
113 12 1.00088
113 13 1.00088
113 14 1.00087
113 15 1.00087
113 16 1.00087
113 17 1.00087
113 18 1.00086
113 19 1.00086
113 20 1.00085
113 21 1.00085
113 22 1.00085
113 23 1.00084
113 24 1.00084
113 25 1.00083
113 26 1.00083
113 27 1.00082
113 28 1.00082
113 29 1.00081
113 30 1.00081
113 31 1.0008
113 32 1.00079
113 33 1.00079
113 34 1.00078
113 35 1.00077
113 36 1.00076
113 37 1.00075
113 38 1.00074
113 39 1.00073
113 40 1.00072
113 41 1.00071
113 42 1.0007
113 43 1.00068
113 44 1.00067
113 45 1.00065
113 46 1.00063
113 47 1.00061
113 48 1.00059
113 49 1.00057
113 50 1.00055
113 51 1.00052
113 52 1.00049
113 53 1.00047
113 54 1.00044
113 55 1.0004
113 56 1.00037
113 57 1.00033
113 58 1.0003
113 59 1.00026
113 60 1.00022
113 61 1.00018
113 62 1.00013
113 63 1.00009
113 64 1.00005
113 65 1
113 66 0.999957
113 67 0.999912
113 68 0.999868
113 69 0.999825
113 70 0.999782
113 71 0.999741
113 72 0.999701
113 73 0.999664
113 74 0.999628
113 75 0.999596
113 76 0.999566
113 77 0.999539
113 78 0.999516
113 79 0.999496
113 80 0.99948
113 81 0.999469
113 82 0.999462
113 83 0.999459
113 84 0.999462
113 85 0.999469
113 86 0.999481
113 87 0.999499
113 88 0.999523
113 89 0.999552
113 90 0.999586
113 91 0.999627
113 92 0.999674
113 93 0.999727
113 94 0.999787
113 95 0.999853
113 96 0.999927
113 97 1.00001
113 98 1.0001
113 99 1.00019
113 100 1.00029
113 101 1.00041
113 102 1.00053
113 103 1.00066
113 104 1.0008
113 105 1.00095
113 106 1.00111
113 107 1.00128
113 108 1.00146
113 109 1.00166
113 110 1.00186
113 111 1.00208
113 112 1.00232
113 113 1.00256
113 114 1.00279
113 115 1.00305
113 116 1.00334
113 117 1.00359
113 118 1.00381
113 119 1.00409
113 120 1.00434
113 121 1.0045
113 122 1.00467
113 123 1.00484
113 124 1.00491
113 125 1.00492
113 126 1.0049
113 127 1.00482

114 0 0
114 1 1.00088
114 2 1.00088
114 3 1.00088
114 4 1.00089
114 5 1.00089
114 6 1.00089
114 7 1.00089
114 8 1.00088
114 9 1.00088
114 10 1.00088
114 11 1.00088
114 12 1.00088
114 13 1.00088
114 14 1.00087
114 15 1.00087
114 16 1.00087
114 17 1.00086
114 18 1.00086
114 19 1.00086
114 20 1.00085
114 21 1.00085
114 22 1.00084
114 23 1.00084
114 24 1.00083
114 25 1.00083
114 26 1.00082
114 27 1.00082
114 28 1.00081
114 29 1.00081
114 30 1.0008
114 31 1.00079
114 32 1.00079
114 33 1.00078
114 34 1.00077
114 35 1.00077
114 36 1.00076
114 37 1.00075
114 38 1.00074
114 39 1.00073
114 40 1.00072
114 41 1.0007
114 42 1.00069
114 43 1.00068
114 44 1.00066
114 45 1.00065
114 46 1.00063
114 47 1.00061
114 48 1.00059
114 49 1.00057
114 50 1.00055
114 51 1.00053
114 52 1.0005
114 53 1.00048
114 54 1.00045
114 55 1.00042
114 56 1.00039
114 57 1.00036
114 58 1.00032
114 59 1.00029
114 60 1.00025
114 61 1.00021
114 62 1.00017
114 63 1.00013
114 64 1.00009
114 65 1.00005
114 66 1.00001
114 67 0.999967
114 68 0.999926
114 69 0.999885
114 70 0.999845
114 71 0.999807
114 72 0.999769
114 73 0.999734
114 74 0.9997
114 75 0.999669
114 76 0.99964
114 77 0.999615
114 78 0.999592
114 79 0.999573
114 80 0.999558
114 81 0.999547
114 82 0.99954
114 83 0.999537
114 84 0.999539
114 85 0.999547
114 86 0.999559
114 87 0.999577
114 88 0.9996
114 89 0.999629
114 90 0.999664
114 91 0.999705
114 92 0.999753
114 93 0.999807
114 94 0.999868
114 95 0.999936
114 96 1.00001
114 97 1.00009
114 98 1.00019
114 99 1.00029
114 100 1.00039
114 101 1.00051
114 102 1.00064
114 103 1.00078
114 104 1.00092
114 105 1.00108
114 106 1.00125
114 107 1.00144
114 108 1.00164
114 109 1.00184
114 110 1.00206
114 111 1.00231
114 112 1.00257
114 113 1.00281
114 114 1.00309
114 115 1.00341
114 116 1.00368
114 117 1.00394
114 118 1.00427
114 119 1.00458
114 120 1.00478
114 121 1.00502
114 122 1.00527
114 123 1.0054
114 124 1.00548
114 125 1.00553
114 126 1.0055
114 127 1.0054

115 0 0
115 1 1.00088
115 2 1.00088
115 3 1.00088
115 4 1.00088
115 5 1.00088
115 6 1.00088
115 7 1.00088
115 8 1.00088
115 9 1.00088
115 10 1.00088
115 11 1.00088
115 12 1.00088
115 13 1.00087
115 14 1.00087
115 15 1.00087
115 16 1.00086
115 17 1.00086
115 18 1.00086
115 19 1.00085
115 20 1.00085
115 21 1.00085
115 22 1.00084
115 23 1.00084
115 24 1.00083
115 25 1.00083
115 26 1.00082
115 27 1.00082
115 28 1.00081
115 29 1.0008
115 30 1.0008
115 31 1.00079
115 32 1.00078
115 33 1.00078
115 34 1.00077
115 35 1.00076
115 36 1.00075
115 37 1.00074
115 38 1.00073
115 39 1.00072
115 40 1.00071
115 41 1.0007
115 42 1.00069
115 43 1.00067
115 44 1.00066
115 45 1.00064
115 46 1.00063
115 47 1.00061
115 48 1.00059
115 49 1.00057
115 50 1.00055
115 51 1.00053
115 52 1.00051
115 53 1.00048
115 54 1.00046
115 55 1.00043
115 56 1.0004
115 57 1.00037
115 58 1.00034
115 59 1.00031
115 60 1.00027
115 61 1.00024
115 62 1.0002
115 63 1.00016
115 64 1.00013
115 65 1.00009
115 66 1.00005
115 67 1.00001
115 68 0.999974
115 69 0.999937
115 70 0.9999
115 71 0.999863
115 72 0.999829
115 73 0.999795
115 74 0.999764
115 75 0.999734
115 76 0.999707
115 77 0.999683
115 78 0.999662
115 79 0.999644
115 80 0.99963
115 81 0.999619
115 82 0.999613
115 83 0.999611
115 84 0.999613
115 85 0.999621
115 86 0.999633
115 87 0.999651
115 88 0.999675
115 89 0.999704
115 90 0.99974
115 91 0.999782
115 92 0.99983
115 93 0.999886
115 94 0.999948
115 95 1.00002
115 96 1.0001
115 97 1.00018
115 98 1.00028
115 99 1.00038
115 100 1.00049
115 101 1.00061
115 102 1.00075
115 103 1.00089
115 104 1.00105
115 105 1.00122
115 106 1.0014
115 107 1.0016
115 108 1.0018
115 109 1.00203
115 110 1.00228
115 111 1.00254
115 112 1.00279
115 113 1.00309
115 114 1.00342
115 115 1.00372
115 116 1.004
115 117 1.00438
115 118 1.00476
115 119 1.00499
115 120 1.00528
115 121 1.00567
115 122 1.00587
115 123 1.00598
115 124 1.00613
115 125 1.00622
115 126 1.00618
115 127 1.00603

116 0 0
116 1 1.00088
116 2 1.00088
116 3 1.00088
116 4 1.00088
116 5 1.00088
116 6 1.00088
116 7 1.00088
116 8 1.00088
116 9 1.00088
116 10 1.00088
116 11 1.00088
116 12 1.00087
116 13 1.00087
116 14 1.00087
116 15 1.00087
116 16 1.00086
116 17 1.00086
116 18 1.00086
116 19 1.00085
116 20 1.00085
116 21 1.00084
116 22 1.00084
116 23 1.00083
116 24 1.00083
116 25 1.00082
116 26 1.00082
116 27 1.00081
116 28 1.00081
116 29 1.0008
116 30 1.00079
116 31 1.00079
116 32 1.00078
116 33 1.00077
116 34 1.00076
116 35 1.00075
116 36 1.00075
116 37 1.00074
116 38 1.00073
116 39 1.00072
116 40 1.00071
116 41 1.00069
116 42 1.00068
116 43 1.00067
116 44 1.00065
116 45 1.00064
116 46 1.00062
116 47 1.00061
116 48 1.00059
116 49 1.00057
116 50 1.00055
116 51 1.00053
116 52 1.00051
116 53 1.00048
116 54 1.00046
116 55 1.00043
116 56 1.00041
116 57 1.00038
116 58 1.00035
116 59 1.00032
116 60 1.00029
116 61 1.00026
116 62 1.00022
116 63 1.00019
116 64 1.00015
116 65 1.00012
116 66 1.00008
116 67 1.00005
116 68 1.00001
116 69 0.999978
116 70 0.999944
116 71 0.99991
116 72 0.999878
116 73 0.999847
116 74 0.999818
116 75 0.99979
116 76 0.999765
116 77 0.999743
116 78 0.999723
116 79 0.999707
116 80 0.999694
116 81 0.999684
116 82 0.999679
116 83 0.999677
116 84 0.999681
116 85 0.999689
116 86 0.999702
116 87 0.999721
116 88 0.999745
116 89 0.999775
116 90 0.999812
116 91 0.999855
116 92 0.999904
116 93 0.999961
116 94 1.00003
116 95 1.0001
116 96 1.00018
116 97 1.00027
116 98 1.00036
116 99 1.00047
116 100 1.00059
116 101 1.00072
116 102 1.00086
116 103 1.00101
116 104 1.00117
116 105 1.00135
116 106 1.00154
116 107 1.00175
116 108 1.00197
116 109 1.00222
116 110 1.00248
116 111 1.00274
116 112 1.00305
116 113 1.00339
116 114 1.0037
116 115 1.00402
116 116 1.00444
116 117 1.00484
116 118 1.00512
116 119 1.00548
116 120 1.00599
116 121 1.00624
116 122 1.0064
116 123 1.00676
116 124 1.00694
116 125 1.00691
116 126 1.0069
116 127 1.00677

117 0 0
117 1 1.00088
117 2 1.00088
117 3 1.00088
117 4 1.00088
117 5 1.00088
117 6 1.00088
117 7 1.00088
117 8 1.00088
117 9 1.00088
117 10 1.00088
117 11 1.00088
117 12 1.00087
117 13 1.00087
117 14 1.00087
117 15 1.00086
117 16 1.00086
117 17 1.00086
117 18 1.00085
117 19 1.00085
117 20 1.00085
117 21 1.00084
117 22 1.00084
117 23 1.00083
117 24 1.00083
117 25 1.00082
117 26 1.00081
117 27 1.00081
117 28 1.0008
117 29 1.0008
117 30 1.00079
117 31 1.00078
117 32 1.00077
117 33 1.00077
117 34 1.00076
117 35 1.00075
117 36 1.00074
117 37 1.00073
117 38 1.00072
117 39 1.00071
117 40 1.0007
117 41 1.00069
117 42 1.00067
117 43 1.00066
117 44 1.00065
117 45 1.00063
117 46 1.00062
117 47 1.0006
117 48 1.00058
117 49 1.00057
117 50 1.00055
117 51 1.00053
117 52 1.0005
117 53 1.00048
117 54 1.00046
117 55 1.00043
117 56 1.00041
117 57 1.00038
117 58 1.00035
117 59 1.00033
117 60 1.0003
117 61 1.00027
117 62 1.00024
117 63 1.0002
117 64 1.00017
117 65 1.00014
117 66 1.00011
117 67 1.00007
117 68 1.00004
117 69 1.00001
117 70 0.999977
117 71 0.999946
117 72 0.999916
117 73 0.999888
117 74 0.999861
117 75 0.999836
117 76 0.999813
117 77 0.999792
117 78 0.999774
117 79 0.999759
117 80 0.999748
117 81 0.99974
117 82 0.999736
117 83 0.999736
117 84 0.99974
117 85 0.999749
117 86 0.999764
117 87 0.999783
117 88 0.999809
117 89 0.99984
117 90 0.999877
117 91 0.999921
117 92 0.999972
117 93 1.00003
117 94 1.0001
117 95 1.00017
117 96 1.00025
117 97 1.00035
117 98 1.00045
117 99 1.00056
117 100 1.00068
117 101 1.00081
117 102 1.00096
117 103 1.00112
117 104 1.00129
117 105 1.00148
117 106 1.00168
117 107 1.0019
117 108 1.00215
117 109 1.0024
117 110 1.00267
117 111 1.00298
117 112 1.00332
117 113 1.00363
117 114 1.00398
117 115 1.00442
117 116 1.00485
117 117 1.00517
117 118 1.00558
117 119 1.00618
117 120 1.00656
117 121 1.00673
117 122 1.00722
117 123 1.00762
117 124 1.00768
117 125 1.0077
117 126 1.00773
117 127 1.00766

118 0 0
118 1 1.00088
118 2 1.00088
118 3 1.00088
118 4 1.00088
118 5 1.00088
118 6 1.00088
118 7 1.00088
118 8 1.00088
118 9 1.00088
118 10 1.00088
118 11 1.00087
118 12 1.00087
118 13 1.00087
118 14 1.00087
118 15 1.00086
118 16 1.00086
118 17 1.00086
118 18 1.00085
118 19 1.00085
118 20 1.00084
118 21 1.00084
118 22 1.00083
118 23 1.00083
118 24 1.00082
118 25 1.00082
118 26 1.00081
118 27 1.00081
118 28 1.0008
118 29 1.00079
118 30 1.00079
118 31 1.00078
118 32 1.00077
118 33 1.00076
118 34 1.00075
118 35 1.00074
118 36 1.00074
118 37 1.00073
118 38 1.00072
118 39 1.0007
118 40 1.00069
118 41 1.00068
118 42 1.00067
118 43 1.00065
118 44 1.00064
118 45 1.00063
118 46 1.00061
118 47 1.00059
118 48 1.00058
118 49 1.00056
118 50 1.00054
118 51 1.00052
118 52 1.0005
118 53 1.00048
118 54 1.00045
118 55 1.00043
118 56 1.00041
118 57 1.00038
118 58 1.00035
118 59 1.00033
118 60 1.0003
118 61 1.00027
118 62 1.00024
118 63 1.00021
118 64 1.00018
118 65 1.00015
118 66 1.00012
118 67 1.00009
118 68 1.00006
118 69 1.00003
118 70 1
118 71 0.999972
118 72 0.999944
118 73 0.999918
118 74 0.999893
118 75 0.99987
118 76 0.999849
118 77 0.99983
118 78 0.999814
118 79 0.999801
118 80 0.999791
118 81 0.999785
118 82 0.999782
118 83 0.999784
118 84 0.99979
118 85 0.9998
118 86 0.999816
118 87 0.999836
118 88 0.999863
118 89 0.999895
118 90 0.999934
118 91 0.99998
118 92 1.00003
118 93 1.00009
118 94 1.00016
118 95 1.00024
118 96 1.00032
118 97 1.00042
118 98 1.00052
118 99 1.00064
118 100 1.00076
118 101 1.0009
118 102 1.00105
118 103 1.00122
118 104 1.0014
118 105 1.0016
118 106 1.00181
118 107 1.00205
118 108 1.00229
118 109 1.00256
118 110 1.00287
118 111 1.0032
118 112 1.00352
118 113 1.00389
118 114 1.00434
118 115 1.00477
118 116 1.00511
118 117 1.00562
118 118 1.00628
118 119 1.00667
118 120 1.0069
118 121 1.00765
118 122 1.0083
118 123 1.00818
118 124 1.00844
118 125 1.0089
118 126 1.00876
118 127 1.00844

119 0 0
119 1 1.00087
119 2 1.00088
119 3 1.00088
119 4 1.00088
119 5 1.00088
119 6 1.00088
119 7 1.00088
119 8 1.00088
119 9 1.00088
119 10 1.00088
119 11 1.00087
119 12 1.00087
119 13 1.00087
119 14 1.00087
119 15 1.00086
119 16 1.00086
119 17 1.00086
119 18 1.00085
119 19 1.00085
119 20 1.00084
119 21 1.00084
119 22 1.00083
119 23 1.00083
119 24 1.00082
119 25 1.00082
119 26 1.00081
119 27 1.0008
119 28 1.0008
119 29 1.00079
119 30 1.00078
119 31 1.00077
119 32 1.00077
119 33 1.00076
119 34 1.00075
119 35 1.00074
119 36 1.00073
119 37 1.00072
119 38 1.00071
119 39 1.0007
119 40 1.00069
119 41 1.00067
119 42 1.00066
119 43 1.00065
119 44 1.00063
119 45 1.00062
119 46 1.0006
119 47 1.00059
119 48 1.00057
119 49 1.00055
119 50 1.00053
119 51 1.00051
119 52 1.00049
119 53 1.00047
119 54 1.00045
119 55 1.00042
119 56 1.0004
119 57 1.00038
119 58 1.00035
119 59 1.00032
119 60 1.0003
119 61 1.00027
119 62 1.00024
119 63 1.00021
119 64 1.00018
119 65 1.00016
119 66 1.00013
119 67 1.0001
119 68 1.00007
119 69 1.00004
119 70 1.00001
119 71 0.999987
119 72 0.999961
119 73 0.999937
119 74 0.999914
119 75 0.999893
119 76 0.999874
119 77 0.999857
119 78 0.999843
119 79 0.999831
119 80 0.999823
119 81 0.999818
119 82 0.999817
119 83 0.99982
119 84 0.999827
119 85 0.999839
119 86 0.999856
119 87 0.999878
119 88 0.999906
119 89 0.99994
119 90 0.999981
119 91 1.00003
119 92 1.00008
119 93 1.00014
119 94 1.00021
119 95 1.00029
119 96 1.00038
119 97 1.00048
119 98 1.00059
119 99 1.00071
119 100 1.00084
119 101 1.00098
119 102 1.00114
119 103 1.00131
119 104 1.0015
119 105 1.0017
119 106 1.00193
119 107 1.00217
119 108 1.00243
119 109 1.00273
119 110 1.00304
119 111 1.00337
119 112 1.00375
119 113 1.00419
119 114 1.0046
119 115 1.005
119 116 1.00554
119 117 1.0062
119 118 1.00666
119 119 1.00704
119 120 1.00783
119 121 1.00864
119 122 1.00872
119 123 1.0091
119 124 1.00985
119 125 1.00989
119 126 1.00983
119 127 1.00942

120 0 0
120 1 1.00087
120 2 1.00088
120 3 1.00088
120 4 1.00088
120 5 1.00088
120 6 1.00088
120 7 1.00088
120 8 1.00088
120 9 1.00088
120 10 1.00087
120 11 1.00087
120 12 1.00087
120 13 1.00087
120 14 1.00087
120 15 1.00086
120 16 1.00086
120 17 1.00086
120 18 1.00085
120 19 1.00085
120 20 1.00084
120 21 1.00084
120 22 1.00083
120 23 1.00083
120 24 1.00082
120 25 1.00081
120 26 1.00081
120 27 1.0008
120 28 1.00079
120 29 1.00079
120 30 1.00078
120 31 1.00077
120 32 1.00076
120 33 1.00075
120 34 1.00074
120 35 1.00073
120 36 1.00072
120 37 1.00071
120 38 1.0007
120 39 1.00069
120 40 1.00068
120 41 1.00067
120 42 1.00065
120 43 1.00064
120 44 1.00062
120 45 1.00061
120 46 1.00059
120 47 1.00058
120 48 1.00056
120 49 1.00054
120 50 1.00052
120 51 1.0005
120 52 1.00048
120 53 1.00046
120 54 1.00044
120 55 1.00041
120 56 1.00039
120 57 1.00037
120 58 1.00034
120 59 1.00032
120 60 1.00029
120 61 1.00026
120 62 1.00024
120 63 1.00021
120 64 1.00018
120 65 1.00015
120 66 1.00013
120 67 1.0001
120 68 1.00007
120 69 1.00004
120 70 1.00002
120 71 0.999992
120 72 0.999968
120 73 0.999945
120 74 0.999924
120 75 0.999904
120 76 0.999887
120 77 0.999872
120 78 0.999859
120 79 0.999849
120 80 0.999842
120 81 0.999839
120 82 0.99984
120 83 0.999844
120 84 0.999853
120 85 0.999866
120 86 0.999884
120 87 0.999908
120 88 0.999937
120 89 0.999973
120 90 1.00001
120 91 1.00006
120 92 1.00012
120 93 1.00018
120 94 1.00025
120 95 1.00034
120 96 1.00043
120 97 1.00053
120 98 1.00064
120 99 1.00076
120 100 1.0009
120 101 1.00104
120 102 1.00121
120 103 1.00138
120 104 1.00158
120 105 1.00179
120 106 1.00202
120 107 1.00228
120 108 1.00256
120 109 1.00286
120 110 1.00318
120 111 1.00356
120 112 1.00398
120 113 1.00437
120 114 1.00479
120 115 1.00538
120 116 1.00602
120 117 1.00645
120 118 1.00693
120 119 1.00793
120 120 1.00887
120 121 1.00886
120 122 1.00927
120 123 1.01106
120 124 1.01128
120 125 1.01045
120 126 1.01098
120 127 1.01131

121 0 0
121 1 1.00087
121 2 1.00088
121 3 1.00088
121 4 1.00088
121 5 1.00088
121 6 1.00088
121 7 1.00088
121 8 1.00088
121 9 1.00088
121 10 1.00087
121 11 1.00087
121 12 1.00087
121 13 1.00087
121 14 1.00087
121 15 1.00086
121 16 1.00086
121 17 1.00085
121 18 1.00085
121 19 1.00085
121 20 1.00084
121 21 1.00084
121 22 1.00083
121 23 1.00082
121 24 1.00082
121 25 1.00081
121 26 1.00081
121 27 1.0008
121 28 1.00079
121 29 1.00078
121 30 1.00078
121 31 1.00077
121 32 1.00076
121 33 1.00075
121 34 1.00074
121 35 1.00073
121 36 1.00072
121 37 1.00071
121 38 1.0007
121 39 1.00069
121 40 1.00067
121 41 1.00066
121 42 1.00065
121 43 1.00063
121 44 1.00062
121 45 1.0006
121 46 1.00058
121 47 1.00057
121 48 1.00055
121 49 1.00053
121 50 1.00051
121 51 1.00049
121 52 1.00047
121 53 1.00045
121 54 1.00043
121 55 1.0004
121 56 1.00038
121 57 1.00036
121 58 1.00033
121 59 1.00031
121 60 1.00028
121 61 1.00025
121 62 1.00023
121 63 1.0002
121 64 1.00017
121 65 1.00014
121 66 1.00012
121 67 1.00009
121 68 1.00006
121 69 1.00004
121 70 1.00001
121 71 0.999989
121 72 0.999966
121 73 0.999944
121 74 0.999924
121 75 0.999906
121 76 0.99989
121 77 0.999876
121 78 0.999864
121 79 0.999856
121 80 0.99985
121 81 0.999848
121 82 0.99985
121 83 0.999855
121 84 0.999865
121 85 0.99988
121 86 0.999899
121 87 0.999924
121 88 0.999955
121 89 0.999992
121 90 1.00003
121 91 1.00009
121 92 1.00014
121 93 1.00021
121 94 1.00028
121 95 1.00036
121 96 1.00046
121 97 1.00056
121 98 1.00067
121 99 1.0008
121 100 1.00094
121 101 1.00109
121 102 1.00126
121 103 1.00144
121 104 1.00164
121 105 1.00186
121 106 1.0021
121 107 1.00237
121 108 1.00265
121 109 1.00296
121 110 1.00332
121 111 1.0037
121 112 1.00409
121 113 1.00454
121 114 1.0051
121 115 1.00565
121 116 1.00614
121 117 1.0068
121 118 1.00776
121 119 1.0085
121 120 1.00889
121 121 1.00985
121 122 1.01153
121 123 1.0117
121 124 1.01129
121 125 1.01304
121 126 1.01292
121 127 1.01241

122 0 0
122 1 1.00087
122 2 1.00088
122 3 1.00088
122 4 1.00088
122 5 1.00088
122 6 1.00088
122 7 1.00088
122 8 1.00088
122 9 1.00088
122 10 1.00087
122 11 1.00087
122 12 1.00087
122 13 1.00087
122 14 1.00087
122 15 1.00086
122 16 1.00086
122 17 1.00085
122 18 1.00085
122 19 1.00085
122 20 1.00084
122 21 1.00084
122 22 1.00083
122 23 1.00082
122 24 1.00082
122 25 1.00081
122 26 1.0008
122 27 1.0008
122 28 1.00079
122 29 1.00078
122 30 1.00077
122 31 1.00076
122 32 1.00076
122 33 1.00075
122 34 1.00074
122 35 1.00073
122 36 1.00072
122 37 1.0007
122 38 1.00069
122 39 1.00068
122 40 1.00067
122 41 1.00065
122 42 1.00064
122 43 1.00062
122 44 1.00061
122 45 1.00059
122 46 1.00058
122 47 1.00056
122 48 1.00054
122 49 1.00052
122 50 1.0005
122 51 1.00048
122 52 1.00046
122 53 1.00044
122 54 1.00042
122 55 1.00039
122 56 1.00037
122 57 1.00034
122 58 1.00032
122 59 1.00029
122 60 1.00027
122 61 1.00024
122 62 1.00021
122 63 1.00019
122 64 1.00016
122 65 1.00013
122 66 1.00011
122 67 1.00008
122 68 1.00005
122 69 1.00003
122 70 1
122 71 0.999979
122 72 0.999957
122 73 0.999936
122 74 0.999917
122 75 0.999899
122 76 0.999883
122 77 0.99987
122 78 0.99986
122 79 0.999852
122 80 0.999847
122 81 0.999846
122 82 0.999849
122 83 0.999855
122 84 0.999866
122 85 0.999882
122 86 0.999902
122 87 0.999928
122 88 0.99996
122 89 0.999997
122 90 1.00004
122 91 1.00009
122 92 1.00015
122 93 1.00022
122 94 1.00029
122 95 1.00038
122 96 1.00047
122 97 1.00058
122 98 1.00069
122 99 1.00082
122 100 1.00096
122 101 1.00112
122 102 1.00129
122 103 1.00148
122 104 1.00168
122 105 1.00191
122 106 1.00215
122 107 1.00242
122 108 1.00272
122 109 1.00305
122 110 1.0034
122 111 1.00378
122 112 1.00421
122 113 1.00473
122 114 1.00525
122 115 1.00574
122 116 1.00641
122 117 1.00732
122 118 1.00809
122 119 1.00852
122 120 1.0096
122 121 1.01159
122 122 1.01254
122 123 1.01149
122 124 1.01353
122 125 1.01667
122 126 1.01498
122 127 1.01195

123 0 0
123 1 1.00088
123 2 1.00088
123 3 1.00088
123 4 1.00088
123 5 1.00088
123 6 1.00088
123 7 1.00088
123 8 1.00088
123 9 1.00088
123 10 1.00088
123 11 1.00087
123 12 1.00087
123 13 1.00087
123 14 1.00087
123 15 1.00086
123 16 1.00086
123 17 1.00085
123 18 1.00085
123 19 1.00085
123 20 1.00084
123 21 1.00083
123 22 1.00083
123 23 1.00082
123 24 1.00082
123 25 1.00081
123 26 1.0008
123 27 1.0008
123 28 1.00079
123 29 1.00078
123 30 1.00077
123 31 1.00076
123 32 1.00075
123 33 1.00074
123 34 1.00073
123 35 1.00072
123 36 1.00071
123 37 1.0007
123 38 1.00069
123 39 1.00067
123 40 1.00066
123 41 1.00065
123 42 1.00063
123 43 1.00062
123 44 1.0006
123 45 1.00059
123 46 1.00057
123 47 1.00055
123 48 1.00053
123 49 1.00051
123 50 1.00049
123 51 1.00047
123 52 1.00045
123 53 1.00043
123 54 1.0004
123 55 1.00038
123 56 1.00035
123 57 1.00033
123 58 1.0003
123 59 1.00028
123 60 1.00025
123 61 1.00022
123 62 1.0002
123 63 1.00017
123 64 1.00014
123 65 1.00012
123 66 1.00009
123 67 1.00006
123 68 1.00004
123 69 1.00001
123 70 0.999987
123 71 0.999964
123 72 0.999942
123 73 0.999921
123 74 0.999902
123 75 0.999885
123 76 0.99987
123 77 0.999857
123 78 0.999847
123 79 0.999839
123 80 0.999835
123 81 0.999835
123 82 0.999838
123 83 0.999845
123 84 0.999856
123 85 0.999872
123 86 0.999893
123 87 0.99992
123 88 0.999952
123 89 0.99999
123 90 1.00004
123 91 1.00009
123 92 1.00015
123 93 1.00021
123 94 1.00029
123 95 1.00038
123 96 1.00047
123 97 1.00058
123 98 1.0007
123 99 1.00083
123 100 1.00097
123 101 1.00113
123 102 1.0013
123 103 1.00149
123 104 1.0017
123 105 1.00193
123 106 1.00217
123 107 1.00245
123 108 1.00276
123 109 1.00308
123 110 1.00344
123 111 1.00386
123 112 1.00432
123 113 1.00477
123 114 1.00528
123 115 1.00598
123 116 1.00673
123 117 1.00727
123 118 1.008
123 119 1.00948
123 120 1.01086
123 121 1.01102
123 122 1.01206
123 123 1.01603
123 124 1.01841
123 125 1.01338
123 126 1.01603
123 127 1.02081

124 0 0
124 1 1.00088
124 2 1.00088
124 3 1.00088
124 4 1.00088
124 5 1.00088
124 6 1.00088
124 7 1.00088
124 8 1.00088
124 9 1.00088
124 10 1.00088
124 11 1.00087
124 12 1.00087
124 13 1.00087
124 14 1.00087
124 15 1.00086
124 16 1.00086
124 17 1.00086
124 18 1.00085
124 19 1.00085
124 20 1.00084
124 21 1.00083
124 22 1.00083
124 23 1.00082
124 24 1.00082
124 25 1.00081
124 26 1.0008
124 27 1.00079
124 28 1.00079
124 29 1.00078
124 30 1.00077
124 31 1.00076
124 32 1.00075
124 33 1.00074
124 34 1.00073
124 35 1.00072
124 36 1.00071
124 37 1.0007
124 38 1.00068
124 39 1.00067
124 40 1.00066
124 41 1.00064
124 42 1.00063
124 43 1.00061
124 44 1.00059
124 45 1.00058
124 46 1.00056
124 47 1.00054
124 48 1.00052
124 49 1.0005
124 50 1.00048
124 51 1.00046
124 52 1.00044
124 53 1.00041
124 54 1.00039
124 55 1.00037
124 56 1.00034
124 57 1.00032
124 58 1.00029
124 59 1.00026
124 60 1.00024
124 61 1.00021
124 62 1.00018
124 63 1.00015
124 64 1.00013
124 65 1.0001
124 66 1.00007
124 67 1.00004
124 68 1.00002
124 69 0.999993
124 70 0.999968
124 71 0.999944
124 72 0.999922
124 73 0.999901
124 74 0.999882
124 75 0.999865
124 76 0.99985
124 77 0.999837
124 78 0.999827
124 79 0.999819
124 80 0.999815
124 81 0.999815
124 82 0.999818
124 83 0.999825
124 84 0.999837
124 85 0.999853
124 86 0.999874
124 87 0.999901
124 88 0.999934
124 89 0.999972
124 90 1.00002
124 91 1.00007
124 92 1.00013
124 93 1.0002
124 94 1.00027
124 95 1.00036
124 96 1.00046
124 97 1.00056
124 98 1.00068
124 99 1.00081
124 100 1.00096
124 101 1.00111
124 102 1.00129
124 103 1.00148
124 104 1.00169
124 105 1.00192
124 106 1.00217
124 107 1.00245
124 108 1.00276
124 109 1.00309
124 110 1.00346
124 111 1.00387
124 112 1.00431
124 113 1.00481
124 114 1.00539
124 115 1.00601
124 116 1.00666
124 117 1.00745
124 118 1.00844
124 119 1.00955
124 120 1.01051
124 121 1.01178
124 122 1.01385
124 123 1.01713
124 124 1.01836
124 125 1.0185
124 126 1.02258
124 127 1.02181

125 0 0
125 1 1.00088
125 2 1.00088
125 3 1.00088
125 4 1.00088
125 5 1.00088
125 6 1.00088
125 7 1.00088
125 8 1.00088
125 9 1.00088
125 10 1.00088
125 11 1.00088
125 12 1.00087
125 13 1.00087
125 14 1.00087
125 15 1.00086
125 16 1.00086
125 17 1.00086
125 18 1.00085
125 19 1.00085
125 20 1.00084
125 21 1.00084
125 22 1.00083
125 23 1.00082
125 24 1.00082
125 25 1.00081
125 26 1.0008
125 27 1.00079
125 28 1.00079
125 29 1.00078
125 30 1.00077
125 31 1.00076
125 32 1.00075
125 33 1.00074
125 34 1.00073
125 35 1.00072
125 36 1.0007
125 37 1.00069
125 38 1.00068
125 39 1.00067
125 40 1.00065
125 41 1.00064
125 42 1.00062
125 43 1.00061
125 44 1.00059
125 45 1.00057
125 46 1.00055
125 47 1.00053
125 48 1.00051
125 49 1.00049
125 50 1.00047
125 51 1.00045
125 52 1.00043
125 53 1.0004
125 54 1.00038
125 55 1.00035
125 56 1.00033
125 57 1.0003
125 58 1.00027
125 59 1.00025
125 60 1.00022
125 61 1.00019
125 62 1.00016
125 63 1.00014
125 64 1.00011
125 65 1.00008
125 66 1.00005
125 67 1.00002
125 68 0.999997
125 69 0.999971
125 70 0.999946
125 71 0.999922
125 72 0.999899
125 73 0.999878
125 74 0.999858
125 75 0.99984
125 76 0.999825
125 77 0.999812
125 78 0.999801
125 79 0.999794
125 80 0.99979
125 81 0.999789
125 82 0.999792
125 83 0.999799
125 84 0.99981
125 85 0.999826
125 86 0.999847
125 87 0.999874
125 88 0.999906
125 89 0.999944
125 90 0.999989
125 91 1.00004
125 92 1.0001
125 93 1.00017
125 94 1.00025
125 95 1.00033
125 96 1.00043
125 97 1.00053
125 98 1.00065
125 99 1.00078
125 100 1.00093
125 101 1.00108
125 102 1.00126
125 103 1.00145
125 104 1.00166
125 105 1.00189
125 106 1.00215
125 107 1.00242
125 108 1.00273
125 109 1.00307
125 110 1.00345
125 111 1.00384
125 112 1.00428
125 113 1.00482
125 114 1.00539
125 115 1.00592
125 116 1.00661
125 117 1.0077
125 118 1.00854
125 119 1.009
125 120 1.01043
125 121 1.01371
125 122 1.01454
125 123 1.01334
125 124 1.01819
125 125 1.0353
125 126 1.03153
125 127 1.0063

126 0 0
126 1 1.00088
126 2 1.00088
126 3 1.00088
126 4 1.00088
126 5 1.00088
126 6 1.00088
126 7 1.00088
126 8 1.00088
126 9 1.00088
126 10 1.00088
126 11 1.00088
126 12 1.00088
126 13 1.00087
126 14 1.00087
126 15 1.00087
126 16 1.00086
126 17 1.00086
126 18 1.00085
126 19 1.00085
126 20 1.00084
126 21 1.00084
126 22 1.00083
126 23 1.00082
126 24 1.00082
126 25 1.00081
126 26 1.0008
126 27 1.00079
126 28 1.00078
126 29 1.00078
126 30 1.00077
126 31 1.00076
126 32 1.00075
126 33 1.00074
126 34 1.00073
126 35 1.00071
126 36 1.0007
126 37 1.00069
126 38 1.00068
126 39 1.00066
126 40 1.00065
126 41 1.00063
126 42 1.00062
126 43 1.0006
126 44 1.00058
126 45 1.00056
126 46 1.00055
126 47 1.00053
126 48 1.00051
126 49 1.00048
126 50 1.00046
126 51 1.00044
126 52 1.00042
126 53 1.00039
126 54 1.00037
126 55 1.00034
126 56 1.00031
126 57 1.00029
126 58 1.00026
126 59 1.00023
126 60 1.0002
126 61 1.00017
126 62 1.00015
126 63 1.00012
126 64 1.00009
126 65 1.00006
126 66 1.00003
126 67 1
126 68 0.999975
126 69 0.999948
126 70 0.999922
126 71 0.999897
126 72 0.999874
126 73 0.999852
126 74 0.999831
126 75 0.999813
126 76 0.999797
126 77 0.999783
126 78 0.999772
126 79 0.999764
126 80 0.999759
126 81 0.999758
126 82 0.99976
126 83 0.999766
126 84 0.999777
126 85 0.999793
126 86 0.999813
126 87 0.999839
126 88 0.999871
126 89 0.999908
126 90 0.999953
126 91 1
126 92 1.00006
126 93 1.00013
126 94 1.00021
126 95 1.00029
126 96 1.00039
126 97 1.00049
126 98 1.00061
126 99 1.00074
126 100 1.00088
126 101 1.00104
126 102 1.00121
126 103 1.0014
126 104 1.00161
126 105 1.00184
126 106 1.00209
126 107 1.00237
126 108 1.00268
126 109 1.003
126 110 1.00337
126 111 1.00379
126 112 1.00424
126 113 1.0047
126 114 1.00526
126 115 1.00597
126 116 1.00663
126 117 1.00724
126 118 1.00833
126 119 1.00981
126 120 1.01047
126 121 1.01118
126 122 1.01476
126 123 1.01902
126 124 1.01755
126 125 1.02133
126 126 1.0399
126 127 1.06937

127 0 0
127 1 0
127 2 0
127 3 0
127 4 0
127 5 0
127 6 0
127 7 0
127 8 0
127 9 0
127 10 0
127 11 0
127 12 0
127 13 0
127 14 0
127 15 0
127 16 0
127 17 0
127 18 0
127 19 0
127 20 0
127 21 0
127 22 0
127 23 0
127 24 0
127 25 0
127 26 0
127 27 0
127 28 0
127 29 0
127 30 0
127 31 0
127 32 0
127 33 0
127 34 0
127 35 0
127 36 0
127 37 0
127 38 0
127 39 0
127 40 0
127 41 0
127 42 0
127 43 0
127 44 0
127 45 0
127 46 0
127 47 0
127 48 0
127 49 0
127 50 0
127 51 0
127 52 0
127 53 0
127 54 0
127 55 0
127 56 0
127 57 0
127 58 0
127 59 0
127 60 0
127 61 0
127 62 0
127 63 0
127 64 0
127 65 0
127 66 0
127 67 0
127 68 0
127 69 0
127 70 0
127 71 0
127 72 0
127 73 0
127 74 0
127 75 0
127 76 0
127 77 0
127 78 0
127 79 0
127 80 0
127 81 0
127 82 0
127 83 0
127 84 0
127 85 0
127 86 0
127 87 0
127 88 0
127 89 0
127 90 0
127 91 0
127 92 0
127 93 0
127 94 0
127 95 0
127 96 0
127 97 0
127 98 0
127 99 0
127 100 0
127 101 0
127 102 0
127 103 0
127 104 0
127 105 0
127 106 0
127 107 0
127 108 0
127 109 0
127 110 0
127 111 0
127 112 0
127 113 0
127 114 0
127 115 0
127 116 0
127 117 0
127 118 0
127 119 0
127 120 0
127 121 0
127 122 0
127 123 0
127 124 0
127 125 0
127 126 0
127 127 0

