0 0 0
0 1 0
0 2 0
0 3 0
0 4 0
0 5 0
0 6 0
0 7 0
0 8 0
0 9 0
0 10 0
0 11 0
0 12 0
0 13 0
0 14 0
0 15 0
0 16 0
0 17 0
0 18 0
0 19 0
0 20 0
0 21 0
0 22 0
0 23 0
0 24 0
0 25 0
0 26 0
0 27 0
0 28 0
0 29 0
0 30 0
0 31 0
0 32 0
0 33 0
0 34 0
0 35 0
0 36 0
0 37 0
0 38 0
0 39 0
0 40 0
0 41 0
0 42 0
0 43 0
0 44 0
0 45 0
0 46 0
0 47 0
0 48 0
0 49 0
0 50 0
0 51 0
0 52 0
0 53 0
0 54 0
0 55 0
0 56 0
0 57 0
0 58 0
0 59 0
0 60 0
0 61 0
0 62 0
0 63 0
0 64 0
0 65 0
0 66 0
0 67 0
0 68 0
0 69 0
0 70 0
0 71 0
0 72 0
0 73 0
0 74 0
0 75 0
0 76 0
0 77 0
0 78 0
0 79 0
0 80 0
0 81 0
0 82 0
0 83 0
0 84 0
0 85 0
0 86 0
0 87 0
0 88 0
0 89 0
0 90 0
0 91 0
0 92 0
0 93 0
0 94 0
0 95 0
0 96 0
0 97 0
0 98 0
0 99 0
0 100 0
0 101 0
0 102 0
0 103 0
0 104 0
0 105 0
0 106 0
0 107 0
0 108 0
0 109 0
0 110 0
0 111 0
0 112 0
0 113 0
0 114 0
0 115 0
0 116 0
0 117 0
0 118 0
0 119 0
0 120 0
0 121 0
0 122 0
0 123 0
0 124 0
0 125 0
0 126 0
0 127 0

1 0 0
1 1 1.00169
1 2 1.00168
1 3 1.00168
1 4 1.00168
1 5 1.00168
1 6 1.00168
1 7 1.00168
1 8 1.00168
1 9 1.00168
1 10 1.00168
1 11 1.00168
1 12 1.00168
1 13 1.00168
1 14 1.00168
1 15 1.00168
1 16 1.00168
1 17 1.00168
1 18 1.00168
1 19 1.00167
1 20 1.00167
1 21 1.00167
1 22 1.00167
1 23 1.00167
1 24 1.00166
1 25 1.00166
1 26 1.00166
1 27 1.00165
1 28 1.00165
1 29 1.00164
1 30 1.00164
1 31 1.00163
1 32 1.00163
1 33 1.00162
1 34 1.00161
1 35 1.00161
1 36 1.0016
1 37 1.00159
1 38 1.00158
1 39 1.00157
1 40 1.00157
1 41 1.00156
1 42 1.00155
1 43 1.00154
1 44 1.00153
1 45 1.00151
1 46 1.0015
1 47 1.00149
1 48 1.00148
1 49 1.00147
1 50 1.00145
1 51 1.00144
1 52 1.00142
1 53 1.00141
1 54 1.00139
1 55 1.00138
1 56 1.00136
1 57 1.00135
1 58 1.00133
1 59 1.00131
1 60 1.0013
1 61 1.00128
1 62 1.00126
1 63 1.00125
1 64 1.00123
1 65 1.00121
1 66 1.00119
1 67 1.00117
1 68 1.00115
1 69 1.00113
1 70 1.00112
1 71 1.0011
1 72 1.00108
1 73 1.00106
1 74 1.00104
1 75 1.00102
1 76 1.001
1 77 1.00098
1 78 1.00096
1 79 1.00094
1 80 1.00092
1 81 1.0009
1 82 1.00089
1 83 1.00087
1 84 1.00085
1 85 1.00083
1 86 1.00081
1 87 1.00079
1 88 1.00077
1 89 1.00076
1 90 1.00074
1 91 1.00072
1 92 1.0007
1 93 1.00068
1 94 1.00067
1 95 1.00065
1 96 1.00063
1 97 1.00061
1 98 1.00059
1 99 1.00058
1 100 1.00056
1 101 1.00054
1 102 1.00052
1 103 1.0005
1 104 1.00048
1 105 1.00046
1 106 1.00043
1 107 1.00041
1 108 1.00038
1 109 1.00035
1 110 1.00032
1 111 1.0003
1 112 1.00024
1 113 1.00018
1 114 1.00016
1 115 1.00011
1 116 0.999942
1 117 0.999853
1 118 0.999934
1 119 0.999643
1 120 0.998958
1 121 0.999246
1 122 0.999607
1 123 0.996979
1 124 0.994968
1 125 0.997593
1 126 0.994908
1 127 0.972708

2 0 0
2 1 1.00169
2 2 1.00168
2 3 1.00168
2 4 1.00168
2 5 1.00168
2 6 1.00168
2 7 1.00168
2 8 1.00168
2 9 1.00168
2 10 1.00168
2 11 1.00168
2 12 1.00168
2 13 1.00168
2 14 1.00168
2 15 1.00168
2 16 1.00168
2 17 1.00168
2 18 1.00167
2 19 1.00167
2 20 1.00167
2 21 1.00167
2 22 1.00167
2 23 1.00166
2 24 1.00166
2 25 1.00166
2 26 1.00165
2 27 1.00165
2 28 1.00164
2 29 1.00164
2 30 1.00163
2 31 1.00163
2 32 1.00162
2 33 1.00162
2 34 1.00161
2 35 1.0016
2 36 1.0016
2 37 1.00159
2 38 1.00158
2 39 1.00157
2 40 1.00156
2 41 1.00155
2 42 1.00154
2 43 1.00153
2 44 1.00152
2 45 1.00151
2 46 1.0015
2 47 1.00149
2 48 1.00147
2 49 1.00146
2 50 1.00145
2 51 1.00143
2 52 1.00142
2 53 1.00141
2 54 1.00139
2 55 1.00138
2 56 1.00136
2 57 1.00134
2 58 1.00133
2 59 1.00131
2 60 1.00129
2 61 1.00128
2 62 1.00126
2 63 1.00124
2 64 1.00122
2 65 1.00121
2 66 1.00119
2 67 1.00117
2 68 1.00115
2 69 1.00113
2 70 1.00111
2 71 1.00109
2 72 1.00108
2 73 1.00106
2 74 1.00104
2 75 1.00102
2 76 1.001
2 77 1.00098
2 78 1.00096
2 79 1.00094
2 80 1.00092
2 81 1.0009
2 82 1.00088
2 83 1.00086
2 84 1.00085
2 85 1.00083
2 86 1.00081
2 87 1.00079
2 88 1.00077
2 89 1.00075
2 90 1.00073
2 91 1.00072
2 92 1.0007
2 93 1.00068
2 94 1.00066
2 95 1.00064
2 96 1.00063
2 97 1.00061
2 98 1.00059
2 99 1.00057
2 100 1.00055
2 101 1.00053
2 102 1.00051
2 103 1.00049
2 104 1.00047
2 105 1.00045
2 106 1.00042
2 107 1.00039
2 108 1.00037
2 109 1.00034
2 110 1.0003
2 111 1.00025
2 112 1.00023
2 113 1.00019
2 114 1.00007
2 115 1
2 116 1.00004
2 117 0.99987
2 118 0.999409
2 119 0.999581
2 120 0.999936
2 121 0.998446
2 122 0.996768
2 123 0.999827
2 124 1.00042
2 125 0.98646
2 126 0.98571
2 127 1.01356

3 0 0
3 1 1.00168
3 2 1.00168
3 3 1.00168
3 4 1.00168
3 5 1.00168
3 6 1.00168
3 7 1.00168
3 8 1.00168
3 9 1.00168
3 10 1.00168
3 11 1.00168
3 12 1.00168
3 13 1.00168
3 14 1.00168
3 15 1.00168
3 16 1.00167
3 17 1.00167
3 18 1.00167
3 19 1.00167
3 20 1.00167
3 21 1.00166
3 22 1.00166
3 23 1.00166
3 24 1.00166
3 25 1.00165
3 26 1.00165
3 27 1.00165
3 28 1.00164
3 29 1.00164
3 30 1.00163
3 31 1.00163
3 32 1.00162
3 33 1.00161
3 34 1.00161
3 35 1.0016
3 36 1.00159
3 37 1.00158
3 38 1.00158
3 39 1.00157
3 40 1.00156
3 41 1.00155
3 42 1.00154
3 43 1.00153
3 44 1.00152
3 45 1.00151
3 46 1.0015
3 47 1.00148
3 48 1.00147
3 49 1.00146
3 50 1.00144
3 51 1.00143
3 52 1.00142
3 53 1.0014
3 54 1.00139
3 55 1.00137
3 56 1.00136
3 57 1.00134
3 58 1.00132
3 59 1.00131
3 60 1.00129
3 61 1.00127
3 62 1.00126
3 63 1.00124
3 64 1.00122
3 65 1.0012
3 66 1.00118
3 67 1.00117
3 68 1.00115
3 69 1.00113
3 70 1.00111
3 71 1.00109
3 72 1.00107
3 73 1.00105
3 74 1.00103
3 75 1.00101
3 76 1.001
3 77 1.00098
3 78 1.00096
3 79 1.00094
3 80 1.00092
3 81 1.0009
3 82 1.00088
3 83 1.00086
3 84 1.00084
3 85 1.00082
3 86 1.00081
3 87 1.00079
3 88 1.00077
3 89 1.00075
3 90 1.00073
3 91 1.00071
3 92 1.0007
3 93 1.00068
3 94 1.00066
3 95 1.00064
3 96 1.00062
3 97 1.0006
3 98 1.00058
3 99 1.00057
3 100 1.00055
3 101 1.00053
3 102 1.00051
3 103 1.00048
3 104 1.00046
3 105 1.00044
3 106 1.00041
3 107 1.00039
3 108 1.00035
3 109 1.00033
3 110 1.00029
3 111 1.00024
3 112 1.00019
3 113 1.00016
3 114 1.0001
3 115 0.999965
3 116 0.999898
3 117 0.999911
3 118 0.999647
3 119 0.999207
3 120 0.999338
3 121 0.999522
3 122 0.998015
3 123 0.996549
3 124 0.998478
3 125 0.99816
3 126 0.991299
3 127 0.999965

4 0 0
4 1 1.00168
4 2 1.00168
4 3 1.00168
4 4 1.00168
4 5 1.00168
4 6 1.00168
4 7 1.00168
4 8 1.00168
4 9 1.00168
4 10 1.00168
4 11 1.00168
4 12 1.00168
4 13 1.00167
4 14 1.00167
4 15 1.00167
4 16 1.00167
4 17 1.00167
4 18 1.00167
4 19 1.00167
4 20 1.00166
4 21 1.00166
4 22 1.00166
4 23 1.00166
4 24 1.00165
4 25 1.00165
4 26 1.00165
4 27 1.00164
4 28 1.00164
4 29 1.00163
4 30 1.00163
4 31 1.00162
4 32 1.00162
4 33 1.00161
4 34 1.0016
4 35 1.0016
4 36 1.00159
4 37 1.00158
4 38 1.00157
4 39 1.00156
4 40 1.00155
4 41 1.00154
4 42 1.00154
4 43 1.00152
4 44 1.00151
4 45 1.0015
4 46 1.00149
4 47 1.00148
4 48 1.00147
4 49 1.00145
4 50 1.00144
4 51 1.00143
4 52 1.00141
4 53 1.0014
4 54 1.00138
4 55 1.00137
4 56 1.00135
4 57 1.00134
4 58 1.00132
4 59 1.0013
4 60 1.00129
4 61 1.00127
4 62 1.00125
4 63 1.00124
4 64 1.00122
4 65 1.0012
4 66 1.00118
4 67 1.00116
4 68 1.00114
4 69 1.00113
4 70 1.00111
4 71 1.00109
4 72 1.00107
4 73 1.00105
4 74 1.00103
4 75 1.00101
4 76 1.00099
4 77 1.00097
4 78 1.00095
4 79 1.00093
4 80 1.00092
4 81 1.0009
4 82 1.00088
4 83 1.00086
4 84 1.00084
4 85 1.00082
4 86 1.0008
4 87 1.00078
4 88 1.00077
4 89 1.00075
4 90 1.00073
4 91 1.00071
4 92 1.00069
4 93 1.00067
4 94 1.00066
4 95 1.00064
4 96 1.00062
4 97 1.0006
4 98 1.00058
4 99 1.00056
4 100 1.00054
4 101 1.00052
4 102 1.0005
4 103 1.00048
4 104 1.00046
4 105 1.00043
4 106 1.0004
4 107 1.00038
4 108 1.00035
4 109 1.00031
4 110 1.00028
4 111 1.00025
4 112 1.00018
4 113 1.0001
4 114 1.0001
4 115 1.00005
4 116 0.999795
4 117 0.999686
4 118 0.999945
4 119 0.999581
4 120 0.998498
4 121 0.999022
4 122 1.00032
4 123 0.99726
4 124 0.994059
4 125 1.00084
4 126 1.00049
4 127 0.995529

5 0 0
5 1 1.00168
5 2 1.00168
5 3 1.00168
5 4 1.00168
5 5 1.00168
5 6 1.00167
5 7 1.00167
5 8 1.00167
5 9 1.00167
5 10 1.00167
5 11 1.00167
5 12 1.00167
5 13 1.00167
5 14 1.00167
5 15 1.00167
5 16 1.00167
5 17 1.00167
5 18 1.00166
5 19 1.00166
5 20 1.00166
5 21 1.00166
5 22 1.00165
5 23 1.00165
5 24 1.00165
5 25 1.00164
5 26 1.00164
5 27 1.00164
5 28 1.00163
5 29 1.00163
5 30 1.00162
5 31 1.00162
5 32 1.00161
5 33 1.0016
5 34 1.0016
5 35 1.00159
5 36 1.00158
5 37 1.00158
5 38 1.00157
5 39 1.00156
5 40 1.00155
5 41 1.00154
5 42 1.00153
5 43 1.00152
5 44 1.00151
5 45 1.0015
5 46 1.00149
5 47 1.00147
5 48 1.00146
5 49 1.00145
5 50 1.00144
5 51 1.00142
5 52 1.00141
5 53 1.00139
5 54 1.00138
5 55 1.00136
5 56 1.00135
5 57 1.00133
5 58 1.00132
5 59 1.0013
5 60 1.00128
5 61 1.00127
5 62 1.00125
5 63 1.00123
5 64 1.00121
5 65 1.00119
5 66 1.00118
5 67 1.00116
5 68 1.00114
5 69 1.00112
5 70 1.0011
5 71 1.00108
5 72 1.00106
5 73 1.00105
5 74 1.00103
5 75 1.00101
5 76 1.00099
5 77 1.00097
5 78 1.00095
5 79 1.00093
5 80 1.00091
5 81 1.00089
5 82 1.00087
5 83 1.00086
5 84 1.00084
5 85 1.00082
5 86 1.0008
5 87 1.00078
5 88 1.00076
5 89 1.00074
5 90 1.00072
5 91 1.00071
5 92 1.00069
5 93 1.00067
5 94 1.00065
5 95 1.00063
5 96 1.00061
5 97 1.00059
5 98 1.00058
5 99 1.00056
5 100 1.00054
5 101 1.00052
5 102 1.00049
5 103 1.00047
5 104 1.00045
5 105 1.00043
5 106 1.0004
5 107 1.00037
5 108 1.00034
5 109 1.00031
5 110 1.00026
5 111 1.00023
5 112 1.0002
5 113 1.00012
5 114 1.00002
5 115 1.00002
5 116 0.999998
5 117 0.999699
5 118 0.9995
5 119 0.999822
5 120 0.999607
5 121 0.998348
5 122 0.998558
5 123 1.00022
5 124 0.997759
5 125 0.996364
5 126 1.00133
5 127 1.00185

6 0 0
6 1 1.00167
6 2 1.00167
6 3 1.00167
6 4 1.00167
6 5 1.00167
6 6 1.00167
6 7 1.00167
6 8 1.00167
6 9 1.00167
6 10 1.00167
6 11 1.00167
6 12 1.00167
6 13 1.00167
6 14 1.00166
6 15 1.00166
6 16 1.00166
6 17 1.00166
6 18 1.00166
6 19 1.00166
6 20 1.00165
6 21 1.00165
6 22 1.00165
6 23 1.00165
6 24 1.00164
6 25 1.00164
6 26 1.00164
6 27 1.00163
6 28 1.00163
6 29 1.00162
6 30 1.00162
6 31 1.00161
6 32 1.00161
6 33 1.0016
6 34 1.00159
6 35 1.00159
6 36 1.00158
6 37 1.00157
6 38 1.00156
6 39 1.00155
6 40 1.00154
6 41 1.00154
6 42 1.00153
6 43 1.00151
6 44 1.0015
6 45 1.00149
6 46 1.00148
6 47 1.00147
6 48 1.00146
6 49 1.00144
6 50 1.00143
6 51 1.00142
6 52 1.0014
6 53 1.00139
6 54 1.00137
6 55 1.00136
6 56 1.00134
6 57 1.00133
6 58 1.00131
6 59 1.00129
6 60 1.00128
6 61 1.00126
6 62 1.00124
6 63 1.00123
6 64 1.00121
6 65 1.00119
6 66 1.00117
6 67 1.00115
6 68 1.00113
6 69 1.00112
6 70 1.0011
6 71 1.00108
6 72 1.00106
6 73 1.00104
6 74 1.00102
6 75 1.001
6 76 1.00098
6 77 1.00096
6 78 1.00095
6 79 1.00093
6 80 1.00091
6 81 1.00089
6 82 1.00087
6 83 1.00085
6 84 1.00083
6 85 1.00081
6 86 1.00079
6 87 1.00078
6 88 1.00076
6 89 1.00074
6 90 1.00072
6 91 1.0007
6 92 1.00068
6 93 1.00067
6 94 1.00065
6 95 1.00063
6 96 1.00061
6 97 1.00059
6 98 1.00057
6 99 1.00055
6 100 1.00053
6 101 1.00051
6 102 1.00049
6 103 1.00047
6 104 1.00044
6 105 1.00042
6 106 1.0004
6 107 1.00037
6 108 1.00033
6 109 1.00031
6 110 1.00027
6 111 1.00021
6 112 1.00018
6 113 1.00017
6 114 1.00007
6 115 0.999918
6 116 0.999971
6 117 0.999999
6 118 0.999539
6 119 0.999301
6 120 0.999927
6 121 0.999641
6 122 0.997936
6 123 0.998858
6 124 1.00062
6 125 0.998311
6 126 0.999663
6 127 1.00092

7 0 0
7 1 1.00167
7 2 1.00167
7 3 1.00167
7 4 1.00167
7 5 1.00167
7 6 1.00167
7 7 1.00167
7 8 1.00166
7 9 1.00166
7 10 1.00166
7 11 1.00166
7 12 1.00166
7 13 1.00166
7 14 1.00166
7 15 1.00166
7 16 1.00166
7 17 1.00166
7 18 1.00165
7 19 1.00165
7 20 1.00165
7 21 1.00165
7 22 1.00164
7 23 1.00164
7 24 1.00164
7 25 1.00163
7 26 1.00163
7 27 1.00163
7 28 1.00162
7 29 1.00162
7 30 1.00161
7 31 1.00161
7 32 1.0016
7 33 1.00159
7 34 1.00159
7 35 1.00158
7 36 1.00157
7 37 1.00156
7 38 1.00156
7 39 1.00155
7 40 1.00154
7 41 1.00153
7 42 1.00152
7 43 1.00151
7 44 1.0015
7 45 1.00149
7 46 1.00148
7 47 1.00146
7 48 1.00145
7 49 1.00144
7 50 1.00142
7 51 1.00141
7 52 1.0014
7 53 1.00138
7 54 1.00137
7 55 1.00135
7 56 1.00134
7 57 1.00132
7 58 1.00131
7 59 1.00129
7 60 1.00127
7 61 1.00125
7 62 1.00124
7 63 1.00122
7 64 1.0012
7 65 1.00118
7 66 1.00117
7 67 1.00115
7 68 1.00113
7 69 1.00111
7 70 1.00109
7 71 1.00107
7 72 1.00105
7 73 1.00104
7 74 1.00102
7 75 1.001
7 76 1.00098
7 77 1.00096
7 78 1.00094
7 79 1.00092
7 80 1.0009
7 81 1.00088
7 82 1.00086
7 83 1.00085
7 84 1.00083
7 85 1.00081
7 86 1.00079
7 87 1.00077
7 88 1.00075
7 89 1.00073
7 90 1.00072
7 91 1.0007
7 92 1.00068
7 93 1.00066
7 94 1.00064
7 95 1.00062
7 96 1.0006
7 97 1.00059
7 98 1.00057
7 99 1.00055
7 100 1.00053
7 101 1.00051
7 102 1.00049
7 103 1.00047
7 104 1.00044
7 105 1.00042
7 106 1.00039
7 107 1.00037
7 108 1.00033
7 109 1.0003
7 110 1.00028
7 111 1.00024
7 112 1.00017
7 113 1.00012
7 114 1.00014
7 115 1.00004
7 116 0.999832
7 117 0.999891
7 118 1.00002
7 119 0.999539
7 120 0.999144
7 121 0.999887
7 122 0.999803
7 123 0.998362
7 124 0.999383
7 125 1.00054
7 126 0.999827
7 127 1.00005

8 0 0
8 1 1.00166
8 2 1.00166
8 3 1.00166
8 4 1.00166
8 5 1.00166
8 6 1.00166
8 7 1.00166
8 8 1.00166
8 9 1.00166
8 10 1.00166
8 11 1.00166
8 12 1.00166
8 13 1.00166
8 14 1.00165
8 15 1.00165
8 16 1.00165
8 17 1.00165
8 18 1.00165
8 19 1.00165
8 20 1.00164
8 21 1.00164
8 22 1.00164
8 23 1.00164
8 24 1.00163
8 25 1.00163
8 26 1.00162
8 27 1.00162
8 28 1.00162
8 29 1.00161
8 30 1.00161
8 31 1.0016
8 32 1.00159
8 33 1.00159
8 34 1.00158
8 35 1.00157
8 36 1.00157
8 37 1.00156
8 38 1.00155
8 39 1.00154
8 40 1.00153
8 41 1.00152
8 42 1.00151
8 43 1.0015
8 44 1.00149
8 45 1.00148
8 46 1.00147
8 47 1.00146
8 48 1.00144
8 49 1.00143
8 50 1.00142
8 51 1.0014
8 52 1.00139
8 53 1.00138
8 54 1.00136
8 55 1.00135
8 56 1.00133
8 57 1.00131
8 58 1.0013
8 59 1.00128
8 60 1.00127
8 61 1.00125
8 62 1.00123
8 63 1.00121
8 64 1.0012
8 65 1.00118
8 66 1.00116
8 67 1.00114
8 68 1.00112
8 69 1.0011
8 70 1.00109
8 71 1.00107
8 72 1.00105
8 73 1.00103
8 74 1.00101
8 75 1.00099
8 76 1.00097
8 77 1.00095
8 78 1.00093
8 79 1.00091
8 80 1.0009
8 81 1.00088
8 82 1.00086
8 83 1.00084
8 84 1.00082
8 85 1.0008
8 86 1.00078
8 87 1.00077
8 88 1.00075
8 89 1.00073
8 90 1.00071
8 91 1.00069
8 92 1.00067
8 93 1.00066
8 94 1.00064
8 95 1.00062
8 96 1.0006
8 97 1.00058
8 98 1.00056
8 99 1.00054
8 100 1.00052
8 101 1.0005
8 102 1.00048
8 103 1.00046
8 104 1.00044
8 105 1.00042
8 106 1.00039
8 107 1.00037
8 108 1.00034
8 109 1.00031
8 110 1.00026
8 111 1.00025
8 112 1.00022
8 113 1.00013
8 114 1.00008
8 115 1.00013
8 116 1.00001
8 117 0.999763
8 118 0.999871
8 119 1.00005
8 120 0.999499
8 121 0.999216
8 122 1.00004
8 123 0.999753
8 124 0.999114
8 125 1.00024
8 126 1.00027
8 127 1.0004

9 0 0
9 1 1.00166
9 2 1.00166
9 3 1.00165
9 4 1.00165
9 5 1.00165
9 6 1.00165
9 7 1.00165
9 8 1.00165
9 9 1.00165
9 10 1.00165
9 11 1.00165
9 12 1.00165
9 13 1.00165
9 14 1.00165
9 15 1.00165
9 16 1.00164
9 17 1.00164
9 18 1.00164
9 19 1.00164
9 20 1.00164
9 21 1.00163
9 22 1.00163
9 23 1.00163
9 24 1.00163
9 25 1.00162
9 26 1.00162
9 27 1.00161
9 28 1.00161
9 29 1.0016
9 30 1.0016
9 31 1.00159
9 32 1.00159
9 33 1.00158
9 34 1.00157
9 35 1.00157
9 36 1.00156
9 37 1.00155
9 38 1.00154
9 39 1.00153
9 40 1.00153
9 41 1.00152
9 42 1.00151
9 43 1.0015
9 44 1.00149
9 45 1.00147
9 46 1.00146
9 47 1.00145
9 48 1.00144
9 49 1.00142
9 50 1.00141
9 51 1.0014
9 52 1.00138
9 53 1.00137
9 54 1.00135
9 55 1.00134
9 56 1.00132
9 57 1.00131
9 58 1.00129
9 59 1.00128
9 60 1.00126
9 61 1.00124
9 62 1.00122
9 63 1.00121
9 64 1.00119
9 65 1.00117
9 66 1.00115
9 67 1.00113
9 68 1.00112
9 69 1.0011
9 70 1.00108
9 71 1.00106
9 72 1.00104
9 73 1.00102
9 74 1.001
9 75 1.00098
9 76 1.00097
9 77 1.00095
9 78 1.00093
9 79 1.00091
9 80 1.00089
9 81 1.00087
9 82 1.00085
9 83 1.00083
9 84 1.00081
9 85 1.0008
9 86 1.00078
9 87 1.00076
9 88 1.00074
9 89 1.00072
9 90 1.0007
9 91 1.00069
9 92 1.00067
9 93 1.00065
9 94 1.00063
9 95 1.00061
9 96 1.0006
9 97 1.00058
9 98 1.00056
9 99 1.00054
9 100 1.00052
9 101 1.0005
9 102 1.00048
9 103 1.00046
9 104 1.00044
9 105 1.00042
9 106 1.00039
9 107 1.00036
9 108 1.00034
9 109 1.00032
9 110 1.00028
9 111 1.00023
9 112 1.00023
9 113 1.00021
9 114 1.0001
9 115 1.00004
9 116 1.00012
9 117 1.00003
9 118 0.99973
9 119 0.999852
9 120 1.00011
9 121 0.999592
9 122 0.999427
9 123 1.00015
9 124 0.999978
9 125 0.999798
9 126 1.00037
9 127 1.00077

10 0 0
10 1 1.00165
10 2 1.00165
10 3 1.00165
10 4 1.00165
10 5 1.00165
10 6 1.00165
10 7 1.00165
10 8 1.00165
10 9 1.00165
10 10 1.00164
10 11 1.00164
10 12 1.00164
10 13 1.00164
10 14 1.00164
10 15 1.00164
10 16 1.00164
10 17 1.00164
10 18 1.00163
10 19 1.00163
10 20 1.00163
10 21 1.00163
10 22 1.00162
10 23 1.00162
10 24 1.00162
10 25 1.00161
10 26 1.00161
10 27 1.00161
10 28 1.0016
10 29 1.0016
10 30 1.00159
10 31 1.00159
10 32 1.00158
10 33 1.00157
10 34 1.00157
10 35 1.00156
10 36 1.00155
10 37 1.00154
10 38 1.00154
10 39 1.00153
10 40 1.00152
10 41 1.00151
10 42 1.0015
10 43 1.00149
10 44 1.00148
10 45 1.00147
10 46 1.00145
10 47 1.00144
10 48 1.00143
10 49 1.00142
10 50 1.0014
10 51 1.00139
10 52 1.00138
10 53 1.00136
10 54 1.00135
10 55 1.00133
10 56 1.00132
10 57 1.0013
10 58 1.00128
10 59 1.00127
10 60 1.00125
10 61 1.00123
10 62 1.00122
10 63 1.0012
10 64 1.00118
10 65 1.00116
10 66 1.00115
10 67 1.00113
10 68 1.00111
10 69 1.00109
10 70 1.00107
10 71 1.00105
10 72 1.00103
10 73 1.00101
10 74 1.001
10 75 1.00098
10 76 1.00096
10 77 1.00094
10 78 1.00092
10 79 1.0009
10 80 1.00088
10 81 1.00086
10 82 1.00084
10 83 1.00083
10 84 1.00081
10 85 1.00079
10 86 1.00077
10 87 1.00075
10 88 1.00073
10 89 1.00072
10 90 1.0007
10 91 1.00068
10 92 1.00066
10 93 1.00064
10 94 1.00063
10 95 1.00061
10 96 1.00059
10 97 1.00057
10 98 1.00055
10 99 1.00054
10 100 1.00052
10 101 1.0005
10 102 1.00048
10 103 1.00046
10 104 1.00044
10 105 1.00042
10 106 1.0004
10 107 1.00037
10 108 1.00034
10 109 1.00032
10 110 1.00031
10 111 1.00026
10 112 1.00021
10 113 1.00021
10 114 1.0002
10 115 1.00008
10 116 1.00002
10 117 1.00013
10 118 1.00004
10 119 0.999761
10 120 0.999926
10 121 1.00011
10 122 0.999726
10 123 0.999828
10 124 1.00026
10 125 1.00015
10 126 1.00042
10 127 1.00062

11 0 0
11 1 1.00164
11 2 1.00164
11 3 1.00164
11 4 1.00164
11 5 1.00164
11 6 1.00164
11 7 1.00164
11 8 1.00164
11 9 1.00164
11 10 1.00164
11 11 1.00164
11 12 1.00163
11 13 1.00163
11 14 1.00163
11 15 1.00163
11 16 1.00163
11 17 1.00163
11 18 1.00163
11 19 1.00162
11 20 1.00162
11 21 1.00162
11 22 1.00162
11 23 1.00161
11 24 1.00161
11 25 1.00161
11 26 1.0016
11 27 1.0016
11 28 1.00159
11 29 1.00159
11 30 1.00158
11 31 1.00158
11 32 1.00157
11 33 1.00157
11 34 1.00156
11 35 1.00155
11 36 1.00154
11 37 1.00154
11 38 1.00153
11 39 1.00152
11 40 1.00151
11 41 1.0015
11 42 1.00149
11 43 1.00148
11 44 1.00147
11 45 1.00146
11 46 1.00145
11 47 1.00144
11 48 1.00142
11 49 1.00141
11 50 1.0014
11 51 1.00138
11 52 1.00137
11 53 1.00135
11 54 1.00134
11 55 1.00132
11 56 1.00131
11 57 1.00129
11 58 1.00128
11 59 1.00126
11 60 1.00124
11 61 1.00123
11 62 1.00121
11 63 1.00119
11 64 1.00117
11 65 1.00116
11 66 1.00114
11 67 1.00112
11 68 1.0011
11 69 1.00108
11 70 1.00106
11 71 1.00104
11 72 1.00103
11 73 1.00101
11 74 1.00099
11 75 1.00097
11 76 1.00095
11 77 1.00093
11 78 1.00091
11 79 1.00089
11 80 1.00087
11 81 1.00085
11 82 1.00084
11 83 1.00082
11 84 1.0008
11 85 1.00078
11 86 1.00076
11 87 1.00074
11 88 1.00073
11 89 1.00071
11 90 1.00069
11 91 1.00067
11 92 1.00066
11 93 1.00064
11 94 1.00062
11 95 1.0006
11 96 1.00059
11 97 1.00057
11 98 1.00055
11 99 1.00053
11 100 1.00051
11 101 1.0005
11 102 1.00048
11 103 1.00046
11 104 1.00044
11 105 1.00042
11 106 1.0004
11 107 1.00038
11 108 1.00036
11 109 1.00032
11 110 1.0003
11 111 1.0003
11 112 1.00025
11 113 1.00019
11 114 1.0002
11 115 1.00021
11 116 1.00008
11 117 1.00002
11 118 1.00015
11 119 1.00007
11 120 0.999835
11 121 1.00003
11 122 1.00018
11 123 0.999939
11 124 1.00013
11 125 1.00041
11 126 1.00053
11 127 1.00065

12 0 0
12 1 1.00163
12 2 1.00163
12 3 1.00163
12 4 1.00163
12 5 1.00163
12 6 1.00163
12 7 1.00163
12 8 1.00163
12 9 1.00163
12 10 1.00163
12 11 1.00163
12 12 1.00163
12 13 1.00163
12 14 1.00162
12 15 1.00162
12 16 1.00162
12 17 1.00162
12 18 1.00162
12 19 1.00162
12 20 1.00161
12 21 1.00161
12 22 1.00161
12 23 1.00161
12 24 1.0016
12 25 1.0016
12 26 1.00159
12 27 1.00159
12 28 1.00159
12 29 1.00158
12 30 1.00158
12 31 1.00157
12 32 1.00156
12 33 1.00156
12 34 1.00155
12 35 1.00154
12 36 1.00154
12 37 1.00153
12 38 1.00152
12 39 1.00151
12 40 1.0015
12 41 1.00149
12 42 1.00148
12 43 1.00147
12 44 1.00146
12 45 1.00145
12 46 1.00144
12 47 1.00143
12 48 1.00141
12 49 1.0014
12 50 1.00139
12 51 1.00137
12 52 1.00136
12 53 1.00135
12 54 1.00133
12 55 1.00132
12 56 1.0013
12 57 1.00128
12 58 1.00127
12 59 1.00125
12 60 1.00123
12 61 1.00122
12 62 1.0012
12 63 1.00118
12 64 1.00116
12 65 1.00115
12 66 1.00113
12 67 1.00111
12 68 1.00109
12 69 1.00107
12 70 1.00105
12 71 1.00103
12 72 1.00102
12 73 1.001
12 74 1.00098
12 75 1.00096
12 76 1.00094
12 77 1.00092
12 78 1.0009
12 79 1.00088
12 80 1.00086
12 81 1.00085
12 82 1.00083
12 83 1.00081
12 84 1.00079
12 85 1.00077
12 86 1.00075
12 87 1.00074
12 88 1.00072
12 89 1.0007
12 90 1.00068
12 91 1.00067
12 92 1.00065
12 93 1.00063
12 94 1.00061
12 95 1.0006
12 96 1.00058
12 97 1.00056
12 98 1.00055
12 99 1.00053
12 100 1.00051
12 101 1.00049
12 102 1.00048
12 103 1.00046
12 104 1.00044
12 105 1.00042
12 106 1.0004
12 107 1.00038
12 108 1.00037
12 109 1.00035
12 110 1.00031
12 111 1.00029
12 112 1.00029
12 113 1.00025
12 114 1.00019
12 115 1.0002
12 116 1.00022
12 117 1.0001
12 118 1.00006
12 119 1.00018
12 120 1.00011
12 121 0.999977
12 122 1.00017
12 123 1.00023
12 124 1.00021
12 125 1.00042
12 126 1.00058
12 127 1.00074

13 0 0
13 1 1.00162
13 2 1.00162
13 3 1.00162
13 4 1.00162
13 5 1.00162
13 6 1.00162
13 7 1.00162
13 8 1.00162
13 9 1.00162
13 10 1.00162
13 11 1.00162
13 12 1.00162
13 13 1.00162
13 14 1.00162
13 15 1.00161
13 16 1.00161
13 17 1.00161
13 18 1.00161
13 19 1.00161
13 20 1.0016
13 21 1.0016
13 22 1.0016
13 23 1.0016
13 24 1.00159
13 25 1.00159
13 26 1.00159
13 27 1.00158
13 28 1.00158
13 29 1.00157
13 30 1.00157
13 31 1.00156
13 32 1.00155
13 33 1.00155
13 34 1.00154
13 35 1.00153
13 36 1.00153
13 37 1.00152
13 38 1.00151
13 39 1.0015
13 40 1.00149
13 41 1.00148
13 42 1.00147
13 43 1.00146
13 44 1.00145
13 45 1.00144
13 46 1.00143
13 47 1.00142
13 48 1.0014
13 49 1.00139
13 50 1.00138
13 51 1.00136
13 52 1.00135
13 53 1.00134
13 54 1.00132
13 55 1.00131
13 56 1.00129
13 57 1.00127
13 58 1.00126
13 59 1.00124
13 60 1.00122
13 61 1.00121
13 62 1.00119
13 63 1.00117
13 64 1.00115
13 65 1.00114
13 66 1.00112
13 67 1.0011
13 68 1.00108
13 69 1.00106
13 70 1.00104
13 71 1.00103
13 72 1.00101
13 73 1.00099
13 74 1.00097
13 75 1.00095
13 76 1.00093
13 77 1.00091
13 78 1.00089
13 79 1.00087
13 80 1.00085
13 81 1.00084
13 82 1.00082
13 83 1.0008
13 84 1.00078
13 85 1.00076
13 86 1.00075
13 87 1.00073
13 88 1.00071
13 89 1.00069
13 90 1.00068
13 91 1.00066
13 92 1.00064
13 93 1.00062
13 94 1.00061
13 95 1.00059
13 96 1.00057
13 97 1.00056
13 98 1.00054
13 99 1.00053
13 100 1.00051
13 101 1.00049
13 102 1.00048
13 103 1.00046
13 104 1.00044
13 105 1.00043
13 106 1.00041
13 107 1.00039
13 108 1.00037
13 109 1.00036
13 110 1.00034
13 111 1.00031
13 112 1.00029
13 113 1.00029
13 114 1.00026
13 115 1.00019
13 116 1.00022
13 117 1.00024
13 118 1.00013
13 119 1.00012
13 120 1.00023
13 121 1.00017
13 122 1.00013
13 123 1.0003
13 124 1.00038
13 125 1.00045
13 126 1.00061
13 127 1.00077

14 0 0
14 1 1.00161
14 2 1.00161
14 3 1.00161
14 4 1.00161
14 5 1.00161
14 6 1.00161
14 7 1.00161
14 8 1.00161
14 9 1.00161
14 10 1.00161
14 11 1.00161
14 12 1.00161
14 13 1.00161
14 14 1.00161
14 15 1.0016
14 16 1.0016
14 17 1.0016
14 18 1.0016
14 19 1.0016
14 20 1.00159
14 21 1.00159
14 22 1.00159
14 23 1.00159
14 24 1.00158
14 25 1.00158
14 26 1.00158
14 27 1.00157
14 28 1.00157
14 29 1.00156
14 30 1.00156
14 31 1.00155
14 32 1.00155
14 33 1.00154
14 34 1.00153
14 35 1.00153
14 36 1.00152
14 37 1.00151
14 38 1.0015
14 39 1.00149
14 40 1.00148
14 41 1.00147
14 42 1.00146
14 43 1.00145
14 44 1.00144
14 45 1.00143
14 46 1.00142
14 47 1.00141
14 48 1.0014
14 49 1.00138
14 50 1.00137
14 51 1.00136
14 52 1.00134
14 53 1.00133
14 54 1.00131
14 55 1.0013
14 56 1.00128
14 57 1.00126
14 58 1.00125
14 59 1.00123
14 60 1.00121
14 61 1.0012
14 62 1.00118
14 63 1.00116
14 64 1.00114
14 65 1.00113
14 66 1.00111
14 67 1.00109
14 68 1.00107
14 69 1.00105
14 70 1.00103
14 71 1.00101
14 72 1.001
14 73 1.00098
14 74 1.00096
14 75 1.00094
14 76 1.00092
14 77 1.0009
14 78 1.00088
14 79 1.00086
14 80 1.00084
14 81 1.00083
14 82 1.00081
14 83 1.00079
14 84 1.00077
14 85 1.00075
14 86 1.00074
14 87 1.00072
14 88 1.0007
14 89 1.00068
14 90 1.00067
14 91 1.00065
14 92 1.00063
14 93 1.00062
14 94 1.0006
14 95 1.00058
14 96 1.00057
14 97 1.00055
14 98 1.00054
14 99 1.00052
14 100 1.00051
14 101 1.00049
14 102 1.00047
14 103 1.00046
14 104 1.00044
14 105 1.00043
14 106 1.00041
14 107 1.0004
14 108 1.00038
14 109 1.00036
14 110 1.00035
14 111 1.00034
14 112 1.00031
14 113 1.00029
14 114 1.0003
14 115 1.00027
14 116 1.00021
14 117 1.00024
14 118 1.00026
14 119 1.00018
14 120 1.0002
14 121 1.00029
14 122 1.00026
14 123 1.00031
14 124 1.00044
14 125 1.00053
14 126 1.00065
14 127 1.00076

15 0 0
15 1 1.0016
15 2 1.0016
15 3 1.0016
15 4 1.0016
15 5 1.0016
15 6 1.0016
15 7 1.0016
15 8 1.0016
15 9 1.0016
15 10 1.0016
15 11 1.0016
15 12 1.0016
15 13 1.0016
15 14 1.0016
15 15 1.00159
15 16 1.00159
15 17 1.00159
15 18 1.00159
15 19 1.00159
15 20 1.00158
15 21 1.00158
15 22 1.00158
15 23 1.00158
15 24 1.00157
15 25 1.00157
15 26 1.00157
15 27 1.00156
15 28 1.00156
15 29 1.00155
15 30 1.00155
15 31 1.00154
15 32 1.00154
15 33 1.00153
15 34 1.00152
15 35 1.00152
15 36 1.00151
15 37 1.0015
15 38 1.00149
15 39 1.00148
15 40 1.00147
15 41 1.00146
15 42 1.00145
15 43 1.00144
15 44 1.00143
15 45 1.00142
15 46 1.00141
15 47 1.0014
15 48 1.00139
15 49 1.00137
15 50 1.00136
15 51 1.00134
15 52 1.00133
15 53 1.00132
15 54 1.0013
15 55 1.00129
15 56 1.00127
15 57 1.00125
15 58 1.00124
15 59 1.00122
15 60 1.0012
15 61 1.00119
15 62 1.00117
15 63 1.00115
15 64 1.00113
15 65 1.00112
15 66 1.0011
15 67 1.00108
15 68 1.00106
15 69 1.00104
15 70 1.00102
15 71 1.001
15 72 1.00098
15 73 1.00097
15 74 1.00095
15 75 1.00093
15 76 1.00091
15 77 1.00089
15 78 1.00087
15 79 1.00085
15 80 1.00083
15 81 1.00081
15 82 1.0008
15 83 1.00078
15 84 1.00076
15 85 1.00074
15 86 1.00073
15 87 1.00071
15 88 1.00069
15 89 1.00067
15 90 1.00066
15 91 1.00064
15 92 1.00062
15 93 1.00061
15 94 1.00059
15 95 1.00058
15 96 1.00056
15 97 1.00055
15 98 1.00053
15 99 1.00052
15 100 1.0005
15 101 1.00049
15 102 1.00047
15 103 1.00046
15 104 1.00045
15 105 1.00043
15 106 1.00042
15 107 1.0004
15 108 1.00039
15 109 1.00038
15 110 1.00036
15 111 1.00035
15 112 1.00034
15 113 1.00031
15 114 1.0003
15 115 1.00032
15 116 1.00029
15 117 1.00025
15 118 1.00028
15 119 1.0003
15 120 1.00025
15 121 1.00029
15 122 1.00036
15 123 1.00038
15 124 1.00046
15 125 1.00058
15 126 1.00069
15 127 1.00079

16 0 0
16 1 1.00159
16 2 1.00159
16 3 1.00159
16 4 1.00159
16 5 1.00159
16 6 1.00159
16 7 1.00159
16 8 1.00159
16 9 1.00159
16 10 1.00159
16 11 1.00159
16 12 1.00159
16 13 1.00159
16 14 1.00158
16 15 1.00158
16 16 1.00158
16 17 1.00158
16 18 1.00158
16 19 1.00158
16 20 1.00157
16 21 1.00157
16 22 1.00157
16 23 1.00157
16 24 1.00156
16 25 1.00156
16 26 1.00155
16 27 1.00155
16 28 1.00155
16 29 1.00154
16 30 1.00154
16 31 1.00153
16 32 1.00152
16 33 1.00152
16 34 1.00151
16 35 1.0015
16 36 1.0015
16 37 1.00149
16 38 1.00148
16 39 1.00147
16 40 1.00146
16 41 1.00145
16 42 1.00144
16 43 1.00143
16 44 1.00142
16 45 1.00141
16 46 1.0014
16 47 1.00139
16 48 1.00137
16 49 1.00136
16 50 1.00135
16 51 1.00133
16 52 1.00132
16 53 1.00131
16 54 1.00129
16 55 1.00127
16 56 1.00126
16 57 1.00124
16 58 1.00123
16 59 1.00121
16 60 1.00119
16 61 1.00118
16 62 1.00116
16 63 1.00114
16 64 1.00112
16 65 1.0011
16 66 1.00108
16 67 1.00107
16 68 1.00105
16 69 1.00103
16 70 1.00101
16 71 1.00099
16 72 1.00097
16 73 1.00095
16 74 1.00093
16 75 1.00091
16 76 1.0009
16 77 1.00088
16 78 1.00086
16 79 1.00084
16 80 1.00082
16 81 1.0008
16 82 1.00078
16 83 1.00077
16 84 1.00075
16 85 1.00073
16 86 1.00071
16 87 1.0007
16 88 1.00068
16 89 1.00066
16 90 1.00065
16 91 1.00063
16 92 1.00062
16 93 1.0006
16 94 1.00059
16 95 1.00057
16 96 1.00056
16 97 1.00054
16 98 1.00053
16 99 1.00051
16 100 1.0005
16 101 1.00049
16 102 1.00047
16 103 1.00046
16 104 1.00045
16 105 1.00044
16 106 1.00042
16 107 1.00041
16 108 1.0004
16 109 1.00039
16 110 1.00038
16 111 1.00036
16 112 1.00036
16 113 1.00035
16 114 1.00032
16 115 1.00032
16 116 1.00033
16 117 1.00031
16 118 1.00029
16 119 1.00033
16 120 1.00034
16 121 1.00033
16 122 1.00039
16 123 1.00045
16 124 1.00051
16 125 1.0006
16 126 1.00071
16 127 1.00081

17 0 0
17 1 1.00158
17 2 1.00158
17 3 1.00158
17 4 1.00158
17 5 1.00158
17 6 1.00158
17 7 1.00158
17 8 1.00158
17 9 1.00158
17 10 1.00158
17 11 1.00158
17 12 1.00158
17 13 1.00157
17 14 1.00157
17 15 1.00157
17 16 1.00157
17 17 1.00157
17 18 1.00157
17 19 1.00156
17 20 1.00156
17 21 1.00156
17 22 1.00156
17 23 1.00155
17 24 1.00155
17 25 1.00155
17 26 1.00154
17 27 1.00154
17 28 1.00153
17 29 1.00153
17 30 1.00152
17 31 1.00152
17 32 1.00151
17 33 1.00151
17 34 1.0015
17 35 1.00149
17 36 1.00149
17 37 1.00148
17 38 1.00147
17 39 1.00146
17 40 1.00145
17 41 1.00144
17 42 1.00143
17 43 1.00142
17 44 1.00141
17 45 1.0014
17 46 1.00139
17 47 1.00138
17 48 1.00136
17 49 1.00135
17 50 1.00134
17 51 1.00132
17 52 1.00131
17 53 1.00129
17 54 1.00128
17 55 1.00126
17 56 1.00125
17 57 1.00123
17 58 1.00121
17 59 1.0012
17 60 1.00118
17 61 1.00116
17 62 1.00115
17 63 1.00113
17 64 1.00111
17 65 1.00109
17 66 1.00107
17 67 1.00105
17 68 1.00103
17 69 1.00102
17 70 1.001
17 71 1.00098
17 72 1.00096
17 73 1.00094
17 74 1.00092
17 75 1.0009
17 76 1.00088
17 77 1.00086
17 78 1.00085
17 79 1.00083
17 80 1.00081
17 81 1.00079
17 82 1.00077
17 83 1.00075
17 84 1.00074
17 85 1.00072
17 86 1.0007
17 87 1.00069
17 88 1.00067
17 89 1.00065
17 90 1.00064
17 91 1.00062
17 92 1.00061
17 93 1.00059
17 94 1.00058
17 95 1.00056
17 96 1.00055
17 97 1.00053
17 98 1.00052
17 99 1.00051
17 100 1.0005
17 101 1.00048
17 102 1.00047
17 103 1.00046
17 104 1.00045
17 105 1.00044
17 106 1.00043
17 107 1.00042
17 108 1.0004
17 109 1.0004
17 110 1.00039
17 111 1.00038
17 112 1.00036
17 113 1.00037
17 114 1.00036
17 115 1.00034
17 116 1.00034
17 117 1.00036
17 118 1.00034
17 119 1.00034
17 120 1.00038
17 121 1.0004
17 122 1.00042
17 123 1.00049
17 124 1.00056
17 125 1.00063
17 126 1.00072
17 127 1.00081

18 0 0
18 1 1.00157
18 2 1.00157
18 3 1.00157
18 4 1.00157
18 5 1.00157
18 6 1.00157
18 7 1.00157
18 8 1.00157
18 9 1.00157
18 10 1.00156
18 11 1.00156
18 12 1.00156
18 13 1.00156
18 14 1.00156
18 15 1.00156
18 16 1.00156
18 17 1.00156
18 18 1.00156
18 19 1.00155
18 20 1.00155
18 21 1.00155
18 22 1.00155
18 23 1.00154
18 24 1.00154
18 25 1.00154
18 26 1.00153
18 27 1.00153
18 28 1.00152
18 29 1.00152
18 30 1.00151
18 31 1.00151
18 32 1.0015
18 33 1.0015
18 34 1.00149
18 35 1.00148
18 36 1.00147
18 37 1.00147
18 38 1.00146
18 39 1.00145
18 40 1.00144
18 41 1.00143
18 42 1.00142
18 43 1.00141
18 44 1.0014
18 45 1.00139
18 46 1.00138
18 47 1.00136
18 48 1.00135
18 49 1.00134
18 50 1.00132
18 51 1.00131
18 52 1.0013
18 53 1.00128
18 54 1.00127
18 55 1.00125
18 56 1.00123
18 57 1.00122
18 58 1.0012
18 59 1.00118
18 60 1.00117
18 61 1.00115
18 62 1.00113
18 63 1.00111
18 64 1.0011
18 65 1.00108
18 66 1.00106
18 67 1.00104
18 68 1.00102
18 69 1.001
18 70 1.00098
18 71 1.00096
18 72 1.00095
18 73 1.00093
18 74 1.00091
18 75 1.00089
18 76 1.00087
18 77 1.00085
18 78 1.00083
18 79 1.00081
18 80 1.00079
18 81 1.00078
18 82 1.00076
18 83 1.00074
18 84 1.00072
18 85 1.00071
18 86 1.00069
18 87 1.00067
18 88 1.00066
18 89 1.00064
18 90 1.00063
18 91 1.00061
18 92 1.0006
18 93 1.00058
18 94 1.00057
18 95 1.00055
18 96 1.00054
18 97 1.00053
18 98 1.00052
18 99 1.0005
18 100 1.00049
18 101 1.00048
18 102 1.00047
18 103 1.00046
18 104 1.00045
18 105 1.00044
18 106 1.00043
18 107 1.00042
18 108 1.00042
18 109 1.0004
18 110 1.0004
18 111 1.0004
18 112 1.00039
18 113 1.00037
18 114 1.00038
18 115 1.00038
18 116 1.00036
18 117 1.00037
18 118 1.00039
18 119 1.00038
18 120 1.0004
18 121 1.00044
18 122 1.00047
18 123 1.00051
18 124 1.00058
18 125 1.00066
18 126 1.00074
18 127 1.00082

19 0 0
19 1 1.00155
19 2 1.00155
19 3 1.00155
19 4 1.00155
19 5 1.00155
19 6 1.00155
19 7 1.00155
19 8 1.00155
19 9 1.00155
19 10 1.00155
19 11 1.00155
19 12 1.00155
19 13 1.00155
19 14 1.00155
19 15 1.00155
19 16 1.00155
19 17 1.00154
19 18 1.00154
19 19 1.00154
19 20 1.00154
19 21 1.00154
19 22 1.00153
19 23 1.00153
19 24 1.00153
19 25 1.00152
19 26 1.00152
19 27 1.00152
19 28 1.00151
19 29 1.00151
19 30 1.0015
19 31 1.0015
19 32 1.00149
19 33 1.00148
19 34 1.00148
19 35 1.00147
19 36 1.00146
19 37 1.00145
19 38 1.00145
19 39 1.00144
19 40 1.00143
19 41 1.00142
19 42 1.00141
19 43 1.0014
19 44 1.00139
19 45 1.00137
19 46 1.00136
19 47 1.00135
19 48 1.00134
19 49 1.00132
19 50 1.00131
19 51 1.0013
19 52 1.00128
19 53 1.00127
19 54 1.00125
19 55 1.00124
19 56 1.00122
19 57 1.0012
19 58 1.00119
19 59 1.00117
19 60 1.00115
19 61 1.00114
19 62 1.00112
19 63 1.0011
19 64 1.00108
19 65 1.00106
19 66 1.00104
19 67 1.00103
19 68 1.00101
19 69 1.00099
19 70 1.00097
19 71 1.00095
19 72 1.00093
19 73 1.00091
19 74 1.00089
19 75 1.00087
19 76 1.00085
19 77 1.00084
19 78 1.00082
19 79 1.0008
19 80 1.00078
19 81 1.00076
19 82 1.00074
19 83 1.00073
19 84 1.00071
19 85 1.00069
19 86 1.00068
19 87 1.00066
19 88 1.00064
19 89 1.00063
19 90 1.00061
19 91 1.0006
19 92 1.00058
19 93 1.00057
19 94 1.00056
19 95 1.00054
19 96 1.00053
19 97 1.00052
19 98 1.00051
19 99 1.0005
19 100 1.00049
19 101 1.00048
19 102 1.00047
19 103 1.00046
19 104 1.00045
19 105 1.00044
19 106 1.00043
19 107 1.00043
19 108 1.00042
19 109 1.00042
19 110 1.00041
19 111 1.0004
19 112 1.0004
19 113 1.0004
19 114 1.00039
19 115 1.0004
19 116 1.0004
19 117 1.00039
19 118 1.0004
19 119 1.00042
19 120 1.00043
19 121 1.00046
19 122 1.0005
19 123 1.00055
19 124 1.0006
19 125 1.00068
19 126 1.00075
19 127 1.00082

20 0 0
20 1 1.00154
20 2 1.00154
20 3 1.00154
20 4 1.00154
20 5 1.00154
20 6 1.00154
20 7 1.00154
20 8 1.00154
20 9 1.00154
20 10 1.00154
20 11 1.00154
20 12 1.00154
20 13 1.00154
20 14 1.00154
20 15 1.00153
20 16 1.00153
20 17 1.00153
20 18 1.00153
20 19 1.00153
20 20 1.00153
20 21 1.00152
20 22 1.00152
20 23 1.00152
20 24 1.00151
20 25 1.00151
20 26 1.00151
20 27 1.0015
20 28 1.0015
20 29 1.00149
20 30 1.00149
20 31 1.00148
20 32 1.00148
20 33 1.00147
20 34 1.00146
20 35 1.00146
20 36 1.00145
20 37 1.00144
20 38 1.00143
20 39 1.00142
20 40 1.00141
20 41 1.0014
20 42 1.00139
20 43 1.00138
20 44 1.00137
20 45 1.00136
20 46 1.00135
20 47 1.00134
20 48 1.00132
20 49 1.00131
20 50 1.0013
20 51 1.00128
20 52 1.00127
20 53 1.00125
20 54 1.00124
20 55 1.00122
20 56 1.00121
20 57 1.00119
20 58 1.00117
20 59 1.00116
20 60 1.00114
20 61 1.00112
20 62 1.0011
20 63 1.00109
20 64 1.00107
20 65 1.00105
20 66 1.00103
20 67 1.00101
20 68 1.00099
20 69 1.00097
20 70 1.00095
20 71 1.00093
20 72 1.00092
20 73 1.0009
20 74 1.00088
20 75 1.00086
20 76 1.00084
20 77 1.00082
20 78 1.0008
20 79 1.00078
20 80 1.00076
20 81 1.00075
20 82 1.00073
20 83 1.00071
20 84 1.00069
20 85 1.00068
20 86 1.00066
20 87 1.00065
20 88 1.00063
20 89 1.00062
20 90 1.0006
20 91 1.00059
20 92 1.00057
20 93 1.00056
20 94 1.00055
20 95 1.00053
20 96 1.00052
20 97 1.00051
20 98 1.0005
20 99 1.00049
20 100 1.00048
20 101 1.00047
20 102 1.00046
20 103 1.00046
20 104 1.00045
20 105 1.00044
20 106 1.00044
20 107 1.00043
20 108 1.00042
20 109 1.00042
20 110 1.00042
20 111 1.00041
20 112 1.00041
20 113 1.00041
20 114 1.00041
20 115 1.00041
20 116 1.00042
20 117 1.00042
20 118 1.00042
20 119 1.00044
20 120 1.00046
20 121 1.00048
20 122 1.00052
20 123 1.00057
20 124 1.00063
20 125 1.00069
20 126 1.00076
20 127 1.00082

21 0 0
21 1 1.00153
21 2 1.00153
21 3 1.00153
21 4 1.00153
21 5 1.00153
21 6 1.00153
21 7 1.00153
21 8 1.00153
21 9 1.00153
21 10 1.00153
21 11 1.00152
21 12 1.00152
21 13 1.00152
21 14 1.00152
21 15 1.00152
21 16 1.00152
21 17 1.00152
21 18 1.00152
21 19 1.00151
21 20 1.00151
21 21 1.00151
21 22 1.00151
21 23 1.0015
21 24 1.0015
21 25 1.0015
21 26 1.00149
21 27 1.00149
21 28 1.00148
21 29 1.00148
21 30 1.00147
21 31 1.00147
21 32 1.00146
21 33 1.00146
21 34 1.00145
21 35 1.00144
21 36 1.00144
21 37 1.00143
21 38 1.00142
21 39 1.00141
21 40 1.0014
21 41 1.00139
21 42 1.00138
21 43 1.00137
21 44 1.00136
21 45 1.00135
21 46 1.00134
21 47 1.00132
21 48 1.00131
21 49 1.0013
21 50 1.00128
21 51 1.00127
21 52 1.00126
21 53 1.00124
21 54 1.00123
21 55 1.00121
21 56 1.00119
21 57 1.00118
21 58 1.00116
21 59 1.00114
21 60 1.00112
21 61 1.00111
21 62 1.00109
21 63 1.00107
21 64 1.00105
21 65 1.00103
21 66 1.00101
21 67 1.001
21 68 1.00098
21 69 1.00096
21 70 1.00094
21 71 1.00092
21 72 1.0009
21 73 1.00088
21 74 1.00086
21 75 1.00084
21 76 1.00082
21 77 1.0008
21 78 1.00078
21 79 1.00077
21 80 1.00075
21 81 1.00073
21 82 1.00071
21 83 1.0007
21 84 1.00068
21 85 1.00066
21 86 1.00065
21 87 1.00063
21 88 1.00062
21 89 1.0006
21 90 1.00059
21 91 1.00057
21 92 1.00056
21 93 1.00055
21 94 1.00053
21 95 1.00052
21 96 1.00051
21 97 1.0005
21 98 1.00049
21 99 1.00048
21 100 1.00047
21 101 1.00047
21 102 1.00046
21 103 1.00045
21 104 1.00045
21 105 1.00044
21 106 1.00044
21 107 1.00043
21 108 1.00043
21 109 1.00042
21 110 1.00042
21 111 1.00042
21 112 1.00042
21 113 1.00042
21 114 1.00043
21 115 1.00043
21 116 1.00043
21 117 1.00044
21 118 1.00045
21 119 1.00046
21 120 1.00048
21 121 1.00051
21 122 1.00054
21 123 1.00059
21 124 1.00064
21 125 1.0007
21 126 1.00076
21 127 1.00082

22 0 0
22 1 1.00151
22 2 1.00151
22 3 1.00151
22 4 1.00151
22 5 1.00151
22 6 1.00151
22 7 1.00151
22 8 1.00151
22 9 1.00151
22 10 1.00151
22 11 1.00151
22 12 1.00151
22 13 1.00151
22 14 1.00151
22 15 1.00151
22 16 1.00151
22 17 1.0015
22 18 1.0015
22 19 1.0015
22 20 1.0015
22 21 1.0015
22 22 1.00149
22 23 1.00149
22 24 1.00149
22 25 1.00148
22 26 1.00148
22 27 1.00147
22 28 1.00147
22 29 1.00147
22 30 1.00146
22 31 1.00145
22 32 1.00145
22 33 1.00144
22 34 1.00144
22 35 1.00143
22 36 1.00142
22 37 1.00141
22 38 1.0014
22 39 1.0014
22 40 1.00139
22 41 1.00138
22 42 1.00137
22 43 1.00136
22 44 1.00135
22 45 1.00133
22 46 1.00132
22 47 1.00131
22 48 1.0013
22 49 1.00128
22 50 1.00127
22 51 1.00126
22 52 1.00124
22 53 1.00123
22 54 1.00121
22 55 1.00119
22 56 1.00118
22 57 1.00116
22 58 1.00114
22 59 1.00113
22 60 1.00111
22 61 1.00109
22 62 1.00107
22 63 1.00105
22 64 1.00104
22 65 1.00102
22 66 1.001
22 67 1.00098
22 68 1.00096
22 69 1.00094
22 70 1.00092
22 71 1.0009
22 72 1.00088
22 73 1.00086
22 74 1.00084
22 75 1.00082
22 76 1.0008
22 77 1.00079
22 78 1.00077
22 79 1.00075
22 80 1.00073
22 81 1.00071
22 82 1.0007
22 83 1.00068
22 84 1.00066
22 85 1.00065
22 86 1.00063
22 87 1.00061
22 88 1.0006
22 89 1.00059
22 90 1.00057
22 91 1.00056
22 92 1.00055
22 93 1.00053
22 94 1.00052
22 95 1.00051
22 96 1.0005
22 97 1.00049
22 98 1.00048
22 99 1.00047
22 100 1.00047
22 101 1.00046
22 102 1.00045
22 103 1.00045
22 104 1.00044
22 105 1.00044
22 106 1.00043
22 107 1.00043
22 108 1.00043
22 109 1.00043
22 110 1.00043
22 111 1.00043
22 112 1.00043
22 113 1.00043
22 114 1.00043
22 115 1.00044
22 116 1.00044
22 117 1.00045
22 118 1.00047
22 119 1.00048
22 120 1.0005
22 121 1.00053
22 122 1.00056
22 123 1.0006
22 124 1.00065
22 125 1.0007
22 126 1.00076
22 127 1.00082

23 0 0
23 1 1.0015
23 2 1.0015
23 3 1.0015
23 4 1.0015
23 5 1.0015
23 6 1.0015
23 7 1.0015
23 8 1.0015
23 9 1.0015
23 10 1.0015
23 11 1.0015
23 12 1.00149
23 13 1.00149
23 14 1.00149
23 15 1.00149
23 16 1.00149
23 17 1.00149
23 18 1.00149
23 19 1.00149
23 20 1.00148
23 21 1.00148
23 22 1.00148
23 23 1.00147
23 24 1.00147
23 25 1.00147
23 26 1.00146
23 27 1.00146
23 28 1.00146
23 29 1.00145
23 30 1.00145
23 31 1.00144
23 32 1.00143
23 33 1.00143
23 34 1.00142
23 35 1.00141
23 36 1.00141
23 37 1.0014
23 38 1.00139
23 39 1.00138
23 40 1.00137
23 41 1.00136
23 42 1.00135
23 43 1.00134
23 44 1.00133
23 45 1.00132
23 46 1.00131
23 47 1.00129
23 48 1.00128
23 49 1.00127
23 50 1.00125
23 51 1.00124
23 52 1.00123
23 53 1.00121
23 54 1.00119
23 55 1.00118
23 56 1.00116
23 57 1.00115
23 58 1.00113
23 59 1.00111
23 60 1.00109
23 61 1.00108
23 62 1.00106
23 63 1.00104
23 64 1.00102
23 65 1.001
23 66 1.00098
23 67 1.00096
23 68 1.00094
23 69 1.00092
23 70 1.0009
23 71 1.00088
23 72 1.00086
23 73 1.00084
23 74 1.00083
23 75 1.00081
23 76 1.00079
23 77 1.00077
23 78 1.00075
23 79 1.00073
23 80 1.00071
23 81 1.0007
23 82 1.00068
23 83 1.00066
23 84 1.00064
23 85 1.00063
23 86 1.00061
23 87 1.0006
23 88 1.00058
23 89 1.00057
23 90 1.00056
23 91 1.00054
23 92 1.00053
23 93 1.00052
23 94 1.00051
23 95 1.0005
23 96 1.00049
23 97 1.00048
23 98 1.00047
23 99 1.00046
23 100 1.00046
23 101 1.00045
23 102 1.00045
23 103 1.00044
23 104 1.00044
23 105 1.00044
23 106 1.00043
23 107 1.00043
23 108 1.00043
23 109 1.00043
23 110 1.00043
23 111 1.00043
23 112 1.00044
23 113 1.00044
23 114 1.00044
23 115 1.00045
23 116 1.00046
23 117 1.00046
23 118 1.00048
23 119 1.00049
23 120 1.00051
23 121 1.00054
23 122 1.00057
23 123 1.00061
23 124 1.00066
23 125 1.00071
23 126 1.00076
23 127 1.00082

24 0 0
24 1 1.00148
24 2 1.00148
24 3 1.00148
24 4 1.00148
24 5 1.00148
24 6 1.00148
24 7 1.00148
24 8 1.00148
24 9 1.00148
24 10 1.00148
24 11 1.00148
24 12 1.00148
24 13 1.00148
24 14 1.00148
24 15 1.00148
24 16 1.00148
24 17 1.00147
24 18 1.00147
24 19 1.00147
24 20 1.00147
24 21 1.00147
24 22 1.00146
24 23 1.00146
24 24 1.00146
24 25 1.00145
24 26 1.00145
24 27 1.00145
24 28 1.00144
24 29 1.00144
24 30 1.00143
24 31 1.00143
24 32 1.00142
24 33 1.00141
24 34 1.00141
24 35 1.0014
24 36 1.00139
24 37 1.00138
24 38 1.00138
24 39 1.00137
24 40 1.00136
24 41 1.00135
24 42 1.00134
24 43 1.00133
24 44 1.00132
24 45 1.0013
24 46 1.00129
24 47 1.00128
24 48 1.00127
24 49 1.00125
24 50 1.00124
24 51 1.00122
24 52 1.00121
24 53 1.00119
24 54 1.00118
24 55 1.00116
24 56 1.00115
24 57 1.00113
24 58 1.00111
24 59 1.00109
24 60 1.00108
24 61 1.00106
24 62 1.00104
24 63 1.00102
24 64 1.001
24 65 1.00098
24 66 1.00096
24 67 1.00094
24 68 1.00092
24 69 1.0009
24 70 1.00088
24 71 1.00086
24 72 1.00085
24 73 1.00083
24 74 1.00081
24 75 1.00079
24 76 1.00077
24 77 1.00075
24 78 1.00073
24 79 1.00071
24 80 1.00069
24 81 1.00068
24 82 1.00066
24 83 1.00064
24 84 1.00063
24 85 1.00061
24 86 1.0006
24 87 1.00058
24 88 1.00057
24 89 1.00055
24 90 1.00054
24 91 1.00053
24 92 1.00052
24 93 1.00051
24 94 1.00049
24 95 1.00049
24 96 1.00048
24 97 1.00047
24 98 1.00046
24 99 1.00045
24 100 1.00045
24 101 1.00044
24 102 1.00044
24 103 1.00044
24 104 1.00043
24 105 1.00043
24 106 1.00043
24 107 1.00043
24 108 1.00043
24 109 1.00043
24 110 1.00043
24 111 1.00044
24 112 1.00044
24 113 1.00044
24 114 1.00045
24 115 1.00045
24 116 1.00046
24 117 1.00047
24 118 1.00049
24 119 1.0005
24 120 1.00052
24 121 1.00055
24 122 1.00058
24 123 1.00062
24 124 1.00066
24 125 1.00071
24 126 1.00076
24 127 1.00081

25 0 0
25 1 1.00146
25 2 1.00146
25 3 1.00147
25 4 1.00147
25 5 1.00147
25 6 1.00147
25 7 1.00147
25 8 1.00147
25 9 1.00147
25 10 1.00147
25 11 1.00146
25 12 1.00146
25 13 1.00146
25 14 1.00146
25 15 1.00146
25 16 1.00146
25 17 1.00146
25 18 1.00146
25 19 1.00145
25 20 1.00145
25 21 1.00145
25 22 1.00145
25 23 1.00144
25 24 1.00144
25 25 1.00144
25 26 1.00143
25 27 1.00143
25 28 1.00143
25 29 1.00142
25 30 1.00142
25 31 1.00141
25 32 1.0014
25 33 1.0014
25 34 1.00139
25 35 1.00138
25 36 1.00138
25 37 1.00137
25 38 1.00136
25 39 1.00135
25 40 1.00134
25 41 1.00133
25 42 1.00132
25 43 1.00131
25 44 1.0013
25 45 1.00129
25 46 1.00128
25 47 1.00126
25 48 1.00125
25 49 1.00124
25 50 1.00122
25 51 1.00121
25 52 1.00119
25 53 1.00118
25 54 1.00116
25 55 1.00115
25 56 1.00113
25 57 1.00111
25 58 1.00109
25 59 1.00108
25 60 1.00106
25 61 1.00104
25 62 1.00102
25 63 1.001
25 64 1.00098
25 65 1.00096
25 66 1.00094
25 67 1.00092
25 68 1.0009
25 69 1.00088
25 70 1.00087
25 71 1.00085
25 72 1.00083
25 73 1.00081
25 74 1.00079
25 75 1.00077
25 76 1.00075
25 77 1.00073
25 78 1.00071
25 79 1.00069
25 80 1.00067
25 81 1.00066
25 82 1.00064
25 83 1.00062
25 84 1.00061
25 85 1.00059
25 86 1.00058
25 87 1.00056
25 88 1.00055
25 89 1.00053
25 90 1.00052
25 91 1.00051
25 92 1.0005
25 93 1.00049
25 94 1.00048
25 95 1.00047
25 96 1.00046
25 97 1.00046
25 98 1.00045
25 99 1.00044
25 100 1.00044
25 101 1.00043
25 102 1.00043
25 103 1.00043
25 104 1.00043
25 105 1.00043
25 106 1.00043
25 107 1.00043
25 108 1.00043
25 109 1.00043
25 110 1.00043
25 111 1.00044
25 112 1.00044
25 113 1.00045
25 114 1.00045
25 115 1.00046
25 116 1.00047
25 117 1.00048
25 118 1.00049
25 119 1.00051
25 120 1.00053
25 121 1.00056
25 122 1.00059
25 123 1.00062
25 124 1.00066
25 125 1.00071
25 126 1.00076
25 127 1.0008

26 0 0
26 1 1.00145
26 2 1.00145
26 3 1.00145
26 4 1.00145
26 5 1.00145
26 6 1.00145
26 7 1.00145
26 8 1.00145
26 9 1.00145
26 10 1.00145
26 11 1.00145
26 12 1.00145
26 13 1.00145
26 14 1.00145
26 15 1.00144
26 16 1.00144
26 17 1.00144
26 18 1.00144
26 19 1.00144
26 20 1.00144
26 21 1.00143
26 22 1.00143
26 23 1.00143
26 24 1.00143
26 25 1.00142
26 26 1.00142
26 27 1.00141
26 28 1.00141
26 29 1.0014
26 30 1.0014
26 31 1.00139
26 32 1.00139
26 33 1.00138
26 34 1.00137
26 35 1.00137
26 36 1.00136
26 37 1.00135
26 38 1.00134
26 39 1.00133
26 40 1.00133
26 41 1.00132
26 42 1.00131
26 43 1.00129
26 44 1.00128
26 45 1.00127
26 46 1.00126
26 47 1.00125
26 48 1.00123
26 49 1.00122
26 50 1.00121
26 51 1.00119
26 52 1.00118
26 53 1.00116
26 54 1.00114
26 55 1.00113
26 56 1.00111
26 57 1.00109
26 58 1.00108
26 59 1.00106
26 60 1.00104
26 61 1.00102
26 62 1.001
26 63 1.00098
26 64 1.00096
26 65 1.00094
26 66 1.00092
26 67 1.0009
26 68 1.00088
26 69 1.00086
26 70 1.00084
26 71 1.00082
26 72 1.0008
26 73 1.00079
26 74 1.00077
26 75 1.00075
26 76 1.00073
26 77 1.00071
26 78 1.00069
26 79 1.00067
26 80 1.00065
26 81 1.00064
26 82 1.00062
26 83 1.0006
26 84 1.00059
26 85 1.00057
26 86 1.00056
26 87 1.00054
26 88 1.00053
26 89 1.00052
26 90 1.0005
26 91 1.00049
26 92 1.00048
26 93 1.00047
26 94 1.00046
26 95 1.00046
26 96 1.00045
26 97 1.00044
26 98 1.00044
26 99 1.00043
26 100 1.00043
26 101 1.00042
26 102 1.00042
26 103 1.00042
26 104 1.00042
26 105 1.00042
26 106 1.00042
26 107 1.00042
26 108 1.00042
26 109 1.00043
26 110 1.00043
26 111 1.00044
26 112 1.00044
26 113 1.00045
26 114 1.00045
26 115 1.00046
26 116 1.00047
26 117 1.00048
26 118 1.0005
26 119 1.00051
26 120 1.00053
26 121 1.00056
26 122 1.00059
26 123 1.00062
26 124 1.00066
26 125 1.0007
26 126 1.00075
26 127 1.00079

27 0 0
27 1 1.00143
27 2 1.00143
27 3 1.00143
27 4 1.00143
27 5 1.00143
27 6 1.00143
27 7 1.00143
27 8 1.00143
27 9 1.00143
27 10 1.00143
27 11 1.00143
27 12 1.00143
27 13 1.00143
27 14 1.00143
27 15 1.00143
27 16 1.00143
27 17 1.00143
27 18 1.00142
27 19 1.00142
27 20 1.00142
27 21 1.00142
27 22 1.00141
27 23 1.00141
27 24 1.00141
27 25 1.00141
27 26 1.0014
27 27 1.0014
27 28 1.00139
27 29 1.00139
27 30 1.00138
27 31 1.00138
27 32 1.00137
27 33 1.00137
27 34 1.00136
27 35 1.00135
27 36 1.00134
27 37 1.00134
27 38 1.00133
27 39 1.00132
27 40 1.00131
27 41 1.0013
27 42 1.00129
27 43 1.00128
27 44 1.00127
27 45 1.00126
27 46 1.00124
27 47 1.00123
27 48 1.00122
27 49 1.0012
27 50 1.00119
27 51 1.00117
27 52 1.00116
27 53 1.00114
27 54 1.00113
27 55 1.00111
27 56 1.00109
27 57 1.00108
27 58 1.00106
27 59 1.00104
27 60 1.00102
27 61 1.001
27 62 1.00098
27 63 1.00096
27 64 1.00094
27 65 1.00092
27 66 1.0009
27 67 1.00088
27 68 1.00086
27 69 1.00084
27 70 1.00082
27 71 1.0008
27 72 1.00078
27 73 1.00076
27 74 1.00074
27 75 1.00072
27 76 1.0007
27 77 1.00069
27 78 1.00067
27 79 1.00065
27 80 1.00063
27 81 1.00061
27 82 1.0006
27 83 1.00058
27 84 1.00056
27 85 1.00055
27 86 1.00054
27 87 1.00052
27 88 1.00051
27 89 1.0005
27 90 1.00048
27 91 1.00047
27 92 1.00046
27 93 1.00045
27 94 1.00045
27 95 1.00044
27 96 1.00043
27 97 1.00043
27 98 1.00042
27 99 1.00042
27 100 1.00041
27 101 1.00041
27 102 1.00041
27 103 1.00041
27 104 1.00041
27 105 1.00041
27 106 1.00041
27 107 1.00041
27 108 1.00042
27 109 1.00042
27 110 1.00043
27 111 1.00043
27 112 1.00044
27 113 1.00045
27 114 1.00045
27 115 1.00046
27 116 1.00047
27 117 1.00049
27 118 1.0005
27 119 1.00052
27 120 1.00054
27 121 1.00056
27 122 1.00059
27 123 1.00062
27 124 1.00066
27 125 1.0007
27 126 1.00074
27 127 1.00078

28 0 0
28 1 1.00141
28 2 1.00141
28 3 1.00142
28 4 1.00142
28 5 1.00142
28 6 1.00142
28 7 1.00142
28 8 1.00142
28 9 1.00142
28 10 1.00142
28 11 1.00141
28 12 1.00141
28 13 1.00141
28 14 1.00141
28 15 1.00141
28 16 1.00141
28 17 1.00141
28 18 1.00141
28 19 1.0014
28 20 1.0014
28 21 1.0014
28 22 1.0014
28 23 1.00139
28 24 1.00139
28 25 1.00139
28 26 1.00138
28 27 1.00138
28 28 1.00138
28 29 1.00137
28 30 1.00137
28 31 1.00136
28 32 1.00135
28 33 1.00135
28 34 1.00134
28 35 1.00133
28 36 1.00133
28 37 1.00132
28 38 1.00131
28 39 1.0013
28 40 1.00129
28 41 1.00128
28 42 1.00127
28 43 1.00126
28 44 1.00125
28 45 1.00124
28 46 1.00123
28 47 1.00121
28 48 1.0012
28 49 1.00119
28 50 1.00117
28 51 1.00116
28 52 1.00114
28 53 1.00113
28 54 1.00111
28 55 1.00109
28 56 1.00107
28 57 1.00106
28 58 1.00104
28 59 1.00102
28 60 1.001
28 61 1.00098
28 62 1.00096
28 63 1.00094
28 64 1.00092
28 65 1.0009
28 66 1.00088
28 67 1.00086
28 68 1.00084
28 69 1.00082
28 70 1.0008
28 71 1.00078
28 72 1.00076
28 73 1.00074
28 74 1.00072
28 75 1.0007
28 76 1.00068
28 77 1.00066
28 78 1.00064
28 79 1.00063
28 80 1.00061
28 81 1.00059
28 82 1.00057
28 83 1.00056
28 84 1.00054
28 85 1.00053
28 86 1.00051
28 87 1.0005
28 88 1.00049
28 89 1.00048
28 90 1.00046
28 91 1.00045
28 92 1.00044
28 93 1.00044
28 94 1.00043
28 95 1.00042
28 96 1.00041
28 97 1.00041
28 98 1.00041
28 99 1.0004
28 100 1.0004
28 101 1.0004
28 102 1.0004
28 103 1.0004
28 104 1.0004
28 105 1.0004
28 106 1.0004
28 107 1.00041
28 108 1.00041
28 109 1.00042
28 110 1.00042
28 111 1.00043
28 112 1.00044
28 113 1.00044
28 114 1.00045
28 115 1.00046
28 116 1.00047
28 117 1.00049
28 118 1.0005
28 119 1.00052
28 120 1.00054
28 121 1.00056
28 122 1.00059
28 123 1.00062
28 124 1.00065
28 125 1.00069
28 126 1.00073
28 127 1.00077

29 0 0
29 1 1.0014
29 2 1.0014
29 3 1.0014
29 4 1.0014
29 5 1.0014
29 6 1.0014
29 7 1.0014
29 8 1.0014
29 9 1.0014
29 10 1.0014
29 11 1.0014
29 12 1.0014
29 13 1.0014
29 14 1.00139
29 15 1.00139
29 16 1.00139
29 17 1.00139
29 18 1.00139
29 19 1.00139
29 20 1.00139
29 21 1.00138
29 22 1.00138
29 23 1.00138
29 24 1.00137
29 25 1.00137
29 26 1.00137
29 27 1.00136
29 28 1.00136
29 29 1.00135
29 30 1.00135
29 31 1.00134
29 32 1.00134
29 33 1.00133
29 34 1.00132
29 35 1.00132
29 36 1.00131
29 37 1.0013
29 38 1.00129
29 39 1.00128
29 40 1.00127
29 41 1.00126
29 42 1.00125
29 43 1.00124
29 44 1.00123
29 45 1.00122
29 46 1.00121
29 47 1.00119
29 48 1.00118
29 49 1.00117
29 50 1.00115
29 51 1.00114
29 52 1.00112
29 53 1.00111
29 54 1.00109
29 55 1.00107
29 56 1.00106
29 57 1.00104
29 58 1.00102
29 59 1.001
29 60 1.00098
29 61 1.00096
29 62 1.00094
29 63 1.00092
29 64 1.0009
29 65 1.00088
29 66 1.00086
29 67 1.00084
29 68 1.00082
29 69 1.0008
29 70 1.00078
29 71 1.00076
29 72 1.00074
29 73 1.00072
29 74 1.0007
29 75 1.00068
29 76 1.00066
29 77 1.00064
29 78 1.00062
29 79 1.0006
29 80 1.00058
29 81 1.00057
29 82 1.00055
29 83 1.00053
29 84 1.00052
29 85 1.0005
29 86 1.00049
29 87 1.00048
29 88 1.00046
29 89 1.00045
29 90 1.00044
29 91 1.00043
29 92 1.00042
29 93 1.00042
29 94 1.00041
29 95 1.0004
29 96 1.0004
29 97 1.00039
29 98 1.00039
29 99 1.00039
29 100 1.00038
29 101 1.00038
29 102 1.00038
29 103 1.00038
29 104 1.00039
29 105 1.00039
29 106 1.00039
29 107 1.0004
29 108 1.0004
29 109 1.00041
29 110 1.00041
29 111 1.00042
29 112 1.00043
29 113 1.00044
29 114 1.00045
29 115 1.00046
29 116 1.00047
29 117 1.00048
29 118 1.0005
29 119 1.00051
29 120 1.00053
29 121 1.00055
29 122 1.00058
29 123 1.00061
29 124 1.00064
29 125 1.00068
29 126 1.00072
29 127 1.00076

30 0 0
30 1 1.00138
30 2 1.00138
30 3 1.00138
30 4 1.00138
30 5 1.00138
30 6 1.00138
30 7 1.00138
30 8 1.00138
30 9 1.00138
30 10 1.00138
30 11 1.00138
30 12 1.00138
30 13 1.00138
30 14 1.00138
30 15 1.00138
30 16 1.00137
30 17 1.00137
30 18 1.00137
30 19 1.00137
30 20 1.00137
30 21 1.00137
30 22 1.00136
30 23 1.00136
30 24 1.00136
30 25 1.00135
30 26 1.00135
30 27 1.00135
30 28 1.00134
30 29 1.00134
30 30 1.00133
30 31 1.00133
30 32 1.00132
30 33 1.00131
30 34 1.00131
30 35 1.0013
30 36 1.00129
30 37 1.00128
30 38 1.00128
30 39 1.00127
30 40 1.00126
30 41 1.00125
30 42 1.00124
30 43 1.00123
30 44 1.00121
30 45 1.0012
30 46 1.00119
30 47 1.00118
30 48 1.00116
30 49 1.00115
30 50 1.00113
30 51 1.00112
30 52 1.0011
30 53 1.00109
30 54 1.00107
30 55 1.00105
30 56 1.00104
30 57 1.00102
30 58 1.001
30 59 1.00098
30 60 1.00096
30 61 1.00094
30 62 1.00092
30 63 1.0009
30 64 1.00088
30 65 1.00086
30 66 1.00084
30 67 1.00082
30 68 1.0008
30 69 1.00078
30 70 1.00076
30 71 1.00073
30 72 1.00071
30 73 1.00069
30 74 1.00067
30 75 1.00065
30 76 1.00063
30 77 1.00061
30 78 1.0006
30 79 1.00058
30 80 1.00056
30 81 1.00054
30 82 1.00053
30 83 1.00051
30 84 1.00049
30 85 1.00048
30 86 1.00047
30 87 1.00045
30 88 1.00044
30 89 1.00043
30 90 1.00042
30 91 1.00041
30 92 1.0004
30 93 1.00039
30 94 1.00039
30 95 1.00038
30 96 1.00038
30 97 1.00037
30 98 1.00037
30 99 1.00037
30 100 1.00037
30 101 1.00037
30 102 1.00037
30 103 1.00037
30 104 1.00037
30 105 1.00038
30 106 1.00038
30 107 1.00039
30 108 1.00039
30 109 1.0004
30 110 1.00041
30 111 1.00041
30 112 1.00042
30 113 1.00043
30 114 1.00044
30 115 1.00045
30 116 1.00046
30 117 1.00048
30 118 1.00049
30 119 1.00051
30 120 1.00053
30 121 1.00055
30 122 1.00057
30 123 1.0006
30 124 1.00063
30 125 1.00067
30 126 1.0007
30 127 1.00074

31 0 0
31 1 1.00136
31 2 1.00136
31 3 1.00136
31 4 1.00136
31 5 1.00136
31 6 1.00136
31 7 1.00136
31 8 1.00136
31 9 1.00136
31 10 1.00136
31 11 1.00136
31 12 1.00136
31 13 1.00136
31 14 1.00136
31 15 1.00136
31 16 1.00136
31 17 1.00136
31 18 1.00135
31 19 1.00135
31 20 1.00135
31 21 1.00135
31 22 1.00134
31 23 1.00134
31 24 1.00134
31 25 1.00133
31 26 1.00133
31 27 1.00133
31 28 1.00132
31 29 1.00132
31 30 1.00131
31 31 1.00131
31 32 1.0013
31 33 1.00129
31 34 1.00129
31 35 1.00128
31 36 1.00127
31 37 1.00127
31 38 1.00126
31 39 1.00125
31 40 1.00124
31 41 1.00123
31 42 1.00122
31 43 1.00121
31 44 1.0012
31 45 1.00118
31 46 1.00117
31 47 1.00116
31 48 1.00114
31 49 1.00113
31 50 1.00111
31 51 1.0011
31 52 1.00108
31 53 1.00107
31 54 1.00105
31 55 1.00103
31 56 1.00102
31 57 1.001
31 58 1.00098
31 59 1.00096
31 60 1.00094
31 61 1.00092
31 62 1.0009
31 63 1.00088
31 64 1.00086
31 65 1.00084
31 66 1.00082
31 67 1.00079
31 68 1.00077
31 69 1.00075
31 70 1.00073
31 71 1.00071
31 72 1.00069
31 73 1.00067
31 74 1.00065
31 75 1.00063
31 76 1.00061
31 77 1.00059
31 78 1.00057
31 79 1.00055
31 80 1.00053
31 81 1.00052
31 82 1.0005
31 83 1.00048
31 84 1.00047
31 85 1.00045
31 86 1.00044
31 87 1.00043
31 88 1.00042
31 89 1.00041
31 90 1.0004
31 91 1.00039
31 92 1.00038
31 93 1.00037
31 94 1.00037
31 95 1.00036
31 96 1.00036
31 97 1.00035
31 98 1.00035
31 99 1.00035
31 100 1.00035
31 101 1.00035
31 102 1.00035
31 103 1.00036
31 104 1.00036
31 105 1.00036
31 106 1.00037
31 107 1.00037
31 108 1.00038
31 109 1.00039
31 110 1.0004
31 111 1.0004
31 112 1.00041
31 113 1.00042
31 114 1.00043
31 115 1.00044
31 116 1.00046
31 117 1.00047
31 118 1.00048
31 119 1.0005
31 120 1.00052
31 121 1.00054
31 122 1.00056
31 123 1.00059
31 124 1.00062
31 125 1.00065
31 126 1.00069
31 127 1.00072

32 0 0
32 1 1.00134
32 2 1.00134
32 3 1.00134
32 4 1.00134
32 5 1.00134
32 6 1.00134
32 7 1.00134
32 8 1.00134
32 9 1.00134
32 10 1.00134
32 11 1.00134
32 12 1.00134
32 13 1.00134
32 14 1.00134
32 15 1.00134
32 16 1.00134
32 17 1.00134
32 18 1.00133
32 19 1.00133
32 20 1.00133
32 21 1.00133
32 22 1.00133
32 23 1.00132
32 24 1.00132
32 25 1.00132
32 26 1.00131
32 27 1.00131
32 28 1.0013
32 29 1.0013
32 30 1.00129
32 31 1.00129
32 32 1.00128
32 33 1.00128
32 34 1.00127
32 35 1.00126
32 36 1.00125
32 37 1.00125
32 38 1.00124
32 39 1.00123
32 40 1.00122
32 41 1.00121
32 42 1.0012
32 43 1.00119
32 44 1.00118
32 45 1.00116
32 46 1.00115
32 47 1.00114
32 48 1.00112
32 49 1.00111
32 50 1.0011
32 51 1.00108
32 52 1.00106
32 53 1.00105
32 54 1.00103
32 55 1.00101
32 56 1.00099
32 57 1.00098
32 58 1.00096
32 59 1.00094
32 60 1.00092
32 61 1.0009
32 62 1.00088
32 63 1.00086
32 64 1.00083
32 65 1.00081
32 66 1.00079
32 67 1.00077
32 68 1.00075
32 69 1.00073
32 70 1.0007
32 71 1.00068
32 72 1.00066
32 73 1.00064
32 74 1.00062
32 75 1.0006
32 76 1.00058
32 77 1.00056
32 78 1.00054
32 79 1.00052
32 80 1.00051
32 81 1.00049
32 82 1.00047
32 83 1.00046
32 84 1.00044
32 85 1.00043
32 86 1.00041
32 87 1.0004
32 88 1.00039
32 89 1.00038
32 90 1.00037
32 91 1.00036
32 92 1.00035
32 93 1.00035
32 94 1.00034
32 95 1.00034
32 96 1.00033
32 97 1.00033
32 98 1.00033
32 99 1.00033
32 100 1.00033
32 101 1.00033
32 102 1.00033
32 103 1.00034
32 104 1.00034
32 105 1.00035
32 106 1.00035
32 107 1.00036
32 108 1.00037
32 109 1.00038
32 110 1.00038
32 111 1.00039
32 112 1.0004
32 113 1.00041
32 114 1.00042
32 115 1.00043
32 116 1.00045
32 117 1.00046
32 118 1.00047
32 119 1.00049
32 120 1.00051
32 121 1.00053
32 122 1.00055
32 123 1.00058
32 124 1.00061
32 125 1.00064
32 126 1.00067
32 127 1.0007

33 0 0
33 1 1.00132
33 2 1.00132
33 3 1.00132
33 4 1.00132
33 5 1.00132
33 6 1.00132
33 7 1.00132
33 8 1.00132
33 9 1.00132
33 10 1.00132
33 11 1.00132
33 12 1.00132
33 13 1.00132
33 14 1.00132
33 15 1.00132
33 16 1.00132
33 17 1.00132
33 18 1.00132
33 19 1.00131
33 20 1.00131
33 21 1.00131
33 22 1.00131
33 23 1.0013
33 24 1.0013
33 25 1.0013
33 26 1.00129
33 27 1.00129
33 28 1.00129
33 29 1.00128
33 30 1.00128
33 31 1.00127
33 32 1.00126
33 33 1.00126
33 34 1.00125
33 35 1.00124
33 36 1.00124
33 37 1.00123
33 38 1.00122
33 39 1.00121
33 40 1.0012
33 41 1.00119
33 42 1.00118
33 43 1.00117
33 44 1.00116
33 45 1.00114
33 46 1.00113
33 47 1.00112
33 48 1.0011
33 49 1.00109
33 50 1.00107
33 51 1.00106
33 52 1.00104
33 53 1.00103
33 54 1.00101
33 55 1.00099
33 56 1.00097
33 57 1.00095
33 58 1.00093
33 59 1.00091
33 60 1.00089
33 61 1.00087
33 62 1.00085
33 63 1.00083
33 64 1.00081
33 65 1.00079
33 66 1.00077
33 67 1.00074
33 68 1.00072
33 69 1.0007
33 70 1.00068
33 71 1.00066
33 72 1.00063
33 73 1.00061
33 74 1.00059
33 75 1.00057
33 76 1.00055
33 77 1.00053
33 78 1.00051
33 79 1.00049
33 80 1.00048
33 81 1.00046
33 82 1.00044
33 83 1.00043
33 84 1.00041
33 85 1.0004
33 86 1.00039
33 87 1.00037
33 88 1.00036
33 89 1.00035
33 90 1.00034
33 91 1.00034
33 92 1.00033
33 93 1.00032
33 94 1.00032
33 95 1.00031
33 96 1.00031
33 97 1.00031
33 98 1.00031
33 99 1.00031
33 100 1.00031
33 101 1.00031
33 102 1.00032
33 103 1.00032
33 104 1.00032
33 105 1.00033
33 106 1.00034
33 107 1.00034
33 108 1.00035
33 109 1.00036
33 110 1.00037
33 111 1.00038
33 112 1.00039
33 113 1.0004
33 114 1.00041
33 115 1.00042
33 116 1.00044
33 117 1.00045
33 118 1.00046
33 119 1.00048
33 120 1.0005
33 121 1.00052
33 122 1.00054
33 123 1.00057
33 124 1.00059
33 125 1.00062
33 126 1.00065
33 127 1.00068

34 0 0
34 1 1.0013
34 2 1.0013
34 3 1.0013
34 4 1.0013
34 5 1.0013
34 6 1.0013
34 7 1.0013
34 8 1.0013
34 9 1.0013
34 10 1.0013
34 11 1.0013
34 12 1.0013
34 13 1.0013
34 14 1.0013
34 15 1.0013
34 16 1.0013
34 17 1.0013
34 18 1.0013
34 19 1.00129
34 20 1.00129
34 21 1.00129
34 22 1.00129
34 23 1.00128
34 24 1.00128
34 25 1.00128
34 26 1.00127
34 27 1.00127
34 28 1.00127
34 29 1.00126
34 30 1.00126
34 31 1.00125
34 32 1.00124
34 33 1.00124
34 34 1.00123
34 35 1.00122
34 36 1.00122
34 37 1.00121
34 38 1.0012
34 39 1.00119
34 40 1.00118
34 41 1.00117
34 42 1.00116
34 43 1.00115
34 44 1.00114
34 45 1.00113
34 46 1.00111
34 47 1.0011
34 48 1.00108
34 49 1.00107
34 50 1.00105
34 51 1.00104
34 52 1.00102
34 53 1.001
34 54 1.00099
34 55 1.00097
34 56 1.00095
34 57 1.00093
34 58 1.00091
34 59 1.00089
34 60 1.00087
34 61 1.00085
34 62 1.00083
34 63 1.00081
34 64 1.00078
34 65 1.00076
34 66 1.00074
34 67 1.00072
34 68 1.00069
34 69 1.00067
34 70 1.00065
34 71 1.00063
34 72 1.00061
34 73 1.00058
34 74 1.00056
34 75 1.00054
34 76 1.00052
34 77 1.0005
34 78 1.00048
34 79 1.00046
34 80 1.00045
34 81 1.00043
34 82 1.00041
34 83 1.0004
34 84 1.00038
34 85 1.00037
34 86 1.00036
34 87 1.00034
34 88 1.00033
34 89 1.00032
34 90 1.00032
34 91 1.00031
34 92 1.0003
34 93 1.0003
34 94 1.00029
34 95 1.00029
34 96 1.00029
34 97 1.00028
34 98 1.00028
34 99 1.00029
34 100 1.00029
34 101 1.00029
34 102 1.00029
34 103 1.0003
34 104 1.00031
34 105 1.00031
34 106 1.00032
34 107 1.00033
34 108 1.00034
34 109 1.00034
34 110 1.00035
34 111 1.00036
34 112 1.00037
34 113 1.00039
34 114 1.0004
34 115 1.00041
34 116 1.00042
34 117 1.00044
34 118 1.00045
34 119 1.00047
34 120 1.00048
34 121 1.0005
34 122 1.00052
34 123 1.00055
34 124 1.00058
34 125 1.0006
34 126 1.00063
34 127 1.00066

35 0 0
35 1 1.00128
35 2 1.00128
35 3 1.00128
35 4 1.00128
35 5 1.00128
35 6 1.00129
35 7 1.00129
35 8 1.00129
35 9 1.00129
35 10 1.00128
35 11 1.00128
35 12 1.00128
35 13 1.00128
35 14 1.00128
35 15 1.00128
35 16 1.00128
35 17 1.00128
35 18 1.00128
35 19 1.00127
35 20 1.00127
35 21 1.00127
35 22 1.00127
35 23 1.00127
35 24 1.00126
35 25 1.00126
35 26 1.00125
35 27 1.00125
35 28 1.00125
35 29 1.00124
35 30 1.00124
35 31 1.00123
35 32 1.00122
35 33 1.00122
35 34 1.00121
35 35 1.0012
35 36 1.0012
35 37 1.00119
35 38 1.00118
35 39 1.00117
35 40 1.00116
35 41 1.00115
35 42 1.00114
35 43 1.00113
35 44 1.00112
35 45 1.0011
35 46 1.00109
35 47 1.00108
35 48 1.00106
35 49 1.00105
35 50 1.00103
35 51 1.00102
35 52 1.001
35 53 1.00098
35 54 1.00096
35 55 1.00095
35 56 1.00093
35 57 1.00091
35 58 1.00089
35 59 1.00087
35 60 1.00085
35 61 1.00082
35 62 1.0008
35 63 1.00078
35 64 1.00076
35 65 1.00074
35 66 1.00071
35 67 1.00069
35 68 1.00067
35 69 1.00064
35 70 1.00062
35 71 1.0006
35 72 1.00058
35 73 1.00055
35 74 1.00053
35 75 1.00051
35 76 1.00049
35 77 1.00047
35 78 1.00045
35 79 1.00043
35 80 1.00041
35 81 1.0004
35 82 1.00038
35 83 1.00037
35 84 1.00035
35 85 1.00034
35 86 1.00033
35 87 1.00031
35 88 1.0003
35 89 1.00029
35 90 1.00029
35 91 1.00028
35 92 1.00027
35 93 1.00027
35 94 1.00026
35 95 1.00026
35 96 1.00026
35 97 1.00026
35 98 1.00026
35 99 1.00026
35 100 1.00026
35 101 1.00027
35 102 1.00027
35 103 1.00028
35 104 1.00028
35 105 1.00029
35 106 1.0003
35 107 1.00031
35 108 1.00032
35 109 1.00033
35 110 1.00034
35 111 1.00035
35 112 1.00036
35 113 1.00037
35 114 1.00038
35 115 1.00039
35 116 1.00041
35 117 1.00042
35 118 1.00043
35 119 1.00045
35 120 1.00047
35 121 1.00049
35 122 1.00051
35 123 1.00053
35 124 1.00056
35 125 1.00058
35 126 1.00061
35 127 1.00064

36 0 0
36 1 1.00126
36 2 1.00126
36 3 1.00126
36 4 1.00126
36 5 1.00126
36 6 1.00127
36 7 1.00127
36 8 1.00127
36 9 1.00127
36 10 1.00126
36 11 1.00126
36 12 1.00126
36 13 1.00126
36 14 1.00126
36 15 1.00126
36 16 1.00126
36 17 1.00126
36 18 1.00126
36 19 1.00125
36 20 1.00125
36 21 1.00125
36 22 1.00125
36 23 1.00125
36 24 1.00124
36 25 1.00124
36 26 1.00123
36 27 1.00123
36 28 1.00123
36 29 1.00122
36 30 1.00122
36 31 1.00121
36 32 1.00121
36 33 1.0012
36 34 1.00119
36 35 1.00118
36 36 1.00118
36 37 1.00117
36 38 1.00116
36 39 1.00115
36 40 1.00114
36 41 1.00113
36 42 1.00112
36 43 1.00111
36 44 1.0011
36 45 1.00108
36 46 1.00107
36 47 1.00106
36 48 1.00104
36 49 1.00103
36 50 1.00101
36 51 1.001
36 52 1.00098
36 53 1.00096
36 54 1.00094
36 55 1.00092
36 56 1.0009
36 57 1.00088
36 58 1.00086
36 59 1.00084
36 60 1.00082
36 61 1.0008
36 62 1.00078
36 63 1.00075
36 64 1.00073
36 65 1.00071
36 66 1.00068
36 67 1.00066
36 68 1.00064
36 69 1.00061
36 70 1.00059
36 71 1.00057
36 72 1.00055
36 73 1.00052
36 74 1.0005
36 75 1.00048
36 76 1.00046
36 77 1.00044
36 78 1.00042
36 79 1.0004
36 80 1.00038
36 81 1.00036
36 82 1.00035
36 83 1.00033
36 84 1.00032
36 85 1.0003
36 86 1.00029
36 87 1.00028
36 88 1.00027
36 89 1.00026
36 90 1.00025
36 91 1.00025
36 92 1.00024
36 93 1.00024
36 94 1.00023
36 95 1.00023
36 96 1.00023
36 97 1.00023
36 98 1.00023
36 99 1.00024
36 100 1.00024
36 101 1.00024
36 102 1.00025
36 103 1.00025
36 104 1.00026
36 105 1.00027
36 106 1.00028
36 107 1.00029
36 108 1.0003
36 109 1.00031
36 110 1.00032
36 111 1.00033
36 112 1.00034
36 113 1.00035
36 114 1.00036
36 115 1.00038
36 116 1.00039
36 117 1.0004
36 118 1.00042
36 119 1.00043
36 120 1.00045
36 121 1.00047
36 122 1.00049
36 123 1.00051
36 124 1.00053
36 125 1.00056
36 126 1.00059
36 127 1.00062

37 0 0
37 1 1.00124
37 2 1.00124
37 3 1.00124
37 4 1.00124
37 5 1.00124
37 6 1.00124
37 7 1.00124
37 8 1.00124
37 9 1.00124
37 10 1.00124
37 11 1.00124
37 12 1.00124
37 13 1.00124
37 14 1.00124
37 15 1.00124
37 16 1.00124
37 17 1.00124
37 18 1.00124
37 19 1.00123
37 20 1.00123
37 21 1.00123
37 22 1.00123
37 23 1.00122
37 24 1.00122
37 25 1.00122
37 26 1.00121
37 27 1.00121
37 28 1.00121
37 29 1.0012
37 30 1.0012
37 31 1.00119
37 32 1.00118
37 33 1.00118
37 34 1.00117
37 35 1.00116
37 36 1.00116
37 37 1.00115
37 38 1.00114
37 39 1.00113
37 40 1.00112
37 41 1.00111
37 42 1.0011
37 43 1.00109
37 44 1.00108
37 45 1.00106
37 46 1.00105
37 47 1.00104
37 48 1.00102
37 49 1.00101
37 50 1.00099
37 51 1.00097
37 52 1.00096
37 53 1.00094
37 54 1.00092
37 55 1.0009
37 56 1.00088
37 57 1.00086
37 58 1.00084
37 59 1.00082
37 60 1.00079
37 61 1.00077
37 62 1.00075
37 63 1.00073
37 64 1.0007
37 65 1.00068
37 66 1.00065
37 67 1.00063
37 68 1.00061
37 69 1.00058
37 70 1.00056
37 71 1.00054
37 72 1.00051
37 73 1.00049
37 74 1.00047
37 75 1.00045
37 76 1.00042
37 77 1.0004
37 78 1.00038
37 79 1.00037
37 80 1.00035
37 81 1.00033
37 82 1.00031
37 83 1.0003
37 84 1.00028
37 85 1.00027
37 86 1.00026
37 87 1.00025
37 88 1.00024
37 89 1.00023
37 90 1.00022
37 91 1.00022
37 92 1.00021
37 93 1.00021
37 94 1.0002
37 95 1.0002
37 96 1.0002
37 97 1.0002
37 98 1.00021
37 99 1.00021
37 100 1.00021
37 101 1.00022
37 102 1.00022
37 103 1.00023
37 104 1.00024
37 105 1.00025
37 106 1.00026
37 107 1.00026
37 108 1.00028
37 109 1.00029
37 110 1.0003
37 111 1.00031
37 112 1.00032
37 113 1.00033
37 114 1.00034
37 115 1.00036
37 116 1.00037
37 117 1.00038
37 118 1.0004
37 119 1.00041
37 120 1.00043
37 121 1.00045
37 122 1.00047
37 123 1.00049
37 124 1.00051
37 125 1.00054
37 126 1.00056
37 127 1.00059

38 0 0
38 1 1.00122
38 2 1.00122
38 3 1.00122
38 4 1.00122
38 5 1.00122
38 6 1.00122
38 7 1.00122
38 8 1.00122
38 9 1.00122
38 10 1.00122
38 11 1.00122
38 12 1.00122
38 13 1.00122
38 14 1.00122
38 15 1.00122
38 16 1.00122
38 17 1.00122
38 18 1.00122
38 19 1.00121
38 20 1.00121
38 21 1.00121
38 22 1.00121
38 23 1.0012
38 24 1.0012
38 25 1.0012
38 26 1.00119
38 27 1.00119
38 28 1.00119
38 29 1.00118
38 30 1.00118
38 31 1.00117
38 32 1.00116
38 33 1.00116
38 34 1.00115
38 35 1.00114
38 36 1.00114
38 37 1.00113
38 38 1.00112
38 39 1.00111
38 40 1.0011
38 41 1.00109
38 42 1.00108
38 43 1.00107
38 44 1.00105
38 45 1.00104
38 46 1.00103
38 47 1.00101
38 48 1.001
38 49 1.00098
38 50 1.00097
38 51 1.00095
38 52 1.00093
38 53 1.00091
38 54 1.00089
38 55 1.00087
38 56 1.00085
38 57 1.00083
38 58 1.00081
38 59 1.00079
38 60 1.00077
38 61 1.00074
38 62 1.00072
38 63 1.0007
38 64 1.00067
38 65 1.00065
38 66 1.00062
38 67 1.0006
38 68 1.00058
38 69 1.00055
38 70 1.00053
38 71 1.0005
38 72 1.00048
38 73 1.00046
38 74 1.00043
38 75 1.00041
38 76 1.00039
38 77 1.00037
38 78 1.00035
38 79 1.00033
38 80 1.00031
38 81 1.00029
38 82 1.00028
38 83 1.00026
38 84 1.00025
38 85 1.00023
38 86 1.00022
38 87 1.00021
38 88 1.0002
38 89 1.00019
38 90 1.00019
38 91 1.00018
38 92 1.00018
38 93 1.00017
38 94 1.00017
38 95 1.00017
38 96 1.00017
38 97 1.00017
38 98 1.00018
38 99 1.00018
38 100 1.00018
38 101 1.00019
38 102 1.0002
38 103 1.0002
38 104 1.00021
38 105 1.00022
38 106 1.00023
38 107 1.00024
38 108 1.00025
38 109 1.00026
38 110 1.00027
38 111 1.00029
38 112 1.0003
38 113 1.00031
38 114 1.00032
38 115 1.00034
38 116 1.00035
38 117 1.00036
38 118 1.00038
38 119 1.00039
38 120 1.00041
38 121 1.00043
38 122 1.00044
38 123 1.00047
38 124 1.00049
38 125 1.00051
38 126 1.00054
38 127 1.00056

39 0 0
39 1 1.0012
39 2 1.0012
39 3 1.0012
39 4 1.0012
39 5 1.0012
39 6 1.0012
39 7 1.0012
39 8 1.0012
39 9 1.0012
39 10 1.0012
39 11 1.0012
39 12 1.0012
39 13 1.0012
39 14 1.0012
39 15 1.0012
39 16 1.0012
39 17 1.0012
39 18 1.0012
39 19 1.00119
39 20 1.00119
39 21 1.00119
39 22 1.00119
39 23 1.00118
39 24 1.00118
39 25 1.00118
39 26 1.00117
39 27 1.00117
39 28 1.00116
39 29 1.00116
39 30 1.00115
39 31 1.00115
39 32 1.00114
39 33 1.00114
39 34 1.00113
39 35 1.00112
39 36 1.00112
39 37 1.00111
39 38 1.0011
39 39 1.00109
39 40 1.00108
39 41 1.00107
39 42 1.00106
39 43 1.00105
39 44 1.00103
39 45 1.00102
39 46 1.00101
39 47 1.00099
39 48 1.00098
39 49 1.00096
39 50 1.00094
39 51 1.00093
39 52 1.00091
39 53 1.00089
39 54 1.00087
39 55 1.00085
39 56 1.00083
39 57 1.00081
39 58 1.00079
39 59 1.00076
39 60 1.00074
39 61 1.00072
39 62 1.00069
39 63 1.00067
39 64 1.00064
39 65 1.00062
39 66 1.00059
39 67 1.00057
39 68 1.00054
39 69 1.00052
39 70 1.00049
39 71 1.00047
39 72 1.00044
39 73 1.00042
39 74 1.0004
39 75 1.00037
39 76 1.00035
39 77 1.00033
39 78 1.00031
39 79 1.00029
39 80 1.00027
39 81 1.00026
39 82 1.00024
39 83 1.00022
39 84 1.00021
39 85 1.0002
39 86 1.00019
39 87 1.00018
39 88 1.00017
39 89 1.00016
39 90 1.00015
39 91 1.00015
39 92 1.00014
39 93 1.00014
39 94 1.00014
39 95 1.00014
39 96 1.00014
39 97 1.00014
39 98 1.00014
39 99 1.00015
39 100 1.00015
39 101 1.00016
39 102 1.00017
39 103 1.00018
39 104 1.00018
39 105 1.00019
39 106 1.0002
39 107 1.00022
39 108 1.00023
39 109 1.00024
39 110 1.00025
39 111 1.00026
39 112 1.00027
39 113 1.00029
39 114 1.0003
39 115 1.00031
39 116 1.00033
39 117 1.00034
39 118 1.00035
39 119 1.00037
39 120 1.00038
39 121 1.0004
39 122 1.00042
39 123 1.00044
39 124 1.00046
39 125 1.00048
39 126 1.00051
39 127 1.00053

40 0 0
40 1 1.00118
40 2 1.00118
40 3 1.00118
40 4 1.00118
40 5 1.00118
40 6 1.00118
40 7 1.00118
40 8 1.00118
40 9 1.00118
40 10 1.00118
40 11 1.00118
40 12 1.00118
40 13 1.00118
40 14 1.00118
40 15 1.00118
40 16 1.00118
40 17 1.00118
40 18 1.00117
40 19 1.00117
40 20 1.00117
40 21 1.00117
40 22 1.00117
40 23 1.00116
40 24 1.00116
40 25 1.00116
40 26 1.00115
40 27 1.00115
40 28 1.00114
40 29 1.00114
40 30 1.00113
40 31 1.00113
40 32 1.00112
40 33 1.00112
40 34 1.00111
40 35 1.0011
40 36 1.00109
40 37 1.00109
40 38 1.00108
40 39 1.00107
40 40 1.00106
40 41 1.00105
40 42 1.00104
40 43 1.00102
40 44 1.00101
40 45 1.001
40 46 1.00098
40 47 1.00097
40 48 1.00095
40 49 1.00094
40 50 1.00092
40 51 1.0009
40 52 1.00088
40 53 1.00087
40 54 1.00085
40 55 1.00082
40 56 1.0008
40 57 1.00078
40 58 1.00076
40 59 1.00074
40 60 1.00071
40 61 1.00069
40 62 1.00066
40 63 1.00064
40 64 1.00061
40 65 1.00059
40 66 1.00056
40 67 1.00053
40 68 1.00051
40 69 1.00048
40 70 1.00046
40 71 1.00043
40 72 1.00041
40 73 1.00038
40 74 1.00036
40 75 1.00034
40 76 1.00031
40 77 1.00029
40 78 1.00027
40 79 1.00025
40 80 1.00023
40 81 1.00022
40 82 1.0002
40 83 1.00018
40 84 1.00017
40 85 1.00016
40 86 1.00015
40 87 1.00014
40 88 1.00013
40 89 1.00012
40 90 1.00011
40 91 1.00011
40 92 1.00011
40 93 1.0001
40 94 1.0001
40 95 1.0001
40 96 1.0001
40 97 1.00011
40 98 1.00011
40 99 1.00012
40 100 1.00012
40 101 1.00013
40 102 1.00014
40 103 1.00015
40 104 1.00016
40 105 1.00017
40 106 1.00018
40 107 1.00019
40 108 1.0002
40 109 1.00021
40 110 1.00022
40 111 1.00024
40 112 1.00025
40 113 1.00026
40 114 1.00027
40 115 1.00029
40 116 1.0003
40 117 1.00031
40 118 1.00033
40 119 1.00034
40 120 1.00036
40 121 1.00038
40 122 1.00039
40 123 1.00041
40 124 1.00043
40 125 1.00046
40 126 1.00048
40 127 1.0005

41 0 0
41 1 1.00116
41 2 1.00116
41 3 1.00116
41 4 1.00116
41 5 1.00116
41 6 1.00116
41 7 1.00116
41 8 1.00116
41 9 1.00116
41 10 1.00116
41 11 1.00116
41 12 1.00116
41 13 1.00116
41 14 1.00116
41 15 1.00116
41 16 1.00116
41 17 1.00115
41 18 1.00115
41 19 1.00115
41 20 1.00115
41 21 1.00115
41 22 1.00114
41 23 1.00114
41 24 1.00114
41 25 1.00113
41 26 1.00113
41 27 1.00113
41 28 1.00112
41 29 1.00112
41 30 1.00111
41 31 1.00111
41 32 1.0011
41 33 1.00109
41 34 1.00109
41 35 1.00108
41 36 1.00107
41 37 1.00106
41 38 1.00106
41 39 1.00105
41 40 1.00104
41 41 1.00103
41 42 1.00101
41 43 1.001
41 44 1.00099
41 45 1.00098
41 46 1.00096
41 47 1.00095
41 48 1.00093
41 49 1.00091
41 50 1.0009
41 51 1.00088
41 52 1.00086
41 53 1.00084
41 54 1.00082
41 55 1.0008
41 56 1.00078
41 57 1.00075
41 58 1.00073
41 59 1.00071
41 60 1.00068
41 61 1.00066
41 62 1.00063
41 63 1.00061
41 64 1.00058
41 65 1.00055
41 66 1.00053
41 67 1.0005
41 68 1.00047
41 69 1.00045
41 70 1.00042
41 71 1.00039
41 72 1.00037
41 73 1.00034
41 74 1.00032
41 75 1.0003
41 76 1.00027
41 77 1.00025
41 78 1.00023
41 79 1.00021
41 80 1.00019
41 81 1.00017
41 82 1.00016
41 83 1.00014
41 84 1.00013
41 85 1.00012
41 86 1.0001
41 87 1.00009
41 88 1.00009
41 89 1.00008
41 90 1.00007
41 91 1.00007
41 92 1.00007
41 93 1.00007
41 94 1.00007
41 95 1.00007
41 96 1.00007
41 97 1.00007
41 98 1.00008
41 99 1.00008
41 100 1.00009
41 101 1.0001
41 102 1.0001
41 103 1.00011
41 104 1.00012
41 105 1.00014
41 106 1.00015
41 107 1.00016
41 108 1.00017
41 109 1.00018
41 110 1.0002
41 111 1.00021
41 112 1.00022
41 113 1.00023
41 114 1.00025
41 115 1.00026
41 116 1.00027
41 117 1.00029
41 118 1.0003
41 119 1.00032
41 120 1.00033
41 121 1.00035
41 122 1.00036
41 123 1.00038
41 124 1.0004
41 125 1.00042
41 126 1.00045
41 127 1.00047

42 0 0
42 1 1.00114
42 2 1.00114
42 3 1.00114
42 4 1.00114
42 5 1.00114
42 6 1.00114
42 7 1.00114
42 8 1.00114
42 9 1.00114
42 10 1.00114
42 11 1.00114
42 12 1.00114
42 13 1.00114
42 14 1.00114
42 15 1.00114
42 16 1.00113
42 17 1.00113
42 18 1.00113
42 19 1.00113
42 20 1.00113
42 21 1.00112
42 22 1.00112
42 23 1.00112
42 24 1.00112
42 25 1.00111
42 26 1.00111
42 27 1.00111
42 28 1.0011
42 29 1.0011
42 30 1.00109
42 31 1.00109
42 32 1.00108
42 33 1.00107
42 34 1.00107
42 35 1.00106
42 36 1.00105
42 37 1.00104
42 38 1.00103
42 39 1.00102
42 40 1.00101
42 41 1.001
42 42 1.00099
42 43 1.00098
42 44 1.00097
42 45 1.00095
42 46 1.00094
42 47 1.00092
42 48 1.00091
42 49 1.00089
42 50 1.00087
42 51 1.00085
42 52 1.00083
42 53 1.00081
42 54 1.00079
42 55 1.00077
42 56 1.00075
42 57 1.00073
42 58 1.0007
42 59 1.00068
42 60 1.00065
42 61 1.00063
42 62 1.0006
42 63 1.00057
42 64 1.00055
42 65 1.00052
42 66 1.00049
42 67 1.00046
42 68 1.00044
42 69 1.00041
42 70 1.00038
42 71 1.00035
42 72 1.00033
42 73 1.0003
42 74 1.00028
42 75 1.00025
42 76 1.00023
42 77 1.00021
42 78 1.00019
42 79 1.00017
42 80 1.00015
42 81 1.00013
42 82 1.00011
42 83 1.0001
42 84 1.00008
42 85 1.00007
42 86 1.00006
42 87 1.00005
42 88 1.00004
42 89 1.00004
42 90 1.00003
42 91 1.00003
42 92 1.00003
42 93 1.00003
42 94 1.00003
42 95 1.00003
42 96 1.00003
42 97 1.00003
42 98 1.00004
42 99 1.00005
42 100 1.00005
42 101 1.00006
42 102 1.00007
42 103 1.00008
42 104 1.00009
42 105 1.0001
42 106 1.00011
42 107 1.00013
42 108 1.00014
42 109 1.00015
42 110 1.00017
42 111 1.00018
42 112 1.00019
42 113 1.00021
42 114 1.00022
42 115 1.00023
42 116 1.00025
42 117 1.00026
42 118 1.00027
42 119 1.00029
42 120 1.0003
42 121 1.00032
42 122 1.00033
42 123 1.00035
42 124 1.00037
42 125 1.00039
42 126 1.00041
42 127 1.00044

43 0 0
43 1 1.00112
43 2 1.00112
43 3 1.00112
43 4 1.00112
43 5 1.00112
43 6 1.00112
43 7 1.00112
43 8 1.00112
43 9 1.00112
43 10 1.00112
43 11 1.00112
43 12 1.00112
43 13 1.00112
43 14 1.00111
43 15 1.00111
43 16 1.00111
43 17 1.00111
43 18 1.00111
43 19 1.00111
43 20 1.00111
43 21 1.0011
43 22 1.0011
43 23 1.0011
43 24 1.00109
43 25 1.00109
43 26 1.00109
43 27 1.00108
43 28 1.00108
43 29 1.00107
43 30 1.00107
43 31 1.00106
43 32 1.00106
43 33 1.00105
43 34 1.00104
43 35 1.00104
43 36 1.00103
43 37 1.00102
43 38 1.00101
43 39 1.001
43 40 1.00099
43 41 1.00098
43 42 1.00097
43 43 1.00096
43 44 1.00094
43 45 1.00093
43 46 1.00091
43 47 1.0009
43 48 1.00088
43 49 1.00087
43 50 1.00085
43 51 1.00083
43 52 1.00081
43 53 1.00079
43 54 1.00077
43 55 1.00074
43 56 1.00072
43 57 1.0007
43 58 1.00067
43 59 1.00065
43 60 1.00062
43 61 1.00059
43 62 1.00057
43 63 1.00054
43 64 1.00051
43 65 1.00048
43 66 1.00045
43 67 1.00042
43 68 1.0004
43 69 1.00037
43 70 1.00034
43 71 1.00031
43 72 1.00029
43 73 1.00026
43 74 1.00023
43 75 1.00021
43 76 1.00019
43 77 1.00016
43 78 1.00014
43 79 1.00012
43 80 1.0001
43 81 1.00008
43 82 1.00007
43 83 1.00005
43 84 1.00004
43 85 1.00003
43 86 1.00002
43 87 1.00001
43 88 0.999999
43 89 0.999993
43 90 0.999988
43 91 0.999985
43 92 0.999983
43 93 0.999983
43 94 0.999984
43 95 0.999986
43 96 0.99999
43 97 0.999995
43 98 1
43 99 1.00001
43 100 1.00002
43 101 1.00003
43 102 1.00003
43 103 1.00005
43 104 1.00006
43 105 1.00007
43 106 1.00008
43 107 1.00009
43 108 1.00011
43 109 1.00012
43 110 1.00013
43 111 1.00015
43 112 1.00016
43 113 1.00017
43 114 1.00019
43 115 1.0002
43 116 1.00021
43 117 1.00023
43 118 1.00024
43 119 1.00026
43 120 1.00027
43 121 1.00029
43 122 1.0003
43 123 1.00032
43 124 1.00034
43 125 1.00036
43 126 1.00038
43 127 1.0004

44 0 0
44 1 1.00109
44 2 1.00109
44 3 1.00109
44 4 1.0011
44 5 1.0011
44 6 1.0011
44 7 1.0011
44 8 1.0011
44 9 1.0011
44 10 1.00109
44 11 1.00109
44 12 1.00109
44 13 1.00109
44 14 1.00109
44 15 1.00109
44 16 1.00109
44 17 1.00109
44 18 1.00109
44 19 1.00109
44 20 1.00108
44 21 1.00108
44 22 1.00108
44 23 1.00108
44 24 1.00107
44 25 1.00107
44 26 1.00107
44 27 1.00106
44 28 1.00106
44 29 1.00105
44 30 1.00105
44 31 1.00104
44 32 1.00104
44 33 1.00103
44 34 1.00102
44 35 1.00102
44 36 1.00101
44 37 1.001
44 38 1.00099
44 39 1.00098
44 40 1.00097
44 41 1.00096
44 42 1.00095
44 43 1.00093
44 44 1.00092
44 45 1.00091
44 46 1.00089
44 47 1.00088
44 48 1.00086
44 49 1.00084
44 50 1.00082
44 51 1.0008
44 52 1.00078
44 53 1.00076
44 54 1.00074
44 55 1.00072
44 56 1.00069
44 57 1.00067
44 58 1.00064
44 59 1.00061
44 60 1.00059
44 61 1.00056
44 62 1.00053
44 63 1.0005
44 64 1.00047
44 65 1.00044
44 66 1.00041
44 67 1.00039
44 68 1.00036
44 69 1.00033
44 70 1.0003
44 71 1.00027
44 72 1.00024
44 73 1.00021
44 74 1.00019
44 75 1.00016
44 76 1.00014
44 77 1.00012
44 78 1.00009
44 79 1.00007
44 80 1.00005
44 81 1.00003
44 82 1.00002
44 83 1
44 84 0.99999
44 85 0.999978
44 86 0.999967
44 87 0.999959
44 88 0.999951
44 89 0.999946
44 90 0.999942
44 91 0.999939
44 92 0.999938
44 93 0.999938
44 94 0.99994
44 95 0.999943
44 96 0.999948
44 97 0.999953
44 98 0.99996
44 99 0.999968
44 100 0.999977
44 101 0.999986
44 102 0.999997
44 103 1.00001
44 104 1.00002
44 105 1.00003
44 106 1.00005
44 107 1.00006
44 108 1.00007
44 109 1.00009
44 110 1.0001
44 111 1.00011
44 112 1.00013
44 113 1.00014
44 114 1.00016
44 115 1.00017
44 116 1.00018
44 117 1.0002
44 118 1.00021
44 119 1.00022
44 120 1.00024
44 121 1.00025
44 122 1.00027
44 123 1.00029
44 124 1.0003
44 125 1.00032
44 126 1.00034
44 127 1.00037

45 0 0
45 1 1.00107
45 2 1.00107
45 3 1.00107
45 4 1.00107
45 5 1.00107
45 6 1.00107
45 7 1.00107
45 8 1.00107
45 9 1.00107
45 10 1.00107
45 11 1.00107
45 12 1.00107
45 13 1.00107
45 14 1.00107
45 15 1.00107
45 16 1.00107
45 17 1.00107
45 18 1.00106
45 19 1.00106
45 20 1.00106
45 21 1.00106
45 22 1.00106
45 23 1.00105
45 24 1.00105
45 25 1.00105
45 26 1.00104
45 27 1.00104
45 28 1.00103
45 29 1.00103
45 30 1.00103
45 31 1.00102
45 32 1.00101
45 33 1.00101
45 34 1.001
45 35 1.00099
45 36 1.00098
45 37 1.00098
45 38 1.00097
45 39 1.00096
45 40 1.00095
45 41 1.00094
45 42 1.00092
45 43 1.00091
45 44 1.0009
45 45 1.00088
45 46 1.00087
45 47 1.00085
45 48 1.00083
45 49 1.00082
45 50 1.0008
45 51 1.00078
45 52 1.00076
45 53 1.00073
45 54 1.00071
45 55 1.00069
45 56 1.00066
45 57 1.00064
45 58 1.00061
45 59 1.00058
45 60 1.00055
45 61 1.00052
45 62 1.0005
45 63 1.00047
45 64 1.00044
45 65 1.0004
45 66 1.00037
45 67 1.00034
45 68 1.00031
45 69 1.00028
45 70 1.00025
45 71 1.00022
45 72 1.0002
45 73 1.00017
45 74 1.00014
45 75 1.00011
45 76 1.00009
45 77 1.00007
45 78 1.00004
45 79 1.00002
45 80 1
45 81 0.999984
45 82 0.999967
45 83 0.999952
45 84 0.999939
45 85 0.999927
45 86 0.999917
45 87 0.999908
45 88 0.999902
45 89 0.999897
45 90 0.999893
45 91 0.999891
45 92 0.999891
45 93 0.999892
45 94 0.999894
45 95 0.999898
45 96 0.999903
45 97 0.99991
45 98 0.999917
45 99 0.999926
45 100 0.999935
45 101 0.999946
45 102 0.999957
45 103 0.999969
45 104 0.999981
45 105 0.999994
45 106 1.00001
45 107 1.00002
45 108 1.00004
45 109 1.00005
45 110 1.00006
45 111 1.00008
45 112 1.00009
45 113 1.00011
45 114 1.00012
45 115 1.00013
45 116 1.00015
45 117 1.00016
45 118 1.00017
45 119 1.00019
45 120 1.0002
45 121 1.00022
45 122 1.00023
45 123 1.00025
45 124 1.00027
45 125 1.00029
45 126 1.00031
45 127 1.00033

46 0 0
46 1 1.00105
46 2 1.00105
46 3 1.00105
46 4 1.00105
46 5 1.00105
46 6 1.00105
46 7 1.00105
46 8 1.00105
46 9 1.00105
46 10 1.00105
46 11 1.00105
46 12 1.00105
46 13 1.00105
46 14 1.00105
46 15 1.00105
46 16 1.00105
46 17 1.00104
46 18 1.00104
46 19 1.00104
46 20 1.00104
46 21 1.00104
46 22 1.00103
46 23 1.00103
46 24 1.00103
46 25 1.00102
46 26 1.00102
46 27 1.00102
46 28 1.00101
46 29 1.00101
46 30 1.001
46 31 1.001
46 32 1.00099
46 33 1.00098
46 34 1.00098
46 35 1.00097
46 36 1.00096
46 37 1.00095
46 38 1.00094
46 39 1.00093
46 40 1.00092
46 41 1.00091
46 42 1.0009
46 43 1.00089
46 44 1.00087
46 45 1.00086
46 46 1.00084
46 47 1.00083
46 48 1.00081
46 49 1.00079
46 50 1.00077
46 51 1.00075
46 52 1.00073
46 53 1.00071
46 54 1.00068
46 55 1.00066
46 56 1.00063
46 57 1.0006
46 58 1.00058
46 59 1.00055
46 60 1.00052
46 61 1.00049
46 62 1.00046
46 63 1.00043
46 64 1.0004
46 65 1.00036
46 66 1.00033
46 67 1.0003
46 68 1.00027
46 69 1.00024
46 70 1.00021
46 71 1.00018
46 72 1.00015
46 73 1.00012
46 74 1.00009
46 75 1.00006
46 76 1.00004
46 77 1.00001
46 78 0.99999
46 79 0.999968
46 80 0.999949
46 81 0.99993
46 82 0.999913
46 83 0.999898
46 84 0.999885
46 85 0.999874
46 86 0.999864
46 87 0.999856
46 88 0.99985
46 89 0.999845
46 90 0.999842
46 91 0.999841
46 92 0.999841
46 93 0.999843
46 94 0.999846
46 95 0.999851
46 96 0.999857
46 97 0.999864
46 98 0.999872
46 99 0.999881
46 100 0.999892
46 101 0.999903
46 102 0.999915
46 103 0.999927
46 104 0.999941
46 105 0.999954
46 106 0.999968
46 107 0.999983
46 108 0.999997
46 109 1.00001
46 110 1.00003
46 111 1.00004
46 112 1.00006
46 113 1.00007
46 114 1.00008
46 115 1.0001
46 116 1.00011
46 117 1.00012
46 118 1.00014
46 119 1.00015
46 120 1.00017
46 121 1.00018
46 122 1.0002
46 123 1.00021
46 124 1.00023
46 125 1.00025
46 126 1.00027
46 127 1.00029

47 0 0
47 1 1.00103
47 2 1.00103
47 3 1.00103
47 4 1.00103
47 5 1.00103
47 6 1.00103
47 7 1.00103
47 8 1.00103
47 9 1.00103
47 10 1.00103
47 11 1.00103
47 12 1.00103
47 13 1.00103
47 14 1.00102
47 15 1.00102
47 16 1.00102
47 17 1.00102
47 18 1.00102
47 19 1.00102
47 20 1.00102
47 21 1.00101
47 22 1.00101
47 23 1.00101
47 24 1.00101
47 25 1.001
47 26 1.001
47 27 1.00099
47 28 1.00099
47 29 1.00099
47 30 1.00098
47 31 1.00097
47 32 1.00097
47 33 1.00096
47 34 1.00096
47 35 1.00095
47 36 1.00094
47 37 1.00093
47 38 1.00092
47 39 1.00091
47 40 1.0009
47 41 1.00089
47 42 1.00088
47 43 1.00086
47 44 1.00085
47 45 1.00083
47 46 1.00082
47 47 1.0008
47 48 1.00078
47 49 1.00076
47 50 1.00074
47 51 1.00072
47 52 1.0007
47 53 1.00068
47 54 1.00065
47 55 1.00063
47 56 1.0006
47 57 1.00057
47 58 1.00054
47 59 1.00051
47 60 1.00048
47 61 1.00045
47 62 1.00042
47 63 1.00039
47 64 1.00035
47 65 1.00032
47 66 1.00029
47 67 1.00026
47 68 1.00022
47 69 1.00019
47 70 1.00016
47 71 1.00013
47 72 1.0001
47 73 1.00007
47 74 1.00004
47 75 1.00001
47 76 0.999983
47 77 0.999958
47 78 0.999934
47 79 0.999913
47 80 0.999892
47 81 0.999874
47 82 0.999857
47 83 0.999842
47 84 0.999829
47 85 0.999818
47 86 0.999808
47 87 0.999801
47 88 0.999795
47 89 0.999791
47 90 0.999788
47 91 0.999788
47 92 0.999789
47 93 0.999791
47 94 0.999795
47 95 0.999801
47 96 0.999808
47 97 0.999816
47 98 0.999825
47 99 0.999835
47 100 0.999846
47 101 0.999858
47 102 0.999871
47 103 0.999884
47 104 0.999898
47 105 0.999912
47 106 0.999927
47 107 0.999942
47 108 0.999957
47 109 0.999972
47 110 0.999987
47 111 1
47 112 1.00002
47 113 1.00003
47 114 1.00005
47 115 1.00006
47 116 1.00007
47 117 1.00009
47 118 1.0001
47 119 1.00011
47 120 1.00013
47 121 1.00014
47 122 1.00016
47 123 1.00017
47 124 1.00019
47 125 1.00021
47 126 1.00023
47 127 1.00025

48 0 0
48 1 1.001
48 2 1.001
48 3 1.00101
48 4 1.00101
48 5 1.00101
48 6 1.00101
48 7 1.00101
48 8 1.00101
48 9 1.00101
48 10 1.001
48 11 1.001
48 12 1.001
48 13 1.001
48 14 1.001
48 15 1.001
48 16 1.001
48 17 1.001
48 18 1.001
48 19 1.00099
48 20 1.00099
48 21 1.00099
48 22 1.00099
48 23 1.00099
48 24 1.00098
48 25 1.00098
48 26 1.00098
48 27 1.00097
48 28 1.00097
48 29 1.00096
48 30 1.00096
48 31 1.00095
48 32 1.00095
48 33 1.00094
48 34 1.00093
48 35 1.00093
48 36 1.00092
48 37 1.00091
48 38 1.0009
48 39 1.00089
48 40 1.00088
48 41 1.00087
48 42 1.00085
48 43 1.00084
48 44 1.00083
48 45 1.00081
48 46 1.00079
48 47 1.00078
48 48 1.00076
48 49 1.00074
48 50 1.00072
48 51 1.00069
48 52 1.00067
48 53 1.00065
48 54 1.00062
48 55 1.00059
48 56 1.00057
48 57 1.00054
48 58 1.00051
48 59 1.00048
48 60 1.00044
48 61 1.00041
48 62 1.00038
48 63 1.00035
48 64 1.00031
48 65 1.00028
48 66 1.00024
48 67 1.00021
48 68 1.00017
48 69 1.00014
48 70 1.00011
48 71 1.00007
48 72 1.00004
48 73 1.00001
48 74 0.999981
48 75 0.999953
48 76 0.999926
48 77 0.9999
48 78 0.999876
48 79 0.999854
48 80 0.999833
48 81 0.999815
48 82 0.999798
48 83 0.999783
48 84 0.99977
48 85 0.999759
48 86 0.99975
48 87 0.999743
48 88 0.999737
48 89 0.999734
48 90 0.999732
48 91 0.999732
48 92 0.999734
48 93 0.999737
48 94 0.999742
48 95 0.999749
48 96 0.999756
48 97 0.999765
48 98 0.999775
48 99 0.999786
48 100 0.999798
48 101 0.999811
48 102 0.999824
48 103 0.999838
48 104 0.999853
48 105 0.999868
48 106 0.999883
48 107 0.999899
48 108 0.999914
48 109 0.99993
48 110 0.999945
48 111 0.99996
48 112 0.999975
48 113 0.99999
48 114 1
48 115 1.00002
48 116 1.00003
48 117 1.00005
48 118 1.00006
48 119 1.00007
48 120 1.00009
48 121 1.0001
48 122 1.00011
48 123 1.00013
48 124 1.00015
48 125 1.00016
48 126 1.00018
48 127 1.0002

49 0 0
49 1 1.00098
49 2 1.00098
49 3 1.00098
49 4 1.00098
49 5 1.00098
49 6 1.00098
49 7 1.00098
49 8 1.00098
49 9 1.00098
49 10 1.00098
49 11 1.00098
49 12 1.00098
49 13 1.00098
49 14 1.00098
49 15 1.00098
49 16 1.00098
49 17 1.00098
49 18 1.00097
49 19 1.00097
49 20 1.00097
49 21 1.00097
49 22 1.00097
49 23 1.00096
49 24 1.00096
49 25 1.00096
49 26 1.00095
49 27 1.00095
49 28 1.00094
49 29 1.00094
49 30 1.00093
49 31 1.00093
49 32 1.00092
49 33 1.00092
49 34 1.00091
49 35 1.0009
49 36 1.00089
49 37 1.00089
49 38 1.00088
49 39 1.00087
49 40 1.00085
49 41 1.00084
49 42 1.00083
49 43 1.00082
49 44 1.0008
49 45 1.00079
49 46 1.00077
49 47 1.00075
49 48 1.00073
49 49 1.00071
49 50 1.00069
49 51 1.00067
49 52 1.00064
49 53 1.00062
49 54 1.00059
49 55 1.00056
49 56 1.00053
49 57 1.0005
49 58 1.00047
49 59 1.00044
49 60 1.00041
49 61 1.00037
49 62 1.00034
49 63 1.0003
49 64 1.00027
49 65 1.00023
49 66 1.00019
49 67 1.00016
49 68 1.00012
49 69 1.00009
49 70 1.00005
49 71 1.00002
49 72 0.999986
49 73 0.999954
49 74 0.999923
49 75 0.999894
49 76 0.999866
49 77 0.999839
49 78 0.999815
49 79 0.999792
49 80 0.999771
49 81 0.999752
49 82 0.999736
49 83 0.999721
49 84 0.999708
49 85 0.999697
49 86 0.999688
49 87 0.999682
49 88 0.999677
49 89 0.999674
49 90 0.999673
49 91 0.999674
49 92 0.999677
49 93 0.999681
49 94 0.999687
49 95 0.999694
49 96 0.999703
49 97 0.999712
49 98 0.999723
49 99 0.999735
49 100 0.999748
49 101 0.999762
49 102 0.999776
49 103 0.999791
49 104 0.999806
49 105 0.999822
49 106 0.999838
49 107 0.999854
49 108 0.99987
49 109 0.999886
49 110 0.999901
49 111 0.999917
49 112 0.999932
49 113 0.999947
49 114 0.999962
49 115 0.999976
49 116 0.99999
49 117 1
49 118 1.00002
49 119 1.00003
49 120 1.00004
49 121 1.00006
49 122 1.00007
49 123 1.00009
49 124 1.0001
49 125 1.00012
49 126 1.00014
49 127 1.00016

50 0 0
50 1 1.00096
50 2 1.00096
50 3 1.00096
50 4 1.00096
50 5 1.00096
50 6 1.00096
50 7 1.00096
50 8 1.00096
50 9 1.00096
50 10 1.00096
50 11 1.00096
50 12 1.00096
50 13 1.00096
50 14 1.00096
50 15 1.00095
50 16 1.00095
50 17 1.00095
50 18 1.00095
50 19 1.00095
50 20 1.00095
50 21 1.00094
50 22 1.00094
50 23 1.00094
50 24 1.00094
50 25 1.00093
50 26 1.00093
50 27 1.00093
50 28 1.00092
50 29 1.00092
50 30 1.00091
50 31 1.00091
50 32 1.0009
50 33 1.00089
50 34 1.00089
50 35 1.00088
50 36 1.00087
50 37 1.00086
50 38 1.00085
50 39 1.00084
50 40 1.00083
50 41 1.00082
50 42 1.00081
50 43 1.00079
50 44 1.00078
50 45 1.00076
50 46 1.00074
50 47 1.00072
50 48 1.0007
50 49 1.00068
50 50 1.00066
50 51 1.00064
50 52 1.00061
50 53 1.00059
50 54 1.00056
50 55 1.00053
50 56 1.0005
50 57 1.00047
50 58 1.00043
50 59 1.0004
50 60 1.00037
50 61 1.00033
50 62 1.00029
50 63 1.00026
50 64 1.00022
50 65 1.00018
50 66 1.00014
50 67 1.00011
50 68 1.00007
50 69 1.00003
50 70 0.999996
50 71 0.999961
50 72 0.999927
50 73 0.999894
50 74 0.999862
50 75 0.999831
50 76 0.999803
50 77 0.999776
50 78 0.999751
50 79 0.999728
50 80 0.999706
50 81 0.999687
50 82 0.99967
50 83 0.999656
50 84 0.999643
50 85 0.999633
50 86 0.999624
50 87 0.999618
50 88 0.999614
50 89 0.999612
50 90 0.999612
50 91 0.999613
50 92 0.999617
50 93 0.999622
50 94 0.999629
50 95 0.999637
50 96 0.999646
50 97 0.999657
50 98 0.999669
50 99 0.999682
50 100 0.999696
50 101 0.99971
50 102 0.999725
50 103 0.999741
50 104 0.999757
50 105 0.999773
50 106 0.99979
50 107 0.999806
50 108 0.999823
50 109 0.99984
50 110 0.999856
50 111 0.999872
50 112 0.999887
50 113 0.999903
50 114 0.999918
50 115 0.999932
50 116 0.999946
50 117 0.999959
50 118 0.999973
50 119 0.999986
50 120 0.999999
50 121 1.00001
50 122 1.00003
50 123 1.00004
50 124 1.00006
50 125 1.00007
50 126 1.00009
50 127 1.00011

51 0 0
51 1 1.00094
51 2 1.00094
51 3 1.00094
51 4 1.00094
51 5 1.00094
51 6 1.00094
51 7 1.00094
51 8 1.00094
51 9 1.00094
51 10 1.00094
51 11 1.00093
51 12 1.00093
51 13 1.00093
51 14 1.00093
51 15 1.00093
51 16 1.00093
51 17 1.00093
51 18 1.00093
51 19 1.00093
51 20 1.00092
51 21 1.00092
51 22 1.00092
51 23 1.00092
51 24 1.00091
51 25 1.00091
51 26 1.00091
51 27 1.0009
51 28 1.0009
51 29 1.00089
51 30 1.00089
51 31 1.00088
51 32 1.00088
51 33 1.00087
51 34 1.00086
51 35 1.00086
51 36 1.00085
51 37 1.00084
51 38 1.00083
51 39 1.00082
51 40 1.00081
51 41 1.00079
51 42 1.00078
51 43 1.00077
51 44 1.00075
51 45 1.00073
51 46 1.00072
51 47 1.0007
51 48 1.00068
51 49 1.00066
51 50 1.00063
51 51 1.00061
51 52 1.00058
51 53 1.00055
51 54 1.00053
51 55 1.00049
51 56 1.00046
51 57 1.00043
51 58 1.0004
51 59 1.00036
51 60 1.00032
51 61 1.00029
51 62 1.00025
51 63 1.00021
51 64 1.00017
51 65 1.00013
51 66 1.00009
51 67 1.00005
51 68 1.00001
51 69 0.999975
51 70 0.999938
51 71 0.999901
51 72 0.999865
51 73 0.999831
51 74 0.999798
51 75 0.999766
51 76 0.999737
51 77 0.999709
51 78 0.999684
51 79 0.99966
51 80 0.999638
51 81 0.999619
51 82 0.999602
51 83 0.999588
51 84 0.999575
51 85 0.999565
51 86 0.999557
51 87 0.999552
51 88 0.999548
51 89 0.999547
51 90 0.999547
51 91 0.99955
51 92 0.999554
51 93 0.99956
51 94 0.999568
51 95 0.999577
51 96 0.999588
51 97 0.9996
51 98 0.999612
51 99 0.999626
51 100 0.999641
51 101 0.999656
51 102 0.999672
51 103 0.999689
51 104 0.999706
51 105 0.999723
51 106 0.99974
51 107 0.999757
51 108 0.999775
51 109 0.999792
51 110 0.999808
51 111 0.999825
51 112 0.999841
51 113 0.999856
51 114 0.999871
51 115 0.999886
51 116 0.9999
51 117 0.999913
51 118 0.999927
51 119 0.99994
51 120 0.999953
51 121 0.999967
51 122 0.999981
51 123 0.999995
51 124 1.00001
51 125 1.00003
51 126 1.00004
51 127 1.00006

52 0 0
52 1 1.00091
52 2 1.00091
52 3 1.00091
52 4 1.00091
52 5 1.00091
52 6 1.00091
52 7 1.00091
52 8 1.00091
52 9 1.00091
52 10 1.00091
52 11 1.00091
52 12 1.00091
52 13 1.00091
52 14 1.00091
52 15 1.00091
52 16 1.00091
52 17 1.0009
52 18 1.0009
52 19 1.0009
52 20 1.0009
52 21 1.0009
52 22 1.0009
52 23 1.00089
52 24 1.00089
52 25 1.00089
52 26 1.00088
52 27 1.00088
52 28 1.00087
52 29 1.00087
52 30 1.00087
52 31 1.00086
52 32 1.00085
52 33 1.00085
52 34 1.00084
52 35 1.00083
52 36 1.00082
52 37 1.00082
52 38 1.00081
52 39 1.00079
52 40 1.00078
52 41 1.00077
52 42 1.00076
52 43 1.00074
52 44 1.00073
52 45 1.00071
52 46 1.00069
52 47 1.00067
52 48 1.00065
52 49 1.00063
52 50 1.0006
52 51 1.00058
52 52 1.00055
52 53 1.00052
52 54 1.00049
52 55 1.00046
52 56 1.00043
52 57 1.00039
52 58 1.00036
52 59 1.00032
52 60 1.00028
52 61 1.00024
52 62 1.0002
52 63 1.00016
52 64 1.00012
52 65 1.00008
52 66 1.00004
52 67 0.999996
52 68 0.999955
52 69 0.999915
52 70 0.999876
52 71 0.999838
52 72 0.999801
52 73 0.999765
52 74 0.999731
52 75 0.999698
52 76 0.999668
52 77 0.99964
52 78 0.999613
52 79 0.999589
52 80 0.999567
52 81 0.999548
52 82 0.999531
52 83 0.999517
52 84 0.999504
52 85 0.999495
52 86 0.999487
52 87 0.999482
52 88 0.999479
52 89 0.999479
52 90 0.99948
52 91 0.999484
52 92 0.999489
52 93 0.999496
52 94 0.999505
52 95 0.999515
52 96 0.999527
52 97 0.99954
52 98 0.999554
52 99 0.999568
52 100 0.999584
52 101 0.999601
52 102 0.999617
52 103 0.999635
52 104 0.999653
52 105 0.99967
52 106 0.999688
52 107 0.999706
52 108 0.999724
52 109 0.999742
52 110 0.999759
52 111 0.999775
52 112 0.999792
52 113 0.999808
52 114 0.999823
52 115 0.999838
52 116 0.999852
52 117 0.999866
52 118 0.999879
52 119 0.999892
52 120 0.999906
52 121 0.999919
52 122 0.999933
52 123 0.999947
52 124 0.999962
52 125 0.999978
52 126 0.999996
52 127 1.00001

53 0 0
53 1 1.00089
53 2 1.00089
53 3 1.00089
53 4 1.00089
53 5 1.00089
53 6 1.00089
53 7 1.00089
53 8 1.00089
53 9 1.00089
53 10 1.00089
53 11 1.00089
53 12 1.00089
53 13 1.00089
53 14 1.00088
53 15 1.00088
53 16 1.00088
53 17 1.00088
53 18 1.00088
53 19 1.00088
53 20 1.00088
53 21 1.00087
53 22 1.00087
53 23 1.00087
53 24 1.00087
53 25 1.00086
53 26 1.00086
53 27 1.00086
53 28 1.00085
53 29 1.00085
53 30 1.00084
53 31 1.00084
53 32 1.00083
53 33 1.00082
53 34 1.00082
53 35 1.00081
53 36 1.0008
53 37 1.00079
53 38 1.00078
53 39 1.00077
53 40 1.00076
53 41 1.00075
53 42 1.00073
53 43 1.00072
53 44 1.0007
53 45 1.00068
53 46 1.00066
53 47 1.00064
53 48 1.00062
53 49 1.0006
53 50 1.00057
53 51 1.00055
53 52 1.00052
53 53 1.00049
53 54 1.00046
53 55 1.00042
53 56 1.00039
53 57 1.00035
53 58 1.00031
53 59 1.00028
53 60 1.00024
53 61 1.00019
53 62 1.00015
53 63 1.00011
53 64 1.00007
53 65 1.00002
53 66 0.99998
53 67 0.999937
53 68 0.999895
53 69 0.999853
53 70 0.999812
53 71 0.999772
53 72 0.999733
53 73 0.999696
53 74 0.999661
53 75 0.999628
53 76 0.999596
53 77 0.999567
53 78 0.99954
53 79 0.999516
53 80 0.999493
53 81 0.999474
53 82 0.999457
53 83 0.999442
53 84 0.999431
53 85 0.999421
53 86 0.999414
53 87 0.99941
53 88 0.999408
53 89 0.999408
53 90 0.999411
53 91 0.999415
53 92 0.999421
53 93 0.99943
53 94 0.999439
53 95 0.999451
53 96 0.999463
53 97 0.999477
53 98 0.999492
53 99 0.999508
53 100 0.999525
53 101 0.999542
53 102 0.99956
53 103 0.999579
53 104 0.999597
53 105 0.999616
53 106 0.999635
53 107 0.999653
53 108 0.999672
53 109 0.99969
53 110 0.999707
53 111 0.999725
53 112 0.999741
53 113 0.999757
53 114 0.999773
53 115 0.999788
53 116 0.999802
53 117 0.999816
53 118 0.99983
53 119 0.999843
53 120 0.999856
53 121 0.999869
53 122 0.999883
53 123 0.999897
53 124 0.999912
53 125 0.999928
53 126 0.999946
53 127 0.999964

54 0 0
54 1 1.00086
54 2 1.00087
54 3 1.00087
54 4 1.00087
54 5 1.00087
54 6 1.00087
54 7 1.00086
54 8 1.00086
54 9 1.00086
54 10 1.00086
54 11 1.00086
54 12 1.00086
54 13 1.00086
54 14 1.00086
54 15 1.00086
54 16 1.00086
54 17 1.00086
54 18 1.00086
54 19 1.00085
54 20 1.00085
54 21 1.00085
54 22 1.00085
54 23 1.00085
54 24 1.00084
54 25 1.00084
54 26 1.00084
54 27 1.00083
54 28 1.00083
54 29 1.00082
54 30 1.00082
54 31 1.00081
54 32 1.00081
54 33 1.0008
54 34 1.00079
54 35 1.00079
54 36 1.00078
54 37 1.00077
54 38 1.00076
54 39 1.00075
54 40 1.00073
54 41 1.00072
54 42 1.00071
54 43 1.00069
54 44 1.00068
54 45 1.00066
54 46 1.00064
54 47 1.00062
54 48 1.00059
54 49 1.00057
54 50 1.00054
54 51 1.00052
54 52 1.00049
54 53 1.00045
54 54 1.00042
54 55 1.00039
54 56 1.00035
54 57 1.00031
54 58 1.00027
54 59 1.00023
54 60 1.00019
54 61 1.00015
54 62 1.0001
54 63 1.00006
54 64 1.00001
54 65 0.999967
54 66 0.999921
54 67 0.999876
54 68 0.999832
54 69 0.999788
54 70 0.999745
54 71 0.999703
54 72 0.999663
54 73 0.999625
54 74 0.999588
54 75 0.999554
54 76 0.999521
54 77 0.999491
54 78 0.999464
54 79 0.999439
54 80 0.999416
54 81 0.999397
54 82 0.99938
54 83 0.999366
54 84 0.999354
54 85 0.999345
54 86 0.999339
54 87 0.999335
54 88 0.999334
54 89 0.999335
54 90 0.999338
54 91 0.999344
54 92 0.999351
54 93 0.99936
54 94 0.999371
54 95 0.999384
54 96 0.999398
54 97 0.999413
54 98 0.999429
54 99 0.999446
54 100 0.999464
54 101 0.999482
54 102 0.999501
54 103 0.999521
54 104 0.99954
54 105 0.999559
54 106 0.999579
54 107 0.999598
54 108 0.999617
54 109 0.999636
54 110 0.999654
54 111 0.999672
54 112 0.999689
54 113 0.999705
54 114 0.999721
54 115 0.999736
54 116 0.999751
54 117 0.999765
54 118 0.999779
54 119 0.999792
54 120 0.999805
54 121 0.999818
54 122 0.999832
54 123 0.999846
54 124 0.999861
54 125 0.999877
54 126 0.999894
54 127 0.999912

55 0 0
55 1 1.00084
55 2 1.00084
55 3 1.00084
55 4 1.00084
55 5 1.00084
55 6 1.00084
55 7 1.00084
55 8 1.00084
55 9 1.00084
55 10 1.00084
55 11 1.00084
55 12 1.00084
55 13 1.00084
55 14 1.00084
55 15 1.00084
55 16 1.00083
55 17 1.00083
55 18 1.00083
55 19 1.00083
55 20 1.00083
55 21 1.00083
55 22 1.00082
55 23 1.00082
55 24 1.00082
55 25 1.00082
55 26 1.00081
55 27 1.00081
55 28 1.0008
55 29 1.0008
55 30 1.00079
55 31 1.00079
55 32 1.00078
55 33 1.00078
55 34 1.00077
55 35 1.00076
55 36 1.00075
55 37 1.00074
55 38 1.00073
55 39 1.00072
55 40 1.00071
55 41 1.0007
55 42 1.00068
55 43 1.00067
55 44 1.00065
55 45 1.00063
55 46 1.00061
55 47 1.00059
55 48 1.00057
55 49 1.00054
55 50 1.00051
55 51 1.00048
55 52 1.00045
55 53 1.00042
55 54 1.00039
55 55 1.00035
55 56 1.00031
55 57 1.00027
55 58 1.00023
55 59 1.00019
55 60 1.00014
55 61 1.0001
55 62 1.00005
55 63 1
55 64 0.999955
55 65 0.999908
55 66 0.99986
55 67 0.999813
55 68 0.999766
55 69 0.99972
55 70 0.999676
55 71 0.999632
55 72 0.999591
55 73 0.999551
55 74 0.999513
55 75 0.999477
55 76 0.999444
55 77 0.999413
55 78 0.999385
55 79 0.999359
55 80 0.999337
55 81 0.999317
55 82 0.9993
55 83 0.999286
55 84 0.999275
55 85 0.999266
55 86 0.99926
55 87 0.999257
55 88 0.999257
55 89 0.999259
55 90 0.999263
55 91 0.99927
55 92 0.999278
55 93 0.999289
55 94 0.999301
55 95 0.999315
55 96 0.99933
55 97 0.999346
55 98 0.999363
55 99 0.999382
55 100 0.999401
55 101 0.99942
55 102 0.99944
55 103 0.99946
55 104 0.999481
55 105 0.999501
55 106 0.999521
55 107 0.999541
55 108 0.999561
55 109 0.99958
55 110 0.999599
55 111 0.999617
55 112 0.999635
55 113 0.999652
55 114 0.999668
55 115 0.999683
55 116 0.999698
55 117 0.999712
55 118 0.999726
55 119 0.999739
55 120 0.999753
55 121 0.999766
55 122 0.99978
55 123 0.999794
55 124 0.999808
55 125 0.999824
55 126 0.999841
55 127 0.999858

56 0 0
56 1 1.00082
56 2 1.00082
56 3 1.00082
56 4 1.00082
56 5 1.00082
56 6 1.00082
56 7 1.00082
56 8 1.00082
56 9 1.00082
56 10 1.00082
56 11 1.00082
56 12 1.00081
56 13 1.00081
56 14 1.00081
56 15 1.00081
56 16 1.00081
56 17 1.00081
56 18 1.00081
56 19 1.00081
56 20 1.0008
56 21 1.0008
56 22 1.0008
56 23 1.0008
56 24 1.00079
56 25 1.00079
56 26 1.00079
56 27 1.00078
56 28 1.00078
56 29 1.00078
56 30 1.00077
56 31 1.00077
56 32 1.00076
56 33 1.00075
56 34 1.00075
56 35 1.00074
56 36 1.00073
56 37 1.00072
56 38 1.00071
56 39 1.0007
56 40 1.00069
56 41 1.00067
56 42 1.00066
56 43 1.00064
56 44 1.00062
56 45 1.0006
56 46 1.00058
56 47 1.00056
56 48 1.00054
56 49 1.00051
56 50 1.00048
56 51 1.00045
56 52 1.00042
56 53 1.00038
56 54 1.00035
56 55 1.00031
56 56 1.00027
56 57 1.00023
56 58 1.00018
56 59 1.00014
56 60 1.00009
56 61 1.00004
56 62 0.999995
56 63 0.999946
56 64 0.999896
56 65 0.999846
56 66 0.999796
56 67 0.999747
56 68 0.999698
56 69 0.99965
56 70 0.999604
56 71 0.999559
56 72 0.999515
56 73 0.999474
56 74 0.999434
56 75 0.999398
56 76 0.999363
56 77 0.999332
56 78 0.999303
56 79 0.999277
56 80 0.999254
56 81 0.999234
56 82 0.999217
56 83 0.999203
56 84 0.999193
56 85 0.999185
56 86 0.99918
56 87 0.999177
56 88 0.999178
56 89 0.999181
56 90 0.999186
56 91 0.999194
56 92 0.999203
56 93 0.999215
56 94 0.999228
56 95 0.999243
56 96 0.99926
56 97 0.999277
56 98 0.999296
56 99 0.999315
56 100 0.999335
56 101 0.999356
56 102 0.999377
56 103 0.999399
56 104 0.99942
56 105 0.999441
56 106 0.999462
56 107 0.999483
56 108 0.999503
56 109 0.999523
56 110 0.999543
56 111 0.999561
56 112 0.999579
56 113 0.999596
56 114 0.999613
56 115 0.999628
56 116 0.999644
56 117 0.999658
56 118 0.999672
56 119 0.999686
56 120 0.999699
56 121 0.999712
56 122 0.999726
56 123 0.99974
56 124 0.999755
56 125 0.99977
56 126 0.999786
56 127 0.999804

57 0 0
57 1 1.00079
57 2 1.00079
57 3 1.00079
57 4 1.00079
57 5 1.00079
57 6 1.00079
57 7 1.00079
57 8 1.00079
57 9 1.00079
57 10 1.00079
57 11 1.00079
57 12 1.00079
57 13 1.00079
57 14 1.00079
57 15 1.00079
57 16 1.00079
57 17 1.00079
57 18 1.00078
57 19 1.00078
57 20 1.00078
57 21 1.00078
57 22 1.00078
57 23 1.00077
57 24 1.00077
57 25 1.00077
57 26 1.00076
57 27 1.00076
57 28 1.00076
57 29 1.00075
57 30 1.00075
57 31 1.00074
57 32 1.00074
57 33 1.00073
57 34 1.00072
57 35 1.00071
57 36 1.00071
57 37 1.0007
57 38 1.00069
57 39 1.00067
57 40 1.00066
57 41 1.00065
57 42 1.00063
57 43 1.00062
57 44 1.0006
57 45 1.00058
57 46 1.00056
57 47 1.00053
57 48 1.00051
57 49 1.00048
57 50 1.00045
57 51 1.00042
57 52 1.00038
57 53 1.00035
57 54 1.00031
57 55 1.00027
57 56 1.00023
57 57 1.00018
57 58 1.00014
57 59 1.00009
57 60 1.00004
57 61 0.999991
57 62 0.999939
57 63 0.999888
57 64 0.999835
57 65 0.999783
57 66 0.999731
57 67 0.999679
57 68 0.999628
57 69 0.999578
57 70 0.999529
57 71 0.999482
57 72 0.999437
57 73 0.999394
57 74 0.999354
57 75 0.999316
57 76 0.99928
57 77 0.999248
57 78 0.999218
57 79 0.999192
57 80 0.999169
57 81 0.999149
57 82 0.999132
57 83 0.999118
57 84 0.999108
57 85 0.999101
57 86 0.999096
57 87 0.999095
57 88 0.999096
57 89 0.9991
57 90 0.999106
57 91 0.999115
57 92 0.999126
57 93 0.999139
57 94 0.999154
57 95 0.99917
57 96 0.999188
57 97 0.999206
57 98 0.999226
57 99 0.999247
57 100 0.999269
57 101 0.99929
57 102 0.999313
57 103 0.999335
57 104 0.999357
57 105 0.999379
57 106 0.999401
57 107 0.999423
57 108 0.999444
57 109 0.999465
57 110 0.999484
57 111 0.999504
57 112 0.999522
57 113 0.99954
57 114 0.999556
57 115 0.999572
57 116 0.999588
57 117 0.999602
57 118 0.999617
57 119 0.99963
57 120 0.999644
57 121 0.999657
57 122 0.999671
57 123 0.999685
57 124 0.999699
57 125 0.999715
57 126 0.999731
57 127 0.999748

58 0 0
58 1 1.00077
58 2 1.00077
58 3 1.00077
58 4 1.00077
58 5 1.00077
58 6 1.00077
58 7 1.00077
58 8 1.00077
58 9 1.00077
58 10 1.00077
58 11 1.00077
58 12 1.00077
58 13 1.00077
58 14 1.00076
58 15 1.00076
58 16 1.00076
58 17 1.00076
58 18 1.00076
58 19 1.00076
58 20 1.00076
58 21 1.00075
58 22 1.00075
58 23 1.00075
58 24 1.00075
58 25 1.00074
58 26 1.00074
58 27 1.00074
58 28 1.00073
58 29 1.00073
58 30 1.00072
58 31 1.00072
58 32 1.00071
58 33 1.00071
58 34 1.0007
58 35 1.00069
58 36 1.00068
58 37 1.00067
58 38 1.00066
58 39 1.00065
58 40 1.00064
58 41 1.00062
58 42 1.00061
58 43 1.00059
58 44 1.00057
58 45 1.00055
58 46 1.00053
58 47 1.0005
58 48 1.00048
58 49 1.00045
58 50 1.00042
58 51 1.00038
58 52 1.00035
58 53 1.00031
58 54 1.00027
58 55 1.00023
58 56 1.00018
58 57 1.00014
58 58 1.00009
58 59 1.00004
58 60 0.999988
58 61 0.999936
58 62 0.999882
58 63 0.999827
58 64 0.999773
58 65 0.999718
58 66 0.999663
58 67 0.999609
58 68 0.999555
58 69 0.999503
58 70 0.999453
58 71 0.999404
58 72 0.999357
58 73 0.999312
58 74 0.999271
58 75 0.999231
58 76 0.999195
58 77 0.999162
58 78 0.999132
58 79 0.999105
58 80 0.999082
58 81 0.999061
58 82 0.999045
58 83 0.999031
58 84 0.999021
58 85 0.999015
58 86 0.999011
58 87 0.99901
58 88 0.999012
58 89 0.999017
58 90 0.999025
58 91 0.999035
58 92 0.999047
58 93 0.999061
58 94 0.999077
58 95 0.999095
58 96 0.999114
58 97 0.999134
58 98 0.999155
58 99 0.999177
58 100 0.9992
58 101 0.999223
58 102 0.999246
58 103 0.99927
58 104 0.999293
58 105 0.999316
58 106 0.999339
58 107 0.999361
58 108 0.999383
58 109 0.999404
58 110 0.999425
58 111 0.999445
58 112 0.999463
58 113 0.999481
58 114 0.999499
58 115 0.999515
58 116 0.999531
58 117 0.999546
58 118 0.99956
58 119 0.999574
58 120 0.999588
58 121 0.999601
58 122 0.999615
58 123 0.999629
58 124 0.999643
58 125 0.999659
58 126 0.999674
58 127 0.999691

59 0 0
59 1 1.00074
59 2 1.00074
59 3 1.00074
59 4 1.00074
59 5 1.00074
59 6 1.00074
59 7 1.00074
59 8 1.00074
59 9 1.00074
59 10 1.00074
59 11 1.00074
59 12 1.00074
59 13 1.00074
59 14 1.00074
59 15 1.00074
59 16 1.00074
59 17 1.00074
59 18 1.00073
59 19 1.00073
59 20 1.00073
59 21 1.00073
59 22 1.00073
59 23 1.00073
59 24 1.00072
59 25 1.00072
59 26 1.00072
59 27 1.00071
59 28 1.00071
59 29 1.0007
59 30 1.0007
59 31 1.00069
59 32 1.00069
59 33 1.00068
59 34 1.00067
59 35 1.00067
59 36 1.00066
59 37 1.00065
59 38 1.00064
59 39 1.00063
59 40 1.00061
59 41 1.0006
59 42 1.00058
59 43 1.00056
59 44 1.00054
59 45 1.00052
59 46 1.0005
59 47 1.00048
59 48 1.00045
59 49 1.00042
59 50 1.00039
59 51 1.00035
59 52 1.00031
59 53 1.00027
59 54 1.00023
59 55 1.00019
59 56 1.00014
59 57 1.00009
59 58 1.00004
59 59 0.999989
59 60 0.999935
59 61 0.999879
59 62 0.999823
59 63 0.999766
59 64 0.999708
59 65 0.999651
59 66 0.999593
59 67 0.999537
59 68 0.999481
59 69 0.999427
59 70 0.999374
59 71 0.999323
59 72 0.999275
59 73 0.999229
59 74 0.999185
59 75 0.999145
59 76 0.999108
59 77 0.999074
59 78 0.999043
59 79 0.999016
59 80 0.998992
59 81 0.998972
59 82 0.998955
59 83 0.998942
59 84 0.998933
59 85 0.998927
59 86 0.998924
59 87 0.998924
59 88 0.998927
59 89 0.998933
59 90 0.998942
59 91 0.998953
59 92 0.998966
59 93 0.998982
59 94 0.998999
59 95 0.999018
59 96 0.999038
59 97 0.99906
59 98 0.999082
59 99 0.999106
59 100 0.99913
59 101 0.999154
59 102 0.999179
59 103 0.999203
59 104 0.999228
59 105 0.999252
59 106 0.999275
59 107 0.999299
59 108 0.999321
59 109 0.999343
59 110 0.999364
59 111 0.999384
59 112 0.999404
59 113 0.999422
59 114 0.99944
59 115 0.999457
59 116 0.999472
59 117 0.999488
59 118 0.999502
59 119 0.999517
59 120 0.99953
59 121 0.999544
59 122 0.999558
59 123 0.999572
59 124 0.999586
59 125 0.999601
59 126 0.999617
59 127 0.999633

60 0 0
60 1 1.00072
60 2 1.00072
60 3 1.00072
60 4 1.00072
60 5 1.00072
60 6 1.00072
60 7 1.00072
60 8 1.00072
60 9 1.00072
60 10 1.00072
60 11 1.00072
60 12 1.00072
60 13 1.00072
60 14 1.00072
60 15 1.00071
60 16 1.00071
60 17 1.00071
60 18 1.00071
60 19 1.00071
60 20 1.00071
60 21 1.00071
60 22 1.0007
60 23 1.0007
60 24 1.0007
60 25 1.0007
60 26 1.00069
60 27 1.00069
60 28 1.00068
60 29 1.00068
60 30 1.00068
60 31 1.00067
60 32 1.00066
60 33 1.00066
60 34 1.00065
60 35 1.00064
60 36 1.00063
60 37 1.00062
60 38 1.00061
60 39 1.0006
60 40 1.00059
60 41 1.00057
60 42 1.00056
60 43 1.00054
60 44 1.00052
60 45 1.0005
60 46 1.00047
60 47 1.00045
60 48 1.00042
60 49 1.00039
60 50 1.00035
60 51 1.00032
60 52 1.00028
60 53 1.00024
60 54 1.00019
60 55 1.00015
60 56 1.0001
60 57 1.00005
60 58 0.999992
60 59 0.999936
60 60 0.99988
60 61 0.999821
60 62 0.999762
60 63 0.999702
60 64 0.999642
60 65 0.999582
60 66 0.999522
60 67 0.999463
60 68 0.999405
60 69 0.999348
60 70 0.999294
60 71 0.999241
60 72 0.999191
60 73 0.999143
60 74 0.999098
60 75 0.999057
60 76 0.999018
60 77 0.998984
60 78 0.998952
60 79 0.998925
60 80 0.998901
60 81 0.998881
60 82 0.998864
60 83 0.998852
60 84 0.998843
60 85 0.998837
60 86 0.998835
60 87 0.998836
60 88 0.99884
60 89 0.998847
60 90 0.998857
60 91 0.998869
60 92 0.998884
60 93 0.998901
60 94 0.99892
60 95 0.99894
60 96 0.998962
60 97 0.998985
60 98 0.999009
60 99 0.999033
60 100 0.999058
60 101 0.999084
60 102 0.99911
60 103 0.999135
60 104 0.999161
60 105 0.999186
60 106 0.999211
60 107 0.999235
60 108 0.999258
60 109 0.999281
60 110 0.999302
60 111 0.999323
60 112 0.999343
60 113 0.999362
60 114 0.99938
60 115 0.999397
60 116 0.999413
60 117 0.999429
60 118 0.999444
60 119 0.999458
60 120 0.999472
60 121 0.999486
60 122 0.9995
60 123 0.999514
60 124 0.999529
60 125 0.999544
60 126 0.999559
60 127 0.999575

61 0 0
61 1 1.0007
61 2 1.0007
61 3 1.0007
61 4 1.0007
61 5 1.0007
61 6 1.00069
61 7 1.00069
61 8 1.00069
61 9 1.00069
61 10 1.00069
61 11 1.00069
61 12 1.00069
61 13 1.00069
61 14 1.00069
61 15 1.00069
61 16 1.00069
61 17 1.00069
61 18 1.00069
61 19 1.00068
61 20 1.00068
61 21 1.00068
61 22 1.00068
61 23 1.00068
61 24 1.00067
61 25 1.00067
61 26 1.00067
61 27 1.00066
61 28 1.00066
61 29 1.00066
61 30 1.00065
61 31 1.00065
61 32 1.00064
61 33 1.00063
61 34 1.00063
61 35 1.00062
61 36 1.00061
61 37 1.0006
61 38 1.00059
61 39 1.00058
61 40 1.00056
61 41 1.00055
61 42 1.00053
61 43 1.00051
61 44 1.00049
61 45 1.00047
61 46 1.00044
61 47 1.00042
61 48 1.00039
61 49 1.00035
61 50 1.00032
61 51 1.00028
61 52 1.00024
61 53 1.0002
61 54 1.00015
61 55 1.0001
61 56 1.00005
61 57 0.999997
61 58 0.999941
61 59 0.999883
61 60 0.999824
61 61 0.999763
61 62 0.999701
61 63 0.999638
61 64 0.999575
61 65 0.999512
61 66 0.999449
61 67 0.999388
61 68 0.999327
61 69 0.999268
61 70 0.999212
61 71 0.999157
61 72 0.999105
61 73 0.999056
61 74 0.99901
61 75 0.998967
61 76 0.998928
61 77 0.998892
61 78 0.998861
61 79 0.998833
61 80 0.998809
61 81 0.998788
61 82 0.998772
61 83 0.99876
61 84 0.998751
61 85 0.998746
61 86 0.998745
61 87 0.998747
61 88 0.998752
61 89 0.99876
61 90 0.998771
61 91 0.998785
61 92 0.998801
61 93 0.998819
61 94 0.998839
61 95 0.998861
61 96 0.998884
61 97 0.998908
61 98 0.998933
61 99 0.99896
61 100 0.998986
61 101 0.999013
61 102 0.99904
61 103 0.999067
61 104 0.999093
61 105 0.999119
61 106 0.999145
61 107 0.99917
61 108 0.999194
61 109 0.999217
61 110 0.99924
61 111 0.999261
61 112 0.999281
61 113 0.999301
61 114 0.999319
61 115 0.999337
61 116 0.999353
61 117 0.999369
61 118 0.999385
61 119 0.999399
61 120 0.999414
61 121 0.999428
61 122 0.999442
61 123 0.999456
61 124 0.999471
61 125 0.999485
61 126 0.999501
61 127 0.999516

62 0 0
62 1 1.00067
62 2 1.00067
62 3 1.00067
62 4 1.00067
62 5 1.00067
62 6 1.00067
62 7 1.00067
62 8 1.00067
62 9 1.00067
62 10 1.00067
62 11 1.00067
62 12 1.00067
62 13 1.00067
62 14 1.00067
62 15 1.00066
62 16 1.00066
62 17 1.00066
62 18 1.00066
62 19 1.00066
62 20 1.00066
62 21 1.00066
62 22 1.00065
62 23 1.00065
62 24 1.00065
62 25 1.00065
62 26 1.00064
62 27 1.00064
62 28 1.00064
62 29 1.00063
62 30 1.00063
62 31 1.00062
62 32 1.00062
62 33 1.00061
62 34 1.0006
62 35 1.00059
62 36 1.00059
62 37 1.00058
62 38 1.00056
62 39 1.00055
62 40 1.00054
62 41 1.00052
62 42 1.00051
62 43 1.00049
62 44 1.00047
62 45 1.00044
62 46 1.00042
62 47 1.00039
62 48 1.00036
62 49 1.00032
62 50 1.00029
62 51 1.00025
62 52 1.0002
62 53 1.00016
62 54 1.00011
62 55 1.00006
62 56 1
62 57 0.999949
62 58 0.99989
62 59 0.999829
62 60 0.999767
62 61 0.999703
62 62 0.999638
62 63 0.999572
62 64 0.999506
62 65 0.999441
62 66 0.999376
62 67 0.999311
62 68 0.999249
62 69 0.999187
62 70 0.999128
62 71 0.999072
62 72 0.999018
62 73 0.998968
62 74 0.99892
62 75 0.998876
62 76 0.998836
62 77 0.9988
62 78 0.998768
62 79 0.998739
62 80 0.998715
62 81 0.998695
62 82 0.998679
62 83 0.998667
62 84 0.998659
62 85 0.998655
62 86 0.998654
62 87 0.998657
62 88 0.998663
62 89 0.998672
62 90 0.998684
62 91 0.998699
62 92 0.998717
62 93 0.998736
62 94 0.998758
62 95 0.998781
62 96 0.998805
62 97 0.998831
62 98 0.998858
62 99 0.998885
62 100 0.998913
62 101 0.998941
62 102 0.998969
62 103 0.998997
62 104 0.999025
62 105 0.999052
62 106 0.999078
62 107 0.999104
62 108 0.999129
62 109 0.999153
62 110 0.999176
62 111 0.999198
62 112 0.999219
62 113 0.999239
62 114 0.999258
62 115 0.999276
62 116 0.999293
62 117 0.999309
62 118 0.999325
62 119 0.99934
62 120 0.999354
62 121 0.999369
62 122 0.999383
62 123 0.999397
62 124 0.999412
62 125 0.999427
62 126 0.999442
62 127 0.999457

63 0 0
63 1 1.00065
63 2 1.00065
63 3 1.00065
63 4 1.00065
63 5 1.00065
63 6 1.00064
63 7 1.00064
63 8 1.00064
63 9 1.00064
63 10 1.00064
63 11 1.00064
63 12 1.00064
63 13 1.00064
63 14 1.00064
63 15 1.00064
63 16 1.00064
63 17 1.00064
63 18 1.00064
63 19 1.00063
63 20 1.00063
63 21 1.00063
63 22 1.00063
63 23 1.00063
63 24 1.00062
63 25 1.00062
63 26 1.00062
63 27 1.00062
63 28 1.00061
63 29 1.00061
63 30 1.0006
63 31 1.0006
63 32 1.00059
63 33 1.00059
63 34 1.00058
63 35 1.00057
63 36 1.00056
63 37 1.00055
63 38 1.00054
63 39 1.00053
63 40 1.00051
63 41 1.0005
63 42 1.00048
63 43 1.00046
63 44 1.00044
63 45 1.00041
63 46 1.00039
63 47 1.00036
63 48 1.00033
63 49 1.00029
63 50 1.00025
63 51 1.00021
63 52 1.00017
63 53 1.00012
63 54 1.00007
63 55 1.00001
63 56 0.999958
63 57 0.999899
63 58 0.999838
63 59 0.999774
63 60 0.999709
63 61 0.999642
63 62 0.999574
63 63 0.999506
63 64 0.999437
63 65 0.999369
63 66 0.999301
63 67 0.999234
63 68 0.999169
63 69 0.999106
63 70 0.999045
63 71 0.998986
63 72 0.998931
63 73 0.998879
63 74 0.99883
63 75 0.998785
63 76 0.998744
63 77 0.998707
63 78 0.998674
63 79 0.998646
63 80 0.998622
63 81 0.998601
63 82 0.998586
63 83 0.998574
63 84 0.998566
63 85 0.998563
63 86 0.998563
63 87 0.998567
63 88 0.998574
63 89 0.998584
63 90 0.998597
63 91 0.998614
63 92 0.998632
63 93 0.998653
63 94 0.998676
63 95 0.9987
63 96 0.998726
63 97 0.998753
63 98 0.998782
63 99 0.99881
63 100 0.998839
63 101 0.998869
63 102 0.998898
63 103 0.998927
63 104 0.998956
63 105 0.998984
63 106 0.999012
63 107 0.999038
63 108 0.999064
63 109 0.999089
63 110 0.999112
63 111 0.999135
63 112 0.999156
63 113 0.999177
63 114 0.999196
63 115 0.999215
63 116 0.999232
63 117 0.999249
63 118 0.999265
63 119 0.99928
63 120 0.999295
63 121 0.99931
63 122 0.999324
63 123 0.999338
63 124 0.999353
63 125 0.999368
63 126 0.999382
63 127 0.999397

64 0 0
64 1 1.00062
64 2 1.00062
64 3 1.00062
64 4 1.00062
64 5 1.00062
64 6 1.00062
64 7 1.00062
64 8 1.00062
64 9 1.00062
64 10 1.00062
64 11 1.00062
64 12 1.00062
64 13 1.00062
64 14 1.00062
64 15 1.00061
64 16 1.00061
64 17 1.00061
64 18 1.00061
64 19 1.00061
64 20 1.00061
64 21 1.00061
64 22 1.0006
64 23 1.0006
64 24 1.0006
64 25 1.0006
64 26 1.00059
64 27 1.00059
64 28 1.00059
64 29 1.00058
64 30 1.00058
64 31 1.00057
64 32 1.00057
64 33 1.00056
64 34 1.00055
64 35 1.00055
64 36 1.00054
64 37 1.00053
64 38 1.00052
64 39 1.0005
64 40 1.00049
64 41 1.00047
64 42 1.00045
64 43 1.00043
64 44 1.00041
64 45 1.00039
64 46 1.00036
64 47 1.00033
64 48 1.0003
64 49 1.00026
64 50 1.00022
64 51 1.00018
64 52 1.00013
64 53 1.00008
64 54 1.00003
64 55 0.999971
64 56 0.999912
64 57 0.99985
64 58 0.999786
64 59 0.999719
64 60 0.999651
64 61 0.999581
64 62 0.99951
64 63 0.999439
64 64 0.999367
64 65 0.999296
64 66 0.999226
64 67 0.999156
64 68 0.999089
64 69 0.999023
64 70 0.99896
64 71 0.9989
64 72 0.998843
64 73 0.99879
64 74 0.99874
64 75 0.998694
64 76 0.998652
64 77 0.998614
64 78 0.998581
64 79 0.998552
64 80 0.998528
64 81 0.998508
64 82 0.998492
64 83 0.998481
64 84 0.998474
64 85 0.998471
64 86 0.998472
64 87 0.998476
64 88 0.998485
64 89 0.998496
64 90 0.998511
64 91 0.998528
64 92 0.998548
64 93 0.99857
64 94 0.998594
64 95 0.99862
64 96 0.998647
64 97 0.998676
64 98 0.998705
64 99 0.998735
64 100 0.998766
64 101 0.998796
64 102 0.998827
64 103 0.998857
64 104 0.998887
64 105 0.998916
64 106 0.998944
64 107 0.998972
64 108 0.998998
64 109 0.999024
64 110 0.999048
64 111 0.999071
64 112 0.999093
64 113 0.999114
64 114 0.999134
64 115 0.999153
64 116 0.999171
64 117 0.999188
64 118 0.999204
64 119 0.99922
64 120 0.999235
64 121 0.99925
64 122 0.999265
64 123 0.999279
64 124 0.999294
64 125 0.999309
64 126 0.999323
64 127 0.999337

65 0 0
65 1 1.0006
65 2 1.0006
65 3 1.0006
65 4 1.0006
65 5 1.00059
65 6 1.00059
65 7 1.00059
65 8 1.00059
65 9 1.00059
65 10 1.00059
65 11 1.00059
65 12 1.00059
65 13 1.00059
65 14 1.00059
65 15 1.00059
65 16 1.00059
65 17 1.00059
65 18 1.00059
65 19 1.00058
65 20 1.00058
65 21 1.00058
65 22 1.00058
65 23 1.00058
65 24 1.00058
65 25 1.00057
65 26 1.00057
65 27 1.00057
65 28 1.00056
65 29 1.00056
65 30 1.00055
65 31 1.00055
65 32 1.00054
65 33 1.00054
65 34 1.00053
65 35 1.00052
65 36 1.00051
65 37 1.0005
65 38 1.00049
65 39 1.00048
65 40 1.00046
65 41 1.00045
65 42 1.00043
65 43 1.00041
65 44 1.00039
65 45 1.00036
65 46 1.00033
65 47 1.0003
65 48 1.00026
65 49 1.00023
65 50 1.00018
65 51 1.00014
65 52 1.00009
65 53 1.00004
65 54 0.999985
65 55 0.999926
65 56 0.999865
65 57 0.9998
65 58 0.999733
65 59 0.999664
65 60 0.999592
65 61 0.99952
65 62 0.999446
65 63 0.999372
65 64 0.999297
65 65 0.999223
65 66 0.99915
65 67 0.999079
65 68 0.999009
65 69 0.998941
65 70 0.998876
65 71 0.998814
65 72 0.998756
65 73 0.998701
65 74 0.99865
65 75 0.998603
65 76 0.99856
65 77 0.998522
65 78 0.998488
65 79 0.998459
65 80 0.998435
65 81 0.998415
65 82 0.998399
65 83 0.998389
65 84 0.998382
65 85 0.99838
65 86 0.998381
65 87 0.998387
65 88 0.998396
65 89 0.998408
65 90 0.998424
65 91 0.998443
65 92 0.998464
65 93 0.998487
65 94 0.998513
65 95 0.99854
65 96 0.998569
65 97 0.998598
65 98 0.998629
65 99 0.99866
65 100 0.998692
65 101 0.998724
65 102 0.998756
65 103 0.998787
65 104 0.998818
65 105 0.998848
65 106 0.998877
65 107 0.998906
65 108 0.998933
65 109 0.998959
65 110 0.998984
65 111 0.999008
65 112 0.999031
65 113 0.999052
65 114 0.999072
65 115 0.999092
65 116 0.99911
65 117 0.999127
65 118 0.999144
65 119 0.99916
65 120 0.999176
65 121 0.999191
65 122 0.999206
65 123 0.999221
65 124 0.999235
65 125 0.99925
65 126 0.999264
65 127 0.999278

66 0 0
66 1 1.00057
66 2 1.00057
66 3 1.00057
66 4 1.00057
66 5 1.00057
66 6 1.00057
66 7 1.00057
66 8 1.00057
66 9 1.00057
66 10 1.00057
66 11 1.00057
66 12 1.00057
66 13 1.00057
66 14 1.00056
66 15 1.00056
66 16 1.00056
66 17 1.00056
66 18 1.00056
66 19 1.00056
66 20 1.00056
66 21 1.00056
66 22 1.00055
66 23 1.00055
66 24 1.00055
66 25 1.00055
66 26 1.00055
66 27 1.00054
66 28 1.00054
66 29 1.00053
66 30 1.00053
66 31 1.00053
66 32 1.00052
66 33 1.00051
66 34 1.00051
66 35 1.0005
66 36 1.00049
66 37 1.00048
66 38 1.00047
66 39 1.00045
66 40 1.00044
66 41 1.00042
66 42 1.0004
66 43 1.00038
66 44 1.00036
66 45 1.00033
66 46 1.0003
66 47 1.00027
66 48 1.00023
66 49 1.00019
66 50 1.00015
66 51 1.0001
66 52 1.00005
66 53 1
66 54 0.999943
66 55 0.999882
66 56 0.999818
66 57 0.99975
66 58 0.99968
66 59 0.999608
66 60 0.999534
66 61 0.999458
66 62 0.999382
66 63 0.999305
66 64 0.999227
66 65 0.999151
66 66 0.999075
66 67 0.999001
66 68 0.998929
66 69 0.998859
66 70 0.998792
66 71 0.998729
66 72 0.998669
66 73 0.998612
66 74 0.99856
66 75 0.998512
66 76 0.998469
66 77 0.99843
66 78 0.998396
66 79 0.998367
66 80 0.998343
66 81 0.998323
66 82 0.998308
66 83 0.998297
66 84 0.998291
66 85 0.998289
66 86 0.998292
66 87 0.998298
66 88 0.998308
66 89 0.998322
66 90 0.998339
66 91 0.998358
66 92 0.998381
66 93 0.998405
66 94 0.998432
66 95 0.998461
66 96 0.998491
66 97 0.998522
66 98 0.998554
66 99 0.998586
66 100 0.998619
66 101 0.998652
66 102 0.998685
66 103 0.998717
66 104 0.998749
66 105 0.99878
66 106 0.998811
66 107 0.99884
66 108 0.998868
66 109 0.998895
66 110 0.99892
66 111 0.998945
66 112 0.998968
66 113 0.99899
66 114 0.999011
66 115 0.99903
66 116 0.999049
66 117 0.999067
66 118 0.999084
66 119 0.999101
66 120 0.999117
66 121 0.999132
66 122 0.999147
66 123 0.999162
66 124 0.999177
66 125 0.999191
66 126 0.999205
66 127 0.999218

67 0 0
67 1 1.00055
67 2 1.00055
67 3 1.00054
67 4 1.00054
67 5 1.00054
67 6 1.00054
67 7 1.00054
67 8 1.00054
67 9 1.00054
67 10 1.00054
67 11 1.00054
67 12 1.00054
67 13 1.00054
67 14 1.00054
67 15 1.00054
67 16 1.00054
67 17 1.00054
67 18 1.00054
67 19 1.00053
67 20 1.00053
67 21 1.00053
67 22 1.00053
67 23 1.00053
67 24 1.00053
67 25 1.00052
67 26 1.00052
67 27 1.00052
67 28 1.00051
67 29 1.00051
67 30 1.00051
67 31 1.0005
67 32 1.0005
67 33 1.00049
67 34 1.00048
67 35 1.00047
67 36 1.00047
67 37 1.00046
67 38 1.00044
67 39 1.00043
67 40 1.00041
67 41 1.0004
67 42 1.00038
67 43 1.00036
67 44 1.00033
67 45 1.0003
67 46 1.00027
67 47 1.00024
67 48 1.0002
67 49 1.00016
67 50 1.00012
67 51 1.00007
67 52 1.00002
67 53 0.999961
67 54 0.999901
67 55 0.999838
67 56 0.999771
67 57 0.999701
67 58 0.999628
67 59 0.999553
67 60 0.999476
67 61 0.999397
67 62 0.999318
67 63 0.999238
67 64 0.999158
67 65 0.999079
67 66 0.999
67 67 0.998924
67 68 0.99885
67 69 0.998778
67 70 0.998709
67 71 0.998644
67 72 0.998583
67 73 0.998525
67 74 0.998472
67 75 0.998423
67 76 0.998379
67 77 0.99834
67 78 0.998306
67 79 0.998276
67 80 0.998252
67 81 0.998232
67 82 0.998218
67 83 0.998207
67 84 0.998202
67 85 0.998201
67 86 0.998204
67 87 0.998211
67 88 0.998222
67 89 0.998237
67 90 0.998255
67 91 0.998275
67 92 0.998299
67 93 0.998325
67 94 0.998353
67 95 0.998382
67 96 0.998414
67 97 0.998446
67 98 0.998479
67 99 0.998513
67 100 0.998547
67 101 0.998581
67 102 0.998615
67 103 0.998649
67 104 0.998682
67 105 0.998714
67 106 0.998745
67 107 0.998775
67 108 0.998803
67 109 0.998831
67 110 0.998857
67 111 0.998882
67 112 0.998906
67 113 0.998928
67 114 0.99895
67 115 0.99897
67 116 0.998989
67 117 0.999007
67 118 0.999025
67 119 0.999042
67 120 0.999058
67 121 0.999074
67 122 0.999089
67 123 0.999104
67 124 0.999119
67 125 0.999133
67 126 0.999147
67 127 0.99916

68 0 0
68 1 1.00052
68 2 1.00052
68 3 1.00052
68 4 1.00052
68 5 1.00052
68 6 1.00052
68 7 1.00052
68 8 1.00052
68 9 1.00052
68 10 1.00052
68 11 1.00052
68 12 1.00051
68 13 1.00051
68 14 1.00051
68 15 1.00051
68 16 1.00051
68 17 1.00051
68 18 1.00051
68 19 1.00051
68 20 1.00051
68 21 1.00051
68 22 1.0005
68 23 1.0005
68 24 1.0005
68 25 1.0005
68 26 1.0005
68 27 1.00049
68 28 1.00049
68 29 1.00049
68 30 1.00048
68 31 1.00048
68 32 1.00047
68 33 1.00047
68 34 1.00046
68 35 1.00045
68 36 1.00044
68 37 1.00043
68 38 1.00042
68 39 1.00041
68 40 1.00039
68 41 1.00037
68 42 1.00035
68 43 1.00033
68 44 1.00031
68 45 1.00028
68 46 1.00025
68 47 1.00021
68 48 1.00017
68 49 1.00013
68 50 1.00008
68 51 1.00003
68 52 0.99998
68 53 0.999922
68 54 0.99986
68 55 0.999794
68 56 0.999724
68 57 0.999652
68 58 0.999576
68 59 0.999498
68 60 0.999418
68 61 0.999337
68 62 0.999255
68 63 0.999172
68 64 0.999089
68 65 0.999007
68 66 0.998927
68 67 0.998848
68 68 0.998772
68 69 0.998698
68 70 0.998628
68 71 0.998561
68 72 0.998498
68 73 0.99844
68 74 0.998386
68 75 0.998336
68 76 0.998292
68 77 0.998252
68 78 0.998217
68 79 0.998188
68 80 0.998163
68 81 0.998144
68 82 0.998129
68 83 0.99812
68 84 0.998115
68 85 0.998114
68 86 0.998118
68 87 0.998126
68 88 0.998138
68 89 0.998153
68 90 0.998172
68 91 0.998194
68 92 0.998219
68 93 0.998246
68 94 0.998275
68 95 0.998306
68 96 0.998338
68 97 0.998372
68 98 0.998406
68 99 0.998441
68 100 0.998476
68 101 0.998512
68 102 0.998546
68 103 0.998581
68 104 0.998615
68 105 0.998648
68 106 0.99868
68 107 0.99871
68 108 0.99874
68 109 0.998768
68 110 0.998795
68 111 0.99882
68 112 0.998845
68 113 0.998868
68 114 0.998889
68 115 0.99891
68 116 0.99893
68 117 0.998948
68 118 0.998966
68 119 0.998983
68 120 0.999
68 121 0.999016
68 122 0.999032
68 123 0.999047
68 124 0.999062
68 125 0.999076
68 126 0.99909
68 127 0.999102

69 0 0
69 1 1.0005
69 2 1.00049
69 3 1.00049
69 4 1.00049
69 5 1.00049
69 6 1.00049
69 7 1.00049
69 8 1.00049
69 9 1.00049
69 10 1.00049
69 11 1.00049
69 12 1.00049
69 13 1.00049
69 14 1.00049
69 15 1.00049
69 16 1.00049
69 17 1.00049
69 18 1.00048
69 19 1.00048
69 20 1.00048
69 21 1.00048
69 22 1.00048
69 23 1.00048
69 24 1.00048
69 25 1.00047
69 26 1.00047
69 27 1.00047
69 28 1.00046
69 29 1.00046
69 30 1.00046
69 31 1.00045
69 32 1.00045
69 33 1.00044
69 34 1.00043
69 35 1.00043
69 36 1.00042
69 37 1.00041
69 38 1.00039
69 39 1.00038
69 40 1.00037
69 41 1.00035
69 42 1.00033
69 43 1.00031
69 44 1.00028
69 45 1.00025
69 46 1.00022
69 47 1.00018
69 48 1.00014
69 49 1.0001
69 50 1.00005
69 51 1
69 52 0.999944
69 53 0.999884
69 54 0.999819
69 55 0.999751
69 56 0.999679
69 57 0.999603
69 58 0.999525
69 59 0.999444
69 60 0.999362
69 61 0.999277
69 62 0.999192
69 63 0.999107
69 64 0.999022
69 65 0.998938
69 66 0.998855
69 67 0.998774
69 68 0.998696
69 69 0.99862
69 70 0.998548
69 71 0.99848
69 72 0.998416
69 73 0.998356
69 74 0.998301
69 75 0.998251
69 76 0.998206
69 77 0.998166
69 78 0.998131
69 79 0.998102
69 80 0.998077
69 81 0.998058
69 82 0.998044
69 83 0.998034
69 84 0.99803
69 85 0.99803
69 86 0.998035
69 87 0.998043
69 88 0.998056
69 89 0.998072
69 90 0.998092
69 91 0.998115
69 92 0.998141
69 93 0.998169
69 94 0.998199
69 95 0.998231
69 96 0.998265
69 97 0.998299
69 98 0.998335
69 99 0.998371
69 100 0.998407
69 101 0.998443
69 102 0.998479
69 103 0.998515
69 104 0.998549
69 105 0.998583
69 106 0.998616
69 107 0.998647
69 108 0.998677
69 109 0.998706
69 110 0.998734
69 111 0.99876
69 112 0.998784
69 113 0.998808
69 114 0.99883
69 115 0.998851
69 116 0.998871
69 117 0.99889
69 118 0.998909
69 119 0.998926
69 120 0.998943
69 121 0.99896
69 122 0.998976
69 123 0.998991
69 124 0.999006
69 125 0.99902
69 126 0.999033
69 127 0.999045

70 0 0
70 1 1.00047
70 2 1.00047
70 3 1.00047
70 4 1.00047
70 5 1.00047
70 6 1.00047
70 7 1.00047
70 8 1.00047
70 9 1.00046
70 10 1.00046
70 11 1.00046
70 12 1.00046
70 13 1.00046
70 14 1.00046
70 15 1.00046
70 16 1.00046
70 17 1.00046
70 18 1.00046
70 19 1.00046
70 20 1.00046
70 21 1.00045
70 22 1.00045
70 23 1.00045
70 24 1.00045
70 25 1.00045
70 26 1.00045
70 27 1.00044
70 28 1.00044
70 29 1.00044
70 30 1.00043
70 31 1.00043
70 32 1.00042
70 33 1.00042
70 34 1.00041
70 35 1.0004
70 36 1.00039
70 37 1.00038
70 38 1.00037
70 39 1.00036
70 40 1.00034
70 41 1.00032
70 42 1.0003
70 43 1.00028
70 44 1.00025
70 45 1.00022
70 46 1.00019
70 47 1.00015
70 48 1.00011
70 49 1.00007
70 50 1.00002
70 51 0.999966
70 52 0.999908
70 53 0.999846
70 54 0.999779
70 55 0.999708
70 56 0.999634
70 57 0.999556
70 58 0.999475
70 59 0.999392
70 60 0.999306
70 61 0.999219
70 62 0.999132
70 63 0.999044
70 64 0.998956
70 65 0.998869
70 66 0.998784
70 67 0.998701
70 68 0.998621
70 69 0.998544
70 70 0.998471
70 71 0.998401
70 72 0.998336
70 73 0.998275
70 74 0.99822
70 75 0.998169
70 76 0.998123
70 77 0.998083
70 78 0.998048
70 79 0.998019
70 80 0.997994
70 81 0.997975
70 82 0.997961
70 83 0.997952
70 84 0.997948
70 85 0.997949
70 86 0.997954
70 87 0.997964
70 88 0.997977
70 89 0.997994
70 90 0.998015
70 91 0.998039
70 92 0.998065
70 93 0.998094
70 94 0.998126
70 95 0.998159
70 96 0.998193
70 97 0.998229
70 98 0.998265
70 99 0.998302
70 100 0.99834
70 101 0.998377
70 102 0.998414
70 103 0.99845
70 104 0.998486
70 105 0.99852
70 106 0.998554
70 107 0.998586
70 108 0.998616
70 109 0.998646
70 110 0.998674
70 111 0.9987
70 112 0.998726
70 113 0.998749
70 114 0.998772
70 115 0.998794
70 116 0.998814
70 117 0.998834
70 118 0.998852
70 119 0.998871
70 120 0.998888
70 121 0.998905
70 122 0.998921
70 123 0.998937
70 124 0.998952
70 125 0.998965
70 126 0.998978
70 127 0.998989

71 0 0
71 1 1.00044
71 2 1.00044
71 3 1.00044
71 4 1.00044
71 5 1.00044
71 6 1.00044
71 7 1.00044
71 8 1.00044
71 9 1.00044
71 10 1.00044
71 11 1.00044
71 12 1.00044
71 13 1.00044
71 14 1.00044
71 15 1.00043
71 16 1.00043
71 17 1.00043
71 18 1.00043
71 19 1.00043
71 20 1.00043
71 21 1.00043
71 22 1.00043
71 23 1.00043
71 24 1.00042
71 25 1.00042
71 26 1.00042
71 27 1.00042
71 28 1.00041
71 29 1.00041
71 30 1.00041
71 31 1.0004
71 32 1.0004
71 33 1.00039
71 34 1.00039
71 35 1.00038
71 36 1.00037
71 37 1.00036
71 38 1.00035
71 39 1.00033
71 40 1.00032
71 41 1.0003
71 42 1.00028
71 43 1.00026
71 44 1.00023
71 45 1.0002
71 46 1.00016
71 47 1.00013
71 48 1.00009
71 49 1.00004
71 50 0.999988
71 51 0.999933
71 52 0.999873
71 53 0.999809
71 54 0.99974
71 55 0.999667
71 56 0.99959
71 57 0.99951
71 58 0.999426
71 59 0.99934
71 60 0.999252
71 61 0.999163
71 62 0.999073
71 63 0.998982
71 64 0.998892
71 65 0.998803
71 66 0.998716
71 67 0.998631
71 68 0.998549
71 69 0.998471
71 70 0.998396
71 71 0.998325
71 72 0.998259
71 73 0.998198
71 74 0.998141
71 75 0.99809
71 76 0.998044
71 77 0.998004
71 78 0.997968
71 79 0.997939
71 80 0.997915
71 81 0.997896
71 82 0.997882
71 83 0.997873
71 84 0.99787
71 85 0.997871
71 86 0.997877
71 87 0.997887
71 88 0.997901
71 89 0.997919
71 90 0.997941
71 91 0.997965
71 92 0.997993
71 93 0.998023
71 94 0.998055
71 95 0.998089
71 96 0.998124
71 97 0.998161
71 98 0.998199
71 99 0.998237
71 100 0.998275
71 101 0.998313
71 102 0.998351
71 103 0.998388
71 104 0.998424
71 105 0.998459
71 106 0.998493
71 107 0.998526
71 108 0.998557
71 109 0.998587
71 110 0.998616
71 111 0.998643
71 112 0.998668
71 113 0.998693
71 114 0.998716
71 115 0.998738
71 116 0.998759
71 117 0.998779
71 118 0.998798
71 119 0.998816
71 120 0.998834
71 121 0.998851
71 122 0.998868
71 123 0.998884
71 124 0.998899
71 125 0.998912
71 126 0.998925
71 127 0.998935

72 0 0
72 1 1.00042
72 2 1.00042
72 3 1.00042
72 4 1.00042
72 5 1.00041
72 6 1.00041
72 7 1.00041
72 8 1.00041
72 9 1.00041
72 10 1.00041
72 11 1.00041
72 12 1.00041
72 13 1.00041
72 14 1.00041
72 15 1.00041
72 16 1.00041
72 17 1.00041
72 18 1.00041
72 19 1.00041
72 20 1.0004
72 21 1.0004
72 22 1.0004
72 23 1.0004
72 24 1.0004
72 25 1.0004
72 26 1.0004
72 27 1.00039
72 28 1.00039
72 29 1.00039
72 30 1.00038
72 31 1.00038
72 32 1.00037
72 33 1.00037
72 34 1.00036
72 35 1.00035
72 36 1.00035
72 37 1.00033
72 38 1.00032
72 39 1.00031
72 40 1.00029
72 41 1.00028
72 42 1.00025
72 43 1.00023
72 44 1.0002
72 45 1.00017
72 46 1.00014
72 47 1.0001
72 48 1.00006
72 49 1.00001
72 50 0.999958
72 51 0.999901
72 52 0.999839
72 53 0.999773
72 54 0.999702
72 55 0.999627
72 56 0.999548
72 57 0.999465
72 58 0.999379
72 59 0.999291
72 60 0.9992
72 61 0.999108
72 62 0.999016
72 63 0.998923
72 64 0.998831
72 65 0.99874
72 66 0.998651
72 67 0.998564
72 68 0.99848
72 69 0.9984
72 70 0.998324
72 71 0.998252
72 72 0.998185
72 73 0.998123
72 74 0.998066
72 75 0.998014
72 76 0.997968
72 77 0.997928
72 78 0.997892
72 79 0.997863
72 80 0.997839
72 81 0.99782
72 82 0.997807
72 83 0.997798
72 84 0.997795
72 85 0.997797
72 86 0.997803
72 87 0.997814
72 88 0.997829
72 89 0.997848
72 90 0.99787
72 91 0.997895
72 92 0.997924
72 93 0.997954
72 94 0.997987
72 95 0.998022
72 96 0.998059
72 97 0.998096
72 98 0.998135
72 99 0.998173
72 100 0.998212
72 101 0.998251
72 102 0.99829
72 103 0.998327
72 104 0.998364
72 105 0.9984
72 106 0.998435
72 107 0.998468
72 108 0.9985
72 109 0.998531
72 110 0.99856
72 111 0.998587
72 112 0.998613
72 113 0.998638
72 114 0.998661
72 115 0.998684
72 116 0.998705
72 117 0.998725
72 118 0.998745
72 119 0.998764
72 120 0.998782
72 121 0.9988
72 122 0.998816
72 123 0.998832
72 124 0.998847
72 125 0.998861
72 126 0.998873
72 127 0.998883

73 0 0
73 1 1.00039
73 2 1.00039
73 3 1.00039
73 4 1.00039
73 5 1.00039
73 6 1.00039
73 7 1.00039
73 8 1.00039
73 9 1.00039
73 10 1.00039
73 11 1.00038
73 12 1.00038
73 13 1.00038
73 14 1.00038
73 15 1.00038
73 16 1.00038
73 17 1.00038
73 18 1.00038
73 19 1.00038
73 20 1.00038
73 21 1.00038
73 22 1.00038
73 23 1.00038
73 24 1.00037
73 25 1.00037
73 26 1.00037
73 27 1.00037
73 28 1.00036
73 29 1.00036
73 30 1.00036
73 31 1.00035
73 32 1.00035
73 33 1.00034
73 34 1.00034
73 35 1.00033
73 36 1.00032
73 37 1.00031
73 38 1.0003
73 39 1.00029
73 40 1.00027
73 41 1.00025
73 42 1.00023
73 43 1.00021
73 44 1.00018
73 45 1.00015
73 46 1.00011
73 47 1.00007
73 48 1.00003
73 49 0.999981
73 50 0.999928
73 51 0.99987
73 52 0.999807
73 53 0.999739
73 54 0.999666
73 55 0.999589
73 56 0.999507
73 57 0.999422
73 58 0.999334
73 59 0.999243
73 60 0.99915
73 61 0.999056
73 62 0.998961
73 63 0.998866
73 64 0.998772
73 65 0.998679
73 66 0.998588
73 67 0.9985
73 68 0.998415
73 69 0.998333
73 70 0.998256
73 71 0.998183
73 72 0.998115
73 73 0.998052
73 74 0.997995
73 75 0.997943
73 76 0.997896
73 77 0.997856
73 78 0.99782
73 79 0.997791
73 80 0.997767
73 81 0.997748
73 82 0.997735
73 83 0.997728
73 84 0.997725
73 85 0.997727
73 86 0.997734
73 87 0.997745
73 88 0.997761
73 89 0.99778
73 90 0.997803
73 91 0.997829
73 92 0.997858
73 93 0.99789
73 94 0.997923
73 95 0.997959
73 96 0.997996
73 97 0.998034
73 98 0.998074
73 99 0.998113
73 100 0.998153
73 101 0.998192
73 102 0.998232
73 103 0.99827
73 104 0.998308
73 105 0.998344
73 106 0.998379
73 107 0.998413
73 108 0.998445
73 109 0.998476
73 110 0.998506
73 111 0.998534
73 112 0.99856
73 113 0.998585
73 114 0.998609
73 115 0.998632
73 116 0.998653
73 117 0.998674
73 118 0.998694
73 119 0.998714
73 120 0.998732
73 121 0.99875
73 122 0.998767
73 123 0.998783
73 124 0.998798
73 125 0.998811
73 126 0.998823
73 127 0.998832

74 0 0
74 1 1.00037
74 2 1.00036
74 3 1.00036
74 4 1.00036
74 5 1.00036
74 6 1.00036
74 7 1.00036
74 8 1.00036
74 9 1.00036
74 10 1.00036
74 11 1.00036
74 12 1.00036
74 13 1.00036
74 14 1.00036
74 15 1.00036
74 16 1.00036
74 17 1.00036
74 18 1.00035
74 19 1.00035
74 20 1.00035
74 21 1.00035
74 22 1.00035
74 23 1.00035
74 24 1.00035
74 25 1.00035
74 26 1.00034
74 27 1.00034
74 28 1.00034
74 29 1.00034
74 30 1.00033
74 31 1.00033
74 32 1.00032
74 33 1.00032
74 34 1.00031
74 35 1.00031
74 36 1.0003
74 37 1.00029
74 38 1.00028
74 39 1.00026
74 40 1.00025
74 41 1.00023
74 42 1.00021
74 43 1.00018
74 44 1.00015
74 45 1.00012
74 46 1.00009
74 47 1.00005
74 48 1
74 49 0.999954
74 50 0.999899
74 51 0.99984
74 52 0.999775
74 53 0.999706
74 54 0.999631
74 55 0.999552
74 56 0.999469
74 57 0.999381
74 58 0.999291
74 59 0.999198
74 60 0.999103
74 61 0.999006
74 62 0.998909
74 63 0.998812
74 64 0.998716
74 65 0.998621
74 66 0.998528
74 67 0.998439
74 68 0.998352
74 69 0.99827
74 70 0.998191
74 71 0.998118
74 72 0.998049
74 73 0.997986
74 74 0.997928
74 75 0.997876
74 76 0.997829
74 77 0.997788
74 78 0.997753
74 79 0.997723
74 80 0.997699
74 81 0.997681
74 82 0.997669
74 83 0.997661
74 84 0.997659
74 85 0.997661
74 86 0.997669
74 87 0.997681
74 88 0.997697
74 89 0.997716
74 90 0.99774
74 91 0.997767
74 92 0.997796
74 93 0.997829
74 94 0.997863
74 95 0.997899
74 96 0.997937
74 97 0.997976
74 98 0.998016
74 99 0.998056
74 100 0.998097
74 101 0.998137
74 102 0.998177
74 103 0.998216
74 104 0.998254
74 105 0.998291
74 106 0.998326
74 107 0.998361
74 108 0.998393
74 109 0.998425
74 110 0.998454
74 111 0.998483
74 112 0.998509
74 113 0.998535
74 114 0.998559
74 115 0.998582
74 116 0.998604
74 117 0.998625
74 118 0.998646
74 119 0.998666
74 120 0.998685
74 121 0.998703
74 122 0.99872
74 123 0.998736
74 124 0.998751
74 125 0.998764
74 126 0.998775
74 127 0.998784

75 0 0
75 1 1.00034
75 2 1.00034
75 3 1.00034
75 4 1.00034
75 5 1.00034
75 6 1.00033
75 7 1.00033
75 8 1.00033
75 9 1.00033
75 10 1.00033
75 11 1.00033
75 12 1.00033
75 13 1.00033
75 14 1.00033
75 15 1.00033
75 16 1.00033
75 17 1.00033
75 18 1.00033
75 19 1.00033
75 20 1.00033
75 21 1.00033
75 22 1.00032
75 23 1.00032
75 24 1.00032
75 25 1.00032
75 26 1.00032
75 27 1.00032
75 28 1.00031
75 29 1.00031
75 30 1.00031
75 31 1.0003
75 32 1.0003
75 33 1.0003
75 34 1.00029
75 35 1.00028
75 36 1.00027
75 37 1.00026
75 38 1.00025
75 39 1.00024
75 40 1.00022
75 41 1.0002
75 42 1.00018
75 43 1.00016
75 44 1.00013
75 45 1.0001
75 46 1.00006
75 47 1.00002
75 48 0.999978
75 49 0.999927
75 50 0.999872
75 51 0.999811
75 52 0.999745
75 53 0.999674
75 54 0.999598
75 55 0.999517
75 56 0.999432
75 57 0.999343
75 58 0.99925
75 59 0.999155
75 60 0.999058
75 61 0.998959
75 62 0.99886
75 63 0.998761
75 64 0.998663
75 65 0.998567
75 66 0.998473
75 67 0.998381
75 68 0.998294
75 69 0.99821
75 70 0.998131
75 71 0.998057
75 72 0.997987
75 73 0.997923
75 74 0.997865
75 75 0.997813
75 76 0.997766
75 77 0.997725
75 78 0.99769
75 79 0.99766
75 80 0.997637
75 81 0.997619
75 82 0.997606
75 83 0.997599
75 84 0.997597
75 85 0.9976
75 86 0.997608
75 87 0.99762
75 88 0.997637
75 89 0.997657
75 90 0.997681
75 91 0.997709
75 92 0.997739
75 93 0.997772
75 94 0.997807
75 95 0.997844
75 96 0.997882
75 97 0.997922
75 98 0.997962
75 99 0.998003
75 100 0.998044
75 101 0.998085
75 102 0.998125
75 103 0.998164
75 104 0.998203
75 105 0.99824
75 106 0.998276
75 107 0.998311
75 108 0.998344
75 109 0.998376
75 110 0.998406
75 111 0.998434
75 112 0.998461
75 113 0.998487
75 114 0.998512
75 115 0.998535
75 116 0.998558
75 117 0.998579
75 118 0.9986
75 119 0.99862
75 120 0.998639
75 121 0.998658
75 122 0.998676
75 123 0.998692
75 124 0.998707
75 125 0.99872
75 126 0.99873
75 127 0.998738

76 0 0
76 1 1.00031
76 2 1.00031
76 3 1.00031
76 4 1.00031
76 5 1.00031
76 6 1.00031
76 7 1.00031
76 8 1.00031
76 9 1.00031
76 10 1.00031
76 11 1.00031
76 12 1.00031
76 13 1.0003
76 14 1.0003
76 15 1.0003
76 16 1.0003
76 17 1.0003
76 18 1.0003
76 19 1.0003
76 20 1.0003
76 21 1.0003
76 22 1.0003
76 23 1.0003
76 24 1.0003
76 25 1.0003
76 26 1.00029
76 27 1.00029
76 28 1.00029
76 29 1.00029
76 30 1.00028
76 31 1.00028
76 32 1.00028
76 33 1.00027
76 34 1.00026
76 35 1.00026
76 36 1.00025
76 37 1.00024
76 38 1.00023
76 39 1.00022
76 40 1.0002
76 41 1.00018
76 42 1.00016
76 43 1.00014
76 44 1.00011
76 45 1.00008
76 46 1.00004
76 47 0.999999
76 48 0.999953
76 49 0.999902
76 50 0.999846
76 51 0.999784
76 52 0.999717
76 53 0.999644
76 54 0.999567
76 55 0.999484
76 56 0.999397
76 57 0.999307
76 58 0.999212
76 59 0.999115
76 60 0.999016
76 61 0.998915
76 62 0.998814
76 63 0.998714
76 64 0.998614
76 65 0.998516
76 66 0.998421
76 67 0.998328
76 68 0.998239
76 69 0.998155
76 70 0.998075
76 71 0.998
76 72 0.99793
76 73 0.997866
76 74 0.997807
76 75 0.997755
76 76 0.997708
76 77 0.997667
76 78 0.997632
76 79 0.997602
76 80 0.997579
76 81 0.997561
76 82 0.997549
76 83 0.997542
76 84 0.997541
76 85 0.997544
76 86 0.997552
76 87 0.997565
76 88 0.997582
76 89 0.997603
76 90 0.997627
76 91 0.997655
76 92 0.997686
76 93 0.997719
76 94 0.997755
76 95 0.997792
76 96 0.997831
76 97 0.997871
76 98 0.997912
76 99 0.997953
76 100 0.997995
76 101 0.998036
76 102 0.998077
76 103 0.998116
76 104 0.998155
76 105 0.998193
76 106 0.99823
76 107 0.998265
76 108 0.998298
76 109 0.99833
76 110 0.99836
76 111 0.998389
76 112 0.998417
76 113 0.998443
76 114 0.998467
76 115 0.998491
76 116 0.998514
76 117 0.998536
76 118 0.998557
76 119 0.998578
76 120 0.998597
76 121 0.998616
76 122 0.998634
76 123 0.99865
76 124 0.998665
76 125 0.998678
76 126 0.998688
76 127 0.998695

77 0 0
77 1 1.00029
77 2 1.00028
77 3 1.00028
77 4 1.00028
77 5 1.00028
77 6 1.00028
77 7 1.00028
77 8 1.00028
77 9 1.00028
77 10 1.00028
77 11 1.00028
77 12 1.00028
77 13 1.00028
77 14 1.00028
77 15 1.00028
77 16 1.00028
77 17 1.00028
77 18 1.00028
77 19 1.00028
77 20 1.00027
77 21 1.00027
77 22 1.00027
77 23 1.00027
77 24 1.00027
77 25 1.00027
77 26 1.00027
77 27 1.00027
77 28 1.00026
77 29 1.00026
77 30 1.00026
77 31 1.00026
77 32 1.00025
77 33 1.00025
77 34 1.00024
77 35 1.00023
77 36 1.00023
77 37 1.00022
77 38 1.00021
77 39 1.00019
77 40 1.00018
77 41 1.00016
77 42 1.00014
77 43 1.00011
77 44 1.00009
77 45 1.00005
77 46 1.00002
77 47 0.999975
77 48 0.999929
77 49 0.999878
77 50 0.999821
77 51 0.999758
77 52 0.99969
77 53 0.999617
77 54 0.999538
77 55 0.999454
77 56 0.999365
77 57 0.999273
77 58 0.999177
77 59 0.999078
77 60 0.998977
77 61 0.998875
77 62 0.998772
77 63 0.99867
77 64 0.998569
77 65 0.998469
77 66 0.998373
77 67 0.998279
77 68 0.998189
77 69 0.998104
77 70 0.998023
77 71 0.997948
77 72 0.997877
77 73 0.997813
77 74 0.997754
77 75 0.997701
77 76 0.997654
77 77 0.997614
77 78 0.997579
77 79 0.99755
77 80 0.997526
77 81 0.997509
77 82 0.997497
77 83 0.997491
77 84 0.997489
77 85 0.997493
77 86 0.997502
77 87 0.997515
77 88 0.997532
77 89 0.997553
77 90 0.997578
77 91 0.997606
77 92 0.997638
77 93 0.997671
77 94 0.997707
77 95 0.997745
77 96 0.997785
77 97 0.997825
77 98 0.997866
77 99 0.997908
77 100 0.99795
77 101 0.997991
77 102 0.998032
77 103 0.998072
77 104 0.998112
77 105 0.99815
77 106 0.998186
77 107 0.998222
77 108 0.998255
77 109 0.998287
77 110 0.998318
77 111 0.998347
77 112 0.998375
77 113 0.998401
77 114 0.998426
77 115 0.99845
77 116 0.998474
77 117 0.998496
77 118 0.998517
77 119 0.998538
77 120 0.998558
77 121 0.998577
77 122 0.998595
77 123 0.998612
77 124 0.998627
77 125 0.998639
77 126 0.998649
77 127 0.998655

78 0 0
78 1 1.00026
78 2 1.00026
78 3 1.00026
78 4 1.00026
78 5 1.00026
78 6 1.00025
78 7 1.00025
78 8 1.00025
78 9 1.00025
78 10 1.00025
78 11 1.00025
78 12 1.00025
78 13 1.00025
78 14 1.00025
78 15 1.00025
78 16 1.00025
78 17 1.00025
78 18 1.00025
78 19 1.00025
78 20 1.00025
78 21 1.00025
78 22 1.00025
78 23 1.00025
78 24 1.00024
78 25 1.00024
78 26 1.00024
78 27 1.00024
78 28 1.00024
78 29 1.00024
78 30 1.00023
78 31 1.00023
78 32 1.00023
78 33 1.00022
78 34 1.00022
78 35 1.00021
78 36 1.0002
78 37 1.00019
78 38 1.00018
78 39 1.00017
78 40 1.00015
78 41 1.00014
78 42 1.00012
78 43 1.00009
78 44 1.00006
78 45 1.00003
78 46 0.999995
78 47 0.999953
78 48 0.999907
78 49 0.999855
78 50 0.999797
78 51 0.999734
78 52 0.999665
78 53 0.999591
78 54 0.999511
78 55 0.999426
78 56 0.999336
78 57 0.999242
78 58 0.999145
78 59 0.999044
78 60 0.998942
78 61 0.998838
78 62 0.998734
78 63 0.99863
78 64 0.998528
78 65 0.998427
78 66 0.998329
78 67 0.998234
78 68 0.998144
78 69 0.998058
78 70 0.997976
78 71 0.9979
78 72 0.99783
78 73 0.997765
78 74 0.997706
78 75 0.997653
78 76 0.997606
78 77 0.997565
78 78 0.997531
78 79 0.997502
78 80 0.997479
78 81 0.997462
78 82 0.99745
78 83 0.997444
78 84 0.997443
78 85 0.997447
78 86 0.997456
78 87 0.997469
78 88 0.997487
78 89 0.997509
78 90 0.997534
78 91 0.997562
78 92 0.997594
78 93 0.997628
78 94 0.997664
78 95 0.997703
78 96 0.997742
78 97 0.997783
78 98 0.997825
78 99 0.997867
78 100 0.997909
78 101 0.99795
78 102 0.997992
78 103 0.998032
78 104 0.998072
78 105 0.99811
78 106 0.998147
78 107 0.998182
78 108 0.998216
78 109 0.998248
78 110 0.998279
78 111 0.998309
78 112 0.998336
78 113 0.998363
78 114 0.998389
78 115 0.998413
78 116 0.998436
78 117 0.998459
78 118 0.998481
78 119 0.998502
78 120 0.998522
78 121 0.998542
78 122 0.99856
78 123 0.998577
78 124 0.998591
78 125 0.998604
78 126 0.998613
78 127 0.998619

79 0 0
79 1 1.00023
79 2 1.00023
79 3 1.00023
79 4 1.00023
79 5 1.00023
79 6 1.00023
79 7 1.00023
79 8 1.00023
79 9 1.00023
79 10 1.00023
79 11 1.00023
79 12 1.00023
79 13 1.00022
79 14 1.00022
79 15 1.00022
79 16 1.00022
79 17 1.00022
79 18 1.00022
79 19 1.00022
79 20 1.00022
79 21 1.00022
79 22 1.00022
79 23 1.00022
79 24 1.00022
79 25 1.00022
79 26 1.00022
79 27 1.00022
79 28 1.00021
79 29 1.00021
79 30 1.00021
79 31 1.00021
79 32 1.0002
79 33 1.0002
79 34 1.00019
79 35 1.00019
79 36 1.00018
79 37 1.00017
79 38 1.00016
79 39 1.00015
79 40 1.00013
79 41 1.00011
79 42 1.00009
79 43 1.00007
79 44 1.00004
79 45 1.00001
79 46 0.999973
79 47 0.999932
79 48 0.999886
79 49 0.999833
79 50 0.999776
79 51 0.999712
79 52 0.999643
79 53 0.999567
79 54 0.999487
79 55 0.9994
79 56 0.99931
79 57 0.999214
79 58 0.999116
79 59 0.999014
79 60 0.99891
79 61 0.998805
79 62 0.9987
79 63 0.998594
79 64 0.998491
79 65 0.998389
79 66 0.99829
79 67 0.998195
79 68 0.998103
79 69 0.998016
79 70 0.997934
79 71 0.997858
79 72 0.997787
79 73 0.997722
79 74 0.997663
79 75 0.99761
79 76 0.997563
79 77 0.997523
79 78 0.997488
79 79 0.997459
79 80 0.997437
79 81 0.99742
79 82 0.997408
79 83 0.997403
79 84 0.997402
79 85 0.997406
79 86 0.997415
79 87 0.997429
79 88 0.997447
79 89 0.997469
79 90 0.997495
79 91 0.997523
79 92 0.997555
79 93 0.997589
79 94 0.997626
79 95 0.997665
79 96 0.997704
79 97 0.997746
79 98 0.997787
79 99 0.99783
79 100 0.997872
79 101 0.997914
79 102 0.997955
79 103 0.997996
79 104 0.998036
79 105 0.998074
79 106 0.998111
79 107 0.998147
79 108 0.998181
79 109 0.998213
79 110 0.998244
79 111 0.998274
79 112 0.998302
79 113 0.998329
79 114 0.998354
79 115 0.998379
79 116 0.998403
79 117 0.998426
79 118 0.998448
79 119 0.99847
79 120 0.99849
79 121 0.99851
79 122 0.998528
79 123 0.998545
79 124 0.99856
79 125 0.998572
79 126 0.998581
79 127 0.998586

80 0 0
80 1 1.00021
80 2 1.0002
80 3 1.0002
80 4 1.0002
80 5 1.0002
80 6 1.0002
80 7 1.0002
80 8 1.0002
80 9 1.0002
80 10 1.0002
80 11 1.0002
80 12 1.0002
80 13 1.0002
80 14 1.0002
80 15 1.0002
80 16 1.0002
80 17 1.0002
80 18 1.0002
80 19 1.0002
80 20 1.0002
80 21 1.0002
80 22 1.00019
80 23 1.00019
80 24 1.00019
80 25 1.00019
80 26 1.00019
80 27 1.00019
80 28 1.00019
80 29 1.00019
80 30 1.00018
80 31 1.00018
80 32 1.00018
80 33 1.00017
80 34 1.00017
80 35 1.00016
80 36 1.00016
80 37 1.00015
80 38 1.00014
80 39 1.00012
80 40 1.00011
80 41 1.00009
80 42 1.00007
80 43 1.00005
80 44 1.00002
80 45 0.999989
80 46 0.999953
80 47 0.999912
80 48 0.999865
80 49 0.999813
80 50 0.999755
80 51 0.999692
80 52 0.999622
80 53 0.999546
80 54 0.999465
80 55 0.999378
80 56 0.999286
80 57 0.99919
80 58 0.99909
80 59 0.998987
80 60 0.998882
80 61 0.998776
80 62 0.998669
80 63 0.998563
80 64 0.998458
80 65 0.998355
80 66 0.998256
80 67 0.998159
80 68 0.998067
80 69 0.99798
80 70 0.997897
80 71 0.997821
80 72 0.997749
80 73 0.997684
80 74 0.997625
80 75 0.997572
80 76 0.997526
80 77 0.997485
80 78 0.997451
80 79 0.997422
80 80 0.9974
80 81 0.997383
80 82 0.997372
80 83 0.997366
80 84 0.997366
80 85 0.997371
80 86 0.99738
80 87 0.997394
80 88 0.997412
80 89 0.997434
80 90 0.99746
80 91 0.997489
80 92 0.997521
80 93 0.997556
80 94 0.997593
80 95 0.997631
80 96 0.997671
80 97 0.997713
80 98 0.997755
80 99 0.997797
80 100 0.997839
80 101 0.997882
80 102 0.997923
80 103 0.997964
80 104 0.998004
80 105 0.998042
80 106 0.998079
80 107 0.998115
80 108 0.998149
80 109 0.998182
80 110 0.998213
80 111 0.998243
80 112 0.998271
80 113 0.998298
80 114 0.998324
80 115 0.998349
80 116 0.998373
80 117 0.998397
80 118 0.998419
80 119 0.998441
80 120 0.998462
80 121 0.998482
80 122 0.998501
80 123 0.998518
80 124 0.998532
80 125 0.998544
80 126 0.998552
80 127 0.998556

81 0 0
81 1 1.00018
81 2 1.00018
81 3 1.00018
81 4 1.00018
81 5 1.00017
81 6 1.00017
81 7 1.00017
81 8 1.00017
81 9 1.00017
81 10 1.00017
81 11 1.00017
81 12 1.00017
81 13 1.00017
81 14 1.00017
81 15 1.00017
81 16 1.00017
81 17 1.00017
81 18 1.00017
81 19 1.00017
81 20 1.00017
81 21 1.00017
81 22 1.00017
81 23 1.00017
81 24 1.00017
81 25 1.00017
81 26 1.00017
81 27 1.00016
81 28 1.00016
81 29 1.00016
81 30 1.00016
81 31 1.00016
81 32 1.00015
81 33 1.00015
81 34 1.00014
81 35 1.00014
81 36 1.00013
81 37 1.00012
81 38 1.00011
81 39 1.0001
81 40 1.00009
81 41 1.00007
81 42 1.00005
81 43 1.00003
81 44 1
81 45 0.99997
81 46 0.999934
81 47 0.999893
81 48 0.999847
81 49 0.999795
81 50 0.999737
81 51 0.999673
81 52 0.999603
81 53 0.999527
81 54 0.999445
81 55 0.999358
81 56 0.999265
81 57 0.999169
81 58 0.999068
81 59 0.998964
81 60 0.998858
81 61 0.998751
81 62 0.998643
81 63 0.998536
81 64 0.99843
81 65 0.998327
81 66 0.998226
81 67 0.998129
81 68 0.998036
81 69 0.997948
81 70 0.997866
81 71 0.997788
81 72 0.997717
81 73 0.997652
81 74 0.997593
81 75 0.99754
81 76 0.997493
81 77 0.997453
81 78 0.997418
81 79 0.99739
81 80 0.997368
81 81 0.997352
81 82 0.997341
81 83 0.997335
81 84 0.997335
81 85 0.99734
81 86 0.99735
81 87 0.997364
81 88 0.997382
81 89 0.997405
81 90 0.997431
81 91 0.99746
81 92 0.997492
81 93 0.997527
81 94 0.997564
81 95 0.997603
81 96 0.997643
81 97 0.997684
81 98 0.997726
81 99 0.997769
81 100 0.997811
81 101 0.997854
81 102 0.997895
81 103 0.997936
81 104 0.997976
81 105 0.998015
81 106 0.998052
81 107 0.998088
81 108 0.998122
81 109 0.998155
81 110 0.998186
81 111 0.998216
81 112 0.998244
81 113 0.998271
81 114 0.998298
81 115 0.998323
81 116 0.998347
81 117 0.998371
81 118 0.998394
81 119 0.998417
81 120 0.998438
81 121 0.998458
81 122 0.998477
81 123 0.998494
81 124 0.998509
81 125 0.99852
81 126 0.998528
81 127 0.998531

82 0 0
82 1 1.00015
82 2 1.00015
82 3 1.00015
82 4 1.00015
82 5 1.00015
82 6 1.00015
82 7 1.00015
82 8 1.00015
82 9 1.00015
82 10 1.00015
82 11 1.00014
82 12 1.00014
82 13 1.00014
82 14 1.00014
82 15 1.00014
82 16 1.00014
82 17 1.00014
82 18 1.00014
82 19 1.00014
82 20 1.00014
82 21 1.00014
82 22 1.00014
82 23 1.00014
82 24 1.00014
82 25 1.00014
82 26 1.00014
82 27 1.00014
82 28 1.00014
82 29 1.00014
82 30 1.00013
82 31 1.00013
82 32 1.00013
82 33 1.00012
82 34 1.00012
82 35 1.00011
82 36 1.00011
82 37 1.0001
82 38 1.00009
82 39 1.00008
82 40 1.00007
82 41 1.00005
82 42 1.00003
82 43 1.00001
82 44 0.999981
82 45 0.99995
82 46 0.999915
82 47 0.999875
82 48 0.999829
82 49 0.999777
82 50 0.99972
82 51 0.999656
82 52 0.999586
82 53 0.99951
82 54 0.999428
82 55 0.999341
82 56 0.999248
82 57 0.999151
82 58 0.99905
82 59 0.998945
82 60 0.998838
82 61 0.99873
82 62 0.998622
82 63 0.998514
82 64 0.998407
82 65 0.998303
82 66 0.998201
82 67 0.998104
82 68 0.99801
82 69 0.997922
82 70 0.997839
82 71 0.997761
82 72 0.99769
82 73 0.997625
82 74 0.997565
82 75 0.997512
82 76 0.997466
82 77 0.997426
82 78 0.997392
82 79 0.997364
82 80 0.997341
82 81 0.997325
82 82 0.997315
82 83 0.99731
82 84 0.99731
82 85 0.997315
82 86 0.997325
82 87 0.997339
82 88 0.997358
82 89 0.99738
82 90 0.997406
82 91 0.997436
82 92 0.997468
82 93 0.997503
82 94 0.99754
82 95 0.997579
82 96 0.997619
82 97 0.997661
82 98 0.997703
82 99 0.997745
82 100 0.997788
82 101 0.99783
82 102 0.997872
82 103 0.997913
82 104 0.997953
82 105 0.997991
82 106 0.998029
82 107 0.998064
82 108 0.998099
82 109 0.998132
82 110 0.998163
82 111 0.998193
82 112 0.998222
82 113 0.998249
82 114 0.998276
82 115 0.998301
82 116 0.998326
82 117 0.99835
82 118 0.998374
82 119 0.998396
82 120 0.998418
82 121 0.998439
82 122 0.998458
82 123 0.998475
82 124 0.998489
82 125 0.9985
82 126 0.998508
82 127 0.99851

83 0 0
83 1 1.00012
83 2 1.00012
83 3 1.00012
83 4 1.00012
83 5 1.00012
83 6 1.00012
83 7 1.00012
83 8 1.00012
83 9 1.00012
83 10 1.00012
83 11 1.00012
83 12 1.00012
83 13 1.00012
83 14 1.00012
83 15 1.00012
83 16 1.00012
83 17 1.00012
83 18 1.00012
83 19 1.00012
83 20 1.00012
83 21 1.00012
83 22 1.00012
83 23 1.00012
83 24 1.00011
83 25 1.00011
83 26 1.00011
83 27 1.00011
83 28 1.00011
83 29 1.00011
83 30 1.00011
83 31 1.00011
83 32 1.0001
83 33 1.0001
83 34 1.0001
83 35 1.00009
83 36 1.00008
83 37 1.00008
83 38 1.00007
83 39 1.00006
83 40 1.00004
83 41 1.00003
83 42 1.00001
83 43 0.999988
83 44 0.999962
83 45 0.999932
83 46 0.999898
83 47 0.999858
83 48 0.999813
83 49 0.999762
83 50 0.999705
83 51 0.999641
83 52 0.999572
83 53 0.999496
83 54 0.999414
83 55 0.999327
83 56 0.999234
83 57 0.999136
83 58 0.999035
83 59 0.99893
83 60 0.998823
83 61 0.998714
83 62 0.998605
83 63 0.998496
83 64 0.998389
83 65 0.998284
83 66 0.998182
83 67 0.998084
83 68 0.99799
83 69 0.997901
83 70 0.997817
83 71 0.99774
83 72 0.997668
83 73 0.997602
83 74 0.997543
83 75 0.99749
83 76 0.997444
83 77 0.997404
83 78 0.99737
83 79 0.997342
83 80 0.99732
83 81 0.997304
83 82 0.997294
83 83 0.997289
83 84 0.997289
83 85 0.997294
83 86 0.997304
83 87 0.997319
83 88 0.997338
83 89 0.99736
83 90 0.997387
83 91 0.997416
83 92 0.997449
83 93 0.997483
83 94 0.997521
83 95 0.99756
83 96 0.9976
83 97 0.997641
83 98 0.997684
83 99 0.997726
83 100 0.997769
83 101 0.997811
83 102 0.997853
83 103 0.997894
83 104 0.997934
83 105 0.997972
83 106 0.99801
83 107 0.998046
83 108 0.99808
83 109 0.998113
83 110 0.998144
83 111 0.998175
83 112 0.998203
83 113 0.998231
83 114 0.998258
83 115 0.998284
83 116 0.998309
83 117 0.998334
83 118 0.998358
83 119 0.998381
83 120 0.998403
83 121 0.998424
83 122 0.998443
83 123 0.99846
83 124 0.998475
83 125 0.998485
83 126 0.998492
83 127 0.998494

84 0 0
84 1 1.0001
84 2 1.0001
84 3 1.0001
84 4 1.00009
84 5 1.00009
84 6 1.00009
84 7 1.00009
84 8 1.00009
84 9 1.00009
84 10 1.00009
84 11 1.00009
84 12 1.00009
84 13 1.00009
84 14 1.00009
84 15 1.00009
84 16 1.00009
84 17 1.00009
84 18 1.00009
84 19 1.00009
84 20 1.00009
84 21 1.00009
84 22 1.00009
84 23 1.00009
84 24 1.00009
84 25 1.00009
84 26 1.00009
84 27 1.00009
84 28 1.00009
84 29 1.00008
84 30 1.00008
84 31 1.00008
84 32 1.00008
84 33 1.00008
84 34 1.00007
84 35 1.00007
84 36 1.00006
84 37 1.00005
84 38 1.00005
84 39 1.00004
84 40 1.00002
84 41 1.00001
84 42 0.99999
84 43 0.999969
84 44 0.999944
84 45 0.999915
84 46 0.999881
84 47 0.999842
84 48 0.999797
84 49 0.999747
84 50 0.999691
84 51 0.999629
84 52 0.99956
84 53 0.999484
84 54 0.999403
84 55 0.999316
84 56 0.999223
84 57 0.999126
84 58 0.999024
84 59 0.998919
84 60 0.998811
84 61 0.998702
84 62 0.998593
84 63 0.998483
84 64 0.998376
84 65 0.99827
84 66 0.998167
84 67 0.998069
84 68 0.997974
84 69 0.997885
84 70 0.997801
84 71 0.997723
84 72 0.997651
84 73 0.997586
84 74 0.997526
84 75 0.997473
84 76 0.997427
84 77 0.997387
84 78 0.997353
84 79 0.997325
84 80 0.997304
84 81 0.997288
84 82 0.997278
84 83 0.997273
84 84 0.997273
84 85 0.997279
84 86 0.997289
84 87 0.997304
84 88 0.997323
84 89 0.997345
84 90 0.997372
84 91 0.997401
84 92 0.997434
84 93 0.997469
84 94 0.997506
84 95 0.997545
84 96 0.997585
84 97 0.997627
84 98 0.997669
84 99 0.997712
84 100 0.997754
84 101 0.997796
84 102 0.997838
84 103 0.997879
84 104 0.997919
84 105 0.997958
84 106 0.997995
84 107 0.998031
84 108 0.998066
84 109 0.998099
84 110 0.99813
84 111 0.998161
84 112 0.99819
84 113 0.998218
84 114 0.998245
84 115 0.998271
84 116 0.998297
84 117 0.998322
84 118 0.998346
84 119 0.99837
84 120 0.998393
84 121 0.998414
84 122 0.998434
84 123 0.998451
84 124 0.998465
84 125 0.998475
84 126 0.998482
84 127 0.998482

85 0 0
85 1 1.00007
85 2 1.00007
85 3 1.00007
85 4 1.00007
85 5 1.00007
85 6 1.00007
85 7 1.00007
85 8 1.00007
85 9 1.00007
85 10 1.00006
85 11 1.00006
85 12 1.00006
85 13 1.00006
85 14 1.00006
85 15 1.00006
85 16 1.00006
85 17 1.00006
85 18 1.00006
85 19 1.00006
85 20 1.00006
85 21 1.00006
85 22 1.00006
85 23 1.00006
85 24 1.00006
85 25 1.00006
85 26 1.00006
85 27 1.00006
85 28 1.00006
85 29 1.00006
85 30 1.00006
85 31 1.00006
85 32 1.00005
85 33 1.00005
85 34 1.00005
85 35 1.00004
85 36 1.00004
85 37 1.00003
85 38 1.00002
85 39 1.00001
85 40 1
85 41 0.999988
85 42 0.99997
85 43 0.99995
85 44 0.999926
85 45 0.999898
85 46 0.999865
85 47 0.999827
85 48 0.999783
85 49 0.999734
85 50 0.999679
85 51 0.999617
85 52 0.999549
85 53 0.999475
85 54 0.999394
85 55 0.999308
85 56 0.999215
85 57 0.999118
85 58 0.999017
85 59 0.998912
85 60 0.998804
85 61 0.998695
85 62 0.998585
85 63 0.998475
85 64 0.998367
85 65 0.998261
85 66 0.998158
85 67 0.998059
85 68 0.997964
85 69 0.997874
85 70 0.99779
85 71 0.997712
85 72 0.99764
85 73 0.997574
85 74 0.997515
85 75 0.997462
85 76 0.997415
85 77 0.997375
85 78 0.997341
85 79 0.997314
85 80 0.997292
85 81 0.997277
85 82 0.997267
85 83 0.997262
85 84 0.997263
85 85 0.997268
85 86 0.997279
85 87 0.997293
85 88 0.997312
85 89 0.997335
85 90 0.997362
85 91 0.997391
85 92 0.997424
85 93 0.997459
85 94 0.997496
85 95 0.997535
85 96 0.997575
85 97 0.997617
85 98 0.997659
85 99 0.997701
85 100 0.997744
85 101 0.997786
85 102 0.997828
85 103 0.997869
85 104 0.997909
85 105 0.997948
85 106 0.997985
85 107 0.998021
85 108 0.998056
85 109 0.998089
85 110 0.998121
85 111 0.998151
85 112 0.998181
85 113 0.998209
85 114 0.998237
85 115 0.998264
85 116 0.99829
85 117 0.998315
85 118 0.99834
85 119 0.998364
85 120 0.998387
85 121 0.998409
85 122 0.998429
85 123 0.998446
85 124 0.998461
85 125 0.998471
85 126 0.998476
85 127 0.998476

86 0 0
86 1 1.00004
86 2 1.00004
86 3 1.00004
86 4 1.00004
86 5 1.00004
86 6 1.00004
86 7 1.00004
86 8 1.00004
86 9 1.00004
86 10 1.00004
86 11 1.00004
86 12 1.00004
86 13 1.00004
86 14 1.00004
86 15 1.00004
86 16 1.00004
86 17 1.00004
86 18 1.00004
86 19 1.00004
86 20 1.00004
86 21 1.00004
86 22 1.00004
86 23 1.00004
86 24 1.00004
86 25 1.00004
86 26 1.00004
86 27 1.00004
86 28 1.00003
86 29 1.00003
86 30 1.00003
86 31 1.00003
86 32 1.00003
86 33 1.00003
86 34 1.00002
86 35 1.00002
86 36 1.00001
86 37 1.00001
86 38 1
86 39 0.999992
86 40 0.999981
86 41 0.999967
86 42 0.999951
86 43 0.999931
86 44 0.999908
86 45 0.999881
86 46 0.999849
86 47 0.999813
86 48 0.999771
86 49 0.999723
86 50 0.999669
86 51 0.999608
86 52 0.999541
86 53 0.999468
86 54 0.999388
86 55 0.999303
86 56 0.999211
86 57 0.999114
86 58 0.999013
86 59 0.998909
86 60 0.998801
86 61 0.998692
86 62 0.998582
86 63 0.998472
86 64 0.998364
86 65 0.998257
86 66 0.998154
86 67 0.998054
86 68 0.997959
86 69 0.997869
86 70 0.997784
86 71 0.997706
86 72 0.997633
86 73 0.997567
86 74 0.997508
86 75 0.997455
86 76 0.997408
86 77 0.997368
86 78 0.997335
86 79 0.997307
86 80 0.997286
86 81 0.99727
86 82 0.99726
86 83 0.997256
86 84 0.997256
86 85 0.997262
86 86 0.997272
86 87 0.997287
86 88 0.997306
86 89 0.997329
86 90 0.997356
86 91 0.997385
86 92 0.997418
86 93 0.997453
86 94 0.99749
86 95 0.997529
86 96 0.997569
86 97 0.997611
86 98 0.997653
86 99 0.997696
86 100 0.997738
86 101 0.99778
86 102 0.997822
86 103 0.997863
86 104 0.997903
86 105 0.997942
86 106 0.997979
86 107 0.998015
86 108 0.99805
86 109 0.998084
86 110 0.998116
86 111 0.998147
86 112 0.998177
86 113 0.998205
86 114 0.998233
86 115 0.998261
86 116 0.998287
86 117 0.998314
86 118 0.998339
86 119 0.998364
86 120 0.998387
86 121 0.99841
86 122 0.99843
86 123 0.998448
86 124 0.998462
86 125 0.998472
86 126 0.998477
86 127 0.998476

87 0 0
87 1 1.00002
87 2 1.00002
87 3 1.00001
87 4 1.00001
87 5 1.00001
87 6 1.00001
87 7 1.00001
87 8 1.00001
87 9 1.00001
87 10 1.00001
87 11 1.00001
87 12 1.00001
87 13 1.00001
87 14 1.00001
87 15 1.00001
87 16 1.00001
87 17 1.00001
87 18 1.00001
87 19 1.00001
87 20 1.00001
87 21 1.00001
87 22 1.00001
87 23 1.00001
87 24 1.00001
87 25 1.00001
87 26 1.00001
87 27 1.00001
87 28 1.00001
87 29 1.00001
87 30 1.00001
87 31 1.00001
87 32 1
87 33 1
87 34 1
87 35 0.999996
87 36 0.999992
87 37 0.999986
87 38 0.999979
87 39 0.999971
87 40 0.99996
87 41 0.999947
87 42 0.999932
87 43 0.999913
87 44 0.999891
87 45 0.999865
87 46 0.999835
87 47 0.999799
87 48 0.999759
87 49 0.999712
87 50 0.99966
87 51 0.999601
87 52 0.999535
87 53 0.999463
87 54 0.999385
87 55 0.9993
87 56 0.99921
87 57 0.999114
87 58 0.999014
87 59 0.99891
87 60 0.998803
87 61 0.998694
87 62 0.998584
87 63 0.998474
87 64 0.998365
87 65 0.998259
87 66 0.998155
87 67 0.998055
87 68 0.997959
87 69 0.997869
87 70 0.997784
87 71 0.997705
87 72 0.997632
87 73 0.997566
87 74 0.997506
87 75 0.997453
87 76 0.997406
87 77 0.997366
87 78 0.997332
87 79 0.997305
87 80 0.997283
87 81 0.997268
87 82 0.997258
87 83 0.997254
87 84 0.997254
87 85 0.99726
87 86 0.997271
87 87 0.997286
87 88 0.997305
87 89 0.997328
87 90 0.997354
87 91 0.997384
87 92 0.997416
87 93 0.997451
87 94 0.997488
87 95 0.997527
87 96 0.997568
87 97 0.997609
87 98 0.997651
87 99 0.997694
87 100 0.997736
87 101 0.997779
87 102 0.997821
87 103 0.997862
87 104 0.997902
87 105 0.99794
87 106 0.997978
87 107 0.998014
87 108 0.99805
87 109 0.998083
87 110 0.998116
87 111 0.998147
87 112 0.998177
87 113 0.998207
87 114 0.998235
87 115 0.998263
87 116 0.99829
87 117 0.998317
87 118 0.998344
87 119 0.998369
87 120 0.998393
87 121 0.998416
87 122 0.998437
87 123 0.998455
87 124 0.998469
87 125 0.998478
87 126 0.998483
87 127 0.998481

88 0 0
88 1 0.99999
88 2 0.999989
88 3 0.999988
88 4 0.999987
88 5 0.999987
88 6 0.999986
88 7 0.999986
88 8 0.999985
88 9 0.999985
88 10 0.999985
88 11 0.999984
88 12 0.999984
88 13 0.999984
88 14 0.999984
88 15 0.999984
88 16 0.999984
88 17 0.999984
88 18 0.999984
88 19 0.999984
88 20 0.999984
88 21 0.999984
88 22 0.999984
88 23 0.999984
88 24 0.999984
88 25 0.999984
88 26 0.999984
88 27 0.999984
88 28 0.999983
88 29 0.999983
88 30 0.999982
88 31 0.999981
88 32 0.99998
88 33 0.999978
88 34 0.999975
88 35 0.999972
88 36 0.999968
88 37 0.999963
88 38 0.999957
88 39 0.999949
88 40 0.999939
88 41 0.999928
88 42 0.999913
88 43 0.999896
88 44 0.999875
88 45 0.99985
88 46 0.999821
88 47 0.999787
88 48 0.999748
88 49 0.999703
88 50 0.999652
88 51 0.999595
88 52 0.999531
88 53 0.999461
88 54 0.999384
88 55 0.999301
88 56 0.999212
88 57 0.999117
88 58 0.999018
88 59 0.998915
88 60 0.998808
88 61 0.9987
88 62 0.99859
88 63 0.998481
88 64 0.998372
88 65 0.998265
88 66 0.998161
88 67 0.998061
88 68 0.997965
88 69 0.997874
88 70 0.997789
88 71 0.997709
88 72 0.997636
88 73 0.99757
88 74 0.997509
88 75 0.997456
88 76 0.997409
88 77 0.997369
88 78 0.997335
88 79 0.997307
88 80 0.997286
88 81 0.99727
88 82 0.99726
88 83 0.997256
88 84 0.997257
88 85 0.997263
88 86 0.997273
88 87 0.997288
88 88 0.997307
88 89 0.99733
88 90 0.997357
88 91 0.997386
88 92 0.997419
88 93 0.997454
88 94 0.997491
88 95 0.99753
88 96 0.99757
88 97 0.997612
88 98 0.997654
88 99 0.997696
88 100 0.997739
88 101 0.997781
88 102 0.997823
88 103 0.997864
88 104 0.997904
88 105 0.997943
88 106 0.997981
88 107 0.998018
88 108 0.998053
88 109 0.998087
88 110 0.99812
88 111 0.998152
88 112 0.998183
88 113 0.998213
88 114 0.998242
88 115 0.998271
88 116 0.998299
88 117 0.998327
88 118 0.998354
88 119 0.99838
88 120 0.998405
88 121 0.998429
88 122 0.99845
88 123 0.998468
88 124 0.998482
88 125 0.998492
88 126 0.998495
88 127 0.998492

89 0 0
89 1 0.999963
89 2 0.999962
89 3 0.999961
89 4 0.999961
89 5 0.99996
89 6 0.99996
89 7 0.999959
89 8 0.999959
89 9 0.999958
89 10 0.999958
89 11 0.999958
89 12 0.999958
89 13 0.999958
89 14 0.999958
89 15 0.999958
89 16 0.999958
89 17 0.999958
89 18 0.999958
89 19 0.999958
89 20 0.999958
89 21 0.999958
89 22 0.999958
89 23 0.999958
89 24 0.999958
89 25 0.999958
89 26 0.999958
89 27 0.999958
89 28 0.999958
89 29 0.999958
89 30 0.999957
89 31 0.999956
89 32 0.999955
89 33 0.999953
89 34 0.999951
89 35 0.999949
89 36 0.999945
89 37 0.999941
89 38 0.999935
89 39 0.999928
89 40 0.999919
89 41 0.999908
89 42 0.999894
89 43 0.999878
89 44 0.999858
89 45 0.999835
89 46 0.999807
89 47 0.999775
89 48 0.999738
89 49 0.999695
89 50 0.999646
89 51 0.99959
89 52 0.999528
89 53 0.99946
89 54 0.999385
89 55 0.999304
89 56 0.999216
89 57 0.999124
89 58 0.999026
89 59 0.998924
89 60 0.998818
89 61 0.998711
89 62 0.998601
89 63 0.998492
89 64 0.998384
89 65 0.998277
89 66 0.998173
89 67 0.998072
89 68 0.997976
89 69 0.997884
89 70 0.997799
89 71 0.997719
89 72 0.997645
89 73 0.997578
89 74 0.997518
89 75 0.997464
89 76 0.997417
89 77 0.997376
89 78 0.997342
89 79 0.997314
89 80 0.997293
89 81 0.997277
89 82 0.997267
89 83 0.997262
89 84 0.997263
89 85 0.997269
89 86 0.99728
89 87 0.997294
89 88 0.997314
89 89 0.997336
89 90 0.997363
89 91 0.997393
89 92 0.997425
89 93 0.99746
89 94 0.997497
89 95 0.997536
89 96 0.997576
89 97 0.997618
89 98 0.99766
89 99 0.997703
89 100 0.997745
89 101 0.997788
89 102 0.99783
89 103 0.997871
89 104 0.997912
89 105 0.997951
89 106 0.997989
89 107 0.998026
89 108 0.998062
89 109 0.998096
89 110 0.99813
89 111 0.998162
89 112 0.998194
89 113 0.998225
89 114 0.998255
89 115 0.998284
89 116 0.998313
89 117 0.998342
89 118 0.99837
89 119 0.998397
89 120 0.998423
89 121 0.998447
89 122 0.998469
89 123 0.998488
89 124 0.998502
89 125 0.998511
89 126 0.998514
89 127 0.99851

90 0 0
90 1 0.999937
90 2 0.999936
90 3 0.999935
90 4 0.999934
90 5 0.999934
90 6 0.999933
90 7 0.999933
90 8 0.999932
90 9 0.999932
90 10 0.999932
90 11 0.999932
90 12 0.999931
90 13 0.999931
90 14 0.999931
90 15 0.999931
90 16 0.999931
90 17 0.999932
90 18 0.999932
90 19 0.999932
90 20 0.999932
90 21 0.999932
90 22 0.999932
90 23 0.999932
90 24 0.999933
90 25 0.999933
90 26 0.999933
90 27 0.999933
90 28 0.999933
90 29 0.999932
90 30 0.999932
90 31 0.999931
90 32 0.99993
90 33 0.999929
90 34 0.999927
90 35 0.999925
90 36 0.999922
90 37 0.999918
90 38 0.999913
90 39 0.999906
90 40 0.999898
90 41 0.999888
90 42 0.999876
90 43 0.999861
90 44 0.999842
90 45 0.99982
90 46 0.999794
90 47 0.999764
90 48 0.999728
90 49 0.999687
90 50 0.99964
90 51 0.999587
90 52 0.999528
90 53 0.999461
90 54 0.999389
90 55 0.999309
90 56 0.999224
90 57 0.999133
90 58 0.999037
90 59 0.998936
90 60 0.998832
90 61 0.998725
90 62 0.998617
90 63 0.998508
90 64 0.9984
90 65 0.998293
90 66 0.998189
90 67 0.998088
90 68 0.997992
90 69 0.9979
90 70 0.997814
90 71 0.997733
90 72 0.997659
90 73 0.997592
90 74 0.997531
90 75 0.997476
90 76 0.997429
90 77 0.997388
90 78 0.997353
90 79 0.997325
90 80 0.997303
90 81 0.997288
90 82 0.997277
90 83 0.997273
90 84 0.997274
90 85 0.997279
90 86 0.99729
90 87 0.997305
90 88 0.997324
90 89 0.997346
90 90 0.997373
90 91 0.997402
90 92 0.997435
90 93 0.99747
90 94 0.997507
90 95 0.997546
90 96 0.997586
90 97 0.997628
90 98 0.99767
90 99 0.997713
90 100 0.997756
90 101 0.997798
90 102 0.99784
90 103 0.997882
90 104 0.997923
90 105 0.997962
90 106 0.998001
90 107 0.998039
90 108 0.998075
90 109 0.99811
90 110 0.998144
90 111 0.998178
90 112 0.99821
90 113 0.998242
90 114 0.998273
90 115 0.998303
90 116 0.998334
90 117 0.998363
90 118 0.998393
90 119 0.998421
90 120 0.998448
90 121 0.998473
90 122 0.998496
90 123 0.998515
90 124 0.998529
90 125 0.998538
90 126 0.998541
90 127 0.998535

91 0 0
91 1 0.99991
91 2 0.999909
91 3 0.999909
91 4 0.999908
91 5 0.999907
91 6 0.999907
91 7 0.999906
91 8 0.999906
91 9 0.999906
91 10 0.999906
91 11 0.999905
91 12 0.999905
91 13 0.999905
91 14 0.999905
91 15 0.999905
91 16 0.999905
91 17 0.999906
91 18 0.999906
91 19 0.999906
91 20 0.999906
91 21 0.999906
91 22 0.999906
91 23 0.999907
91 24 0.999907
91 25 0.999907
91 26 0.999907
91 27 0.999907
91 28 0.999907
91 29 0.999907
91 30 0.999907
91 31 0.999907
91 32 0.999906
91 33 0.999905
91 34 0.999903
91 35 0.999902
91 36 0.999899
91 37 0.999895
91 38 0.999891
91 39 0.999885
91 40 0.999878
91 41 0.999869
91 42 0.999857
91 43 0.999843
91 44 0.999826
91 45 0.999806
91 46 0.999782
91 47 0.999753
91 48 0.999719
91 49 0.999681
91 50 0.999636
91 51 0.999585
91 52 0.999528
91 53 0.999464
91 54 0.999394
91 55 0.999317
91 56 0.999234
91 57 0.999145
91 58 0.999051
91 59 0.998952
91 60 0.99885
91 61 0.998745
91 62 0.998637
91 63 0.998529
91 64 0.998422
91 65 0.998315
91 66 0.998211
91 67 0.99811
91 68 0.998013
91 69 0.997921
91 70 0.997834
91 71 0.997753
91 72 0.997678
91 73 0.99761
91 74 0.997549
91 75 0.997494
91 76 0.997446
91 77 0.997404
91 78 0.997369
91 79 0.997341
91 80 0.997318
91 81 0.997302
91 82 0.997292
91 83 0.997287
91 84 0.997288
91 85 0.997293
91 86 0.997303
91 87 0.997318
91 88 0.997337
91 89 0.99736
91 90 0.997386
91 91 0.997416
91 92 0.997448
91 93 0.997483
91 94 0.99752
91 95 0.997559
91 96 0.9976
91 97 0.997641
91 98 0.997684
91 99 0.997727
91 100 0.99777
91 101 0.997813
91 102 0.997855
91 103 0.997897
91 104 0.997938
91 105 0.997978
91 106 0.998018
91 107 0.998056
91 108 0.998093
91 109 0.998129
91 110 0.998164
91 111 0.998198
91 112 0.998232
91 113 0.998264
91 114 0.998297
91 115 0.998329
91 116 0.99836
91 117 0.998391
91 118 0.998422
91 119 0.998452
91 120 0.99848
91 121 0.998506
91 122 0.998529
91 123 0.998549
91 124 0.998564
91 125 0.998572
91 126 0.998574
91 127 0.998568

92 0 0
92 1 0.999884
92 2 0.999883
92 3 0.999882
92 4 0.999882
92 5 0.999881
92 6 0.999881
92 7 0.99988
92 8 0.99988
92 9 0.99988
92 10 0.99988
92 11 0.999879
92 12 0.999879
92 13 0.999879
92 14 0.999879
92 15 0.99988
92 16 0.99988
92 17 0.99988
92 18 0.99988
92 19 0.99988
92 20 0.99988
92 21 0.999881
92 22 0.999881
92 23 0.999881
92 24 0.999881
92 25 0.999882
92 26 0.999882
92 27 0.999882
92 28 0.999882
92 29 0.999882
92 30 0.999882
92 31 0.999882
92 32 0.999881
92 33 0.999881
92 34 0.99988
92 35 0.999878
92 36 0.999876
92 37 0.999873
92 38 0.999869
92 39 0.999864
92 40 0.999857
92 41 0.999849
92 42 0.999839
92 43 0.999826
92 44 0.999811
92 45 0.999792
92 46 0.999769
92 47 0.999743
92 48 0.999711
92 49 0.999674
92 50 0.999632
92 51 0.999584
92 52 0.99953
92 53 0.999469
92 54 0.999401
92 55 0.999327
92 56 0.999247
92 57 0.99916
92 58 0.999069
92 59 0.998972
92 60 0.998871
92 61 0.998768
92 62 0.998662
92 63 0.998555
92 64 0.998448
92 65 0.998342
92 66 0.998238
92 67 0.998137
92 68 0.99804
92 69 0.997947
92 70 0.99786
92 71 0.997778
92 72 0.997703
92 73 0.997634
92 74 0.997571
92 75 0.997516
92 76 0.997467
92 77 0.997425
92 78 0.997389
92 79 0.99736
92 80 0.997338
92 81 0.997321
92 82 0.99731
92 83 0.997305
92 84 0.997305
92 85 0.99731
92 86 0.99732
92 87 0.997335
92 88 0.997354
92 89 0.997377
92 90 0.997403
92 91 0.997432
92 92 0.997465
92 93 0.9975
92 94 0.997537
92 95 0.997576
92 96 0.997616
92 97 0.997658
92 98 0.997701
92 99 0.997744
92 100 0.997787
92 101 0.99783
92 102 0.997873
92 103 0.997916
92 104 0.997958
92 105 0.997998
92 106 0.998038
92 107 0.998077
92 108 0.998115
92 109 0.998152
92 110 0.998189
92 111 0.998224
92 112 0.998259
92 113 0.998293
92 114 0.998327
92 115 0.99836
92 116 0.998393
92 117 0.998426
92 118 0.998458
92 119 0.998489
92 120 0.998519
92 121 0.998547
92 122 0.998571
92 123 0.998591
92 124 0.998606
92 125 0.998615
92 126 0.998616
92 127 0.998608

93 0 0
93 1 0.999858
93 2 0.999857
93 3 0.999856
93 4 0.999856
93 5 0.999855
93 6 0.999855
93 7 0.999855
93 8 0.999854
93 9 0.999854
93 10 0.999854
93 11 0.999854
93 12 0.999854
93 13 0.999854
93 14 0.999854
93 15 0.999854
93 16 0.999854
93 17 0.999854
93 18 0.999854
93 19 0.999855
93 20 0.999855
93 21 0.999855
93 22 0.999855
93 23 0.999856
93 24 0.999856
93 25 0.999856
93 26 0.999857
93 27 0.999857
93 28 0.999857
93 29 0.999857
93 30 0.999857
93 31 0.999857
93 32 0.999857
93 33 0.999857
93 34 0.999856
93 35 0.999855
93 36 0.999853
93 37 0.99985
93 38 0.999847
93 39 0.999843
93 40 0.999837
93 41 0.99983
93 42 0.999821
93 43 0.999809
93 44 0.999795
93 45 0.999778
93 46 0.999757
93 47 0.999732
93 48 0.999703
93 49 0.999669
93 50 0.999629
93 51 0.999584
93 52 0.999532
93 53 0.999474
93 54 0.99941
93 55 0.999339
93 56 0.999261
93 57 0.999178
93 58 0.999089
93 59 0.998995
93 60 0.998896
93 61 0.998795
93 62 0.99869
93 63 0.998585
93 64 0.998479
93 65 0.998373
93 66 0.99827
93 67 0.998169
93 68 0.998071
93 69 0.997978
93 70 0.99789
93 71 0.997808
93 72 0.997732
93 73 0.997662
93 74 0.997599
93 75 0.997542
93 76 0.997493
93 77 0.99745
93 78 0.997414
93 79 0.997384
93 80 0.99736
93 81 0.997343
93 82 0.997332
93 83 0.997326
93 84 0.997326
93 85 0.997331
93 86 0.997341
93 87 0.997355
93 88 0.997374
93 89 0.997396
93 90 0.997422
93 91 0.997452
93 92 0.997484
93 93 0.997519
93 94 0.997556
93 95 0.997595
93 96 0.997636
93 97 0.997678
93 98 0.997721
93 99 0.997764
93 100 0.997808
93 101 0.997852
93 102 0.997895
93 103 0.997938
93 104 0.997981
93 105 0.998023
93 106 0.998063
93 107 0.998103
93 108 0.998143
93 109 0.998181
93 110 0.998218
93 111 0.998255
93 112 0.998292
93 113 0.998327
93 114 0.998363
93 115 0.998398
93 116 0.998433
93 117 0.998468
93 118 0.998502
93 119 0.998535
93 120 0.998566
93 121 0.998595
93 122 0.998621
93 123 0.998642
93 124 0.998657
93 125 0.998666
93 126 0.998666
93 127 0.998657

94 0 0
94 1 0.999832
94 2 0.999831
94 3 0.999831
94 4 0.99983
94 5 0.99983
94 6 0.999829
94 7 0.999829
94 8 0.999829
94 9 0.999829
94 10 0.999828
94 11 0.999828
94 12 0.999828
94 13 0.999828
94 14 0.999828
94 15 0.999829
94 16 0.999829
94 17 0.999829
94 18 0.999829
94 19 0.999829
94 20 0.99983
94 21 0.99983
94 22 0.99983
94 23 0.999831
94 24 0.999831
94 25 0.999831
94 26 0.999832
94 27 0.999832
94 28 0.999832
94 29 0.999833
94 30 0.999833
94 31 0.999833
94 32 0.999833
94 33 0.999833
94 34 0.999832
94 35 0.999831
94 36 0.99983
94 37 0.999828
94 38 0.999825
94 39 0.999821
94 40 0.999817
94 41 0.99981
94 42 0.999802
94 43 0.999792
94 44 0.999779
94 45 0.999764
94 46 0.999745
94 47 0.999722
94 48 0.999695
94 49 0.999663
94 50 0.999626
94 51 0.999584
94 52 0.999535
94 53 0.999481
94 54 0.999419
94 55 0.999352
94 56 0.999278
94 57 0.999197
94 58 0.999111
94 59 0.99902
94 60 0.998924
94 61 0.998825
94 62 0.998723
94 63 0.998619
94 64 0.998514
94 65 0.998409
94 66 0.998306
94 67 0.998206
94 68 0.998108
94 69 0.998015
94 70 0.997926
94 71 0.997843
94 72 0.997766
94 73 0.997696
94 74 0.997631
94 75 0.997574
94 76 0.997523
94 77 0.997479
94 78 0.997442
94 79 0.997412
94 80 0.997387
94 81 0.997369
94 82 0.997357
94 83 0.997351
94 84 0.997351
94 85 0.997355
94 86 0.997364
94 87 0.997378
94 88 0.997397
94 89 0.997419
94 90 0.997445
94 91 0.997474
94 92 0.997506
94 93 0.997541
94 94 0.997579
94 95 0.997618
94 96 0.997659
94 97 0.997701
94 98 0.997744
94 99 0.997788
94 100 0.997832
94 101 0.997877
94 102 0.997921
94 103 0.997965
94 104 0.998008
94 105 0.998051
94 106 0.998093
94 107 0.998134
94 108 0.998175
94 109 0.998214
94 110 0.998254
94 111 0.998292
94 112 0.99833
94 113 0.998368
94 114 0.998406
94 115 0.998443
94 116 0.998481
94 117 0.998517
94 118 0.998554
94 119 0.998589
94 120 0.998622
94 121 0.998653
94 122 0.99868
94 123 0.998702
94 124 0.998718
94 125 0.998726
94 126 0.998726
94 127 0.998715

95 0 0
95 1 0.999807
95 2 0.999806
95 3 0.999805
95 4 0.999805
95 5 0.999804
95 6 0.999804
95 7 0.999804
95 8 0.999804
95 9 0.999803
95 10 0.999803
95 11 0.999803
95 12 0.999803
95 13 0.999803
95 14 0.999803
95 15 0.999804
95 16 0.999804
95 17 0.999804
95 18 0.999804
95 19 0.999804
95 20 0.999805
95 21 0.999805
95 22 0.999805
95 23 0.999806
95 24 0.999806
95 25 0.999807
95 26 0.999807
95 27 0.999808
95 28 0.999808
95 29 0.999808
95 30 0.999809
95 31 0.999809
95 32 0.999809
95 33 0.999809
95 34 0.999809
95 35 0.999808
95 36 0.999807
95 37 0.999806
95 38 0.999803
95 39 0.9998
95 40 0.999796
95 41 0.999791
95 42 0.999784
95 43 0.999775
95 44 0.999763
95 45 0.999749
95 46 0.999732
95 47 0.999712
95 48 0.999687
95 49 0.999658
95 50 0.999624
95 51 0.999584
95 52 0.999539
95 53 0.999488
95 54 0.99943
95 55 0.999366
95 56 0.999295
95 57 0.999219
95 58 0.999136
95 59 0.999048
95 60 0.998955
95 61 0.998858
95 62 0.998758
95 63 0.998656
95 64 0.998553
95 65 0.99845
95 66 0.998348
95 67 0.998247
95 68 0.99815
95 69 0.998057
95 70 0.997968
95 71 0.997884
95 72 0.997806
95 73 0.997734
95 74 0.997669
95 75 0.99761
95 76 0.997558
95 77 0.997513
95 78 0.997475
95 79 0.997443
95 80 0.997418
95 81 0.997399
95 82 0.997387
95 83 0.99738
95 84 0.997378
95 85 0.997382
95 86 0.997391
95 87 0.997405
95 88 0.997422
95 89 0.997444
95 90 0.99747
95 91 0.997499
95 92 0.997531
95 93 0.997566
95 94 0.997604
95 95 0.997643
95 96 0.997684
95 97 0.997727
95 98 0.99777
95 99 0.997815
95 100 0.99786
95 101 0.997905
95 102 0.99795
95 103 0.997995
95 104 0.998039
95 105 0.998083
95 106 0.998127
95 107 0.998169
95 108 0.998211
95 109 0.998253
95 110 0.998294
95 111 0.998335
95 112 0.998375
95 113 0.998416
95 114 0.998456
95 115 0.998496
95 116 0.998535
95 117 0.998575
95 118 0.998613
95 119 0.998651
95 120 0.998687
95 121 0.998719
95 122 0.998748
95 123 0.998771
95 124 0.998788
95 125 0.998796
95 126 0.998795
95 127 0.998783

96 0 0
96 1 0.999781
96 2 0.999781
96 3 0.99978
96 4 0.99978
96 5 0.999779
96 6 0.999779
96 7 0.999779
96 8 0.999779
96 9 0.999779
96 10 0.999778
96 11 0.999778
96 12 0.999778
96 13 0.999779
96 14 0.999779
96 15 0.999779
96 16 0.999779
96 17 0.999779
96 18 0.99978
96 19 0.99978
96 20 0.99978
96 21 0.999781
96 22 0.999781
96 23 0.999781
96 24 0.999782
96 25 0.999782
96 26 0.999783
96 27 0.999783
96 28 0.999784
96 29 0.999784
96 30 0.999785
96 31 0.999785
96 32 0.999785
96 33 0.999785
96 34 0.999785
96 35 0.999785
96 36 0.999784
96 37 0.999783
96 38 0.999782
96 39 0.999779
96 40 0.999776
96 41 0.999771
96 42 0.999765
96 43 0.999757
96 44 0.999748
96 45 0.999735
96 46 0.99972
96 47 0.999701
96 48 0.999679
96 49 0.999653
96 50 0.999621
96 51 0.999585
96 52 0.999543
96 53 0.999495
96 54 0.999441
96 55 0.999381
96 56 0.999314
96 57 0.999241
96 58 0.999162
96 59 0.999078
96 60 0.998988
96 61 0.998895
96 62 0.998798
96 63 0.998698
96 64 0.998597
96 65 0.998495
96 66 0.998394
96 67 0.998294
96 68 0.998197
96 69 0.998103
96 70 0.998014
96 71 0.997929
96 72 0.997851
96 73 0.997778
96 74 0.997711
96 75 0.997651
96 76 0.997598
96 77 0.997552
96 78 0.997512
96 79 0.997479
96 80 0.997453
96 81 0.997433
96 82 0.997419
96 83 0.997411
96 84 0.997409
96 85 0.997412
96 86 0.997421
96 87 0.997434
96 88 0.997451
96 89 0.997473
96 90 0.997498
96 91 0.997527
96 92 0.997559
96 93 0.997594
96 94 0.997631
96 95 0.997671
96 96 0.997712
96 97 0.997755
96 98 0.997799
96 99 0.997844
96 100 0.99789
96 101 0.997936
96 102 0.997982
96 103 0.998028
96 104 0.998074
96 105 0.998119
96 106 0.998164
96 107 0.998209
96 108 0.998253
96 109 0.998297
96 110 0.99834
96 111 0.998384
96 112 0.998427
96 113 0.99847
96 114 0.998513
96 115 0.998555
96 116 0.998598
96 117 0.998641
96 118 0.998682
96 119 0.998723
96 120 0.998761
96 121 0.998796
96 122 0.998827
96 123 0.998851
96 124 0.998869
96 125 0.998877
96 126 0.998875
96 127 0.998862

97 0 0
97 1 0.999756
97 2 0.999756
97 3 0.999755
97 4 0.999755
97 5 0.999755
97 6 0.999754
97 7 0.999754
97 8 0.999754
97 9 0.999754
97 10 0.999754
97 11 0.999754
97 12 0.999754
97 13 0.999754
97 14 0.999754
97 15 0.999754
97 16 0.999755
97 17 0.999755
97 18 0.999755
97 19 0.999756
97 20 0.999756
97 21 0.999756
97 22 0.999757
97 23 0.999757
97 24 0.999758
97 25 0.999758
97 26 0.999759
97 27 0.999759
97 28 0.99976
97 29 0.99976
97 30 0.999761
97 31 0.999761
97 32 0.999762
97 33 0.999762
97 34 0.999762
97 35 0.999762
97 36 0.999762
97 37 0.999761
97 38 0.99976
97 39 0.999758
97 40 0.999755
97 41 0.999752
97 42 0.999747
97 43 0.99974
97 44 0.999731
97 45 0.999721
97 46 0.999707
97 47 0.999691
97 48 0.999671
97 49 0.999647
97 50 0.999618
97 51 0.999585
97 52 0.999547
97 53 0.999502
97 54 0.999452
97 55 0.999396
97 56 0.999333
97 57 0.999265
97 58 0.99919
97 59 0.999109
97 60 0.999024
97 61 0.998933
97 62 0.998839
97 63 0.998742
97 64 0.998643
97 65 0.998543
97 66 0.998444
97 67 0.998345
97 68 0.998248
97 69 0.998155
97 70 0.998065
97 71 0.99798
97 72 0.9979
97 73 0.997827
97 74 0.997759
97 75 0.997698
97 76 0.997643
97 77 0.997595
97 78 0.997554
97 79 0.99752
97 80 0.997492
97 81 0.997471
97 82 0.997456
97 83 0.997447
97 84 0.997444
97 85 0.997446
97 86 0.997453
97 87 0.997466
97 88 0.997482
97 89 0.997504
97 90 0.997529
97 91 0.997557
97 92 0.997589
97 93 0.997624
97 94 0.997662
97 95 0.997701
97 96 0.997743
97 97 0.997786
97 98 0.997831
97 99 0.997877
97 100 0.997923
97 101 0.99797
97 102 0.998018
97 103 0.998065
97 104 0.998113
97 105 0.99816
97 106 0.998207
97 107 0.998254
97 108 0.9983
97 109 0.998346
97 110 0.998392
97 111 0.998439
97 112 0.998485
97 113 0.998531
97 114 0.998577
97 115 0.998623
97 116 0.99867
97 117 0.998716
97 118 0.998761
97 119 0.998804
97 120 0.998846
97 121 0.998883
97 122 0.998916
97 123 0.998942
97 124 0.998961
97 125 0.998969
97 126 0.998967
97 127 0.998951

98 0 0
98 1 0.999732
98 2 0.999731
98 3 0.999731
98 4 0.999731
98 5 0.99973
98 6 0.99973
98 7 0.99973
98 8 0.99973
98 9 0.99973
98 10 0.99973
98 11 0.99973
98 12 0.99973
98 13 0.99973
98 14 0.99973
98 15 0.999731
98 16 0.999731
98 17 0.999731
98 18 0.999731
98 19 0.999732
98 20 0.999732
98 21 0.999732
98 22 0.999733
98 23 0.999733
98 24 0.999734
98 25 0.999734
98 26 0.999735
98 27 0.999735
98 28 0.999736
98 29 0.999737
98 30 0.999737
98 31 0.999738
98 32 0.999738
98 33 0.999739
98 34 0.999739
98 35 0.999739
98 36 0.999739
98 37 0.999739
98 38 0.999738
98 39 0.999737
98 40 0.999735
98 41 0.999732
98 42 0.999728
98 43 0.999722
98 44 0.999715
98 45 0.999706
98 46 0.999694
98 47 0.99968
98 48 0.999662
98 49 0.999641
98 50 0.999615
98 51 0.999585
98 52 0.99955
98 53 0.99951
98 54 0.999463
98 55 0.999411
98 56 0.999353
98 57 0.999288
98 58 0.999218
98 59 0.999142
98 60 0.99906
98 61 0.998974
98 62 0.998883
98 63 0.998789
98 64 0.998693
98 65 0.998596
98 66 0.998498
98 67 0.9984
98 68 0.998304
98 69 0.998211
98 70 0.998121
98 71 0.998036
98 72 0.997955
98 73 0.99788
98 74 0.997811
98 75 0.997749
98 76 0.997693
98 77 0.997643
98 78 0.9976
98 79 0.997565
98 80 0.997535
98 81 0.997512
98 82 0.997496
98 83 0.997486
98 84 0.997481
98 85 0.997482
98 86 0.997489
98 87 0.9975
98 88 0.997517
98 89 0.997537
98 90 0.997562
98 91 0.99759
98 92 0.997622
98 93 0.997657
98 94 0.997694
98 95 0.997734
98 96 0.997776
98 97 0.99782
98 98 0.997866
98 99 0.997912
98 100 0.99796
98 101 0.998008
98 102 0.998057
98 103 0.998106
98 104 0.998155
98 105 0.998204
98 106 0.998254
98 107 0.998303
98 108 0.998352
98 109 0.998401
98 110 0.998451
98 111 0.9985
98 112 0.99855
98 113 0.9986
98 114 0.99865
98 115 0.9987
98 116 0.99875
98 117 0.9988
98 118 0.998849
98 119 0.998897
98 120 0.998942
98 121 0.998982
98 122 0.999018
98 123 0.999046
98 124 0.999066
98 125 0.999074
98 126 0.999071
98 127 0.999053

99 0 0
99 1 0.999708
99 2 0.999707
99 3 0.999707
99 4 0.999707
99 5 0.999707
99 6 0.999707
99 7 0.999706
99 8 0.999706
99 9 0.999706
99 10 0.999706
99 11 0.999706
99 12 0.999706
99 13 0.999707
99 14 0.999707
99 15 0.999707
99 16 0.999707
99 17 0.999708
99 18 0.999708
99 19 0.999708
99 20 0.999709
99 21 0.999709
99 22 0.999709
99 23 0.99971
99 24 0.99971
99 25 0.999711
99 26 0.999711
99 27 0.999712
99 28 0.999713
99 29 0.999713
99 30 0.999714
99 31 0.999715
99 32 0.999715
99 33 0.999716
99 34 0.999717
99 35 0.999717
99 36 0.999717
99 37 0.999717
99 38 0.999717
99 39 0.999716
99 40 0.999715
99 41 0.999712
99 42 0.999709
99 43 0.999705
99 44 0.999699
99 45 0.999691
99 46 0.999681
99 47 0.999668
99 48 0.999653
99 49 0.999634
99 50 0.999611
99 51 0.999584
99 52 0.999553
99 53 0.999516
99 54 0.999474
99 55 0.999426
99 56 0.999372
99 57 0.999312
99 58 0.999246
99 59 0.999175
99 60 0.999098
99 61 0.999015
99 62 0.998929
99 63 0.998839
99 64 0.998746
99 65 0.998651
99 66 0.998555
99 67 0.998459
99 68 0.998365
99 69 0.998272
99 70 0.998182
99 71 0.998097
99 72 0.998015
99 73 0.997939
99 74 0.997869
99 75 0.997805
99 76 0.997747
99 77 0.997696
99 78 0.997652
99 79 0.997614
99 80 0.997583
99 81 0.997558
99 82 0.99754
99 83 0.997529
99 84 0.997523
99 85 0.997523
99 86 0.997528
99 87 0.997538
99 88 0.997554
99 89 0.997574
99 90 0.997598
99 91 0.997625
99 92 0.997657
99 93 0.997692
99 94 0.997729
99 95 0.99777
99 96 0.997812
99 97 0.997856
99 98 0.997903
99 99 0.99795
99 100 0.997999
99 101 0.998049
99 102 0.998099
99 103 0.99815
99 104 0.998201
99 105 0.998253
99 106 0.998305
99 107 0.998357
99 108 0.998409
99 109 0.998462
99 110 0.998515
99 111 0.998568
99 112 0.998622
99 113 0.998676
99 114 0.998731
99 115 0.998786
99 116 0.998841
99 117 0.998896
99 118 0.998949
99 119 0.999001
99 120 0.99905
99 121 0.999094
99 122 0.999133
99 123 0.999163
99 124 0.999184
99 125 0.999193
99 126 0.999189
99 127 0.999169

100 0 0
100 1 0.999684
100 2 0.999684
100 3 0.999684
100 4 0.999683
100 5 0.999683
100 6 0.999683
100 7 0.999683
100 8 0.999683
100 9 0.999683
100 10 0.999683
100 11 0.999683
100 12 0.999683
100 13 0.999684
100 14 0.999684
100 15 0.999684
100 16 0.999684
100 17 0.999684
100 18 0.999685
100 19 0.999685
100 20 0.999686
100 21 0.999686
100 22 0.999686
100 23 0.999687
100 24 0.999687
100 25 0.999688
100 26 0.999689
100 27 0.999689
100 28 0.99969
100 29 0.999691
100 30 0.999691
100 31 0.999692
100 32 0.999693
100 33 0.999694
100 34 0.999694
100 35 0.999695
100 36 0.999695
100 37 0.999696
100 38 0.999696
100 39 0.999695
100 40 0.999694
100 41 0.999693
100 42 0.99969
100 43 0.999687
100 44 0.999682
100 45 0.999675
100 46 0.999667
100 47 0.999656
100 48 0.999643
100 49 0.999627
100 50 0.999607
100 51 0.999583
100 52 0.999555
100 53 0.999522
100 54 0.999484
100 55 0.99944
100 56 0.999391
100 57 0.999335
100 58 0.999274
100 59 0.999208
100 60 0.999135
100 61 0.999058
100 62 0.998976
100 63 0.998889
100 64 0.9988
100 65 0.998708
100 66 0.998615
100 67 0.998522
100 68 0.998428
100 69 0.998337
100 70 0.998248
100 71 0.998162
100 72 0.99808
100 73 0.998004
100 74 0.997932
100 75 0.997866
100 76 0.997807
100 77 0.997754
100 78 0.997708
100 79 0.997668
100 80 0.997635
100 81 0.997609
100 82 0.997589
100 83 0.997575
100 84 0.997568
100 85 0.997566
100 86 0.99757
100 87 0.99758
100 88 0.997594
100 89 0.997613
100 90 0.997636
100 91 0.997664
100 92 0.997695
100 93 0.997729
100 94 0.997767
100 95 0.997807
100 96 0.99785
100 97 0.997895
100 98 0.997942
100 99 0.997991
100 100 0.998041
100 101 0.998092
100 102 0.998144
100 103 0.998197
100 104 0.998251
100 105 0.998306
100 106 0.99836
100 107 0.998416
100 108 0.998472
100 109 0.998529
100 110 0.998586
100 111 0.998644
100 112 0.998702
100 113 0.998761
100 114 0.998821
100 115 0.998882
100 116 0.998942
100 117 0.999002
100 118 0.999061
100 119 0.999118
100 120 0.999171
100 121 0.99922
100 122 0.999262
100 123 0.999295
100 124 0.999317
100 125 0.999326
100 126 0.999321
100 127 0.999299

101 0 0
101 1 0.999661
101 2 0.999661
101 3 0.999661
101 4 0.999661
101 5 0.99966
101 6 0.99966
101 7 0.99966
101 8 0.99966
101 9 0.99966
101 10 0.999661
101 11 0.999661
101 12 0.999661
101 13 0.999661
101 14 0.999661
101 15 0.999661
101 16 0.999662
101 17 0.999662
101 18 0.999662
101 19 0.999663
101 20 0.999663
101 21 0.999663
101 22 0.999664
101 23 0.999664
101 24 0.999665
101 25 0.999665
101 26 0.999666
101 27 0.999667
101 28 0.999667
101 29 0.999668
101 30 0.999669
101 31 0.99967
101 32 0.999671
101 33 0.999671
101 34 0.999672
101 35 0.999673
101 36 0.999674
101 37 0.999674
101 38 0.999674
101 39 0.999674
101 40 0.999674
101 41 0.999673
101 42 0.999671
101 43 0.999669
101 44 0.999665
101 45 0.99966
101 46 0.999653
101 47 0.999644
101 48 0.999633
101 49 0.999619
101 50 0.999601
101 51 0.999581
101 52 0.999556
101 53 0.999526
101 54 0.999492
101 55 0.999453
101 56 0.999408
101 57 0.999358
101 58 0.999302
101 59 0.99924
101 60 0.999173
101 61 0.9991
101 62 0.999023
101 63 0.998941
101 64 0.998856
101 65 0.998768
101 66 0.998678
101 67 0.998587
101 68 0.998496
101 69 0.998405
101 70 0.998317
101 71 0.998232
101 72 0.99815
101 73 0.998073
101 74 0.998
101 75 0.997933
101 76 0.997872
101 77 0.997817
101 78 0.997769
101 79 0.997727
101 80 0.997692
101 81 0.997664
101 82 0.997642
101 83 0.997626
101 84 0.997617
101 85 0.997614
101 86 0.997616
101 87 0.997624
101 88 0.997637
101 89 0.997655
101 90 0.997678
101 91 0.997704
101 92 0.997735
101 93 0.997769
101 94 0.997807
101 95 0.997848
101 96 0.997891
101 97 0.997937
101 98 0.997985
101 99 0.998035
101 100 0.998086
101 101 0.998139
101 102 0.998194
101 103 0.998249
101 104 0.998306
101 105 0.998363
101 106 0.998421
101 107 0.998481
101 108 0.998541
101 109 0.998601
101 110 0.998664
101 111 0.998727
101 112 0.99879
101 113 0.998855
101 114 0.998922
101 115 0.998988
101 116 0.999054
101 117 0.999121
101 118 0.999186
101 119 0.999248
101 120 0.999307
101 121 0.99936
101 122 0.999406
101 123 0.999442
101 124 0.999466
101 125 0.999475
101 126 0.999469
101 127 0.999445

102 0 0
102 1 0.999638
102 2 0.999638
102 3 0.999638
102 4 0.999638
102 5 0.999638
102 6 0.999638
102 7 0.999638
102 8 0.999638
102 9 0.999638
102 10 0.999638
102 11 0.999639
102 12 0.999639
102 13 0.999639
102 14 0.999639
102 15 0.999639
102 16 0.99964
102 17 0.99964
102 18 0.99964
102 19 0.999641
102 20 0.999641
102 21 0.999641
102 22 0.999642
102 23 0.999642
102 24 0.999643
102 25 0.999644
102 26 0.999644
102 27 0.999645
102 28 0.999646
102 29 0.999646
102 30 0.999647
102 31 0.999648
102 32 0.999649
102 33 0.99965
102 34 0.999651
102 35 0.999651
102 36 0.999652
102 37 0.999653
102 38 0.999654
102 39 0.999654
102 40 0.999654
102 41 0.999653
102 42 0.999652
102 43 0.999651
102 44 0.999648
102 45 0.999644
102 46 0.999638
102 47 0.999631
102 48 0.999621
102 49 0.99961
102 50 0.999595
102 51 0.999577
102 52 0.999555
102 53 0.99953
102 54 0.999499
102 55 0.999464
102 56 0.999424
102 57 0.999379
102 58 0.999328
102 59 0.999271
102 60 0.999209
102 61 0.999142
102 62 0.999069
102 63 0.998992
102 64 0.998912
102 65 0.998828
102 66 0.998741
102 67 0.998654
102 68 0.998565
102 69 0.998477
102 70 0.99839
102 71 0.998306
102 72 0.998224
102 73 0.998146
102 74 0.998073
102 75 0.998005
102 76 0.997942
102 77 0.997886
102 78 0.997835
102 79 0.997791
102 80 0.997754
102 81 0.997724
102 82 0.997699
102 83 0.997682
102 84 0.997671
102 85 0.997665
102 86 0.997666
102 87 0.997672
102 88 0.997684
102 89 0.997701
102 90 0.997722
102 91 0.997748
102 92 0.997778
102 93 0.997813
102 94 0.99785
102 95 0.997891
102 96 0.997935
102 97 0.997981
102 98 0.99803
102 99 0.998082
102 100 0.998135
102 101 0.99819
102 102 0.998246
102 103 0.998304
102 104 0.998364
102 105 0.998425
102 106 0.998487
102 107 0.99855
102 108 0.998615
102 109 0.998681
102 110 0.998749
102 111 0.998817
102 112 0.998888
102 113 0.99896
102 114 0.999032
102 115 0.999105
102 116 0.999179
102 117 0.999253
102 118 0.999324
102 119 0.999393
102 120 0.999459
102 121 0.999517
102 122 0.999567
102 123 0.999606
102 124 0.999632
102 125 0.999642
102 126 0.999635
102 127 0.999608

103 0 0
103 1 0.999616
103 2 0.999616
103 3 0.999616
103 4 0.999616
103 5 0.999616
103 6 0.999616
103 7 0.999617
103 8 0.999617
103 9 0.999617
103 10 0.999617
103 11 0.999617
103 12 0.999617
103 13 0.999617
103 14 0.999618
103 15 0.999618
103 16 0.999618
103 17 0.999619
103 18 0.999619
103 19 0.999619
103 20 0.99962
103 21 0.99962
103 22 0.99962
103 23 0.999621
103 24 0.999622
103 25 0.999622
103 26 0.999623
103 27 0.999623
103 28 0.999624
103 29 0.999625
103 30 0.999626
103 31 0.999627
103 32 0.999627
103 33 0.999628
103 34 0.999629
103 35 0.99963
103 36 0.999631
103 37 0.999632
103 38 0.999633
103 39 0.999634
103 40 0.999634
103 41 0.999634
103 42 0.999633
103 43 0.999632
103 44 0.99963
103 45 0.999627
103 46 0.999623
103 47 0.999617
103 48 0.99961
103 49 0.9996
103 50 0.999587
103 51 0.999572
103 52 0.999554
103 53 0.999531
103 54 0.999505
103 55 0.999474
103 56 0.999438
103 57 0.999398
103 58 0.999352
103 59 0.9993
103 60 0.999244
103 61 0.999182
103 62 0.999115
103 63 0.999043
103 64 0.998967
103 65 0.998888
103 66 0.998806
103 67 0.998722
103 68 0.998636
103 69 0.998551
103 70 0.998466
103 71 0.998383
103 72 0.998302
103 73 0.998224
103 74 0.99815
103 75 0.998081
103 76 0.998017
103 77 0.997959
103 78 0.997907
103 79 0.997861
103 80 0.997821
103 81 0.997788
103 82 0.997762
103 83 0.997742
103 84 0.997729
103 85 0.997721
103 86 0.99772
103 87 0.997725
103 88 0.997735
103 89 0.99775
103 90 0.99777
103 91 0.997796
103 92 0.997825
103 93 0.997859
103 94 0.997896
103 95 0.997937
103 96 0.997981
103 97 0.998029
103 98 0.998079
103 99 0.998131
103 100 0.998186
103 101 0.998244
103 102 0.998303
103 103 0.998364
103 104 0.998427
103 105 0.998492
103 106 0.998558
103 107 0.998626
103 108 0.998696
103 109 0.998768
103 110 0.998841
103 111 0.998917
103 112 0.998995
103 113 0.999073
103 114 0.999153
103 115 0.999235
103 116 0.999317
103 117 0.999398
103 118 0.999478
103 119 0.999555
103 120 0.999627
103 121 0.999691
103 122 0.999747
103 123 0.99979
103 124 0.999818
103 125 0.999828
103 126 0.99982
103 127 0.99979

104 0 0
104 1 0.999595
104 2 0.999595
104 3 0.999595
104 4 0.999595
104 5 0.999595
104 6 0.999595
104 7 0.999596
104 8 0.999596
104 9 0.999596
104 10 0.999596
104 11 0.999596
104 12 0.999596
104 13 0.999597
104 14 0.999597
104 15 0.999597
104 16 0.999597
104 17 0.999598
104 18 0.999598
104 19 0.999598
104 20 0.999599
104 21 0.999599
104 22 0.9996
104 23 0.9996
104 24 0.999601
104 25 0.999601
104 26 0.999602
104 27 0.999603
104 28 0.999603
104 29 0.999604
104 30 0.999605
104 31 0.999606
104 32 0.999607
104 33 0.999608
104 34 0.999609
104 35 0.99961
104 36 0.999611
104 37 0.999612
104 38 0.999613
104 39 0.999614
104 40 0.999614
104 41 0.999615
104 42 0.999615
104 43 0.999614
104 44 0.999613
104 45 0.999611
104 46 0.999608
104 47 0.999603
104 48 0.999597
104 49 0.999589
104 50 0.999579
104 51 0.999566
104 52 0.99955
104 53 0.999531
104 54 0.999509
104 55 0.999482
104 56 0.99945
104 57 0.999414
104 58 0.999373
104 59 0.999327
104 60 0.999276
104 61 0.99922
104 62 0.999158
104 63 0.999092
104 64 0.999022
104 65 0.998948
104 66 0.99887
104 67 0.99879
104 68 0.998709
104 69 0.998626
104 70 0.998544
104 71 0.998462
104 72 0.998382
104 73 0.998305
104 74 0.998232
104 75 0.998162
104 76 0.998097
104 77 0.998038
104 78 0.997984
104 79 0.997936
104 80 0.997894
104 81 0.997859
104 82 0.99783
104 83 0.997807
104 84 0.997792
104 85 0.997782
104 86 0.997779
104 87 0.997781
104 88 0.997789
104 89 0.997803
104 90 0.997822
104 91 0.997846
104 92 0.997875
104 93 0.997908
104 94 0.997945
104 95 0.997986
104 96 0.998031
104 97 0.998079
104 98 0.99813
104 99 0.998185
104 100 0.998242
104 101 0.998301
104 102 0.998363
104 103 0.998427
104 104 0.998494
104 105 0.998563
104 106 0.998634
104 107 0.998708
104 108 0.998784
104 109 0.998862
104 110 0.998943
104 111 0.999026
104 112 0.999111
104 113 0.999198
104 114 0.999288
104 115 0.999379
104 116 0.999468
104 117 0.999559
104 118 0.999649
104 119 0.999734
104 120 0.999813
104 121 0.999886
104 122 0.999947
104 123 0.999994
104 124 1.00002
104 125 1.00004
104 126 1.00003
104 127 0.999992

105 0 0
105 1 0.999574
105 2 0.999574
105 3 0.999574
105 4 0.999575
105 5 0.999575
105 6 0.999575
105 7 0.999575
105 8 0.999575
105 9 0.999576
105 10 0.999576
105 11 0.999576
105 12 0.999576
105 13 0.999576
105 14 0.999577
105 15 0.999577
105 16 0.999577
105 17 0.999578
105 18 0.999578
105 19 0.999578
105 20 0.999579
105 21 0.999579
105 22 0.999579
105 23 0.99958
105 24 0.99958
105 25 0.999581
105 26 0.999582
105 27 0.999582
105 28 0.999583
105 29 0.999584
105 30 0.999585
105 31 0.999585
105 32 0.999586
105 33 0.999587
105 34 0.999588
105 35 0.99959
105 36 0.999591
105 37 0.999592
105 38 0.999593
105 39 0.999594
105 40 0.999595
105 41 0.999595
105 42 0.999596
105 43 0.999596
105 44 0.999595
105 45 0.999594
105 46 0.999592
105 47 0.999588
105 48 0.999584
105 49 0.999577
105 50 0.999569
105 51 0.999559
105 52 0.999546
105 53 0.99953
105 54 0.99951
105 55 0.999487
105 56 0.99946
105 57 0.999429
105 58 0.999392
105 59 0.999352
105 60 0.999306
105 61 0.999255
105 62 0.999199
105 63 0.999139
105 64 0.999074
105 65 0.999005
105 66 0.998933
105 67 0.998858
105 68 0.99878
105 69 0.998702
105 70 0.998622
105 71 0.998543
105 72 0.998465
105 73 0.99839
105 74 0.998316
105 75 0.998247
105 76 0.998181
105 77 0.998121
105 78 0.998065
105 79 0.998015
105 80 0.997972
105 81 0.997934
105 82 0.997903
105 83 0.997878
105 84 0.99786
105 85 0.997848
105 86 0.997842
105 87 0.997842
105 88 0.997849
105 89 0.997861
105 90 0.997878
105 91 0.997901
105 92 0.997929
105 93 0.997961
105 94 0.997998
105 95 0.998039
105 96 0.998084
105 97 0.998133
105 98 0.998186
105 99 0.998242
105 100 0.9983
105 101 0.998362
105 102 0.998428
105 103 0.998496
105 104 0.998566
105 105 0.99864
105 106 0.998717
105 107 0.998797
105 108 0.998878
105 109 0.998964
105 110 0.999053
105 111 0.999144
105 112 0.999237
105 113 0.999336
105 114 0.999435
105 115 0.999534
105 116 0.999636
105 117 0.999739
105 118 0.999837
105 119 0.999931
105 120 1.00002
105 121 1.0001
105 122 1.00017
105 123 1.00022
105 124 1.00025
105 125 1.00027
105 126 1.00026
105 127 1.00022

106 0 0
106 1 0.999554
106 2 0.999554
106 3 0.999555
106 4 0.999555
106 5 0.999555
106 6 0.999555
106 7 0.999555
106 8 0.999556
106 9 0.999556
106 10 0.999556
106 11 0.999556
106 12 0.999557
106 13 0.999557
106 14 0.999557
106 15 0.999557
106 16 0.999558
106 17 0.999558
106 18 0.999558
106 19 0.999559
106 20 0.999559
106 21 0.99956
106 22 0.99956
106 23 0.99956
106 24 0.999561
106 25 0.999561
106 26 0.999562
106 27 0.999563
106 28 0.999563
106 29 0.999564
106 30 0.999565
106 31 0.999566
106 32 0.999567
106 33 0.999568
106 34 0.999569
106 35 0.99957
106 36 0.999571
106 37 0.999572
106 38 0.999574
106 39 0.999575
106 40 0.999576
106 41 0.999577
106 42 0.999577
106 43 0.999578
106 44 0.999578
106 45 0.999577
106 46 0.999576
106 47 0.999573
106 48 0.99957
106 49 0.999565
106 50 0.999558
106 51 0.99955
106 52 0.999539
106 53 0.999526
106 54 0.99951
106 55 0.99949
106 56 0.999467
106 57 0.99944
106 58 0.999408
106 59 0.999373
106 60 0.999332
106 61 0.999287
106 62 0.999237
106 63 0.999183
106 64 0.999124
106 65 0.99906
106 66 0.998994
106 67 0.998924
106 68 0.998851
106 69 0.998777
106 70 0.998701
106 71 0.998625
106 72 0.99855
106 73 0.998476
106 74 0.998404
106 75 0.998335
106 76 0.998269
106 77 0.998208
106 78 0.998151
106 79 0.9981
106 80 0.998054
106 81 0.998015
106 82 0.997981
106 83 0.997954
106 84 0.997933
106 85 0.997919
106 86 0.997911
106 87 0.997909
106 88 0.997913
106 89 0.997923
106 90 0.997939
106 91 0.99796
106 92 0.997987
106 93 0.998018
106 94 0.998055
106 95 0.998096
106 96 0.998141
106 97 0.998191
106 98 0.998245
106 99 0.998302
106 100 0.998363
106 101 0.998428
106 102 0.998497
106 103 0.998568
106 104 0.998643
106 105 0.998723
106 106 0.998805
106 107 0.998891
106 108 0.998981
106 109 0.999075
106 110 0.999171
106 111 0.999271
106 112 0.999377
106 113 0.999485
106 114 0.999593
106 115 0.999706
106 116 0.999822
106 117 0.999934
106 118 1.00004
106 119 1.00015
106 120 1.00025
106 121 1.00034
106 122 1.00041
106 123 1.00047
106 124 1.00051
106 125 1.00052
106 126 1.00051
106 127 1.00047

107 0 0
107 1 0.999534
107 2 0.999535
107 3 0.999535
107 4 0.999536
107 5 0.999536
107 6 0.999536
107 7 0.999536
107 8 0.999537
107 9 0.999537
107 10 0.999537
107 11 0.999538
107 12 0.999538
107 13 0.999538
107 14 0.999538
107 15 0.999539
107 16 0.999539
107 17 0.999539
107 18 0.99954
107 19 0.99954
107 20 0.99954
107 21 0.999541
107 22 0.999541
107 23 0.999542
107 24 0.999542
107 25 0.999543
107 26 0.999543
107 27 0.999544
107 28 0.999544
107 29 0.999545
107 30 0.999546
107 31 0.999547
107 32 0.999548
107 33 0.999549
107 34 0.99955
107 35 0.999551
107 36 0.999552
107 37 0.999553
107 38 0.999555
107 39 0.999556
107 40 0.999557
107 41 0.999558
107 42 0.999559
107 43 0.99956
107 44 0.99956
107 45 0.99956
107 46 0.999559
107 47 0.999558
107 48 0.999555
107 49 0.999552
107 50 0.999547
107 51 0.99954
107 52 0.999531
107 53 0.999521
107 54 0.999507
107 55 0.999491
107 56 0.999471
107 57 0.999448
107 58 0.999421
107 59 0.99939
107 60 0.999355
107 61 0.999315
107 62 0.999271
107 63 0.999222
107 64 0.999169
107 65 0.999112
107 66 0.999051
107 67 0.998986
107 68 0.998919
107 69 0.99885
107 70 0.998778
107 71 0.998706
107 72 0.998634
107 73 0.998562
107 74 0.998492
107 75 0.998424
107 76 0.99836
107 77 0.998298
107 78 0.998241
107 79 0.998189
107 80 0.998142
107 81 0.9981
107 82 0.998065
107 83 0.998035
107 84 0.998012
107 85 0.997995
107 86 0.997984
107 87 0.99798
107 88 0.997982
107 89 0.99799
107 90 0.998004
107 91 0.998024
107 92 0.998049
107 93 0.99808
107 94 0.998116
107 95 0.998157
107 96 0.998203
107 97 0.998253
107 98 0.998308
107 99 0.998367
107 100 0.998431
107 101 0.998499
107 102 0.99857
107 103 0.998646
107 104 0.998727
107 105 0.998811
107 106 0.998899
107 107 0.998993
107 108 0.999092
107 109 0.999193
107 110 0.999298
107 111 0.999412
107 112 0.999528
107 113 0.999645
107 114 0.999769
107 115 0.999898
107 116 1.00002
107 117 1.00015
107 118 1.00027
107 119 1.00039
107 120 1.0005
107 121 1.0006
107 122 1.00069
107 123 1.00075
107 124 1.00079
107 125 1.00081
107 126 1.00079
107 127 1.00075

108 0 0
108 1 0.999516
108 2 0.999516
108 3 0.999517
108 4 0.999517
108 5 0.999518
108 6 0.999518
108 7 0.999518
108 8 0.999519
108 9 0.999519
108 10 0.999519
108 11 0.999519
108 12 0.99952
108 13 0.99952
108 14 0.99952
108 15 0.999521
108 16 0.999521
108 17 0.999521
108 18 0.999522
108 19 0.999522
108 20 0.999522
108 21 0.999523
108 22 0.999523
108 23 0.999524
108 24 0.999524
108 25 0.999525
108 26 0.999525
108 27 0.999526
108 28 0.999526
108 29 0.999527
108 30 0.999528
108 31 0.999529
108 32 0.999529
108 33 0.99953
108 34 0.999531
108 35 0.999533
108 36 0.999534
108 37 0.999535
108 38 0.999536
108 39 0.999537
108 40 0.999539
108 41 0.99954
108 42 0.999541
108 43 0.999542
108 44 0.999543
108 45 0.999543
108 46 0.999543
108 47 0.999542
108 48 0.99954
108 49 0.999538
108 50 0.999534
108 51 0.999529
108 52 0.999522
108 53 0.999513
108 54 0.999503
108 55 0.999489
108 56 0.999473
108 57 0.999453
108 58 0.99943
108 59 0.999404
108 60 0.999374
108 61 0.999339
108 62 0.9993
108 63 0.999257
108 64 0.99921
108 65 0.999159
108 66 0.999104
108 67 0.999045
108 68 0.998983
108 69 0.998919
108 70 0.998853
108 71 0.998785
108 72 0.998717
108 73 0.998648
108 74 0.998581
108 75 0.998515
108 76 0.998451
108 77 0.998391
108 78 0.998334
108 79 0.998281
108 80 0.998233
108 81 0.99819
108 82 0.998153
108 83 0.998121
108 84 0.998096
108 85 0.998076
108 86 0.998063
108 87 0.998057
108 88 0.998057
108 89 0.998062
108 90 0.998075
108 91 0.998093
108 92 0.998117
108 93 0.998146
108 94 0.998182
108 95 0.998222
108 96 0.998268
108 97 0.998319
108 98 0.998375
108 99 0.998437
108 100 0.998503
108 101 0.998573
108 102 0.998649
108 103 0.99873
108 104 0.998815
108 105 0.998905
108 106 0.999001
108 107 0.999103
108 108 0.999208
108 109 0.999319
108 110 0.999439
108 111 0.999563
108 112 0.999687
108 113 0.999821
108 114 0.999963
108 115 1.0001
108 116 1.00024
108 117 1.00039
108 118 1.00053
108 119 1.00066
108 120 1.00078
108 121 1.0009
108 122 1.00099
108 123 1.00106
108 124 1.00111
108 125 1.00112
108 126 1.00111
108 127 1.00105

109 0 0
109 1 0.999498
109 2 0.999499
109 3 0.999499
109 4 0.9995
109 5 0.9995
109 6 0.9995
109 7 0.999501
109 8 0.999501
109 9 0.999501
109 10 0.999502
109 11 0.999502
109 12 0.999502
109 13 0.999503
109 14 0.999503
109 15 0.999503
109 16 0.999504
109 17 0.999504
109 18 0.999504
109 19 0.999505
109 20 0.999505
109 21 0.999505
109 22 0.999506
109 23 0.999506
109 24 0.999507
109 25 0.999507
109 26 0.999508
109 27 0.999508
109 28 0.999509
109 29 0.99951
109 30 0.99951
109 31 0.999511
109 32 0.999512
109 33 0.999513
109 34 0.999514
109 35 0.999515
109 36 0.999516
109 37 0.999517
109 38 0.999518
109 39 0.99952
109 40 0.999521
109 41 0.999522
109 42 0.999523
109 43 0.999524
109 44 0.999525
109 45 0.999526
109 46 0.999526
109 47 0.999526
109 48 0.999525
109 49 0.999523
109 50 0.999521
109 51 0.999517
109 52 0.999512
109 53 0.999505
109 54 0.999496
109 55 0.999485
109 56 0.999472
109 57 0.999455
109 58 0.999436
109 59 0.999414
109 60 0.999388
109 61 0.999358
109 62 0.999325
109 63 0.999287
109 64 0.999246
109 65 0.999201
109 66 0.999151
109 67 0.999099
109 68 0.999043
109 69 0.998984
109 70 0.998923
109 71 0.998861
109 72 0.998797
109 73 0.998732
109 74 0.998668
109 75 0.998605
109 76 0.998543
109 77 0.998484
109 78 0.998428
109 79 0.998375
109 80 0.998327
109 81 0.998283
109 82 0.998244
109 83 0.998211
109 84 0.998184
109 85 0.998163
109 86 0.998148
109 87 0.998139
109 88 0.998136
109 89 0.99814
109 90 0.99815
109 91 0.998167
109 92 0.998189
109 93 0.998218
109 94 0.998252
109 95 0.998293
109 96 0.998339
109 97 0.998391
109 98 0.998448
109 99 0.998511
109 100 0.998579
109 101 0.998653
109 102 0.998733
109 103 0.998818
109 104 0.998908
109 105 0.999006
109 106 0.99911
109 107 0.999218
109 108 0.999333
109 109 0.999458
109 110 0.999588
109 111 0.99972
109 112 0.999863
109 113 1.00002
109 114 1.00017
109 115 1.00032
109 116 1.00048
109 117 1.00065
109 118 1.00079
109 119 1.00095
109 120 1.00109
109 121 1.00121
109 122 1.00132
109 123 1.0014
109 124 1.00145
109 125 1.00147
109 126 1.00145
109 127 1.00139

110 0 0
110 1 0.999481
110 2 0.999482
110 3 0.999482
110 4 0.999483
110 5 0.999483
110 6 0.999484
110 7 0.999484
110 8 0.999485
110 9 0.999485
110 10 0.999485
110 11 0.999486
110 12 0.999486
110 13 0.999486
110 14 0.999487
110 15 0.999487
110 16 0.999487
110 17 0.999488
110 18 0.999488
110 19 0.999488
110 20 0.999489
110 21 0.999489
110 22 0.999489
110 23 0.99949
110 24 0.99949
110 25 0.999491
110 26 0.999491
110 27 0.999492
110 28 0.999492
110 29 0.999493
110 30 0.999493
110 31 0.999494
110 32 0.999495
110 33 0.999496
110 34 0.999497
110 35 0.999498
110 36 0.999499
110 37 0.9995
110 38 0.999501
110 39 0.999502
110 40 0.999504
110 41 0.999505
110 42 0.999506
110 43 0.999507
110 44 0.999508
110 45 0.999509
110 46 0.99951
110 47 0.99951
110 48 0.999509
110 49 0.999508
110 50 0.999506
110 51 0.999504
110 52 0.9995
110 53 0.999494
110 54 0.999487
110 55 0.999479
110 56 0.999468
110 57 0.999454
110 58 0.999439
110 59 0.99942
110 60 0.999398
110 61 0.999373
110 62 0.999344
110 63 0.999312
110 64 0.999276
110 65 0.999236
110 66 0.999193
110 67 0.999146
110 68 0.999096
110 69 0.999044
110 70 0.998988
110 71 0.998931
110 72 0.998872
110 73 0.998812
110 74 0.998752
110 75 0.998692
110 76 0.998633
110 77 0.998576
110 78 0.998522
110 79 0.99847
110 80 0.998422
110 81 0.998378
110 82 0.998339
110 83 0.998305
110 84 0.998276
110 85 0.998253
110 86 0.998236
110 87 0.998225
110 88 0.998221
110 89 0.998223
110 90 0.998231
110 91 0.998246
110 92 0.998267
110 93 0.998294
110 94 0.998328
110 95 0.998368
110 96 0.998414
110 97 0.998467
110 98 0.998525
110 99 0.99859
110 100 0.998661
110 101 0.998739
110 102 0.998822
110 103 0.998912
110 104 0.999009
110 105 0.999114
110 106 0.999223
110 107 0.999341
110 108 0.99947
110 109 0.999604
110 110 0.999742
110 111 0.999893
110 112 1.00006
110 113 1.00022
110 114 1.00038
110 115 1.00057
110 116 1.00075
110 117 1.00092
110 118 1.00109
110 119 1.00128
110 120 1.00143
110 121 1.00156
110 122 1.00169
110 123 1.00178
110 124 1.00184
110 125 1.00186
110 126 1.00184
110 127 1.00177

111 0 0
111 1 0.999465
111 2 0.999466
111 3 0.999466
111 4 0.999467
111 5 0.999467
111 6 0.999468
111 7 0.999468
111 8 0.999469
111 9 0.999469
111 10 0.99947
111 11 0.99947
111 12 0.99947
111 13 0.999471
111 14 0.999471
111 15 0.999471
111 16 0.999472
111 17 0.999472
111 18 0.999472
111 19 0.999473
111 20 0.999473
111 21 0.999473
111 22 0.999474
111 23 0.999474
111 24 0.999474
111 25 0.999475
111 26 0.999475
111 27 0.999476
111 28 0.999476
111 29 0.999477
111 30 0.999478
111 31 0.999478
111 32 0.999479
111 33 0.99948
111 34 0.999481
111 35 0.999482
111 36 0.999483
111 37 0.999484
111 38 0.999485
111 39 0.999486
111 40 0.999487
111 41 0.999488
111 42 0.99949
111 43 0.999491
111 44 0.999492
111 45 0.999493
111 46 0.999493
111 47 0.999494
111 48 0.999494
111 49 0.999493
111 50 0.999492
111 51 0.99949
111 52 0.999487
111 53 0.999483
111 54 0.999477
111 55 0.99947
111 56 0.999461
111 57 0.999451
111 58 0.999438
111 59 0.999422
111 60 0.999404
111 61 0.999383
111 62 0.999358
111 63 0.999331
111 64 0.9993
111 65 0.999266
111 66 0.999228
111 67 0.999187
111 68 0.999143
111 69 0.999096
111 70 0.999047
111 71 0.998995
111 72 0.998941
111 73 0.998887
111 74 0.998831
111 75 0.998775
111 76 0.99872
111 77 0.998666
111 78 0.998614
111 79 0.998564
111 80 0.998517
111 81 0.998474
111 82 0.998435
111 83 0.9984
111 84 0.998371
111 85 0.998347
111 86 0.998328
111 87 0.998316
111 88 0.99831
111 89 0.99831
111 90 0.998317
111 91 0.99833
111 92 0.99835
111 93 0.998376
111 94 0.998409
111 95 0.998449
111 96 0.998495
111 97 0.998548
111 98 0.998608
111 99 0.998675
111 100 0.998748
111 101 0.998829
111 102 0.998916
111 103 0.999012
111 104 0.999116
111 105 0.999225
111 106 0.999344
111 107 0.999475
111 108 0.999612
111 109 0.999754
111 110 0.999912
111 111 1.00008
111 112 1.00025
111 113 1.00043
111 114 1.00063
111 115 1.00083
111 116 1.00102
111 117 1.00122
111 118 1.00144
111 119 1.00162
111 120 1.00178
111 121 1.00196
111 122 1.0021
111 123 1.00219
111 124 1.00226
111 125 1.00229
111 126 1.00226
111 127 1.00219

112 0 0
112 1 0.999449
112 2 0.99945
112 3 0.999451
112 4 0.999452
112 5 0.999452
112 6 0.999453
112 7 0.999453
112 8 0.999454
112 9 0.999454
112 10 0.999455
112 11 0.999455
112 12 0.999455
112 13 0.999456
112 14 0.999456
112 15 0.999456
112 16 0.999457
112 17 0.999457
112 18 0.999457
112 19 0.999458
112 20 0.999458
112 21 0.999458
112 22 0.999459
112 23 0.999459
112 24 0.999459
112 25 0.99946
112 26 0.99946
112 27 0.999461
112 28 0.999461
112 29 0.999462
112 30 0.999462
112 31 0.999463
112 32 0.999464
112 33 0.999464
112 34 0.999465
112 35 0.999466
112 36 0.999467
112 37 0.999468
112 38 0.999469
112 39 0.99947
112 40 0.999471
112 41 0.999472
112 42 0.999473
112 43 0.999475
112 44 0.999476
112 45 0.999476
112 46 0.999477
112 47 0.999478
112 48 0.999478
112 49 0.999478
112 50 0.999477
112 51 0.999475
112 52 0.999473
112 53 0.99947
112 54 0.999466
112 55 0.99946
112 56 0.999453
112 57 0.999444
112 58 0.999433
112 59 0.999421
112 60 0.999405
112 61 0.999388
112 62 0.999367
112 63 0.999344
112 64 0.999318
112 65 0.999289
112 66 0.999256
112 67 0.999221
112 68 0.999182
112 69 0.999141
112 70 0.999097
112 71 0.999051
112 72 0.999003
112 73 0.998954
112 74 0.998903
112 75 0.998852
112 76 0.998801
112 77 0.998751
112 78 0.998702
112 79 0.998655
112 80 0.99861
112 81 0.998568
112 82 0.99853
112 83 0.998496
112 84 0.998466
112 85 0.998442
112 86 0.998423
112 87 0.998409
112 88 0.998402
112 89 0.998401
112 90 0.998406
112 91 0.998418
112 92 0.998437
112 93 0.998462
112 94 0.998495
112 95 0.998534
112 96 0.998581
112 97 0.998634
112 98 0.998696
112 99 0.998764
112 100 0.99884
112 101 0.998924
112 102 0.999017
112 103 0.999118
112 104 0.999226
112 105 0.999345
112 106 0.999475
112 107 0.999613
112 108 0.999758
112 109 0.999919
112 110 1.0001
112 111 1.00027
112 112 1.00046
112 113 1.00067
112 114 1.00089
112 115 1.00109
112 116 1.00132
112 117 1.00157
112 118 1.00178
112 119 1.00198
112 120 1.00221
112 121 1.0024
112 122 1.00253
112 123 1.00265
112 124 1.00274
112 125 1.00276
112 126 1.00274
112 127 1.00265

113 0 0
113 1 0.999435
113 2 0.999436
113 3 0.999437
113 4 0.999438
113 5 0.999438
113 6 0.999439
113 7 0.999439
113 8 0.99944
113 9 0.99944
113 10 0.999441
113 11 0.999441
113 12 0.999442
113 13 0.999442
113 14 0.999442
113 15 0.999443
113 16 0.999443
113 17 0.999443
113 18 0.999444
113 19 0.999444
113 20 0.999444
113 21 0.999444
113 22 0.999445
113 23 0.999445
113 24 0.999445
113 25 0.999446
113 26 0.999446
113 27 0.999447
113 28 0.999447
113 29 0.999448
113 30 0.999448
113 31 0.999449
113 32 0.999449
113 33 0.99945
113 34 0.999451
113 35 0.999451
113 36 0.999452
113 37 0.999453
113 38 0.999454
113 39 0.999455
113 40 0.999456
113 41 0.999457
113 42 0.999458
113 43 0.999459
113 44 0.99946
113 45 0.999461
113 46 0.999462
113 47 0.999462
113 48 0.999462
113 49 0.999462
113 50 0.999462
113 51 0.999461
113 52 0.999459
113 53 0.999456
113 54 0.999453
113 55 0.999448
113 56 0.999443
113 57 0.999435
113 58 0.999427
113 59 0.999416
113 60 0.999403
113 61 0.999389
113 62 0.999371
113 63 0.999352
113 64 0.99933
113 65 0.999305
113 66 0.999277
113 67 0.999247
113 68 0.999214
113 69 0.999178
113 70 0.99914
113 71 0.999099
113 72 0.999057
113 73 0.999013
113 74 0.998967
113 75 0.998921
113 76 0.998875
113 77 0.998829
113 78 0.998784
113 79 0.99874
113 80 0.998698
113 81 0.998658
113 82 0.998622
113 83 0.998589
113 84 0.99856
113 85 0.998536
113 86 0.998517
113 87 0.998503
113 88 0.998495
113 89 0.998494
113 90 0.998498
113 91 0.998509
113 92 0.998527
113 93 0.998552
113 94 0.998584
113 95 0.998624
113 96 0.99867
113 97 0.998725
113 98 0.998788
113 99 0.998858
113 100 0.998937
113 101 0.999025
113 102 0.999122
113 103 0.999227
113 104 0.999343
113 105 0.999472
113 106 0.999608
113 107 0.999754
113 108 0.999918
113 109 1.0001
113 110 1.00028
113 111 1.00047
113 112 1.00069
113 113 1.00092
113 114 1.00114
113 115 1.00139
113 116 1.00167
113 117 1.00191
113 118 1.00213
113 119 1.00242
113 120 1.00267
113 121 1.00284
113 122 1.00301
113 123 1.00318
113 124 1.00327
113 125 1.00328
113 126 1.00326
113 127 1.00318

114 0 0
114 1 0.999422
114 2 0.999423
114 3 0.999424
114 4 0.999424
114 5 0.999425
114 6 0.999426
114 7 0.999426
114 8 0.999427
114 9 0.999427
114 10 0.999428
114 11 0.999428
114 12 0.999429
114 13 0.999429
114 14 0.999429
114 15 0.99943
114 16 0.99943
114 17 0.99943
114 18 0.999431
114 19 0.999431
114 20 0.999431
114 21 0.999431
114 22 0.999432
114 23 0.999432
114 24 0.999432
114 25 0.999433
114 26 0.999433
114 27 0.999433
114 28 0.999434
114 29 0.999434
114 30 0.999435
114 31 0.999435
114 32 0.999436
114 33 0.999436
114 34 0.999437
114 35 0.999438
114 36 0.999438
114 37 0.999439
114 38 0.99944
114 39 0.999441
114 40 0.999442
114 41 0.999443
114 42 0.999443
114 43 0.999444
114 44 0.999445
114 45 0.999446
114 46 0.999446
114 47 0.999447
114 48 0.999447
114 49 0.999447
114 50 0.999446
114 51 0.999446
114 52 0.999444
114 53 0.999442
114 54 0.999439
114 55 0.999435
114 56 0.999431
114 57 0.999425
114 58 0.999417
114 59 0.999408
114 60 0.999398
114 61 0.999385
114 62 0.999371
114 63 0.999355
114 64 0.999336
114 65 0.999315
114 66 0.999291
114 67 0.999265
114 68 0.999237
114 69 0.999206
114 70 0.999173
114 71 0.999138
114 72 0.999101
114 73 0.999062
114 74 0.999022
114 75 0.998981
114 76 0.998939
114 77 0.998898
114 78 0.998857
114 79 0.998817
114 80 0.998778
114 81 0.998742
114 82 0.998708
114 83 0.998677
114 84 0.99865
114 85 0.998627
114 86 0.998609
114 87 0.998596
114 88 0.998588
114 89 0.998586
114 90 0.998591
114 91 0.998601
114 92 0.998619
114 93 0.998644
114 94 0.998676
114 95 0.998716
114 96 0.998763
114 97 0.998819
114 98 0.998883
114 99 0.998956
114 100 0.999038
114 101 0.999129
114 102 0.99923
114 103 0.999343
114 104 0.999466
114 105 0.999599
114 106 0.999745
114 107 0.999907
114 108 1.00008
114 109 1.00027
114 110 1.00046
114 111 1.00069
114 112 1.00093
114 113 1.00116
114 114 1.00142
114 115 1.00173
114 116 1.002
114 117 1.00225
114 118 1.00258
114 119 1.00289
114 120 1.0031
114 121 1.00335
114 122 1.0036
114 123 1.00374
114 124 1.00382
114 125 1.00388
114 126 1.00385
114 127 1.00375

115 0 0
115 1 0.999409
115 2 0.99941
115 3 0.999411
115 4 0.999412
115 5 0.999413
115 6 0.999413
115 7 0.999414
115 8 0.999415
115 9 0.999415
115 10 0.999416
115 11 0.999416
115 12 0.999417
115 13 0.999417
115 14 0.999417
115 15 0.999418
115 16 0.999418
115 17 0.999418
115 18 0.999418
115 19 0.999419
115 20 0.999419
115 21 0.999419
115 22 0.99942
115 23 0.99942
115 24 0.99942
115 25 0.999421
115 26 0.999421
115 27 0.999421
115 28 0.999422
115 29 0.999422
115 30 0.999422
115 31 0.999423
115 32 0.999423
115 33 0.999424
115 34 0.999424
115 35 0.999425
115 36 0.999425
115 37 0.999426
115 38 0.999427
115 39 0.999427
115 40 0.999428
115 41 0.999429
115 42 0.99943
115 43 0.99943
115 44 0.999431
115 45 0.999431
115 46 0.999432
115 47 0.999432
115 48 0.999432
115 49 0.999432
115 50 0.999431
115 51 0.999431
115 52 0.999429
115 53 0.999427
115 54 0.999425
115 55 0.999421
115 56 0.999417
115 57 0.999412
115 58 0.999406
115 59 0.999398
115 60 0.999389
115 61 0.999379
115 62 0.999366
115 63 0.999352
115 64 0.999336
115 65 0.999318
115 66 0.999298
115 67 0.999276
115 68 0.999252
115 69 0.999226
115 70 0.999197
115 71 0.999167
115 72 0.999135
115 73 0.999101
115 74 0.999066
115 75 0.99903
115 76 0.998994
115 77 0.998957
115 78 0.99892
115 79 0.998885
115 80 0.99885
115 81 0.998817
115 82 0.998786
115 83 0.998758
115 84 0.998734
115 85 0.998713
115 86 0.998696
115 87 0.998684
115 88 0.998677
115 89 0.998676
115 90 0.998681
115 91 0.998692
115 92 0.99871
115 93 0.998736
115 94 0.998768
115 95 0.998809
115 96 0.998857
115 97 0.998914
115 98 0.998981
115 99 0.999056
115 100 0.999141
115 101 0.999236
115 102 0.999343
115 103 0.999461
115 104 0.999589
115 105 0.999731
115 106 0.999891
115 107 1.00006
115 108 1.00024
115 109 1.00045
115 110 1.00068
115 111 1.00091
115 112 1.00115
115 113 1.00143
115 114 1.00175
115 115 1.00204
115 116 1.00231
115 117 1.00269
115 118 1.00306
115 119 1.0033
115 120 1.00359
115 121 1.00398
115 122 1.0042
115 123 1.00431
115 124 1.00447
115 125 1.00456
115 126 1.00452
115 127 1.00437

116 0 0
116 1 0.999398
116 2 0.999399
116 3 0.9994
116 4 0.999401
116 5 0.999402
116 6 0.999402
116 7 0.999403
116 8 0.999404
116 9 0.999404
116 10 0.999405
116 11 0.999405
116 12 0.999405
116 13 0.999406
116 14 0.999406
116 15 0.999406
116 16 0.999407
116 17 0.999407
116 18 0.999407
116 19 0.999408
116 20 0.999408
116 21 0.999408
116 22 0.999408
116 23 0.999409
116 24 0.999409
116 25 0.999409
116 26 0.99941
116 27 0.99941
116 28 0.99941
116 29 0.999411
116 30 0.999411
116 31 0.999411
116 32 0.999412
116 33 0.999412
116 34 0.999413
116 35 0.999413
116 36 0.999413
116 37 0.999414
116 38 0.999414
116 39 0.999415
116 40 0.999415
116 41 0.999416
116 42 0.999416
116 43 0.999417
116 44 0.999417
116 45 0.999418
116 46 0.999418
116 47 0.999418
116 48 0.999418
116 49 0.999417
116 50 0.999417
116 51 0.999416
116 52 0.999414
116 53 0.999412
116 54 0.99941
116 55 0.999407
116 56 0.999403
116 57 0.999398
116 58 0.999393
116 59 0.999386
116 60 0.999378
116 61 0.999369
116 62 0.999358
116 63 0.999346
116 64 0.999332
116 65 0.999317
116 66 0.9993
116 67 0.999281
116 68 0.99926
116 69 0.999237
116 70 0.999212
116 71 0.999186
116 72 0.999159
116 73 0.99913
116 74 0.999099
116 75 0.999068
116 76 0.999036
116 77 0.999004
116 78 0.998972
116 79 0.998941
116 80 0.99891
116 81 0.998881
116 82 0.998854
116 83 0.99883
116 84 0.998808
116 85 0.998789
116 86 0.998775
116 87 0.998765
116 88 0.99876
116 89 0.99876
116 90 0.998766
116 91 0.998779
116 92 0.998798
116 93 0.998824
116 94 0.998858
116 95 0.9989
116 96 0.99895
116 97 0.999009
116 98 0.999077
116 99 0.999155
116 100 0.999244
116 101 0.999344
116 102 0.999455
116 103 0.999578
116 104 0.999715
116 105 0.999869
116 106 1.00003
116 107 1.00021
116 108 1.00041
116 109 1.00064
116 110 1.00087
116 111 1.00112
116 112 1.00141
116 113 1.00173
116 114 1.00202
116 115 1.00233
116 116 1.00274
116 117 1.00315
116 118 1.00342
116 119 1.00379
116 120 1.0043
116 121 1.00455
116 122 1.00472
116 123 1.00509
116 124 1.00527
116 125 1.00525
116 126 1.00524
116 127 1.0051

117 0 0
117 1 0.999387
117 2 0.999388
117 3 0.99939
117 4 0.99939
117 5 0.999391
117 6 0.999392
117 7 0.999393
117 8 0.999393
117 9 0.999394
117 10 0.999394
117 11 0.999395
117 12 0.999395
117 13 0.999396
117 14 0.999396
117 15 0.999396
117 16 0.999397
117 17 0.999397
117 18 0.999397
117 19 0.999398
117 20 0.999398
117 21 0.999398
117 22 0.999398
117 23 0.999399
117 24 0.999399
117 25 0.999399
117 26 0.999399
117 27 0.9994
117 28 0.9994
117 29 0.9994
117 30 0.9994
117 31 0.999401
117 32 0.999401
117 33 0.999401
117 34 0.999402
117 35 0.999402
117 36 0.999402
117 37 0.999403
117 38 0.999403
117 39 0.999403
117 40 0.999404
117 41 0.999404
117 42 0.999404
117 43 0.999405
117 44 0.999405
117 45 0.999405
117 46 0.999405
117 47 0.999404
117 48 0.999404
117 49 0.999403
117 50 0.999403
117 51 0.999401
117 52 0.9994
117 53 0.999398
117 54 0.999395
117 55 0.999392
117 56 0.999388
117 57 0.999384
117 58 0.999379
117 59 0.999372
117 60 0.999365
117 61 0.999357
117 62 0.999347
117 63 0.999336
117 64 0.999324
117 65 0.99931
117 66 0.999295
117 67 0.999279
117 68 0.99926
117 69 0.999241
117 70 0.99922
117 71 0.999197
117 72 0.999173
117 73 0.999148
117 74 0.999122
117 75 0.999095
117 76 0.999067
117 77 0.999039
117 78 0.999012
117 79 0.998984
117 80 0.998958
117 81 0.998933
117 82 0.99891
117 83 0.998889
117 84 0.99887
117 85 0.998855
117 86 0.998843
117 87 0.998836
117 88 0.998833
117 89 0.998836
117 90 0.998844
117 91 0.998858
117 92 0.998879
117 93 0.998907
117 94 0.998942
117 95 0.998986
117 96 0.999038
117 97 0.999099
117 98 0.99917
117 99 0.999252
117 100 0.999345
117 101 0.999449
117 102 0.999565
117 103 0.999695
117 104 0.999841
117 105 0.999999
117 106 1.00017
117 107 1.00037
117 108 1.00059
117 109 1.00082
117 110 1.00106
117 111 1.00135
117 112 1.00167
117 113 1.00197
117 114 1.0023
117 115 1.00273
117 116 1.00316
117 117 1.00347
117 118 1.00388
117 119 1.00448
117 120 1.00486
117 121 1.00505
117 122 1.00554
117 123 1.00595
117 124 1.00601
117 125 1.00603
117 126 1.00606
117 127 1.00599

118 0 0
118 1 0.999378
118 2 0.999379
118 3 0.99938
118 4 0.999381
118 5 0.999382
118 6 0.999383
118 7 0.999384
118 8 0.999384
118 9 0.999385
118 10 0.999385
118 11 0.999386
118 12 0.999386
118 13 0.999387
118 14 0.999387
118 15 0.999387
118 16 0.999388
118 17 0.999388
118 18 0.999388
118 19 0.999388
118 20 0.999389
118 21 0.999389
118 22 0.999389
118 23 0.999389
118 24 0.99939
118 25 0.99939
118 26 0.99939
118 27 0.99939
118 28 0.99939
118 29 0.999391
118 30 0.999391
118 31 0.999391
118 32 0.999391
118 33 0.999392
118 34 0.999392
118 35 0.999392
118 36 0.999392
118 37 0.999392
118 38 0.999393
118 39 0.999393
118 40 0.999393
118 41 0.999393
118 42 0.999393
118 43 0.999393
118 44 0.999393
118 45 0.999393
118 46 0.999392
118 47 0.999392
118 48 0.999391
118 49 0.99939
118 50 0.999389
118 51 0.999387
118 52 0.999386
118 53 0.999383
118 54 0.999381
118 55 0.999377
118 56 0.999373
118 57 0.999369
118 58 0.999364
118 59 0.999358
118 60 0.999351
118 61 0.999343
118 62 0.999334
118 63 0.999324
118 64 0.999313
118 65 0.9993
118 66 0.999286
118 67 0.999272
118 68 0.999255
118 69 0.999238
118 70 0.999219
118 71 0.999199
118 72 0.999178
118 73 0.999156
118 74 0.999133
118 75 0.99911
118 76 0.999086
118 77 0.999062
118 78 0.999038
118 79 0.999015
118 80 0.998993
118 81 0.998971
118 82 0.998952
118 83 0.998934
118 84 0.998919
118 85 0.998907
118 86 0.998899
118 87 0.998894
118 88 0.998894
118 89 0.998899
118 90 0.998909
118 91 0.998926
118 92 0.998949
118 93 0.998979
118 94 0.999017
118 95 0.999063
118 96 0.999118
118 97 0.999182
118 98 0.999256
118 99 0.999341
118 100 0.999438
118 101 0.999546
118 102 0.999669
118 103 0.999806
118 104 0.999956
118 105 1.00012
118 106 1.00031
118 107 1.00052
118 108 1.00074
118 109 1.00099
118 110 1.00127
118 111 1.00158
118 112 1.00188
118 113 1.00223
118 114 1.00267
118 115 1.00308
118 116 1.00342
118 117 1.00392
118 118 1.00458
118 119 1.00497
118 120 1.00521
118 121 1.00596
118 122 1.00662
118 123 1.00651
118 124 1.00677
118 125 1.00724
118 126 1.00709
118 127 1.00677

119 0 0
119 1 0.99937
119 2 0.999371
119 3 0.999372
119 4 0.999373
119 5 0.999374
119 6 0.999375
119 7 0.999375
119 8 0.999376
119 9 0.999377
119 10 0.999377
119 11 0.999378
119 12 0.999378
119 13 0.999378
119 14 0.999379
119 15 0.999379
119 16 0.999379
119 17 0.99938
119 18 0.99938
119 19 0.99938
119 20 0.99938
119 21 0.999381
119 22 0.999381
119 23 0.999381
119 24 0.999381
119 25 0.999381
119 26 0.999382
119 27 0.999382
119 28 0.999382
119 29 0.999382
119 30 0.999382
119 31 0.999383
119 32 0.999383
119 33 0.999383
119 34 0.999383
119 35 0.999383
119 36 0.999383
119 37 0.999383
119 38 0.999383
119 39 0.999383
119 40 0.999383
119 41 0.999383
119 42 0.999383
119 43 0.999383
119 44 0.999382
119 45 0.999382
119 46 0.999381
119 47 0.99938
119 48 0.999379
119 49 0.999378
119 50 0.999376
119 51 0.999374
119 52 0.999372
119 53 0.999369
119 54 0.999366
119 55 0.999363
119 56 0.999359
119 57 0.999354
119 58 0.999348
119 59 0.999342
119 60 0.999335
119 61 0.999327
119 62 0.999319
119 63 0.999309
119 64 0.999298
119 65 0.999287
119 66 0.999274
119 67 0.99926
119 68 0.999245
119 69 0.999229
119 70 0.999212
119 71 0.999194
119 72 0.999176
119 73 0.999156
119 74 0.999136
119 75 0.999115
119 76 0.999094
119 77 0.999073
119 78 0.999053
119 79 0.999033
119 80 0.999014
119 81 0.998996
119 82 0.998979
119 83 0.998965
119 84 0.998953
119 85 0.998945
119 86 0.998939
119 87 0.998938
119 88 0.99894
119 89 0.998948
119 90 0.998961
119 91 0.99898
119 92 0.999006
119 93 0.999039
119 94 0.999079
119 95 0.999128
119 96 0.999186
119 97 0.999253
119 98 0.999331
119 99 0.999419
119 100 0.99952
119 101 0.999634
119 102 0.999762
119 103 0.999904
119 104 1.00006
119 105 1.00024
119 106 1.00044
119 107 1.00065
119 108 1.00089
119 109 1.00116
119 110 1.00145
119 111 1.00175
119 112 1.00211
119 113 1.00253
119 114 1.00294
119 115 1.00332
119 116 1.00386
119 117 1.00451
119 118 1.00497
119 119 1.00534
119 120 1.00614
119 121 1.00696
119 122 1.00705
119 123 1.00743
119 124 1.00819
119 125 1.00823
119 126 1.00816
119 127 1.00775

120 0 0
120 1 0.999362
120 2 0.999364
120 3 0.999365
120 4 0.999366
120 5 0.999367
120 6 0.999368
120 7 0.999368
120 8 0.999369
120 9 0.999369
120 10 0.99937
120 11 0.99937
120 12 0.999371
120 13 0.999371
120 14 0.999372
120 15 0.999372
120 16 0.999372
120 17 0.999373
120 18 0.999373
120 19 0.999373
120 20 0.999373
120 21 0.999374
120 22 0.999374
120 23 0.999374
120 24 0.999374
120 25 0.999374
120 26 0.999374
120 27 0.999375
120 28 0.999375
120 29 0.999375
120 30 0.999375
120 31 0.999375
120 32 0.999375
120 33 0.999375
120 34 0.999375
120 35 0.999375
120 36 0.999375
120 37 0.999375
120 38 0.999375
120 39 0.999375
120 40 0.999375
120 41 0.999374
120 42 0.999374
120 43 0.999373
120 44 0.999373
120 45 0.999372
120 46 0.999371
120 47 0.99937
120 48 0.999368
120 49 0.999366
120 50 0.999364
120 51 0.999362
120 52 0.999359
120 53 0.999356
120 54 0.999353
120 55 0.999349
120 56 0.999344
120 57 0.999339
120 58 0.999333
120 59 0.999327
120 60 0.99932
120 61 0.999312
120 62 0.999303
120 63 0.999293
120 64 0.999283
120 65 0.999271
120 66 0.999259
120 67 0.999245
120 68 0.999231
120 69 0.999216
120 70 0.9992
120 71 0.999184
120 72 0.999166
120 73 0.999148
120 74 0.99913
120 75 0.999111
120 76 0.999093
120 77 0.999074
120 78 0.999056
120 79 0.999038
120 80 0.999022
120 81 0.999007
120 82 0.998993
120 83 0.998982
120 84 0.998973
120 85 0.998967
120 86 0.998964
120 87 0.998966
120 88 0.998971
120 89 0.998981
120 90 0.998997
120 91 0.999019
120 92 0.999047
120 93 0.999083
120 94 0.999126
120 95 0.999177
120 96 0.999238
120 97 0.999308
120 98 0.999389
120 99 0.999482
120 100 0.999587
120 101 0.999706
120 102 0.999838
120 103 0.999987
120 104 1.00015
120 105 1.00034
120 106 1.00054
120 107 1.00077
120 108 1.00103
120 109 1.0013
120 110 1.0016
120 111 1.00195
120 112 1.00235
120 113 1.00273
120 114 1.00313
120 115 1.00371
120 116 1.00434
120 117 1.00477
120 118 1.00524
120 119 1.00625
120 120 1.00719
120 121 1.00718
120 122 1.0076
120 123 1.00939
120 124 1.00961
120 125 1.00879
120 126 1.00931
120 127 1.00964

121 0 0
121 1 0.999356
121 2 0.999358
121 3 0.999359
121 4 0.99936
121 5 0.999361
121 6 0.999361
121 7 0.999362
121 8 0.999363
121 9 0.999363
121 10 0.999364
121 11 0.999364
121 12 0.999365
121 13 0.999365
121 14 0.999366
121 15 0.999366
121 16 0.999366
121 17 0.999367
121 18 0.999367
121 19 0.999367
121 20 0.999367
121 21 0.999367
121 22 0.999368
121 23 0.999368
121 24 0.999368
121 25 0.999368
121 26 0.999368
121 27 0.999368
121 28 0.999368
121 29 0.999368
121 30 0.999369
121 31 0.999369
121 32 0.999369
121 33 0.999369
121 34 0.999368
121 35 0.999368
121 36 0.999368
121 37 0.999368
121 38 0.999368
121 39 0.999367
121 40 0.999367
121 41 0.999366
121 42 0.999366
121 43 0.999365
121 44 0.999364
121 45 0.999363
121 46 0.999362
121 47 0.99936
121 48 0.999358
121 49 0.999356
121 50 0.999354
121 51 0.999351
121 52 0.999348
121 53 0.999344
121 54 0.99934
121 55 0.999336
121 56 0.999331
121 57 0.999325
121 58 0.999319
121 59 0.999312
121 60 0.999304
121 61 0.999296
121 62 0.999286
121 63 0.999276
121 64 0.999266
121 65 0.999254
121 66 0.999242
121 67 0.999228
121 68 0.999214
121 69 0.9992
121 70 0.999184
121 71 0.999168
121 72 0.999152
121 73 0.999135
121 74 0.999117
121 75 0.9991
121 76 0.999083
121 77 0.999066
121 78 0.999049
121 79 0.999033
121 80 0.999019
121 81 0.999006
121 82 0.998994
121 83 0.998985
121 84 0.998978
121 85 0.998975
121 86 0.998974
121 87 0.998978
121 88 0.998986
121 89 0.998998
121 90 0.999017
121 91 0.999041
121 92 0.999071
121 93 0.999109
121 94 0.999155
121 95 0.999209
121 96 0.999273
121 97 0.999346
121 98 0.99943
121 99 0.999526
121 100 0.999635
121 101 0.999758
121 102 0.999896
121 103 1.00005
121 104 1.00022
121 105 1.00041
121 106 1.00063
121 107 1.00087
121 108 1.00112
121 109 1.00141
121 110 1.00175
121 111 1.00211
121 112 1.00247
121 113 1.00291
121 114 1.00345
121 115 1.00399
121 116 1.00447
121 117 1.00512
121 118 1.00608
121 119 1.00681
121 120 1.0072
121 121 1.00817
121 122 1.00986
121 123 1.01003
121 124 1.00962
121 125 1.01137
121 126 1.01126
121 127 1.01074

122 0 0
122 1 0.999351
122 2 0.999353
122 3 0.999354
122 4 0.999355
122 5 0.999356
122 6 0.999356
122 7 0.999357
122 8 0.999358
122 9 0.999358
122 10 0.999359
122 11 0.999359
122 12 0.99936
122 13 0.99936
122 14 0.999361
122 15 0.999361
122 16 0.999361
122 17 0.999361
122 18 0.999362
122 19 0.999362
122 20 0.999362
122 21 0.999362
122 22 0.999362
122 23 0.999363
122 24 0.999363
122 25 0.999363
122 26 0.999363
122 27 0.999363
122 28 0.999363
122 29 0.999363
122 30 0.999363
122 31 0.999363
122 32 0.999363
122 33 0.999363
122 34 0.999363
122 35 0.999363
122 36 0.999362
122 37 0.999362
122 38 0.999362
122 39 0.999361
122 40 0.99936
122 41 0.99936
122 42 0.999359
122 43 0.999358
122 44 0.999357
122 45 0.999355
122 46 0.999353
122 47 0.999352
122 48 0.999349
122 49 0.999347
122 50 0.999344
122 51 0.999341
122 52 0.999337
122 53 0.999333
122 54 0.999329
122 55 0.999323
122 56 0.999318
122 57 0.999312
122 58 0.999305
122 59 0.999297
122 60 0.999289
122 61 0.99928
122 62 0.99927
122 63 0.99926
122 64 0.999248
122 65 0.999236
122 66 0.999224
122 67 0.99921
122 68 0.999196
122 69 0.999181
122 70 0.999165
122 71 0.999149
122 72 0.999133
122 73 0.999116
122 74 0.9991
122 75 0.999083
122 76 0.999066
122 77 0.99905
122 78 0.999034
122 79 0.99902
122 80 0.999006
122 81 0.998994
122 82 0.998984
122 83 0.998976
122 84 0.998971
122 85 0.998969
122 86 0.99897
122 87 0.998976
122 88 0.998985
122 89 0.999
122 90 0.99902
122 91 0.999046
122 92 0.999078
122 93 0.999118
122 94 0.999166
122 95 0.999222
122 96 0.999288
122 97 0.999364
122 98 0.999451
122 99 0.99955
122 100 0.999662
122 101 0.999788
122 102 0.99993
122 103 1.00009
122 104 1.00027
122 105 1.00046
122 106 1.00068
122 107 1.00093
122 108 1.0012
122 109 1.0015
122 110 1.00184
122 111 1.00219
122 112 1.00261
122 113 1.0031
122 114 1.00361
122 115 1.00409
122 116 1.00474
122 117 1.00565
122 118 1.00642
122 119 1.00684
122 120 1.00792
122 121 1.00992
122 122 1.01087
122 123 1.00983
122 124 1.01187
122 125 1.015
122 126 1.01331
122 127 1.01029

123 0 0
123 1 0.999348
123 2 0.999349
123 3 0.99935
123 4 0.999351
123 5 0.999352
123 6 0.999353
123 7 0.999353
123 8 0.999354
123 9 0.999354
123 10 0.999355
123 11 0.999355
123 12 0.999356
123 13 0.999356
123 14 0.999357
123 15 0.999357
123 16 0.999357
123 17 0.999358
123 18 0.999358
123 19 0.999358
123 20 0.999358
123 21 0.999358
123 22 0.999358
123 23 0.999359
123 24 0.999359
123 25 0.999359
123 26 0.999359
123 27 0.999359
123 28 0.999359
123 29 0.999359
123 30 0.999359
123 31 0.999359
123 32 0.999359
123 33 0.999359
123 34 0.999358
123 35 0.999358
123 36 0.999358
123 37 0.999357
123 38 0.999357
123 39 0.999356
123 40 0.999355
123 41 0.999354
123 42 0.999353
123 43 0.999352
123 44 0.99935
123 45 0.999348
123 46 0.999347
123 47 0.999344
123 48 0.999342
123 49 0.999339
123 50 0.999336
123 51 0.999332
123 52 0.999328
123 53 0.999323
123 54 0.999318
123 55 0.999312
123 56 0.999306
123 57 0.999299
123 58 0.999292
123 59 0.999284
123 60 0.999275
123 61 0.999265
123 62 0.999255
123 63 0.999243
123 64 0.999231
123 65 0.999219
123 66 0.999205
123 67 0.999191
123 68 0.999176
123 69 0.999161
123 70 0.999145
123 71 0.999129
123 72 0.999112
123 73 0.999095
123 74 0.999078
123 75 0.999061
123 76 0.999045
123 77 0.999029
123 78 0.999013
123 79 0.998999
123 80 0.998986
123 81 0.998975
123 82 0.998965
123 83 0.998958
123 84 0.998954
123 85 0.998952
123 86 0.998954
123 87 0.998961
123 88 0.998971
123 89 0.998987
123 90 0.999008
123 91 0.999035
123 92 0.999069
123 93 0.99911
123 94 0.999159
123 95 0.999217
123 96 0.999285
123 97 0.999362
123 98 0.999451
123 99 0.999552
123 100 0.999667
123 101 0.999796
123 102 0.99994
123 103 1.0001
123 104 1.00028
123 105 1.00049
123 106 1.00071
123 107 1.00096
123 108 1.00124
123 109 1.00154
123 110 1.00188
123 111 1.00227
123 112 1.00272
123 113 1.00315
123 114 1.00365
123 115 1.00434
123 116 1.00508
123 117 1.00561
123 118 1.00633
123 119 1.00781
123 120 1.00919
123 121 1.00935
123 122 1.01039
123 123 1.01436
123 124 1.01674
123 125 1.01172
123 126 1.01437
123 127 1.01914

124 0 0
124 1 0.999345
124 2 0.999346
124 3 0.999347
124 4 0.999348
124 5 0.999349
124 6 0.99935
124 7 0.99935
124 8 0.999351
124 9 0.999352
124 10 0.999352
124 11 0.999353
124 12 0.999353
124 13 0.999353
124 14 0.999354
124 15 0.999354
124 16 0.999354
124 17 0.999355
124 18 0.999355
124 19 0.999355
124 20 0.999355
124 21 0.999355
124 22 0.999356
124 23 0.999356
124 24 0.999356
124 25 0.999356
124 26 0.999356
124 27 0.999356
124 28 0.999356
124 29 0.999356
124 30 0.999356
124 31 0.999356
124 32 0.999355
124 33 0.999355
124 34 0.999355
124 35 0.999355
124 36 0.999354
124 37 0.999353
124 38 0.999353
124 39 0.999352
124 40 0.999351
124 41 0.99935
124 42 0.999348
124 43 0.999347
124 44 0.999345
124 45 0.999343
124 46 0.999341
124 47 0.999338
124 48 0.999335
124 49 0.999332
124 50 0.999328
124 51 0.999324
124 52 0.99932
124 53 0.999315
124 54 0.999309
124 55 0.999303
124 56 0.999296
124 57 0.999288
124 58 0.99928
124 59 0.999271
124 60 0.999261
124 61 0.999251
124 62 0.99924
124 63 0.999228
124 64 0.999215
124 65 0.999202
124 66 0.999187
124 67 0.999173
124 68 0.999157
124 69 0.999141
124 70 0.999124
124 71 0.999107
124 72 0.99909
124 73 0.999072
124 74 0.999054
124 75 0.999037
124 76 0.99902
124 77 0.999004
124 78 0.998988
124 79 0.998973
124 80 0.99896
124 81 0.998949
124 82 0.998939
124 83 0.998932
124 84 0.998928
124 85 0.998926
124 86 0.998929
124 87 0.998935
124 88 0.998946
124 89 0.998962
124 90 0.998984
124 91 0.999011
124 92 0.999046
124 93 0.999088
124 94 0.999137
124 95 0.999196
124 96 0.999264
124 97 0.999343
124 98 0.999433
124 99 0.999535
124 100 0.999651
124 101 0.999781
124 102 0.999927
124 103 1.00009
124 104 1.00027
124 105 1.00048
124 106 1.00071
124 107 1.00096
124 108 1.00124
124 109 1.00155
124 110 1.0019
124 111 1.00229
124 112 1.00271
124 113 1.0032
124 114 1.00376
124 115 1.00437
124 116 1.00501
124 117 1.00579
124 118 1.00677
124 119 1.00788
124 120 1.00884
124 121 1.01011
124 122 1.01218
124 123 1.01545
124 124 1.01668
124 125 1.01683
124 126 1.0209
124 127 1.02014

125 0 0
125 1 0.999344
125 2 0.999345
125 3 0.999346
125 4 0.999346
125 5 0.999347
125 6 0.999348
125 7 0.999348
125 8 0.999349
125 9 0.99935
125 10 0.99935
125 11 0.999351
125 12 0.999351
125 13 0.999352
125 14 0.999352
125 15 0.999352
125 16 0.999352
125 17 0.999353
125 18 0.999353
125 19 0.999353
125 20 0.999353
125 21 0.999353
125 22 0.999354
125 23 0.999354
125 24 0.999354
125 25 0.999354
125 26 0.999354
125 27 0.999354
125 28 0.999354
125 29 0.999354
125 30 0.999354
125 31 0.999354
125 32 0.999353
125 33 0.999353
125 34 0.999353
125 35 0.999352
125 36 0.999352
125 37 0.999351
125 38 0.99935
125 39 0.999349
125 40 0.999348
125 41 0.999347
125 42 0.999345
125 43 0.999343
125 44 0.999341
125 45 0.999339
125 46 0.999336
125 47 0.999334
125 48 0.99933
125 49 0.999327
125 50 0.999323
125 51 0.999318
125 52 0.999313
125 53 0.999307
125 54 0.999301
125 55 0.999294
125 56 0.999287
125 57 0.999279
125 58 0.99927
125 59 0.99926
125 60 0.99925
125 61 0.999239
125 62 0.999227
125 63 0.999214
125 64 0.9992
125 65 0.999186
125 66 0.99917
125 67 0.999155
125 68 0.999138
125 69 0.999121
125 70 0.999103
125 71 0.999085
125 72 0.999067
125 73 0.999048
125 74 0.99903
125 75 0.999011
125 76 0.998994
125 77 0.998976
125 78 0.99896
125 79 0.998944
125 80 0.998931
125 81 0.998918
125 82 0.998908
125 83 0.998901
125 84 0.998896
125 85 0.998894
125 86 0.998896
125 87 0.998902
125 88 0.998913
125 89 0.998928
125 90 0.998949
125 91 0.998977
125 92 0.999011
125 93 0.999053
125 94 0.999102
125 95 0.999161
125 96 0.999229
125 97 0.999307
125 98 0.999397
125 99 0.999499
125 100 0.999615
125 101 0.999745
125 102 0.999892
125 103 1.00006
125 104 1.00024
125 105 1.00044
125 106 1.00067
125 107 1.00093
125 108 1.0012
125 109 1.00153
125 110 1.00188
125 111 1.00226
125 112 1.00268
125 113 1.00321
125 114 1.00376
125 115 1.00428
125 116 1.00496
125 117 1.00604
125 118 1.00687
125 119 1.00733
125 120 1.00876
125 121 1.01204
125 122 1.01287
125 123 1.01168
125 124 1.01652
125 125 1.03361
125 126 1.02984
125 127 1.00465

126 0 0
126 1 0.999344
126 2 0.999344
126 3 0.999345
126 4 0.999346
126 5 0.999346
126 6 0.999347
126 7 0.999348
126 8 0.999348
126 9 0.999349
126 10 0.99935
126 11 0.99935
126 12 0.99935
126 13 0.999351
126 14 0.999351
126 15 0.999351
126 16 0.999352
126 17 0.999352
126 18 0.999352
126 19 0.999352
126 20 0.999353
126 21 0.999353
126 22 0.999353
126 23 0.999353
126 24 0.999353
126 25 0.999353
126 26 0.999353
126 27 0.999353
126 28 0.999353
126 29 0.999353
126 30 0.999353
126 31 0.999353
126 32 0.999352
126 33 0.999352
126 34 0.999351
126 35 0.999351
126 36 0.99935
126 37 0.999349
126 38 0.999348
126 39 0.999347
126 40 0.999346
126 41 0.999345
126 42 0.999343
126 43 0.999341
126 44 0.999339
126 45 0.999336
126 46 0.999333
126 47 0.99933
126 48 0.999327
126 49 0.999323
126 50 0.999318
126 51 0.999313
126 52 0.999308
126 53 0.999302
126 54 0.999295
126 55 0.999288
126 56 0.999279
126 57 0.999271
126 58 0.999261
126 59 0.999251
126 60 0.999239
126 61 0.999227
126 62 0.999215
126 63 0.999201
126 64 0.999186
126 65 0.999171
126 66 0.999155
126 67 0.999138
126 68 0.99912
126 69 0.999102
126 70 0.999083
126 71 0.999064
126 72 0.999044
126 73 0.999025
126 74 0.999005
126 75 0.998985
126 76 0.998966
126 77 0.998948
126 78 0.99893
126 79 0.998914
126 80 0.998899
126 81 0.998885
126 82 0.998874
126 83 0.998865
126 84 0.99886
126 85 0.998857
126 86 0.998858
126 87 0.998863
126 88 0.998872
126 89 0.998887
126 90 0.998907
126 91 0.998934
126 92 0.998967
126 93 0.999008
126 94 0.999056
126 95 0.999114
126 96 0.999181
126 97 0.999258
126 98 0.999347
126 99 0.999448
126 100 0.999562
126 101 0.999692
126 102 0.999837
126 103 1
126 104 1.00018
126 105 1.00038
126 106 1.00061
126 107 1.00086
126 108 1.00115
126 109 1.00145
126 110 1.0018
126 111 1.0022
126 112 1.00264
126 113 1.00308
126 114 1.00363
126 115 1.00433
126 116 1.00497
126 117 1.00558
126 118 1.00666
126 119 1.00814
126 120 1.0088
126 121 1.00951
126 122 1.01308
126 123 1.01735
126 124 1.01588
126 125 1.01965
126 126 1.0382
126 127 1.06761

127 0 0
127 1 0
127 2 0
127 3 0
127 4 0
127 5 0
127 6 0
127 7 0
127 8 0
127 9 0
127 10 0
127 11 0
127 12 0
127 13 0
127 14 0
127 15 0
127 16 0
127 17 0
127 18 0
127 19 0
127 20 0
127 21 0
127 22 0
127 23 0
127 24 0
127 25 0
127 26 0
127 27 0
127 28 0
127 29 0
127 30 0
127 31 0
127 32 0
127 33 0
127 34 0
127 35 0
127 36 0
127 37 0
127 38 0
127 39 0
127 40 0
127 41 0
127 42 0
127 43 0
127 44 0
127 45 0
127 46 0
127 47 0
127 48 0
127 49 0
127 50 0
127 51 0
127 52 0
127 53 0
127 54 0
127 55 0
127 56 0
127 57 0
127 58 0
127 59 0
127 60 0
127 61 0
127 62 0
127 63 0
127 64 0
127 65 0
127 66 0
127 67 0
127 68 0
127 69 0
127 70 0
127 71 0
127 72 0
127 73 0
127 74 0
127 75 0
127 76 0
127 77 0
127 78 0
127 79 0
127 80 0
127 81 0
127 82 0
127 83 0
127 84 0
127 85 0
127 86 0
127 87 0
127 88 0
127 89 0
127 90 0
127 91 0
127 92 0
127 93 0
127 94 0
127 95 0
127 96 0
127 97 0
127 98 0
127 99 0
127 100 0
127 101 0
127 102 0
127 103 0
127 104 0
127 105 0
127 106 0
127 107 0
127 108 0
127 109 0
127 110 0
127 111 0
127 112 0
127 113 0
127 114 0
127 115 0
127 116 0
127 117 0
127 118 0
127 119 0
127 120 0
127 121 0
127 122 0
127 123 0
127 124 0
127 125 0
127 126 0
127 127 0

