0 0 0
0 1 0
0 2 0
0 3 0
0 4 0
0 5 0
0 6 0
0 7 0
0 8 0
0 9 0
0 10 0
0 11 0
0 12 0
0 13 0
0 14 0
0 15 0
0 16 0
0 17 0
0 18 0
0 19 0
0 20 0
0 21 0
0 22 0
0 23 0
0 24 0
0 25 0
0 26 0
0 27 0
0 28 0
0 29 0
0 30 0
0 31 0
0 32 0
0 33 0
0 34 0
0 35 0
0 36 0
0 37 0
0 38 0
0 39 0
0 40 0
0 41 0
0 42 0
0 43 0
0 44 0
0 45 0
0 46 0
0 47 0
0 48 0
0 49 0
0 50 0
0 51 0
0 52 0
0 53 0
0 54 0
0 55 0
0 56 0
0 57 0
0 58 0
0 59 0
0 60 0
0 61 0
0 62 0
0 63 0
0 64 0
0 65 0
0 66 0
0 67 0
0 68 0
0 69 0
0 70 0
0 71 0
0 72 0
0 73 0
0 74 0
0 75 0
0 76 0
0 77 0
0 78 0
0 79 0
0 80 0
0 81 0
0 82 0
0 83 0
0 84 0
0 85 0
0 86 0
0 87 0
0 88 0
0 89 0
0 90 0
0 91 0
0 92 0
0 93 0
0 94 0
0 95 0
0 96 0
0 97 0
0 98 0
0 99 0
0 100 0
0 101 0
0 102 0
0 103 0
0 104 0
0 105 0
0 106 0
0 107 0
0 108 0
0 109 0
0 110 0
0 111 0
0 112 0
0 113 0
0 114 0
0 115 0
0 116 0
0 117 0
0 118 0
0 119 0
0 120 0
0 121 0
0 122 0
0 123 0
0 124 0
0 125 0
0 126 0
0 127 0

1 0 0
1 1 1.00093
1 2 1.00093
1 3 1.00093
1 4 1.00093
1 5 1.00093
1 6 1.00093
1 7 1.00093
1 8 1.00094
1 9 1.00094
1 10 1.00094
1 11 1.00094
1 12 1.00094
1 13 1.00095
1 14 1.00095
1 15 1.00095
1 16 1.00095
1 17 1.00096
1 18 1.00096
1 19 1.00096
1 20 1.00096
1 21 1.00096
1 22 1.00096
1 23 1.00097
1 24 1.00097
1 25 1.00097
1 26 1.00097
1 27 1.00097
1 28 1.00096
1 29 1.00096
1 30 1.00096
1 31 1.00096
1 32 1.00096
1 33 1.00095
1 34 1.00095
1 35 1.00094
1 36 1.00093
1 37 1.00093
1 38 1.00092
1 39 1.00091
1 40 1.0009
1 41 1.00089
1 42 1.00088
1 43 1.00087
1 44 1.00086
1 45 1.00084
1 46 1.00083
1 47 1.00081
1 48 1.0008
1 49 1.00078
1 50 1.00076
1 51 1.00074
1 52 1.00072
1 53 1.0007
1 54 1.00068
1 55 1.00066
1 56 1.00064
1 57 1.00062
1 58 1.00059
1 59 1.00057
1 60 1.00055
1 61 1.00052
1 62 1.0005
1 63 1.00048
1 64 1.00045
1 65 1.00043
1 66 1.00041
1 67 1.00038
1 68 1.00036
1 69 1.00034
1 70 1.00031
1 71 1.00029
1 72 1.00027
1 73 1.00025
1 74 1.00023
1 75 1.00021
1 76 1.00019
1 77 1.00017
1 78 1.00015
1 79 1.00013
1 80 1.00011
1 81 1.0001
1 82 1.00008
1 83 1.00007
1 84 1.00005
1 85 1.00004
1 86 1.00003
1 87 1.00001
1 88 1
1 89 0.999992
1 90 0.999981
1 91 0.999972
1 92 0.999962
1 93 0.999954
1 94 0.999946
1 95 0.999938
1 96 0.999931
1 97 0.999924
1 98 0.999917
1 99 0.99991
1 100 0.999904
1 101 0.999898
1 102 0.999891
1 103 0.999885
1 104 0.999878
1 105 0.99987
1 106 0.999861
1 107 0.999854
1 108 0.999843
1 109 0.999827
1 110 0.999815
1 111 0.999806
1 112 0.999772
1 113 0.999729
1 114 0.999726
1 115 0.999698
1 116 0.999543
1 117 0.99947
1 118 0.999566
1 119 0.999285
1 120 0.998607
1 121 0.998898
1 122 0.999255
1 123 0.996616
1 124 0.994592
1 125 0.997205
1 126 0.994515
1 127 0.972324

2 0 0
2 1 1.00093
2 2 1.00093
2 3 1.00093
2 4 1.00093
2 5 1.00093
2 6 1.00093
2 7 1.00093
2 8 1.00094
2 9 1.00094
2 10 1.00094
2 11 1.00094
2 12 1.00094
2 13 1.00095
2 14 1.00095
2 15 1.00095
2 16 1.00095
2 17 1.00095
2 18 1.00096
2 19 1.00096
2 20 1.00096
2 21 1.00096
2 22 1.00096
2 23 1.00096
2 24 1.00096
2 25 1.00096
2 26 1.00096
2 27 1.00096
2 28 1.00096
2 29 1.00096
2 30 1.00096
2 31 1.00095
2 32 1.00095
2 33 1.00095
2 34 1.00094
2 35 1.00094
2 36 1.00093
2 37 1.00092
2 38 1.00091
2 39 1.00091
2 40 1.0009
2 41 1.00089
2 42 1.00087
2 43 1.00086
2 44 1.00085
2 45 1.00084
2 46 1.00082
2 47 1.00081
2 48 1.00079
2 49 1.00077
2 50 1.00075
2 51 1.00074
2 52 1.00072
2 53 1.0007
2 54 1.00068
2 55 1.00066
2 56 1.00063
2 57 1.00061
2 58 1.00059
2 59 1.00057
2 60 1.00054
2 61 1.00052
2 62 1.0005
2 63 1.00047
2 64 1.00045
2 65 1.00043
2 66 1.0004
2 67 1.00038
2 68 1.00036
2 69 1.00033
2 70 1.00031
2 71 1.00029
2 72 1.00027
2 73 1.00025
2 74 1.00023
2 75 1.00021
2 76 1.00019
2 77 1.00017
2 78 1.00015
2 79 1.00013
2 80 1.00012
2 81 1.0001
2 82 1.00008
2 83 1.00007
2 84 1.00006
2 85 1.00004
2 86 1.00003
2 87 1.00002
2 88 1.00001
2 89 0.999995
2 90 0.999984
2 91 0.999975
2 92 0.999965
2 93 0.999957
2 94 0.999948
2 95 0.99994
2 96 0.999933
2 97 0.999925
2 98 0.999918
2 99 0.999911
2 100 0.999904
2 101 0.999897
2 102 0.99989
2 103 0.999882
2 104 0.999874
2 105 0.999867
2 106 0.999857
2 107 0.999844
2 108 0.999832
2 109 0.999823
2 110 0.999798
2 111 0.999769
2 112 0.99976
2 113 0.999739
2 114 0.999639
2 115 0.999589
2 116 0.999643
2 117 0.999485
2 118 0.999037
2 119 0.99922
2 120 0.99958
2 121 0.998091
2 122 0.996409
2 123 0.999458
2 124 1.00004
2 125 0.986073
2 126 0.985318
2 127 1.01316

3 0 0
3 1 1.00093
3 2 1.00093
3 3 1.00093
3 4 1.00093
3 5 1.00093
3 6 1.00093
3 7 1.00093
3 8 1.00094
3 9 1.00094
3 10 1.00094
3 11 1.00094
3 12 1.00094
3 13 1.00094
3 14 1.00095
3 15 1.00095
3 16 1.00095
3 17 1.00095
3 18 1.00095
3 19 1.00095
3 20 1.00096
3 21 1.00096
3 22 1.00096
3 23 1.00096
3 24 1.00096
3 25 1.00096
3 26 1.00096
3 27 1.00096
3 28 1.00096
3 29 1.00095
3 30 1.00095
3 31 1.00095
3 32 1.00094
3 33 1.00094
3 34 1.00094
3 35 1.00093
3 36 1.00092
3 37 1.00092
3 38 1.00091
3 39 1.0009
3 40 1.00089
3 41 1.00088
3 42 1.00087
3 43 1.00086
3 44 1.00084
3 45 1.00083
3 46 1.00081
3 47 1.0008
3 48 1.00078
3 49 1.00077
3 50 1.00075
3 51 1.00073
3 52 1.00071
3 53 1.00069
3 54 1.00067
3 55 1.00065
3 56 1.00063
3 57 1.00061
3 58 1.00058
3 59 1.00056
3 60 1.00054
3 61 1.00052
3 62 1.00049
3 63 1.00047
3 64 1.00045
3 65 1.00042
3 66 1.0004
3 67 1.00038
3 68 1.00036
3 69 1.00033
3 70 1.00031
3 71 1.00029
3 72 1.00027
3 73 1.00025
3 74 1.00023
3 75 1.00021
3 76 1.00019
3 77 1.00017
3 78 1.00015
3 79 1.00013
3 80 1.00012
3 81 1.0001
3 82 1.00009
3 83 1.00007
3 84 1.00006
3 85 1.00004
3 86 1.00003
3 87 1.00002
3 88 1.00001
3 89 0.999997
3 90 0.999987
3 91 0.999977
3 92 0.999968
3 93 0.999959
3 94 0.999951
3 95 0.999942
3 96 0.999935
3 97 0.999927
3 98 0.99992
3 99 0.999912
3 100 0.999905
3 101 0.999897
3 102 0.99989
3 103 0.999881
3 104 0.999872
3 105 0.999863
3 106 0.999853
3 107 0.99984
3 108 0.999824
3 109 0.99981
3 110 0.999793
3 111 0.99976
3 112 0.999727
3 113 0.999714
3 114 0.999664
3 115 0.999549
3 116 0.999499
3 117 0.999526
3 118 0.999273
3 119 0.998843
3 120 0.99898
3 121 0.999162
3 122 0.99765
3 123 0.996175
3 124 0.998092
3 125 0.997761
3 126 0.990898
3 127 0.999563

4 0 0
4 1 1.00093
4 2 1.00093
4 3 1.00093
4 4 1.00093
4 5 1.00093
4 6 1.00093
4 7 1.00093
4 8 1.00094
4 9 1.00094
4 10 1.00094
4 11 1.00094
4 12 1.00094
4 13 1.00094
4 14 1.00094
4 15 1.00095
4 16 1.00095
4 17 1.00095
4 18 1.00095
4 19 1.00095
4 20 1.00095
4 21 1.00095
4 22 1.00096
4 23 1.00096
4 24 1.00096
4 25 1.00096
4 26 1.00095
4 27 1.00095
4 28 1.00095
4 29 1.00095
4 30 1.00095
4 31 1.00094
4 32 1.00094
4 33 1.00094
4 34 1.00093
4 35 1.00093
4 36 1.00092
4 37 1.00091
4 38 1.0009
4 39 1.00089
4 40 1.00088
4 41 1.00087
4 42 1.00086
4 43 1.00085
4 44 1.00084
4 45 1.00082
4 46 1.00081
4 47 1.00079
4 48 1.00078
4 49 1.00076
4 50 1.00074
4 51 1.00072
4 52 1.00071
4 53 1.00069
4 54 1.00067
4 55 1.00065
4 56 1.00062
4 57 1.0006
4 58 1.00058
4 59 1.00056
4 60 1.00054
4 61 1.00051
4 62 1.00049
4 63 1.00047
4 64 1.00044
4 65 1.00042
4 66 1.0004
4 67 1.00038
4 68 1.00035
4 69 1.00033
4 70 1.00031
4 71 1.00029
4 72 1.00027
4 73 1.00025
4 74 1.00023
4 75 1.00021
4 76 1.00019
4 77 1.00017
4 78 1.00015
4 79 1.00013
4 80 1.00012
4 81 1.0001
4 82 1.00009
4 83 1.00007
4 84 1.00006
4 85 1.00005
4 86 1.00003
4 87 1.00002
4 88 1.00001
4 89 0.999999
4 90 0.999989
4 91 0.999979
4 92 0.99997
4 93 0.999961
4 94 0.999953
4 95 0.999944
4 96 0.999936
4 97 0.999929
4 98 0.999921
4 99 0.999913
4 100 0.999906
4 101 0.999898
4 102 0.999889
4 103 0.999881
4 104 0.999872
4 105 0.99986
4 106 0.999849
4 107 0.999839
4 108 0.999823
4 109 0.999798
4 110 0.999783
4 111 0.999771
4 112 0.999719
4 113 0.999656
4 114 0.999671
4 115 0.99964
4 116 0.999398
4 117 0.999303
4 118 0.999573
4 119 0.999216
4 120 0.998137
4 121 0.998661
4 122 0.999953
4 123 0.996879
4 124 0.993663
4 125 1.00043
4 126 1.00008
4 127 0.995116

5 0 0
5 1 1.00093
5 2 1.00093
5 3 1.00093
5 4 1.00093
5 5 1.00093
5 6 1.00093
5 7 1.00093
5 8 1.00093
5 9 1.00094
5 10 1.00094
5 11 1.00094
5 12 1.00094
5 13 1.00094
5 14 1.00094
5 15 1.00095
5 16 1.00095
5 17 1.00095
5 18 1.00095
5 19 1.00095
5 20 1.00095
5 21 1.00095
5 22 1.00095
5 23 1.00095
5 24 1.00095
5 25 1.00095
5 26 1.00095
5 27 1.00095
5 28 1.00095
5 29 1.00095
5 30 1.00094
5 31 1.00094
5 32 1.00094
5 33 1.00093
5 34 1.00093
5 35 1.00092
5 36 1.00091
5 37 1.00091
5 38 1.0009
5 39 1.00089
5 40 1.00088
5 41 1.00087
5 42 1.00086
5 43 1.00085
5 44 1.00083
5 45 1.00082
5 46 1.0008
5 47 1.00079
5 48 1.00077
5 49 1.00076
5 50 1.00074
5 51 1.00072
5 52 1.0007
5 53 1.00068
5 54 1.00066
5 55 1.00064
5 56 1.00062
5 57 1.0006
5 58 1.00058
5 59 1.00055
5 60 1.00053
5 61 1.00051
5 62 1.00049
5 63 1.00046
5 64 1.00044
5 65 1.00042
5 66 1.00039
5 67 1.00037
5 68 1.00035
5 69 1.00033
5 70 1.00031
5 71 1.00029
5 72 1.00026
5 73 1.00024
5 74 1.00022
5 75 1.00021
5 76 1.00019
5 77 1.00017
5 78 1.00015
5 79 1.00013
5 80 1.00012
5 81 1.0001
5 82 1.00009
5 83 1.00007
5 84 1.00006
5 85 1.00005
5 86 1.00003
5 87 1.00002
5 88 1.00001
5 89 1
5 90 0.99999
5 91 0.999981
5 92 0.999972
5 93 0.999963
5 94 0.999954
5 95 0.999946
5 96 0.999938
5 97 0.99993
5 98 0.999923
5 99 0.999915
5 100 0.999907
5 101 0.999899
5 102 0.999891
5 103 0.999881
5 104 0.999872
5 105 0.999862
5 106 0.999849
5 107 0.999835
5 108 0.999824
5 109 0.999805
5 110 0.999774
5 111 0.999754
5 112 0.999745
5 113 0.999684
5 114 0.999598
5 115 0.999611
5 116 0.999605
5 117 0.999319
5 118 0.999131
5 119 0.99946
5 120 0.999247
5 121 0.997986
5 122 0.998187
5 123 0.999835
5 124 0.997357
5 125 0.995953
5 126 1.00091
5 127 1.00143

6 0 0
6 1 1.00093
6 2 1.00093
6 3 1.00093
6 4 1.00093
6 5 1.00093
6 6 1.00093
6 7 1.00093
6 8 1.00093
6 9 1.00094
6 10 1.00094
6 11 1.00094
6 12 1.00094
6 13 1.00094
6 14 1.00094
6 15 1.00094
6 16 1.00095
6 17 1.00095
6 18 1.00095
6 19 1.00095
6 20 1.00095
6 21 1.00095
6 22 1.00095
6 23 1.00095
6 24 1.00095
6 25 1.00095
6 26 1.00095
6 27 1.00095
6 28 1.00095
6 29 1.00094
6 30 1.00094
6 31 1.00094
6 32 1.00093
6 33 1.00093
6 34 1.00092
6 35 1.00092
6 36 1.00091
6 37 1.0009
6 38 1.00089
6 39 1.00089
6 40 1.00088
6 41 1.00087
6 42 1.00085
6 43 1.00084
6 44 1.00083
6 45 1.00081
6 46 1.0008
6 47 1.00078
6 48 1.00077
6 49 1.00075
6 50 1.00073
6 51 1.00072
6 52 1.0007
6 53 1.00068
6 54 1.00066
6 55 1.00064
6 56 1.00061
6 57 1.00059
6 58 1.00057
6 59 1.00055
6 60 1.00053
6 61 1.0005
6 62 1.00048
6 63 1.00046
6 64 1.00044
6 65 1.00041
6 66 1.00039
6 67 1.00037
6 68 1.00035
6 69 1.00032
6 70 1.0003
6 71 1.00028
6 72 1.00026
6 73 1.00024
6 74 1.00022
6 75 1.0002
6 76 1.00018
6 77 1.00017
6 78 1.00015
6 79 1.00013
6 80 1.00012
6 81 1.0001
6 82 1.00009
6 83 1.00007
6 84 1.00006
6 85 1.00005
6 86 1.00003
6 87 1.00002
6 88 1.00001
6 89 1
6 90 0.999991
6 91 0.999982
6 92 0.999973
6 93 0.999964
6 94 0.999956
6 95 0.999948
6 96 0.99994
6 97 0.999932
6 98 0.999925
6 99 0.999917
6 100 0.999909
6 101 0.999901
6 102 0.999893
6 103 0.999884
6 104 0.999874
6 105 0.999864
6 106 0.999854
6 107 0.999838
6 108 0.999821
6 109 0.999813
6 110 0.999792
6 111 0.999747
6 112 0.999728
6 113 0.999736
6 114 0.999649
6 115 0.999517
6 116 0.999585
6 117 0.999625
6 118 0.999176
6 119 0.998945
6 120 0.999572
6 121 0.999282
6 122 0.997568
6 123 0.998475
6 124 1.00022
6 125 0.997905
6 126 0.999252
6 127 1.0005

7 0 0
7 1 1.00093
7 2 1.00093
7 3 1.00093
7 4 1.00093
7 5 1.00093
7 6 1.00093
7 7 1.00093
7 8 1.00093
7 9 1.00093
7 10 1.00094
7 11 1.00094
7 12 1.00094
7 13 1.00094
7 14 1.00094
7 15 1.00094
7 16 1.00094
7 17 1.00094
7 18 1.00095
7 19 1.00095
7 20 1.00095
7 21 1.00095
7 22 1.00095
7 23 1.00095
7 24 1.00095
7 25 1.00095
7 26 1.00095
7 27 1.00095
7 28 1.00094
7 29 1.00094
7 30 1.00094
7 31 1.00093
7 32 1.00093
7 33 1.00093
7 34 1.00092
7 35 1.00091
7 36 1.00091
7 37 1.0009
7 38 1.00089
7 39 1.00088
7 40 1.00087
7 41 1.00086
7 42 1.00085
7 43 1.00084
7 44 1.00082
7 45 1.00081
7 46 1.0008
7 47 1.00078
7 48 1.00076
7 49 1.00075
7 50 1.00073
7 51 1.00071
7 52 1.00069
7 53 1.00067
7 54 1.00065
7 55 1.00063
7 56 1.00061
7 57 1.00059
7 58 1.00057
7 59 1.00054
7 60 1.00052
7 61 1.0005
7 62 1.00048
7 63 1.00045
7 64 1.00043
7 65 1.00041
7 66 1.00039
7 67 1.00036
7 68 1.00034
7 69 1.00032
7 70 1.0003
7 71 1.00028
7 72 1.00026
7 73 1.00024
7 74 1.00022
7 75 1.0002
7 76 1.00018
7 77 1.00016
7 78 1.00015
7 79 1.00013
7 80 1.00011
7 81 1.0001
7 82 1.00008
7 83 1.00007
7 84 1.00006
7 85 1.00005
7 86 1.00003
7 87 1.00002
7 88 1.00001
7 89 1
7 90 0.999992
7 91 0.999982
7 92 0.999974
7 93 0.999965
7 94 0.999957
7 95 0.999949
7 96 0.999942
7 97 0.999934
7 98 0.999927
7 99 0.99992
7 100 0.999912
7 101 0.999904
7 102 0.999896
7 103 0.999889
7 104 0.999879
7 105 0.999868
7 106 0.999858
7 107 0.999849
7 108 0.99983
7 109 0.99981
7 110 0.999804
7 111 0.999786
7 112 0.999728
7 113 0.999701
7 114 0.999732
7 115 0.999649
7 116 0.999456
7 117 0.999528
7 118 0.99967
7 119 0.999192
7 120 0.998798
7 121 0.999537
7 122 0.999443
7 123 0.99799
7 124 0.998998
7 125 1.00015
7 126 0.999428
7 127 0.999638

8 0 0
8 1 1.00093
8 2 1.00093
8 3 1.00093
8 4 1.00093
8 5 1.00093
8 6 1.00093
8 7 1.00093
8 8 1.00093
8 9 1.00093
8 10 1.00093
8 11 1.00094
8 12 1.00094
8 13 1.00094
8 14 1.00094
8 15 1.00094
8 16 1.00094
8 17 1.00094
8 18 1.00094
8 19 1.00095
8 20 1.00095
8 21 1.00095
8 22 1.00095
8 23 1.00095
8 24 1.00095
8 25 1.00095
8 26 1.00094
8 27 1.00094
8 28 1.00094
8 29 1.00094
8 30 1.00094
8 31 1.00093
8 32 1.00093
8 33 1.00092
8 34 1.00092
8 35 1.00091
8 36 1.0009
8 37 1.0009
8 38 1.00089
8 39 1.00088
8 40 1.00087
8 41 1.00086
8 42 1.00085
8 43 1.00083
8 44 1.00082
8 45 1.00081
8 46 1.00079
8 47 1.00078
8 48 1.00076
8 49 1.00074
8 50 1.00072
8 51 1.00071
8 52 1.00069
8 53 1.00067
8 54 1.00065
8 55 1.00063
8 56 1.0006
8 57 1.00058
8 58 1.00056
8 59 1.00054
8 60 1.00052
8 61 1.00049
8 62 1.00047
8 63 1.00045
8 64 1.00043
8 65 1.0004
8 66 1.00038
8 67 1.00036
8 68 1.00034
8 69 1.00032
8 70 1.00029
8 71 1.00027
8 72 1.00025
8 73 1.00023
8 74 1.00021
8 75 1.0002
8 76 1.00018
8 77 1.00016
8 78 1.00014
8 79 1.00013
8 80 1.00011
8 81 1.0001
8 82 1.00008
8 83 1.00007
8 84 1.00006
8 85 1.00004
8 86 1.00003
8 87 1.00002
8 88 1.00001
8 89 1
8 90 0.999991
8 91 0.999983
8 92 0.999974
8 93 0.999966
8 94 0.999959
8 95 0.999951
8 96 0.999944
8 97 0.999937
8 98 0.99993
8 99 0.999923
8 100 0.999916
8 101 0.99991
8 102 0.999902
8 103 0.999894
8 104 0.999887
8 105 0.999878
8 106 0.999865
8 107 0.999856
8 108 0.999849
8 109 0.999827
8 110 0.999803
8 111 0.999804
8 112 0.99979
8 113 0.999715
8 114 0.999686
8 115 0.999749
8 116 0.999651
8 117 0.999414
8 118 0.999532
8 119 0.99972
8 120 0.999168
8 121 0.998881
8 122 0.999695
8 123 0.999399
8 124 0.99875
8 125 0.999862
8 126 0.999887
8 127 1.00001

9 0 0
9 1 1.00093
9 2 1.00093
9 3 1.00093
9 4 1.00093
9 5 1.00093
9 6 1.00093
9 7 1.00093
9 8 1.00093
9 9 1.00093
9 10 1.00093
9 11 1.00093
9 12 1.00094
9 13 1.00094
9 14 1.00094
9 15 1.00094
9 16 1.00094
9 17 1.00094
9 18 1.00094
9 19 1.00094
9 20 1.00094
9 21 1.00094
9 22 1.00094
9 23 1.00094
9 24 1.00094
9 25 1.00094
9 26 1.00094
9 27 1.00094
9 28 1.00094
9 29 1.00094
9 30 1.00093
9 31 1.00093
9 32 1.00092
9 33 1.00092
9 34 1.00091
9 35 1.00091
9 36 1.0009
9 37 1.00089
9 38 1.00088
9 39 1.00087
9 40 1.00086
9 41 1.00085
9 42 1.00084
9 43 1.00083
9 44 1.00082
9 45 1.0008
9 46 1.00079
9 47 1.00077
9 48 1.00075
9 49 1.00074
9 50 1.00072
9 51 1.0007
9 52 1.00068
9 53 1.00066
9 54 1.00064
9 55 1.00062
9 56 1.0006
9 57 1.00058
9 58 1.00056
9 59 1.00053
9 60 1.00051
9 61 1.00049
9 62 1.00046
9 63 1.00044
9 64 1.00042
9 65 1.0004
9 66 1.00037
9 67 1.00035
9 68 1.00033
9 69 1.00031
9 70 1.00029
9 71 1.00027
9 72 1.00025
9 73 1.00023
9 74 1.00021
9 75 1.00019
9 76 1.00017
9 77 1.00015
9 78 1.00014
9 79 1.00012
9 80 1.00011
9 81 1.00009
9 82 1.00008
9 83 1.00006
9 84 1.00005
9 85 1.00004
9 86 1.00003
9 87 1.00002
9 88 1.00001
9 89 0.999999
9 90 0.999991
9 91 0.999982
9 92 0.999974
9 93 0.999967
9 94 0.99996
9 95 0.999953
9 96 0.999946
9 97 0.99994
9 98 0.999934
9 99 0.999928
9 100 0.999921
9 101 0.999915
9 102 0.999909
9 103 0.999902
9 104 0.999895
9 105 0.999889
9 106 0.999881
9 107 0.999867
9 108 0.999859
9 109 0.999857
9 110 0.999833
9 111 0.999803
9 112 0.999812
9 113 0.999811
9 114 0.999719
9 115 0.999676
9 116 0.999778
9 117 0.999698
9 118 0.999409
9 119 0.999539
9 120 0.999796
9 121 0.999278
9 122 0.999107
9 123 0.999822
9 124 0.99964
9 125 0.999452
9 126 1.00002
9 127 1.0004

10 0 0
10 1 1.00092
10 2 1.00092
10 3 1.00093
10 4 1.00093
10 5 1.00093
10 6 1.00093
10 7 1.00093
10 8 1.00093
10 9 1.00093
10 10 1.00093
10 11 1.00093
10 12 1.00093
10 13 1.00094
10 14 1.00094
10 15 1.00094
10 16 1.00094
10 17 1.00094
10 18 1.00094
10 19 1.00094
10 20 1.00094
10 21 1.00094
10 22 1.00094
10 23 1.00094
10 24 1.00094
10 25 1.00094
10 26 1.00094
10 27 1.00094
10 28 1.00094
10 29 1.00093
10 30 1.00093
10 31 1.00093
10 32 1.00092
10 33 1.00092
10 34 1.00091
10 35 1.0009
10 36 1.0009
10 37 1.00089
10 38 1.00088
10 39 1.00087
10 40 1.00086
10 41 1.00085
10 42 1.00084
10 43 1.00083
10 44 1.00081
10 45 1.0008
10 46 1.00078
10 47 1.00077
10 48 1.00075
10 49 1.00073
10 50 1.00071
10 51 1.0007
10 52 1.00068
10 53 1.00066
10 54 1.00063
10 55 1.00061
10 56 1.00059
10 57 1.00057
10 58 1.00055
10 59 1.00053
10 60 1.0005
10 61 1.00048
10 62 1.00046
10 63 1.00043
10 64 1.00041
10 65 1.00039
10 66 1.00037
10 67 1.00034
10 68 1.00032
10 69 1.0003
10 70 1.00028
10 71 1.00026
10 72 1.00024
10 73 1.00022
10 74 1.0002
10 75 1.00018
10 76 1.00016
10 77 1.00015
10 78 1.00013
10 79 1.00012
10 80 1.0001
10 81 1.00009
10 82 1.00007
10 83 1.00006
10 84 1.00005
10 85 1.00004
10 86 1.00003
10 87 1.00002
10 88 1.00001
10 89 0.999997
10 90 0.999989
10 91 0.999981
10 92 0.999974
10 93 0.999967
10 94 0.999961
10 95 0.999955
10 96 0.999949
10 97 0.999943
10 98 0.999938
10 99 0.999933
10 100 0.999928
10 101 0.999922
10 102 0.999918
10 103 0.999913
10 104 0.999906
10 105 0.9999
10 106 0.999896
10 107 0.99989
10 108 0.999875
10 109 0.999869
10 110 0.999873
10 111 0.999849
10 112 0.999813
10 113 0.999832
10 114 0.999842
10 115 0.99974
10 116 0.999696
10 117 0.999819
10 118 0.99974
10 119 0.99947
10 120 0.99964
10 121 0.999824
10 122 0.999433
10 123 0.999528
10 124 0.999955
10 125 0.999837
10 126 1.0001
10 127 1.00029

11 0 0
11 1 1.00092
11 2 1.00092
11 3 1.00092
11 4 1.00092
11 5 1.00093
11 6 1.00093
11 7 1.00093
11 8 1.00093
11 9 1.00093
11 10 1.00093
11 11 1.00093
11 12 1.00093
11 13 1.00093
11 14 1.00094
11 15 1.00094
11 16 1.00094
11 17 1.00094
11 18 1.00094
11 19 1.00094
11 20 1.00094
11 21 1.00094
11 22 1.00094
11 23 1.00094
11 24 1.00094
11 25 1.00094
11 26 1.00094
11 27 1.00094
11 28 1.00093
11 29 1.00093
11 30 1.00093
11 31 1.00092
11 32 1.00092
11 33 1.00091
11 34 1.00091
11 35 1.0009
11 36 1.00089
11 37 1.00089
11 38 1.00088
11 39 1.00087
11 40 1.00086
11 41 1.00085
11 42 1.00083
11 43 1.00082
11 44 1.00081
11 45 1.00079
11 46 1.00078
11 47 1.00076
11 48 1.00074
11 49 1.00073
11 50 1.00071
11 51 1.00069
11 52 1.00067
11 53 1.00065
11 54 1.00063
11 55 1.00061
11 56 1.00059
11 57 1.00056
11 58 1.00054
11 59 1.00052
11 60 1.00049
11 61 1.00047
11 62 1.00045
11 63 1.00043
11 64 1.0004
11 65 1.00038
11 66 1.00036
11 67 1.00034
11 68 1.00031
11 69 1.00029
11 70 1.00027
11 71 1.00025
11 72 1.00023
11 73 1.00021
11 74 1.00019
11 75 1.00017
11 76 1.00016
11 77 1.00014
11 78 1.00012
11 79 1.00011
11 80 1.00009
11 81 1.00008
11 82 1.00007
11 83 1.00005
11 84 1.00004
11 85 1.00003
11 86 1.00002
11 87 1.00001
11 88 1
11 89 0.999994
11 90 0.999987
11 91 0.99998
11 92 0.999973
11 93 0.999967
11 94 0.999961
11 95 0.999956
11 96 0.999951
11 97 0.999947
11 98 0.999942
11 99 0.999938
11 100 0.999935
11 101 0.999931
11 102 0.999927
11 103 0.999924
11 104 0.999921
11 105 0.999916
11 106 0.99991
11 107 0.99991
11 108 0.999907
11 109 0.999891
11 110 0.999887
11 111 0.9999
11 112 0.999878
11 113 0.999835
11 114 0.999864
11 115 0.999891
11 116 0.999781
11 117 0.999735
11 118 0.999881
11 119 0.999807
11 120 0.999577
11 121 0.999773
11 122 0.999914
11 123 0.999672
11 124 0.999851
11 125 1.00013
11 126 1.00024
11 127 1.00036

12 0 0
12 1 1.00092
12 2 1.00092
12 3 1.00092
12 4 1.00092
12 5 1.00092
12 6 1.00093
12 7 1.00093
12 8 1.00093
12 9 1.00093
12 10 1.00093
12 11 1.00093
12 12 1.00093
12 13 1.00093
12 14 1.00093
12 15 1.00094
12 16 1.00094
12 17 1.00094
12 18 1.00094
12 19 1.00094
12 20 1.00094
12 21 1.00094
12 22 1.00094
12 23 1.00094
12 24 1.00094
12 25 1.00094
12 26 1.00094
12 27 1.00093
12 28 1.00093
12 29 1.00093
12 30 1.00093
12 31 1.00092
12 32 1.00092
12 33 1.00091
12 34 1.00091
12 35 1.0009
12 36 1.00089
12 37 1.00088
12 38 1.00087
12 39 1.00086
12 40 1.00085
12 41 1.00084
12 42 1.00083
12 43 1.00082
12 44 1.0008
12 45 1.00079
12 46 1.00077
12 47 1.00076
12 48 1.00074
12 49 1.00072
12 50 1.0007
12 51 1.00068
12 52 1.00066
12 53 1.00064
12 54 1.00062
12 55 1.0006
12 56 1.00058
12 57 1.00055
12 58 1.00053
12 59 1.00051
12 60 1.00049
12 61 1.00046
12 62 1.00044
12 63 1.00042
12 64 1.00039
12 65 1.00037
12 66 1.00035
12 67 1.00033
12 68 1.0003
12 69 1.00028
12 70 1.00026
12 71 1.00024
12 72 1.00022
12 73 1.0002
12 74 1.00018
12 75 1.00016
12 76 1.00015
12 77 1.00013
12 78 1.00011
12 79 1.0001
12 80 1.00008
12 81 1.00007
12 82 1.00006
12 83 1.00005
12 84 1.00004
12 85 1.00002
12 86 1.00001
12 87 1.00001
12 88 0.999998
12 89 0.99999
12 90 0.999983
12 91 0.999977
12 92 0.999971
12 93 0.999966
12 94 0.999962
12 95 0.999957
12 96 0.999954
12 97 0.99995
12 98 0.999948
12 99 0.999945
12 100 0.999942
12 101 0.999941
12 102 0.999939
12 103 0.999936
12 104 0.999935
12 105 0.999935
12 106 0.999931
12 107 0.999927
12 108 0.999932
12 109 0.999932
12 110 0.999917
12 111 0.999915
12 112 0.999936
12 113 0.999918
12 114 0.999874
12 115 0.999909
12 116 0.999945
12 117 0.999842
12 118 0.999814
12 119 0.999948
12 120 0.999879
12 121 0.999752
12 122 0.999937
12 123 1
12 124 0.999974
12 125 1.00018
12 126 1.00033
12 127 1.00048

13 0 0
13 1 1.00092
13 2 1.00092
13 3 1.00092
13 4 1.00092
13 5 1.00092
13 6 1.00092
13 7 1.00092
13 8 1.00093
13 9 1.00093
13 10 1.00093
13 11 1.00093
13 12 1.00093
13 13 1.00093
13 14 1.00093
13 15 1.00093
13 16 1.00094
13 17 1.00094
13 18 1.00094
13 19 1.00094
13 20 1.00094
13 21 1.00094
13 22 1.00094
13 23 1.00094
13 24 1.00094
13 25 1.00094
13 26 1.00093
13 27 1.00093
13 28 1.00093
13 29 1.00093
13 30 1.00092
13 31 1.00092
13 32 1.00091
13 33 1.00091
13 34 1.0009
13 35 1.0009
13 36 1.00089
13 37 1.00088
13 38 1.00087
13 39 1.00086
13 40 1.00085
13 41 1.00084
13 42 1.00083
13 43 1.00081
13 44 1.0008
13 45 1.00078
13 46 1.00077
13 47 1.00075
13 48 1.00073
13 49 1.00071
13 50 1.00069
13 51 1.00067
13 52 1.00065
13 53 1.00063
13 54 1.00061
13 55 1.00059
13 56 1.00057
13 57 1.00054
13 58 1.00052
13 59 1.0005
13 60 1.00048
13 61 1.00045
13 62 1.00043
13 63 1.0004
13 64 1.00038
13 65 1.00036
13 66 1.00034
13 67 1.00031
13 68 1.00029
13 69 1.00027
13 70 1.00025
13 71 1.00023
13 72 1.00021
13 73 1.00019
13 74 1.00017
13 75 1.00015
13 76 1.00013
13 77 1.00012
13 78 1.0001
13 79 1.00009
13 80 1.00007
13 81 1.00006
13 82 1.00005
13 83 1.00004
13 84 1.00003
13 85 1.00002
13 86 1.00001
13 87 0.999999
13 88 0.999992
13 89 0.999985
13 90 0.999979
13 91 0.999974
13 92 0.999969
13 93 0.999965
13 94 0.999961
13 95 0.999958
13 96 0.999956
13 97 0.999954
13 98 0.999953
13 99 0.999952
13 100 0.999951
13 101 0.99995
13 102 0.999951
13 103 0.999951
13 104 0.999951
13 105 0.999952
13 106 0.999956
13 107 0.999955
13 108 0.999952
13 109 0.999962
13 110 0.999967
13 111 0.999952
13 112 0.999954
13 113 0.999984
13 114 0.99997
13 115 0.999926
13 116 0.999972
13 117 1.00001
13 118 0.999917
13 119 0.999916
13 120 1.00004
13 121 0.999978
13 122 0.999939
13 123 1.00011
13 124 1.00018
13 125 1.00024
13 126 1.0004
13 127 1.00055

14 0 0
14 1 1.00092
14 2 1.00092
14 3 1.00092
14 4 1.00092
14 5 1.00092
14 6 1.00092
14 7 1.00092
14 8 1.00092
14 9 1.00093
14 10 1.00093
14 11 1.00093
14 12 1.00093
14 13 1.00093
14 14 1.00093
14 15 1.00093
14 16 1.00093
14 17 1.00094
14 18 1.00094
14 19 1.00094
14 20 1.00094
14 21 1.00094
14 22 1.00094
14 23 1.00094
14 24 1.00094
14 25 1.00093
14 26 1.00093
14 27 1.00093
14 28 1.00093
14 29 1.00092
14 30 1.00092
14 31 1.00092
14 32 1.00091
14 33 1.00091
14 34 1.0009
14 35 1.00089
14 36 1.00088
14 37 1.00088
14 38 1.00087
14 39 1.00086
14 40 1.00085
14 41 1.00083
14 42 1.00082
14 43 1.00081
14 44 1.00079
14 45 1.00078
14 46 1.00076
14 47 1.00074
14 48 1.00072
14 49 1.00071
14 50 1.00069
14 51 1.00067
14 52 1.00065
14 53 1.00062
14 54 1.0006
14 55 1.00058
14 56 1.00056
14 57 1.00053
14 58 1.00051
14 59 1.00049
14 60 1.00046
14 61 1.00044
14 62 1.00042
14 63 1.00039
14 64 1.00037
14 65 1.00035
14 66 1.00032
14 67 1.0003
14 68 1.00028
14 69 1.00026
14 70 1.00023
14 71 1.00021
14 72 1.00019
14 73 1.00017
14 74 1.00016
14 75 1.00014
14 76 1.00012
14 77 1.00011
14 78 1.00009
14 79 1.00008
14 80 1.00006
14 81 1.00005
14 82 1.00004
14 83 1.00003
14 84 1.00002
14 85 1.00001
14 86 0.999999
14 87 0.999991
14 88 0.999985
14 89 0.999979
14 90 0.999974
14 91 0.999969
14 92 0.999966
14 93 0.999963
14 94 0.999961
14 95 0.999959
14 96 0.999958
14 97 0.999957
14 98 0.999957
14 99 0.999958
14 100 0.99996
14 101 0.999961
14 102 0.999963
14 103 0.999966
14 104 0.99997
14 105 0.999971
14 106 0.999976
14 107 0.999984
14 108 0.999986
14 109 0.999985
14 110 1
14 111 1.00001
14 112 0.999999
14 113 1
14 114 1.00004
14 115 1.00003
14 116 0.999996
14 117 1.00005
14 118 1.00008
14 119 1.00001
14 120 1.00004
14 121 1.00013
14 122 1.00011
14 123 1.00015
14 124 1.00028
14 125 1.00036
14 126 1.00047
14 127 1.00058

15 0 0
15 1 1.00091
15 2 1.00092
15 3 1.00092
15 4 1.00092
15 5 1.00092
15 6 1.00092
15 7 1.00092
15 8 1.00092
15 9 1.00092
15 10 1.00093
15 11 1.00093
15 12 1.00093
15 13 1.00093
15 14 1.00093
15 15 1.00093
15 16 1.00093
15 17 1.00093
15 18 1.00093
15 19 1.00094
15 20 1.00094
15 21 1.00094
15 22 1.00094
15 23 1.00093
15 24 1.00093
15 25 1.00093
15 26 1.00093
15 27 1.00093
15 28 1.00093
15 29 1.00092
15 30 1.00092
15 31 1.00091
15 32 1.00091
15 33 1.0009
15 34 1.0009
15 35 1.00089
15 36 1.00088
15 37 1.00087
15 38 1.00086
15 39 1.00085
15 40 1.00084
15 41 1.00083
15 42 1.00081
15 43 1.0008
15 44 1.00079
15 45 1.00077
15 46 1.00075
15 47 1.00073
15 48 1.00072
15 49 1.0007
15 50 1.00068
15 51 1.00066
15 52 1.00064
15 53 1.00061
15 54 1.00059
15 55 1.00057
15 56 1.00055
15 57 1.00052
15 58 1.0005
15 59 1.00047
15 60 1.00045
15 61 1.00043
15 62 1.0004
15 63 1.00038
15 64 1.00035
15 65 1.00033
15 66 1.00031
15 67 1.00028
15 68 1.00026
15 69 1.00024
15 70 1.00022
15 71 1.0002
15 72 1.00018
15 73 1.00016
15 74 1.00014
15 75 1.00012
15 76 1.00011
15 77 1.00009
15 78 1.00008
15 79 1.00006
15 80 1.00005
15 81 1.00004
15 82 1.00002
15 83 1.00001
15 84 1
15 85 0.999996
15 86 0.999989
15 87 0.999982
15 88 0.999976
15 89 0.999971
15 90 0.999967
15 91 0.999964
15 92 0.999962
15 93 0.99996
15 94 0.999959
15 95 0.999959
15 96 0.999959
15 97 0.999961
15 98 0.999962
15 99 0.999965
15 100 0.999968
15 101 0.999972
15 102 0.999976
15 103 0.999981
15 104 0.999988
15 105 0.999994
15 106 0.999998
15 107 1.00001
15 108 1.00002
15 109 1.00002
15 110 1.00003
15 111 1.00005
15 112 1.00006
15 113 1.00005
15 114 1.00007
15 115 1.00011
15 116 1.0001
15 117 1.00008
15 118 1.00013
15 119 1.00016
15 120 1.00012
15 121 1.00017
15 122 1.00024
15 123 1.00026
15 124 1.00034
15 125 1.00045
15 126 1.00055
15 127 1.00065

16 0 0
16 1 1.00091
16 2 1.00091
16 3 1.00092
16 4 1.00092
16 5 1.00092
16 6 1.00092
16 7 1.00092
16 8 1.00092
16 9 1.00092
16 10 1.00092
16 11 1.00093
16 12 1.00093
16 13 1.00093
16 14 1.00093
16 15 1.00093
16 16 1.00093
16 17 1.00093
16 18 1.00093
16 19 1.00093
16 20 1.00093
16 21 1.00093
16 22 1.00093
16 23 1.00093
16 24 1.00093
16 25 1.00093
16 26 1.00093
16 27 1.00093
16 28 1.00092
16 29 1.00092
16 30 1.00092
16 31 1.00091
16 32 1.00091
16 33 1.0009
16 34 1.00089
16 35 1.00089
16 36 1.00088
16 37 1.00087
16 38 1.00086
16 39 1.00085
16 40 1.00083
16 41 1.00082
16 42 1.00081
16 43 1.00079
16 44 1.00078
16 45 1.00076
16 46 1.00074
16 47 1.00073
16 48 1.00071
16 49 1.00069
16 50 1.00067
16 51 1.00065
16 52 1.00062
16 53 1.0006
16 54 1.00058
16 55 1.00056
16 56 1.00053
16 57 1.00051
16 58 1.00048
16 59 1.00046
16 60 1.00044
16 61 1.00041
16 62 1.00039
16 63 1.00036
16 64 1.00034
16 65 1.00031
16 66 1.00029
16 67 1.00027
16 68 1.00024
16 69 1.00022
16 70 1.0002
16 71 1.00018
16 72 1.00016
16 73 1.00014
16 74 1.00012
16 75 1.00011
16 76 1.00009
16 77 1.00007
16 78 1.00006
16 79 1.00004
16 80 1.00003
16 81 1.00002
16 82 1.00001
16 83 1
16 84 0.999991
16 85 0.999984
16 86 0.999977
16 87 0.999971
16 88 0.999966
16 89 0.999962
16 90 0.999959
16 91 0.999957
16 92 0.999956
16 93 0.999956
16 94 0.999956
16 95 0.999958
16 96 0.99996
16 97 0.999963
16 98 0.999967
16 99 0.999971
16 100 0.999976
16 101 0.999982
16 102 0.999989
16 103 0.999996
16 104 1
16 105 1.00001
16 106 1.00002
16 107 1.00003
16 108 1.00004
16 109 1.00006
16 110 1.00007
16 111 1.00008
16 112 1.0001
16 113 1.00012
16 114 1.00012
16 115 1.00014
16 116 1.00018
16 117 1.00018
16 118 1.00017
16 119 1.00022
16 120 1.00025
16 121 1.00024
16 122 1.0003
16 123 1.00037
16 124 1.00042
16 125 1.00051
16 126 1.00061
16 127 1.00071

17 0 0
17 1 1.00091
17 2 1.00091
17 3 1.00091
17 4 1.00091
17 5 1.00092
17 6 1.00092
17 7 1.00092
17 8 1.00092
17 9 1.00092
17 10 1.00092
17 11 1.00092
17 12 1.00093
17 13 1.00093
17 14 1.00093
17 15 1.00093
17 16 1.00093
17 17 1.00093
17 18 1.00093
17 19 1.00093
17 20 1.00093
17 21 1.00093
17 22 1.00093
17 23 1.00093
17 24 1.00093
17 25 1.00093
17 26 1.00093
17 27 1.00092
17 28 1.00092
17 29 1.00092
17 30 1.00091
17 31 1.00091
17 32 1.0009
17 33 1.0009
17 34 1.00089
17 35 1.00088
17 36 1.00087
17 37 1.00086
17 38 1.00085
17 39 1.00084
17 40 1.00083
17 41 1.00082
17 42 1.0008
17 43 1.00079
17 44 1.00077
17 45 1.00075
17 46 1.00074
17 47 1.00072
17 48 1.0007
17 49 1.00068
17 50 1.00066
17 51 1.00063
17 52 1.00061
17 53 1.00059
17 54 1.00057
17 55 1.00054
17 56 1.00052
17 57 1.00049
17 58 1.00047
17 59 1.00044
17 60 1.00042
17 61 1.00039
17 62 1.00037
17 63 1.00034
17 64 1.00032
17 65 1.0003
17 66 1.00027
17 67 1.00025
17 68 1.00023
17 69 1.0002
17 70 1.00018
17 71 1.00016
17 72 1.00014
17 73 1.00012
17 74 1.0001
17 75 1.00009
17 76 1.00007
17 77 1.00005
17 78 1.00004
17 79 1.00003
17 80 1.00001
17 81 1
17 82 0.999993
17 83 0.999984
17 84 0.999976
17 85 0.999969
17 86 0.999963
17 87 0.999958
17 88 0.999955
17 89 0.999952
17 90 0.99995
17 91 0.999949
17 92 0.99995
17 93 0.999951
17 94 0.999953
17 95 0.999956
17 96 0.99996
17 97 0.999964
17 98 0.99997
17 99 0.999977
17 100 0.999984
17 101 0.999992
17 102 1
17 103 1.00001
17 104 1.00002
17 105 1.00003
17 106 1.00005
17 107 1.00006
17 108 1.00007
17 109 1.00009
17 110 1.00011
17 111 1.00012
17 112 1.00014
17 113 1.00016
17 114 1.00019
17 115 1.00019
17 116 1.00021
17 117 1.00025
17 118 1.00026
17 119 1.00027
17 120 1.00032
17 121 1.00035
17 122 1.00037
17 123 1.00044
17 124 1.0005
17 125 1.00058
17 126 1.00066
17 127 1.00075

18 0 0
18 1 1.00091
18 2 1.00091
18 3 1.00091
18 4 1.00091
18 5 1.00091
18 6 1.00092
18 7 1.00092
18 8 1.00092
18 9 1.00092
18 10 1.00092
18 11 1.00092
18 12 1.00092
18 13 1.00093
18 14 1.00093
18 15 1.00093
18 16 1.00093
18 17 1.00093
18 18 1.00093
18 19 1.00093
18 20 1.00093
18 21 1.00093
18 22 1.00093
18 23 1.00093
18 24 1.00093
18 25 1.00093
18 26 1.00092
18 27 1.00092
18 28 1.00092
18 29 1.00091
18 30 1.00091
18 31 1.00091
18 32 1.0009
18 33 1.00089
18 34 1.00089
18 35 1.00088
18 36 1.00087
18 37 1.00086
18 38 1.00085
18 39 1.00084
18 40 1.00082
18 41 1.00081
18 42 1.00079
18 43 1.00078
18 44 1.00076
18 45 1.00074
18 46 1.00073
18 47 1.00071
18 48 1.00069
18 49 1.00067
18 50 1.00064
18 51 1.00062
18 52 1.0006
18 53 1.00058
18 54 1.00055
18 55 1.00053
18 56 1.0005
18 57 1.00048
18 58 1.00045
18 59 1.00043
18 60 1.0004
18 61 1.00038
18 62 1.00035
18 63 1.00032
18 64 1.0003
18 65 1.00028
18 66 1.00025
18 67 1.00023
18 68 1.0002
18 69 1.00018
18 70 1.00016
18 71 1.00014
18 72 1.00012
18 73 1.0001
18 74 1.00008
18 75 1.00006
18 76 1.00005
18 77 1.00003
18 78 1.00002
18 79 1.00001
18 80 0.999995
18 81 0.999984
18 82 0.999975
18 83 0.999966
18 84 0.999959
18 85 0.999953
18 86 0.999948
18 87 0.999944
18 88 0.999941
18 89 0.99994
18 90 0.999939
18 91 0.99994
18 92 0.999941
18 93 0.999944
18 94 0.999948
18 95 0.999952
18 96 0.999958
18 97 0.999965
18 98 0.999972
18 99 0.999981
18 100 0.999991
18 101 1
18 102 1.00001
18 103 1.00003
18 104 1.00004
18 105 1.00005
18 106 1.00007
18 107 1.00009
18 108 1.00011
18 109 1.00012
18 110 1.00014
18 111 1.00017
18 112 1.00018
18 113 1.0002
18 114 1.00023
18 115 1.00026
18 116 1.00027
18 117 1.00029
18 118 1.00033
18 119 1.00034
18 120 1.00037
18 121 1.00042
18 122 1.00045
18 123 1.0005
18 124 1.00056
18 125 1.00064
18 126 1.00071
18 127 1.00079

19 0 0
19 1 1.00091
19 2 1.00091
19 3 1.00091
19 4 1.00091
19 5 1.00091
19 6 1.00091
19 7 1.00092
19 8 1.00092
19 9 1.00092
19 10 1.00092
19 11 1.00092
19 12 1.00092
19 13 1.00092
19 14 1.00093
19 15 1.00093
19 16 1.00093
19 17 1.00093
19 18 1.00093
19 19 1.00093
19 20 1.00093
19 21 1.00093
19 22 1.00093
19 23 1.00093
19 24 1.00093
19 25 1.00092
19 26 1.00092
19 27 1.00092
19 28 1.00092
19 29 1.00091
19 30 1.00091
19 31 1.0009
19 32 1.0009
19 33 1.00089
19 34 1.00088
19 35 1.00087
19 36 1.00086
19 37 1.00085
19 38 1.00084
19 39 1.00083
19 40 1.00082
19 41 1.0008
19 42 1.00079
19 43 1.00077
19 44 1.00075
19 45 1.00073
19 46 1.00072
19 47 1.0007
19 48 1.00067
19 49 1.00065
19 50 1.00063
19 51 1.00061
19 52 1.00058
19 53 1.00056
19 54 1.00054
19 55 1.00051
19 56 1.00048
19 57 1.00046
19 58 1.00043
19 59 1.00041
19 60 1.00038
19 61 1.00035
19 62 1.00033
19 63 1.0003
19 64 1.00028
19 65 1.00025
19 66 1.00023
19 67 1.0002
19 68 1.00018
19 69 1.00016
19 70 1.00014
19 71 1.00012
19 72 1.0001
19 73 1.00008
19 74 1.00006
19 75 1.00004
19 76 1.00003
19 77 1.00001
19 78 0.999997
19 79 0.999984
19 80 0.999973
19 81 0.999963
19 82 0.999954
19 83 0.999946
19 84 0.99994
19 85 0.999935
19 86 0.999931
19 87 0.999928
19 88 0.999926
19 89 0.999926
19 90 0.999927
19 91 0.999929
19 92 0.999932
19 93 0.999936
19 94 0.999941
19 95 0.999948
19 96 0.999955
19 97 0.999964
19 98 0.999973
19 99 0.999984
19 100 0.999996
19 101 1.00001
19 102 1.00002
19 103 1.00004
19 104 1.00005
19 105 1.00007
19 106 1.00009
19 107 1.00011
19 108 1.00013
19 109 1.00015
19 110 1.00017
19 111 1.0002
19 112 1.00023
19 113 1.00025
19 114 1.00027
19 115 1.0003
19 116 1.00033
19 117 1.00034
19 118 1.00038
19 119 1.00041
19 120 1.00043
19 121 1.00047
19 122 1.00052
19 123 1.00056
19 124 1.00062
19 125 1.00069
19 126 1.00076
19 127 1.00083

20 0 0
20 1 1.00091
20 2 1.00091
20 3 1.00091
20 4 1.00091
20 5 1.00091
20 6 1.00091
20 7 1.00091
20 8 1.00092
20 9 1.00092
20 10 1.00092
20 11 1.00092
20 12 1.00092
20 13 1.00092
20 14 1.00092
20 15 1.00093
20 16 1.00093
20 17 1.00093
20 18 1.00093
20 19 1.00093
20 20 1.00093
20 21 1.00093
20 22 1.00093
20 23 1.00093
20 24 1.00092
20 25 1.00092
20 26 1.00092
20 27 1.00092
20 28 1.00091
20 29 1.00091
20 30 1.0009
20 31 1.0009
20 32 1.00089
20 33 1.00088
20 34 1.00088
20 35 1.00087
20 36 1.00086
20 37 1.00085
20 38 1.00083
20 39 1.00082
20 40 1.00081
20 41 1.00079
20 42 1.00078
20 43 1.00076
20 44 1.00074
20 45 1.00072
20 46 1.0007
20 47 1.00068
20 48 1.00066
20 49 1.00064
20 50 1.00062
20 51 1.00059
20 52 1.00057
20 53 1.00054
20 54 1.00052
20 55 1.00049
20 56 1.00047
20 57 1.00044
20 58 1.00041
20 59 1.00039
20 60 1.00036
20 61 1.00033
20 62 1.00031
20 63 1.00028
20 64 1.00025
20 65 1.00023
20 66 1.0002
20 67 1.00018
20 68 1.00016
20 69 1.00013
20 70 1.00011
20 71 1.00009
20 72 1.00007
20 73 1.00005
20 74 1.00003
20 75 1.00002
20 76 1
20 77 0.999986
20 78 0.999972
20 79 0.99996
20 80 0.999949
20 81 0.99994
20 82 0.999932
20 83 0.999925
20 84 0.999919
20 85 0.999915
20 86 0.999912
20 87 0.99991
20 88 0.99991
20 89 0.99991
20 90 0.999912
20 91 0.999916
20 92 0.99992
20 93 0.999926
20 94 0.999933
20 95 0.999941
20 96 0.999951
20 97 0.999961
20 98 0.999973
20 99 0.999986
20 100 1
20 101 1.00001
20 102 1.00003
20 103 1.00005
20 104 1.00007
20 105 1.00009
20 106 1.00011
20 107 1.00013
20 108 1.00015
20 109 1.00018
20 110 1.00021
20 111 1.00023
20 112 1.00026
20 113 1.00029
20 114 1.00031
20 115 1.00034
20 116 1.00037
20 117 1.0004
20 118 1.00042
20 119 1.00046
20 120 1.00049
20 121 1.00052
20 122 1.00056
20 123 1.00061
20 124 1.00067
20 125 1.00073
20 126 1.0008
20 127 1.00086

21 0 0
21 1 1.0009
21 2 1.0009
21 3 1.00091
21 4 1.00091
21 5 1.00091
21 6 1.00091
21 7 1.00091
21 8 1.00091
21 9 1.00092
21 10 1.00092
21 11 1.00092
21 12 1.00092
21 13 1.00092
21 14 1.00092
21 15 1.00092
21 16 1.00092
21 17 1.00093
21 18 1.00093
21 19 1.00093
21 20 1.00093
21 21 1.00093
21 22 1.00092
21 23 1.00092
21 24 1.00092
21 25 1.00092
21 26 1.00092
21 27 1.00091
21 28 1.00091
21 29 1.00091
21 30 1.0009
21 31 1.00089
21 32 1.00089
21 33 1.00088
21 34 1.00087
21 35 1.00086
21 36 1.00085
21 37 1.00084
21 38 1.00083
21 39 1.00081
21 40 1.0008
21 41 1.00078
21 42 1.00077
21 43 1.00075
21 44 1.00073
21 45 1.00071
21 46 1.00069
21 47 1.00067
21 48 1.00065
21 49 1.00062
21 50 1.0006
21 51 1.00058
21 52 1.00055
21 53 1.00053
21 54 1.0005
21 55 1.00047
21 56 1.00045
21 57 1.00042
21 58 1.00039
21 59 1.00036
21 60 1.00034
21 61 1.00031
21 62 1.00028
21 63 1.00025
21 64 1.00023
21 65 1.0002
21 66 1.00018
21 67 1.00015
21 68 1.00013
21 69 1.00011
21 70 1.00008
21 71 1.00006
21 72 1.00004
21 73 1.00002
21 74 1
21 75 0.999988
21 76 0.999973
21 77 0.999958
21 78 0.999945
21 79 0.999934
21 80 0.999923
21 81 0.999915
21 82 0.999907
21 83 0.999901
21 84 0.999896
21 85 0.999893
21 86 0.999891
21 87 0.99989
21 88 0.999891
21 89 0.999893
21 90 0.999896
21 91 0.999901
21 92 0.999907
21 93 0.999915
21 94 0.999923
21 95 0.999933
21 96 0.999944
21 97 0.999957
21 98 0.999971
21 99 0.999986
21 100 1
21 101 1.00002
21 102 1.00004
21 103 1.00006
21 104 1.00008
21 105 1.0001
21 106 1.00013
21 107 1.00015
21 108 1.00018
21 109 1.0002
21 110 1.00023
21 111 1.00026
21 112 1.00029
21 113 1.00032
21 114 1.00035
21 115 1.00038
21 116 1.00041
21 117 1.00044
21 118 1.00047
21 119 1.0005
21 120 1.00054
21 121 1.00057
21 122 1.00061
21 123 1.00066
21 124 1.00071
21 125 1.00077
21 126 1.00083
21 127 1.00089

22 0 0
22 1 1.0009
22 2 1.0009
22 3 1.0009
22 4 1.00091
22 5 1.00091
22 6 1.00091
22 7 1.00091
22 8 1.00091
22 9 1.00091
22 10 1.00092
22 11 1.00092
22 12 1.00092
22 13 1.00092
22 14 1.00092
22 15 1.00092
22 16 1.00092
22 17 1.00092
22 18 1.00092
22 19 1.00092
22 20 1.00092
22 21 1.00092
22 22 1.00092
22 23 1.00092
22 24 1.00092
22 25 1.00092
22 26 1.00091
22 27 1.00091
22 28 1.00091
22 29 1.0009
22 30 1.0009
22 31 1.00089
22 32 1.00088
22 33 1.00087
22 34 1.00086
22 35 1.00085
22 36 1.00084
22 37 1.00083
22 38 1.00082
22 39 1.0008
22 40 1.00079
22 41 1.00077
22 42 1.00076
22 43 1.00074
22 44 1.00072
22 45 1.0007
22 46 1.00068
22 47 1.00065
22 48 1.00063
22 49 1.00061
22 50 1.00058
22 51 1.00056
22 52 1.00053
22 53 1.00051
22 54 1.00048
22 55 1.00045
22 56 1.00042
22 57 1.00039
22 58 1.00037
22 59 1.00034
22 60 1.00031
22 61 1.00028
22 62 1.00025
22 63 1.00023
22 64 1.0002
22 65 1.00017
22 66 1.00015
22 67 1.00012
22 68 1.0001
22 69 1.00008
22 70 1.00005
22 71 1.00003
22 72 1.00001
22 73 0.999992
22 74 0.999975
22 75 0.999958
22 76 0.999943
22 77 0.999929
22 78 0.999916
22 79 0.999905
22 80 0.999895
22 81 0.999887
22 82 0.99988
22 83 0.999875
22 84 0.999871
22 85 0.999868
22 86 0.999867
22 87 0.999868
22 88 0.99987
22 89 0.999873
22 90 0.999878
22 91 0.999884
22 92 0.999892
22 93 0.999901
22 94 0.999911
22 95 0.999923
22 96 0.999936
22 97 0.999951
22 98 0.999966
22 99 0.999983
22 100 1
22 101 1.00002
22 102 1.00004
22 103 1.00006
22 104 1.00009
22 105 1.00011
22 106 1.00014
22 107 1.00017
22 108 1.0002
22 109 1.00022
22 110 1.00025
22 111 1.00029
22 112 1.00032
22 113 1.00035
22 114 1.00038
22 115 1.00042
22 116 1.00045
22 117 1.00048
22 118 1.00051
22 119 1.00054
22 120 1.00057
22 121 1.00061
22 122 1.00065
22 123 1.00069
22 124 1.00074
22 125 1.0008
22 126 1.00086
22 127 1.00092

23 0 0
23 1 1.0009
23 2 1.0009
23 3 1.0009
23 4 1.0009
23 5 1.00091
23 6 1.00091
23 7 1.00091
23 8 1.00091
23 9 1.00091
23 10 1.00091
23 11 1.00092
23 12 1.00092
23 13 1.00092
23 14 1.00092
23 15 1.00092
23 16 1.00092
23 17 1.00092
23 18 1.00092
23 19 1.00092
23 20 1.00092
23 21 1.00092
23 22 1.00092
23 23 1.00092
23 24 1.00092
23 25 1.00091
23 26 1.00091
23 27 1.00091
23 28 1.0009
23 29 1.0009
23 30 1.00089
23 31 1.00088
23 32 1.00088
23 33 1.00087
23 34 1.00086
23 35 1.00085
23 36 1.00084
23 37 1.00082
23 38 1.00081
23 39 1.0008
23 40 1.00078
23 41 1.00076
23 42 1.00074
23 43 1.00073
23 44 1.00071
23 45 1.00068
23 46 1.00066
23 47 1.00064
23 48 1.00061
23 49 1.00059
23 50 1.00056
23 51 1.00054
23 52 1.00051
23 53 1.00048
23 54 1.00046
23 55 1.00043
23 56 1.0004
23 57 1.00037
23 58 1.00034
23 59 1.00031
23 60 1.00028
23 61 1.00025
23 62 1.00023
23 63 1.0002
23 64 1.00017
23 65 1.00014
23 66 1.00012
23 67 1.00009
23 68 1.00007
23 69 1.00004
23 70 1.00002
23 71 0.999999
23 72 0.999979
23 73 0.99996
23 74 0.999942
23 75 0.999926
23 76 0.99991
23 77 0.999897
23 78 0.999885
23 79 0.999874
23 80 0.999865
23 81 0.999857
23 82 0.999851
23 83 0.999847
23 84 0.999844
23 85 0.999842
23 86 0.999842
23 87 0.999844
23 88 0.999847
23 89 0.999852
23 90 0.999858
23 91 0.999865
23 92 0.999875
23 93 0.999885
23 94 0.999897
23 95 0.999911
23 96 0.999926
23 97 0.999942
23 98 0.99996
23 99 0.999979
23 100 1
23 101 1.00002
23 102 1.00004
23 103 1.00007
23 104 1.00009
23 105 1.00012
23 106 1.00015
23 107 1.00018
23 108 1.00021
23 109 1.00024
23 110 1.00027
23 111 1.00031
23 112 1.00034
23 113 1.00038
23 114 1.00041
23 115 1.00044
23 116 1.00048
23 117 1.00051
23 118 1.00054
23 119 1.00058
23 120 1.00061
23 121 1.00064
23 122 1.00068
23 123 1.00073
23 124 1.00077
23 125 1.00082
23 126 1.00088
23 127 1.00094

24 0 0
24 1 1.0009
24 2 1.0009
24 3 1.0009
24 4 1.0009
24 5 1.0009
24 6 1.00091
24 7 1.00091
24 8 1.00091
24 9 1.00091
24 10 1.00091
24 11 1.00091
24 12 1.00092
24 13 1.00092
24 14 1.00092
24 15 1.00092
24 16 1.00092
24 17 1.00092
24 18 1.00092
24 19 1.00092
24 20 1.00092
24 21 1.00092
24 22 1.00092
24 23 1.00092
24 24 1.00091
24 25 1.00091
24 26 1.00091
24 27 1.0009
24 28 1.0009
24 29 1.00089
24 30 1.00089
24 31 1.00088
24 32 1.00087
24 33 1.00086
24 34 1.00085
24 35 1.00084
24 36 1.00083
24 37 1.00081
24 38 1.0008
24 39 1.00079
24 40 1.00077
24 41 1.00075
24 42 1.00073
24 43 1.00071
24 44 1.00069
24 45 1.00067
24 46 1.00065
24 47 1.00062
24 48 1.0006
24 49 1.00057
24 50 1.00054
24 51 1.00052
24 52 1.00049
24 53 1.00046
24 54 1.00043
24 55 1.0004
24 56 1.00037
24 57 1.00034
24 58 1.00031
24 59 1.00028
24 60 1.00025
24 61 1.00022
24 62 1.00019
24 63 1.00017
24 64 1.00014
24 65 1.00011
24 66 1.00008
24 67 1.00006
24 68 1.00003
24 69 1.00001
24 70 0.999986
24 71 0.999964
24 72 0.999944
24 73 0.999925
24 74 0.999907
24 75 0.999891
24 76 0.999876
24 77 0.999863
24 78 0.999851
24 79 0.999841
24 80 0.999832
24 81 0.999825
24 82 0.99982
24 83 0.999816
24 84 0.999814
24 85 0.999813
24 86 0.999815
24 87 0.999817
24 88 0.999822
24 89 0.999828
24 90 0.999835
24 91 0.999844
24 92 0.999855
24 93 0.999867
24 94 0.999881
24 95 0.999897
24 96 0.999913
24 97 0.999932
24 98 0.999951
24 99 0.999973
24 100 0.999995
24 101 1.00002
24 102 1.00004
24 103 1.00007
24 104 1.0001
24 105 1.00013
24 106 1.00016
24 107 1.00019
24 108 1.00022
24 109 1.00026
24 110 1.00029
24 111 1.00032
24 112 1.00036
24 113 1.0004
24 114 1.00043
24 115 1.00047
24 116 1.0005
24 117 1.00054
24 118 1.00057
24 119 1.0006
24 120 1.00064
24 121 1.00067
24 122 1.00071
24 123 1.00075
24 124 1.00079
24 125 1.00084
24 126 1.0009
24 127 1.00095

25 0 0
25 1 1.0009
25 2 1.0009
25 3 1.0009
25 4 1.0009
25 5 1.0009
25 6 1.0009
25 7 1.00091
25 8 1.00091
25 9 1.00091
25 10 1.00091
25 11 1.00091
25 12 1.00091
25 13 1.00092
25 14 1.00092
25 15 1.00092
25 16 1.00092
25 17 1.00092
25 18 1.00092
25 19 1.00092
25 20 1.00092
25 21 1.00092
25 22 1.00092
25 23 1.00091
25 24 1.00091
25 25 1.00091
25 26 1.0009
25 27 1.0009
25 28 1.00089
25 29 1.00089
25 30 1.00088
25 31 1.00087
25 32 1.00086
25 33 1.00086
25 34 1.00084
25 35 1.00083
25 36 1.00082
25 37 1.00081
25 38 1.00079
25 39 1.00077
25 40 1.00076
25 41 1.00074
25 42 1.00072
25 43 1.0007
25 44 1.00068
25 45 1.00065
25 46 1.00063
25 47 1.0006
25 48 1.00058
25 49 1.00055
25 50 1.00052
25 51 1.00049
25 52 1.00046
25 53 1.00043
25 54 1.0004
25 55 1.00037
25 56 1.00034
25 57 1.00031
25 58 1.00028
25 59 1.00025
25 60 1.00022
25 61 1.00019
25 62 1.00016
25 63 1.00013
25 64 1.0001
25 65 1.00007
25 66 1.00005
25 67 1.00002
25 68 0.999995
25 69 0.999971
25 70 0.999948
25 71 0.999927
25 72 0.999906
25 73 0.999887
25 74 0.99987
25 75 0.999854
25 76 0.999839
25 77 0.999826
25 78 0.999815
25 79 0.999805
25 80 0.999797
25 81 0.999791
25 82 0.999786
25 83 0.999783
25 84 0.999782
25 85 0.999782
25 86 0.999785
25 87 0.999789
25 88 0.999794
25 89 0.999802
25 90 0.999811
25 91 0.999821
25 92 0.999833
25 93 0.999847
25 94 0.999863
25 95 0.99988
25 96 0.999898
25 97 0.999919
25 98 0.99994
25 99 0.999963
25 100 0.999988
25 101 1.00001
25 102 1.00004
25 103 1.00007
25 104 1.0001
25 105 1.00013
25 106 1.00016
25 107 1.0002
25 108 1.00023
25 109 1.00027
25 110 1.0003
25 111 1.00034
25 112 1.00037
25 113 1.00041
25 114 1.00045
25 115 1.00048
25 116 1.00052
25 117 1.00056
25 118 1.00059
25 119 1.00062
25 120 1.00066
25 121 1.00069
25 122 1.00073
25 123 1.00077
25 124 1.00081
25 125 1.00086
25 126 1.00091
25 127 1.00096

26 0 0
26 1 1.00089
26 2 1.0009
26 3 1.0009
26 4 1.0009
26 5 1.0009
26 6 1.0009
26 7 1.0009
26 8 1.00091
26 9 1.00091
26 10 1.00091
26 11 1.00091
26 12 1.00091
26 13 1.00091
26 14 1.00091
26 15 1.00092
26 16 1.00092
26 17 1.00092
26 18 1.00092
26 19 1.00092
26 20 1.00092
26 21 1.00091
26 22 1.00091
26 23 1.00091
26 24 1.00091
26 25 1.0009
26 26 1.0009
26 27 1.0009
26 28 1.00089
26 29 1.00088
26 30 1.00088
26 31 1.00087
26 32 1.00086
26 33 1.00085
26 34 1.00084
26 35 1.00082
26 36 1.00081
26 37 1.0008
26 38 1.00078
26 39 1.00076
26 40 1.00074
26 41 1.00072
26 42 1.0007
26 43 1.00068
26 44 1.00066
26 45 1.00063
26 46 1.00061
26 47 1.00058
26 48 1.00056
26 49 1.00053
26 50 1.0005
26 51 1.00047
26 52 1.00044
26 53 1.00041
26 54 1.00038
26 55 1.00034
26 56 1.00031
26 57 1.00028
26 58 1.00025
26 59 1.00022
26 60 1.00019
26 61 1.00016
26 62 1.00012
26 63 1.00009
26 64 1.00006
26 65 1.00004
26 66 1.00001
26 67 0.999982
26 68 0.999956
26 69 0.999932
26 70 0.999909
26 71 0.999887
26 72 0.999866
26 73 0.999847
26 74 0.99983
26 75 0.999814
26 76 0.9998
26 77 0.999787
26 78 0.999776
26 79 0.999767
26 80 0.99976
26 81 0.999754
26 82 0.99975
26 83 0.999748
26 84 0.999748
26 85 0.999749
26 86 0.999753
26 87 0.999758
26 88 0.999764
26 89 0.999773
26 90 0.999783
26 91 0.999796
26 92 0.999809
26 93 0.999825
26 94 0.999842
26 95 0.999861
26 96 0.999881
26 97 0.999903
26 98 0.999926
26 99 0.999951
26 100 0.999978
26 101 1.00001
26 102 1.00004
26 103 1.00007
26 104 1.0001
26 105 1.00013
26 106 1.00016
26 107 1.0002
26 108 1.00024
26 109 1.00027
26 110 1.00031
26 111 1.00035
26 112 1.00039
26 113 1.00042
26 114 1.00046
26 115 1.0005
26 116 1.00053
26 117 1.00057
26 118 1.0006
26 119 1.00064
26 120 1.00067
26 121 1.00071
26 122 1.00074
26 123 1.00078
26 124 1.00082
26 125 1.00087
26 126 1.00091
26 127 1.00096

27 0 0
27 1 1.00089
27 2 1.00089
27 3 1.0009
27 4 1.0009
27 5 1.0009
27 6 1.0009
27 7 1.0009
27 8 1.0009
27 9 1.00091
27 10 1.00091
27 11 1.00091
27 12 1.00091
27 13 1.00091
27 14 1.00091
27 15 1.00091
27 16 1.00091
27 17 1.00091
27 18 1.00091
27 19 1.00091
27 20 1.00091
27 21 1.00091
27 22 1.00091
27 23 1.00091
27 24 1.0009
27 25 1.0009
27 26 1.0009
27 27 1.00089
27 28 1.00088
27 29 1.00088
27 30 1.00087
27 31 1.00086
27 32 1.00085
27 33 1.00084
27 34 1.00083
27 35 1.00081
27 36 1.0008
27 37 1.00078
27 38 1.00077
27 39 1.00075
27 40 1.00073
27 41 1.00071
27 42 1.00069
27 43 1.00066
27 44 1.00064
27 45 1.00062
27 46 1.00059
27 47 1.00056
27 48 1.00053
27 49 1.0005
27 50 1.00047
27 51 1.00044
27 52 1.00041
27 53 1.00038
27 54 1.00035
27 55 1.00031
27 56 1.00028
27 57 1.00025
27 58 1.00021
27 59 1.00018
27 60 1.00015
27 61 1.00012
27 62 1.00009
27 63 1.00006
27 64 1.00003
27 65 0.999996
27 66 0.999968
27 67 0.999941
27 68 0.999915
27 69 0.99989
27 70 0.999866
27 71 0.999844
27 72 0.999824
27 73 0.999805
27 74 0.999788
27 75 0.999772
27 76 0.999758
27 77 0.999746
27 78 0.999735
27 79 0.999727
27 80 0.99972
27 81 0.999715
27 82 0.999712
27 83 0.99971
27 84 0.999711
27 85 0.999714
27 86 0.999718
27 87 0.999724
27 88 0.999732
27 89 0.999742
27 90 0.999754
27 91 0.999768
27 92 0.999783
27 93 0.9998
27 94 0.999819
27 95 0.999839
27 96 0.999861
27 97 0.999885
27 98 0.99991
27 99 0.999937
27 100 0.999965
27 101 0.999995
27 102 1.00003
27 103 1.00006
27 104 1.00009
27 105 1.00013
27 106 1.00016
27 107 1.0002
27 108 1.00024
27 109 1.00028
27 110 1.00031
27 111 1.00035
27 112 1.00039
27 113 1.00043
27 114 1.00047
27 115 1.00051
27 116 1.00054
27 117 1.00058
27 118 1.00061
27 119 1.00065
27 120 1.00068
27 121 1.00072
27 122 1.00075
27 123 1.00079
27 124 1.00083
27 125 1.00087
27 126 1.00092
27 127 1.00096

28 0 0
28 1 1.00089
28 2 1.00089
28 3 1.00089
28 4 1.0009
28 5 1.0009
28 6 1.0009
28 7 1.0009
28 8 1.0009
28 9 1.0009
28 10 1.00091
28 11 1.00091
28 12 1.00091
28 13 1.00091
28 14 1.00091
28 15 1.00091
28 16 1.00091
28 17 1.00091
28 18 1.00091
28 19 1.00091
28 20 1.00091
28 21 1.00091
28 22 1.00091
28 23 1.0009
28 24 1.0009
28 25 1.0009
28 26 1.00089
28 27 1.00089
28 28 1.00088
28 29 1.00087
28 30 1.00086
28 31 1.00085
28 32 1.00084
28 33 1.00083
28 34 1.00082
28 35 1.0008
28 36 1.00079
28 37 1.00077
28 38 1.00076
28 39 1.00074
28 40 1.00072
28 41 1.00069
28 42 1.00067
28 43 1.00065
28 44 1.00062
28 45 1.00059
28 46 1.00057
28 47 1.00054
28 48 1.00051
28 49 1.00048
28 50 1.00045
28 51 1.00041
28 52 1.00038
28 53 1.00035
28 54 1.00031
28 55 1.00028
28 56 1.00025
28 57 1.00021
28 58 1.00018
28 59 1.00014
28 60 1.00011
28 61 1.00008
28 62 1.00005
28 63 1.00001
28 64 0.999983
28 65 0.999953
28 66 0.999925
28 67 0.999897
28 68 0.999871
28 69 0.999845
28 70 0.999822
28 71 0.9998
28 72 0.999779
28 73 0.99976
28 74 0.999743
28 75 0.999727
28 76 0.999714
28 77 0.999702
28 78 0.999692
28 79 0.999684
28 80 0.999677
28 81 0.999673
28 82 0.999671
28 83 0.999671
28 84 0.999672
28 85 0.999676
28 86 0.999681
28 87 0.999689
28 88 0.999698
28 89 0.999709
28 90 0.999722
28 91 0.999737
28 92 0.999754
28 93 0.999772
28 94 0.999793
28 95 0.999815
28 96 0.999839
28 97 0.999864
28 98 0.999891
28 99 0.999919
28 100 0.999949
28 101 0.999981
28 102 1.00001
28 103 1.00005
28 104 1.00008
28 105 1.00012
28 106 1.00016
28 107 1.00019
28 108 1.00023
28 109 1.00027
28 110 1.00031
28 111 1.00035
28 112 1.00039
28 113 1.00043
28 114 1.00047
28 115 1.00051
28 116 1.00055
28 117 1.00058
28 118 1.00062
28 119 1.00065
28 120 1.00069
28 121 1.00072
28 122 1.00075
28 123 1.00079
28 124 1.00083
28 125 1.00087
28 126 1.00091
28 127 1.00096

29 0 0
29 1 1.00089
29 2 1.00089
29 3 1.00089
29 4 1.00089
29 5 1.0009
29 6 1.0009
29 7 1.0009
29 8 1.0009
29 9 1.0009
29 10 1.0009
29 11 1.00091
29 12 1.00091
29 13 1.00091
29 14 1.00091
29 15 1.00091
29 16 1.00091
29 17 1.00091
29 18 1.00091
29 19 1.00091
29 20 1.00091
29 21 1.00091
29 22 1.0009
29 23 1.0009
29 24 1.0009
29 25 1.00089
29 26 1.00089
29 27 1.00088
29 28 1.00087
29 29 1.00087
29 30 1.00086
29 31 1.00085
29 32 1.00084
29 33 1.00082
29 34 1.00081
29 35 1.00079
29 36 1.00078
29 37 1.00076
29 38 1.00074
29 39 1.00072
29 40 1.0007
29 41 1.00068
29 42 1.00065
29 43 1.00063
29 44 1.0006
29 45 1.00057
29 46 1.00054
29 47 1.00051
29 48 1.00048
29 49 1.00045
29 50 1.00042
29 51 1.00038
29 52 1.00035
29 53 1.00032
29 54 1.00028
29 55 1.00025
29 56 1.00021
29 57 1.00017
29 58 1.00014
29 59 1.0001
29 60 1.00007
29 61 1.00004
29 62 1
29 63 0.999971
29 64 0.999939
29 65 0.999908
29 66 0.999879
29 67 0.999851
29 68 0.999824
29 69 0.999799
29 70 0.999775
29 71 0.999752
29 72 0.999732
29 73 0.999713
29 74 0.999696
29 75 0.99968
29 76 0.999667
29 77 0.999656
29 78 0.999646
29 79 0.999638
29 80 0.999633
29 81 0.999629
29 82 0.999628
29 83 0.999628
29 84 0.999631
29 85 0.999635
29 86 0.999642
29 87 0.99965
29 88 0.999661
29 89 0.999673
29 90 0.999688
29 91 0.999704
29 92 0.999722
29 93 0.999742
29 94 0.999764
29 95 0.999788
29 96 0.999813
29 97 0.99984
29 98 0.999869
29 99 0.999899
29 100 0.999931
29 101 0.999964
29 102 0.999998
29 103 1.00003
29 104 1.00007
29 105 1.00011
29 106 1.00015
29 107 1.00019
29 108 1.00023
29 109 1.00027
29 110 1.00031
29 111 1.00035
29 112 1.00039
29 113 1.00043
29 114 1.00047
29 115 1.00051
29 116 1.00054
29 117 1.00058
29 118 1.00062
29 119 1.00065
29 120 1.00068
29 121 1.00072
29 122 1.00075
29 123 1.00079
29 124 1.00082
29 125 1.00086
29 126 1.0009
29 127 1.00095

30 0 0
30 1 1.00089
30 2 1.00089
30 3 1.00089
30 4 1.00089
30 5 1.00089
30 6 1.0009
30 7 1.0009
30 8 1.0009
30 9 1.0009
30 10 1.0009
30 11 1.0009
30 12 1.00091
30 13 1.00091
30 14 1.00091
30 15 1.00091
30 16 1.00091
30 17 1.00091
30 18 1.00091
30 19 1.00091
30 20 1.0009
30 21 1.0009
30 22 1.0009
30 23 1.0009
30 24 1.00089
30 25 1.00089
30 26 1.00088
30 27 1.00088
30 28 1.00087
30 29 1.00086
30 30 1.00085
30 31 1.00084
30 32 1.00083
30 33 1.00081
30 34 1.0008
30 35 1.00078
30 36 1.00077
30 37 1.00075
30 38 1.00073
30 39 1.00071
30 40 1.00068
30 41 1.00066
30 42 1.00063
30 43 1.00061
30 44 1.00058
30 45 1.00055
30 46 1.00052
30 47 1.00049
30 48 1.00046
30 49 1.00042
30 50 1.00039
30 51 1.00035
30 52 1.00032
30 53 1.00028
30 54 1.00024
30 55 1.00021
30 56 1.00017
30 57 1.00013
30 58 1.0001
30 59 1.00006
30 60 1.00003
30 61 0.999992
30 62 0.999958
30 63 0.999925
30 64 0.999892
30 65 0.999861
30 66 0.999831
30 67 0.999802
30 68 0.999775
30 69 0.99975
30 70 0.999725
30 71 0.999703
30 72 0.999682
30 73 0.999663
30 74 0.999646
30 75 0.999631
30 76 0.999618
30 77 0.999607
30 78 0.999598
30 79 0.999591
30 80 0.999586
30 81 0.999583
30 82 0.999582
30 83 0.999584
30 84 0.999587
30 85 0.999593
30 86 0.9996
30 87 0.99961
30 88 0.999622
30 89 0.999635
30 90 0.999651
30 91 0.999669
30 92 0.999689
30 93 0.99971
30 94 0.999733
30 95 0.999758
30 96 0.999785
30 97 0.999814
30 98 0.999844
30 99 0.999876
30 100 0.999909
30 101 0.999943
30 102 0.999979
30 103 1.00002
30 104 1.00005
30 105 1.00009
30 106 1.00013
30 107 1.00017
30 108 1.00022
30 109 1.00026
30 110 1.0003
30 111 1.00034
30 112 1.00038
30 113 1.00042
30 114 1.00046
30 115 1.0005
30 116 1.00054
30 117 1.00058
30 118 1.00061
30 119 1.00064
30 120 1.00068
30 121 1.00071
30 122 1.00074
30 123 1.00078
30 124 1.00081
30 125 1.00085
30 126 1.00089
30 127 1.00093

31 0 0
31 1 1.00088
31 2 1.00089
31 3 1.00089
31 4 1.00089
31 5 1.00089
31 6 1.00089
31 7 1.0009
31 8 1.0009
31 9 1.0009
31 10 1.0009
31 11 1.0009
31 12 1.0009
31 13 1.00091
31 14 1.00091
31 15 1.00091
31 16 1.00091
31 17 1.00091
31 18 1.00091
31 19 1.0009
31 20 1.0009
31 21 1.0009
31 22 1.0009
31 23 1.00089
31 24 1.00089
31 25 1.00088
31 26 1.00088
31 27 1.00087
31 28 1.00086
31 29 1.00085
31 30 1.00084
31 31 1.00083
31 32 1.00082
31 33 1.0008
31 34 1.00079
31 35 1.00077
31 36 1.00075
31 37 1.00073
31 38 1.00071
31 39 1.00069
31 40 1.00067
31 41 1.00064
31 42 1.00061
31 43 1.00059
31 44 1.00056
31 45 1.00053
31 46 1.00049
31 47 1.00046
31 48 1.00043
31 49 1.00039
31 50 1.00036
31 51 1.00032
31 52 1.00028
31 53 1.00024
31 54 1.00021
31 55 1.00017
31 56 1.00013
31 57 1.00009
31 58 1.00006
31 59 1.00002
31 60 0.999982
31 61 0.999946
31 62 0.999911
31 63 0.999876
31 64 0.999843
31 65 0.999811
31 66 0.999781
31 67 0.999752
31 68 0.999724
31 69 0.999698
31 70 0.999674
31 71 0.999651
31 72 0.99963
31 73 0.999611
31 74 0.999595
31 75 0.99958
31 76 0.999567
31 77 0.999556
31 78 0.999548
31 79 0.999541
31 80 0.999537
31 81 0.999535
31 82 0.999535
31 83 0.999537
31 84 0.999541
31 85 0.999548
31 86 0.999556
31 87 0.999567
31 88 0.99958
31 89 0.999595
31 90 0.999612
31 91 0.999631
31 92 0.999652
31 93 0.999675
31 94 0.9997
31 95 0.999726
31 96 0.999755
31 97 0.999785
31 98 0.999816
31 99 0.999849
31 100 0.999884
31 101 0.99992
31 102 0.999957
31 103 0.999996
31 104 1.00004
31 105 1.00008
31 106 1.00012
31 107 1.00016
31 108 1.0002
31 109 1.00024
31 110 1.00029
31 111 1.00033
31 112 1.00037
31 113 1.00041
31 114 1.00045
31 115 1.00049
31 116 1.00053
31 117 1.00056
31 118 1.0006
31 119 1.00063
31 120 1.00067
31 121 1.0007
31 122 1.00073
31 123 1.00076
31 124 1.0008
31 125 1.00083
31 126 1.00087
31 127 1.00092

32 0 0
32 1 1.00088
32 2 1.00088
32 3 1.00089
32 4 1.00089
32 5 1.00089
32 6 1.00089
32 7 1.00089
32 8 1.0009
32 9 1.0009
32 10 1.0009
32 11 1.0009
32 12 1.0009
32 13 1.0009
32 14 1.0009
32 15 1.0009
32 16 1.0009
32 17 1.0009
32 18 1.0009
32 19 1.0009
32 20 1.0009
32 21 1.0009
32 22 1.00089
32 23 1.00089
32 24 1.00088
32 25 1.00088
32 26 1.00087
32 27 1.00086
32 28 1.00086
32 29 1.00085
32 30 1.00083
32 31 1.00082
32 32 1.00081
32 33 1.00079
32 34 1.00078
32 35 1.00076
32 36 1.00074
32 37 1.00072
32 38 1.0007
32 39 1.00067
32 40 1.00065
32 41 1.00062
32 42 1.00059
32 43 1.00056
32 44 1.00053
32 45 1.0005
32 46 1.00047
32 47 1.00043
32 48 1.0004
32 49 1.00036
32 50 1.00032
32 51 1.00028
32 52 1.00024
32 53 1.00021
32 54 1.00017
32 55 1.00013
32 56 1.00009
32 57 1.00005
32 58 1.00001
32 59 0.999972
32 60 0.999934
32 61 0.999897
32 62 0.999861
32 63 0.999826
32 64 0.999792
32 65 0.99976
32 66 0.999728
32 67 0.999699
32 68 0.999671
32 69 0.999644
32 70 0.99962
32 71 0.999597
32 72 0.999576
32 73 0.999557
32 74 0.999541
32 75 0.999526
32 76 0.999513
32 77 0.999503
32 78 0.999495
32 79 0.999489
32 80 0.999485
32 81 0.999484
32 82 0.999485
32 83 0.999488
32 84 0.999493
32 85 0.999501
32 86 0.99951
32 87 0.999522
32 88 0.999536
32 89 0.999552
32 90 0.999571
32 91 0.999591
32 92 0.999613
32 93 0.999637
32 94 0.999664
32 95 0.999692
32 96 0.999721
32 97 0.999753
32 98 0.999786
32 99 0.99982
32 100 0.999856
32 101 0.999893
32 102 0.999932
32 103 0.999972
32 104 1.00001
32 105 1.00005
32 106 1.0001
32 107 1.00014
32 108 1.00018
32 109 1.00022
32 110 1.00027
32 111 1.00031
32 112 1.00035
32 113 1.00039
32 114 1.00043
32 115 1.00047
32 116 1.00051
32 117 1.00055
32 118 1.00058
32 119 1.00062
32 120 1.00065
32 121 1.00068
32 122 1.00071
32 123 1.00074
32 124 1.00078
32 125 1.00081
32 126 1.00085
32 127 1.00089

33 0 0
33 1 1.00088
33 2 1.00088
33 3 1.00089
33 4 1.00089
33 5 1.00089
33 6 1.00089
33 7 1.00089
33 8 1.0009
33 9 1.0009
33 10 1.0009
33 11 1.0009
33 12 1.0009
33 13 1.0009
33 14 1.0009
33 15 1.0009
33 16 1.0009
33 17 1.0009
33 18 1.0009
33 19 1.0009
33 20 1.0009
33 21 1.00089
33 22 1.00089
33 23 1.00088
33 24 1.00088
33 25 1.00087
33 26 1.00087
33 27 1.00086
33 28 1.00085
33 29 1.00084
33 30 1.00083
33 31 1.00081
33 32 1.0008
33 33 1.00078
33 34 1.00077
33 35 1.00075
33 36 1.00073
33 37 1.0007
33 38 1.00068
33 39 1.00065
33 40 1.00063
33 41 1.0006
33 42 1.00057
33 43 1.00054
33 44 1.00051
33 45 1.00047
33 46 1.00044
33 47 1.0004
33 48 1.00036
33 49 1.00033
33 50 1.00029
33 51 1.00025
33 52 1.00021
33 53 1.00017
33 54 1.00012
33 55 1.00008
33 56 1.00004
33 57 1
33 58 0.999963
33 59 0.999923
33 60 0.999884
33 61 0.999846
33 62 0.999809
33 63 0.999774
33 64 0.999739
33 65 0.999706
33 66 0.999674
33 67 0.999644
33 68 0.999615
33 69 0.999588
33 70 0.999564
33 71 0.999541
33 72 0.99952
33 73 0.999501
33 74 0.999485
33 75 0.99947
33 76 0.999458
33 77 0.999448
33 78 0.99944
33 79 0.999435
33 80 0.999432
33 81 0.999431
33 82 0.999433
33 83 0.999436
33 84 0.999443
33 85 0.999451
33 86 0.999462
33 87 0.999475
33 88 0.99949
33 89 0.999507
33 90 0.999527
33 91 0.999548
33 92 0.999572
33 93 0.999597
33 94 0.999625
33 95 0.999654
33 96 0.999685
33 97 0.999718
33 98 0.999752
33 99 0.999788
33 100 0.999825
33 101 0.999864
33 102 0.999904
33 103 0.999944
33 104 0.999986
33 105 1.00003
33 106 1.00007
33 107 1.00012
33 108 1.00016
33 109 1.0002
33 110 1.00025
33 111 1.00029
33 112 1.00033
33 113 1.00037
33 114 1.00041
33 115 1.00045
33 116 1.00049
33 117 1.00053
33 118 1.00056
33 119 1.0006
33 120 1.00063
33 121 1.00066
33 122 1.00069
33 123 1.00072
33 124 1.00076
33 125 1.00079
33 126 1.00083
33 127 1.00087

34 0 0
34 1 1.00088
34 2 1.00088
34 3 1.00088
34 4 1.00089
34 5 1.00089
34 6 1.00089
34 7 1.00089
34 8 1.00089
34 9 1.0009
34 10 1.0009
34 11 1.0009
34 12 1.0009
34 13 1.0009
34 14 1.0009
34 15 1.0009
34 16 1.0009
34 17 1.0009
34 18 1.0009
34 19 1.0009
34 20 1.00089
34 21 1.00089
34 22 1.00089
34 23 1.00088
34 24 1.00087
34 25 1.00087
34 26 1.00086
34 27 1.00085
34 28 1.00084
34 29 1.00083
34 30 1.00082
34 31 1.0008
34 32 1.00079
34 33 1.00077
34 34 1.00075
34 35 1.00073
34 36 1.00071
34 37 1.00069
34 38 1.00066
34 39 1.00064
34 40 1.00061
34 41 1.00058
34 42 1.00055
34 43 1.00051
34 44 1.00048
34 45 1.00044
34 46 1.00041
34 47 1.00037
34 48 1.00033
34 49 1.00029
34 50 1.00025
34 51 1.00021
34 52 1.00017
34 53 1.00012
34 54 1.00008
34 55 1.00004
34 56 0.999997
34 57 0.999955
34 58 0.999914
34 59 0.999873
34 60 0.999833
34 61 0.999794
34 62 0.999756
34 63 0.999719
34 64 0.999684
34 65 0.99965
34 66 0.999617
34 67 0.999587
34 68 0.999558
34 69 0.999531
34 70 0.999506
34 71 0.999483
34 72 0.999462
34 73 0.999443
34 74 0.999426
34 75 0.999412
34 76 0.9994
34 77 0.999391
34 78 0.999384
34 79 0.999379
34 80 0.999376
34 81 0.999376
34 82 0.999379
34 83 0.999383
34 84 0.99939
34 85 0.9994
34 86 0.999411
34 87 0.999425
34 88 0.999442
34 89 0.99946
34 90 0.999481
34 91 0.999503
34 92 0.999528
34 93 0.999555
34 94 0.999584
34 95 0.999614
34 96 0.999647
34 97 0.999681
34 98 0.999716
34 99 0.999753
34 100 0.999792
34 101 0.999831
34 102 0.999872
34 103 0.999914
34 104 0.999957
34 105 1
34 106 1.00004
34 107 1.00009
34 108 1.00013
34 109 1.00018
34 110 1.00022
34 111 1.00026
34 112 1.00031
34 113 1.00035
34 114 1.00039
34 115 1.00043
34 116 1.00047
34 117 1.0005
34 118 1.00054
34 119 1.00057
34 120 1.0006
34 121 1.00063
34 122 1.00066
34 123 1.0007
34 124 1.00073
34 125 1.00076
34 126 1.0008
34 127 1.00084

35 0 0
35 1 1.00088
35 2 1.00088
35 3 1.00088
35 4 1.00088
35 5 1.00089
35 6 1.00089
35 7 1.00089
35 8 1.00089
35 9 1.00089
35 10 1.0009
35 11 1.0009
35 12 1.0009
35 13 1.0009
35 14 1.0009
35 15 1.0009
35 16 1.0009
35 17 1.0009
35 18 1.00089
35 19 1.00089
35 20 1.00089
35 21 1.00089
35 22 1.00088
35 23 1.00088
35 24 1.00087
35 25 1.00086
35 26 1.00085
35 27 1.00084
35 28 1.00083
35 29 1.00082
35 30 1.00081
35 31 1.00079
35 32 1.00078
35 33 1.00076
35 34 1.00074
35 35 1.00072
35 36 1.0007
35 37 1.00067
35 38 1.00064
35 39 1.00062
35 40 1.00059
35 41 1.00055
35 42 1.00052
35 43 1.00049
35 44 1.00045
35 45 1.00041
35 46 1.00038
35 47 1.00034
35 48 1.00029
35 49 1.00025
35 50 1.00021
35 51 1.00017
35 52 1.00012
35 53 1.00008
35 54 1.00004
35 55 0.999992
35 56 0.999948
35 57 0.999905
35 58 0.999862
35 59 0.99982
35 60 0.999779
35 61 0.999739
35 62 0.9997
35 63 0.999662
35 64 0.999626
35 65 0.999592
35 66 0.999559
35 67 0.999527
35 68 0.999498
35 69 0.999471
35 70 0.999446
35 71 0.999422
35 72 0.999402
35 73 0.999383
35 74 0.999367
35 75 0.999353
35 76 0.999341
35 77 0.999332
35 78 0.999325
35 79 0.999321
35 80 0.999319
35 81 0.999319
35 82 0.999323
35 83 0.999328
35 84 0.999336
35 85 0.999346
35 86 0.999359
35 87 0.999374
35 88 0.999391
35 89 0.999411
35 90 0.999433
35 91 0.999456
35 92 0.999482
35 93 0.99951
35 94 0.99954
35 95 0.999572
35 96 0.999605
35 97 0.999641
35 98 0.999677
35 99 0.999716
35 100 0.999755
35 101 0.999796
35 102 0.999838
35 103 0.999881
35 104 0.999924
35 105 0.999968
35 106 1.00001
35 107 1.00006
35 108 1.0001
35 109 1.00015
35 110 1.00019
35 111 1.00024
35 112 1.00028
35 113 1.00032
35 114 1.00036
35 115 1.0004
35 116 1.00044
35 117 1.00047
35 118 1.00051
35 119 1.00054
35 120 1.00057
35 121 1.0006
35 122 1.00063
35 123 1.00066
35 124 1.0007
35 125 1.00073
35 126 1.00076
35 127 1.0008

36 0 0
36 1 1.00088
36 2 1.00088
36 3 1.00088
36 4 1.00088
36 5 1.00089
36 6 1.00089
36 7 1.00089
36 8 1.00089
36 9 1.00089
36 10 1.00089
36 11 1.00089
36 12 1.0009
36 13 1.0009
36 14 1.0009
36 15 1.0009
36 16 1.00089
36 17 1.00089
36 18 1.00089
36 19 1.00089
36 20 1.00089
36 21 1.00088
36 22 1.00088
36 23 1.00087
36 24 1.00086
36 25 1.00086
36 26 1.00085
36 27 1.00084
36 28 1.00083
36 29 1.00081
36 30 1.0008
36 31 1.00078
36 32 1.00077
36 33 1.00075
36 34 1.00073
36 35 1.0007
36 36 1.00068
36 37 1.00065
36 38 1.00062
36 39 1.0006
36 40 1.00056
36 41 1.00053
36 42 1.0005
36 43 1.00046
36 44 1.00042
36 45 1.00038
36 46 1.00034
36 47 1.0003
36 48 1.00026
36 49 1.00021
36 50 1.00017
36 51 1.00013
36 52 1.00008
36 53 1.00003
36 54 0.999989
36 55 0.999943
36 56 0.999898
36 57 0.999854
36 58 0.999809
36 59 0.999766
36 60 0.999724
36 61 0.999683
36 62 0.999643
36 63 0.999604
36 64 0.999567
36 65 0.999532
36 66 0.999498
36 67 0.999467
36 68 0.999437
36 69 0.999409
36 70 0.999384
36 71 0.999361
36 72 0.99934
36 73 0.999321
36 74 0.999305
36 75 0.999291
36 76 0.99928
36 77 0.999271
36 78 0.999265
36 79 0.999261
36 80 0.99926
36 81 0.999261
36 82 0.999265
36 83 0.999271
36 84 0.99928
36 85 0.999291
36 86 0.999305
36 87 0.999321
36 88 0.999339
36 89 0.999359
36 90 0.999382
36 91 0.999407
36 92 0.999434
36 93 0.999463
36 94 0.999494
36 95 0.999527
36 96 0.999562
36 97 0.999598
36 98 0.999636
36 99 0.999675
36 100 0.999716
36 101 0.999758
36 102 0.9998
36 103 0.999844
36 104 0.999888
36 105 0.999933
36 106 0.999979
36 107 1.00002
36 108 1.00007
36 109 1.00011
36 110 1.00016
36 111 1.0002
36 112 1.00025
36 113 1.00029
36 114 1.00033
36 115 1.00037
36 116 1.00041
36 117 1.00044
36 118 1.00048
36 119 1.00051
36 120 1.00054
36 121 1.00057
36 122 1.0006
36 123 1.00063
36 124 1.00066
36 125 1.00069
36 126 1.00073
36 127 1.00076

37 0 0
37 1 1.00087
37 2 1.00088
37 3 1.00088
37 4 1.00088
37 5 1.00088
37 6 1.00089
37 7 1.00089
37 8 1.00089
37 9 1.00089
37 10 1.00089
37 11 1.00089
37 12 1.00089
37 13 1.00089
37 14 1.00089
37 15 1.00089
37 16 1.00089
37 17 1.00089
37 18 1.00089
37 19 1.00089
37 20 1.00088
37 21 1.00088
37 22 1.00087
37 23 1.00087
37 24 1.00086
37 25 1.00085
37 26 1.00084
37 27 1.00083
37 28 1.00082
37 29 1.0008
37 30 1.00079
37 31 1.00077
37 32 1.00075
37 33 1.00073
37 34 1.00071
37 35 1.00069
37 36 1.00066
37 37 1.00063
37 38 1.0006
37 39 1.00057
37 40 1.00054
37 41 1.00051
37 42 1.00047
37 43 1.00043
37 44 1.00039
37 45 1.00035
37 46 1.00031
37 47 1.00026
37 48 1.00022
37 49 1.00017
37 50 1.00013
37 51 1.00008
37 52 1.00003
37 53 0.999987
37 54 0.99994
37 55 0.999893
37 56 0.999846
37 57 0.9998
37 58 0.999755
37 59 0.99971
37 60 0.999667
37 61 0.999625
37 62 0.999584
37 63 0.999544
37 64 0.999507
37 65 0.999471
37 66 0.999437
37 67 0.999404
37 68 0.999374
37 69 0.999346
37 70 0.999321
37 71 0.999297
37 72 0.999276
37 73 0.999258
37 74 0.999242
37 75 0.999228
37 76 0.999217
37 77 0.999209
37 78 0.999203
37 79 0.9992
37 80 0.999199
37 81 0.999201
37 82 0.999205
37 83 0.999212
37 84 0.999222
37 85 0.999234
37 86 0.999249
37 87 0.999265
37 88 0.999285
37 89 0.999306
37 90 0.99933
37 91 0.999356
37 92 0.999384
37 93 0.999414
37 94 0.999446
37 95 0.99948
37 96 0.999516
37 97 0.999553
37 98 0.999592
37 99 0.999633
37 100 0.999674
37 101 0.999717
37 102 0.99976
37 103 0.999805
37 104 0.99985
37 105 0.999895
37 106 0.999941
37 107 0.999987
37 108 1.00003
37 109 1.00008
37 110 1.00012
37 111 1.00017
37 112 1.00021
37 113 1.00025
37 114 1.00029
37 115 1.00033
37 116 1.00037
37 117 1.00041
37 118 1.00044
37 119 1.00047
37 120 1.0005
37 121 1.00053
37 122 1.00056
37 123 1.00059
37 124 1.00062
37 125 1.00065
37 126 1.00069
37 127 1.00072

38 0 0
38 1 1.00087
38 2 1.00088
38 3 1.00088
38 4 1.00088
38 5 1.00088
38 6 1.00088
38 7 1.00089
38 8 1.00089
38 9 1.00089
38 10 1.00089
38 11 1.00089
38 12 1.00089
38 13 1.00089
38 14 1.00089
38 15 1.00089
38 16 1.00089
38 17 1.00089
38 18 1.00089
38 19 1.00088
38 20 1.00088
38 21 1.00087
38 22 1.00087
38 23 1.00086
38 24 1.00085
38 25 1.00085
38 26 1.00083
38 27 1.00082
38 28 1.00081
38 29 1.0008
38 30 1.00078
38 31 1.00076
38 32 1.00074
38 33 1.00072
38 34 1.0007
38 35 1.00067
38 36 1.00064
38 37 1.00062
38 38 1.00058
38 39 1.00055
38 40 1.00052
38 41 1.00048
38 42 1.00044
38 43 1.0004
38 44 1.00036
38 45 1.00032
38 46 1.00027
38 47 1.00023
38 48 1.00018
38 49 1.00013
38 50 1.00009
38 51 1.00004
38 52 0.999988
38 53 0.999939
38 54 0.99989
38 55 0.999841
38 56 0.999793
38 57 0.999746
38 58 0.999699
38 59 0.999653
38 60 0.999609
38 61 0.999565
38 62 0.999523
38 63 0.999483
38 64 0.999445
38 65 0.999408
38 66 0.999373
38 67 0.999341
38 68 0.99931
38 69 0.999282
38 70 0.999256
38 71 0.999233
38 72 0.999212
38 73 0.999193
38 74 0.999178
38 75 0.999164
38 76 0.999154
38 77 0.999145
38 78 0.99914
38 79 0.999137
38 80 0.999137
38 81 0.99914
38 82 0.999145
38 83 0.999152
38 84 0.999163
38 85 0.999176
38 86 0.999191
38 87 0.999209
38 88 0.999229
38 89 0.999251
38 90 0.999276
38 91 0.999303
38 92 0.999332
38 93 0.999363
38 94 0.999397
38 95 0.999431
38 96 0.999468
38 97 0.999506
38 98 0.999546
38 99 0.999587
38 100 0.99963
38 101 0.999673
38 102 0.999718
38 103 0.999763
38 104 0.999808
38 105 0.999855
38 106 0.999901
38 107 0.999947
38 108 0.999994
38 109 1.00004
38 110 1.00008
38 111 1.00013
38 112 1.00017
38 113 1.00021
38 114 1.00025
38 115 1.00029
38 116 1.00033
38 117 1.00037
38 118 1.0004
38 119 1.00043
38 120 1.00046
38 121 1.00049
38 122 1.00052
38 123 1.00055
38 124 1.00058
38 125 1.00061
38 126 1.00064
38 127 1.00068

39 0 0
39 1 1.00087
39 2 1.00087
39 3 1.00088
39 4 1.00088
39 5 1.00088
39 6 1.00088
39 7 1.00089
39 8 1.00089
39 9 1.00089
39 10 1.00089
39 11 1.00089
39 12 1.00089
39 13 1.00089
39 14 1.00089
39 15 1.00089
39 16 1.00089
39 17 1.00089
39 18 1.00088
39 19 1.00088
39 20 1.00088
39 21 1.00087
39 22 1.00086
39 23 1.00086
39 24 1.00085
39 25 1.00084
39 26 1.00083
39 27 1.00082
39 28 1.0008
39 29 1.00079
39 30 1.00077
39 31 1.00075
39 32 1.00073
39 33 1.00071
39 34 1.00068
39 35 1.00065
39 36 1.00063
39 37 1.0006
39 38 1.00056
39 39 1.00053
39 40 1.00049
39 41 1.00045
39 42 1.00041
39 43 1.00037
39 44 1.00033
39 45 1.00028
39 46 1.00024
39 47 1.00019
39 48 1.00014
39 49 1.00009
39 50 1.00004
39 51 0.99999
39 52 0.99994
39 53 0.999889
39 54 0.999839
39 55 0.999788
39 56 0.999739
39 57 0.99969
39 58 0.999642
39 59 0.999595
39 60 0.999549
39 61 0.999505
39 62 0.999462
39 63 0.999421
39 64 0.999381
39 65 0.999344
39 66 0.999309
39 67 0.999276
39 68 0.999245
39 69 0.999217
39 70 0.999191
39 71 0.999167
39 72 0.999146
39 73 0.999128
39 74 0.999112
39 75 0.999099
39 76 0.999089
39 77 0.999081
39 78 0.999076
39 79 0.999074
39 80 0.999074
39 81 0.999077
39 82 0.999083
39 83 0.999091
39 84 0.999102
39 85 0.999116
39 86 0.999132
39 87 0.999151
39 88 0.999172
39 89 0.999195
39 90 0.999221
39 91 0.999249
39 92 0.999279
39 93 0.999311
39 94 0.999345
39 95 0.999381
39 96 0.999418
39 97 0.999457
39 98 0.999498
39 99 0.99954
39 100 0.999583
39 101 0.999627
39 102 0.999672
39 103 0.999718
39 104 0.999765
39 105 0.999811
39 106 0.999858
39 107 0.999905
39 108 0.999951
39 109 0.999997
39 110 1.00004
39 111 1.00009
39 112 1.00013
39 113 1.00017
39 114 1.00021
39 115 1.00025
39 116 1.00029
39 117 1.00032
39 118 1.00036
39 119 1.00039
39 120 1.00042
39 121 1.00045
39 122 1.00048
39 123 1.0005
39 124 1.00053
39 125 1.00056
39 126 1.0006
39 127 1.00063

40 0 0
40 1 1.00087
40 2 1.00087
40 3 1.00088
40 4 1.00088
40 5 1.00088
40 6 1.00088
40 7 1.00088
40 8 1.00089
40 9 1.00089
40 10 1.00089
40 11 1.00089
40 12 1.00089
40 13 1.00089
40 14 1.00089
40 15 1.00089
40 16 1.00089
40 17 1.00088
40 18 1.00088
40 19 1.00088
40 20 1.00087
40 21 1.00087
40 22 1.00086
40 23 1.00085
40 24 1.00084
40 25 1.00083
40 26 1.00082
40 27 1.00081
40 28 1.00079
40 29 1.00078
40 30 1.00076
40 31 1.00074
40 32 1.00072
40 33 1.00069
40 34 1.00067
40 35 1.00064
40 36 1.00061
40 37 1.00057
40 38 1.00054
40 39 1.0005
40 40 1.00047
40 41 1.00043
40 42 1.00038
40 43 1.00034
40 44 1.00029
40 45 1.00025
40 46 1.0002
40 47 1.00015
40 48 1.0001
40 49 1.00005
40 50 0.999995
40 51 0.999943
40 52 0.999891
40 53 0.999838
40 54 0.999786
40 55 0.999734
40 56 0.999683
40 57 0.999633
40 58 0.999583
40 59 0.999535
40 60 0.999488
40 61 0.999443
40 62 0.999399
40 63 0.999357
40 64 0.999317
40 65 0.999279
40 66 0.999244
40 67 0.99921
40 68 0.999179
40 69 0.99915
40 70 0.999124
40 71 0.999101
40 72 0.99908
40 73 0.999061
40 74 0.999046
40 75 0.999033
40 76 0.999023
40 77 0.999015
40 78 0.999011
40 79 0.999009
40 80 0.99901
40 81 0.999013
40 82 0.99902
40 83 0.999029
40 84 0.999041
40 85 0.999055
40 86 0.999072
40 87 0.999091
40 88 0.999113
40 89 0.999137
40 90 0.999164
40 91 0.999193
40 92 0.999223
40 93 0.999256
40 94 0.999291
40 95 0.999328
40 96 0.999366
40 97 0.999406
40 98 0.999448
40 99 0.999491
40 100 0.999534
40 101 0.999579
40 102 0.999625
40 103 0.999671
40 104 0.999718
40 105 0.999765
40 106 0.999812
40 107 0.999859
40 108 0.999906
40 109 0.999952
40 110 0.999998
40 111 1.00004
40 112 1.00008
40 113 1.00013
40 114 1.00017
40 115 1.00021
40 116 1.00024
40 117 1.00028
40 118 1.00031
40 119 1.00034
40 120 1.00037
40 121 1.0004
40 122 1.00043
40 123 1.00046
40 124 1.00049
40 125 1.00051
40 126 1.00055
40 127 1.00058

41 0 0
41 1 1.00087
41 2 1.00087
41 3 1.00088
41 4 1.00088
41 5 1.00088
41 6 1.00088
41 7 1.00088
41 8 1.00088
41 9 1.00089
41 10 1.00089
41 11 1.00089
41 12 1.00089
41 13 1.00089
41 14 1.00089
41 15 1.00089
41 16 1.00088
41 17 1.00088
41 18 1.00088
41 19 1.00087
41 20 1.00087
41 21 1.00086
41 22 1.00086
41 23 1.00085
41 24 1.00084
41 25 1.00083
41 26 1.00081
41 27 1.0008
41 28 1.00078
41 29 1.00077
41 30 1.00075
41 31 1.00073
41 32 1.0007
41 33 1.00068
41 34 1.00065
41 35 1.00062
41 36 1.00059
41 37 1.00055
41 38 1.00052
41 39 1.00048
41 40 1.00044
41 41 1.0004
41 42 1.00035
41 43 1.00031
41 44 1.00026
41 45 1.00021
41 46 1.00016
41 47 1.00011
41 48 1.00006
41 49 1
41 50 0.999949
41 51 0.999895
41 52 0.99984
41 53 0.999786
41 54 0.999732
41 55 0.999679
41 56 0.999626
41 57 0.999574
41 58 0.999524
41 59 0.999474
41 60 0.999426
41 61 0.99938
41 62 0.999336
41 63 0.999293
41 64 0.999252
41 65 0.999214
41 66 0.999178
41 67 0.999144
41 68 0.999112
41 69 0.999084
41 70 0.999057
41 71 0.999034
41 72 0.999013
41 73 0.998994
41 74 0.998979
41 75 0.998966
41 76 0.998956
41 77 0.998949
41 78 0.998945
41 79 0.998944
41 80 0.998945
41 81 0.998949
41 82 0.998956
41 83 0.998966
41 84 0.998978
41 85 0.998993
41 86 0.999011
41 87 0.999031
41 88 0.999053
41 89 0.999078
41 90 0.999106
41 91 0.999135
41 92 0.999167
41 93 0.999201
41 94 0.999236
41 95 0.999274
41 96 0.999313
41 97 0.999354
41 98 0.999396
41 99 0.999439
41 100 0.999484
41 101 0.999529
41 102 0.999576
41 103 0.999622
41 104 0.99967
41 105 0.999717
41 106 0.999765
41 107 0.999812
41 108 0.999859
41 109 0.999905
41 110 0.99995
41 111 0.999994
41 112 1.00004
41 113 1.00008
41 114 1.00012
41 115 1.00016
41 116 1.00019
41 117 1.00023
41 118 1.00026
41 119 1.00029
41 120 1.00032
41 121 1.00035
41 122 1.00038
41 123 1.00041
41 124 1.00043
41 125 1.00046
41 126 1.00049
41 127 1.00053

42 0 0
42 1 1.00087
42 2 1.00087
42 3 1.00087
42 4 1.00088
42 5 1.00088
42 6 1.00088
42 7 1.00088
42 8 1.00088
42 9 1.00088
42 10 1.00089
42 11 1.00089
42 12 1.00089
42 13 1.00089
42 14 1.00088
42 15 1.00088
42 16 1.00088
42 17 1.00088
42 18 1.00087
42 19 1.00087
42 20 1.00086
42 21 1.00086
42 22 1.00085
42 23 1.00084
42 24 1.00083
42 25 1.00082
42 26 1.00081
42 27 1.00079
42 28 1.00078
42 29 1.00076
42 30 1.00074
42 31 1.00071
42 32 1.00069
42 33 1.00066
42 34 1.00063
42 35 1.0006
42 36 1.00057
42 37 1.00053
42 38 1.00049
42 39 1.00045
42 40 1.00041
42 41 1.00037
42 42 1.00032
42 43 1.00027
42 44 1.00022
42 45 1.00017
42 46 1.00012
42 47 1.00007
42 48 1.00001
42 49 0.999957
42 50 0.999901
42 51 0.999845
42 52 0.999789
42 53 0.999733
42 54 0.999678
42 55 0.999623
42 56 0.999569
42 57 0.999516
42 58 0.999464
42 59 0.999413
42 60 0.999364
42 61 0.999317
42 62 0.999272
42 63 0.999228
42 64 0.999187
42 65 0.999148
42 66 0.999111
42 67 0.999077
42 68 0.999045
42 69 0.999016
42 70 0.99899
42 71 0.998966
42 72 0.998945
42 73 0.998927
42 74 0.998912
42 75 0.998899
42 76 0.99889
42 77 0.998883
42 78 0.998879
42 79 0.998878
42 80 0.99888
42 81 0.998884
42 82 0.998892
42 83 0.998902
42 84 0.998915
42 85 0.998931
42 86 0.998949
42 87 0.99897
42 88 0.998993
42 89 0.999019
42 90 0.999047
42 91 0.999077
42 92 0.999109
42 93 0.999144
42 94 0.99918
42 95 0.999218
42 96 0.999258
42 97 0.9993
42 98 0.999342
42 99 0.999386
42 100 0.999431
42 101 0.999477
42 102 0.999524
42 103 0.999571
42 104 0.999619
42 105 0.999667
42 106 0.999715
42 107 0.999762
42 108 0.999809
42 109 0.999855
42 110 0.999901
42 111 0.999945
42 112 0.999988
42 113 1.00003
42 114 1.00007
42 115 1.00011
42 116 1.00014
42 117 1.00018
42 118 1.00021
42 119 1.00024
42 120 1.00027
42 121 1.0003
42 122 1.00033
42 123 1.00035
42 124 1.00038
42 125 1.00041
42 126 1.00044
42 127 1.00047

43 0 0
43 1 1.00087
43 2 1.00087
43 3 1.00087
43 4 1.00088
43 5 1.00088
43 6 1.00088
43 7 1.00088
43 8 1.00088
43 9 1.00088
43 10 1.00088
43 11 1.00088
43 12 1.00088
43 13 1.00088
43 14 1.00088
43 15 1.00088
43 16 1.00088
43 17 1.00088
43 18 1.00087
43 19 1.00087
43 20 1.00086
43 21 1.00085
43 22 1.00085
43 23 1.00084
43 24 1.00083
43 25 1.00081
43 26 1.0008
43 27 1.00078
43 28 1.00077
43 29 1.00075
43 30 1.00072
43 31 1.0007
43 32 1.00068
43 33 1.00065
43 34 1.00062
43 35 1.00058
43 36 1.00055
43 37 1.00051
43 38 1.00047
43 39 1.00043
43 40 1.00038
43 41 1.00034
43 42 1.00029
43 43 1.00024
43 44 1.00019
43 45 1.00014
43 46 1.00008
43 47 1.00002
43 48 0.999968
43 49 0.999911
43 50 0.999853
43 51 0.999795
43 52 0.999738
43 53 0.99968
43 54 0.999623
43 55 0.999566
43 56 0.999511
43 57 0.999456
43 58 0.999403
43 59 0.999351
43 60 0.999301
43 61 0.999253
43 62 0.999207
43 63 0.999163
43 64 0.999121
43 65 0.999082
43 66 0.999045
43 67 0.99901
43 68 0.998978
43 69 0.998949
43 70 0.998922
43 71 0.998899
43 72 0.998878
43 73 0.99886
43 74 0.998844
43 75 0.998832
43 76 0.998823
43 77 0.998816
43 78 0.998813
43 79 0.998812
43 80 0.998814
43 81 0.998819
43 82 0.998827
43 83 0.998838
43 84 0.998852
43 85 0.998868
43 86 0.998887
43 87 0.998908
43 88 0.998932
43 89 0.998958
43 90 0.998987
43 91 0.999018
43 92 0.999051
43 93 0.999086
43 94 0.999123
43 95 0.999162
43 96 0.999202
43 97 0.999244
43 98 0.999288
43 99 0.999332
43 100 0.999378
43 101 0.999424
43 102 0.999471
43 103 0.999519
43 104 0.999567
43 105 0.999615
43 106 0.999663
43 107 0.99971
43 108 0.999757
43 109 0.999804
43 110 0.999849
43 111 0.999893
43 112 0.999936
43 113 0.999977
43 114 1.00002
43 115 1.00005
43 116 1.00009
43 117 1.00012
43 118 1.00016
43 119 1.00019
43 120 1.00022
43 121 1.00025
43 122 1.00027
43 123 1.0003
43 124 1.00033
43 125 1.00035
43 126 1.00038
43 127 1.00041

44 0 0
44 1 1.00087
44 2 1.00087
44 3 1.00087
44 4 1.00088
44 5 1.00088
44 6 1.00088
44 7 1.00088
44 8 1.00088
44 9 1.00088
44 10 1.00088
44 11 1.00088
44 12 1.00088
44 13 1.00088
44 14 1.00088
44 15 1.00088
44 16 1.00088
44 17 1.00087
44 18 1.00087
44 19 1.00086
44 20 1.00086
44 21 1.00085
44 22 1.00084
44 23 1.00083
44 24 1.00082
44 25 1.00081
44 26 1.00079
44 27 1.00078
44 28 1.00076
44 29 1.00074
44 30 1.00071
44 31 1.00069
44 32 1.00066
44 33 1.00063
44 34 1.0006
44 35 1.00057
44 36 1.00053
44 37 1.00049
44 38 1.00045
44 39 1.0004
44 40 1.00036
44 41 1.00031
44 42 1.00026
44 43 1.00021
44 44 1.00015
44 45 1.0001
44 46 1.00004
44 47 0.999982
44 48 0.999924
44 49 0.999864
44 50 0.999805
44 51 0.999745
44 52 0.999685
44 53 0.999626
44 54 0.999567
44 55 0.999509
44 56 0.999452
44 57 0.999397
44 58 0.999342
44 59 0.99929
44 60 0.999239
44 61 0.99919
44 62 0.999143
44 63 0.999098
44 64 0.999055
44 65 0.999015
44 66 0.998978
44 67 0.998943
44 68 0.998911
44 69 0.998882
44 70 0.998855
44 71 0.998831
44 72 0.99881
44 73 0.998792
44 74 0.998777
44 75 0.998765
44 76 0.998756
44 77 0.99875
44 78 0.998747
44 79 0.998746
44 80 0.998749
44 81 0.998754
44 82 0.998763
44 83 0.998774
44 84 0.998788
44 85 0.998805
44 86 0.998824
44 87 0.998846
44 88 0.99887
44 89 0.998897
44 90 0.998927
44 91 0.998958
44 92 0.998992
44 93 0.999027
44 94 0.999065
44 95 0.999104
44 96 0.999145
44 97 0.999188
44 98 0.999232
44 99 0.999277
44 100 0.999323
44 101 0.99937
44 102 0.999417
44 103 0.999465
44 104 0.999513
44 105 0.999561
44 106 0.999609
44 107 0.999657
44 108 0.999704
44 109 0.99975
44 110 0.999795
44 111 0.999839
44 112 0.999882
44 113 0.999923
44 114 0.999962
44 115 1
44 116 1.00004
44 117 1.00007
44 118 1.0001
44 119 1.00013
44 120 1.00016
44 121 1.00019
44 122 1.00022
44 123 1.00024
44 124 1.00027
44 125 1.0003
44 126 1.00032
44 127 1.00035

45 0 0
45 1 1.00087
45 2 1.00087
45 3 1.00087
45 4 1.00088
45 5 1.00088
45 6 1.00088
45 7 1.00088
45 8 1.00088
45 9 1.00088
45 10 1.00088
45 11 1.00088
45 12 1.00088
45 13 1.00088
45 14 1.00088
45 15 1.00088
45 16 1.00087
45 17 1.00087
45 18 1.00087
45 19 1.00086
45 20 1.00085
45 21 1.00085
45 22 1.00084
45 23 1.00083
45 24 1.00081
45 25 1.0008
45 26 1.00078
45 27 1.00077
45 28 1.00075
45 29 1.00073
45 30 1.0007
45 31 1.00068
45 32 1.00065
45 33 1.00062
45 34 1.00058
45 35 1.00055
45 36 1.00051
45 37 1.00047
45 38 1.00042
45 39 1.00038
45 40 1.00033
45 41 1.00028
45 42 1.00023
45 43 1.00017
45 44 1.00012
45 45 1.00006
45 46 0.999999
45 47 0.999939
45 48 0.999879
45 49 0.999817
45 50 0.999756
45 51 0.999694
45 52 0.999633
45 53 0.999572
45 54 0.999511
45 55 0.999452
45 56 0.999394
45 57 0.999337
45 58 0.999281
45 59 0.999228
45 60 0.999176
45 61 0.999126
45 62 0.999078
45 63 0.999033
45 64 0.99899
45 65 0.998949
45 66 0.998912
45 67 0.998877
45 68 0.998844
45 69 0.998815
45 70 0.998788
45 71 0.998764
45 72 0.998743
45 73 0.998725
45 74 0.998711
45 75 0.998699
45 76 0.99869
45 77 0.998684
45 78 0.998681
45 79 0.998681
45 80 0.998684
45 81 0.99869
45 82 0.998698
45 83 0.99871
45 84 0.998724
45 85 0.998742
45 86 0.998761
45 87 0.998784
45 88 0.998809
45 89 0.998836
45 90 0.998866
45 91 0.998898
45 92 0.998932
45 93 0.998968
45 94 0.999006
45 95 0.999046
45 96 0.999088
45 97 0.999131
45 98 0.999175
45 99 0.99922
45 100 0.999267
45 101 0.999314
45 102 0.999362
45 103 0.99941
45 104 0.999458
45 105 0.999506
45 106 0.999554
45 107 0.999602
45 108 0.999649
45 109 0.999695
45 110 0.99974
45 111 0.999784
45 112 0.999827
45 113 0.999867
45 114 0.999906
45 115 0.999944
45 116 0.999979
45 117 1.00001
45 118 1.00004
45 119 1.00007
45 120 1.0001
45 121 1.00013
45 122 1.00016
45 123 1.00018
45 124 1.00021
45 125 1.00024
45 126 1.00027
45 127 1.00029

46 0 0
46 1 1.00087
46 2 1.00087
46 3 1.00087
46 4 1.00088
46 5 1.00088
46 6 1.00088
46 7 1.00088
46 8 1.00088
46 9 1.00088
46 10 1.00088
46 11 1.00088
46 12 1.00088
46 13 1.00088
46 14 1.00088
46 15 1.00088
46 16 1.00087
46 17 1.00087
46 18 1.00086
46 19 1.00086
46 20 1.00085
46 21 1.00084
46 22 1.00083
46 23 1.00082
46 24 1.00081
46 25 1.00079
46 26 1.00078
46 27 1.00076
46 28 1.00074
46 29 1.00072
46 30 1.00069
46 31 1.00066
46 32 1.00063
46 33 1.0006
46 34 1.00057
46 35 1.00053
46 36 1.00049
46 37 1.00044
46 38 1.0004
46 39 1.00035
46 40 1.0003
46 41 1.00025
46 42 1.00019
46 43 1.00014
46 44 1.00008
46 45 1.00002
46 46 0.999958
46 47 0.999896
46 48 0.999833
46 49 0.99977
46 50 0.999707
46 51 0.999643
46 52 0.99958
46 53 0.999517
46 54 0.999456
46 55 0.999395
46 56 0.999335
46 57 0.999277
46 58 0.999221
46 59 0.999166
46 60 0.999113
46 61 0.999063
46 62 0.999014
46 63 0.998968
46 64 0.998925
46 65 0.998884
46 66 0.998846
46 67 0.998811
46 68 0.998778
46 69 0.998748
46 70 0.998722
46 71 0.998698
46 72 0.998677
46 73 0.998659
46 74 0.998644
46 75 0.998633
46 76 0.998624
46 77 0.998618
46 78 0.998616
46 79 0.998616
46 80 0.998619
46 81 0.998625
46 82 0.998634
46 83 0.998646
46 84 0.998661
46 85 0.998679
46 86 0.998699
46 87 0.998722
46 88 0.998747
46 89 0.998775
46 90 0.998805
46 91 0.998838
46 92 0.998872
46 93 0.998909
46 94 0.998948
46 95 0.998988
46 96 0.99903
46 97 0.999073
46 98 0.999118
46 99 0.999163
46 100 0.99921
46 101 0.999257
46 102 0.999305
46 103 0.999354
46 104 0.999402
46 105 0.99945
46 106 0.999499
46 107 0.999546
46 108 0.999593
46 109 0.999639
46 110 0.999684
46 111 0.999728
46 112 0.99977
46 113 0.99981
46 114 0.999849
46 115 0.999886
46 116 0.999921
46 117 0.999955
46 118 0.999986
46 119 1.00002
46 120 1.00005
46 121 1.00007
46 122 1.0001
46 123 1.00013
46 124 1.00015
46 125 1.00018
46 126 1.0002
46 127 1.00023

47 0 0
47 1 1.00087
47 2 1.00087
47 3 1.00087
47 4 1.00088
47 5 1.00088
47 6 1.00088
47 7 1.00088
47 8 1.00088
47 9 1.00088
47 10 1.00088
47 11 1.00088
47 12 1.00088
47 13 1.00088
47 14 1.00088
47 15 1.00087
47 16 1.00087
47 17 1.00087
47 18 1.00086
47 19 1.00086
47 20 1.00085
47 21 1.00084
47 22 1.00083
47 23 1.00082
47 24 1.0008
47 25 1.00079
47 26 1.00077
47 27 1.00075
47 28 1.00073
47 29 1.00071
47 30 1.00068
47 31 1.00065
47 32 1.00062
47 33 1.00058
47 34 1.00055
47 35 1.00051
47 36 1.00047
47 37 1.00042
47 38 1.00037
47 39 1.00032
47 40 1.00027
47 41 1.00022
47 42 1.00016
47 43 1.0001
47 44 1.00004
47 45 0.999979
47 46 0.999916
47 47 0.999853
47 48 0.999788
47 49 0.999723
47 50 0.999657
47 51 0.999592
47 52 0.999528
47 53 0.999463
47 54 0.9994
47 55 0.999338
47 56 0.999277
47 57 0.999218
47 58 0.99916
47 59 0.999105
47 60 0.999051
47 61 0.999
47 62 0.998951
47 63 0.998904
47 64 0.998861
47 65 0.998819
47 66 0.998781
47 67 0.998745
47 68 0.998713
47 69 0.998683
47 70 0.998656
47 71 0.998632
47 72 0.998612
47 73 0.998594
47 74 0.998579
47 75 0.998568
47 76 0.998559
47 77 0.998554
47 78 0.998551
47 79 0.998552
47 80 0.998555
47 81 0.998562
47 82 0.998571
47 83 0.998584
47 84 0.998599
47 85 0.998617
47 86 0.998637
47 87 0.99866
47 88 0.998686
47 89 0.998714
47 90 0.998745
47 91 0.998778
47 92 0.998813
47 93 0.99885
47 94 0.998889
47 95 0.998929
47 96 0.998971
47 97 0.999015
47 98 0.99906
47 99 0.999106
47 100 0.999153
47 101 0.9992
47 102 0.999248
47 103 0.999297
47 104 0.999345
47 105 0.999394
47 106 0.999442
47 107 0.999489
47 108 0.999536
47 109 0.999582
47 110 0.999627
47 111 0.99967
47 112 0.999712
47 113 0.999752
47 114 0.999791
47 115 0.999828
47 116 0.999862
47 117 0.999896
47 118 0.999927
47 119 0.999957
47 120 0.999985
47 121 1.00001
47 122 1.00004
47 123 1.00006
47 124 1.00009
47 125 1.00012
47 126 1.00014
47 127 1.00017

48 0 0
48 1 1.00087
48 2 1.00087
48 3 1.00087
48 4 1.00088
48 5 1.00088
48 6 1.00088
48 7 1.00088
48 8 1.00088
48 9 1.00088
48 10 1.00088
48 11 1.00088
48 12 1.00088
48 13 1.00088
48 14 1.00088
48 15 1.00087
48 16 1.00087
48 17 1.00086
48 18 1.00086
48 19 1.00085
48 20 1.00084
48 21 1.00084
48 22 1.00082
48 23 1.00081
48 24 1.0008
48 25 1.00078
48 26 1.00076
48 27 1.00074
48 28 1.00072
48 29 1.0007
48 30 1.00067
48 31 1.00064
48 32 1.0006
48 33 1.00057
48 34 1.00053
48 35 1.00049
48 36 1.00045
48 37 1.0004
48 38 1.00035
48 39 1.0003
48 40 1.00024
48 41 1.00019
48 42 1.00013
48 43 1.00007
48 44 1
48 45 0.99994
48 46 0.999875
48 47 0.999809
48 48 0.999743
48 49 0.999676
48 50 0.999609
48 51 0.999542
48 52 0.999475
48 53 0.99941
48 54 0.999345
48 55 0.999281
48 56 0.999219
48 57 0.999159
48 58 0.999101
48 59 0.999044
48 60 0.99899
48 61 0.998938
48 62 0.998888
48 63 0.998842
48 64 0.998797
48 65 0.998756
48 66 0.998717
48 67 0.998681
48 68 0.998649
48 69 0.998619
48 70 0.998592
48 71 0.998568
48 72 0.998547
48 73 0.99853
48 74 0.998515
48 75 0.998504
48 76 0.998495
48 77 0.99849
48 78 0.998488
48 79 0.998489
48 80 0.998492
48 81 0.998499
48 82 0.998509
48 83 0.998521
48 84 0.998537
48 85 0.998555
48 86 0.998576
48 87 0.998599
48 88 0.998626
48 89 0.998654
48 90 0.998685
48 91 0.998718
48 92 0.998753
48 93 0.998791
48 94 0.99883
48 95 0.998871
48 96 0.998913
48 97 0.998957
48 98 0.999002
48 99 0.999048
48 100 0.999095
48 101 0.999143
48 102 0.999191
48 103 0.999239
48 104 0.999288
48 105 0.999336
48 106 0.999384
48 107 0.999432
48 108 0.999479
48 109 0.999524
48 110 0.999569
48 111 0.999612
48 112 0.999654
48 113 0.999693
48 114 0.999732
48 115 0.999768
48 116 0.999803
48 117 0.999836
48 118 0.999867
48 119 0.999896
48 120 0.999925
48 121 0.999952
48 122 0.999978
48 123 1
48 124 1.00003
48 125 1.00005
48 126 1.00008
48 127 1.0001

49 0 0
49 1 1.00087
49 2 1.00087
49 3 1.00087
49 4 1.00088
49 5 1.00088
49 6 1.00088
49 7 1.00088
49 8 1.00088
49 9 1.00088
49 10 1.00088
49 11 1.00088
49 12 1.00088
49 13 1.00088
49 14 1.00087
49 15 1.00087
49 16 1.00087
49 17 1.00086
49 18 1.00086
49 19 1.00085
49 20 1.00084
49 21 1.00083
49 22 1.00082
49 23 1.00081
49 24 1.00079
49 25 1.00078
49 26 1.00076
49 27 1.00074
49 28 1.00071
49 29 1.00069
49 30 1.00066
49 31 1.00063
49 32 1.00059
49 33 1.00055
49 34 1.00051
49 35 1.00047
49 36 1.00042
49 37 1.00038
49 38 1.00032
49 39 1.00027
49 40 1.00021
49 41 1.00016
49 42 1.00009
49 43 1.00003
49 44 0.999967
49 45 0.999901
49 46 0.999834
49 47 0.999766
49 48 0.999698
49 49 0.999629
49 50 0.99956
49 51 0.999491
49 52 0.999423
49 53 0.999356
49 54 0.99929
49 55 0.999226
49 56 0.999163
49 57 0.999101
49 58 0.999042
49 59 0.998985
49 60 0.99893
49 61 0.998877
49 62 0.998827
49 63 0.99878
49 64 0.998735
49 65 0.998693
49 66 0.998655
49 67 0.998619
49 68 0.998586
49 69 0.998556
49 70 0.998529
49 71 0.998505
49 72 0.998485
49 73 0.998467
49 74 0.998453
49 75 0.998441
49 76 0.998433
49 77 0.998428
49 78 0.998426
49 79 0.998427
49 80 0.998431
49 81 0.998438
49 82 0.998448
49 83 0.998461
49 84 0.998476
49 85 0.998495
49 86 0.998516
49 87 0.998539
49 88 0.998566
49 89 0.998595
49 90 0.998626
49 91 0.998659
49 92 0.998695
49 93 0.998732
49 94 0.998771
49 95 0.998812
49 96 0.998855
49 97 0.998899
49 98 0.998944
49 99 0.99899
49 100 0.999038
49 101 0.999085
49 102 0.999134
49 103 0.999182
49 104 0.99923
49 105 0.999279
49 106 0.999327
49 107 0.999374
49 108 0.99942
49 109 0.999466
49 110 0.99951
49 111 0.999553
49 112 0.999594
49 113 0.999634
49 114 0.999672
49 115 0.999708
49 116 0.999742
49 117 0.999775
49 118 0.999806
49 119 0.999835
49 120 0.999863
49 121 0.99989
49 122 0.999916
49 123 0.999942
49 124 0.999967
49 125 0.999991
49 126 1.00002
49 127 1.00004

50 0 0
50 1 1.00087
50 2 1.00087
50 3 1.00087
50 4 1.00088
50 5 1.00088
50 6 1.00088
50 7 1.00088
50 8 1.00088
50 9 1.00088
50 10 1.00088
50 11 1.00088
50 12 1.00088
50 13 1.00088
50 14 1.00087
50 15 1.00087
50 16 1.00087
50 17 1.00086
50 18 1.00086
50 19 1.00085
50 20 1.00084
50 21 1.00083
50 22 1.00082
50 23 1.0008
50 24 1.00079
50 25 1.00077
50 26 1.00075
50 27 1.00073
50 28 1.0007
50 29 1.00068
50 30 1.00065
50 31 1.00061
50 32 1.00058
50 33 1.00054
50 34 1.0005
50 35 1.00045
50 36 1.0004
50 37 1.00035
50 38 1.0003
50 39 1.00024
50 40 1.00019
50 41 1.00013
50 42 1.00006
50 43 0.999997
50 44 0.999931
50 45 0.999863
50 46 0.999793
50 47 0.999724
50 48 0.999653
50 49 0.999583
50 50 0.999512
50 51 0.999442
50 52 0.999372
50 53 0.999304
50 54 0.999237
50 55 0.999171
50 56 0.999107
50 57 0.999044
50 58 0.998984
50 59 0.998926
50 60 0.998871
50 61 0.998818
50 62 0.998767
50 63 0.998719
50 64 0.998675
50 65 0.998633
50 66 0.998593
50 67 0.998557
50 68 0.998524
50 69 0.998494
50 70 0.998468
50 71 0.998444
50 72 0.998423
50 73 0.998406
50 74 0.998392
50 75 0.99838
50 76 0.998372
50 77 0.998367
50 78 0.998365
50 79 0.998366
50 80 0.998371
50 81 0.998378
50 82 0.998388
50 83 0.998401
50 84 0.998417
50 85 0.998435
50 86 0.998457
50 87 0.998481
50 88 0.998507
50 89 0.998536
50 90 0.998567
50 91 0.998601
50 92 0.998637
50 93 0.998674
50 94 0.998714
50 95 0.998755
50 96 0.998798
50 97 0.998842
50 98 0.998887
50 99 0.998933
50 100 0.99898
50 101 0.999028
50 102 0.999076
50 103 0.999125
50 104 0.999173
50 105 0.999221
50 106 0.999269
50 107 0.999316
50 108 0.999362
50 109 0.999408
50 110 0.999451
50 111 0.999494
50 112 0.999535
50 113 0.999574
50 114 0.999612
50 115 0.999648
50 116 0.999682
50 117 0.999714
50 118 0.999745
50 119 0.999774
50 120 0.999802
50 121 0.999828
50 122 0.999854
50 123 0.999879
50 124 0.999904
50 125 0.999928
50 126 0.999952
50 127 0.999975

51 0 0
51 1 1.00087
51 2 1.00087
51 3 1.00088
51 4 1.00088
51 5 1.00088
51 6 1.00088
51 7 1.00088
51 8 1.00088
51 9 1.00088
51 10 1.00088
51 11 1.00088
51 12 1.00088
51 13 1.00088
51 14 1.00087
51 15 1.00087
51 16 1.00087
51 17 1.00086
51 18 1.00085
51 19 1.00085
51 20 1.00084
51 21 1.00083
51 22 1.00081
51 23 1.0008
51 24 1.00078
51 25 1.00076
51 26 1.00074
51 27 1.00072
51 28 1.00069
51 29 1.00067
51 30 1.00063
51 31 1.0006
51 32 1.00056
51 33 1.00052
51 34 1.00048
51 35 1.00043
51 36 1.00038
51 37 1.00033
51 38 1.00028
51 39 1.00022
51 40 1.00016
51 41 1.0001
51 42 1.00003
51 43 0.999963
51 44 0.999894
51 45 0.999824
51 46 0.999753
51 47 0.999682
51 48 0.999609
51 49 0.999537
51 50 0.999465
51 51 0.999393
51 52 0.999322
51 53 0.999252
51 54 0.999184
51 55 0.999117
51 56 0.999052
51 57 0.998989
51 58 0.998928
51 59 0.998869
51 60 0.998813
51 61 0.998759
51 62 0.998709
51 63 0.998661
51 64 0.998615
51 65 0.998573
51 66 0.998534
51 67 0.998498
51 68 0.998465
51 69 0.998435
51 70 0.998408
51 71 0.998384
51 72 0.998364
51 73 0.998347
51 74 0.998332
51 75 0.998321
51 76 0.998313
51 77 0.998308
51 78 0.998307
51 79 0.998308
51 80 0.998312
51 81 0.998319
51 82 0.99833
51 83 0.998343
51 84 0.998359
51 85 0.998377
51 86 0.998399
51 87 0.998423
51 88 0.99845
51 89 0.998479
51 90 0.99851
51 91 0.998544
51 92 0.99858
51 93 0.998617
51 94 0.998657
51 95 0.998698
51 96 0.998741
51 97 0.998785
51 98 0.99883
51 99 0.998876
51 100 0.998924
51 101 0.998971
51 102 0.999019
51 103 0.999068
51 104 0.999116
51 105 0.999164
51 106 0.999211
51 107 0.999258
51 108 0.999304
51 109 0.999349
51 110 0.999393
51 111 0.999435
51 112 0.999476
51 113 0.999515
51 114 0.999552
51 115 0.999587
51 116 0.999621
51 117 0.999653
51 118 0.999683
51 119 0.999712
51 120 0.99974
51 121 0.999767
51 122 0.999792
51 123 0.999817
51 124 0.999841
51 125 0.999865
51 126 0.999888
51 127 0.99991

52 0 0
52 1 1.00087
52 2 1.00087
52 3 1.00088
52 4 1.00088
52 5 1.00088
52 6 1.00088
52 7 1.00088
52 8 1.00088
52 9 1.00088
52 10 1.00088
52 11 1.00088
52 12 1.00088
52 13 1.00088
52 14 1.00087
52 15 1.00087
52 16 1.00086
52 17 1.00086
52 18 1.00085
52 19 1.00084
52 20 1.00083
52 21 1.00082
52 22 1.00081
52 23 1.00079
52 24 1.00078
52 25 1.00076
52 26 1.00074
52 27 1.00071
52 28 1.00069
52 29 1.00066
52 30 1.00062
52 31 1.00059
52 32 1.00055
52 33 1.00051
52 34 1.00046
52 35 1.00042
52 36 1.00036
52 37 1.00031
52 38 1.00025
52 39 1.00019
52 40 1.00013
52 41 1.00007
52 42 0.999999
52 43 0.99993
52 44 0.999859
52 45 0.999787
52 46 0.999714
52 47 0.99964
52 48 0.999566
52 49 0.999492
52 50 0.999419
52 51 0.999345
52 52 0.999273
52 53 0.999202
52 54 0.999133
52 55 0.999065
52 56 0.998999
52 57 0.998935
52 58 0.998873
52 59 0.998814
52 60 0.998757
52 61 0.998703
52 62 0.998652
52 63 0.998604
52 64 0.998558
52 65 0.998516
52 66 0.998477
52 67 0.99844
52 68 0.998407
52 69 0.998377
52 70 0.998351
52 71 0.998327
52 72 0.998306
52 73 0.998289
52 74 0.998275
52 75 0.998264
52 76 0.998256
52 77 0.998251
52 78 0.99825
52 79 0.998251
52 80 0.998255
52 81 0.998263
52 82 0.998273
52 83 0.998286
52 84 0.998302
52 85 0.998321
52 86 0.998343
52 87 0.998367
52 88 0.998394
52 89 0.998423
52 90 0.998454
52 91 0.998488
52 92 0.998524
52 93 0.998562
52 94 0.998601
52 95 0.998642
52 96 0.998685
52 97 0.998729
52 98 0.998774
52 99 0.998821
52 100 0.998868
52 101 0.998915
52 102 0.998963
52 103 0.999011
52 104 0.999059
52 105 0.999107
52 106 0.999154
52 107 0.999201
52 108 0.999247
52 109 0.999291
52 110 0.999334
52 111 0.999376
52 112 0.999417
52 113 0.999455
52 114 0.999492
52 115 0.999527
52 116 0.999561
52 117 0.999592
52 118 0.999622
52 119 0.999651
52 120 0.999679
52 121 0.999705
52 122 0.99973
52 123 0.999755
52 124 0.999779
52 125 0.999802
52 126 0.999824
52 127 0.999846

53 0 0
53 1 1.00087
53 2 1.00088
53 3 1.00088
53 4 1.00088
53 5 1.00088
53 6 1.00088
53 7 1.00088
53 8 1.00088
53 9 1.00088
53 10 1.00088
53 11 1.00088
53 12 1.00088
53 13 1.00088
53 14 1.00087
53 15 1.00087
53 16 1.00086
53 17 1.00086
53 18 1.00085
53 19 1.00084
53 20 1.00083
53 21 1.00082
53 22 1.00081
53 23 1.00079
53 24 1.00077
53 25 1.00075
53 26 1.00073
53 27 1.00071
53 28 1.00068
53 29 1.00065
53 30 1.00061
53 31 1.00058
53 32 1.00054
53 33 1.00049
53 34 1.00045
53 35 1.0004
53 36 1.00035
53 37 1.00029
53 38 1.00023
53 39 1.00017
53 40 1.0001
53 41 1.00004
53 42 0.999968
53 43 0.999897
53 44 0.999824
53 45 0.99975
53 46 0.999675
53 47 0.9996
53 48 0.999524
53 49 0.999449
53 50 0.999374
53 51 0.999299
53 52 0.999225
53 53 0.999153
53 54 0.999083
53 55 0.999014
53 56 0.998947
53 57 0.998882
53 58 0.99882
53 59 0.99876
53 60 0.998703
53 61 0.998649
53 62 0.998597
53 63 0.998549
53 64 0.998503
53 65 0.998461
53 66 0.998421
53 67 0.998385
53 68 0.998352
53 69 0.998322
53 70 0.998295
53 71 0.998272
53 72 0.998251
53 73 0.998234
53 74 0.99822
53 75 0.998209
53 76 0.998201
53 77 0.998196
53 78 0.998195
53 79 0.998196
53 80 0.998201
53 81 0.998208
53 82 0.998219
53 83 0.998232
53 84 0.998248
53 85 0.998267
53 86 0.998288
53 87 0.998313
53 88 0.998339
53 89 0.998368
53 90 0.9984
53 91 0.998434
53 92 0.998469
53 93 0.998507
53 94 0.998547
53 95 0.998588
53 96 0.998631
53 97 0.998675
53 98 0.99872
53 99 0.998766
53 100 0.998813
53 101 0.99886
53 102 0.998908
53 103 0.998956
53 104 0.999003
53 105 0.999051
53 106 0.999098
53 107 0.999144
53 108 0.999189
53 109 0.999234
53 110 0.999277
53 111 0.999318
53 112 0.999358
53 113 0.999396
53 114 0.999433
53 115 0.999467
53 116 0.999501
53 117 0.999532
53 118 0.999562
53 119 0.99959
53 120 0.999618
53 121 0.999644
53 122 0.999669
53 123 0.999693
53 124 0.999717
53 125 0.999739
53 126 0.999761
53 127 0.999782

54 0 0
54 1 1.00088
54 2 1.00088
54 3 1.00088
54 4 1.00088
54 5 1.00088
54 6 1.00088
54 7 1.00088
54 8 1.00088
54 9 1.00088
54 10 1.00088
54 11 1.00088
54 12 1.00088
54 13 1.00088
54 14 1.00087
54 15 1.00087
54 16 1.00086
54 17 1.00086
54 18 1.00085
54 19 1.00084
54 20 1.00083
54 21 1.00082
54 22 1.0008
54 23 1.00079
54 24 1.00077
54 25 1.00075
54 26 1.00073
54 27 1.0007
54 28 1.00067
54 29 1.00064
54 30 1.00061
54 31 1.00057
54 32 1.00053
54 33 1.00048
54 34 1.00043
54 35 1.00038
54 36 1.00033
54 37 1.00027
54 38 1.00021
54 39 1.00014
54 40 1.00008
54 41 1.00001
54 42 0.999938
54 43 0.999865
54 44 0.99979
54 45 0.999715
54 46 0.999638
54 47 0.999561
54 48 0.999484
54 49 0.999406
54 50 0.99933
54 51 0.999254
54 52 0.999179
54 53 0.999106
54 54 0.999034
54 55 0.998964
54 56 0.998897
54 57 0.998831
54 58 0.998769
54 59 0.998708
54 60 0.998651
54 61 0.998596
54 62 0.998544
54 63 0.998496
54 64 0.99845
54 65 0.998407
54 66 0.998368
54 67 0.998332
54 68 0.998299
54 69 0.998269
54 70 0.998242
54 71 0.998219
54 72 0.998198
54 73 0.998181
54 74 0.998167
54 75 0.998156
54 76 0.998148
54 77 0.998144
54 78 0.998142
54 79 0.998144
54 80 0.998148
54 81 0.998156
54 82 0.998166
54 83 0.998179
54 84 0.998196
54 85 0.998214
54 86 0.998236
54 87 0.99826
54 88 0.998287
54 89 0.998316
54 90 0.998347
54 91 0.998381
54 92 0.998417
54 93 0.998454
54 94 0.998494
54 95 0.998535
54 96 0.998577
54 97 0.998621
54 98 0.998666
54 99 0.998712
54 100 0.998759
54 101 0.998806
54 102 0.998853
54 103 0.998901
54 104 0.998949
54 105 0.998996
54 106 0.999042
54 107 0.999088
54 108 0.999133
54 109 0.999177
54 110 0.999219
54 111 0.999261
54 112 0.9993
54 113 0.999338
54 114 0.999374
54 115 0.999408
54 116 0.999441
54 117 0.999472
54 118 0.999502
54 119 0.99953
54 120 0.999557
54 121 0.999583
54 122 0.999608
54 123 0.999632
54 124 0.999655
54 125 0.999677
54 126 0.999699
54 127 0.999718

55 0 0
55 1 1.00088
55 2 1.00088
55 3 1.00088
55 4 1.00088
55 5 1.00088
55 6 1.00088
55 7 1.00088
55 8 1.00088
55 9 1.00088
55 10 1.00088
55 11 1.00088
55 12 1.00088
55 13 1.00088
55 14 1.00087
55 15 1.00087
55 16 1.00086
55 17 1.00086
55 18 1.00085
55 19 1.00084
55 20 1.00083
55 21 1.00082
55 22 1.0008
55 23 1.00078
55 24 1.00077
55 25 1.00074
55 26 1.00072
55 27 1.00069
55 28 1.00066
55 29 1.00063
55 30 1.0006
55 31 1.00056
55 32 1.00051
55 33 1.00047
55 34 1.00042
55 35 1.00037
55 36 1.00031
55 37 1.00025
55 38 1.00019
55 39 1.00012
55 40 1.00005
55 41 0.999982
55 42 0.999909
55 43 0.999834
55 44 0.999758
55 45 0.99968
55 46 0.999602
55 47 0.999523
55 48 0.999444
55 49 0.999366
55 50 0.999288
55 51 0.99921
55 52 0.999135
55 53 0.99906
55 54 0.998988
55 55 0.998917
55 56 0.998849
55 57 0.998783
55 58 0.998719
55 59 0.998659
55 60 0.998601
55 61 0.998546
55 62 0.998494
55 63 0.998445
55 64 0.998399
55 65 0.998357
55 66 0.998317
55 67 0.998281
55 68 0.998248
55 69 0.998218
55 70 0.998191
55 71 0.998168
55 72 0.998148
55 73 0.998131
55 74 0.998117
55 75 0.998106
55 76 0.998098
55 77 0.998094
55 78 0.998092
55 79 0.998094
55 80 0.998098
55 81 0.998106
55 82 0.998116
55 83 0.998129
55 84 0.998145
55 85 0.998164
55 86 0.998186
55 87 0.99821
55 88 0.998236
55 89 0.998265
55 90 0.998297
55 91 0.99833
55 92 0.998366
55 93 0.998403
55 94 0.998443
55 95 0.998484
55 96 0.998526
55 97 0.99857
55 98 0.998614
55 99 0.99866
55 100 0.998706
55 101 0.998753
55 102 0.998801
55 103 0.998848
55 104 0.998895
55 105 0.998942
55 106 0.998988
55 107 0.999034
55 108 0.999078
55 109 0.999121
55 110 0.999163
55 111 0.999204
55 112 0.999243
55 113 0.999281
55 114 0.999316
55 115 0.99935
55 116 0.999383
55 117 0.999414
55 118 0.999443
55 119 0.999471
55 120 0.999498
55 121 0.999524
55 122 0.999548
55 123 0.999572
55 124 0.999595
55 125 0.999616
55 126 0.999637
55 127 0.999656

56 0 0
56 1 1.00088
56 2 1.00088
56 3 1.00088
56 4 1.00088
56 5 1.00088
56 6 1.00088
56 7 1.00088
56 8 1.00088
56 9 1.00088
56 10 1.00088
56 11 1.00088
56 12 1.00088
56 13 1.00088
56 14 1.00087
56 15 1.00087
56 16 1.00086
56 17 1.00086
56 18 1.00085
56 19 1.00084
56 20 1.00083
56 21 1.00081
56 22 1.0008
56 23 1.00078
56 24 1.00076
56 25 1.00074
56 26 1.00072
56 27 1.00069
56 28 1.00066
56 29 1.00062
56 30 1.00059
56 31 1.00055
56 32 1.0005
56 33 1.00046
56 34 1.0004
56 35 1.00035
56 36 1.00029
56 37 1.00023
56 38 1.00017
56 39 1.0001
56 40 1.00003
56 41 0.999956
56 42 0.999881
56 43 0.999804
56 44 0.999726
56 45 0.999647
56 46 0.999567
56 47 0.999487
56 48 0.999406
56 49 0.999326
56 50 0.999247
56 51 0.999169
56 52 0.999092
56 53 0.999016
56 54 0.998943
56 55 0.998872
56 56 0.998803
56 57 0.998736
56 58 0.998672
56 59 0.998611
56 60 0.998553
56 61 0.998498
56 62 0.998446
56 63 0.998397
56 64 0.998351
56 65 0.998308
56 66 0.998269
56 67 0.998233
56 68 0.9982
56 69 0.99817
56 70 0.998143
56 71 0.99812
56 72 0.9981
56 73 0.998083
56 74 0.998069
56 75 0.998058
56 76 0.99805
56 77 0.998046
56 78 0.998044
56 79 0.998046
56 80 0.99805
56 81 0.998058
56 82 0.998068
56 83 0.998081
56 84 0.998097
56 85 0.998116
56 86 0.998138
56 87 0.998162
56 88 0.998188
56 89 0.998217
56 90 0.998248
56 91 0.998282
56 92 0.998317
56 93 0.998354
56 94 0.998394
56 95 0.998434
56 96 0.998476
56 97 0.99852
56 98 0.998564
56 99 0.99861
56 100 0.998656
56 101 0.998702
56 102 0.998749
56 103 0.998796
56 104 0.998843
56 105 0.998889
56 106 0.998935
56 107 0.99898
56 108 0.999024
56 109 0.999067
56 110 0.999109
56 111 0.999149
56 112 0.999188
56 113 0.999224
56 114 0.99926
56 115 0.999293
56 116 0.999325
56 117 0.999356
56 118 0.999385
56 119 0.999413
56 120 0.999439
56 121 0.999465
56 122 0.999489
56 123 0.999513
56 124 0.999535
56 125 0.999556
56 126 0.999576
56 127 0.999594

57 0 0
57 1 1.00088
57 2 1.00088
57 3 1.00089
57 4 1.00089
57 5 1.00089
57 6 1.00089
57 7 1.00089
57 8 1.00089
57 9 1.00089
57 10 1.00088
57 11 1.00088
57 12 1.00088
57 13 1.00088
57 14 1.00087
57 15 1.00087
57 16 1.00086
57 17 1.00086
57 18 1.00085
57 19 1.00084
57 20 1.00083
57 21 1.00081
57 22 1.0008
57 23 1.00078
57 24 1.00076
57 25 1.00074
57 26 1.00071
57 27 1.00068
57 28 1.00065
57 29 1.00062
57 30 1.00058
57 31 1.00054
57 32 1.00049
57 33 1.00044
57 34 1.00039
57 35 1.00034
57 36 1.00028
57 37 1.00021
57 38 1.00015
57 39 1.00008
57 40 1.00001
57 41 0.999931
57 42 0.999855
57 43 0.999776
57 44 0.999696
57 45 0.999615
57 46 0.999534
57 47 0.999452
57 48 0.99937
57 49 0.999289
57 50 0.999208
57 51 0.999129
57 52 0.999051
57 53 0.998975
57 54 0.9989
57 55 0.998828
57 56 0.998759
57 57 0.998692
57 58 0.998628
57 59 0.998566
57 60 0.998508
57 61 0.998453
57 62 0.9984
57 63 0.998351
57 64 0.998305
57 65 0.998263
57 66 0.998223
57 67 0.998187
57 68 0.998154
57 69 0.998124
57 70 0.998098
57 71 0.998074
57 72 0.998054
57 73 0.998037
57 74 0.998023
57 75 0.998013
57 76 0.998005
57 77 0.998001
57 78 0.997999
57 79 0.998001
57 80 0.998005
57 81 0.998013
57 82 0.998023
57 83 0.998036
57 84 0.998052
57 85 0.998071
57 86 0.998092
57 87 0.998116
57 88 0.998142
57 89 0.998171
57 90 0.998202
57 91 0.998235
57 92 0.99827
57 93 0.998308
57 94 0.998346
57 95 0.998387
57 96 0.998429
57 97 0.998472
57 98 0.998516
57 99 0.998561
57 100 0.998607
57 101 0.998653
57 102 0.9987
57 103 0.998746
57 104 0.998792
57 105 0.998838
57 106 0.998884
57 107 0.998928
57 108 0.998972
57 109 0.999014
57 110 0.999056
57 111 0.999095
57 112 0.999133
57 113 0.99917
57 114 0.999205
57 115 0.999238
57 116 0.99927
57 117 0.9993
57 118 0.999329
57 119 0.999356
57 120 0.999383
57 121 0.999408
57 122 0.999432
57 123 0.999455
57 124 0.999477
57 125 0.999498
57 126 0.999517
57 127 0.999534

58 0 0
58 1 1.00089
58 2 1.00089
58 3 1.00089
58 4 1.00089
58 5 1.00089
58 6 1.00089
58 7 1.00089
58 8 1.00089
58 9 1.00089
58 10 1.00089
58 11 1.00088
58 12 1.00088
58 13 1.00088
58 14 1.00087
58 15 1.00087
58 16 1.00086
58 17 1.00086
58 18 1.00085
58 19 1.00084
58 20 1.00083
58 21 1.00081
58 22 1.0008
58 23 1.00078
58 24 1.00076
58 25 1.00073
58 26 1.00071
58 27 1.00068
58 28 1.00065
58 29 1.00061
58 30 1.00057
58 31 1.00053
58 32 1.00048
58 33 1.00043
58 34 1.00038
58 35 1.00032
58 36 1.00026
58 37 1.0002
58 38 1.00013
58 39 1.00006
58 40 0.999984
58 41 0.999908
58 42 0.999829
58 43 0.999749
58 44 0.999668
58 45 0.999585
58 46 0.999502
58 47 0.999419
58 48 0.999336
58 49 0.999253
58 50 0.999171
58 51 0.999091
58 52 0.999012
58 53 0.998935
58 54 0.99886
58 55 0.998787
58 56 0.998717
58 57 0.99865
58 58 0.998585
58 59 0.998524
58 60 0.998465
58 61 0.99841
58 62 0.998357
58 63 0.998308
58 64 0.998262
58 65 0.99822
58 66 0.99818
58 67 0.998144
58 68 0.998111
58 69 0.998081
58 70 0.998055
58 71 0.998032
58 72 0.998012
58 73 0.997995
58 74 0.997981
58 75 0.99797
58 76 0.997963
58 77 0.997958
58 78 0.997957
58 79 0.997958
58 80 0.997963
58 81 0.99797
58 82 0.99798
58 83 0.997993
58 84 0.998009
58 85 0.998028
58 86 0.998049
58 87 0.998073
58 88 0.998099
58 89 0.998127
58 90 0.998158
58 91 0.998191
58 92 0.998226
58 93 0.998263
58 94 0.998302
58 95 0.998342
58 96 0.998383
58 97 0.998426
58 98 0.99847
58 99 0.998515
58 100 0.99856
58 101 0.998606
58 102 0.998652
58 103 0.998698
58 104 0.998744
58 105 0.998789
58 106 0.998834
58 107 0.998878
58 108 0.998921
58 109 0.998963
58 110 0.999004
58 111 0.999043
58 112 0.999081
58 113 0.999117
58 114 0.999151
58 115 0.999184
58 116 0.999215
58 117 0.999245
58 118 0.999274
58 119 0.999301
58 120 0.999327
58 121 0.999352
58 122 0.999376
58 123 0.999399
58 124 0.999421
58 125 0.999441
58 126 0.999459
58 127 0.999475

59 0 0
59 1 1.00089
59 2 1.00089
59 3 1.00089
59 4 1.00089
59 5 1.00089
59 6 1.00089
59 7 1.00089
59 8 1.00089
59 9 1.00089
59 10 1.00089
59 11 1.00088
59 12 1.00088
59 13 1.00088
59 14 1.00087
59 15 1.00087
59 16 1.00086
59 17 1.00086
59 18 1.00085
59 19 1.00084
59 20 1.00082
59 21 1.00081
59 22 1.00079
59 23 1.00078
59 24 1.00076
59 25 1.00073
59 26 1.00071
59 27 1.00068
59 28 1.00064
59 29 1.00061
59 30 1.00057
59 31 1.00052
59 32 1.00047
59 33 1.00042
59 34 1.00037
59 35 1.00031
59 36 1.00025
59 37 1.00018
59 38 1.00011
59 39 1.00004
59 40 0.999963
59 41 0.999886
59 42 0.999806
59 43 0.999724
59 44 0.999641
59 45 0.999557
59 46 0.999472
59 47 0.999388
59 48 0.999303
59 49 0.999219
59 50 0.999137
59 51 0.999055
59 52 0.998975
59 53 0.998898
59 54 0.998822
59 55 0.998749
59 56 0.998678
59 57 0.998611
59 58 0.998546
59 59 0.998484
59 60 0.998425
59 61 0.998369
59 62 0.998317
59 63 0.998268
59 64 0.998222
59 65 0.998179
59 66 0.99814
59 67 0.998104
59 68 0.998071
59 69 0.998041
59 70 0.998015
59 71 0.997992
59 72 0.997972
59 73 0.997955
59 74 0.997941
59 75 0.997931
59 76 0.997923
59 77 0.997918
59 78 0.997917
59 79 0.997918
59 80 0.997923
59 81 0.99793
59 82 0.99794
59 83 0.997953
59 84 0.997969
59 85 0.997987
59 86 0.998008
59 87 0.998032
59 88 0.998058
59 89 0.998086
59 90 0.998117
59 91 0.99815
59 92 0.998184
59 93 0.998221
59 94 0.998259
59 95 0.998299
59 96 0.99834
59 97 0.998383
59 98 0.998426
59 99 0.998471
59 100 0.998515
59 101 0.998561
59 102 0.998606
59 103 0.998652
59 104 0.998697
59 105 0.998742
59 106 0.998787
59 107 0.99883
59 108 0.998873
59 109 0.998914
59 110 0.998954
59 111 0.998993
59 112 0.99903
59 113 0.999066
59 114 0.9991
59 115 0.999132
59 116 0.999163
59 117 0.999192
59 118 0.999221
59 119 0.999248
59 120 0.999274
59 121 0.999298
59 122 0.999322
59 123 0.999345
59 124 0.999366
59 125 0.999385
59 126 0.999403
59 127 0.999418

60 0 0
60 1 1.00089
60 2 1.00089
60 3 1.00089
60 4 1.00089
60 5 1.00089
60 6 1.00089
60 7 1.00089
60 8 1.00089
60 9 1.00089
60 10 1.00089
60 11 1.00089
60 12 1.00088
60 13 1.00088
60 14 1.00088
60 15 1.00087
60 16 1.00086
60 17 1.00086
60 18 1.00085
60 19 1.00084
60 20 1.00082
60 21 1.00081
60 22 1.00079
60 23 1.00078
60 24 1.00075
60 25 1.00073
60 26 1.0007
60 27 1.00067
60 28 1.00064
60 29 1.0006
60 30 1.00056
60 31 1.00052
60 32 1.00047
60 33 1.00041
60 34 1.00036
60 35 1.0003
60 36 1.00023
60 37 1.00017
60 38 1.0001
60 39 1.00002
60 40 0.999945
60 41 0.999865
60 42 0.999784
60 43 0.9997
60 44 0.999616
60 45 0.99953
60 46 0.999445
60 47 0.999359
60 48 0.999273
60 49 0.999188
60 50 0.999104
60 51 0.999022
60 52 0.998941
60 53 0.998863
60 54 0.998787
60 55 0.998713
60 56 0.998642
60 57 0.998574
60 58 0.998509
60 59 0.998447
60 60 0.998388
60 61 0.998332
60 62 0.998279
60 63 0.99823
60 64 0.998184
60 65 0.998142
60 66 0.998103
60 67 0.998067
60 68 0.998034
60 69 0.998004
60 70 0.997978
60 71 0.997955
60 72 0.997935
60 73 0.997918
60 74 0.997904
60 75 0.997894
60 76 0.997886
60 77 0.997882
60 78 0.99788
60 79 0.997881
60 80 0.997886
60 81 0.997893
60 82 0.997903
60 83 0.997916
60 84 0.997932
60 85 0.99795
60 86 0.997971
60 87 0.997994
60 88 0.99802
60 89 0.998048
60 90 0.998078
60 91 0.998111
60 92 0.998145
60 93 0.998181
60 94 0.998219
60 95 0.998259
60 96 0.9983
60 97 0.998342
60 98 0.998385
60 99 0.998429
60 100 0.998473
60 101 0.998518
60 102 0.998563
60 103 0.998608
60 104 0.998653
60 105 0.998698
60 106 0.998741
60 107 0.998784
60 108 0.998826
60 109 0.998867
60 110 0.998907
60 111 0.998945
60 112 0.998981
60 113 0.999016
60 114 0.99905
60 115 0.999082
60 116 0.999113
60 117 0.999142
60 118 0.99917
60 119 0.999196
60 120 0.999222
60 121 0.999247
60 122 0.99927
60 123 0.999292
60 124 0.999313
60 125 0.999332
60 126 0.999349
60 127 0.999363

61 0 0
61 1 1.00089
61 2 1.00089
61 3 1.00089
61 4 1.0009
61 5 1.00089
61 6 1.00089
61 7 1.00089
61 8 1.00089
61 9 1.00089
61 10 1.00089
61 11 1.00089
61 12 1.00088
61 13 1.00088
61 14 1.00088
61 15 1.00087
61 16 1.00087
61 17 1.00086
61 18 1.00085
61 19 1.00084
61 20 1.00083
61 21 1.00081
61 22 1.00079
61 23 1.00077
61 24 1.00075
61 25 1.00073
61 26 1.0007
61 27 1.00067
61 28 1.00064
61 29 1.0006
61 30 1.00056
61 31 1.00051
61 32 1.00046
61 33 1.00041
61 34 1.00035
61 35 1.00029
61 36 1.00022
61 37 1.00015
61 38 1.00008
61 39 1.00001
61 40 0.999927
61 41 0.999846
61 42 0.999763
61 43 0.999679
61 44 0.999593
61 45 0.999506
61 46 0.999419
61 47 0.999331
61 48 0.999245
61 49 0.999159
61 50 0.999074
61 51 0.998991
61 52 0.998909
61 53 0.99883
61 54 0.998754
61 55 0.998679
61 56 0.998608
61 57 0.99854
61 58 0.998474
61 59 0.998412
61 60 0.998353
61 61 0.998297
61 62 0.998245
61 63 0.998196
61 64 0.99815
61 65 0.998107
61 66 0.998068
61 67 0.998032
61 68 0.997999
61 69 0.99797
61 70 0.997944
61 71 0.997921
61 72 0.997901
61 73 0.997884
61 74 0.99787
61 75 0.99786
61 76 0.997852
61 77 0.997848
61 78 0.997846
61 79 0.997847
61 80 0.997852
61 81 0.997859
61 82 0.997869
61 83 0.997881
61 84 0.997897
61 85 0.997915
61 86 0.997936
61 87 0.997959
61 88 0.997984
61 89 0.998012
61 90 0.998042
61 91 0.998074
61 92 0.998109
61 93 0.998144
61 94 0.998182
61 95 0.998221
61 96 0.998262
61 97 0.998303
61 98 0.998346
61 99 0.998389
61 100 0.998433
61 101 0.998478
61 102 0.998522
61 103 0.998567
61 104 0.998611
61 105 0.998655
61 106 0.998699
61 107 0.998741
61 108 0.998782
61 109 0.998823
61 110 0.998862
61 111 0.998899
61 112 0.998935
61 113 0.99897
61 114 0.999003
61 115 0.999034
61 116 0.999064
61 117 0.999093
61 118 0.999121
61 119 0.999147
61 120 0.999173
61 121 0.999197
61 122 0.99922
61 123 0.999242
61 124 0.999262
61 125 0.999281
61 126 0.999297
61 127 0.999311

62 0 0
62 1 1.0009
62 2 1.0009
62 3 1.0009
62 4 1.0009
62 5 1.0009
62 6 1.0009
62 7 1.0009
62 8 1.0009
62 9 1.00089
62 10 1.00089
62 11 1.00089
62 12 1.00089
62 13 1.00088
62 14 1.00088
62 15 1.00087
62 16 1.00087
62 17 1.00086
62 18 1.00085
62 19 1.00084
62 20 1.00083
62 21 1.00081
62 22 1.00079
62 23 1.00077
62 24 1.00075
62 25 1.00073
62 26 1.0007
62 27 1.00067
62 28 1.00063
62 29 1.00059
62 30 1.00055
62 31 1.00051
62 32 1.00045
62 33 1.0004
62 34 1.00034
62 35 1.00028
62 36 1.00021
62 37 1.00014
62 38 1.00007
62 39 0.999991
62 40 0.999912
62 41 0.999829
62 42 0.999745
62 43 0.999659
62 44 0.999572
62 45 0.999484
62 46 0.999395
62 47 0.999307
62 48 0.999219
62 49 0.999132
62 50 0.999046
62 51 0.998962
62 52 0.99888
62 53 0.9988
62 54 0.998723
62 55 0.998649
62 56 0.998577
62 57 0.998508
62 58 0.998443
62 59 0.99838
62 60 0.998321
62 61 0.998265
62 62 0.998213
62 63 0.998164
62 64 0.998118
62 65 0.998076
62 66 0.998036
62 67 0.998001
62 68 0.997968
62 69 0.997939
62 70 0.997913
62 71 0.99789
62 72 0.99787
62 73 0.997853
62 74 0.997839
62 75 0.997829
62 76 0.997821
62 77 0.997817
62 78 0.997815
62 79 0.997816
62 80 0.99782
62 81 0.997827
62 82 0.997837
62 83 0.99785
62 84 0.997865
62 85 0.997883
62 86 0.997904
62 87 0.997926
62 88 0.997952
62 89 0.997979
62 90 0.998009
62 91 0.998041
62 92 0.998075
62 93 0.99811
62 94 0.998148
62 95 0.998186
62 96 0.998226
62 97 0.998268
62 98 0.99831
62 99 0.998353
62 100 0.998396
62 101 0.99844
62 102 0.998484
62 103 0.998528
62 104 0.998572
62 105 0.998615
62 106 0.998658
62 107 0.9987
62 108 0.998741
62 109 0.99878
62 110 0.998819
62 111 0.998856
62 112 0.998891
62 113 0.998925
62 114 0.998958
62 115 0.998989
62 116 0.999018
62 117 0.999047
62 118 0.999074
62 119 0.9991
62 120 0.999125
62 121 0.999149
62 122 0.999172
62 123 0.999194
62 124 0.999214
62 125 0.999232
62 126 0.999247
62 127 0.99926

63 0 0
63 1 1.0009
63 2 1.0009
63 3 1.0009
63 4 1.0009
63 5 1.0009
63 6 1.0009
63 7 1.0009
63 8 1.0009
63 9 1.0009
63 10 1.00089
63 11 1.00089
63 12 1.00089
63 13 1.00088
63 14 1.00088
63 15 1.00087
63 16 1.00087
63 17 1.00086
63 18 1.00085
63 19 1.00084
63 20 1.00083
63 21 1.00081
63 22 1.00079
63 23 1.00077
63 24 1.00075
63 25 1.00073
63 26 1.0007
63 27 1.00067
63 28 1.00063
63 29 1.00059
63 30 1.00055
63 31 1.0005
63 32 1.00045
63 33 1.00039
63 34 1.00033
63 35 1.00027
63 36 1.0002
63 37 1.00013
63 38 1.00006
63 39 0.999979
63 40 0.999898
63 41 0.999814
63 42 0.999729
63 43 0.999641
63 44 0.999553
63 45 0.999463
63 46 0.999374
63 47 0.999284
63 48 0.999195
63 49 0.999108
63 50 0.999021
63 51 0.998936
63 52 0.998854
63 53 0.998773
63 54 0.998696
63 55 0.998621
63 56 0.998549
63 57 0.99848
63 58 0.998414
63 59 0.998351
63 60 0.998292
63 61 0.998236
63 62 0.998184
63 63 0.998135
63 64 0.998089
63 65 0.998047
63 66 0.998008
63 67 0.997972
63 68 0.99794
63 69 0.99791
63 70 0.997884
63 71 0.997861
63 72 0.997842
63 73 0.997825
63 74 0.997811
63 75 0.997801
63 76 0.997793
63 77 0.997788
63 78 0.997787
63 79 0.997788
63 80 0.997792
63 81 0.997799
63 82 0.997809
63 83 0.997821
63 84 0.997836
63 85 0.997854
63 86 0.997874
63 87 0.997897
63 88 0.997922
63 89 0.997949
63 90 0.997979
63 91 0.99801
63 92 0.998044
63 93 0.998079
63 94 0.998116
63 95 0.998154
63 96 0.998194
63 97 0.998235
63 98 0.998276
63 99 0.998319
63 100 0.998362
63 101 0.998405
63 102 0.998449
63 103 0.998492
63 104 0.998536
63 105 0.998578
63 106 0.99862
63 107 0.998662
63 108 0.998702
63 109 0.998741
63 110 0.998778
63 111 0.998815
63 112 0.99885
63 113 0.998883
63 114 0.998915
63 115 0.998946
63 116 0.998975
63 117 0.999003
63 118 0.99903
63 119 0.999056
63 120 0.999081
63 121 0.999105
63 122 0.999127
63 123 0.999148
63 124 0.999168
63 125 0.999185
63 126 0.9992
63 127 0.999212

64 0 0
64 1 1.0009
64 2 1.0009
64 3 1.0009
64 4 1.0009
64 5 1.0009
64 6 1.0009
64 7 1.0009
64 8 1.0009
64 9 1.0009
64 10 1.0009
64 11 1.00089
64 12 1.00089
64 13 1.00089
64 14 1.00088
64 15 1.00088
64 16 1.00087
64 17 1.00086
64 18 1.00085
64 19 1.00084
64 20 1.00083
64 21 1.00081
64 22 1.0008
64 23 1.00078
64 24 1.00075
64 25 1.00073
64 26 1.0007
64 27 1.00067
64 28 1.00063
64 29 1.00059
64 30 1.00055
64 31 1.0005
64 32 1.00045
64 33 1.00039
64 34 1.00033
64 35 1.00026
64 36 1.0002
64 37 1.00012
64 38 1.00005
64 39 0.999968
64 40 0.999886
64 41 0.999801
64 42 0.999714
64 43 0.999626
64 44 0.999536
64 45 0.999445
64 46 0.999355
64 47 0.999264
64 48 0.999174
64 49 0.999086
64 50 0.998998
64 51 0.998913
64 52 0.99883
64 53 0.998749
64 54 0.998671
64 55 0.998595
64 56 0.998523
64 57 0.998454
64 58 0.998388
64 59 0.998325
64 60 0.998266
64 61 0.99821
64 62 0.998158
64 63 0.998109
64 64 0.998063
64 65 0.998021
64 66 0.997982
64 67 0.997946
64 68 0.997914
64 69 0.997885
64 70 0.997859
64 71 0.997836
64 72 0.997816
64 73 0.9978
64 74 0.997786
64 75 0.997776
64 76 0.997768
64 77 0.997763
64 78 0.997762
64 79 0.997763
64 80 0.997767
64 81 0.997774
64 82 0.997783
64 83 0.997796
64 84 0.99781
64 85 0.997828
64 86 0.997848
64 87 0.99787
64 88 0.997895
64 89 0.997922
64 90 0.997952
64 91 0.997983
64 92 0.998016
64 93 0.998051
64 94 0.998087
64 95 0.998125
64 96 0.998164
64 97 0.998205
64 98 0.998246
64 99 0.998288
64 100 0.99833
64 101 0.998373
64 102 0.998416
64 103 0.998459
64 104 0.998502
64 105 0.998544
64 106 0.998585
64 107 0.998626
64 108 0.998665
64 109 0.998704
64 110 0.998741
64 111 0.998777
64 112 0.998811
64 113 0.998844
64 114 0.998875
64 115 0.998906
64 116 0.998935
64 117 0.998962
64 118 0.998989
64 119 0.999014
64 120 0.999039
64 121 0.999062
64 122 0.999085
64 123 0.999105
64 124 0.999124
64 125 0.999141
64 126 0.999156
64 127 0.999167

65 0 0
65 1 1.00091
65 2 1.00091
65 3 1.00091
65 4 1.00091
65 5 1.00091
65 6 1.0009
65 7 1.0009
65 8 1.0009
65 9 1.0009
65 10 1.0009
65 11 1.0009
65 12 1.00089
65 13 1.00089
65 14 1.00088
65 15 1.00088
65 16 1.00087
65 17 1.00086
65 18 1.00085
65 19 1.00084
65 20 1.00083
65 21 1.00081
65 22 1.0008
65 23 1.00078
65 24 1.00075
65 25 1.00073
65 26 1.0007
65 27 1.00067
65 28 1.00063
65 29 1.00059
65 30 1.00055
65 31 1.0005
65 32 1.00044
65 33 1.00039
65 34 1.00033
65 35 1.00026
65 36 1.00019
65 37 1.00012
65 38 1.00004
65 39 0.999959
65 40 0.999876
65 41 0.99979
65 42 0.999702
65 43 0.999612
65 44 0.999521
65 45 0.99943
65 46 0.999338
65 47 0.999247
65 48 0.999156
65 49 0.999066
65 50 0.998978
65 51 0.998892
65 52 0.998809
65 53 0.998727
65 54 0.998649
65 55 0.998573
65 56 0.9985
65 57 0.998431
65 58 0.998365
65 59 0.998302
65 60 0.998243
65 61 0.998187
65 62 0.998135
65 63 0.998086
65 64 0.99804
65 65 0.997998
65 66 0.997959
65 67 0.997924
65 68 0.997891
65 69 0.997862
65 70 0.997836
65 71 0.997814
65 72 0.997794
65 73 0.997777
65 74 0.997764
65 75 0.997753
65 76 0.997746
65 77 0.997741
65 78 0.997739
65 79 0.997741
65 80 0.997744
65 81 0.997751
65 82 0.997761
65 83 0.997773
65 84 0.997788
65 85 0.997805
65 86 0.997825
65 87 0.997847
65 88 0.997872
65 89 0.997898
65 90 0.997927
65 91 0.997958
65 92 0.997991
65 93 0.998025
65 94 0.998062
65 95 0.998099
65 96 0.998138
65 97 0.998178
65 98 0.998218
65 99 0.99826
65 100 0.998302
65 101 0.998344
65 102 0.998387
65 103 0.998429
65 104 0.998471
65 105 0.998512
65 106 0.998553
65 107 0.998593
65 108 0.998632
65 109 0.99867
65 110 0.998706
65 111 0.998741
65 112 0.998775
65 113 0.998808
65 114 0.998839
65 115 0.998868
65 116 0.998897
65 117 0.998924
65 118 0.99895
65 119 0.998976
65 120 0.999
65 121 0.999023
65 122 0.999045
65 123 0.999065
65 124 0.999084
65 125 0.9991
65 126 0.999114
65 127 0.999124

66 0 0
66 1 1.00091
66 2 1.00091
66 3 1.00091
66 4 1.00091
66 5 1.00091
66 6 1.00091
66 7 1.00091
66 8 1.0009
66 9 1.0009
66 10 1.0009
66 11 1.0009
66 12 1.00089
66 13 1.00089
66 14 1.00089
66 15 1.00088
66 16 1.00087
66 17 1.00087
66 18 1.00086
66 19 1.00084
66 20 1.00083
66 21 1.00082
66 22 1.0008
66 23 1.00078
66 24 1.00076
66 25 1.00073
66 26 1.0007
66 27 1.00067
66 28 1.00063
66 29 1.00059
66 30 1.00055
66 31 1.0005
66 32 1.00044
66 33 1.00038
66 34 1.00032
66 35 1.00026
66 36 1.00019
66 37 1.00011
66 38 1.00003
66 39 0.999952
66 40 0.999868
66 41 0.999781
66 42 0.999692
66 43 0.999601
66 44 0.999509
66 45 0.999417
66 46 0.999324
66 47 0.999232
66 48 0.99914
66 49 0.99905
66 50 0.998961
66 51 0.998875
66 52 0.99879
66 53 0.998708
66 54 0.998629
66 55 0.998553
66 56 0.99848
66 57 0.998411
66 58 0.998345
66 59 0.998282
66 60 0.998223
66 61 0.998167
66 62 0.998115
66 63 0.998066
66 64 0.99802
66 65 0.997978
66 66 0.997939
66 67 0.997904
66 68 0.997872
66 69 0.997843
66 70 0.997817
66 71 0.997794
66 72 0.997775
66 73 0.997758
66 74 0.997745
66 75 0.997734
66 76 0.997727
66 77 0.997722
66 78 0.99772
66 79 0.997721
66 80 0.997725
66 81 0.997732
66 82 0.997741
66 83 0.997753
66 84 0.997768
66 85 0.997785
66 86 0.997804
66 87 0.997826
66 88 0.997851
66 89 0.997877
66 90 0.997906
66 91 0.997937
66 92 0.997969
66 93 0.998003
66 94 0.998039
66 95 0.998076
66 96 0.998114
66 97 0.998154
66 98 0.998194
66 99 0.998235
66 100 0.998276
66 101 0.998318
66 102 0.99836
66 103 0.998402
66 104 0.998443
66 105 0.998484
66 106 0.998524
66 107 0.998563
66 108 0.998602
66 109 0.998639
66 110 0.998675
66 111 0.998709
66 112 0.998742
66 113 0.998774
66 114 0.998805
66 115 0.998834
66 116 0.998862
66 117 0.998889
66 118 0.998915
66 119 0.99894
66 120 0.998964
66 121 0.998987
66 122 0.999008
66 123 0.999028
66 124 0.999046
66 125 0.999062
66 126 0.999075
66 127 0.999085

67 0 0
67 1 1.00092
67 2 1.00091
67 3 1.00091
67 4 1.00091
67 5 1.00091
67 6 1.00091
67 7 1.00091
67 8 1.00091
67 9 1.0009
67 10 1.0009
67 11 1.0009
67 12 1.0009
67 13 1.00089
67 14 1.00089
67 15 1.00088
67 16 1.00088
67 17 1.00087
67 18 1.00086
67 19 1.00085
67 20 1.00083
67 21 1.00082
67 22 1.0008
67 23 1.00078
67 24 1.00076
67 25 1.00073
67 26 1.0007
67 27 1.00067
67 28 1.00063
67 29 1.00059
67 30 1.00055
67 31 1.0005
67 32 1.00044
67 33 1.00038
67 34 1.00032
67 35 1.00025
67 36 1.00018
67 37 1.00011
67 38 1.00003
67 39 0.999947
67 40 0.999862
67 41 0.999774
67 42 0.999684
67 43 0.999592
67 44 0.9995
67 45 0.999406
67 46 0.999313
67 47 0.99922
67 48 0.999127
67 49 0.999036
67 50 0.998947
67 51 0.99886
67 52 0.998775
67 53 0.998692
67 54 0.998613
67 55 0.998537
67 56 0.998464
67 57 0.998394
67 58 0.998328
67 59 0.998265
67 60 0.998205
67 61 0.99815
67 62 0.998097
67 63 0.998048
67 64 0.998003
67 65 0.997961
67 66 0.997922
67 67 0.997887
67 68 0.997855
67 69 0.997826
67 70 0.9978
67 71 0.997778
67 72 0.997758
67 73 0.997742
67 74 0.997728
67 75 0.997718
67 76 0.99771
67 77 0.997706
67 78 0.997704
67 79 0.997705
67 80 0.997709
67 81 0.997715
67 82 0.997724
67 83 0.997736
67 84 0.997751
67 85 0.997768
67 86 0.997787
67 87 0.997809
67 88 0.997833
67 89 0.997859
67 90 0.997888
67 91 0.997918
67 92 0.99795
67 93 0.997984
67 94 0.998019
67 95 0.998056
67 96 0.998094
67 97 0.998133
67 98 0.998173
67 99 0.998213
67 100 0.998254
67 101 0.998295
67 102 0.998337
67 103 0.998378
67 104 0.998418
67 105 0.998459
67 106 0.998498
67 107 0.998537
67 108 0.998574
67 109 0.998611
67 110 0.998646
67 111 0.99868
67 112 0.998713
67 113 0.998744
67 114 0.998774
67 115 0.998803
67 116 0.99883
67 117 0.998857
67 118 0.998883
67 119 0.998907
67 120 0.998931
67 121 0.998953
67 122 0.998975
67 123 0.998994
67 124 0.999012
67 125 0.999027
67 126 0.999039
67 127 0.999048

68 0 0
68 1 1.00092
68 2 1.00092
68 3 1.00092
68 4 1.00091
68 5 1.00091
68 6 1.00091
68 7 1.00091
68 8 1.00091
68 9 1.00091
68 10 1.0009
68 11 1.0009
68 12 1.0009
68 13 1.00089
68 14 1.00089
68 15 1.00088
68 16 1.00088
68 17 1.00087
68 18 1.00086
68 19 1.00085
68 20 1.00084
68 21 1.00082
68 22 1.0008
68 23 1.00078
68 24 1.00076
68 25 1.00073
68 26 1.0007
68 27 1.00067
68 28 1.00063
68 29 1.00059
68 30 1.00055
68 31 1.0005
68 32 1.00044
68 33 1.00039
68 34 1.00032
68 35 1.00025
68 36 1.00018
68 37 1.00011
68 38 1.00003
68 39 0.999944
68 40 0.999858
68 41 0.99977
68 42 0.999679
68 43 0.999586
68 44 0.999493
68 45 0.999398
68 46 0.999304
68 47 0.99921
68 48 0.999117
68 49 0.999025
68 50 0.998935
68 51 0.998847
68 52 0.998762
68 53 0.998679
68 54 0.9986
68 55 0.998523
68 56 0.99845
68 57 0.99838
68 58 0.998313
68 59 0.99825
68 60 0.998191
68 61 0.998135
68 62 0.998083
68 63 0.998034
68 64 0.997989
68 65 0.997947
68 66 0.997908
68 67 0.997873
68 68 0.997841
68 69 0.997812
68 70 0.997787
68 71 0.997764
68 72 0.997745
68 73 0.997728
68 74 0.997715
68 75 0.997704
68 76 0.997697
68 77 0.997692
68 78 0.99769
68 79 0.997691
68 80 0.997695
68 81 0.997702
68 82 0.997711
68 83 0.997723
68 84 0.997737
68 85 0.997754
68 86 0.997773
68 87 0.997795
68 88 0.997818
68 89 0.997844
68 90 0.997873
68 91 0.997903
68 92 0.997934
68 93 0.997968
68 94 0.998003
68 95 0.998039
68 96 0.998077
68 97 0.998115
68 98 0.998154
68 99 0.998194
68 100 0.998235
68 101 0.998276
68 102 0.998316
68 103 0.998357
68 104 0.998397
68 105 0.998437
68 106 0.998475
68 107 0.998513
68 108 0.99855
68 109 0.998586
68 110 0.998621
68 111 0.998654
68 112 0.998686
68 113 0.998717
68 114 0.998746
68 115 0.998775
68 116 0.998802
68 117 0.998828
68 118 0.998853
68 119 0.998878
68 120 0.998901
68 121 0.998923
68 122 0.998944
68 123 0.998963
68 124 0.998981
68 125 0.998995
68 126 0.999007
68 127 0.999015

69 0 0
69 1 1.00092
69 2 1.00092
69 3 1.00092
69 4 1.00092
69 5 1.00092
69 6 1.00091
69 7 1.00091
69 8 1.00091
69 9 1.00091
69 10 1.00091
69 11 1.0009
69 12 1.0009
69 13 1.0009
69 14 1.00089
69 15 1.00089
69 16 1.00088
69 17 1.00087
69 18 1.00086
69 19 1.00085
69 20 1.00084
69 21 1.00082
69 22 1.00081
69 23 1.00079
69 24 1.00076
69 25 1.00074
69 26 1.00071
69 27 1.00067
69 28 1.00064
69 29 1.0006
69 30 1.00055
69 31 1.0005
69 32 1.00045
69 33 1.00039
69 34 1.00032
69 35 1.00026
69 36 1.00018
69 37 1.00011
69 38 1.00003
69 39 0.999943
69 40 0.999857
69 41 0.999767
69 42 0.999676
69 43 0.999582
69 44 0.999488
69 45 0.999393
69 46 0.999298
69 47 0.999203
69 48 0.999109
69 49 0.999017
69 50 0.998927
69 51 0.998838
69 52 0.998752
69 53 0.998669
69 54 0.998589
69 55 0.998512
69 56 0.998439
69 57 0.998369
69 58 0.998302
69 59 0.998239
69 60 0.99818
69 61 0.998124
69 62 0.998071
69 63 0.998023
69 64 0.997977
69 65 0.997935
69 66 0.997897
69 67 0.997862
69 68 0.99783
69 69 0.997801
69 70 0.997776
69 71 0.997753
69 72 0.997734
69 73 0.997718
69 74 0.997704
69 75 0.997694
69 76 0.997686
69 77 0.997682
69 78 0.99768
69 79 0.997681
69 80 0.997684
69 81 0.997691
69 82 0.9977
69 83 0.997712
69 84 0.997726
69 85 0.997743
69 86 0.997762
69 87 0.997783
69 88 0.997807
69 89 0.997833
69 90 0.99786
69 91 0.99789
69 92 0.997922
69 93 0.997955
69 94 0.997989
69 95 0.998025
69 96 0.998063
69 97 0.998101
69 98 0.998139
69 99 0.998179
69 100 0.998219
69 101 0.998259
69 102 0.998299
69 103 0.998339
69 104 0.998379
69 105 0.998418
69 106 0.998456
69 107 0.998493
69 108 0.99853
69 109 0.998565
69 110 0.998599
69 111 0.998632
69 112 0.998663
69 113 0.998693
69 114 0.998722
69 115 0.99875
69 116 0.998777
69 117 0.998803
69 118 0.998828
69 119 0.998852
69 120 0.998875
69 121 0.998896
69 122 0.998917
69 123 0.998936
69 124 0.998953
69 125 0.998967
69 126 0.998978
69 127 0.998985

70 0 0
70 1 1.00093
70 2 1.00092
70 3 1.00092
70 4 1.00092
70 5 1.00092
70 6 1.00092
70 7 1.00092
70 8 1.00091
70 9 1.00091
70 10 1.00091
70 11 1.00091
70 12 1.0009
70 13 1.0009
70 14 1.00089
70 15 1.00089
70 16 1.00088
70 17 1.00087
70 18 1.00086
70 19 1.00085
70 20 1.00084
70 21 1.00083
70 22 1.00081
70 23 1.00079
70 24 1.00077
70 25 1.00074
70 26 1.00071
70 27 1.00068
70 28 1.00064
70 29 1.0006
70 30 1.00055
70 31 1.0005
70 32 1.00045
70 33 1.00039
70 34 1.00033
70 35 1.00026
70 36 1.00019
70 37 1.00011
70 38 1.00003
70 39 0.999945
70 40 0.999857
70 41 0.999767
70 42 0.999675
70 43 0.999581
70 44 0.999486
70 45 0.99939
70 46 0.999295
70 47 0.999199
70 48 0.999105
70 49 0.999012
70 50 0.998921
70 51 0.998832
70 52 0.998746
70 53 0.998662
70 54 0.998582
70 55 0.998504
70 56 0.998431
70 57 0.99836
70 58 0.998294
70 59 0.998231
70 60 0.998171
70 61 0.998115
70 62 0.998063
70 63 0.998014
70 64 0.997969
70 65 0.997927
70 66 0.997889
70 67 0.997854
70 68 0.997822
70 69 0.997793
70 70 0.997768
70 71 0.997745
70 72 0.997726
70 73 0.99771
70 74 0.997696
70 75 0.997686
70 76 0.997679
70 77 0.997674
70 78 0.997672
70 79 0.997673
70 80 0.997677
70 81 0.997683
70 82 0.997692
70 83 0.997704
70 84 0.997718
70 85 0.997734
70 86 0.997753
70 87 0.997775
70 88 0.997798
70 89 0.997824
70 90 0.997851
70 91 0.997881
70 92 0.997912
70 93 0.997945
70 94 0.997979
70 95 0.998015
70 96 0.998052
70 97 0.998089
70 98 0.998128
70 99 0.998167
70 100 0.998206
70 101 0.998246
70 102 0.998285
70 103 0.998325
70 104 0.998364
70 105 0.998402
70 106 0.99844
70 107 0.998476
70 108 0.998512
70 109 0.998547
70 110 0.99858
70 111 0.998612
70 112 0.998643
70 113 0.998673
70 114 0.998701
70 115 0.998729
70 116 0.998755
70 117 0.998781
70 118 0.998805
70 119 0.998829
70 120 0.998852
70 121 0.998873
70 122 0.998893
70 123 0.998912
70 124 0.998928
70 125 0.998942
70 126 0.998952
70 127 0.998958

71 0 0
71 1 1.00093
71 2 1.00093
71 3 1.00092
71 4 1.00092
71 5 1.00092
71 6 1.00092
71 7 1.00092
71 8 1.00092
71 9 1.00091
71 10 1.00091
71 11 1.00091
71 12 1.0009
71 13 1.0009
71 14 1.0009
71 15 1.00089
71 16 1.00088
71 17 1.00088
71 18 1.00087
71 19 1.00086
71 20 1.00084
71 21 1.00083
71 22 1.00081
71 23 1.00079
71 24 1.00077
71 25 1.00074
71 26 1.00071
71 27 1.00068
71 28 1.00064
71 29 1.0006
71 30 1.00056
71 31 1.00051
71 32 1.00045
71 33 1.0004
71 34 1.00033
71 35 1.00026
71 36 1.00019
71 37 1.00011
71 38 1.00003
71 39 0.999948
71 40 0.99986
71 41 0.99977
71 42 0.999677
71 43 0.999582
71 44 0.999487
71 45 0.99939
71 46 0.999294
71 47 0.999198
71 48 0.999103
71 49 0.99901
71 50 0.998918
71 51 0.998829
71 52 0.998742
71 53 0.998658
71 54 0.998577
71 55 0.9985
71 56 0.998426
71 57 0.998355
71 58 0.998288
71 59 0.998225
71 60 0.998165
71 61 0.998109
71 62 0.998057
71 63 0.998008
71 64 0.997963
71 65 0.997921
71 66 0.997883
71 67 0.997848
71 68 0.997816
71 69 0.997788
71 70 0.997762
71 71 0.99774
71 72 0.997721
71 73 0.997705
71 74 0.997691
71 75 0.997681
71 76 0.997674
71 77 0.997669
71 78 0.997667
71 79 0.997668
71 80 0.997672
71 81 0.997678
71 82 0.997687
71 83 0.997699
71 84 0.997713
71 85 0.997729
71 86 0.997748
71 87 0.997769
71 88 0.997793
71 89 0.997818
71 90 0.997845
71 91 0.997875
71 92 0.997906
71 93 0.997938
71 94 0.997972
71 95 0.998007
71 96 0.998044
71 97 0.998081
71 98 0.998119
71 99 0.998158
71 100 0.998197
71 101 0.998236
71 102 0.998275
71 103 0.998314
71 104 0.998352
71 105 0.99839
71 106 0.998427
71 107 0.998463
71 108 0.998498
71 109 0.998532
71 110 0.998565
71 111 0.998597
71 112 0.998627
71 113 0.998656
71 114 0.998684
71 115 0.998711
71 116 0.998737
71 117 0.998762
71 118 0.998786
71 119 0.99881
71 120 0.998832
71 121 0.998854
71 122 0.998873
71 123 0.998891
71 124 0.998907
71 125 0.99892
71 126 0.99893
71 127 0.998936

72 0 0
72 1 1.00093
72 2 1.00093
72 3 1.00093
72 4 1.00093
72 5 1.00092
72 6 1.00092
72 7 1.00092
72 8 1.00092
72 9 1.00092
72 10 1.00091
72 11 1.00091
72 12 1.00091
72 13 1.0009
72 14 1.0009
72 15 1.00089
72 16 1.00089
72 17 1.00088
72 18 1.00087
72 19 1.00086
72 20 1.00085
72 21 1.00083
72 22 1.00081
72 23 1.0008
72 24 1.00077
72 25 1.00075
72 26 1.00072
72 27 1.00069
72 28 1.00065
72 29 1.00061
72 30 1.00056
72 31 1.00051
72 32 1.00046
72 33 1.0004
72 34 1.00034
72 35 1.00027
72 36 1.0002
72 37 1.00012
72 38 1.00004
72 39 0.999953
72 40 0.999865
72 41 0.999774
72 42 0.999681
72 43 0.999586
72 44 0.99949
72 45 0.999393
72 46 0.999296
72 47 0.9992
72 48 0.999104
72 49 0.99901
72 50 0.998918
72 51 0.998828
72 52 0.998741
72 53 0.998657
72 54 0.998576
72 55 0.998498
72 56 0.998423
72 57 0.998353
72 58 0.998286
72 59 0.998222
72 60 0.998163
72 61 0.998107
72 62 0.998054
72 63 0.998006
72 64 0.99796
72 65 0.997919
72 66 0.99788
72 67 0.997845
72 68 0.997814
72 69 0.997785
72 70 0.99776
72 71 0.997738
72 72 0.997718
72 73 0.997702
72 74 0.997689
72 75 0.997679
72 76 0.997671
72 77 0.997667
72 78 0.997665
72 79 0.997666
72 80 0.99767
72 81 0.997676
72 82 0.997685
72 83 0.997697
72 84 0.997711
72 85 0.997727
72 86 0.997746
72 87 0.997767
72 88 0.99779
72 89 0.997815
72 90 0.997842
72 91 0.997871
72 92 0.997902
72 93 0.997934
72 94 0.997968
72 95 0.998003
72 96 0.998039
72 97 0.998076
72 98 0.998114
72 99 0.998152
72 100 0.99819
72 101 0.998229
72 102 0.998268
72 103 0.998306
72 104 0.998344
72 105 0.998381
72 106 0.998417
72 107 0.998453
72 108 0.998488
72 109 0.998521
72 110 0.998553
72 111 0.998584
72 112 0.998614
72 113 0.998643
72 114 0.99867
72 115 0.998697
72 116 0.998723
72 117 0.998747
72 118 0.998771
72 119 0.998794
72 120 0.998817
72 121 0.998838
72 122 0.998857
72 123 0.998875
72 124 0.99889
72 125 0.998902
72 126 0.998912
72 127 0.998917

73 0 0
73 1 1.00093
73 2 1.00093
73 3 1.00093
73 4 1.00093
73 5 1.00093
73 6 1.00092
73 7 1.00092
73 8 1.00092
73 9 1.00092
73 10 1.00091
73 11 1.00091
73 12 1.00091
73 13 1.00091
73 14 1.0009
73 15 1.0009
73 16 1.00089
73 17 1.00088
73 18 1.00087
73 19 1.00086
73 20 1.00085
73 21 1.00084
73 22 1.00082
73 23 1.0008
73 24 1.00078
73 25 1.00075
73 26 1.00072
73 27 1.00069
73 28 1.00066
73 29 1.00061
73 30 1.00057
73 31 1.00052
73 32 1.00047
73 33 1.00041
73 34 1.00034
73 35 1.00028
73 36 1.0002
73 37 1.00013
73 38 1.00005
73 39 0.999961
73 40 0.999873
73 41 0.999782
73 42 0.999688
73 43 0.999593
73 44 0.999496
73 45 0.999399
73 46 0.999302
73 47 0.999205
73 48 0.999109
73 49 0.999014
73 50 0.998921
73 51 0.998831
73 52 0.998743
73 53 0.998659
73 54 0.998577
73 55 0.998499
73 56 0.998424
73 57 0.998353
73 58 0.998286
73 59 0.998223
73 60 0.998163
73 61 0.998107
73 62 0.998054
73 63 0.998005
73 64 0.99796
73 65 0.997918
73 66 0.99788
73 67 0.997845
73 68 0.997814
73 69 0.997785
73 70 0.99776
73 71 0.997738
73 72 0.997719
73 73 0.997703
73 74 0.99769
73 75 0.997679
73 76 0.997672
73 77 0.997668
73 78 0.997666
73 79 0.997667
73 80 0.99767
73 81 0.997677
73 82 0.997686
73 83 0.997697
73 84 0.997711
73 85 0.997728
73 86 0.997746
73 87 0.997767
73 88 0.99779
73 89 0.997815
73 90 0.997842
73 91 0.997871
73 92 0.997902
73 93 0.997934
73 94 0.997967
73 95 0.998002
73 96 0.998038
73 97 0.998074
73 98 0.998112
73 99 0.998149
73 100 0.998187
73 101 0.998226
73 102 0.998264
73 103 0.998301
73 104 0.998339
73 105 0.998376
73 106 0.998411
73 107 0.998446
73 108 0.99848
73 109 0.998513
73 110 0.998545
73 111 0.998576
73 112 0.998605
73 113 0.998633
73 114 0.99866
73 115 0.998687
73 116 0.998712
73 117 0.998736
73 118 0.99876
73 119 0.998783
73 120 0.998805
73 121 0.998825
73 122 0.998845
73 123 0.998862
73 124 0.998877
73 125 0.998889
73 126 0.998897
73 127 0.998901

74 0 0
74 1 1.00094
74 2 1.00093
74 3 1.00093
74 4 1.00093
74 5 1.00093
74 6 1.00093
74 7 1.00092
74 8 1.00092
74 9 1.00092
74 10 1.00092
74 11 1.00091
74 12 1.00091
74 13 1.00091
74 14 1.0009
74 15 1.0009
74 16 1.00089
74 17 1.00088
74 18 1.00087
74 19 1.00086
74 20 1.00085
74 21 1.00084
74 22 1.00082
74 23 1.0008
74 24 1.00078
74 25 1.00076
74 26 1.00073
74 27 1.0007
74 28 1.00066
74 29 1.00062
74 30 1.00058
74 31 1.00053
74 32 1.00047
74 33 1.00042
74 34 1.00035
74 35 1.00029
74 36 1.00021
74 37 1.00014
74 38 1.00006
74 39 0.999971
74 40 0.999882
74 41 0.999791
74 42 0.999698
74 43 0.999602
74 44 0.999505
74 45 0.999407
74 46 0.99931
74 47 0.999212
74 48 0.999116
74 49 0.999021
74 50 0.998928
74 51 0.998837
74 52 0.998749
74 53 0.998664
74 54 0.998582
74 55 0.998503
74 56 0.998428
74 57 0.998357
74 58 0.998289
74 59 0.998226
74 60 0.998166
74 61 0.998109
74 62 0.998057
74 63 0.998008
74 64 0.997963
74 65 0.997921
74 66 0.997883
74 67 0.997848
74 68 0.997816
74 69 0.997788
74 70 0.997763
74 71 0.997741
74 72 0.997722
74 73 0.997706
74 74 0.997693
74 75 0.997682
74 76 0.997675
74 77 0.997671
74 78 0.997669
74 79 0.99767
74 80 0.997674
74 81 0.99768
74 82 0.997689
74 83 0.997701
74 84 0.997715
74 85 0.997731
74 86 0.99775
74 87 0.99777
74 88 0.997793
74 89 0.997818
74 90 0.997845
74 91 0.997874
74 92 0.997904
74 93 0.997936
74 94 0.99797
74 95 0.998004
74 96 0.998039
74 97 0.998076
74 98 0.998113
74 99 0.99815
74 100 0.998188
74 101 0.998225
74 102 0.998263
74 103 0.9983
74 104 0.998337
74 105 0.998373
74 106 0.998409
74 107 0.998443
74 108 0.998477
74 109 0.998509
74 110 0.99854
74 111 0.99857
74 112 0.998599
74 113 0.998627
74 114 0.998654
74 115 0.99868
74 116 0.998705
74 117 0.998729
74 118 0.998752
74 119 0.998775
74 120 0.998797
74 121 0.998817
74 122 0.998836
74 123 0.998853
74 124 0.998867
74 125 0.998879
74 126 0.998886
74 127 0.99889

75 0 0
75 1 1.00094
75 2 1.00094
75 3 1.00093
75 4 1.00093
75 5 1.00093
75 6 1.00093
75 7 1.00092
75 8 1.00092
75 9 1.00092
75 10 1.00092
75 11 1.00092
75 12 1.00091
75 13 1.00091
75 14 1.0009
75 15 1.0009
75 16 1.00089
75 17 1.00089
75 18 1.00088
75 19 1.00087
75 20 1.00086
75 21 1.00084
75 22 1.00083
75 23 1.00081
75 24 1.00079
75 25 1.00076
75 26 1.00073
75 27 1.0007
75 28 1.00067
75 29 1.00063
75 30 1.00059
75 31 1.00054
75 32 1.00048
75 33 1.00043
75 34 1.00036
75 35 1.0003
75 36 1.00022
75 37 1.00015
75 38 1.00007
75 39 0.999983
75 40 0.999894
75 41 0.999803
75 42 0.999709
75 43 0.999614
75 44 0.999517
75 45 0.999419
75 46 0.999321
75 47 0.999223
75 48 0.999126
75 49 0.99903
75 50 0.998937
75 51 0.998846
75 52 0.998757
75 53 0.998672
75 54 0.998589
75 55 0.99851
75 56 0.998435
75 57 0.998363
75 58 0.998296
75 59 0.998232
75 60 0.998172
75 61 0.998115
75 62 0.998062
75 63 0.998014
75 64 0.997968
75 65 0.997926
75 66 0.997888
75 67 0.997853
75 68 0.997822
75 69 0.997793
75 70 0.997768
75 71 0.997746
75 72 0.997727
75 73 0.997711
75 74 0.997698
75 75 0.997688
75 76 0.997681
75 77 0.997677
75 78 0.997675
75 79 0.997676
75 80 0.99768
75 81 0.997686
75 82 0.997695
75 83 0.997707
75 84 0.997721
75 85 0.997737
75 86 0.997756
75 87 0.997776
75 88 0.997799
75 89 0.997824
75 90 0.997851
75 91 0.99788
75 92 0.99791
75 93 0.997942
75 94 0.997975
75 95 0.998009
75 96 0.998044
75 97 0.99808
75 98 0.998117
75 99 0.998154
75 100 0.998191
75 101 0.998229
75 102 0.998266
75 103 0.998303
75 104 0.998339
75 105 0.998375
75 106 0.99841
75 107 0.998444
75 108 0.998477
75 109 0.998509
75 110 0.998539
75 111 0.998569
75 112 0.998598
75 113 0.998625
75 114 0.998651
75 115 0.998677
75 116 0.998702
75 117 0.998726
75 118 0.998749
75 119 0.998771
75 120 0.998792
75 121 0.998813
75 122 0.998831
75 123 0.998848
75 124 0.998862
75 125 0.998873
75 126 0.99888
75 127 0.998883

76 0 0
76 1 1.00094
76 2 1.00094
76 3 1.00094
76 4 1.00093
76 5 1.00093
76 6 1.00093
76 7 1.00093
76 8 1.00092
76 9 1.00092
76 10 1.00092
76 11 1.00092
76 12 1.00091
76 13 1.00091
76 14 1.00091
76 15 1.0009
76 16 1.00089
76 17 1.00089
76 18 1.00088
76 19 1.00087
76 20 1.00086
76 21 1.00084
76 22 1.00083
76 23 1.00081
76 24 1.00079
76 25 1.00077
76 26 1.00074
76 27 1.00071
76 28 1.00067
76 29 1.00064
76 30 1.00059
76 31 1.00055
76 32 1.00049
76 33 1.00044
76 34 1.00038
76 35 1.00031
76 36 1.00024
76 37 1.00016
76 38 1.00008
76 39 0.999996
76 40 0.999909
76 41 0.999817
76 42 0.999724
76 43 0.999628
76 44 0.999531
76 45 0.999433
76 46 0.999334
76 47 0.999236
76 48 0.999139
76 49 0.999043
76 50 0.998949
76 51 0.998858
76 52 0.998769
76 53 0.998683
76 54 0.9986
76 55 0.998521
76 56 0.998445
76 57 0.998373
76 58 0.998305
76 59 0.998241
76 60 0.99818
76 61 0.998124
76 62 0.998071
76 63 0.998022
76 64 0.997976
76 65 0.997934
76 66 0.997896
76 67 0.997861
76 68 0.997829
76 69 0.997801
76 70 0.997776
76 71 0.997754
76 72 0.997735
76 73 0.997719
76 74 0.997706
76 75 0.997696
76 76 0.997689
76 77 0.997685
76 78 0.997683
76 79 0.997685
76 80 0.997688
76 81 0.997695
76 82 0.997704
76 83 0.997715
76 84 0.997729
76 85 0.997746
76 86 0.997764
76 87 0.997785
76 88 0.997808
76 89 0.997833
76 90 0.99786
76 91 0.997888
76 92 0.997918
76 93 0.99795
76 94 0.997983
76 95 0.998017
76 96 0.998052
76 97 0.998088
76 98 0.998124
76 99 0.998161
76 100 0.998198
76 101 0.998235
76 102 0.998272
76 103 0.998308
76 104 0.998344
76 105 0.99838
76 106 0.998414
76 107 0.998448
76 108 0.99848
76 109 0.998512
76 110 0.998542
76 111 0.998571
76 112 0.998599
76 113 0.998627
76 114 0.998653
76 115 0.998678
76 116 0.998702
76 117 0.998726
76 118 0.998749
76 119 0.998771
76 120 0.998792
76 121 0.998812
76 122 0.998831
76 123 0.998847
76 124 0.99886
76 125 0.998871
76 126 0.998877
76 127 0.998879

77 0 0
77 1 1.00094
77 2 1.00094
77 3 1.00094
77 4 1.00093
77 5 1.00093
77 6 1.00093
77 7 1.00093
77 8 1.00093
77 9 1.00092
77 10 1.00092
77 11 1.00092
77 12 1.00091
77 13 1.00091
77 14 1.00091
77 15 1.0009
77 16 1.0009
77 17 1.00089
77 18 1.00088
77 19 1.00087
77 20 1.00086
77 21 1.00085
77 22 1.00083
77 23 1.00082
77 24 1.0008
77 25 1.00077
77 26 1.00075
77 27 1.00072
77 28 1.00068
77 29 1.00064
77 30 1.0006
77 31 1.00056
77 32 1.0005
77 33 1.00045
77 34 1.00039
77 35 1.00032
77 36 1.00025
77 37 1.00018
77 38 1.0001
77 39 1.00001
77 40 0.999925
77 41 0.999834
77 42 0.999741
77 43 0.999645
77 44 0.999548
77 45 0.99945
77 46 0.999351
77 47 0.999253
77 48 0.999155
77 49 0.999059
77 50 0.998965
77 51 0.998873
77 52 0.998783
77 53 0.998697
77 54 0.998613
77 55 0.998534
77 56 0.998458
77 57 0.998385
77 58 0.998317
77 59 0.998252
77 60 0.998192
77 61 0.998135
77 62 0.998082
77 63 0.998032
77 64 0.997987
77 65 0.997945
77 66 0.997906
77 67 0.997871
77 68 0.99784
77 69 0.997812
77 70 0.997786
77 71 0.997765
77 72 0.997746
77 73 0.99773
77 74 0.997717
77 75 0.997707
77 76 0.9977
77 77 0.997696
77 78 0.997694
77 79 0.997696
77 80 0.9977
77 81 0.997706
77 82 0.997715
77 83 0.997727
77 84 0.997741
77 85 0.997757
77 86 0.997776
77 87 0.997797
77 88 0.99782
77 89 0.997844
77 90 0.997871
77 91 0.9979
77 92 0.99793
77 93 0.997961
77 94 0.997994
77 95 0.998028
77 96 0.998063
77 97 0.998098
77 98 0.998135
77 99 0.998171
77 100 0.998208
77 101 0.998245
77 102 0.998281
77 103 0.998317
77 104 0.998353
77 105 0.998388
77 106 0.998422
77 107 0.998455
77 108 0.998487
77 109 0.998518
77 110 0.998548
77 111 0.998577
77 112 0.998605
77 113 0.998632
77 114 0.998658
77 115 0.998683
77 116 0.998707
77 117 0.998731
77 118 0.998753
77 119 0.998775
77 120 0.998796
77 121 0.998816
77 122 0.998834
77 123 0.99885
77 124 0.998863
77 125 0.998873
77 126 0.998879
77 127 0.998881

78 0 0
78 1 1.00094
78 2 1.00094
78 3 1.00094
78 4 1.00094
78 5 1.00093
78 6 1.00093
78 7 1.00093
78 8 1.00093
78 9 1.00092
78 10 1.00092
78 11 1.00092
78 12 1.00092
78 13 1.00091
78 14 1.00091
78 15 1.0009
78 16 1.0009
78 17 1.00089
78 18 1.00088
78 19 1.00087
78 20 1.00086
78 21 1.00085
78 22 1.00084
78 23 1.00082
78 24 1.0008
78 25 1.00078
78 26 1.00075
78 27 1.00072
78 28 1.00069
78 29 1.00065
78 30 1.00061
78 31 1.00057
78 32 1.00052
78 33 1.00046
78 34 1.0004
78 35 1.00034
78 36 1.00027
78 37 1.00019
78 38 1.00011
78 39 1.00003
78 40 0.999943
78 41 0.999853
78 42 0.99976
78 43 0.999665
78 44 0.999568
78 45 0.999469
78 46 0.999371
78 47 0.999272
78 48 0.999175
78 49 0.999078
78 50 0.998983
78 51 0.998891
78 52 0.998801
78 53 0.998714
78 54 0.99863
78 55 0.99855
78 56 0.998473
78 57 0.998401
78 58 0.998332
78 59 0.998267
78 60 0.998206
78 61 0.998149
78 62 0.998095
78 63 0.998046
78 64 0.998
78 65 0.997958
78 66 0.997919
78 67 0.997884
78 68 0.997853
78 69 0.997824
78 70 0.997799
78 71 0.997777
78 72 0.997759
78 73 0.997743
78 74 0.99773
78 75 0.99772
78 76 0.997713
78 77 0.997709
78 78 0.997708
78 79 0.997709
78 80 0.997713
78 81 0.99772
78 82 0.997729
78 83 0.99774
78 84 0.997755
78 85 0.997771
78 86 0.99779
78 87 0.997811
78 88 0.997834
78 89 0.997858
78 90 0.997885
78 91 0.997914
78 92 0.997944
78 93 0.997975
78 94 0.998008
78 95 0.998042
78 96 0.998076
78 97 0.998112
78 98 0.998148
78 99 0.998184
78 100 0.998221
78 101 0.998257
78 102 0.998294
78 103 0.998329
78 104 0.998365
78 105 0.998399
78 106 0.998433
78 107 0.998466
78 108 0.998498
78 109 0.998529
78 110 0.998558
78 111 0.998587
78 112 0.998615
78 113 0.998641
78 114 0.998667
78 115 0.998692
78 116 0.998716
78 117 0.998739
78 118 0.998762
78 119 0.998784
78 120 0.998805
78 121 0.998824
78 122 0.998842
78 123 0.998858
78 124 0.99887
78 125 0.99888
78 126 0.998885
78 127 0.998886

79 0 0
79 1 1.00095
79 2 1.00094
79 3 1.00094
79 4 1.00094
79 5 1.00093
79 6 1.00093
79 7 1.00093
79 8 1.00093
79 9 1.00092
79 10 1.00092
79 11 1.00092
79 12 1.00092
79 13 1.00091
79 14 1.00091
79 15 1.0009
79 16 1.0009
79 17 1.00089
79 18 1.00088
79 19 1.00088
79 20 1.00087
79 21 1.00085
79 22 1.00084
79 23 1.00082
79 24 1.0008
79 25 1.00078
79 26 1.00076
79 27 1.00073
79 28 1.0007
79 29 1.00066
79 30 1.00062
79 31 1.00058
79 32 1.00053
79 33 1.00047
79 34 1.00042
79 35 1.00035
79 36 1.00028
79 37 1.00021
79 38 1.00013
79 39 1.00005
79 40 0.999964
79 41 0.999874
79 42 0.999782
79 43 0.999687
79 44 0.99959
79 45 0.999492
79 46 0.999393
79 47 0.999295
79 48 0.999197
79 49 0.9991
79 50 0.999005
79 51 0.998912
79 52 0.998822
79 53 0.998734
79 54 0.99865
79 55 0.998569
79 56 0.998492
79 57 0.998419
79 58 0.99835
79 59 0.998284
79 60 0.998223
79 61 0.998165
79 62 0.998112
79 63 0.998062
79 64 0.998016
79 65 0.997974
79 66 0.997935
79 67 0.9979
79 68 0.997868
79 69 0.99784
79 70 0.997815
79 71 0.997793
79 72 0.997774
79 73 0.997758
79 74 0.997745
79 75 0.997736
79 76 0.997729
79 77 0.997725
79 78 0.997723
79 79 0.997725
79 80 0.997729
79 81 0.997736
79 82 0.997745
79 83 0.997757
79 84 0.997771
79 85 0.997787
79 86 0.997806
79 87 0.997827
79 88 0.99785
79 89 0.997875
79 90 0.997902
79 91 0.99793
79 92 0.99796
79 93 0.997992
79 94 0.998025
79 95 0.998058
79 96 0.998093
79 97 0.998128
79 98 0.998164
79 99 0.9982
79 100 0.998237
79 101 0.998273
79 102 0.998309
79 103 0.998345
79 104 0.99838
79 105 0.998414
79 106 0.998448
79 107 0.998481
79 108 0.998512
79 109 0.998543
79 110 0.998572
79 111 0.9986
79 112 0.998628
79 113 0.998654
79 114 0.99868
79 115 0.998705
79 116 0.998729
79 117 0.998752
79 118 0.998775
79 119 0.998796
79 120 0.998817
79 121 0.998837
79 122 0.998854
79 123 0.99887
79 124 0.998882
79 125 0.998891
79 126 0.998896
79 127 0.998896

80 0 0
80 1 1.00095
80 2 1.00094
80 3 1.00094
80 4 1.00094
80 5 1.00093
80 6 1.00093
80 7 1.00093
80 8 1.00093
80 9 1.00092
80 10 1.00092
80 11 1.00092
80 12 1.00092
80 13 1.00091
80 14 1.00091
80 15 1.0009
80 16 1.0009
80 17 1.00089
80 18 1.00089
80 19 1.00088
80 20 1.00087
80 21 1.00086
80 22 1.00084
80 23 1.00083
80 24 1.00081
80 25 1.00079
80 26 1.00076
80 27 1.00074
80 28 1.00071
80 29 1.00067
80 30 1.00063
80 31 1.00059
80 32 1.00054
80 33 1.00049
80 34 1.00043
80 35 1.00037
80 36 1.0003
80 37 1.00023
80 38 1.00015
80 39 1.00007
80 40 0.999986
80 41 0.999897
80 42 0.999806
80 43 0.999711
80 44 0.999615
80 45 0.999517
80 46 0.999419
80 47 0.99932
80 48 0.999222
80 49 0.999125
80 50 0.99903
80 51 0.998936
80 52 0.998845
80 53 0.998758
80 54 0.998673
80 55 0.998592
80 56 0.998514
80 57 0.99844
80 58 0.998371
80 59 0.998305
80 60 0.998243
80 61 0.998185
80 62 0.998131
80 63 0.998081
80 64 0.998035
80 65 0.997992
80 66 0.997953
80 67 0.997918
80 68 0.997886
80 69 0.997857
80 70 0.997832
80 71 0.99781
80 72 0.997791
80 73 0.997776
80 74 0.997763
80 75 0.997753
80 76 0.997746
80 77 0.997742
80 78 0.997741
80 79 0.997743
80 80 0.997747
80 81 0.997754
80 82 0.997763
80 83 0.997775
80 84 0.997789
80 85 0.997806
80 86 0.997825
80 87 0.997846
80 88 0.997869
80 89 0.997894
80 90 0.997921
80 91 0.99795
80 92 0.99798
80 93 0.998011
80 94 0.998044
80 95 0.998078
80 96 0.998112
80 97 0.998148
80 98 0.998183
80 99 0.99822
80 100 0.998256
80 101 0.998292
80 102 0.998328
80 103 0.998364
80 104 0.998398
80 105 0.998433
80 106 0.998466
80 107 0.998498
80 108 0.99853
80 109 0.99856
80 110 0.998589
80 111 0.998618
80 112 0.998645
80 113 0.998671
80 114 0.998697
80 115 0.998722
80 116 0.998746
80 117 0.998769
80 118 0.998792
80 119 0.998813
80 120 0.998834
80 121 0.998853
80 122 0.998871
80 123 0.998886
80 124 0.998898
80 125 0.998907
80 126 0.998911
80 127 0.99891

81 0 0
81 1 1.00095
81 2 1.00094
81 3 1.00094
81 4 1.00094
81 5 1.00093
81 6 1.00093
81 7 1.00093
81 8 1.00093
81 9 1.00092
81 10 1.00092
81 11 1.00092
81 12 1.00092
81 13 1.00091
81 14 1.00091
81 15 1.0009
81 16 1.0009
81 17 1.00089
81 18 1.00089
81 19 1.00088
81 20 1.00087
81 21 1.00086
81 22 1.00085
81 23 1.00083
81 24 1.00081
81 25 1.00079
81 26 1.00077
81 27 1.00074
81 28 1.00071
81 29 1.00068
81 30 1.00064
81 31 1.0006
81 32 1.00056
81 33 1.0005
81 34 1.00045
81 35 1.00039
81 36 1.00032
81 37 1.00025
81 38 1.00017
81 39 1.00009
81 40 1.00001
81 41 0.999923
81 42 0.999832
81 43 0.999738
81 44 0.999642
81 45 0.999545
81 46 0.999447
81 47 0.999348
81 48 0.99925
81 49 0.999153
81 50 0.999057
81 51 0.998964
81 52 0.998873
81 53 0.998784
81 54 0.998699
81 55 0.998617
81 56 0.998539
81 57 0.998465
81 58 0.998394
81 59 0.998328
81 60 0.998266
81 61 0.998207
81 62 0.998153
81 63 0.998102
81 64 0.998056
81 65 0.998013
81 66 0.997974
81 67 0.997938
81 68 0.997906
81 69 0.997877
81 70 0.997852
81 71 0.99783
81 72 0.997811
81 73 0.997796
81 74 0.997783
81 75 0.997773
81 76 0.997766
81 77 0.997762
81 78 0.997761
81 79 0.997763
81 80 0.997767
81 81 0.997774
81 82 0.997784
81 83 0.997796
81 84 0.99781
81 85 0.997827
81 86 0.997846
81 87 0.997867
81 88 0.997891
81 89 0.997916
81 90 0.997943
81 91 0.997971
81 92 0.998002
81 93 0.998033
81 94 0.998066
81 95 0.9981
81 96 0.998134
81 97 0.99817
81 98 0.998206
81 99 0.998242
81 100 0.998278
81 101 0.998314
81 102 0.99835
81 103 0.998385
81 104 0.99842
81 105 0.998454
81 106 0.998487
81 107 0.99852
81 108 0.998551
81 109 0.998581
81 110 0.998611
81 111 0.998639
81 112 0.998666
81 113 0.998692
81 114 0.998718
81 115 0.998743
81 116 0.998767
81 117 0.99879
81 118 0.998813
81 119 0.998835
81 120 0.998856
81 121 0.998875
81 122 0.998892
81 123 0.998907
81 124 0.998919
81 125 0.998927
81 126 0.998931
81 127 0.998929

82 0 0
82 1 1.00095
82 2 1.00094
82 3 1.00094
82 4 1.00094
82 5 1.00093
82 6 1.00093
82 7 1.00093
82 8 1.00093
82 9 1.00092
82 10 1.00092
82 11 1.00092
82 12 1.00092
82 13 1.00091
82 14 1.00091
82 15 1.0009
82 16 1.0009
82 17 1.00089
82 18 1.00089
82 19 1.00088
82 20 1.00087
82 21 1.00086
82 22 1.00085
82 23 1.00083
82 24 1.00082
82 25 1.0008
82 26 1.00078
82 27 1.00075
82 28 1.00072
82 29 1.00069
82 30 1.00065
82 31 1.00061
82 32 1.00057
82 33 1.00052
82 34 1.00046
82 35 1.00041
82 36 1.00034
82 37 1.00027
82 38 1.0002
82 39 1.00012
82 40 1.00004
82 41 0.99995
82 42 0.99986
82 43 0.999767
82 44 0.999672
82 45 0.999575
82 46 0.999478
82 47 0.999379
82 48 0.999281
82 49 0.999184
82 50 0.999088
82 51 0.998994
82 52 0.998903
82 53 0.998814
82 54 0.998728
82 55 0.998646
82 56 0.998567
82 57 0.998492
82 58 0.998421
82 59 0.998354
82 60 0.998291
82 61 0.998232
82 62 0.998177
82 63 0.998126
82 64 0.998079
82 65 0.998036
82 66 0.997997
82 67 0.997961
82 68 0.997929
82 69 0.9979
82 70 0.997874
82 71 0.997852
82 72 0.997833
82 73 0.997818
82 74 0.997805
82 75 0.997795
82 76 0.997788
82 77 0.997785
82 78 0.997784
82 79 0.997785
82 80 0.99779
82 81 0.997797
82 82 0.997807
82 83 0.997819
82 84 0.997833
82 85 0.99785
82 86 0.99787
82 87 0.997891
82 88 0.997914
82 89 0.99794
82 90 0.997967
82 91 0.997996
82 92 0.998026
82 93 0.998057
82 94 0.99809
82 95 0.998124
82 96 0.998159
82 97 0.998194
82 98 0.99823
82 99 0.998266
82 100 0.998303
82 101 0.998339
82 102 0.998375
82 103 0.99841
82 104 0.998445
82 105 0.998479
82 106 0.998512
82 107 0.998545
82 108 0.998576
82 109 0.998606
82 110 0.998635
82 111 0.998664
82 112 0.998691
82 113 0.998717
82 114 0.998743
82 115 0.998768
82 116 0.998792
82 117 0.998816
82 118 0.998839
82 119 0.998861
82 120 0.998882
82 121 0.998901
82 122 0.998918
82 123 0.998933
82 124 0.998945
82 125 0.998952
82 126 0.998955
82 127 0.998953

83 0 0
83 1 1.00095
83 2 1.00094
83 3 1.00094
83 4 1.00093
83 5 1.00093
83 6 1.00093
83 7 1.00093
83 8 1.00092
83 9 1.00092
83 10 1.00092
83 11 1.00092
83 12 1.00091
83 13 1.00091
83 14 1.00091
83 15 1.0009
83 16 1.0009
83 17 1.00089
83 18 1.00089
83 19 1.00088
83 20 1.00087
83 21 1.00086
83 22 1.00085
83 23 1.00084
83 24 1.00082
83 25 1.0008
83 26 1.00078
83 27 1.00076
83 28 1.00073
83 29 1.0007
83 30 1.00067
83 31 1.00063
83 32 1.00058
83 33 1.00054
83 34 1.00048
83 35 1.00042
83 36 1.00036
83 37 1.00029
83 38 1.00022
83 39 1.00015
83 40 1.00006
83 41 0.999979
83 42 0.99989
83 43 0.999799
83 44 0.999704
83 45 0.999608
83 46 0.999511
83 47 0.999413
83 48 0.999316
83 49 0.999218
83 50 0.999122
83 51 0.999028
83 52 0.998936
83 53 0.998847
83 54 0.99876
83 55 0.998678
83 56 0.998598
83 57 0.998523
83 58 0.998451
83 59 0.998383
83 60 0.99832
83 61 0.99826
83 62 0.998205
83 63 0.998153
83 64 0.998106
83 65 0.998062
83 66 0.998022
83 67 0.997986
83 68 0.997953
83 69 0.997924
83 70 0.997899
83 71 0.997876
83 72 0.997857
83 73 0.997842
83 74 0.997829
83 75 0.997819
83 76 0.997813
83 77 0.997809
83 78 0.997808
83 79 0.99781
83 80 0.997814
83 81 0.997822
83 82 0.997831
83 83 0.997844
83 84 0.997858
83 85 0.997876
83 86 0.997895
83 87 0.997917
83 88 0.99794
83 89 0.997966
83 90 0.997993
83 91 0.998022
83 92 0.998052
83 93 0.998084
83 94 0.998117
83 95 0.998151
83 96 0.998186
83 97 0.998222
83 98 0.998258
83 99 0.998294
83 100 0.99833
83 101 0.998367
83 102 0.998403
83 103 0.998438
83 104 0.998473
83 105 0.998507
83 106 0.99854
83 107 0.998573
83 108 0.998604
83 109 0.998635
83 110 0.998664
83 111 0.998692
83 112 0.99872
83 113 0.998747
83 114 0.998773
83 115 0.998798
83 116 0.998822
83 117 0.998846
83 118 0.998869
83 119 0.998891
83 120 0.998913
83 121 0.998932
83 122 0.998949
83 123 0.998964
83 124 0.998975
83 125 0.998982
83 126 0.998985
83 127 0.998982

84 0 0
84 1 1.00094
84 2 1.00094
84 3 1.00094
84 4 1.00093
84 5 1.00093
84 6 1.00093
84 7 1.00093
84 8 1.00092
84 9 1.00092
84 10 1.00092
84 11 1.00092
84 12 1.00091
84 13 1.00091
84 14 1.00091
84 15 1.0009
84 16 1.0009
84 17 1.00089
84 18 1.00089
84 19 1.00088
84 20 1.00087
84 21 1.00086
84 22 1.00085
84 23 1.00084
84 24 1.00083
84 25 1.00081
84 26 1.00079
84 27 1.00077
84 28 1.00074
84 29 1.00071
84 30 1.00068
84 31 1.00064
84 32 1.0006
84 33 1.00055
84 34 1.0005
84 35 1.00044
84 36 1.00038
84 37 1.00032
84 38 1.00025
84 39 1.00017
84 40 1.00009
84 41 1.00001
84 42 0.999922
84 43 0.999832
84 44 0.999739
84 45 0.999644
84 46 0.999547
84 47 0.99945
84 48 0.999353
84 49 0.999256
84 50 0.999159
84 51 0.999065
84 52 0.998973
84 53 0.998883
84 54 0.998796
84 55 0.998712
84 56 0.998632
84 57 0.998556
84 58 0.998484
84 59 0.998415
84 60 0.998351
84 61 0.998291
84 62 0.998235
84 63 0.998183
84 64 0.998135
84 65 0.99809
84 66 0.99805
84 67 0.998014
84 68 0.997981
84 69 0.997951
84 70 0.997925
84 71 0.997903
84 72 0.997884
84 73 0.997868
84 74 0.997855
84 75 0.997845
84 76 0.997839
84 77 0.997835
84 78 0.997834
84 79 0.997836
84 80 0.997841
84 81 0.997848
84 82 0.997858
84 83 0.997871
84 84 0.997886
84 85 0.997903
84 86 0.997922
84 87 0.997944
84 88 0.997968
84 89 0.997994
84 90 0.998021
84 91 0.99805
84 92 0.998081
84 93 0.998113
84 94 0.998146
84 95 0.998181
84 96 0.998216
84 97 0.998251
84 98 0.998288
84 99 0.998324
84 100 0.998361
84 101 0.998397
84 102 0.998433
84 103 0.998469
84 104 0.998504
84 105 0.998538
84 106 0.998572
84 107 0.998604
84 108 0.998636
84 109 0.998667
84 110 0.998696
84 111 0.998725
84 112 0.998753
84 113 0.99878
84 114 0.998806
84 115 0.998832
84 116 0.998857
84 117 0.998881
84 118 0.998904
84 119 0.998927
84 120 0.998948
84 121 0.998968
84 122 0.998985
84 123 0.999
84 124 0.999011
84 125 0.999018
84 126 0.99902
84 127 0.999017

85 0 0
85 1 1.00094
85 2 1.00094
85 3 1.00094
85 4 1.00093
85 5 1.00093
85 6 1.00093
85 7 1.00092
85 8 1.00092
85 9 1.00092
85 10 1.00092
85 11 1.00091
85 12 1.00091
85 13 1.00091
85 14 1.00091
85 15 1.0009
85 16 1.0009
85 17 1.00089
85 18 1.00089
85 19 1.00088
85 20 1.00087
85 21 1.00086
85 22 1.00085
85 23 1.00084
85 24 1.00083
85 25 1.00081
85 26 1.00079
85 27 1.00077
85 28 1.00075
85 29 1.00072
85 30 1.00069
85 31 1.00065
85 32 1.00061
85 33 1.00057
85 34 1.00052
85 35 1.00046
85 36 1.00041
85 37 1.00034
85 38 1.00027
85 39 1.0002
85 40 1.00012
85 41 1.00004
85 42 0.999956
85 43 0.999867
85 44 0.999776
85 45 0.999682
85 46 0.999586
85 47 0.999489
85 48 0.999392
85 49 0.999296
85 50 0.9992
85 51 0.999105
85 52 0.999012
85 53 0.998922
85 54 0.998835
85 55 0.998751
85 56 0.99867
85 57 0.998593
85 58 0.99852
85 59 0.99845
85 60 0.998385
85 61 0.998324
85 62 0.998268
85 63 0.998215
85 64 0.998166
85 65 0.998121
85 66 0.99808
85 67 0.998043
85 68 0.99801
85 69 0.99798
85 70 0.997954
85 71 0.997932
85 72 0.997912
85 73 0.997896
85 74 0.997883
85 75 0.997874
85 76 0.997867
85 77 0.997863
85 78 0.997862
85 79 0.997864
85 80 0.997869
85 81 0.997877
85 82 0.997887
85 83 0.997899
85 84 0.997915
85 85 0.997932
85 86 0.997952
85 87 0.997974
85 88 0.997998
85 89 0.998024
85 90 0.998052
85 91 0.998081
85 92 0.998112
85 93 0.998144
85 94 0.998178
85 95 0.998212
85 96 0.998248
85 97 0.998284
85 98 0.99832
85 99 0.998357
85 100 0.998394
85 101 0.99843
85 102 0.998467
85 103 0.998503
85 104 0.998538
85 105 0.998573
85 106 0.998606
85 107 0.998639
85 108 0.998671
85 109 0.998702
85 110 0.998732
85 111 0.998762
85 112 0.99879
85 113 0.998817
85 114 0.998844
85 115 0.99887
85 116 0.998896
85 117 0.99892
85 118 0.998944
85 119 0.998967
85 120 0.998989
85 121 0.999009
85 122 0.999027
85 123 0.999041
85 124 0.999052
85 125 0.999059
85 126 0.99906
85 127 0.999056

86 0 0
86 1 1.00094
86 2 1.00094
86 3 1.00093
86 4 1.00093
86 5 1.00093
86 6 1.00092
86 7 1.00092
86 8 1.00092
86 9 1.00092
86 10 1.00092
86 11 1.00091
86 12 1.00091
86 13 1.00091
86 14 1.0009
86 15 1.0009
86 16 1.0009
86 17 1.00089
86 18 1.00089
86 19 1.00088
86 20 1.00087
86 21 1.00087
86 22 1.00086
86 23 1.00084
86 24 1.00083
86 25 1.00082
86 26 1.0008
86 27 1.00078
86 28 1.00075
86 29 1.00073
86 30 1.0007
86 31 1.00066
86 32 1.00063
86 33 1.00058
86 34 1.00054
86 35 1.00049
86 36 1.00043
86 37 1.00037
86 38 1.0003
86 39 1.00023
86 40 1.00015
86 41 1.00008
86 42 0.999992
86 43 0.999904
86 44 0.999814
86 45 0.999722
86 46 0.999627
86 47 0.999531
86 48 0.999435
86 49 0.999338
86 50 0.999243
86 51 0.999148
86 52 0.999055
86 53 0.998965
86 54 0.998877
86 55 0.998792
86 56 0.99871
86 57 0.998633
86 58 0.998559
86 59 0.998489
86 60 0.998423
86 61 0.998361
86 62 0.998303
86 63 0.99825
86 64 0.9982
86 65 0.998155
86 66 0.998113
86 67 0.998076
86 68 0.998042
86 69 0.998012
86 70 0.997985
86 71 0.997962
86 72 0.997943
86 73 0.997926
86 74 0.997913
86 75 0.997904
86 76 0.997897
86 77 0.997893
86 78 0.997892
86 79 0.997894
86 80 0.997899
86 81 0.997907
86 82 0.997917
86 83 0.99793
86 84 0.997945
86 85 0.997963
86 86 0.997983
86 87 0.998005
86 88 0.998029
86 89 0.998056
86 90 0.998084
86 91 0.998113
86 92 0.998145
86 93 0.998177
86 94 0.998211
86 95 0.998246
86 96 0.998282
86 97 0.998318
86 98 0.998355
86 99 0.998392
86 100 0.998429
86 101 0.998466
86 102 0.998503
86 103 0.998539
86 104 0.998575
86 105 0.99861
86 106 0.998644
86 107 0.998678
86 108 0.99871
86 109 0.998742
86 110 0.998772
86 111 0.998802
86 112 0.998831
86 113 0.998859
86 114 0.998887
86 115 0.998913
86 116 0.998939
86 117 0.998965
86 118 0.998989
86 119 0.999013
86 120 0.999035
86 121 0.999055
86 122 0.999073
86 123 0.999088
86 124 0.999099
86 125 0.999105
86 126 0.999106
86 127 0.999101

87 0 0
87 1 1.00094
87 2 1.00093
87 3 1.00093
87 4 1.00093
87 5 1.00092
87 6 1.00092
87 7 1.00092
87 8 1.00092
87 9 1.00092
87 10 1.00091
87 11 1.00091
87 12 1.00091
87 13 1.00091
87 14 1.0009
87 15 1.0009
87 16 1.0009
87 17 1.00089
87 18 1.00089
87 19 1.00088
87 20 1.00087
87 21 1.00087
87 22 1.00086
87 23 1.00085
87 24 1.00083
87 25 1.00082
87 26 1.0008
87 27 1.00078
87 28 1.00076
87 29 1.00074
87 30 1.00071
87 31 1.00068
87 32 1.00064
87 33 1.0006
87 34 1.00056
87 35 1.00051
87 36 1.00045
87 37 1.00039
87 38 1.00033
87 39 1.00026
87 40 1.00019
87 41 1.00011
87 42 1.00003
87 43 0.999943
87 44 0.999855
87 45 0.999763
87 46 0.99967
87 47 0.999575
87 48 0.99948
87 49 0.999384
87 50 0.999289
87 51 0.999194
87 52 0.999101
87 53 0.99901
87 54 0.998922
87 55 0.998836
87 56 0.998754
87 57 0.998676
87 58 0.998601
87 59 0.99853
87 60 0.998463
87 61 0.9984
87 62 0.998342
87 63 0.998288
87 64 0.998237
87 65 0.998191
87 66 0.998149
87 67 0.998111
87 68 0.998076
87 69 0.998046
87 70 0.998019
87 71 0.997995
87 72 0.997975
87 73 0.997959
87 74 0.997946
87 75 0.997936
87 76 0.997929
87 77 0.997925
87 78 0.997924
87 79 0.997926
87 80 0.997931
87 81 0.997939
87 82 0.997949
87 83 0.997962
87 84 0.997978
87 85 0.997996
87 86 0.998016
87 87 0.998038
87 88 0.998063
87 89 0.998089
87 90 0.998118
87 91 0.998148
87 92 0.998179
87 93 0.998212
87 94 0.998247
87 95 0.998282
87 96 0.998318
87 97 0.998355
87 98 0.998392
87 99 0.998429
87 100 0.998467
87 101 0.998505
87 102 0.998542
87 103 0.998579
87 104 0.998615
87 105 0.998651
87 106 0.998685
87 107 0.998719
87 108 0.998753
87 109 0.998785
87 110 0.998816
87 111 0.998847
87 112 0.998876
87 113 0.998905
87 114 0.998933
87 115 0.998961
87 116 0.998988
87 117 0.999014
87 118 0.99904
87 119 0.999064
87 120 0.999087
87 121 0.999107
87 122 0.999126
87 123 0.999141
87 124 0.999151
87 125 0.999157
87 126 0.999158
87 127 0.999152

88 0 0
88 1 1.00094
88 2 1.00093
88 3 1.00093
88 4 1.00092
88 5 1.00092
88 6 1.00092
88 7 1.00092
88 8 1.00091
88 9 1.00091
88 10 1.00091
88 11 1.00091
88 12 1.00091
88 13 1.0009
88 14 1.0009
88 15 1.0009
88 16 1.00089
88 17 1.00089
88 18 1.00088
88 19 1.00088
88 20 1.00087
88 21 1.00087
88 22 1.00086
88 23 1.00085
88 24 1.00084
88 25 1.00082
88 26 1.00081
88 27 1.00079
88 28 1.00077
88 29 1.00074
88 30 1.00072
88 31 1.00069
88 32 1.00065
88 33 1.00062
88 34 1.00057
88 35 1.00053
88 36 1.00047
88 37 1.00042
88 38 1.00036
88 39 1.00029
88 40 1.00022
88 41 1.00015
88 42 1.00007
88 43 0.999983
88 44 0.999897
88 45 0.999807
88 46 0.999715
88 47 0.999622
88 48 0.999527
88 49 0.999432
88 50 0.999337
88 51 0.999243
88 52 0.99915
88 53 0.999059
88 54 0.99897
88 55 0.998884
88 56 0.998801
88 57 0.998722
88 58 0.998646
88 59 0.998575
88 60 0.998507
88 61 0.998443
88 62 0.998384
88 63 0.998328
88 64 0.998277
88 65 0.99823
88 66 0.998187
88 67 0.998148
88 68 0.998113
88 69 0.998082
88 70 0.998054
88 71 0.99803
88 72 0.99801
88 73 0.997993
88 74 0.99798
88 75 0.997969
88 76 0.997962
88 77 0.997958
88 78 0.997958
88 79 0.99796
88 80 0.997965
88 81 0.997972
88 82 0.997983
88 83 0.997996
88 84 0.998012
88 85 0.99803
88 86 0.99805
88 87 0.998073
88 88 0.998098
88 89 0.998125
88 90 0.998153
88 91 0.998184
88 92 0.998216
88 93 0.998249
88 94 0.998284
88 95 0.99832
88 96 0.998356
88 97 0.998393
88 98 0.998431
88 99 0.998469
88 100 0.998507
88 101 0.998545
88 102 0.998583
88 103 0.998621
88 104 0.998658
88 105 0.998694
88 106 0.99873
88 107 0.998765
88 108 0.998798
88 109 0.998832
88 110 0.998864
88 111 0.998895
88 112 0.998926
88 113 0.998956
88 114 0.998985
88 115 0.999014
88 116 0.999042
88 117 0.999069
88 118 0.999095
88 119 0.99912
88 120 0.999144
88 121 0.999165
88 122 0.999184
88 123 0.999199
88 124 0.99921
88 125 0.999216
88 126 0.999216
88 127 0.999209

89 0 0
89 1 1.00093
89 2 1.00093
89 3 1.00092
89 4 1.00092
89 5 1.00092
89 6 1.00092
89 7 1.00091
89 8 1.00091
89 9 1.00091
89 10 1.00091
89 11 1.0009
89 12 1.0009
89 13 1.0009
89 14 1.0009
89 15 1.00089
89 16 1.00089
89 17 1.00089
89 18 1.00088
89 19 1.00088
89 20 1.00087
89 21 1.00086
89 22 1.00086
89 23 1.00085
89 24 1.00084
89 25 1.00082
89 26 1.00081
89 27 1.00079
89 28 1.00077
89 29 1.00075
89 30 1.00073
89 31 1.0007
89 32 1.00067
89 33 1.00063
89 34 1.00059
89 35 1.00055
89 36 1.0005
89 37 1.00044
89 38 1.00039
89 39 1.00032
89 40 1.00025
89 41 1.00018
89 42 1.0001
89 43 1.00002
89 44 0.99994
89 45 0.999852
89 46 0.999762
89 47 0.999671
89 48 0.999577
89 49 0.999483
89 50 0.999389
89 51 0.999295
89 52 0.999202
89 53 0.999111
89 54 0.999022
89 55 0.998935
89 56 0.998852
89 57 0.998772
89 58 0.998695
89 59 0.998622
89 60 0.998553
89 61 0.998489
89 62 0.998428
89 63 0.998372
89 64 0.99832
89 65 0.998272
89 66 0.998228
89 67 0.998188
89 68 0.998152
89 69 0.99812
89 70 0.998092
89 71 0.998068
89 72 0.998047
89 73 0.998029
89 74 0.998016
89 75 0.998005
89 76 0.997998
89 77 0.997994
89 78 0.997993
89 79 0.997995
89 80 0.998
89 81 0.998008
89 82 0.998018
89 83 0.998031
89 84 0.998047
89 85 0.998066
89 86 0.998086
89 87 0.998109
89 88 0.998134
89 89 0.998162
89 90 0.998191
89 91 0.998222
89 92 0.998254
89 93 0.998288
89 94 0.998323
89 95 0.998359
89 96 0.998396
89 97 0.998434
89 98 0.998472
89 99 0.998511
89 100 0.99855
89 101 0.998589
89 102 0.998627
89 103 0.998666
89 104 0.998703
89 105 0.998741
89 106 0.998777
89 107 0.998813
89 108 0.998848
89 109 0.998882
89 110 0.998915
89 111 0.998948
89 112 0.99898
89 113 0.999011
89 114 0.999041
89 115 0.999071
89 116 0.9991
89 117 0.999129
89 118 0.999156
89 119 0.999182
89 120 0.999207
89 121 0.999229
89 122 0.999249
89 123 0.999264
89 124 0.999275
89 125 0.99928
89 126 0.99928
89 127 0.999272

90 0 0
90 1 1.00093
90 2 1.00092
90 3 1.00092
90 4 1.00092
90 5 1.00092
90 6 1.00091
90 7 1.00091
90 8 1.00091
90 9 1.00091
90 10 1.0009
90 11 1.0009
90 12 1.0009
90 13 1.0009
90 14 1.00089
90 15 1.00089
90 16 1.00089
90 17 1.00088
90 18 1.00088
90 19 1.00088
90 20 1.00087
90 21 1.00086
90 22 1.00086
90 23 1.00085
90 24 1.00084
90 25 1.00083
90 26 1.00081
90 27 1.0008
90 28 1.00078
90 29 1.00076
90 30 1.00074
90 31 1.00071
90 32 1.00068
90 33 1.00065
90 34 1.00061
90 35 1.00057
90 36 1.00052
90 37 1.00047
90 38 1.00041
90 39 1.00035
90 40 1.00029
90 41 1.00022
90 42 1.00014
90 43 1.00007
90 44 0.999984
90 45 0.999899
90 46 0.999811
90 47 0.999721
90 48 0.999629
90 49 0.999536
90 50 0.999443
90 51 0.999349
90 52 0.999257
90 53 0.999166
90 54 0.999077
90 55 0.99899
90 56 0.998906
90 57 0.998825
90 58 0.998747
90 59 0.998673
90 60 0.998603
90 61 0.998538
90 62 0.998476
90 63 0.998418
90 64 0.998365
90 65 0.998316
90 66 0.998271
90 67 0.99823
90 68 0.998194
90 69 0.998161
90 70 0.998132
90 71 0.998107
90 72 0.998086
90 73 0.998068
90 74 0.998053
90 75 0.998043
90 76 0.998035
90 77 0.998031
90 78 0.99803
90 79 0.998032
90 80 0.998036
90 81 0.998044
90 82 0.998055
90 83 0.998068
90 84 0.998084
90 85 0.998103
90 86 0.998124
90 87 0.998147
90 88 0.998173
90 89 0.9982
90 90 0.99823
90 91 0.998261
90 92 0.998294
90 93 0.998328
90 94 0.998364
90 95 0.9984
90 96 0.998438
90 97 0.998477
90 98 0.998516
90 99 0.998555
90 100 0.998595
90 101 0.998634
90 102 0.998674
90 103 0.998713
90 104 0.998752
90 105 0.99879
90 106 0.998828
90 107 0.998865
90 108 0.998901
90 109 0.998936
90 110 0.998971
90 111 0.999005
90 112 0.999038
90 113 0.999071
90 114 0.999103
90 115 0.999134
90 116 0.999165
90 117 0.999194
90 118 0.999223
90 119 0.999251
90 120 0.999276
90 121 0.9993
90 122 0.99932
90 123 0.999336
90 124 0.999347
90 125 0.999352
90 126 0.999351
90 127 0.999342

91 0 0
91 1 1.00092
91 2 1.00092
91 3 1.00092
91 4 1.00091
91 5 1.00091
91 6 1.00091
91 7 1.00091
91 8 1.0009
91 9 1.0009
91 10 1.0009
91 11 1.0009
91 12 1.0009
91 13 1.00089
91 14 1.00089
91 15 1.00089
91 16 1.00089
91 17 1.00088
91 18 1.00088
91 19 1.00087
91 20 1.00087
91 21 1.00086
91 22 1.00086
91 23 1.00085
91 24 1.00084
91 25 1.00083
91 26 1.00082
91 27 1.0008
91 28 1.00078
91 29 1.00077
91 30 1.00074
91 31 1.00072
91 32 1.00069
91 33 1.00066
91 34 1.00062
91 35 1.00059
91 36 1.00054
91 37 1.00049
91 38 1.00044
91 39 1.00038
91 40 1.00032
91 41 1.00025
91 42 1.00018
91 43 1.00011
91 44 1.00003
91 45 0.999947
91 46 0.999861
91 47 0.999773
91 48 0.999683
91 49 0.999591
91 50 0.999499
91 51 0.999406
91 52 0.999314
91 53 0.999224
91 54 0.999134
91 55 0.999047
91 56 0.998962
91 57 0.998881
91 58 0.998802
91 59 0.998728
91 60 0.998657
91 61 0.99859
91 62 0.998527
91 63 0.998468
91 64 0.998414
91 65 0.998364
91 66 0.998318
91 67 0.998276
91 68 0.998238
91 69 0.998204
91 70 0.998175
91 71 0.998149
91 72 0.998127
91 73 0.998108
91 74 0.998093
91 75 0.998082
91 76 0.998074
91 77 0.998069
91 78 0.998068
91 79 0.99807
91 80 0.998075
91 81 0.998082
91 82 0.998093
91 83 0.998107
91 84 0.998123
91 85 0.998141
91 86 0.998163
91 87 0.998186
91 88 0.998212
91 89 0.99824
91 90 0.99827
91 91 0.998301
91 92 0.998335
91 93 0.99837
91 94 0.998406
91 95 0.998443
91 96 0.998482
91 97 0.998521
91 98 0.998561
91 99 0.998601
91 100 0.998642
91 101 0.998682
91 102 0.998723
91 103 0.998763
91 104 0.998803
91 105 0.998843
91 106 0.998882
91 107 0.99892
91 108 0.998957
91 109 0.998994
91 110 0.999031
91 111 0.999066
91 112 0.999101
91 113 0.999135
91 114 0.999169
91 115 0.999202
91 116 0.999234
91 117 0.999266
91 118 0.999296
91 119 0.999325
91 120 0.999352
91 121 0.999377
91 122 0.999398
91 123 0.999414
91 124 0.999425
91 125 0.99943
91 126 0.999429
91 127 0.999419

92 0 0
92 1 1.00092
92 2 1.00092
92 3 1.00091
92 4 1.00091
92 5 1.00091
92 6 1.00091
92 7 1.0009
92 8 1.0009
92 9 1.0009
92 10 1.0009
92 11 1.00089
92 12 1.00089
92 13 1.00089
92 14 1.00089
92 15 1.00088
92 16 1.00088
92 17 1.00088
92 18 1.00087
92 19 1.00087
92 20 1.00087
92 21 1.00086
92 22 1.00085
92 23 1.00085
92 24 1.00084
92 25 1.00083
92 26 1.00082
92 27 1.0008
92 28 1.00079
92 29 1.00077
92 30 1.00075
92 31 1.00073
92 32 1.0007
92 33 1.00067
92 34 1.00064
92 35 1.0006
92 36 1.00056
92 37 1.00052
92 38 1.00047
92 39 1.00041
92 40 1.00035
92 41 1.00029
92 42 1.00022
92 43 1.00015
92 44 1.00007
92 45 0.999995
92 46 0.999912
92 47 0.999826
92 48 0.999738
92 49 0.999648
92 50 0.999557
92 51 0.999466
92 52 0.999374
92 53 0.999284
92 54 0.999195
92 55 0.999108
92 56 0.999023
92 57 0.99894
92 58 0.998861
92 59 0.998785
92 60 0.998713
92 61 0.998645
92 62 0.998581
92 63 0.998521
92 64 0.998466
92 65 0.998414
92 66 0.998367
92 67 0.998324
92 68 0.998285
92 69 0.99825
92 70 0.99822
92 71 0.998193
92 72 0.99817
92 73 0.998151
92 74 0.998135
92 75 0.998123
92 76 0.998115
92 77 0.99811
92 78 0.998108
92 79 0.99811
92 80 0.998114
92 81 0.998122
92 82 0.998133
92 83 0.998146
92 84 0.998162
92 85 0.998181
92 86 0.998203
92 87 0.998227
92 88 0.998253
92 89 0.998281
92 90 0.998311
92 91 0.998343
92 92 0.998377
92 93 0.998413
92 94 0.99845
92 95 0.998488
92 96 0.998527
92 97 0.998567
92 98 0.998608
92 99 0.998649
92 100 0.998691
92 101 0.998733
92 102 0.998774
92 103 0.998816
92 104 0.998857
92 105 0.998898
92 106 0.998939
92 107 0.998978
92 108 0.999018
92 109 0.999056
92 110 0.999094
92 111 0.999132
92 112 0.999169
92 113 0.999205
92 114 0.999241
92 115 0.999276
92 116 0.99931
92 117 0.999344
92 118 0.999376
92 119 0.999407
92 120 0.999435
92 121 0.999461
92 122 0.999483
92 123 0.9995
92 124 0.999512
92 125 0.999517
92 126 0.999515
92 127 0.999504

93 0 0
93 1 1.00091
93 2 1.00091
93 3 1.00091
93 4 1.00091
93 5 1.0009
93 6 1.0009
93 7 1.0009
93 8 1.0009
93 9 1.00089
93 10 1.00089
93 11 1.00089
93 12 1.00089
93 13 1.00089
93 14 1.00088
93 15 1.00088
93 16 1.00088
93 17 1.00087
93 18 1.00087
93 19 1.00087
93 20 1.00086
93 21 1.00086
93 22 1.00085
93 23 1.00085
93 24 1.00084
93 25 1.00083
93 26 1.00082
93 27 1.00081
93 28 1.00079
93 29 1.00078
93 30 1.00076
93 31 1.00074
93 32 1.00071
93 33 1.00069
93 34 1.00066
93 35 1.00062
93 36 1.00058
93 37 1.00054
93 38 1.00049
93 39 1.00044
93 40 1.00039
93 41 1.00033
93 42 1.00026
93 43 1.00019
93 44 1.00012
93 45 1.00004
93 46 0.999963
93 47 0.99988
93 48 0.999794
93 49 0.999706
93 50 0.999617
93 51 0.999527
93 52 0.999437
93 53 0.999347
93 54 0.999258
93 55 0.999171
93 56 0.999086
93 57 0.999003
93 58 0.998923
93 59 0.998846
93 60 0.998773
93 61 0.998704
93 62 0.998639
93 63 0.998578
93 64 0.998521
93 65 0.998468
93 66 0.998419
93 67 0.998375
93 68 0.998335
93 69 0.998299
93 70 0.998267
93 71 0.998239
93 72 0.998216
93 73 0.998196
93 74 0.998179
93 75 0.998167
93 76 0.998158
93 77 0.998152
93 78 0.99815
93 79 0.998151
93 80 0.998156
93 81 0.998163
93 82 0.998174
93 83 0.998187
93 84 0.998204
93 85 0.998223
93 86 0.998244
93 87 0.998268
93 88 0.998295
93 89 0.998323
93 90 0.998354
93 91 0.998387
93 92 0.998421
93 93 0.998457
93 94 0.998495
93 95 0.998534
93 96 0.998574
93 97 0.998615
93 98 0.998657
93 99 0.998699
93 100 0.998742
93 101 0.998785
93 102 0.998828
93 103 0.998871
93 104 0.998914
93 105 0.998957
93 106 0.998999
93 107 0.99904
93 108 0.999082
93 109 0.999122
93 110 0.999163
93 111 0.999202
93 112 0.999241
93 113 0.99928
93 114 0.999318
93 115 0.999355
93 116 0.999392
93 117 0.999428
93 118 0.999462
93 119 0.999495
93 120 0.999526
93 121 0.999553
93 122 0.999576
93 123 0.999594
93 124 0.999606
93 125 0.999611
93 126 0.999608
93 127 0.999596

94 0 0
94 1 1.00091
94 2 1.00091
94 3 1.0009
94 4 1.0009
94 5 1.0009
94 6 1.0009
94 7 1.00089
94 8 1.00089
94 9 1.00089
94 10 1.00089
94 11 1.00089
94 12 1.00088
94 13 1.00088
94 14 1.00088
94 15 1.00088
94 16 1.00087
94 17 1.00087
94 18 1.00087
94 19 1.00086
94 20 1.00086
94 21 1.00085
94 22 1.00085
94 23 1.00084
94 24 1.00084
94 25 1.00083
94 26 1.00082
94 27 1.00081
94 28 1.00079
94 29 1.00078
94 30 1.00076
94 31 1.00074
94 32 1.00072
94 33 1.0007
94 34 1.00067
94 35 1.00064
94 36 1.0006
94 37 1.00056
94 38 1.00052
94 39 1.00047
94 40 1.00042
94 41 1.00036
94 42 1.0003
94 43 1.00024
94 44 1.00017
94 45 1.00009
94 46 1.00002
94 47 0.999935
94 48 0.999851
94 49 0.999766
94 50 0.999679
94 51 0.99959
94 52 0.999501
94 53 0.999412
94 54 0.999324
94 55 0.999237
94 56 0.999152
94 57 0.999069
94 58 0.998988
94 59 0.998911
94 60 0.998837
94 61 0.998766
94 62 0.9987
94 63 0.998637
94 64 0.998579
94 65 0.998525
94 66 0.998475
94 67 0.998429
94 68 0.998388
94 69 0.99835
94 70 0.998317
94 71 0.998288
94 72 0.998264
94 73 0.998243
94 74 0.998226
94 75 0.998212
94 76 0.998203
94 77 0.998196
94 78 0.998194
94 79 0.998195
94 80 0.998199
94 81 0.998206
94 82 0.998216
94 83 0.99823
94 84 0.998246
94 85 0.998265
94 86 0.998287
94 87 0.998311
94 88 0.998338
94 89 0.998367
94 90 0.998398
94 91 0.998431
94 92 0.998466
94 93 0.998503
94 94 0.998542
94 95 0.998582
94 96 0.998623
94 97 0.998665
94 98 0.998707
94 99 0.998751
94 100 0.998795
94 101 0.99884
94 102 0.998884
94 103 0.998929
94 104 0.998974
94 105 0.999018
94 106 0.999062
94 107 0.999106
94 108 0.999149
94 109 0.999193
94 110 0.999235
94 111 0.999277
94 112 0.999319
94 113 0.99936
94 114 0.999401
94 115 0.999441
94 116 0.999481
94 117 0.999519
94 118 0.999556
94 119 0.999591
94 120 0.999624
94 121 0.999653
94 122 0.999678
94 123 0.999697
94 124 0.999709
94 125 0.999714
94 126 0.999711
94 127 0.999697

95 0 0
95 1 1.0009
95 2 1.0009
95 3 1.0009
95 4 1.0009
95 5 1.00089
95 6 1.00089
95 7 1.00089
95 8 1.00089
95 9 1.00089
95 10 1.00088
95 11 1.00088
95 12 1.00088
95 13 1.00088
95 14 1.00088
95 15 1.00087
95 16 1.00087
95 17 1.00087
95 18 1.00086
95 19 1.00086
95 20 1.00086
95 21 1.00085
95 22 1.00085
95 23 1.00084
95 24 1.00083
95 25 1.00083
95 26 1.00082
95 27 1.00081
95 28 1.0008
95 29 1.00078
95 30 1.00077
95 31 1.00075
95 32 1.00073
95 33 1.00071
95 34 1.00068
95 35 1.00065
95 36 1.00062
95 37 1.00058
95 38 1.00054
95 39 1.0005
95 40 1.00045
95 41 1.0004
95 42 1.00034
95 43 1.00028
95 44 1.00021
95 45 1.00014
95 46 1.00007
95 47 0.99999
95 48 0.999909
95 49 0.999826
95 50 0.999741
95 51 0.999655
95 52 0.999567
95 53 0.99948
95 54 0.999392
95 55 0.999306
95 56 0.999221
95 57 0.999138
95 58 0.999057
95 59 0.998979
95 60 0.998904
95 61 0.998832
95 62 0.998764
95 63 0.9987
95 64 0.998641
95 65 0.998585
95 66 0.998534
95 67 0.998486
95 68 0.998443
95 69 0.998405
95 70 0.998371
95 71 0.99834
95 72 0.998314
95 73 0.998292
95 74 0.998274
95 75 0.99826
95 76 0.998249
95 77 0.998243
95 78 0.998239
95 79 0.99824
95 80 0.998243
95 81 0.99825
95 82 0.99826
95 83 0.998274
95 84 0.99829
95 85 0.998309
95 86 0.998331
95 87 0.998355
95 88 0.998382
95 89 0.998412
95 90 0.998443
95 91 0.998477
95 92 0.998513
95 93 0.99855
95 94 0.99859
95 95 0.99863
95 96 0.998672
95 97 0.998716
95 98 0.99876
95 99 0.998805
95 100 0.99885
95 101 0.998896
95 102 0.998943
95 103 0.998989
95 104 0.999036
95 105 0.999083
95 106 0.999129
95 107 0.999175
95 108 0.999221
95 109 0.999267
95 110 0.999312
95 111 0.999357
95 112 0.999402
95 113 0.999447
95 114 0.99949
95 115 0.999534
95 116 0.999576
95 117 0.999618
95 118 0.999658
95 119 0.999695
95 120 0.99973
95 121 0.999762
95 122 0.999788
95 123 0.999808
95 124 0.999822
95 125 0.999826
95 126 0.999822
95 127 0.999808

96 0 0
96 1 1.0009
96 2 1.0009
96 3 1.00089
96 4 1.00089
96 5 1.00089
96 6 1.00089
96 7 1.00089
96 8 1.00088
96 9 1.00088
96 10 1.00088
96 11 1.00088
96 12 1.00088
96 13 1.00087
96 14 1.00087
96 15 1.00087
96 16 1.00087
96 17 1.00086
96 18 1.00086
96 19 1.00086
96 20 1.00085
96 21 1.00085
96 22 1.00084
96 23 1.00084
96 24 1.00083
96 25 1.00083
96 26 1.00082
96 27 1.00081
96 28 1.0008
96 29 1.00079
96 30 1.00077
96 31 1.00076
96 32 1.00074
96 33 1.00072
96 34 1.00069
96 35 1.00067
96 36 1.00064
96 37 1.0006
96 38 1.00057
96 39 1.00053
96 40 1.00048
96 41 1.00043
96 42 1.00038
96 43 1.00032
96 44 1.00026
96 45 1.00019
96 46 1.00012
96 47 1.00004
96 48 0.999967
96 49 0.999887
96 50 0.999804
96 51 0.99972
96 52 0.999635
96 53 0.999549
96 54 0.999463
96 55 0.999377
96 56 0.999292
96 57 0.999209
96 58 0.999128
96 59 0.999049
96 60 0.998974
96 61 0.998901
96 62 0.998832
96 63 0.998767
96 64 0.998706
96 65 0.998649
96 66 0.998596
96 67 0.998547
96 68 0.998503
96 69 0.998462
96 70 0.998427
96 71 0.998395
96 72 0.998368
96 73 0.998344
96 74 0.998325
96 75 0.99831
96 76 0.998298
96 77 0.998291
96 78 0.998287
96 79 0.998286
96 80 0.998289
96 81 0.998296
96 82 0.998306
96 83 0.998319
96 84 0.998335
96 85 0.998354
96 86 0.998376
96 87 0.9984
96 88 0.998428
96 89 0.998457
96 90 0.99849
96 91 0.998524
96 92 0.99856
96 93 0.998599
96 94 0.998639
96 95 0.998681
96 96 0.998724
96 97 0.998768
96 98 0.998814
96 99 0.99886
96 100 0.998907
96 101 0.998955
96 102 0.999004
96 103 0.999052
96 104 0.999101
96 105 0.99915
96 106 0.999199
96 107 0.999248
96 108 0.999297
96 109 0.999346
96 110 0.999394
96 111 0.999443
96 112 0.999491
96 113 0.999539
96 114 0.999586
96 115 0.999633
96 116 0.999679
96 117 0.999724
96 118 0.999767
96 119 0.999808
96 120 0.999846
96 121 0.99988
96 122 0.999908
96 123 0.99993
96 124 0.999944
96 125 0.999949
96 126 0.999944
96 127 0.999928

97 0 0
97 1 1.00089
97 2 1.00089
97 3 1.00089
97 4 1.00089
97 5 1.00089
97 6 1.00088
97 7 1.00088
97 8 1.00088
97 9 1.00088
97 10 1.00088
97 11 1.00087
97 12 1.00087
97 13 1.00087
97 14 1.00087
97 15 1.00086
97 16 1.00086
97 17 1.00086
97 18 1.00086
97 19 1.00085
97 20 1.00085
97 21 1.00084
97 22 1.00084
97 23 1.00084
97 24 1.00083
97 25 1.00082
97 26 1.00082
97 27 1.00081
97 28 1.0008
97 29 1.00079
97 30 1.00078
97 31 1.00076
97 32 1.00074
97 33 1.00073
97 34 1.0007
97 35 1.00068
97 36 1.00065
97 37 1.00062
97 38 1.00059
97 39 1.00055
97 40 1.00051
97 41 1.00046
97 42 1.00041
97 43 1.00036
97 44 1.0003
97 45 1.00024
97 46 1.00017
97 47 1.0001
97 48 1.00002
97 49 0.999947
97 50 0.999868
97 51 0.999786
97 52 0.999703
97 53 0.999619
97 54 0.999534
97 55 0.99945
97 56 0.999366
97 57 0.999283
97 58 0.999202
97 59 0.999123
97 60 0.999047
97 61 0.998974
97 62 0.998904
97 63 0.998837
97 64 0.998775
97 65 0.998716
97 66 0.998661
97 67 0.998611
97 68 0.998565
97 69 0.998523
97 70 0.998486
97 71 0.998453
97 72 0.998424
97 73 0.998399
97 74 0.998379
97 75 0.998362
97 76 0.99835
97 77 0.998341
97 78 0.998336
97 79 0.998335
97 80 0.998337
97 81 0.998343
97 82 0.998353
97 83 0.998365
97 84 0.998381
97 85 0.9984
97 86 0.998422
97 87 0.998447
97 88 0.998474
97 89 0.998505
97 90 0.998537
97 91 0.998572
97 92 0.998609
97 93 0.998648
97 94 0.998689
97 95 0.998732
97 96 0.998777
97 97 0.998822
97 98 0.998869
97 99 0.998917
97 100 0.998967
97 101 0.999016
97 102 0.999067
97 103 0.999118
97 104 0.999169
97 105 0.999221
97 106 0.999273
97 107 0.999325
97 108 0.999377
97 109 0.999429
97 110 0.999482
97 111 0.999534
97 112 0.999586
97 113 0.999638
97 114 0.999689
97 115 0.99974
97 116 0.99979
97 117 0.999839
97 118 0.999886
97 119 0.999931
97 120 0.999972
97 121 1.00001
97 122 1.00004
97 123 1.00006
97 124 1.00008
97 125 1.00008
97 126 1.00008
97 127 1.00006

98 0 0
98 1 1.00089
98 2 1.00089
98 3 1.00088
98 4 1.00088
98 5 1.00088
98 6 1.00088
98 7 1.00088
98 8 1.00087
98 9 1.00087
98 10 1.00087
98 11 1.00087
98 12 1.00087
98 13 1.00086
98 14 1.00086
98 15 1.00086
98 16 1.00086
98 17 1.00085
98 18 1.00085
98 19 1.00085
98 20 1.00084
98 21 1.00084
98 22 1.00084
98 23 1.00083
98 24 1.00083
98 25 1.00082
98 26 1.00082
98 27 1.00081
98 28 1.0008
98 29 1.00079
98 30 1.00078
98 31 1.00077
98 32 1.00075
98 33 1.00073
98 34 1.00071
98 35 1.00069
98 36 1.00067
98 37 1.00064
98 38 1.00061
98 39 1.00057
98 40 1.00053
98 41 1.00049
98 42 1.00045
98 43 1.00039
98 44 1.00034
98 45 1.00028
98 46 1.00022
98 47 1.00015
98 48 1.00008
98 49 1.00001
98 50 0.999931
98 51 0.999852
98 52 0.999772
98 53 0.99969
98 54 0.999607
98 55 0.999524
98 56 0.999441
98 57 0.999359
98 58 0.999279
98 59 0.9992
98 60 0.999123
98 61 0.999049
98 62 0.998978
98 63 0.998911
98 64 0.998847
98 65 0.998787
98 66 0.998731
98 67 0.998679
98 68 0.998631
98 69 0.998588
98 70 0.998549
98 71 0.998514
98 72 0.998483
98 73 0.998457
98 74 0.998435
98 75 0.998417
98 76 0.998403
98 77 0.998394
98 78 0.998388
98 79 0.998386
98 80 0.998387
98 81 0.998393
98 82 0.998402
98 83 0.998414
98 84 0.998429
98 85 0.998448
98 86 0.99847
98 87 0.998495
98 88 0.998522
98 89 0.998553
98 90 0.998586
98 91 0.998621
98 92 0.998659
98 93 0.998699
98 94 0.998741
98 95 0.998785
98 96 0.998831
98 97 0.998878
98 98 0.998927
98 99 0.998977
98 100 0.999028
98 101 0.99908
98 102 0.999133
98 103 0.999186
98 104 0.99924
98 105 0.999295
98 106 0.99935
98 107 0.999406
98 108 0.999462
98 109 0.999518
98 110 0.999574
98 111 0.99963
98 112 0.999687
98 113 0.999743
98 114 0.999799
98 115 0.999855
98 116 0.99991
98 117 0.999963
98 118 1.00001
98 119 1.00006
98 120 1.00011
98 121 1.00015
98 122 1.00018
98 123 1.00021
98 124 1.00022
98 125 1.00023
98 126 1.00022
98 127 1.0002

99 0 0
99 1 1.00088
99 2 1.00088
99 3 1.00088
99 4 1.00088
99 5 1.00088
99 6 1.00087
99 7 1.00087
99 8 1.00087
99 9 1.00087
99 10 1.00087
99 11 1.00086
99 12 1.00086
99 13 1.00086
99 14 1.00086
99 15 1.00085
99 16 1.00085
99 17 1.00085
99 18 1.00085
99 19 1.00084
99 20 1.00084
99 21 1.00084
99 22 1.00083
99 23 1.00083
99 24 1.00082
99 25 1.00082
99 26 1.00081
99 27 1.00081
99 28 1.0008
99 29 1.00079
99 30 1.00078
99 31 1.00077
99 32 1.00075
99 33 1.00074
99 34 1.00072
99 35 1.0007
99 36 1.00068
99 37 1.00065
99 38 1.00063
99 39 1.00059
99 40 1.00056
99 41 1.00052
99 42 1.00048
99 43 1.00043
99 44 1.00038
99 45 1.00032
99 46 1.00026
99 47 1.0002
99 48 1.00014
99 49 1.00007
99 50 0.999993
99 51 0.999918
99 52 0.99984
99 53 0.999761
99 54 0.999681
99 55 0.9996
99 56 0.999518
99 57 0.999437
99 58 0.999357
99 59 0.999279
99 60 0.999202
99 61 0.999128
99 62 0.999056
99 63 0.998988
99 64 0.998923
99 65 0.998861
99 66 0.998804
99 67 0.99875
99 68 0.998701
99 69 0.998655
99 70 0.998615
99 71 0.998578
99 72 0.998546
99 73 0.998518
99 74 0.998494
99 75 0.998475
99 76 0.99846
99 77 0.998449
99 78 0.998442
99 79 0.998439
99 80 0.998439
99 81 0.998444
99 82 0.998452
99 83 0.998464
99 84 0.998479
99 85 0.998497
99 86 0.998519
99 87 0.998544
99 88 0.998572
99 89 0.998602
99 90 0.998636
99 91 0.998672
99 92 0.99871
99 93 0.998751
99 94 0.998794
99 95 0.998839
99 96 0.998886
99 97 0.998935
99 98 0.998986
99 99 0.999037
99 100 0.999091
99 101 0.999145
99 102 0.999201
99 103 0.999257
99 104 0.999314
99 105 0.999373
99 106 0.999432
99 107 0.999491
99 108 0.999551
99 109 0.999611
99 110 0.999672
99 111 0.999733
99 112 0.999795
99 113 0.999856
99 114 0.999918
99 115 0.999978
99 116 1.00004
99 117 1.0001
99 118 1.00015
99 119 1.00021
99 120 1.00025
99 121 1.0003
99 122 1.00033
99 123 1.00036
99 124 1.00038
99 125 1.00038
99 126 1.00038
99 127 1.00036

100 0 0
100 1 1.00088
100 2 1.00088
100 3 1.00087
100 4 1.00087
100 5 1.00087
100 6 1.00087
100 7 1.00087
100 8 1.00086
100 9 1.00086
100 10 1.00086
100 11 1.00086
100 12 1.00086
100 13 1.00085
100 14 1.00085
100 15 1.00085
100 16 1.00085
100 17 1.00085
100 18 1.00084
100 19 1.00084
100 20 1.00084
100 21 1.00083
100 22 1.00083
100 23 1.00083
100 24 1.00082
100 25 1.00082
100 26 1.00081
100 27 1.0008
100 28 1.0008
100 29 1.00079
100 30 1.00078
100 31 1.00077
100 32 1.00076
100 33 1.00074
100 34 1.00073
100 35 1.00071
100 36 1.00069
100 37 1.00067
100 38 1.00064
100 39 1.00061
100 40 1.00058
100 41 1.00055
100 42 1.00051
100 43 1.00046
100 44 1.00042
100 45 1.00036
100 46 1.00031
100 47 1.00025
100 48 1.00019
100 49 1.00012
100 50 1.00005
100 51 0.999982
100 52 0.999908
100 53 0.999832
100 54 0.999754
100 55 0.999675
100 56 0.999596
100 57 0.999516
100 58 0.999437
100 59 0.99936
100 60 0.999283
100 61 0.999209
100 62 0.999137
100 63 0.999068
100 64 0.999002
100 65 0.998939
100 66 0.99888
100 67 0.998825
100 68 0.998774
100 69 0.998727
100 70 0.998684
100 71 0.998646
100 72 0.998612
100 73 0.998582
100 74 0.998557
100 75 0.998536
100 76 0.998519
100 77 0.998507
100 78 0.998499
100 79 0.998494
100 80 0.998494
100 81 0.998497
100 82 0.998505
100 83 0.998516
100 84 0.99853
100 85 0.998548
100 86 0.99857
100 87 0.998595
100 88 0.998622
100 89 0.998653
100 90 0.998687
100 91 0.998724
100 92 0.998763
100 93 0.998805
100 94 0.998849
100 95 0.998895
100 96 0.998944
100 97 0.998994
100 98 0.999046
100 99 0.9991
100 100 0.999156
100 101 0.999213
100 102 0.999271
100 103 0.999331
100 104 0.999392
100 105 0.999454
100 106 0.999516
100 107 0.99958
100 108 0.999645
100 109 0.99971
100 110 0.999776
100 111 0.999843
100 112 0.99991
100 113 0.999977
100 114 1.00004
100 115 1.00011
100 116 1.00018
100 117 1.00024
100 118 1.0003
100 119 1.00036
100 120 1.00041
100 121 1.00046
100 122 1.0005
100 123 1.00053
100 124 1.00055
100 125 1.00056
100 126 1.00055
100 127 1.00052

101 0 0
101 1 1.00087
101 2 1.00087
101 3 1.00087
101 4 1.00087
101 5 1.00087
101 6 1.00086
101 7 1.00086
101 8 1.00086
101 9 1.00086
101 10 1.00086
101 11 1.00085
101 12 1.00085
101 13 1.00085
101 14 1.00085
101 15 1.00085
101 16 1.00084
101 17 1.00084
101 18 1.00084
101 19 1.00083
101 20 1.00083
101 21 1.00083
101 22 1.00083
101 23 1.00082
101 24 1.00082
101 25 1.00081
101 26 1.00081
101 27 1.0008
101 28 1.0008
101 29 1.00079
101 30 1.00078
101 31 1.00077
101 32 1.00076
101 33 1.00075
101 34 1.00073
101 35 1.00072
101 36 1.0007
101 37 1.00068
101 38 1.00066
101 39 1.00063
101 40 1.0006
101 41 1.00057
101 42 1.00053
101 43 1.00049
101 44 1.00045
101 45 1.0004
101 46 1.00035
101 47 1.0003
101 48 1.00024
101 49 1.00018
101 50 1.00011
101 51 1.00005
101 52 0.999974
101 53 0.999902
101 54 0.999827
101 55 0.999751
101 56 0.999673
101 57 0.999596
101 58 0.999519
101 59 0.999442
101 60 0.999366
101 61 0.999292
101 62 0.99922
101 63 0.99915
101 64 0.999083
101 65 0.99902
101 66 0.99896
101 67 0.998903
101 68 0.99885
101 69 0.998802
101 70 0.998757
101 71 0.998717
101 72 0.998681
101 73 0.99865
101 74 0.998623
101 75 0.9986
101 76 0.998582
101 77 0.998568
101 78 0.998558
101 79 0.998552
101 80 0.998551
101 81 0.998553
101 82 0.99856
101 83 0.99857
101 84 0.998584
101 85 0.998601
101 86 0.998622
101 87 0.998647
101 88 0.998675
101 89 0.998706
101 90 0.99874
101 91 0.998777
101 92 0.998817
101 93 0.998859
101 94 0.998905
101 95 0.998952
101 96 0.999002
101 97 0.999055
101 98 0.999109
101 99 0.999165
101 100 0.999223
101 101 0.999283
101 102 0.999345
101 103 0.999408
101 104 0.999472
101 105 0.999538
101 106 0.999606
101 107 0.999674
101 108 0.999744
101 109 0.999814
101 110 0.999887
101 111 0.999959
101 112 1.00003
101 113 1.00011
101 114 1.00018
101 115 1.00025
101 116 1.00033
101 117 1.0004
101 118 1.00046
101 119 1.00053
101 120 1.00059
101 121 1.00064
101 122 1.00068
101 123 1.00071
101 124 1.00074
101 125 1.00074
101 126 1.00073
101 127 1.00071

102 0 0
102 1 1.00087
102 2 1.00086
102 3 1.00086
102 4 1.00086
102 5 1.00086
102 6 1.00086
102 7 1.00086
102 8 1.00086
102 9 1.00085
102 10 1.00085
102 11 1.00085
102 12 1.00085
102 13 1.00085
102 14 1.00084
102 15 1.00084
102 16 1.00084
102 17 1.00084
102 18 1.00083
102 19 1.00083
102 20 1.00083
102 21 1.00082
102 22 1.00082
102 23 1.00082
102 24 1.00081
102 25 1.00081
102 26 1.0008
102 27 1.0008
102 28 1.00079
102 29 1.00079
102 30 1.00078
102 31 1.00077
102 32 1.00076
102 33 1.00075
102 34 1.00074
102 35 1.00072
102 36 1.00071
102 37 1.00069
102 38 1.00067
102 39 1.00064
102 40 1.00062
102 41 1.00059
102 42 1.00056
102 43 1.00052
102 44 1.00048
102 45 1.00044
102 46 1.00039
102 47 1.00034
102 48 1.00029
102 49 1.00023
102 50 1.00017
102 51 1.00011
102 52 1.00004
102 53 0.999969
102 54 0.999898
102 55 0.999825
102 56 0.999751
102 57 0.999675
102 58 0.9996
102 59 0.999525
102 60 0.99945
102 61 0.999377
102 62 0.999305
102 63 0.999235
102 64 0.999168
102 65 0.999104
102 66 0.999042
102 67 0.998985
102 68 0.998931
102 69 0.99888
102 70 0.998834
102 71 0.998792
102 72 0.998755
102 73 0.998721
102 74 0.998692
102 75 0.998668
102 76 0.998648
102 77 0.998632
102 78 0.99862
102 79 0.998613
102 80 0.99861
102 81 0.998611
102 82 0.998617
102 83 0.998626
102 84 0.998639
102 85 0.998656
102 86 0.998677
102 87 0.998701
102 88 0.998729
102 89 0.99876
102 90 0.998794
102 91 0.998832
102 92 0.998872
102 93 0.998916
102 94 0.998962
102 95 0.999011
102 96 0.999063
102 97 0.999117
102 98 0.999173
102 99 0.999232
102 100 0.999293
102 101 0.999356
102 102 0.999421
102 103 0.999488
102 104 0.999556
102 105 0.999627
102 106 0.999699
102 107 0.999773
102 108 0.999848
102 109 0.999925
102 110 1
102 111 1.00008
102 112 1.00016
102 113 1.00024
102 114 1.00033
102 115 1.00041
102 116 1.00049
102 117 1.00056
102 118 1.00064
102 119 1.00071
102 120 1.00078
102 121 1.00083
102 122 1.00088
102 123 1.00092
102 124 1.00094
102 125 1.00094
102 126 1.00093
102 127 1.00091

103 0 0
103 1 1.00086
103 2 1.00086
103 3 1.00086
103 4 1.00086
103 5 1.00086
103 6 1.00085
103 7 1.00085
103 8 1.00085
103 9 1.00085
103 10 1.00085
103 11 1.00085
103 12 1.00084
103 13 1.00084
103 14 1.00084
103 15 1.00084
103 16 1.00083
103 17 1.00083
103 18 1.00083
103 19 1.00083
103 20 1.00082
103 21 1.00082
103 22 1.00082
103 23 1.00081
103 24 1.00081
103 25 1.00081
103 26 1.0008
103 27 1.0008
103 28 1.00079
103 29 1.00078
103 30 1.00078
103 31 1.00077
103 32 1.00076
103 33 1.00075
103 34 1.00074
103 35 1.00073
103 36 1.00071
103 37 1.0007
103 38 1.00068
103 39 1.00066
103 40 1.00063
103 41 1.00061
103 42 1.00058
103 43 1.00055
103 44 1.00051
103 45 1.00047
103 46 1.00043
103 47 1.00038
103 48 1.00033
103 49 1.00028
103 50 1.00022
103 51 1.00016
103 52 1.0001
103 53 1.00003
103 54 0.999967
103 55 0.999898
103 56 0.999826
103 57 0.999754
103 58 0.999681
103 59 0.999607
103 60 0.999534
103 61 0.999462
103 62 0.999391
103 63 0.999322
103 64 0.999255
103 65 0.99919
103 66 0.999128
103 67 0.999069
103 68 0.999014
103 69 0.998962
103 70 0.998914
103 71 0.998871
103 72 0.998831
103 73 0.998796
103 74 0.998765
103 75 0.998739
103 76 0.998717
103 77 0.998699
103 78 0.998686
103 79 0.998677
103 80 0.998673
103 81 0.998673
103 82 0.998677
103 83 0.998685
103 84 0.998697
103 85 0.998713
103 86 0.998733
103 87 0.998757
103 88 0.998785
103 89 0.998816
103 90 0.99885
103 91 0.998888
103 92 0.998929
103 93 0.998974
103 94 0.999021
103 95 0.999072
103 96 0.999125
103 97 0.999181
103 98 0.99924
103 99 0.999301
103 100 0.999365
103 101 0.999431
103 102 0.9995
103 103 0.999571
103 104 0.999644
103 105 0.99972
103 106 0.999797
103 107 0.999876
103 108 0.999958
103 109 1.00004
103 110 1.00013
103 111 1.00021
103 112 1.0003
103 113 1.00039
103 114 1.00048
103 115 1.00057
103 116 1.00066
103 117 1.00074
103 118 1.00083
103 119 1.00091
103 120 1.00098
103 121 1.00104
103 122 1.00109
103 123 1.00113
103 124 1.00116
103 125 1.00116
103 126 1.00115
103 127 1.00112

104 0 0
104 1 1.00085
104 2 1.00085
104 3 1.00085
104 4 1.00085
104 5 1.00085
104 6 1.00085
104 7 1.00085
104 8 1.00085
104 9 1.00084
104 10 1.00084
104 11 1.00084
104 12 1.00084
104 13 1.00084
104 14 1.00083
104 15 1.00083
104 16 1.00083
104 17 1.00083
104 18 1.00082
104 19 1.00082
104 20 1.00082
104 21 1.00082
104 22 1.00081
104 23 1.00081
104 24 1.00081
104 25 1.0008
104 26 1.0008
104 27 1.00079
104 28 1.00079
104 29 1.00078
104 30 1.00078
104 31 1.00077
104 32 1.00076
104 33 1.00075
104 34 1.00074
104 35 1.00073
104 36 1.00072
104 37 1.0007
104 38 1.00069
104 39 1.00067
104 40 1.00065
104 41 1.00062
104 42 1.0006
104 43 1.00057
104 44 1.00053
104 45 1.0005
104 46 1.00046
104 47 1.00042
104 48 1.00037
104 49 1.00032
104 50 1.00027
104 51 1.00022
104 52 1.00016
104 53 1.0001
104 54 1.00003
104 55 0.999968
104 56 0.9999
104 57 0.999831
104 58 0.99976
104 59 0.999689
104 60 0.999618
104 61 0.999548
104 62 0.999478
104 63 0.999409
104 64 0.999343
104 65 0.999278
104 66 0.999216
104 67 0.999156
104 68 0.9991
104 69 0.999047
104 70 0.998998
104 71 0.998953
104 72 0.998911
104 73 0.998874
104 74 0.998842
104 75 0.998813
104 76 0.99879
104 77 0.99877
104 78 0.998755
104 79 0.998745
104 80 0.998738
104 81 0.998737
104 82 0.998739
104 83 0.998746
104 84 0.998757
104 85 0.998773
104 86 0.998792
104 87 0.998815
104 88 0.998842
104 89 0.998873
104 90 0.998908
104 91 0.998946
104 92 0.998988
104 93 0.999034
104 94 0.999082
104 95 0.999134
104 96 0.999189
104 97 0.999247
104 98 0.999308
104 99 0.999372
104 100 0.999439
104 101 0.999509
104 102 0.999582
104 103 0.999657
104 104 0.999735
104 105 0.999816
104 106 0.999899
104 107 0.999986
104 108 1.00007
104 109 1.00016
104 110 1.00026
104 111 1.00035
104 112 1.00045
104 113 1.00055
104 114 1.00065
104 115 1.00075
104 116 1.00084
104 117 1.00094
104 118 1.00103
104 119 1.00112
104 120 1.0012
104 121 1.00127
104 122 1.00133
104 123 1.00137
104 124 1.0014
104 125 1.0014
104 126 1.00139
104 127 1.00136

105 0 0
105 1 1.00085
105 2 1.00085
105 3 1.00085
105 4 1.00085
105 5 1.00085
105 6 1.00084
105 7 1.00084
105 8 1.00084
105 9 1.00084
105 10 1.00084
105 11 1.00084
105 12 1.00083
105 13 1.00083
105 14 1.00083
105 15 1.00083
105 16 1.00083
105 17 1.00082
105 18 1.00082
105 19 1.00082
105 20 1.00081
105 21 1.00081
105 22 1.00081
105 23 1.0008
105 24 1.0008
105 25 1.0008
105 26 1.00079
105 27 1.00079
105 28 1.00078
105 29 1.00078
105 30 1.00077
105 31 1.00077
105 32 1.00076
105 33 1.00075
105 34 1.00074
105 35 1.00073
105 36 1.00072
105 37 1.00071
105 38 1.00069
105 39 1.00068
105 40 1.00066
105 41 1.00064
105 42 1.00061
105 43 1.00059
105 44 1.00056
105 45 1.00052
105 46 1.00049
105 47 1.00045
105 48 1.00041
105 49 1.00037
105 50 1.00032
105 51 1.00027
105 52 1.00021
105 53 1.00016
105 54 1.0001
105 55 1.00003
105 56 0.99997
105 57 0.999904
105 58 0.999837
105 59 0.999769
105 60 0.999701
105 61 0.999632
105 62 0.999564
105 63 0.999497
105 64 0.999431
105 65 0.999367
105 66 0.999305
105 67 0.999245
105 68 0.999188
105 69 0.999135
105 70 0.999084
105 71 0.999038
105 72 0.998995
105 73 0.998956
105 74 0.998922
105 75 0.998892
105 76 0.998866
105 77 0.998844
105 78 0.998828
105 79 0.998815
105 80 0.998807
105 81 0.998804
105 82 0.998805
105 83 0.998811
105 84 0.998821
105 85 0.998835
105 86 0.998853
105 87 0.998876
105 88 0.998903
105 89 0.998934
105 90 0.998968
105 91 0.999007
105 92 0.999049
105 93 0.999095
105 94 0.999145
105 95 0.999198
105 96 0.999255
105 97 0.999315
105 98 0.999379
105 99 0.999446
105 100 0.999516
105 101 0.99959
105 102 0.999667
105 103 0.999747
105 104 0.99983
105 105 0.999917
105 106 1.00001
105 107 1.0001
105 108 1.0002
105 109 1.00029
105 110 1.0004
105 111 1.0005
105 112 1.00061
105 113 1.00072
105 114 1.00083
105 115 1.00093
105 116 1.00104
105 117 1.00115
105 118 1.00125
105 119 1.00135
105 120 1.00144
105 121 1.00152
105 122 1.00158
105 123 1.00163
105 124 1.00166
105 125 1.00167
105 126 1.00165
105 127 1.00161

106 0 0
106 1 1.00084
106 2 1.00084
106 3 1.00084
106 4 1.00084
106 5 1.00084
106 6 1.00084
106 7 1.00084
106 8 1.00084
106 9 1.00084
106 10 1.00083
106 11 1.00083
106 12 1.00083
106 13 1.00083
106 14 1.00083
106 15 1.00082
106 16 1.00082
106 17 1.00082
106 18 1.00082
106 19 1.00081
106 20 1.00081
106 21 1.00081
106 22 1.0008
106 23 1.0008
106 24 1.0008
106 25 1.00079
106 26 1.00079
106 27 1.00079
106 28 1.00078
106 29 1.00078
106 30 1.00077
106 31 1.00076
106 32 1.00076
106 33 1.00075
106 34 1.00074
106 35 1.00073
106 36 1.00072
106 37 1.00071
106 38 1.0007
106 39 1.00068
106 40 1.00066
106 41 1.00065
106 42 1.00062
106 43 1.0006
106 44 1.00057
106 45 1.00055
106 46 1.00051
106 47 1.00048
106 48 1.00044
106 49 1.0004
106 50 1.00036
106 51 1.00031
106 52 1.00026
106 53 1.00021
106 54 1.00015
106 55 1.0001
106 56 1.00004
106 57 0.999975
106 58 0.999911
106 59 0.999847
106 60 0.999781
106 61 0.999715
106 62 0.999649
106 63 0.999584
106 64 0.999519
106 65 0.999456
106 66 0.999394
106 67 0.999335
106 68 0.999278
106 69 0.999224
106 70 0.999173
106 71 0.999125
106 72 0.999081
106 73 0.999041
106 74 0.999005
106 75 0.998973
106 76 0.998945
106 77 0.998922
106 78 0.998904
106 79 0.998889
106 80 0.99888
106 81 0.998875
106 82 0.998874
106 83 0.998878
106 84 0.998887
106 85 0.9989
106 86 0.998918
106 87 0.998939
106 88 0.998966
106 89 0.998996
106 90 0.999031
106 91 0.99907
106 92 0.999112
106 93 0.999159
106 94 0.99921
106 95 0.999265
106 96 0.999323
106 97 0.999386
106 98 0.999452
106 99 0.999522
106 100 0.999596
106 101 0.999674
106 102 0.999755
106 103 0.99984
106 104 0.999929
106 105 1.00002
106 106 1.00012
106 107 1.00022
106 108 1.00032
106 109 1.00043
106 110 1.00054
106 111 1.00066
106 112 1.00078
106 113 1.0009
106 114 1.00101
106 115 1.00114
106 116 1.00126
106 117 1.00138
106 118 1.00149
106 119 1.0016
106 120 1.0017
106 121 1.00178
106 122 1.00185
106 123 1.00191
106 124 1.00194
106 125 1.00195
106 126 1.00194
106 127 1.00189

107 0 0
107 1 1.00084
107 2 1.00084
107 3 1.00084
107 4 1.00084
107 5 1.00084
107 6 1.00084
107 7 1.00084
107 8 1.00083
107 9 1.00083
107 10 1.00083
107 11 1.00083
107 12 1.00083
107 13 1.00082
107 14 1.00082
107 15 1.00082
107 16 1.00082
107 17 1.00081
107 18 1.00081
107 19 1.00081
107 20 1.00081
107 21 1.0008
107 22 1.0008
107 23 1.0008
107 24 1.00079
107 25 1.00079
107 26 1.00079
107 27 1.00078
107 28 1.00078
107 29 1.00077
107 30 1.00077
107 31 1.00076
107 32 1.00076
107 33 1.00075
107 34 1.00074
107 35 1.00073
107 36 1.00072
107 37 1.00071
107 38 1.0007
107 39 1.00069
107 40 1.00067
107 41 1.00065
107 42 1.00063
107 43 1.00061
107 44 1.00059
107 45 1.00056
107 46 1.00054
107 47 1.0005
107 48 1.00047
107 49 1.00043
107 50 1.00039
107 51 1.00035
107 52 1.00031
107 53 1.00026
107 54 1.00021
107 55 1.00015
107 56 1.0001
107 57 1.00004
107 58 0.999981
107 59 0.99992
107 60 0.999858
107 61 0.999795
107 62 0.999732
107 63 0.999669
107 64 0.999606
107 65 0.999544
107 66 0.999484
107 67 0.999425
107 68 0.999368
107 69 0.999314
107 70 0.999263
107 71 0.999214
107 72 0.99917
107 73 0.999128
107 74 0.999091
107 75 0.999057
107 76 0.999028
107 77 0.999003
107 78 0.998983
107 79 0.998967
107 80 0.998955
107 81 0.998949
107 82 0.998947
107 83 0.998949
107 84 0.998956
107 85 0.998968
107 86 0.998985
107 87 0.999006
107 88 0.999031
107 89 0.999061
107 90 0.999096
107 91 0.999135
107 92 0.999178
107 93 0.999226
107 94 0.999278
107 95 0.999334
107 96 0.999394
107 97 0.999459
107 98 0.999528
107 99 0.999601
107 100 0.999679
107 101 0.999761
107 102 0.999847
107 103 0.999937
107 104 1.00003
107 105 1.00013
107 106 1.00024
107 107 1.00034
107 108 1.00046
107 109 1.00058
107 110 1.0007
107 111 1.00082
107 112 1.00095
107 113 1.00108
107 114 1.00122
107 115 1.00136
107 116 1.00149
107 117 1.00162
107 118 1.00175
107 119 1.00187
107 120 1.00198
107 121 1.00207
107 122 1.00216
107 123 1.00221
107 124 1.00225
107 125 1.00226
107 126 1.00225
107 127 1.0022

108 0 0
108 1 1.00083
108 2 1.00083
108 3 1.00083
108 4 1.00083
108 5 1.00083
108 6 1.00083
108 7 1.00083
108 8 1.00083
108 9 1.00083
108 10 1.00083
108 11 1.00083
108 12 1.00082
108 13 1.00082
108 14 1.00082
108 15 1.00082
108 16 1.00081
108 17 1.00081
108 18 1.00081
108 19 1.00081
108 20 1.0008
108 21 1.0008
108 22 1.0008
108 23 1.00079
108 24 1.00079
108 25 1.00079
108 26 1.00078
108 27 1.00078
108 28 1.00077
108 29 1.00077
108 30 1.00076
108 31 1.00076
108 32 1.00075
108 33 1.00075
108 34 1.00074
108 35 1.00073
108 36 1.00072
108 37 1.00071
108 38 1.0007
108 39 1.00069
108 40 1.00067
108 41 1.00066
108 42 1.00064
108 43 1.00062
108 44 1.0006
108 45 1.00058
108 46 1.00055
108 47 1.00053
108 48 1.00049
108 49 1.00046
108 50 1.00043
108 51 1.00039
108 52 1.00035
108 53 1.0003
108 54 1.00026
108 55 1.00021
108 56 1.00015
108 57 1.0001
108 58 1.00005
108 59 0.999989
108 60 0.99993
108 61 0.999871
108 62 0.999811
108 63 0.99975
108 64 0.99969
108 65 0.99963
108 66 0.999571
108 67 0.999514
108 68 0.999458
108 69 0.999404
108 70 0.999353
108 71 0.999305
108 72 0.999259
108 73 0.999217
108 74 0.999179
108 75 0.999144
108 76 0.999113
108 77 0.999087
108 78 0.999065
108 79 0.999047
108 80 0.999034
108 81 0.999026
108 82 0.999022
108 83 0.999023
108 84 0.999029
108 85 0.999039
108 86 0.999055
108 87 0.999075
108 88 0.9991
108 89 0.999129
108 90 0.999164
108 91 0.999203
108 92 0.999246
108 93 0.999294
108 94 0.999347
108 95 0.999405
108 96 0.999467
108 97 0.999534
108 98 0.999606
108 99 0.999683
108 100 0.999764
108 101 0.99985
108 102 0.999941
108 103 1.00004
108 104 1.00014
108 105 1.00025
108 106 1.00036
108 107 1.00048
108 108 1.0006
108 109 1.00073
108 110 1.00086
108 111 1.001
108 112 1.00114
108 113 1.00129
108 114 1.00144
108 115 1.00159
108 116 1.00173
108 117 1.00188
108 118 1.00203
108 119 1.00216
108 120 1.00228
108 121 1.00239
108 122 1.00248
108 123 1.00255
108 124 1.00259
108 125 1.0026
108 126 1.00258
108 127 1.00253

109 0 0
109 1 1.00083
109 2 1.00083
109 3 1.00083
109 4 1.00083
109 5 1.00083
109 6 1.00083
109 7 1.00083
109 8 1.00083
109 9 1.00083
109 10 1.00082
109 11 1.00082
109 12 1.00082
109 13 1.00082
109 14 1.00082
109 15 1.00081
109 16 1.00081
109 17 1.00081
109 18 1.0008
109 19 1.0008
109 20 1.0008
109 21 1.0008
109 22 1.00079
109 23 1.00079
109 24 1.00079
109 25 1.00078
109 26 1.00078
109 27 1.00077
109 28 1.00077
109 29 1.00076
109 30 1.00076
109 31 1.00075
109 32 1.00075
109 33 1.00074
109 34 1.00074
109 35 1.00073
109 36 1.00072
109 37 1.00071
109 38 1.0007
109 39 1.00069
109 40 1.00068
109 41 1.00066
109 42 1.00065
109 43 1.00063
109 44 1.00061
109 45 1.00059
109 46 1.00057
109 47 1.00054
109 48 1.00051
109 49 1.00048
109 50 1.00045
109 51 1.00042
109 52 1.00038
109 53 1.00034
109 54 1.0003
109 55 1.00025
109 56 1.00021
109 57 1.00016
109 58 1.0001
109 59 1.00005
109 60 0.999997
109 61 0.999941
109 62 0.999884
109 63 0.999827
109 64 0.99977
109 65 0.999713
109 66 0.999656
109 67 0.9996
109 68 0.999546
109 69 0.999493
109 70 0.999443
109 71 0.999394
109 72 0.999349
109 73 0.999307
109 74 0.999267
109 75 0.999232
109 76 0.9992
109 77 0.999173
109 78 0.999149
109 79 0.99913
109 80 0.999116
109 81 0.999106
109 82 0.9991
109 83 0.9991
109 84 0.999104
109 85 0.999114
109 86 0.999128
109 87 0.999147
109 88 0.999171
109 89 0.9992
109 90 0.999234
109 91 0.999273
109 92 0.999317
109 93 0.999366
109 94 0.99942
109 95 0.999479
109 96 0.999543
109 97 0.999612
109 98 0.999687
109 99 0.999767
109 100 0.999852
109 101 0.999943
109 102 1.00004
109 103 1.00014
109 104 1.00025
109 105 1.00036
109 106 1.00049
109 107 1.00061
109 108 1.00074
109 109 1.00089
109 110 1.00103
109 111 1.00118
109 112 1.00134
109 113 1.00151
109 114 1.00167
109 115 1.00183
109 116 1.002
109 117 1.00217
109 118 1.00232
109 119 1.00247
109 120 1.00262
109 121 1.00274
109 122 1.00283
109 123 1.00291
109 124 1.00296
109 125 1.00297
109 126 1.00295
109 127 1.00289

110 0 0
110 1 1.00083
110 2 1.00083
110 3 1.00083
110 4 1.00083
110 5 1.00083
110 6 1.00083
110 7 1.00082
110 8 1.00082
110 9 1.00082
110 10 1.00082
110 11 1.00082
110 12 1.00082
110 13 1.00081
110 14 1.00081
110 15 1.00081
110 16 1.00081
110 17 1.0008
110 18 1.0008
110 19 1.0008
110 20 1.0008
110 21 1.00079
110 22 1.00079
110 23 1.00079
110 24 1.00078
110 25 1.00078
110 26 1.00077
110 27 1.00077
110 28 1.00076
110 29 1.00076
110 30 1.00076
110 31 1.00075
110 32 1.00074
110 33 1.00074
110 34 1.00073
110 35 1.00072
110 36 1.00072
110 37 1.00071
110 38 1.0007
110 39 1.00069
110 40 1.00068
110 41 1.00066
110 42 1.00065
110 43 1.00063
110 44 1.00062
110 45 1.0006
110 46 1.00058
110 47 1.00055
110 48 1.00053
110 49 1.0005
110 50 1.00047
110 51 1.00044
110 52 1.00041
110 53 1.00037
110 54 1.00033
110 55 1.00029
110 56 1.00025
110 57 1.0002
110 58 1.00016
110 59 1.00011
110 60 1.00006
110 61 1.00001
110 62 0.999952
110 63 0.999899
110 64 0.999845
110 65 0.99979
110 66 0.999736
110 67 0.999683
110 68 0.99963
110 69 0.999579
110 70 0.99953
110 71 0.999482
110 72 0.999438
110 73 0.999395
110 74 0.999356
110 75 0.99932
110 76 0.999288
110 77 0.99926
110 78 0.999235
110 79 0.999215
110 80 0.999199
110 81 0.999188
110 82 0.999181
110 83 0.999179
110 84 0.999183
110 85 0.999191
110 86 0.999204
110 87 0.999222
110 88 0.999245
110 89 0.999274
110 90 0.999307
110 91 0.999346
110 92 0.99939
110 93 0.99944
110 94 0.999495
110 95 0.999555
110 96 0.999622
110 97 0.999693
110 98 0.999771
110 99 0.999854
110 100 0.999943
110 101 1.00004
110 102 1.00014
110 103 1.00025
110 104 1.00037
110 105 1.00049
110 106 1.00062
110 107 1.00075
110 108 1.0009
110 109 1.00105
110 110 1.00121
110 111 1.00137
110 112 1.00155
110 113 1.00173
110 114 1.0019
110 115 1.0021
110 116 1.00229
110 117 1.00246
110 118 1.00264
110 119 1.00282
110 120 1.00297
110 121 1.0031
110 122 1.00322
110 123 1.00331
110 124 1.00336
110 125 1.00338
110 126 1.00336
110 127 1.00329

111 0 0
111 1 1.00082
111 2 1.00082
111 3 1.00082
111 4 1.00082
111 5 1.00082
111 6 1.00082
111 7 1.00082
111 8 1.00082
111 9 1.00082
111 10 1.00082
111 11 1.00082
111 12 1.00081
111 13 1.00081
111 14 1.00081
111 15 1.00081
111 16 1.0008
111 17 1.0008
111 18 1.0008
111 19 1.0008
111 20 1.00079
111 21 1.00079
111 22 1.00079
111 23 1.00078
111 24 1.00078
111 25 1.00077
111 26 1.00077
111 27 1.00077
111 28 1.00076
111 29 1.00076
111 30 1.00075
111 31 1.00075
111 32 1.00074
111 33 1.00073
111 34 1.00073
111 35 1.00072
111 36 1.00071
111 37 1.0007
111 38 1.0007
111 39 1.00069
111 40 1.00067
111 41 1.00066
111 42 1.00065
111 43 1.00064
111 44 1.00062
111 45 1.0006
111 46 1.00058
111 47 1.00056
111 48 1.00054
111 49 1.00052
111 50 1.00049
111 51 1.00046
111 52 1.00043
111 53 1.0004
111 54 1.00036
111 55 1.00033
111 56 1.00029
111 57 1.00025
111 58 1.0002
111 59 1.00016
111 60 1.00011
111 61 1.00006
111 62 1.00001
111 63 0.999964
111 64 0.999913
111 65 0.999862
111 66 0.999811
111 67 0.99976
111 68 0.99971
111 69 0.999661
111 70 0.999613
111 71 0.999567
111 72 0.999523
111 73 0.999482
111 74 0.999443
111 75 0.999407
111 76 0.999375
111 77 0.999346
111 78 0.999321
111 79 0.9993
111 80 0.999284
111 81 0.999271
111 82 0.999264
111 83 0.999261
111 84 0.999263
111 85 0.99927
111 86 0.999282
111 87 0.999299
111 88 0.999322
111 89 0.99935
111 90 0.999383
111 91 0.999422
111 92 0.999466
111 93 0.999517
111 94 0.999573
111 95 0.999634
111 96 0.999702
111 97 0.999776
111 98 0.999857
111 99 0.999944
111 100 1.00004
111 101 1.00014
111 102 1.00024
111 103 1.00036
111 104 1.00048
111 105 1.00061
111 106 1.00075
111 107 1.0009
111 108 1.00106
111 109 1.00122
111 110 1.00139
111 111 1.00158
111 112 1.00177
111 113 1.00196
111 114 1.00217
111 115 1.00238
111 116 1.00258
111 117 1.00278
111 118 1.003
111 119 1.00318
111 120 1.00335
111 121 1.00352
111 122 1.00365
111 123 1.00374
111 124 1.0038
111 125 1.00383
111 126 1.0038
111 127 1.00373

112 0 0
112 1 1.00082
112 2 1.00082
112 3 1.00082
112 4 1.00082
112 5 1.00082
112 6 1.00082
112 7 1.00082
112 8 1.00082
112 9 1.00082
112 10 1.00081
112 11 1.00081
112 12 1.00081
112 13 1.00081
112 14 1.00081
112 15 1.0008
112 16 1.0008
112 17 1.0008
112 18 1.0008
112 19 1.00079
112 20 1.00079
112 21 1.00079
112 22 1.00078
112 23 1.00078
112 24 1.00077
112 25 1.00077
112 26 1.00077
112 27 1.00076
112 28 1.00076
112 29 1.00075
112 30 1.00075
112 31 1.00074
112 32 1.00074
112 33 1.00073
112 34 1.00072
112 35 1.00072
112 36 1.00071
112 37 1.0007
112 38 1.00069
112 39 1.00068
112 40 1.00067
112 41 1.00066
112 42 1.00065
112 43 1.00064
112 44 1.00062
112 45 1.0006
112 46 1.00059
112 47 1.00057
112 48 1.00055
112 49 1.00053
112 50 1.0005
112 51 1.00048
112 52 1.00045
112 53 1.00042
112 54 1.00039
112 55 1.00035
112 56 1.00032
112 57 1.00028
112 58 1.00024
112 59 1.0002
112 60 1.00016
112 61 1.00011
112 62 1.00007
112 63 1.00002
112 64 0.999974
112 65 0.999926
112 66 0.999878
112 67 0.99983
112 68 0.999783
112 69 0.999737
112 70 0.999691
112 71 0.999647
112 72 0.999605
112 73 0.999565
112 74 0.999527
112 75 0.999492
112 76 0.99946
112 77 0.999431
112 78 0.999406
112 79 0.999385
112 80 0.999368
112 81 0.999355
112 82 0.999346
112 83 0.999343
112 84 0.999344
112 85 0.99935
112 86 0.999361
112 87 0.999378
112 88 0.9994
112 89 0.999427
112 90 0.999461
112 91 0.999499
112 92 0.999544
112 93 0.999595
112 94 0.999652
112 95 0.999716
112 96 0.999785
112 97 0.999862
112 98 0.999945
112 99 1.00004
112 100 1.00013
112 101 1.00024
112 102 1.00035
112 103 1.00047
112 104 1.0006
112 105 1.00074
112 106 1.00089
112 107 1.00105
112 108 1.00122
112 109 1.0014
112 110 1.00159
112 111 1.00179
112 112 1.00199
112 113 1.00222
112 114 1.00245
112 115 1.00266
112 116 1.00289
112 117 1.00315
112 118 1.00337
112 119 1.00356
112 120 1.00378
112 121 1.00397
112 122 1.0041
112 123 1.00421
112 124 1.00429
112 125 1.00431
112 126 1.00429
112 127 1.0042

113 0 0
113 1 1.00081
113 2 1.00082
113 3 1.00082
113 4 1.00082
113 5 1.00082
113 6 1.00082
113 7 1.00082
113 8 1.00081
113 9 1.00081
113 10 1.00081
113 11 1.00081
113 12 1.00081
113 13 1.00081
113 14 1.0008
113 15 1.0008
113 16 1.0008
113 17 1.0008
113 18 1.00079
113 19 1.00079
113 20 1.00079
113 21 1.00078
113 22 1.00078
113 23 1.00077
113 24 1.00077
113 25 1.00077
113 26 1.00076
113 27 1.00076
113 28 1.00075
113 29 1.00075
113 30 1.00074
113 31 1.00074
113 32 1.00073
113 33 1.00073
113 34 1.00072
113 35 1.00071
113 36 1.0007
113 37 1.0007
113 38 1.00069
113 39 1.00068
113 40 1.00067
113 41 1.00066
113 42 1.00065
113 43 1.00063
113 44 1.00062
113 45 1.0006
113 46 1.00059
113 47 1.00057
113 48 1.00055
113 49 1.00053
113 50 1.00051
113 51 1.00049
113 52 1.00046
113 53 1.00043
113 54 1.0004
113 55 1.00037
113 56 1.00034
113 57 1.00031
113 58 1.00027
113 59 1.00023
113 60 1.00019
113 61 1.00015
113 62 1.00011
113 63 1.00007
113 64 1.00003
113 65 0.999982
113 66 0.999938
113 67 0.999893
113 68 0.999849
113 69 0.999805
113 70 0.999762
113 71 0.999721
113 72 0.99968
113 73 0.999642
113 74 0.999606
113 75 0.999572
113 76 0.999541
113 77 0.999513
113 78 0.999488
113 79 0.999467
113 80 0.99945
113 81 0.999436
113 82 0.999428
113 83 0.999424
113 84 0.999424
113 85 0.99943
113 86 0.999441
113 87 0.999457
113 88 0.999479
113 89 0.999506
113 90 0.999539
113 91 0.999578
113 92 0.999624
113 93 0.999675
113 94 0.999733
113 95 0.999798
113 96 0.99987
113 97 0.999949
113 98 1.00004
113 99 1.00013
113 100 1.00023
113 101 1.00034
113 102 1.00046
113 103 1.00059
113 104 1.00073
113 105 1.00088
113 106 1.00104
113 107 1.0012
113 108 1.00139
113 109 1.00159
113 110 1.00179
113 111 1.002
113 112 1.00224
113 113 1.00248
113 114 1.00271
113 115 1.00297
113 116 1.00326
113 117 1.0035
113 118 1.00373
113 119 1.00401
113 120 1.00426
113 121 1.00442
113 122 1.00459
113 123 1.00475
113 124 1.00483
113 125 1.00484
113 126 1.00482
113 127 1.00474

114 0 0
114 1 1.00081
114 2 1.00081
114 3 1.00081
114 4 1.00081
114 5 1.00081
114 6 1.00081
114 7 1.00081
114 8 1.00081
114 9 1.00081
114 10 1.00081
114 11 1.00081
114 12 1.00081
114 13 1.0008
114 14 1.0008
114 15 1.0008
114 16 1.0008
114 17 1.00079
114 18 1.00079
114 19 1.00079
114 20 1.00078
114 21 1.00078
114 22 1.00078
114 23 1.00077
114 24 1.00077
114 25 1.00076
114 26 1.00076
114 27 1.00075
114 28 1.00075
114 29 1.00074
114 30 1.00074
114 31 1.00073
114 32 1.00073
114 33 1.00072
114 34 1.00071
114 35 1.00071
114 36 1.0007
114 37 1.00069
114 38 1.00068
114 39 1.00067
114 40 1.00066
114 41 1.00065
114 42 1.00064
114 43 1.00063
114 44 1.00062
114 45 1.0006
114 46 1.00059
114 47 1.00057
114 48 1.00055
114 49 1.00053
114 50 1.00051
114 51 1.00049
114 52 1.00047
114 53 1.00044
114 54 1.00042
114 55 1.00039
114 56 1.00036
114 57 1.00033
114 58 1.00029
114 59 1.00026
114 60 1.00022
114 61 1.00019
114 62 1.00015
114 63 1.00011
114 64 1.00007
114 65 1.00003
114 66 0.999988
114 67 0.999947
114 68 0.999906
114 69 0.999865
114 70 0.999825
114 71 0.999786
114 72 0.999748
114 73 0.999712
114 74 0.999677
114 75 0.999645
114 76 0.999615
114 77 0.999589
114 78 0.999565
114 79 0.999544
114 80 0.999528
114 81 0.999515
114 82 0.999506
114 83 0.999502
114 84 0.999503
114 85 0.999508
114 86 0.999519
114 87 0.999535
114 88 0.999557
114 89 0.999584
114 90 0.999618
114 91 0.999657
114 92 0.999703
114 93 0.999756
114 94 0.999815
114 95 0.999881
114 96 0.999955
114 97 1.00004
114 98 1.00013
114 99 1.00022
114 100 1.00033
114 101 1.00045
114 102 1.00057
114 103 1.00071
114 104 1.00085
114 105 1.00101
114 106 1.00118
114 107 1.00136
114 108 1.00156
114 109 1.00176
114 110 1.00198
114 111 1.00223
114 112 1.00248
114 113 1.00273
114 114 1.00301
114 115 1.00332
114 116 1.0036
114 117 1.00385
114 118 1.00418
114 119 1.00449
114 120 1.00469
114 121 1.00494
114 122 1.00519
114 123 1.00532
114 124 1.0054
114 125 1.00545
114 126 1.00542
114 127 1.00532

115 0 0
115 1 1.00081
115 2 1.00081
115 3 1.00081
115 4 1.00081
115 5 1.00081
115 6 1.00081
115 7 1.00081
115 8 1.00081
115 9 1.00081
115 10 1.00081
115 11 1.00081
115 12 1.0008
115 13 1.0008
115 14 1.0008
115 15 1.0008
115 16 1.00079
115 17 1.00079
115 18 1.00079
115 19 1.00078
115 20 1.00078
115 21 1.00078
115 22 1.00077
115 23 1.00077
115 24 1.00076
115 25 1.00076
115 26 1.00076
115 27 1.00075
115 28 1.00075
115 29 1.00074
115 30 1.00073
115 31 1.00073
115 32 1.00072
115 33 1.00072
115 34 1.00071
115 35 1.0007
115 36 1.00069
115 37 1.00069
115 38 1.00068
115 39 1.00067
115 40 1.00066
115 41 1.00065
115 42 1.00064
115 43 1.00062
115 44 1.00061
115 45 1.0006
115 46 1.00058
115 47 1.00057
115 48 1.00055
115 49 1.00053
115 50 1.00051
115 51 1.00049
115 52 1.00047
115 53 1.00045
115 54 1.00042
115 55 1.0004
115 56 1.00037
115 57 1.00034
115 58 1.00031
115 59 1.00028
115 60 1.00025
115 61 1.00021
115 62 1.00018
115 63 1.00014
115 64 1.0001
115 65 1.00007
115 66 1.00003
115 67 0.999991
115 68 0.999953
115 69 0.999916
115 70 0.999878
115 71 0.999842
115 72 0.999807
115 73 0.999773
115 74 0.999741
115 75 0.99971
115 76 0.999683
115 77 0.999657
115 78 0.999635
115 79 0.999616
115 80 0.9996
115 81 0.999588
115 82 0.99958
115 83 0.999576
115 84 0.999577
115 85 0.999583
115 86 0.999594
115 87 0.999611
115 88 0.999632
115 89 0.99966
115 90 0.999694
115 91 0.999734
115 92 0.999781
115 93 0.999835
115 94 0.999895
115 95 0.999964
115 96 1.00004
115 97 1.00012
115 98 1.00022
115 99 1.00032
115 100 1.00043
115 101 1.00055
115 102 1.00068
115 103 1.00082
115 104 1.00098
115 105 1.00114
115 106 1.00133
115 107 1.00152
115 108 1.00173
115 109 1.00195
115 110 1.0022
115 111 1.00246
115 112 1.00271
115 113 1.003
115 114 1.00334
115 115 1.00363
115 116 1.00392
115 117 1.0043
115 118 1.00467
115 119 1.00491
115 120 1.0052
115 121 1.00558
115 122 1.00579
115 123 1.00589
115 124 1.00605
115 125 1.00614
115 126 1.00609
115 127 1.00595

116 0 0
116 1 1.00081
116 2 1.00081
116 3 1.00081
116 4 1.00081
116 5 1.00081
116 6 1.00081
116 7 1.00081
116 8 1.00081
116 9 1.00081
116 10 1.00081
116 11 1.00081
116 12 1.0008
116 13 1.0008
116 14 1.0008
116 15 1.0008
116 16 1.00079
116 17 1.00079
116 18 1.00079
116 19 1.00078
116 20 1.00078
116 21 1.00078
116 22 1.00077
116 23 1.00077
116 24 1.00076
116 25 1.00076
116 26 1.00075
116 27 1.00075
116 28 1.00074
116 29 1.00074
116 30 1.00073
116 31 1.00072
116 32 1.00072
116 33 1.00071
116 34 1.0007
116 35 1.0007
116 36 1.00069
116 37 1.00068
116 38 1.00067
116 39 1.00066
116 40 1.00065
116 41 1.00064
116 42 1.00063
116 43 1.00062
116 44 1.00061
116 45 1.00059
116 46 1.00058
116 47 1.00056
116 48 1.00055
116 49 1.00053
116 50 1.00051
116 51 1.00049
116 52 1.00047
116 53 1.00045
116 54 1.00043
116 55 1.0004
116 56 1.00038
116 57 1.00035
116 58 1.00032
116 59 1.00029
116 60 1.00026
116 61 1.00023
116 62 1.0002
116 63 1.00016
116 64 1.00013
116 65 1.0001
116 66 1.00006
116 67 1.00003
116 68 0.999991
116 69 0.999956
116 70 0.999922
116 71 0.999888
116 72 0.999855
116 73 0.999824
116 74 0.999794
116 75 0.999766
116 76 0.99974
116 77 0.999717
116 78 0.999696
116 79 0.999678
116 80 0.999664
116 81 0.999653
116 82 0.999647
116 83 0.999644
116 84 0.999646
116 85 0.999652
116 86 0.999664
116 87 0.999681
116 88 0.999703
116 89 0.999732
116 90 0.999767
116 91 0.999808
116 92 0.999856
116 93 0.999911
116 94 0.999973
116 95 1.00004
116 96 1.00012
116 97 1.00021
116 98 1.0003
116 99 1.00041
116 100 1.00053
116 101 1.00065
116 102 1.00079
116 103 1.00094
116 104 1.0011
116 105 1.00128
116 106 1.00147
116 107 1.00167
116 108 1.0019
116 109 1.00215
116 110 1.0024
116 111 1.00266
116 112 1.00297
116 113 1.00331
116 114 1.00361
116 115 1.00393
116 116 1.00435
116 117 1.00476
116 118 1.00503
116 119 1.0054
116 120 1.0059
116 121 1.00615
116 122 1.00631
116 123 1.00667
116 124 1.00685
116 125 1.00683
116 126 1.00682
116 127 1.00668

117 0 0
117 1 1.00081
117 2 1.00081
117 3 1.00081
117 4 1.00081
117 5 1.00081
117 6 1.00081
117 7 1.00081
117 8 1.00081
117 9 1.00081
117 10 1.00081
117 11 1.0008
117 12 1.0008
117 13 1.0008
117 14 1.0008
117 15 1.00079
117 16 1.00079
117 17 1.00079
117 18 1.00078
117 19 1.00078
117 20 1.00078
117 21 1.00077
117 22 1.00077
117 23 1.00076
117 24 1.00076
117 25 1.00075
117 26 1.00075
117 27 1.00074
117 28 1.00074
117 29 1.00073
117 30 1.00073
117 31 1.00072
117 32 1.00071
117 33 1.00071
117 34 1.0007
117 35 1.00069
117 36 1.00068
117 37 1.00067
117 38 1.00067
117 39 1.00066
117 40 1.00065
117 41 1.00063
117 42 1.00062
117 43 1.00061
117 44 1.0006
117 45 1.00059
117 46 1.00057
117 47 1.00056
117 48 1.00054
117 49 1.00052
117 50 1.00051
117 51 1.00049
117 52 1.00047
117 53 1.00045
117 54 1.00042
117 55 1.0004
117 56 1.00038
117 57 1.00035
117 58 1.00032
117 59 1.0003
117 60 1.00027
117 61 1.00024
117 62 1.00021
117 63 1.00018
117 64 1.00015
117 65 1.00012
117 66 1.00008
117 67 1.00005
117 68 1.00002
117 69 0.999986
117 70 0.999954
117 71 0.999923
117 72 0.999893
117 73 0.999864
117 74 0.999837
117 75 0.999811
117 76 0.999788
117 77 0.999766
117 78 0.999747
117 79 0.999731
117 80 0.999719
117 81 0.999709
117 82 0.999704
117 83 0.999703
117 84 0.999706
117 85 0.999713
117 86 0.999726
117 87 0.999744
117 88 0.999768
117 89 0.999797
117 90 0.999833
117 91 0.999875
117 92 0.999924
117 93 0.999981
117 94 1.00005
117 95 1.00012
117 96 1.0002
117 97 1.00029
117 98 1.00039
117 99 1.0005
117 100 1.00062
117 101 1.00075
117 102 1.00089
117 103 1.00105
117 104 1.00122
117 105 1.00141
117 106 1.0016
117 107 1.00183
117 108 1.00207
117 109 1.00232
117 110 1.00259
117 111 1.0029
117 112 1.00323
117 113 1.00355
117 114 1.00389
117 115 1.00433
117 116 1.00477
117 117 1.00508
117 118 1.0055
117 119 1.0061
117 120 1.00647
117 121 1.00665
117 122 1.00714
117 123 1.00754
117 124 1.00759
117 125 1.00761
117 126 1.00765
117 127 1.00758

118 0 0
118 1 1.0008
118 2 1.00081
118 3 1.00081
118 4 1.00081
118 5 1.00081
118 6 1.00081
118 7 1.00081
118 8 1.00081
118 9 1.00081
118 10 1.0008
118 11 1.0008
118 12 1.0008
118 13 1.0008
118 14 1.0008
118 15 1.00079
118 16 1.00079
118 17 1.00079
118 18 1.00078
118 19 1.00078
118 20 1.00078
118 21 1.00077
118 22 1.00077
118 23 1.00076
118 24 1.00076
118 25 1.00075
118 26 1.00075
118 27 1.00074
118 28 1.00074
118 29 1.00073
118 30 1.00072
118 31 1.00072
118 32 1.00071
118 33 1.0007
118 34 1.00069
118 35 1.00069
118 36 1.00068
118 37 1.00067
118 38 1.00066
118 39 1.00065
118 40 1.00064
118 41 1.00063
118 42 1.00062
118 43 1.0006
118 44 1.00059
118 45 1.00058
118 46 1.00056
118 47 1.00055
118 48 1.00053
118 49 1.00052
118 50 1.0005
118 51 1.00048
118 52 1.00046
118 53 1.00044
118 54 1.00042
118 55 1.0004
118 56 1.00037
118 57 1.00035
118 58 1.00032
118 59 1.0003
118 60 1.00027
118 61 1.00024
118 62 1.00021
118 63 1.00019
118 64 1.00016
118 65 1.00013
118 66 1.0001
118 67 1.00007
118 68 1.00004
118 69 1.00001
118 70 0.999977
118 71 0.999948
118 72 0.99992
118 73 0.999894
118 74 0.999868
118 75 0.999845
118 76 0.999823
118 77 0.999804
118 78 0.999787
118 79 0.999773
118 80 0.999762
118 81 0.999755
118 82 0.999751
118 83 0.999751
118 84 0.999755
118 85 0.999764
118 86 0.999778
118 87 0.999798
118 88 0.999822
118 89 0.999853
118 90 0.99989
118 91 0.999934
118 92 0.999985
118 93 1.00004
118 94 1.00011
118 95 1.00018
118 96 1.00027
118 97 1.00036
118 98 1.00046
118 99 1.00058
118 100 1.0007
118 101 1.00084
118 102 1.00099
118 103 1.00115
118 104 1.00133
118 105 1.00152
118 106 1.00174
118 107 1.00197
118 108 1.00222
118 109 1.00248
118 110 1.00279
118 111 1.00312
118 112 1.00343
118 113 1.0038
118 114 1.00426
118 115 1.00468
118 116 1.00503
118 117 1.00553
118 118 1.0062
118 119 1.00658
118 120 1.00681
118 121 1.00756
118 122 1.00821
118 123 1.0081
118 124 1.00836
118 125 1.00882
118 126 1.00867
118 127 1.00835

119 0 0
119 1 1.0008
119 2 1.00081
119 3 1.00081
119 4 1.00081
119 5 1.00081
119 6 1.00081
119 7 1.00081
119 8 1.00081
119 9 1.0008
119 10 1.0008
119 11 1.0008
119 12 1.0008
119 13 1.0008
119 14 1.0008
119 15 1.00079
119 16 1.00079
119 17 1.00079
119 18 1.00078
119 19 1.00078
119 20 1.00077
119 21 1.00077
119 22 1.00077
119 23 1.00076
119 24 1.00076
119 25 1.00075
119 26 1.00074
119 27 1.00074
119 28 1.00073
119 29 1.00073
119 30 1.00072
119 31 1.00071
119 32 1.00071
119 33 1.0007
119 34 1.00069
119 35 1.00068
119 36 1.00067
119 37 1.00066
119 38 1.00065
119 39 1.00064
119 40 1.00063
119 41 1.00062
119 42 1.00061
119 43 1.0006
119 44 1.00058
119 45 1.00057
119 46 1.00056
119 47 1.00054
119 48 1.00052
119 49 1.00051
119 50 1.00049
119 51 1.00047
119 52 1.00045
119 53 1.00043
119 54 1.00041
119 55 1.00039
119 56 1.00037
119 57 1.00034
119 58 1.00032
119 59 1.00029
119 60 1.00027
119 61 1.00024
119 62 1.00021
119 63 1.00019
119 64 1.00016
119 65 1.00013
119 66 1.0001
119 67 1.00007
119 68 1.00004
119 69 1.00002
119 70 0.999989
119 71 0.999962
119 72 0.999937
119 73 0.999912
119 74 0.999889
119 75 0.999867
119 76 0.999848
119 77 0.99983
119 78 0.999815
119 79 0.999803
119 80 0.999794
119 81 0.999788
119 82 0.999785
119 83 0.999787
119 84 0.999793
119 85 0.999804
119 86 0.999819
119 87 0.99984
119 88 0.999866
119 89 0.999898
119 90 0.999937
119 91 0.999982
119 92 1.00003
119 93 1.0001
119 94 1.00016
119 95 1.00024
119 96 1.00033
119 97 1.00042
119 98 1.00053
119 99 1.00065
119 100 1.00077
119 101 1.00092
119 102 1.00107
119 103 1.00124
119 104 1.00143
119 105 1.00163
119 106 1.00185
119 107 1.00209
119 108 1.00236
119 109 1.00265
119 110 1.00296
119 111 1.00329
119 112 1.00366
119 113 1.0041
119 114 1.00452
119 115 1.00492
119 116 1.00546
119 117 1.00611
119 118 1.00657
119 119 1.00695
119 120 1.00774
119 121 1.00856
119 122 1.00863
119 123 1.00901
119 124 1.00976
119 125 1.00981
119 126 1.00974
119 127 1.00934

120 0 0
120 1 1.0008
120 2 1.0008
120 3 1.00081
120 4 1.00081
120 5 1.00081
120 6 1.00081
120 7 1.00081
120 8 1.00081
120 9 1.0008
120 10 1.0008
120 11 1.0008
120 12 1.0008
120 13 1.0008
120 14 1.00079
120 15 1.00079
120 16 1.00079
120 17 1.00079
120 18 1.00078
120 19 1.00078
120 20 1.00077
120 21 1.00077
120 22 1.00076
120 23 1.00076
120 24 1.00075
120 25 1.00075
120 26 1.00074
120 27 1.00074
120 28 1.00073
120 29 1.00072
120 30 1.00072
120 31 1.00071
120 32 1.0007
120 33 1.00069
120 34 1.00069
120 35 1.00068
120 36 1.00067
120 37 1.00066
120 38 1.00065
120 39 1.00064
120 40 1.00063
120 41 1.00061
120 42 1.0006
120 43 1.00059
120 44 1.00058
120 45 1.00056
120 46 1.00055
120 47 1.00053
120 48 1.00051
120 49 1.0005
120 50 1.00048
120 51 1.00046
120 52 1.00044
120 53 1.00042
120 54 1.0004
120 55 1.00038
120 56 1.00036
120 57 1.00033
120 58 1.00031
120 59 1.00028
120 60 1.00026
120 61 1.00023
120 62 1.00021
120 63 1.00018
120 64 1.00015
120 65 1.00013
120 66 1.0001
120 67 1.00007
120 68 1.00004
120 69 1.00002
120 70 0.999992
120 71 0.999967
120 72 0.999943
120 73 0.99992
120 74 0.999898
120 75 0.999878
120 76 0.99986
120 77 0.999845
120 78 0.999831
120 79 0.999821
120 80 0.999813
120 81 0.999809
120 82 0.999808
120 83 0.999811
120 84 0.999818
120 85 0.99983
120 86 0.999847
120 87 0.999869
120 88 0.999897
120 89 0.999931
120 90 0.999971
120 91 1.00002
120 92 1.00007
120 93 1.00013
120 94 1.0002
120 95 1.00028
120 96 1.00037
120 97 1.00047
120 98 1.00058
120 99 1.0007
120 100 1.00083
120 101 1.00098
120 102 1.00114
120 103 1.00132
120 104 1.00151
120 105 1.00172
120 106 1.00195
120 107 1.00221
120 108 1.00249
120 109 1.00278
120 110 1.0031
120 111 1.00348
120 112 1.00389
120 113 1.00429
120 114 1.00471
120 115 1.00529
120 116 1.00594
120 117 1.00637
120 118 1.00684
120 119 1.00785
120 120 1.00878
120 121 1.00878
120 122 1.00918
120 123 1.01097
120 124 1.01119
120 125 1.01036
120 126 1.01089
120 127 1.01122

121 0 0
121 1 1.0008
121 2 1.0008
121 3 1.00081
121 4 1.00081
121 5 1.00081
121 6 1.00081
121 7 1.00081
121 8 1.00081
121 9 1.0008
121 10 1.0008
121 11 1.0008
121 12 1.0008
121 13 1.0008
121 14 1.00079
121 15 1.00079
121 16 1.00079
121 17 1.00078
121 18 1.00078
121 19 1.00078
121 20 1.00077
121 21 1.00077
121 22 1.00076
121 23 1.00076
121 24 1.00075
121 25 1.00075
121 26 1.00074
121 27 1.00073
121 28 1.00073
121 29 1.00072
121 30 1.00071
121 31 1.00071
121 32 1.0007
121 33 1.00069
121 34 1.00068
121 35 1.00067
121 36 1.00066
121 37 1.00065
121 38 1.00064
121 39 1.00063
121 40 1.00062
121 41 1.00061
121 42 1.0006
121 43 1.00058
121 44 1.00057
121 45 1.00055
121 46 1.00054
121 47 1.00052
121 48 1.00051
121 49 1.00049
121 50 1.00047
121 51 1.00045
121 52 1.00043
121 53 1.00041
121 54 1.00039
121 55 1.00037
121 56 1.00035
121 57 1.00032
121 58 1.0003
121 59 1.00027
121 60 1.00025
121 61 1.00022
121 62 1.0002
121 63 1.00017
121 64 1.00014
121 65 1.00012
121 66 1.00009
121 67 1.00006
121 68 1.00004
121 69 1.00001
121 70 0.999988
121 71 0.999964
121 72 0.999941
121 73 0.999919
121 74 0.999898
121 75 0.99988
121 76 0.999863
121 77 0.999848
121 78 0.999836
121 79 0.999827
121 80 0.99982
121 81 0.999817
121 82 0.999818
121 83 0.999822
121 84 0.999831
121 85 0.999844
121 86 0.999862
121 87 0.999886
121 88 0.999915
121 89 0.99995
121 90 0.999992
121 91 1.00004
121 92 1.0001
121 93 1.00016
121 94 1.00023
121 95 1.00031
121 96 1.0004
121 97 1.0005
121 98 1.00062
121 99 1.00074
121 100 1.00088
121 101 1.00103
121 102 1.00119
121 103 1.00137
121 104 1.00157
121 105 1.00179
121 106 1.00203
121 107 1.00229
121 108 1.00257
121 109 1.00289
121 110 1.00324
121 111 1.00362
121 112 1.00401
121 113 1.00446
121 114 1.00502
121 115 1.00557
121 116 1.00605
121 117 1.00671
121 118 1.00767
121 119 1.00841
121 120 1.0088
121 121 1.00976
121 122 1.01145
121 123 1.01161
121 124 1.0112
121 125 1.01295
121 126 1.01284
121 127 1.01232

122 0 0
122 1 1.0008
122 2 1.00081
122 3 1.00081
122 4 1.00081
122 5 1.00081
122 6 1.00081
122 7 1.00081
122 8 1.00081
122 9 1.0008
122 10 1.0008
122 11 1.0008
122 12 1.0008
122 13 1.0008
122 14 1.00079
122 15 1.00079
122 16 1.00079
122 17 1.00078
122 18 1.00078
122 19 1.00078
122 20 1.00077
122 21 1.00077
122 22 1.00076
122 23 1.00076
122 24 1.00075
122 25 1.00075
122 26 1.00074
122 27 1.00073
122 28 1.00073
122 29 1.00072
122 30 1.00071
122 31 1.0007
122 32 1.0007
122 33 1.00069
122 34 1.00068
122 35 1.00067
122 36 1.00066
122 37 1.00065
122 38 1.00064
122 39 1.00063
122 40 1.00061
122 41 1.0006
122 42 1.00059
122 43 1.00057
122 44 1.00056
122 45 1.00055
122 46 1.00053
122 47 1.00051
122 48 1.0005
122 49 1.00048
122 50 1.00046
122 51 1.00044
122 52 1.00042
122 53 1.0004
122 54 1.00038
122 55 1.00036
122 56 1.00033
122 57 1.00031
122 58 1.00029
122 59 1.00026
122 60 1.00024
122 61 1.00021
122 62 1.00018
122 63 1.00016
122 64 1.00013
122 65 1.0001
122 66 1.00008
122 67 1.00005
122 68 1.00003
122 69 1
122 70 0.999977
122 71 0.999954
122 72 0.999931
122 73 0.99991
122 74 0.99989
122 75 0.999872
122 76 0.999856
122 77 0.999842
122 78 0.999831
122 79 0.999823
122 80 0.999817
122 81 0.999815
122 82 0.999817
122 83 0.999822
122 84 0.999832
122 85 0.999846
122 86 0.999865
122 87 0.999889
122 88 0.99992
122 89 0.999956
122 90 0.999998
122 91 1.00005
122 92 1.00011
122 93 1.00017
122 94 1.00024
122 95 1.00033
122 96 1.00042
122 97 1.00052
122 98 1.00064
122 99 1.00076
122 100 1.0009
122 101 1.00106
122 102 1.00122
122 103 1.00141
122 104 1.00161
122 105 1.00184
122 106 1.00208
122 107 1.00235
122 108 1.00264
122 109 1.00297
122 110 1.00333
122 111 1.0037
122 112 1.00413
122 113 1.00465
122 114 1.00517
122 115 1.00566
122 116 1.00632
122 117 1.00724
122 118 1.00801
122 119 1.00843
122 120 1.00951
122 121 1.01151
122 122 1.01246
122 123 1.0114
122 124 1.01344
122 125 1.01658
122 126 1.01489
122 127 1.01186

123 0 0
123 1 1.00081
123 2 1.00081
123 3 1.00081
123 4 1.00081
123 5 1.00081
123 6 1.00081
123 7 1.00081
123 8 1.00081
123 9 1.0008
123 10 1.0008
123 11 1.0008
123 12 1.0008
123 13 1.0008
123 14 1.00079
123 15 1.00079
123 16 1.00079
123 17 1.00078
123 18 1.00078
123 19 1.00078
123 20 1.00077
123 21 1.00077
123 22 1.00076
123 23 1.00076
123 24 1.00075
123 25 1.00074
123 26 1.00074
123 27 1.00073
123 28 1.00072
123 29 1.00072
123 30 1.00071
123 31 1.0007
123 32 1.00069
123 33 1.00068
123 34 1.00067
123 35 1.00066
123 36 1.00065
123 37 1.00064
123 38 1.00063
123 39 1.00062
123 40 1.00061
123 41 1.0006
123 42 1.00058
123 43 1.00057
123 44 1.00055
123 45 1.00054
123 46 1.00052
123 47 1.0005
123 48 1.00049
123 49 1.00047
123 50 1.00045
123 51 1.00043
123 52 1.00041
123 53 1.00039
123 54 1.00037
123 55 1.00034
123 56 1.00032
123 57 1.0003
123 58 1.00027
123 59 1.00025
123 60 1.00022
123 61 1.00019
123 62 1.00017
123 63 1.00014
123 64 1.00012
123 65 1.00009
123 66 1.00006
123 67 1.00004
123 68 1.00001
123 69 0.999986
123 70 0.999961
123 71 0.999938
123 72 0.999916
123 73 0.999895
123 74 0.999875
123 75 0.999858
123 76 0.999842
123 77 0.999829
123 78 0.999818
123 79 0.99981
123 80 0.999805
123 81 0.999803
123 82 0.999805
123 83 0.999811
123 84 0.999821
123 85 0.999836
123 86 0.999856
123 87 0.999881
123 88 0.999912
123 89 0.999949
123 90 0.999992
123 91 1.00004
123 92 1.0001
123 93 1.00017
123 94 1.00024
123 95 1.00032
123 96 1.00042
123 97 1.00052
123 98 1.00064
123 99 1.00077
123 100 1.00091
123 101 1.00106
123 102 1.00123
123 103 1.00142
123 104 1.00163
123 105 1.00186
123 106 1.0021
123 107 1.00238
123 108 1.00268
123 109 1.00301
123 110 1.00336
123 111 1.00378
123 112 1.00424
123 113 1.00469
123 114 1.0052
123 115 1.0059
123 116 1.00665
123 117 1.00719
123 118 1.00791
123 119 1.0094
123 120 1.01077
123 121 1.01094
123 122 1.01198
123 123 1.01594
123 124 1.01832
123 125 1.01329
123 126 1.01594
123 127 1.02072

124 0 0
124 1 1.00081
124 2 1.00081
124 3 1.00081
124 4 1.00081
124 5 1.00081
124 6 1.00081
124 7 1.00081
124 8 1.00081
124 9 1.00081
124 10 1.0008
124 11 1.0008
124 12 1.0008
124 13 1.0008
124 14 1.0008
124 15 1.00079
124 16 1.00079
124 17 1.00078
124 18 1.00078
124 19 1.00078
124 20 1.00077
124 21 1.00077
124 22 1.00076
124 23 1.00076
124 24 1.00075
124 25 1.00074
124 26 1.00074
124 27 1.00073
124 28 1.00072
124 29 1.00071
124 30 1.00071
124 31 1.0007
124 32 1.00069
124 33 1.00068
124 34 1.00067
124 35 1.00066
124 36 1.00065
124 37 1.00064
124 38 1.00063
124 39 1.00062
124 40 1.0006
124 41 1.00059
124 42 1.00058
124 43 1.00056
124 44 1.00055
124 45 1.00053
124 46 1.00051
124 47 1.0005
124 48 1.00048
124 49 1.00046
124 50 1.00044
124 51 1.00042
124 52 1.0004
124 53 1.00038
124 54 1.00035
124 55 1.00033
124 56 1.00031
124 57 1.00028
124 58 1.00026
124 59 1.00023
124 60 1.00021
124 61 1.00018
124 62 1.00015
124 63 1.00013
124 64 1.0001
124 65 1.00007
124 66 1.00004
124 67 1.00002
124 68 0.999992
124 69 0.999966
124 70 0.999942
124 71 0.999918
124 72 0.999896
124 73 0.999875
124 74 0.999855
124 75 0.999837
124 76 0.999822
124 77 0.999808
124 78 0.999798
124 79 0.99979
124 80 0.999785
124 81 0.999783
124 82 0.999785
124 83 0.999791
124 84 0.999802
124 85 0.999817
124 86 0.999837
124 87 0.999862
124 88 0.999893
124 89 0.99993
124 90 0.999974
124 91 1.00002
124 92 1.00008
124 93 1.00015
124 94 1.00022
124 95 1.00031
124 96 1.0004
124 97 1.00051
124 98 1.00062
124 99 1.00075
124 100 1.0009
124 101 1.00105
124 102 1.00122
124 103 1.00141
124 104 1.00162
124 105 1.00185
124 106 1.0021
124 107 1.00238
124 108 1.00268
124 109 1.00302
124 110 1.00339
124 111 1.00379
124 112 1.00423
124 113 1.00473
124 114 1.0053
124 115 1.00592
124 116 1.00657
124 117 1.00737
124 118 1.00835
124 119 1.00946
124 120 1.01043
124 121 1.01169
124 122 1.01376
124 123 1.01704
124 124 1.01827
124 125 1.01841
124 126 1.02249
124 127 1.02172

125 0 0
125 1 1.00081
125 2 1.00081
125 3 1.00081
125 4 1.00081
125 5 1.00081
125 6 1.00081
125 7 1.00081
125 8 1.00081
125 9 1.00081
125 10 1.00081
125 11 1.0008
125 12 1.0008
125 13 1.0008
125 14 1.0008
125 15 1.00079
125 16 1.00079
125 17 1.00079
125 18 1.00078
125 19 1.00078
125 20 1.00077
125 21 1.00077
125 22 1.00076
125 23 1.00076
125 24 1.00075
125 25 1.00074
125 26 1.00074
125 27 1.00073
125 28 1.00072
125 29 1.00071
125 30 1.00071
125 31 1.0007
125 32 1.00069
125 33 1.00068
125 34 1.00067
125 35 1.00066
125 36 1.00065
125 37 1.00064
125 38 1.00062
125 39 1.00061
125 40 1.0006
125 41 1.00059
125 42 1.00057
125 43 1.00056
125 44 1.00054
125 45 1.00052
125 46 1.00051
125 47 1.00049
125 48 1.00047
125 49 1.00045
125 50 1.00043
125 51 1.00041
125 52 1.00039
125 53 1.00037
125 54 1.00034
125 55 1.00032
125 56 1.00029
125 57 1.00027
125 58 1.00024
125 59 1.00022
125 60 1.00019
125 61 1.00016
125 62 1.00013
125 63 1.00011
125 64 1.00008
125 65 1.00005
125 66 1.00002
125 67 0.999997
125 68 0.999971
125 69 0.999945
125 70 0.99992
125 71 0.999896
125 72 0.999873
125 73 0.999851
125 74 0.999831
125 75 0.999813
125 76 0.999797
125 77 0.999783
125 78 0.999772
125 79 0.999764
125 80 0.999759
125 81 0.999757
125 82 0.999759
125 83 0.999764
125 84 0.999775
125 85 0.999789
125 86 0.999809
125 87 0.999834
125 88 0.999865
125 89 0.999902
125 90 0.999945
125 91 0.999996
125 92 1.00005
125 93 1.00012
125 94 1.0002
125 95 1.00028
125 96 1.00037
125 97 1.00048
125 98 1.00059
125 99 1.00072
125 100 1.00087
125 101 1.00102
125 102 1.00119
125 103 1.00138
125 104 1.00159
125 105 1.00182
125 106 1.00208
125 107 1.00235
125 108 1.00265
125 109 1.00299
125 110 1.00337
125 111 1.00376
125 112 1.0042
125 113 1.00474
125 114 1.00531
125 115 1.00584
125 116 1.00653
125 117 1.00761
125 118 1.00845
125 119 1.00891
125 120 1.01035
125 121 1.01363
125 122 1.01445
125 123 1.01326
125 124 1.0181
125 125 1.03521
125 126 1.03144
125 127 1.00621

126 0 0
126 1 1.00081
126 2 1.00081
126 3 1.00081
126 4 1.00081
126 5 1.00081
126 6 1.00081
126 7 1.00081
126 8 1.00081
126 9 1.00081
126 10 1.00081
126 11 1.00081
126 12 1.0008
126 13 1.0008
126 14 1.0008
126 15 1.00079
126 16 1.00079
126 17 1.00079
126 18 1.00078
126 19 1.00078
126 20 1.00077
126 21 1.00077
126 22 1.00076
126 23 1.00076
126 24 1.00075
126 25 1.00074
126 26 1.00074
126 27 1.00073
126 28 1.00072
126 29 1.00071
126 30 1.0007
126 31 1.0007
126 32 1.00069
126 33 1.00068
126 34 1.00067
126 35 1.00066
126 36 1.00065
126 37 1.00063
126 38 1.00062
126 39 1.00061
126 40 1.0006
126 41 1.00058
126 42 1.00057
126 43 1.00055
126 44 1.00053
126 45 1.00052
126 46 1.0005
126 47 1.00048
126 48 1.00046
126 49 1.00044
126 50 1.00042
126 51 1.0004
126 52 1.00038
126 53 1.00035
126 54 1.00033
126 55 1.00031
126 56 1.00028
126 57 1.00025
126 58 1.00023
126 59 1.0002
126 60 1.00017
126 61 1.00015
126 62 1.00012
126 63 1.00009
126 64 1.00006
126 65 1.00003
126 66 1
126 67 0.999976
126 68 0.999949
126 69 0.999922
126 70 0.999896
126 71 0.999871
126 72 0.999847
126 73 0.999825
126 74 0.999805
126 75 0.999786
126 76 0.999769
126 77 0.999755
126 78 0.999743
126 79 0.999734
126 80 0.999728
126 81 0.999726
126 82 0.999727
126 83 0.999732
126 84 0.999742
126 85 0.999756
126 86 0.999775
126 87 0.999799
126 88 0.999829
126 89 0.999866
126 90 0.999909
126 91 0.999958
126 92 1.00002
126 93 1.00008
126 94 1.00015
126 95 1.00024
126 96 1.00033
126 97 1.00043
126 98 1.00055
126 99 1.00068
126 100 1.00082
126 101 1.00097
126 102 1.00115
126 103 1.00133
126 104 1.00154
126 105 1.00177
126 106 1.00202
126 107 1.0023
126 108 1.0026
126 109 1.00293
126 110 1.00329
126 111 1.00371
126 112 1.00416
126 113 1.00462
126 114 1.00518
126 115 1.00589
126 116 1.00654
126 117 1.00715
126 118 1.00824
126 119 1.00972
126 120 1.01038
126 121 1.01109
126 122 1.01467
126 123 1.01893
126 124 1.01746
126 125 1.02124
126 126 1.03981
126 127 1.06928

127 0 0
127 1 0
127 2 0
127 3 0
127 4 0
127 5 0
127 6 0
127 7 0
127 8 0
127 9 0
127 10 0
127 11 0
127 12 0
127 13 0
127 14 0
127 15 0
127 16 0
127 17 0
127 18 0
127 19 0
127 20 0
127 21 0
127 22 0
127 23 0
127 24 0
127 25 0
127 26 0
127 27 0
127 28 0
127 29 0
127 30 0
127 31 0
127 32 0
127 33 0
127 34 0
127 35 0
127 36 0
127 37 0
127 38 0
127 39 0
127 40 0
127 41 0
127 42 0
127 43 0
127 44 0
127 45 0
127 46 0
127 47 0
127 48 0
127 49 0
127 50 0
127 51 0
127 52 0
127 53 0
127 54 0
127 55 0
127 56 0
127 57 0
127 58 0
127 59 0
127 60 0
127 61 0
127 62 0
127 63 0
127 64 0
127 65 0
127 66 0
127 67 0
127 68 0
127 69 0
127 70 0
127 71 0
127 72 0
127 73 0
127 74 0
127 75 0
127 76 0
127 77 0
127 78 0
127 79 0
127 80 0
127 81 0
127 82 0
127 83 0
127 84 0
127 85 0
127 86 0
127 87 0
127 88 0
127 89 0
127 90 0
127 91 0
127 92 0
127 93 0
127 94 0
127 95 0
127 96 0
127 97 0
127 98 0
127 99 0
127 100 0
127 101 0
127 102 0
127 103 0
127 104 0
127 105 0
127 106 0
127 107 0
127 108 0
127 109 0
127 110 0
127 111 0
127 112 0
127 113 0
127 114 0
127 115 0
127 116 0
127 117 0
127 118 0
127 119 0
127 120 0
127 121 0
127 122 0
127 123 0
127 124 0
127 125 0
127 126 0
127 127 0

