0 0 0
0 1 0
0 2 0
0 3 0
0 4 0
0 5 0
0 6 0
0 7 0
0 8 0
0 9 0
0 10 0
0 11 0
0 12 0
0 13 0
0 14 0
0 15 0
0 16 0
0 17 0
0 18 0
0 19 0
0 20 0
0 21 0
0 22 0
0 23 0
0 24 0
0 25 0
0 26 0
0 27 0
0 28 0
0 29 0
0 30 0
0 31 0
0 32 0
0 33 0
0 34 0
0 35 0
0 36 0
0 37 0
0 38 0
0 39 0
0 40 0
0 41 0
0 42 0
0 43 0
0 44 0
0 45 0
0 46 0
0 47 0
0 48 0
0 49 0
0 50 0
0 51 0
0 52 0
0 53 0
0 54 0
0 55 0
0 56 0
0 57 0
0 58 0
0 59 0
0 60 0
0 61 0
0 62 0
0 63 0
0 64 0
0 65 0
0 66 0
0 67 0
0 68 0
0 69 0
0 70 0
0 71 0
0 72 0
0 73 0
0 74 0
0 75 0
0 76 0
0 77 0
0 78 0
0 79 0
0 80 0
0 81 0
0 82 0
0 83 0
0 84 0
0 85 0
0 86 0
0 87 0
0 88 0
0 89 0
0 90 0
0 91 0
0 92 0
0 93 0
0 94 0
0 95 0
0 96 0
0 97 0
0 98 0
0 99 0
0 100 0
0 101 0
0 102 0
0 103 0
0 104 0
0 105 0
0 106 0
0 107 0
0 108 0
0 109 0
0 110 0
0 111 0
0 112 0
0 113 0
0 114 0
0 115 0
0 116 0
0 117 0
0 118 0
0 119 0
0 120 0
0 121 0
0 122 0
0 123 0
0 124 0
0 125 0
0 126 0
0 127 0

1 0 0
1 1 1.00112
1 2 1.00112
1 3 1.00111
1 4 1.00111
1 5 1.00111
1 6 1.00112
1 7 1.00112
1 8 1.00112
1 9 1.00112
1 10 1.00112
1 11 1.00112
1 12 1.00112
1 13 1.00112
1 14 1.00112
1 15 1.00112
1 16 1.00112
1 17 1.00112
1 18 1.00112
1 19 1.00112
1 20 1.00112
1 21 1.00112
1 22 1.00112
1 23 1.00112
1 24 1.00112
1 25 1.00112
1 26 1.00112
1 27 1.00112
1 28 1.00112
1 29 1.00111
1 30 1.00111
1 31 1.00111
1 32 1.00111
1 33 1.0011
1 34 1.0011
1 35 1.00109
1 36 1.00109
1 37 1.00108
1 38 1.00108
1 39 1.00107
1 40 1.00107
1 41 1.00106
1 42 1.00105
1 43 1.00104
1 44 1.00103
1 45 1.00103
1 46 1.00102
1 47 1.00101
1 48 1.001
1 49 1.00098
1 50 1.00097
1 51 1.00096
1 52 1.00095
1 53 1.00094
1 54 1.00092
1 55 1.00091
1 56 1.00089
1 57 1.00088
1 58 1.00086
1 59 1.00085
1 60 1.00083
1 61 1.00082
1 62 1.0008
1 63 1.00078
1 64 1.00077
1 65 1.00075
1 66 1.00073
1 67 1.00072
1 68 1.0007
1 69 1.00068
1 70 1.00067
1 71 1.00065
1 72 1.00063
1 73 1.00062
1 74 1.0006
1 75 1.00058
1 76 1.00057
1 77 1.00055
1 78 1.00054
1 79 1.00052
1 80 1.00051
1 81 1.00049
1 82 1.00048
1 83 1.00046
1 84 1.00045
1 85 1.00043
1 86 1.00042
1 87 1.00041
1 88 1.0004
1 89 1.00038
1 90 1.00037
1 91 1.00036
1 92 1.00035
1 93 1.00034
1 94 1.00033
1 95 1.00032
1 96 1.00031
1 97 1.0003
1 98 1.00029
1 99 1.00028
1 100 1.00027
1 101 1.00026
1 102 1.00024
1 103 1.00023
1 104 1.00022
1 105 1.00021
1 106 1.0002
1 107 1.00018
1 108 1.00017
1 109 1.00014
1 110 1.00013
1 111 1.00011
1 112 1.00007
1 113 1.00002
1 114 1.00001
1 115 0.999974
1 116 0.999812
1 117 0.999733
1 118 0.999822
1 119 0.999538
1 120 0.998857
1 121 0.999148
1 122 0.999507
1 123 0.996874
1 124 0.994857
1 125 0.997477
1 126 0.994789
1 127 0.972593

2 0 0
2 1 1.00112
2 2 1.00112
2 3 1.00111
2 4 1.00111
2 5 1.00111
2 6 1.00111
2 7 1.00112
2 8 1.00112
2 9 1.00112
2 10 1.00112
2 11 1.00112
2 12 1.00112
2 13 1.00112
2 14 1.00112
2 15 1.00112
2 16 1.00112
2 17 1.00112
2 18 1.00112
2 19 1.00112
2 20 1.00112
2 21 1.00112
2 22 1.00112
2 23 1.00112
2 24 1.00112
2 25 1.00112
2 26 1.00112
2 27 1.00111
2 28 1.00111
2 29 1.00111
2 30 1.00111
2 31 1.00111
2 32 1.0011
2 33 1.0011
2 34 1.00109
2 35 1.00109
2 36 1.00109
2 37 1.00108
2 38 1.00107
2 39 1.00107
2 40 1.00106
2 41 1.00105
2 42 1.00105
2 43 1.00104
2 44 1.00103
2 45 1.00102
2 46 1.00101
2 47 1.001
2 48 1.00099
2 49 1.00098
2 50 1.00097
2 51 1.00096
2 52 1.00094
2 53 1.00093
2 54 1.00092
2 55 1.0009
2 56 1.00089
2 57 1.00088
2 58 1.00086
2 59 1.00084
2 60 1.00083
2 61 1.00081
2 62 1.0008
2 63 1.00078
2 64 1.00077
2 65 1.00075
2 66 1.00073
2 67 1.00072
2 68 1.0007
2 69 1.00068
2 70 1.00066
2 71 1.00065
2 72 1.00063
2 73 1.00062
2 74 1.0006
2 75 1.00058
2 76 1.00057
2 77 1.00055
2 78 1.00054
2 79 1.00052
2 80 1.00051
2 81 1.00049
2 82 1.00048
2 83 1.00046
2 84 1.00045
2 85 1.00043
2 86 1.00042
2 87 1.00041
2 88 1.0004
2 89 1.00038
2 90 1.00037
2 91 1.00036
2 92 1.00035
2 93 1.00034
2 94 1.00033
2 95 1.00032
2 96 1.00031
2 97 1.0003
2 98 1.00029
2 99 1.00027
2 100 1.00026
2 101 1.00025
2 102 1.00024
2 103 1.00023
2 104 1.00022
2 105 1.0002
2 106 1.00019
2 107 1.00017
2 108 1.00015
2 109 1.00014
2 110 1.00011
2 111 1.00007
2 112 1.00006
2 113 1.00003
2 114 0.999922
2 115 0.999865
2 116 0.999913
2 117 0.999749
2 118 0.999295
2 119 0.999474
2 120 0.999833
2 121 0.998344
2 122 0.996664
2 123 0.99972
2 124 1.00031
2 125 0.986344
2 126 0.985591
2 127 1.01344

3 0 0
3 1 1.00111
3 2 1.00111
3 3 1.00111
3 4 1.00111
3 5 1.00111
3 6 1.00111
3 7 1.00111
3 8 1.00111
3 9 1.00112
3 10 1.00112
3 11 1.00112
3 12 1.00112
3 13 1.00112
3 14 1.00112
3 15 1.00112
3 16 1.00112
3 17 1.00112
3 18 1.00112
3 19 1.00112
3 20 1.00112
3 21 1.00112
3 22 1.00112
3 23 1.00112
3 24 1.00112
3 25 1.00112
3 26 1.00111
3 27 1.00111
3 28 1.00111
3 29 1.00111
3 30 1.00111
3 31 1.0011
3 32 1.0011
3 33 1.0011
3 34 1.00109
3 35 1.00109
3 36 1.00108
3 37 1.00108
3 38 1.00107
3 39 1.00106
3 40 1.00106
3 41 1.00105
3 42 1.00104
3 43 1.00103
3 44 1.00103
3 45 1.00102
3 46 1.00101
3 47 1.001
3 48 1.00099
3 49 1.00098
3 50 1.00096
3 51 1.00095
3 52 1.00094
3 53 1.00093
3 54 1.00091
3 55 1.0009
3 56 1.00089
3 57 1.00087
3 58 1.00086
3 59 1.00084
3 60 1.00083
3 61 1.00081
3 62 1.00079
3 63 1.00078
3 64 1.00076
3 65 1.00075
3 66 1.00073
3 67 1.00071
3 68 1.0007
3 69 1.00068
3 70 1.00066
3 71 1.00065
3 72 1.00063
3 73 1.00061
3 74 1.0006
3 75 1.00058
3 76 1.00057
3 77 1.00055
3 78 1.00053
3 79 1.00052
3 80 1.0005
3 81 1.00049
3 82 1.00048
3 83 1.00046
3 84 1.00045
3 85 1.00043
3 86 1.00042
3 87 1.00041
3 88 1.0004
3 89 1.00038
3 90 1.00037
3 91 1.00036
3 92 1.00035
3 93 1.00034
3 94 1.00033
3 95 1.00032
3 96 1.00031
3 97 1.00029
3 98 1.00028
3 99 1.00027
3 100 1.00026
3 101 1.00025
3 102 1.00024
3 103 1.00023
3 104 1.00021
3 105 1.0002
3 106 1.00018
3 107 1.00016
3 108 1.00014
3 109 1.00012
3 110 1.0001
3 111 1.00006
3 112 1.00002
3 113 1
3 114 0.999946
3 115 0.999825
3 116 0.999768
3 117 0.99979
3 118 0.999532
3 119 0.999099
3 120 0.999234
3 121 0.999418
3 122 0.997909
3 123 0.996439
3 124 0.998362
3 125 0.998039
3 126 0.991176
3 127 0.999842

4 0 0
4 1 1.00111
4 2 1.00111
4 3 1.00111
4 4 1.00111
4 5 1.00111
4 6 1.00111
4 7 1.00111
4 8 1.00111
4 9 1.00111
4 10 1.00111
4 11 1.00112
4 12 1.00112
4 13 1.00112
4 14 1.00112
4 15 1.00112
4 16 1.00112
4 17 1.00112
4 18 1.00112
4 19 1.00112
4 20 1.00112
4 21 1.00112
4 22 1.00112
4 23 1.00111
4 24 1.00111
4 25 1.00111
4 26 1.00111
4 27 1.00111
4 28 1.00111
4 29 1.0011
4 30 1.0011
4 31 1.0011
4 32 1.0011
4 33 1.00109
4 34 1.00109
4 35 1.00108
4 36 1.00108
4 37 1.00107
4 38 1.00107
4 39 1.00106
4 40 1.00105
4 41 1.00105
4 42 1.00104
4 43 1.00103
4 44 1.00102
4 45 1.00101
4 46 1.001
4 47 1.00099
4 48 1.00098
4 49 1.00097
4 50 1.00096
4 51 1.00095
4 52 1.00094
4 53 1.00092
4 54 1.00091
4 55 1.0009
4 56 1.00088
4 57 1.00087
4 58 1.00085
4 59 1.00084
4 60 1.00082
4 61 1.00081
4 62 1.00079
4 63 1.00077
4 64 1.00076
4 65 1.00074
4 66 1.00073
4 67 1.00071
4 68 1.00069
4 69 1.00068
4 70 1.00066
4 71 1.00064
4 72 1.00063
4 73 1.00061
4 74 1.0006
4 75 1.00058
4 76 1.00056
4 77 1.00055
4 78 1.00053
4 79 1.00052
4 80 1.0005
4 81 1.00049
4 82 1.00047
4 83 1.00046
4 84 1.00045
4 85 1.00043
4 86 1.00042
4 87 1.00041
4 88 1.0004
4 89 1.00038
4 90 1.00037
4 91 1.00036
4 92 1.00035
4 93 1.00034
4 94 1.00033
4 95 1.00032
4 96 1.0003
4 97 1.00029
4 98 1.00028
4 99 1.00027
4 100 1.00026
4 101 1.00025
4 102 1.00024
4 103 1.00022
4 104 1.00021
4 105 1.00019
4 106 1.00018
4 107 1.00016
4 108 1.00014
4 109 1.00011
4 110 1.00009
4 111 1.00007
4 112 1.00001
4 113 0.999943
4 114 0.999952
4 115 0.999914
4 116 0.999666
4 117 0.999566
4 118 0.999832
4 119 0.999473
4 120 0.998392
4 121 0.998917
4 122 1.00021
4 123 0.997147
4 124 0.993939
4 125 1.00072
4 126 1.00037
4 127 0.995401

5 0 0
5 1 1.00111
5 2 1.00111
5 3 1.00111
5 4 1.00111
5 5 1.00111
5 6 1.00111
5 7 1.00111
5 8 1.00111
5 9 1.00111
5 10 1.00111
5 11 1.00111
5 12 1.00111
5 13 1.00111
5 14 1.00111
5 15 1.00111
5 16 1.00112
5 17 1.00112
5 18 1.00111
5 19 1.00111
5 20 1.00111
5 21 1.00111
5 22 1.00111
5 23 1.00111
5 24 1.00111
5 25 1.00111
5 26 1.00111
5 27 1.00111
5 28 1.0011
5 29 1.0011
5 30 1.0011
5 31 1.0011
5 32 1.00109
5 33 1.00109
5 34 1.00108
5 35 1.00108
5 36 1.00107
5 37 1.00107
5 38 1.00106
5 39 1.00106
5 40 1.00105
5 41 1.00104
5 42 1.00104
5 43 1.00103
5 44 1.00102
5 45 1.00101
5 46 1.001
5 47 1.00099
5 48 1.00098
5 49 1.00097
5 50 1.00096
5 51 1.00094
5 52 1.00093
5 53 1.00092
5 54 1.00091
5 55 1.00089
5 56 1.00088
5 57 1.00086
5 58 1.00085
5 59 1.00083
5 60 1.00082
5 61 1.0008
5 62 1.00079
5 63 1.00077
5 64 1.00076
5 65 1.00074
5 66 1.00072
5 67 1.00071
5 68 1.00069
5 69 1.00067
5 70 1.00066
5 71 1.00064
5 72 1.00062
5 73 1.00061
5 74 1.00059
5 75 1.00058
5 76 1.00056
5 77 1.00055
5 78 1.00053
5 79 1.00052
5 80 1.0005
5 81 1.00049
5 82 1.00047
5 83 1.00046
5 84 1.00045
5 85 1.00043
5 86 1.00042
5 87 1.00041
5 88 1.00039
5 89 1.00038
5 90 1.00037
5 91 1.00036
5 92 1.00035
5 93 1.00034
5 94 1.00033
5 95 1.00031
5 96 1.0003
5 97 1.00029
5 98 1.00028
5 99 1.00027
5 100 1.00026
5 101 1.00025
5 102 1.00023
5 103 1.00022
5 104 1.00021
5 105 1.00019
5 106 1.00017
5 107 1.00015
5 108 1.00014
5 109 1.00011
5 110 1.00008
5 111 1.00005
5 112 1.00004
5 113 0.99997
5 114 0.999876
5 115 0.999883
5 116 0.999871
5 117 0.999581
5 118 0.999388
5 119 0.999716
5 120 0.999502
5 121 0.998243
5 122 0.99845
5 123 1.00011
5 124 0.997637
5 125 0.996237
5 126 1.0012
5 127 1.00172

6 0 0
6 1 1.00111
6 2 1.00111
6 3 1.00111
6 4 1.00111
6 5 1.00111
6 6 1.00111
6 7 1.00111
6 8 1.00111
6 9 1.00111
6 10 1.00111
6 11 1.00111
6 12 1.00111
6 13 1.00111
6 14 1.00111
6 15 1.00111
6 16 1.00111
6 17 1.00111
6 18 1.00111
6 19 1.00111
6 20 1.00111
6 21 1.00111
6 22 1.00111
6 23 1.00111
6 24 1.00111
6 25 1.00111
6 26 1.00111
6 27 1.0011
6 28 1.0011
6 29 1.0011
6 30 1.0011
6 31 1.00109
6 32 1.00109
6 33 1.00109
6 34 1.00108
6 35 1.00108
6 36 1.00107
6 37 1.00107
6 38 1.00106
6 39 1.00105
6 40 1.00105
6 41 1.00104
6 42 1.00103
6 43 1.00102
6 44 1.00101
6 45 1.00101
6 46 1.001
6 47 1.00099
6 48 1.00097
6 49 1.00096
6 50 1.00095
6 51 1.00094
6 52 1.00093
6 53 1.00091
6 54 1.0009
6 55 1.00089
6 56 1.00087
6 57 1.00086
6 58 1.00084
6 59 1.00083
6 60 1.00081
6 61 1.0008
6 62 1.00078
6 63 1.00077
6 64 1.00075
6 65 1.00074
6 66 1.00072
6 67 1.0007
6 68 1.00069
6 69 1.00067
6 70 1.00065
6 71 1.00064
6 72 1.00062
6 73 1.00061
6 74 1.00059
6 75 1.00057
6 76 1.00056
6 77 1.00054
6 78 1.00053
6 79 1.00051
6 80 1.0005
6 81 1.00048
6 82 1.00047
6 83 1.00046
6 84 1.00044
6 85 1.00043
6 86 1.00042
6 87 1.00041
6 88 1.00039
6 89 1.00038
6 90 1.00037
6 91 1.00036
6 92 1.00035
6 93 1.00034
6 94 1.00032
6 95 1.00031
6 96 1.0003
6 97 1.00029
6 98 1.00028
6 99 1.00027
6 100 1.00026
6 101 1.00025
6 102 1.00023
6 103 1.00022
6 104 1.00021
6 105 1.00019
6 106 1.00018
6 107 1.00015
6 108 1.00013
6 109 1.00012
6 110 1.00009
6 111 1.00004
6 112 1.00002
6 113 1.00002
6 114 0.999925
6 115 0.999787
6 116 0.999849
6 117 0.999885
6 118 0.999432
6 119 0.999198
6 120 0.999826
6 121 0.999539
6 122 0.99783
6 123 0.998745
6 124 1.0005
6 125 0.998187
6 126 0.999537
6 127 1.00079

7 0 0
7 1 1.00111
7 2 1.00111
7 3 1.00111
7 4 1.00111
7 5 1.00111
7 6 1.00111
7 7 1.00111
7 8 1.00111
7 9 1.00111
7 10 1.00111
7 11 1.00111
7 12 1.00111
7 13 1.00111
7 14 1.00111
7 15 1.00111
7 16 1.00111
7 17 1.00111
7 18 1.00111
7 19 1.00111
7 20 1.00111
7 21 1.00111
7 22 1.00111
7 23 1.00111
7 24 1.00111
7 25 1.0011
7 26 1.0011
7 27 1.0011
7 28 1.0011
7 29 1.0011
7 30 1.00109
7 31 1.00109
7 32 1.00109
7 33 1.00108
7 34 1.00108
7 35 1.00107
7 36 1.00107
7 37 1.00106
7 38 1.00106
7 39 1.00105
7 40 1.00104
7 41 1.00104
7 42 1.00103
7 43 1.00102
7 44 1.00101
7 45 1.001
7 46 1.00099
7 47 1.00098
7 48 1.00097
7 49 1.00096
7 50 1.00095
7 51 1.00094
7 52 1.00092
7 53 1.00091
7 54 1.0009
7 55 1.00088
7 56 1.00087
7 57 1.00086
7 58 1.00084
7 59 1.00083
7 60 1.00081
7 61 1.0008
7 62 1.00078
7 63 1.00076
7 64 1.00075
7 65 1.00073
7 66 1.00071
7 67 1.0007
7 68 1.00068
7 69 1.00067
7 70 1.00065
7 71 1.00063
7 72 1.00062
7 73 1.0006
7 74 1.00059
7 75 1.00057
7 76 1.00055
7 77 1.00054
7 78 1.00052
7 79 1.00051
7 80 1.0005
7 81 1.00048
7 82 1.00047
7 83 1.00045
7 84 1.00044
7 85 1.00043
7 86 1.00042
7 87 1.0004
7 88 1.00039
7 89 1.00038
7 90 1.00037
7 91 1.00036
7 92 1.00035
7 93 1.00033
7 94 1.00032
7 95 1.00031
7 96 1.0003
7 97 1.00029
7 98 1.00028
7 99 1.00027
7 100 1.00026
7 101 1.00025
7 102 1.00023
7 103 1.00022
7 104 1.00021
7 105 1.00019
7 106 1.00018
7 107 1.00016
7 108 1.00014
7 109 1.00011
7 110 1.0001
7 111 1.00008
7 112 1.00001
7 113 0.999979
7 114 1
7 115 0.999914
7 116 0.999716
7 117 0.999783
7 118 0.999922
7 119 0.999441
7 120 0.999048
7 121 0.99979
7 122 0.999702
7 123 0.998255
7 124 0.99927
7 125 1.00043
7 126 0.999708
7 127 0.999922

8 0 0
8 1 1.00111
8 2 1.00111
8 3 1.00111
8 4 1.00111
8 5 1.00111
8 6 1.00111
8 7 1.00111
8 8 1.00111
8 9 1.00111
8 10 1.00111
8 11 1.00111
8 12 1.00111
8 13 1.00111
8 14 1.00111
8 15 1.00111
8 16 1.00111
8 17 1.00111
8 18 1.00111
8 19 1.00111
8 20 1.00111
8 21 1.00111
8 22 1.00111
8 23 1.0011
8 24 1.0011
8 25 1.0011
8 26 1.0011
8 27 1.0011
8 28 1.0011
8 29 1.00109
8 30 1.00109
8 31 1.00109
8 32 1.00108
8 33 1.00108
8 34 1.00107
8 35 1.00107
8 36 1.00106
8 37 1.00106
8 38 1.00105
8 39 1.00105
8 40 1.00104
8 41 1.00103
8 42 1.00102
8 43 1.00102
8 44 1.00101
8 45 1.001
8 46 1.00099
8 47 1.00098
8 48 1.00097
8 49 1.00096
8 50 1.00094
8 51 1.00093
8 52 1.00092
8 53 1.00091
8 54 1.00089
8 55 1.00088
8 56 1.00087
8 57 1.00085
8 58 1.00084
8 59 1.00082
8 60 1.00081
8 61 1.00079
8 62 1.00077
8 63 1.00076
8 64 1.00074
8 65 1.00073
8 66 1.00071
8 67 1.00069
8 68 1.00068
8 69 1.00066
8 70 1.00065
8 71 1.00063
8 72 1.00061
8 73 1.0006
8 74 1.00058
8 75 1.00057
8 76 1.00055
8 77 1.00054
8 78 1.00052
8 79 1.00051
8 80 1.00049
8 81 1.00048
8 82 1.00046
8 83 1.00045
8 84 1.00044
8 85 1.00043
8 86 1.00041
8 87 1.0004
8 88 1.00039
8 89 1.00038
8 90 1.00037
8 91 1.00035
8 92 1.00034
8 93 1.00033
8 94 1.00032
8 95 1.00031
8 96 1.0003
8 97 1.00029
8 98 1.00028
8 99 1.00027
8 100 1.00026
8 101 1.00025
8 102 1.00024
8 103 1.00022
8 104 1.00021
8 105 1.0002
8 106 1.00018
8 107 1.00017
8 108 1.00015
8 109 1.00013
8 110 1.0001
8 111 1.00009
8 112 1.00007
8 113 0.999988
8 114 0.999953
8 115 1.00001
8 116 0.999905
8 117 0.999663
8 118 0.999777
8 119 0.999963
8 120 0.999412
8 121 0.999127
8 122 0.999946
8 123 0.999656
8 124 0.999013
8 125 1.00013
8 126 1.00016
8 127 1.00028

9 0 0
9 1 1.0011
9 2 1.0011
9 3 1.00111
9 4 1.00111
9 5 1.00111
9 6 1.00111
9 7 1.00111
9 8 1.00111
9 9 1.00111
9 10 1.00111
9 11 1.00111
9 12 1.00111
9 13 1.00111
9 14 1.00111
9 15 1.00111
9 16 1.00111
9 17 1.00111
9 18 1.00111
9 19 1.00111
9 20 1.00111
9 21 1.0011
9 22 1.0011
9 23 1.0011
9 24 1.0011
9 25 1.0011
9 26 1.0011
9 27 1.0011
9 28 1.00109
9 29 1.00109
9 30 1.00109
9 31 1.00108
9 32 1.00108
9 33 1.00108
9 34 1.00107
9 35 1.00107
9 36 1.00106
9 37 1.00106
9 38 1.00105
9 39 1.00104
9 40 1.00104
9 41 1.00103
9 42 1.00102
9 43 1.00101
9 44 1.001
9 45 1.00099
9 46 1.00098
9 47 1.00097
9 48 1.00096
9 49 1.00095
9 50 1.00094
9 51 1.00093
9 52 1.00092
9 53 1.0009
9 54 1.00089
9 55 1.00088
9 56 1.00086
9 57 1.00085
9 58 1.00083
9 59 1.00082
9 60 1.0008
9 61 1.00079
9 62 1.00077
9 63 1.00075
9 64 1.00074
9 65 1.00072
9 66 1.00071
9 67 1.00069
9 68 1.00067
9 69 1.00066
9 70 1.00064
9 71 1.00062
9 72 1.00061
9 73 1.00059
9 74 1.00058
9 75 1.00056
9 76 1.00055
9 77 1.00053
9 78 1.00052
9 79 1.0005
9 80 1.00049
9 81 1.00047
9 82 1.00046
9 83 1.00045
9 84 1.00043
9 85 1.00042
9 86 1.00041
9 87 1.0004
9 88 1.00039
9 89 1.00037
9 90 1.00036
9 91 1.00035
9 92 1.00034
9 93 1.00033
9 94 1.00032
9 95 1.00031
9 96 1.0003
9 97 1.00029
9 98 1.00028
9 99 1.00027
9 100 1.00026
9 101 1.00025
9 102 1.00024
9 103 1.00023
9 104 1.00021
9 105 1.0002
9 106 1.00019
9 107 1.00017
9 108 1.00016
9 109 1.00015
9 110 1.00012
9 111 1.00008
9 112 1.00009
9 113 1.00008
9 114 0.999979
9 115 0.999929
9 116 1.00002
9 117 0.999939
9 118 0.999647
9 119 0.999774
9 120 1.00003
9 121 0.999515
9 122 0.999348
9 123 1.00007
9 124 0.99989
9 125 0.999707
9 126 1.00028
9 127 1.00067

10 0 0
10 1 1.0011
10 2 1.0011
10 3 1.0011
10 4 1.0011
10 5 1.0011
10 6 1.0011
10 7 1.0011
10 8 1.0011
10 9 1.0011
10 10 1.0011
10 11 1.0011
10 12 1.0011
10 13 1.0011
10 14 1.0011
10 15 1.0011
10 16 1.0011
10 17 1.0011
10 18 1.0011
10 19 1.0011
10 20 1.0011
10 21 1.0011
10 22 1.0011
10 23 1.0011
10 24 1.0011
10 25 1.0011
10 26 1.0011
10 27 1.00109
10 28 1.00109
10 29 1.00109
10 30 1.00108
10 31 1.00108
10 32 1.00108
10 33 1.00107
10 34 1.00107
10 35 1.00106
10 36 1.00106
10 37 1.00105
10 38 1.00105
10 39 1.00104
10 40 1.00103
10 41 1.00103
10 42 1.00102
10 43 1.00101
10 44 1.001
10 45 1.00099
10 46 1.00098
10 47 1.00097
10 48 1.00096
10 49 1.00095
10 50 1.00094
10 51 1.00092
10 52 1.00091
10 53 1.0009
10 54 1.00088
10 55 1.00087
10 56 1.00086
10 57 1.00084
10 58 1.00083
10 59 1.00081
10 60 1.0008
10 61 1.00078
10 62 1.00076
10 63 1.00075
10 64 1.00073
10 65 1.00072
10 66 1.0007
10 67 1.00068
10 68 1.00067
10 69 1.00065
10 70 1.00063
10 71 1.00062
10 72 1.0006
10 73 1.00059
10 74 1.00057
10 75 1.00056
10 76 1.00054
10 77 1.00052
10 78 1.00051
10 79 1.0005
10 80 1.00048
10 81 1.00047
10 82 1.00045
10 83 1.00044
10 84 1.00043
10 85 1.00042
10 86 1.0004
10 87 1.00039
10 88 1.00038
10 89 1.00037
10 90 1.00036
10 91 1.00035
10 92 1.00034
10 93 1.00033
10 94 1.00032
10 95 1.00031
10 96 1.0003
10 97 1.00029
10 98 1.00028
10 99 1.00027
10 100 1.00026
10 101 1.00025
10 102 1.00024
10 103 1.00023
10 104 1.00022
10 105 1.00021
10 106 1.0002
10 107 1.00019
10 108 1.00017
10 109 1.00016
10 110 1.00015
10 111 1.00012
10 112 1.00008
10 113 1.00009
10 114 1.00009
10 115 0.999985
10 116 0.999934
10 117 1.00005
10 118 0.999967
10 119 0.999695
10 120 0.999863
10 121 1.00005
10 122 0.999661
10 123 0.99976
10 124 1.00019
10 125 1.00008
10 126 1.00034
10 127 1.00054

11 0 0
11 1 1.0011
11 2 1.0011
11 3 1.0011
11 4 1.0011
11 5 1.0011
11 6 1.0011
11 7 1.0011
11 8 1.0011
11 9 1.0011
11 10 1.0011
11 11 1.0011
11 12 1.0011
11 13 1.0011
11 14 1.0011
11 15 1.0011
11 16 1.0011
11 17 1.0011
11 18 1.0011
11 19 1.0011
11 20 1.0011
11 21 1.0011
11 22 1.0011
11 23 1.0011
11 24 1.0011
11 25 1.00109
11 26 1.00109
11 27 1.00109
11 28 1.00109
11 29 1.00108
11 30 1.00108
11 31 1.00108
11 32 1.00107
11 33 1.00107
11 34 1.00107
11 35 1.00106
11 36 1.00106
11 37 1.00105
11 38 1.00104
11 39 1.00104
11 40 1.00103
11 41 1.00102
11 42 1.00101
11 43 1.00101
11 44 1.001
11 45 1.00099
11 46 1.00098
11 47 1.00097
11 48 1.00096
11 49 1.00094
11 50 1.00093
11 51 1.00092
11 52 1.00091
11 53 1.00089
11 54 1.00088
11 55 1.00087
11 56 1.00085
11 57 1.00084
11 58 1.00082
11 59 1.00081
11 60 1.00079
11 61 1.00077
11 62 1.00076
11 63 1.00074
11 64 1.00073
11 65 1.00071
11 66 1.00069
11 67 1.00068
11 68 1.00066
11 69 1.00064
11 70 1.00063
11 71 1.00061
11 72 1.0006
11 73 1.00058
11 74 1.00056
11 75 1.00055
11 76 1.00053
11 77 1.00052
11 78 1.0005
11 79 1.00049
11 80 1.00048
11 81 1.00046
11 82 1.00045
11 83 1.00044
11 84 1.00042
11 85 1.00041
11 86 1.0004
11 87 1.00039
11 88 1.00038
11 89 1.00037
11 90 1.00036
11 91 1.00035
11 92 1.00034
11 93 1.00033
11 94 1.00032
11 95 1.00031
11 96 1.0003
11 97 1.00029
11 98 1.00028
11 99 1.00027
11 100 1.00027
11 101 1.00026
11 102 1.00025
11 103 1.00024
11 104 1.00023
11 105 1.00022
11 106 1.00021
11 107 1.0002
11 108 1.00019
11 109 1.00017
11 110 1.00016
11 111 1.00016
11 112 1.00013
11 113 1.00008
11 114 1.00011
11 115 1.00013
11 116 1.00001
11 117 0.999956
11 118 1.0001
11 119 1.00002
11 120 0.999787
11 121 0.999984
11 122 1.00013
11 123 0.999888
11 124 1.00007
11 125 1.00036
11 126 1.00047
11 127 1.00059

12 0 0
12 1 1.0011
12 2 1.0011
12 3 1.0011
12 4 1.0011
12 5 1.0011
12 6 1.0011
12 7 1.0011
12 8 1.0011
12 9 1.0011
12 10 1.0011
12 11 1.0011
12 12 1.0011
12 13 1.0011
12 14 1.0011
12 15 1.0011
12 16 1.0011
12 17 1.0011
12 18 1.0011
12 19 1.0011
12 20 1.0011
12 21 1.0011
12 22 1.0011
12 23 1.00109
12 24 1.00109
12 25 1.00109
12 26 1.00109
12 27 1.00109
12 28 1.00108
12 29 1.00108
12 30 1.00108
12 31 1.00108
12 32 1.00107
12 33 1.00107
12 34 1.00106
12 35 1.00106
12 36 1.00105
12 37 1.00105
12 38 1.00104
12 39 1.00103
12 40 1.00103
12 41 1.00102
12 42 1.00101
12 43 1.001
12 44 1.00099
12 45 1.00098
12 46 1.00097
12 47 1.00096
12 48 1.00095
12 49 1.00094
12 50 1.00093
12 51 1.00091
12 52 1.0009
12 53 1.00089
12 54 1.00087
12 55 1.00086
12 56 1.00085
12 57 1.00083
12 58 1.00082
12 59 1.0008
12 60 1.00078
12 61 1.00077
12 62 1.00075
12 63 1.00074
12 64 1.00072
12 65 1.0007
12 66 1.00069
12 67 1.00067
12 68 1.00065
12 69 1.00064
12 70 1.00062
12 71 1.0006
12 72 1.00059
12 73 1.00057
12 74 1.00056
12 75 1.00054
12 76 1.00053
12 77 1.00051
12 78 1.0005
12 79 1.00048
12 80 1.00047
12 81 1.00045
12 82 1.00044
12 83 1.00043
12 84 1.00042
12 85 1.00041
12 86 1.00039
12 87 1.00038
12 88 1.00037
12 89 1.00036
12 90 1.00035
12 91 1.00034
12 92 1.00033
12 93 1.00032
12 94 1.00032
12 95 1.00031
12 96 1.0003
12 97 1.00029
12 98 1.00028
12 99 1.00028
12 100 1.00027
12 101 1.00026
12 102 1.00025
12 103 1.00025
12 104 1.00024
12 105 1.00023
12 106 1.00022
12 107 1.00021
12 108 1.00021
12 109 1.0002
12 110 1.00018
12 111 1.00017
12 112 1.00018
12 113 1.00016
12 114 1.0001
12 115 1.00013
12 116 1.00016
12 117 1.00005
12 118 1.00002
12 119 1.00015
12 120 1.00007
12 121 0.999947
12 122 1.00013
12 123 1.0002
12 124 1.00018
12 125 1.00038
12 126 1.00054
12 127 1.0007

13 0 0
13 1 1.00109
13 2 1.00109
13 3 1.00109
13 4 1.00109
13 5 1.0011
13 6 1.0011
13 7 1.0011
13 8 1.0011
13 9 1.0011
13 10 1.0011
13 11 1.0011
13 12 1.0011
13 13 1.0011
13 14 1.0011
13 15 1.0011
13 16 1.0011
13 17 1.0011
13 18 1.0011
13 19 1.0011
13 20 1.0011
13 21 1.00109
13 22 1.00109
13 23 1.00109
13 24 1.00109
13 25 1.00109
13 26 1.00109
13 27 1.00108
13 28 1.00108
13 29 1.00108
13 30 1.00108
13 31 1.00107
13 32 1.00107
13 33 1.00106
13 34 1.00106
13 35 1.00105
13 36 1.00105
13 37 1.00104
13 38 1.00104
13 39 1.00103
13 40 1.00102
13 41 1.00101
13 42 1.00101
13 43 1.001
13 44 1.00099
13 45 1.00098
13 46 1.00097
13 47 1.00096
13 48 1.00095
13 49 1.00093
13 50 1.00092
13 51 1.00091
13 52 1.0009
13 53 1.00088
13 54 1.00087
13 55 1.00085
13 56 1.00084
13 57 1.00082
13 58 1.00081
13 59 1.00079
13 60 1.00078
13 61 1.00076
13 62 1.00074
13 63 1.00073
13 64 1.00071
13 65 1.00069
13 66 1.00068
13 67 1.00066
13 68 1.00064
13 69 1.00063
13 70 1.00061
13 71 1.0006
13 72 1.00058
13 73 1.00056
13 74 1.00055
13 75 1.00053
13 76 1.00052
13 77 1.0005
13 78 1.00049
13 79 1.00047
13 80 1.00046
13 81 1.00045
13 82 1.00043
13 83 1.00042
13 84 1.00041
13 85 1.0004
13 86 1.00039
13 87 1.00038
13 88 1.00037
13 89 1.00036
13 90 1.00035
13 91 1.00034
13 92 1.00033
13 93 1.00032
13 94 1.00031
13 95 1.00031
13 96 1.0003
13 97 1.00029
13 98 1.00029
13 99 1.00028
13 100 1.00027
13 101 1.00027
13 102 1.00026
13 103 1.00026
13 104 1.00025
13 105 1.00024
13 106 1.00024
13 107 1.00023
13 108 1.00022
13 109 1.00022
13 110 1.00022
13 111 1.0002
13 112 1.00019
13 113 1.00021
13 114 1.00019
13 115 1.00014
13 116 1.00017
13 117 1.00021
13 118 1.00011
13 119 1.0001
13 120 1.00022
13 121 1.00016
13 122 1.00012
13 123 1.00029
13 124 1.00036
13 125 1.00043
13 126 1.00059
13 127 1.00074

14 0 0
14 1 1.00109
14 2 1.00109
14 3 1.00109
14 4 1.00109
14 5 1.00109
14 6 1.00109
14 7 1.00109
14 8 1.00109
14 9 1.00109
14 10 1.00109
14 11 1.00109
14 12 1.00109
14 13 1.00109
14 14 1.00109
14 15 1.00109
14 16 1.00109
14 17 1.00109
14 18 1.00109
14 19 1.00109
14 20 1.00109
14 21 1.00109
14 22 1.00109
14 23 1.00109
14 24 1.00109
14 25 1.00109
14 26 1.00108
14 27 1.00108
14 28 1.00108
14 29 1.00108
14 30 1.00107
14 31 1.00107
14 32 1.00107
14 33 1.00106
14 34 1.00106
14 35 1.00105
14 36 1.00105
14 37 1.00104
14 38 1.00103
14 39 1.00103
14 40 1.00102
14 41 1.00101
14 42 1.001
14 43 1.00099
14 44 1.00098
14 45 1.00097
14 46 1.00096
14 47 1.00095
14 48 1.00094
14 49 1.00093
14 50 1.00092
14 51 1.0009
14 52 1.00089
14 53 1.00088
14 54 1.00086
14 55 1.00085
14 56 1.00083
14 57 1.00082
14 58 1.0008
14 59 1.00079
14 60 1.00077
14 61 1.00075
14 62 1.00074
14 63 1.00072
14 64 1.0007
14 65 1.00069
14 66 1.00067
14 67 1.00065
14 68 1.00064
14 69 1.00062
14 70 1.0006
14 71 1.00059
14 72 1.00057
14 73 1.00055
14 74 1.00054
14 75 1.00052
14 76 1.00051
14 77 1.00049
14 78 1.00048
14 79 1.00046
14 80 1.00045
14 81 1.00044
14 82 1.00043
14 83 1.00041
14 84 1.0004
14 85 1.00039
14 86 1.00038
14 87 1.00037
14 88 1.00036
14 89 1.00035
14 90 1.00034
14 91 1.00033
14 92 1.00033
14 93 1.00032
14 94 1.00031
14 95 1.0003
14 96 1.0003
14 97 1.00029
14 98 1.00029
14 99 1.00028
14 100 1.00028
14 101 1.00027
14 102 1.00027
14 103 1.00026
14 104 1.00026
14 105 1.00026
14 106 1.00025
14 107 1.00025
14 108 1.00025
14 109 1.00024
14 110 1.00024
14 111 1.00025
14 112 1.00022
14 113 1.00022
14 114 1.00025
14 115 1.00023
14 116 1.00019
14 117 1.00023
14 118 1.00025
14 119 1.00018
14 120 1.0002
14 121 1.00029
14 122 1.00027
14 123 1.00031
14 124 1.00044
14 125 1.00053
14 126 1.00065
14 127 1.00076

15 0 0
15 1 1.00109
15 2 1.00109
15 3 1.00109
15 4 1.00109
15 5 1.00109
15 6 1.00109
15 7 1.00109
15 8 1.00109
15 9 1.00109
15 10 1.00109
15 11 1.00109
15 12 1.00109
15 13 1.00109
15 14 1.00109
15 15 1.00109
15 16 1.00109
15 17 1.00109
15 18 1.00109
15 19 1.00109
15 20 1.00109
15 21 1.00109
15 22 1.00109
15 23 1.00109
15 24 1.00108
15 25 1.00108
15 26 1.00108
15 27 1.00108
15 28 1.00108
15 29 1.00107
15 30 1.00107
15 31 1.00107
15 32 1.00106
15 33 1.00106
15 34 1.00105
15 35 1.00105
15 36 1.00104
15 37 1.00104
15 38 1.00103
15 39 1.00102
15 40 1.00101
15 41 1.00101
15 42 1.001
15 43 1.00099
15 44 1.00098
15 45 1.00097
15 46 1.00096
15 47 1.00095
15 48 1.00094
15 49 1.00092
15 50 1.00091
15 51 1.0009
15 52 1.00088
15 53 1.00087
15 54 1.00086
15 55 1.00084
15 56 1.00083
15 57 1.00081
15 58 1.00079
15 59 1.00078
15 60 1.00076
15 61 1.00074
15 62 1.00073
15 63 1.00071
15 64 1.00069
15 65 1.00068
15 66 1.00066
15 67 1.00064
15 68 1.00063
15 69 1.00061
15 70 1.00059
15 71 1.00058
15 72 1.00056
15 73 1.00054
15 74 1.00053
15 75 1.00051
15 76 1.0005
15 77 1.00048
15 78 1.00047
15 79 1.00045
15 80 1.00044
15 81 1.00043
15 82 1.00042
15 83 1.0004
15 84 1.00039
15 85 1.00038
15 86 1.00037
15 87 1.00036
15 88 1.00035
15 89 1.00034
15 90 1.00034
15 91 1.00033
15 92 1.00032
15 93 1.00031
15 94 1.00031
15 95 1.0003
15 96 1.0003
15 97 1.00029
15 98 1.00029
15 99 1.00028
15 100 1.00028
15 101 1.00028
15 102 1.00027
15 103 1.00027
15 104 1.00027
15 105 1.00027
15 106 1.00027
15 107 1.00027
15 108 1.00027
15 109 1.00027
15 110 1.00026
15 111 1.00027
15 112 1.00028
15 113 1.00026
15 114 1.00026
15 115 1.00029
15 116 1.00028
15 117 1.00025
15 118 1.00029
15 119 1.00031
15 120 1.00027
15 121 1.00032
15 122 1.00039
15 123 1.00041
15 124 1.00049
15 125 1.0006
15 126 1.00071
15 127 1.00081

16 0 0
16 1 1.00108
16 2 1.00108
16 3 1.00109
16 4 1.00109
16 5 1.00109
16 6 1.00109
16 7 1.00109
16 8 1.00109
16 9 1.00109
16 10 1.00109
16 11 1.00109
16 12 1.00109
16 13 1.00109
16 14 1.00109
16 15 1.00109
16 16 1.00109
16 17 1.00109
16 18 1.00109
16 19 1.00109
16 20 1.00109
16 21 1.00109
16 22 1.00108
16 23 1.00108
16 24 1.00108
16 25 1.00108
16 26 1.00108
16 27 1.00108
16 28 1.00107
16 29 1.00107
16 30 1.00107
16 31 1.00106
16 32 1.00106
16 33 1.00105
16 34 1.00105
16 35 1.00104
16 36 1.00104
16 37 1.00103
16 38 1.00102
16 39 1.00102
16 40 1.00101
16 41 1.001
16 42 1.00099
16 43 1.00098
16 44 1.00097
16 45 1.00096
16 46 1.00095
16 47 1.00094
16 48 1.00093
16 49 1.00092
16 50 1.0009
16 51 1.00089
16 52 1.00088
16 53 1.00086
16 54 1.00085
16 55 1.00083
16 56 1.00082
16 57 1.0008
16 58 1.00079
16 59 1.00077
16 60 1.00075
16 61 1.00074
16 62 1.00072
16 63 1.0007
16 64 1.00068
16 65 1.00067
16 66 1.00065
16 67 1.00063
16 68 1.00061
16 69 1.0006
16 70 1.00058
16 71 1.00056
16 72 1.00055
16 73 1.00053
16 74 1.00051
16 75 1.0005
16 76 1.00048
16 77 1.00047
16 78 1.00046
16 79 1.00044
16 80 1.00043
16 81 1.00042
16 82 1.0004
16 83 1.00039
16 84 1.00038
16 85 1.00037
16 86 1.00036
16 87 1.00035
16 88 1.00034
16 89 1.00034
16 90 1.00033
16 91 1.00032
16 92 1.00031
16 93 1.00031
16 94 1.0003
16 95 1.0003
16 96 1.0003
16 97 1.00029
16 98 1.00029
16 99 1.00029
16 100 1.00028
16 101 1.00028
16 102 1.00028
16 103 1.00028
16 104 1.00028
16 105 1.00028
16 106 1.00029
16 107 1.00028
16 108 1.00029
16 109 1.0003
16 110 1.00029
16 111 1.00029
16 112 1.00031
16 113 1.00032
16 114 1.0003
16 115 1.00031
16 116 1.00034
16 117 1.00033
16 118 1.00032
16 119 1.00036
16 120 1.00038
16 121 1.00038
16 122 1.00043
16 123 1.0005
16 124 1.00056
16 125 1.00065
16 126 1.00075
16 127 1.00085

17 0 0
17 1 1.00108
17 2 1.00108
17 3 1.00108
17 4 1.00108
17 5 1.00108
17 6 1.00108
17 7 1.00108
17 8 1.00108
17 9 1.00108
17 10 1.00108
17 11 1.00109
17 12 1.00109
17 13 1.00109
17 14 1.00109
17 15 1.00109
17 16 1.00109
17 17 1.00108
17 18 1.00108
17 19 1.00108
17 20 1.00108
17 21 1.00108
17 22 1.00108
17 23 1.00108
17 24 1.00108
17 25 1.00108
17 26 1.00107
17 27 1.00107
17 28 1.00107
17 29 1.00107
17 30 1.00106
17 31 1.00106
17 32 1.00105
17 33 1.00105
17 34 1.00105
17 35 1.00104
17 36 1.00103
17 37 1.00103
17 38 1.00102
17 39 1.00101
17 40 1.00101
17 41 1.001
17 42 1.00099
17 43 1.00098
17 44 1.00097
17 45 1.00096
17 46 1.00095
17 47 1.00094
17 48 1.00092
17 49 1.00091
17 50 1.0009
17 51 1.00088
17 52 1.00087
17 53 1.00086
17 54 1.00084
17 55 1.00082
17 56 1.00081
17 57 1.00079
17 58 1.00078
17 59 1.00076
17 60 1.00074
17 61 1.00072
17 62 1.00071
17 63 1.00069
17 64 1.00067
17 65 1.00065
17 66 1.00064
17 67 1.00062
17 68 1.0006
17 69 1.00058
17 70 1.00057
17 71 1.00055
17 72 1.00053
17 73 1.00052
17 74 1.0005
17 75 1.00049
17 76 1.00047
17 77 1.00046
17 78 1.00044
17 79 1.00043
17 80 1.00042
17 81 1.0004
17 82 1.00039
17 83 1.00038
17 84 1.00037
17 85 1.00036
17 86 1.00035
17 87 1.00034
17 88 1.00033
17 89 1.00033
17 90 1.00032
17 91 1.00031
17 92 1.00031
17 93 1.0003
17 94 1.0003
17 95 1.0003
17 96 1.00029
17 97 1.00029
17 98 1.00029
17 99 1.00029
17 100 1.00029
17 101 1.00029
17 102 1.00029
17 103 1.00029
17 104 1.00029
17 105 1.0003
17 106 1.0003
17 107 1.00031
17 108 1.00031
17 109 1.00031
17 110 1.00032
17 111 1.00033
17 112 1.00033
17 113 1.00035
17 114 1.00036
17 115 1.00035
17 116 1.00036
17 117 1.00039
17 118 1.00039
17 119 1.00039
17 120 1.00044
17 121 1.00046
17 122 1.00049
17 123 1.00055
17 124 1.00062
17 125 1.0007
17 126 1.00079
17 127 1.00087

18 0 0
18 1 1.00108
18 2 1.00108
18 3 1.00108
18 4 1.00108
18 5 1.00108
18 6 1.00108
18 7 1.00108
18 8 1.00108
18 9 1.00108
18 10 1.00108
18 11 1.00108
18 12 1.00108
18 13 1.00108
18 14 1.00108
18 15 1.00108
18 16 1.00108
18 17 1.00108
18 18 1.00108
18 19 1.00108
18 20 1.00108
18 21 1.00108
18 22 1.00108
18 23 1.00108
18 24 1.00107
18 25 1.00107
18 26 1.00107
18 27 1.00107
18 28 1.00107
18 29 1.00106
18 30 1.00106
18 31 1.00105
18 32 1.00105
18 33 1.00105
18 34 1.00104
18 35 1.00104
18 36 1.00103
18 37 1.00102
18 38 1.00102
18 39 1.00101
18 40 1.001
18 41 1.00099
18 42 1.00098
18 43 1.00097
18 44 1.00096
18 45 1.00095
18 46 1.00094
18 47 1.00093
18 48 1.00092
18 49 1.0009
18 50 1.00089
18 51 1.00088
18 52 1.00086
18 53 1.00085
18 54 1.00083
18 55 1.00082
18 56 1.0008
18 57 1.00078
18 58 1.00077
18 59 1.00075
18 60 1.00073
18 61 1.00071
18 62 1.0007
18 63 1.00068
18 64 1.00066
18 65 1.00064
18 66 1.00062
18 67 1.00061
18 68 1.00059
18 69 1.00057
18 70 1.00055
18 71 1.00054
18 72 1.00052
18 73 1.0005
18 74 1.00049
18 75 1.00047
18 76 1.00046
18 77 1.00044
18 78 1.00043
18 79 1.00041
18 80 1.0004
18 81 1.00039
18 82 1.00038
18 83 1.00037
18 84 1.00036
18 85 1.00035
18 86 1.00034
18 87 1.00033
18 88 1.00032
18 89 1.00032
18 90 1.00031
18 91 1.0003
18 92 1.0003
18 93 1.0003
18 94 1.00029
18 95 1.00029
18 96 1.00029
18 97 1.00029
18 98 1.00029
18 99 1.00029
18 100 1.00029
18 101 1.00029
18 102 1.0003
18 103 1.0003
18 104 1.0003
18 105 1.00031
18 106 1.00031
18 107 1.00032
18 108 1.00033
18 109 1.00033
18 110 1.00034
18 111 1.00036
18 112 1.00036
18 113 1.00037
18 114 1.00039
18 115 1.0004
18 116 1.0004
18 117 1.00042
18 118 1.00045
18 119 1.00046
18 120 1.00047
18 121 1.00052
18 122 1.00055
18 123 1.0006
18 124 1.00067
18 125 1.00074
18 126 1.00082
18 127 1.0009

19 0 0
19 1 1.00107
19 2 1.00107
19 3 1.00107
19 4 1.00108
19 5 1.00108
19 6 1.00108
19 7 1.00108
19 8 1.00108
19 9 1.00108
19 10 1.00108
19 11 1.00108
19 12 1.00108
19 13 1.00108
19 14 1.00108
19 15 1.00108
19 16 1.00108
19 17 1.00108
19 18 1.00108
19 19 1.00108
19 20 1.00108
19 21 1.00108
19 22 1.00107
19 23 1.00107
19 24 1.00107
19 25 1.00107
19 26 1.00107
19 27 1.00106
19 28 1.00106
19 29 1.00106
19 30 1.00105
19 31 1.00105
19 32 1.00105
19 33 1.00104
19 34 1.00104
19 35 1.00103
19 36 1.00102
19 37 1.00102
19 38 1.00101
19 39 1.001
19 40 1.001
19 41 1.00099
19 42 1.00098
19 43 1.00097
19 44 1.00096
19 45 1.00095
19 46 1.00093
19 47 1.00092
19 48 1.00091
19 49 1.0009
19 50 1.00088
19 51 1.00087
19 52 1.00085
19 53 1.00084
19 54 1.00082
19 55 1.00081
19 56 1.00079
19 57 1.00077
19 58 1.00075
19 59 1.00074
19 60 1.00072
19 61 1.0007
19 62 1.00068
19 63 1.00066
19 64 1.00065
19 65 1.00063
19 66 1.00061
19 67 1.00059
19 68 1.00057
19 69 1.00056
19 70 1.00054
19 71 1.00052
19 72 1.0005
19 73 1.00049
19 74 1.00047
19 75 1.00046
19 76 1.00044
19 77 1.00043
19 78 1.00041
19 79 1.0004
19 80 1.00039
19 81 1.00037
19 82 1.00036
19 83 1.00035
19 84 1.00034
19 85 1.00033
19 86 1.00033
19 87 1.00032
19 88 1.00031
19 89 1.0003
19 90 1.0003
19 91 1.0003
19 92 1.00029
19 93 1.00029
19 94 1.00029
19 95 1.00029
19 96 1.00029
19 97 1.00029
19 98 1.00029
19 99 1.00029
19 100 1.00029
19 101 1.0003
19 102 1.0003
19 103 1.00031
19 104 1.00031
19 105 1.00032
19 106 1.00033
19 107 1.00034
19 108 1.00035
19 109 1.00036
19 110 1.00037
19 111 1.00038
19 112 1.0004
19 113 1.00041
19 114 1.00041
19 115 1.00044
19 116 1.00045
19 117 1.00046
19 118 1.00048
19 119 1.00051
19 120 1.00053
19 121 1.00056
19 122 1.0006
19 123 1.00065
19 124 1.00071
19 125 1.00078
19 126 1.00085
19 127 1.00092

20 0 0
20 1 1.00107
20 2 1.00107
20 3 1.00107
20 4 1.00107
20 5 1.00107
20 6 1.00107
20 7 1.00107
20 8 1.00107
20 9 1.00107
20 10 1.00107
20 11 1.00107
20 12 1.00108
20 13 1.00108
20 14 1.00108
20 15 1.00108
20 16 1.00107
20 17 1.00107
20 18 1.00107
20 19 1.00107
20 20 1.00107
20 21 1.00107
20 22 1.00107
20 23 1.00107
20 24 1.00107
20 25 1.00107
20 26 1.00106
20 27 1.00106
20 28 1.00106
20 29 1.00105
20 30 1.00105
20 31 1.00105
20 32 1.00104
20 33 1.00104
20 34 1.00103
20 35 1.00103
20 36 1.00102
20 37 1.00101
20 38 1.00101
20 39 1.001
20 40 1.00099
20 41 1.00098
20 42 1.00097
20 43 1.00096
20 44 1.00095
20 45 1.00094
20 46 1.00093
20 47 1.00091
20 48 1.0009
20 49 1.00089
20 50 1.00087
20 51 1.00086
20 52 1.00084
20 53 1.00083
20 54 1.00081
20 55 1.00079
20 56 1.00078
20 57 1.00076
20 58 1.00074
20 59 1.00072
20 60 1.00071
20 61 1.00069
20 62 1.00067
20 63 1.00065
20 64 1.00063
20 65 1.00061
20 66 1.00059
20 67 1.00058
20 68 1.00056
20 69 1.00054
20 70 1.00052
20 71 1.0005
20 72 1.00049
20 73 1.00047
20 74 1.00045
20 75 1.00044
20 76 1.00042
20 77 1.00041
20 78 1.00039
20 79 1.00038
20 80 1.00037
20 81 1.00036
20 82 1.00035
20 83 1.00034
20 84 1.00033
20 85 1.00032
20 86 1.00031
20 87 1.0003
20 88 1.0003
20 89 1.00029
20 90 1.00029
20 91 1.00028
20 92 1.00028
20 93 1.00028
20 94 1.00028
20 95 1.00028
20 96 1.00028
20 97 1.00028
20 98 1.00029
20 99 1.00029
20 100 1.00029
20 101 1.0003
20 102 1.00031
20 103 1.00031
20 104 1.00032
20 105 1.00033
20 106 1.00034
20 107 1.00035
20 108 1.00036
20 109 1.00038
20 110 1.00039
20 111 1.0004
20 112 1.00042
20 113 1.00044
20 114 1.00045
20 115 1.00046
20 116 1.00049
20 117 1.0005
20 118 1.00052
20 119 1.00054
20 120 1.00057
20 121 1.0006
20 122 1.00064
20 123 1.00069
20 124 1.00074
20 125 1.00081
20 126 1.00087
20 127 1.00094

21 0 0
21 1 1.00107
21 2 1.00107
21 3 1.00107
21 4 1.00107
21 5 1.00107
21 6 1.00107
21 7 1.00107
21 8 1.00107
21 9 1.00107
21 10 1.00107
21 11 1.00107
21 12 1.00107
21 13 1.00107
21 14 1.00107
21 15 1.00107
21 16 1.00107
21 17 1.00107
21 18 1.00107
21 19 1.00107
21 20 1.00107
21 21 1.00107
21 22 1.00107
21 23 1.00106
21 24 1.00106
21 25 1.00106
21 26 1.00106
21 27 1.00106
21 28 1.00105
21 29 1.00105
21 30 1.00105
21 31 1.00104
21 32 1.00104
21 33 1.00103
21 34 1.00103
21 35 1.00102
21 36 1.00101
21 37 1.00101
21 38 1.001
21 39 1.00099
21 40 1.00098
21 41 1.00097
21 42 1.00096
21 43 1.00095
21 44 1.00094
21 45 1.00093
21 46 1.00092
21 47 1.00091
21 48 1.00089
21 49 1.00088
21 50 1.00086
21 51 1.00085
21 52 1.00083
21 53 1.00082
21 54 1.0008
21 55 1.00078
21 56 1.00077
21 57 1.00075
21 58 1.00073
21 59 1.00071
21 60 1.00069
21 61 1.00067
21 62 1.00065
21 63 1.00064
21 64 1.00062
21 65 1.0006
21 66 1.00058
21 67 1.00056
21 68 1.00054
21 69 1.00052
21 70 1.0005
21 71 1.00049
21 72 1.00047
21 73 1.00045
21 74 1.00044
21 75 1.00042
21 76 1.0004
21 77 1.00039
21 78 1.00038
21 79 1.00036
21 80 1.00035
21 81 1.00034
21 82 1.00033
21 83 1.00032
21 84 1.00031
21 85 1.0003
21 86 1.00029
21 87 1.00029
21 88 1.00028
21 89 1.00028
21 90 1.00028
21 91 1.00027
21 92 1.00027
21 93 1.00027
21 94 1.00027
21 95 1.00027
21 96 1.00027
21 97 1.00028
21 98 1.00028
21 99 1.00029
21 100 1.00029
21 101 1.0003
21 102 1.00031
21 103 1.00032
21 104 1.00033
21 105 1.00034
21 106 1.00035
21 107 1.00036
21 108 1.00038
21 109 1.00039
21 110 1.00041
21 111 1.00043
21 112 1.00044
21 113 1.00046
21 114 1.00048
21 115 1.00049
21 116 1.00051
21 117 1.00054
21 118 1.00056
21 119 1.00058
21 120 1.00061
21 121 1.00064
21 122 1.00067
21 123 1.00072
21 124 1.00077
21 125 1.00083
21 126 1.0009
21 127 1.00096

22 0 0
22 1 1.00106
22 2 1.00106
22 3 1.00106
22 4 1.00106
22 5 1.00106
22 6 1.00106
22 7 1.00107
22 8 1.00107
22 9 1.00107
22 10 1.00107
22 11 1.00107
22 12 1.00107
22 13 1.00107
22 14 1.00107
22 15 1.00107
22 16 1.00107
22 17 1.00107
22 18 1.00107
22 19 1.00107
22 20 1.00106
22 21 1.00106
22 22 1.00106
22 23 1.00106
22 24 1.00106
22 25 1.00106
22 26 1.00105
22 27 1.00105
22 28 1.00105
22 29 1.00105
22 30 1.00104
22 31 1.00104
22 32 1.00103
22 33 1.00103
22 34 1.00102
22 35 1.00102
22 36 1.00101
22 37 1.001
22 38 1.00099
22 39 1.00099
22 40 1.00098
22 41 1.00097
22 42 1.00096
22 43 1.00095
22 44 1.00094
22 45 1.00092
22 46 1.00091
22 47 1.0009
22 48 1.00088
22 49 1.00087
22 50 1.00085
22 51 1.00084
22 52 1.00082
22 53 1.00081
22 54 1.00079
22 55 1.00077
22 56 1.00075
22 57 1.00073
22 58 1.00072
22 59 1.0007
22 60 1.00068
22 61 1.00066
22 62 1.00064
22 63 1.00062
22 64 1.0006
22 65 1.00058
22 66 1.00056
22 67 1.00054
22 68 1.00052
22 69 1.0005
22 70 1.00048
22 71 1.00047
22 72 1.00045
22 73 1.00043
22 74 1.00041
22 75 1.0004
22 76 1.00038
22 77 1.00037
22 78 1.00036
22 79 1.00034
22 80 1.00033
22 81 1.00032
22 82 1.00031
22 83 1.0003
22 84 1.00029
22 85 1.00028
22 86 1.00028
22 87 1.00027
22 88 1.00027
22 89 1.00026
22 90 1.00026
22 91 1.00026
22 92 1.00026
22 93 1.00026
22 94 1.00026
22 95 1.00026
22 96 1.00027
22 97 1.00027
22 98 1.00028
22 99 1.00028
22 100 1.00029
22 101 1.0003
22 102 1.00031
22 103 1.00032
22 104 1.00033
22 105 1.00035
22 106 1.00036
22 107 1.00037
22 108 1.00039
22 109 1.00041
22 110 1.00042
22 111 1.00044
22 112 1.00046
22 113 1.00048
22 114 1.0005
22 115 1.00052
22 116 1.00054
22 117 1.00056
22 118 1.00059
22 119 1.00061
22 120 1.00064
22 121 1.00067
22 122 1.00071
22 123 1.00075
22 124 1.0008
22 125 1.00085
22 126 1.00091
22 127 1.00097

23 0 0
23 1 1.00106
23 2 1.00106
23 3 1.00106
23 4 1.00106
23 5 1.00106
23 6 1.00106
23 7 1.00106
23 8 1.00106
23 9 1.00106
23 10 1.00106
23 11 1.00106
23 12 1.00106
23 13 1.00106
23 14 1.00106
23 15 1.00106
23 16 1.00106
23 17 1.00106
23 18 1.00106
23 19 1.00106
23 20 1.00106
23 21 1.00106
23 22 1.00106
23 23 1.00106
23 24 1.00105
23 25 1.00105
23 26 1.00105
23 27 1.00105
23 28 1.00104
23 29 1.00104
23 30 1.00104
23 31 1.00103
23 32 1.00103
23 33 1.00102
23 34 1.00102
23 35 1.00101
23 36 1.001
23 37 1.001
23 38 1.00099
23 39 1.00098
23 40 1.00097
23 41 1.00096
23 42 1.00095
23 43 1.00094
23 44 1.00093
23 45 1.00091
23 46 1.0009
23 47 1.00089
23 48 1.00087
23 49 1.00086
23 50 1.00084
23 51 1.00083
23 52 1.00081
23 53 1.00079
23 54 1.00078
23 55 1.00076
23 56 1.00074
23 57 1.00072
23 58 1.0007
23 59 1.00068
23 60 1.00066
23 61 1.00064
23 62 1.00062
23 63 1.0006
23 64 1.00058
23 65 1.00056
23 66 1.00054
23 67 1.00052
23 68 1.0005
23 69 1.00048
23 70 1.00046
23 71 1.00044
23 72 1.00043
23 73 1.00041
23 74 1.00039
23 75 1.00038
23 76 1.00036
23 77 1.00035
23 78 1.00033
23 79 1.00032
23 80 1.00031
23 81 1.0003
23 82 1.00029
23 83 1.00028
23 84 1.00027
23 85 1.00026
23 86 1.00026
23 87 1.00025
23 88 1.00025
23 89 1.00025
23 90 1.00024
23 91 1.00024
23 92 1.00024
23 93 1.00025
23 94 1.00025
23 95 1.00025
23 96 1.00026
23 97 1.00026
23 98 1.00027
23 99 1.00028
23 100 1.00029
23 101 1.0003
23 102 1.00031
23 103 1.00032
23 104 1.00034
23 105 1.00035
23 106 1.00037
23 107 1.00038
23 108 1.0004
23 109 1.00042
23 110 1.00044
23 111 1.00046
23 112 1.00048
23 113 1.0005
23 114 1.00052
23 115 1.00054
23 116 1.00057
23 117 1.00059
23 118 1.00061
23 119 1.00064
23 120 1.00066
23 121 1.00069
23 122 1.00073
23 123 1.00077
23 124 1.00082
23 125 1.00087
23 126 1.00093
23 127 1.00098

24 0 0
24 1 1.00105
24 2 1.00105
24 3 1.00105
24 4 1.00106
24 5 1.00106
24 6 1.00106
24 7 1.00106
24 8 1.00106
24 9 1.00106
24 10 1.00106
24 11 1.00106
24 12 1.00106
24 13 1.00106
24 14 1.00106
24 15 1.00106
24 16 1.00106
24 17 1.00106
24 18 1.00106
24 19 1.00106
24 20 1.00106
24 21 1.00105
24 22 1.00105
24 23 1.00105
24 24 1.00105
24 25 1.00105
24 26 1.00105
24 27 1.00104
24 28 1.00104
24 29 1.00104
24 30 1.00103
24 31 1.00103
24 32 1.00102
24 33 1.00102
24 34 1.00101
24 35 1.001
24 36 1.001
24 37 1.00099
24 38 1.00098
24 39 1.00097
24 40 1.00096
24 41 1.00095
24 42 1.00094
24 43 1.00093
24 44 1.00092
24 45 1.00091
24 46 1.00089
24 47 1.00088
24 48 1.00086
24 49 1.00085
24 50 1.00083
24 51 1.00081
24 52 1.0008
24 53 1.00078
24 54 1.00076
24 55 1.00074
24 56 1.00072
24 57 1.0007
24 58 1.00068
24 59 1.00066
24 60 1.00064
24 61 1.00062
24 62 1.0006
24 63 1.00058
24 64 1.00056
24 65 1.00054
24 66 1.00052
24 67 1.0005
24 68 1.00048
24 69 1.00046
24 70 1.00044
24 71 1.00042
24 72 1.0004
24 73 1.00039
24 74 1.00037
24 75 1.00035
24 76 1.00034
24 77 1.00032
24 78 1.00031
24 79 1.0003
24 80 1.00029
24 81 1.00027
24 82 1.00026
24 83 1.00026
24 84 1.00025
24 85 1.00024
24 86 1.00024
24 87 1.00023
24 88 1.00023
24 89 1.00023
24 90 1.00023
24 91 1.00023
24 92 1.00023
24 93 1.00023
24 94 1.00024
24 95 1.00024
24 96 1.00025
24 97 1.00025
24 98 1.00026
24 99 1.00027
24 100 1.00028
24 101 1.00029
24 102 1.00031
24 103 1.00032
24 104 1.00034
24 105 1.00035
24 106 1.00037
24 107 1.00039
24 108 1.00041
24 109 1.00043
24 110 1.00045
24 111 1.00047
24 112 1.00049
24 113 1.00051
24 114 1.00054
24 115 1.00056
24 116 1.00058
24 117 1.00061
24 118 1.00063
24 119 1.00066
24 120 1.00068
24 121 1.00072
24 122 1.00075
24 123 1.00079
24 124 1.00083
24 125 1.00088
24 126 1.00093
24 127 1.00099

25 0 0
25 1 1.00105
25 2 1.00105
25 3 1.00105
25 4 1.00105
25 5 1.00105
25 6 1.00105
25 7 1.00105
25 8 1.00105
25 9 1.00105
25 10 1.00105
25 11 1.00105
25 12 1.00105
25 13 1.00105
25 14 1.00105
25 15 1.00105
25 16 1.00105
25 17 1.00105
25 18 1.00105
25 19 1.00105
25 20 1.00105
25 21 1.00105
25 22 1.00105
25 23 1.00105
25 24 1.00105
25 25 1.00104
25 26 1.00104
25 27 1.00104
25 28 1.00103
25 29 1.00103
25 30 1.00103
25 31 1.00102
25 32 1.00102
25 33 1.00101
25 34 1.001
25 35 1.001
25 36 1.00099
25 37 1.00098
25 38 1.00097
25 39 1.00096
25 40 1.00096
25 41 1.00094
25 42 1.00093
25 43 1.00092
25 44 1.00091
25 45 1.0009
25 46 1.00088
25 47 1.00087
25 48 1.00085
25 49 1.00084
25 50 1.00082
25 51 1.0008
25 52 1.00078
25 53 1.00077
25 54 1.00075
25 55 1.00073
25 56 1.00071
25 57 1.00069
25 58 1.00067
25 59 1.00065
25 60 1.00062
25 61 1.0006
25 62 1.00058
25 63 1.00056
25 64 1.00054
25 65 1.00052
25 66 1.0005
25 67 1.00048
25 68 1.00045
25 69 1.00043
25 70 1.00042
25 71 1.0004
25 72 1.00038
25 73 1.00036
25 74 1.00034
25 75 1.00033
25 76 1.00031
25 77 1.0003
25 78 1.00028
25 79 1.00027
25 80 1.00026
25 81 1.00025
25 82 1.00024
25 83 1.00023
25 84 1.00022
25 85 1.00022
25 86 1.00021
25 87 1.00021
25 88 1.00021
25 89 1.00021
25 90 1.00021
25 91 1.00021
25 92 1.00021
25 93 1.00021
25 94 1.00022
25 95 1.00023
25 96 1.00023
25 97 1.00024
25 98 1.00025
25 99 1.00026
25 100 1.00028
25 101 1.00029
25 102 1.0003
25 103 1.00032
25 104 1.00034
25 105 1.00035
25 106 1.00037
25 107 1.00039
25 108 1.00041
25 109 1.00043
25 110 1.00046
25 111 1.00048
25 112 1.0005
25 113 1.00052
25 114 1.00055
25 115 1.00057
25 116 1.0006
25 117 1.00062
25 118 1.00065
25 119 1.00067
25 120 1.0007
25 121 1.00073
25 122 1.00076
25 123 1.0008
25 124 1.00085
25 125 1.00089
25 126 1.00094
25 127 1.00099

26 0 0
26 1 1.00104
26 2 1.00104
26 3 1.00105
26 4 1.00105
26 5 1.00105
26 6 1.00105
26 7 1.00105
26 8 1.00105
26 9 1.00105
26 10 1.00105
26 11 1.00105
26 12 1.00105
26 13 1.00105
26 14 1.00105
26 15 1.00105
26 16 1.00105
26 17 1.00105
26 18 1.00105
26 19 1.00105
26 20 1.00105
26 21 1.00105
26 22 1.00104
26 23 1.00104
26 24 1.00104
26 25 1.00104
26 26 1.00104
26 27 1.00103
26 28 1.00103
26 29 1.00102
26 30 1.00102
26 31 1.00102
26 32 1.00101
26 33 1.001
26 34 1.001
26 35 1.00099
26 36 1.00098
26 37 1.00098
26 38 1.00097
26 39 1.00096
26 40 1.00095
26 41 1.00094
26 42 1.00092
26 43 1.00091
26 44 1.0009
26 45 1.00089
26 46 1.00087
26 47 1.00086
26 48 1.00084
26 49 1.00082
26 50 1.00081
26 51 1.00079
26 52 1.00077
26 53 1.00075
26 54 1.00073
26 55 1.00071
26 56 1.00069
26 57 1.00067
26 58 1.00065
26 59 1.00063
26 60 1.0006
26 61 1.00058
26 62 1.00056
26 63 1.00054
26 64 1.00052
26 65 1.00049
26 66 1.00047
26 67 1.00045
26 68 1.00043
26 69 1.00041
26 70 1.00039
26 71 1.00037
26 72 1.00035
26 73 1.00033
26 74 1.00032
26 75 1.0003
26 76 1.00028
26 77 1.00027
26 78 1.00026
26 79 1.00024
26 80 1.00023
26 81 1.00022
26 82 1.00021
26 83 1.00021
26 84 1.0002
26 85 1.00019
26 86 1.00019
26 87 1.00019
26 88 1.00019
26 89 1.00019
26 90 1.00019
26 91 1.00019
26 92 1.00019
26 93 1.0002
26 94 1.0002
26 95 1.00021
26 96 1.00022
26 97 1.00023
26 98 1.00024
26 99 1.00025
26 100 1.00027
26 101 1.00028
26 102 1.0003
26 103 1.00031
26 104 1.00033
26 105 1.00035
26 106 1.00037
26 107 1.00039
26 108 1.00041
26 109 1.00044
26 110 1.00046
26 111 1.00048
26 112 1.00051
26 113 1.00053
26 114 1.00056
26 115 1.00058
26 116 1.00061
26 117 1.00063
26 118 1.00066
26 119 1.00068
26 120 1.00071
26 121 1.00074
26 122 1.00078
26 123 1.00081
26 124 1.00085
26 125 1.0009
26 126 1.00094
26 127 1.00099

27 0 0
27 1 1.00104
27 2 1.00104
27 3 1.00104
27 4 1.00104
27 5 1.00104
27 6 1.00104
27 7 1.00104
27 8 1.00104
27 9 1.00104
27 10 1.00105
27 11 1.00105
27 12 1.00105
27 13 1.00105
27 14 1.00105
27 15 1.00105
27 16 1.00105
27 17 1.00104
27 18 1.00104
27 19 1.00104
27 20 1.00104
27 21 1.00104
27 22 1.00104
27 23 1.00104
27 24 1.00104
27 25 1.00103
27 26 1.00103
27 27 1.00103
27 28 1.00102
27 29 1.00102
27 30 1.00101
27 31 1.00101
27 32 1.001
27 33 1.001
27 34 1.00099
27 35 1.00098
27 36 1.00098
27 37 1.00097
27 38 1.00096
27 39 1.00095
27 40 1.00094
27 41 1.00093
27 42 1.00091
27 43 1.0009
27 44 1.00089
27 45 1.00087
27 46 1.00086
27 47 1.00084
27 48 1.00083
27 49 1.00081
27 50 1.00079
27 51 1.00077
27 52 1.00075
27 53 1.00073
27 54 1.00071
27 55 1.00069
27 56 1.00067
27 57 1.00065
27 58 1.00063
27 59 1.0006
27 60 1.00058
27 61 1.00056
27 62 1.00054
27 63 1.00051
27 64 1.00049
27 65 1.00047
27 66 1.00045
27 67 1.00042
27 68 1.0004
27 69 1.00038
27 70 1.00036
27 71 1.00034
27 72 1.00032
27 73 1.0003
27 74 1.00029
27 75 1.00027
27 76 1.00025
27 77 1.00024
27 78 1.00023
27 79 1.00021
27 80 1.0002
27 81 1.00019
27 82 1.00018
27 83 1.00018
27 84 1.00017
27 85 1.00017
27 86 1.00016
27 87 1.00016
27 88 1.00016
27 89 1.00016
27 90 1.00016
27 91 1.00017
27 92 1.00017
27 93 1.00018
27 94 1.00018
27 95 1.00019
27 96 1.0002
27 97 1.00021
27 98 1.00023
27 99 1.00024
27 100 1.00026
27 101 1.00027
27 102 1.00029
27 103 1.00031
27 104 1.00033
27 105 1.00035
27 106 1.00037
27 107 1.00039
27 108 1.00041
27 109 1.00044
27 110 1.00046
27 111 1.00049
27 112 1.00051
27 113 1.00054
27 114 1.00056
27 115 1.00059
27 116 1.00061
27 117 1.00064
27 118 1.00067
27 119 1.00069
27 120 1.00072
27 121 1.00075
27 122 1.00078
27 123 1.00082
27 124 1.00085
27 125 1.0009
27 126 1.00094
27 127 1.00099

28 0 0
28 1 1.00103
28 2 1.00103
28 3 1.00104
28 4 1.00104
28 5 1.00104
28 6 1.00104
28 7 1.00104
28 8 1.00104
28 9 1.00104
28 10 1.00104
28 11 1.00104
28 12 1.00104
28 13 1.00104
28 14 1.00104
28 15 1.00104
28 16 1.00104
28 17 1.00104
28 18 1.00104
28 19 1.00104
28 20 1.00104
28 21 1.00104
28 22 1.00103
28 23 1.00103
28 24 1.00103
28 25 1.00103
28 26 1.00102
28 27 1.00102
28 28 1.00102
28 29 1.00101
28 30 1.00101
28 31 1.001
28 32 1.001
28 33 1.00099
28 34 1.00098
28 35 1.00098
28 36 1.00097
28 37 1.00096
28 38 1.00095
28 39 1.00094
28 40 1.00093
28 41 1.00092
28 42 1.0009
28 43 1.00089
28 44 1.00088
28 45 1.00086
28 46 1.00085
28 47 1.00083
28 48 1.00081
28 49 1.00079
28 50 1.00078
28 51 1.00076
28 52 1.00074
28 53 1.00072
28 54 1.00069
28 55 1.00067
28 56 1.00065
28 57 1.00063
28 58 1.0006
28 59 1.00058
28 60 1.00056
28 61 1.00053
28 62 1.00051
28 63 1.00049
28 64 1.00046
28 65 1.00044
28 66 1.00042
28 67 1.00039
28 68 1.00037
28 69 1.00035
28 70 1.00033
28 71 1.00031
28 72 1.00029
28 73 1.00027
28 74 1.00025
28 75 1.00024
28 76 1.00022
28 77 1.00021
28 78 1.00019
28 79 1.00018
28 80 1.00017
28 81 1.00016
28 82 1.00015
28 83 1.00015
28 84 1.00014
28 85 1.00014
28 86 1.00013
28 87 1.00013
28 88 1.00013
28 89 1.00013
28 90 1.00014
28 91 1.00014
28 92 1.00015
28 93 1.00015
28 94 1.00016
28 95 1.00017
28 96 1.00018
28 97 1.0002
28 98 1.00021
28 99 1.00023
28 100 1.00024
28 101 1.00026
28 102 1.00028
28 103 1.0003
28 104 1.00032
28 105 1.00034
28 106 1.00036
28 107 1.00039
28 108 1.00041
28 109 1.00044
28 110 1.00046
28 111 1.00049
28 112 1.00051
28 113 1.00054
28 114 1.00057
28 115 1.00059
28 116 1.00062
28 117 1.00064
28 118 1.00067
28 119 1.0007
28 120 1.00072
28 121 1.00075
28 122 1.00078
28 123 1.00082
28 124 1.00085
28 125 1.00089
28 126 1.00093
28 127 1.00098

29 0 0
29 1 1.00103
29 2 1.00103
29 3 1.00103
29 4 1.00103
29 5 1.00103
29 6 1.00103
29 7 1.00103
29 8 1.00103
29 9 1.00103
29 10 1.00104
29 11 1.00104
29 12 1.00104
29 13 1.00104
29 14 1.00104
29 15 1.00104
29 16 1.00104
29 17 1.00103
29 18 1.00103
29 19 1.00103
29 20 1.00103
29 21 1.00103
29 22 1.00103
29 23 1.00103
29 24 1.00102
29 25 1.00102
29 26 1.00102
29 27 1.00101
29 28 1.00101
29 29 1.00101
29 30 1.001
29 31 1.001
29 32 1.00099
29 33 1.00098
29 34 1.00098
29 35 1.00097
29 36 1.00096
29 37 1.00095
29 38 1.00094
29 39 1.00093
29 40 1.00092
29 41 1.00091
29 42 1.00089
29 43 1.00088
29 44 1.00087
29 45 1.00085
29 46 1.00083
29 47 1.00082
29 48 1.0008
29 49 1.00078
29 50 1.00076
29 51 1.00074
29 52 1.00072
29 53 1.0007
29 54 1.00067
29 55 1.00065
29 56 1.00063
29 57 1.0006
29 58 1.00058
29 59 1.00056
29 60 1.00053
29 61 1.00051
29 62 1.00048
29 63 1.00046
29 64 1.00043
29 65 1.00041
29 66 1.00039
29 67 1.00036
29 68 1.00034
29 69 1.00032
29 70 1.0003
29 71 1.00028
29 72 1.00026
29 73 1.00024
29 74 1.00022
29 75 1.0002
29 76 1.00019
29 77 1.00017
29 78 1.00016
29 79 1.00015
29 80 1.00014
29 81 1.00013
29 82 1.00012
29 83 1.00011
29 84 1.00011
29 85 1.00011
29 86 1.0001
29 87 1.0001
29 88 1.0001
29 89 1.00011
29 90 1.00011
29 91 1.00012
29 92 1.00012
29 93 1.00013
29 94 1.00014
29 95 1.00015
29 96 1.00016
29 97 1.00018
29 98 1.00019
29 99 1.00021
29 100 1.00023
29 101 1.00024
29 102 1.00026
29 103 1.00029
29 104 1.00031
29 105 1.00033
29 106 1.00035
29 107 1.00038
29 108 1.0004
29 109 1.00043
29 110 1.00046
29 111 1.00048
29 112 1.00051
29 113 1.00054
29 114 1.00056
29 115 1.00059
29 116 1.00062
29 117 1.00064
29 118 1.00067
29 119 1.0007
29 120 1.00072
29 121 1.00075
29 122 1.00078
29 123 1.00081
29 124 1.00085
29 125 1.00089
29 126 1.00093
29 127 1.00097

30 0 0
30 1 1.00102
30 2 1.00102
30 3 1.00103
30 4 1.00103
30 5 1.00103
30 6 1.00103
30 7 1.00103
30 8 1.00103
30 9 1.00103
30 10 1.00103
30 11 1.00103
30 12 1.00103
30 13 1.00103
30 14 1.00103
30 15 1.00103
30 16 1.00103
30 17 1.00103
30 18 1.00103
30 19 1.00103
30 20 1.00103
30 21 1.00102
30 22 1.00102
30 23 1.00102
30 24 1.00102
30 25 1.00102
30 26 1.00101
30 27 1.00101
30 28 1.001
30 29 1.001
30 30 1.00099
30 31 1.00099
30 32 1.00098
30 33 1.00098
30 34 1.00097
30 35 1.00096
30 36 1.00095
30 37 1.00094
30 38 1.00093
30 39 1.00092
30 40 1.00091
30 41 1.0009
30 42 1.00088
30 43 1.00087
30 44 1.00085
30 45 1.00084
30 46 1.00082
30 47 1.0008
30 48 1.00078
30 49 1.00076
30 50 1.00074
30 51 1.00072
30 52 1.0007
30 53 1.00068
30 54 1.00065
30 55 1.00063
30 56 1.00061
30 57 1.00058
30 58 1.00056
30 59 1.00053
30 60 1.00051
30 61 1.00048
30 62 1.00045
30 63 1.00043
30 64 1.0004
30 65 1.00038
30 66 1.00035
30 67 1.00033
30 68 1.00031
30 69 1.00028
30 70 1.00026
30 71 1.00024
30 72 1.00022
30 73 1.0002
30 74 1.00018
30 75 1.00017
30 76 1.00015
30 77 1.00014
30 78 1.00012
30 79 1.00011
30 80 1.0001
30 81 1.00009
30 82 1.00009
30 83 1.00008
30 84 1.00007
30 85 1.00007
30 86 1.00007
30 87 1.00007
30 88 1.00007
30 89 1.00008
30 90 1.00008
30 91 1.00009
30 92 1.00009
30 93 1.0001
30 94 1.00011
30 95 1.00013
30 96 1.00014
30 97 1.00016
30 98 1.00017
30 99 1.00019
30 100 1.00021
30 101 1.00023
30 102 1.00025
30 103 1.00027
30 104 1.00029
30 105 1.00032
30 106 1.00034
30 107 1.00037
30 108 1.0004
30 109 1.00042
30 110 1.00045
30 111 1.00048
30 112 1.0005
30 113 1.00053
30 114 1.00056
30 115 1.00059
30 116 1.00061
30 117 1.00064
30 118 1.00066
30 119 1.00069
30 120 1.00072
30 121 1.00075
30 122 1.00078
30 123 1.00081
30 124 1.00084
30 125 1.00088
30 126 1.00091
30 127 1.00095

31 0 0
31 1 1.00102
31 2 1.00102
31 3 1.00102
31 4 1.00102
31 5 1.00102
31 6 1.00102
31 7 1.00102
31 8 1.00102
31 9 1.00102
31 10 1.00102
31 11 1.00103
31 12 1.00103
31 13 1.00103
31 14 1.00103
31 15 1.00102
31 16 1.00102
31 17 1.00102
31 18 1.00102
31 19 1.00102
31 20 1.00102
31 21 1.00102
31 22 1.00102
31 23 1.00101
31 24 1.00101
31 25 1.00101
31 26 1.00101
31 27 1.001
31 28 1.001
31 29 1.00099
31 30 1.00099
31 31 1.00098
31 32 1.00098
31 33 1.00097
31 34 1.00096
31 35 1.00095
31 36 1.00094
31 37 1.00093
31 38 1.00092
31 39 1.00091
31 40 1.0009
31 41 1.00088
31 42 1.00087
31 43 1.00086
31 44 1.00084
31 45 1.00082
31 46 1.0008
31 47 1.00079
31 48 1.00077
31 49 1.00075
31 50 1.00072
31 51 1.0007
31 52 1.00068
31 53 1.00066
31 54 1.00063
31 55 1.00061
31 56 1.00058
31 57 1.00055
31 58 1.00053
31 59 1.0005
31 60 1.00048
31 61 1.00045
31 62 1.00042
31 63 1.0004
31 64 1.00037
31 65 1.00035
31 66 1.00032
31 67 1.0003
31 68 1.00027
31 69 1.00025
31 70 1.00023
31 71 1.0002
31 72 1.00018
31 73 1.00016
31 74 1.00015
31 75 1.00013
31 76 1.00011
31 77 1.0001
31 78 1.00008
31 79 1.00007
31 80 1.00006
31 81 1.00005
31 82 1.00005
31 83 1.00004
31 84 1.00004
31 85 1.00004
31 86 1.00003
31 87 1.00004
31 88 1.00004
31 89 1.00004
31 90 1.00005
31 91 1.00006
31 92 1.00006
31 93 1.00007
31 94 1.00009
31 95 1.0001
31 96 1.00011
31 97 1.00013
31 98 1.00015
31 99 1.00017
31 100 1.00019
31 101 1.00021
31 102 1.00023
31 103 1.00025
31 104 1.00028
31 105 1.0003
31 106 1.00033
31 107 1.00036
31 108 1.00038
31 109 1.00041
31 110 1.00044
31 111 1.00047
31 112 1.00049
31 113 1.00052
31 114 1.00055
31 115 1.00058
31 116 1.0006
31 117 1.00063
31 118 1.00066
31 119 1.00068
31 120 1.00071
31 121 1.00074
31 122 1.00077
31 123 1.0008
31 124 1.00083
31 125 1.00086
31 126 1.0009
31 127 1.00094

32 0 0
32 1 1.00101
32 2 1.00101
32 3 1.00102
32 4 1.00102
32 5 1.00102
32 6 1.00102
32 7 1.00102
32 8 1.00102
32 9 1.00102
32 10 1.00102
32 11 1.00102
32 12 1.00102
32 13 1.00102
32 14 1.00102
32 15 1.00102
32 16 1.00102
32 17 1.00102
32 18 1.00102
32 19 1.00102
32 20 1.00101
32 21 1.00101
32 22 1.00101
32 23 1.00101
32 24 1.00101
32 25 1.001
32 26 1.001
32 27 1.001
32 28 1.00099
32 29 1.00099
32 30 1.00098
32 31 1.00097
32 32 1.00097
32 33 1.00096
32 34 1.00095
32 35 1.00094
32 36 1.00093
32 37 1.00092
32 38 1.00091
32 39 1.0009
32 40 1.00089
32 41 1.00087
32 42 1.00086
32 43 1.00084
32 44 1.00083
32 45 1.00081
32 46 1.00079
32 47 1.00077
32 48 1.00075
32 49 1.00073
32 50 1.0007
32 51 1.00068
32 52 1.00066
32 53 1.00063
32 54 1.00061
32 55 1.00058
32 56 1.00055
32 57 1.00053
32 58 1.0005
32 59 1.00047
32 60 1.00045
32 61 1.00042
32 62 1.00039
32 63 1.00036
32 64 1.00034
32 65 1.00031
32 66 1.00028
32 67 1.00026
32 68 1.00023
32 69 1.00021
32 70 1.00019
32 71 1.00016
32 72 1.00014
32 73 1.00012
32 74 1.0001
32 75 1.00009
32 76 1.00007
32 77 1.00006
32 78 1.00004
32 79 1.00003
32 80 1.00002
32 81 1.00001
32 82 1.00001
32 83 1
32 84 0.999999
32 85 0.999997
32 86 0.999997
32 87 0.999999
32 88 1
32 89 1.00001
32 90 1.00001
32 91 1.00002
32 92 1.00003
32 93 1.00004
32 94 1.00006
32 95 1.00007
32 96 1.00009
32 97 1.0001
32 98 1.00012
32 99 1.00014
32 100 1.00016
32 101 1.00019
32 102 1.00021
32 103 1.00023
32 104 1.00026
32 105 1.00029
32 106 1.00031
32 107 1.00034
32 108 1.00037
32 109 1.0004
32 110 1.00042
32 111 1.00045
32 112 1.00048
32 113 1.00051
32 114 1.00054
32 115 1.00057
32 116 1.00059
32 117 1.00062
32 118 1.00064
32 119 1.00067
32 120 1.0007
32 121 1.00072
32 122 1.00075
32 123 1.00078
32 124 1.00081
32 125 1.00085
32 126 1.00088
32 127 1.00092

33 0 0
33 1 1.00101
33 2 1.00101
33 3 1.00101
33 4 1.00101
33 5 1.00101
33 6 1.00101
33 7 1.00101
33 8 1.00101
33 9 1.00101
33 10 1.00101
33 11 1.00101
33 12 1.00101
33 13 1.00101
33 14 1.00101
33 15 1.00101
33 16 1.00101
33 17 1.00101
33 18 1.00101
33 19 1.00101
33 20 1.00101
33 21 1.00101
33 22 1.001
33 23 1.001
33 24 1.001
33 25 1.001
33 26 1.00099
33 27 1.00099
33 28 1.00098
33 29 1.00098
33 30 1.00097
33 31 1.00097
33 32 1.00096
33 33 1.00095
33 34 1.00094
33 35 1.00093
33 36 1.00092
33 37 1.00091
33 38 1.0009
33 39 1.00089
33 40 1.00087
33 41 1.00086
33 42 1.00084
33 43 1.00083
33 44 1.00081
33 45 1.00079
33 46 1.00077
33 47 1.00075
33 48 1.00073
33 49 1.00071
33 50 1.00068
33 51 1.00066
33 52 1.00063
33 53 1.00061
33 54 1.00058
33 55 1.00055
33 56 1.00053
33 57 1.0005
33 58 1.00047
33 59 1.00044
33 60 1.00041
33 61 1.00038
33 62 1.00036
33 63 1.00033
33 64 1.0003
33 65 1.00027
33 66 1.00024
33 67 1.00022
33 68 1.00019
33 69 1.00017
33 70 1.00014
33 71 1.00012
33 72 1.0001
33 73 1.00008
33 74 1.00006
33 75 1.00004
33 76 1.00003
33 77 1.00001
33 78 0.999999
33 79 0.999988
33 80 0.999978
33 81 0.99997
33 82 0.999964
33 83 0.999959
33 84 0.999957
33 85 0.999956
33 86 0.999956
33 87 0.999959
33 88 0.999963
33 89 0.999969
33 90 0.999977
33 91 0.999986
33 92 0.999997
33 93 1.00001
33 94 1.00002
33 95 1.00004
33 96 1.00006
33 97 1.00007
33 98 1.00009
33 99 1.00012
33 100 1.00014
33 101 1.00016
33 102 1.00019
33 103 1.00021
33 104 1.00024
33 105 1.00026
33 106 1.00029
33 107 1.00032
33 108 1.00035
33 109 1.00038
33 110 1.00041
33 111 1.00044
33 112 1.00047
33 113 1.00049
33 114 1.00052
33 115 1.00055
33 116 1.00058
33 117 1.0006
33 118 1.00063
33 119 1.00065
33 120 1.00068
33 121 1.00071
33 122 1.00073
33 123 1.00076
33 124 1.00079
33 125 1.00082
33 126 1.00086
33 127 1.00089

34 0 0
34 1 1.001
34 2 1.001
34 3 1.001
34 4 1.00101
34 5 1.00101
34 6 1.00101
34 7 1.00101
34 8 1.00101
34 9 1.00101
34 10 1.00101
34 11 1.00101
34 12 1.00101
34 13 1.00101
34 14 1.00101
34 15 1.00101
34 16 1.00101
34 17 1.00101
34 18 1.00101
34 19 1.001
34 20 1.001
34 21 1.001
34 22 1.001
34 23 1.001
34 24 1.00099
34 25 1.00099
34 26 1.00099
34 27 1.00098
34 28 1.00098
34 29 1.00097
34 30 1.00097
34 31 1.00096
34 32 1.00095
34 33 1.00094
34 34 1.00093
34 35 1.00092
34 36 1.00091
34 37 1.0009
34 38 1.00089
34 39 1.00088
34 40 1.00086
34 41 1.00085
34 42 1.00083
34 43 1.00081
34 44 1.00079
34 45 1.00077
34 46 1.00075
34 47 1.00073
34 48 1.00071
34 49 1.00069
34 50 1.00066
34 51 1.00064
34 52 1.00061
34 53 1.00058
34 54 1.00055
34 55 1.00053
34 56 1.0005
34 57 1.00047
34 58 1.00044
34 59 1.00041
34 60 1.00038
34 61 1.00035
34 62 1.00032
34 63 1.00029
34 64 1.00026
34 65 1.00023
34 66 1.0002
34 67 1.00018
34 68 1.00015
34 69 1.00012
34 70 1.0001
34 71 1.00008
34 72 1.00005
34 73 1.00003
34 74 1.00001
34 75 0.999996
34 76 0.99998
34 77 0.999965
34 78 0.999953
34 79 0.999941
34 80 0.999932
34 81 0.999924
34 82 0.999919
34 83 0.999915
34 84 0.999912
34 85 0.999912
34 86 0.999913
34 87 0.999917
34 88 0.999922
34 89 0.999929
34 90 0.999937
34 91 0.999948
34 92 0.99996
34 93 0.999973
34 94 0.999988
34 95 1.00001
34 96 1.00002
34 97 1.00004
34 98 1.00006
34 99 1.00009
34 100 1.00011
34 101 1.00013
34 102 1.00016
34 103 1.00019
34 104 1.00021
34 105 1.00024
34 106 1.00027
34 107 1.0003
34 108 1.00033
34 109 1.00036
34 110 1.00039
34 111 1.00042
34 112 1.00045
34 113 1.00047
34 114 1.0005
34 115 1.00053
34 116 1.00056
34 117 1.00058
34 118 1.00061
34 119 1.00064
34 120 1.00066
34 121 1.00069
34 122 1.00071
34 123 1.00074
34 124 1.00077
34 125 1.0008
34 126 1.00083
34 127 1.00087

35 0 0
35 1 1.001
35 2 1.001
35 3 1.001
35 4 1.001
35 5 1.001
35 6 1.001
35 7 1.001
35 8 1.001
35 9 1.001
35 10 1.001
35 11 1.001
35 12 1.001
35 13 1.001
35 14 1.001
35 15 1.001
35 16 1.001
35 17 1.001
35 18 1.001
35 19 1.001
35 20 1.001
35 21 1.00099
35 22 1.00099
35 23 1.00099
35 24 1.00099
35 25 1.00098
35 26 1.00098
35 27 1.00097
35 28 1.00097
35 29 1.00096
35 30 1.00096
35 31 1.00095
35 32 1.00094
35 33 1.00093
35 34 1.00092
35 35 1.00091
35 36 1.0009
35 37 1.00089
35 38 1.00088
35 39 1.00086
35 40 1.00085
35 41 1.00083
35 42 1.00082
35 43 1.0008
35 44 1.00078
35 45 1.00076
35 46 1.00074
35 47 1.00071
35 48 1.00069
35 49 1.00066
35 50 1.00064
35 51 1.00061
35 52 1.00058
35 53 1.00055
35 54 1.00053
35 55 1.0005
35 56 1.00046
35 57 1.00043
35 58 1.0004
35 59 1.00037
35 60 1.00034
35 61 1.00031
35 62 1.00028
35 63 1.00025
35 64 1.00022
35 65 1.00019
35 66 1.00016
35 67 1.00013
35 68 1.0001
35 69 1.00008
35 70 1.00005
35 71 1.00003
35 72 1.00001
35 73 0.999984
35 74 0.999965
35 75 0.999947
35 76 0.999931
35 77 0.999916
35 78 0.999903
35 79 0.999892
35 80 0.999883
35 81 0.999876
35 82 0.99987
35 83 0.999867
35 84 0.999865
35 85 0.999866
35 86 0.999868
35 87 0.999872
35 88 0.999878
35 89 0.999886
35 90 0.999895
35 91 0.999906
35 92 0.99992
35 93 0.999934
35 94 0.99995
35 95 0.999968
35 96 0.999988
35 97 1.00001
35 98 1.00003
35 99 1.00005
35 100 1.00008
35 101 1.0001
35 102 1.00013
35 103 1.00016
35 104 1.00019
35 105 1.00021
35 106 1.00024
35 107 1.00027
35 108 1.0003
35 109 1.00033
35 110 1.00036
35 111 1.00039
35 112 1.00042
35 113 1.00045
35 114 1.00048
35 115 1.00051
35 116 1.00054
35 117 1.00056
35 118 1.00059
35 119 1.00061
35 120 1.00064
35 121 1.00066
35 122 1.00069
35 123 1.00072
35 124 1.00074
35 125 1.00077
35 126 1.00081
35 127 1.00084

36 0 0
36 1 1.00099
36 2 1.00099
36 3 1.00099
36 4 1.00099
36 5 1.00099
36 6 1.00099
36 7 1.001
36 8 1.001
36 9 1.001
36 10 1.001
36 11 1.001
36 12 1.001
36 13 1.001
36 14 1.001
36 15 1.001
36 16 1.001
36 17 1.00099
36 18 1.00099
36 19 1.00099
36 20 1.00099
36 21 1.00099
36 22 1.00099
36 23 1.00098
36 24 1.00098
36 25 1.00098
36 26 1.00097
36 27 1.00097
36 28 1.00096
36 29 1.00096
36 30 1.00095
36 31 1.00094
36 32 1.00093
36 33 1.00092
36 34 1.00091
36 35 1.0009
36 36 1.00089
36 37 1.00088
36 38 1.00087
36 39 1.00085
36 40 1.00084
36 41 1.00082
36 42 1.0008
36 43 1.00078
36 44 1.00076
36 45 1.00074
36 46 1.00072
36 47 1.00069
36 48 1.00067
36 49 1.00064
36 50 1.00061
36 51 1.00058
36 52 1.00056
36 53 1.00053
36 54 1.00049
36 55 1.00046
36 56 1.00043
36 57 1.0004
36 58 1.00037
36 59 1.00033
36 60 1.0003
36 61 1.00027
36 62 1.00024
36 63 1.0002
36 64 1.00017
36 65 1.00014
36 66 1.00011
36 67 1.00008
36 68 1.00005
36 69 1.00003
36 70 1
36 71 0.999977
36 72 0.999954
36 73 0.999933
36 74 0.999913
36 75 0.999895
36 76 0.999879
36 77 0.999864
36 78 0.999851
36 79 0.99984
36 80 0.999832
36 81 0.999825
36 82 0.99982
36 83 0.999817
36 84 0.999816
36 85 0.999817
36 86 0.99982
36 87 0.999825
36 88 0.999831
36 89 0.99984
36 90 0.999851
36 91 0.999863
36 92 0.999877
36 93 0.999893
36 94 0.99991
36 95 0.999929
36 96 0.999949
36 97 0.999971
36 98 0.999994
36 99 1.00002
36 100 1.00004
36 101 1.00007
36 102 1.0001
36 103 1.00013
36 104 1.00016
36 105 1.00018
36 106 1.00021
36 107 1.00025
36 108 1.00028
36 109 1.00031
36 110 1.00034
36 111 1.00037
36 112 1.0004
36 113 1.00043
36 114 1.00045
36 115 1.00048
36 116 1.00051
36 117 1.00054
36 118 1.00056
36 119 1.00059
36 120 1.00061
36 121 1.00064
36 122 1.00066
36 123 1.00069
36 124 1.00071
36 125 1.00074
36 126 1.00077
36 127 1.00081

37 0 0
37 1 1.00098
37 2 1.00099
37 3 1.00099
37 4 1.00099
37 5 1.00099
37 6 1.00099
37 7 1.00099
37 8 1.00099
37 9 1.00099
37 10 1.00099
37 11 1.00099
37 12 1.00099
37 13 1.00099
37 14 1.00099
37 15 1.00099
37 16 1.00099
37 17 1.00099
37 18 1.00099
37 19 1.00099
37 20 1.00098
37 21 1.00098
37 22 1.00098
37 23 1.00098
37 24 1.00097
37 25 1.00097
37 26 1.00096
37 27 1.00096
37 28 1.00095
37 29 1.00095
37 30 1.00094
37 31 1.00093
37 32 1.00092
37 33 1.00091
37 34 1.0009
37 35 1.00089
37 36 1.00088
37 37 1.00087
37 38 1.00085
37 39 1.00084
37 40 1.00082
37 41 1.0008
37 42 1.00078
37 43 1.00076
37 44 1.00074
37 45 1.00072
37 46 1.00069
37 47 1.00067
37 48 1.00064
37 49 1.00062
37 50 1.00059
37 51 1.00056
37 52 1.00053
37 53 1.00049
37 54 1.00046
37 55 1.00043
37 56 1.0004
37 57 1.00036
37 58 1.00033
37 59 1.00029
37 60 1.00026
37 61 1.00023
37 62 1.00019
37 63 1.00016
37 64 1.00013
37 65 1.00009
37 66 1.00006
37 67 1.00003
37 68 1
37 69 0.999976
37 70 0.999949
37 71 0.999924
37 72 0.999901
37 73 0.999879
37 74 0.999859
37 75 0.99984
37 76 0.999824
37 77 0.999809
37 78 0.999797
37 79 0.999786
37 80 0.999777
37 81 0.999771
37 82 0.999766
37 83 0.999764
37 84 0.999763
37 85 0.999765
37 86 0.999769
37 87 0.999774
37 88 0.999782
37 89 0.999792
37 90 0.999803
37 91 0.999817
37 92 0.999832
37 93 0.999848
37 94 0.999867
37 95 0.999887
37 96 0.999908
37 97 0.999931
37 98 0.999955
37 99 0.999981
37 100 1.00001
37 101 1.00003
37 102 1.00006
37 103 1.00009
37 104 1.00012
37 105 1.00015
37 106 1.00018
37 107 1.00021
37 108 1.00025
37 109 1.00028
37 110 1.00031
37 111 1.00034
37 112 1.00037
37 113 1.0004
37 114 1.00043
37 115 1.00045
37 116 1.00048
37 117 1.00051
37 118 1.00053
37 119 1.00056
37 120 1.00058
37 121 1.00061
37 122 1.00063
37 123 1.00066
37 124 1.00068
37 125 1.00071
37 126 1.00074
37 127 1.00077

38 0 0
38 1 1.00098
38 2 1.00098
38 3 1.00098
38 4 1.00098
38 5 1.00098
38 6 1.00098
38 7 1.00098
38 8 1.00098
38 9 1.00098
38 10 1.00098
38 11 1.00098
38 12 1.00098
38 13 1.00098
38 14 1.00098
38 15 1.00098
38 16 1.00098
38 17 1.00098
38 18 1.00098
38 19 1.00098
38 20 1.00098
38 21 1.00097
38 22 1.00097
38 23 1.00097
38 24 1.00096
38 25 1.00096
38 26 1.00096
38 27 1.00095
38 28 1.00095
38 29 1.00094
38 30 1.00093
38 31 1.00092
38 32 1.00091
38 33 1.0009
38 34 1.00089
38 35 1.00088
38 36 1.00087
38 37 1.00085
38 38 1.00084
38 39 1.00082
38 40 1.00081
38 41 1.00079
38 42 1.00077
38 43 1.00075
38 44 1.00072
38 45 1.0007
38 46 1.00067
38 47 1.00065
38 48 1.00062
38 49 1.00059
38 50 1.00056
38 51 1.00053
38 52 1.0005
38 53 1.00046
38 54 1.00043
38 55 1.00039
38 56 1.00036
38 57 1.00032
38 58 1.00029
38 59 1.00025
38 60 1.00022
38 61 1.00018
38 62 1.00015
38 63 1.00011
38 64 1.00008
38 65 1.00004
38 66 1.00001
38 67 0.99998
38 68 0.99995
38 69 0.999922
38 70 0.999894
38 71 0.999869
38 72 0.999845
38 73 0.999822
38 74 0.999802
38 75 0.999783
38 76 0.999766
38 77 0.999752
38 78 0.999739
38 79 0.999729
38 80 0.99972
38 81 0.999714
38 82 0.99971
38 83 0.999708
38 84 0.999709
38 85 0.999711
38 86 0.999715
38 87 0.999722
38 88 0.99973
38 89 0.999741
38 90 0.999753
38 91 0.999768
38 92 0.999784
38 93 0.999802
38 94 0.999821
38 95 0.999842
38 96 0.999865
38 97 0.999889
38 98 0.999914
38 99 0.99994
38 100 0.999968
38 101 0.999996
38 102 1.00003
38 103 1.00006
38 104 1.00009
38 105 1.00012
38 106 1.00015
38 107 1.00018
38 108 1.00021
38 109 1.00024
38 110 1.00027
38 111 1.0003
38 112 1.00034
38 113 1.00036
38 114 1.00039
38 115 1.00042
38 116 1.00045
38 117 1.00047
38 118 1.0005
38 119 1.00052
38 120 1.00055
38 121 1.00057
38 122 1.0006
38 123 1.00062
38 124 1.00065
38 125 1.00067
38 126 1.0007
38 127 1.00073

39 0 0
39 1 1.00097
39 2 1.00097
39 3 1.00097
39 4 1.00098
39 5 1.00098
39 6 1.00098
39 7 1.00098
39 8 1.00098
39 9 1.00098
39 10 1.00098
39 11 1.00098
39 12 1.00098
39 13 1.00098
39 14 1.00098
39 15 1.00098
39 16 1.00098
39 17 1.00097
39 18 1.00097
39 19 1.00097
39 20 1.00097
39 21 1.00097
39 22 1.00096
39 23 1.00096
39 24 1.00096
39 25 1.00095
39 26 1.00095
39 27 1.00094
39 28 1.00094
39 29 1.00093
39 30 1.00092
39 31 1.00091
39 32 1.0009
39 33 1.00089
39 34 1.00088
39 35 1.00087
39 36 1.00086
39 37 1.00084
39 38 1.00083
39 39 1.00081
39 40 1.00079
39 41 1.00077
39 42 1.00075
39 43 1.00073
39 44 1.0007
39 45 1.00068
39 46 1.00065
39 47 1.00062
39 48 1.00059
39 49 1.00056
39 50 1.00053
39 51 1.0005
39 52 1.00046
39 53 1.00043
39 54 1.00039
39 55 1.00036
39 56 1.00032
39 57 1.00028
39 58 1.00025
39 59 1.00021
39 60 1.00017
39 61 1.00013
39 62 1.0001
39 63 1.00006
39 64 1.00003
39 65 0.999991
39 66 0.999958
39 67 0.999925
39 68 0.999894
39 69 0.999865
39 70 0.999837
39 71 0.99981
39 72 0.999786
39 73 0.999763
39 74 0.999742
39 75 0.999723
39 76 0.999706
39 77 0.999692
39 78 0.999679
39 79 0.999669
39 80 0.999661
39 81 0.999655
39 82 0.999652
39 83 0.99965
39 84 0.999651
39 85 0.999654
39 86 0.999659
39 87 0.999667
39 88 0.999676
39 89 0.999688
39 90 0.999701
39 91 0.999716
39 92 0.999733
39 93 0.999752
39 94 0.999773
39 95 0.999795
39 96 0.999818
39 97 0.999843
39 98 0.99987
39 99 0.999897
39 100 0.999925
39 101 0.999955
39 102 0.999985
39 103 1.00002
39 104 1.00005
39 105 1.00008
39 106 1.00011
39 107 1.00014
39 108 1.00017
39 109 1.00021
39 110 1.00024
39 111 1.00027
39 112 1.0003
39 113 1.00033
39 114 1.00036
39 115 1.00039
39 116 1.00041
39 117 1.00044
39 118 1.00046
39 119 1.00049
39 120 1.00051
39 121 1.00054
39 122 1.00056
39 123 1.00058
39 124 1.00061
39 125 1.00064
39 126 1.00066
39 127 1.00069

40 0 0
40 1 1.00097
40 2 1.00097
40 3 1.00097
40 4 1.00097
40 5 1.00097
40 6 1.00097
40 7 1.00097
40 8 1.00097
40 9 1.00097
40 10 1.00097
40 11 1.00097
40 12 1.00097
40 13 1.00097
40 14 1.00097
40 15 1.00097
40 16 1.00097
40 17 1.00097
40 18 1.00097
40 19 1.00096
40 20 1.00096
40 21 1.00096
40 22 1.00096
40 23 1.00095
40 24 1.00095
40 25 1.00095
40 26 1.00094
40 27 1.00093
40 28 1.00093
40 29 1.00092
40 30 1.00091
40 31 1.0009
40 32 1.00089
40 33 1.00088
40 34 1.00087
40 35 1.00086
40 36 1.00084
40 37 1.00083
40 38 1.00081
40 39 1.00079
40 40 1.00077
40 41 1.00075
40 42 1.00073
40 43 1.00071
40 44 1.00068
40 45 1.00065
40 46 1.00063
40 47 1.0006
40 48 1.00057
40 49 1.00053
40 50 1.0005
40 51 1.00046
40 52 1.00043
40 53 1.00039
40 54 1.00036
40 55 1.00032
40 56 1.00028
40 57 1.00024
40 58 1.0002
40 59 1.00016
40 60 1.00012
40 61 1.00008
40 62 1.00005
40 63 1.00001
40 64 0.999972
40 65 0.999936
40 66 0.999901
40 67 0.999868
40 68 0.999836
40 69 0.999805
40 70 0.999777
40 71 0.999749
40 72 0.999724
40 73 0.999701
40 74 0.99968
40 75 0.999661
40 76 0.999644
40 77 0.999629
40 78 0.999617
40 79 0.999607
40 80 0.999599
40 81 0.999594
40 82 0.99959
40 83 0.99959
40 84 0.999591
40 85 0.999595
40 86 0.999601
40 87 0.999609
40 88 0.999619
40 89 0.999632
40 90 0.999646
40 91 0.999662
40 92 0.99968
40 93 0.9997
40 94 0.999722
40 95 0.999745
40 96 0.99977
40 97 0.999796
40 98 0.999823
40 99 0.999851
40 100 0.99988
40 101 0.999911
40 102 0.999942
40 103 0.999973
40 104 1.00001
40 105 1.00004
40 106 1.00007
40 107 1.0001
40 108 1.00014
40 109 1.00017
40 110 1.0002
40 111 1.00023
40 112 1.00026
40 113 1.00029
40 114 1.00032
40 115 1.00035
40 116 1.00037
40 117 1.0004
40 118 1.00043
40 119 1.00045
40 120 1.00047
40 121 1.0005
40 122 1.00052
40 123 1.00054
40 124 1.00057
40 125 1.00059
40 126 1.00062
40 127 1.00065

41 0 0
41 1 1.00096
41 2 1.00096
41 3 1.00096
41 4 1.00096
41 5 1.00096
41 6 1.00096
41 7 1.00096
41 8 1.00097
41 9 1.00097
41 10 1.00097
41 11 1.00097
41 12 1.00097
41 13 1.00096
41 14 1.00096
41 15 1.00096
41 16 1.00096
41 17 1.00096
41 18 1.00096
41 19 1.00096
41 20 1.00096
41 21 1.00095
41 22 1.00095
41 23 1.00095
41 24 1.00094
41 25 1.00094
41 26 1.00093
41 27 1.00093
41 28 1.00092
41 29 1.00091
41 30 1.0009
41 31 1.00089
41 32 1.00088
41 33 1.00087
41 34 1.00086
41 35 1.00085
41 36 1.00083
41 37 1.00081
41 38 1.0008
41 39 1.00078
41 40 1.00076
41 41 1.00073
41 42 1.00071
41 43 1.00069
41 44 1.00066
41 45 1.00063
41 46 1.0006
41 47 1.00057
41 48 1.00054
41 49 1.0005
41 50 1.00047
41 51 1.00043
41 52 1.00039
41 53 1.00036
41 54 1.00032
41 55 1.00028
41 56 1.00024
41 57 1.00019
41 58 1.00015
41 59 1.00011
41 60 1.00007
41 61 1.00003
41 62 0.999993
41 63 0.999954
41 64 0.999915
41 65 0.999878
41 66 0.999843
41 67 0.999808
41 68 0.999775
41 69 0.999744
41 70 0.999714
41 71 0.999686
41 72 0.999661
41 73 0.999637
41 74 0.999615
41 75 0.999596
41 76 0.999579
41 77 0.999564
41 78 0.999552
41 79 0.999542
41 80 0.999535
41 81 0.99953
41 82 0.999527
41 83 0.999527
41 84 0.999529
41 85 0.999533
41 86 0.99954
41 87 0.999549
41 88 0.99956
41 89 0.999573
41 90 0.999589
41 91 0.999606
41 92 0.999625
41 93 0.999646
41 94 0.999669
41 95 0.999693
41 96 0.999718
41 97 0.999745
41 98 0.999773
41 99 0.999803
41 100 0.999833
41 101 0.999864
41 102 0.999896
41 103 0.999928
41 104 0.999961
41 105 0.999994
41 106 1.00003
41 107 1.00006
41 108 1.00009
41 109 1.00013
41 110 1.00016
41 111 1.00019
41 112 1.00022
41 113 1.00025
41 114 1.00028
41 115 1.00031
41 116 1.00033
41 117 1.00036
41 118 1.00038
41 119 1.00041
41 120 1.00043
41 121 1.00045
41 122 1.00048
41 123 1.0005
41 124 1.00052
41 125 1.00055
41 126 1.00058
41 127 1.00061

42 0 0
42 1 1.00095
42 2 1.00096
42 3 1.00096
42 4 1.00096
42 5 1.00096
42 6 1.00096
42 7 1.00096
42 8 1.00096
42 9 1.00096
42 10 1.00096
42 11 1.00096
42 12 1.00096
42 13 1.00096
42 14 1.00096
42 15 1.00096
42 16 1.00096
42 17 1.00095
42 18 1.00095
42 19 1.00095
42 20 1.00095
42 21 1.00095
42 22 1.00094
42 23 1.00094
42 24 1.00093
42 25 1.00093
42 26 1.00092
42 27 1.00092
42 28 1.00091
42 29 1.0009
42 30 1.00089
42 31 1.00088
42 32 1.00087
42 33 1.00086
42 34 1.00085
42 35 1.00083
42 36 1.00082
42 37 1.0008
42 38 1.00078
42 39 1.00076
42 40 1.00074
42 41 1.00072
42 42 1.00069
42 43 1.00066
42 44 1.00064
42 45 1.00061
42 46 1.00057
42 47 1.00054
42 48 1.00051
42 49 1.00047
42 50 1.00043
42 51 1.0004
42 52 1.00036
42 53 1.00032
42 54 1.00028
42 55 1.00023
42 56 1.00019
42 57 1.00015
42 58 1.00011
42 59 1.00006
42 60 1.00002
42 61 0.999979
42 62 0.999937
42 63 0.999897
42 64 0.999857
42 65 0.999819
42 66 0.999782
42 67 0.999746
42 68 0.999712
42 69 0.99968
42 70 0.999649
42 71 0.999621
42 72 0.999594
42 73 0.99957
42 74 0.999548
42 75 0.999529
42 76 0.999512
42 77 0.999497
42 78 0.999485
42 79 0.999475
42 80 0.999468
42 81 0.999463
42 82 0.999461
42 83 0.999461
42 84 0.999464
42 85 0.999469
42 86 0.999477
42 87 0.999486
42 88 0.999498
42 89 0.999513
42 90 0.999529
42 91 0.999547
42 92 0.999567
42 93 0.999589
42 94 0.999613
42 95 0.999638
42 96 0.999665
42 97 0.999692
42 98 0.999722
42 99 0.999752
42 100 0.999783
42 101 0.999815
42 102 0.999847
42 103 0.99988
42 104 0.999914
42 105 0.999948
42 106 0.999981
42 107 1.00001
42 108 1.00005
42 109 1.00008
42 110 1.00011
42 111 1.00014
42 112 1.00018
42 113 1.00021
42 114 1.00023
42 115 1.00026
42 116 1.00029
42 117 1.00031
42 118 1.00034
42 119 1.00036
42 120 1.00039
42 121 1.00041
42 122 1.00043
42 123 1.00045
42 124 1.00048
42 125 1.0005
42 126 1.00053
42 127 1.00056

43 0 0
43 1 1.00095
43 2 1.00095
43 3 1.00095
43 4 1.00095
43 5 1.00095
43 6 1.00095
43 7 1.00095
43 8 1.00095
43 9 1.00095
43 10 1.00095
43 11 1.00095
43 12 1.00095
43 13 1.00095
43 14 1.00095
43 15 1.00095
43 16 1.00095
43 17 1.00095
43 18 1.00095
43 19 1.00094
43 20 1.00094
43 21 1.00094
43 22 1.00093
43 23 1.00093
43 24 1.00093
43 25 1.00092
43 26 1.00091
43 27 1.00091
43 28 1.0009
43 29 1.00089
43 30 1.00088
43 31 1.00087
43 32 1.00086
43 33 1.00085
43 34 1.00083
43 35 1.00082
43 36 1.0008
43 37 1.00078
43 38 1.00077
43 39 1.00074
43 40 1.00072
43 41 1.0007
43 42 1.00067
43 43 1.00064
43 44 1.00061
43 45 1.00058
43 46 1.00055
43 47 1.00051
43 48 1.00048
43 49 1.00044
43 50 1.0004
43 51 1.00036
43 52 1.00032
43 53 1.00028
43 54 1.00023
43 55 1.00019
43 56 1.00014
43 57 1.0001
43 58 1.00006
43 59 1.00001
43 60 0.999966
43 61 0.999923
43 62 0.99988
43 63 0.999838
43 64 0.999797
43 65 0.999757
43 66 0.999718
43 67 0.999682
43 68 0.999647
43 69 0.999613
43 70 0.999582
43 71 0.999553
43 72 0.999526
43 73 0.999502
43 74 0.999479
43 75 0.99946
43 76 0.999442
43 77 0.999428
43 78 0.999416
43 79 0.999406
43 80 0.999399
43 81 0.999395
43 82 0.999393
43 83 0.999394
43 84 0.999397
43 85 0.999403
43 86 0.999411
43 87 0.999422
43 88 0.999435
43 89 0.99945
43 90 0.999467
43 91 0.999486
43 92 0.999507
43 93 0.99953
43 94 0.999555
43 95 0.999581
43 96 0.999608
43 97 0.999637
43 98 0.999667
43 99 0.999699
43 100 0.999731
43 101 0.999763
43 102 0.999797
43 103 0.99983
43 104 0.999864
43 105 0.999899
43 106 0.999933
43 107 0.999967
43 108 1
43 109 1.00003
43 110 1.00007
43 111 1.0001
43 112 1.00013
43 113 1.00016
43 114 1.00019
43 115 1.00022
43 116 1.00024
43 117 1.00027
43 118 1.00029
43 119 1.00032
43 120 1.00034
43 121 1.00036
43 122 1.00038
43 123 1.00041
43 124 1.00043
43 125 1.00045
43 126 1.00048
43 127 1.00051

44 0 0
44 1 1.00094
44 2 1.00094
44 3 1.00094
44 4 1.00094
44 5 1.00094
44 6 1.00094
44 7 1.00095
44 8 1.00095
44 9 1.00095
44 10 1.00095
44 11 1.00095
44 12 1.00095
44 13 1.00094
44 14 1.00094
44 15 1.00094
44 16 1.00094
44 17 1.00094
44 18 1.00094
44 19 1.00094
44 20 1.00093
44 21 1.00093
44 22 1.00093
44 23 1.00092
44 24 1.00092
44 25 1.00091
44 26 1.00091
44 27 1.0009
44 28 1.00089
44 29 1.00088
44 30 1.00087
44 31 1.00086
44 32 1.00085
44 33 1.00084
44 34 1.00082
44 35 1.00081
44 36 1.00079
44 37 1.00077
44 38 1.00075
44 39 1.00073
44 40 1.0007
44 41 1.00068
44 42 1.00065
44 43 1.00062
44 44 1.00059
44 45 1.00055
44 46 1.00052
44 47 1.00048
44 48 1.00044
44 49 1.00041
44 50 1.00036
44 51 1.00032
44 52 1.00028
44 53 1.00023
44 54 1.00019
44 55 1.00014
44 56 1.0001
44 57 1.00005
44 58 1
44 59 0.999956
44 60 0.99991
44 61 0.999865
44 62 0.99982
44 63 0.999777
44 64 0.999734
44 65 0.999693
44 66 0.999653
44 67 0.999615
44 68 0.999579
44 69 0.999545
44 70 0.999513
44 71 0.999483
44 72 0.999456
44 73 0.999431
44 74 0.999408
44 75 0.999388
44 76 0.999371
44 77 0.999356
44 78 0.999344
44 79 0.999335
44 80 0.999328
44 81 0.999324
44 82 0.999323
44 83 0.999324
44 84 0.999328
44 85 0.999335
44 86 0.999344
44 87 0.999355
44 88 0.999369
44 89 0.999385
44 90 0.999403
44 91 0.999423
44 92 0.999445
44 93 0.999469
44 94 0.999494
44 95 0.999522
44 96 0.99955
44 97 0.99958
44 98 0.999611
44 99 0.999643
44 100 0.999676
44 101 0.999709
44 102 0.999743
44 103 0.999778
44 104 0.999813
44 105 0.999847
44 106 0.999882
44 107 0.999916
44 108 0.999951
44 109 0.999984
44 110 1.00002
44 111 1.00005
44 112 1.00008
44 113 1.00011
44 114 1.00014
44 115 1.00017
44 116 1.00019
44 117 1.00022
44 118 1.00024
44 119 1.00027
44 120 1.00029
44 121 1.00031
44 122 1.00033
44 123 1.00036
44 124 1.00038
44 125 1.0004
44 126 1.00043
44 127 1.00045

45 0 0
45 1 1.00093
45 2 1.00094
45 3 1.00094
45 4 1.00094
45 5 1.00094
45 6 1.00094
45 7 1.00094
45 8 1.00094
45 9 1.00094
45 10 1.00094
45 11 1.00094
45 12 1.00094
45 13 1.00094
45 14 1.00094
45 15 1.00094
45 16 1.00093
45 17 1.00093
45 18 1.00093
45 19 1.00093
45 20 1.00093
45 21 1.00092
45 22 1.00092
45 23 1.00091
45 24 1.00091
45 25 1.0009
45 26 1.0009
45 27 1.00089
45 28 1.00088
45 29 1.00087
45 30 1.00086
45 31 1.00085
45 32 1.00084
45 33 1.00082
45 34 1.00081
45 35 1.00079
45 36 1.00077
45 37 1.00075
45 38 1.00073
45 39 1.00071
45 40 1.00068
45 41 1.00066
45 42 1.00063
45 43 1.0006
45 44 1.00056
45 45 1.00053
45 46 1.00049
45 47 1.00045
45 48 1.00041
45 49 1.00037
45 50 1.00033
45 51 1.00028
45 52 1.00024
45 53 1.00019
45 54 1.00014
45 55 1.00009
45 56 1.00005
45 57 0.999997
45 58 0.999949
45 59 0.999901
45 60 0.999853
45 61 0.999805
45 62 0.999759
45 63 0.999714
45 64 0.99967
45 65 0.999627
45 66 0.999586
45 67 0.999547
45 68 0.99951
45 69 0.999475
45 70 0.999442
45 71 0.999412
45 72 0.999384
45 73 0.999359
45 74 0.999336
45 75 0.999315
45 76 0.999298
45 77 0.999283
45 78 0.999271
45 79 0.999262
45 80 0.999256
45 81 0.999252
45 82 0.999251
45 83 0.999253
45 84 0.999258
45 85 0.999265
45 86 0.999274
45 87 0.999287
45 88 0.999301
45 89 0.999318
45 90 0.999337
45 91 0.999358
45 92 0.999381
45 93 0.999406
45 94 0.999432
45 95 0.99946
45 96 0.99949
45 97 0.999521
45 98 0.999552
45 99 0.999585
45 100 0.999619
45 101 0.999653
45 102 0.999688
45 103 0.999723
45 104 0.999759
45 105 0.999794
45 106 0.999829
45 107 0.999864
45 108 0.999898
45 109 0.999932
45 110 0.999965
45 111 0.999997
45 112 1.00003
45 113 1.00006
45 114 1.00009
45 115 1.00011
45 116 1.00014
45 117 1.00017
45 118 1.00019
45 119 1.00021
45 120 1.00024
45 121 1.00026
45 122 1.00028
45 123 1.0003
45 124 1.00032
45 125 1.00035
45 126 1.00037
45 127 1.0004

46 0 0
46 1 1.00093
46 2 1.00093
46 3 1.00093
46 4 1.00093
46 5 1.00093
46 6 1.00093
46 7 1.00093
46 8 1.00093
46 9 1.00093
46 10 1.00093
46 11 1.00093
46 12 1.00093
46 13 1.00093
46 14 1.00093
46 15 1.00093
46 16 1.00093
46 17 1.00093
46 18 1.00092
46 19 1.00092
46 20 1.00092
46 21 1.00091
46 22 1.00091
46 23 1.00091
46 24 1.0009
46 25 1.00089
46 26 1.00089
46 27 1.00088
46 28 1.00087
46 29 1.00086
46 30 1.00085
46 31 1.00084
46 32 1.00083
46 33 1.00081
46 34 1.0008
46 35 1.00078
46 36 1.00076
46 37 1.00074
46 38 1.00071
46 39 1.00069
46 40 1.00066
46 41 1.00063
46 42 1.0006
46 43 1.00057
46 44 1.00054
46 45 1.0005
46 46 1.00046
46 47 1.00042
46 48 1.00038
46 49 1.00033
46 50 1.00029
46 51 1.00024
46 52 1.00019
46 53 1.00015
46 54 1.0001
46 55 1.00005
46 56 0.999995
46 57 0.999944
46 58 0.999893
46 59 0.999843
46 60 0.999793
46 61 0.999744
46 62 0.999696
46 63 0.999649
46 64 0.999604
46 65 0.99956
46 66 0.999518
46 67 0.999478
46 68 0.99944
46 69 0.999404
46 70 0.99937
46 71 0.999339
46 72 0.99931
46 73 0.999285
46 74 0.999261
46 75 0.999241
46 76 0.999223
46 77 0.999209
46 78 0.999197
46 79 0.999188
46 80 0.999182
46 81 0.999179
46 82 0.999178
46 83 0.99918
46 84 0.999186
46 85 0.999193
46 86 0.999204
46 87 0.999217
46 88 0.999232
46 89 0.999249
46 90 0.999269
46 91 0.999291
46 92 0.999315
46 93 0.999341
46 94 0.999368
46 95 0.999397
46 96 0.999428
46 97 0.999459
46 98 0.999492
46 99 0.999526
46 100 0.99956
46 101 0.999595
46 102 0.999631
46 103 0.999666
46 104 0.999702
46 105 0.999738
46 106 0.999774
46 107 0.999809
46 108 0.999844
46 109 0.999878
46 110 0.999911
46 111 0.999943
46 112 0.999975
46 113 1
46 114 1.00003
46 115 1.00006
46 116 1.00009
46 117 1.00011
46 118 1.00014
46 119 1.00016
46 120 1.00018
46 121 1.0002
46 122 1.00023
46 123 1.00025
46 124 1.00027
46 125 1.00029
46 126 1.00032
46 127 1.00034

47 0 0
47 1 1.00092
47 2 1.00092
47 3 1.00092
47 4 1.00092
47 5 1.00092
47 6 1.00092
47 7 1.00093
47 8 1.00093
47 9 1.00093
47 10 1.00093
47 11 1.00092
47 12 1.00092
47 13 1.00092
47 14 1.00092
47 15 1.00092
47 16 1.00092
47 17 1.00092
47 18 1.00092
47 19 1.00091
47 20 1.00091
47 21 1.00091
47 22 1.0009
47 23 1.0009
47 24 1.00089
47 25 1.00089
47 26 1.00088
47 27 1.00087
47 28 1.00086
47 29 1.00085
47 30 1.00084
47 31 1.00083
47 32 1.00081
47 33 1.0008
47 34 1.00078
47 35 1.00076
47 36 1.00074
47 37 1.00072
47 38 1.0007
47 39 1.00067
47 40 1.00064
47 41 1.00061
47 42 1.00058
47 43 1.00055
47 44 1.00051
47 45 1.00047
47 46 1.00043
47 47 1.00039
47 48 1.00034
47 49 1.0003
47 50 1.00025
47 51 1.0002
47 52 1.00015
47 53 1.0001
47 54 1.00005
47 55 0.999995
47 56 0.999942
47 57 0.999889
47 58 0.999836
47 59 0.999784
47 60 0.999732
47 61 0.999682
47 62 0.999632
47 63 0.999583
47 64 0.999537
47 65 0.999491
47 66 0.999448
47 67 0.999407
47 68 0.999368
47 69 0.999331
47 70 0.999296
47 71 0.999265
47 72 0.999236
47 73 0.999209
47 74 0.999186
47 75 0.999165
47 76 0.999148
47 77 0.999133
47 78 0.999121
47 79 0.999112
47 80 0.999107
47 81 0.999104
47 82 0.999104
47 83 0.999106
47 84 0.999112
47 85 0.99912
47 86 0.999131
47 87 0.999145
47 88 0.999161
47 89 0.99918
47 90 0.9992
47 91 0.999223
47 92 0.999248
47 93 0.999274
47 94 0.999303
47 95 0.999332
47 96 0.999364
47 97 0.999396
47 98 0.99943
47 99 0.999464
47 100 0.9995
47 101 0.999535
47 102 0.999571
47 103 0.999608
47 104 0.999644
47 105 0.999681
47 106 0.999717
47 107 0.999752
47 108 0.999787
47 109 0.999822
47 110 0.999855
47 111 0.999888
47 112 0.999919
47 113 0.999949
47 114 0.999978
47 115 1.00001
47 116 1.00003
47 117 1.00006
47 118 1.00008
47 119 1.0001
47 120 1.00013
47 121 1.00015
47 122 1.00017
47 123 1.00019
47 124 1.00021
47 125 1.00024
47 126 1.00026
47 127 1.00028

48 0 0
48 1 1.00092
48 2 1.00092
48 3 1.00092
48 4 1.00092
48 5 1.00092
48 6 1.00092
48 7 1.00092
48 8 1.00092
48 9 1.00092
48 10 1.00092
48 11 1.00092
48 12 1.00092
48 13 1.00092
48 14 1.00092
48 15 1.00091
48 16 1.00091
48 17 1.00091
48 18 1.00091
48 19 1.00091
48 20 1.0009
48 21 1.0009
48 22 1.00089
48 23 1.00089
48 24 1.00088
48 25 1.00088
48 26 1.00087
48 27 1.00086
48 28 1.00085
48 29 1.00084
48 30 1.00083
48 31 1.00082
48 32 1.0008
48 33 1.00079
48 34 1.00077
48 35 1.00075
48 36 1.00073
48 37 1.0007
48 38 1.00068
48 39 1.00065
48 40 1.00062
48 41 1.00059
48 42 1.00056
48 43 1.00052
48 44 1.00048
48 45 1.00044
48 46 1.0004
48 47 1.00035
48 48 1.00031
48 49 1.00026
48 50 1.00021
48 51 1.00016
48 52 1.00011
48 53 1.00005
48 54 0.999998
48 55 0.999943
48 56 0.999888
48 57 0.999833
48 58 0.999778
48 59 0.999724
48 60 0.99967
48 61 0.999618
48 62 0.999566
48 63 0.999516
48 64 0.999468
48 65 0.999421
48 66 0.999377
48 67 0.999334
48 68 0.999294
48 69 0.999257
48 70 0.999222
48 71 0.999189
48 72 0.99916
48 73 0.999133
48 74 0.999109
48 75 0.999089
48 76 0.999071
48 77 0.999056
48 78 0.999044
48 79 0.999036
48 80 0.99903
48 81 0.999028
48 82 0.999028
48 83 0.999031
48 84 0.999038
48 85 0.999046
48 86 0.999058
48 87 0.999072
48 88 0.999089
48 89 0.999108
48 90 0.99913
48 91 0.999153
48 92 0.999179
48 93 0.999206
48 94 0.999236
48 95 0.999266
48 96 0.999298
48 97 0.999332
48 98 0.999366
48 99 0.999401
48 100 0.999437
48 101 0.999474
48 102 0.999511
48 103 0.999548
48 104 0.999585
48 105 0.999621
48 106 0.999658
48 107 0.999694
48 108 0.999729
48 109 0.999764
48 110 0.999797
48 111 0.99983
48 112 0.999861
48 113 0.999892
48 114 0.999921
48 115 0.999948
48 116 0.999974
48 117 0.999999
48 118 1.00002
48 119 1.00005
48 120 1.00007
48 121 1.00009
48 122 1.00011
48 123 1.00013
48 124 1.00015
48 125 1.00018
48 126 1.0002
48 127 1.00022

49 0 0
49 1 1.00091
49 2 1.00091
49 3 1.00091
49 4 1.00091
49 5 1.00091
49 6 1.00091
49 7 1.00091
49 8 1.00091
49 9 1.00091
49 10 1.00091
49 11 1.00091
49 12 1.00091
49 13 1.00091
49 14 1.00091
49 15 1.00091
49 16 1.0009
49 17 1.0009
49 18 1.0009
49 19 1.0009
49 20 1.00089
49 21 1.00089
49 22 1.00089
49 23 1.00088
49 24 1.00088
49 25 1.00087
49 26 1.00086
49 27 1.00085
49 28 1.00084
49 29 1.00083
49 30 1.00082
49 31 1.00081
49 32 1.00079
49 33 1.00077
49 34 1.00076
49 35 1.00073
49 36 1.00071
49 37 1.00069
49 38 1.00066
49 39 1.00063
49 40 1.0006
49 41 1.00057
49 42 1.00053
49 43 1.00049
49 44 1.00045
49 45 1.00041
49 46 1.00037
49 47 1.00032
49 48 1.00027
49 49 1.00022
49 50 1.00017
49 51 1.00011
49 52 1.00006
49 53 1
49 54 0.999947
49 55 0.99989
49 56 0.999833
49 57 0.999776
49 58 0.999719
49 59 0.999663
49 60 0.999607
49 61 0.999553
49 62 0.9995
49 63 0.999448
49 64 0.999399
49 65 0.999351
49 66 0.999305
49 67 0.999261
49 68 0.99922
49 69 0.999182
49 70 0.999146
49 71 0.999113
49 72 0.999083
49 73 0.999056
49 74 0.999032
49 75 0.999011
49 76 0.998993
49 77 0.998979
49 78 0.998967
49 79 0.998959
49 80 0.998953
49 81 0.998951
49 82 0.998952
49 83 0.998956
49 84 0.998962
49 85 0.998972
49 86 0.998984
49 87 0.998999
49 88 0.999016
49 89 0.999036
49 90 0.999058
49 91 0.999083
49 92 0.999109
49 93 0.999137
49 94 0.999167
49 95 0.999199
49 96 0.999232
49 97 0.999266
49 98 0.999301
49 99 0.999337
49 100 0.999374
49 101 0.999411
49 102 0.999448
49 103 0.999486
49 104 0.999523
49 105 0.999561
49 106 0.999598
49 107 0.999634
49 108 0.99967
49 109 0.999704
49 110 0.999738
49 111 0.999771
49 112 0.999802
49 113 0.999832
49 114 0.999861
49 115 0.999889
49 116 0.999915
49 117 0.99994
49 118 0.999964
49 119 0.999987
49 120 1.00001
49 121 1.00003
49 122 1.00005
49 123 1.00007
49 124 1.00009
49 125 1.00012
49 126 1.00014
49 127 1.00016

50 0 0
50 1 1.0009
50 2 1.0009
50 3 1.0009
50 4 1.0009
50 5 1.0009
50 6 1.0009
50 7 1.0009
50 8 1.0009
50 9 1.0009
50 10 1.0009
50 11 1.0009
50 12 1.0009
50 13 1.0009
50 14 1.0009
50 15 1.0009
50 16 1.0009
50 17 1.0009
50 18 1.00089
50 19 1.00089
50 20 1.00089
50 21 1.00088
50 22 1.00088
50 23 1.00087
50 24 1.00087
50 25 1.00086
50 26 1.00085
50 27 1.00084
50 28 1.00083
50 29 1.00082
50 30 1.00081
50 31 1.00079
50 32 1.00078
50 33 1.00076
50 34 1.00074
50 35 1.00072
50 36 1.0007
50 37 1.00067
50 38 1.00064
50 39 1.00061
50 40 1.00058
50 41 1.00054
50 42 1.00051
50 43 1.00047
50 44 1.00042
50 45 1.00038
50 46 1.00033
50 47 1.00028
50 48 1.00023
50 49 1.00018
50 50 1.00013
50 51 1.00007
50 52 1.00001
50 53 0.999954
50 54 0.999895
50 55 0.999836
50 56 0.999777
50 57 0.999718
50 58 0.999659
50 59 0.999601
50 60 0.999543
50 61 0.999487
50 62 0.999433
50 63 0.99938
50 64 0.999328
50 65 0.999279
50 66 0.999232
50 67 0.999188
50 68 0.999146
50 69 0.999107
50 70 0.99907
50 71 0.999037
50 72 0.999006
50 73 0.998979
50 74 0.998955
50 75 0.998933
50 76 0.998916
50 77 0.998901
50 78 0.998889
50 79 0.998881
50 80 0.998876
50 81 0.998874
50 82 0.998875
50 83 0.998879
50 84 0.998886
50 85 0.998896
50 86 0.998909
50 87 0.998925
50 88 0.998943
50 89 0.998964
50 90 0.998986
50 91 0.999012
50 92 0.999039
50 93 0.999068
50 94 0.999098
50 95 0.999131
50 96 0.999164
50 97 0.999199
50 98 0.999235
50 99 0.999272
50 100 0.999309
50 101 0.999347
50 102 0.999385
50 103 0.999423
50 104 0.999461
50 105 0.999499
50 106 0.999536
50 107 0.999572
50 108 0.999608
50 109 0.999643
50 110 0.999677
50 111 0.99971
50 112 0.999742
50 113 0.999772
50 114 0.999801
50 115 0.999828
50 116 0.999855
50 117 0.99988
50 118 0.999903
50 119 0.999926
50 120 0.999948
50 121 0.999969
50 122 0.99999
50 123 1.00001
50 124 1.00003
50 125 1.00005
50 126 1.00008
50 127 1.0001

51 0 0
51 1 1.00089
51 2 1.0009
51 3 1.0009
51 4 1.0009
51 5 1.0009
51 6 1.0009
51 7 1.0009
51 8 1.0009
51 9 1.0009
51 10 1.0009
51 11 1.0009
51 12 1.0009
51 13 1.00089
51 14 1.00089
51 15 1.00089
51 16 1.00089
51 17 1.00089
51 18 1.00089
51 19 1.00088
51 20 1.00088
51 21 1.00087
51 22 1.00087
51 23 1.00086
51 24 1.00086
51 25 1.00085
51 26 1.00084
51 27 1.00083
51 28 1.00082
51 29 1.00081
51 30 1.0008
51 31 1.00078
51 32 1.00077
51 33 1.00075
51 34 1.00073
51 35 1.0007
51 36 1.00068
51 37 1.00065
51 38 1.00062
51 39 1.00059
51 40 1.00056
51 41 1.00052
51 42 1.00048
51 43 1.00044
51 44 1.0004
51 45 1.00035
51 46 1.0003
51 47 1.00025
51 48 1.00019
51 49 1.00014
51 50 1.00008
51 51 1.00002
51 52 0.999965
51 53 0.999904
51 54 0.999843
51 55 0.999782
51 56 0.99972
51 57 0.999659
51 58 0.999598
51 59 0.999538
51 60 0.999479
51 61 0.999421
51 62 0.999365
51 63 0.99931
51 64 0.999258
51 65 0.999207
51 66 0.999159
51 67 0.999114
51 68 0.999071
51 69 0.999031
51 70 0.998994
51 71 0.99896
51 72 0.998929
51 73 0.998902
51 74 0.998877
51 75 0.998856
51 76 0.998838
51 77 0.998823
51 78 0.998812
51 79 0.998803
51 80 0.998798
51 81 0.998797
51 82 0.998798
51 83 0.998803
51 84 0.99881
51 85 0.998821
51 86 0.998834
51 87 0.99885
51 88 0.998869
51 89 0.99889
51 90 0.998914
51 91 0.99894
51 92 0.998968
51 93 0.998997
51 94 0.999029
51 95 0.999062
51 96 0.999096
51 97 0.999132
51 98 0.999168
51 99 0.999205
51 100 0.999243
51 101 0.999282
51 102 0.99932
51 103 0.999359
51 104 0.999397
51 105 0.999435
51 106 0.999473
51 107 0.99951
51 108 0.999546
51 109 0.999581
51 110 0.999615
51 111 0.999648
51 112 0.99968
51 113 0.99971
51 114 0.999739
51 115 0.999767
51 116 0.999793
51 117 0.999818
51 118 0.999841
51 119 0.999864
51 120 0.999886
51 121 0.999907
51 122 0.999928
51 123 0.999949
51 124 0.99997
51 125 0.999991
51 126 1.00001
51 127 1.00003

52 0 0
52 1 1.00089
52 2 1.00089
52 3 1.00089
52 4 1.00089
52 5 1.00089
52 6 1.00089
52 7 1.00089
52 8 1.00089
52 9 1.00089
52 10 1.00089
52 11 1.00089
52 12 1.00089
52 13 1.00089
52 14 1.00089
52 15 1.00088
52 16 1.00088
52 17 1.00088
52 18 1.00088
52 19 1.00087
52 20 1.00087
52 21 1.00087
52 22 1.00086
52 23 1.00086
52 24 1.00085
52 25 1.00084
52 26 1.00083
52 27 1.00082
52 28 1.00081
52 29 1.0008
52 30 1.00079
52 31 1.00077
52 32 1.00075
52 33 1.00073
52 34 1.00071
52 35 1.00069
52 36 1.00066
52 37 1.00064
52 38 1.0006
52 39 1.00057
52 40 1.00054
52 41 1.0005
52 42 1.00046
52 43 1.00041
52 44 1.00037
52 45 1.00032
52 46 1.00027
52 47 1.00021
52 48 1.00016
52 49 1.0001
52 50 1.00004
52 51 0.999979
52 52 0.999917
52 53 0.999854
52 54 0.999791
52 55 0.999727
52 56 0.999663
52 57 0.9996
52 58 0.999537
52 59 0.999475
52 60 0.999414
52 61 0.999355
52 62 0.999297
52 63 0.999241
52 64 0.999187
52 65 0.999136
52 66 0.999087
52 67 0.99904
52 68 0.998997
52 69 0.998956
52 70 0.998918
52 71 0.998884
52 72 0.998852
52 73 0.998824
52 74 0.9988
52 75 0.998778
52 76 0.99876
52 77 0.998745
52 78 0.998734
52 79 0.998726
52 80 0.998721
52 81 0.99872
52 82 0.998722
52 83 0.998727
52 84 0.998735
52 85 0.998746
52 86 0.998759
52 87 0.998776
52 88 0.998795
52 89 0.998817
52 90 0.998841
52 91 0.998868
52 92 0.998896
52 93 0.998927
52 94 0.998959
52 95 0.998992
52 96 0.999027
52 97 0.999063
52 98 0.999101
52 99 0.999139
52 100 0.999177
52 101 0.999216
52 102 0.999255
52 103 0.999294
52 104 0.999333
52 105 0.999371
52 106 0.999409
52 107 0.999447
52 108 0.999483
52 109 0.999518
52 110 0.999553
52 111 0.999585
52 112 0.999617
52 113 0.999647
52 114 0.999676
52 115 0.999704
52 116 0.99973
52 117 0.999755
52 118 0.999779
52 119 0.999801
52 120 0.999823
52 121 0.999844
52 122 0.999865
52 123 0.999886
52 124 0.999906
52 125 0.999927
52 126 0.999948
52 127 0.999969

53 0 0
53 1 1.00088
53 2 1.00088
53 3 1.00088
53 4 1.00088
53 5 1.00088
53 6 1.00088
53 7 1.00088
53 8 1.00088
53 9 1.00088
53 10 1.00088
53 11 1.00088
53 12 1.00088
53 13 1.00088
53 14 1.00088
53 15 1.00088
53 16 1.00087
53 17 1.00087
53 18 1.00087
53 19 1.00087
53 20 1.00086
53 21 1.00086
53 22 1.00085
53 23 1.00085
53 24 1.00084
53 25 1.00083
53 26 1.00082
53 27 1.00081
53 28 1.0008
53 29 1.00079
53 30 1.00078
53 31 1.00076
53 32 1.00074
53 33 1.00072
53 34 1.0007
53 35 1.00067
53 36 1.00065
53 37 1.00062
53 38 1.00059
53 39 1.00055
53 40 1.00051
53 41 1.00047
53 42 1.00043
53 43 1.00038
53 44 1.00034
53 45 1.00028
53 46 1.00023
53 47 1.00018
53 48 1.00012
53 49 1.00006
53 50 0.999996
53 51 0.999933
53 52 0.999869
53 53 0.999803
53 54 0.999738
53 55 0.999672
53 56 0.999606
53 57 0.99954
53 58 0.999476
53 59 0.999412
53 60 0.999349
53 61 0.999288
53 62 0.999229
53 63 0.999172
53 64 0.999117
53 65 0.999064
53 66 0.999014
53 67 0.998967
53 68 0.998922
53 69 0.998881
53 70 0.998843
53 71 0.998808
53 72 0.998776
53 73 0.998748
53 74 0.998723
53 75 0.998701
53 76 0.998683
53 77 0.998668
53 78 0.998657
53 79 0.998649
53 80 0.998645
53 81 0.998643
53 82 0.998646
53 83 0.998651
53 84 0.998659
53 85 0.998671
53 86 0.998685
53 87 0.998702
53 88 0.998722
53 89 0.998744
53 90 0.998769
53 91 0.998796
53 92 0.998825
53 93 0.998856
53 94 0.998889
53 95 0.998923
53 96 0.998958
53 97 0.998995
53 98 0.999033
53 99 0.999071
53 100 0.99911
53 101 0.99915
53 102 0.999189
53 103 0.999229
53 104 0.999268
53 105 0.999307
53 106 0.999345
53 107 0.999383
53 108 0.999419
53 109 0.999455
53 110 0.999489
53 111 0.999522
53 112 0.999554
53 113 0.999584
53 114 0.999613
53 115 0.99964
53 116 0.999666
53 117 0.999691
53 118 0.999715
53 119 0.999738
53 120 0.99976
53 121 0.999781
53 122 0.999801
53 123 0.999822
53 124 0.999842
53 125 0.999863
53 126 0.999883
53 127 0.999904

54 0 0
54 1 1.00087
54 2 1.00087
54 3 1.00088
54 4 1.00088
54 5 1.00088
54 6 1.00088
54 7 1.00088
54 8 1.00088
54 9 1.00088
54 10 1.00087
54 11 1.00087
54 12 1.00087
54 13 1.00087
54 14 1.00087
54 15 1.00087
54 16 1.00087
54 17 1.00086
54 18 1.00086
54 19 1.00086
54 20 1.00085
54 21 1.00085
54 22 1.00084
54 23 1.00084
54 24 1.00083
54 25 1.00082
54 26 1.00081
54 27 1.0008
54 28 1.00079
54 29 1.00078
54 30 1.00076
54 31 1.00075
54 32 1.00073
54 33 1.00071
54 34 1.00068
54 35 1.00066
54 36 1.00063
54 37 1.0006
54 38 1.00057
54 39 1.00053
54 40 1.00049
54 41 1.00045
54 42 1.0004
54 43 1.00036
54 44 1.00031
54 45 1.00025
54 46 1.0002
54 47 1.00014
54 48 1.00008
54 49 1.00002
54 50 0.999952
54 51 0.999887
54 52 0.99982
54 53 0.999753
54 54 0.999685
54 55 0.999617
54 56 0.999549
54 57 0.999481
54 58 0.999414
54 59 0.999349
54 60 0.999285
54 61 0.999222
54 62 0.999161
54 63 0.999103
54 64 0.999047
54 65 0.998993
54 66 0.998942
54 67 0.998894
54 68 0.998849
54 69 0.998807
54 70 0.998768
54 71 0.998733
54 72 0.998701
54 73 0.998672
54 74 0.998647
54 75 0.998625
54 76 0.998607
54 77 0.998592
54 78 0.998581
54 79 0.998573
54 80 0.998569
54 81 0.998568
54 82 0.99857
54 83 0.998576
54 84 0.998584
54 85 0.998596
54 86 0.998611
54 87 0.998628
54 88 0.998649
54 89 0.998672
54 90 0.998697
54 91 0.998724
54 92 0.998754
54 93 0.998785
54 94 0.998819
54 95 0.998853
54 96 0.99889
54 97 0.998927
54 98 0.998965
54 99 0.999004
54 100 0.999044
54 101 0.999083
54 102 0.999123
54 103 0.999163
54 104 0.999203
54 105 0.999242
54 106 0.99928
54 107 0.999318
54 108 0.999355
54 109 0.99939
54 110 0.999425
54 111 0.999458
54 112 0.99949
54 113 0.99952
54 114 0.999549
54 115 0.999576
54 116 0.999602
54 117 0.999627
54 118 0.999651
54 119 0.999674
54 120 0.999695
54 121 0.999717
54 122 0.999737
54 123 0.999758
54 124 0.999778
54 125 0.999798
54 126 0.999818
54 127 0.999838

55 0 0
55 1 1.00087
55 2 1.00087
55 3 1.00087
55 4 1.00087
55 5 1.00087
55 6 1.00087
55 7 1.00087
55 8 1.00087
55 9 1.00087
55 10 1.00087
55 11 1.00087
55 12 1.00087
55 13 1.00086
55 14 1.00086
55 15 1.00086
55 16 1.00086
55 17 1.00086
55 18 1.00085
55 19 1.00085
55 20 1.00085
55 21 1.00084
55 22 1.00084
55 23 1.00083
55 24 1.00082
55 25 1.00081
55 26 1.00081
55 27 1.00079
55 28 1.00078
55 29 1.00077
55 30 1.00075
55 31 1.00074
55 32 1.00072
55 33 1.00069
55 34 1.00067
55 35 1.00064
55 36 1.00061
55 37 1.00058
55 38 1.00055
55 39 1.00051
55 40 1.00047
55 41 1.00043
55 42 1.00038
55 43 1.00033
55 44 1.00028
55 45 1.00022
55 46 1.00016
55 47 1.0001
55 48 1.00004
55 49 0.999975
55 50 0.999909
55 51 0.999841
55 52 0.999772
55 53 0.999702
55 54 0.999632
55 55 0.999562
55 56 0.999492
55 57 0.999422
55 58 0.999354
55 59 0.999286
55 60 0.99922
55 61 0.999156
55 62 0.999094
55 63 0.999034
55 64 0.998977
55 65 0.998923
55 66 0.998871
55 67 0.998822
55 68 0.998776
55 69 0.998734
55 70 0.998694
55 71 0.998659
55 72 0.998626
55 73 0.998597
55 74 0.998572
55 75 0.99855
55 76 0.998532
55 77 0.998517
55 78 0.998506
55 79 0.998498
55 80 0.998494
55 81 0.998493
55 82 0.998496
55 83 0.998502
55 84 0.998511
55 85 0.998523
55 86 0.998538
55 87 0.998556
55 88 0.998577
55 89 0.9986
55 90 0.998626
55 91 0.998653
55 92 0.998684
55 93 0.998716
55 94 0.998749
55 95 0.998785
55 96 0.998821
55 97 0.998859
55 98 0.998898
55 99 0.998937
55 100 0.998977
55 101 0.999017
55 102 0.999057
55 103 0.999098
55 104 0.999137
55 105 0.999177
55 106 0.999216
55 107 0.999253
55 108 0.99929
55 109 0.999326
55 110 0.999361
55 111 0.999394
55 112 0.999425
55 113 0.999456
55 114 0.999485
55 115 0.999512
55 116 0.999538
55 117 0.999563
55 118 0.999587
55 119 0.999609
55 120 0.999631
55 121 0.999652
55 122 0.999673
55 123 0.999693
55 124 0.999713
55 125 0.999733
55 126 0.999752
55 127 0.999771

56 0 0
56 1 1.00086
56 2 1.00086
56 3 1.00086
56 4 1.00086
56 5 1.00086
56 6 1.00086
56 7 1.00086
56 8 1.00086
56 9 1.00086
56 10 1.00086
56 11 1.00086
56 12 1.00086
56 13 1.00086
56 14 1.00086
56 15 1.00085
56 16 1.00085
56 17 1.00085
56 18 1.00085
56 19 1.00084
56 20 1.00084
56 21 1.00083
56 22 1.00083
56 23 1.00082
56 24 1.00081
56 25 1.00081
56 26 1.0008
56 27 1.00078
56 28 1.00077
56 29 1.00076
56 30 1.00074
56 31 1.00072
56 32 1.0007
56 33 1.00068
56 34 1.00066
56 35 1.00063
56 36 1.0006
56 37 1.00056
56 38 1.00053
56 39 1.00049
56 40 1.00045
56 41 1.0004
56 42 1.00035
56 43 1.0003
56 44 1.00025
56 45 1.00019
56 46 1.00013
56 47 1.00007
56 48 1
56 49 0.999934
56 50 0.999865
56 51 0.999795
56 52 0.999724
56 53 0.999652
56 54 0.999579
56 55 0.999507
56 56 0.999435
56 57 0.999364
56 58 0.999293
56 59 0.999224
56 60 0.999157
56 61 0.999092
56 62 0.999028
56 63 0.998967
56 64 0.998909
56 65 0.998853
56 66 0.998801
56 67 0.998751
56 68 0.998705
56 69 0.998662
56 70 0.998622
56 71 0.998586
56 72 0.998553
56 73 0.998524
56 74 0.998499
56 75 0.998477
56 76 0.998459
56 77 0.998444
56 78 0.998433
56 79 0.998425
56 80 0.998421
56 81 0.99842
56 82 0.998423
56 83 0.998429
56 84 0.998438
56 85 0.998451
56 86 0.998466
56 87 0.998484
56 88 0.998506
56 89 0.998529
56 90 0.998555
56 91 0.998584
56 92 0.998614
56 93 0.998646
56 94 0.998681
56 95 0.998716
56 96 0.998753
56 97 0.998792
56 98 0.998831
56 99 0.99887
56 100 0.998911
56 101 0.998951
56 102 0.998992
56 103 0.999032
56 104 0.999072
56 105 0.999112
56 106 0.999151
56 107 0.999189
56 108 0.999226
56 109 0.999262
56 110 0.999296
56 111 0.999329
56 112 0.999361
56 113 0.999391
56 114 0.99942
56 115 0.999448
56 116 0.999474
56 117 0.999498
56 118 0.999522
56 119 0.999545
56 120 0.999567
56 121 0.999588
56 122 0.999608
56 123 0.999628
56 124 0.999648
56 125 0.999667
56 126 0.999687
56 127 0.999705

57 0 0
57 1 1.00085
57 2 1.00085
57 3 1.00085
57 4 1.00085
57 5 1.00085
57 6 1.00085
57 7 1.00085
57 8 1.00085
57 9 1.00085
57 10 1.00085
57 11 1.00085
57 12 1.00085
57 13 1.00085
57 14 1.00085
57 15 1.00085
57 16 1.00084
57 17 1.00084
57 18 1.00084
57 19 1.00083
57 20 1.00083
57 21 1.00083
57 22 1.00082
57 23 1.00081
57 24 1.00081
57 25 1.0008
57 26 1.00079
57 27 1.00078
57 28 1.00076
57 29 1.00075
57 30 1.00073
57 31 1.00071
57 32 1.00069
57 33 1.00067
57 34 1.00064
57 35 1.00061
57 36 1.00058
57 37 1.00055
57 38 1.00051
57 39 1.00047
57 40 1.00043
57 41 1.00038
57 42 1.00033
57 43 1.00027
57 44 1.00022
57 45 1.00016
57 46 1.00009
57 47 1.00003
57 48 0.999962
57 49 0.999893
57 50 0.999822
57 51 0.999749
57 52 0.999676
57 53 0.999602
57 54 0.999527
57 55 0.999453
57 56 0.999379
57 57 0.999306
57 58 0.999234
57 59 0.999163
57 60 0.999095
57 61 0.999028
57 62 0.998963
57 63 0.998901
57 64 0.998842
57 65 0.998785
57 66 0.998732
57 67 0.998682
57 68 0.998635
57 69 0.998592
57 70 0.998552
57 71 0.998515
57 72 0.998482
57 73 0.998453
57 74 0.998427
57 75 0.998405
57 76 0.998387
57 77 0.998372
57 78 0.998361
57 79 0.998354
57 80 0.99835
57 81 0.998349
57 82 0.998352
57 83 0.998358
57 84 0.998368
57 85 0.99838
57 86 0.998396
57 87 0.998415
57 88 0.998436
57 89 0.99846
57 90 0.998486
57 91 0.998515
57 92 0.998546
57 93 0.998579
57 94 0.998613
57 95 0.998649
57 96 0.998687
57 97 0.998725
57 98 0.998764
57 99 0.998805
57 100 0.998845
57 101 0.998886
57 102 0.998927
57 103 0.998968
57 104 0.999008
57 105 0.999048
57 106 0.999087
57 107 0.999125
57 108 0.999162
57 109 0.999198
57 110 0.999232
57 111 0.999265
57 112 0.999297
57 113 0.999327
57 114 0.999356
57 115 0.999383
57 116 0.999409
57 117 0.999434
57 118 0.999458
57 119 0.99948
57 120 0.999502
57 121 0.999523
57 122 0.999544
57 123 0.999564
57 124 0.999583
57 125 0.999602
57 126 0.999621
57 127 0.999639

58 0 0
58 1 1.00085
58 2 1.00085
58 3 1.00085
58 4 1.00085
58 5 1.00085
58 6 1.00085
58 7 1.00085
58 8 1.00085
58 9 1.00085
58 10 1.00084
58 11 1.00084
58 12 1.00084
58 13 1.00084
58 14 1.00084
58 15 1.00084
58 16 1.00084
58 17 1.00083
58 18 1.00083
58 19 1.00083
58 20 1.00082
58 21 1.00082
58 22 1.00081
58 23 1.0008
58 24 1.0008
58 25 1.00079
58 26 1.00078
58 27 1.00077
58 28 1.00075
58 29 1.00074
58 30 1.00072
58 31 1.0007
58 32 1.00068
58 33 1.00066
58 34 1.00063
58 35 1.0006
58 36 1.00057
58 37 1.00053
58 38 1.00049
58 39 1.00045
58 40 1.0004
58 41 1.00035
58 42 1.0003
58 43 1.00025
58 44 1.00019
58 45 1.00013
58 46 1.00006
58 47 0.999994
58 48 0.999924
58 49 0.999853
58 50 0.999779
58 51 0.999705
58 52 0.999629
58 53 0.999553
58 54 0.999476
58 55 0.9994
58 56 0.999324
58 57 0.999249
58 58 0.999176
58 59 0.999104
58 60 0.999033
58 61 0.998965
58 62 0.9989
58 63 0.998837
58 64 0.998777
58 65 0.998719
58 66 0.998665
58 67 0.998614
58 68 0.998567
58 69 0.998523
58 70 0.998483
58 71 0.998446
58 72 0.998413
58 73 0.998384
58 74 0.998358
58 75 0.998336
58 76 0.998317
58 77 0.998303
58 78 0.998292
58 79 0.998284
58 80 0.99828
58 81 0.99828
58 82 0.998283
58 83 0.998289
58 84 0.998299
58 85 0.998312
58 86 0.998328
58 87 0.998346
58 88 0.998368
58 89 0.998392
58 90 0.998419
58 91 0.998448
58 92 0.998479
58 93 0.998512
58 94 0.998547
58 95 0.998583
58 96 0.998621
58 97 0.99866
58 98 0.998699
58 99 0.99874
58 100 0.998781
58 101 0.998822
58 102 0.998863
58 103 0.998904
58 104 0.998944
58 105 0.998984
58 106 0.999023
58 107 0.999061
58 108 0.999098
58 109 0.999134
58 110 0.999169
58 111 0.999202
58 112 0.999233
58 113 0.999264
58 114 0.999292
58 115 0.99932
58 116 0.999346
58 117 0.99937
58 118 0.999394
58 119 0.999417
58 120 0.999438
58 121 0.999459
58 122 0.99948
58 123 0.9995
58 124 0.999519
58 125 0.999538
58 126 0.999556
58 127 0.999573

59 0 0
59 1 1.00084
59 2 1.00084
59 3 1.00084
59 4 1.00084
59 5 1.00084
59 6 1.00084
59 7 1.00084
59 8 1.00084
59 9 1.00084
59 10 1.00084
59 11 1.00084
59 12 1.00084
59 13 1.00083
59 14 1.00083
59 15 1.00083
59 16 1.00083
59 17 1.00083
59 18 1.00082
59 19 1.00082
59 20 1.00081
59 21 1.00081
59 22 1.0008
59 23 1.0008
59 24 1.00079
59 25 1.00078
59 26 1.00077
59 27 1.00076
59 28 1.00074
59 29 1.00073
59 30 1.00071
59 31 1.00069
59 32 1.00067
59 33 1.00064
59 34 1.00061
59 35 1.00058
59 36 1.00055
59 37 1.00051
59 38 1.00047
59 39 1.00043
59 40 1.00038
59 41 1.00033
59 42 1.00028
59 43 1.00022
59 44 1.00016
59 45 1.0001
59 46 1.00003
59 47 0.999959
59 48 0.999887
59 49 0.999813
59 50 0.999738
59 51 0.999661
59 52 0.999583
59 53 0.999505
59 54 0.999426
59 55 0.999348
59 56 0.99927
59 57 0.999194
59 58 0.999119
59 59 0.999045
59 60 0.998974
59 61 0.998905
59 62 0.998838
59 63 0.998774
59 64 0.998713
59 65 0.998655
59 66 0.9986
59 67 0.998549
59 68 0.998501
59 69 0.998457
59 70 0.998416
59 71 0.998379
59 72 0.998346
59 73 0.998316
59 74 0.998291
59 75 0.998269
59 76 0.99825
59 77 0.998235
59 78 0.998224
59 79 0.998217
59 80 0.998213
59 81 0.998213
59 82 0.998216
59 83 0.998223
59 84 0.998232
59 85 0.998245
59 86 0.998261
59 87 0.99828
59 88 0.998302
59 89 0.998326
59 90 0.998353
59 91 0.998383
59 92 0.998414
59 93 0.998447
59 94 0.998482
59 95 0.998519
59 96 0.998557
59 97 0.998596
59 98 0.998636
59 99 0.998676
59 100 0.998717
59 101 0.998759
59 102 0.9988
59 103 0.998841
59 104 0.998881
59 105 0.998921
59 106 0.998961
59 107 0.998999
59 108 0.999036
59 109 0.999072
59 110 0.999106
59 111 0.999139
59 112 0.999171
59 113 0.999201
59 114 0.999229
59 115 0.999257
59 116 0.999282
59 117 0.999307
59 118 0.999331
59 119 0.999353
59 120 0.999375
59 121 0.999396
59 122 0.999417
59 123 0.999436
59 124 0.999456
59 125 0.999474
59 126 0.999492
59 127 0.999508

60 0 0
60 1 1.00083
60 2 1.00083
60 3 1.00083
60 4 1.00083
60 5 1.00083
60 6 1.00083
60 7 1.00083
60 8 1.00083
60 9 1.00083
60 10 1.00083
60 11 1.00083
60 12 1.00083
60 13 1.00083
60 14 1.00082
60 15 1.00082
60 16 1.00082
60 17 1.00082
60 18 1.00081
60 19 1.00081
60 20 1.00081
60 21 1.0008
60 22 1.00079
60 23 1.00079
60 24 1.00078
60 25 1.00077
60 26 1.00076
60 27 1.00075
60 28 1.00073
60 29 1.00072
60 30 1.0007
60 31 1.00068
60 32 1.00066
60 33 1.00063
60 34 1.0006
60 35 1.00057
60 36 1.00054
60 37 1.0005
60 38 1.00046
60 39 1.00041
60 40 1.00036
60 41 1.00031
60 42 1.00025
60 43 1.00019
60 44 1.00013
60 45 1.00006
60 46 0.999996
60 47 0.999924
60 48 0.99985
60 49 0.999774
60 50 0.999697
60 51 0.999618
60 52 0.999538
60 53 0.999458
60 54 0.999377
60 55 0.999297
60 56 0.999218
60 57 0.99914
60 58 0.999063
60 59 0.998989
60 60 0.998916
60 61 0.998846
60 62 0.998778
60 63 0.998713
60 64 0.998651
60 65 0.998593
60 66 0.998538
60 67 0.998486
60 68 0.998438
60 69 0.998393
60 70 0.998352
60 71 0.998315
60 72 0.998282
60 73 0.998252
60 74 0.998226
60 75 0.998204
60 76 0.998185
60 77 0.998171
60 78 0.99816
60 79 0.998152
60 80 0.998149
60 81 0.998148
60 82 0.998152
60 83 0.998158
60 84 0.998168
60 85 0.998181
60 86 0.998197
60 87 0.998216
60 88 0.998238
60 89 0.998263
60 90 0.99829
60 91 0.998319
60 92 0.998351
60 93 0.998384
60 94 0.99842
60 95 0.998456
60 96 0.998494
60 97 0.998534
60 98 0.998574
60 99 0.998614
60 100 0.998656
60 101 0.998697
60 102 0.998738
60 103 0.998779
60 104 0.99882
60 105 0.99886
60 106 0.998899
60 107 0.998937
60 108 0.998974
60 109 0.99901
60 110 0.999044
60 111 0.999077
60 112 0.999109
60 113 0.999139
60 114 0.999167
60 115 0.999194
60 116 0.99922
60 117 0.999245
60 118 0.999269
60 119 0.999291
60 120 0.999313
60 121 0.999334
60 122 0.999354
60 123 0.999374
60 124 0.999393
60 125 0.999411
60 126 0.999428
60 127 0.999443

61 0 0
61 1 1.00083
61 2 1.00083
61 3 1.00083
61 4 1.00083
61 5 1.00082
61 6 1.00082
61 7 1.00082
61 8 1.00082
61 9 1.00082
61 10 1.00082
61 11 1.00082
61 12 1.00082
61 13 1.00082
61 14 1.00082
61 15 1.00081
61 16 1.00081
61 17 1.00081
61 18 1.00081
61 19 1.0008
61 20 1.0008
61 21 1.00079
61 22 1.00079
61 23 1.00078
61 24 1.00077
61 25 1.00076
61 26 1.00075
61 27 1.00074
61 28 1.00072
61 29 1.00071
61 30 1.00069
61 31 1.00067
61 32 1.00064
61 33 1.00062
61 34 1.00059
61 35 1.00056
61 36 1.00052
61 37 1.00048
61 38 1.00044
61 39 1.00039
61 40 1.00034
61 41 1.00029
61 42 1.00023
61 43 1.00017
61 44 1.0001
61 45 1.00004
61 46 0.999965
61 47 0.999891
61 48 0.999815
61 49 0.999737
61 50 0.999657
61 51 0.999576
61 52 0.999494
61 53 0.999412
61 54 0.99933
61 55 0.999248
61 56 0.999167
61 57 0.999088
61 58 0.99901
61 59 0.998934
61 60 0.99886
61 61 0.998789
61 62 0.99872
61 63 0.998655
61 64 0.998592
61 65 0.998533
61 66 0.998477
61 67 0.998425
61 68 0.998377
61 69 0.998332
61 70 0.998291
61 71 0.998253
61 72 0.99822
61 73 0.99819
61 74 0.998164
61 75 0.998142
61 76 0.998123
61 77 0.998109
61 78 0.998098
61 79 0.99809
61 80 0.998087
61 81 0.998086
61 82 0.99809
61 83 0.998096
61 84 0.998106
61 85 0.99812
61 86 0.998136
61 87 0.998155
61 88 0.998177
61 89 0.998202
61 90 0.998229
61 91 0.998258
61 92 0.99829
61 93 0.998324
61 94 0.998359
61 95 0.998396
61 96 0.998434
61 97 0.998473
61 98 0.998514
61 99 0.998554
61 100 0.998596
61 101 0.998637
61 102 0.998678
61 103 0.998719
61 104 0.99876
61 105 0.9988
61 106 0.998839
61 107 0.998877
61 108 0.998914
61 109 0.99895
61 110 0.998984
61 111 0.999017
61 112 0.999048
61 113 0.999078
61 114 0.999106
61 115 0.999133
61 116 0.999159
61 117 0.999184
61 118 0.999207
61 119 0.99923
61 120 0.999252
61 121 0.999273
61 122 0.999293
61 123 0.999312
61 124 0.999331
61 125 0.999349
61 126 0.999365
61 127 0.99938

62 0 0
62 1 1.00082
62 2 1.00082
62 3 1.00082
62 4 1.00082
62 5 1.00082
62 6 1.00082
62 7 1.00082
62 8 1.00082
62 9 1.00082
62 10 1.00081
62 11 1.00081
62 12 1.00081
62 13 1.00081
62 14 1.00081
62 15 1.00081
62 16 1.0008
62 17 1.0008
62 18 1.0008
62 19 1.00079
62 20 1.00079
62 21 1.00078
62 22 1.00078
62 23 1.00077
62 24 1.00076
62 25 1.00075
62 26 1.00074
62 27 1.00073
62 28 1.00071
62 29 1.0007
62 30 1.00068
62 31 1.00066
62 32 1.00063
62 33 1.00061
62 34 1.00058
62 35 1.00054
62 36 1.00051
62 37 1.00047
62 38 1.00042
62 39 1.00037
62 40 1.00032
62 41 1.00027
62 42 1.00021
62 43 1.00014
62 44 1.00008
62 45 1.00001
62 46 0.999934
62 47 0.999859
62 48 0.999781
62 49 0.9997
62 50 0.999619
62 51 0.999536
62 52 0.999452
62 53 0.999368
62 54 0.999284
62 55 0.999201
62 56 0.999119
62 57 0.999038
62 58 0.998958
62 59 0.998881
62 60 0.998806
62 61 0.998734
62 62 0.998665
62 63 0.998599
62 64 0.998536
62 65 0.998476
62 66 0.99842
62 67 0.998367
62 68 0.998319
62 69 0.998273
62 70 0.998232
62 71 0.998195
62 72 0.998161
62 73 0.998131
62 74 0.998105
62 75 0.998083
62 76 0.998064
62 77 0.99805
62 78 0.998039
62 79 0.998031
62 80 0.998028
62 81 0.998027
62 82 0.998031
62 83 0.998037
62 84 0.998047
62 85 0.998061
62 86 0.998077
62 87 0.998096
62 88 0.998118
62 89 0.998143
62 90 0.99817
62 91 0.9982
62 92 0.998232
62 93 0.998265
62 94 0.998301
62 95 0.998338
62 96 0.998376
62 97 0.998415
62 98 0.998455
62 99 0.998496
62 100 0.998537
62 101 0.998579
62 102 0.99862
62 103 0.998661
62 104 0.998702
62 105 0.998742
62 106 0.998781
62 107 0.998819
62 108 0.998856
62 109 0.998891
62 110 0.998925
62 111 0.998958
62 112 0.998989
62 113 0.999019
62 114 0.999047
62 115 0.999074
62 116 0.9991
62 117 0.999124
62 118 0.999148
62 119 0.99917
62 120 0.999192
62 121 0.999213
62 122 0.999233
62 123 0.999252
62 124 0.999271
62 125 0.999288
62 126 0.999304
62 127 0.999318

63 0 0
63 1 1.00081
63 2 1.00081
63 3 1.00081
63 4 1.00081
63 5 1.00081
63 6 1.00081
63 7 1.00081
63 8 1.00081
63 9 1.00081
63 10 1.00081
63 11 1.00081
63 12 1.0008
63 13 1.0008
63 14 1.0008
63 15 1.0008
63 16 1.0008
63 17 1.00079
63 18 1.00079
63 19 1.00079
63 20 1.00078
63 21 1.00078
63 22 1.00077
63 23 1.00076
63 24 1.00075
63 25 1.00074
63 26 1.00073
63 27 1.00072
63 28 1.00071
63 29 1.00069
63 30 1.00067
63 31 1.00065
63 32 1.00062
63 33 1.00059
63 34 1.00056
63 35 1.00053
63 36 1.00049
63 37 1.00045
63 38 1.00041
63 39 1.00036
63 40 1.0003
63 41 1.00025
63 42 1.00018
63 43 1.00012
63 44 1.00005
63 45 0.99998
63 46 0.999905
63 47 0.999828
63 48 0.999748
63 49 0.999666
63 50 0.999582
63 51 0.999497
63 52 0.999412
63 53 0.999326
63 54 0.99924
63 55 0.999155
63 56 0.999072
63 57 0.998989
63 58 0.998909
63 59 0.998831
63 60 0.998755
63 61 0.998682
63 62 0.998612
63 63 0.998545
63 64 0.998482
63 65 0.998421
63 66 0.998365
63 67 0.998312
63 68 0.998263
63 69 0.998218
63 70 0.998176
63 71 0.998139
63 72 0.998105
63 73 0.998075
63 74 0.998049
63 75 0.998027
63 76 0.998008
63 77 0.997994
63 78 0.997983
63 79 0.997975
63 80 0.997972
63 81 0.997972
63 82 0.997975
63 83 0.997982
63 84 0.997992
63 85 0.998005
63 86 0.998021
63 87 0.99804
63 88 0.998062
63 89 0.998087
63 90 0.998114
63 91 0.998144
63 92 0.998176
63 93 0.998209
63 94 0.998245
63 95 0.998282
63 96 0.99832
63 97 0.998359
63 98 0.9984
63 99 0.99844
63 100 0.998482
63 101 0.998523
63 102 0.998564
63 103 0.998605
63 104 0.998646
63 105 0.998685
63 106 0.998724
63 107 0.998762
63 108 0.998799
63 109 0.998834
63 110 0.998868
63 111 0.9989
63 112 0.998931
63 113 0.998961
63 114 0.998989
63 115 0.999016
63 116 0.999041
63 117 0.999066
63 118 0.999089
63 119 0.999112
63 120 0.999134
63 121 0.999154
63 122 0.999175
63 123 0.999194
63 124 0.999212
63 125 0.999229
63 126 0.999244
63 127 0.999258

64 0 0
64 1 1.0008
64 2 1.0008
64 3 1.0008
64 4 1.0008
64 5 1.0008
64 6 1.0008
64 7 1.0008
64 8 1.0008
64 9 1.0008
64 10 1.0008
64 11 1.0008
64 12 1.0008
64 13 1.0008
64 14 1.00079
64 15 1.00079
64 16 1.00079
64 17 1.00079
64 18 1.00078
64 19 1.00078
64 20 1.00077
64 21 1.00077
64 22 1.00076
64 23 1.00076
64 24 1.00075
64 25 1.00074
64 26 1.00073
64 27 1.00071
64 28 1.0007
64 29 1.00068
64 30 1.00066
64 31 1.00064
64 32 1.00061
64 33 1.00058
64 34 1.00055
64 35 1.00052
64 36 1.00048
64 37 1.00044
64 38 1.00039
64 39 1.00034
64 40 1.00029
64 41 1.00023
64 42 1.00016
64 43 1.0001
64 44 1.00003
64 45 0.999954
64 46 0.999877
64 47 0.999798
64 48 0.999716
64 49 0.999632
64 50 0.999547
64 51 0.99946
64 52 0.999373
64 53 0.999286
64 54 0.999198
64 55 0.999112
64 56 0.999027
64 57 0.998944
64 58 0.998862
64 59 0.998783
64 60 0.998706
64 61 0.998632
64 62 0.998562
64 63 0.998494
64 64 0.99843
64 65 0.99837
64 66 0.998313
64 67 0.99826
64 68 0.998211
64 69 0.998165
64 70 0.998124
64 71 0.998086
64 72 0.998052
64 73 0.998023
64 74 0.997996
64 75 0.997974
64 76 0.997956
64 77 0.997941
64 78 0.99793
64 79 0.997923
64 80 0.997919
64 81 0.997919
64 82 0.997922
64 83 0.997929
64 84 0.997939
64 85 0.997952
64 86 0.997968
64 87 0.997988
64 88 0.99801
64 89 0.998034
64 90 0.998062
64 91 0.998091
64 92 0.998123
64 93 0.998156
64 94 0.998192
64 95 0.998229
64 96 0.998267
64 97 0.998306
64 98 0.998346
64 99 0.998387
64 100 0.998428
64 101 0.998469
64 102 0.998511
64 103 0.998551
64 104 0.998592
64 105 0.998631
64 106 0.99867
64 107 0.998708
64 108 0.998744
64 109 0.998779
64 110 0.998813
64 111 0.998845
64 112 0.998876
64 113 0.998905
64 114 0.998933
64 115 0.99896
64 116 0.998985
64 117 0.99901
64 118 0.999033
64 119 0.999055
64 120 0.999077
64 121 0.999098
64 122 0.999118
64 123 0.999137
64 124 0.999155
64 125 0.999171
64 126 0.999186
64 127 0.999199

65 0 0
65 1 1.0008
65 2 1.0008
65 3 1.0008
65 4 1.0008
65 5 1.00079
65 6 1.00079
65 7 1.00079
65 8 1.00079
65 9 1.00079
65 10 1.00079
65 11 1.00079
65 12 1.00079
65 13 1.00079
65 14 1.00079
65 15 1.00078
65 16 1.00078
65 17 1.00078
65 18 1.00077
65 19 1.00077
65 20 1.00077
65 21 1.00076
65 22 1.00075
65 23 1.00075
65 24 1.00074
65 25 1.00073
65 26 1.00072
65 27 1.0007
65 28 1.00069
65 29 1.00067
65 30 1.00065
65 31 1.00063
65 32 1.0006
65 33 1.00057
65 34 1.00054
65 35 1.00051
65 36 1.00047
65 37 1.00042
65 38 1.00038
65 39 1.00032
65 40 1.00027
65 41 1.00021
65 42 1.00014
65 43 1.00008
65 44 1
65 45 0.99993
65 46 0.999851
65 47 0.99977
65 48 0.999686
65 49 0.999601
65 50 0.999513
65 51 0.999425
65 52 0.999336
65 53 0.999247
65 54 0.999159
65 55 0.999071
65 56 0.998985
65 57 0.9989
65 58 0.998818
65 59 0.998738
65 60 0.99866
65 61 0.998586
65 62 0.998514
65 63 0.998447
65 64 0.998382
65 65 0.998321
65 66 0.998264
65 67 0.998211
65 68 0.998162
65 69 0.998116
65 70 0.998075
65 71 0.998037
65 72 0.998003
65 73 0.997973
65 74 0.997947
65 75 0.997925
65 76 0.997906
65 77 0.997892
65 78 0.997881
65 79 0.997873
65 80 0.99787
65 81 0.997869
65 82 0.997873
65 83 0.997879
65 84 0.997889
65 85 0.997902
65 86 0.997919
65 87 0.997938
65 88 0.99796
65 89 0.997985
65 90 0.998012
65 91 0.998041
65 92 0.998073
65 93 0.998106
65 94 0.998142
65 95 0.998179
65 96 0.998217
65 97 0.998256
65 98 0.998296
65 99 0.998336
65 100 0.998377
65 101 0.998418
65 102 0.998459
65 103 0.9985
65 104 0.99854
65 105 0.99858
65 106 0.998618
65 107 0.998655
65 108 0.998692
65 109 0.998726
65 110 0.99876
65 111 0.998792
65 112 0.998822
65 113 0.998851
65 114 0.998879
65 115 0.998906
65 116 0.998931
65 117 0.998955
65 118 0.998979
65 119 0.999001
65 120 0.999023
65 121 0.999043
65 122 0.999063
65 123 0.999082
65 124 0.9991
65 125 0.999116
65 126 0.99913
65 127 0.999142

66 0 0
66 1 1.00079
66 2 1.00079
66 3 1.00079
66 4 1.00079
66 5 1.00079
66 6 1.00079
66 7 1.00079
66 8 1.00078
66 9 1.00078
66 10 1.00078
66 11 1.00078
66 12 1.00078
66 13 1.00078
66 14 1.00078
66 15 1.00078
66 16 1.00077
66 17 1.00077
66 18 1.00077
66 19 1.00076
66 20 1.00076
66 21 1.00075
66 22 1.00075
66 23 1.00074
66 24 1.00073
66 25 1.00072
66 26 1.00071
66 27 1.0007
66 28 1.00068
66 29 1.00066
66 30 1.00064
66 31 1.00062
66 32 1.00059
66 33 1.00056
66 34 1.00053
66 35 1.00049
66 36 1.00045
66 37 1.00041
66 38 1.00036
66 39 1.00031
66 40 1.00025
66 41 1.00019
66 42 1.00013
66 43 1.00006
66 44 0.999983
66 45 0.999906
66 46 0.999826
66 47 0.999744
66 48 0.999658
66 49 0.999571
66 50 0.999482
66 51 0.999392
66 52 0.999302
66 53 0.999212
66 54 0.999122
66 55 0.999033
66 56 0.998945
66 57 0.99886
66 58 0.998776
66 59 0.998695
66 60 0.998617
66 61 0.998542
66 62 0.99847
66 63 0.998402
66 64 0.998337
66 65 0.998276
66 66 0.998219
66 67 0.998165
66 68 0.998116
66 69 0.99807
66 70 0.998029
66 71 0.997991
66 72 0.997957
66 73 0.997927
66 74 0.997901
66 75 0.997879
66 76 0.99786
66 77 0.997846
66 78 0.997835
66 79 0.997827
66 80 0.997824
66 81 0.997823
66 82 0.997827
66 83 0.997833
66 84 0.997843
66 85 0.997856
66 86 0.997872
66 87 0.997892
66 88 0.997914
66 89 0.997938
66 90 0.997965
66 91 0.997995
66 92 0.998026
66 93 0.99806
66 94 0.998095
66 95 0.998131
66 96 0.998169
66 97 0.998208
66 98 0.998248
66 99 0.998289
66 100 0.998329
66 101 0.99837
66 102 0.998411
66 103 0.998451
66 104 0.998491
66 105 0.99853
66 106 0.998569
66 107 0.998606
66 108 0.998641
66 109 0.998676
66 110 0.998709
66 111 0.998741
66 112 0.998771
66 113 0.9988
66 114 0.998828
66 115 0.998854
66 116 0.998879
66 117 0.998903
66 118 0.998926
66 119 0.998949
66 120 0.99897
66 121 0.998991
66 122 0.999011
66 123 0.999029
66 124 0.999047
66 125 0.999062
66 126 0.999076
66 127 0.999087

67 0 0
67 1 1.00078
67 2 1.00078
67 3 1.00078
67 4 1.00078
67 5 1.00078
67 6 1.00078
67 7 1.00078
67 8 1.00078
67 9 1.00078
67 10 1.00078
67 11 1.00077
67 12 1.00077
67 13 1.00077
67 14 1.00077
67 15 1.00077
67 16 1.00077
67 17 1.00076
67 18 1.00076
67 19 1.00076
67 20 1.00075
67 21 1.00075
67 22 1.00074
67 23 1.00073
67 24 1.00072
67 25 1.00071
67 26 1.0007
67 27 1.00069
67 28 1.00067
67 29 1.00065
67 30 1.00063
67 31 1.00061
67 32 1.00058
67 33 1.00055
67 34 1.00052
67 35 1.00048
67 36 1.00044
67 37 1.0004
67 38 1.00035
67 39 1.0003
67 40 1.00024
67 41 1.00018
67 42 1.00011
67 43 1.00004
67 44 0.999963
67 45 0.999885
67 46 0.999803
67 47 0.999719
67 48 0.999632
67 49 0.999543
67 50 0.999453
67 51 0.999362
67 52 0.99927
67 53 0.999178
67 54 0.999087
67 55 0.998997
67 56 0.998908
67 57 0.998822
67 58 0.998737
67 59 0.998656
67 60 0.998577
67 61 0.998501
67 62 0.998429
67 63 0.99836
67 64 0.998295
67 65 0.998234
67 66 0.998176
67 67 0.998123
67 68 0.998073
67 69 0.998028
67 70 0.997986
67 71 0.997948
67 72 0.997914
67 73 0.997885
67 74 0.997858
67 75 0.997836
67 76 0.997818
67 77 0.997803
67 78 0.997792
67 79 0.997785
67 80 0.997781
67 81 0.997781
67 82 0.997784
67 83 0.997791
67 84 0.997801
67 85 0.997814
67 86 0.99783
67 87 0.997849
67 88 0.997871
67 89 0.997895
67 90 0.997922
67 91 0.997951
67 92 0.997983
67 93 0.998016
67 94 0.998051
67 95 0.998087
67 96 0.998125
67 97 0.998164
67 98 0.998204
67 99 0.998244
67 100 0.998284
67 101 0.998325
67 102 0.998365
67 103 0.998406
67 104 0.998445
67 105 0.998484
67 106 0.998522
67 107 0.998559
67 108 0.998594
67 109 0.998628
67 110 0.998661
67 111 0.998692
67 112 0.998722
67 113 0.998751
67 114 0.998778
67 115 0.998805
67 116 0.99883
67 117 0.998853
67 118 0.998877
67 119 0.998899
67 120 0.99892
67 121 0.998941
67 122 0.99896
67 123 0.998979
67 124 0.998996
67 125 0.999011
67 126 0.999024
67 127 0.999035

68 0 0
68 1 1.00078
68 2 1.00077
68 3 1.00077
68 4 1.00077
68 5 1.00077
68 6 1.00077
68 7 1.00077
68 8 1.00077
68 9 1.00077
68 10 1.00077
68 11 1.00077
68 12 1.00076
68 13 1.00076
68 14 1.00076
68 15 1.00076
68 16 1.00076
68 17 1.00075
68 18 1.00075
68 19 1.00075
68 20 1.00074
68 21 1.00074
68 22 1.00073
68 23 1.00072
68 24 1.00071
68 25 1.0007
68 26 1.00069
68 27 1.00068
68 28 1.00066
68 29 1.00065
68 30 1.00062
68 31 1.0006
68 32 1.00057
68 33 1.00054
68 34 1.00051
68 35 1.00047
68 36 1.00043
68 37 1.00039
68 38 1.00034
68 39 1.00028
68 40 1.00022
68 41 1.00016
68 42 1.00009
68 43 1.00002
68 44 0.999945
68 45 0.999865
68 46 0.999782
68 47 0.999697
68 48 0.999608
68 49 0.999518
68 50 0.999426
68 51 0.999333
68 52 0.99924
68 53 0.999147
68 54 0.999055
68 55 0.998964
68 56 0.998874
68 57 0.998787
68 58 0.998701
68 59 0.998619
68 60 0.99854
68 61 0.998463
68 62 0.998391
68 63 0.998322
68 64 0.998256
68 65 0.998195
68 66 0.998137
68 67 0.998084
68 68 0.998034
68 69 0.997989
68 70 0.997947
68 71 0.997909
68 72 0.997875
68 73 0.997845
68 74 0.997819
68 75 0.997797
68 76 0.997779
68 77 0.997764
68 78 0.997753
68 79 0.997746
68 80 0.997742
68 81 0.997742
68 82 0.997745
68 83 0.997752
68 84 0.997761
68 85 0.997774
68 86 0.99779
68 87 0.997809
68 88 0.997831
68 89 0.997855
68 90 0.997882
68 91 0.997911
68 92 0.997942
68 93 0.997976
68 94 0.99801
68 95 0.998047
68 96 0.998084
68 97 0.998123
68 98 0.998162
68 99 0.998202
68 100 0.998242
68 101 0.998283
68 102 0.998323
68 103 0.998363
68 104 0.998402
68 105 0.99844
68 106 0.998478
68 107 0.998514
68 108 0.998549
68 109 0.998583
68 110 0.998616
68 111 0.998647
68 112 0.998677
68 113 0.998705
68 114 0.998732
68 115 0.998758
68 116 0.998783
68 117 0.998806
68 118 0.998829
68 119 0.998852
68 120 0.998873
68 121 0.998893
68 122 0.998913
68 123 0.998931
68 124 0.998948
68 125 0.998963
68 126 0.998975
68 127 0.998985

69 0 0
69 1 1.00077
69 2 1.00077
69 3 1.00077
69 4 1.00076
69 5 1.00076
69 6 1.00076
69 7 1.00076
69 8 1.00076
69 9 1.00076
69 10 1.00076
69 11 1.00076
69 12 1.00076
69 13 1.00075
69 14 1.00075
69 15 1.00075
69 16 1.00075
69 17 1.00075
69 18 1.00074
69 19 1.00074
69 20 1.00073
69 21 1.00073
69 22 1.00072
69 23 1.00072
69 24 1.00071
69 25 1.0007
69 26 1.00068
69 27 1.00067
69 28 1.00066
69 29 1.00064
69 30 1.00062
69 31 1.00059
69 32 1.00057
69 33 1.00054
69 34 1.0005
69 35 1.00046
69 36 1.00042
69 37 1.00038
69 38 1.00033
69 39 1.00027
69 40 1.00021
69 41 1.00015
69 42 1.00008
69 43 1.00001
69 44 0.999928
69 45 0.999848
69 46 0.999763
69 47 0.999676
69 48 0.999586
69 49 0.999495
69 50 0.999402
69 51 0.999308
69 52 0.999213
69 53 0.999119
69 54 0.999026
69 55 0.998933
69 56 0.998843
69 57 0.998755
69 58 0.998669
69 59 0.998586
69 60 0.998506
69 61 0.998429
69 62 0.998356
69 63 0.998287
69 64 0.998221
69 65 0.99816
69 66 0.998102
69 67 0.998048
69 68 0.997999
69 69 0.997953
69 70 0.997911
69 71 0.997874
69 72 0.99784
69 73 0.99781
69 74 0.997784
69 75 0.997762
69 76 0.997743
69 77 0.997729
69 78 0.997718
69 79 0.997711
69 80 0.997707
69 81 0.997707
69 82 0.99771
69 83 0.997716
69 84 0.997726
69 85 0.997739
69 86 0.997755
69 87 0.997773
69 88 0.997795
69 89 0.997819
69 90 0.997846
69 91 0.997875
69 92 0.997906
69 93 0.997939
69 94 0.997973
69 95 0.998009
69 96 0.998047
69 97 0.998085
69 98 0.998124
69 99 0.998164
69 100 0.998204
69 101 0.998244
69 102 0.998283
69 103 0.998323
69 104 0.998362
69 105 0.9984
69 106 0.998437
69 107 0.998473
69 108 0.998508
69 109 0.998541
69 110 0.998573
69 111 0.998604
69 112 0.998633
69 113 0.998661
69 114 0.998688
69 115 0.998714
69 116 0.998739
69 117 0.998762
69 118 0.998785
69 119 0.998807
69 120 0.998828
69 121 0.998849
69 122 0.998868
69 123 0.998886
69 124 0.998902
69 125 0.998917
69 126 0.998929
69 127 0.998938

70 0 0
70 1 1.00076
70 2 1.00076
70 3 1.00076
70 4 1.00076
70 5 1.00076
70 6 1.00075
70 7 1.00075
70 8 1.00075
70 9 1.00075
70 10 1.00075
70 11 1.00075
70 12 1.00075
70 13 1.00075
70 14 1.00075
70 15 1.00074
70 16 1.00074
70 17 1.00074
70 18 1.00073
70 19 1.00073
70 20 1.00073
70 21 1.00072
70 22 1.00072
70 23 1.00071
70 24 1.0007
70 25 1.00069
70 26 1.00068
70 27 1.00066
70 28 1.00065
70 29 1.00063
70 30 1.00061
70 31 1.00059
70 32 1.00056
70 33 1.00053
70 34 1.00049
70 35 1.00046
70 36 1.00041
70 37 1.00037
70 38 1.00032
70 39 1.00026
70 40 1.0002
70 41 1.00014
70 42 1.00007
70 43 0.999992
70 44 0.999914
70 45 0.999832
70 46 0.999746
70 47 0.999658
70 48 0.999567
70 49 0.999474
70 50 0.99938
70 51 0.999285
70 52 0.999189
70 53 0.999094
70 54 0.998999
70 55 0.998906
70 56 0.998815
70 57 0.998726
70 58 0.998639
70 59 0.998555
70 60 0.998475
70 61 0.998398
70 62 0.998325
70 63 0.998255
70 64 0.998189
70 65 0.998127
70 66 0.99807
70 67 0.998016
70 68 0.997966
70 69 0.997921
70 70 0.997879
70 71 0.997841
70 72 0.997808
70 73 0.997778
70 74 0.997752
70 75 0.99773
70 76 0.997712
70 77 0.997697
70 78 0.997686
70 79 0.997679
70 80 0.997675
70 81 0.997675
70 82 0.997678
70 83 0.997684
70 84 0.997694
70 85 0.997707
70 86 0.997722
70 87 0.997741
70 88 0.997763
70 89 0.997787
70 90 0.997813
70 91 0.997842
70 92 0.997873
70 93 0.997905
70 94 0.99794
70 95 0.997975
70 96 0.998012
70 97 0.998051
70 98 0.998089
70 99 0.998129
70 100 0.998168
70 101 0.998208
70 102 0.998247
70 103 0.998286
70 104 0.998325
70 105 0.998363
70 106 0.998399
70 107 0.998435
70 108 0.998469
70 109 0.998502
70 110 0.998534
70 111 0.998564
70 112 0.998593
70 113 0.998621
70 114 0.998648
70 115 0.998673
70 116 0.998697
70 117 0.998721
70 118 0.998744
70 119 0.998765
70 120 0.998787
70 121 0.998807
70 122 0.998826
70 123 0.998844
70 124 0.99886
70 125 0.998874
70 126 0.998885
70 127 0.998893

71 0 0
71 1 1.00075
71 2 1.00075
71 3 1.00075
71 4 1.00075
71 5 1.00075
71 6 1.00075
71 7 1.00075
71 8 1.00074
71 9 1.00074
71 10 1.00074
71 11 1.00074
71 12 1.00074
71 13 1.00074
71 14 1.00074
71 15 1.00073
71 16 1.00073
71 17 1.00073
71 18 1.00073
71 19 1.00072
71 20 1.00072
71 21 1.00071
71 22 1.00071
71 23 1.0007
71 24 1.00069
71 25 1.00068
71 26 1.00067
71 27 1.00066
71 28 1.00064
71 29 1.00062
71 30 1.0006
71 31 1.00058
71 32 1.00055
71 33 1.00052
71 34 1.00049
71 35 1.00045
71 36 1.00041
71 37 1.00036
71 38 1.00031
71 39 1.00025
71 40 1.00019
71 41 1.00012
71 42 1.00005
71 43 0.99998
71 44 0.999901
71 45 0.999818
71 46 0.999731
71 47 0.999642
71 48 0.99955
71 49 0.999456
71 50 0.999361
71 51 0.999264
71 52 0.999168
71 53 0.999071
71 54 0.998976
71 55 0.998882
71 56 0.99879
71 57 0.9987
71 58 0.998613
71 59 0.998528
71 60 0.998448
71 61 0.99837
71 62 0.998296
71 63 0.998227
71 64 0.998161
71 65 0.998099
71 66 0.998041
71 67 0.997987
71 68 0.997938
71 69 0.997892
71 70 0.997851
71 71 0.997813
71 72 0.997779
71 73 0.99775
71 74 0.997724
71 75 0.997702
71 76 0.997684
71 77 0.997669
71 78 0.997658
71 79 0.997651
71 80 0.997647
71 81 0.997647
71 82 0.99765
71 83 0.997656
71 84 0.997666
71 85 0.997678
71 86 0.997694
71 87 0.997712
71 88 0.997734
71 89 0.997758
71 90 0.997784
71 91 0.997812
71 92 0.997843
71 93 0.997875
71 94 0.99791
71 95 0.997945
71 96 0.997982
71 97 0.99802
71 98 0.998058
71 99 0.998097
71 100 0.998136
71 101 0.998176
71 102 0.998215
71 103 0.998253
71 104 0.998291
71 105 0.998329
71 106 0.998365
71 107 0.9984
71 108 0.998434
71 109 0.998467
71 110 0.998498
71 111 0.998528
71 112 0.998556
71 113 0.998584
71 114 0.99861
71 115 0.998635
71 116 0.998659
71 117 0.998683
71 118 0.998705
71 119 0.998727
71 120 0.998748
71 121 0.998768
71 122 0.998787
71 123 0.998805
71 124 0.99882
71 125 0.998834
71 126 0.998845
71 127 0.998852

72 0 0
72 1 1.00074
72 2 1.00074
72 3 1.00074
72 4 1.00074
72 5 1.00074
72 6 1.00074
72 7 1.00074
72 8 1.00074
72 9 1.00073
72 10 1.00073
72 11 1.00073
72 12 1.00073
72 13 1.00073
72 14 1.00073
72 15 1.00073
72 16 1.00072
72 17 1.00072
72 18 1.00072
72 19 1.00071
72 20 1.00071
72 21 1.00071
72 22 1.0007
72 23 1.00069
72 24 1.00068
72 25 1.00067
72 26 1.00066
72 27 1.00065
72 28 1.00063
72 29 1.00062
72 30 1.00059
72 31 1.00057
72 32 1.00054
72 33 1.00051
72 34 1.00048
72 35 1.00044
72 36 1.0004
72 37 1.00035
72 38 1.0003
72 39 1.00024
72 40 1.00018
72 41 1.00012
72 42 1.00005
72 43 0.99997
72 44 0.99989
72 45 0.999806
72 46 0.999719
72 47 0.999628
72 48 0.999536
72 49 0.999441
72 50 0.999344
72 51 0.999247
72 52 0.999149
72 53 0.999052
72 54 0.998956
72 55 0.998861
72 56 0.998768
72 57 0.998677
72 58 0.99859
72 59 0.998505
72 60 0.998424
72 61 0.998346
72 62 0.998272
72 63 0.998202
72 64 0.998136
72 65 0.998074
72 66 0.998016
72 67 0.997962
72 68 0.997913
72 69 0.997867
72 70 0.997825
72 71 0.997788
72 72 0.997754
72 73 0.997725
72 74 0.997699
72 75 0.997677
72 76 0.997659
72 77 0.997644
72 78 0.997633
72 79 0.997626
72 80 0.997622
72 81 0.997622
72 82 0.997625
72 83 0.997631
72 84 0.997641
72 85 0.997653
72 86 0.997669
72 87 0.997687
72 88 0.997709
72 89 0.997732
72 90 0.997758
72 91 0.997787
72 92 0.997817
72 93 0.997849
72 94 0.997883
72 95 0.997918
72 96 0.997955
72 97 0.997992
72 98 0.99803
72 99 0.998069
72 100 0.998108
72 101 0.998147
72 102 0.998185
72 103 0.998224
72 104 0.998261
72 105 0.998298
72 106 0.998334
72 107 0.998368
72 108 0.998402
72 109 0.998434
72 110 0.998465
72 111 0.998495
72 112 0.998523
72 113 0.99855
72 114 0.998576
72 115 0.998601
72 116 0.998625
72 117 0.998648
72 118 0.99867
72 119 0.998692
72 120 0.998713
72 121 0.998733
72 122 0.998751
72 123 0.998769
72 124 0.998784
72 125 0.998797
72 126 0.998807
72 127 0.998814

73 0 0
73 1 1.00074
73 2 1.00073
73 3 1.00073
73 4 1.00073
73 5 1.00073
73 6 1.00073
73 7 1.00073
73 8 1.00073
73 9 1.00073
73 10 1.00073
73 11 1.00072
73 12 1.00072
73 13 1.00072
73 14 1.00072
73 15 1.00072
73 16 1.00072
73 17 1.00071
73 18 1.00071
73 19 1.00071
73 20 1.0007
73 21 1.0007
73 22 1.00069
73 23 1.00068
73 24 1.00068
73 25 1.00067
73 26 1.00066
73 27 1.00064
73 28 1.00063
73 29 1.00061
73 30 1.00059
73 31 1.00056
73 32 1.00054
73 33 1.00051
73 34 1.00047
73 35 1.00044
73 36 1.00039
73 37 1.00035
73 38 1.00029
73 39 1.00024
73 40 1.00018
73 41 1.00011
73 42 1.00004
73 43 0.999961
73 44 0.999881
73 45 0.999797
73 46 0.999709
73 47 0.999617
73 48 0.999524
73 49 0.999428
73 50 0.99933
73 51 0.999232
73 52 0.999134
73 53 0.999036
73 54 0.998939
73 55 0.998843
73 56 0.998749
73 57 0.998658
73 58 0.99857
73 59 0.998485
73 60 0.998403
73 61 0.998325
73 62 0.998251
73 63 0.99818
73 64 0.998114
73 65 0.998052
73 66 0.997994
73 67 0.99794
73 68 0.997891
73 69 0.997845
73 70 0.997804
73 71 0.997766
73 72 0.997733
73 73 0.997703
73 74 0.997678
73 75 0.997656
73 76 0.997638
73 77 0.997623
73 78 0.997612
73 79 0.997605
73 80 0.997601
73 81 0.997601
73 82 0.997604
73 83 0.99761
73 84 0.99762
73 85 0.997632
73 86 0.997648
73 87 0.997666
73 88 0.997687
73 89 0.997711
73 90 0.997736
73 91 0.997765
73 92 0.997795
73 93 0.997827
73 94 0.99786
73 95 0.997895
73 96 0.997931
73 97 0.997968
73 98 0.998006
73 99 0.998044
73 100 0.998083
73 101 0.998121
73 102 0.99816
73 103 0.998197
73 104 0.998234
73 105 0.998271
73 106 0.998306
73 107 0.99834
73 108 0.998373
73 109 0.998405
73 110 0.998436
73 111 0.998465
73 112 0.998493
73 113 0.998519
73 114 0.998545
73 115 0.99857
73 116 0.998593
73 117 0.998616
73 118 0.998639
73 119 0.99866
73 120 0.998681
73 121 0.998701
73 122 0.998719
73 123 0.998736
73 124 0.998751
73 125 0.998764
73 126 0.998773
73 127 0.998779

74 0 0
74 1 1.00073
74 2 1.00073
74 3 1.00072
74 4 1.00072
74 5 1.00072
74 6 1.00072
74 7 1.00072
74 8 1.00072
74 9 1.00072
74 10 1.00072
74 11 1.00072
74 12 1.00071
74 13 1.00071
74 14 1.00071
74 15 1.00071
74 16 1.00071
74 17 1.00071
74 18 1.0007
74 19 1.0007
74 20 1.00069
74 21 1.00069
74 22 1.00068
74 23 1.00068
74 24 1.00067
74 25 1.00066
74 26 1.00065
74 27 1.00063
74 28 1.00062
74 29 1.0006
74 30 1.00058
74 31 1.00056
74 32 1.00053
74 33 1.0005
74 34 1.00047
74 35 1.00043
74 36 1.00039
74 37 1.00034
74 38 1.00029
74 39 1.00023
74 40 1.00017
74 41 1.0001
74 42 1.00003
74 43 0.999955
74 44 0.999874
74 45 0.999789
74 46 0.999701
74 47 0.999609
74 48 0.999514
74 49 0.999418
74 50 0.99932
74 51 0.999221
74 52 0.999122
74 53 0.999023
74 54 0.998925
74 55 0.998829
74 56 0.998734
74 57 0.998643
74 58 0.998554
74 59 0.998468
74 60 0.998386
74 61 0.998307
74 62 0.998233
74 63 0.998162
74 64 0.998096
74 65 0.998034
74 66 0.997976
74 67 0.997922
74 68 0.997873
74 69 0.997827
74 70 0.997786
74 71 0.997748
74 72 0.997715
74 73 0.997686
74 74 0.99766
74 75 0.997638
74 76 0.99762
74 77 0.997606
74 78 0.997595
74 79 0.997588
74 80 0.997584
74 81 0.997584
74 82 0.997587
74 83 0.997593
74 84 0.997602
74 85 0.997615
74 86 0.99763
74 87 0.997648
74 88 0.997669
74 89 0.997692
74 90 0.997718
74 91 0.997746
74 92 0.997776
74 93 0.997808
74 94 0.997841
74 95 0.997876
74 96 0.997911
74 97 0.997948
74 98 0.997986
74 99 0.998023
74 100 0.998061
74 101 0.9981
74 102 0.998137
74 103 0.998175
74 104 0.998211
74 105 0.998247
74 106 0.998282
74 107 0.998316
74 108 0.998348
74 109 0.99838
74 110 0.99841
74 111 0.998438
74 112 0.998466
74 113 0.998492
74 114 0.998518
74 115 0.998542
74 116 0.998566
74 117 0.998588
74 118 0.998611
74 119 0.998632
74 120 0.998653
74 121 0.998672
74 122 0.998691
74 123 0.998707
74 124 0.998722
74 125 0.998734
74 126 0.998743
74 127 0.998748

75 0 0
75 1 1.00072
75 2 1.00072
75 3 1.00072
75 4 1.00071
75 5 1.00071
75 6 1.00071
75 7 1.00071
75 8 1.00071
75 9 1.00071
75 10 1.00071
75 11 1.00071
75 12 1.00071
75 13 1.0007
75 14 1.0007
75 15 1.0007
75 16 1.0007
75 17 1.0007
75 18 1.00069
75 19 1.00069
75 20 1.00069
75 21 1.00068
75 22 1.00068
75 23 1.00067
75 24 1.00066
75 25 1.00065
75 26 1.00064
75 27 1.00063
75 28 1.00061
75 29 1.0006
75 30 1.00058
75 31 1.00055
75 32 1.00053
75 33 1.0005
75 34 1.00046
75 35 1.00043
75 36 1.00038
75 37 1.00034
75 38 1.00028
75 39 1.00023
75 40 1.00017
75 41 1.0001
75 42 1.00003
75 43 0.999951
75 44 0.99987
75 45 0.999784
75 46 0.999695
75 47 0.999603
75 48 0.999508
75 49 0.999411
75 50 0.999312
75 51 0.999212
75 52 0.999112
75 53 0.999013
75 54 0.998914
75 55 0.998817
75 56 0.998723
75 57 0.99863
75 58 0.998541
75 59 0.998455
75 60 0.998372
75 61 0.998293
75 62 0.998219
75 63 0.998148
75 64 0.998081
75 65 0.998019
75 66 0.997961
75 67 0.997907
75 68 0.997858
75 69 0.997812
75 70 0.997771
75 71 0.997734
75 72 0.9977
75 73 0.997671
75 74 0.997646
75 75 0.997624
75 76 0.997606
75 77 0.997592
75 78 0.997581
75 79 0.997574
75 80 0.99757
75 81 0.99757
75 82 0.997573
75 83 0.997579
75 84 0.997588
75 85 0.997601
75 86 0.997616
75 87 0.997634
75 88 0.997655
75 89 0.997678
75 90 0.997703
75 91 0.997731
75 92 0.997761
75 93 0.997792
75 94 0.997825
75 95 0.99786
75 96 0.997895
75 97 0.997932
75 98 0.997969
75 99 0.998006
75 100 0.998044
75 101 0.998081
75 102 0.998119
75 103 0.998156
75 104 0.998192
75 105 0.998227
75 106 0.998262
75 107 0.998295
75 108 0.998327
75 109 0.998358
75 110 0.998387
75 111 0.998416
75 112 0.998443
75 113 0.998469
75 114 0.998494
75 115 0.998518
75 116 0.998542
75 117 0.998564
75 118 0.998586
75 119 0.998607
75 120 0.998628
75 121 0.998647
75 122 0.998666
75 123 0.998682
75 124 0.998696
75 125 0.998708
75 126 0.998716
75 127 0.998721

76 0 0
76 1 1.00071
76 2 1.00071
76 3 1.00071
76 4 1.00071
76 5 1.0007
76 6 1.0007
76 7 1.0007
76 8 1.0007
76 9 1.0007
76 10 1.0007
76 11 1.0007
76 12 1.0007
76 13 1.0007
76 14 1.00069
76 15 1.00069
76 16 1.00069
76 17 1.00069
76 18 1.00069
76 19 1.00068
76 20 1.00068
76 21 1.00067
76 22 1.00067
76 23 1.00066
76 24 1.00065
76 25 1.00064
76 26 1.00063
76 27 1.00062
76 28 1.00061
76 29 1.00059
76 30 1.00057
76 31 1.00055
76 32 1.00052
76 33 1.00049
76 34 1.00046
76 35 1.00042
76 36 1.00038
76 37 1.00033
76 38 1.00028
76 39 1.00022
76 40 1.00016
76 41 1.0001
76 42 1.00002
76 43 0.999948
76 44 0.999867
76 45 0.999782
76 46 0.999692
76 47 0.9996
76 48 0.999504
76 49 0.999406
76 50 0.999307
76 51 0.999207
76 52 0.999106
76 53 0.999006
76 54 0.998907
76 55 0.99881
76 56 0.998714
76 57 0.998621
76 58 0.998531
76 59 0.998445
76 60 0.998362
76 61 0.998283
76 62 0.998208
76 63 0.998137
76 64 0.99807
76 65 0.998008
76 66 0.99795
76 67 0.997896
76 68 0.997846
76 69 0.997801
76 70 0.99776
76 71 0.997722
76 72 0.997689
76 73 0.99766
76 74 0.997635
76 75 0.997613
76 76 0.997595
76 77 0.997581
76 78 0.99757
76 79 0.997563
76 80 0.997559
76 81 0.997559
76 82 0.997562
76 83 0.997568
76 84 0.997578
76 85 0.99759
76 86 0.997605
76 87 0.997623
76 88 0.997644
76 89 0.997667
76 90 0.997692
76 91 0.99772
76 92 0.997749
76 93 0.99778
76 94 0.997813
76 95 0.997847
76 96 0.997882
76 97 0.997919
76 98 0.997955
76 99 0.997992
76 100 0.99803
76 101 0.998067
76 102 0.998104
76 103 0.99814
76 104 0.998176
76 105 0.998211
76 106 0.998245
76 107 0.998278
76 108 0.998309
76 109 0.99834
76 110 0.998369
76 111 0.998397
76 112 0.998424
76 113 0.99845
76 114 0.998474
76 115 0.998498
76 116 0.998521
76 117 0.998544
76 118 0.998566
76 119 0.998587
76 120 0.998607
76 121 0.998626
76 122 0.998644
76 123 0.998661
76 124 0.998675
76 125 0.998686
76 126 0.998693
76 127 0.998697

77 0 0
77 1 1.0007
77 2 1.0007
77 3 1.0007
77 4 1.0007
77 5 1.0007
77 6 1.00069
77 7 1.00069
77 8 1.00069
77 9 1.00069
77 10 1.00069
77 11 1.00069
77 12 1.00069
77 13 1.00069
77 14 1.00069
77 15 1.00068
77 16 1.00068
77 17 1.00068
77 18 1.00068
77 19 1.00067
77 20 1.00067
77 21 1.00067
77 22 1.00066
77 23 1.00065
77 24 1.00065
77 25 1.00064
77 26 1.00063
77 27 1.00061
77 28 1.0006
77 29 1.00058
77 30 1.00056
77 31 1.00054
77 32 1.00052
77 33 1.00049
77 34 1.00046
77 35 1.00042
77 36 1.00038
77 37 1.00033
77 38 1.00028
77 39 1.00022
77 40 1.00016
77 41 1.0001
77 42 1.00002
77 43 0.999948
77 44 0.999867
77 45 0.999781
77 46 0.999692
77 47 0.999599
77 48 0.999503
77 49 0.999405
77 50 0.999305
77 51 0.999205
77 52 0.999104
77 53 0.999003
77 54 0.998903
77 55 0.998805
77 56 0.998709
77 57 0.998616
77 58 0.998526
77 59 0.998439
77 60 0.998355
77 61 0.998276
77 62 0.998201
77 63 0.998129
77 64 0.998063
77 65 0.998
77 66 0.997942
77 67 0.997888
77 68 0.997838
77 69 0.997793
77 70 0.997752
77 71 0.997715
77 72 0.997681
77 73 0.997652
77 74 0.997627
77 75 0.997605
77 76 0.997588
77 77 0.997573
77 78 0.997563
77 79 0.997556
77 80 0.997552
77 81 0.997552
77 82 0.997555
77 83 0.997561
77 84 0.99757
77 85 0.997583
77 86 0.997598
77 87 0.997616
77 88 0.997636
77 89 0.997659
77 90 0.997684
77 91 0.997712
77 92 0.997741
77 93 0.997772
77 94 0.997805
77 95 0.997838
77 96 0.997873
77 97 0.997909
77 98 0.997945
77 99 0.997982
77 100 0.998019
77 101 0.998056
77 102 0.998092
77 103 0.998128
77 104 0.998164
77 105 0.998198
77 106 0.998232
77 107 0.998264
77 108 0.998295
77 109 0.998325
77 110 0.998354
77 111 0.998382
77 112 0.998408
77 113 0.998434
77 114 0.998458
77 115 0.998482
77 116 0.998505
77 117 0.998527
77 118 0.998549
77 119 0.99857
77 120 0.99859
77 121 0.99861
77 122 0.998627
77 123 0.998643
77 124 0.998657
77 125 0.998667
77 126 0.998675
77 127 0.998678

78 0 0
78 1 1.00069
78 2 1.00069
78 3 1.00069
78 4 1.00069
78 5 1.00069
78 6 1.00069
78 7 1.00068
78 8 1.00068
78 9 1.00068
78 10 1.00068
78 11 1.00068
78 12 1.00068
78 13 1.00068
78 14 1.00068
78 15 1.00067
78 16 1.00067
78 17 1.00067
78 18 1.00067
78 19 1.00066
78 20 1.00066
78 21 1.00066
78 22 1.00065
78 23 1.00065
78 24 1.00064
78 25 1.00063
78 26 1.00062
78 27 1.00061
78 28 1.00059
78 29 1.00058
78 30 1.00056
78 31 1.00054
78 32 1.00051
78 33 1.00048
78 34 1.00045
78 35 1.00042
78 36 1.00037
78 37 1.00033
78 38 1.00028
78 39 1.00022
78 40 1.00016
78 41 1.0001
78 42 1.00003
78 43 0.999949
78 44 0.999868
78 45 0.999783
78 46 0.999694
78 47 0.999601
78 48 0.999505
78 49 0.999407
78 50 0.999307
78 51 0.999206
78 52 0.999104
78 53 0.999003
78 54 0.998903
78 55 0.998805
78 56 0.998708
78 57 0.998614
78 58 0.998523
78 59 0.998436
78 60 0.998352
78 61 0.998272
78 62 0.998197
78 63 0.998125
78 64 0.998058
78 65 0.997996
78 66 0.997937
78 67 0.997883
78 68 0.997834
78 69 0.997788
78 70 0.997747
78 71 0.99771
78 72 0.997677
78 73 0.997648
78 74 0.997622
78 75 0.997601
78 76 0.997583
78 77 0.997569
78 78 0.997559
78 79 0.997552
78 80 0.997548
78 81 0.997548
78 82 0.997551
78 83 0.997557
78 84 0.997566
78 85 0.997579
78 86 0.997594
78 87 0.997612
78 88 0.997632
78 89 0.997655
78 90 0.99768
78 91 0.997707
78 92 0.997736
78 93 0.997767
78 94 0.997799
78 95 0.997833
78 96 0.997868
78 97 0.997903
78 98 0.997939
78 99 0.997976
78 100 0.998012
78 101 0.998049
78 102 0.998085
78 103 0.99812
78 104 0.998155
78 105 0.998189
78 106 0.998222
78 107 0.998254
78 108 0.998285
78 109 0.998315
78 110 0.998343
78 111 0.998371
78 112 0.998397
78 113 0.998422
78 114 0.998446
78 115 0.99847
78 116 0.998493
78 117 0.998515
78 118 0.998537
78 119 0.998558
78 120 0.998578
78 121 0.998597
78 122 0.998614
78 123 0.99863
78 124 0.998643
78 125 0.998653
78 126 0.99866
78 127 0.998662

79 0 0
79 1 1.00068
79 2 1.00068
79 3 1.00068
79 4 1.00068
79 5 1.00068
79 6 1.00068
79 7 1.00068
79 8 1.00067
79 9 1.00067
79 10 1.00067
79 11 1.00067
79 12 1.00067
79 13 1.00067
79 14 1.00067
79 15 1.00067
79 16 1.00066
79 17 1.00066
79 18 1.00066
79 19 1.00066
79 20 1.00065
79 21 1.00065
79 22 1.00064
79 23 1.00064
79 24 1.00063
79 25 1.00062
79 26 1.00061
79 27 1.0006
79 28 1.00059
79 29 1.00057
79 30 1.00055
79 31 1.00053
79 32 1.00051
79 33 1.00048
79 34 1.00045
79 35 1.00041
79 36 1.00037
79 37 1.00033
79 38 1.00028
79 39 1.00022
79 40 1.00016
79 41 1.0001
79 42 1.00003
79 43 0.999953
79 44 0.999872
79 45 0.999787
79 46 0.999698
79 47 0.999605
79 48 0.99951
79 49 0.999411
79 50 0.999311
79 51 0.99921
79 52 0.999108
79 53 0.999007
79 54 0.998906
79 55 0.998807
79 56 0.99871
79 57 0.998616
79 58 0.998525
79 59 0.998437
79 60 0.998353
79 61 0.998272
79 62 0.998196
79 63 0.998125
79 64 0.998057
79 65 0.997994
79 66 0.997936
79 67 0.997882
79 68 0.997832
79 69 0.997787
79 70 0.997745
79 71 0.997708
79 72 0.997675
79 73 0.997646
79 74 0.997621
79 75 0.9976
79 76 0.997582
79 77 0.997568
79 78 0.997558
79 79 0.997551
79 80 0.997547
79 81 0.997547
79 82 0.99755
79 83 0.997556
79 84 0.997566
79 85 0.997578
79 86 0.997593
79 87 0.997611
79 88 0.997631
79 89 0.997654
79 90 0.997679
79 91 0.997706
79 92 0.997735
79 93 0.997765
79 94 0.997798
79 95 0.997831
79 96 0.997865
79 97 0.997901
79 98 0.997936
79 99 0.997972
79 100 0.998009
79 101 0.998045
79 102 0.99808
79 103 0.998116
79 104 0.99815
79 105 0.998184
79 106 0.998217
79 107 0.998248
79 108 0.998279
79 109 0.998308
79 110 0.998336
79 111 0.998363
79 112 0.998389
79 113 0.998414
79 114 0.998438
79 115 0.998462
79 116 0.998485
79 117 0.998507
79 118 0.998528
79 119 0.998549
79 120 0.998569
79 121 0.998588
79 122 0.998606
79 123 0.998621
79 124 0.998634
79 125 0.998644
79 126 0.99865
79 127 0.998651

80 0 0
80 1 1.00068
80 2 1.00067
80 3 1.00067
80 4 1.00067
80 5 1.00067
80 6 1.00067
80 7 1.00067
80 8 1.00066
80 9 1.00066
80 10 1.00066
80 11 1.00066
80 12 1.00066
80 13 1.00066
80 14 1.00066
80 15 1.00066
80 16 1.00065
80 17 1.00065
80 18 1.00065
80 19 1.00065
80 20 1.00064
80 21 1.00064
80 22 1.00064
80 23 1.00063
80 24 1.00062
80 25 1.00061
80 26 1.00061
80 27 1.00059
80 28 1.00058
80 29 1.00057
80 30 1.00055
80 31 1.00053
80 32 1.0005
80 33 1.00048
80 34 1.00045
80 35 1.00041
80 36 1.00037
80 37 1.00033
80 38 1.00028
80 39 1.00023
80 40 1.00017
80 41 1.0001
80 42 1.00003
80 43 0.999958
80 44 0.999878
80 45 0.999794
80 46 0.999705
80 47 0.999613
80 48 0.999517
80 49 0.999419
80 50 0.999319
80 51 0.999217
80 52 0.999116
80 53 0.999014
80 54 0.998913
80 55 0.998813
80 56 0.998716
80 57 0.998621
80 58 0.99853
80 59 0.998441
80 60 0.998357
80 61 0.998276
80 62 0.9982
80 63 0.998128
80 64 0.99806
80 65 0.997997
80 66 0.997938
80 67 0.997884
80 68 0.997834
80 69 0.997788
80 70 0.997747
80 71 0.99771
80 72 0.997677
80 73 0.997648
80 74 0.997623
80 75 0.997601
80 76 0.997584
80 77 0.99757
80 78 0.997559
80 79 0.997553
80 80 0.997549
80 81 0.997549
80 82 0.997552
80 83 0.997559
80 84 0.997568
80 85 0.99758
80 86 0.997595
80 87 0.997613
80 88 0.997633
80 89 0.997656
80 90 0.997681
80 91 0.997708
80 92 0.997737
80 93 0.997767
80 94 0.997799
80 95 0.997832
80 96 0.997866
80 97 0.997901
80 98 0.997937
80 99 0.997973
80 100 0.998009
80 101 0.998044
80 102 0.99808
80 103 0.998115
80 104 0.998149
80 105 0.998182
80 106 0.998215
80 107 0.998246
80 108 0.998276
80 109 0.998305
80 110 0.998333
80 111 0.99836
80 112 0.998386
80 113 0.99841
80 114 0.998434
80 115 0.998458
80 116 0.998481
80 117 0.998503
80 118 0.998524
80 119 0.998545
80 120 0.998565
80 121 0.998584
80 122 0.998601
80 123 0.998617
80 124 0.998629
80 125 0.998639
80 126 0.998644
80 127 0.998645

81 0 0
81 1 1.00067
81 2 1.00066
81 3 1.00066
81 4 1.00066
81 5 1.00066
81 6 1.00066
81 7 1.00066
81 8 1.00066
81 9 1.00065
81 10 1.00065
81 11 1.00065
81 12 1.00065
81 13 1.00065
81 14 1.00065
81 15 1.00065
81 16 1.00065
81 17 1.00064
81 18 1.00064
81 19 1.00064
81 20 1.00064
81 21 1.00063
81 22 1.00063
81 23 1.00062
81 24 1.00061
81 25 1.00061
81 26 1.0006
81 27 1.00059
81 28 1.00058
81 29 1.00056
81 30 1.00054
81 31 1.00052
81 32 1.0005
81 33 1.00047
81 34 1.00045
81 35 1.00041
81 36 1.00037
81 37 1.00033
81 38 1.00028
81 39 1.00023
81 40 1.00017
81 41 1.00011
81 42 1.00004
81 43 0.999965
81 44 0.999886
81 45 0.999802
81 46 0.999714
81 47 0.999622
81 48 0.999527
81 49 0.999429
81 50 0.999329
81 51 0.999228
81 52 0.999126
81 53 0.999024
81 54 0.998923
81 55 0.998823
81 56 0.998725
81 57 0.99863
81 58 0.998538
81 59 0.998449
81 60 0.998364
81 61 0.998283
81 62 0.998206
81 63 0.998134
81 64 0.998066
81 65 0.998002
81 66 0.997943
81 67 0.997889
81 68 0.997839
81 69 0.997793
81 70 0.997752
81 71 0.997715
81 72 0.997681
81 73 0.997652
81 74 0.997627
81 75 0.997606
81 76 0.997588
81 77 0.997575
81 78 0.997564
81 79 0.997558
81 80 0.997554
81 81 0.997554
81 82 0.997557
81 83 0.997564
81 84 0.997573
81 85 0.997585
81 86 0.9976
81 87 0.997618
81 88 0.997638
81 89 0.997661
81 90 0.997686
81 91 0.997713
81 92 0.997742
81 93 0.997772
81 94 0.997804
81 95 0.997837
81 96 0.997871
81 97 0.997906
81 98 0.997941
81 99 0.997976
81 100 0.998012
81 101 0.998048
81 102 0.998083
81 103 0.998117
81 104 0.998151
81 105 0.998184
81 106 0.998216
81 107 0.998247
81 108 0.998277
81 109 0.998306
81 110 0.998334
81 111 0.99836
81 112 0.998386
81 113 0.998411
81 114 0.998435
81 115 0.998458
81 116 0.998481
81 117 0.998503
81 118 0.998525
81 119 0.998546
81 120 0.998566
81 121 0.998585
81 122 0.998602
81 123 0.998617
81 124 0.998629
81 125 0.998638
81 126 0.998643
81 127 0.998643

82 0 0
82 1 1.00066
82 2 1.00065
82 3 1.00065
82 4 1.00065
82 5 1.00065
82 6 1.00065
82 7 1.00065
82 8 1.00065
82 9 1.00064
82 10 1.00064
82 11 1.00064
82 12 1.00064
82 13 1.00064
82 14 1.00064
82 15 1.00064
82 16 1.00064
82 17 1.00063
82 18 1.00063
82 19 1.00063
82 20 1.00063
82 21 1.00062
82 22 1.00062
82 23 1.00061
82 24 1.00061
82 25 1.0006
82 26 1.00059
82 27 1.00058
82 28 1.00057
82 29 1.00055
82 30 1.00054
82 31 1.00052
82 32 1.0005
82 33 1.00047
82 34 1.00044
82 35 1.00041
82 36 1.00037
82 37 1.00033
82 38 1.00029
82 39 1.00023
82 40 1.00018
82 41 1.00011
82 42 1.00005
82 43 0.999974
82 44 0.999896
82 45 0.999813
82 46 0.999726
82 47 0.999635
82 48 0.99954
82 49 0.999443
82 50 0.999343
82 51 0.999242
82 52 0.99914
82 53 0.999038
82 54 0.998937
82 55 0.998837
82 56 0.998738
82 57 0.998643
82 58 0.99855
82 59 0.998461
82 60 0.998375
82 61 0.998294
82 62 0.998216
82 63 0.998144
82 64 0.998075
82 65 0.998011
82 66 0.997952
82 67 0.997897
82 68 0.997847
82 69 0.997801
82 70 0.99776
82 71 0.997722
82 72 0.997689
82 73 0.99766
82 74 0.997635
82 75 0.997614
82 76 0.997596
82 77 0.997582
82 78 0.997572
82 79 0.997565
82 80 0.997562
82 81 0.997562
82 82 0.997565
82 83 0.997572
82 84 0.997581
82 85 0.997593
82 86 0.997608
82 87 0.997626
82 88 0.997647
82 89 0.997669
82 90 0.997694
82 91 0.997721
82 92 0.997749
82 93 0.99778
82 94 0.997811
82 95 0.997844
82 96 0.997878
82 97 0.997913
82 98 0.997948
82 99 0.997983
82 100 0.998019
82 101 0.998054
82 102 0.998089
82 103 0.998123
82 104 0.998157
82 105 0.99819
82 106 0.998222
82 107 0.998252
82 108 0.998282
82 109 0.998311
82 110 0.998338
82 111 0.998365
82 112 0.99839
82 113 0.998415
82 114 0.998439
82 115 0.998463
82 116 0.998485
82 117 0.998508
82 118 0.99853
82 119 0.998551
82 120 0.998571
82 121 0.99859
82 122 0.998607
82 123 0.998622
82 124 0.998634
82 125 0.998642
82 126 0.998646
82 127 0.998646

83 0 0
83 1 1.00065
83 2 1.00065
83 3 1.00064
83 4 1.00064
83 5 1.00064
83 6 1.00064
83 7 1.00064
83 8 1.00064
83 9 1.00063
83 10 1.00063
83 11 1.00063
83 12 1.00063
83 13 1.00063
83 14 1.00063
83 15 1.00063
83 16 1.00063
83 17 1.00062
83 18 1.00062
83 19 1.00062
83 20 1.00062
83 21 1.00061
83 22 1.00061
83 23 1.0006
83 24 1.0006
83 25 1.00059
83 26 1.00058
83 27 1.00057
83 28 1.00056
83 29 1.00055
83 30 1.00053
83 31 1.00052
83 32 1.00049
83 33 1.00047
83 34 1.00044
83 35 1.00041
83 36 1.00037
83 37 1.00033
83 38 1.00029
83 39 1.00024
83 40 1.00018
83 41 1.00012
83 42 1.00006
83 43 0.999984
83 44 0.999907
83 45 0.999826
83 46 0.99974
83 47 0.99965
83 48 0.999556
83 49 0.999459
83 50 0.99936
83 51 0.999259
83 52 0.999157
83 53 0.999055
83 54 0.998954
83 55 0.998853
83 56 0.998755
83 57 0.998659
83 58 0.998566
83 59 0.998476
83 60 0.99839
83 61 0.998308
83 62 0.99823
83 63 0.998157
83 64 0.998088
83 65 0.998024
83 66 0.997964
83 67 0.997909
83 68 0.997858
83 69 0.997812
83 70 0.99777
83 71 0.997733
83 72 0.9977
83 73 0.99767
83 74 0.997645
83 75 0.997624
83 76 0.997606
83 77 0.997593
83 78 0.997582
83 79 0.997576
83 80 0.997572
83 81 0.997573
83 82 0.997576
83 83 0.997582
83 84 0.997592
83 85 0.997604
83 86 0.997619
83 87 0.997637
83 88 0.997657
83 89 0.99768
83 90 0.997705
83 91 0.997732
83 92 0.99776
83 93 0.997791
83 94 0.997822
83 95 0.997855
83 96 0.997889
83 97 0.997923
83 98 0.997958
83 99 0.997993
83 100 0.998029
83 101 0.998064
83 102 0.998099
83 103 0.998133
83 104 0.998166
83 105 0.998199
83 106 0.998231
83 107 0.998261
83 108 0.998291
83 109 0.99832
83 110 0.998347
83 111 0.998374
83 112 0.998399
83 113 0.998424
83 114 0.998448
83 115 0.998472
83 116 0.998495
83 117 0.998517
83 118 0.998539
83 119 0.99856
83 120 0.998581
83 121 0.9986
83 122 0.998617
83 123 0.998632
83 124 0.998644
83 125 0.998651
83 126 0.998655
83 127 0.998654

84 0 0
84 1 1.00064
84 2 1.00064
84 3 1.00063
84 4 1.00063
84 5 1.00063
84 6 1.00063
84 7 1.00063
84 8 1.00063
84 9 1.00063
84 10 1.00062
84 11 1.00062
84 12 1.00062
84 13 1.00062
84 14 1.00062
84 15 1.00062
84 16 1.00062
84 17 1.00061
84 18 1.00061
84 19 1.00061
84 20 1.00061
84 21 1.0006
84 22 1.0006
84 23 1.0006
84 24 1.00059
84 25 1.00058
84 26 1.00058
84 27 1.00057
84 28 1.00056
84 29 1.00054
84 30 1.00053
84 31 1.00051
84 32 1.00049
84 33 1.00047
84 34 1.00044
84 35 1.00041
84 36 1.00038
84 37 1.00034
84 38 1.00029
84 39 1.00024
84 40 1.00019
84 41 1.00013
84 42 1.00007
84 43 0.999996
84 44 0.999921
84 45 0.999841
84 46 0.999756
84 47 0.999667
84 48 0.999574
84 49 0.999478
84 50 0.999379
84 51 0.999279
84 52 0.999178
84 53 0.999076
84 54 0.998974
84 55 0.998874
84 56 0.998775
84 57 0.998679
84 58 0.998585
84 59 0.998495
84 60 0.998408
84 61 0.998326
84 62 0.998247
84 63 0.998173
84 64 0.998104
84 65 0.998039
84 66 0.997979
84 67 0.997923
84 68 0.997873
84 69 0.997826
84 70 0.997784
84 71 0.997746
84 72 0.997713
84 73 0.997684
84 74 0.997658
84 75 0.997637
84 76 0.997619
84 77 0.997606
84 78 0.997595
84 79 0.997589
84 80 0.997586
84 81 0.997586
84 82 0.997589
84 83 0.997596
84 84 0.997605
84 85 0.997618
84 86 0.997633
84 87 0.997651
84 88 0.997671
84 89 0.997694
84 90 0.997718
84 91 0.997745
84 92 0.997774
84 93 0.997804
84 94 0.997836
84 95 0.997868
84 96 0.997902
84 97 0.997937
84 98 0.997971
84 99 0.998007
84 100 0.998042
84 101 0.998077
84 102 0.998111
84 103 0.998146
84 104 0.998179
84 105 0.998212
84 106 0.998243
84 107 0.998274
84 108 0.998304
84 109 0.998332
84 110 0.99836
84 111 0.998386
84 112 0.998412
84 113 0.998437
84 114 0.998461
84 115 0.998485
84 116 0.998509
84 117 0.998531
84 118 0.998554
84 119 0.998575
84 120 0.998596
84 121 0.998615
84 122 0.998632
84 123 0.998647
84 124 0.998658
84 125 0.998666
84 126 0.998669
84 127 0.998667

85 0 0
85 1 1.00063
85 2 1.00063
85 3 1.00062
85 4 1.00062
85 5 1.00062
85 6 1.00062
85 7 1.00062
85 8 1.00062
85 9 1.00062
85 10 1.00061
85 11 1.00061
85 12 1.00061
85 13 1.00061
85 14 1.00061
85 15 1.00061
85 16 1.00061
85 17 1.00061
85 18 1.0006
85 19 1.0006
85 20 1.0006
85 21 1.0006
85 22 1.00059
85 23 1.00059
85 24 1.00058
85 25 1.00058
85 26 1.00057
85 27 1.00056
85 28 1.00055
85 29 1.00054
85 30 1.00052
85 31 1.00051
85 32 1.00049
85 33 1.00047
85 34 1.00044
85 35 1.00041
85 36 1.00038
85 37 1.00034
85 38 1.0003
85 39 1.00025
85 40 1.0002
85 41 1.00014
85 42 1.00008
85 43 1.00001
85 44 0.999936
85 45 0.999857
85 46 0.999774
85 47 0.999686
85 48 0.999594
85 49 0.999499
85 50 0.999402
85 51 0.999302
85 52 0.999201
85 53 0.9991
85 54 0.998998
85 55 0.998898
85 56 0.998799
85 57 0.998702
85 58 0.998608
85 59 0.998517
85 60 0.99843
85 61 0.998347
85 62 0.998268
85 63 0.998194
85 64 0.998124
85 65 0.998058
85 66 0.997997
85 67 0.997941
85 68 0.99789
85 69 0.997843
85 70 0.997801
85 71 0.997763
85 72 0.997729
85 73 0.9977
85 74 0.997674
85 75 0.997653
85 76 0.997635
85 77 0.997621
85 78 0.997611
85 79 0.997604
85 80 0.997601
85 81 0.997601
85 82 0.997605
85 83 0.997611
85 84 0.997621
85 85 0.997633
85 86 0.997649
85 87 0.997667
85 88 0.997687
85 89 0.99771
85 90 0.997735
85 91 0.997761
85 92 0.99779
85 93 0.99782
85 94 0.997852
85 95 0.997885
85 96 0.997918
85 97 0.997953
85 98 0.997988
85 99 0.998023
85 100 0.998058
85 101 0.998093
85 102 0.998128
85 103 0.998162
85 104 0.998195
85 105 0.998228
85 106 0.99826
85 107 0.99829
85 108 0.99832
85 109 0.998349
85 110 0.998376
85 111 0.998403
85 112 0.998429
85 113 0.998455
85 114 0.998479
85 115 0.998503
85 116 0.998527
85 117 0.99855
85 118 0.998573
85 119 0.998595
85 120 0.998616
85 121 0.998635
85 122 0.998652
85 123 0.998667
85 124 0.998679
85 125 0.998686
85 126 0.998688
85 127 0.998685

86 0 0
86 1 1.00062
86 2 1.00062
86 3 1.00061
86 4 1.00061
86 5 1.00061
86 6 1.00061
86 7 1.00061
86 8 1.00061
86 9 1.00061
86 10 1.0006
86 11 1.0006
86 12 1.0006
86 13 1.0006
86 14 1.0006
86 15 1.0006
86 16 1.0006
86 17 1.0006
86 18 1.00059
86 19 1.00059
86 20 1.00059
86 21 1.00059
86 22 1.00058
86 23 1.00058
86 24 1.00057
86 25 1.00057
86 26 1.00056
86 27 1.00055
86 28 1.00054
86 29 1.00053
86 30 1.00052
86 31 1.0005
86 32 1.00048
86 33 1.00046
86 34 1.00044
86 35 1.00041
86 36 1.00038
86 37 1.00034
86 38 1.0003
86 39 1.00026
86 40 1.00021
86 41 1.00015
86 42 1.00009
86 43 1.00002
86 44 0.999952
86 45 0.999875
86 46 0.999794
86 47 0.999707
86 48 0.999617
86 49 0.999523
86 50 0.999427
86 51 0.999328
86 52 0.999228
86 53 0.999127
86 54 0.999026
86 55 0.998925
86 56 0.998826
86 57 0.998729
86 58 0.998635
86 59 0.998544
86 60 0.998456
86 61 0.998372
86 62 0.998292
86 63 0.998217
86 64 0.998146
86 65 0.99808
86 66 0.998019
86 67 0.997962
86 68 0.997911
86 69 0.997863
86 70 0.99782
86 71 0.997782
86 72 0.997748
86 73 0.997718
86 74 0.997693
86 75 0.997671
86 76 0.997653
86 77 0.997639
86 78 0.997629
86 79 0.997622
86 80 0.997619
86 81 0.997619
86 82 0.997623
86 83 0.997629
86 84 0.997639
86 85 0.997652
86 86 0.997667
86 87 0.997685
86 88 0.997705
86 89 0.997728
86 90 0.997753
86 91 0.99778
86 92 0.997809
86 93 0.997839
86 94 0.997871
86 95 0.997903
86 96 0.997937
86 97 0.997972
86 98 0.998007
86 99 0.998042
86 100 0.998077
86 101 0.998112
86 102 0.998147
86 103 0.998181
86 104 0.998215
86 105 0.998247
86 106 0.998279
86 107 0.99831
86 108 0.99834
86 109 0.998369
86 110 0.998397
86 111 0.998424
86 112 0.998451
86 113 0.998476
86 114 0.998502
86 115 0.998526
86 116 0.99855
86 117 0.998574
86 118 0.998597
86 119 0.99862
86 120 0.998641
86 121 0.998661
86 122 0.998678
86 123 0.998693
86 124 0.998705
86 125 0.998711
86 126 0.998713
86 127 0.998709

87 0 0
87 1 1.00061
87 2 1.00061
87 3 1.0006
87 4 1.0006
87 5 1.0006
87 6 1.0006
87 7 1.0006
87 8 1.0006
87 9 1.0006
87 10 1.00059
87 11 1.00059
87 12 1.00059
87 13 1.00059
87 14 1.00059
87 15 1.00059
87 16 1.00059
87 17 1.00059
87 18 1.00058
87 19 1.00058
87 20 1.00058
87 21 1.00058
87 22 1.00057
87 23 1.00057
87 24 1.00056
87 25 1.00056
87 26 1.00055
87 27 1.00055
87 28 1.00054
87 29 1.00053
87 30 1.00051
87 31 1.0005
87 32 1.00048
87 33 1.00046
87 34 1.00044
87 35 1.00041
87 36 1.00038
87 37 1.00035
87 38 1.00031
87 39 1.00026
87 40 1.00022
87 41 1.00016
87 42 1.0001
87 43 1.00004
87 44 0.99997
87 45 0.999895
87 46 0.999815
87 47 0.999731
87 48 0.999642
87 49 0.99955
87 50 0.999455
87 51 0.999357
87 52 0.999258
87 53 0.999157
87 54 0.999056
87 55 0.998956
87 56 0.998857
87 57 0.99876
87 58 0.998665
87 59 0.998574
87 60 0.998485
87 61 0.998401
87 62 0.99832
87 63 0.998244
87 64 0.998173
87 65 0.998106
87 66 0.998044
87 67 0.997987
87 68 0.997934
87 69 0.997886
87 70 0.997843
87 71 0.997804
87 72 0.99777
87 73 0.997739
87 74 0.997714
87 75 0.997692
87 76 0.997674
87 77 0.99766
87 78 0.997649
87 79 0.997643
87 80 0.997639
87 81 0.997639
87 82 0.997643
87 83 0.99765
87 84 0.997659
87 85 0.997672
87 86 0.997687
87 87 0.997705
87 88 0.997726
87 89 0.997749
87 90 0.997774
87 91 0.997801
87 92 0.99783
87 93 0.99786
87 94 0.997892
87 95 0.997925
87 96 0.997959
87 97 0.997993
87 98 0.998028
87 99 0.998064
87 100 0.998099
87 101 0.998134
87 102 0.998169
87 103 0.998204
87 104 0.998237
87 105 0.99827
87 106 0.998303
87 107 0.998334
87 108 0.998364
87 109 0.998393
87 110 0.998422
87 111 0.99845
87 112 0.998477
87 113 0.998503
87 114 0.998529
87 115 0.998554
87 116 0.998579
87 117 0.998603
87 118 0.998627
87 119 0.99865
87 120 0.998672
87 121 0.998692
87 122 0.99871
87 123 0.998725
87 124 0.998736
87 125 0.998743
87 126 0.998744
87 127 0.998739

88 0 0
88 1 1.0006
88 2 1.00059
88 3 1.00059
88 4 1.00059
88 5 1.00059
88 6 1.00059
88 7 1.00059
88 8 1.00059
88 9 1.00059
88 10 1.00058
88 11 1.00058
88 12 1.00058
88 13 1.00058
88 14 1.00058
88 15 1.00058
88 16 1.00058
88 17 1.00058
88 18 1.00057
88 19 1.00057
88 20 1.00057
88 21 1.00057
88 22 1.00056
88 23 1.00056
88 24 1.00056
88 25 1.00055
88 26 1.00054
88 27 1.00054
88 28 1.00053
88 29 1.00052
88 30 1.00051
88 31 1.00049
88 32 1.00048
88 33 1.00046
88 34 1.00044
88 35 1.00041
88 36 1.00038
88 37 1.00035
88 38 1.00031
88 39 1.00027
88 40 1.00023
88 41 1.00017
88 42 1.00012
88 43 1.00006
88 44 0.999988
88 45 0.999916
88 46 0.999838
88 47 0.999756
88 48 0.999669
88 49 0.999579
88 50 0.999485
88 51 0.999388
88 52 0.99929
88 53 0.999191
88 54 0.99909
88 55 0.998991
88 56 0.998892
88 57 0.998794
88 58 0.998699
88 59 0.998607
88 60 0.998518
88 61 0.998433
88 62 0.998352
88 63 0.998275
88 64 0.998203
88 65 0.998135
88 66 0.998072
88 67 0.998014
88 68 0.997961
88 69 0.997912
88 70 0.997868
88 71 0.997829
88 72 0.997794
88 73 0.997763
88 74 0.997737
88 75 0.997715
88 76 0.997697
88 77 0.997682
88 78 0.997672
88 79 0.997665
88 80 0.997662
88 81 0.997662
88 82 0.997665
88 83 0.997672
88 84 0.997682
88 85 0.997694
88 86 0.99771
88 87 0.997728
88 88 0.997749
88 89 0.997771
88 90 0.997797
88 91 0.997824
88 92 0.997853
88 93 0.997883
88 94 0.997915
88 95 0.997948
88 96 0.997982
88 97 0.998017
88 98 0.998052
88 99 0.998088
88 100 0.998124
88 101 0.998159
88 102 0.998194
88 103 0.998229
88 104 0.998263
88 105 0.998297
88 106 0.998329
88 107 0.998361
88 108 0.998392
88 109 0.998422
88 110 0.998451
88 111 0.998479
88 112 0.998507
88 113 0.998534
88 114 0.998561
88 115 0.998587
88 116 0.998612
88 117 0.998638
88 118 0.998662
88 119 0.998686
88 120 0.998709
88 121 0.998729
88 122 0.998748
88 123 0.998763
88 124 0.998774
88 125 0.99878
88 126 0.998781
88 127 0.998776

89 0 0
89 1 1.00059
89 2 1.00058
89 3 1.00058
89 4 1.00058
89 5 1.00058
89 6 1.00058
89 7 1.00058
89 8 1.00058
89 9 1.00058
89 10 1.00057
89 11 1.00057
89 12 1.00057
89 13 1.00057
89 14 1.00057
89 15 1.00057
89 16 1.00057
89 17 1.00057
89 18 1.00056
89 19 1.00056
89 20 1.00056
89 21 1.00056
89 22 1.00055
89 23 1.00055
89 24 1.00055
89 25 1.00054
89 26 1.00054
89 27 1.00053
89 28 1.00052
89 29 1.00051
89 30 1.0005
89 31 1.00049
89 32 1.00047
89 33 1.00046
89 34 1.00044
89 35 1.00041
89 36 1.00039
89 37 1.00035
89 38 1.00032
89 39 1.00028
89 40 1.00024
89 41 1.00019
89 42 1.00013
89 43 1.00007
89 44 1.00001
89 45 0.999938
89 46 0.999862
89 47 0.999782
89 48 0.999698
89 49 0.999609
89 50 0.999517
89 51 0.999423
89 52 0.999325
89 53 0.999227
89 54 0.999128
89 55 0.999028
89 56 0.99893
89 57 0.998832
89 58 0.998737
89 59 0.998644
89 60 0.998555
89 61 0.998469
89 62 0.998387
89 63 0.99831
89 64 0.998236
89 65 0.998168
89 66 0.998104
89 67 0.998045
89 68 0.997991
89 69 0.997942
89 70 0.997897
89 71 0.997857
89 72 0.997821
89 73 0.99779
89 74 0.997763
89 75 0.997741
89 76 0.997722
89 77 0.997708
89 78 0.997697
89 79 0.99769
89 80 0.997686
89 81 0.997686
89 82 0.99769
89 83 0.997696
89 84 0.997706
89 85 0.997719
89 86 0.997734
89 87 0.997752
89 88 0.997773
89 89 0.997796
89 90 0.997822
89 91 0.997849
89 92 0.997878
89 93 0.997909
89 94 0.997941
89 95 0.997974
89 96 0.998008
89 97 0.998043
89 98 0.998079
89 99 0.998115
89 100 0.998151
89 101 0.998187
89 102 0.998222
89 103 0.998258
89 104 0.998292
89 105 0.998326
89 106 0.998359
89 107 0.998392
89 108 0.998423
89 109 0.998454
89 110 0.998484
89 111 0.998513
89 112 0.998542
89 113 0.99857
89 114 0.998597
89 115 0.998625
89 116 0.998651
89 117 0.998678
89 118 0.998703
89 119 0.998728
89 120 0.998751
89 121 0.998773
89 122 0.998792
89 123 0.998807
89 124 0.998819
89 125 0.998825
89 126 0.998825
89 127 0.998818

90 0 0
90 1 1.00058
90 2 1.00057
90 3 1.00057
90 4 1.00057
90 5 1.00057
90 6 1.00057
90 7 1.00057
90 8 1.00057
90 9 1.00056
90 10 1.00056
90 11 1.00056
90 12 1.00056
90 13 1.00056
90 14 1.00056
90 15 1.00056
90 16 1.00056
90 17 1.00056
90 18 1.00055
90 19 1.00055
90 20 1.00055
90 21 1.00055
90 22 1.00054
90 23 1.00054
90 24 1.00054
90 25 1.00053
90 26 1.00053
90 27 1.00052
90 28 1.00051
90 29 1.00051
90 30 1.0005
90 31 1.00048
90 32 1.00047
90 33 1.00045
90 34 1.00043
90 35 1.00041
90 36 1.00039
90 37 1.00036
90 38 1.00032
90 39 1.00029
90 40 1.00025
90 41 1.0002
90 42 1.00015
90 43 1.00009
90 44 1.00003
90 45 0.99996
90 46 0.999888
90 47 0.99981
90 48 0.999728
90 49 0.999642
90 50 0.999552
90 51 0.999459
90 52 0.999363
90 53 0.999266
90 54 0.999168
90 55 0.999069
90 56 0.998971
90 57 0.998874
90 58 0.998778
90 59 0.998685
90 60 0.998595
90 61 0.998509
90 62 0.998426
90 63 0.998348
90 64 0.998274
90 65 0.998204
90 66 0.998139
90 67 0.998079
90 68 0.998024
90 69 0.997974
90 70 0.997928
90 71 0.997887
90 72 0.997851
90 73 0.997819
90 74 0.997792
90 75 0.997769
90 76 0.99775
90 77 0.997735
90 78 0.997724
90 79 0.997717
90 80 0.997713
90 81 0.997713
90 82 0.997716
90 83 0.997723
90 84 0.997732
90 85 0.997745
90 86 0.997761
90 87 0.997779
90 88 0.9978
90 89 0.997823
90 90 0.997848
90 91 0.997876
90 92 0.997905
90 93 0.997936
90 94 0.997968
90 95 0.998002
90 96 0.998037
90 97 0.998072
90 98 0.998108
90 99 0.998144
90 100 0.998181
90 101 0.998217
90 102 0.998253
90 103 0.998289
90 104 0.998324
90 105 0.998359
90 106 0.998393
90 107 0.998426
90 108 0.998459
90 109 0.99849
90 110 0.998521
90 111 0.998552
90 112 0.998581
90 113 0.998611
90 114 0.998639
90 115 0.998668
90 116 0.998696
90 117 0.998723
90 118 0.99875
90 119 0.998776
90 120 0.9988
90 121 0.998823
90 122 0.998843
90 123 0.998858
90 124 0.99887
90 125 0.998876
90 126 0.998875
90 127 0.998868

91 0 0
91 1 1.00057
91 2 1.00056
91 3 1.00056
91 4 1.00056
91 5 1.00056
91 6 1.00056
91 7 1.00056
91 8 1.00056
91 9 1.00055
91 10 1.00055
91 11 1.00055
91 12 1.00055
91 13 1.00055
91 14 1.00055
91 15 1.00055
91 16 1.00055
91 17 1.00055
91 18 1.00054
91 19 1.00054
91 20 1.00054
91 21 1.00054
91 22 1.00054
91 23 1.00053
91 24 1.00053
91 25 1.00052
91 26 1.00052
91 27 1.00051
91 28 1.00051
91 29 1.0005
91 30 1.00049
91 31 1.00048
91 32 1.00047
91 33 1.00045
91 34 1.00043
91 35 1.00041
91 36 1.00039
91 37 1.00036
91 38 1.00033
91 39 1.00029
91 40 1.00026
91 41 1.00021
91 42 1.00016
91 43 1.00011
91 44 1.00005
91 45 0.999984
91 46 0.999914
91 47 0.999839
91 48 0.99976
91 49 0.999676
91 50 0.999588
91 51 0.999497
91 52 0.999403
91 53 0.999308
91 54 0.999211
91 55 0.999113
91 56 0.999015
91 57 0.998918
91 58 0.998823
91 59 0.99873
91 60 0.99864
91 61 0.998553
91 62 0.998469
91 63 0.99839
91 64 0.998315
91 65 0.998244
91 66 0.998178
91 67 0.998117
91 68 0.998061
91 69 0.99801
91 70 0.997963
91 71 0.997921
91 72 0.997884
91 73 0.997851
91 74 0.997823
91 75 0.9978
91 76 0.99778
91 77 0.997765
91 78 0.997753
91 79 0.997745
91 80 0.997742
91 81 0.997741
91 82 0.997744
91 83 0.997751
91 84 0.99776
91 85 0.997773
91 86 0.997789
91 87 0.997807
91 88 0.997828
91 89 0.997851
91 90 0.997877
91 91 0.997904
91 92 0.997934
91 93 0.997965
91 94 0.997998
91 95 0.998032
91 96 0.998067
91 97 0.998103
91 98 0.998139
91 99 0.998176
91 100 0.998213
91 101 0.99825
91 102 0.998287
91 103 0.998323
91 104 0.99836
91 105 0.998395
91 106 0.99843
91 107 0.998464
91 108 0.998498
91 109 0.998531
91 110 0.998563
91 111 0.998594
91 112 0.998626
91 113 0.998656
91 114 0.998687
91 115 0.998716
91 116 0.998746
91 117 0.998775
91 118 0.998803
91 119 0.998831
91 120 0.998856
91 121 0.99888
91 122 0.9989
91 123 0.998917
91 124 0.998928
91 125 0.998934
91 126 0.998933
91 127 0.998924

92 0 0
92 1 1.00055
92 2 1.00055
92 3 1.00055
92 4 1.00055
92 5 1.00055
92 6 1.00055
92 7 1.00055
92 8 1.00055
92 9 1.00054
92 10 1.00054
92 11 1.00054
92 12 1.00054
92 13 1.00054
92 14 1.00054
92 15 1.00054
92 16 1.00054
92 17 1.00054
92 18 1.00053
92 19 1.00053
92 20 1.00053
92 21 1.00053
92 22 1.00053
92 23 1.00052
92 24 1.00052
92 25 1.00052
92 26 1.00051
92 27 1.00051
92 28 1.0005
92 29 1.00049
92 30 1.00048
92 31 1.00047
92 32 1.00046
92 33 1.00045
92 34 1.00043
92 35 1.00041
92 36 1.00039
92 37 1.00036
92 38 1.00033
92 39 1.0003
92 40 1.00026
92 41 1.00022
92 42 1.00018
92 43 1.00013
92 44 1.00007
92 45 1.00001
92 46 0.999941
92 47 0.999869
92 48 0.999792
92 49 0.999711
92 50 0.999626
92 51 0.999537
92 52 0.999446
92 53 0.999352
92 54 0.999256
92 55 0.999159
92 56 0.999063
92 57 0.998966
92 58 0.998871
92 59 0.998778
92 60 0.998687
92 61 0.9986
92 62 0.998516
92 63 0.998435
92 64 0.998359
92 65 0.998288
92 66 0.998221
92 67 0.998158
92 68 0.998101
92 69 0.998048
92 70 0.998001
92 71 0.997958
92 72 0.99792
92 73 0.997886
92 74 0.997857
92 75 0.997833
92 76 0.997813
92 77 0.997797
92 78 0.997785
92 79 0.997776
92 80 0.997772
92 81 0.997772
92 82 0.997774
92 83 0.997781
92 84 0.99779
92 85 0.997803
92 86 0.997818
92 87 0.997837
92 88 0.997858
92 89 0.997881
92 90 0.997907
92 91 0.997935
92 92 0.997965
92 93 0.997996
92 94 0.998029
92 95 0.998064
92 96 0.998099
92 97 0.998135
92 98 0.998172
92 99 0.99821
92 100 0.998248
92 101 0.998285
92 102 0.998323
92 103 0.998361
92 104 0.998398
92 105 0.998434
92 106 0.99847
92 107 0.998506
92 108 0.998541
92 109 0.998575
92 110 0.998609
92 111 0.998642
92 112 0.998675
92 113 0.998707
92 114 0.998739
92 115 0.998771
92 116 0.998802
92 117 0.998833
92 118 0.998863
92 119 0.998892
92 120 0.998919
92 121 0.998944
92 122 0.998965
92 123 0.998983
92 124 0.998995
92 125 0.999
92 126 0.998999
92 127 0.998989

93 0 0
93 1 1.00054
93 2 1.00054
93 3 1.00054
93 4 1.00054
93 5 1.00054
93 6 1.00054
93 7 1.00054
93 8 1.00054
93 9 1.00053
93 10 1.00053
93 11 1.00053
93 12 1.00053
93 13 1.00053
93 14 1.00053
93 15 1.00053
93 16 1.00053
93 17 1.00053
93 18 1.00052
93 19 1.00052
93 20 1.00052
93 21 1.00052
93 22 1.00052
93 23 1.00051
93 24 1.00051
93 25 1.00051
93 26 1.0005
93 27 1.0005
93 28 1.00049
93 29 1.00048
93 30 1.00048
93 31 1.00047
93 32 1.00046
93 33 1.00044
93 34 1.00043
93 35 1.00041
93 36 1.00039
93 37 1.00037
93 38 1.00034
93 39 1.00031
93 40 1.00027
93 41 1.00024
93 42 1.00019
93 43 1.00014
93 44 1.00009
93 45 1.00003
93 46 0.999967
93 47 0.999899
93 48 0.999825
93 49 0.999747
93 50 0.999665
93 51 0.999579
93 52 0.99949
93 53 0.999398
93 54 0.999304
93 55 0.999209
93 56 0.999113
93 57 0.999017
93 58 0.998923
93 59 0.99883
93 60 0.998739
93 61 0.998651
93 62 0.998566
93 63 0.998485
93 64 0.998408
93 65 0.998335
93 66 0.998267
93 67 0.998203
93 68 0.998145
93 69 0.998091
93 70 0.998042
93 71 0.997998
93 72 0.997959
93 73 0.997924
93 74 0.997894
93 75 0.997869
93 76 0.997848
93 77 0.997831
93 78 0.997818
93 79 0.99781
93 80 0.997805
93 81 0.997804
93 82 0.997806
93 83 0.997812
93 84 0.997822
93 85 0.997834
93 86 0.99785
93 87 0.997868
93 88 0.997889
93 89 0.997913
93 90 0.997939
93 91 0.997967
93 92 0.997997
93 93 0.998029
93 94 0.998062
93 95 0.998097
93 96 0.998133
93 97 0.99817
93 98 0.998208
93 99 0.998246
93 100 0.998284
93 101 0.998323
93 102 0.998362
93 103 0.998401
93 104 0.998439
93 105 0.998477
93 106 0.998514
93 107 0.998551
93 108 0.998588
93 109 0.998624
93 110 0.998659
93 111 0.998694
93 112 0.998729
93 113 0.998764
93 114 0.998798
93 115 0.998832
93 116 0.998865
93 117 0.998898
93 118 0.99893
93 119 0.998961
93 120 0.99899
93 121 0.999016
93 122 0.999039
93 123 0.999057
93 124 0.999069
93 125 0.999074
93 126 0.999072
93 127 0.999061

94 0 0
94 1 1.00053
94 2 1.00053
94 3 1.00053
94 4 1.00053
94 5 1.00053
94 6 1.00053
94 7 1.00053
94 8 1.00053
94 9 1.00052
94 10 1.00052
94 11 1.00052
94 12 1.00052
94 13 1.00052
94 14 1.00052
94 15 1.00052
94 16 1.00052
94 17 1.00052
94 18 1.00051
94 19 1.00051
94 20 1.00051
94 21 1.00051
94 22 1.00051
94 23 1.0005
94 24 1.0005
94 25 1.0005
94 26 1.00049
94 27 1.00049
94 28 1.00048
94 29 1.00048
94 30 1.00047
94 31 1.00046
94 32 1.00045
94 33 1.00044
94 34 1.00042
94 35 1.00041
94 36 1.00039
94 37 1.00037
94 38 1.00034
94 39 1.00031
94 40 1.00028
94 41 1.00025
94 42 1.00021
94 43 1.00016
94 44 1.00011
94 45 1.00005
94 46 0.999994
94 47 0.999929
94 48 0.999859
94 49 0.999784
94 50 0.999705
94 51 0.999622
94 52 0.999535
94 53 0.999445
94 54 0.999354
94 55 0.99926
94 56 0.999166
94 57 0.999071
94 58 0.998977
94 59 0.998885
94 60 0.998794
94 61 0.998705
94 62 0.99862
94 63 0.998538
94 64 0.99846
94 65 0.998386
94 66 0.998317
94 67 0.998252
94 68 0.998192
94 69 0.998137
94 70 0.998086
94 71 0.998041
94 72 0.998
94 73 0.997965
94 74 0.997934
94 75 0.997907
94 76 0.997885
94 77 0.997868
94 78 0.997854
94 79 0.997845
94 80 0.99784
94 81 0.997838
94 82 0.99784
94 83 0.997846
94 84 0.997855
94 85 0.997867
94 86 0.997883
94 87 0.997901
94 88 0.997922
94 89 0.997946
94 90 0.997972
94 91 0.998
94 92 0.998031
94 93 0.998063
94 94 0.998097
94 95 0.998132
94 96 0.998169
94 97 0.998206
94 98 0.998245
94 99 0.998284
94 100 0.998324
94 101 0.998363
94 102 0.998403
94 103 0.998443
94 104 0.998483
94 105 0.998522
94 106 0.998562
94 107 0.9986
94 108 0.998639
94 109 0.998677
94 110 0.998714
94 111 0.998752
94 112 0.998789
94 113 0.998826
94 114 0.998862
94 115 0.998898
94 116 0.998934
94 117 0.99897
94 118 0.999004
94 119 0.999037
94 120 0.999068
94 121 0.999096
94 122 0.99912
94 123 0.999139
94 124 0.999152
94 125 0.999158
94 126 0.999155
94 127 0.999143

95 0 0
95 1 1.00052
95 2 1.00052
95 3 1.00052
95 4 1.00052
95 5 1.00052
95 6 1.00052
95 7 1.00052
95 8 1.00052
95 9 1.00051
95 10 1.00051
95 11 1.00051
95 12 1.00051
95 13 1.00051
95 14 1.00051
95 15 1.00051
95 16 1.00051
95 17 1.00051
95 18 1.0005
95 19 1.0005
95 20 1.0005
95 21 1.0005
95 22 1.0005
95 23 1.00049
95 24 1.00049
95 25 1.00049
95 26 1.00048
95 27 1.00048
95 28 1.00047
95 29 1.00047
95 30 1.00046
95 31 1.00045
95 32 1.00044
95 33 1.00043
95 34 1.00042
95 35 1.00041
95 36 1.00039
95 37 1.00037
95 38 1.00035
95 39 1.00032
95 40 1.00029
95 41 1.00026
95 42 1.00022
95 43 1.00018
95 44 1.00013
95 45 1.00008
95 46 1.00002
95 47 0.999959
95 48 0.999892
95 49 0.999821
95 50 0.999745
95 51 0.999665
95 52 0.999581
95 53 0.999494
95 54 0.999405
95 55 0.999314
95 56 0.999221
95 57 0.999128
95 58 0.999035
95 59 0.998943
95 60 0.998852
95 61 0.998763
95 62 0.998678
95 63 0.998595
95 64 0.998516
95 65 0.998441
95 66 0.99837
95 67 0.998304
95 68 0.998243
95 69 0.998186
95 70 0.998134
95 71 0.998088
95 72 0.998046
95 73 0.998009
95 74 0.997976
95 75 0.997949
95 76 0.997926
95 77 0.997907
95 78 0.997893
95 79 0.997883
95 80 0.997877
95 81 0.997874
95 82 0.997876
95 83 0.997881
95 84 0.99789
95 85 0.997902
95 86 0.997917
95 87 0.997936
95 88 0.997957
95 89 0.99798
95 90 0.998007
95 91 0.998035
95 92 0.998066
95 93 0.998099
95 94 0.998133
95 95 0.998169
95 96 0.998206
95 97 0.998245
95 98 0.998284
95 99 0.998324
95 100 0.998365
95 101 0.998406
95 102 0.998447
95 103 0.998489
95 104 0.99853
95 105 0.998571
95 106 0.998612
95 107 0.998653
95 108 0.998694
95 109 0.998734
95 110 0.998774
95 111 0.998814
95 112 0.998854
95 113 0.998893
95 114 0.998933
95 115 0.998972
95 116 0.999011
95 117 0.999049
95 118 0.999086
95 119 0.999122
95 120 0.999155
95 121 0.999185
95 122 0.999211
95 123 0.999232
95 124 0.999245
95 125 0.99925
95 126 0.999247
95 127 0.999233

96 0 0
96 1 1.00051
96 2 1.00051
96 3 1.00051
96 4 1.00051
96 5 1.00051
96 6 1.00051
96 7 1.00051
96 8 1.00051
96 9 1.0005
96 10 1.0005
96 11 1.0005
96 12 1.0005
96 13 1.0005
96 14 1.0005
96 15 1.0005
96 16 1.0005
96 17 1.0005
96 18 1.00049
96 19 1.00049
96 20 1.00049
96 21 1.00049
96 22 1.00049
96 23 1.00048
96 24 1.00048
96 25 1.00048
96 26 1.00047
96 27 1.00047
96 28 1.00047
96 29 1.00046
96 30 1.00045
96 31 1.00045
96 32 1.00044
96 33 1.00043
96 34 1.00042
96 35 1.0004
96 36 1.00039
96 37 1.00037
96 38 1.00035
96 39 1.00032
96 40 1.0003
96 41 1.00027
96 42 1.00023
96 43 1.00019
96 44 1.00015
96 45 1.0001
96 46 1.00005
96 47 0.999988
96 48 0.999925
96 49 0.999858
96 50 0.999785
96 51 0.999709
96 52 0.999628
96 53 0.999545
96 54 0.999458
96 55 0.999369
96 56 0.999278
96 57 0.999187
96 58 0.999095
96 59 0.999004
96 60 0.998913
96 61 0.998825
96 62 0.998739
96 63 0.998656
96 64 0.998576
96 65 0.9985
96 66 0.998428
96 67 0.99836
96 68 0.998297
96 69 0.998239
96 70 0.998186
96 71 0.998138
96 72 0.998094
96 73 0.998056
96 74 0.998022
96 75 0.997993
96 76 0.997969
96 77 0.997949
96 78 0.997934
96 79 0.997923
96 80 0.997916
96 81 0.997913
96 82 0.997914
96 83 0.997919
96 84 0.997927
96 85 0.997939
96 86 0.997954
96 87 0.997972
96 88 0.997993
96 89 0.998017
96 90 0.998043
96 91 0.998072
96 92 0.998103
96 93 0.998136
96 94 0.998171
96 95 0.998208
96 96 0.998246
96 97 0.998285
96 98 0.998325
96 99 0.998367
96 100 0.998408
96 101 0.998451
96 102 0.998494
96 103 0.998537
96 104 0.99858
96 105 0.998624
96 106 0.998667
96 107 0.99871
96 108 0.998753
96 109 0.998796
96 110 0.998839
96 111 0.998882
96 112 0.998925
96 113 0.998968
96 114 0.99901
96 115 0.999053
96 116 0.999095
96 117 0.999137
96 118 0.999177
96 119 0.999216
96 120 0.999252
96 121 0.999284
96 122 0.999312
96 123 0.999334
96 124 0.999348
96 125 0.999353
96 126 0.99935
96 127 0.999334

97 0 0
97 1 1.0005
97 2 1.0005
97 3 1.0005
97 4 1.0005
97 5 1.0005
97 6 1.0005
97 7 1.0005
97 8 1.0005
97 9 1.00049
97 10 1.00049
97 11 1.00049
97 12 1.00049
97 13 1.00049
97 14 1.00049
97 15 1.00049
97 16 1.00049
97 17 1.00049
97 18 1.00048
97 19 1.00048
97 20 1.00048
97 21 1.00048
97 22 1.00048
97 23 1.00047
97 24 1.00047
97 25 1.00047
97 26 1.00047
97 27 1.00046
97 28 1.00046
97 29 1.00045
97 30 1.00045
97 31 1.00044
97 32 1.00043
97 33 1.00042
97 34 1.00041
97 35 1.0004
97 36 1.00039
97 37 1.00037
97 38 1.00035
97 39 1.00033
97 40 1.0003
97 41 1.00028
97 42 1.00024
97 43 1.00021
97 44 1.00017
97 45 1.00012
97 46 1.00007
97 47 1.00002
97 48 0.999958
97 49 0.999894
97 50 0.999825
97 51 0.999752
97 52 0.999675
97 53 0.999595
97 54 0.999511
97 55 0.999425
97 56 0.999337
97 57 0.999247
97 58 0.999157
97 59 0.999067
97 60 0.998978
97 61 0.998889
97 62 0.998803
97 63 0.99872
97 64 0.998639
97 65 0.998562
97 66 0.998489
97 67 0.998421
97 68 0.998356
97 69 0.998297
97 70 0.998242
97 71 0.998192
97 72 0.998147
97 73 0.998106
97 74 0.998071
97 75 0.998041
97 76 0.998015
97 77 0.997994
97 78 0.997977
97 79 0.997965
97 80 0.997957
97 81 0.997953
97 82 0.997954
97 83 0.997958
97 84 0.997965
97 85 0.997977
97 86 0.997991
97 87 0.998009
97 88 0.99803
97 89 0.998054
97 90 0.998081
97 91 0.99811
97 92 0.998141
97 93 0.998175
97 94 0.99821
97 95 0.998248
97 96 0.998286
97 97 0.998327
97 98 0.998368
97 99 0.998411
97 100 0.998454
97 101 0.998498
97 102 0.998543
97 103 0.998588
97 104 0.998634
97 105 0.998679
97 106 0.998725
97 107 0.998771
97 108 0.998817
97 109 0.998863
97 110 0.998909
97 111 0.998956
97 112 0.999002
97 113 0.999048
97 114 0.999095
97 115 0.999141
97 116 0.999187
97 117 0.999233
97 118 0.999277
97 119 0.999319
97 120 0.999358
97 121 0.999393
97 122 0.999423
97 123 0.999447
97 124 0.999462
97 125 0.999468
97 126 0.999463
97 127 0.999446

98 0 0
98 1 1.00049
98 2 1.00049
98 3 1.00049
98 4 1.00049
98 5 1.00049
98 6 1.00049
98 7 1.00049
98 8 1.00049
98 9 1.00049
98 10 1.00048
98 11 1.00048
98 12 1.00048
98 13 1.00048
98 14 1.00048
98 15 1.00048
98 16 1.00048
98 17 1.00048
98 18 1.00047
98 19 1.00047
98 20 1.00047
98 21 1.00047
98 22 1.00047
98 23 1.00046
98 24 1.00046
98 25 1.00046
98 26 1.00046
98 27 1.00045
98 28 1.00045
98 29 1.00044
98 30 1.00044
98 31 1.00043
98 32 1.00043
98 33 1.00042
98 34 1.00041
98 35 1.0004
98 36 1.00038
98 37 1.00037
98 38 1.00035
98 39 1.00033
98 40 1.00031
98 41 1.00028
98 42 1.00025
98 43 1.00022
98 44 1.00018
98 45 1.00014
98 46 1.00009
98 47 1.00004
98 48 0.999989
98 49 0.999929
98 50 0.999864
98 51 0.999795
98 52 0.999722
98 53 0.999645
98 54 0.999565
98 55 0.999482
98 56 0.999397
98 57 0.999309
98 58 0.999221
98 59 0.999133
98 60 0.999044
98 61 0.998957
98 62 0.998871
98 63 0.998787
98 64 0.998707
98 65 0.998629
98 66 0.998555
98 67 0.998485
98 68 0.998419
98 69 0.998358
98 70 0.998301
98 71 0.998249
98 72 0.998203
98 73 0.998161
98 74 0.998124
98 75 0.998091
98 76 0.998064
98 77 0.998042
98 78 0.998024
98 79 0.99801
98 80 0.998001
98 81 0.997996
98 82 0.997996
98 83 0.997999
98 84 0.998006
98 85 0.998017
98 86 0.998031
98 87 0.998049
98 88 0.99807
98 89 0.998093
98 90 0.99812
98 91 0.998149
98 92 0.998181
98 93 0.998215
98 94 0.998251
98 95 0.998289
98 96 0.998329
98 97 0.99837
98 98 0.998413
98 99 0.998457
98 100 0.998502
98 101 0.998548
98 102 0.998595
98 103 0.998642
98 104 0.99869
98 105 0.998738
98 106 0.998787
98 107 0.998836
98 108 0.998885
98 109 0.998935
98 110 0.998985
98 111 0.999035
98 112 0.999085
98 113 0.999136
98 114 0.999187
98 115 0.999238
98 116 0.999288
98 117 0.999338
98 118 0.999386
98 119 0.999432
98 120 0.999475
98 121 0.999514
98 122 0.999546
98 123 0.999571
98 124 0.999588
98 125 0.999594
98 126 0.999588
98 127 0.999569

99 0 0
99 1 1.00048
99 2 1.00048
99 3 1.00048
99 4 1.00048
99 5 1.00048
99 6 1.00048
99 7 1.00048
99 8 1.00048
99 9 1.00048
99 10 1.00047
99 11 1.00047
99 12 1.00047
99 13 1.00047
99 14 1.00047
99 15 1.00047
99 16 1.00047
99 17 1.00047
99 18 1.00046
99 19 1.00046
99 20 1.00046
99 21 1.00046
99 22 1.00046
99 23 1.00045
99 24 1.00045
99 25 1.00045
99 26 1.00045
99 27 1.00044
99 28 1.00044
99 29 1.00044
99 30 1.00043
99 31 1.00042
99 32 1.00042
99 33 1.00041
99 34 1.0004
99 35 1.00039
99 36 1.00038
99 37 1.00037
99 38 1.00035
99 39 1.00033
99 40 1.00031
99 41 1.00029
99 42 1.00026
99 43 1.00023
99 44 1.0002
99 45 1.00016
99 46 1.00012
99 47 1.00007
99 48 1.00002
99 49 0.999963
99 50 0.999902
99 51 0.999837
99 52 0.999768
99 53 0.999695
99 54 0.999619
99 55 0.999539
99 56 0.999457
99 57 0.999372
99 58 0.999286
99 59 0.9992
99 60 0.999113
99 61 0.999027
99 62 0.998941
99 63 0.998858
99 64 0.998777
99 65 0.998699
99 66 0.998624
99 67 0.998553
99 68 0.998486
99 69 0.998423
99 70 0.998365
99 71 0.998311
99 72 0.998262
99 73 0.998219
99 74 0.99818
99 75 0.998146
99 76 0.998117
99 77 0.998093
99 78 0.998073
99 79 0.998058
99 80 0.998048
99 81 0.998042
99 82 0.99804
99 83 0.998043
99 84 0.998049
99 85 0.998059
99 86 0.998073
99 87 0.99809
99 88 0.99811
99 89 0.998134
99 90 0.998161
99 91 0.99819
99 92 0.998222
99 93 0.998257
99 94 0.998294
99 95 0.998333
99 96 0.998373
99 97 0.998416
99 98 0.99846
99 99 0.998506
99 100 0.998552
99 101 0.9986
99 102 0.998649
99 103 0.998699
99 104 0.998749
99 105 0.998801
99 106 0.998853
99 107 0.998905
99 108 0.998958
99 109 0.999012
99 110 0.999066
99 111 0.999121
99 112 0.999176
99 113 0.999232
99 114 0.999287
99 115 0.999343
99 116 0.999399
99 117 0.999453
99 118 0.999506
99 119 0.999557
99 120 0.999604
99 121 0.999646
99 122 0.999682
99 123 0.999709
99 124 0.999727
99 125 0.999733
99 126 0.999726
99 127 0.999705

100 0 0
100 1 1.00047
100 2 1.00047
100 3 1.00047
100 4 1.00047
100 5 1.00047
100 6 1.00047
100 7 1.00047
100 8 1.00047
100 9 1.00047
100 10 1.00047
100 11 1.00046
100 12 1.00046
100 13 1.00046
100 14 1.00046
100 15 1.00046
100 16 1.00046
100 17 1.00046
100 18 1.00045
100 19 1.00045
100 20 1.00045
100 21 1.00045
100 22 1.00045
100 23 1.00045
100 24 1.00044
100 25 1.00044
100 26 1.00044
100 27 1.00043
100 28 1.00043
100 29 1.00043
100 30 1.00042
100 31 1.00042
100 32 1.00041
100 33 1.0004
100 34 1.0004
100 35 1.00039
100 36 1.00038
100 37 1.00036
100 38 1.00035
100 39 1.00033
100 40 1.00032
100 41 1.00029
100 42 1.00027
100 43 1.00024
100 44 1.00021
100 45 1.00018
100 46 1.00014
100 47 1.00009
100 48 1.00005
100 49 0.999995
100 50 0.999938
100 51 0.999878
100 52 0.999813
100 53 0.999744
100 54 0.999671
100 55 0.999595
100 56 0.999517
100 57 0.999435
100 58 0.999352
100 59 0.999268
100 60 0.999183
100 61 0.999098
100 62 0.999014
100 63 0.998931
100 64 0.99885
100 65 0.998772
100 66 0.998696
100 67 0.998624
100 68 0.998556
100 69 0.998492
100 70 0.998432
100 71 0.998377
100 72 0.998326
100 73 0.998281
100 74 0.99824
100 75 0.998204
100 76 0.998173
100 77 0.998147
100 78 0.998126
100 79 0.99811
100 80 0.998098
100 81 0.99809
100 82 0.998087
100 83 0.998089
100 84 0.998094
100 85 0.998103
100 86 0.998116
100 87 0.998133
100 88 0.998153
100 89 0.998177
100 90 0.998203
100 91 0.998233
100 92 0.998265
100 93 0.9983
100 94 0.998338
100 95 0.998378
100 96 0.998419
100 97 0.998463
100 98 0.998509
100 99 0.998556
100 100 0.998605
100 101 0.998655
100 102 0.998706
100 103 0.998759
100 104 0.998813
100 105 0.998867
100 106 0.998923
100 107 0.998979
100 108 0.999037
100 109 0.999094
100 110 0.999153
100 111 0.999213
100 112 0.999274
100 113 0.999335
100 114 0.999396
100 115 0.999458
100 116 0.999519
100 117 0.999579
100 118 0.999638
100 119 0.999694
100 120 0.999745
100 121 0.999791
100 122 0.99983
100 123 0.99986
100 124 0.99988
100 125 0.999886
100 126 0.999879
100 127 0.999856

101 0 0
101 1 1.00046
101 2 1.00046
101 3 1.00046
101 4 1.00046
101 5 1.00046
101 6 1.00046
101 7 1.00046
101 8 1.00046
101 9 1.00046
101 10 1.00046
101 11 1.00046
101 12 1.00045
101 13 1.00045
101 14 1.00045
101 15 1.00045
101 16 1.00045
101 17 1.00045
101 18 1.00045
101 19 1.00044
101 20 1.00044
101 21 1.00044
101 22 1.00044
101 23 1.00044
101 24 1.00043
101 25 1.00043
101 26 1.00043
101 27 1.00043
101 28 1.00042
101 29 1.00042
101 30 1.00041
101 31 1.00041
101 32 1.0004
101 33 1.0004
101 34 1.00039
101 35 1.00038
101 36 1.00037
101 37 1.00036
101 38 1.00035
101 39 1.00033
101 40 1.00032
101 41 1.0003
101 42 1.00028
101 43 1.00025
101 44 1.00022
101 45 1.00019
101 46 1.00016
101 47 1.00012
101 48 1.00007
101 49 1.00002
101 50 0.999973
101 51 0.999916
101 52 0.999856
101 53 0.999791
101 54 0.999723
101 55 0.999651
101 56 0.999576
101 57 0.999498
101 58 0.999418
101 59 0.999337
101 60 0.999254
101 61 0.999171
101 62 0.999089
101 63 0.999007
101 64 0.998926
101 65 0.998848
101 66 0.998772
101 67 0.9987
101 68 0.99863
101 69 0.998565
101 70 0.998503
101 71 0.998447
101 72 0.998394
101 73 0.998347
101 74 0.998304
101 75 0.998266
101 76 0.998233
101 77 0.998206
101 78 0.998182
101 79 0.998164
101 80 0.998151
101 81 0.998142
101 82 0.998137
101 83 0.998137
101 84 0.998142
101 85 0.99815
101 86 0.998162
101 87 0.998178
101 88 0.998198
101 89 0.998221
101 90 0.998248
101 91 0.998277
101 92 0.99831
101 93 0.998346
101 94 0.998384
101 95 0.998424
101 96 0.998467
101 97 0.998513
101 98 0.99856
101 99 0.998609
101 100 0.99866
101 101 0.998712
101 102 0.998767
101 103 0.998822
101 104 0.998879
101 105 0.998937
101 106 0.998997
101 107 0.999058
101 108 0.99912
101 109 0.999183
101 110 0.999248
101 111 0.999313
101 112 0.999379
101 113 0.999446
101 114 0.999515
101 115 0.999582
101 116 0.99965
101 117 0.999717
101 118 0.999782
101 119 0.999843
101 120 0.9999
101 121 0.999951
101 122 0.999994
101 123 1.00003
101 124 1.00005
101 125 1.00005
101 126 1.00005
101 127 1.00002

102 0 0
102 1 1.00045
102 2 1.00045
102 3 1.00045
102 4 1.00045
102 5 1.00045
102 6 1.00045
102 7 1.00045
102 8 1.00045
102 9 1.00045
102 10 1.00045
102 11 1.00045
102 12 1.00045
102 13 1.00044
102 14 1.00044
102 15 1.00044
102 16 1.00044
102 17 1.00044
102 18 1.00044
102 19 1.00043
102 20 1.00043
102 21 1.00043
102 22 1.00043
102 23 1.00043
102 24 1.00042
102 25 1.00042
102 26 1.00042
102 27 1.00042
102 28 1.00041
102 29 1.00041
102 30 1.00041
102 31 1.0004
102 32 1.0004
102 33 1.00039
102 34 1.00038
102 35 1.00038
102 36 1.00037
102 37 1.00036
102 38 1.00035
102 39 1.00033
102 40 1.00032
102 41 1.0003
102 42 1.00028
102 43 1.00026
102 44 1.00023
102 45 1.0002
102 46 1.00017
102 47 1.00014
102 48 1.0001
102 49 1.00005
102 50 1
102 51 0.999952
102 52 0.999896
102 53 0.999836
102 54 0.999772
102 55 0.999704
102 56 0.999634
102 57 0.99956
102 58 0.999483
102 59 0.999405
102 60 0.999325
102 61 0.999245
102 62 0.999164
102 63 0.999084
102 64 0.999004
102 65 0.998927
102 66 0.998851
102 67 0.998778
102 68 0.998708
102 69 0.998641
102 70 0.998579
102 71 0.99852
102 72 0.998466
102 73 0.998417
102 74 0.998372
102 75 0.998332
102 76 0.998298
102 77 0.998268
102 78 0.998243
102 79 0.998222
102 80 0.998207
102 81 0.998197
102 82 0.998191
102 83 0.998189
102 84 0.998192
102 85 0.998199
102 86 0.998211
102 87 0.998226
102 88 0.998245
102 89 0.998268
102 90 0.998294
102 91 0.998324
102 92 0.998357
102 93 0.998393
102 94 0.998432
102 95 0.998473
102 96 0.998517
102 97 0.998564
102 98 0.998613
102 99 0.998664
102 100 0.998717
102 101 0.998773
102 102 0.99883
102 103 0.998889
102 104 0.998949
102 105 0.999012
102 106 0.999076
102 107 0.999141
102 108 0.999209
102 109 0.999278
102 110 0.999348
102 111 0.99942
102 112 0.999493
102 113 0.999568
102 114 0.999642
102 115 0.999718
102 116 0.999793
102 117 0.999867
102 118 0.999939
102 119 1.00001
102 120 1.00007
102 121 1.00013
102 122 1.00017
102 123 1.00021
102 124 1.00023
102 125 1.00024
102 126 1.00023
102 127 1.0002

103 0 0
103 1 1.00044
103 2 1.00044
103 3 1.00044
103 4 1.00044
103 5 1.00044
103 6 1.00044
103 7 1.00044
103 8 1.00044
103 9 1.00044
103 10 1.00044
103 11 1.00044
103 12 1.00044
103 13 1.00044
103 14 1.00043
103 15 1.00043
103 16 1.00043
103 17 1.00043
103 18 1.00043
103 19 1.00043
103 20 1.00042
103 21 1.00042
103 22 1.00042
103 23 1.00042
103 24 1.00042
103 25 1.00041
103 26 1.00041
103 27 1.00041
103 28 1.0004
103 29 1.0004
103 30 1.0004
103 31 1.00039
103 32 1.00039
103 33 1.00038
103 34 1.00038
103 35 1.00037
103 36 1.00036
103 37 1.00035
103 38 1.00034
103 39 1.00033
103 40 1.00032
103 41 1.0003
103 42 1.00028
103 43 1.00026
103 44 1.00024
103 45 1.00021
103 46 1.00019
103 47 1.00015
103 48 1.00012
103 49 1.00008
103 50 1.00003
103 51 0.999986
103 52 0.999934
103 53 0.999878
103 54 0.999819
103 55 0.999756
103 56 0.999689
103 57 0.999619
103 58 0.999547
103 59 0.999472
103 60 0.999396
103 61 0.999318
103 62 0.99924
103 63 0.999161
103 64 0.999084
103 65 0.999007
103 66 0.998932
103 67 0.998859
103 68 0.998788
103 69 0.998721
103 70 0.998658
103 71 0.998598
103 72 0.998542
103 73 0.998491
103 74 0.998445
103 75 0.998403
103 76 0.998366
103 77 0.998334
103 78 0.998307
103 79 0.998285
103 80 0.998267
103 81 0.998255
103 82 0.998247
103 83 0.998244
103 84 0.998246
103 85 0.998252
103 86 0.998262
103 87 0.998276
103 88 0.998295
103 89 0.998317
103 90 0.998343
103 91 0.998373
103 92 0.998406
103 93 0.998442
103 94 0.998482
103 95 0.998524
103 96 0.99857
103 97 0.998618
103 98 0.998669
103 99 0.998722
103 100 0.998778
103 101 0.998836
103 102 0.998896
103 103 0.998959
103 104 0.999024
103 105 0.999091
103 106 0.999159
103 107 0.99923
103 108 0.999304
103 109 0.999379
103 110 0.999456
103 111 0.999535
103 112 0.999616
103 113 0.999698
103 114 0.999781
103 115 0.999865
103 116 0.999949
103 117 1.00003
103 118 1.00011
103 119 1.00019
103 120 1.00026
103 121 1.00032
103 122 1.00037
103 123 1.00041
103 124 1.00044
103 125 1.00044
103 126 1.00043
103 127 1.0004

104 0 0
104 1 1.00043
104 2 1.00043
104 3 1.00043
104 4 1.00043
104 5 1.00043
104 6 1.00043
104 7 1.00043
104 8 1.00043
104 9 1.00043
104 10 1.00043
104 11 1.00043
104 12 1.00043
104 13 1.00043
104 14 1.00043
104 15 1.00042
104 16 1.00042
104 17 1.00042
104 18 1.00042
104 19 1.00042
104 20 1.00042
104 21 1.00041
104 22 1.00041
104 23 1.00041
104 24 1.00041
104 25 1.0004
104 26 1.0004
104 27 1.0004
104 28 1.0004
104 29 1.00039
104 30 1.00039
104 31 1.00038
104 32 1.00038
104 33 1.00037
104 34 1.00037
104 35 1.00036
104 36 1.00035
104 37 1.00035
104 38 1.00034
104 39 1.00033
104 40 1.00031
104 41 1.0003
104 42 1.00028
104 43 1.00027
104 44 1.00025
104 45 1.00022
104 46 1.0002
104 47 1.00017
104 48 1.00013
104 49 1.0001
104 50 1.00006
104 51 1.00002
104 52 0.999969
104 53 0.999917
104 54 0.999863
104 55 0.999804
104 56 0.999742
104 57 0.999677
104 58 0.999608
104 59 0.999538
104 60 0.999465
104 61 0.999391
104 62 0.999315
104 63 0.999239
104 64 0.999163
104 65 0.999088
104 66 0.999014
104 67 0.998941
104 68 0.998871
104 69 0.998804
104 70 0.99874
104 71 0.998679
104 72 0.998622
104 73 0.998569
104 74 0.998521
104 75 0.998477
104 76 0.998438
104 77 0.998404
104 78 0.998375
104 79 0.998351
104 80 0.998331
104 81 0.998317
104 82 0.998307
104 83 0.998303
104 84 0.998303
104 85 0.998307
104 86 0.998316
104 87 0.99833
104 88 0.998347
104 89 0.998369
104 90 0.998395
104 91 0.998424
104 92 0.998457
104 93 0.998494
104 94 0.998534
104 95 0.998578
104 96 0.998624
104 97 0.998674
104 98 0.998727
104 99 0.998782
104 100 0.998841
104 101 0.998902
104 102 0.998966
104 103 0.999033
104 104 0.999102
104 105 0.999174
104 106 0.999248
104 107 0.999325
104 108 0.999405
104 109 0.999487
104 110 0.999572
104 111 0.99966
104 112 0.999748
104 113 0.999838
104 114 0.999932
104 115 1.00003
104 116 1.00012
104 117 1.00021
104 118 1.0003
104 119 1.00038
104 120 1.00046
104 121 1.00053
104 122 1.00059
104 123 1.00063
104 124 1.00066
104 125 1.00067
104 126 1.00066
104 127 1.00062

105 0 0
105 1 1.00043
105 2 1.00043
105 3 1.00043
105 4 1.00043
105 5 1.00043
105 6 1.00043
105 7 1.00043
105 8 1.00042
105 9 1.00042
105 10 1.00042
105 11 1.00042
105 12 1.00042
105 13 1.00042
105 14 1.00042
105 15 1.00042
105 16 1.00041
105 17 1.00041
105 18 1.00041
105 19 1.00041
105 20 1.00041
105 21 1.00041
105 22 1.0004
105 23 1.0004
105 24 1.0004
105 25 1.0004
105 26 1.00039
105 27 1.00039
105 28 1.00039
105 29 1.00038
105 30 1.00038
105 31 1.00038
105 32 1.00037
105 33 1.00037
105 34 1.00036
105 35 1.00035
105 36 1.00035
105 37 1.00034
105 38 1.00033
105 39 1.00032
105 40 1.00031
105 41 1.0003
105 42 1.00028
105 43 1.00027
105 44 1.00025
105 45 1.00023
105 46 1.00021
105 47 1.00018
105 48 1.00015
105 49 1.00012
105 50 1.00008
105 51 1.00004
105 52 1
105 53 0.999953
105 54 0.999903
105 55 0.999849
105 56 0.999791
105 57 0.99973
105 58 0.999667
105 59 0.9996
105 60 0.999532
105 61 0.999461
105 62 0.999389
105 63 0.999316
105 64 0.999242
105 65 0.999169
105 66 0.999097
105 67 0.999025
105 68 0.998956
105 69 0.998889
105 70 0.998824
105 71 0.998763
105 72 0.998705
105 73 0.998651
105 74 0.998601
105 75 0.998555
105 76 0.998515
105 77 0.998479
105 78 0.998447
105 79 0.998421
105 80 0.998399
105 81 0.998383
105 82 0.998372
105 83 0.998365
105 84 0.998363
105 85 0.998366
105 86 0.998374
105 87 0.998386
105 88 0.998403
105 89 0.998424
105 90 0.998449
105 91 0.998478
105 92 0.998511
105 93 0.998548
105 94 0.998589
105 95 0.998634
105 96 0.998682
105 97 0.998733
105 98 0.998788
105 99 0.998846
105 100 0.998907
105 101 0.998972
105 102 0.999039
105 103 0.99911
105 104 0.999184
105 105 0.999261
105 106 0.999342
105 107 0.999426
105 108 0.999512
105 109 0.999602
105 110 0.999696
105 111 0.999792
105 112 0.999889
105 113 0.999992
105 114 1.00009
105 115 1.0002
105 116 1.0003
105 117 1.0004
105 118 1.0005
105 119 1.0006
105 120 1.00068
105 121 1.00076
105 122 1.00083
105 123 1.00087
105 124 1.00091
105 125 1.00091
105 126 1.0009
105 127 1.00086

106 0 0
106 1 1.00042
106 2 1.00042
106 3 1.00042
106 4 1.00042
106 5 1.00042
106 6 1.00042
106 7 1.00042
106 8 1.00042
106 9 1.00042
106 10 1.00042
106 11 1.00041
106 12 1.00041
106 13 1.00041
106 14 1.00041
106 15 1.00041
106 16 1.00041
106 17 1.00041
106 18 1.0004
106 19 1.0004
106 20 1.0004
106 21 1.0004
106 22 1.00039
106 23 1.00039
106 24 1.00039
106 25 1.00039
106 26 1.00038
106 27 1.00038
106 28 1.00038
106 29 1.00037
106 30 1.00037
106 31 1.00037
106 32 1.00036
106 33 1.00036
106 34 1.00035
106 35 1.00035
106 36 1.00034
106 37 1.00033
106 38 1.00033
106 39 1.00032
106 40 1.00031
106 41 1.0003
106 42 1.00028
106 43 1.00027
106 44 1.00025
106 45 1.00023
106 46 1.00021
106 47 1.00019
106 48 1.00016
106 49 1.00013
106 50 1.0001
106 51 1.00007
106 52 1.00003
106 53 0.999984
106 54 0.999938
106 55 0.999889
106 56 0.999836
106 57 0.99978
106 58 0.999721
106 59 0.999659
106 60 0.999595
106 61 0.999528
106 62 0.99946
106 63 0.99939
106 64 0.99932
106 65 0.999249
106 66 0.999179
106 67 0.999109
106 68 0.999041
106 69 0.998974
106 70 0.99891
106 71 0.998849
106 72 0.99879
106 73 0.998735
106 74 0.998684
106 75 0.998637
106 76 0.998595
106 77 0.998557
106 78 0.998524
106 79 0.998495
106 80 0.998472
106 81 0.998453
106 82 0.99844
106 83 0.998431
106 84 0.998428
106 85 0.998429
106 86 0.998435
106 87 0.998446
106 88 0.998461
106 89 0.998482
106 90 0.998506
106 91 0.998535
106 92 0.998568
106 93 0.998606
106 94 0.998647
106 95 0.998692
106 96 0.998742
106 97 0.998795
106 98 0.998852
106 99 0.998912
106 100 0.998976
106 101 0.999045
106 102 0.999117
106 103 0.999192
106 104 0.999271
106 105 0.999355
106 106 0.999442
106 107 0.999532
106 108 0.999627
106 109 0.999726
106 110 0.999828
106 111 0.999933
106 112 1.00004
106 113 1.00016
106 114 1.00027
106 115 1.00038
106 116 1.0005
106 117 1.00061
106 118 1.00072
106 119 1.00083
106 120 1.00093
106 121 1.00101
106 122 1.00109
106 123 1.00114
106 124 1.00118
106 125 1.00118
106 126 1.00117
106 127 1.00113

107 0 0
107 1 1.00041
107 2 1.00041
107 3 1.00041
107 4 1.00041
107 5 1.00041
107 6 1.00041
107 7 1.00041
107 8 1.00041
107 9 1.00041
107 10 1.00041
107 11 1.00041
107 12 1.00041
107 13 1.0004
107 14 1.0004
107 15 1.0004
107 16 1.0004
107 17 1.0004
107 18 1.0004
107 19 1.00039
107 20 1.00039
107 21 1.00039
107 22 1.00039
107 23 1.00038
107 24 1.00038
107 25 1.00038
107 26 1.00038
107 27 1.00037
107 28 1.00037
107 29 1.00037
107 30 1.00036
107 31 1.00036
107 32 1.00035
107 33 1.00035
107 34 1.00034
107 35 1.00034
107 36 1.00033
107 37 1.00033
107 38 1.00032
107 39 1.00031
107 40 1.0003
107 41 1.00029
107 42 1.00028
107 43 1.00027
107 44 1.00025
107 45 1.00024
107 46 1.00022
107 47 1.0002
107 48 1.00017
107 49 1.00015
107 50 1.00012
107 51 1.00008
107 52 1.00005
107 53 1.00001
107 54 0.99997
107 55 0.999925
107 56 0.999877
107 57 0.999826
107 58 0.999771
107 59 0.999714
107 60 0.999654
107 61 0.999592
107 62 0.999528
107 63 0.999462
107 64 0.999395
107 65 0.999327
107 66 0.99926
107 67 0.999192
107 68 0.999126
107 69 0.99906
107 70 0.998997
107 71 0.998936
107 72 0.998877
107 73 0.998822
107 74 0.99877
107 75 0.998722
107 76 0.998678
107 77 0.998639
107 78 0.998604
107 79 0.998573
107 80 0.998548
107 81 0.998527
107 82 0.998512
107 83 0.998501
107 84 0.998496
107 85 0.998496
107 86 0.9985
107 87 0.99851
107 88 0.998524
107 89 0.998543
107 90 0.998567
107 91 0.998595
107 92 0.998628
107 93 0.998666
107 94 0.998708
107 95 0.998754
107 96 0.998805
107 97 0.99886
107 98 0.998919
107 99 0.998982
107 100 0.99905
107 101 0.999122
107 102 0.999197
107 103 0.999278
107 104 0.999363
107 105 0.999453
107 106 0.999546
107 107 0.999645
107 108 0.999749
107 109 0.999856
107 110 0.999967
107 111 1.00009
107 112 1.00021
107 113 1.00033
107 114 1.00046
107 115 1.00059
107 116 1.00072
107 117 1.00084
107 118 1.00097
107 119 1.00109
107 120 1.00119
107 121 1.00129
107 122 1.00137
107 123 1.00143
107 124 1.00147
107 125 1.00148
107 126 1.00147
107 127 1.00142

108 0 0
108 1 1.0004
108 2 1.0004
108 3 1.0004
108 4 1.0004
108 5 1.0004
108 6 1.0004
108 7 1.0004
108 8 1.0004
108 9 1.0004
108 10 1.0004
108 11 1.0004
108 12 1.0004
108 13 1.0004
108 14 1.0004
108 15 1.00039
108 16 1.00039
108 17 1.00039
108 18 1.00039
108 19 1.00039
108 20 1.00038
108 21 1.00038
108 22 1.00038
108 23 1.00038
108 24 1.00037
108 25 1.00037
108 26 1.00037
108 27 1.00036
108 28 1.00036
108 29 1.00036
108 30 1.00035
108 31 1.00035
108 32 1.00035
108 33 1.00034
108 34 1.00034
108 35 1.00033
108 36 1.00033
108 37 1.00032
108 38 1.00031
108 39 1.0003
108 40 1.0003
108 41 1.00029
108 42 1.00028
108 43 1.00026
108 44 1.00025
108 45 1.00024
108 46 1.00022
108 47 1.0002
108 48 1.00018
108 49 1.00015
108 50 1.00013
108 51 1.0001
108 52 1.00007
108 53 1.00003
108 54 0.999997
108 55 0.999956
108 56 0.999913
108 57 0.999866
108 58 0.999816
108 59 0.999764
108 60 0.999709
108 61 0.999651
108 62 0.999591
108 63 0.999529
108 64 0.999466
108 65 0.999402
108 66 0.999338
108 67 0.999273
108 68 0.999209
108 69 0.999145
108 70 0.999083
108 71 0.999023
108 72 0.998965
108 73 0.99891
108 74 0.998858
108 75 0.998809
108 76 0.998764
108 77 0.998723
108 78 0.998687
108 79 0.998655
108 80 0.998628
108 81 0.998605
108 82 0.998588
108 83 0.998576
108 84 0.998568
108 85 0.998566
108 86 0.998569
108 87 0.998577
108 88 0.99859
108 89 0.998608
108 90 0.998631
108 91 0.998659
108 92 0.998692
108 93 0.99873
108 94 0.998772
108 95 0.998819
108 96 0.998871
108 97 0.998928
108 98 0.998989
108 99 0.999055
108 100 0.999126
108 101 0.999202
108 102 0.999282
108 103 0.999369
108 104 0.999459
108 105 0.999555
108 106 0.999657
108 107 0.999765
108 108 0.999877
108 109 0.999993
108 110 1.00012
108 111 1.00025
108 112 1.00038
108 113 1.00052
108 114 1.00066
108 115 1.00081
108 116 1.00095
108 117 1.00109
108 118 1.00124
108 119 1.00136
108 120 1.00149
108 121 1.0016
108 122 1.00169
108 123 1.00175
108 124 1.0018
108 125 1.00181
108 126 1.00179
108 127 1.00174

109 0 0
109 1 1.00039
109 2 1.0004
109 3 1.0004
109 4 1.0004
109 5 1.0004
109 6 1.0004
109 7 1.0004
109 8 1.0004
109 9 1.0004
109 10 1.00039
109 11 1.00039
109 12 1.00039
109 13 1.00039
109 14 1.00039
109 15 1.00039
109 16 1.00039
109 17 1.00038
109 18 1.00038
109 19 1.00038
109 20 1.00038
109 21 1.00037
109 22 1.00037
109 23 1.00037
109 24 1.00037
109 25 1.00036
109 26 1.00036
109 27 1.00036
109 28 1.00035
109 29 1.00035
109 30 1.00035
109 31 1.00034
109 32 1.00034
109 33 1.00033
109 34 1.00033
109 35 1.00032
109 36 1.00032
109 37 1.00031
109 38 1.0003
109 39 1.0003
109 40 1.00029
109 41 1.00028
109 42 1.00027
109 43 1.00026
109 44 1.00025
109 45 1.00023
109 46 1.00022
109 47 1.0002
109 48 1.00018
109 49 1.00016
109 50 1.00014
109 51 1.00011
109 52 1.00008
109 53 1.00005
109 54 1.00002
109 55 0.999983
109 56 0.999943
109 57 0.999901
109 58 0.999856
109 59 0.999808
109 60 0.999757
109 61 0.999704
109 62 0.999649
109 63 0.999592
109 64 0.999533
109 65 0.999473
109 66 0.999412
109 67 0.99935
109 68 0.999289
109 69 0.999228
109 70 0.999168
109 71 0.999109
109 72 0.999052
109 73 0.998998
109 74 0.998946
109 75 0.998897
109 76 0.998852
109 77 0.99881
109 78 0.998773
109 79 0.998739
109 80 0.998711
109 81 0.998687
109 82 0.998668
109 83 0.998653
109 84 0.998644
109 85 0.99864
109 86 0.998642
109 87 0.998648
109 88 0.99866
109 89 0.998677
109 90 0.998699
109 91 0.998727
109 92 0.998759
109 93 0.998797
109 94 0.99884
109 95 0.998888
109 96 0.998941
109 97 0.998999
109 98 0.999063
109 99 0.999132
109 100 0.999206
109 101 0.999286
109 102 0.999372
109 103 0.999463
109 104 0.99956
109 105 0.999664
109 106 0.999774
109 107 0.999889
109 108 1.00001
109 109 1.00014
109 110 1.00028
109 111 1.00042
109 112 1.00057
109 113 1.00073
109 114 1.00088
109 115 1.00103
109 116 1.0012
109 117 1.00137
109 118 1.00151
109 119 1.00167
109 120 1.00181
109 121 1.00193
109 122 1.00203
109 123 1.00211
109 124 1.00216
109 125 1.00217
109 126 1.00215
109 127 1.00209

110 0 0
110 1 1.00039
110 2 1.00039
110 3 1.00039
110 4 1.00039
110 5 1.00039
110 6 1.00039
110 7 1.00039
110 8 1.00039
110 9 1.00039
110 10 1.00039
110 11 1.00039
110 12 1.00039
110 13 1.00038
110 14 1.00038
110 15 1.00038
110 16 1.00038
110 17 1.00038
110 18 1.00038
110 19 1.00037
110 20 1.00037
110 21 1.00037
110 22 1.00037
110 23 1.00036
110 24 1.00036
110 25 1.00036
110 26 1.00035
110 27 1.00035
110 28 1.00035
110 29 1.00034
110 30 1.00034
110 31 1.00033
110 32 1.00033
110 33 1.00033
110 34 1.00032
110 35 1.00032
110 36 1.00031
110 37 1.0003
110 38 1.0003
110 39 1.00029
110 40 1.00028
110 41 1.00027
110 42 1.00026
110 43 1.00025
110 44 1.00024
110 45 1.00023
110 46 1.00022
110 47 1.0002
110 48 1.00018
110 49 1.00016
110 50 1.00014
110 51 1.00012
110 52 1.00009
110 53 1.00007
110 54 1.00004
110 55 1
110 56 0.999968
110 57 0.99993
110 58 0.999889
110 59 0.999846
110 60 0.9998
110 61 0.999751
110 62 0.9997
110 63 0.999648
110 64 0.999593
110 65 0.999537
110 66 0.99948
110 67 0.999422
110 68 0.999364
110 69 0.999306
110 70 0.999249
110 71 0.999192
110 72 0.999137
110 73 0.999084
110 74 0.999033
110 75 0.998985
110 76 0.998939
110 77 0.998897
110 78 0.998859
110 79 0.998825
110 80 0.998796
110 81 0.99877
110 82 0.99875
110 83 0.998734
110 84 0.998724
110 85 0.998718
110 86 0.998718
110 87 0.998723
110 88 0.998734
110 89 0.99875
110 90 0.998771
110 91 0.998798
110 92 0.99883
110 93 0.998868
110 94 0.998911
110 95 0.99896
110 96 0.999014
110 97 0.999075
110 98 0.999141
110 99 0.999212
110 100 0.99929
110 101 0.999375
110 102 0.999465
110 103 0.999562
110 104 0.999666
110 105 0.999778
110 106 0.999895
110 107 1.00002
110 108 1.00016
110 109 1.0003
110 110 1.00044
110 111 1.0006
110 112 1.00077
110 113 1.00094
110 114 1.00111
110 115 1.00129
110 116 1.00148
110 117 1.00165
110 118 1.00183
110 119 1.002
110 120 1.00215
110 121 1.00229
110 122 1.00241
110 123 1.0025
110 124 1.00255
110 125 1.00256
110 126 1.00254
110 127 1.00248

111 0 0
111 1 1.00038
111 2 1.00038
111 3 1.00038
111 4 1.00038
111 5 1.00038
111 6 1.00038
111 7 1.00038
111 8 1.00038
111 9 1.00038
111 10 1.00038
111 11 1.00038
111 12 1.00038
111 13 1.00038
111 14 1.00038
111 15 1.00038
111 16 1.00037
111 17 1.00037
111 18 1.00037
111 19 1.00037
111 20 1.00036
111 21 1.00036
111 22 1.00036
111 23 1.00036
111 24 1.00035
111 25 1.00035
111 26 1.00035
111 27 1.00034
111 28 1.00034
111 29 1.00034
111 30 1.00033
111 31 1.00033
111 32 1.00032
111 33 1.00032
111 34 1.00031
111 35 1.00031
111 36 1.0003
111 37 1.0003
111 38 1.00029
111 39 1.00028
111 40 1.00027
111 41 1.00027
111 42 1.00026
111 43 1.00025
111 44 1.00024
111 45 1.00023
111 46 1.00021
111 47 1.0002
111 48 1.00018
111 49 1.00016
111 50 1.00015
111 51 1.00012
111 52 1.0001
111 53 1.00008
111 54 1.00005
111 55 1.00002
111 56 0.999988
111 57 0.999954
111 58 0.999917
111 59 0.999877
111 60 0.999835
111 61 0.999791
111 62 0.999745
111 63 0.999697
111 64 0.999647
111 65 0.999595
111 66 0.999542
111 67 0.999488
111 68 0.999434
111 69 0.999379
111 70 0.999325
111 71 0.999271
111 72 0.999218
111 73 0.999167
111 74 0.999117
111 75 0.99907
111 76 0.999026
111 77 0.998984
111 78 0.998946
111 79 0.998912
111 80 0.998881
111 81 0.998855
111 82 0.998834
111 83 0.998817
111 84 0.998805
111 85 0.998799
111 86 0.998797
111 87 0.998801
111 88 0.998811
111 89 0.998825
111 90 0.998846
111 91 0.998872
111 92 0.998904
111 93 0.998942
111 94 0.998986
111 95 0.999036
111 96 0.999091
111 97 0.999153
111 98 0.999222
111 99 0.999297
111 100 0.999378
111 101 0.999467
111 102 0.999562
111 103 0.999666
111 104 0.999777
111 105 0.999895
111 106 1.00002
111 107 1.00016
111 108 1.00031
111 109 1.00046
111 110 1.00062
111 111 1.0008
111 112 1.00098
111 113 1.00116
111 114 1.00136
111 115 1.00157
111 116 1.00176
111 117 1.00196
111 118 1.00218
111 119 1.00236
111 120 1.00252
111 121 1.00269
111 122 1.00283
111 123 1.00291
111 124 1.00298
111 125 1.003
111 126 1.00298
111 127 1.00291

112 0 0
112 1 1.00038
112 2 1.00038
112 3 1.00038
112 4 1.00038
112 5 1.00038
112 6 1.00038
112 7 1.00038
112 8 1.00038
112 9 1.00038
112 10 1.00038
112 11 1.00038
112 12 1.00037
112 13 1.00037
112 14 1.00037
112 15 1.00037
112 16 1.00037
112 17 1.00037
112 18 1.00036
112 19 1.00036
112 20 1.00036
112 21 1.00036
112 22 1.00035
112 23 1.00035
112 24 1.00035
112 25 1.00034
112 26 1.00034
112 27 1.00034
112 28 1.00033
112 29 1.00033
112 30 1.00032
112 31 1.00032
112 32 1.00031
112 33 1.00031
112 34 1.0003
112 35 1.0003
112 36 1.00029
112 37 1.00029
112 38 1.00028
112 39 1.00027
112 40 1.00027
112 41 1.00026
112 42 1.00025
112 43 1.00024
112 44 1.00023
112 45 1.00022
112 46 1.00021
112 47 1.00019
112 48 1.00018
112 49 1.00016
112 50 1.00015
112 51 1.00013
112 52 1.00011
112 53 1.00008
112 54 1.00006
112 55 1.00003
112 56 1
112 57 0.999971
112 58 0.999938
112 59 0.999902
112 60 0.999865
112 61 0.999825
112 62 0.999783
112 63 0.999739
112 64 0.999693
112 65 0.999645
112 66 0.999597
112 67 0.999547
112 68 0.999496
112 69 0.999446
112 70 0.999395
112 71 0.999344
112 72 0.999294
112 73 0.999245
112 74 0.999198
112 75 0.999152
112 76 0.999109
112 77 0.999068
112 78 0.999031
112 79 0.998997
112 80 0.998967
112 81 0.99894
112 82 0.998918
112 83 0.998901
112 84 0.998888
112 85 0.998881
112 86 0.998878
112 87 0.998881
112 88 0.99889
112 89 0.998904
112 90 0.998924
112 91 0.99895
112 92 0.998982
112 93 0.99902
112 94 0.999064
112 95 0.999114
112 96 0.999172
112 97 0.999235
112 98 0.999306
112 99 0.999384
112 100 0.999469
112 101 0.999562
112 102 0.999664
112 103 0.999774
112 104 0.999891
112 105 1.00002
112 106 1.00016
112 107 1.0003
112 108 1.00046
112 109 1.00063
112 110 1.00081
112 111 1.00099
112 112 1.00119
112 113 1.00141
112 114 1.00163
112 115 1.00184
112 116 1.00206
112 117 1.00232
112 118 1.00253
112 119 1.00272
112 120 1.00295
112 121 1.00313
112 122 1.00327
112 123 1.00338
112 124 1.00346
112 125 1.00349
112 126 1.00346
112 127 1.00338

113 0 0
113 1 1.00037
113 2 1.00037
113 3 1.00037
113 4 1.00037
113 5 1.00037
113 6 1.00037
113 7 1.00037
113 8 1.00037
113 9 1.00037
113 10 1.00037
113 11 1.00037
113 12 1.00037
113 13 1.00037
113 14 1.00037
113 15 1.00036
113 16 1.00036
113 17 1.00036
113 18 1.00036
113 19 1.00036
113 20 1.00035
113 21 1.00035
113 22 1.00035
113 23 1.00034
113 24 1.00034
113 25 1.00034
113 26 1.00033
113 27 1.00033
113 28 1.00033
113 29 1.00032
113 30 1.00032
113 31 1.00031
113 32 1.00031
113 33 1.0003
113 34 1.0003
113 35 1.00029
113 36 1.00029
113 37 1.00028
113 38 1.00027
113 39 1.00027
113 40 1.00026
113 41 1.00025
113 42 1.00024
113 43 1.00023
113 44 1.00022
113 45 1.00021
113 46 1.0002
113 47 1.00019
113 48 1.00017
113 49 1.00016
113 50 1.00014
113 51 1.00012
113 52 1.00011
113 53 1.00008
113 54 1.00006
113 55 1.00004
113 56 1.00001
113 57 0.999983
113 58 0.999953
113 59 0.999921
113 60 0.999887
113 61 0.999851
113 62 0.999813
113 63 0.999773
113 64 0.999731
113 65 0.999688
113 66 0.999643
113 67 0.999598
113 68 0.999551
113 69 0.999504
113 70 0.999457
113 71 0.999409
113 72 0.999362
113 73 0.999316
113 74 0.999272
113 75 0.999228
113 76 0.999187
113 77 0.999148
113 78 0.999112
113 79 0.999079
113 80 0.999049
113 81 0.999023
113 82 0.999001
113 83 0.998984
113 84 0.998971
113 85 0.998963
113 86 0.99896
113 87 0.998962
113 88 0.99897
113 89 0.998984
113 90 0.999003
113 91 0.999029
113 92 0.999061
113 93 0.999099
113 94 0.999144
113 95 0.999196
113 96 0.999254
113 97 0.99932
113 98 0.999394
113 99 0.999475
113 100 0.999564
113 101 0.999662
113 102 0.999768
113 103 0.999883
113 104 1.00001
113 105 1.00015
113 106 1.00029
113 107 1.00045
113 108 1.00062
113 109 1.00081
113 110 1.001
113 111 1.0012
113 112 1.00143
113 113 1.00167
113 114 1.00189
113 115 1.00214
113 116 1.00242
113 117 1.00267
113 118 1.00289
113 119 1.00317
113 120 1.00342
113 121 1.00358
113 122 1.00375
113 123 1.00392
113 124 1.004
113 125 1.00401
113 126 1.00399
113 127 1.0039

114 0 0
114 1 1.00037
114 2 1.00037
114 3 1.00037
114 4 1.00037
114 5 1.00037
114 6 1.00037
114 7 1.00037
114 8 1.00037
114 9 1.00037
114 10 1.00037
114 11 1.00037
114 12 1.00036
114 13 1.00036
114 14 1.00036
114 15 1.00036
114 16 1.00036
114 17 1.00036
114 18 1.00035
114 19 1.00035
114 20 1.00035
114 21 1.00035
114 22 1.00034
114 23 1.00034
114 24 1.00034
114 25 1.00033
114 26 1.00033
114 27 1.00032
114 28 1.00032
114 29 1.00032
114 30 1.00031
114 31 1.00031
114 32 1.0003
114 33 1.0003
114 34 1.00029
114 35 1.00028
114 36 1.00028
114 37 1.00027
114 38 1.00027
114 39 1.00026
114 40 1.00025
114 41 1.00024
114 42 1.00023
114 43 1.00022
114 44 1.00021
114 45 1.0002
114 46 1.00019
114 47 1.00018
114 48 1.00017
114 49 1.00015
114 50 1.00014
114 51 1.00012
114 52 1.0001
114 53 1.00008
114 54 1.00006
114 55 1.00004
114 56 1.00002
114 57 0.999991
114 58 0.999963
114 59 0.999934
114 60 0.999903
114 61 0.99987
114 62 0.999835
114 63 0.999799
114 64 0.999761
114 65 0.999722
114 66 0.999681
114 67 0.999639
114 68 0.999597
114 69 0.999553
114 70 0.99951
114 71 0.999466
114 72 0.999423
114 73 0.99938
114 74 0.999338
114 75 0.999297
114 76 0.999258
114 77 0.999222
114 78 0.999187
114 79 0.999155
114 80 0.999127
114 81 0.999102
114 82 0.999081
114 83 0.999064
114 84 0.999051
114 85 0.999043
114 86 0.99904
114 87 0.999042
114 88 0.99905
114 89 0.999064
114 90 0.999083
114 91 0.999109
114 92 0.999141
114 93 0.99918
114 94 0.999226
114 95 0.999279
114 96 0.999339
114 97 0.999407
114 98 0.999483
114 99 0.999567
114 100 0.999661
114 101 0.999763
114 102 0.999875
114 103 0.999998
114 104 1.00013
114 105 1.00028
114 106 1.00043
114 107 1.0006
114 108 1.00079
114 109 1.00098
114 110 1.00119
114 111 1.00143
114 112 1.00167
114 113 1.0019
114 114 1.00217
114 115 1.00248
114 116 1.00275
114 117 1.00301
114 118 1.00334
114 119 1.00365
114 120 1.00385
114 121 1.00409
114 122 1.00435
114 123 1.00447
114 124 1.00456
114 125 1.00461
114 126 1.00458
114 127 1.00448

115 0 0
115 1 1.00036
115 2 1.00036
115 3 1.00036
115 4 1.00036
115 5 1.00036
115 6 1.00036
115 7 1.00036
115 8 1.00036
115 9 1.00036
115 10 1.00036
115 11 1.00036
115 12 1.00036
115 13 1.00036
115 14 1.00036
115 15 1.00036
115 16 1.00035
115 17 1.00035
115 18 1.00035
115 19 1.00035
115 20 1.00034
115 21 1.00034
115 22 1.00034
115 23 1.00033
115 24 1.00033
115 25 1.00033
115 26 1.00032
115 27 1.00032
115 28 1.00031
115 29 1.00031
115 30 1.0003
115 31 1.0003
115 32 1.00029
115 33 1.00029
115 34 1.00028
115 35 1.00028
115 36 1.00027
115 37 1.00026
115 38 1.00026
115 39 1.00025
115 40 1.00024
115 41 1.00023
115 42 1.00023
115 43 1.00022
115 44 1.00021
115 45 1.0002
115 46 1.00018
115 47 1.00017
115 48 1.00016
115 49 1.00015
115 50 1.00013
115 51 1.00011
115 52 1.0001
115 53 1.00008
115 54 1.00006
115 55 1.00004
115 56 1.00002
115 57 0.999993
115 58 0.999968
115 59 0.999941
115 60 0.999912
115 61 0.999882
115 62 0.99985
115 63 0.999817
115 64 0.999783
115 65 0.999747
115 66 0.99971
115 67 0.999672
115 68 0.999633
115 69 0.999593
115 70 0.999553
115 71 0.999513
115 72 0.999473
115 73 0.999434
115 74 0.999395
115 75 0.999357
115 76 0.999321
115 77 0.999287
115 78 0.999255
115 79 0.999225
115 80 0.999198
115 81 0.999174
115 82 0.999154
115 83 0.999138
115 84 0.999126
115 85 0.999119
115 86 0.999117
115 87 0.999119
115 88 0.999128
115 89 0.999142
115 90 0.999162
115 91 0.999188
115 92 0.999221
115 93 0.99926
115 94 0.999307
115 95 0.999362
115 96 0.999424
115 97 0.999494
115 98 0.999573
115 99 0.999661
115 100 0.999758
115 101 0.999865
115 102 0.999984
115 103 1.00011
115 104 1.00025
115 105 1.00041
115 106 1.00058
115 107 1.00076
115 108 1.00095
115 109 1.00116
115 110 1.0014
115 111 1.00165
115 112 1.00189
115 113 1.00218
115 114 1.0025
115 115 1.00279
115 116 1.00307
115 117 1.00345
115 118 1.00382
115 119 1.00405
115 120 1.00434
115 121 1.00473
115 122 1.00494
115 123 1.00505
115 124 1.00521
115 125 1.0053
115 126 1.00525
115 127 1.00511

116 0 0
116 1 1.00036
116 2 1.00036
116 3 1.00036
116 4 1.00036
116 5 1.00036
116 6 1.00036
116 7 1.00036
116 8 1.00036
116 9 1.00036
116 10 1.00036
116 11 1.00036
116 12 1.00036
116 13 1.00036
116 14 1.00035
116 15 1.00035
116 16 1.00035
116 17 1.00035
116 18 1.00034
116 19 1.00034
116 20 1.00034
116 21 1.00034
116 22 1.00033
116 23 1.00033
116 24 1.00033
116 25 1.00032
116 26 1.00032
116 27 1.00031
116 28 1.00031
116 29 1.0003
116 30 1.0003
116 31 1.00029
116 32 1.00029
116 33 1.00028
116 34 1.00028
116 35 1.00027
116 36 1.00026
116 37 1.00026
116 38 1.00025
116 39 1.00024
116 40 1.00023
116 41 1.00023
116 42 1.00022
116 43 1.00021
116 44 1.0002
116 45 1.00019
116 46 1.00018
116 47 1.00016
116 48 1.00015
116 49 1.00014
116 50 1.00012
116 51 1.00011
116 52 1.00009
116 53 1.00007
116 54 1.00005
116 55 1.00003
116 56 1.00001
116 57 0.999991
116 58 0.999968
116 59 0.999942
116 60 0.999916
116 61 0.999888
116 62 0.999859
116 63 0.999829
116 64 0.999797
116 65 0.999764
116 66 0.99973
116 67 0.999695
116 68 0.99966
116 69 0.999623
116 70 0.999587
116 71 0.99955
116 72 0.999514
116 73 0.999477
116 74 0.999442
116 75 0.999407
116 76 0.999374
116 77 0.999342
116 78 0.999312
116 79 0.999285
116 80 0.99926
116 81 0.999239
116 82 0.99922
116 83 0.999206
116 84 0.999195
116 85 0.999189
116 86 0.999187
116 87 0.999191
116 88 0.9992
116 89 0.999215
116 90 0.999236
116 91 0.999263
116 92 0.999297
116 93 0.999338
116 94 0.999386
116 95 0.999442
116 96 0.999506
116 97 0.999579
116 98 0.999661
116 99 0.999752
116 100 0.999854
116 101 0.999967
116 102 1.00009
116 103 1.00023
116 104 1.00037
116 105 1.00054
116 106 1.00072
116 107 1.00091
116 108 1.00112
116 109 1.00136
116 110 1.0016
116 111 1.00185
116 112 1.00215
116 113 1.00248
116 114 1.00278
116 115 1.00309
116 116 1.0035
116 117 1.00391
116 118 1.00418
116 119 1.00454
116 120 1.00505
116 121 1.0053
116 122 1.00547
116 123 1.00583
116 124 1.00601
116 125 1.00598
116 126 1.00597
116 127 1.00584

117 0 0
117 1 1.00035
117 2 1.00035
117 3 1.00036
117 4 1.00036
117 5 1.00036
117 6 1.00036
117 7 1.00036
117 8 1.00036
117 9 1.00036
117 10 1.00036
117 11 1.00035
117 12 1.00035
117 13 1.00035
117 14 1.00035
117 15 1.00035
117 16 1.00035
117 17 1.00034
117 18 1.00034
117 19 1.00034
117 20 1.00034
117 21 1.00033
117 22 1.00033
117 23 1.00033
117 24 1.00032
117 25 1.00032
117 26 1.00031
117 27 1.00031
117 28 1.0003
117 29 1.0003
117 30 1.00029
117 31 1.00029
117 32 1.00028
117 33 1.00028
117 34 1.00027
117 35 1.00026
117 36 1.00026
117 37 1.00025
117 38 1.00024
117 39 1.00023
117 40 1.00023
117 41 1.00022
117 42 1.00021
117 43 1.0002
117 44 1.00019
117 45 1.00018
117 46 1.00017
117 47 1.00015
117 48 1.00014
117 49 1.00013
117 50 1.00011
117 51 1.0001
117 52 1.00008
117 53 1.00006
117 54 1.00005
117 55 1.00003
117 56 1.00001
117 57 0.999986
117 58 0.999964
117 59 0.99994
117 60 0.999915
117 61 0.999889
117 62 0.999862
117 63 0.999833
117 64 0.999804
117 65 0.999774
117 66 0.999742
117 67 0.99971
117 68 0.999677
117 69 0.999644
117 70 0.99961
117 71 0.999577
117 72 0.999543
117 73 0.99951
117 74 0.999477
117 75 0.999446
117 76 0.999415
117 77 0.999386
117 78 0.999359
117 79 0.999334
117 80 0.999312
117 81 0.999292
117 82 0.999276
117 83 0.999263
117 84 0.999254
117 85 0.99925
117 86 0.99925
117 87 0.999255
117 88 0.999265
117 89 0.999281
117 90 0.999303
117 91 0.999332
117 92 0.999367
117 93 0.99941
117 94 0.99946
117 95 0.999518
117 96 0.999584
117 97 0.99966
117 98 0.999745
117 99 0.99984
117 100 0.999947
117 101 1.00006
117 102 1.00019
117 103 1.00034
117 104 1.00049
117 105 1.00067
117 106 1.00085
117 107 1.00106
117 108 1.00129
117 109 1.00153
117 110 1.00178
117 111 1.00209
117 112 1.00241
117 113 1.00272
117 114 1.00305
117 115 1.00349
117 116 1.00392
117 117 1.00423
117 118 1.00464
117 119 1.00524
117 120 1.00562
117 121 1.0058
117 122 1.00629
117 123 1.00669
117 124 1.00675
117 125 1.00677
117 126 1.0068
117 127 1.00673

118 0 0
118 1 1.00035
118 2 1.00035
118 3 1.00035
118 4 1.00035
118 5 1.00035
118 6 1.00035
118 7 1.00035
118 8 1.00035
118 9 1.00035
118 10 1.00035
118 11 1.00035
118 12 1.00035
118 13 1.00035
118 14 1.00035
118 15 1.00035
118 16 1.00034
118 17 1.00034
118 18 1.00034
118 19 1.00034
118 20 1.00033
118 21 1.00033
118 22 1.00033
118 23 1.00032
118 24 1.00032
118 25 1.00031
118 26 1.00031
118 27 1.0003
118 28 1.0003
118 29 1.00029
118 30 1.00029
118 31 1.00028
118 32 1.00028
118 33 1.00027
118 34 1.00026
118 35 1.00026
118 36 1.00025
118 37 1.00024
118 38 1.00024
118 39 1.00023
118 40 1.00022
118 41 1.00021
118 42 1.0002
118 43 1.00019
118 44 1.00018
118 45 1.00017
118 46 1.00016
118 47 1.00014
118 48 1.00013
118 49 1.00012
118 50 1.0001
118 51 1.00009
118 52 1.00007
118 53 1.00006
118 54 1.00004
118 55 1.00002
118 56 0.999999
118 57 0.999978
118 58 0.999956
118 59 0.999933
118 60 0.99991
118 61 0.999885
118 62 0.999859
118 63 0.999832
118 64 0.999805
118 65 0.999776
118 66 0.999747
118 67 0.999717
118 68 0.999686
118 69 0.999655
118 70 0.999624
118 71 0.999593
118 72 0.999562
118 73 0.999532
118 74 0.999502
118 75 0.999473
118 76 0.999445
118 77 0.999419
118 78 0.999394
118 79 0.999372
118 80 0.999352
118 81 0.999335
118 82 0.99932
118 83 0.99931
118 84 0.999303
118 85 0.9993
118 86 0.999302
118 87 0.999308
118 88 0.99932
118 89 0.999338
118 90 0.999362
118 91 0.999392
118 92 0.999429
118 93 0.999473
118 94 0.999525
118 95 0.999586
118 96 0.999655
118 97 0.999733
118 98 0.999822
118 99 0.999921
118 100 1.00003
118 101 1.00015
118 102 1.00029
118 103 1.00044
118 104 1.0006
118 105 1.00078
118 106 1.00099
118 107 1.00121
118 108 1.00144
118 109 1.00169
118 110 1.00199
118 111 1.0023
118 112 1.00261
118 113 1.00297
118 114 1.00342
118 115 1.00383
118 116 1.00418
118 117 1.00468
118 118 1.00534
118 119 1.00573
118 120 1.00596
118 121 1.00671
118 122 1.00736
118 123 1.00725
118 124 1.00751
118 125 1.00797
118 126 1.00783
118 127 1.0075

119 0 0
119 1 1.00035
119 2 1.00035
119 3 1.00035
119 4 1.00035
119 5 1.00035
119 6 1.00035
119 7 1.00035
119 8 1.00035
119 9 1.00035
119 10 1.00035
119 11 1.00035
119 12 1.00035
119 13 1.00035
119 14 1.00034
119 15 1.00034
119 16 1.00034
119 17 1.00034
119 18 1.00034
119 19 1.00033
119 20 1.00033
119 21 1.00033
119 22 1.00032
119 23 1.00032
119 24 1.00031
119 25 1.00031
119 26 1.00031
119 27 1.0003
119 28 1.0003
119 29 1.00029
119 30 1.00028
119 31 1.00028
119 32 1.00027
119 33 1.00027
119 34 1.00026
119 35 1.00025
119 36 1.00024
119 37 1.00024
119 38 1.00023
119 39 1.00022
119 40 1.00021
119 41 1.0002
119 42 1.00019
119 43 1.00018
119 44 1.00017
119 45 1.00016
119 46 1.00015
119 47 1.00013
119 48 1.00012
119 49 1.00011
119 50 1.00009
119 51 1.00008
119 52 1.00006
119 53 1.00004
119 54 1.00003
119 55 1.00001
119 56 0.999988
119 57 0.999968
119 58 0.999946
119 59 0.999924
119 60 0.999901
119 61 0.999877
119 62 0.999852
119 63 0.999826
119 64 0.9998
119 65 0.999773
119 66 0.999745
119 67 0.999716
119 68 0.999688
119 69 0.999659
119 70 0.99963
119 71 0.999601
119 72 0.999572
119 73 0.999543
119 74 0.999516
119 75 0.999489
119 76 0.999464
119 77 0.99944
119 78 0.999417
119 79 0.999397
119 80 0.999379
119 81 0.999364
119 82 0.999352
119 83 0.999343
119 84 0.999338
119 85 0.999338
119 86 0.999341
119 87 0.99935
119 88 0.999363
119 89 0.999383
119 90 0.999408
119 91 0.99944
119 92 0.999479
119 93 0.999526
119 94 0.99958
119 95 0.999643
119 96 0.999715
119 97 0.999796
119 98 0.999888
119 99 0.999991
119 100 1.00011
119 101 1.00023
119 102 1.00038
119 103 1.00053
119 104 1.0007
119 105 1.0009
119 106 1.0011
119 107 1.00133
119 108 1.00158
119 109 1.00187
119 110 1.00216
119 111 1.00248
119 112 1.00284
119 113 1.00327
119 114 1.00368
119 115 1.00407
119 116 1.00461
119 117 1.00526
119 118 1.00572
119 119 1.00609
119 120 1.00689
119 121 1.00771
119 122 1.00779
119 123 1.00816
119 124 1.00892
119 125 1.00896
119 126 1.0089
119 127 1.00849

120 0 0
120 1 1.00035
120 2 1.00035
120 3 1.00035
120 4 1.00035
120 5 1.00035
120 6 1.00035
120 7 1.00035
120 8 1.00035
120 9 1.00035
120 10 1.00035
120 11 1.00035
120 12 1.00035
120 13 1.00034
120 14 1.00034
120 15 1.00034
120 16 1.00034
120 17 1.00034
120 18 1.00033
120 19 1.00033
120 20 1.00033
120 21 1.00032
120 22 1.00032
120 23 1.00032
120 24 1.00031
120 25 1.00031
120 26 1.0003
120 27 1.0003
120 28 1.00029
120 29 1.00029
120 30 1.00028
120 31 1.00027
120 32 1.00027
120 33 1.00026
120 34 1.00025
120 35 1.00025
120 36 1.00024
120 37 1.00023
120 38 1.00022
120 39 1.00021
120 40 1.0002
120 41 1.0002
120 42 1.00018
120 43 1.00017
120 44 1.00016
120 45 1.00015
120 46 1.00014
120 47 1.00013
120 48 1.00011
120 49 1.0001
120 50 1.00008
120 51 1.00007
120 52 1.00005
120 53 1.00003
120 54 1.00001
120 55 0.999996
120 56 0.999976
120 57 0.999956
120 58 0.999935
120 59 0.999913
120 60 0.99989
120 61 0.999866
120 62 0.999841
120 63 0.999816
120 64 0.99979
120 65 0.999764
120 66 0.999737
120 67 0.99971
120 68 0.999682
120 69 0.999655
120 70 0.999627
120 71 0.999599
120 72 0.999572
120 73 0.999546
120 74 0.99952
120 75 0.999495
120 76 0.999471
120 77 0.999449
120 78 0.999429
120 79 0.99941
120 80 0.999394
120 81 0.999381
120 82 0.999371
120 83 0.999364
120 84 0.999361
120 85 0.999362
120 86 0.999367
120 87 0.999378
120 88 0.999393
120 89 0.999414
120 90 0.999442
120 91 0.999475
120 92 0.999516
120 93 0.999565
120 94 0.999621
120 95 0.999687
120 96 0.999761
120 97 0.999846
120 98 0.999941
120 99 1.00005
120 100 1.00017
120 101 1.0003
120 102 1.00045
120 103 1.00061
120 104 1.00079
120 105 1.00099
120 106 1.0012
120 107 1.00144
120 108 1.00171
120 109 1.002
120 110 1.0023
120 111 1.00267
120 112 1.00307
120 113 1.00346
120 114 1.00387
120 115 1.00445
120 116 1.00509
120 117 1.00552
120 118 1.00599
120 119 1.00699
120 120 1.00793
120 121 1.00793
120 122 1.00834
120 123 1.01013
120 124 1.01034
120 125 1.00952
120 126 1.01005
120 127 1.01037

121 0 0
121 1 1.00034
121 2 1.00035
121 3 1.00035
121 4 1.00035
121 5 1.00035
121 6 1.00035
121 7 1.00035
121 8 1.00035
121 9 1.00035
121 10 1.00035
121 11 1.00035
121 12 1.00034
121 13 1.00034
121 14 1.00034
121 15 1.00034
121 16 1.00034
121 17 1.00033
121 18 1.00033
121 19 1.00033
121 20 1.00032
121 21 1.00032
121 22 1.00032
121 23 1.00031
121 24 1.00031
121 25 1.0003
121 26 1.0003
121 27 1.00029
121 28 1.00029
121 29 1.00028
121 30 1.00028
121 31 1.00027
121 32 1.00026
121 33 1.00026
121 34 1.00025
121 35 1.00024
121 36 1.00023
121 37 1.00023
121 38 1.00022
121 39 1.00021
121 40 1.0002
121 41 1.00019
121 42 1.00018
121 43 1.00017
121 44 1.00016
121 45 1.00014
121 46 1.00013
121 47 1.00012
121 48 1.0001
121 49 1.00009
121 50 1.00007
121 51 1.00006
121 52 1.00004
121 53 1.00002
121 54 1
121 55 0.999984
121 56 0.999964
121 57 0.999943
121 58 0.999922
121 59 0.999899
121 60 0.999876
121 61 0.999853
121 62 0.999828
121 63 0.999803
121 64 0.999778
121 65 0.999752
121 66 0.999725
121 67 0.999699
121 68 0.999672
121 69 0.999645
121 70 0.999618
121 71 0.999591
121 72 0.999565
121 73 0.99954
121 74 0.999515
121 75 0.999491
121 76 0.999469
121 77 0.999448
121 78 0.999429
121 79 0.999412
121 80 0.999398
121 81 0.999386
121 82 0.999377
121 83 0.999372
121 84 0.999371
121 85 0.999373
121 86 0.99938
121 87 0.999392
121 88 0.999409
121 89 0.999432
121 90 0.999461
121 91 0.999496
121 92 0.999539
121 93 0.999589
121 94 0.999648
121 95 0.999715
121 96 0.999792
121 97 0.999879
121 98 0.999977
121 99 1.00009
121 100 1.00021
121 101 1.00035
121 102 1.0005
121 103 1.00067
121 104 1.00085
121 105 1.00105
121 106 1.00128
121 107 1.00153
121 108 1.0018
121 109 1.0021
121 110 1.00245
121 111 1.00282
121 112 1.00319
121 113 1.00364
121 114 1.00419
121 115 1.00473
121 116 1.00521
121 117 1.00586
121 118 1.00682
121 119 1.00756
121 120 1.00795
121 121 1.00891
121 122 1.0106
121 123 1.01076
121 124 1.01036
121 125 1.01211
121 126 1.01199
121 127 1.01148

122 0 0
122 1 1.00034
122 2 1.00034
122 3 1.00035
122 4 1.00035
122 5 1.00035
122 6 1.00035
122 7 1.00035
122 8 1.00035
122 9 1.00035
122 10 1.00035
122 11 1.00034
122 12 1.00034
122 13 1.00034
122 14 1.00034
122 15 1.00034
122 16 1.00034
122 17 1.00033
122 18 1.00033
122 19 1.00033
122 20 1.00032
122 21 1.00032
122 22 1.00032
122 23 1.00031
122 24 1.00031
122 25 1.0003
122 26 1.0003
122 27 1.00029
122 28 1.00029
122 29 1.00028
122 30 1.00027
122 31 1.00027
122 32 1.00026
122 33 1.00025
122 34 1.00025
122 35 1.00024
122 36 1.00023
122 37 1.00022
122 38 1.00021
122 39 1.0002
122 40 1.00019
122 41 1.00018
122 42 1.00017
122 43 1.00016
122 44 1.00015
122 45 1.00014
122 46 1.00012
122 47 1.00011
122 48 1.00009
122 49 1.00008
122 50 1.00006
122 51 1.00005
122 52 1.00003
122 53 1.00001
122 54 0.999991
122 55 0.999971
122 56 0.999951
122 57 0.99993
122 58 0.999908
122 59 0.999885
122 60 0.999862
122 61 0.999838
122 62 0.999813
122 63 0.999788
122 64 0.999763
122 65 0.999737
122 66 0.99971
122 67 0.999684
122 68 0.999657
122 69 0.99963
122 70 0.999604
122 71 0.999578
122 72 0.999552
122 73 0.999527
122 74 0.999503
122 75 0.99948
122 76 0.999458
122 77 0.999438
122 78 0.99942
122 79 0.999405
122 80 0.999391
122 81 0.99938
122 82 0.999373
122 83 0.999368
122 84 0.999368
122 85 0.999372
122 86 0.99938
122 87 0.999393
122 88 0.999411
122 89 0.999435
122 90 0.999465
122 91 0.999502
122 92 0.999546
122 93 0.999598
122 94 0.999658
122 95 0.999728
122 96 0.999806
122 97 0.999895
122 98 0.999996
122 99 1.00011
122 100 1.00023
122 101 1.00037
122 102 1.00053
122 103 1.0007
122 104 1.00089
122 105 1.0011
122 106 1.00133
122 107 1.00159
122 108 1.00187
122 109 1.00219
122 110 1.00253
122 111 1.0029
122 112 1.00332
122 113 1.00382
122 114 1.00434
122 115 1.00482
122 116 1.00548
122 117 1.00639
122 118 1.00716
122 119 1.00758
122 120 1.00866
122 121 1.01066
122 122 1.01161
122 123 1.01056
122 124 1.0126
122 125 1.01573
122 126 1.01405
122 127 1.01102

123 0 0
123 1 1.00034
123 2 1.00034
123 3 1.00034
123 4 1.00034
123 5 1.00035
123 6 1.00035
123 7 1.00035
123 8 1.00035
123 9 1.00035
123 10 1.00034
123 11 1.00034
123 12 1.00034
123 13 1.00034
123 14 1.00034
123 15 1.00034
123 16 1.00033
123 17 1.00033
123 18 1.00033
123 19 1.00033
123 20 1.00032
123 21 1.00032
123 22 1.00031
123 23 1.00031
123 24 1.00031
123 25 1.0003
123 26 1.0003
123 27 1.00029
123 28 1.00028
123 29 1.00028
123 30 1.00027
123 31 1.00027
123 32 1.00026
123 33 1.00025
123 34 1.00024
123 35 1.00024
123 36 1.00023
123 37 1.00022
123 38 1.00021
123 39 1.0002
123 40 1.00019
123 41 1.00018
123 42 1.00017
123 43 1.00015
123 44 1.00014
123 45 1.00013
123 46 1.00011
123 47 1.0001
123 48 1.00009
123 49 1.00007
123 50 1.00005
123 51 1.00004
123 52 1.00002
123 53 0.999999
123 54 0.99998
123 55 0.999959
123 56 0.999938
123 57 0.999917
123 58 0.999894
123 59 0.999871
123 60 0.999847
123 61 0.999823
123 62 0.999798
123 63 0.999772
123 64 0.999746
123 65 0.99972
123 66 0.999693
123 67 0.999666
123 68 0.999639
123 69 0.999612
123 70 0.999586
123 71 0.99956
123 72 0.999534
123 73 0.999509
123 74 0.999485
123 75 0.999463
123 76 0.999441
123 77 0.999422
123 78 0.999404
123 79 0.999389
123 80 0.999376
123 81 0.999365
123 82 0.999358
123 83 0.999355
123 84 0.999355
123 85 0.999359
123 86 0.999368
123 87 0.999382
123 88 0.999401
123 89 0.999425
123 90 0.999456
123 91 0.999494
123 92 0.999539
123 93 0.999592
123 94 0.999653
123 95 0.999724
123 96 0.999804
123 97 0.999895
123 98 0.999997
123 99 1.00011
123 100 1.00024
123 101 1.00038
123 102 1.00054
123 103 1.00071
123 104 1.00091
123 105 1.00112
123 106 1.00136
123 107 1.00162
123 108 1.00191
123 109 1.00223
123 110 1.00257
123 111 1.00297
123 112 1.00343
123 113 1.00387
123 114 1.00437
123 115 1.00506
123 116 1.00581
123 117 1.00634
123 118 1.00707
123 119 1.00855
123 120 1.00993
123 121 1.01009
123 122 1.01113
123 123 1.01509
123 124 1.01748
123 125 1.01245
123 126 1.0151
123 127 1.01987

124 0 0
124 1 1.00034
124 2 1.00034
124 3 1.00034
124 4 1.00034
124 5 1.00035
124 6 1.00035
124 7 1.00035
124 8 1.00035
124 9 1.00034
124 10 1.00034
124 11 1.00034
124 12 1.00034
124 13 1.00034
124 14 1.00034
124 15 1.00034
124 16 1.00033
124 17 1.00033
124 18 1.00033
124 19 1.00033
124 20 1.00032
124 21 1.00032
124 22 1.00031
124 23 1.00031
124 24 1.0003
124 25 1.0003
124 26 1.00029
124 27 1.00029
124 28 1.00028
124 29 1.00028
124 30 1.00027
124 31 1.00026
124 32 1.00026
124 33 1.00025
124 34 1.00024
124 35 1.00023
124 36 1.00022
124 37 1.00021
124 38 1.0002
124 39 1.00019
124 40 1.00018
124 41 1.00017
124 42 1.00016
124 43 1.00015
124 44 1.00014
124 45 1.00012
124 46 1.00011
124 47 1.00009
124 48 1.00008
124 49 1.00006
124 50 1.00004
124 51 1.00003
124 52 1.00001
124 53 0.999989
124 54 0.999969
124 55 0.999948
124 56 0.999926
124 57 0.999904
124 58 0.999881
124 59 0.999857
124 60 0.999832
124 61 0.999807
124 62 0.999781
124 63 0.999755
124 64 0.999729
124 65 0.999702
124 66 0.999674
124 67 0.999647
124 68 0.99962
124 69 0.999592
124 70 0.999565
124 71 0.999539
124 72 0.999513
124 73 0.999488
124 74 0.999464
124 75 0.999441
124 76 0.999419
124 77 0.999399
124 78 0.999382
124 79 0.999366
124 80 0.999353
124 81 0.999343
124 82 0.999336
124 83 0.999332
124 84 0.999333
124 85 0.999337
124 86 0.999346
124 87 0.99936
124 88 0.999379
124 89 0.999404
124 90 0.999436
124 91 0.999474
124 92 0.999519
124 93 0.999573
124 94 0.999634
124 95 0.999705
124 96 0.999786
124 97 0.999877
124 98 0.99998
124 99 1.0001
124 100 1.00022
124 101 1.00037
124 102 1.00053
124 103 1.0007
124 104 1.0009
124 105 1.00111
124 106 1.00135
124 107 1.00162
124 108 1.00191
124 109 1.00223
124 110 1.00259
124 111 1.00299
124 112 1.00342
124 113 1.00391
124 114 1.00448
124 115 1.00509
124 116 1.00574
124 117 1.00653
124 118 1.00751
124 119 1.00862
124 120 1.00958
124 121 1.01084
124 122 1.01291
124 123 1.01619
124 124 1.01742
124 125 1.01757
124 126 1.02164
124 127 1.02087

125 0 0
125 1 1.00034
125 2 1.00034
125 3 1.00034
125 4 1.00034
125 5 1.00035
125 6 1.00035
125 7 1.00035
125 8 1.00035
125 9 1.00035
125 10 1.00034
125 11 1.00034
125 12 1.00034
125 13 1.00034
125 14 1.00034
125 15 1.00034
125 16 1.00033
125 17 1.00033
125 18 1.00033
125 19 1.00033
125 20 1.00032
125 21 1.00032
125 22 1.00031
125 23 1.00031
125 24 1.0003
125 25 1.0003
125 26 1.00029
125 27 1.00029
125 28 1.00028
125 29 1.00028
125 30 1.00027
125 31 1.00026
125 32 1.00026
125 33 1.00025
125 34 1.00024
125 35 1.00023
125 36 1.00022
125 37 1.00021
125 38 1.0002
125 39 1.00019
125 40 1.00018
125 41 1.00017
125 42 1.00016
125 43 1.00014
125 44 1.00013
125 45 1.00012
125 46 1.0001
125 47 1.00009
125 48 1.00007
125 49 1.00005
125 50 1.00004
125 51 1.00002
125 52 0.999999
125 53 0.999979
125 54 0.999958
125 55 0.999937
125 56 0.999915
125 57 0.999891
125 58 0.999868
125 59 0.999843
125 60 0.999818
125 61 0.999792
125 62 0.999765
125 63 0.999739
125 64 0.999711
125 65 0.999683
125 66 0.999655
125 67 0.999627
125 68 0.999599
125 69 0.999571
125 70 0.999543
125 71 0.999516
125 72 0.99949
125 73 0.999464
125 74 0.999439
125 75 0.999416
125 76 0.999394
125 77 0.999373
125 78 0.999355
125 79 0.999339
125 80 0.999326
125 81 0.999315
125 82 0.999308
125 83 0.999304
125 84 0.999304
125 85 0.999308
125 86 0.999317
125 87 0.99933
125 88 0.999349
125 89 0.999374
125 90 0.999405
125 91 0.999443
125 92 0.999488
125 93 0.999541
125 94 0.999603
125 95 0.999673
125 96 0.999754
125 97 0.999845
125 98 0.999948
125 99 1.00006
125 100 1.00019
125 101 1.00033
125 102 1.00049
125 103 1.00067
125 104 1.00087
125 105 1.00108
125 106 1.00132
125 107 1.00159
125 108 1.00188
125 109 1.00221
125 110 1.00257
125 111 1.00296
125 112 1.00339
125 113 1.00392
125 114 1.00449
125 115 1.00501
125 116 1.00569
125 117 1.00677
125 118 1.00761
125 119 1.00806
125 120 1.0095
125 121 1.01278
125 122 1.01361
125 123 1.01241
125 124 1.01725
125 125 1.03435
125 126 1.03058
125 127 1.00537

126 0 0
126 1 1.00034
126 2 1.00034
126 3 1.00034
126 4 1.00034
126 5 1.00035
126 6 1.00035
126 7 1.00035
126 8 1.00035
126 9 1.00035
126 10 1.00035
126 11 1.00034
126 12 1.00034
126 13 1.00034
126 14 1.00034
126 15 1.00034
126 16 1.00034
126 17 1.00033
126 18 1.00033
126 19 1.00033
126 20 1.00032
126 21 1.00032
126 22 1.00031
126 23 1.00031
126 24 1.0003
126 25 1.0003
126 26 1.00029
126 27 1.00029
126 28 1.00028
126 29 1.00028
126 30 1.00027
126 31 1.00026
126 32 1.00025
126 33 1.00025
126 34 1.00024
126 35 1.00023
126 36 1.00022
126 37 1.00021
126 38 1.0002
126 39 1.00019
126 40 1.00018
126 41 1.00017
126 42 1.00015
126 43 1.00014
126 44 1.00013
126 45 1.00011
126 46 1.0001
126 47 1.00008
126 48 1.00007
126 49 1.00005
126 50 1.00003
126 51 1.00001
126 52 0.999991
126 53 0.999971
126 54 0.999949
126 55 0.999927
126 56 0.999904
126 57 0.99988
126 58 0.999855
126 59 0.99983
126 60 0.999804
126 61 0.999777
126 62 0.99975
126 63 0.999722
126 64 0.999694
126 65 0.999665
126 66 0.999636
126 67 0.999607
126 68 0.999578
126 69 0.999549
126 70 0.999521
126 71 0.999493
126 72 0.999465
126 73 0.999438
126 74 0.999413
126 75 0.999388
126 76 0.999366
126 77 0.999345
126 78 0.999326
126 79 0.999309
126 80 0.999295
126 81 0.999283
126 82 0.999275
126 83 0.99927
126 84 0.99927
126 85 0.999273
126 86 0.999281
126 87 0.999294
126 88 0.999312
126 89 0.999336
126 90 0.999366
126 91 0.999403
126 92 0.999448
126 93 0.9995
126 94 0.99956
126 95 0.99963
126 96 0.99971
126 97 0.9998
126 98 0.999901
126 99 1.00002
126 100 1.00014
126 101 1.00028
126 102 1.00044
126 103 1.00062
126 104 1.00081
126 105 1.00103
126 106 1.00126
126 107 1.00153
126 108 1.00182
126 109 1.00214
126 110 1.00249
126 111 1.0029
126 112 1.00335
126 113 1.0038
126 114 1.00435
126 115 1.00505
126 116 1.0057
126 117 1.00631
126 118 1.0074
126 119 1.00888
126 120 1.00953
126 121 1.01025
126 122 1.01382
126 123 1.01809
126 124 1.01662
126 125 1.02039
126 126 1.03895
126 127 1.06838

127 0 0
127 1 0
127 2 0
127 3 0
127 4 0
127 5 0
127 6 0
127 7 0
127 8 0
127 9 0
127 10 0
127 11 0
127 12 0
127 13 0
127 14 0
127 15 0
127 16 0
127 17 0
127 18 0
127 19 0
127 20 0
127 21 0
127 22 0
127 23 0
127 24 0
127 25 0
127 26 0
127 27 0
127 28 0
127 29 0
127 30 0
127 31 0
127 32 0
127 33 0
127 34 0
127 35 0
127 36 0
127 37 0
127 38 0
127 39 0
127 40 0
127 41 0
127 42 0
127 43 0
127 44 0
127 45 0
127 46 0
127 47 0
127 48 0
127 49 0
127 50 0
127 51 0
127 52 0
127 53 0
127 54 0
127 55 0
127 56 0
127 57 0
127 58 0
127 59 0
127 60 0
127 61 0
127 62 0
127 63 0
127 64 0
127 65 0
127 66 0
127 67 0
127 68 0
127 69 0
127 70 0
127 71 0
127 72 0
127 73 0
127 74 0
127 75 0
127 76 0
127 77 0
127 78 0
127 79 0
127 80 0
127 81 0
127 82 0
127 83 0
127 84 0
127 85 0
127 86 0
127 87 0
127 88 0
127 89 0
127 90 0
127 91 0
127 92 0
127 93 0
127 94 0
127 95 0
127 96 0
127 97 0
127 98 0
127 99 0
127 100 0
127 101 0
127 102 0
127 103 0
127 104 0
127 105 0
127 106 0
127 107 0
127 108 0
127 109 0
127 110 0
127 111 0
127 112 0
127 113 0
127 114 0
127 115 0
127 116 0
127 117 0
127 118 0
127 119 0
127 120 0
127 121 0
127 122 0
127 123 0
127 124 0
127 125 0
127 126 0
127 127 0

