0 0 0
0 1 0
0 2 0
0 3 0
0 4 0
0 5 0
0 6 0
0 7 0
0 8 0
0 9 0
0 10 0
0 11 0
0 12 0
0 13 0
0 14 0
0 15 0
0 16 0
0 17 0
0 18 0
0 19 0
0 20 0
0 21 0
0 22 0
0 23 0
0 24 0
0 25 0
0 26 0
0 27 0
0 28 0
0 29 0
0 30 0
0 31 0
0 32 0
0 33 0
0 34 0
0 35 0
0 36 0
0 37 0
0 38 0
0 39 0
0 40 0
0 41 0
0 42 0
0 43 0
0 44 0
0 45 0
0 46 0
0 47 0
0 48 0
0 49 0
0 50 0
0 51 0
0 52 0
0 53 0
0 54 0
0 55 0
0 56 0
0 57 0
0 58 0
0 59 0
0 60 0
0 61 0
0 62 0
0 63 0
0 64 0
0 65 0
0 66 0
0 67 0
0 68 0
0 69 0
0 70 0
0 71 0
0 72 0
0 73 0
0 74 0
0 75 0
0 76 0
0 77 0
0 78 0
0 79 0
0 80 0
0 81 0
0 82 0
0 83 0
0 84 0
0 85 0
0 86 0
0 87 0
0 88 0
0 89 0
0 90 0
0 91 0
0 92 0
0 93 0
0 94 0
0 95 0
0 96 0
0 97 0
0 98 0
0 99 0
0 100 0
0 101 0
0 102 0
0 103 0
0 104 0
0 105 0
0 106 0
0 107 0
0 108 0
0 109 0
0 110 0
0 111 0
0 112 0
0 113 0
0 114 0
0 115 0
0 116 0
0 117 0
0 118 0
0 119 0
0 120 0
0 121 0
0 122 0
0 123 0
0 124 0
0 125 0
0 126 0
0 127 0

1 0 0
1 1 1.00062
1 2 1.00062
1 3 1.00062
1 4 1.00062
1 5 1.00063
1 6 1.00063
1 7 1.00063
1 8 1.00063
1 9 1.00063
1 10 1.00063
1 11 1.00063
1 12 1.00064
1 13 1.00064
1 14 1.00064
1 15 1.00064
1 16 1.00064
1 17 1.00064
1 18 1.00064
1 19 1.00064
1 20 1.00065
1 21 1.00065
1 22 1.00065
1 23 1.00065
1 24 1.00065
1 25 1.00065
1 26 1.00065
1 27 1.00064
1 28 1.00064
1 29 1.00064
1 30 1.00064
1 31 1.00064
1 32 1.00063
1 33 1.00063
1 34 1.00062
1 35 1.00062
1 36 1.00061
1 37 1.00061
1 38 1.0006
1 39 1.00059
1 40 1.00059
1 41 1.00058
1 42 1.00057
1 43 1.00056
1 44 1.00055
1 45 1.00054
1 46 1.00052
1 47 1.00051
1 48 1.0005
1 49 1.00049
1 50 1.00047
1 51 1.00046
1 52 1.00044
1 53 1.00042
1 54 1.00041
1 55 1.00039
1 56 1.00037
1 57 1.00035
1 58 1.00033
1 59 1.00032
1 60 1.0003
1 61 1.00028
1 62 1.00026
1 63 1.00024
1 64 1.00022
1 65 1.0002
1 66 1.00017
1 67 1.00015
1 68 1.00013
1 69 1.00011
1 70 1.00009
1 71 1.00007
1 72 1.00005
1 73 1.00003
1 74 1.00001
1 75 0.999994
1 76 0.999975
1 77 0.999957
1 78 0.999939
1 79 0.999921
1 80 0.999904
1 81 0.999887
1 82 0.999871
1 83 0.999855
1 84 0.99984
1 85 0.999825
1 86 0.999811
1 87 0.999797
1 88 0.999784
1 89 0.999771
1 90 0.999759
1 91 0.999747
1 92 0.999736
1 93 0.999725
1 94 0.999714
1 95 0.999703
1 96 0.999693
1 97 0.999683
1 98 0.999674
1 99 0.999664
1 100 0.999655
1 101 0.999645
1 102 0.999635
1 103 0.999625
1 104 0.999615
1 105 0.999603
1 106 0.999591
1 107 0.99958
1 108 0.999565
1 109 0.999544
1 110 0.999528
1 111 0.999515
1 112 0.999476
1 113 0.999428
1 114 0.99942
1 115 0.999387
1 116 0.999227
1 117 0.99915
1 118 0.999241
1 119 0.998957
1 120 0.998277
1 121 0.998566
1 122 0.998924
1 123 0.996289
1 124 0.994268
1 125 0.996882
1 126 0.994194
1 127 0.97201

2 0 0
2 1 1.00062
2 2 1.00062
2 3 1.00062
2 4 1.00062
2 5 1.00063
2 6 1.00063
2 7 1.00063
2 8 1.00063
2 9 1.00063
2 10 1.00063
2 11 1.00063
2 12 1.00063
2 13 1.00064
2 14 1.00064
2 15 1.00064
2 16 1.00064
2 17 1.00064
2 18 1.00064
2 19 1.00064
2 20 1.00064
2 21 1.00064
2 22 1.00064
2 23 1.00064
2 24 1.00064
2 25 1.00064
2 26 1.00064
2 27 1.00064
2 28 1.00064
2 29 1.00064
2 30 1.00063
2 31 1.00063
2 32 1.00063
2 33 1.00062
2 34 1.00062
2 35 1.00061
2 36 1.00061
2 37 1.0006
2 38 1.0006
2 39 1.00059
2 40 1.00058
2 41 1.00057
2 42 1.00056
2 43 1.00055
2 44 1.00054
2 45 1.00053
2 46 1.00052
2 47 1.00051
2 48 1.00049
2 49 1.00048
2 50 1.00047
2 51 1.00045
2 52 1.00043
2 53 1.00042
2 54 1.0004
2 55 1.00038
2 56 1.00037
2 57 1.00035
2 58 1.00033
2 59 1.00031
2 60 1.00029
2 61 1.00027
2 62 1.00025
2 63 1.00023
2 64 1.00021
2 65 1.00019
2 66 1.00017
2 67 1.00015
2 68 1.00013
2 69 1.00011
2 70 1.00009
2 71 1.00007
2 72 1.00005
2 73 1.00003
2 74 1.00001
2 75 0.999994
2 76 0.999975
2 77 0.999957
2 78 0.999939
2 79 0.999922
2 80 0.999905
2 81 0.999888
2 82 0.999872
2 83 0.999857
2 84 0.999842
2 85 0.999827
2 86 0.999813
2 87 0.999799
2 88 0.999786
2 89 0.999773
2 90 0.999761
2 91 0.999749
2 92 0.999737
2 93 0.999726
2 94 0.999715
2 95 0.999705
2 96 0.999694
2 97 0.999684
2 98 0.999674
2 99 0.999664
2 100 0.999654
2 101 0.999644
2 102 0.999633
2 103 0.999622
2 104 0.99961
2 105 0.999599
2 106 0.999585
2 107 0.999568
2 108 0.999553
2 109 0.999539
2 110 0.99951
2 111 0.999477
2 112 0.999463
2 113 0.999437
2 114 0.999333
2 115 0.999278
2 116 0.999328
2 117 0.999165
2 118 0.998714
2 119 0.998893
2 120 0.999251
2 121 0.997762
2 122 0.996081
2 123 0.999131
2 124 0.999715
2 125 0.985756
2 126 0.985001
2 127 1.01283

3 0 0
3 1 1.00062
3 2 1.00062
3 3 1.00062
3 4 1.00062
3 5 1.00063
3 6 1.00063
3 7 1.00063
3 8 1.00063
3 9 1.00063
3 10 1.00063
3 11 1.00063
3 12 1.00063
3 13 1.00064
3 14 1.00064
3 15 1.00064
3 16 1.00064
3 17 1.00064
3 18 1.00064
3 19 1.00064
3 20 1.00064
3 21 1.00064
3 22 1.00064
3 23 1.00064
3 24 1.00064
3 25 1.00064
3 26 1.00064
3 27 1.00064
3 28 1.00064
3 29 1.00063
3 30 1.00063
3 31 1.00063
3 32 1.00062
3 33 1.00062
3 34 1.00062
3 35 1.00061
3 36 1.00061
3 37 1.0006
3 38 1.00059
3 39 1.00058
3 40 1.00058
3 41 1.00057
3 42 1.00056
3 43 1.00055
3 44 1.00054
3 45 1.00053
3 46 1.00052
3 47 1.0005
3 48 1.00049
3 49 1.00048
3 50 1.00046
3 51 1.00045
3 52 1.00043
3 53 1.00041
3 54 1.0004
3 55 1.00038
3 56 1.00036
3 57 1.00035
3 58 1.00033
3 59 1.00031
3 60 1.00029
3 61 1.00027
3 62 1.00025
3 63 1.00023
3 64 1.00021
3 65 1.00019
3 66 1.00017
3 67 1.00015
3 68 1.00013
3 69 1.00011
3 70 1.00009
3 71 1.00007
3 72 1.00005
3 73 1.00003
3 74 1.00001
3 75 0.999993
3 76 0.999975
3 77 0.999957
3 78 0.999939
3 79 0.999922
3 80 0.999905
3 81 0.999889
3 82 0.999873
3 83 0.999858
3 84 0.999843
3 85 0.999828
3 86 0.999814
3 87 0.999801
3 88 0.999787
3 89 0.999775
3 90 0.999762
3 91 0.99975
3 92 0.999739
3 93 0.999728
3 94 0.999717
3 95 0.999706
3 96 0.999695
3 97 0.999685
3 98 0.999674
3 99 0.999664
3 100 0.999653
3 101 0.999643
3 102 0.999632
3 103 0.99962
3 104 0.999607
3 105 0.999594
3 106 0.999581
3 107 0.999564
3 108 0.999544
3 109 0.999526
3 110 0.999505
3 111 0.999468
3 112 0.99943
3 113 0.999412
3 114 0.999358
3 115 0.999239
3 116 0.999184
3 117 0.999207
3 118 0.998951
3 119 0.998518
3 120 0.998652
3 121 0.998835
3 122 0.997324
3 123 0.995851
3 124 0.99777
3 125 0.997442
3 126 0.990581
3 127 0.999243

4 0 0
4 1 1.00062
4 2 1.00062
4 3 1.00062
4 4 1.00062
4 5 1.00063
4 6 1.00063
4 7 1.00063
4 8 1.00063
4 9 1.00063
4 10 1.00063
4 11 1.00063
4 12 1.00063
4 13 1.00063
4 14 1.00064
4 15 1.00064
4 16 1.00064
4 17 1.00064
4 18 1.00064
4 19 1.00064
4 20 1.00064
4 21 1.00064
4 22 1.00064
4 23 1.00064
4 24 1.00064
4 25 1.00064
4 26 1.00064
4 27 1.00064
4 28 1.00063
4 29 1.00063
4 30 1.00063
4 31 1.00063
4 32 1.00062
4 33 1.00062
4 34 1.00061
4 35 1.00061
4 36 1.0006
4 37 1.0006
4 38 1.00059
4 39 1.00058
4 40 1.00057
4 41 1.00056
4 42 1.00055
4 43 1.00054
4 44 1.00053
4 45 1.00052
4 46 1.00051
4 47 1.0005
4 48 1.00049
4 49 1.00047
4 50 1.00046
4 51 1.00044
4 52 1.00043
4 53 1.00041
4 54 1.00039
4 55 1.00038
4 56 1.00036
4 57 1.00034
4 58 1.00032
4 59 1.0003
4 60 1.00029
4 61 1.00027
4 62 1.00025
4 63 1.00023
4 64 1.00021
4 65 1.00019
4 66 1.00017
4 67 1.00015
4 68 1.00013
4 69 1.00011
4 70 1.00009
4 71 1.00007
4 72 1.00005
4 73 1.00003
4 74 1.00001
4 75 0.999993
4 76 0.999975
4 77 0.999957
4 78 0.999939
4 79 0.999922
4 80 0.999906
4 81 0.999889
4 82 0.999874
4 83 0.999858
4 84 0.999844
4 85 0.999829
4 86 0.999815
4 87 0.999802
4 88 0.999789
4 89 0.999776
4 90 0.999764
4 91 0.999752
4 92 0.99974
4 93 0.999729
4 94 0.999718
4 95 0.999707
4 96 0.999696
4 97 0.999686
4 98 0.999675
4 99 0.999664
4 100 0.999654
4 101 0.999643
4 102 0.999631
4 103 0.999619
4 104 0.999607
4 105 0.999592
4 106 0.999576
4 107 0.999563
4 108 0.999543
4 109 0.999514
4 110 0.999494
4 111 0.999479
4 112 0.999422
4 113 0.999355
4 114 0.999366
4 115 0.999329
4 116 0.999083
4 117 0.998985
4 118 0.999251
4 119 0.998892
4 120 0.997812
4 121 0.998335
4 122 0.999628
4 123 0.996558
4 124 0.993347
4 125 1.00012
4 126 0.999765
4 127 0.994802

5 0 0
5 1 1.00062
5 2 1.00062
5 3 1.00062
5 4 1.00062
5 5 1.00063
5 6 1.00063
5 7 1.00063
5 8 1.00063
5 9 1.00063
5 10 1.00063
5 11 1.00063
5 12 1.00063
5 13 1.00063
5 14 1.00063
5 15 1.00064
5 16 1.00064
5 17 1.00064
5 18 1.00064
5 19 1.00064
5 20 1.00064
5 21 1.00064
5 22 1.00064
5 23 1.00064
5 24 1.00064
5 25 1.00064
5 26 1.00064
5 27 1.00063
5 28 1.00063
5 29 1.00063
5 30 1.00063
5 31 1.00062
5 32 1.00062
5 33 1.00061
5 34 1.00061
5 35 1.0006
5 36 1.0006
5 37 1.00059
5 38 1.00059
5 39 1.00058
5 40 1.00057
5 41 1.00056
5 42 1.00055
5 43 1.00054
5 44 1.00053
5 45 1.00052
5 46 1.00051
5 47 1.0005
5 48 1.00048
5 49 1.00047
5 50 1.00045
5 51 1.00044
5 52 1.00042
5 53 1.00041
5 54 1.00039
5 55 1.00037
5 56 1.00036
5 57 1.00034
5 58 1.00032
5 59 1.0003
5 60 1.00028
5 61 1.00026
5 62 1.00024
5 63 1.00022
5 64 1.0002
5 65 1.00019
5 66 1.00017
5 67 1.00015
5 68 1.00013
5 69 1.00011
5 70 1.00009
5 71 1.00007
5 72 1.00005
5 73 1.00003
5 74 1.00001
5 75 0.999992
5 76 0.999974
5 77 0.999956
5 78 0.999939
5 79 0.999922
5 80 0.999906
5 81 0.99989
5 82 0.999874
5 83 0.999859
5 84 0.999844
5 85 0.99983
5 86 0.999816
5 87 0.999803
5 88 0.99979
5 89 0.999777
5 90 0.999765
5 91 0.999753
5 92 0.999741
5 93 0.99973
5 94 0.999719
5 95 0.999708
5 96 0.999698
5 97 0.999687
5 98 0.999676
5 99 0.999666
5 100 0.999655
5 101 0.999644
5 102 0.999632
5 103 0.999619
5 104 0.999607
5 105 0.999593
5 106 0.999576
5 107 0.999558
5 108 0.999543
5 109 0.999521
5 110 0.999486
5 111 0.999462
5 112 0.999448
5 113 0.999383
5 114 0.999292
5 115 0.999301
5 116 0.99929
5 117 0.999001
5 118 0.998809
5 119 0.999136
5 120 0.998922
5 121 0.997661
5 122 0.997864
5 123 0.999516
5 124 0.997042
5 125 0.99564
5 126 1.0006
5 127 1.00112

6 0 0
6 1 1.00062
6 2 1.00062
6 3 1.00062
6 4 1.00062
6 5 1.00063
6 6 1.00063
6 7 1.00063
6 8 1.00063
6 9 1.00063
6 10 1.00063
6 11 1.00063
6 12 1.00063
6 13 1.00063
6 14 1.00063
6 15 1.00064
6 16 1.00064
6 17 1.00064
6 18 1.00064
6 19 1.00064
6 20 1.00064
6 21 1.00064
6 22 1.00064
6 23 1.00064
6 24 1.00064
6 25 1.00064
6 26 1.00063
6 27 1.00063
6 28 1.00063
6 29 1.00063
6 30 1.00062
6 31 1.00062
6 32 1.00062
6 33 1.00061
6 34 1.00061
6 35 1.0006
6 36 1.0006
6 37 1.00059
6 38 1.00058
6 39 1.00058
6 40 1.00057
6 41 1.00056
6 42 1.00055
6 43 1.00054
6 44 1.00053
6 45 1.00052
6 46 1.00051
6 47 1.00049
6 48 1.00048
6 49 1.00047
6 50 1.00045
6 51 1.00044
6 52 1.00042
6 53 1.0004
6 54 1.00039
6 55 1.00037
6 56 1.00035
6 57 1.00034
6 58 1.00032
6 59 1.0003
6 60 1.00028
6 61 1.00026
6 62 1.00024
6 63 1.00022
6 64 1.0002
6 65 1.00018
6 66 1.00016
6 67 1.00014
6 68 1.00012
6 69 1.0001
6 70 1.00008
6 71 1.00007
6 72 1.00005
6 73 1.00003
6 74 1.00001
6 75 0.99999
6 76 0.999973
6 77 0.999955
6 78 0.999938
6 79 0.999921
6 80 0.999905
6 81 0.999889
6 82 0.999874
6 83 0.999859
6 84 0.999844
6 85 0.99983
6 86 0.999816
6 87 0.999803
6 88 0.99979
6 89 0.999778
6 90 0.999766
6 91 0.999754
6 92 0.999743
6 93 0.999731
6 94 0.999721
6 95 0.99971
6 96 0.999699
6 97 0.999689
6 98 0.999678
6 99 0.999668
6 100 0.999656
6 101 0.999645
6 102 0.999634
6 103 0.999622
6 104 0.999608
6 105 0.999595
6 106 0.999581
6 107 0.999561
6 108 0.99954
6 109 0.999528
6 110 0.999503
6 111 0.999454
6 112 0.999431
6 113 0.999435
6 114 0.999344
6 115 0.999207
6 116 0.99927
6 117 0.999307
6 118 0.998855
6 119 0.998621
6 120 0.999248
6 121 0.998958
6 122 0.997246
6 123 0.998156
6 124 0.999903
6 125 0.997591
6 126 0.998939
6 127 1.00019

7 0 0
7 1 1.00062
7 2 1.00062
7 3 1.00062
7 4 1.00062
7 5 1.00063
7 6 1.00063
7 7 1.00063
7 8 1.00063
7 9 1.00063
7 10 1.00063
7 11 1.00063
7 12 1.00063
7 13 1.00063
7 14 1.00063
7 15 1.00063
7 16 1.00064
7 17 1.00064
7 18 1.00064
7 19 1.00064
7 20 1.00064
7 21 1.00064
7 22 1.00064
7 23 1.00064
7 24 1.00064
7 25 1.00063
7 26 1.00063
7 27 1.00063
7 28 1.00063
7 29 1.00063
7 30 1.00062
7 31 1.00062
7 32 1.00062
7 33 1.00061
7 34 1.00061
7 35 1.0006
7 36 1.00059
7 37 1.00059
7 38 1.00058
7 39 1.00057
7 40 1.00057
7 41 1.00056
7 42 1.00055
7 43 1.00054
7 44 1.00053
7 45 1.00051
7 46 1.0005
7 47 1.00049
7 48 1.00048
7 49 1.00046
7 50 1.00045
7 51 1.00043
7 52 1.00042
7 53 1.0004
7 54 1.00039
7 55 1.00037
7 56 1.00035
7 57 1.00033
7 58 1.00031
7 59 1.0003
7 60 1.00028
7 61 1.00026
7 62 1.00024
7 63 1.00022
7 64 1.0002
7 65 1.00018
7 66 1.00016
7 67 1.00014
7 68 1.00012
7 69 1.0001
7 70 1.00008
7 71 1.00006
7 72 1.00004
7 73 1.00003
7 74 1.00001
7 75 0.999989
7 76 0.999971
7 77 0.999953
7 78 0.999937
7 79 0.99992
7 80 0.999904
7 81 0.999888
7 82 0.999873
7 83 0.999858
7 84 0.999844
7 85 0.99983
7 86 0.999816
7 87 0.999803
7 88 0.999791
7 89 0.999778
7 90 0.999767
7 91 0.999755
7 92 0.999744
7 93 0.999733
7 94 0.999722
7 95 0.999712
7 96 0.999701
7 97 0.999691
7 98 0.999681
7 99 0.99967
7 100 0.99966
7 101 0.999649
7 102 0.999637
7 103 0.999626
7 104 0.999613
7 105 0.999598
7 106 0.999585
7 107 0.999572
7 108 0.999549
7 109 0.999525
7 110 0.999515
7 111 0.999493
7 112 0.999431
7 113 0.999399
7 114 0.999426
7 115 0.999338
7 116 0.999141
7 117 0.999209
7 118 0.999348
7 119 0.998868
7 120 0.998473
7 121 0.999212
7 122 0.99912
7 123 0.99767
7 124 0.998681
7 125 0.999835
7 126 0.999113
7 127 0.999325

8 0 0
8 1 1.00062
8 2 1.00062
8 3 1.00062
8 4 1.00062
8 5 1.00063
8 6 1.00063
8 7 1.00063
8 8 1.00063
8 9 1.00063
8 10 1.00063
8 11 1.00063
8 12 1.00063
8 13 1.00063
8 14 1.00063
8 15 1.00063
8 16 1.00064
8 17 1.00064
8 18 1.00064
8 19 1.00064
8 20 1.00064
8 21 1.00064
8 22 1.00064
8 23 1.00064
8 24 1.00063
8 25 1.00063
8 26 1.00063
8 27 1.00063
8 28 1.00063
8 29 1.00062
8 30 1.00062
8 31 1.00062
8 32 1.00061
8 33 1.00061
8 34 1.0006
8 35 1.0006
8 36 1.00059
8 37 1.00059
8 38 1.00058
8 39 1.00057
8 40 1.00056
8 41 1.00055
8 42 1.00055
8 43 1.00053
8 44 1.00052
8 45 1.00051
8 46 1.0005
8 47 1.00049
8 48 1.00047
8 49 1.00046
8 50 1.00045
8 51 1.00043
8 52 1.00042
8 53 1.0004
8 54 1.00038
8 55 1.00037
8 56 1.00035
8 57 1.00033
8 58 1.00031
8 59 1.00029
8 60 1.00027
8 61 1.00025
8 62 1.00024
8 63 1.00022
8 64 1.0002
8 65 1.00018
8 66 1.00016
8 67 1.00014
8 68 1.00012
8 69 1.0001
8 70 1.00008
8 71 1.00006
8 72 1.00004
8 73 1.00002
8 74 1
8 75 0.999986
8 76 0.999968
8 77 0.999951
8 78 0.999934
8 79 0.999918
8 80 0.999902
8 81 0.999887
8 82 0.999872
8 83 0.999857
8 84 0.999843
8 85 0.999829
8 86 0.999816
8 87 0.999803
8 88 0.999791
8 89 0.999779
8 90 0.999767
8 91 0.999756
8 92 0.999745
8 93 0.999734
8 94 0.999724
8 95 0.999714
8 96 0.999704
8 97 0.999694
8 98 0.999684
8 99 0.999674
8 100 0.999664
8 101 0.999654
8 102 0.999642
8 103 0.999631
8 104 0.999621
8 105 0.999608
8 106 0.999591
8 107 0.999579
8 108 0.999568
8 109 0.999542
8 110 0.999514
8 111 0.999511
8 112 0.999492
8 113 0.999412
8 114 0.999379
8 115 0.999437
8 116 0.999335
8 117 0.999094
8 118 0.999209
8 119 0.999394
8 120 0.998841
8 121 0.998555
8 122 0.99937
8 123 0.999076
8 124 0.99843
8 125 0.999543
8 126 0.999568
8 127 0.999692

9 0 0
9 1 1.00062
9 2 1.00062
9 3 1.00062
9 4 1.00062
9 5 1.00063
9 6 1.00063
9 7 1.00063
9 8 1.00063
9 9 1.00063
9 10 1.00063
9 11 1.00063
9 12 1.00063
9 13 1.00063
9 14 1.00063
9 15 1.00063
9 16 1.00064
9 17 1.00064
9 18 1.00064
9 19 1.00064
9 20 1.00064
9 21 1.00064
9 22 1.00064
9 23 1.00063
9 24 1.00063
9 25 1.00063
9 26 1.00063
9 27 1.00063
9 28 1.00063
9 29 1.00062
9 30 1.00062
9 31 1.00062
9 32 1.00061
9 33 1.00061
9 34 1.0006
9 35 1.0006
9 36 1.00059
9 37 1.00059
9 38 1.00058
9 39 1.00057
9 40 1.00056
9 41 1.00055
9 42 1.00054
9 43 1.00053
9 44 1.00052
9 45 1.00051
9 46 1.0005
9 47 1.00049
9 48 1.00047
9 49 1.00046
9 50 1.00044
9 51 1.00043
9 52 1.00041
9 53 1.0004
9 54 1.00038
9 55 1.00036
9 56 1.00034
9 57 1.00033
9 58 1.00031
9 59 1.00029
9 60 1.00027
9 61 1.00025
9 62 1.00023
9 63 1.00021
9 64 1.00019
9 65 1.00017
9 66 1.00015
9 67 1.00013
9 68 1.00011
9 69 1.00009
9 70 1.00008
9 71 1.00006
9 72 1.00004
9 73 1.00002
9 74 1
9 75 0.999983
9 76 0.999965
9 77 0.999948
9 78 0.999932
9 79 0.999915
9 80 0.9999
9 81 0.999884
9 82 0.99987
9 83 0.999855
9 84 0.999841
9 85 0.999828
9 86 0.999815
9 87 0.999802
9 88 0.99979
9 89 0.999779
9 90 0.999767
9 91 0.999757
9 92 0.999746
9 93 0.999736
9 94 0.999726
9 95 0.999716
9 96 0.999707
9 97 0.999697
9 98 0.999688
9 99 0.999679
9 100 0.999669
9 101 0.99966
9 102 0.99965
9 103 0.999639
9 104 0.999628
9 105 0.999619
9 106 0.999607
9 107 0.999589
9 108 0.999577
9 109 0.999571
9 110 0.999543
9 111 0.999508
9 112 0.999512
9 113 0.999507
9 114 0.99941
9 115 0.999363
9 116 0.99946
9 117 0.999376
9 118 0.999084
9 119 0.999211
9 120 0.999466
9 121 0.998949
9 122 0.998779
9 123 0.999495
9 124 0.999314
9 125 0.999128
9 126 0.999696
9 127 1.00008

10 0 0
10 1 1.00062
10 2 1.00062
10 3 1.00062
10 4 1.00063
10 5 1.00063
10 6 1.00063
10 7 1.00063
10 8 1.00063
10 9 1.00063
10 10 1.00063
10 11 1.00063
10 12 1.00063
10 13 1.00063
10 14 1.00063
10 15 1.00063
10 16 1.00064
10 17 1.00064
10 18 1.00064
10 19 1.00064
10 20 1.00064
10 21 1.00064
10 22 1.00064
10 23 1.00063
10 24 1.00063
10 25 1.00063
10 26 1.00063
10 27 1.00063
10 28 1.00063
10 29 1.00062
10 30 1.00062
10 31 1.00062
10 32 1.00061
10 33 1.00061
10 34 1.0006
10 35 1.0006
10 36 1.00059
10 37 1.00058
10 38 1.00058
10 39 1.00057
10 40 1.00056
10 41 1.00055
10 42 1.00054
10 43 1.00053
10 44 1.00052
10 45 1.00051
10 46 1.0005
10 47 1.00048
10 48 1.00047
10 49 1.00046
10 50 1.00044
10 51 1.00043
10 52 1.00041
10 53 1.00039
10 54 1.00038
10 55 1.00036
10 56 1.00034
10 57 1.00032
10 58 1.00031
10 59 1.00029
10 60 1.00027
10 61 1.00025
10 62 1.00023
10 63 1.00021
10 64 1.00019
10 65 1.00017
10 66 1.00015
10 67 1.00013
10 68 1.00011
10 69 1.00009
10 70 1.00007
10 71 1.00005
10 72 1.00003
10 73 1.00001
10 74 0.999997
10 75 0.999979
10 76 0.999962
10 77 0.999945
10 78 0.999928
10 79 0.999912
10 80 0.999896
10 81 0.999881
10 82 0.999867
10 83 0.999853
10 84 0.999839
10 85 0.999826
10 86 0.999813
10 87 0.999801
10 88 0.99979
10 89 0.999778
10 90 0.999768
10 91 0.999757
10 92 0.999747
10 93 0.999737
10 94 0.999728
10 95 0.999719
10 96 0.99971
10 97 0.999701
10 98 0.999693
10 99 0.999684
10 100 0.999676
10 101 0.999667
10 102 0.999658
10 103 0.99965
10 104 0.99964
10 105 0.999629
10 106 0.999622
10 107 0.999611
10 108 0.999592
10 109 0.999582
10 110 0.999581
10 111 0.999553
10 112 0.999512
10 113 0.999526
10 114 0.999531
10 115 0.999424
10 116 0.999375
10 117 0.999494
10 118 0.999411
10 119 0.999139
10 120 0.999306
10 121 0.99949
10 122 0.9991
10 123 0.999196
10 124 0.999625
10 125 0.999508
10 126 0.999768
10 127 0.999961

11 0 0
11 1 1.00062
11 2 1.00062
11 3 1.00062
11 4 1.00063
11 5 1.00063
11 6 1.00063
11 7 1.00063
11 8 1.00063
11 9 1.00063
11 10 1.00063
11 11 1.00063
11 12 1.00063
11 13 1.00063
11 14 1.00063
11 15 1.00064
11 16 1.00064
11 17 1.00064
11 18 1.00064
11 19 1.00064
11 20 1.00064
11 21 1.00064
11 22 1.00064
11 23 1.00063
11 24 1.00063
11 25 1.00063
11 26 1.00063
11 27 1.00063
11 28 1.00063
11 29 1.00062
11 30 1.00062
11 31 1.00062
11 32 1.00061
11 33 1.00061
11 34 1.0006
11 35 1.0006
11 36 1.00059
11 37 1.00058
11 38 1.00058
11 39 1.00057
11 40 1.00056
11 41 1.00055
11 42 1.00054
11 43 1.00053
11 44 1.00052
11 45 1.00051
11 46 1.00049
11 47 1.00048
11 48 1.00047
11 49 1.00045
11 50 1.00044
11 51 1.00042
11 52 1.00041
11 53 1.00039
11 54 1.00037
11 55 1.00036
11 56 1.00034
11 57 1.00032
11 58 1.0003
11 59 1.00028
11 60 1.00026
11 61 1.00024
11 62 1.00022
11 63 1.0002
11 64 1.00018
11 65 1.00016
11 66 1.00014
11 67 1.00012
11 68 1.00011
11 69 1.00009
11 70 1.00007
11 71 1.00005
11 72 1.00003
11 73 1.00001
11 74 0.999992
11 75 0.999974
11 76 0.999957
11 77 0.99994
11 78 0.999924
11 79 0.999908
11 80 0.999893
11 81 0.999878
11 82 0.999863
11 83 0.99985
11 84 0.999836
11 85 0.999823
11 86 0.999811
11 87 0.999799
11 88 0.999788
11 89 0.999778
11 90 0.999767
11 91 0.999757
11 92 0.999748
11 93 0.999739
11 94 0.99973
11 95 0.999722
11 96 0.999714
11 97 0.999706
11 98 0.999698
11 99 0.999691
11 100 0.999683
11 101 0.999676
11 102 0.999668
11 103 0.999661
11 104 0.999655
11 105 0.999645
11 106 0.999635
11 107 0.999631
11 108 0.999623
11 109 0.999603
11 110 0.999594
11 111 0.999602
11 112 0.999575
11 113 0.999527
11 114 0.99955
11 115 0.999572
11 116 0.999457
11 117 0.999407
11 118 0.999549
11 119 0.999472
11 120 0.999239
11 121 0.999434
11 122 0.999576
11 123 0.999334
11 124 0.999515
11 125 0.999796
11 126 0.999907
11 127 1.00002

12 0 0
12 1 1.00062
12 2 1.00062
12 3 1.00062
12 4 1.00063
12 5 1.00063
12 6 1.00063
12 7 1.00063
12 8 1.00063
12 9 1.00063
12 10 1.00063
12 11 1.00063
12 12 1.00063
12 13 1.00063
12 14 1.00063
12 15 1.00064
12 16 1.00064
12 17 1.00064
12 18 1.00064
12 19 1.00064
12 20 1.00064
12 21 1.00064
12 22 1.00064
12 23 1.00063
12 24 1.00063
12 25 1.00063
12 26 1.00063
12 27 1.00063
12 28 1.00063
12 29 1.00062
12 30 1.00062
12 31 1.00062
12 32 1.00061
12 33 1.00061
12 34 1.0006
12 35 1.0006
12 36 1.00059
12 37 1.00058
12 38 1.00058
12 39 1.00057
12 40 1.00056
12 41 1.00055
12 42 1.00054
12 43 1.00053
12 44 1.00052
12 45 1.00051
12 46 1.00049
12 47 1.00048
12 48 1.00047
12 49 1.00045
12 50 1.00044
12 51 1.00042
12 52 1.0004
12 53 1.00039
12 54 1.00037
12 55 1.00035
12 56 1.00033
12 57 1.00032
12 58 1.0003
12 59 1.00028
12 60 1.00026
12 61 1.00024
12 62 1.00022
12 63 1.0002
12 64 1.00018
12 65 1.00016
12 66 1.00014
12 67 1.00012
12 68 1.0001
12 69 1.00008
12 70 1.00006
12 71 1.00004
12 72 1.00002
12 73 1
12 74 0.999986
12 75 0.999969
12 76 0.999951
12 77 0.999935
12 78 0.999918
12 79 0.999903
12 80 0.999888
12 81 0.999873
12 82 0.999859
12 83 0.999845
12 84 0.999833
12 85 0.99982
12 86 0.999808
12 87 0.999797
12 88 0.999786
12 89 0.999776
12 90 0.999767
12 91 0.999757
12 92 0.999749
12 93 0.99974
12 94 0.999732
12 95 0.999725
12 96 0.999718
12 97 0.999711
12 98 0.999704
12 99 0.999698
12 100 0.999692
12 101 0.999686
12 102 0.99968
12 103 0.999673
12 104 0.999668
12 105 0.999664
12 106 0.999656
12 107 0.999647
12 108 0.999647
12 109 0.999643
12 110 0.999622
12 111 0.999615
12 112 0.999631
12 113 0.999607
12 114 0.999557
12 115 0.999588
12 116 0.999618
12 117 0.99951
12 118 0.999477
12 119 0.999609
12 120 0.999537
12 121 0.999408
12 122 0.999593
12 123 0.999657
12 124 0.999632
12 125 0.999834
12 126 0.99999
12 127 1.00014

13 0 0
13 1 1.00062
13 2 1.00062
13 3 1.00062
13 4 1.00063
13 5 1.00063
13 6 1.00063
13 7 1.00063
13 8 1.00063
13 9 1.00063
13 10 1.00063
13 11 1.00063
13 12 1.00063
13 13 1.00063
13 14 1.00064
13 15 1.00064
13 16 1.00064
13 17 1.00064
13 18 1.00064
13 19 1.00064
13 20 1.00064
13 21 1.00064
13 22 1.00064
13 23 1.00064
13 24 1.00063
13 25 1.00063
13 26 1.00063
13 27 1.00063
13 28 1.00063
13 29 1.00062
13 30 1.00062
13 31 1.00062
13 32 1.00061
13 33 1.00061
13 34 1.0006
13 35 1.0006
13 36 1.00059
13 37 1.00058
13 38 1.00057
13 39 1.00057
13 40 1.00056
13 41 1.00055
13 42 1.00054
13 43 1.00053
13 44 1.00052
13 45 1.0005
13 46 1.00049
13 47 1.00048
13 48 1.00046
13 49 1.00045
13 50 1.00043
13 51 1.00042
13 52 1.0004
13 53 1.00038
13 54 1.00037
13 55 1.00035
13 56 1.00033
13 57 1.00031
13 58 1.00029
13 59 1.00027
13 60 1.00025
13 61 1.00023
13 62 1.00021
13 63 1.00019
13 64 1.00017
13 65 1.00015
13 66 1.00013
13 67 1.00011
13 68 1.00009
13 69 1.00007
13 70 1.00005
13 71 1.00003
13 72 1.00002
13 73 0.999997
13 74 0.999979
13 75 0.999962
13 76 0.999945
13 77 0.999928
13 78 0.999912
13 79 0.999897
13 80 0.999882
13 81 0.999867
13 82 0.999854
13 83 0.999841
13 84 0.999828
13 85 0.999816
13 86 0.999805
13 87 0.999794
13 88 0.999784
13 89 0.999774
13 90 0.999765
13 91 0.999757
13 92 0.999749
13 93 0.999741
13 94 0.999734
13 95 0.999728
13 96 0.999722
13 97 0.999716
13 98 0.999711
13 99 0.999706
13 100 0.999701
13 101 0.999696
13 102 0.999693
13 103 0.999689
13 104 0.999684
13 105 0.999681
13 106 0.99968
13 107 0.999674
13 108 0.999666
13 109 0.999671
13 110 0.999671
13 111 0.99965
13 112 0.999646
13 113 0.999671
13 114 0.999651
13 115 0.999601
13 116 0.999641
13 117 0.999675
13 118 0.999577
13 119 0.999571
13 120 0.999691
13 121 0.999629
13 122 0.99959
13 123 0.999756
13 124 0.999829
13 125 0.999896
13 126 1.00005
13 127 1.0002

14 0 0
14 1 1.00062
14 2 1.00062
14 3 1.00063
14 4 1.00063
14 5 1.00063
14 6 1.00063
14 7 1.00063
14 8 1.00063
14 9 1.00063
14 10 1.00063
14 11 1.00063
14 12 1.00063
14 13 1.00064
14 14 1.00064
14 15 1.00064
14 16 1.00064
14 17 1.00064
14 18 1.00064
14 19 1.00064
14 20 1.00064
14 21 1.00064
14 22 1.00064
14 23 1.00064
14 24 1.00063
14 25 1.00063
14 26 1.00063
14 27 1.00063
14 28 1.00063
14 29 1.00062
14 30 1.00062
14 31 1.00062
14 32 1.00061
14 33 1.00061
14 34 1.0006
14 35 1.0006
14 36 1.00059
14 37 1.00058
14 38 1.00057
14 39 1.00057
14 40 1.00056
14 41 1.00055
14 42 1.00054
14 43 1.00053
14 44 1.00051
14 45 1.0005
14 46 1.00049
14 47 1.00048
14 48 1.00046
14 49 1.00045
14 50 1.00043
14 51 1.00041
14 52 1.0004
14 53 1.00038
14 54 1.00036
14 55 1.00034
14 56 1.00033
14 57 1.00031
14 58 1.00029
14 59 1.00027
14 60 1.00025
14 61 1.00023
14 62 1.00021
14 63 1.00019
14 64 1.00017
14 65 1.00015
14 66 1.00013
14 67 1.00011
14 68 1.00009
14 69 1.00007
14 70 1.00005
14 71 1.00003
14 72 1.00001
14 73 0.99999
14 74 0.999972
14 75 0.999954
14 76 0.999937
14 77 0.999921
14 78 0.999905
14 79 0.99989
14 80 0.999875
14 81 0.999861
14 82 0.999847
14 83 0.999835
14 84 0.999823
14 85 0.999811
14 86 0.9998
14 87 0.99979
14 88 0.999781
14 89 0.999772
14 90 0.999764
14 91 0.999756
14 92 0.999749
14 93 0.999742
14 94 0.999736
14 95 0.999731
14 96 0.999726
14 97 0.999721
14 98 0.999717
14 99 0.999714
14 100 0.999711
14 101 0.999708
14 102 0.999705
14 103 0.999704
14 104 0.999703
14 105 0.9997
14 106 0.9997
14 107 0.999703
14 108 0.999699
14 109 0.999693
14 110 0.999702
14 111 0.999707
14 112 0.999689
14 113 0.999688
14 114 0.999719
14 115 0.999703
14 116 0.999662
14 117 0.999706
14 118 0.999736
14 119 0.999665
14 120 0.999688
14 121 0.999776
14 122 0.999754
14 123 0.999794
14 124 0.999922
14 125 1.00001
14 126 1.00012
14 127 1.00023

15 0 0
15 1 1.00062
15 2 1.00062
15 3 1.00063
15 4 1.00063
15 5 1.00063
15 6 1.00063
15 7 1.00063
15 8 1.00063
15 9 1.00063
15 10 1.00063
15 11 1.00063
15 12 1.00064
15 13 1.00064
15 14 1.00064
15 15 1.00064
15 16 1.00064
15 17 1.00064
15 18 1.00064
15 19 1.00064
15 20 1.00064
15 21 1.00064
15 22 1.00064
15 23 1.00064
15 24 1.00064
15 25 1.00063
15 26 1.00063
15 27 1.00063
15 28 1.00063
15 29 1.00062
15 30 1.00062
15 31 1.00062
15 32 1.00061
15 33 1.00061
15 34 1.0006
15 35 1.0006
15 36 1.00059
15 37 1.00058
15 38 1.00057
15 39 1.00057
15 40 1.00056
15 41 1.00055
15 42 1.00054
15 43 1.00052
15 44 1.00051
15 45 1.0005
15 46 1.00049
15 47 1.00047
15 48 1.00046
15 49 1.00044
15 50 1.00043
15 51 1.00041
15 52 1.00039
15 53 1.00038
15 54 1.00036
15 55 1.00034
15 56 1.00032
15 57 1.0003
15 58 1.00028
15 59 1.00026
15 60 1.00024
15 61 1.00022
15 62 1.0002
15 63 1.00018
15 64 1.00016
15 65 1.00014
15 66 1.00012
15 67 1.0001
15 68 1.00008
15 69 1.00006
15 70 1.00004
15 71 1.00002
15 72 0.999999
15 73 0.999981
15 74 0.999963
15 75 0.999945
15 76 0.999928
15 77 0.999912
15 78 0.999896
15 79 0.999881
15 80 0.999867
15 81 0.999853
15 82 0.99984
15 83 0.999828
15 84 0.999816
15 85 0.999805
15 86 0.999795
15 87 0.999786
15 88 0.999777
15 89 0.999769
15 90 0.999761
15 91 0.999754
15 92 0.999748
15 93 0.999743
15 94 0.999738
15 95 0.999733
15 96 0.99973
15 97 0.999727
15 98 0.999724
15 99 0.999722
15 100 0.999721
15 101 0.99972
15 102 0.999719
15 103 0.999719
15 104 0.999721
15 105 0.999722
15 106 0.999721
15 107 0.999724
15 108 0.999732
15 109 0.999731
15 110 0.999728
15 111 0.999741
15 112 0.999752
15 113 0.999736
15 114 0.99974
15 115 0.999775
15 116 0.999763
15 117 0.999735
15 118 0.999784
15 119 0.999807
15 120 0.999766
15 121 0.999812
15 122 0.999885
15 123 0.999901
15 124 0.999979
15 125 1.00009
15 126 1.00019
15 127 1.00029

16 0 0
16 1 1.00062
16 2 1.00063
16 3 1.00063
16 4 1.00063
16 5 1.00063
16 6 1.00063
16 7 1.00063
16 8 1.00063
16 9 1.00063
16 10 1.00063
16 11 1.00064
16 12 1.00064
16 13 1.00064
16 14 1.00064
16 15 1.00064
16 16 1.00064
16 17 1.00064
16 18 1.00064
16 19 1.00064
16 20 1.00064
16 21 1.00064
16 22 1.00064
16 23 1.00064
16 24 1.00064
16 25 1.00063
16 26 1.00063
16 27 1.00063
16 28 1.00063
16 29 1.00062
16 30 1.00062
16 31 1.00062
16 32 1.00061
16 33 1.00061
16 34 1.0006
16 35 1.0006
16 36 1.00059
16 37 1.00058
16 38 1.00057
16 39 1.00056
16 40 1.00055
16 41 1.00054
16 42 1.00053
16 43 1.00052
16 44 1.00051
16 45 1.0005
16 46 1.00048
16 47 1.00047
16 48 1.00045
16 49 1.00044
16 50 1.00042
16 51 1.00041
16 52 1.00039
16 53 1.00037
16 54 1.00035
16 55 1.00033
16 56 1.00031
16 57 1.00029
16 58 1.00027
16 59 1.00025
16 60 1.00023
16 61 1.00021
16 62 1.00019
16 63 1.00017
16 64 1.00015
16 65 1.00013
16 66 1.00011
16 67 1.00009
16 68 1.00007
16 69 1.00005
16 70 1.00003
16 71 1.00001
16 72 0.999989
16 73 0.999971
16 74 0.999953
16 75 0.999935
16 76 0.999918
16 77 0.999902
16 78 0.999887
16 79 0.999872
16 80 0.999858
16 81 0.999844
16 82 0.999832
16 83 0.99982
16 84 0.999809
16 85 0.999798
16 86 0.999789
16 87 0.99978
16 88 0.999772
16 89 0.999764
16 90 0.999758
16 91 0.999752
16 92 0.999747
16 93 0.999742
16 94 0.999739
16 95 0.999736
16 96 0.999733
16 97 0.999732
16 98 0.999731
16 99 0.999731
16 100 0.999731
16 101 0.999732
16 102 0.999734
16 103 0.999736
16 104 0.999738
16 105 0.999743
16 106 0.999748
16 107 0.99975
16 108 0.999756
16 109 0.999768
16 110 0.99977
16 111 0.99977
16 112 0.999788
16 113 0.999803
16 114 0.999792
16 115 0.999802
16 116 0.999837
16 117 0.99983
16 118 0.999819
16 119 0.999867
16 120 0.999888
16 121 0.999882
16 122 0.99994
16 123 1
16 124 1.00006
16 125 1.00015
16 126 1.00025
16 127 1.00034

17 0 0
17 1 1.00062
17 2 1.00063
17 3 1.00063
17 4 1.00063
17 5 1.00063
17 6 1.00063
17 7 1.00063
17 8 1.00063
17 9 1.00063
17 10 1.00064
17 11 1.00064
17 12 1.00064
17 13 1.00064
17 14 1.00064
17 15 1.00064
17 16 1.00064
17 17 1.00064
17 18 1.00064
17 19 1.00064
17 20 1.00064
17 21 1.00064
17 22 1.00064
17 23 1.00064
17 24 1.00064
17 25 1.00064
17 26 1.00063
17 27 1.00063
17 28 1.00063
17 29 1.00062
17 30 1.00062
17 31 1.00062
17 32 1.00061
17 33 1.00061
17 34 1.0006
17 35 1.0006
17 36 1.00059
17 37 1.00058
17 38 1.00057
17 39 1.00056
17 40 1.00055
17 41 1.00054
17 42 1.00053
17 43 1.00052
17 44 1.00051
17 45 1.00049
17 46 1.00048
17 47 1.00047
17 48 1.00045
17 49 1.00044
17 50 1.00042
17 51 1.0004
17 52 1.00038
17 53 1.00037
17 54 1.00035
17 55 1.00033
17 56 1.00031
17 57 1.00029
17 58 1.00027
17 59 1.00025
17 60 1.00023
17 61 1.0002
17 62 1.00018
17 63 1.00016
17 64 1.00014
17 65 1.00012
17 66 1.0001
17 67 1.00008
17 68 1.00006
17 69 1.00004
17 70 1.00002
17 71 0.999997
17 72 0.999978
17 73 0.999959
17 74 0.999941
17 75 0.999924
17 76 0.999907
17 77 0.999891
17 78 0.999876
17 79 0.999861
17 80 0.999847
17 81 0.999834
17 82 0.999822
17 83 0.999811
17 84 0.9998
17 85 0.99979
17 86 0.999781
17 87 0.999773
17 88 0.999766
17 89 0.999759
17 90 0.999754
17 91 0.999749
17 92 0.999745
17 93 0.999742
17 94 0.999739
17 95 0.999738
17 96 0.999737
17 97 0.999736
17 98 0.999737
17 99 0.999739
17 100 0.999741
17 101 0.999743
17 102 0.999747
17 103 0.999753
17 104 0.999757
17 105 0.999762
17 106 0.999771
17 107 0.999779
17 108 0.999784
17 109 0.999794
17 110 0.99981
17 111 0.999816
17 112 0.99982
17 113 0.999842
17 114 0.999859
17 115 0.999854
17 116 0.999871
17 117 0.999905
17 118 0.999903
17 119 0.999909
17 120 0.999956
17 121 0.99998
17 122 1
17 123 1.00007
17 124 1.00014
17 125 1.00021
17 126 1.0003
17 127 1.00038

18 0 0
18 1 1.00063
18 2 1.00063
18 3 1.00063
18 4 1.00063
18 5 1.00063
18 6 1.00063
18 7 1.00063
18 8 1.00063
18 9 1.00064
18 10 1.00064
18 11 1.00064
18 12 1.00064
18 13 1.00064
18 14 1.00064
18 15 1.00064
18 16 1.00064
18 17 1.00064
18 18 1.00064
18 19 1.00064
18 20 1.00064
18 21 1.00064
18 22 1.00064
18 23 1.00064
18 24 1.00064
18 25 1.00064
18 26 1.00063
18 27 1.00063
18 28 1.00063
18 29 1.00063
18 30 1.00062
18 31 1.00062
18 32 1.00061
18 33 1.00061
18 34 1.0006
18 35 1.00059
18 36 1.00059
18 37 1.00058
18 38 1.00057
18 39 1.00056
18 40 1.00055
18 41 1.00054
18 42 1.00053
18 43 1.00052
18 44 1.00051
18 45 1.00049
18 46 1.00048
18 47 1.00046
18 48 1.00045
18 49 1.00043
18 50 1.00041
18 51 1.0004
18 52 1.00038
18 53 1.00036
18 54 1.00034
18 55 1.00032
18 56 1.0003
18 57 1.00028
18 58 1.00026
18 59 1.00024
18 60 1.00022
18 61 1.00019
18 62 1.00017
18 63 1.00015
18 64 1.00013
18 65 1.00011
18 66 1.00009
18 67 1.00007
18 68 1.00004
18 69 1.00002
18 70 1
18 71 0.999984
18 72 0.999965
18 73 0.999946
18 74 0.999928
18 75 0.999911
18 76 0.999894
18 77 0.999878
18 78 0.999863
18 79 0.999849
18 80 0.999835
18 81 0.999823
18 82 0.999811
18 83 0.9998
18 84 0.99979
18 85 0.999781
18 86 0.999773
18 87 0.999765
18 88 0.999759
18 89 0.999753
18 90 0.999749
18 91 0.999745
18 92 0.999742
18 93 0.99974
18 94 0.999739
18 95 0.999738
18 96 0.999739
18 97 0.999741
18 98 0.999743
18 99 0.999746
18 100 0.99975
18 101 0.999755
18 102 0.999761
18 103 0.999768
18 104 0.999776
18 105 0.999784
18 106 0.999792
18 107 0.999804
18 108 0.999816
18 109 0.999824
18 110 0.999838
18 111 0.999857
18 112 0.999867
18 113 0.999875
18 114 0.999901
18 115 0.99992
18 116 0.999922
18 117 0.999944
18 118 0.999976
18 119 0.999983
18 120 1
18 121 1.00005
18 122 1.00008
18 123 1.00013
18 124 1.00019
18 125 1.00027
18 126 1.00034
18 127 1.00042

19 0 0
19 1 1.00063
19 2 1.00063
19 3 1.00063
19 4 1.00063
19 5 1.00063
19 6 1.00063
19 7 1.00063
19 8 1.00064
19 9 1.00064
19 10 1.00064
19 11 1.00064
19 12 1.00064
19 13 1.00064
19 14 1.00064
19 15 1.00064
19 16 1.00064
19 17 1.00064
19 18 1.00064
19 19 1.00064
19 20 1.00064
19 21 1.00064
19 22 1.00064
19 23 1.00064
19 24 1.00064
19 25 1.00064
19 26 1.00063
19 27 1.00063
19 28 1.00063
19 29 1.00063
19 30 1.00062
19 31 1.00062
19 32 1.00061
19 33 1.00061
19 34 1.0006
19 35 1.00059
19 36 1.00059
19 37 1.00058
19 38 1.00057
19 39 1.00056
19 40 1.00055
19 41 1.00054
19 42 1.00053
19 43 1.00052
19 44 1.0005
19 45 1.00049
19 46 1.00047
19 47 1.00046
19 48 1.00044
19 49 1.00043
19 50 1.00041
19 51 1.00039
19 52 1.00037
19 53 1.00035
19 54 1.00033
19 55 1.00031
19 56 1.00029
19 57 1.00027
19 58 1.00025
19 59 1.00023
19 60 1.00021
19 61 1.00018
19 62 1.00016
19 63 1.00014
19 64 1.00012
19 65 1.0001
19 66 1.00007
19 67 1.00005
19 68 1.00003
19 69 1.00001
19 70 0.99999
19 71 0.99997
19 72 0.999951
19 73 0.999932
19 74 0.999914
19 75 0.999897
19 76 0.99988
19 77 0.999864
19 78 0.99985
19 79 0.999835
19 80 0.999822
19 81 0.99981
19 82 0.999799
19 83 0.999788
19 84 0.999779
19 85 0.99977
19 86 0.999763
19 87 0.999756
19 88 0.999751
19 89 0.999746
19 90 0.999742
19 91 0.99974
19 92 0.999738
19 93 0.999737
19 94 0.999737
19 95 0.999739
19 96 0.999741
19 97 0.999744
19 98 0.999748
19 99 0.999753
19 100 0.999759
19 101 0.999766
19 102 0.999774
19 103 0.999782
19 104 0.999792
19 105 0.999804
19 106 0.999815
19 107 0.999826
19 108 0.999843
19 109 0.999858
19 110 0.999869
19 111 0.999887
19 112 0.999909
19 113 0.999923
19 114 0.999936
19 115 0.999963
19 116 0.999983
19 117 0.999993
19 118 1.00002
19 119 1.00005
19 120 1.00007
19 121 1.0001
19 122 1.00014
19 123 1.00019
19 124 1.00025
19 125 1.00031
19 126 1.00039
19 127 1.00046

20 0 0
20 1 1.00063
20 2 1.00063
20 3 1.00063
20 4 1.00063
20 5 1.00063
20 6 1.00063
20 7 1.00064
20 8 1.00064
20 9 1.00064
20 10 1.00064
20 11 1.00064
20 12 1.00064
20 13 1.00064
20 14 1.00064
20 15 1.00064
20 16 1.00064
20 17 1.00064
20 18 1.00064
20 19 1.00064
20 20 1.00064
20 21 1.00064
20 22 1.00064
20 23 1.00064
20 24 1.00064
20 25 1.00064
20 26 1.00064
20 27 1.00063
20 28 1.00063
20 29 1.00063
20 30 1.00062
20 31 1.00062
20 32 1.00061
20 33 1.00061
20 34 1.0006
20 35 1.00059
20 36 1.00059
20 37 1.00058
20 38 1.00057
20 39 1.00056
20 40 1.00055
20 41 1.00054
20 42 1.00053
20 43 1.00051
20 44 1.0005
20 45 1.00048
20 46 1.00047
20 47 1.00045
20 48 1.00044
20 49 1.00042
20 50 1.0004
20 51 1.00038
20 52 1.00036
20 53 1.00034
20 54 1.00032
20 55 1.0003
20 56 1.00028
20 57 1.00026
20 58 1.00024
20 59 1.00022
20 60 1.00019
20 61 1.00017
20 62 1.00015
20 63 1.00013
20 64 1.0001
20 65 1.00008
20 66 1.00006
20 67 1.00004
20 68 1.00002
20 69 0.999995
20 70 0.999974
20 71 0.999954
20 72 0.999935
20 73 0.999916
20 74 0.999898
20 75 0.999881
20 76 0.999864
20 77 0.999849
20 78 0.999834
20 79 0.99982
20 80 0.999808
20 81 0.999796
20 82 0.999785
20 83 0.999775
20 84 0.999766
20 85 0.999758
20 86 0.999751
20 87 0.999746
20 88 0.999741
20 89 0.999737
20 90 0.999735
20 91 0.999733
20 92 0.999733
20 93 0.999733
20 94 0.999735
20 95 0.999738
20 96 0.999741
20 97 0.999746
20 98 0.999752
20 99 0.999759
20 100 0.999766
20 101 0.999775
20 102 0.999786
20 103 0.999797
20 104 0.999808
20 105 0.999821
20 106 0.999837
20 107 0.999851
20 108 0.999866
20 109 0.999885
20 110 0.999904
20 111 0.999919
20 112 0.99994
20 113 0.999965
20 114 0.999981
20 115 0.999999
20 116 1.00003
20 117 1.00005
20 118 1.00007
20 119 1.00009
20 120 1.00013
20 121 1.00015
20 122 1.00019
20 123 1.00024
20 124 1.00029
20 125 1.00035
20 126 1.00042
20 127 1.00049

21 0 0
21 1 1.00063
21 2 1.00063
21 3 1.00063
21 4 1.00063
21 5 1.00063
21 6 1.00064
21 7 1.00064
21 8 1.00064
21 9 1.00064
21 10 1.00064
21 11 1.00064
21 12 1.00064
21 13 1.00064
21 14 1.00064
21 15 1.00065
21 16 1.00065
21 17 1.00065
21 18 1.00065
21 19 1.00065
21 20 1.00065
21 21 1.00064
21 22 1.00064
21 23 1.00064
21 24 1.00064
21 25 1.00064
21 26 1.00064
21 27 1.00063
21 28 1.00063
21 29 1.00063
21 30 1.00062
21 31 1.00062
21 32 1.00061
21 33 1.00061
21 34 1.0006
21 35 1.00059
21 36 1.00059
21 37 1.00058
21 38 1.00057
21 39 1.00056
21 40 1.00055
21 41 1.00054
21 42 1.00052
21 43 1.00051
21 44 1.0005
21 45 1.00048
21 46 1.00047
21 47 1.00045
21 48 1.00043
21 49 1.00041
21 50 1.0004
21 51 1.00038
21 52 1.00036
21 53 1.00034
21 54 1.00032
21 55 1.00029
21 56 1.00027
21 57 1.00025
21 58 1.00023
21 59 1.0002
21 60 1.00018
21 61 1.00016
21 62 1.00013
21 63 1.00011
21 64 1.00009
21 65 1.00007
21 66 1.00004
21 67 1.00002
21 68 1
21 69 0.999978
21 70 0.999957
21 71 0.999937
21 72 0.999918
21 73 0.999899
21 74 0.999881
21 75 0.999864
21 76 0.999847
21 77 0.999832
21 78 0.999817
21 79 0.999804
21 80 0.999791
21 81 0.99978
21 82 0.999769
21 83 0.99976
21 84 0.999752
21 85 0.999745
21 86 0.999739
21 87 0.999734
21 88 0.99973
21 89 0.999728
21 90 0.999726
21 91 0.999726
21 92 0.999726
21 93 0.999728
21 94 0.999731
21 95 0.999736
21 96 0.999741
21 97 0.999747
21 98 0.999755
21 99 0.999763
21 100 0.999773
21 101 0.999784
21 102 0.999796
21 103 0.999809
21 104 0.999824
21 105 0.999838
21 106 0.999855
21 107 0.999873
21 108 0.999891
21 109 0.999909
21 110 0.999932
21 111 0.999953
21 112 0.999972
21 113 0.999995
21 114 1.00002
21 115 1.00004
21 116 1.00006
21 117 1.00009
21 118 1.00012
21 119 1.00014
21 120 1.00017
21 121 1.0002
21 122 1.00024
21 123 1.00028
21 124 1.00034
21 125 1.00039
21 126 1.00046
21 127 1.00052

22 0 0
22 1 1.00063
22 2 1.00063
22 3 1.00063
22 4 1.00063
22 5 1.00064
22 6 1.00064
22 7 1.00064
22 8 1.00064
22 9 1.00064
22 10 1.00064
22 11 1.00064
22 12 1.00064
22 13 1.00065
22 14 1.00065
22 15 1.00065
22 16 1.00065
22 17 1.00065
22 18 1.00065
22 19 1.00065
22 20 1.00065
22 21 1.00065
22 22 1.00065
22 23 1.00064
22 24 1.00064
22 25 1.00064
22 26 1.00064
22 27 1.00064
22 28 1.00063
22 29 1.00063
22 30 1.00062
22 31 1.00062
22 32 1.00061
22 33 1.00061
22 34 1.0006
22 35 1.00059
22 36 1.00058
22 37 1.00058
22 38 1.00057
22 39 1.00056
22 40 1.00054
22 41 1.00053
22 42 1.00052
22 43 1.00051
22 44 1.00049
22 45 1.00048
22 46 1.00046
22 47 1.00044
22 48 1.00043
22 49 1.00041
22 50 1.00039
22 51 1.00037
22 52 1.00035
22 53 1.00033
22 54 1.0003
22 55 1.00028
22 56 1.00026
22 57 1.00024
22 58 1.00021
22 59 1.00019
22 60 1.00017
22 61 1.00014
22 62 1.00012
22 63 1.0001
22 64 1.00007
22 65 1.00005
22 66 1.00003
22 67 1
22 68 0.999982
22 69 0.99996
22 70 0.999939
22 71 0.999918
22 72 0.999899
22 73 0.99988
22 74 0.999862
22 75 0.999844
22 76 0.999828
22 77 0.999813
22 78 0.999799
22 79 0.999785
22 80 0.999773
22 81 0.999762
22 82 0.999752
22 83 0.999744
22 84 0.999736
22 85 0.99973
22 86 0.999724
22 87 0.99972
22 88 0.999718
22 89 0.999716
22 90 0.999716
22 91 0.999717
22 92 0.999719
22 93 0.999722
22 94 0.999726
22 95 0.999732
22 96 0.999739
22 97 0.999747
22 98 0.999756
22 99 0.999767
22 100 0.999778
22 101 0.999791
22 102 0.999805
22 103 0.99982
22 104 0.999837
22 105 0.999854
22 106 0.999872
22 107 0.999892
22 108 0.999913
22 109 0.999934
22 110 0.999955
22 111 0.999981
22 112 1
22 113 1.00003
22 114 1.00005
22 115 1.00008
22 116 1.0001
22 117 1.00013
22 118 1.00016
22 119 1.00018
22 120 1.00021
22 121 1.00024
22 122 1.00028
22 123 1.00032
22 124 1.00037
22 125 1.00043
22 126 1.00048
22 127 1.00054

23 0 0
23 1 1.00063
23 2 1.00063
23 3 1.00064
23 4 1.00064
23 5 1.00064
23 6 1.00064
23 7 1.00064
23 8 1.00064
23 9 1.00064
23 10 1.00064
23 11 1.00065
23 12 1.00065
23 13 1.00065
23 14 1.00065
23 15 1.00065
23 16 1.00065
23 17 1.00065
23 18 1.00065
23 19 1.00065
23 20 1.00065
23 21 1.00065
23 22 1.00065
23 23 1.00065
23 24 1.00064
23 25 1.00064
23 26 1.00064
23 27 1.00064
23 28 1.00063
23 29 1.00063
23 30 1.00062
23 31 1.00062
23 32 1.00061
23 33 1.00061
23 34 1.0006
23 35 1.00059
23 36 1.00058
23 37 1.00057
23 38 1.00056
23 39 1.00055
23 40 1.00054
23 41 1.00053
23 42 1.00052
23 43 1.0005
23 44 1.00049
23 45 1.00047
23 46 1.00045
23 47 1.00044
23 48 1.00042
23 49 1.0004
23 50 1.00038
23 51 1.00036
23 52 1.00034
23 53 1.00032
23 54 1.00029
23 55 1.00027
23 56 1.00025
23 57 1.00022
23 58 1.0002
23 59 1.00018
23 60 1.00015
23 61 1.00013
23 62 1.0001
23 63 1.00008
23 64 1.00005
23 65 1.00003
23 66 1.00001
23 67 0.999984
23 68 0.999962
23 69 0.99994
23 70 0.999918
23 71 0.999898
23 72 0.999878
23 73 0.999859
23 74 0.999841
23 75 0.999824
23 76 0.999807
23 77 0.999792
23 78 0.999778
23 79 0.999765
23 80 0.999753
23 81 0.999743
23 82 0.999734
23 83 0.999725
23 84 0.999719
23 85 0.999713
23 86 0.999709
23 87 0.999705
23 88 0.999704
23 89 0.999703
23 90 0.999704
23 91 0.999706
23 92 0.999709
23 93 0.999714
23 94 0.99972
23 95 0.999727
23 96 0.999735
23 97 0.999745
23 98 0.999756
23 99 0.999768
23 100 0.999782
23 101 0.999796
23 102 0.999812
23 103 0.999829
23 104 0.999847
23 105 0.999867
23 106 0.999888
23 107 0.999909
23 108 0.999931
23 109 0.999956
23 110 0.999979
23 111 1
23 112 1.00003
23 113 1.00006
23 114 1.00008
23 115 1.00011
23 116 1.00014
23 117 1.00016
23 118 1.00019
23 119 1.00022
23 120 1.00025
23 121 1.00028
23 122 1.00032
23 123 1.00036
23 124 1.0004
23 125 1.00045
23 126 1.00051
23 127 1.00056

24 0 0
24 1 1.00063
24 2 1.00064
24 3 1.00064
24 4 1.00064
24 5 1.00064
24 6 1.00064
24 7 1.00064
24 8 1.00064
24 9 1.00065
24 10 1.00065
24 11 1.00065
24 12 1.00065
24 13 1.00065
24 14 1.00065
24 15 1.00065
24 16 1.00065
24 17 1.00065
24 18 1.00065
24 19 1.00065
24 20 1.00065
24 21 1.00065
24 22 1.00065
24 23 1.00065
24 24 1.00064
24 25 1.00064
24 26 1.00064
24 27 1.00064
24 28 1.00063
24 29 1.00063
24 30 1.00062
24 31 1.00062
24 32 1.00061
24 33 1.00061
24 34 1.0006
24 35 1.00059
24 36 1.00058
24 37 1.00057
24 38 1.00056
24 39 1.00055
24 40 1.00054
24 41 1.00053
24 42 1.00051
24 43 1.0005
24 44 1.00048
24 45 1.00046
24 46 1.00045
24 47 1.00043
24 48 1.00041
24 49 1.00039
24 50 1.00037
24 51 1.00035
24 52 1.00033
24 53 1.0003
24 54 1.00028
24 55 1.00026
24 56 1.00023
24 57 1.00021
24 58 1.00018
24 59 1.00016
24 60 1.00013
24 61 1.00011
24 62 1.00008
24 63 1.00006
24 64 1.00004
24 65 1.00001
24 66 0.999987
24 67 0.999963
24 68 0.99994
24 69 0.999918
24 70 0.999896
24 71 0.999875
24 72 0.999855
24 73 0.999836
24 74 0.999818
24 75 0.999801
24 76 0.999785
24 77 0.99977
24 78 0.999756
24 79 0.999743
24 80 0.999732
24 81 0.999722
24 82 0.999713
24 83 0.999705
24 84 0.999699
24 85 0.999694
24 86 0.999691
24 87 0.999689
24 88 0.999688
24 89 0.999689
24 90 0.99969
24 91 0.999694
24 92 0.999698
24 93 0.999704
24 94 0.999712
24 95 0.99972
24 96 0.99973
24 97 0.999742
24 98 0.999754
24 99 0.999768
24 100 0.999784
24 101 0.9998
24 102 0.999818
24 103 0.999837
24 104 0.999857
24 105 0.999878
24 106 0.999901
24 107 0.999924
24 108 0.999948
24 109 0.999973
24 110 1
24 111 1.00003
24 112 1.00005
24 113 1.00008
24 114 1.00011
24 115 1.00014
24 116 1.00016
24 117 1.00019
24 118 1.00022
24 119 1.00025
24 120 1.00028
24 121 1.00031
24 122 1.00035
24 123 1.00039
24 124 1.00043
24 125 1.00048
24 126 1.00053
24 127 1.00058

25 0 0
25 1 1.00064
25 2 1.00064
25 3 1.00064
25 4 1.00064
25 5 1.00064
25 6 1.00064
25 7 1.00064
25 8 1.00065
25 9 1.00065
25 10 1.00065
25 11 1.00065
25 12 1.00065
25 13 1.00065
25 14 1.00065
25 15 1.00065
25 16 1.00065
25 17 1.00065
25 18 1.00065
25 19 1.00065
25 20 1.00065
25 21 1.00065
25 22 1.00065
25 23 1.00065
25 24 1.00065
25 25 1.00064
25 26 1.00064
25 27 1.00064
25 28 1.00063
25 29 1.00063
25 30 1.00062
25 31 1.00062
25 32 1.00061
25 33 1.00061
25 34 1.0006
25 35 1.00059
25 36 1.00058
25 37 1.00057
25 38 1.00056
25 39 1.00055
25 40 1.00053
25 41 1.00052
25 42 1.00051
25 43 1.00049
25 44 1.00048
25 45 1.00046
25 46 1.00044
25 47 1.00042
25 48 1.0004
25 49 1.00038
25 50 1.00036
25 51 1.00034
25 52 1.00031
25 53 1.00029
25 54 1.00027
25 55 1.00024
25 56 1.00022
25 57 1.00019
25 58 1.00017
25 59 1.00014
25 60 1.00012
25 61 1.00009
25 62 1.00006
25 63 1.00004
25 64 1.00001
25 65 0.999989
25 66 0.999964
25 67 0.99994
25 68 0.999917
25 69 0.999894
25 70 0.999872
25 71 0.999851
25 72 0.999831
25 73 0.999812
25 74 0.999793
25 75 0.999776
25 76 0.99976
25 77 0.999745
25 78 0.999732
25 79 0.999719
25 80 0.999708
25 81 0.999699
25 82 0.99969
25 83 0.999684
25 84 0.999678
25 85 0.999674
25 86 0.999671
25 87 0.99967
25 88 0.99967
25 89 0.999672
25 90 0.999675
25 91 0.99968
25 92 0.999686
25 93 0.999693
25 94 0.999702
25 95 0.999712
25 96 0.999724
25 97 0.999736
25 98 0.999751
25 99 0.999766
25 100 0.999783
25 101 0.999802
25 102 0.999821
25 103 0.999842
25 104 0.999864
25 105 0.999887
25 106 0.999911
25 107 0.999936
25 108 0.999962
25 109 0.999989
25 110 1.00002
25 111 1.00005
25 112 1.00007
25 113 1.0001
25 114 1.00013
25 115 1.00016
25 116 1.00019
25 117 1.00022
25 118 1.00025
25 119 1.00027
25 120 1.0003
25 121 1.00034
25 122 1.00037
25 123 1.00041
25 124 1.00045
25 125 1.0005
25 126 1.00054
25 127 1.0006

26 0 0
26 1 1.00064
26 2 1.00064
26 3 1.00064
26 4 1.00064
26 5 1.00064
26 6 1.00065
26 7 1.00065
26 8 1.00065
26 9 1.00065
26 10 1.00065
26 11 1.00065
26 12 1.00065
26 13 1.00065
26 14 1.00065
26 15 1.00065
26 16 1.00065
26 17 1.00065
26 18 1.00065
26 19 1.00065
26 20 1.00065
26 21 1.00065
26 22 1.00065
26 23 1.00065
26 24 1.00065
26 25 1.00064
26 26 1.00064
26 27 1.00064
26 28 1.00063
26 29 1.00063
26 30 1.00062
26 31 1.00062
26 32 1.00061
26 33 1.0006
26 34 1.0006
26 35 1.00059
26 36 1.00058
26 37 1.00057
26 38 1.00056
26 39 1.00054
26 40 1.00053
26 41 1.00052
26 42 1.0005
26 43 1.00049
26 44 1.00047
26 45 1.00045
26 46 1.00043
26 47 1.00041
26 48 1.00039
26 49 1.00037
26 50 1.00035
26 51 1.00033
26 52 1.0003
26 53 1.00028
26 54 1.00025
26 55 1.00023
26 56 1.0002
26 57 1.00018
26 58 1.00015
26 59 1.00012
26 60 1.0001
26 61 1.00007
26 62 1.00004
26 63 1.00002
26 64 0.999991
26 65 0.999965
26 66 0.99994
26 67 0.999916
26 68 0.999892
26 69 0.999868
26 70 0.999846
26 71 0.999825
26 72 0.999804
26 73 0.999785
26 74 0.999766
26 75 0.999749
26 76 0.999733
26 77 0.999719
26 78 0.999705
26 79 0.999693
26 80 0.999683
26 81 0.999674
26 82 0.999666
26 83 0.99966
26 84 0.999655
26 85 0.999652
26 86 0.99965
26 87 0.99965
26 88 0.999651
26 89 0.999654
26 90 0.999658
26 91 0.999664
26 92 0.999671
26 93 0.99968
26 94 0.99969
26 95 0.999702
26 96 0.999715
26 97 0.999729
26 98 0.999745
26 99 0.999762
26 100 0.999781
26 101 0.999801
26 102 0.999822
26 103 0.999844
26 104 0.999868
26 105 0.999893
26 106 0.999919
26 107 0.999945
26 108 0.999973
26 109 1
26 110 1.00003
26 111 1.00006
26 112 1.00009
26 113 1.00012
26 114 1.00015
26 115 1.00018
26 116 1.00021
26 117 1.00024
26 118 1.00027
26 119 1.0003
26 120 1.00033
26 121 1.00036
26 122 1.00039
26 123 1.00043
26 124 1.00047
26 125 1.00051
26 126 1.00056
26 127 1.0006

27 0 0
27 1 1.00064
27 2 1.00064
27 3 1.00064
27 4 1.00064
27 5 1.00065
27 6 1.00065
27 7 1.00065
27 8 1.00065
27 9 1.00065
27 10 1.00065
27 11 1.00065
27 12 1.00065
27 13 1.00066
27 14 1.00066
27 15 1.00066
27 16 1.00066
27 17 1.00066
27 18 1.00066
27 19 1.00066
27 20 1.00066
27 21 1.00065
27 22 1.00065
27 23 1.00065
27 24 1.00065
27 25 1.00065
27 26 1.00064
27 27 1.00064
27 28 1.00064
27 29 1.00063
27 30 1.00062
27 31 1.00062
27 32 1.00061
27 33 1.0006
27 34 1.0006
27 35 1.00059
27 36 1.00058
27 37 1.00057
27 38 1.00055
27 39 1.00054
27 40 1.00053
27 41 1.00051
27 42 1.0005
27 43 1.00048
27 44 1.00046
27 45 1.00044
27 46 1.00042
27 47 1.0004
27 48 1.00038
27 49 1.00036
27 50 1.00034
27 51 1.00031
27 52 1.00029
27 53 1.00026
27 54 1.00024
27 55 1.00021
27 56 1.00018
27 57 1.00016
27 58 1.00013
27 59 1.0001
27 60 1.00007
27 61 1.00005
27 62 1.00002
27 63 0.999993
27 64 0.999966
27 65 0.99994
27 66 0.999914
27 67 0.999889
27 68 0.999864
27 69 0.999841
27 70 0.999818
27 71 0.999796
27 72 0.999776
27 73 0.999756
27 74 0.999738
27 75 0.99972
27 76 0.999705
27 77 0.99969
27 78 0.999677
27 79 0.999665
27 80 0.999655
27 81 0.999647
27 82 0.99964
27 83 0.999634
27 84 0.99963
27 85 0.999627
27 86 0.999627
27 87 0.999627
27 88 0.99963
27 89 0.999633
27 90 0.999639
27 91 0.999646
27 92 0.999655
27 93 0.999665
27 94 0.999676
27 95 0.999689
27 96 0.999704
27 97 0.99972
27 98 0.999737
27 99 0.999756
27 100 0.999777
27 101 0.999798
27 102 0.999821
27 103 0.999845
27 104 0.99987
27 105 0.999896
27 106 0.999924
27 107 0.999952
27 108 0.999981
27 109 1.00001
27 110 1.00004
27 111 1.00007
27 112 1.0001
27 113 1.00013
27 114 1.00016
27 115 1.00019
27 116 1.00022
27 117 1.00025
27 118 1.00028
27 119 1.00031
27 120 1.00034
27 121 1.00037
27 122 1.00041
27 123 1.00044
27 124 1.00048
27 125 1.00052
27 126 1.00057
27 127 1.00061

28 0 0
28 1 1.00064
28 2 1.00064
28 3 1.00064
28 4 1.00065
28 5 1.00065
28 6 1.00065
28 7 1.00065
28 8 1.00065
28 9 1.00065
28 10 1.00065
28 11 1.00066
28 12 1.00066
28 13 1.00066
28 14 1.00066
28 15 1.00066
28 16 1.00066
28 17 1.00066
28 18 1.00066
28 19 1.00066
28 20 1.00066
28 21 1.00066
28 22 1.00065
28 23 1.00065
28 24 1.00065
28 25 1.00065
28 26 1.00064
28 27 1.00064
28 28 1.00064
28 29 1.00063
28 30 1.00062
28 31 1.00062
28 32 1.00061
28 33 1.0006
28 34 1.00059
28 35 1.00058
28 36 1.00057
28 37 1.00056
28 38 1.00055
28 39 1.00054
28 40 1.00052
28 41 1.00051
28 42 1.00049
28 43 1.00047
28 44 1.00045
28 45 1.00043
28 46 1.00041
28 47 1.00039
28 48 1.00037
28 49 1.00035
28 50 1.00032
28 51 1.0003
28 52 1.00027
28 53 1.00025
28 54 1.00022
28 55 1.00019
28 56 1.00016
28 57 1.00014
28 58 1.00011
28 59 1.00008
28 60 1.00005
28 61 1.00002
28 62 0.999994
28 63 0.999966
28 64 0.999939
28 65 0.999912
28 66 0.999885
28 67 0.99986
28 68 0.999835
28 69 0.999811
28 70 0.999788
28 71 0.999766
28 72 0.999745
28 73 0.999725
28 74 0.999707
28 75 0.999689
28 76 0.999674
28 77 0.999659
28 78 0.999647
28 79 0.999635
28 80 0.999626
28 81 0.999617
28 82 0.999611
28 83 0.999606
28 84 0.999603
28 85 0.999601
28 86 0.999601
28 87 0.999603
28 88 0.999606
28 89 0.999611
28 90 0.999618
28 91 0.999626
28 92 0.999636
28 93 0.999647
28 94 0.99966
28 95 0.999675
28 96 0.999691
28 97 0.999709
28 98 0.999728
28 99 0.999748
28 100 0.99977
28 101 0.999793
28 102 0.999817
28 103 0.999843
28 104 0.999869
28 105 0.999897
28 106 0.999926
28 107 0.999956
28 108 0.999986
28 109 1.00002
28 110 1.00005
28 111 1.00008
28 112 1.00011
28 113 1.00014
28 114 1.00017
28 115 1.00021
28 116 1.00024
28 117 1.00027
28 118 1.0003
28 119 1.00032
28 120 1.00035
28 121 1.00039
28 122 1.00042
28 123 1.00045
28 124 1.00049
28 125 1.00053
28 126 1.00057
28 127 1.00061

29 0 0
29 1 1.00064
29 2 1.00065
29 3 1.00065
29 4 1.00065
29 5 1.00065
29 6 1.00065
29 7 1.00065
29 8 1.00065
29 9 1.00066
29 10 1.00066
29 11 1.00066
29 12 1.00066
29 13 1.00066
29 14 1.00066
29 15 1.00066
29 16 1.00066
29 17 1.00066
29 18 1.00066
29 19 1.00066
29 20 1.00066
29 21 1.00066
29 22 1.00066
29 23 1.00065
29 24 1.00065
29 25 1.00065
29 26 1.00064
29 27 1.00064
29 28 1.00064
29 29 1.00063
29 30 1.00062
29 31 1.00062
29 32 1.00061
29 33 1.0006
29 34 1.00059
29 35 1.00058
29 36 1.00057
29 37 1.00056
29 38 1.00055
29 39 1.00053
29 40 1.00052
29 41 1.0005
29 42 1.00048
29 43 1.00046
29 44 1.00045
29 45 1.00042
29 46 1.0004
29 47 1.00038
29 48 1.00036
29 49 1.00033
29 50 1.00031
29 51 1.00028
29 52 1.00026
29 53 1.00023
29 54 1.0002
29 55 1.00017
29 56 1.00014
29 57 1.00011
29 58 1.00008
29 59 1.00005
29 60 1.00003
29 61 0.999996
29 62 0.999967
29 63 0.999938
29 64 0.99991
29 65 0.999882
29 66 0.999855
29 67 0.999829
29 68 0.999803
29 69 0.999779
29 70 0.999755
29 71 0.999733
29 72 0.999712
29 73 0.999692
29 74 0.999673
29 75 0.999656
29 76 0.999641
29 77 0.999626
29 78 0.999614
29 79 0.999603
29 80 0.999594
29 81 0.999586
29 82 0.99958
29 83 0.999576
29 84 0.999573
29 85 0.999573
29 86 0.999573
29 87 0.999576
29 88 0.999581
29 89 0.999587
29 90 0.999594
29 91 0.999604
29 92 0.999615
29 93 0.999628
29 94 0.999642
29 95 0.999658
29 96 0.999676
29 97 0.999695
29 98 0.999715
29 99 0.999737
29 100 0.999761
29 101 0.999785
29 102 0.999811
29 103 0.999838
29 104 0.999866
29 105 0.999895
29 106 0.999925
29 107 0.999956
29 108 0.999988
29 109 1.00002
29 110 1.00005
29 111 1.00008
29 112 1.00012
29 113 1.00015
29 114 1.00018
29 115 1.00021
29 116 1.00024
29 117 1.00027
29 118 1.0003
29 119 1.00033
29 120 1.00036
29 121 1.00039
29 122 1.00042
29 123 1.00046
29 124 1.00049
29 125 1.00053
29 126 1.00057
29 127 1.00061

30 0 0
30 1 1.00065
30 2 1.00065
30 3 1.00065
30 4 1.00065
30 5 1.00065
30 6 1.00065
30 7 1.00066
30 8 1.00066
30 9 1.00066
30 10 1.00066
30 11 1.00066
30 12 1.00066
30 13 1.00066
30 14 1.00066
30 15 1.00066
30 16 1.00066
30 17 1.00066
30 18 1.00066
30 19 1.00066
30 20 1.00066
30 21 1.00066
30 22 1.00066
30 23 1.00066
30 24 1.00065
30 25 1.00065
30 26 1.00065
30 27 1.00064
30 28 1.00064
30 29 1.00063
30 30 1.00062
30 31 1.00062
30 32 1.00061
30 33 1.0006
30 34 1.00059
30 35 1.00058
30 36 1.00057
30 37 1.00056
30 38 1.00054
30 39 1.00053
30 40 1.00051
30 41 1.00049
30 42 1.00048
30 43 1.00046
30 44 1.00044
30 45 1.00041
30 46 1.00039
30 47 1.00037
30 48 1.00034
30 49 1.00032
30 50 1.00029
30 51 1.00026
30 52 1.00024
30 53 1.00021
30 54 1.00018
30 55 1.00015
30 56 1.00012
30 57 1.00009
30 58 1.00006
30 59 1.00003
30 60 0.999998
30 61 0.999968
30 62 0.999938
30 63 0.999908
30 64 0.999879
30 65 0.99985
30 66 0.999822
30 67 0.999795
30 68 0.999769
30 69 0.999744
30 70 0.99972
30 71 0.999698
30 72 0.999676
30 73 0.999656
30 74 0.999638
30 75 0.999621
30 76 0.999605
30 77 0.999591
30 78 0.999579
30 79 0.999568
30 80 0.999559
30 81 0.999552
30 82 0.999547
30 83 0.999543
30 84 0.999542
30 85 0.999542
30 86 0.999544
30 87 0.999547
30 88 0.999553
30 89 0.99956
30 90 0.999569
30 91 0.99958
30 92 0.999592
30 93 0.999606
30 94 0.999622
30 95 0.999639
30 96 0.999658
30 97 0.999679
30 98 0.999701
30 99 0.999724
30 100 0.999749
30 101 0.999775
30 102 0.999802
30 103 0.99983
30 104 0.99986
30 105 0.99989
30 106 0.999921
30 107 0.999953
30 108 0.999986
30 109 1.00002
30 110 1.00005
30 111 1.00009
30 112 1.00012
30 113 1.00015
30 114 1.00018
30 115 1.00022
30 116 1.00025
30 117 1.00028
30 118 1.00031
30 119 1.00034
30 120 1.00037
30 121 1.00039
30 122 1.00043
30 123 1.00046
30 124 1.00049
30 125 1.00053
30 126 1.00057
30 127 1.00061

31 0 0
31 1 1.00065
31 2 1.00065
31 3 1.00065
31 4 1.00065
31 5 1.00066
31 6 1.00066
31 7 1.00066
31 8 1.00066
31 9 1.00066
31 10 1.00066
31 11 1.00066
31 12 1.00066
31 13 1.00066
31 14 1.00067
31 15 1.00067
31 16 1.00067
31 17 1.00067
31 18 1.00067
31 19 1.00066
31 20 1.00066
31 21 1.00066
31 22 1.00066
31 23 1.00066
31 24 1.00065
31 25 1.00065
31 26 1.00065
31 27 1.00064
31 28 1.00064
31 29 1.00063
31 30 1.00062
31 31 1.00062
31 32 1.00061
31 33 1.0006
31 34 1.00059
31 35 1.00058
31 36 1.00056
31 37 1.00055
31 38 1.00054
31 39 1.00052
31 40 1.0005
31 41 1.00049
31 42 1.00047
31 43 1.00045
31 44 1.00043
31 45 1.0004
31 46 1.00038
31 47 1.00035
31 48 1.00033
31 49 1.0003
31 50 1.00027
31 51 1.00025
31 52 1.00022
31 53 1.00019
31 54 1.00016
31 55 1.00013
31 56 1.0001
31 57 1.00006
31 58 1.00003
31 59 1
31 60 0.999969
31 61 0.999937
31 62 0.999906
31 63 0.999876
31 64 0.999845
31 65 0.999816
31 66 0.999788
31 67 0.99976
31 68 0.999733
31 69 0.999708
31 70 0.999683
31 71 0.99966
31 72 0.999639
31 73 0.999618
31 74 0.9996
31 75 0.999583
31 76 0.999567
31 77 0.999554
31 78 0.999542
31 79 0.999531
31 80 0.999523
31 81 0.999516
31 82 0.999512
31 83 0.999509
31 84 0.999508
31 85 0.999509
31 86 0.999512
31 87 0.999516
31 88 0.999523
31 89 0.999531
31 90 0.999541
31 91 0.999553
31 92 0.999567
31 93 0.999582
31 94 0.999599
31 95 0.999618
31 96 0.999638
31 97 0.99966
31 98 0.999684
31 99 0.999708
31 100 0.999734
31 101 0.999762
31 102 0.99979
31 103 0.99982
31 104 0.999851
31 105 0.999882
31 106 0.999915
31 107 0.999948
31 108 0.999981
31 109 1.00001
31 110 1.00005
31 111 1.00008
31 112 1.00012
31 113 1.00015
31 114 1.00018
31 115 1.00022
31 116 1.00025
31 117 1.00028
31 118 1.00031
31 119 1.00034
31 120 1.00036
31 121 1.00039
31 122 1.00042
31 123 1.00045
31 124 1.00049
31 125 1.00052
31 126 1.00056
31 127 1.0006

32 0 0
32 1 1.00065
32 2 1.00065
32 3 1.00066
32 4 1.00066
32 5 1.00066
32 6 1.00066
32 7 1.00066
32 8 1.00066
32 9 1.00066
32 10 1.00067
32 11 1.00067
32 12 1.00067
32 13 1.00067
32 14 1.00067
32 15 1.00067
32 16 1.00067
32 17 1.00067
32 18 1.00067
32 19 1.00067
32 20 1.00067
32 21 1.00066
32 22 1.00066
32 23 1.00066
32 24 1.00066
32 25 1.00065
32 26 1.00065
32 27 1.00064
32 28 1.00064
32 29 1.00063
32 30 1.00062
32 31 1.00062
32 32 1.00061
32 33 1.0006
32 34 1.00059
32 35 1.00057
32 36 1.00056
32 37 1.00055
32 38 1.00053
32 39 1.00051
32 40 1.0005
32 41 1.00048
32 42 1.00046
32 43 1.00044
32 44 1.00041
32 45 1.00039
32 46 1.00037
32 47 1.00034
32 48 1.00031
32 49 1.00029
32 50 1.00026
32 51 1.00023
32 52 1.0002
32 53 1.00017
32 54 1.00013
32 55 1.0001
32 56 1.00007
32 57 1.00004
32 58 1
32 59 0.99997
32 60 0.999937
32 61 0.999905
32 62 0.999873
32 63 0.999841
32 64 0.99981
32 65 0.99978
32 66 0.999751
32 67 0.999722
32 68 0.999695
32 69 0.999669
32 70 0.999644
32 71 0.999621
32 72 0.999599
32 73 0.999578
32 74 0.99956
32 75 0.999542
32 76 0.999527
32 77 0.999514
32 78 0.999502
32 79 0.999492
32 80 0.999484
32 81 0.999478
32 82 0.999474
32 83 0.999472
32 84 0.999472
32 85 0.999474
32 86 0.999477
32 87 0.999483
32 88 0.99949
32 89 0.9995
32 90 0.999511
32 91 0.999524
32 92 0.999539
32 93 0.999556
32 94 0.999574
32 95 0.999594
32 96 0.999616
32 97 0.999639
32 98 0.999664
32 99 0.99969
32 100 0.999718
32 101 0.999746
32 102 0.999776
32 103 0.999807
32 104 0.999839
32 105 0.999871
32 106 0.999905
32 107 0.999939
32 108 0.999973
32 109 1.00001
32 110 1.00004
32 111 1.00008
32 112 1.00011
32 113 1.00015
32 114 1.00018
32 115 1.00021
32 116 1.00024
32 117 1.00027
32 118 1.0003
32 119 1.00033
32 120 1.00036
32 121 1.00039
32 122 1.00042
32 123 1.00045
32 124 1.00048
32 125 1.00051
32 126 1.00055
32 127 1.00059

33 0 0
33 1 1.00065
33 2 1.00066
33 3 1.00066
33 4 1.00066
33 5 1.00066
33 6 1.00066
33 7 1.00066
33 8 1.00067
33 9 1.00067
33 10 1.00067
33 11 1.00067
33 12 1.00067
33 13 1.00067
33 14 1.00067
33 15 1.00067
33 16 1.00067
33 17 1.00067
33 18 1.00067
33 19 1.00067
33 20 1.00067
33 21 1.00067
33 22 1.00066
33 23 1.00066
33 24 1.00066
33 25 1.00065
33 26 1.00065
33 27 1.00064
33 28 1.00064
33 29 1.00063
33 30 1.00062
33 31 1.00061
33 32 1.0006
33 33 1.00059
33 34 1.00058
33 35 1.00057
33 36 1.00056
33 37 1.00054
33 38 1.00053
33 39 1.00051
33 40 1.00049
33 41 1.00047
33 42 1.00045
33 43 1.00043
33 44 1.0004
33 45 1.00038
33 46 1.00035
33 47 1.00032
33 48 1.0003
33 49 1.00027
33 50 1.00024
33 51 1.00021
33 52 1.00017
33 53 1.00014
33 54 1.00011
33 55 1.00007
33 56 1.00004
33 57 1.00001
33 58 0.999972
33 59 0.999938
33 60 0.999904
33 61 0.99987
33 62 0.999837
33 63 0.999804
33 64 0.999772
33 65 0.999741
33 66 0.999711
33 67 0.999682
33 68 0.999654
33 69 0.999628
33 70 0.999602
33 71 0.999579
33 72 0.999556
33 73 0.999536
33 74 0.999517
33 75 0.9995
33 76 0.999485
33 77 0.999471
33 78 0.99946
33 79 0.999451
33 80 0.999443
33 81 0.999438
33 82 0.999434
33 83 0.999433
33 84 0.999433
33 85 0.999436
33 86 0.999441
33 87 0.999447
33 88 0.999456
33 89 0.999466
33 90 0.999479
33 91 0.999493
33 92 0.999509
33 93 0.999527
33 94 0.999547
33 95 0.999568
33 96 0.999591
33 97 0.999616
33 98 0.999642
33 99 0.999669
33 100 0.999698
33 101 0.999728
33 102 0.999759
33 103 0.999791
33 104 0.999824
33 105 0.999858
33 106 0.999892
33 107 0.999927
33 108 0.999962
33 109 0.999997
33 110 1.00003
33 111 1.00007
33 112 1.0001
33 113 1.00014
33 114 1.00017
33 115 1.0002
33 116 1.00023
33 117 1.00026
33 118 1.00029
33 119 1.00032
33 120 1.00035
33 121 1.00038
33 122 1.00041
33 123 1.00044
33 124 1.00047
33 125 1.0005
33 126 1.00054
33 127 1.00057

34 0 0
34 1 1.00066
34 2 1.00066
34 3 1.00066
34 4 1.00066
34 5 1.00066
34 6 1.00067
34 7 1.00067
34 8 1.00067
34 9 1.00067
34 10 1.00067
34 11 1.00067
34 12 1.00067
34 13 1.00067
34 14 1.00067
34 15 1.00067
34 16 1.00067
34 17 1.00067
34 18 1.00067
34 19 1.00067
34 20 1.00067
34 21 1.00067
34 22 1.00066
34 23 1.00066
34 24 1.00066
34 25 1.00065
34 26 1.00065
34 27 1.00064
34 28 1.00064
34 29 1.00063
34 30 1.00062
34 31 1.00061
34 32 1.0006
34 33 1.00059
34 34 1.00058
34 35 1.00057
34 36 1.00055
34 37 1.00054
34 38 1.00052
34 39 1.0005
34 40 1.00048
34 41 1.00046
34 42 1.00044
34 43 1.00041
34 44 1.00039
34 45 1.00036
34 46 1.00034
34 47 1.00031
34 48 1.00028
34 49 1.00025
34 50 1.00022
34 51 1.00018
34 52 1.00015
34 53 1.00012
34 54 1.00008
34 55 1.00005
34 56 1.00001
34 57 0.999975
34 58 0.999939
34 59 0.999904
34 60 0.999869
34 61 0.999834
34 62 0.999799
34 63 0.999766
34 64 0.999733
34 65 0.999701
34 66 0.99967
34 67 0.99964
34 68 0.999611
34 69 0.999584
34 70 0.999558
34 71 0.999534
34 72 0.999512
34 73 0.999491
34 74 0.999472
34 75 0.999455
34 76 0.99944
34 77 0.999427
34 78 0.999416
34 79 0.999407
34 80 0.9994
34 81 0.999395
34 82 0.999392
34 83 0.999391
34 84 0.999393
34 85 0.999396
34 86 0.999402
34 87 0.999409
34 88 0.999419
34 89 0.999431
34 90 0.999444
34 91 0.99946
34 92 0.999477
34 93 0.999496
34 94 0.999517
34 95 0.99954
34 96 0.999564
34 97 0.99959
34 98 0.999617
34 99 0.999646
34 100 0.999676
34 101 0.999707
34 102 0.999739
34 103 0.999772
34 104 0.999806
34 105 0.999841
34 106 0.999876
34 107 0.999911
34 108 0.999947
34 109 0.999983
34 110 1.00002
34 111 1.00005
34 112 1.00009
34 113 1.00012
34 114 1.00016
34 115 1.00019
34 116 1.00022
34 117 1.00025
34 118 1.00028
34 119 1.00031
34 120 1.00034
34 121 1.00037
34 122 1.00039
34 123 1.00042
34 124 1.00045
34 125 1.00048
34 126 1.00052
34 127 1.00055

35 0 0
35 1 1.00066
35 2 1.00066
35 3 1.00066
35 4 1.00067
35 5 1.00067
35 6 1.00067
35 7 1.00067
35 8 1.00067
35 9 1.00067
35 10 1.00067
35 11 1.00067
35 12 1.00068
35 13 1.00068
35 14 1.00068
35 15 1.00068
35 16 1.00068
35 17 1.00068
35 18 1.00067
35 19 1.00067
35 20 1.00067
35 21 1.00067
35 22 1.00067
35 23 1.00066
35 24 1.00066
35 25 1.00066
35 26 1.00065
35 27 1.00064
35 28 1.00064
35 29 1.00063
35 30 1.00062
35 31 1.00061
35 32 1.0006
35 33 1.00059
35 34 1.00058
35 35 1.00056
35 36 1.00055
35 37 1.00053
35 38 1.00051
35 39 1.00049
35 40 1.00047
35 41 1.00045
35 42 1.00043
35 43 1.0004
35 44 1.00038
35 45 1.00035
35 46 1.00032
35 47 1.00029
35 48 1.00026
35 49 1.00023
35 50 1.00019
35 51 1.00016
35 52 1.00012
35 53 1.00009
35 54 1.00005
35 55 1.00002
35 56 0.999979
35 57 0.999942
35 58 0.999905
35 59 0.999868
35 60 0.999831
35 61 0.999795
35 62 0.99976
35 63 0.999725
35 64 0.999691
35 65 0.999658
35 66 0.999626
35 67 0.999595
35 68 0.999566
35 69 0.999538
35 70 0.999512
35 71 0.999488
35 72 0.999465
35 73 0.999444
35 74 0.999425
35 75 0.999408
35 76 0.999393
35 77 0.99938
35 78 0.999369
35 79 0.999361
35 80 0.999354
35 81 0.99935
35 82 0.999348
35 83 0.999348
35 84 0.99935
35 85 0.999354
35 86 0.999361
35 87 0.999369
35 88 0.99938
35 89 0.999393
35 90 0.999407
35 91 0.999424
35 92 0.999443
35 93 0.999463
35 94 0.999485
35 95 0.999509
35 96 0.999535
35 97 0.999562
35 98 0.99959
35 99 0.99962
35 100 0.999651
35 101 0.999683
35 102 0.999716
35 103 0.99975
35 104 0.999785
35 105 0.999821
35 106 0.999857
35 107 0.999893
35 108 0.99993
35 109 0.999966
35 110 1
35 111 1.00004
35 112 1.00007
35 113 1.00011
35 114 1.00014
35 115 1.00018
35 116 1.00021
35 117 1.00024
35 118 1.00027
35 119 1.00029
35 120 1.00032
35 121 1.00035
35 122 1.00038
35 123 1.00041
35 124 1.00043
35 125 1.00047
35 126 1.0005
35 127 1.00053

36 0 0
36 1 1.00066
36 2 1.00067
36 3 1.00067
36 4 1.00067
36 5 1.00067
36 6 1.00067
36 7 1.00067
36 8 1.00068
36 9 1.00068
36 10 1.00068
36 11 1.00068
36 12 1.00068
36 13 1.00068
36 14 1.00068
36 15 1.00068
36 16 1.00068
36 17 1.00068
36 18 1.00068
36 19 1.00068
36 20 1.00067
36 21 1.00067
36 22 1.00067
36 23 1.00067
36 24 1.00066
36 25 1.00066
36 26 1.00065
36 27 1.00064
36 28 1.00064
36 29 1.00063
36 30 1.00062
36 31 1.00061
36 32 1.0006
36 33 1.00059
36 34 1.00057
36 35 1.00056
36 36 1.00054
36 37 1.00052
36 38 1.00051
36 39 1.00049
36 40 1.00046
36 41 1.00044
36 42 1.00042
36 43 1.00039
36 44 1.00036
36 45 1.00033
36 46 1.0003
36 47 1.00027
36 48 1.00024
36 49 1.0002
36 50 1.00017
36 51 1.00013
36 52 1.0001
36 53 1.00006
36 54 1.00002
36 55 0.999984
36 56 0.999945
36 57 0.999907
36 58 0.999868
36 59 0.99983
36 60 0.999792
36 61 0.999755
36 62 0.999718
36 63 0.999682
36 64 0.999647
36 65 0.999613
36 66 0.99958
36 67 0.999549
36 68 0.999519
36 69 0.99949
36 70 0.999464
36 71 0.999439
36 72 0.999416
36 73 0.999395
36 74 0.999376
36 75 0.999359
36 76 0.999344
36 77 0.999331
36 78 0.999321
36 79 0.999312
36 80 0.999306
36 81 0.999302
36 82 0.999301
36 83 0.999302
36 84 0.999305
36 85 0.99931
36 86 0.999317
36 87 0.999327
36 88 0.999339
36 89 0.999352
36 90 0.999368
36 91 0.999386
36 92 0.999406
36 93 0.999427
36 94 0.999451
36 95 0.999476
36 96 0.999502
36 97 0.999531
36 98 0.99956
36 99 0.999591
36 100 0.999623
36 101 0.999657
36 102 0.999691
36 103 0.999726
36 104 0.999762
36 105 0.999798
36 106 0.999835
36 107 0.999872
36 108 0.999909
36 109 0.999946
36 110 0.999983
36 111 1.00002
36 112 1.00005
36 113 1.00009
36 114 1.00012
36 115 1.00016
36 116 1.00019
36 117 1.00022
36 118 1.00025
36 119 1.00028
36 120 1.0003
36 121 1.00033
36 122 1.00036
36 123 1.00038
36 124 1.00041
36 125 1.00044
36 126 1.00047
36 127 1.00051

37 0 0
37 1 1.00067
37 2 1.00067
37 3 1.00067
37 4 1.00067
37 5 1.00067
37 6 1.00068
37 7 1.00068
37 8 1.00068
37 9 1.00068
37 10 1.00068
37 11 1.00068
37 12 1.00068
37 13 1.00068
37 14 1.00068
37 15 1.00068
37 16 1.00068
37 17 1.00068
37 18 1.00068
37 19 1.00068
37 20 1.00068
37 21 1.00067
37 22 1.00067
37 23 1.00067
37 24 1.00066
37 25 1.00066
37 26 1.00065
37 27 1.00064
37 28 1.00064
37 29 1.00063
37 30 1.00062
37 31 1.00061
37 32 1.0006
37 33 1.00058
37 34 1.00057
37 35 1.00055
37 36 1.00054
37 37 1.00052
37 38 1.0005
37 39 1.00048
37 40 1.00045
37 41 1.00043
37 42 1.0004
37 43 1.00038
37 44 1.00035
37 45 1.00032
37 46 1.00028
37 47 1.00025
37 48 1.00022
37 49 1.00018
37 50 1.00014
37 51 1.00011
37 52 1.00007
37 53 1.00003
37 54 0.99999
37 55 0.99995
37 56 0.99991
37 57 0.99987
37 58 0.99983
37 59 0.99979
37 60 0.999751
37 61 0.999712
37 62 0.999674
37 63 0.999637
37 64 0.999601
37 65 0.999566
37 66 0.999532
37 67 0.9995
37 68 0.999469
37 69 0.99944
37 70 0.999413
37 71 0.999388
37 72 0.999365
37 73 0.999343
37 74 0.999324
37 75 0.999307
37 76 0.999292
37 77 0.99928
37 78 0.99927
37 79 0.999262
37 80 0.999256
37 81 0.999253
37 82 0.999252
37 83 0.999254
37 84 0.999257
37 85 0.999263
37 86 0.999272
37 87 0.999282
37 88 0.999295
37 89 0.99931
37 90 0.999327
37 91 0.999346
37 92 0.999367
37 93 0.999389
37 94 0.999414
37 95 0.99944
37 96 0.999468
37 97 0.999497
37 98 0.999528
37 99 0.99956
37 100 0.999593
37 101 0.999628
37 102 0.999663
37 103 0.999699
37 104 0.999736
37 105 0.999773
37 106 0.99981
37 107 0.999848
37 108 0.999886
37 109 0.999923
37 110 0.99996
37 111 0.999997
37 112 1.00003
37 113 1.00007
37 114 1.0001
37 115 1.00013
37 116 1.00017
37 117 1.0002
37 118 1.00022
37 119 1.00025
37 120 1.00028
37 121 1.00031
37 122 1.00033
37 123 1.00036
37 124 1.00039
37 125 1.00042
37 126 1.00045
37 127 1.00048

38 0 0
38 1 1.00067
38 2 1.00067
38 3 1.00068
38 4 1.00068
38 5 1.00068
38 6 1.00068
38 7 1.00068
38 8 1.00068
38 9 1.00068
38 10 1.00068
38 11 1.00068
38 12 1.00069
38 13 1.00069
38 14 1.00069
38 15 1.00069
38 16 1.00068
38 17 1.00068
38 18 1.00068
38 19 1.00068
38 20 1.00068
38 21 1.00068
38 22 1.00067
38 23 1.00067
38 24 1.00066
38 25 1.00066
38 26 1.00065
38 27 1.00065
38 28 1.00064
38 29 1.00063
38 30 1.00062
38 31 1.00061
38 32 1.00059
38 33 1.00058
38 34 1.00057
38 35 1.00055
38 36 1.00053
38 37 1.00051
38 38 1.00049
38 39 1.00047
38 40 1.00044
38 41 1.00042
38 42 1.00039
38 43 1.00036
38 44 1.00033
38 45 1.0003
38 46 1.00026
38 47 1.00023
38 48 1.00019
38 49 1.00016
38 50 1.00012
38 51 1.00008
38 52 1.00004
38 53 0.999998
38 54 0.999956
38 55 0.999915
38 56 0.999873
38 57 0.999831
38 58 0.99979
38 59 0.999748
38 60 0.999708
38 61 0.999667
38 62 0.999628
38 63 0.99959
38 64 0.999552
38 65 0.999517
38 66 0.999482
38 67 0.999449
38 68 0.999418
38 69 0.999388
38 70 0.999361
38 71 0.999335
38 72 0.999311
38 73 0.99929
38 74 0.999271
38 75 0.999254
38 76 0.999239
38 77 0.999227
38 78 0.999217
38 79 0.999209
38 80 0.999204
38 81 0.999202
38 82 0.999201
38 83 0.999204
38 84 0.999208
38 85 0.999215
38 86 0.999224
38 87 0.999236
38 88 0.999249
38 89 0.999265
38 90 0.999283
38 91 0.999303
38 92 0.999325
38 93 0.999349
38 94 0.999375
38 95 0.999402
38 96 0.999431
38 97 0.999462
38 98 0.999493
38 99 0.999527
38 100 0.999561
38 101 0.999596
38 102 0.999632
38 103 0.999669
38 104 0.999707
38 105 0.999744
38 106 0.999783
38 107 0.999821
38 108 0.999859
38 109 0.999897
38 110 0.999934
38 111 0.999971
38 112 1.00001
38 113 1.00004
38 114 1.00008
38 115 1.00011
38 116 1.00014
38 117 1.00017
38 118 1.0002
38 119 1.00023
38 120 1.00025
38 121 1.00028
38 122 1.00031
38 123 1.00033
38 124 1.00036
38 125 1.00039
38 126 1.00042
38 127 1.00045

39 0 0
39 1 1.00068
39 2 1.00068
39 3 1.00068
39 4 1.00068
39 5 1.00068
39 6 1.00068
39 7 1.00068
39 8 1.00069
39 9 1.00069
39 10 1.00069
39 11 1.00069
39 12 1.00069
39 13 1.00069
39 14 1.00069
39 15 1.00069
39 16 1.00069
39 17 1.00069
39 18 1.00069
39 19 1.00068
39 20 1.00068
39 21 1.00068
39 22 1.00067
39 23 1.00067
39 24 1.00067
39 25 1.00066
39 26 1.00065
39 27 1.00065
39 28 1.00064
39 29 1.00063
39 30 1.00062
39 31 1.0006
39 32 1.00059
39 33 1.00058
39 34 1.00056
39 35 1.00054
39 36 1.00052
39 37 1.0005
39 38 1.00048
39 39 1.00046
39 40 1.00043
39 41 1.0004
39 42 1.00038
39 43 1.00034
39 44 1.00031
39 45 1.00028
39 46 1.00024
39 47 1.00021
39 48 1.00017
39 49 1.00013
39 50 1.00009
39 51 1.00005
39 52 1.00001
39 53 0.999964
39 54 0.999921
39 55 0.999878
39 56 0.999834
39 57 0.999791
39 58 0.999748
39 59 0.999705
39 60 0.999662
39 61 0.999621
39 62 0.99958
39 63 0.999541
39 64 0.999503
39 65 0.999466
39 66 0.99943
39 67 0.999396
39 68 0.999364
39 69 0.999334
39 70 0.999306
39 71 0.99928
39 72 0.999256
39 73 0.999235
39 74 0.999215
39 75 0.999199
39 76 0.999184
39 77 0.999172
39 78 0.999162
39 79 0.999155
39 80 0.999151
39 81 0.999148
39 82 0.999149
39 83 0.999152
39 84 0.999157
39 85 0.999165
39 86 0.999175
39 87 0.999187
39 88 0.999202
39 89 0.999219
39 90 0.999238
39 91 0.999259
39 92 0.999282
39 93 0.999307
39 94 0.999334
39 95 0.999362
39 96 0.999392
39 97 0.999424
39 98 0.999456
39 99 0.999491
39 100 0.999526
39 101 0.999562
39 102 0.999599
39 103 0.999637
39 104 0.999675
39 105 0.999713
39 106 0.999752
39 107 0.999791
39 108 0.99983
39 109 0.999868
39 110 0.999906
39 111 0.999943
39 112 0.999979
39 113 1.00001
39 114 1.00005
39 115 1.00008
39 116 1.00011
39 117 1.00014
39 118 1.00017
39 119 1.0002
39 120 1.00022
39 121 1.00025
39 122 1.00028
39 123 1.0003
39 124 1.00033
39 125 1.00036
39 126 1.00039
39 127 1.00042

40 0 0
40 1 1.00068
40 2 1.00068
40 3 1.00068
40 4 1.00068
40 5 1.00069
40 6 1.00069
40 7 1.00069
40 8 1.00069
40 9 1.00069
40 10 1.00069
40 11 1.00069
40 12 1.00069
40 13 1.00069
40 14 1.00069
40 15 1.00069
40 16 1.00069
40 17 1.00069
40 18 1.00069
40 19 1.00069
40 20 1.00068
40 21 1.00068
40 22 1.00068
40 23 1.00067
40 24 1.00067
40 25 1.00066
40 26 1.00065
40 27 1.00065
40 28 1.00064
40 29 1.00063
40 30 1.00062
40 31 1.0006
40 32 1.00059
40 33 1.00057
40 34 1.00056
40 35 1.00054
40 36 1.00052
40 37 1.0005
40 38 1.00047
40 39 1.00045
40 40 1.00042
40 41 1.00039
40 42 1.00036
40 43 1.00033
40 44 1.00029
40 45 1.00026
40 46 1.00022
40 47 1.00018
40 48 1.00014
40 49 1.0001
40 50 1.00006
40 51 1.00002
40 52 0.999974
40 53 0.999929
40 54 0.999884
40 55 0.999839
40 56 0.999794
40 57 0.999749
40 58 0.999704
40 59 0.99966
40 60 0.999616
40 61 0.999573
40 62 0.999531
40 63 0.99949
40 64 0.999451
40 65 0.999413
40 66 0.999377
40 67 0.999342
40 68 0.999309
40 69 0.999279
40 70 0.99925
40 71 0.999224
40 72 0.9992
40 73 0.999178
40 74 0.999159
40 75 0.999142
40 76 0.999127
40 77 0.999115
40 78 0.999106
40 79 0.999099
40 80 0.999095
40 81 0.999094
40 82 0.999095
40 83 0.999098
40 84 0.999104
40 85 0.999113
40 86 0.999123
40 87 0.999137
40 88 0.999152
40 89 0.99917
40 90 0.99919
40 91 0.999212
40 92 0.999236
40 93 0.999262
40 94 0.99929
40 95 0.99932
40 96 0.999351
40 97 0.999383
40 98 0.999417
40 99 0.999452
40 100 0.999488
40 101 0.999526
40 102 0.999563
40 103 0.999602
40 104 0.999641
40 105 0.99968
40 106 0.999719
40 107 0.999759
40 108 0.999798
40 109 0.999836
40 110 0.999874
40 111 0.999911
40 112 0.999948
40 113 0.999983
40 114 1.00002
40 115 1.00005
40 116 1.00008
40 117 1.00011
40 118 1.00014
40 119 1.00017
40 120 1.00019
40 121 1.00022
40 122 1.00024
40 123 1.00027
40 124 1.0003
40 125 1.00032
40 126 1.00035
40 127 1.00038

41 0 0
41 1 1.00068
41 2 1.00069
41 3 1.00069
41 4 1.00069
41 5 1.00069
41 6 1.00069
41 7 1.00069
41 8 1.00069
41 9 1.00069
41 10 1.0007
41 11 1.0007
41 12 1.0007
41 13 1.0007
41 14 1.0007
41 15 1.0007
41 16 1.00069
41 17 1.00069
41 18 1.00069
41 19 1.00069
41 20 1.00069
41 21 1.00068
41 22 1.00068
41 23 1.00067
41 24 1.00067
41 25 1.00066
41 26 1.00065
41 27 1.00065
41 28 1.00064
41 29 1.00063
41 30 1.00061
41 31 1.0006
41 32 1.00059
41 33 1.00057
41 34 1.00055
41 35 1.00053
41 36 1.00051
41 37 1.00049
41 38 1.00046
41 39 1.00044
41 40 1.00041
41 41 1.00038
41 42 1.00035
41 43 1.00031
41 44 1.00028
41 45 1.00024
41 46 1.0002
41 47 1.00016
41 48 1.00012
41 49 1.00007
41 50 1.00003
41 51 0.999985
41 52 0.999939
41 53 0.999893
41 54 0.999846
41 55 0.999799
41 56 0.999752
41 57 0.999705
41 58 0.999659
41 59 0.999613
41 60 0.999568
41 61 0.999523
41 62 0.99948
41 63 0.999438
41 64 0.999397
41 65 0.999359
41 66 0.999321
41 67 0.999286
41 68 0.999253
41 69 0.999221
41 70 0.999192
41 71 0.999166
41 72 0.999141
41 73 0.999119
41 74 0.9991
41 75 0.999083
41 76 0.999069
41 77 0.999057
41 78 0.999048
41 79 0.999042
41 80 0.999038
41 81 0.999037
41 82 0.999039
41 83 0.999043
41 84 0.99905
41 85 0.999059
41 86 0.999071
41 87 0.999085
41 88 0.999101
41 89 0.99912
41 90 0.999141
41 91 0.999164
41 92 0.999189
41 93 0.999216
41 94 0.999245
41 95 0.999275
41 96 0.999308
41 97 0.999341
41 98 0.999376
41 99 0.999412
41 100 0.999449
41 101 0.999487
41 102 0.999526
41 103 0.999565
41 104 0.999604
41 105 0.999644
41 106 0.999684
41 107 0.999724
41 108 0.999763
41 109 0.999802
41 110 0.99984
41 111 0.999878
41 112 0.999914
41 113 0.999949
41 114 0.999983
41 115 1.00002
41 116 1.00005
41 117 1.00008
41 118 1.00011
41 119 1.00013
41 120 1.00016
41 121 1.00018
41 122 1.00021
41 123 1.00023
41 124 1.00026
41 125 1.00029
41 126 1.00031
41 127 1.00034

42 0 0
42 1 1.00069
42 2 1.00069
42 3 1.00069
42 4 1.00069
42 5 1.00069
42 6 1.0007
42 7 1.0007
42 8 1.0007
42 9 1.0007
42 10 1.0007
42 11 1.0007
42 12 1.0007
42 13 1.0007
42 14 1.0007
42 15 1.0007
42 16 1.0007
42 17 1.0007
42 18 1.00069
42 19 1.00069
42 20 1.00069
42 21 1.00069
42 22 1.00068
42 23 1.00068
42 24 1.00067
42 25 1.00066
42 26 1.00066
42 27 1.00065
42 28 1.00064
42 29 1.00062
42 30 1.00061
42 31 1.0006
42 32 1.00058
42 33 1.00057
42 34 1.00055
42 35 1.00053
42 36 1.0005
42 37 1.00048
42 38 1.00045
42 39 1.00042
42 40 1.00039
42 41 1.00036
42 42 1.00033
42 43 1.00029
42 44 1.00026
42 45 1.00022
42 46 1.00018
42 47 1.00013
42 48 1.00009
42 49 1.00004
42 50 0.999999
42 51 0.999952
42 52 0.999904
42 53 0.999856
42 54 0.999807
42 55 0.999758
42 56 0.999709
42 57 0.99966
42 58 0.999612
42 59 0.999565
42 60 0.999518
42 61 0.999472
42 62 0.999428
42 63 0.999384
42 64 0.999343
42 65 0.999303
42 66 0.999265
42 67 0.999229
42 68 0.999195
42 69 0.999163
42 70 0.999133
42 71 0.999106
42 72 0.999082
42 73 0.99906
42 74 0.99904
42 75 0.999023
42 76 0.999009
42 77 0.998998
42 78 0.998989
42 79 0.998983
42 80 0.99898
42 81 0.998979
42 82 0.998981
42 83 0.998986
42 84 0.998994
42 85 0.999004
42 86 0.999016
42 87 0.999031
42 88 0.999048
42 89 0.999068
42 90 0.99909
42 91 0.999114
42 92 0.99914
42 93 0.999168
42 94 0.999198
42 95 0.999229
42 96 0.999262
42 97 0.999297
42 98 0.999333
42 99 0.99937
42 100 0.999407
42 101 0.999446
42 102 0.999485
42 103 0.999525
42 104 0.999566
42 105 0.999606
42 106 0.999646
42 107 0.999686
42 108 0.999726
42 109 0.999765
42 110 0.999804
42 111 0.999841
42 112 0.999878
42 113 0.999913
42 114 0.999947
42 115 0.999979
42 116 1.00001
42 117 1.00004
42 118 1.00007
42 119 1.0001
42 120 1.00012
42 121 1.00015
42 122 1.00017
42 123 1.0002
42 124 1.00022
42 125 1.00025
42 126 1.00028
42 127 1.0003

43 0 0
43 1 1.00069
43 2 1.00069
43 3 1.0007
43 4 1.0007
43 5 1.0007
43 6 1.0007
43 7 1.0007
43 8 1.0007
43 9 1.0007
43 10 1.0007
43 11 1.0007
43 12 1.0007
43 13 1.0007
43 14 1.0007
43 15 1.0007
43 16 1.0007
43 17 1.0007
43 18 1.0007
43 19 1.00069
43 20 1.00069
43 21 1.00069
43 22 1.00068
43 23 1.00068
43 24 1.00067
43 25 1.00066
43 26 1.00066
43 27 1.00065
43 28 1.00064
43 29 1.00062
43 30 1.00061
43 31 1.0006
43 32 1.00058
43 33 1.00056
43 34 1.00054
43 35 1.00052
43 36 1.0005
43 37 1.00047
43 38 1.00044
43 39 1.00041
43 40 1.00038
43 41 1.00035
43 42 1.00031
43 43 1.00027
43 44 1.00024
43 45 1.00019
43 46 1.00015
43 47 1.00011
43 48 1.00006
43 49 1.00001
43 50 0.999966
43 51 0.999917
43 52 0.999867
43 53 0.999817
43 54 0.999766
43 55 0.999715
43 56 0.999665
43 57 0.999614
43 58 0.999564
43 59 0.999515
43 60 0.999467
43 61 0.99942
43 62 0.999374
43 63 0.999329
43 64 0.999287
43 65 0.999246
43 66 0.999207
43 67 0.99917
43 68 0.999136
43 69 0.999103
43 70 0.999073
43 71 0.999046
43 72 0.999021
43 73 0.998999
43 74 0.998979
43 75 0.998963
43 76 0.998949
43 77 0.998937
43 78 0.998929
43 79 0.998923
43 80 0.99892
43 81 0.99892
43 82 0.998923
43 83 0.998928
43 84 0.998937
43 85 0.998947
43 86 0.998961
43 87 0.998976
43 88 0.998994
43 89 0.999015
43 90 0.999038
43 91 0.999063
43 92 0.99909
43 93 0.999119
43 94 0.999149
43 95 0.999182
43 96 0.999216
43 97 0.999251
43 98 0.999288
43 99 0.999325
43 100 0.999364
43 101 0.999403
43 102 0.999443
43 103 0.999484
43 104 0.999525
43 105 0.999566
43 106 0.999606
43 107 0.999647
43 108 0.999687
43 109 0.999726
43 110 0.999765
43 111 0.999803
43 112 0.999839
43 113 0.999874
43 114 0.999908
43 115 0.999941
43 116 0.999972
43 117 1
43 118 1.00003
43 119 1.00006
43 120 1.00008
43 121 1.00011
43 122 1.00013
43 123 1.00016
43 124 1.00018
43 125 1.00021
43 126 1.00023
43 127 1.00026

44 0 0
44 1 1.0007
44 2 1.0007
44 3 1.0007
44 4 1.0007
44 5 1.0007
44 6 1.0007
44 7 1.00071
44 8 1.00071
44 9 1.00071
44 10 1.00071
44 11 1.00071
44 12 1.00071
44 13 1.00071
44 14 1.00071
44 15 1.00071
44 16 1.0007
44 17 1.0007
44 18 1.0007
44 19 1.0007
44 20 1.00069
44 21 1.00069
44 22 1.00069
44 23 1.00068
44 24 1.00067
44 25 1.00067
44 26 1.00066
44 27 1.00065
44 28 1.00064
44 29 1.00062
44 30 1.00061
44 31 1.00059
44 32 1.00058
44 33 1.00056
44 34 1.00054
44 35 1.00051
44 36 1.00049
44 37 1.00046
44 38 1.00043
44 39 1.0004
44 40 1.00037
44 41 1.00033
44 42 1.00029
44 43 1.00026
44 44 1.00021
44 45 1.00017
44 46 1.00013
44 47 1.00008
44 48 1.00003
44 49 0.999983
44 50 0.999932
44 51 0.999881
44 52 0.999829
44 53 0.999777
44 54 0.999724
44 55 0.999672
44 56 0.999619
44 57 0.999567
44 58 0.999515
44 59 0.999464
44 60 0.999415
44 61 0.999366
44 62 0.999319
44 63 0.999274
44 64 0.99923
44 65 0.999188
44 66 0.999148
44 67 0.999111
44 68 0.999075
44 69 0.999043
44 70 0.999012
44 71 0.998985
44 72 0.998959
44 73 0.998937
44 74 0.998918
44 75 0.998901
44 76 0.998887
44 77 0.998876
44 78 0.998868
44 79 0.998863
44 80 0.99886
44 81 0.99886
44 82 0.998864
44 83 0.99887
44 84 0.998878
44 85 0.99889
44 86 0.998904
44 87 0.99892
44 88 0.998939
44 89 0.998961
44 90 0.998984
44 91 0.99901
44 92 0.999038
44 93 0.999068
44 94 0.999099
44 95 0.999133
44 96 0.999167
44 97 0.999204
44 98 0.999241
44 99 0.999279
44 100 0.999319
44 101 0.999359
44 102 0.9994
44 103 0.999441
44 104 0.999482
44 105 0.999523
44 106 0.999565
44 107 0.999605
44 108 0.999646
44 109 0.999685
44 110 0.999724
44 111 0.999762
44 112 0.999798
44 113 0.999834
44 114 0.999868
44 115 0.9999
44 116 0.999931
44 117 0.99996
44 118 0.999988
44 119 1.00001
44 120 1.00004
44 121 1.00007
44 122 1.00009
44 123 1.00011
44 124 1.00014
44 125 1.00016
44 126 1.00019
44 127 1.00022

45 0 0
45 1 1.0007
45 2 1.0007
45 3 1.00071
45 4 1.00071
45 5 1.00071
45 6 1.00071
45 7 1.00071
45 8 1.00071
45 9 1.00071
45 10 1.00071
45 11 1.00071
45 12 1.00071
45 13 1.00071
45 14 1.00071
45 15 1.00071
45 16 1.00071
45 17 1.00071
45 18 1.0007
45 19 1.0007
45 20 1.0007
45 21 1.00069
45 22 1.00069
45 23 1.00068
45 24 1.00067
45 25 1.00067
45 26 1.00066
45 27 1.00065
45 28 1.00064
45 29 1.00062
45 30 1.00061
45 31 1.00059
45 32 1.00057
45 33 1.00055
45 34 1.00053
45 35 1.00051
45 36 1.00048
45 37 1.00045
45 38 1.00042
45 39 1.00039
45 40 1.00035
45 41 1.00032
45 42 1.00028
45 43 1.00024
45 44 1.00019
45 45 1.00015
45 46 1.0001
45 47 1.00005
45 48 1
45 49 0.99995
45 50 0.999898
45 51 0.999845
45 52 0.999791
45 53 0.999736
45 54 0.999681
45 55 0.999627
45 56 0.999572
45 57 0.999518
45 58 0.999465
45 59 0.999413
45 60 0.999362
45 61 0.999312
45 62 0.999263
45 63 0.999217
45 64 0.999172
45 65 0.999129
45 66 0.999089
45 67 0.999051
45 68 0.999015
45 69 0.998981
45 70 0.998951
45 71 0.998923
45 72 0.998897
45 73 0.998875
45 74 0.998855
45 75 0.998839
45 76 0.998825
45 77 0.998814
45 78 0.998806
45 79 0.998801
45 80 0.998799
45 81 0.9988
45 82 0.998804
45 83 0.99881
45 84 0.99882
45 85 0.998832
45 86 0.998846
45 87 0.998864
45 88 0.998883
45 89 0.998905
45 90 0.99893
45 91 0.998956
45 92 0.998985
45 93 0.999016
45 94 0.999048
45 95 0.999082
45 96 0.999118
45 97 0.999155
45 98 0.999193
45 99 0.999232
45 100 0.999272
45 101 0.999313
45 102 0.999354
45 103 0.999396
45 104 0.999438
45 105 0.999479
45 106 0.999521
45 107 0.999562
45 108 0.999603
45 109 0.999643
45 110 0.999681
45 111 0.999719
45 112 0.999756
45 113 0.999791
45 114 0.999825
45 115 0.999857
45 116 0.999888
45 117 0.999917
45 118 0.999945
45 119 0.999971
45 120 0.999997
45 121 1.00002
45 122 1.00005
45 123 1.00007
45 124 1.00009
45 125 1.00012
45 126 1.00014
45 127 1.00017

46 0 0
46 1 1.00071
46 2 1.00071
46 3 1.00071
46 4 1.00071
46 5 1.00071
46 6 1.00071
46 7 1.00071
46 8 1.00072
46 9 1.00072
46 10 1.00072
46 11 1.00072
46 12 1.00072
46 13 1.00072
46 14 1.00072
46 15 1.00071
46 16 1.00071
46 17 1.00071
46 18 1.00071
46 19 1.0007
46 20 1.0007
46 21 1.0007
46 22 1.00069
46 23 1.00068
46 24 1.00068
46 25 1.00067
46 26 1.00066
46 27 1.00065
46 28 1.00063
46 29 1.00062
46 30 1.00061
46 31 1.00059
46 32 1.00057
46 33 1.00055
46 34 1.00052
46 35 1.0005
46 36 1.00047
46 37 1.00044
46 38 1.00041
46 39 1.00038
46 40 1.00034
46 41 1.0003
46 42 1.00026
46 43 1.00022
46 44 1.00017
46 45 1.00012
46 46 1.00007
46 47 1.00002
46 48 0.999971
46 49 0.999917
46 50 0.999863
46 51 0.999807
46 52 0.999751
46 53 0.999695
46 54 0.999638
46 55 0.999581
46 56 0.999525
46 57 0.999469
46 58 0.999415
46 59 0.999361
46 60 0.999308
46 61 0.999257
46 62 0.999207
46 63 0.99916
46 64 0.999114
46 65 0.99907
46 66 0.999029
46 67 0.99899
46 68 0.998953
46 69 0.99892
46 70 0.998889
46 71 0.99886
46 72 0.998835
46 73 0.998812
46 74 0.998793
46 75 0.998776
46 76 0.998762
46 77 0.998752
46 78 0.998744
46 79 0.998739
46 80 0.998738
46 81 0.998739
46 82 0.998743
46 83 0.99875
46 84 0.99876
46 85 0.998773
46 86 0.998788
46 87 0.998806
46 88 0.998827
46 89 0.998849
46 90 0.998875
46 91 0.998902
46 92 0.998931
46 93 0.998963
46 94 0.998996
46 95 0.999031
46 96 0.999067
46 97 0.999105
46 98 0.999144
46 99 0.999183
46 100 0.999224
46 101 0.999265
46 102 0.999307
46 103 0.999349
46 104 0.999392
46 105 0.999434
46 106 0.999476
46 107 0.999517
46 108 0.999558
46 109 0.999598
46 110 0.999637
46 111 0.999675
46 112 0.999712
46 113 0.999747
46 114 0.99978
46 115 0.999813
46 116 0.999843
46 117 0.999872
46 118 0.9999
46 119 0.999927
46 120 0.999952
46 121 0.999976
46 122 1
46 123 1.00002
46 124 1.00005
46 125 1.00007
46 126 1.0001
46 127 1.00012

47 0 0
47 1 1.00071
47 2 1.00071
47 3 1.00072
47 4 1.00072
47 5 1.00072
47 6 1.00072
47 7 1.00072
47 8 1.00072
47 9 1.00072
47 10 1.00072
47 11 1.00072
47 12 1.00072
47 13 1.00072
47 14 1.00072
47 15 1.00072
47 16 1.00072
47 17 1.00071
47 18 1.00071
47 19 1.00071
47 20 1.0007
47 21 1.0007
47 22 1.00069
47 23 1.00069
47 24 1.00068
47 25 1.00067
47 26 1.00066
47 27 1.00065
47 28 1.00063
47 29 1.00062
47 30 1.0006
47 31 1.00059
47 32 1.00057
47 33 1.00054
47 34 1.00052
47 35 1.00049
47 36 1.00046
47 37 1.00043
47 38 1.0004
47 39 1.00036
47 40 1.00032
47 41 1.00028
47 42 1.00024
47 43 1.00019
47 44 1.00015
47 45 1.0001
47 46 1.00005
47 47 0.999994
47 48 0.999939
47 49 0.999884
47 50 0.999827
47 51 0.999769
47 52 0.999711
47 53 0.999652
47 54 0.999594
47 55 0.999535
47 56 0.999477
47 57 0.99942
47 58 0.999363
47 59 0.999308
47 60 0.999254
47 61 0.999201
47 62 0.999151
47 63 0.999102
47 64 0.999055
47 65 0.999011
47 66 0.998969
47 67 0.998929
47 68 0.998892
47 69 0.998858
47 70 0.998826
47 71 0.998798
47 72 0.998772
47 73 0.99875
47 74 0.99873
47 75 0.998713
47 76 0.9987
47 77 0.998689
47 78 0.998682
47 79 0.998678
47 80 0.998676
47 81 0.998678
47 82 0.998683
47 83 0.99869
47 84 0.998701
47 85 0.998714
47 86 0.99873
47 87 0.998748
47 88 0.998769
47 89 0.998793
47 90 0.998819
47 91 0.998847
47 92 0.998877
47 93 0.998909
47 94 0.998943
47 95 0.998978
47 96 0.999015
47 97 0.999054
47 98 0.999093
47 99 0.999134
47 100 0.999175
47 101 0.999217
47 102 0.999259
47 103 0.999302
47 104 0.999345
47 105 0.999387
47 106 0.999429
47 107 0.999471
47 108 0.999512
47 109 0.999552
47 110 0.999591
47 111 0.999629
47 112 0.999666
47 113 0.999701
47 114 0.999735
47 115 0.999767
47 116 0.999797
47 117 0.999826
47 118 0.999854
47 119 0.99988
47 120 0.999905
47 121 0.99993
47 122 0.999953
47 123 0.999977
47 124 1
47 125 1.00002
47 126 1.00005
47 127 1.00007

48 0 0
48 1 1.00072
48 2 1.00072
48 3 1.00072
48 4 1.00072
48 5 1.00072
48 6 1.00072
48 7 1.00072
48 8 1.00073
48 9 1.00073
48 10 1.00073
48 11 1.00073
48 12 1.00073
48 13 1.00072
48 14 1.00072
48 15 1.00072
48 16 1.00072
48 17 1.00072
48 18 1.00072
48 19 1.00071
48 20 1.00071
48 21 1.0007
48 22 1.0007
48 23 1.00069
48 24 1.00068
48 25 1.00067
48 26 1.00066
48 27 1.00065
48 28 1.00063
48 29 1.00062
48 30 1.0006
48 31 1.00058
48 32 1.00056
48 33 1.00054
48 34 1.00051
48 35 1.00048
48 36 1.00045
48 37 1.00042
48 38 1.00039
48 39 1.00035
48 40 1.00031
48 41 1.00027
48 42 1.00022
48 43 1.00017
48 44 1.00012
48 45 1.00007
48 46 1.00002
48 47 0.999964
48 48 0.999907
48 49 0.99985
48 50 0.999791
48 51 0.999731
48 52 0.99967
48 53 0.99961
48 54 0.999549
48 55 0.999489
48 56 0.999429
48 57 0.99937
48 58 0.999312
48 59 0.999255
48 60 0.999199
48 61 0.999146
48 62 0.999094
48 63 0.999044
48 64 0.998996
48 65 0.998951
48 66 0.998908
48 67 0.998868
48 68 0.998831
48 69 0.998796
48 70 0.998764
48 71 0.998736
48 72 0.99871
48 73 0.998687
48 74 0.998668
48 75 0.998651
48 76 0.998638
48 77 0.998627
48 78 0.99862
48 79 0.998616
48 80 0.998615
48 81 0.998617
48 82 0.998622
48 83 0.99863
48 84 0.998641
48 85 0.998655
48 86 0.998671
48 87 0.99869
48 88 0.998712
48 89 0.998736
48 90 0.998763
48 91 0.998791
48 92 0.998822
48 93 0.998855
48 94 0.998889
48 95 0.998926
48 96 0.998963
48 97 0.999002
48 98 0.999042
48 99 0.999083
48 100 0.999125
48 101 0.999167
48 102 0.99921
48 103 0.999253
48 104 0.999296
48 105 0.999339
48 106 0.999382
48 107 0.999424
48 108 0.999465
48 109 0.999505
48 110 0.999544
48 111 0.999582
48 112 0.999619
48 113 0.999654
48 114 0.999687
48 115 0.999719
48 116 0.99975
48 117 0.999779
48 118 0.999806
48 119 0.999832
48 120 0.999857
48 121 0.999882
48 122 0.999905
48 123 0.999929
48 124 0.999952
48 125 0.999975
48 126 0.999999
48 127 1.00002

49 0 0
49 1 1.00072
49 2 1.00072
49 3 1.00073
49 4 1.00073
49 5 1.00073
49 6 1.00073
49 7 1.00073
49 8 1.00073
49 9 1.00073
49 10 1.00073
49 11 1.00073
49 12 1.00073
49 13 1.00073
49 14 1.00073
49 15 1.00073
49 16 1.00072
49 17 1.00072
49 18 1.00072
49 19 1.00072
49 20 1.00071
49 21 1.00071
49 22 1.0007
49 23 1.00069
49 24 1.00068
49 25 1.00067
49 26 1.00066
49 27 1.00065
49 28 1.00063
49 29 1.00062
49 30 1.0006
49 31 1.00058
49 32 1.00056
49 33 1.00053
49 34 1.00051
49 35 1.00048
49 36 1.00045
49 37 1.00041
49 38 1.00037
49 39 1.00034
49 40 1.00029
49 41 1.00025
49 42 1.0002
49 43 1.00015
49 44 1.0001
49 45 1.00005
49 46 0.999991
49 47 0.999934
49 48 0.999875
49 49 0.999815
49 50 0.999754
49 51 0.999692
49 52 0.99963
49 53 0.999567
49 54 0.999504
49 55 0.999442
49 56 0.999381
49 57 0.99932
49 58 0.99926
49 59 0.999202
49 60 0.999145
49 61 0.99909
49 62 0.999037
49 63 0.998986
49 64 0.998938
49 65 0.998892
49 66 0.998849
49 67 0.998808
49 68 0.99877
49 69 0.998735
49 70 0.998703
49 71 0.998674
49 72 0.998648
49 73 0.998625
49 74 0.998606
49 75 0.998589
49 76 0.998576
49 77 0.998566
49 78 0.998559
49 79 0.998555
49 80 0.998554
49 81 0.998557
49 82 0.998562
49 83 0.998571
49 84 0.998582
49 85 0.998596
49 86 0.998613
49 87 0.998633
49 88 0.998655
49 89 0.99868
49 90 0.998707
49 91 0.998736
49 92 0.998767
49 93 0.998801
49 94 0.998836
49 95 0.998872
49 96 0.998911
49 97 0.99895
49 98 0.998991
49 99 0.999032
49 100 0.999075
49 101 0.999117
49 102 0.999161
49 103 0.999204
49 104 0.999247
49 105 0.99929
49 106 0.999333
49 107 0.999375
49 108 0.999416
49 109 0.999457
49 110 0.999496
49 111 0.999534
49 112 0.99957
49 113 0.999605
49 114 0.999639
49 115 0.999671
49 116 0.999701
49 117 0.99973
49 118 0.999757
49 119 0.999783
49 120 0.999809
49 121 0.999833
49 122 0.999856
49 123 0.999879
49 124 0.999902
49 125 0.999925
49 126 0.999949
49 127 0.999972

50 0 0
50 1 1.00073
50 2 1.00073
50 3 1.00073
50 4 1.00073
50 5 1.00073
50 6 1.00073
50 7 1.00074
50 8 1.00074
50 9 1.00074
50 10 1.00074
50 11 1.00074
50 12 1.00074
50 13 1.00073
50 14 1.00073
50 15 1.00073
50 16 1.00073
50 17 1.00073
50 18 1.00072
50 19 1.00072
50 20 1.00071
50 21 1.00071
50 22 1.0007
50 23 1.00069
50 24 1.00069
50 25 1.00067
50 26 1.00066
50 27 1.00065
50 28 1.00063
50 29 1.00062
50 30 1.0006
50 31 1.00058
50 32 1.00055
50 33 1.00053
50 34 1.0005
50 35 1.00047
50 36 1.00044
50 37 1.0004
50 38 1.00036
50 39 1.00032
50 40 1.00028
50 41 1.00023
50 42 1.00018
50 43 1.00013
50 44 1.00008
50 45 1.00002
50 46 0.999964
50 47 0.999904
50 48 0.999843
50 49 0.99978
50 50 0.999717
50 51 0.999653
50 52 0.999589
50 53 0.999524
50 54 0.999459
50 55 0.999395
50 56 0.999332
50 57 0.99927
50 58 0.999209
50 59 0.999149
50 60 0.999091
50 61 0.999035
50 62 0.998981
50 63 0.998929
50 64 0.99888
50 65 0.998833
50 66 0.998789
50 67 0.998748
50 68 0.99871
50 69 0.998674
50 70 0.998642
50 71 0.998613
50 72 0.998587
50 73 0.998564
50 74 0.998545
50 75 0.998528
50 76 0.998515
50 77 0.998505
50 78 0.998498
50 79 0.998495
50 80 0.998494
50 81 0.998497
50 82 0.998503
50 83 0.998511
50 84 0.998523
50 85 0.998538
50 86 0.998555
50 87 0.998575
50 88 0.998598
50 89 0.998623
50 90 0.998651
50 91 0.998681
50 92 0.998712
50 93 0.998746
50 94 0.998782
50 95 0.998819
50 96 0.998858
50 97 0.998898
50 98 0.998939
50 99 0.998981
50 100 0.999024
50 101 0.999067
50 102 0.99911
50 103 0.999154
50 104 0.999198
50 105 0.999241
50 106 0.999284
50 107 0.999326
50 108 0.999368
50 109 0.999408
50 110 0.999447
50 111 0.999485
50 112 0.999521
50 113 0.999556
50 114 0.99959
50 115 0.999622
50 116 0.999652
50 117 0.999681
50 118 0.999708
50 119 0.999734
50 120 0.999759
50 121 0.999783
50 122 0.999806
50 123 0.999829
50 124 0.999852
50 125 0.999875
50 126 0.999898
50 127 0.99992

51 0 0
51 1 1.00073
51 2 1.00074
51 3 1.00074
51 4 1.00074
51 5 1.00074
51 6 1.00074
51 7 1.00074
51 8 1.00074
51 9 1.00074
51 10 1.00074
51 11 1.00074
51 12 1.00074
51 13 1.00074
51 14 1.00074
51 15 1.00074
51 16 1.00073
51 17 1.00073
51 18 1.00073
51 19 1.00072
51 20 1.00072
51 21 1.00071
51 22 1.00071
51 23 1.0007
51 24 1.00069
51 25 1.00068
51 26 1.00066
51 27 1.00065
51 28 1.00064
51 29 1.00062
51 30 1.0006
51 31 1.00058
51 32 1.00055
51 33 1.00052
51 34 1.0005
51 35 1.00046
51 36 1.00043
51 37 1.00039
51 38 1.00035
51 39 1.00031
51 40 1.00026
51 41 1.00021
51 42 1.00016
51 43 1.00011
51 44 1.00005
51 45 0.999996
51 46 0.999936
51 47 0.999874
51 48 0.99981
51 49 0.999746
51 50 0.99968
51 51 0.999614
51 52 0.999548
51 53 0.999481
51 54 0.999415
51 55 0.999349
51 56 0.999284
51 57 0.99922
51 58 0.999158
51 59 0.999097
51 60 0.999037
51 61 0.99898
51 62 0.998925
51 63 0.998873
51 64 0.998823
51 65 0.998775
51 66 0.998731
51 67 0.998689
51 68 0.998651
51 69 0.998615
51 70 0.998582
51 71 0.998553
51 72 0.998527
51 73 0.998504
51 74 0.998484
51 75 0.998468
51 76 0.998455
51 77 0.998445
51 78 0.998439
51 79 0.998435
51 80 0.998435
51 81 0.998438
51 82 0.998444
51 83 0.998453
51 84 0.998465
51 85 0.99848
51 86 0.998498
51 87 0.998519
51 88 0.998542
51 89 0.998567
51 90 0.998595
51 91 0.998626
51 92 0.998658
51 93 0.998692
51 94 0.998728
51 95 0.998766
51 96 0.998805
51 97 0.998846
51 98 0.998887
51 99 0.998929
51 100 0.998973
51 101 0.999016
51 102 0.99906
51 103 0.999104
51 104 0.999148
51 105 0.999191
51 106 0.999234
51 107 0.999277
51 108 0.999318
51 109 0.999358
51 110 0.999398
51 111 0.999436
51 112 0.999472
51 113 0.999507
51 114 0.99954
51 115 0.999572
51 116 0.999602
51 117 0.99963
51 118 0.999658
51 119 0.999684
51 120 0.999708
51 121 0.999732
51 122 0.999756
51 123 0.999778
51 124 0.999801
51 125 0.999823
51 126 0.999846
51 127 0.999868

52 0 0
52 1 1.00074
52 2 1.00074
52 3 1.00074
52 4 1.00074
52 5 1.00075
52 6 1.00075
52 7 1.00075
52 8 1.00075
52 9 1.00075
52 10 1.00075
52 11 1.00075
52 12 1.00075
52 13 1.00074
52 14 1.00074
52 15 1.00074
52 16 1.00074
52 17 1.00074
52 18 1.00073
52 19 1.00073
52 20 1.00072
52 21 1.00072
52 22 1.00071
52 23 1.0007
52 24 1.00069
52 25 1.00068
52 26 1.00067
52 27 1.00065
52 28 1.00064
52 29 1.00062
52 30 1.0006
52 31 1.00057
52 32 1.00055
52 33 1.00052
52 34 1.00049
52 35 1.00046
52 36 1.00042
52 37 1.00038
52 38 1.00034
52 39 1.0003
52 40 1.00025
52 41 1.0002
52 42 1.00014
52 43 1.00009
52 44 1.00003
52 45 0.99997
52 46 0.999908
52 47 0.999844
52 48 0.999778
52 49 0.999711
52 50 0.999644
52 51 0.999576
52 52 0.999507
52 53 0.999439
52 54 0.99937
52 55 0.999303
52 56 0.999236
52 57 0.999171
52 58 0.999107
52 59 0.999045
52 60 0.998985
52 61 0.998926
52 62 0.998871
52 63 0.998817
52 64 0.998767
52 65 0.998719
52 66 0.998674
52 67 0.998631
52 68 0.998592
52 69 0.998557
52 70 0.998524
52 71 0.998494
52 72 0.998468
52 73 0.998445
52 74 0.998426
52 75 0.998409
52 76 0.998396
52 77 0.998387
52 78 0.99838
52 79 0.998377
52 80 0.998377
52 81 0.99838
52 82 0.998387
52 83 0.998396
52 84 0.998409
52 85 0.998424
52 86 0.998442
52 87 0.998463
52 88 0.998486
52 89 0.998512
52 90 0.998541
52 91 0.998571
52 92 0.998604
52 93 0.998639
52 94 0.998675
52 95 0.998713
52 96 0.998753
52 97 0.998794
52 98 0.998835
52 99 0.998878
52 100 0.998922
52 101 0.998965
52 102 0.99901
52 103 0.999054
52 104 0.999098
52 105 0.999141
52 106 0.999185
52 107 0.999227
52 108 0.999268
52 109 0.999309
52 110 0.999348
52 111 0.999386
52 112 0.999422
52 113 0.999457
52 114 0.99949
52 115 0.999521
52 116 0.999551
52 117 0.99958
52 118 0.999607
52 119 0.999633
52 120 0.999658
52 121 0.999682
52 122 0.999705
52 123 0.999727
52 124 0.99975
52 125 0.999772
52 126 0.999793
52 127 0.999815

53 0 0
53 1 1.00075
53 2 1.00075
53 3 1.00075
53 4 1.00075
53 5 1.00075
53 6 1.00075
53 7 1.00075
53 8 1.00075
53 9 1.00075
53 10 1.00075
53 11 1.00075
53 12 1.00075
53 13 1.00075
53 14 1.00075
53 15 1.00075
53 16 1.00074
53 17 1.00074
53 18 1.00074
53 19 1.00073
53 20 1.00073
53 21 1.00072
53 22 1.00071
53 23 1.0007
53 24 1.00069
53 25 1.00068
53 26 1.00067
53 27 1.00065
53 28 1.00064
53 29 1.00062
53 30 1.0006
53 31 1.00057
53 32 1.00055
53 33 1.00052
53 34 1.00048
53 35 1.00045
53 36 1.00041
53 37 1.00037
53 38 1.00033
53 39 1.00028
53 40 1.00023
53 41 1.00018
53 42 1.00013
53 43 1.00007
53 44 1.00001
53 45 0.999945
53 46 0.99988
53 47 0.999814
53 48 0.999746
53 49 0.999677
53 50 0.999608
53 51 0.999537
53 52 0.999467
53 53 0.999397
53 54 0.999327
53 55 0.999258
53 56 0.999189
53 57 0.999123
53 58 0.999057
53 59 0.998994
53 60 0.998933
53 61 0.998874
53 62 0.998817
53 63 0.998763
53 64 0.998712
53 65 0.998663
53 66 0.998618
53 67 0.998575
53 68 0.998536
53 69 0.9985
53 70 0.998467
53 71 0.998437
53 72 0.998411
53 73 0.998388
53 74 0.998368
53 75 0.998352
53 76 0.998339
53 77 0.99833
53 78 0.998323
53 79 0.99832
53 80 0.998321
53 81 0.998324
53 82 0.998331
53 83 0.99834
53 84 0.998353
53 85 0.998369
53 86 0.998387
53 87 0.998408
53 88 0.998432
53 89 0.998458
53 90 0.998487
53 91 0.998518
53 92 0.998551
53 93 0.998586
53 94 0.998623
53 95 0.998661
53 96 0.998701
53 97 0.998742
53 98 0.998784
53 99 0.998827
53 100 0.998871
53 101 0.998915
53 102 0.998959
53 103 0.999004
53 104 0.999048
53 105 0.999092
53 106 0.999135
53 107 0.999177
53 108 0.999219
53 109 0.999259
53 110 0.999298
53 111 0.999336
53 112 0.999372
53 113 0.999407
53 114 0.99944
53 115 0.999471
53 116 0.999501
53 117 0.999529
53 118 0.999556
53 119 0.999582
53 120 0.999607
53 121 0.999631
53 122 0.999654
53 123 0.999676
53 124 0.999698
53 125 0.99972
53 126 0.999741
53 127 0.999762

54 0 0
54 1 1.00075
54 2 1.00075
54 3 1.00076
54 4 1.00076
54 5 1.00076
54 6 1.00076
54 7 1.00076
54 8 1.00076
54 9 1.00076
54 10 1.00076
54 11 1.00076
54 12 1.00076
54 13 1.00075
54 14 1.00075
54 15 1.00075
54 16 1.00075
54 17 1.00075
54 18 1.00074
54 19 1.00074
54 20 1.00073
54 21 1.00072
54 22 1.00072
54 23 1.00071
54 24 1.0007
54 25 1.00068
54 26 1.00067
54 27 1.00065
54 28 1.00064
54 29 1.00062
54 30 1.0006
54 31 1.00057
54 32 1.00054
54 33 1.00051
54 34 1.00048
54 35 1.00044
54 36 1.00041
54 37 1.00036
54 38 1.00032
54 39 1.00027
54 40 1.00022
54 41 1.00016
54 42 1.00011
54 43 1.00005
54 44 0.999984
54 45 0.99992
54 46 0.999853
54 47 0.999784
54 48 0.999715
54 49 0.999644
54 50 0.999572
54 51 0.9995
54 52 0.999427
54 53 0.999355
54 54 0.999284
54 55 0.999213
54 56 0.999144
54 57 0.999075
54 58 0.999009
54 59 0.998944
54 60 0.998882
54 61 0.998822
54 62 0.998765
54 63 0.99871
54 64 0.998658
54 65 0.998609
54 66 0.998563
54 67 0.99852
54 68 0.998481
54 69 0.998445
54 70 0.998412
54 71 0.998382
54 72 0.998356
54 73 0.998333
54 74 0.998313
54 75 0.998297
54 76 0.998284
54 77 0.998275
54 78 0.998268
54 79 0.998266
54 80 0.998266
54 81 0.99827
54 82 0.998276
54 83 0.998286
54 84 0.998299
54 85 0.998315
54 86 0.998334
54 87 0.998355
54 88 0.998379
54 89 0.998406
54 90 0.998435
54 91 0.998466
54 92 0.998499
54 93 0.998535
54 94 0.998572
54 95 0.99861
54 96 0.99865
54 97 0.998692
54 98 0.998734
54 99 0.998777
54 100 0.998821
54 101 0.998865
54 102 0.99891
54 103 0.998954
54 104 0.998998
54 105 0.999042
54 106 0.999085
54 107 0.999128
54 108 0.999169
54 109 0.99921
54 110 0.999249
54 111 0.999286
54 112 0.999322
54 113 0.999357
54 114 0.99939
54 115 0.999421
54 116 0.999451
54 117 0.999479
54 118 0.999506
54 119 0.999532
54 120 0.999556
54 121 0.99958
54 122 0.999603
54 123 0.999625
54 124 0.999647
54 125 0.999668
54 126 0.999689
54 127 0.999708

55 0 0
55 1 1.00076
55 2 1.00076
55 3 1.00076
55 4 1.00076
55 5 1.00076
55 6 1.00076
55 7 1.00076
55 8 1.00076
55 9 1.00076
55 10 1.00076
55 11 1.00076
55 12 1.00076
55 13 1.00076
55 14 1.00076
55 15 1.00076
55 16 1.00075
55 17 1.00075
55 18 1.00075
55 19 1.00074
55 20 1.00073
55 21 1.00073
55 22 1.00072
55 23 1.00071
55 24 1.0007
55 25 1.00069
55 26 1.00067
55 27 1.00066
55 28 1.00064
55 29 1.00062
55 30 1.00059
55 31 1.00057
55 32 1.00054
55 33 1.00051
55 34 1.00048
55 35 1.00044
55 36 1.0004
55 37 1.00035
55 38 1.00031
55 39 1.00026
55 40 1.0002
55 41 1.00015
55 42 1.00009
55 43 1.00003
55 44 0.999962
55 45 0.999895
55 46 0.999826
55 47 0.999756
55 48 0.999684
55 49 0.999611
55 50 0.999537
55 51 0.999463
55 52 0.999389
55 53 0.999315
55 54 0.999242
55 55 0.99917
55 56 0.999099
55 57 0.999029
55 58 0.998962
55 59 0.998896
55 60 0.998833
55 61 0.998772
55 62 0.998714
55 63 0.998659
55 64 0.998606
55 65 0.998557
55 66 0.998511
55 67 0.998468
55 68 0.998428
55 69 0.998391
55 70 0.998358
55 71 0.998328
55 72 0.998302
55 73 0.998279
55 74 0.99826
55 75 0.998244
55 76 0.998231
55 77 0.998221
55 78 0.998215
55 79 0.998213
55 80 0.998213
55 81 0.998217
55 82 0.998224
55 83 0.998234
55 84 0.998247
55 85 0.998263
55 86 0.998282
55 87 0.998304
55 88 0.998328
55 89 0.998355
55 90 0.998384
55 91 0.998415
55 92 0.998449
55 93 0.998484
55 94 0.998522
55 95 0.99856
55 96 0.998601
55 97 0.998642
55 98 0.998685
55 99 0.998728
55 100 0.998772
55 101 0.998816
55 102 0.998861
55 103 0.998905
55 104 0.99895
55 105 0.998993
55 106 0.999037
55 107 0.999079
55 108 0.99912
55 109 0.999161
55 110 0.999199
55 111 0.999237
55 112 0.999273
55 113 0.999307
55 114 0.99934
55 115 0.999371
55 116 0.999401
55 117 0.999429
55 118 0.999456
55 119 0.999481
55 120 0.999506
55 121 0.999529
55 122 0.999552
55 123 0.999574
55 124 0.999596
55 125 0.999617
55 126 0.999637
55 127 0.999656

56 0 0
56 1 1.00077
56 2 1.00077
56 3 1.00077
56 4 1.00077
56 5 1.00077
56 6 1.00077
56 7 1.00077
56 8 1.00077
56 9 1.00077
56 10 1.00077
56 11 1.00077
56 12 1.00077
56 13 1.00077
56 14 1.00076
56 15 1.00076
56 16 1.00076
56 17 1.00076
56 18 1.00075
56 19 1.00075
56 20 1.00074
56 21 1.00073
56 22 1.00072
56 23 1.00071
56 24 1.0007
56 25 1.00069
56 26 1.00068
56 27 1.00066
56 28 1.00064
56 29 1.00062
56 30 1.00059
56 31 1.00057
56 32 1.00054
56 33 1.00051
56 34 1.00047
56 35 1.00043
56 36 1.00039
56 37 1.00035
56 38 1.0003
56 39 1.00025
56 40 1.00019
56 41 1.00013
56 42 1.00007
56 43 1.00001
56 44 0.99994
56 45 0.999871
56 46 0.9998
56 47 0.999728
56 48 0.999654
56 49 0.999579
56 50 0.999503
56 51 0.999427
56 52 0.999351
56 53 0.999276
56 54 0.999201
56 55 0.999128
56 56 0.999055
56 57 0.998985
56 58 0.998916
56 59 0.99885
56 60 0.998785
56 61 0.998724
56 62 0.998665
56 63 0.998609
56 64 0.998556
56 65 0.998507
56 66 0.99846
56 67 0.998417
56 68 0.998377
56 69 0.99834
56 70 0.998307
56 71 0.998277
56 72 0.998251
56 73 0.998228
56 74 0.998208
56 75 0.998192
56 76 0.99818
56 77 0.99817
56 78 0.998165
56 79 0.998162
56 80 0.998163
56 81 0.998166
56 82 0.998174
56 83 0.998184
56 84 0.998197
56 85 0.998213
56 86 0.998232
56 87 0.998254
56 88 0.998278
56 89 0.998305
56 90 0.998335
56 91 0.998366
56 92 0.9984
56 93 0.998436
56 94 0.998473
56 95 0.998512
56 96 0.998552
56 97 0.998594
56 98 0.998637
56 99 0.99868
56 100 0.998724
56 101 0.998768
56 102 0.998813
56 103 0.998858
56 104 0.998902
56 105 0.998946
56 106 0.998989
56 107 0.999031
56 108 0.999072
56 109 0.999112
56 110 0.999151
56 111 0.999188
56 112 0.999224
56 113 0.999258
56 114 0.999291
56 115 0.999322
56 116 0.999351
56 117 0.999379
56 118 0.999406
56 119 0.999431
56 120 0.999456
56 121 0.999479
56 122 0.999502
56 123 0.999524
56 124 0.999545
56 125 0.999566
56 126 0.999585
56 127 0.999604

57 0 0
57 1 1.00077
57 2 1.00077
57 3 1.00077
57 4 1.00078
57 5 1.00078
57 6 1.00078
57 7 1.00078
57 8 1.00078
57 9 1.00078
57 10 1.00077
57 11 1.00077
57 12 1.00077
57 13 1.00077
57 14 1.00077
57 15 1.00077
57 16 1.00076
57 17 1.00076
57 18 1.00076
57 19 1.00075
57 20 1.00074
57 21 1.00074
57 22 1.00073
57 23 1.00072
57 24 1.00071
57 25 1.00069
57 26 1.00068
57 27 1.00066
57 28 1.00064
57 29 1.00062
57 30 1.00059
57 31 1.00057
57 32 1.00054
57 33 1.0005
57 34 1.00047
57 35 1.00043
57 36 1.00038
57 37 1.00034
57 38 1.00029
57 39 1.00023
57 40 1.00018
57 41 1.00012
57 42 1.00005
57 43 0.999988
57 44 0.999919
57 45 0.999848
57 46 0.999775
57 47 0.999701
57 48 0.999625
57 49 0.999548
57 50 0.99947
57 51 0.999393
57 52 0.999315
57 53 0.999238
57 54 0.999162
57 55 0.999087
57 56 0.999013
57 57 0.998942
57 58 0.998872
57 59 0.998805
57 60 0.99874
57 61 0.998678
57 62 0.998618
57 63 0.998562
57 64 0.998509
57 65 0.998459
57 66 0.998412
57 67 0.998368
57 68 0.998328
57 69 0.998292
57 70 0.998258
57 71 0.998228
57 72 0.998202
57 73 0.998179
57 74 0.99816
57 75 0.998144
57 76 0.998131
57 77 0.998122
57 78 0.998116
57 79 0.998113
57 80 0.998114
57 81 0.998118
57 82 0.998125
57 83 0.998136
57 84 0.998149
57 85 0.998165
57 86 0.998184
57 87 0.998206
57 88 0.998231
57 89 0.998258
57 90 0.998287
57 91 0.998319
57 92 0.998353
57 93 0.998389
57 94 0.998426
57 95 0.998465
57 96 0.998506
57 97 0.998547
57 98 0.99859
57 99 0.998633
57 100 0.998677
57 101 0.998722
57 102 0.998766
57 103 0.998811
57 104 0.998855
57 105 0.998899
57 106 0.998942
57 107 0.998984
57 108 0.999025
57 109 0.999065
57 110 0.999103
57 111 0.99914
57 112 0.999176
57 113 0.99921
57 114 0.999242
57 115 0.999273
57 116 0.999302
57 117 0.99933
57 118 0.999357
57 119 0.999382
57 120 0.999407
57 121 0.99943
57 122 0.999453
57 123 0.999475
57 124 0.999496
57 125 0.999516
57 126 0.999535
57 127 0.999552

58 0 0
58 1 1.00078
58 2 1.00078
58 3 1.00078
58 4 1.00078
58 5 1.00078
58 6 1.00078
58 7 1.00078
58 8 1.00078
58 9 1.00078
58 10 1.00078
58 11 1.00078
58 12 1.00078
58 13 1.00078
58 14 1.00078
58 15 1.00077
58 16 1.00077
58 17 1.00077
58 18 1.00076
58 19 1.00076
58 20 1.00075
58 21 1.00074
58 22 1.00073
58 23 1.00072
58 24 1.00071
58 25 1.0007
58 26 1.00068
58 27 1.00066
58 28 1.00064
58 29 1.00062
58 30 1.0006
58 31 1.00057
58 32 1.00054
58 33 1.0005
58 34 1.00046
58 35 1.00042
58 36 1.00038
58 37 1.00033
58 38 1.00028
58 39 1.00022
58 40 1.00016
58 41 1.0001
58 42 1.00004
58 43 0.99997
58 44 0.999899
58 45 0.999826
58 46 0.999751
58 47 0.999675
58 48 0.999597
58 49 0.999518
58 50 0.999439
58 51 0.99936
58 52 0.99928
58 53 0.999202
58 54 0.999124
58 55 0.999048
58 56 0.998973
58 57 0.998901
58 58 0.99883
58 59 0.998762
58 60 0.998696
58 61 0.998634
58 62 0.998574
58 63 0.998517
58 64 0.998463
58 65 0.998413
58 66 0.998366
58 67 0.998322
58 68 0.998282
58 69 0.998245
58 70 0.998212
58 71 0.998182
58 72 0.998156
58 73 0.998133
58 74 0.998113
58 75 0.998098
58 76 0.998085
58 77 0.998076
58 78 0.99807
58 79 0.998068
58 80 0.998068
58 81 0.998072
58 82 0.99808
58 83 0.99809
58 84 0.998103
58 85 0.99812
58 86 0.998139
58 87 0.998161
58 88 0.998185
58 89 0.998213
58 90 0.998242
58 91 0.998274
58 92 0.998308
58 93 0.998343
58 94 0.998381
58 95 0.99842
58 96 0.998461
58 97 0.998502
58 98 0.998545
58 99 0.998588
58 100 0.998632
58 101 0.998677
58 102 0.998721
58 103 0.998766
58 104 0.99881
58 105 0.998853
58 106 0.998896
58 107 0.998938
58 108 0.998979
58 109 0.999019
58 110 0.999057
58 111 0.999094
58 112 0.999129
58 113 0.999163
58 114 0.999195
58 115 0.999225
58 116 0.999255
58 117 0.999282
58 118 0.999309
58 119 0.999334
58 120 0.999359
58 121 0.999382
58 122 0.999405
58 123 0.999426
58 124 0.999447
58 125 0.999466
58 126 0.999485
58 127 0.999502

59 0 0
59 1 1.00079
59 2 1.00079
59 3 1.00079
59 4 1.00079
59 5 1.00079
59 6 1.00079
59 7 1.00079
59 8 1.00079
59 9 1.00079
59 10 1.00079
59 11 1.00079
59 12 1.00078
59 13 1.00078
59 14 1.00078
59 15 1.00078
59 16 1.00078
59 17 1.00077
59 18 1.00077
59 19 1.00076
59 20 1.00075
59 21 1.00075
59 22 1.00074
59 23 1.00073
59 24 1.00071
59 25 1.0007
59 26 1.00068
59 27 1.00067
59 28 1.00065
59 29 1.00062
59 30 1.0006
59 31 1.00057
59 32 1.00054
59 33 1.0005
59 34 1.00046
59 35 1.00042
59 36 1.00037
59 37 1.00032
59 38 1.00027
59 39 1.00021
59 40 1.00015
59 41 1.00009
59 42 1.00002
59 43 0.999953
59 44 0.99988
59 45 0.999805
59 46 0.999729
59 47 0.99965
59 48 0.99957
59 49 0.99949
59 50 0.999409
59 51 0.999328
59 52 0.999247
59 53 0.999167
59 54 0.999088
59 55 0.999011
59 56 0.998935
59 57 0.998861
59 58 0.99879
59 59 0.998721
59 60 0.998655
59 61 0.998592
59 62 0.998531
59 63 0.998474
59 64 0.99842
59 65 0.99837
59 66 0.998323
59 67 0.998279
59 68 0.998238
59 69 0.998202
59 70 0.998168
59 71 0.998139
59 72 0.998112
59 73 0.998089
59 74 0.99807
59 75 0.998054
59 76 0.998042
59 77 0.998033
59 78 0.998027
59 79 0.998024
59 80 0.998025
59 81 0.998029
59 82 0.998037
59 83 0.998047
59 84 0.99806
59 85 0.998077
59 86 0.998096
59 87 0.998118
59 88 0.998143
59 89 0.99817
59 90 0.998199
59 91 0.998231
59 92 0.998265
59 93 0.998301
59 94 0.998338
59 95 0.998377
59 96 0.998418
59 97 0.998459
59 98 0.998502
59 99 0.998545
59 100 0.998589
59 101 0.998633
59 102 0.998678
59 103 0.998722
59 104 0.998766
59 105 0.998809
59 106 0.998852
59 107 0.998894
59 108 0.998934
59 109 0.998974
59 110 0.999012
59 111 0.999048
59 112 0.999083
59 113 0.999117
59 114 0.999149
59 115 0.999179
59 116 0.999208
59 117 0.999236
59 118 0.999262
59 119 0.999288
59 120 0.999312
59 121 0.999335
59 122 0.999358
59 123 0.999379
59 124 0.999399
59 125 0.999418
59 126 0.999436
59 127 0.999452

60 0 0
60 1 1.0008
60 2 1.0008
60 3 1.0008
60 4 1.0008
60 5 1.0008
60 6 1.0008
60 7 1.00079
60 8 1.00079
60 9 1.00079
60 10 1.00079
60 11 1.00079
60 12 1.00079
60 13 1.00079
60 14 1.00079
60 15 1.00078
60 16 1.00078
60 17 1.00078
60 18 1.00077
60 19 1.00077
60 20 1.00076
60 21 1.00075
60 22 1.00074
60 23 1.00073
60 24 1.00072
60 25 1.0007
60 26 1.00069
60 27 1.00067
60 28 1.00065
60 29 1.00062
60 30 1.0006
60 31 1.00057
60 32 1.00054
60 33 1.0005
60 34 1.00046
60 35 1.00042
60 36 1.00037
60 37 1.00032
60 38 1.00026
60 39 1.0002
60 40 1.00014
60 41 1.00008
60 42 1.00001
60 43 0.999937
60 44 0.999862
60 45 0.999786
60 46 0.999707
60 47 0.999627
60 48 0.999545
60 49 0.999463
60 50 0.999381
60 51 0.999298
60 52 0.999216
60 53 0.999134
60 54 0.999054
60 55 0.998976
60 56 0.998899
60 57 0.998824
60 58 0.998752
60 59 0.998683
60 60 0.998616
60 61 0.998552
60 62 0.998492
60 63 0.998434
60 64 0.99838
60 65 0.998329
60 66 0.998282
60 67 0.998238
60 68 0.998198
60 69 0.998161
60 70 0.998128
60 71 0.998098
60 72 0.998071
60 73 0.998049
60 74 0.998029
60 75 0.998013
60 76 0.998001
60 77 0.997992
60 78 0.997986
60 79 0.997984
60 80 0.997985
60 81 0.997989
60 82 0.997996
60 83 0.998007
60 84 0.99802
60 85 0.998036
60 86 0.998056
60 87 0.998078
60 88 0.998102
60 89 0.998129
60 90 0.998159
60 91 0.998191
60 92 0.998224
60 93 0.99826
60 94 0.998298
60 95 0.998337
60 96 0.998377
60 97 0.998418
60 98 0.998461
60 99 0.998504
60 100 0.998548
60 101 0.998592
60 102 0.998636
60 103 0.99868
60 104 0.998724
60 105 0.998767
60 106 0.99881
60 107 0.998851
60 108 0.998891
60 109 0.99893
60 110 0.998968
60 111 0.999005
60 112 0.999039
60 113 0.999073
60 114 0.999104
60 115 0.999134
60 116 0.999163
60 117 0.999191
60 118 0.999217
60 119 0.999242
60 120 0.999266
60 121 0.99929
60 122 0.999312
60 123 0.999333
60 124 0.999353
60 125 0.999372
60 126 0.999389
60 127 0.999404

61 0 0
61 1 1.0008
61 2 1.0008
61 3 1.0008
61 4 1.0008
61 5 1.0008
61 6 1.0008
61 7 1.0008
61 8 1.0008
61 9 1.0008
61 10 1.0008
61 11 1.0008
61 12 1.0008
61 13 1.0008
61 14 1.00079
61 15 1.00079
61 16 1.00079
61 17 1.00078
61 18 1.00078
61 19 1.00077
61 20 1.00077
61 21 1.00076
61 22 1.00075
61 23 1.00074
61 24 1.00072
61 25 1.00071
61 26 1.00069
61 27 1.00067
61 28 1.00065
61 29 1.00063
61 30 1.0006
61 31 1.00057
61 32 1.00054
61 33 1.0005
61 34 1.00046
61 35 1.00041
61 36 1.00036
61 37 1.00031
61 38 1.00026
61 39 1.0002
61 40 1.00013
61 41 1.00007
61 42 0.999995
61 43 0.999922
61 44 0.999846
61 45 0.999767
61 46 0.999687
61 47 0.999605
61 48 0.999522
61 49 0.999438
61 50 0.999354
61 51 0.99927
61 52 0.999186
61 53 0.999104
61 54 0.999023
61 55 0.998943
61 56 0.998865
61 57 0.99879
61 58 0.998717
61 59 0.998647
61 60 0.99858
61 61 0.998515
61 62 0.998454
61 63 0.998397
61 64 0.998342
61 65 0.998291
61 66 0.998244
61 67 0.9982
61 68 0.99816
61 69 0.998123
61 70 0.99809
61 71 0.99806
61 72 0.998034
61 73 0.998011
61 74 0.997992
61 75 0.997976
61 76 0.997963
61 77 0.997954
61 78 0.997949
61 79 0.997946
61 80 0.997947
61 81 0.997952
61 82 0.997959
61 83 0.997969
61 84 0.997983
61 85 0.997999
61 86 0.998018
61 87 0.99804
61 88 0.998065
61 89 0.998092
61 90 0.998121
61 91 0.998153
61 92 0.998186
61 93 0.998222
61 94 0.998259
61 95 0.998298
61 96 0.998339
61 97 0.99838
61 98 0.998422
61 99 0.998465
61 100 0.998509
61 101 0.998553
61 102 0.998597
61 103 0.998641
61 104 0.998684
61 105 0.998727
61 106 0.998769
61 107 0.99881
61 108 0.99885
61 109 0.998889
61 110 0.998927
61 111 0.998963
61 112 0.998997
61 113 0.99903
61 114 0.999061
61 115 0.999091
61 116 0.99912
61 117 0.999147
61 118 0.999173
61 119 0.999198
61 120 0.999223
61 121 0.999246
61 122 0.999268
61 123 0.999289
61 124 0.999309
61 125 0.999327
61 126 0.999343
61 127 0.999358

62 0 0
62 1 1.00081
62 2 1.00081
62 3 1.00081
62 4 1.00081
62 5 1.00081
62 6 1.00081
62 7 1.00081
62 8 1.00081
62 9 1.00081
62 10 1.00081
62 11 1.0008
62 12 1.0008
62 13 1.0008
62 14 1.0008
62 15 1.0008
62 16 1.00079
62 17 1.00079
62 18 1.00078
62 19 1.00078
62 20 1.00077
62 21 1.00076
62 22 1.00075
62 23 1.00074
62 24 1.00073
62 25 1.00071
62 26 1.0007
62 27 1.00068
62 28 1.00066
62 29 1.00063
62 30 1.0006
62 31 1.00057
62 32 1.00054
62 33 1.0005
62 34 1.00046
62 35 1.00041
62 36 1.00036
62 37 1.00031
62 38 1.00025
62 39 1.00019
62 40 1.00012
62 41 1.00006
62 42 0.999984
62 43 0.999909
62 44 0.999831
62 45 0.999751
62 46 0.999669
62 47 0.999585
62 48 0.9995
62 49 0.999415
62 50 0.999329
62 51 0.999244
62 52 0.999159
62 53 0.999075
62 54 0.998993
62 55 0.998912
62 56 0.998834
62 57 0.998758
62 58 0.998684
62 59 0.998613
62 60 0.998546
62 61 0.998481
62 62 0.99842
62 63 0.998362
62 64 0.998307
62 65 0.998256
62 66 0.998209
62 67 0.998165
62 68 0.998125
62 69 0.998088
62 70 0.998055
62 71 0.998025
62 72 0.997999
62 73 0.997976
62 74 0.997957
62 75 0.997941
62 76 0.997929
62 77 0.99792
62 78 0.997914
62 79 0.997912
62 80 0.997913
62 81 0.997917
62 82 0.997924
62 83 0.997935
62 84 0.997948
62 85 0.997964
62 86 0.997983
62 87 0.998005
62 88 0.99803
62 89 0.998057
62 90 0.998086
62 91 0.998118
62 92 0.998151
62 93 0.998187
62 94 0.998224
62 95 0.998263
62 96 0.998303
62 97 0.998344
62 98 0.998386
62 99 0.998429
62 100 0.998472
62 101 0.998516
62 102 0.99856
62 103 0.998603
62 104 0.998646
62 105 0.998689
62 106 0.998731
62 107 0.998772
62 108 0.998811
62 109 0.99885
62 110 0.998887
62 111 0.998922
62 112 0.998957
62 113 0.998989
62 114 0.99902
62 115 0.99905
62 116 0.999078
62 117 0.999106
62 118 0.999132
62 119 0.999157
62 120 0.99918
62 121 0.999203
62 122 0.999225
62 123 0.999246
62 124 0.999266
62 125 0.999283
62 126 0.9993
62 127 0.999313

63 0 0
63 1 1.00082
63 2 1.00082
63 3 1.00082
63 4 1.00082
63 5 1.00082
63 6 1.00081
63 7 1.00081
63 8 1.00081
63 9 1.00081
63 10 1.00081
63 11 1.00081
63 12 1.00081
63 13 1.00081
63 14 1.0008
63 15 1.0008
63 16 1.0008
63 17 1.00079
63 18 1.00079
63 19 1.00078
63 20 1.00078
63 21 1.00077
63 22 1.00076
63 23 1.00075
63 24 1.00073
63 25 1.00072
63 26 1.0007
63 27 1.00068
63 28 1.00066
63 29 1.00063
63 30 1.00061
63 31 1.00057
63 32 1.00054
63 33 1.0005
63 34 1.00046
63 35 1.00041
63 36 1.00036
63 37 1.0003
63 38 1.00025
63 39 1.00018
63 40 1.00012
63 41 1.00005
63 42 0.999973
63 43 0.999897
63 44 0.999817
63 45 0.999736
63 46 0.999652
63 47 0.999567
63 48 0.999481
63 49 0.999394
63 50 0.999307
63 51 0.99922
63 52 0.999134
63 53 0.999049
63 54 0.998966
63 55 0.998884
63 56 0.998805
63 57 0.998728
63 58 0.998654
63 59 0.998583
63 60 0.998515
63 61 0.99845
63 62 0.998388
63 63 0.99833
63 64 0.998276
63 65 0.998225
63 66 0.998177
63 67 0.998133
63 68 0.998093
63 69 0.998056
63 70 0.998023
63 71 0.997993
63 72 0.997967
63 73 0.997945
63 74 0.997925
63 75 0.99791
63 76 0.997897
63 77 0.997888
63 78 0.997883
63 79 0.997881
63 80 0.997881
63 81 0.997886
63 82 0.997893
63 83 0.997903
63 84 0.997917
63 85 0.997933
63 86 0.997952
63 87 0.997973
63 88 0.997998
63 89 0.998025
63 90 0.998054
63 91 0.998085
63 92 0.998119
63 93 0.998154
63 94 0.998191
63 95 0.99823
63 96 0.998269
63 97 0.99831
63 98 0.998352
63 99 0.998395
63 100 0.998438
63 101 0.998481
63 102 0.998525
63 103 0.998568
63 104 0.998611
63 105 0.998653
63 106 0.998695
63 107 0.998735
63 108 0.998774
63 109 0.998813
63 110 0.998849
63 111 0.998885
63 112 0.998918
63 113 0.998951
63 114 0.998981
63 115 0.999011
63 116 0.999039
63 117 0.999066
63 118 0.999092
63 119 0.999117
63 120 0.99914
63 121 0.999163
63 122 0.999185
63 123 0.999206
63 124 0.999225
63 125 0.999242
63 126 0.999258
63 127 0.99927

64 0 0
64 1 1.00082
64 2 1.00082
64 3 1.00082
64 4 1.00082
64 5 1.00082
64 6 1.00082
64 7 1.00082
64 8 1.00082
64 9 1.00082
64 10 1.00082
64 11 1.00082
64 12 1.00082
64 13 1.00081
64 14 1.00081
64 15 1.00081
64 16 1.0008
64 17 1.0008
64 18 1.0008
64 19 1.00079
64 20 1.00078
64 21 1.00077
64 22 1.00076
64 23 1.00075
64 24 1.00074
64 25 1.00072
64 26 1.00071
64 27 1.00069
64 28 1.00066
64 29 1.00064
64 30 1.00061
64 31 1.00058
64 32 1.00054
64 33 1.0005
64 34 1.00046
64 35 1.00041
64 36 1.00036
64 37 1.0003
64 38 1.00024
64 39 1.00018
64 40 1.00011
64 41 1.00004
64 42 0.999965
64 43 0.999886
64 44 0.999806
64 45 0.999722
64 46 0.999637
64 47 0.999551
64 48 0.999463
64 49 0.999375
64 50 0.999286
64 51 0.999198
64 52 0.999111
64 53 0.999025
64 54 0.998941
64 55 0.998859
64 56 0.998779
64 57 0.998701
64 58 0.998627
64 59 0.998555
64 60 0.998486
64 61 0.998421
64 62 0.99836
64 63 0.998301
64 64 0.998247
64 65 0.998196
64 66 0.998148
64 67 0.998104
64 68 0.998064
64 69 0.998027
64 70 0.997994
64 71 0.997965
64 72 0.997939
64 73 0.997916
64 74 0.997897
64 75 0.997881
64 76 0.997869
64 77 0.99786
64 78 0.997855
64 79 0.997852
64 80 0.997853
64 81 0.997857
64 82 0.997865
64 83 0.997875
64 84 0.997888
64 85 0.997904
64 86 0.997923
64 87 0.997945
64 88 0.997969
64 89 0.997996
64 90 0.998025
64 91 0.998056
64 92 0.998089
64 93 0.998124
64 94 0.998161
64 95 0.998199
64 96 0.998239
64 97 0.99828
64 98 0.998321
64 99 0.998364
64 100 0.998407
64 101 0.99845
64 102 0.998493
64 103 0.998536
64 104 0.998578
64 105 0.99862
64 106 0.998661
64 107 0.998701
64 108 0.99874
64 109 0.998778
64 110 0.998814
64 111 0.998849
64 112 0.998882
64 113 0.998914
64 114 0.998945
64 115 0.998974
64 116 0.999002
64 117 0.999029
64 118 0.999054
64 119 0.999079
64 120 0.999103
64 121 0.999125
64 122 0.999147
64 123 0.999167
64 124 0.999186
64 125 0.999203
64 126 0.999218
64 127 0.99923

65 0 0
65 1 1.00083
65 2 1.00083
65 3 1.00083
65 4 1.00083
65 5 1.00083
65 6 1.00083
65 7 1.00083
65 8 1.00083
65 9 1.00083
65 10 1.00082
65 11 1.00082
65 12 1.00082
65 13 1.00082
65 14 1.00082
65 15 1.00081
65 16 1.00081
65 17 1.00081
65 18 1.0008
65 19 1.0008
65 20 1.00079
65 21 1.00078
65 22 1.00077
65 23 1.00076
65 24 1.00075
65 25 1.00073
65 26 1.00071
65 27 1.00069
65 28 1.00067
65 29 1.00064
65 30 1.00061
65 31 1.00058
65 32 1.00054
65 33 1.0005
65 34 1.00046
65 35 1.00041
65 36 1.00036
65 37 1.0003
65 38 1.00024
65 39 1.00018
65 40 1.00011
65 41 1.00003
65 42 0.999957
65 43 0.999878
65 44 0.999796
65 45 0.999711
65 46 0.999624
65 47 0.999536
65 48 0.999447
65 49 0.999358
65 50 0.999268
65 51 0.999179
65 52 0.999091
65 53 0.999004
65 54 0.998919
65 55 0.998836
65 56 0.998755
65 57 0.998677
65 58 0.998602
65 59 0.99853
65 60 0.998461
65 61 0.998396
65 62 0.998334
65 63 0.998276
65 64 0.998221
65 65 0.99817
65 66 0.998122
65 67 0.998078
65 68 0.998038
65 69 0.998002
65 70 0.997969
65 71 0.997939
65 72 0.997913
65 73 0.997891
65 74 0.997872
65 75 0.997856
65 76 0.997844
65 77 0.997835
65 78 0.997829
65 79 0.997827
65 80 0.997828
65 81 0.997832
65 82 0.997839
65 83 0.99785
65 84 0.997863
65 85 0.997879
65 86 0.997898
65 87 0.997919
65 88 0.997943
65 89 0.99797
65 90 0.997999
65 91 0.99803
65 92 0.998063
65 93 0.998098
65 94 0.998134
65 95 0.998172
65 96 0.998212
65 97 0.998252
65 98 0.998293
65 99 0.998335
65 100 0.998378
65 101 0.998421
65 102 0.998463
65 103 0.998506
65 104 0.998548
65 105 0.998589
65 106 0.99863
65 107 0.99867
65 108 0.998708
65 109 0.998745
65 110 0.998781
65 111 0.998816
65 112 0.998849
65 113 0.99888
65 114 0.998911
65 115 0.99894
65 116 0.998967
65 117 0.998994
65 118 0.999019
65 119 0.999044
65 120 0.999067
65 121 0.99909
65 122 0.999111
65 123 0.999131
65 124 0.99915
65 125 0.999166
65 126 0.99918
65 127 0.999192

66 0 0
66 1 1.00084
66 2 1.00084
66 3 1.00084
66 4 1.00084
66 5 1.00084
66 6 1.00083
66 7 1.00083
66 8 1.00083
66 9 1.00083
66 10 1.00083
66 11 1.00083
66 12 1.00083
66 13 1.00083
66 14 1.00082
66 15 1.00082
66 16 1.00082
66 17 1.00081
66 18 1.00081
66 19 1.0008
66 20 1.00079
66 21 1.00079
66 22 1.00078
66 23 1.00076
66 24 1.00075
66 25 1.00074
66 26 1.00072
66 27 1.0007
66 28 1.00067
66 29 1.00065
66 30 1.00062
66 31 1.00058
66 32 1.00055
66 33 1.00051
66 34 1.00046
66 35 1.00041
66 36 1.00036
66 37 1.0003
66 38 1.00024
66 39 1.00017
66 40 1.0001
66 41 1.00003
66 42 0.999952
66 43 0.999871
66 44 0.999788
66 45 0.999702
66 46 0.999614
66 47 0.999524
66 48 0.999434
66 49 0.999343
66 50 0.999253
66 51 0.999162
66 52 0.999073
66 53 0.998985
66 54 0.998899
66 55 0.998816
66 56 0.998734
66 57 0.998656
66 58 0.99858
66 59 0.998508
66 60 0.998439
66 61 0.998373
66 62 0.998311
66 63 0.998253
66 64 0.998198
66 65 0.998147
66 66 0.9981
66 67 0.998056
66 68 0.998016
66 69 0.997979
66 70 0.997946
66 71 0.997917
66 72 0.997891
66 73 0.997869
66 74 0.99785
66 75 0.997834
66 76 0.997822
66 77 0.997813
66 78 0.997808
66 79 0.997805
66 80 0.997806
66 81 0.99781
66 82 0.997817
66 83 0.997828
66 84 0.997841
66 85 0.997857
66 86 0.997875
66 87 0.997897
66 88 0.997921
66 89 0.997947
66 90 0.997976
66 91 0.998006
66 92 0.998039
66 93 0.998074
66 94 0.99811
66 95 0.998148
66 96 0.998187
66 97 0.998227
66 98 0.998268
66 99 0.99831
66 100 0.998352
66 101 0.998395
66 102 0.998437
66 103 0.998479
66 104 0.998521
66 105 0.998562
66 106 0.998602
66 107 0.998641
66 108 0.998679
66 109 0.998716
66 110 0.998751
66 111 0.998785
66 112 0.998818
66 113 0.998849
66 114 0.998879
66 115 0.998908
66 116 0.998935
66 117 0.998961
66 118 0.998987
66 119 0.999011
66 120 0.999034
66 121 0.999057
66 122 0.999078
66 123 0.999098
66 124 0.999116
66 125 0.999132
66 126 0.999145
66 127 0.999156

67 0 0
67 1 1.00085
67 2 1.00084
67 3 1.00084
67 4 1.00084
67 5 1.00084
67 6 1.00084
67 7 1.00084
67 8 1.00084
67 9 1.00084
67 10 1.00084
67 11 1.00084
67 12 1.00083
67 13 1.00083
67 14 1.00083
67 15 1.00083
67 16 1.00082
67 17 1.00082
67 18 1.00081
67 19 1.00081
67 20 1.0008
67 21 1.00079
67 22 1.00078
67 23 1.00077
67 24 1.00076
67 25 1.00074
67 26 1.00072
67 27 1.0007
67 28 1.00068
67 29 1.00065
67 30 1.00062
67 31 1.00059
67 32 1.00055
67 33 1.00051
67 34 1.00047
67 35 1.00042
67 36 1.00036
67 37 1.0003
67 38 1.00024
67 39 1.00017
67 40 1.0001
67 41 1.00003
67 42 0.999948
67 43 0.999866
67 44 0.999782
67 45 0.999694
67 46 0.999605
67 47 0.999515
67 48 0.999423
67 49 0.999331
67 50 0.99924
67 51 0.999148
67 52 0.999058
67 53 0.99897
67 54 0.998883
67 55 0.998798
67 56 0.998717
67 57 0.998638
67 58 0.998562
67 59 0.998489
67 60 0.99842
67 61 0.998354
67 62 0.998292
67 63 0.998233
67 64 0.998178
67 65 0.998127
67 66 0.99808
67 67 0.998036
67 68 0.997996
67 69 0.99796
67 70 0.997927
67 71 0.997898
67 72 0.997872
67 73 0.99785
67 74 0.997831
67 75 0.997815
67 76 0.997803
67 77 0.997794
67 78 0.997789
67 79 0.997787
67 80 0.997788
67 81 0.997792
67 82 0.997799
67 83 0.997809
67 84 0.997822
67 85 0.997838
67 86 0.997856
67 87 0.997877
67 88 0.997901
67 89 0.997927
67 90 0.997956
67 91 0.997986
67 92 0.998019
67 93 0.998053
67 94 0.99809
67 95 0.998127
67 96 0.998166
67 97 0.998206
67 98 0.998246
67 99 0.998288
67 100 0.998329
67 101 0.998371
67 102 0.998413
67 103 0.998455
67 104 0.998496
67 105 0.998537
67 106 0.998576
67 107 0.998615
67 108 0.998653
67 109 0.998689
67 110 0.998724
67 111 0.998758
67 112 0.99879
67 113 0.998821
67 114 0.99885
67 115 0.998879
67 116 0.998906
67 117 0.998932
67 118 0.998957
67 119 0.998981
67 120 0.999004
67 121 0.999026
67 122 0.999047
67 123 0.999067
67 124 0.999085
67 125 0.9991
67 126 0.999113
67 127 0.999123

68 0 0
68 1 1.00085
68 2 1.00085
68 3 1.00085
68 4 1.00085
68 5 1.00085
68 6 1.00085
68 7 1.00085
68 8 1.00085
68 9 1.00084
68 10 1.00084
68 11 1.00084
68 12 1.00084
68 13 1.00084
68 14 1.00084
68 15 1.00083
68 16 1.00083
68 17 1.00083
68 18 1.00082
68 19 1.00081
68 20 1.00081
68 21 1.0008
68 22 1.00079
68 23 1.00078
68 24 1.00076
68 25 1.00075
68 26 1.00073
68 27 1.00071
68 28 1.00069
68 29 1.00066
68 30 1.00063
68 31 1.0006
68 32 1.00056
68 33 1.00052
68 34 1.00047
68 35 1.00042
68 36 1.00037
68 37 1.00031
68 38 1.00024
68 39 1.00017
68 40 1.0001
68 41 1.00003
68 42 0.999947
68 43 0.999864
68 44 0.999778
68 45 0.999689
68 46 0.999599
68 47 0.999507
68 48 0.999415
68 49 0.999322
68 50 0.999229
68 51 0.999137
68 52 0.999046
68 53 0.998957
68 54 0.998869
68 55 0.998784
68 56 0.998702
68 57 0.998622
68 58 0.998546
68 59 0.998473
68 60 0.998403
68 61 0.998338
68 62 0.998275
68 63 0.998217
68 64 0.998162
68 65 0.998111
68 66 0.998064
68 67 0.99802
68 68 0.99798
68 69 0.997944
68 70 0.997911
68 71 0.997882
68 72 0.997856
68 73 0.997834
68 74 0.997815
68 75 0.9978
68 76 0.997788
68 77 0.997779
68 78 0.997774
68 79 0.997771
68 80 0.997772
68 81 0.997776
68 82 0.997783
68 83 0.997793
68 84 0.997806
68 85 0.997822
68 86 0.99784
68 87 0.997861
68 88 0.997885
68 89 0.997911
68 90 0.997939
68 91 0.99797
68 92 0.998002
68 93 0.998036
68 94 0.998072
68 95 0.998109
68 96 0.998148
68 97 0.998187
68 98 0.998228
68 99 0.998269
68 100 0.99831
68 101 0.998351
68 102 0.998393
68 103 0.998434
68 104 0.998475
68 105 0.998515
68 106 0.998554
68 107 0.998592
68 108 0.998629
68 109 0.998665
68 110 0.9987
68 111 0.998733
68 112 0.998765
68 113 0.998795
68 114 0.998824
68 115 0.998852
68 116 0.998879
68 117 0.998905
68 118 0.99893
68 119 0.998954
68 120 0.998977
68 121 0.998999
68 122 0.999019
68 123 0.999039
68 124 0.999056
68 125 0.999071
68 126 0.999084
68 127 0.999093

69 0 0
69 1 1.00086
69 2 1.00086
69 3 1.00086
69 4 1.00086
69 5 1.00086
69 6 1.00085
69 7 1.00085
69 8 1.00085
69 9 1.00085
69 10 1.00085
69 11 1.00085
69 12 1.00085
69 13 1.00084
69 14 1.00084
69 15 1.00084
69 16 1.00084
69 17 1.00083
69 18 1.00083
69 19 1.00082
69 20 1.00081
69 21 1.0008
69 22 1.0008
69 23 1.00078
69 24 1.00077
69 25 1.00075
69 26 1.00074
69 27 1.00072
69 28 1.00069
69 29 1.00067
69 30 1.00064
69 31 1.0006
69 32 1.00056
69 33 1.00052
69 34 1.00048
69 35 1.00042
69 36 1.00037
69 37 1.00031
69 38 1.00025
69 39 1.00018
69 40 1.0001
69 41 1.00003
69 42 0.999947
69 43 0.999863
69 44 0.999776
69 45 0.999687
69 46 0.999595
69 47 0.999503
69 48 0.999409
69 49 0.999315
69 50 0.999221
69 51 0.999128
69 52 0.999037
69 53 0.998946
69 54 0.998858
69 55 0.998773
69 56 0.99869
69 57 0.99861
69 58 0.998533
69 59 0.99846
69 60 0.99839
69 61 0.998324
69 62 0.998262
69 63 0.998203
69 64 0.998149
69 65 0.998098
69 66 0.99805
69 67 0.998007
69 68 0.997967
69 69 0.997931
69 70 0.997898
69 71 0.997869
69 72 0.997843
69 73 0.997821
69 74 0.997803
69 75 0.997787
69 76 0.997775
69 77 0.997767
69 78 0.997761
69 79 0.997759
69 80 0.99776
69 81 0.997764
69 82 0.997771
69 83 0.997781
69 84 0.997794
69 85 0.997809
69 86 0.997828
69 87 0.997849
69 88 0.997872
69 89 0.997898
69 90 0.997926
69 91 0.997956
69 92 0.997988
69 93 0.998022
69 94 0.998058
69 95 0.998095
69 96 0.998133
69 97 0.998172
69 98 0.998212
69 99 0.998253
69 100 0.998293
69 101 0.998335
69 102 0.998376
69 103 0.998416
69 104 0.998457
69 105 0.998496
69 106 0.998535
69 107 0.998573
69 108 0.998609
69 109 0.998645
69 110 0.998679
69 111 0.998711
69 112 0.998743
69 113 0.998773
69 114 0.998801
69 115 0.998829
69 116 0.998856
69 117 0.998881
69 118 0.998906
69 119 0.99893
69 120 0.998952
69 121 0.998974
69 122 0.998995
69 123 0.999014
69 124 0.999031
69 125 0.999045
69 126 0.999057
69 127 0.999065

70 0 0
70 1 1.00087
70 2 1.00087
70 3 1.00086
70 4 1.00086
70 5 1.00086
70 6 1.00086
70 7 1.00086
70 8 1.00086
70 9 1.00086
70 10 1.00086
70 11 1.00085
70 12 1.00085
70 13 1.00085
70 14 1.00085
70 15 1.00084
70 16 1.00084
70 17 1.00084
70 18 1.00083
70 19 1.00083
70 20 1.00082
70 21 1.00081
70 22 1.0008
70 23 1.00079
70 24 1.00078
70 25 1.00076
70 26 1.00074
70 27 1.00072
70 28 1.0007
70 29 1.00067
70 30 1.00064
70 31 1.00061
70 32 1.00057
70 33 1.00053
70 34 1.00048
70 35 1.00043
70 36 1.00038
70 37 1.00032
70 38 1.00025
70 39 1.00018
70 40 1.00011
70 41 1.00003
70 42 0.999949
70 43 0.999864
70 44 0.999776
70 45 0.999686
70 46 0.999594
70 47 0.9995
70 48 0.999406
70 49 0.999311
70 50 0.999216
70 51 0.999123
70 52 0.99903
70 53 0.998939
70 54 0.998851
70 55 0.998764
70 56 0.998681
70 57 0.998601
70 58 0.998524
70 59 0.99845
70 60 0.99838
70 61 0.998314
70 62 0.998252
70 63 0.998193
70 64 0.998138
70 65 0.998087
70 66 0.99804
70 67 0.997997
70 68 0.997957
70 69 0.997921
70 70 0.997888
70 71 0.997859
70 72 0.997834
70 73 0.997812
70 74 0.997793
70 75 0.997778
70 76 0.997766
70 77 0.997758
70 78 0.997752
70 79 0.99775
70 80 0.997751
70 81 0.997755
70 82 0.997762
70 83 0.997772
70 84 0.997784
70 85 0.9978
70 86 0.997818
70 87 0.997839
70 88 0.997862
70 89 0.997888
70 90 0.997916
70 91 0.997946
70 92 0.997978
70 93 0.998011
70 94 0.998047
70 95 0.998083
70 96 0.998121
70 97 0.99816
70 98 0.9982
70 99 0.99824
70 100 0.99828
70 101 0.998321
70 102 0.998361
70 103 0.998402
70 104 0.998441
70 105 0.998481
70 106 0.998519
70 107 0.998556
70 108 0.998592
70 109 0.998627
70 110 0.998661
70 111 0.998693
70 112 0.998724
70 113 0.998753
70 114 0.998782
70 115 0.998809
70 116 0.998835
70 117 0.998861
70 118 0.998885
70 119 0.998909
70 120 0.998931
70 121 0.998953
70 122 0.998973
70 123 0.998992
70 124 0.999008
70 125 0.999022
70 126 0.999034
70 127 0.999041

71 0 0
71 1 1.00087
71 2 1.00087
71 3 1.00087
71 4 1.00087
71 5 1.00087
71 6 1.00087
71 7 1.00087
71 8 1.00086
71 9 1.00086
71 10 1.00086
71 11 1.00086
71 12 1.00086
71 13 1.00086
71 14 1.00085
71 15 1.00085
71 16 1.00085
71 17 1.00084
71 18 1.00084
71 19 1.00083
71 20 1.00083
71 21 1.00082
71 22 1.00081
71 23 1.0008
71 24 1.00078
71 25 1.00077
71 26 1.00075
71 27 1.00073
71 28 1.00071
71 29 1.00068
71 30 1.00065
71 31 1.00062
71 32 1.00058
71 33 1.00054
71 34 1.00049
71 35 1.00044
71 36 1.00038
71 37 1.00032
71 38 1.00026
71 39 1.00019
71 40 1.00011
71 41 1.00003
71 42 0.999953
71 43 0.999868
71 44 0.999779
71 45 0.999688
71 46 0.999595
71 47 0.999501
71 48 0.999405
71 49 0.99931
71 50 0.999214
71 51 0.99912
71 52 0.999027
71 53 0.998935
71 54 0.998846
71 55 0.998759
71 56 0.998675
71 57 0.998595
71 58 0.998517
71 59 0.998444
71 60 0.998373
71 61 0.998307
71 62 0.998245
71 63 0.998186
71 64 0.998131
71 65 0.99808
71 66 0.998033
71 67 0.99799
71 68 0.99795
71 69 0.997914
71 70 0.997882
71 71 0.997853
71 72 0.997828
71 73 0.997806
71 74 0.997787
71 75 0.997772
71 76 0.99776
71 77 0.997752
71 78 0.997746
71 79 0.997744
71 80 0.997745
71 81 0.997749
71 82 0.997756
71 83 0.997766
71 84 0.997779
71 85 0.997794
71 86 0.997812
71 87 0.997833
71 88 0.997856
71 89 0.997881
71 90 0.997909
71 91 0.997939
71 92 0.997971
71 93 0.998004
71 94 0.998039
71 95 0.998075
71 96 0.998113
71 97 0.998151
71 98 0.998191
71 99 0.99823
71 100 0.99827
71 101 0.998311
71 102 0.998351
71 103 0.99839
71 104 0.99843
71 105 0.998468
71 106 0.998506
71 107 0.998543
71 108 0.998578
71 109 0.998613
71 110 0.998646
71 111 0.998677
71 112 0.998708
71 113 0.998737
71 114 0.998765
71 115 0.998792
71 116 0.998818
71 117 0.998843
71 118 0.998867
71 119 0.998891
71 120 0.998913
71 121 0.998935
71 122 0.998955
71 123 0.998973
71 124 0.998989
71 125 0.999003
71 126 0.999013
71 127 0.99902

72 0 0
72 1 1.00088
72 2 1.00088
72 3 1.00088
72 4 1.00087
72 5 1.00087
72 6 1.00087
72 7 1.00087
72 8 1.00087
72 9 1.00087
72 10 1.00087
72 11 1.00087
72 12 1.00086
72 13 1.00086
72 14 1.00086
72 15 1.00086
72 16 1.00085
72 17 1.00085
72 18 1.00084
72 19 1.00084
72 20 1.00083
72 21 1.00082
72 22 1.00081
72 23 1.0008
72 24 1.00079
72 25 1.00078
72 26 1.00076
72 27 1.00074
72 28 1.00071
72 29 1.00069
72 30 1.00066
72 31 1.00062
72 32 1.00059
72 33 1.00054
72 34 1.0005
72 35 1.00045
72 36 1.00039
72 37 1.00033
72 38 1.00026
72 39 1.00019
72 40 1.00012
72 41 1.00004
72 42 0.999959
72 43 0.999873
72 44 0.999784
72 45 0.999692
72 46 0.999599
72 47 0.999504
72 48 0.999408
72 49 0.999311
72 50 0.999215
72 51 0.99912
72 52 0.999026
72 53 0.998934
72 54 0.998844
72 55 0.998757
72 56 0.998673
72 57 0.998592
72 58 0.998514
72 59 0.99844
72 60 0.99837
72 61 0.998303
72 62 0.998241
72 63 0.998182
72 64 0.998127
72 65 0.998076
72 66 0.998029
72 67 0.997986
72 68 0.997946
72 69 0.99791
72 70 0.997878
72 71 0.997849
72 72 0.997824
72 73 0.997802
72 74 0.997784
72 75 0.997769
72 76 0.997757
72 77 0.997749
72 78 0.997744
72 79 0.997741
72 80 0.997742
72 81 0.997746
72 82 0.997753
72 83 0.997763
72 84 0.997776
72 85 0.997791
72 86 0.997809
72 87 0.99783
72 88 0.997853
72 89 0.997878
72 90 0.997906
72 91 0.997935
72 92 0.997967
72 93 0.998
72 94 0.998035
72 95 0.998071
72 96 0.998108
72 97 0.998146
72 98 0.998185
72 99 0.998224
72 100 0.998264
72 101 0.998304
72 102 0.998343
72 103 0.998383
72 104 0.998421
72 105 0.998459
72 106 0.998497
72 107 0.998533
72 108 0.998568
72 109 0.998602
72 110 0.998634
72 111 0.998666
72 112 0.998696
72 113 0.998724
72 114 0.998752
72 115 0.998779
72 116 0.998804
72 117 0.998829
72 118 0.998853
72 119 0.998876
72 120 0.998899
72 121 0.99892
72 122 0.99894
72 123 0.998958
72 124 0.998973
72 125 0.998986
72 126 0.998996
72 127 0.999003

73 0 0
73 1 1.00089
73 2 1.00088
73 3 1.00088
73 4 1.00088
73 5 1.00088
73 6 1.00088
73 7 1.00088
73 8 1.00088
73 9 1.00087
73 10 1.00087
73 11 1.00087
73 12 1.00087
73 13 1.00087
73 14 1.00086
73 15 1.00086
73 16 1.00086
73 17 1.00086
73 18 1.00085
73 19 1.00084
73 20 1.00084
73 21 1.00083
73 22 1.00082
73 23 1.00081
73 24 1.0008
73 25 1.00078
73 26 1.00076
73 27 1.00074
73 28 1.00072
73 29 1.0007
73 30 1.00067
73 31 1.00063
73 32 1.00059
73 33 1.00055
73 34 1.00051
73 35 1.00046
73 36 1.0004
73 37 1.00034
73 38 1.00027
73 39 1.0002
73 40 1.00013
73 41 1.00005
73 42 0.999967
73 43 0.999881
73 44 0.999791
73 45 0.999699
73 46 0.999605
73 47 0.999509
73 48 0.999413
73 49 0.999316
73 50 0.999219
73 51 0.999123
73 52 0.999029
73 53 0.998936
73 54 0.998846
73 55 0.998758
73 56 0.998673
73 57 0.998592
73 58 0.998514
73 59 0.99844
73 60 0.998369
73 61 0.998303
73 62 0.99824
73 63 0.998181
73 64 0.998126
73 65 0.998075
73 66 0.998028
73 67 0.997985
73 68 0.997946
73 69 0.99791
73 70 0.997878
73 71 0.997849
73 72 0.997824
73 73 0.997802
73 74 0.997784
73 75 0.997769
73 76 0.997757
73 77 0.997749
73 78 0.997744
73 79 0.997742
73 80 0.997743
73 81 0.997747
73 82 0.997754
73 83 0.997763
73 84 0.997776
73 85 0.997791
73 86 0.997809
73 87 0.99783
73 88 0.997853
73 89 0.997878
73 90 0.997905
73 91 0.997935
73 92 0.997966
73 93 0.997999
73 94 0.998033
73 95 0.998069
73 96 0.998106
73 97 0.998144
73 98 0.998182
73 99 0.998221
73 100 0.998261
73 101 0.9983
73 102 0.998339
73 103 0.998378
73 104 0.998416
73 105 0.998454
73 106 0.99849
73 107 0.998526
73 108 0.998561
73 109 0.998594
73 110 0.998626
73 111 0.998657
73 112 0.998687
73 113 0.998715
73 114 0.998742
73 115 0.998769
73 116 0.998794
73 117 0.998819
73 118 0.998843
73 119 0.998866
73 120 0.998888
73 121 0.998908
73 122 0.998928
73 123 0.998946
73 124 0.998961
73 125 0.998974
73 126 0.998983
73 127 0.998988

74 0 0
74 1 1.00089
74 2 1.00089
74 3 1.00089
74 4 1.00089
74 5 1.00088
74 6 1.00088
74 7 1.00088
74 8 1.00088
74 9 1.00088
74 10 1.00088
74 11 1.00088
74 12 1.00087
74 13 1.00087
74 14 1.00087
74 15 1.00087
74 16 1.00086
74 17 1.00086
74 18 1.00086
74 19 1.00085
74 20 1.00084
74 21 1.00084
74 22 1.00083
74 23 1.00082
74 24 1.0008
74 25 1.00079
74 26 1.00077
74 27 1.00075
74 28 1.00073
74 29 1.0007
74 30 1.00067
74 31 1.00064
74 32 1.0006
74 33 1.00056
74 34 1.00052
74 35 1.00047
74 36 1.00041
74 37 1.00035
74 38 1.00028
74 39 1.00021
74 40 1.00014
74 41 1.00006
74 42 0.999978
74 43 0.999891
74 44 0.999801
74 45 0.999709
74 46 0.999614
74 47 0.999518
74 48 0.99942
74 49 0.999323
74 50 0.999226
74 51 0.999129
74 52 0.999034
74 53 0.998941
74 54 0.99885
74 55 0.998762
74 56 0.998677
74 57 0.998595
74 58 0.998517
74 59 0.998442
74 60 0.998372
74 61 0.998305
74 62 0.998242
74 63 0.998183
74 64 0.998128
74 65 0.998077
74 66 0.99803
74 67 0.997987
74 68 0.997948
74 69 0.997912
74 70 0.99788
74 71 0.997852
74 72 0.997827
74 73 0.997805
74 74 0.997787
74 75 0.997772
74 76 0.997761
74 77 0.997752
74 78 0.997747
74 79 0.997745
74 80 0.997746
74 81 0.99775
74 82 0.997757
74 83 0.997767
74 84 0.997779
74 85 0.997795
74 86 0.997813
74 87 0.997833
74 88 0.997856
74 89 0.997881
74 90 0.997908
74 91 0.997937
74 92 0.997968
74 93 0.998001
74 94 0.998035
74 95 0.998071
74 96 0.998107
74 97 0.998145
74 98 0.998183
74 99 0.998222
74 100 0.998261
74 101 0.9983
74 102 0.998338
74 103 0.998377
74 104 0.998415
74 105 0.998452
74 106 0.998488
74 107 0.998523
74 108 0.998557
74 109 0.99859
74 110 0.998622
74 111 0.998652
74 112 0.998681
74 113 0.998709
74 114 0.998736
74 115 0.998762
74 116 0.998788
74 117 0.998812
74 118 0.998835
74 119 0.998858
74 120 0.99888
74 121 0.998901
74 122 0.99892
74 123 0.998937
74 124 0.998953
74 125 0.998965
74 126 0.998973
74 127 0.998978

75 0 0
75 1 1.0009
75 2 1.0009
75 3 1.00089
75 4 1.00089
75 5 1.00089
75 6 1.00089
75 7 1.00089
75 8 1.00089
75 9 1.00088
75 10 1.00088
75 11 1.00088
75 12 1.00088
75 13 1.00088
75 14 1.00088
75 15 1.00087
75 16 1.00087
75 17 1.00087
75 18 1.00086
75 19 1.00086
75 20 1.00085
75 21 1.00084
75 22 1.00083
75 23 1.00082
75 24 1.00081
75 25 1.0008
75 26 1.00078
75 27 1.00076
75 28 1.00074
75 29 1.00071
75 30 1.00068
75 31 1.00065
75 32 1.00061
75 33 1.00057
75 34 1.00053
75 35 1.00048
75 36 1.00042
75 37 1.00036
75 38 1.0003
75 39 1.00023
75 40 1.00015
75 41 1.00007
75 42 0.99999
75 43 0.999904
75 44 0.999813
75 45 0.999721
75 46 0.999625
75 47 0.999529
75 48 0.999431
75 49 0.999333
75 50 0.999235
75 51 0.999138
75 52 0.999043
75 53 0.998949
75 54 0.998858
75 55 0.998769
75 56 0.998684
75 57 0.998602
75 58 0.998523
75 59 0.998448
75 60 0.998377
75 61 0.99831
75 62 0.998247
75 63 0.998188
75 64 0.998134
75 65 0.998083
75 66 0.998036
75 67 0.997992
75 68 0.997953
75 69 0.997917
75 70 0.997885
75 71 0.997857
75 72 0.997832
75 73 0.997811
75 74 0.997793
75 75 0.997778
75 76 0.997766
75 77 0.997758
75 78 0.997753
75 79 0.997751
75 80 0.997752
75 81 0.997756
75 82 0.997763
75 83 0.997773
75 84 0.997786
75 85 0.997801
75 86 0.997819
75 87 0.997839
75 88 0.997862
75 89 0.997887
75 90 0.997914
75 91 0.997943
75 92 0.997974
75 93 0.998007
75 94 0.998041
75 95 0.998076
75 96 0.998112
75 97 0.998149
75 98 0.998187
75 99 0.998226
75 100 0.998264
75 101 0.998303
75 102 0.998341
75 103 0.998379
75 104 0.998416
75 105 0.998453
75 106 0.998489
75 107 0.998523
75 108 0.998557
75 109 0.998589
75 110 0.998621
75 111 0.998651
75 112 0.998679
75 113 0.998707
75 114 0.998734
75 115 0.99876
75 116 0.998785
75 117 0.998809
75 118 0.998832
75 119 0.998855
75 120 0.998876
75 121 0.998897
75 122 0.998916
75 123 0.998933
75 124 0.998948
75 125 0.998959
75 126 0.998967
75 127 0.998971

76 0 0
76 1 1.0009
76 2 1.0009
76 3 1.0009
76 4 1.0009
76 5 1.0009
76 6 1.00089
76 7 1.00089
76 8 1.00089
76 9 1.00089
76 10 1.00089
76 11 1.00089
76 12 1.00088
76 13 1.00088
76 14 1.00088
76 15 1.00088
76 16 1.00088
76 17 1.00087
76 18 1.00087
76 19 1.00086
76 20 1.00086
76 21 1.00085
76 22 1.00084
76 23 1.00083
76 24 1.00082
76 25 1.0008
76 26 1.00079
76 27 1.00077
76 28 1.00075
76 29 1.00072
76 30 1.00069
76 31 1.00066
76 32 1.00063
76 33 1.00058
76 34 1.00054
76 35 1.00049
76 36 1.00043
76 37 1.00038
76 38 1.00031
76 39 1.00024
76 40 1.00017
76 41 1.00009
76 42 1
76 43 0.999918
76 44 0.999828
76 45 0.999735
76 46 0.99964
76 47 0.999543
76 48 0.999445
76 49 0.999346
76 50 0.999248
76 51 0.999151
76 52 0.999055
76 53 0.998961
76 54 0.998869
76 55 0.99878
76 56 0.998694
76 57 0.998611
76 58 0.998532
76 59 0.998457
76 60 0.998386
76 61 0.998319
76 62 0.998256
76 63 0.998197
76 64 0.998142
76 65 0.998091
76 66 0.998044
76 67 0.998
76 68 0.997961
76 69 0.997926
76 70 0.997894
76 71 0.997865
76 72 0.99784
76 73 0.997819
76 74 0.997801
76 75 0.997787
76 76 0.997775
76 77 0.997767
76 78 0.997762
76 79 0.99776
76 80 0.997761
76 81 0.997766
76 82 0.997773
76 83 0.997782
76 84 0.997795
76 85 0.99781
76 86 0.997828
76 87 0.997849
76 88 0.997871
76 89 0.997896
76 90 0.997923
76 91 0.997952
76 92 0.997983
76 93 0.998015
76 94 0.998049
76 95 0.998084
76 96 0.99812
76 97 0.998157
76 98 0.998195
76 99 0.998233
76 100 0.998271
76 101 0.998309
76 102 0.998347
76 103 0.998384
76 104 0.998421
76 105 0.998457
76 106 0.998493
76 107 0.998527
76 108 0.99856
76 109 0.998592
76 110 0.998623
76 111 0.998653
76 112 0.998681
76 113 0.998709
76 114 0.998735
76 115 0.998761
76 116 0.998785
76 117 0.998809
76 118 0.998832
76 119 0.998855
76 120 0.998876
76 121 0.998897
76 122 0.998916
76 123 0.998932
76 124 0.998947
76 125 0.998958
76 126 0.998965
76 127 0.998969

77 0 0
77 1 1.00091
77 2 1.00091
77 3 1.0009
77 4 1.0009
77 5 1.0009
77 6 1.0009
77 7 1.0009
77 8 1.0009
77 9 1.00089
77 10 1.00089
77 11 1.00089
77 12 1.00089
77 13 1.00089
77 14 1.00089
77 15 1.00088
77 16 1.00088
77 17 1.00088
77 18 1.00087
77 19 1.00087
77 20 1.00086
77 21 1.00085
77 22 1.00085
77 23 1.00084
77 24 1.00082
77 25 1.00081
77 26 1.0008
77 27 1.00078
77 28 1.00076
77 29 1.00073
77 30 1.0007
77 31 1.00067
77 32 1.00064
77 33 1.0006
77 34 1.00055
77 35 1.0005
77 36 1.00045
77 37 1.00039
77 38 1.00033
77 39 1.00026
77 40 1.00018
77 41 1.0001
77 42 1.00002
77 43 0.999935
77 44 0.999845
77 45 0.999752
77 46 0.999657
77 47 0.99956
77 48 0.999461
77 49 0.999363
77 50 0.999264
77 51 0.999166
77 52 0.99907
77 53 0.998975
77 54 0.998883
77 55 0.998794
77 56 0.998707
77 57 0.998624
77 58 0.998545
77 59 0.998469
77 60 0.998398
77 61 0.99833
77 62 0.998267
77 63 0.998208
77 64 0.998153
77 65 0.998102
77 66 0.998055
77 67 0.998011
77 68 0.997972
77 69 0.997936
77 70 0.997905
77 71 0.997876
77 72 0.997852
77 73 0.99783
77 74 0.997813
77 75 0.997798
77 76 0.997787
77 77 0.997779
77 78 0.997774
77 79 0.997772
77 80 0.997773
77 81 0.997778
77 82 0.997785
77 83 0.997795
77 84 0.997807
77 85 0.997823
77 86 0.99784
77 87 0.997861
77 88 0.997883
77 89 0.997908
77 90 0.997935
77 91 0.997964
77 92 0.997995
77 93 0.998027
77 94 0.99806
77 95 0.998095
77 96 0.998131
77 97 0.998168
77 98 0.998205
77 99 0.998243
77 100 0.998281
77 101 0.998318
77 102 0.998356
77 103 0.998393
77 104 0.99843
77 105 0.998466
77 106 0.9985
77 107 0.998534
77 108 0.998567
77 109 0.998599
77 110 0.998629
77 111 0.998658
77 112 0.998687
77 113 0.998714
77 114 0.99874
77 115 0.998765
77 116 0.99879
77 117 0.998814
77 118 0.998837
77 119 0.998859
77 120 0.99888
77 121 0.998901
77 122 0.998919
77 123 0.998936
77 124 0.99895
77 125 0.99896
77 126 0.998967
77 127 0.99897

78 0 0
78 1 1.00091
78 2 1.00091
78 3 1.00091
78 4 1.00091
78 5 1.0009
78 6 1.0009
78 7 1.0009
78 8 1.0009
78 9 1.0009
78 10 1.0009
78 11 1.0009
78 12 1.00089
78 13 1.00089
78 14 1.00089
78 15 1.00089
78 16 1.00088
78 17 1.00088
78 18 1.00088
78 19 1.00087
78 20 1.00087
78 21 1.00086
78 22 1.00085
78 23 1.00084
78 24 1.00083
78 25 1.00082
78 26 1.0008
78 27 1.00079
78 28 1.00076
78 29 1.00074
78 30 1.00071
78 31 1.00068
78 32 1.00065
78 33 1.00061
78 34 1.00057
78 35 1.00052
78 36 1.00046
78 37 1.00041
78 38 1.00034
78 39 1.00027
78 40 1.0002
78 41 1.00012
78 42 1.00004
78 43 0.999954
78 44 0.999864
78 45 0.999771
78 46 0.999676
78 47 0.999579
78 48 0.999481
78 49 0.999382
78 50 0.999283
78 51 0.999185
78 52 0.999088
78 53 0.998993
78 54 0.9989
78 55 0.99881
78 56 0.998724
78 57 0.99864
78 58 0.998561
78 59 0.998485
78 60 0.998413
78 61 0.998345
78 62 0.998282
78 63 0.998222
78 64 0.998167
78 65 0.998116
78 66 0.998068
78 67 0.998025
78 68 0.997986
78 69 0.99795
78 70 0.997918
78 71 0.99789
78 72 0.997865
78 73 0.997844
78 74 0.997827
78 75 0.997812
78 76 0.997801
78 77 0.997793
78 78 0.997788
78 79 0.997787
78 80 0.997788
78 81 0.997792
78 82 0.997799
78 83 0.997809
78 84 0.997822
78 85 0.997837
78 86 0.997855
78 87 0.997876
78 88 0.997898
78 89 0.997923
78 90 0.99795
78 91 0.997979
78 92 0.998009
78 93 0.998041
78 94 0.998075
78 95 0.99811
78 96 0.998145
78 97 0.998182
78 98 0.998219
78 99 0.998256
78 100 0.998294
78 101 0.998331
78 102 0.998369
78 103 0.998405
78 104 0.998442
78 105 0.998477
78 106 0.998512
78 107 0.998545
78 108 0.998577
78 109 0.998609
78 110 0.998639
78 111 0.998668
78 112 0.998696
78 113 0.998723
78 114 0.998749
78 115 0.998774
78 116 0.998798
78 117 0.998822
78 118 0.998845
78 119 0.998867
78 120 0.998888
78 121 0.998909
78 122 0.998927
78 123 0.998943
78 124 0.998957
78 125 0.998967
78 126 0.998973
78 127 0.998975

79 0 0
79 1 1.00092
79 2 1.00092
79 3 1.00091
79 4 1.00091
79 5 1.00091
79 6 1.00091
79 7 1.00091
79 8 1.0009
79 9 1.0009
79 10 1.0009
79 11 1.0009
79 12 1.0009
79 13 1.0009
79 14 1.00089
79 15 1.00089
79 16 1.00089
79 17 1.00089
79 18 1.00088
79 19 1.00088
79 20 1.00087
79 21 1.00087
79 22 1.00086
79 23 1.00085
79 24 1.00084
79 25 1.00083
79 26 1.00081
79 27 1.00079
79 28 1.00077
79 29 1.00075
79 30 1.00072
79 31 1.00069
79 32 1.00066
79 33 1.00062
79 34 1.00058
79 35 1.00053
79 36 1.00048
79 37 1.00042
79 38 1.00036
79 39 1.00029
79 40 1.00022
79 41 1.00014
79 42 1.00006
79 43 0.999975
79 44 0.999886
79 45 0.999793
79 46 0.999698
79 47 0.999601
79 48 0.999503
79 49 0.999404
79 50 0.999305
79 51 0.999207
79 52 0.999109
79 53 0.999014
79 54 0.998921
79 55 0.998831
79 56 0.998743
79 57 0.99866
79 58 0.998579
79 59 0.998503
79 60 0.998431
79 61 0.998363
79 62 0.998299
79 63 0.998239
79 64 0.998184
79 65 0.998132
79 66 0.998085
79 67 0.998042
79 68 0.998002
79 69 0.997967
79 70 0.997935
79 71 0.997907
79 72 0.997882
79 73 0.997861
79 74 0.997843
79 75 0.997829
79 76 0.997818
79 77 0.99781
79 78 0.997805
79 79 0.997804
79 80 0.997805
79 81 0.99781
79 82 0.997817
79 83 0.997827
79 84 0.99784
79 85 0.997855
79 86 0.997873
79 87 0.997893
79 88 0.997916
79 89 0.997941
79 90 0.997968
79 91 0.997996
79 92 0.998027
79 93 0.998059
79 94 0.998092
79 95 0.998127
79 96 0.998162
79 97 0.998199
79 98 0.998236
79 99 0.998273
79 100 0.99831
79 101 0.998347
79 102 0.998384
79 103 0.998421
79 104 0.998457
79 105 0.998492
79 106 0.998526
79 107 0.998559
79 108 0.998591
79 109 0.998622
79 110 0.998652
79 111 0.998681
79 112 0.998709
79 113 0.998735
79 114 0.998761
79 115 0.998786
79 116 0.998811
79 117 0.998834
79 118 0.998857
79 119 0.998879
79 120 0.998901
79 121 0.998921
79 122 0.998939
79 123 0.998955
79 124 0.998968
79 125 0.998978
79 126 0.998984
79 127 0.998985

80 0 0
80 1 1.00092
80 2 1.00092
80 3 1.00092
80 4 1.00091
80 5 1.00091
80 6 1.00091
80 7 1.00091
80 8 1.00091
80 9 1.00091
80 10 1.0009
80 11 1.0009
80 12 1.0009
80 13 1.0009
80 14 1.0009
80 15 1.0009
80 16 1.00089
80 17 1.00089
80 18 1.00089
80 19 1.00088
80 20 1.00088
80 21 1.00087
80 22 1.00086
80 23 1.00085
80 24 1.00084
80 25 1.00083
80 26 1.00082
80 27 1.0008
80 28 1.00078
80 29 1.00076
80 30 1.00073
80 31 1.00071
80 32 1.00067
80 33 1.00064
80 34 1.00059
80 35 1.00055
80 36 1.0005
80 37 1.00044
80 38 1.00038
80 39 1.00031
80 40 1.00024
80 41 1.00016
80 42 1.00008
80 43 0.999998
80 44 0.99991
80 45 0.999818
80 46 0.999723
80 47 0.999626
80 48 0.999528
80 49 0.999429
80 50 0.99933
80 51 0.999231
80 52 0.999134
80 53 0.999038
80 54 0.998945
80 55 0.998854
80 56 0.998766
80 57 0.998682
80 58 0.998601
80 59 0.998525
80 60 0.998452
80 61 0.998384
80 62 0.998319
80 63 0.998259
80 64 0.998204
80 65 0.998152
80 66 0.998104
80 67 0.998061
80 68 0.998021
80 69 0.997986
80 70 0.997954
80 71 0.997926
80 72 0.997901
80 73 0.99788
80 74 0.997862
80 75 0.997848
80 76 0.997837
80 77 0.997829
80 78 0.997825
80 79 0.997823
80 80 0.997825
80 81 0.997829
80 82 0.997837
80 83 0.997847
80 84 0.99786
80 85 0.997875
80 86 0.997893
80 87 0.997914
80 88 0.997936
80 89 0.997961
80 90 0.997988
80 91 0.998017
80 92 0.998047
80 93 0.998079
80 94 0.998113
80 95 0.998147
80 96 0.998182
80 97 0.998219
80 98 0.998255
80 99 0.998292
80 100 0.998329
80 101 0.998367
80 102 0.998403
80 103 0.99844
80 104 0.998475
80 105 0.99851
80 106 0.998544
80 107 0.998577
80 108 0.998609
80 109 0.99864
80 110 0.998669
80 111 0.998698
80 112 0.998725
80 113 0.998752
80 114 0.998778
80 115 0.998803
80 116 0.998827
80 117 0.998851
80 118 0.998874
80 119 0.998896
80 120 0.998917
80 121 0.998937
80 122 0.998955
80 123 0.998971
80 124 0.998984
80 125 0.998993
80 126 0.998998
80 127 0.998999

81 0 0
81 1 1.00093
81 2 1.00092
81 3 1.00092
81 4 1.00092
81 5 1.00092
81 6 1.00091
81 7 1.00091
81 8 1.00091
81 9 1.00091
81 10 1.00091
81 11 1.00091
81 12 1.00091
81 13 1.0009
81 14 1.0009
81 15 1.0009
81 16 1.0009
81 17 1.00089
81 18 1.00089
81 19 1.00089
81 20 1.00088
81 21 1.00088
81 22 1.00087
81 23 1.00086
81 24 1.00085
81 25 1.00084
81 26 1.00083
81 27 1.00081
81 28 1.00079
81 29 1.00077
81 30 1.00074
81 31 1.00072
81 32 1.00068
81 33 1.00065
81 34 1.00061
81 35 1.00056
81 36 1.00051
81 37 1.00046
81 38 1.0004
81 39 1.00033
81 40 1.00026
81 41 1.00019
81 42 1.00011
81 43 1.00002
81 44 0.999936
81 45 0.999845
81 46 0.99975
81 47 0.999654
81 48 0.999556
81 49 0.999457
81 50 0.999358
81 51 0.999259
81 52 0.999162
81 53 0.999066
81 54 0.998972
81 55 0.998881
81 56 0.998793
81 57 0.998708
81 58 0.998627
81 59 0.99855
81 60 0.998476
81 61 0.998408
81 62 0.998343
81 63 0.998282
81 64 0.998226
81 65 0.998174
81 66 0.998127
81 67 0.998083
81 68 0.998043
81 69 0.998007
81 70 0.997975
81 71 0.997947
81 72 0.997923
81 73 0.997901
81 74 0.997884
81 75 0.99787
81 76 0.997859
81 77 0.997851
81 78 0.997847
81 79 0.997845
81 80 0.997847
81 81 0.997852
81 82 0.997859
81 83 0.997869
81 84 0.997882
81 85 0.997898
81 86 0.997916
81 87 0.997936
81 88 0.997959
81 89 0.997984
81 90 0.998011
81 91 0.99804
81 92 0.99807
81 93 0.998102
81 94 0.998136
81 95 0.99817
81 96 0.998205
81 97 0.998241
81 98 0.998278
81 99 0.998315
81 100 0.998352
81 101 0.998389
81 102 0.998425
81 103 0.998461
81 104 0.998497
81 105 0.998532
81 106 0.998565
81 107 0.998598
81 108 0.99863
81 109 0.99866
81 110 0.99869
81 111 0.998718
81 112 0.998746
81 113 0.998772
81 114 0.998798
81 115 0.998823
81 116 0.998848
81 117 0.998871
81 118 0.998894
81 119 0.998917
81 120 0.998938
81 121 0.998958
81 122 0.998976
81 123 0.998991
81 124 0.999004
81 125 0.999013
81 126 0.999018
81 127 0.999017

82 0 0
82 1 1.00093
82 2 1.00093
82 3 1.00092
82 4 1.00092
82 5 1.00092
82 6 1.00092
82 7 1.00092
82 8 1.00091
82 9 1.00091
82 10 1.00091
82 11 1.00091
82 12 1.00091
82 13 1.00091
82 14 1.00091
82 15 1.0009
82 16 1.0009
82 17 1.0009
82 18 1.00089
82 19 1.00089
82 20 1.00089
82 21 1.00088
82 22 1.00087
82 23 1.00087
82 24 1.00086
82 25 1.00085
82 26 1.00083
82 27 1.00082
82 28 1.0008
82 29 1.00078
82 30 1.00076
82 31 1.00073
82 32 1.0007
82 33 1.00066
82 34 1.00062
82 35 1.00058
82 36 1.00053
82 37 1.00048
82 38 1.00042
82 39 1.00035
82 40 1.00029
82 41 1.00021
82 42 1.00013
82 43 1.00005
82 44 0.999964
82 45 0.999874
82 46 0.99978
82 47 0.999684
82 48 0.999587
82 49 0.999488
82 50 0.999389
82 51 0.999291
82 52 0.999193
82 53 0.999097
82 54 0.999002
82 55 0.998911
82 56 0.998822
82 57 0.998737
82 58 0.998655
82 59 0.998577
82 60 0.998504
82 61 0.998434
82 62 0.998369
82 63 0.998308
82 64 0.998252
82 65 0.9982
82 66 0.998151
82 67 0.998107
82 68 0.998068
82 69 0.998032
82 70 0.998
82 71 0.997971
82 72 0.997947
82 73 0.997925
82 74 0.997908
82 75 0.997894
82 76 0.997883
82 77 0.997875
82 78 0.997871
82 79 0.99787
82 80 0.997871
82 81 0.997876
82 82 0.997884
82 83 0.997894
82 84 0.997907
82 85 0.997923
82 86 0.997941
82 87 0.997962
82 88 0.997985
82 89 0.99801
82 90 0.998037
82 91 0.998065
82 92 0.998096
82 93 0.998128
82 94 0.998161
82 95 0.998196
82 96 0.998231
82 97 0.998267
82 98 0.998303
82 99 0.99834
82 100 0.998377
82 101 0.998414
82 102 0.99845
82 103 0.998486
82 104 0.998522
82 105 0.998556
82 106 0.99859
82 107 0.998623
82 108 0.998654
82 109 0.998685
82 110 0.998714
82 111 0.998743
82 112 0.99877
82 113 0.998797
82 114 0.998823
82 115 0.998848
82 116 0.998872
82 117 0.998896
82 118 0.998919
82 119 0.998942
82 120 0.998963
82 121 0.998983
82 122 0.999001
82 123 0.999016
82 124 0.999029
82 125 0.999037
82 126 0.999041
82 127 0.99904

83 0 0
83 1 1.00093
83 2 1.00093
83 3 1.00093
83 4 1.00092
83 5 1.00092
83 6 1.00092
83 7 1.00092
83 8 1.00092
83 9 1.00092
83 10 1.00091
83 11 1.00091
83 12 1.00091
83 13 1.00091
83 14 1.00091
83 15 1.00091
83 16 1.0009
83 17 1.0009
83 18 1.0009
83 19 1.00089
83 20 1.00089
83 21 1.00088
83 22 1.00088
83 23 1.00087
83 24 1.00086
83 25 1.00085
83 26 1.00084
83 27 1.00082
83 28 1.00081
83 29 1.00079
83 30 1.00077
83 31 1.00074
83 32 1.00071
83 33 1.00068
83 34 1.00064
83 35 1.0006
83 36 1.00055
83 37 1.0005
83 38 1.00044
83 39 1.00038
83 40 1.00031
83 41 1.00024
83 42 1.00016
83 43 1.00008
83 44 0.999994
83 45 0.999905
83 46 0.999812
83 47 0.999717
83 48 0.99962
83 49 0.999522
83 50 0.999423
83 51 0.999325
83 52 0.999227
83 53 0.99913
83 54 0.999036
83 55 0.998944
83 56 0.998855
83 57 0.998769
83 58 0.998687
83 59 0.998609
83 60 0.998534
83 61 0.998464
83 62 0.998399
83 63 0.998337
83 64 0.99828
83 65 0.998228
83 66 0.998179
83 67 0.998135
83 68 0.998095
83 69 0.998058
83 70 0.998026
83 71 0.997998
83 72 0.997973
83 73 0.997952
83 74 0.997934
83 75 0.99792
83 76 0.997909
83 77 0.997902
83 78 0.997897
83 79 0.997896
83 80 0.997898
83 81 0.997903
83 82 0.997911
83 83 0.997921
83 84 0.997934
83 85 0.99795
83 86 0.997968
83 87 0.997989
83 88 0.998012
83 89 0.998037
83 90 0.998064
83 91 0.998093
83 92 0.998124
83 93 0.998156
83 94 0.998189
83 95 0.998224
83 96 0.998259
83 97 0.998295
83 98 0.998332
83 99 0.998369
83 100 0.998405
83 101 0.998442
83 102 0.998479
83 103 0.998515
83 104 0.99855
83 105 0.998584
83 106 0.998618
83 107 0.998651
83 108 0.998682
83 109 0.998713
83 110 0.998742
83 111 0.998771
83 112 0.998798
83 113 0.998825
83 114 0.998851
83 115 0.998877
83 116 0.998901
83 117 0.998925
83 118 0.998949
83 119 0.998971
83 120 0.998993
83 121 0.999013
83 122 0.999031
83 123 0.999046
83 124 0.999059
83 125 0.999067
83 126 0.99907
83 127 0.999068

84 0 0
84 1 1.00094
84 2 1.00093
84 3 1.00093
84 4 1.00093
84 5 1.00093
84 6 1.00092
84 7 1.00092
84 8 1.00092
84 9 1.00092
84 10 1.00092
84 11 1.00092
84 12 1.00091
84 13 1.00091
84 14 1.00091
84 15 1.00091
84 16 1.00091
84 17 1.0009
84 18 1.0009
84 19 1.0009
84 20 1.00089
84 21 1.00089
84 22 1.00088
84 23 1.00088
84 24 1.00087
84 25 1.00086
84 26 1.00085
84 27 1.00083
84 28 1.00082
84 29 1.0008
84 30 1.00078
84 31 1.00075
84 32 1.00072
84 33 1.00069
84 34 1.00065
84 35 1.00061
84 36 1.00057
84 37 1.00052
84 38 1.00046
84 39 1.0004
84 40 1.00034
84 41 1.00027
84 42 1.00019
84 43 1.00011
84 44 1.00003
84 45 0.999938
84 46 0.999847
84 47 0.999753
84 48 0.999656
84 49 0.999559
84 50 0.99946
84 51 0.999362
84 52 0.999264
84 53 0.999168
84 54 0.999073
84 55 0.99898
84 56 0.998891
84 57 0.998805
84 58 0.998722
84 59 0.998643
84 60 0.998568
84 61 0.998497
84 62 0.998431
84 63 0.998369
84 64 0.998312
84 65 0.998258
84 66 0.998209
84 67 0.998165
84 68 0.998124
84 69 0.998088
84 70 0.998055
84 71 0.998026
84 72 0.998002
84 73 0.99798
84 74 0.997963
84 75 0.997948
84 76 0.997938
84 77 0.99793
84 78 0.997926
84 79 0.997925
84 80 0.997927
84 81 0.997932
84 82 0.997939
84 83 0.99795
84 84 0.997963
84 85 0.997979
84 86 0.997998
84 87 0.998019
84 88 0.998042
84 89 0.998067
84 90 0.998094
84 91 0.998123
84 92 0.998154
84 93 0.998186
84 94 0.99822
84 95 0.998254
84 96 0.99829
84 97 0.998326
84 98 0.998362
84 99 0.998399
84 100 0.998436
84 101 0.998473
84 102 0.99851
84 103 0.998546
84 104 0.998581
84 105 0.998616
84 106 0.998649
84 107 0.998682
84 108 0.998714
84 109 0.998744
84 110 0.998774
84 111 0.998803
84 112 0.998831
84 113 0.998858
84 114 0.998884
84 115 0.99891
84 116 0.998935
84 117 0.998959
84 118 0.998983
84 119 0.999006
84 120 0.999028
84 121 0.999048
84 122 0.999066
84 123 0.999081
84 124 0.999093
84 125 0.999101
84 126 0.999104
84 127 0.999101

85 0 0
85 1 1.00094
85 2 1.00093
85 3 1.00093
85 4 1.00093
85 5 1.00093
85 6 1.00093
85 7 1.00092
85 8 1.00092
85 9 1.00092
85 10 1.00092
85 11 1.00092
85 12 1.00092
85 13 1.00091
85 14 1.00091
85 15 1.00091
85 16 1.00091
85 17 1.00091
85 18 1.0009
85 19 1.0009
85 20 1.0009
85 21 1.00089
85 22 1.00089
85 23 1.00088
85 24 1.00087
85 25 1.00086
85 26 1.00085
85 27 1.00084
85 28 1.00082
85 29 1.00081
85 30 1.00079
85 31 1.00076
85 32 1.00074
85 33 1.0007
85 34 1.00067
85 35 1.00063
85 36 1.00059
85 37 1.00054
85 38 1.00049
85 39 1.00043
85 40 1.00036
85 41 1.00029
85 42 1.00022
85 43 1.00014
85 44 1.00006
85 45 0.999973
85 46 0.999883
85 47 0.99979
85 48 0.999695
85 49 0.999598
85 50 0.9995
85 51 0.999402
85 52 0.999305
85 53 0.999208
85 54 0.999113
85 55 0.99902
85 56 0.99893
85 57 0.998843
85 58 0.99876
85 59 0.99868
85 60 0.998605
85 61 0.998534
85 62 0.998467
85 63 0.998404
85 64 0.998346
85 65 0.998292
85 66 0.998243
85 67 0.998197
85 68 0.998156
85 69 0.998119
85 70 0.998087
85 71 0.998058
85 72 0.998033
85 73 0.998011
85 74 0.997993
85 75 0.997979
85 76 0.997968
85 77 0.997961
85 78 0.997957
85 79 0.997955
85 80 0.997957
85 81 0.997962
85 82 0.99797
85 83 0.997981
85 84 0.997995
85 85 0.998011
85 86 0.998029
85 87 0.99805
85 88 0.998074
85 89 0.998099
85 90 0.998126
85 91 0.998156
85 92 0.998187
85 93 0.998219
85 94 0.998252
85 95 0.998287
85 96 0.998323
85 97 0.998359
85 98 0.998396
85 99 0.998433
85 100 0.99847
85 101 0.998507
85 102 0.998543
85 103 0.99858
85 104 0.998615
85 105 0.99865
85 106 0.998684
85 107 0.998717
85 108 0.998749
85 109 0.99878
85 110 0.99881
85 111 0.998839
85 112 0.998867
85 113 0.998894
85 114 0.998921
85 115 0.998947
85 116 0.998973
85 117 0.998997
85 118 0.999022
85 119 0.999045
85 120 0.999067
85 121 0.999088
85 122 0.999106
85 123 0.999121
85 124 0.999133
85 125 0.99914
85 126 0.999143
85 127 0.99914

86 0 0
86 1 1.00094
86 2 1.00094
86 3 1.00093
86 4 1.00093
86 5 1.00093
86 6 1.00093
86 7 1.00093
86 8 1.00092
86 9 1.00092
86 10 1.00092
86 11 1.00092
86 12 1.00092
86 13 1.00092
86 14 1.00091
86 15 1.00091
86 16 1.00091
86 17 1.00091
86 18 1.00091
86 19 1.0009
86 20 1.0009
86 21 1.0009
86 22 1.00089
86 23 1.00088
86 24 1.00088
86 25 1.00087
86 26 1.00086
86 27 1.00085
86 28 1.00083
86 29 1.00081
86 30 1.0008
86 31 1.00077
86 32 1.00075
86 33 1.00072
86 34 1.00069
86 35 1.00065
86 36 1.00061
86 37 1.00056
86 38 1.00051
86 39 1.00045
86 40 1.00039
86 41 1.00032
86 42 1.00025
86 43 1.00018
86 44 1.0001
86 45 1.00001
86 46 0.999922
86 47 0.99983
86 48 0.999736
86 49 0.99964
86 50 0.999543
86 51 0.999445
86 52 0.999348
86 53 0.999251
86 54 0.999156
86 55 0.999063
86 56 0.998973
86 57 0.998886
86 58 0.998802
86 59 0.998721
86 60 0.998645
86 61 0.998573
86 62 0.998505
86 63 0.998442
86 64 0.998383
86 65 0.998329
86 66 0.998278
86 67 0.998233
86 68 0.998191
86 69 0.998154
86 70 0.998121
86 71 0.998091
86 72 0.998066
86 73 0.998044
86 74 0.998026
86 75 0.998012
86 76 0.998001
86 77 0.997993
86 78 0.997989
86 79 0.997988
86 80 0.99799
86 81 0.997995
86 82 0.998003
86 83 0.998014
86 84 0.998028
86 85 0.998044
86 86 0.998063
86 87 0.998084
86 88 0.998107
86 89 0.998133
86 90 0.998161
86 91 0.99819
86 92 0.998221
86 93 0.998254
86 94 0.998287
86 95 0.998322
86 96 0.998358
86 97 0.998395
86 98 0.998431
86 99 0.998469
86 100 0.998506
86 101 0.998543
86 102 0.99858
86 103 0.998616
86 104 0.998652
86 105 0.998687
86 106 0.998721
86 107 0.998755
86 108 0.998787
86 109 0.998818
86 110 0.998849
86 111 0.998878
86 112 0.998907
86 113 0.998935
86 114 0.998962
86 115 0.998989
86 116 0.999015
86 117 0.999041
86 118 0.999065
86 119 0.999089
86 120 0.999112
86 121 0.999133
86 122 0.999151
86 123 0.999167
86 124 0.999178
86 125 0.999185
86 126 0.999187
86 127 0.999183

87 0 0
87 1 1.00094
87 2 1.00094
87 3 1.00094
87 4 1.00093
87 5 1.00093
87 6 1.00093
87 7 1.00093
87 8 1.00093
87 9 1.00092
87 10 1.00092
87 11 1.00092
87 12 1.00092
87 13 1.00092
87 14 1.00092
87 15 1.00091
87 16 1.00091
87 17 1.00091
87 18 1.00091
87 19 1.00091
87 20 1.0009
87 21 1.0009
87 22 1.00089
87 23 1.00089
87 24 1.00088
87 25 1.00087
87 26 1.00086
87 27 1.00085
87 28 1.00084
87 29 1.00082
87 30 1.0008
87 31 1.00078
87 32 1.00076
87 33 1.00073
87 34 1.0007
87 35 1.00067
87 36 1.00063
87 37 1.00058
87 38 1.00053
87 39 1.00048
87 40 1.00042
87 41 1.00035
87 42 1.00028
87 43 1.00021
87 44 1.00013
87 45 1.00005
87 46 0.999962
87 47 0.999872
87 48 0.999779
87 49 0.999684
87 50 0.999588
87 51 0.999491
87 52 0.999394
87 53 0.999298
87 54 0.999203
87 55 0.99911
87 56 0.999019
87 57 0.998931
87 58 0.998846
87 59 0.998765
87 60 0.998688
87 61 0.998616
87 62 0.998547
87 63 0.998483
87 64 0.998423
87 65 0.998368
87 66 0.998317
87 67 0.998271
87 68 0.998228
87 69 0.998191
87 70 0.998157
87 71 0.998127
87 72 0.998101
87 73 0.998079
87 74 0.998061
87 75 0.998047
87 76 0.998036
87 77 0.998028
87 78 0.998024
87 79 0.998022
87 80 0.998025
87 81 0.99803
87 82 0.998038
87 83 0.998049
87 84 0.998063
87 85 0.998079
87 86 0.998098
87 87 0.998119
87 88 0.998143
87 89 0.998169
87 90 0.998197
87 91 0.998226
87 92 0.998257
87 93 0.99829
87 94 0.998324
87 95 0.998359
87 96 0.998395
87 97 0.998432
87 98 0.998469
87 99 0.998507
87 100 0.998545
87 101 0.998582
87 102 0.998619
87 103 0.998656
87 104 0.998692
87 105 0.998728
87 106 0.998762
87 107 0.998796
87 108 0.998829
87 109 0.998861
87 110 0.998892
87 111 0.998922
87 112 0.998951
87 113 0.99898
87 114 0.999008
87 115 0.999035
87 116 0.999062
87 117 0.999088
87 118 0.999114
87 119 0.999139
87 120 0.999162
87 121 0.999183
87 122 0.999202
87 123 0.999217
87 124 0.999229
87 125 0.999236
87 126 0.999237
87 127 0.999232

88 0 0
88 1 1.00094
88 2 1.00094
88 3 1.00094
88 4 1.00093
88 5 1.00093
88 6 1.00093
88 7 1.00093
88 8 1.00093
88 9 1.00093
88 10 1.00092
88 11 1.00092
88 12 1.00092
88 13 1.00092
88 14 1.00092
88 15 1.00092
88 16 1.00091
88 17 1.00091
88 18 1.00091
88 19 1.00091
88 20 1.0009
88 21 1.0009
88 22 1.0009
88 23 1.00089
88 24 1.00088
88 25 1.00088
88 26 1.00087
88 27 1.00086
88 28 1.00085
88 29 1.00083
88 30 1.00081
88 31 1.00079
88 32 1.00077
88 33 1.00075
88 34 1.00072
88 35 1.00068
88 36 1.00064
88 37 1.0006
88 38 1.00056
88 39 1.0005
88 40 1.00045
88 41 1.00038
88 42 1.00032
88 43 1.00025
88 44 1.00017
88 45 1.00009
88 46 1
88 47 0.999916
88 48 0.999825
88 49 0.999731
88 50 0.999636
88 51 0.99954
88 52 0.999444
88 53 0.999348
88 54 0.999253
88 55 0.999159
88 56 0.999068
88 57 0.99898
88 58 0.998895
88 59 0.998813
88 60 0.998735
88 61 0.998661
88 62 0.998592
88 63 0.998527
88 64 0.998466
88 65 0.99841
88 66 0.998359
88 67 0.998311
88 68 0.998268
88 69 0.99823
88 70 0.998196
88 71 0.998165
88 72 0.998139
88 73 0.998117
88 74 0.998098
88 75 0.998083
88 76 0.998072
88 77 0.998064
88 78 0.99806
88 79 0.998059
88 80 0.998061
88 81 0.998066
88 82 0.998074
88 83 0.998085
88 84 0.998099
88 85 0.998116
88 86 0.998135
88 87 0.998156
88 88 0.99818
88 89 0.998206
88 90 0.998234
88 91 0.998264
88 92 0.998296
88 93 0.998329
88 94 0.998363
88 95 0.998399
88 96 0.998435
88 97 0.998472
88 98 0.99851
88 99 0.998548
88 100 0.998586
88 101 0.998623
88 102 0.998661
88 103 0.998698
88 104 0.998735
88 105 0.998771
88 106 0.998806
88 107 0.998841
88 108 0.998874
88 109 0.998907
88 110 0.998939
88 111 0.998969
88 112 0.999
88 113 0.999029
88 114 0.999058
88 115 0.999087
88 116 0.999114
88 117 0.999142
88 118 0.999168
88 119 0.999193
88 120 0.999217
88 121 0.999239
88 122 0.999258
88 123 0.999274
88 124 0.999286
88 125 0.999292
88 126 0.999293
88 127 0.999288

89 0 0
89 1 1.00094
89 2 1.00094
89 3 1.00094
89 4 1.00093
89 5 1.00093
89 6 1.00093
89 7 1.00093
89 8 1.00093
89 9 1.00093
89 10 1.00092
89 11 1.00092
89 12 1.00092
89 13 1.00092
89 14 1.00092
89 15 1.00092
89 16 1.00092
89 17 1.00091
89 18 1.00091
89 19 1.00091
89 20 1.00091
89 21 1.0009
89 22 1.0009
89 23 1.00089
89 24 1.00089
89 25 1.00088
89 26 1.00087
89 27 1.00086
89 28 1.00085
89 29 1.00084
89 30 1.00082
89 31 1.0008
89 32 1.00078
89 33 1.00076
89 34 1.00073
89 35 1.0007
89 36 1.00066
89 37 1.00062
89 38 1.00058
89 39 1.00053
89 40 1.00048
89 41 1.00042
89 42 1.00035
89 43 1.00028
89 44 1.00021
89 45 1.00013
89 46 1.00005
89 47 0.999961
89 48 0.999872
89 49 0.99978
89 50 0.999686
89 51 0.999591
89 52 0.999495
89 53 0.9994
89 54 0.999305
89 55 0.999212
89 56 0.999121
89 57 0.999032
89 58 0.998946
89 59 0.998864
89 60 0.998785
89 61 0.998711
89 62 0.99864
89 63 0.998574
89 64 0.998513
89 65 0.998455
89 66 0.998403
89 67 0.998355
89 68 0.998311
89 69 0.998272
89 70 0.998237
89 71 0.998206
89 72 0.998179
89 73 0.998156
89 74 0.998137
89 75 0.998122
89 76 0.998111
89 77 0.998103
89 78 0.998098
89 79 0.998097
89 80 0.998099
89 81 0.998104
89 82 0.998112
89 83 0.998123
89 84 0.998137
89 85 0.998154
89 86 0.998173
89 87 0.998195
89 88 0.998219
89 89 0.998245
89 90 0.998273
89 91 0.998304
89 92 0.998336
89 93 0.998369
89 94 0.998404
89 95 0.998439
89 96 0.998476
89 97 0.998514
89 98 0.998552
89 99 0.99859
89 100 0.998629
89 101 0.998667
89 102 0.998706
89 103 0.998743
89 104 0.998781
89 105 0.998817
89 106 0.998853
89 107 0.998889
89 108 0.998923
89 109 0.998956
89 110 0.998989
89 111 0.999021
89 112 0.999052
89 113 0.999083
89 114 0.999113
89 115 0.999143
89 116 0.999171
89 117 0.9992
89 118 0.999227
89 119 0.999254
89 120 0.999278
89 121 0.999301
89 122 0.999321
89 123 0.999337
89 124 0.999349
89 125 0.999355
89 126 0.999356
89 127 0.999349

90 0 0
90 1 1.00094
90 2 1.00094
90 3 1.00094
90 4 1.00094
90 5 1.00093
90 6 1.00093
90 7 1.00093
90 8 1.00093
90 9 1.00093
90 10 1.00093
90 11 1.00092
90 12 1.00092
90 13 1.00092
90 14 1.00092
90 15 1.00092
90 16 1.00092
90 17 1.00091
90 18 1.00091
90 19 1.00091
90 20 1.00091
90 21 1.0009
90 22 1.0009
90 23 1.0009
90 24 1.00089
90 25 1.00088
90 26 1.00088
90 27 1.00087
90 28 1.00086
90 29 1.00084
90 30 1.00083
90 31 1.00081
90 32 1.00079
90 33 1.00077
90 34 1.00074
90 35 1.00072
90 36 1.00068
90 37 1.00064
90 38 1.0006
90 39 1.00056
90 40 1.0005
90 41 1.00045
90 42 1.00039
90 43 1.00032
90 44 1.00025
90 45 1.00017
90 46 1.00009
90 47 1.00001
90 48 0.99992
90 49 0.99983
90 50 0.999738
90 51 0.999645
90 52 0.99955
90 53 0.999455
90 54 0.999361
90 55 0.999268
90 56 0.999176
90 57 0.999087
90 58 0.999001
90 59 0.998918
90 60 0.998839
90 61 0.998763
90 62 0.998692
90 63 0.998625
90 64 0.998562
90 65 0.998504
90 66 0.99845
90 67 0.998401
90 68 0.998357
90 69 0.998316
90 70 0.998281
90 71 0.998249
90 72 0.998221
90 73 0.998198
90 74 0.998179
90 75 0.998163
90 76 0.998151
90 77 0.998143
90 78 0.998138
90 79 0.998136
90 80 0.998138
90 81 0.998143
90 82 0.998152
90 83 0.998163
90 84 0.998177
90 85 0.998194
90 86 0.998213
90 87 0.998235
90 88 0.998259
90 89 0.998286
90 90 0.998314
90 91 0.998345
90 92 0.998377
90 93 0.998411
90 94 0.998446
90 95 0.998482
90 96 0.998519
90 97 0.998557
90 98 0.998596
90 99 0.998635
90 100 0.998674
90 101 0.998713
90 102 0.998752
90 103 0.998791
90 104 0.998829
90 105 0.998867
90 106 0.998904
90 107 0.99894
90 108 0.998975
90 109 0.99901
90 110 0.999044
90 111 0.999077
90 112 0.999109
90 113 0.999141
90 114 0.999173
90 115 0.999204
90 116 0.999234
90 117 0.999264
90 118 0.999292
90 119 0.99932
90 120 0.999346
90 121 0.999369
90 122 0.99939
90 123 0.999407
90 124 0.999419
90 125 0.999425
90 126 0.999425
90 127 0.999417

91 0 0
91 1 1.00094
91 2 1.00094
91 3 1.00094
91 4 1.00094
91 5 1.00093
91 6 1.00093
91 7 1.00093
91 8 1.00093
91 9 1.00093
91 10 1.00093
91 11 1.00092
91 12 1.00092
91 13 1.00092
91 14 1.00092
91 15 1.00092
91 16 1.00092
91 17 1.00092
91 18 1.00091
91 19 1.00091
91 20 1.00091
91 21 1.00091
91 22 1.0009
91 23 1.0009
91 24 1.00089
91 25 1.00089
91 26 1.00088
91 27 1.00087
91 28 1.00086
91 29 1.00085
91 30 1.00084
91 31 1.00082
91 32 1.0008
91 33 1.00078
91 34 1.00076
91 35 1.00073
91 36 1.0007
91 37 1.00066
91 38 1.00062
91 39 1.00058
91 40 1.00053
91 41 1.00048
91 42 1.00042
91 43 1.00036
91 44 1.00029
91 45 1.00021
91 46 1.00014
91 47 1.00006
91 48 0.999971
91 49 0.999883
91 50 0.999792
91 51 0.9997
91 52 0.999607
91 53 0.999513
91 54 0.999419
91 55 0.999327
91 56 0.999235
91 57 0.999146
91 58 0.999059
91 59 0.998976
91 60 0.998895
91 61 0.998819
91 62 0.998747
91 63 0.998678
91 64 0.998615
91 65 0.998555
91 66 0.998501
91 67 0.99845
91 68 0.998405
91 69 0.998364
91 70 0.998327
91 71 0.998294
91 72 0.998266
91 73 0.998242
91 74 0.998222
91 75 0.998206
91 76 0.998193
91 77 0.998185
91 78 0.99818
91 79 0.998178
91 80 0.99818
91 81 0.998185
91 82 0.998193
91 83 0.998204
91 84 0.998218
91 85 0.998235
91 86 0.998254
91 87 0.998276
91 88 0.998301
91 89 0.998328
91 90 0.998356
91 91 0.998387
91 92 0.99842
91 93 0.998454
91 94 0.99849
91 95 0.998526
91 96 0.998564
91 97 0.998603
91 98 0.998642
91 99 0.998682
91 100 0.998722
91 101 0.998762
91 102 0.998801
91 103 0.998841
91 104 0.99888
91 105 0.998919
91 106 0.998957
91 107 0.998994
91 108 0.999031
91 109 0.999067
91 110 0.999102
91 111 0.999137
91 112 0.999171
91 113 0.999204
91 114 0.999237
91 115 0.99927
91 116 0.999302
91 117 0.999333
91 118 0.999363
91 119 0.999392
91 120 0.99942
91 121 0.999444
91 122 0.999466
91 123 0.999483
91 124 0.999495
91 125 0.999501
91 126 0.9995
91 127 0.999492

92 0 0
92 1 1.00094
92 2 1.00094
92 3 1.00094
92 4 1.00094
92 5 1.00093
92 6 1.00093
92 7 1.00093
92 8 1.00093
92 9 1.00093
92 10 1.00093
92 11 1.00092
92 12 1.00092
92 13 1.00092
92 14 1.00092
92 15 1.00092
92 16 1.00092
92 17 1.00092
92 18 1.00091
92 19 1.00091
92 20 1.00091
92 21 1.00091
92 22 1.0009
92 23 1.0009
92 24 1.00089
92 25 1.00089
92 26 1.00088
92 27 1.00088
92 28 1.00087
92 29 1.00086
92 30 1.00084
92 31 1.00083
92 32 1.00081
92 33 1.00079
92 34 1.00077
92 35 1.00075
92 36 1.00072
92 37 1.00068
92 38 1.00065
92 39 1.00061
92 40 1.00056
92 41 1.00051
92 42 1.00045
92 43 1.00039
92 44 1.00033
92 45 1.00026
92 46 1.00018
92 47 1.0001
92 48 1.00002
92 49 0.999936
92 50 0.999848
92 51 0.999758
92 52 0.999666
92 53 0.999573
92 54 0.99948
92 55 0.999388
92 56 0.999297
92 57 0.999208
92 58 0.999121
92 59 0.999037
92 60 0.998956
92 61 0.998878
92 62 0.998805
92 63 0.998736
92 64 0.998671
92 65 0.99861
92 66 0.998554
92 67 0.998503
92 68 0.998456
92 69 0.998414
92 70 0.998376
92 71 0.998342
92 72 0.998313
92 73 0.998288
92 74 0.998267
92 75 0.998251
92 76 0.998238
92 77 0.998228
92 78 0.998223
92 79 0.998221
92 80 0.998222
92 81 0.998227
92 82 0.998235
92 83 0.998246
92 84 0.99826
92 85 0.998277
92 86 0.998297
92 87 0.998319
92 88 0.998344
92 89 0.998371
92 90 0.9984
92 91 0.998431
92 92 0.998464
92 93 0.998499
92 94 0.998535
92 95 0.998572
92 96 0.998611
92 97 0.99865
92 98 0.99869
92 99 0.99873
92 100 0.998771
92 101 0.998812
92 102 0.998853
92 103 0.998894
92 104 0.998934
92 105 0.998974
92 106 0.999013
92 107 0.999052
92 108 0.99909
92 109 0.999128
92 110 0.999165
92 111 0.999201
92 112 0.999237
92 113 0.999272
92 114 0.999307
92 115 0.999342
92 116 0.999376
92 117 0.999409
92 118 0.999441
92 119 0.999472
92 120 0.9995
92 121 0.999526
92 122 0.999549
92 123 0.999567
92 124 0.999579
92 125 0.999585
92 126 0.999584
92 127 0.999574

93 0 0
93 1 1.00094
93 2 1.00094
93 3 1.00094
93 4 1.00094
93 5 1.00093
93 6 1.00093
93 7 1.00093
93 8 1.00093
93 9 1.00093
93 10 1.00093
93 11 1.00092
93 12 1.00092
93 13 1.00092
93 14 1.00092
93 15 1.00092
93 16 1.00092
93 17 1.00092
93 18 1.00091
93 19 1.00091
93 20 1.00091
93 21 1.00091
93 22 1.0009
93 23 1.0009
93 24 1.0009
93 25 1.00089
93 26 1.00089
93 27 1.00088
93 28 1.00087
93 29 1.00086
93 30 1.00085
93 31 1.00084
93 32 1.00082
93 33 1.0008
93 34 1.00078
93 35 1.00076
93 36 1.00073
93 37 1.0007
93 38 1.00067
93 39 1.00063
93 40 1.00059
93 41 1.00054
93 42 1.00049
93 43 1.00043
93 44 1.00037
93 45 1.0003
93 46 1.00023
93 47 1.00015
93 48 1.00007
93 49 0.999991
93 50 0.999905
93 51 0.999817
93 52 0.999727
93 53 0.999635
93 54 0.999544
93 55 0.999452
93 56 0.999362
93 57 0.999272
93 58 0.999185
93 59 0.999101
93 60 0.999019
93 61 0.998941
93 62 0.998867
93 63 0.998796
93 64 0.99873
93 65 0.998668
93 66 0.998611
93 67 0.998558
93 68 0.99851
93 69 0.998467
93 70 0.998428
93 71 0.998393
93 72 0.998363
93 73 0.998337
93 74 0.998315
93 75 0.998298
93 76 0.998284
93 77 0.998274
93 78 0.998268
93 79 0.998266
93 80 0.998267
93 81 0.998271
93 82 0.998279
93 83 0.99829
93 84 0.998304
93 85 0.998321
93 86 0.998341
93 87 0.998363
93 88 0.998388
93 89 0.998415
93 90 0.998445
93 91 0.998476
93 92 0.99851
93 93 0.998545
93 94 0.998581
93 95 0.998619
93 96 0.998659
93 97 0.998699
93 98 0.998739
93 99 0.998781
93 100 0.998823
93 101 0.998865
93 102 0.998907
93 103 0.998949
93 104 0.99899
93 105 0.999032
93 106 0.999073
93 107 0.999113
93 108 0.999153
93 109 0.999193
93 110 0.999231
93 111 0.99927
93 112 0.999308
93 113 0.999345
93 114 0.999383
93 115 0.999419
93 116 0.999455
93 117 0.999491
93 118 0.999525
93 119 0.999558
93 120 0.999588
93 121 0.999616
93 122 0.99964
93 123 0.999658
93 124 0.999671
93 125 0.999677
93 126 0.999675
93 127 0.999664

94 0 0
94 1 1.00094
94 2 1.00094
94 3 1.00094
94 4 1.00093
94 5 1.00093
94 6 1.00093
94 7 1.00093
94 8 1.00093
94 9 1.00093
94 10 1.00093
94 11 1.00092
94 12 1.00092
94 13 1.00092
94 14 1.00092
94 15 1.00092
94 16 1.00092
94 17 1.00092
94 18 1.00091
94 19 1.00091
94 20 1.00091
94 21 1.00091
94 22 1.0009
94 23 1.0009
94 24 1.0009
94 25 1.00089
94 26 1.00089
94 27 1.00088
94 28 1.00087
94 29 1.00087
94 30 1.00086
94 31 1.00084
94 32 1.00083
94 33 1.00081
94 34 1.00079
94 35 1.00077
94 36 1.00075
94 37 1.00072
94 38 1.00069
94 39 1.00065
94 40 1.00061
94 41 1.00057
94 42 1.00052
94 43 1.00046
94 44 1.00041
94 45 1.00034
94 46 1.00027
94 47 1.0002
94 48 1.00013
94 49 1.00005
94 50 0.999963
94 51 0.999877
94 52 0.999789
94 53 0.9997
94 54 0.999609
94 55 0.999519
94 56 0.999429
94 57 0.99934
94 58 0.999253
94 59 0.999168
94 60 0.999086
94 61 0.999007
94 62 0.998932
94 63 0.99886
94 64 0.998793
94 65 0.99873
94 66 0.998671
94 67 0.998617
94 68 0.998568
94 69 0.998523
94 70 0.998482
94 71 0.998446
94 72 0.998415
94 73 0.998388
94 74 0.998365
94 75 0.998347
94 76 0.998332
94 77 0.998322
94 78 0.998315
94 79 0.998312
94 80 0.998313
94 81 0.998317
94 82 0.998324
94 83 0.998335
94 84 0.998349
94 85 0.998366
94 86 0.998386
94 87 0.998408
94 88 0.998433
94 89 0.998461
94 90 0.998491
94 91 0.998522
94 92 0.998556
94 93 0.998592
94 94 0.998629
94 95 0.998668
94 96 0.998708
94 97 0.998749
94 98 0.998791
94 99 0.998833
94 100 0.998876
94 101 0.998919
94 102 0.998963
94 103 0.999006
94 104 0.999049
94 105 0.999093
94 106 0.999135
94 107 0.999178
94 108 0.99922
94 109 0.999261
94 110 0.999303
94 111 0.999343
94 112 0.999384
94 113 0.999424
94 114 0.999464
94 115 0.999503
94 116 0.999542
94 117 0.999579
94 118 0.999616
94 119 0.999651
94 120 0.999684
94 121 0.999713
94 122 0.999738
94 123 0.999758
94 124 0.999772
94 125 0.999777
94 126 0.999775
94 127 0.999763

95 0 0
95 1 1.00094
95 2 1.00094
95 3 1.00094
95 4 1.00093
95 5 1.00093
95 6 1.00093
95 7 1.00093
95 8 1.00093
95 9 1.00093
95 10 1.00092
95 11 1.00092
95 12 1.00092
95 13 1.00092
95 14 1.00092
95 15 1.00092
95 16 1.00092
95 17 1.00091
95 18 1.00091
95 19 1.00091
95 20 1.00091
95 21 1.00091
95 22 1.0009
95 23 1.0009
95 24 1.0009
95 25 1.00089
95 26 1.00089
95 27 1.00088
95 28 1.00088
95 29 1.00087
95 30 1.00086
95 31 1.00085
95 32 1.00084
95 33 1.00082
95 34 1.0008
95 35 1.00079
95 36 1.00076
95 37 1.00074
95 38 1.00071
95 39 1.00067
95 40 1.00064
95 41 1.0006
95 42 1.00055
95 43 1.0005
95 44 1.00044
95 45 1.00038
95 46 1.00032
95 47 1.00025
95 48 1.00018
95 49 1.0001
95 50 1.00002
95 51 0.999938
95 52 0.999853
95 53 0.999765
95 54 0.999677
95 55 0.999588
95 56 0.999499
95 57 0.99941
95 58 0.999324
95 59 0.999239
95 60 0.999156
95 61 0.999076
95 62 0.999
95 63 0.998928
95 64 0.998859
95 65 0.998795
95 66 0.998735
95 67 0.998679
95 68 0.998628
95 69 0.998582
95 70 0.99854
95 71 0.998503
95 72 0.99847
95 73 0.998442
95 74 0.998418
95 75 0.998398
95 76 0.998383
95 77 0.998372
95 78 0.998364
95 79 0.998361
95 80 0.998361
95 81 0.998364
95 82 0.998371
95 83 0.998382
95 84 0.998395
95 85 0.998412
95 86 0.998432
95 87 0.998455
95 88 0.99848
95 89 0.998507
95 90 0.998538
95 91 0.99857
95 92 0.998604
95 93 0.99864
95 94 0.998678
95 95 0.998718
95 96 0.998759
95 97 0.998801
95 98 0.998843
95 99 0.998887
95 100 0.998931
95 101 0.998976
95 102 0.999021
95 103 0.999066
95 104 0.999111
95 105 0.999156
95 106 0.999201
95 107 0.999246
95 108 0.99929
95 109 0.999334
95 110 0.999378
95 111 0.999422
95 112 0.999465
95 113 0.999508
95 114 0.999551
95 115 0.999593
95 116 0.999635
95 117 0.999675
95 118 0.999715
95 119 0.999753
95 120 0.999788
95 121 0.999819
95 122 0.999846
95 123 0.999867
95 124 0.999881
95 125 0.999887
95 126 0.999884
95 127 0.99987

96 0 0
96 1 1.00094
96 2 1.00094
96 3 1.00093
96 4 1.00093
96 5 1.00093
96 6 1.00093
96 7 1.00093
96 8 1.00093
96 9 1.00093
96 10 1.00092
96 11 1.00092
96 12 1.00092
96 13 1.00092
96 14 1.00092
96 15 1.00092
96 16 1.00092
96 17 1.00091
96 18 1.00091
96 19 1.00091
96 20 1.00091
96 21 1.00091
96 22 1.0009
96 23 1.0009
96 24 1.0009
96 25 1.00089
96 26 1.00089
96 27 1.00088
96 28 1.00088
96 29 1.00087
96 30 1.00086
96 31 1.00085
96 32 1.00084
96 33 1.00083
96 34 1.00081
96 35 1.0008
96 36 1.00078
96 37 1.00075
96 38 1.00073
96 39 1.0007
96 40 1.00066
96 41 1.00062
96 42 1.00058
96 43 1.00053
96 44 1.00048
96 45 1.00043
96 46 1.00036
96 47 1.0003
96 48 1.00023
96 49 1.00016
96 50 1.00008
96 51 1
96 52 0.999917
96 53 0.999832
96 54 0.999745
96 55 0.999658
96 56 0.99957
96 57 0.999483
96 58 0.999397
96 59 0.999312
96 60 0.999229
96 61 0.999149
96 62 0.999072
96 63 0.998999
96 64 0.998929
96 65 0.998863
96 66 0.998802
96 67 0.998745
96 68 0.998692
96 69 0.998644
96 70 0.998601
96 71 0.998562
96 72 0.998528
96 73 0.998499
96 74 0.998473
96 75 0.998453
96 76 0.998436
96 77 0.998424
96 78 0.998415
96 79 0.998411
96 80 0.99841
96 81 0.998413
96 82 0.99842
96 83 0.99843
96 84 0.998443
96 85 0.99846
96 86 0.998479
96 87 0.998502
96 88 0.998527
96 89 0.998555
96 90 0.998586
96 91 0.998618
96 92 0.998653
96 93 0.99869
96 94 0.998729
96 95 0.998769
96 96 0.998811
96 97 0.998854
96 98 0.998898
96 99 0.998943
96 100 0.998989
96 101 0.999035
96 102 0.999082
96 103 0.999129
96 104 0.999176
96 105 0.999223
96 106 0.99927
96 107 0.999317
96 108 0.999365
96 109 0.999412
96 110 0.999458
96 111 0.999505
96 112 0.999552
96 113 0.999598
96 114 0.999644
96 115 0.99969
96 116 0.999735
96 117 0.999779
96 118 0.999822
96 119 0.999863
96 120 0.999901
96 121 0.999934
96 122 0.999963
96 123 0.999986
96 124 1
96 125 1.00001
96 126 1
96 127 0.999987

97 0 0
97 1 1.00094
97 2 1.00093
97 3 1.00093
97 4 1.00093
97 5 1.00093
97 6 1.00093
97 7 1.00093
97 8 1.00093
97 9 1.00092
97 10 1.00092
97 11 1.00092
97 12 1.00092
97 13 1.00092
97 14 1.00092
97 15 1.00092
97 16 1.00091
97 17 1.00091
97 18 1.00091
97 19 1.00091
97 20 1.00091
97 21 1.00091
97 22 1.0009
97 23 1.0009
97 24 1.0009
97 25 1.00089
97 26 1.00089
97 27 1.00089
97 28 1.00088
97 29 1.00087
97 30 1.00087
97 31 1.00086
97 32 1.00085
97 33 1.00084
97 34 1.00082
97 35 1.00081
97 36 1.00079
97 37 1.00077
97 38 1.00074
97 39 1.00071
97 40 1.00068
97 41 1.00065
97 42 1.00061
97 43 1.00057
97 44 1.00052
97 45 1.00046
97 46 1.00041
97 47 1.00035
97 48 1.00028
97 49 1.00021
97 50 1.00014
97 51 1.00006
97 52 0.999981
97 53 0.999899
97 54 0.999815
97 55 0.99973
97 56 0.999644
97 57 0.999558
97 58 0.999472
97 59 0.999388
97 60 0.999305
97 61 0.999225
97 62 0.999147
97 63 0.999073
97 64 0.999002
97 65 0.998935
97 66 0.998872
97 67 0.998814
97 68 0.99876
97 69 0.99871
97 70 0.998665
97 71 0.998625
97 72 0.998589
97 73 0.998558
97 74 0.998531
97 75 0.998509
97 76 0.998491
97 77 0.998478
97 78 0.998468
97 79 0.998463
97 80 0.998462
97 81 0.998464
97 82 0.99847
97 83 0.99848
97 84 0.998493
97 85 0.998509
97 86 0.998528
97 87 0.998551
97 88 0.998576
97 89 0.998604
97 90 0.998635
97 91 0.998668
97 92 0.998703
97 93 0.998741
97 94 0.99878
97 95 0.998822
97 96 0.998864
97 97 0.998908
97 98 0.998954
97 99 0.999
97 100 0.999048
97 101 0.999096
97 102 0.999144
97 103 0.999194
97 104 0.999243
97 105 0.999293
97 106 0.999343
97 107 0.999393
97 108 0.999443
97 109 0.999493
97 110 0.999544
97 111 0.999594
97 112 0.999644
97 113 0.999694
97 114 0.999744
97 115 0.999794
97 116 0.999843
97 117 0.999891
97 118 0.999938
97 119 0.999982
97 120 1.00002
97 121 1.00006
97 122 1.00009
97 123 1.00011
97 124 1.00013
97 125 1.00014
97 126 1.00013
97 127 1.00012

98 0 0
98 1 1.00094
98 2 1.00093
98 3 1.00093
98 4 1.00093
98 5 1.00093
98 6 1.00093
98 7 1.00093
98 8 1.00092
98 9 1.00092
98 10 1.00092
98 11 1.00092
98 12 1.00092
98 13 1.00092
98 14 1.00092
98 15 1.00092
98 16 1.00091
98 17 1.00091
98 18 1.00091
98 19 1.00091
98 20 1.00091
98 21 1.0009
98 22 1.0009
98 23 1.0009
98 24 1.0009
98 25 1.00089
98 26 1.00089
98 27 1.00089
98 28 1.00088
98 29 1.00088
98 30 1.00087
98 31 1.00086
98 32 1.00085
98 33 1.00084
98 34 1.00083
98 35 1.00082
98 36 1.0008
98 37 1.00078
98 38 1.00076
98 39 1.00073
98 40 1.0007
98 41 1.00067
98 42 1.00064
98 43 1.0006
98 44 1.00055
98 45 1.0005
98 46 1.00045
98 47 1.00039
98 48 1.00033
98 49 1.00026
98 50 1.0002
98 51 1.00012
98 52 1.00005
98 53 0.999967
98 54 0.999885
98 55 0.999802
98 56 0.999718
98 57 0.999634
98 58 0.99955
98 59 0.999466
98 60 0.999384
98 61 0.999304
98 62 0.999226
98 63 0.999151
98 64 0.999079
98 65 0.999011
98 66 0.998947
98 67 0.998887
98 68 0.998831
98 69 0.99878
98 70 0.998733
98 71 0.998691
98 72 0.998654
98 73 0.998621
98 74 0.998593
98 75 0.998569
98 76 0.99855
98 77 0.998535
98 78 0.998524
98 79 0.998518
98 80 0.998515
98 81 0.998517
98 82 0.998522
98 83 0.998531
98 84 0.998543
98 85 0.998559
98 86 0.998579
98 87 0.998601
98 88 0.998626
98 89 0.998655
98 90 0.998685
98 91 0.998719
98 92 0.998755
98 93 0.998793
98 94 0.998833
98 95 0.998875
98 96 0.998919
98 97 0.998965
98 98 0.999011
98 99 0.999059
98 100 0.999109
98 101 0.999159
98 102 0.999209
98 103 0.999261
98 104 0.999313
98 105 0.999366
98 106 0.999419
98 107 0.999472
98 108 0.999526
98 109 0.99958
98 110 0.999634
98 111 0.999688
98 112 0.999743
98 113 0.999797
98 114 0.999852
98 115 0.999906
98 116 0.99996
98 117 1.00001
98 118 1.00006
98 119 1.00011
98 120 1.00016
98 121 1.0002
98 122 1.00023
98 123 1.00026
98 124 1.00027
98 125 1.00028
98 126 1.00027
98 127 1.00025

99 0 0
99 1 1.00093
99 2 1.00093
99 3 1.00093
99 4 1.00093
99 5 1.00093
99 6 1.00093
99 7 1.00092
99 8 1.00092
99 9 1.00092
99 10 1.00092
99 11 1.00092
99 12 1.00092
99 13 1.00092
99 14 1.00092
99 15 1.00091
99 16 1.00091
99 17 1.00091
99 18 1.00091
99 19 1.00091
99 20 1.00091
99 21 1.0009
99 22 1.0009
99 23 1.0009
99 24 1.0009
99 25 1.00089
99 26 1.00089
99 27 1.00089
99 28 1.00088
99 29 1.00088
99 30 1.00087
99 31 1.00086
99 32 1.00086
99 33 1.00085
99 34 1.00084
99 35 1.00082
99 36 1.00081
99 37 1.00079
99 38 1.00077
99 39 1.00075
99 40 1.00072
99 41 1.00069
99 42 1.00066
99 43 1.00062
99 44 1.00058
99 45 1.00054
99 46 1.00049
99 47 1.00044
99 48 1.00038
99 49 1.00032
99 50 1.00025
99 51 1.00018
99 52 1.00011
99 53 1.00003
99 54 0.999955
99 55 0.999875
99 56 0.999794
99 57 0.999711
99 58 0.999628
99 59 0.999546
99 60 0.999465
99 61 0.999385
99 62 0.999307
99 63 0.999231
99 64 0.999159
99 65 0.99909
99 66 0.999024
99 67 0.998963
99 68 0.998906
99 69 0.998853
99 70 0.998804
99 71 0.99876
99 72 0.998721
99 73 0.998687
99 74 0.998657
99 75 0.998631
99 76 0.998611
99 77 0.998594
99 78 0.998582
99 79 0.998574
99 80 0.998571
99 81 0.998571
99 82 0.998576
99 83 0.998584
99 84 0.998596
99 85 0.998611
99 86 0.99863
99 87 0.998652
99 88 0.998678
99 89 0.998706
99 90 0.998737
99 91 0.998771
99 92 0.998807
99 93 0.998846
99 94 0.998887
99 95 0.99893
99 96 0.998975
99 97 0.999022
99 98 0.999071
99 99 0.99912
99 100 0.999171
99 101 0.999224
99 102 0.999277
99 103 0.999331
99 104 0.999386
99 105 0.999442
99 106 0.999499
99 107 0.999555
99 108 0.999613
99 109 0.999671
99 110 0.99973
99 111 0.999789
99 112 0.999848
99 113 0.999908
99 114 0.999967
99 115 1.00003
99 116 1.00009
99 117 1.00014
99 118 1.0002
99 119 1.00025
99 120 1.0003
99 121 1.00034
99 122 1.00038
99 123 1.00041
99 124 1.00043
99 125 1.00043
99 126 1.00043
99 127 1.00041

100 0 0
100 1 1.00093
100 2 1.00093
100 3 1.00093
100 4 1.00093
100 5 1.00093
100 6 1.00092
100 7 1.00092
100 8 1.00092
100 9 1.00092
100 10 1.00092
100 11 1.00092
100 12 1.00092
100 13 1.00092
100 14 1.00091
100 15 1.00091
100 16 1.00091
100 17 1.00091
100 18 1.00091
100 19 1.00091
100 20 1.0009
100 21 1.0009
100 22 1.0009
100 23 1.0009
100 24 1.0009
100 25 1.00089
100 26 1.00089
100 27 1.00089
100 28 1.00088
100 29 1.00088
100 30 1.00087
100 31 1.00087
100 32 1.00086
100 33 1.00085
100 34 1.00084
100 35 1.00083
100 36 1.00082
100 37 1.0008
100 38 1.00078
100 39 1.00076
100 40 1.00074
100 41 1.00071
100 42 1.00068
100 43 1.00065
100 44 1.00061
100 45 1.00057
100 46 1.00053
100 47 1.00048
100 48 1.00042
100 49 1.00037
100 50 1.00031
100 51 1.00024
100 52 1.00017
100 53 1.0001
100 54 1.00002
100 55 0.999948
100 56 0.999869
100 57 0.999789
100 58 0.999708
100 59 0.999627
100 60 0.999547
100 61 0.999468
100 62 0.99939
100 63 0.999315
100 64 0.999242
100 65 0.999172
100 66 0.999105
100 67 0.999043
100 68 0.998984
100 69 0.998929
100 70 0.998879
100 71 0.998834
100 72 0.998793
100 73 0.998756
100 74 0.998724
100 75 0.998697
100 76 0.998675
100 77 0.998657
100 78 0.998643
100 79 0.998634
100 80 0.998629
100 81 0.998628
100 82 0.998632
100 83 0.998639
100 84 0.99865
100 85 0.998665
100 86 0.998684
100 87 0.998705
100 88 0.998731
100 89 0.998759
100 90 0.99879
100 91 0.998824
100 92 0.998861
100 93 0.998901
100 94 0.998943
100 95 0.998987
100 96 0.999033
100 97 0.999081
100 98 0.999131
100 99 0.999183
100 100 0.999236
100 101 0.999291
100 102 0.999347
100 103 0.999404
100 104 0.999462
100 105 0.999522
100 106 0.999582
100 107 0.999643
100 108 0.999705
100 109 0.999768
100 110 0.999831
100 111 0.999896
100 112 0.99996
100 113 1.00003
100 114 1.00009
100 115 1.00016
100 116 1.00022
100 117 1.00028
100 118 1.00035
100 119 1.0004
100 120 1.00046
100 121 1.0005
100 122 1.00054
100 123 1.00057
100 124 1.00059
100 125 1.0006
100 126 1.00059
100 127 1.00057

101 0 0
101 1 1.00093
101 2 1.00093
101 3 1.00093
101 4 1.00093
101 5 1.00092
101 6 1.00092
101 7 1.00092
101 8 1.00092
101 9 1.00092
101 10 1.00092
101 11 1.00092
101 12 1.00092
101 13 1.00091
101 14 1.00091
101 15 1.00091
101 16 1.00091
101 17 1.00091
101 18 1.00091
101 19 1.0009
101 20 1.0009
101 21 1.0009
101 22 1.0009
101 23 1.0009
101 24 1.00089
101 25 1.00089
101 26 1.00089
101 27 1.00089
101 28 1.00088
101 29 1.00088
101 30 1.00087
101 31 1.00087
101 32 1.00086
101 33 1.00085
101 34 1.00085
101 35 1.00084
101 36 1.00082
101 37 1.00081
101 38 1.00079
101 39 1.00078
101 40 1.00075
101 41 1.00073
101 42 1.0007
101 43 1.00067
101 44 1.00064
101 45 1.0006
101 46 1.00056
101 47 1.00052
101 48 1.00047
101 49 1.00041
101 50 1.00036
101 51 1.0003
101 52 1.00023
101 53 1.00016
101 54 1.00009
101 55 1.00002
101 56 0.999944
101 57 0.999866
101 58 0.999788
101 59 0.999709
101 60 0.999631
101 61 0.999552
101 62 0.999476
101 63 0.9994
101 64 0.999327
101 65 0.999257
101 66 0.99919
101 67 0.999126
101 68 0.999066
101 69 0.99901
101 70 0.998958
101 71 0.998911
101 72 0.998868
101 73 0.998829
101 74 0.998796
101 75 0.998767
101 76 0.998742
101 77 0.998722
101 78 0.998707
101 79 0.998696
101 80 0.99869
101 81 0.998688
101 82 0.99869
101 83 0.998697
101 84 0.998707
101 85 0.998721
101 86 0.998739
101 87 0.99876
101 88 0.998785
101 89 0.998813
101 90 0.998845
101 91 0.998879
101 92 0.998917
101 93 0.998957
101 94 0.998999
101 95 0.999045
101 96 0.999092
101 97 0.999142
101 98 0.999194
101 99 0.999248
101 100 0.999303
101 101 0.999361
101 102 0.999419
101 103 0.99948
101 104 0.999542
101 105 0.999605
101 106 0.999669
101 107 0.999735
101 108 0.999802
101 109 0.99987
101 110 0.999939
101 111 1.00001
101 112 1.00008
101 113 1.00015
101 114 1.00022
101 115 1.0003
101 116 1.00037
101 117 1.00044
101 118 1.0005
101 119 1.00057
101 120 1.00063
101 121 1.00068
101 122 1.00072
101 123 1.00076
101 124 1.00078
101 125 1.00078
101 126 1.00078
101 127 1.00075

102 0 0
102 1 1.00093
102 2 1.00093
102 3 1.00092
102 4 1.00092
102 5 1.00092
102 6 1.00092
102 7 1.00092
102 8 1.00092
102 9 1.00092
102 10 1.00092
102 11 1.00092
102 12 1.00091
102 13 1.00091
102 14 1.00091
102 15 1.00091
102 16 1.00091
102 17 1.00091
102 18 1.00091
102 19 1.0009
102 20 1.0009
102 21 1.0009
102 22 1.0009
102 23 1.0009
102 24 1.00089
102 25 1.00089
102 26 1.00089
102 27 1.00089
102 28 1.00088
102 29 1.00088
102 30 1.00087
102 31 1.00087
102 32 1.00086
102 33 1.00086
102 34 1.00085
102 35 1.00084
102 36 1.00083
102 37 1.00082
102 38 1.0008
102 39 1.00079
102 40 1.00077
102 41 1.00075
102 42 1.00072
102 43 1.0007
102 44 1.00067
102 45 1.00063
102 46 1.00059
102 47 1.00055
102 48 1.00051
102 49 1.00046
102 50 1.00041
102 51 1.00035
102 52 1.00029
102 53 1.00023
102 54 1.00016
102 55 1.00009
102 56 1.00002
102 57 0.999943
102 58 0.999867
102 59 0.999791
102 60 0.999714
102 61 0.999638
102 62 0.999562
102 63 0.999488
102 64 0.999415
102 65 0.999345
102 66 0.999277
102 67 0.999212
102 68 0.999151
102 69 0.999094
102 70 0.99904
102 71 0.998991
102 72 0.998946
102 73 0.998906
102 74 0.99887
102 75 0.998839
102 76 0.998813
102 77 0.998791
102 78 0.998774
102 79 0.998762
102 80 0.998754
102 81 0.99875
102 82 0.998751
102 83 0.998756
102 84 0.998766
102 85 0.998779
102 86 0.998796
102 87 0.998817
102 88 0.998841
102 89 0.998869
102 90 0.998901
102 91 0.998936
102 92 0.998973
102 93 0.999014
102 94 0.999058
102 95 0.999104
102 96 0.999153
102 97 0.999205
102 98 0.999258
102 99 0.999314
102 100 0.999373
102 101 0.999433
102 102 0.999495
102 103 0.999559
102 104 0.999624
102 105 0.999692
102 106 0.999761
102 107 0.999832
102 108 0.999904
102 109 0.999978
102 110 1.00005
102 111 1.00013
102 112 1.00021
102 113 1.00029
102 114 1.00037
102 115 1.00044
102 116 1.00052
102 117 1.0006
102 118 1.00067
102 119 1.00075
102 120 1.00081
102 121 1.00087
102 122 1.00092
102 123 1.00095
102 124 1.00098
102 125 1.00098
102 126 1.00098
102 127 1.00095

103 0 0
103 1 1.00092
103 2 1.00092
103 3 1.00092
103 4 1.00092
103 5 1.00092
103 6 1.00092
103 7 1.00092
103 8 1.00092
103 9 1.00092
103 10 1.00092
103 11 1.00091
103 12 1.00091
103 13 1.00091
103 14 1.00091
103 15 1.00091
103 16 1.00091
103 17 1.00091
103 18 1.0009
103 19 1.0009
103 20 1.0009
103 21 1.0009
103 22 1.0009
103 23 1.00089
103 24 1.00089
103 25 1.00089
103 26 1.00089
103 27 1.00088
103 28 1.00088
103 29 1.00088
103 30 1.00087
103 31 1.00087
103 32 1.00086
103 33 1.00086
103 34 1.00085
103 35 1.00084
103 36 1.00083
103 37 1.00082
103 38 1.00081
103 39 1.0008
103 40 1.00078
103 41 1.00076
103 42 1.00074
103 43 1.00072
103 44 1.00069
103 45 1.00066
103 46 1.00062
103 47 1.00059
103 48 1.00055
103 49 1.0005
103 50 1.00045
103 51 1.0004
103 52 1.00034
103 53 1.00028
103 54 1.00022
103 55 1.00016
103 56 1.00009
103 57 1.00002
103 58 0.999946
103 59 0.999872
103 60 0.999798
103 61 0.999724
103 62 0.999649
103 63 0.999576
103 64 0.999504
103 65 0.999434
103 66 0.999366
103 67 0.999301
103 68 0.999239
103 69 0.999181
103 70 0.999126
103 71 0.999075
103 72 0.999029
103 73 0.998986
103 74 0.998949
103 75 0.998916
103 76 0.998888
103 77 0.998864
103 78 0.998845
103 79 0.998831
103 80 0.998821
103 81 0.998816
103 82 0.998815
103 83 0.998819
103 84 0.998827
103 85 0.998839
103 86 0.998855
103 87 0.998876
103 88 0.9989
103 89 0.998927
103 90 0.998959
103 91 0.998994
103 92 0.999032
103 93 0.999073
103 94 0.999118
103 95 0.999166
103 96 0.999216
103 97 0.999269
103 98 0.999325
103 99 0.999383
103 100 0.999444
103 101 0.999507
103 102 0.999573
103 103 0.999641
103 104 0.999711
103 105 0.999783
103 106 0.999857
103 107 0.999933
103 108 1.00001
103 109 1.00009
103 110 1.00017
103 111 1.00026
103 112 1.00034
103 113 1.00043
103 114 1.00052
103 115 1.00061
103 116 1.00069
103 117 1.00078
103 118 1.00086
103 119 1.00094
103 120 1.00101
103 121 1.00107
103 122 1.00113
103 123 1.00117
103 124 1.00119
103 125 1.0012
103 126 1.00119
103 127 1.00116

104 0 0
104 1 1.00092
104 2 1.00092
104 3 1.00092
104 4 1.00092
104 5 1.00092
104 6 1.00092
104 7 1.00092
104 8 1.00092
104 9 1.00092
104 10 1.00091
104 11 1.00091
104 12 1.00091
104 13 1.00091
104 14 1.00091
104 15 1.00091
104 16 1.00091
104 17 1.0009
104 18 1.0009
104 19 1.0009
104 20 1.0009
104 21 1.0009
104 22 1.00089
104 23 1.00089
104 24 1.00089
104 25 1.00089
104 26 1.00089
104 27 1.00088
104 28 1.00088
104 29 1.00088
104 30 1.00087
104 31 1.00087
104 32 1.00086
104 33 1.00086
104 34 1.00085
104 35 1.00085
104 36 1.00084
104 37 1.00083
104 38 1.00082
104 39 1.0008
104 40 1.00079
104 41 1.00077
104 42 1.00075
104 43 1.00073
104 44 1.00071
104 45 1.00068
104 46 1.00065
104 47 1.00062
104 48 1.00058
104 49 1.00054
104 50 1.00049
104 51 1.00045
104 52 1.00039
104 53 1.00034
104 54 1.00028
104 55 1.00022
104 56 1.00016
104 57 1.00009
104 58 1.00002
104 59 0.999952
104 60 0.99988
104 61 0.999808
104 62 0.999736
104 63 0.999665
104 64 0.999594
104 65 0.999525
104 66 0.999457
104 67 0.999392
104 68 0.99933
104 69 0.99927
104 70 0.999214
104 71 0.999162
104 72 0.999114
104 73 0.99907
104 74 0.999031
104 75 0.998996
104 76 0.998966
104 77 0.99894
104 78 0.998919
104 79 0.998903
104 80 0.998891
104 81 0.998884
104 82 0.998882
104 83 0.998884
104 84 0.998891
104 85 0.998902
104 86 0.998917
104 87 0.998937
104 88 0.99896
104 89 0.998988
104 90 0.999019
104 91 0.999054
104 92 0.999092
104 93 0.999135
104 94 0.99918
104 95 0.999229
104 96 0.999281
104 97 0.999336
104 98 0.999393
104 99 0.999454
104 100 0.999518
104 101 0.999585
104 102 0.999654
104 103 0.999726
104 104 0.999801
104 105 0.999878
104 106 0.999958
104 107 1.00004
104 108 1.00013
104 109 1.00021
104 110 1.0003
104 111 1.0004
104 112 1.00049
104 113 1.00058
104 114 1.00068
104 115 1.00078
104 116 1.00087
104 117 1.00097
104 118 1.00106
104 119 1.00115
104 120 1.00123
104 121 1.0013
104 122 1.00136
104 123 1.0014
104 124 1.00143
104 125 1.00144
104 126 1.00143
104 127 1.00139

105 0 0
105 1 1.00092
105 2 1.00092
105 3 1.00092
105 4 1.00092
105 5 1.00092
105 6 1.00092
105 7 1.00092
105 8 1.00092
105 9 1.00091
105 10 1.00091
105 11 1.00091
105 12 1.00091
105 13 1.00091
105 14 1.00091
105 15 1.00091
105 16 1.0009
105 17 1.0009
105 18 1.0009
105 19 1.0009
105 20 1.0009
105 21 1.0009
105 22 1.00089
105 23 1.00089
105 24 1.00089
105 25 1.00089
105 26 1.00088
105 27 1.00088
105 28 1.00088
105 29 1.00088
105 30 1.00087
105 31 1.00087
105 32 1.00086
105 33 1.00086
105 34 1.00085
105 35 1.00085
105 36 1.00084
105 37 1.00083
105 38 1.00082
105 39 1.00081
105 40 1.0008
105 41 1.00078
105 42 1.00076
105 43 1.00075
105 44 1.00072
105 45 1.0007
105 46 1.00067
105 47 1.00064
105 48 1.00061
105 49 1.00057
105 50 1.00053
105 51 1.00049
105 52 1.00044
105 53 1.00039
105 54 1.00034
105 55 1.00028
105 56 1.00022
105 57 1.00016
105 58 1.00009
105 59 1.00003
105 60 0.99996
105 61 0.999892
105 62 0.999822
105 63 0.999753
105 64 0.999684
105 65 0.999616
105 66 0.999549
105 67 0.999484
105 68 0.999422
105 69 0.999362
105 70 0.999306
105 71 0.999252
105 72 0.999203
105 73 0.999158
105 74 0.999117
105 75 0.99908
105 76 0.999048
105 77 0.99902
105 78 0.998997
105 79 0.998979
105 80 0.998965
105 81 0.998957
105 82 0.998953
105 83 0.998953
105 84 0.998958
105 85 0.998968
105 86 0.998982
105 87 0.999001
105 88 0.999023
105 89 0.99905
105 90 0.999081
105 91 0.999116
105 92 0.999155
105 93 0.999198
105 94 0.999244
105 95 0.999294
105 96 0.999347
105 97 0.999404
105 98 0.999464
105 99 0.999528
105 100 0.999595
105 101 0.999665
105 102 0.999738
105 103 0.999815
105 104 0.999894
105 105 0.999977
105 106 1.00006
105 107 1.00015
105 108 1.00024
105 109 1.00034
105 110 1.00044
105 111 1.00054
105 112 1.00064
105 113 1.00075
105 114 1.00086
105 115 1.00096
105 116 1.00107
105 117 1.00118
105 118 1.00128
105 119 1.00137
105 120 1.00146
105 121 1.00154
105 122 1.00161
105 123 1.00166
105 124 1.00169
105 125 1.0017
105 126 1.00168
105 127 1.00165

106 0 0
106 1 1.00092
106 2 1.00092
106 3 1.00092
106 4 1.00092
106 5 1.00092
106 6 1.00092
106 7 1.00091
106 8 1.00091
106 9 1.00091
106 10 1.00091
106 11 1.00091
106 12 1.00091
106 13 1.00091
106 14 1.00091
106 15 1.0009
106 16 1.0009
106 17 1.0009
106 18 1.0009
106 19 1.0009
106 20 1.0009
106 21 1.00089
106 22 1.00089
106 23 1.00089
106 24 1.00089
106 25 1.00088
106 26 1.00088
106 27 1.00088
106 28 1.00088
106 29 1.00087
106 30 1.00087
106 31 1.00087
106 32 1.00086
106 33 1.00086
106 34 1.00085
106 35 1.00085
106 36 1.00084
106 37 1.00083
106 38 1.00082
106 39 1.00081
106 40 1.0008
106 41 1.00079
106 42 1.00077
106 43 1.00076
106 44 1.00074
106 45 1.00072
106 46 1.00069
106 47 1.00067
106 48 1.00064
106 49 1.0006
106 50 1.00057
106 51 1.00053
106 52 1.00048
106 53 1.00044
106 54 1.00039
106 55 1.00034
106 56 1.00028
106 57 1.00022
106 58 1.00016
106 59 1.0001
106 60 1.00004
106 61 0.999972
106 62 0.999906
106 63 0.999839
106 64 0.999772
106 65 0.999706
106 66 0.999641
106 67 0.999577
106 68 0.999515
106 69 0.999455
106 70 0.999398
106 71 0.999345
106 72 0.999294
106 73 0.999248
106 74 0.999205
106 75 0.999167
106 76 0.999133
106 77 0.999103
106 78 0.999079
106 79 0.999058
106 80 0.999043
106 81 0.999032
106 82 0.999026
106 83 0.999025
106 84 0.999029
106 85 0.999037
106 86 0.99905
106 87 0.999067
106 88 0.999089
106 89 0.999116
106 90 0.999146
106 91 0.999181
106 92 0.99922
106 93 0.999263
106 94 0.999311
106 95 0.999362
106 96 0.999416
106 97 0.999475
106 98 0.999538
106 99 0.999604
106 100 0.999674
106 101 0.999748
106 102 0.999826
106 103 0.999907
106 104 0.999992
106 105 1.00008
106 106 1.00017
106 107 1.00027
106 108 1.00037
106 109 1.00048
106 110 1.00058
106 111 1.00069
106 112 1.00081
106 113 1.00093
106 114 1.00104
106 115 1.00116
106 116 1.00128
106 117 1.0014
106 118 1.00151
106 119 1.00162
106 120 1.00172
106 121 1.00181
106 122 1.00188
106 123 1.00193
106 124 1.00197
106 125 1.00198
106 126 1.00197
106 127 1.00192

107 0 0
107 1 1.00092
107 2 1.00092
107 3 1.00092
107 4 1.00092
107 5 1.00091
107 6 1.00091
107 7 1.00091
107 8 1.00091
107 9 1.00091
107 10 1.00091
107 11 1.00091
107 12 1.00091
107 13 1.00091
107 14 1.0009
107 15 1.0009
107 16 1.0009
107 17 1.0009
107 18 1.0009
107 19 1.0009
107 20 1.00089
107 21 1.00089
107 22 1.00089
107 23 1.00089
107 24 1.00089
107 25 1.00088
107 26 1.00088
107 27 1.00088
107 28 1.00088
107 29 1.00087
107 30 1.00087
107 31 1.00087
107 32 1.00086
107 33 1.00086
107 34 1.00085
107 35 1.00085
107 36 1.00084
107 37 1.00083
107 38 1.00083
107 39 1.00082
107 40 1.00081
107 41 1.00079
107 42 1.00078
107 43 1.00077
107 44 1.00075
107 45 1.00073
107 46 1.00071
107 47 1.00068
107 48 1.00066
107 49 1.00063
107 50 1.0006
107 51 1.00056
107 52 1.00052
107 53 1.00048
107 54 1.00044
107 55 1.00039
107 56 1.00034
107 57 1.00028
107 58 1.00023
107 59 1.00017
107 60 1.00011
107 61 1.00005
107 62 0.999986
107 63 0.999922
107 64 0.999858
107 65 0.999794
107 66 0.999731
107 67 0.999669
107 68 0.999608
107 69 0.999549
107 70 0.999492
107 71 0.999438
107 72 0.999388
107 73 0.99934
107 74 0.999296
107 75 0.999257
107 76 0.999221
107 77 0.99919
107 78 0.999163
107 79 0.999141
107 80 0.999124
107 81 0.999111
107 82 0.999104
107 83 0.999101
107 84 0.999103
107 85 0.999109
107 86 0.999121
107 87 0.999137
107 88 0.999158
107 89 0.999184
107 90 0.999214
107 91 0.999249
107 92 0.999288
107 93 0.999332
107 94 0.999379
107 95 0.999432
107 96 0.999488
107 97 0.999549
107 98 0.999614
107 99 0.999683
107 100 0.999757
107 101 0.999835
107 102 0.999916
107 103 1
107 104 1.00009
107 105 1.00019
107 106 1.00029
107 107 1.00039
107 108 1.0005
107 109 1.00062
107 110 1.00073
107 111 1.00086
107 112 1.00098
107 113 1.00111
107 114 1.00124
107 115 1.00138
107 116 1.00151
107 117 1.00164
107 118 1.00177
107 119 1.00189
107 120 1.002
107 121 1.0021
107 122 1.00218
107 123 1.00224
107 124 1.00228
107 125 1.00229
107 126 1.00227
107 127 1.00223

108 0 0
108 1 1.00091
108 2 1.00091
108 3 1.00091
108 4 1.00091
108 5 1.00091
108 6 1.00091
108 7 1.00091
108 8 1.00091
108 9 1.00091
108 10 1.00091
108 11 1.00091
108 12 1.00091
108 13 1.0009
108 14 1.0009
108 15 1.0009
108 16 1.0009
108 17 1.0009
108 18 1.0009
108 19 1.00089
108 20 1.00089
108 21 1.00089
108 22 1.00089
108 23 1.00089
108 24 1.00088
108 25 1.00088
108 26 1.00088
108 27 1.00088
108 28 1.00087
108 29 1.00087
108 30 1.00087
108 31 1.00086
108 32 1.00086
108 33 1.00086
108 34 1.00085
108 35 1.00085
108 36 1.00084
108 37 1.00083
108 38 1.00083
108 39 1.00082
108 40 1.00081
108 41 1.0008
108 42 1.00079
108 43 1.00077
108 44 1.00076
108 45 1.00074
108 46 1.00072
108 47 1.0007
108 48 1.00068
108 49 1.00065
108 50 1.00062
108 51 1.00059
108 52 1.00056
108 53 1.00052
108 54 1.00048
108 55 1.00043
108 56 1.00039
108 57 1.00034
108 58 1.00029
108 59 1.00023
108 60 1.00018
108 61 1.00012
108 62 1.00006
108 63 1
108 64 0.999941
108 65 0.99988
108 66 0.999819
108 67 0.999758
108 68 0.999699
108 69 0.999642
108 70 0.999586
108 71 0.999532
108 72 0.999481
108 73 0.999434
108 74 0.999389
108 75 0.999349
108 76 0.999312
108 77 0.999279
108 78 0.999251
108 79 0.999227
108 80 0.999208
108 81 0.999194
108 82 0.999184
108 83 0.99918
108 84 0.99918
108 85 0.999185
108 86 0.999195
108 87 0.99921
108 88 0.99923
108 89 0.999255
108 90 0.999285
108 91 0.999319
108 92 0.999358
108 93 0.999402
108 94 0.999451
108 95 0.999504
108 96 0.999563
108 97 0.999625
108 98 0.999693
108 99 0.999765
108 100 0.999842
108 101 0.999924
108 102 1.00001
108 103 1.0001
108 104 1.0002
108 105 1.0003
108 106 1.00041
108 107 1.00052
108 108 1.00064
108 109 1.00076
108 110 1.0009
108 111 1.00103
108 112 1.00117
108 113 1.00131
108 114 1.00146
108 115 1.00161
108 116 1.00175
108 117 1.0019
108 118 1.00205
108 119 1.00218
108 120 1.0023
108 121 1.00241
108 122 1.0025
108 123 1.00257
108 124 1.00261
108 125 1.00263
108 126 1.00261
108 127 1.00256

109 0 0
109 1 1.00091
109 2 1.00091
109 3 1.00091
109 4 1.00091
109 5 1.00091
109 6 1.00091
109 7 1.00091
109 8 1.00091
109 9 1.00091
109 10 1.00091
109 11 1.00091
109 12 1.00091
109 13 1.0009
109 14 1.0009
109 15 1.0009
109 16 1.0009
109 17 1.0009
109 18 1.00089
109 19 1.00089
109 20 1.00089
109 21 1.00089
109 22 1.00089
109 23 1.00088
109 24 1.00088
109 25 1.00088
109 26 1.00088
109 27 1.00087
109 28 1.00087
109 29 1.00087
109 30 1.00086
109 31 1.00086
109 32 1.00086
109 33 1.00085
109 34 1.00085
109 35 1.00084
109 36 1.00084
109 37 1.00083
109 38 1.00083
109 39 1.00082
109 40 1.00081
109 41 1.0008
109 42 1.00079
109 43 1.00078
109 44 1.00076
109 45 1.00075
109 46 1.00073
109 47 1.00071
109 48 1.00069
109 49 1.00067
109 50 1.00064
109 51 1.00061
109 52 1.00058
109 53 1.00055
109 54 1.00051
109 55 1.00047
109 56 1.00043
109 57 1.00039
109 58 1.00034
109 59 1.00029
109 60 1.00024
109 61 1.00019
109 62 1.00013
109 63 1.00008
109 64 1.00002
109 65 0.999961
109 66 0.999903
109 67 0.999845
109 68 0.999788
109 69 0.999732
109 70 0.999678
109 71 0.999625
109 72 0.999575
109 73 0.999527
109 74 0.999483
109 75 0.999442
109 76 0.999404
109 77 0.99937
109 78 0.999341
109 79 0.999316
109 80 0.999295
109 81 0.999279
109 82 0.999268
109 83 0.999262
109 84 0.99926
109 85 0.999264
109 86 0.999273
109 87 0.999287
109 88 0.999305
109 89 0.999329
109 90 0.999359
109 91 0.999393
109 92 0.999432
109 93 0.999476
109 94 0.999526
109 95 0.99958
109 96 0.99964
109 97 0.999704
109 98 0.999775
109 99 0.99985
109 100 0.99993
109 101 1.00002
109 102 1.00011
109 103 1.00021
109 104 1.00031
109 105 1.00042
109 106 1.00054
109 107 1.00066
109 108 1.00079
109 109 1.00092
109 110 1.00107
109 111 1.00121
109 112 1.00136
109 113 1.00153
109 114 1.00169
109 115 1.00185
109 116 1.00202
109 117 1.00219
109 118 1.00234
109 119 1.00249
109 120 1.00263
109 121 1.00275
109 122 1.00285
109 123 1.00293
109 124 1.00298
109 125 1.00299
109 126 1.00298
109 127 1.00292

110 0 0
110 1 1.00091
110 2 1.00091
110 3 1.00091
110 4 1.00091
110 5 1.00091
110 6 1.00091
110 7 1.00091
110 8 1.00091
110 9 1.00091
110 10 1.00091
110 11 1.00091
110 12 1.0009
110 13 1.0009
110 14 1.0009
110 15 1.0009
110 16 1.0009
110 17 1.0009
110 18 1.00089
110 19 1.00089
110 20 1.00089
110 21 1.00089
110 22 1.00088
110 23 1.00088
110 24 1.00088
110 25 1.00088
110 26 1.00087
110 27 1.00087
110 28 1.00087
110 29 1.00087
110 30 1.00086
110 31 1.00086
110 32 1.00086
110 33 1.00085
110 34 1.00085
110 35 1.00084
110 36 1.00084
110 37 1.00083
110 38 1.00082
110 39 1.00082
110 40 1.00081
110 41 1.0008
110 42 1.00079
110 43 1.00078
110 44 1.00077
110 45 1.00075
110 46 1.00074
110 47 1.00072
110 48 1.0007
110 49 1.00068
110 50 1.00066
110 51 1.00063
110 52 1.00061
110 53 1.00058
110 54 1.00054
110 55 1.00051
110 56 1.00047
110 57 1.00043
110 58 1.00039
110 59 1.00034
110 60 1.0003
110 61 1.00025
110 62 1.0002
110 63 1.00014
110 64 1.00009
110 65 1.00004
110 66 0.999982
110 67 0.999927
110 68 0.999873
110 69 0.999819
110 70 0.999766
110 71 0.999715
110 72 0.999666
110 73 0.999619
110 74 0.999575
110 75 0.999534
110 76 0.999496
110 77 0.999462
110 78 0.999432
110 79 0.999406
110 80 0.999384
110 81 0.999367
110 82 0.999354
110 83 0.999346
110 84 0.999344
110 85 0.999346
110 86 0.999353
110 87 0.999366
110 88 0.999384
110 89 0.999407
110 90 0.999435
110 91 0.999469
110 92 0.999508
110 93 0.999553
110 94 0.999603
110 95 0.999659
110 96 0.99972
110 97 0.999787
110 98 0.999859
110 99 0.999938
110 100 1.00002
110 101 1.00011
110 102 1.00021
110 103 1.00031
110 104 1.00042
110 105 1.00054
110 106 1.00067
110 107 1.0008
110 108 1.00094
110 109 1.00109
110 110 1.00124
110 111 1.0014
110 112 1.00158
110 113 1.00175
110 114 1.00192
110 115 1.00211
110 116 1.0023
110 117 1.00248
110 118 1.00266
110 119 1.00284
110 120 1.00299
110 121 1.00312
110 122 1.00324
110 123 1.00333
110 124 1.00338
110 125 1.0034
110 126 1.00338
110 127 1.00332

111 0 0
111 1 1.00091
111 2 1.00091
111 3 1.00091
111 4 1.00091
111 5 1.00091
111 6 1.00091
111 7 1.00091
111 8 1.00091
111 9 1.00091
111 10 1.00091
111 11 1.0009
111 12 1.0009
111 13 1.0009
111 14 1.0009
111 15 1.0009
111 16 1.0009
111 17 1.00089
111 18 1.00089
111 19 1.00089
111 20 1.00089
111 21 1.00089
111 22 1.00088
111 23 1.00088
111 24 1.00088
111 25 1.00088
111 26 1.00087
111 27 1.00087
111 28 1.00087
111 29 1.00086
111 30 1.00086
111 31 1.00086
111 32 1.00085
111 33 1.00085
111 34 1.00084
111 35 1.00084
111 36 1.00083
111 37 1.00083
111 38 1.00082
111 39 1.00082
111 40 1.00081
111 41 1.0008
111 42 1.00079
111 43 1.00078
111 44 1.00077
111 45 1.00076
111 46 1.00074
111 47 1.00073
111 48 1.00071
111 49 1.00069
111 50 1.00067
111 51 1.00065
111 52 1.00062
111 53 1.0006
111 54 1.00057
111 55 1.00054
111 56 1.0005
111 57 1.00047
111 58 1.00043
111 59 1.00039
111 60 1.00034
111 61 1.0003
111 62 1.00025
111 63 1.0002
111 64 1.00016
111 65 1.00011
111 66 1.00005
111 67 1
111 68 0.999952
111 69 0.999901
111 70 0.999851
111 71 0.999802
111 72 0.999754
111 73 0.999709
111 74 0.999666
111 75 0.999625
111 76 0.999588
111 77 0.999553
111 78 0.999523
111 79 0.999496
111 80 0.999473
111 81 0.999455
111 82 0.999442
111 83 0.999433
111 84 0.999429
111 85 0.99943
111 86 0.999436
111 87 0.999448
111 88 0.999465
111 89 0.999487
111 90 0.999515
111 91 0.999548
111 92 0.999588
111 93 0.999633
111 94 0.999683
111 95 0.99974
111 96 0.999803
111 97 0.999872
111 98 0.999947
111 99 1.00003
111 100 1.00012
111 101 1.00021
111 102 1.00031
111 103 1.00043
111 104 1.00054
111 105 1.00067
111 106 1.0008
111 107 1.00095
111 108 1.0011
111 109 1.00125
111 110 1.00143
111 111 1.00161
111 112 1.00179
111 113 1.00198
111 114 1.00219
111 115 1.0024
111 116 1.00259
111 117 1.0028
111 118 1.00302
111 119 1.0032
111 120 1.00336
111 121 1.00353
111 122 1.00367
111 123 1.00376
111 124 1.00382
111 125 1.00385
111 126 1.00382
111 127 1.00375

112 0 0
112 1 1.00091
112 2 1.00091
112 3 1.00091
112 4 1.00091
112 5 1.00091
112 6 1.00091
112 7 1.00091
112 8 1.00091
112 9 1.00091
112 10 1.0009
112 11 1.0009
112 12 1.0009
112 13 1.0009
112 14 1.0009
112 15 1.0009
112 16 1.0009
112 17 1.00089
112 18 1.00089
112 19 1.00089
112 20 1.00089
112 21 1.00088
112 22 1.00088
112 23 1.00088
112 24 1.00088
112 25 1.00087
112 26 1.00087
112 27 1.00087
112 28 1.00086
112 29 1.00086
112 30 1.00086
112 31 1.00085
112 32 1.00085
112 33 1.00085
112 34 1.00084
112 35 1.00084
112 36 1.00083
112 37 1.00083
112 38 1.00082
112 39 1.00081
112 40 1.00081
112 41 1.0008
112 42 1.00079
112 43 1.00078
112 44 1.00077
112 45 1.00076
112 46 1.00074
112 47 1.00073
112 48 1.00072
112 49 1.0007
112 50 1.00068
112 51 1.00066
112 52 1.00064
112 53 1.00061
112 54 1.00059
112 55 1.00056
112 56 1.00053
112 57 1.00049
112 58 1.00046
112 59 1.00042
112 60 1.00038
112 61 1.00034
112 62 1.0003
112 63 1.00026
112 64 1.00021
112 65 1.00017
112 66 1.00012
112 67 1.00007
112 68 1.00002
112 69 0.999976
112 70 0.999929
112 71 0.999882
112 72 0.999837
112 73 0.999793
112 74 0.999752
112 75 0.999712
112 76 0.999676
112 77 0.999642
112 78 0.999612
112 79 0.999585
112 80 0.999562
112 81 0.999544
112 82 0.999529
112 83 0.99952
112 84 0.999515
112 85 0.999515
112 86 0.99952
112 87 0.999531
112 88 0.999547
112 89 0.999569
112 90 0.999597
112 91 0.99963
112 92 0.999669
112 93 0.999714
112 94 0.999766
112 95 0.999824
112 96 0.999888
112 97 0.999959
112 98 1.00004
112 99 1.00012
112 100 1.00021
112 101 1.00031
112 102 1.00042
112 103 1.00054
112 104 1.00066
112 105 1.0008
112 106 1.00094
112 107 1.0011
112 108 1.00126
112 109 1.00143
112 110 1.00162
112 111 1.00181
112 112 1.00201
112 113 1.00224
112 114 1.00246
112 115 1.00267
112 116 1.00291
112 117 1.00316
112 118 1.00338
112 119 1.00357
112 120 1.0038
112 121 1.00398
112 122 1.00412
112 123 1.00423
112 124 1.00431
112 125 1.00434
112 126 1.00431
112 127 1.00423

113 0 0
113 1 1.00091
113 2 1.00091
113 3 1.00091
113 4 1.00091
113 5 1.00091
113 6 1.00091
113 7 1.00091
113 8 1.00091
113 9 1.00091
113 10 1.0009
113 11 1.0009
113 12 1.0009
113 13 1.0009
113 14 1.0009
113 15 1.0009
113 16 1.00089
113 17 1.00089
113 18 1.00089
113 19 1.00089
113 20 1.00089
113 21 1.00088
113 22 1.00088
113 23 1.00088
113 24 1.00087
113 25 1.00087
113 26 1.00087
113 27 1.00087
113 28 1.00086
113 29 1.00086
113 30 1.00086
113 31 1.00085
113 32 1.00085
113 33 1.00084
113 34 1.00084
113 35 1.00083
113 36 1.00083
113 37 1.00082
113 38 1.00082
113 39 1.00081
113 40 1.0008
113 41 1.0008
113 42 1.00079
113 43 1.00078
113 44 1.00077
113 45 1.00076
113 46 1.00074
113 47 1.00073
113 48 1.00072
113 49 1.0007
113 50 1.00068
113 51 1.00067
113 52 1.00065
113 53 1.00062
113 54 1.0006
113 55 1.00057
113 56 1.00055
113 57 1.00052
113 58 1.00049
113 59 1.00045
113 60 1.00042
113 61 1.00038
113 62 1.00034
113 63 1.0003
113 64 1.00026
113 65 1.00022
113 66 1.00018
113 67 1.00013
113 68 1.00009
113 69 1.00004
113 70 0.999999
113 71 0.999955
113 72 0.999913
113 73 0.999872
113 74 0.999832
113 75 0.999795
113 76 0.999759
113 77 0.999727
113 78 0.999697
113 79 0.999671
113 80 0.999649
113 81 0.99963
113 82 0.999616
113 83 0.999606
113 84 0.9996
113 85 0.9996
113 86 0.999605
113 87 0.999615
113 88 0.999631
113 89 0.999652
113 90 0.99968
113 91 0.999713
113 92 0.999752
113 93 0.999798
113 94 0.999851
113 95 0.99991
113 96 0.999976
113 97 1.00005
113 98 1.00013
113 99 1.00022
113 100 1.00031
113 101 1.00042
113 102 1.00053
113 103 1.00066
113 104 1.00079
113 105 1.00093
113 106 1.00109
113 107 1.00125
113 108 1.00143
113 109 1.00162
113 110 1.00181
113 111 1.00202
113 112 1.00226
113 113 1.0025
113 114 1.00273
113 115 1.00298
113 116 1.00327
113 117 1.00352
113 118 1.00374
113 119 1.00402
113 120 1.00427
113 121 1.00443
113 122 1.00461
113 123 1.00477
113 124 1.00485
113 125 1.00486
113 126 1.00484
113 127 1.00476

114 0 0
114 1 1.0009
114 2 1.00091
114 3 1.00091
114 4 1.00091
114 5 1.00091
114 6 1.00091
114 7 1.00091
114 8 1.00091
114 9 1.0009
114 10 1.0009
114 11 1.0009
114 12 1.0009
114 13 1.0009
114 14 1.0009
114 15 1.0009
114 16 1.00089
114 17 1.00089
114 18 1.00089
114 19 1.00089
114 20 1.00088
114 21 1.00088
114 22 1.00088
114 23 1.00088
114 24 1.00087
114 25 1.00087
114 26 1.00087
114 27 1.00086
114 28 1.00086
114 29 1.00086
114 30 1.00085
114 31 1.00085
114 32 1.00084
114 33 1.00084
114 34 1.00084
114 35 1.00083
114 36 1.00082
114 37 1.00082
114 38 1.00081
114 39 1.00081
114 40 1.0008
114 41 1.00079
114 42 1.00078
114 43 1.00077
114 44 1.00076
114 45 1.00075
114 46 1.00074
114 47 1.00073
114 48 1.00072
114 49 1.0007
114 50 1.00069
114 51 1.00067
114 52 1.00065
114 53 1.00063
114 54 1.00061
114 55 1.00058
114 56 1.00056
114 57 1.00053
114 58 1.0005
114 59 1.00047
114 60 1.00044
114 61 1.00041
114 62 1.00037
114 63 1.00034
114 64 1.0003
114 65 1.00026
114 66 1.00022
114 67 1.00018
114 68 1.00014
114 69 1.0001
114 70 1.00006
114 71 1.00002
114 72 0.999981
114 73 0.999942
114 74 0.999905
114 75 0.999869
114 76 0.999836
114 77 0.999805
114 78 0.999777
114 79 0.999752
114 80 0.99973
114 81 0.999712
114 82 0.999698
114 83 0.999689
114 84 0.999684
114 85 0.999683
114 86 0.999688
114 87 0.999698
114 88 0.999714
114 89 0.999735
114 90 0.999762
114 91 0.999796
114 92 0.999836
114 93 0.999882
114 94 0.999936
114 95 0.999996
114 96 1.00006
114 97 1.00014
114 98 1.00022
114 99 1.00032
114 100 1.00042
114 101 1.00053
114 102 1.00064
114 103 1.00078
114 104 1.00092
114 105 1.00107
114 106 1.00123
114 107 1.00141
114 108 1.0016
114 109 1.0018
114 110 1.00201
114 111 1.00226
114 112 1.00251
114 113 1.00275
114 114 1.00302
114 115 1.00333
114 116 1.00361
114 117 1.00386
114 118 1.0042
114 119 1.00451
114 120 1.00471
114 121 1.00495
114 122 1.00521
114 123 1.00533
114 124 1.00542
114 125 1.00547
114 126 1.00544
114 127 1.00534

115 0 0
115 1 1.0009
115 2 1.0009
115 3 1.00091
115 4 1.00091
115 5 1.00091
115 6 1.00091
115 7 1.00091
115 8 1.0009
115 9 1.0009
115 10 1.0009
115 11 1.0009
115 12 1.0009
115 13 1.0009
115 14 1.0009
115 15 1.0009
115 16 1.00089
115 17 1.00089
115 18 1.00089
115 19 1.00089
115 20 1.00088
115 21 1.00088
115 22 1.00088
115 23 1.00088
115 24 1.00087
115 25 1.00087
115 26 1.00087
115 27 1.00086
115 28 1.00086
115 29 1.00085
115 30 1.00085
115 31 1.00085
115 32 1.00084
115 33 1.00084
115 34 1.00083
115 35 1.00083
115 36 1.00082
115 37 1.00082
115 38 1.00081
115 39 1.0008
115 40 1.00079
115 41 1.00079
115 42 1.00078
115 43 1.00077
115 44 1.00076
115 45 1.00075
115 46 1.00074
115 47 1.00073
115 48 1.00071
115 49 1.0007
115 50 1.00069
115 51 1.00067
115 52 1.00065
115 53 1.00063
115 54 1.00061
115 55 1.00059
115 56 1.00057
115 57 1.00054
115 58 1.00052
115 59 1.00049
115 60 1.00046
115 61 1.00043
115 62 1.0004
115 63 1.00037
115 64 1.00033
115 65 1.0003
115 66 1.00026
115 67 1.00022
115 68 1.00019
115 69 1.00015
115 70 1.00011
115 71 1.00007
115 72 1.00004
115 73 1
115 74 0.999968
115 75 0.999936
115 76 0.999904
115 77 0.999876
115 78 0.999849
115 79 0.999826
115 80 0.999805
115 81 0.999789
115 82 0.999776
115 83 0.999767
115 84 0.999762
115 85 0.999762
115 86 0.999767
115 87 0.999778
115 88 0.999794
115 89 0.999815
115 90 0.999843
115 91 0.999877
115 92 0.999918
115 93 0.999965
115 94 1.00002
115 95 1.00008
115 96 1.00015
115 97 1.00023
115 98 1.00032
115 99 1.00041
115 100 1.00052
115 101 1.00063
115 102 1.00076
115 103 1.00089
115 104 1.00104
115 105 1.0012
115 106 1.00138
115 107 1.00157
115 108 1.00177
115 109 1.00199
115 110 1.00223
115 111 1.00248
115 112 1.00273
115 113 1.00302
115 114 1.00336
115 115 1.00365
115 116 1.00393
115 117 1.00431
115 118 1.00469
115 119 1.00492
115 120 1.00521
115 121 1.0056
115 122 1.0058
115 123 1.00591
115 124 1.00607
115 125 1.00616
115 126 1.00612
115 127 1.00597

116 0 0
116 1 1.0009
116 2 1.0009
116 3 1.00091
116 4 1.00091
116 5 1.00091
116 6 1.00091
116 7 1.0009
116 8 1.0009
116 9 1.0009
116 10 1.0009
116 11 1.0009
116 12 1.0009
116 13 1.0009
116 14 1.0009
116 15 1.0009
116 16 1.00089
116 17 1.00089
116 18 1.00089
116 19 1.00089
116 20 1.00088
116 21 1.00088
116 22 1.00088
116 23 1.00087
116 24 1.00087
116 25 1.00087
116 26 1.00086
116 27 1.00086
116 28 1.00086
116 29 1.00085
116 30 1.00085
116 31 1.00084
116 32 1.00084
116 33 1.00083
116 34 1.00083
116 35 1.00082
116 36 1.00082
116 37 1.00081
116 38 1.0008
116 39 1.0008
116 40 1.00079
116 41 1.00078
116 42 1.00077
116 43 1.00077
116 44 1.00076
116 45 1.00075
116 46 1.00073
116 47 1.00072
116 48 1.00071
116 49 1.0007
116 50 1.00068
116 51 1.00067
116 52 1.00065
116 53 1.00063
116 54 1.00061
116 55 1.00059
116 56 1.00057
116 57 1.00055
116 58 1.00052
116 59 1.0005
116 60 1.00047
116 61 1.00044
116 62 1.00042
116 63 1.00039
116 64 1.00035
116 65 1.00032
116 66 1.00029
116 67 1.00026
116 68 1.00022
116 69 1.00019
116 70 1.00015
116 71 1.00012
116 72 1.00009
116 73 1.00005
116 74 1.00002
116 75 0.999991
116 76 0.999963
116 77 0.999936
116 78 0.999912
116 79 0.99989
116 80 0.999872
116 81 0.999857
116 82 0.999845
116 83 0.999837
116 84 0.999834
116 85 0.999835
116 86 0.999841
116 87 0.999852
116 88 0.999869
116 89 0.999891
116 90 0.99992
116 91 0.999955
116 92 0.999996
116 93 1.00005
116 94 1.0001
116 95 1.00017
116 96 1.00024
116 97 1.00032
116 98 1.00041
116 99 1.00051
116 100 1.00062
116 101 1.00074
116 102 1.00087
116 103 1.00101
116 104 1.00117
116 105 1.00134
116 106 1.00152
116 107 1.00172
116 108 1.00194
116 109 1.00218
116 110 1.00243
116 111 1.00269
116 112 1.00299
116 113 1.00333
116 114 1.00363
116 115 1.00395
116 116 1.00437
116 117 1.00477
116 118 1.00505
116 119 1.00541
116 120 1.00592
116 121 1.00617
116 122 1.00634
116 123 1.00669
116 124 1.00688
116 125 1.00685
116 126 1.00684
116 127 1.00671

117 0 0
117 1 1.0009
117 2 1.0009
117 3 1.0009
117 4 1.00091
117 5 1.00091
117 6 1.00091
117 7 1.0009
117 8 1.0009
117 9 1.0009
117 10 1.0009
117 11 1.0009
117 12 1.0009
117 13 1.0009
117 14 1.0009
117 15 1.00089
117 16 1.00089
117 17 1.00089
117 18 1.00089
117 19 1.00089
117 20 1.00088
117 21 1.00088
117 22 1.00088
117 23 1.00087
117 24 1.00087
117 25 1.00087
117 26 1.00086
117 27 1.00086
117 28 1.00085
117 29 1.00085
117 30 1.00085
117 31 1.00084
117 32 1.00084
117 33 1.00083
117 34 1.00083
117 35 1.00082
117 36 1.00081
117 37 1.00081
117 38 1.0008
117 39 1.00079
117 40 1.00079
117 41 1.00078
117 42 1.00077
117 43 1.00076
117 44 1.00075
117 45 1.00074
117 46 1.00073
117 47 1.00072
117 48 1.0007
117 49 1.00069
117 50 1.00068
117 51 1.00066
117 52 1.00065
117 53 1.00063
117 54 1.00061
117 55 1.00059
117 56 1.00057
117 57 1.00055
117 58 1.00053
117 59 1.0005
117 60 1.00048
117 61 1.00045
117 62 1.00042
117 63 1.0004
117 64 1.00037
117 65 1.00034
117 66 1.00031
117 67 1.00028
117 68 1.00025
117 69 1.00022
117 70 1.00018
117 71 1.00015
117 72 1.00012
117 73 1.00009
117 74 1.00006
117 75 1.00004
117 76 1.00001
117 77 0.999986
117 78 0.999964
117 79 0.999944
117 80 0.999928
117 81 0.999914
117 82 0.999905
117 83 0.999898
117 84 0.999896
117 85 0.999899
117 86 0.999906
117 87 0.999918
117 88 0.999936
117 89 0.99996
117 90 0.99999
117 91 1.00003
117 92 1.00007
117 93 1.00012
117 94 1.00018
117 95 1.00024
117 96 1.00032
117 97 1.0004
117 98 1.00049
117 99 1.0006
117 100 1.00071
117 101 1.00084
117 102 1.00097
117 103 1.00112
117 104 1.00129
117 105 1.00147
117 106 1.00166
117 107 1.00188
117 108 1.00211
117 109 1.00236
117 110 1.00262
117 111 1.00293
117 112 1.00326
117 113 1.00357
117 114 1.00391
117 115 1.00435
117 116 1.00479
117 117 1.0051
117 118 1.00551
117 119 1.00611
117 120 1.00649
117 121 1.00667
117 122 1.00716
117 123 1.00756
117 124 1.00762
117 125 1.00764
117 126 1.00767
117 127 1.0076

118 0 0
118 1 1.0009
118 2 1.0009
118 3 1.0009
118 4 1.0009
118 5 1.00091
118 6 1.0009
118 7 1.0009
118 8 1.0009
118 9 1.0009
118 10 1.0009
118 11 1.0009
118 12 1.0009
118 13 1.0009
118 14 1.0009
118 15 1.00089
118 16 1.00089
118 17 1.00089
118 18 1.00089
118 19 1.00088
118 20 1.00088
118 21 1.00088
118 22 1.00088
118 23 1.00087
118 24 1.00087
118 25 1.00086
118 26 1.00086
118 27 1.00086
118 28 1.00085
118 29 1.00085
118 30 1.00084
118 31 1.00084
118 32 1.00083
118 33 1.00083
118 34 1.00082
118 35 1.00082
118 36 1.00081
118 37 1.0008
118 38 1.0008
118 39 1.00079
118 40 1.00078
118 41 1.00077
118 42 1.00076
118 43 1.00075
118 44 1.00074
118 45 1.00073
118 46 1.00072
118 47 1.00071
118 48 1.0007
118 49 1.00068
118 50 1.00067
118 51 1.00065
118 52 1.00064
118 53 1.00062
118 54 1.0006
118 55 1.00059
118 56 1.00057
118 57 1.00055
118 58 1.00052
118 59 1.0005
118 60 1.00048
118 61 1.00045
118 62 1.00043
118 63 1.0004
118 64 1.00037
118 65 1.00035
118 66 1.00032
118 67 1.00029
118 68 1.00026
118 69 1.00023
118 70 1.0002
118 71 1.00018
118 72 1.00015
118 73 1.00012
118 74 1.00009
118 75 1.00007
118 76 1.00005
118 77 1.00002
118 78 1
118 79 0.999987
118 80 0.999972
118 81 0.999961
118 82 0.999953
118 83 0.999948
118 84 0.999948
118 85 0.999952
118 86 0.999961
118 87 0.999975
118 88 0.999994
118 89 1.00002
118 90 1.00005
118 91 1.00009
118 92 1.00013
118 93 1.00018
118 94 1.00024
118 95 1.00031
118 96 1.00039
118 97 1.00048
118 98 1.00057
118 99 1.00068
118 100 1.0008
118 101 1.00093
118 102 1.00107
118 103 1.00123
118 104 1.0014
118 105 1.00159
118 106 1.0018
118 107 1.00202
118 108 1.00226
118 109 1.00253
118 110 1.00283
118 111 1.00315
118 112 1.00346
118 113 1.00383
118 114 1.00428
118 115 1.0047
118 116 1.00505
118 117 1.00555
118 118 1.00622
118 119 1.0066
118 120 1.00683
118 121 1.00758
118 122 1.00823
118 123 1.00812
118 124 1.00838
118 125 1.00885
118 126 1.0087
118 127 1.00838

119 0 0
119 1 1.0009
119 2 1.0009
119 3 1.0009
119 4 1.0009
119 5 1.00091
119 6 1.0009
119 7 1.0009
119 8 1.0009
119 9 1.0009
119 10 1.0009
119 11 1.0009
119 12 1.0009
119 13 1.0009
119 14 1.0009
119 15 1.00089
119 16 1.00089
119 17 1.00089
119 18 1.00089
119 19 1.00088
119 20 1.00088
119 21 1.00088
119 22 1.00087
119 23 1.00087
119 24 1.00087
119 25 1.00086
119 26 1.00086
119 27 1.00086
119 28 1.00085
119 29 1.00085
119 30 1.00084
119 31 1.00084
119 32 1.00083
119 33 1.00082
119 34 1.00082
119 35 1.00081
119 36 1.00081
119 37 1.0008
119 38 1.00079
119 39 1.00078
119 40 1.00078
119 41 1.00077
119 42 1.00076
119 43 1.00075
119 44 1.00074
119 45 1.00073
119 46 1.00071
119 47 1.0007
119 48 1.00069
119 49 1.00068
119 50 1.00066
119 51 1.00065
119 52 1.00063
119 53 1.00061
119 54 1.0006
119 55 1.00058
119 56 1.00056
119 57 1.00054
119 58 1.00052
119 59 1.0005
119 60 1.00047
119 61 1.00045
119 62 1.00043
119 63 1.0004
119 64 1.00038
119 65 1.00035
119 66 1.00032
119 67 1.0003
119 68 1.00027
119 69 1.00024
119 70 1.00021
119 71 1.00019
119 72 1.00016
119 73 1.00014
119 74 1.00011
119 75 1.00009
119 76 1.00007
119 77 1.00005
119 78 1.00003
119 79 1.00002
119 80 1
119 81 0.999994
119 82 0.999988
119 83 0.999986
119 84 0.999987
119 85 0.999993
119 86 1
119 87 1.00002
119 88 1.00004
119 89 1.00007
119 90 1.0001
119 91 1.00014
119 92 1.00019
119 93 1.00024
119 94 1.0003
119 95 1.00037
119 96 1.00045
119 97 1.00054
119 98 1.00064
119 99 1.00075
119 100 1.00087
119 101 1.00101
119 102 1.00116
119 103 1.00132
119 104 1.0015
119 105 1.0017
119 106 1.00192
119 107 1.00215
119 108 1.00241
119 109 1.0027
119 110 1.00301
119 111 1.00332
119 112 1.0037
119 113 1.00413
119 114 1.00454
119 115 1.00494
119 116 1.00548
119 117 1.00614
119 118 1.00659
119 119 1.00697
119 120 1.00776
119 121 1.00858
119 122 1.00866
119 123 1.00904
119 124 1.00979
119 125 1.00984
119 126 1.00977
119 127 1.00937

120 0 0
120 1 1.0009
120 2 1.0009
120 3 1.0009
120 4 1.00091
120 5 1.00091
120 6 1.00091
120 7 1.0009
120 8 1.0009
120 9 1.0009
120 10 1.0009
120 11 1.0009
120 12 1.0009
120 13 1.0009
120 14 1.0009
120 15 1.00089
120 16 1.00089
120 17 1.00089
120 18 1.00089
120 19 1.00088
120 20 1.00088
120 21 1.00088
120 22 1.00087
120 23 1.00087
120 24 1.00087
120 25 1.00086
120 26 1.00086
120 27 1.00085
120 28 1.00085
120 29 1.00084
120 30 1.00084
120 31 1.00083
120 32 1.00083
120 33 1.00082
120 34 1.00082
120 35 1.00081
120 36 1.0008
120 37 1.00079
120 38 1.00079
120 39 1.00078
120 40 1.00077
120 41 1.00076
120 42 1.00075
120 43 1.00074
120 44 1.00073
120 45 1.00072
120 46 1.00071
120 47 1.0007
120 48 1.00068
120 49 1.00067
120 50 1.00065
120 51 1.00064
120 52 1.00062
120 53 1.00061
120 54 1.00059
120 55 1.00057
120 56 1.00055
120 57 1.00053
120 58 1.00051
120 59 1.00049
120 60 1.00047
120 61 1.00044
120 62 1.00042
120 63 1.00039
120 64 1.00037
120 65 1.00034
120 66 1.00032
120 67 1.00029
120 68 1.00027
120 69 1.00024
120 70 1.00022
120 71 1.00019
120 72 1.00017
120 73 1.00014
120 74 1.00012
120 75 1.0001
120 76 1.00008
120 77 1.00006
120 78 1.00005
120 79 1.00003
120 80 1.00002
120 81 1.00002
120 82 1.00001
120 83 1.00001
120 84 1.00001
120 85 1.00002
120 86 1.00003
120 87 1.00005
120 88 1.00007
120 89 1.0001
120 90 1.00014
120 91 1.00018
120 92 1.00022
120 93 1.00028
120 94 1.00035
120 95 1.00042
120 96 1.0005
120 97 1.00059
120 98 1.0007
120 99 1.00081
120 100 1.00094
120 101 1.00108
120 102 1.00123
120 103 1.0014
120 104 1.00159
120 105 1.00179
120 106 1.00202
120 107 1.00227
120 108 1.00254
120 109 1.00283
120 110 1.00315
120 111 1.00352
120 112 1.00393
120 113 1.00432
120 114 1.00474
120 115 1.00532
120 116 1.00596
120 117 1.00639
120 118 1.00686
120 119 1.00787
120 120 1.00881
120 121 1.0088
120 122 1.00921
120 123 1.01101
120 124 1.01122
120 125 1.01039
120 126 1.01092
120 127 1.01125

121 0 0
121 1 1.0009
121 2 1.0009
121 3 1.00091
121 4 1.00091
121 5 1.00091
121 6 1.00091
121 7 1.00091
121 8 1.0009
121 9 1.0009
121 10 1.0009
121 11 1.0009
121 12 1.0009
121 13 1.0009
121 14 1.0009
121 15 1.00089
121 16 1.00089
121 17 1.00089
121 18 1.00089
121 19 1.00088
121 20 1.00088
121 21 1.00088
121 22 1.00087
121 23 1.00087
121 24 1.00087
121 25 1.00086
121 26 1.00086
121 27 1.00085
121 28 1.00085
121 29 1.00084
121 30 1.00084
121 31 1.00083
121 32 1.00083
121 33 1.00082
121 34 1.00081
121 35 1.00081
121 36 1.0008
121 37 1.00079
121 38 1.00078
121 39 1.00077
121 40 1.00077
121 41 1.00076
121 42 1.00075
121 43 1.00074
121 44 1.00072
121 45 1.00071
121 46 1.0007
121 47 1.00069
121 48 1.00067
121 49 1.00066
121 50 1.00064
121 51 1.00063
121 52 1.00061
121 53 1.0006
121 54 1.00058
121 55 1.00056
121 56 1.00054
121 57 1.00052
121 58 1.0005
121 59 1.00048
121 60 1.00045
121 61 1.00043
121 62 1.00041
121 63 1.00038
121 64 1.00036
121 65 1.00034
121 66 1.00031
121 67 1.00029
121 68 1.00026
121 69 1.00024
121 70 1.00021
121 71 1.00019
121 72 1.00016
121 73 1.00014
121 74 1.00012
121 75 1.0001
121 76 1.00008
121 77 1.00007
121 78 1.00005
121 79 1.00004
121 80 1.00003
121 81 1.00002
121 82 1.00002
121 83 1.00002
121 84 1.00003
121 85 1.00003
121 86 1.00005
121 87 1.00007
121 88 1.00009
121 89 1.00012
121 90 1.00016
121 91 1.0002
121 92 1.00025
121 93 1.00031
121 94 1.00037
121 95 1.00045
121 96 1.00053
121 97 1.00063
121 98 1.00073
121 99 1.00085
121 100 1.00098
121 101 1.00113
121 102 1.00128
121 103 1.00146
121 104 1.00165
121 105 1.00186
121 106 1.0021
121 107 1.00236
121 108 1.00263
121 109 1.00294
121 110 1.00329
121 111 1.00367
121 112 1.00405
121 113 1.0045
121 114 1.00505
121 115 1.0056
121 116 1.00608
121 117 1.00674
121 118 1.0077
121 119 1.00844
121 120 1.00883
121 121 1.00979
121 122 1.01148
121 123 1.01164
121 124 1.01123
121 125 1.01298
121 126 1.01287
121 127 1.01236

122 0 0
122 1 1.00091
122 2 1.00091
122 3 1.00091
122 4 1.00091
122 5 1.00091
122 6 1.00091
122 7 1.00091
122 8 1.00091
122 9 1.0009
122 10 1.0009
122 11 1.0009
122 12 1.0009
122 13 1.0009
122 14 1.0009
122 15 1.0009
122 16 1.00089
122 17 1.00089
122 18 1.00089
122 19 1.00088
122 20 1.00088
122 21 1.00088
122 22 1.00087
122 23 1.00087
122 24 1.00087
122 25 1.00086
122 26 1.00086
122 27 1.00085
122 28 1.00085
122 29 1.00084
122 30 1.00084
122 31 1.00083
122 32 1.00082
122 33 1.00082
122 34 1.00081
122 35 1.0008
122 36 1.0008
122 37 1.00079
122 38 1.00078
122 39 1.00077
122 40 1.00076
122 41 1.00075
122 42 1.00074
122 43 1.00073
122 44 1.00072
122 45 1.00071
122 46 1.00069
122 47 1.00068
122 48 1.00067
122 49 1.00065
122 50 1.00064
122 51 1.00062
122 52 1.0006
122 53 1.00059
122 54 1.00057
122 55 1.00055
122 56 1.00053
122 57 1.00051
122 58 1.00049
122 59 1.00046
122 60 1.00044
122 61 1.00042
122 62 1.0004
122 63 1.00037
122 64 1.00035
122 65 1.00032
122 66 1.0003
122 67 1.00027
122 68 1.00025
122 69 1.00022
122 70 1.0002
122 71 1.00018
122 72 1.00015
122 73 1.00013
122 74 1.00011
122 75 1.00009
122 76 1.00007
122 77 1.00006
122 78 1.00005
122 79 1.00003
122 80 1.00003
122 81 1.00002
122 82 1.00002
122 83 1.00002
122 84 1.00003
122 85 1.00004
122 86 1.00005
122 87 1.00007
122 88 1.0001
122 89 1.00013
122 90 1.00016
122 91 1.00021
122 92 1.00026
122 93 1.00032
122 94 1.00039
122 95 1.00046
122 96 1.00055
122 97 1.00065
122 98 1.00075
122 99 1.00087
122 100 1.00101
122 101 1.00116
122 102 1.00132
122 103 1.0015
122 104 1.00169
122 105 1.00191
122 106 1.00215
122 107 1.00241
122 108 1.0027
122 109 1.00303
122 110 1.00338
122 111 1.00375
122 112 1.00418
122 113 1.00469
122 114 1.0052
122 115 1.00569
122 116 1.00635
122 117 1.00727
122 118 1.00804
122 119 1.00846
122 120 1.00954
122 121 1.01154
122 122 1.01249
122 123 1.01144
122 124 1.01348
122 125 1.01661
122 126 1.01493
122 127 1.0119

123 0 0
123 1 1.00091
123 2 1.00091
123 3 1.00091
123 4 1.00091
123 5 1.00091
123 6 1.00091
123 7 1.00091
123 8 1.00091
123 9 1.00091
123 10 1.0009
123 11 1.0009
123 12 1.0009
123 13 1.0009
123 14 1.0009
123 15 1.0009
123 16 1.00089
123 17 1.00089
123 18 1.00089
123 19 1.00088
123 20 1.00088
123 21 1.00088
123 22 1.00087
123 23 1.00087
123 24 1.00087
123 25 1.00086
123 26 1.00086
123 27 1.00085
123 28 1.00085
123 29 1.00084
123 30 1.00083
123 31 1.00083
123 32 1.00082
123 33 1.00082
123 34 1.00081
123 35 1.0008
123 36 1.00079
123 37 1.00078
123 38 1.00078
123 39 1.00077
123 40 1.00076
123 41 1.00075
123 42 1.00074
123 43 1.00072
123 44 1.00071
123 45 1.0007
123 46 1.00069
123 47 1.00067
123 48 1.00066
123 49 1.00064
123 50 1.00063
123 51 1.00061
123 52 1.00059
123 53 1.00057
123 54 1.00056
123 55 1.00054
123 56 1.00052
123 57 1.00049
123 58 1.00047
123 59 1.00045
123 60 1.00043
123 61 1.0004
123 62 1.00038
123 63 1.00036
123 64 1.00033
123 65 1.00031
123 66 1.00028
123 67 1.00026
123 68 1.00023
123 69 1.00021
123 70 1.00018
123 71 1.00016
123 72 1.00014
123 73 1.00012
123 74 1.0001
123 75 1.00008
123 76 1.00006
123 77 1.00004
123 78 1.00003
123 79 1.00002
123 80 1.00001
123 81 1.00001
123 82 1.00001
123 83 1.00001
123 84 1.00002
123 85 1.00003
123 86 1.00004
123 87 1.00006
123 88 1.00009
123 89 1.00012
123 90 1.00016
123 91 1.0002
123 92 1.00025
123 93 1.00032
123 94 1.00038
123 95 1.00046
123 96 1.00055
123 97 1.00065
123 98 1.00076
123 99 1.00088
123 100 1.00101
123 101 1.00116
123 102 1.00133
123 103 1.00151
123 104 1.00171
123 105 1.00193
123 106 1.00218
123 107 1.00245
123 108 1.00274
123 109 1.00306
123 110 1.00341
123 111 1.00383
123 112 1.00428
123 113 1.00473
123 114 1.00523
123 115 1.00593
123 116 1.00668
123 117 1.00722
123 118 1.00794
123 119 1.00943
123 120 1.01081
123 121 1.01097
123 122 1.01201
123 123 1.01597
123 124 1.01836
123 125 1.01332
123 126 1.01598
123 127 1.02076

124 0 0
124 1 1.00091
124 2 1.00091
124 3 1.00091
124 4 1.00091
124 5 1.00091
124 6 1.00091
124 7 1.00091
124 8 1.00091
124 9 1.00091
124 10 1.0009
124 11 1.0009
124 12 1.0009
124 13 1.0009
124 14 1.0009
124 15 1.0009
124 16 1.00089
124 17 1.00089
124 18 1.00089
124 19 1.00089
124 20 1.00088
124 21 1.00088
124 22 1.00087
124 23 1.00087
124 24 1.00087
124 25 1.00086
124 26 1.00086
124 27 1.00085
124 28 1.00085
124 29 1.00084
124 30 1.00083
124 31 1.00083
124 32 1.00082
124 33 1.00081
124 34 1.00081
124 35 1.0008
124 36 1.00079
124 37 1.00078
124 38 1.00077
124 39 1.00076
124 40 1.00075
124 41 1.00074
124 42 1.00073
124 43 1.00072
124 44 1.00071
124 45 1.00069
124 46 1.00068
124 47 1.00067
124 48 1.00065
124 49 1.00063
124 50 1.00062
124 51 1.0006
124 52 1.00058
124 53 1.00056
124 54 1.00054
124 55 1.00052
124 56 1.0005
124 57 1.00048
124 58 1.00046
124 59 1.00044
124 60 1.00041
124 61 1.00039
124 62 1.00036
124 63 1.00034
124 64 1.00031
124 65 1.00029
124 66 1.00026
124 67 1.00024
124 68 1.00021
124 69 1.00019
124 70 1.00016
124 71 1.00014
124 72 1.00012
124 73 1.0001
124 74 1.00008
124 75 1.00006
124 76 1.00004
124 77 1.00002
124 78 1.00001
124 79 1
124 80 0.999993
124 81 0.999988
124 82 0.999987
124 83 0.999989
124 84 0.999995
124 85 1.00001
124 86 1.00002
124 87 1.00004
124 88 1.00007
124 89 1.0001
124 90 1.00014
124 91 1.00018
124 92 1.00024
124 93 1.0003
124 94 1.00037
124 95 1.00044
124 96 1.00053
124 97 1.00063
124 98 1.00074
124 99 1.00087
124 100 1.001
124 101 1.00115
124 102 1.00132
124 103 1.0015
124 104 1.00171
124 105 1.00193
124 106 1.00218
124 107 1.00245
124 108 1.00274
124 109 1.00307
124 110 1.00344
124 111 1.00384
124 112 1.00428
124 113 1.00478
124 114 1.00534
124 115 1.00596
124 116 1.00661
124 117 1.0074
124 118 1.00838
124 119 1.0095
124 120 1.01046
124 121 1.01172
124 122 1.0138
124 123 1.01707
124 124 1.0183
124 125 1.01845
124 126 1.02253
124 127 1.02176

125 0 0
125 1 1.00091
125 2 1.00091
125 3 1.00091
125 4 1.00091
125 5 1.00091
125 6 1.00091
125 7 1.00091
125 8 1.00091
125 9 1.00091
125 10 1.00091
125 11 1.0009
125 12 1.0009
125 13 1.0009
125 14 1.0009
125 15 1.0009
125 16 1.00089
125 17 1.00089
125 18 1.00089
125 19 1.00089
125 20 1.00088
125 21 1.00088
125 22 1.00087
125 23 1.00087
125 24 1.00087
125 25 1.00086
125 26 1.00086
125 27 1.00085
125 28 1.00084
125 29 1.00084
125 30 1.00083
125 31 1.00083
125 32 1.00082
125 33 1.00081
125 34 1.0008
125 35 1.0008
125 36 1.00079
125 37 1.00078
125 38 1.00077
125 39 1.00076
125 40 1.00075
125 41 1.00074
125 42 1.00073
125 43 1.00071
125 44 1.0007
125 45 1.00069
125 46 1.00067
125 47 1.00066
125 48 1.00064
125 49 1.00063
125 50 1.00061
125 51 1.00059
125 52 1.00057
125 53 1.00055
125 54 1.00053
125 55 1.00051
125 56 1.00049
125 57 1.00047
125 58 1.00045
125 59 1.00042
125 60 1.0004
125 61 1.00037
125 62 1.00035
125 63 1.00032
125 64 1.0003
125 65 1.00027
125 66 1.00025
125 67 1.00022
125 68 1.00019
125 69 1.00017
125 70 1.00014
125 71 1.00012
125 72 1.0001
125 73 1.00007
125 74 1.00005
125 75 1.00003
125 76 1.00001
125 77 0.999999
125 78 0.999986
125 79 0.999975
125 80 0.999966
125 81 0.999961
125 82 0.99996
125 83 0.999962
125 84 0.999968
125 85 0.999978
125 86 0.999993
125 87 1.00001
125 88 1.00004
125 89 1.00007
125 90 1.00011
125 91 1.00015
125 92 1.00021
125 93 1.00027
125 94 1.00034
125 95 1.00041
125 96 1.0005
125 97 1.0006
125 98 1.00071
125 99 1.00083
125 100 1.00097
125 101 1.00112
125 102 1.00129
125 103 1.00147
125 104 1.00167
125 105 1.0019
125 106 1.00215
125 107 1.00242
125 108 1.00271
125 109 1.00305
125 110 1.00342
125 111 1.00381
125 112 1.00424
125 113 1.00479
125 114 1.00535
125 115 1.00588
125 116 1.00656
125 117 1.00765
125 118 1.00849
125 119 1.00894
125 120 1.01038
125 121 1.01366
125 122 1.01449
125 123 1.01329
125 124 1.01814
125 125 1.03525
125 126 1.03148
125 127 1.00625

126 0 0
126 1 1.00091
126 2 1.00091
126 3 1.00091
126 4 1.00091
126 5 1.00091
126 6 1.00091
126 7 1.00091
126 8 1.00091
126 9 1.00091
126 10 1.00091
126 11 1.00091
126 12 1.0009
126 13 1.0009
126 14 1.0009
126 15 1.0009
126 16 1.0009
126 17 1.00089
126 18 1.00089
126 19 1.00089
126 20 1.00088
126 21 1.00088
126 22 1.00087
126 23 1.00087
126 24 1.00087
126 25 1.00086
126 26 1.00086
126 27 1.00085
126 28 1.00084
126 29 1.00084
126 30 1.00083
126 31 1.00083
126 32 1.00082
126 33 1.00081
126 34 1.0008
126 35 1.00079
126 36 1.00079
126 37 1.00078
126 38 1.00077
126 39 1.00076
126 40 1.00075
126 41 1.00073
126 42 1.00072
126 43 1.00071
126 44 1.0007
126 45 1.00068
126 46 1.00067
126 47 1.00065
126 48 1.00064
126 49 1.00062
126 50 1.0006
126 51 1.00058
126 52 1.00057
126 53 1.00055
126 54 1.00052
126 55 1.0005
126 56 1.00048
126 57 1.00046
126 58 1.00043
126 59 1.00041
126 60 1.00038
126 61 1.00036
126 62 1.00033
126 63 1.00031
126 64 1.00028
126 65 1.00025
126 66 1.00023
126 67 1.0002
126 68 1.00017
126 69 1.00015
126 70 1.00012
126 71 1.00009
126 72 1.00007
126 73 1.00005
126 74 1.00003
126 75 1.00001
126 76 0.999987
126 77 0.99997
126 78 0.999956
126 79 0.999945
126 80 0.999936
126 81 0.99993
126 82 0.999927
126 83 0.999929
126 84 0.999934
126 85 0.999944
126 86 0.999958
126 87 0.999978
126 88 1
126 89 1.00003
126 90 1.00007
126 91 1.00012
126 92 1.00017
126 93 1.00023
126 94 1.0003
126 95 1.00037
126 96 1.00046
126 97 1.00056
126 98 1.00067
126 99 1.00079
126 100 1.00092
126 101 1.00107
126 102 1.00124
126 103 1.00142
126 104 1.00162
126 105 1.00184
126 106 1.00209
126 107 1.00236
126 108 1.00266
126 109 1.00298
126 110 1.00334
126 111 1.00376
126 112 1.00421
126 113 1.00467
126 114 1.00522
126 115 1.00593
126 116 1.00658
126 117 1.00719
126 118 1.00828
126 119 1.00976
126 120 1.01041
126 121 1.01113
126 122 1.0147
126 123 1.01897
126 124 1.0175
126 125 1.02127
126 126 1.03985
126 127 1.06932

127 0 0
127 1 0
127 2 0
127 3 0
127 4 0
127 5 0
127 6 0
127 7 0
127 8 0
127 9 0
127 10 0
127 11 0
127 12 0
127 13 0
127 14 0
127 15 0
127 16 0
127 17 0
127 18 0
127 19 0
127 20 0
127 21 0
127 22 0
127 23 0
127 24 0
127 25 0
127 26 0
127 27 0
127 28 0
127 29 0
127 30 0
127 31 0
127 32 0
127 33 0
127 34 0
127 35 0
127 36 0
127 37 0
127 38 0
127 39 0
127 40 0
127 41 0
127 42 0
127 43 0
127 44 0
127 45 0
127 46 0
127 47 0
127 48 0
127 49 0
127 50 0
127 51 0
127 52 0
127 53 0
127 54 0
127 55 0
127 56 0
127 57 0
127 58 0
127 59 0
127 60 0
127 61 0
127 62 0
127 63 0
127 64 0
127 65 0
127 66 0
127 67 0
127 68 0
127 69 0
127 70 0
127 71 0
127 72 0
127 73 0
127 74 0
127 75 0
127 76 0
127 77 0
127 78 0
127 79 0
127 80 0
127 81 0
127 82 0
127 83 0
127 84 0
127 85 0
127 86 0
127 87 0
127 88 0
127 89 0
127 90 0
127 91 0
127 92 0
127 93 0
127 94 0
127 95 0
127 96 0
127 97 0
127 98 0
127 99 0
127 100 0
127 101 0
127 102 0
127 103 0
127 104 0
127 105 0
127 106 0
127 107 0
127 108 0
127 109 0
127 110 0
127 111 0
127 112 0
127 113 0
127 114 0
127 115 0
127 116 0
127 117 0
127 118 0
127 119 0
127 120 0
127 121 0
127 122 0
127 123 0
127 124 0
127 125 0
127 126 0
127 127 0

