0 0 0
0 1 0
0 2 0
0 3 0
0 4 0
0 5 0
0 6 0
0 7 0
0 8 0
0 9 0
0 10 0
0 11 0
0 12 0
0 13 0
0 14 0
0 15 0
0 16 0
0 17 0
0 18 0
0 19 0
0 20 0
0 21 0
0 22 0
0 23 0
0 24 0
0 25 0
0 26 0
0 27 0
0 28 0
0 29 0
0 30 0
0 31 0
0 32 0
0 33 0
0 34 0
0 35 0
0 36 0
0 37 0
0 38 0
0 39 0
0 40 0
0 41 0
0 42 0
0 43 0
0 44 0
0 45 0
0 46 0
0 47 0
0 48 0
0 49 0
0 50 0
0 51 0
0 52 0
0 53 0
0 54 0
0 55 0
0 56 0
0 57 0
0 58 0
0 59 0
0 60 0
0 61 0
0 62 0
0 63 0
0 64 0
0 65 0
0 66 0
0 67 0
0 68 0
0 69 0
0 70 0
0 71 0
0 72 0
0 73 0
0 74 0
0 75 0
0 76 0
0 77 0
0 78 0
0 79 0
0 80 0
0 81 0
0 82 0
0 83 0
0 84 0
0 85 0
0 86 0
0 87 0
0 88 0
0 89 0
0 90 0
0 91 0
0 92 0
0 93 0
0 94 0
0 95 0
0 96 0
0 97 0
0 98 0
0 99 0
0 100 0
0 101 0
0 102 0
0 103 0
0 104 0
0 105 0
0 106 0
0 107 0
0 108 0
0 109 0
0 110 0
0 111 0
0 112 0
0 113 0
0 114 0
0 115 0
0 116 0
0 117 0
0 118 0
0 119 0
0 120 0
0 121 0
0 122 0
0 123 0
0 124 0
0 125 0
0 126 0
0 127 0

1 0 0
1 1 1.00099
1 2 1.00099
1 3 1.00099
1 4 1.00099
1 5 1.00099
1 6 1.00099
1 7 1.00099
1 8 1.00099
1 9 1.00099
1 10 1.00099
1 11 1.00099
1 12 1.00099
1 13 1.001
1 14 1.001
1 15 1.001
1 16 1.001
1 17 1.001
1 18 1.001
1 19 1.001
1 20 1.001
1 21 1.00101
1 22 1.00101
1 23 1.00101
1 24 1.00101
1 25 1.00101
1 26 1.001
1 27 1.001
1 28 1.001
1 29 1.001
1 30 1.001
1 31 1.00099
1 32 1.00099
1 33 1.00099
1 34 1.00098
1 35 1.00098
1 36 1.00097
1 37 1.00096
1 38 1.00095
1 39 1.00095
1 40 1.00094
1 41 1.00093
1 42 1.00092
1 43 1.00091
1 44 1.00089
1 45 1.00088
1 46 1.00087
1 47 1.00085
1 48 1.00084
1 49 1.00082
1 50 1.00081
1 51 1.00079
1 52 1.00077
1 53 1.00075
1 54 1.00073
1 55 1.00071
1 56 1.00069
1 57 1.00067
1 58 1.00065
1 59 1.00063
1 60 1.00061
1 61 1.00059
1 62 1.00057
1 63 1.00054
1 64 1.00052
1 65 1.0005
1 66 1.00048
1 67 1.00045
1 68 1.00043
1 69 1.00041
1 70 1.00039
1 71 1.00037
1 72 1.00035
1 73 1.00033
1 74 1.00031
1 75 1.00029
1 76 1.00027
1 77 1.00025
1 78 1.00023
1 79 1.00021
1 80 1.0002
1 81 1.00018
1 82 1.00016
1 83 1.00015
1 84 1.00013
1 85 1.00012
1 86 1.00011
1 87 1.00009
1 88 1.00008
1 89 1.00007
1 90 1.00006
1 91 1.00005
1 92 1.00004
1 93 1.00003
1 94 1.00002
1 95 1.00001
1 96 1
1 97 0.999996
1 98 0.999988
1 99 0.99998
1 100 0.999973
1 101 0.999966
1 102 0.999958
1 103 0.99995
1 104 0.999943
1 105 0.999933
1 106 0.999924
1 107 0.999915
1 108 0.999903
1 109 0.999885
1 110 0.999872
1 111 0.999862
1 112 0.999826
1 113 0.999782
1 114 0.999777
1 115 0.999747
1 116 0.999591
1 117 0.999517
1 118 0.999611
1 119 0.99933
1 120 0.998651
1 121 0.998942
1 122 0.9993
1 123 0.996664
1 124 0.994641
1 125 0.997256
1 126 0.994567
1 127 0.972376

2 0 0
2 1 1.00099
2 2 1.00099
2 3 1.00099
2 4 1.00099
2 5 1.00099
2 6 1.00099
2 7 1.00099
2 8 1.00099
2 9 1.00099
2 10 1.00099
2 11 1.00099
2 12 1.00099
2 13 1.001
2 14 1.001
2 15 1.001
2 16 1.001
2 17 1.001
2 18 1.001
2 19 1.001
2 20 1.001
2 21 1.001
2 22 1.001
2 23 1.001
2 24 1.001
2 25 1.001
2 26 1.001
2 27 1.001
2 28 1.001
2 29 1.00099
2 30 1.00099
2 31 1.00099
2 32 1.00098
2 33 1.00098
2 34 1.00098
2 35 1.00097
2 36 1.00096
2 37 1.00096
2 38 1.00095
2 39 1.00094
2 40 1.00093
2 41 1.00092
2 42 1.00091
2 43 1.0009
2 44 1.00089
2 45 1.00088
2 46 1.00086
2 47 1.00085
2 48 1.00083
2 49 1.00082
2 50 1.0008
2 51 1.00078
2 52 1.00077
2 53 1.00075
2 54 1.00073
2 55 1.00071
2 56 1.00069
2 57 1.00067
2 58 1.00065
2 59 1.00063
2 60 1.00061
2 61 1.00058
2 62 1.00056
2 63 1.00054
2 64 1.00052
2 65 1.0005
2 66 1.00047
2 67 1.00045
2 68 1.00043
2 69 1.00041
2 70 1.00039
2 71 1.00037
2 72 1.00035
2 73 1.00033
2 74 1.00031
2 75 1.00029
2 76 1.00027
2 77 1.00025
2 78 1.00023
2 79 1.00021
2 80 1.0002
2 81 1.00018
2 82 1.00016
2 83 1.00015
2 84 1.00014
2 85 1.00012
2 86 1.00011
2 87 1.0001
2 88 1.00008
2 89 1.00007
2 90 1.00006
2 91 1.00005
2 92 1.00004
2 93 1.00003
2 94 1.00002
2 95 1.00001
2 96 1.00001
2 97 0.999997
2 98 0.999989
2 99 0.999981
2 100 0.999973
2 101 0.999965
2 102 0.999957
2 103 0.999948
2 104 0.999938
2 105 0.99993
2 106 0.999919
2 107 0.999904
2 108 0.999892
2 109 0.999881
2 110 0.999855
2 111 0.999824
2 112 0.999814
2 113 0.999791
2 114 0.99969
2 115 0.999638
2 116 0.999691
2 117 0.999532
2 118 0.999083
2 119 0.999265
2 120 0.999625
2 121 0.998137
2 122 0.996455
2 123 0.999506
2 124 1.00009
2 125 0.986125
2 126 0.98537
2 127 1.01321

3 0 0
3 1 1.00099
3 2 1.00099
3 3 1.00099
3 4 1.00099
3 5 1.00099
3 6 1.00099
3 7 1.00099
3 8 1.00099
3 9 1.00099
3 10 1.00099
3 11 1.00099
3 12 1.00099
3 13 1.00099
3 14 1.001
3 15 1.001
3 16 1.001
3 17 1.001
3 18 1.001
3 19 1.001
3 20 1.001
3 21 1.001
3 22 1.001
3 23 1.001
3 24 1.001
3 25 1.001
3 26 1.001
3 27 1.001
3 28 1.00099
3 29 1.00099
3 30 1.00099
3 31 1.00098
3 32 1.00098
3 33 1.00098
3 34 1.00097
3 35 1.00097
3 36 1.00096
3 37 1.00095
3 38 1.00094
3 39 1.00094
3 40 1.00093
3 41 1.00092
3 42 1.00091
3 43 1.00089
3 44 1.00088
3 45 1.00087
3 46 1.00086
3 47 1.00084
3 48 1.00083
3 49 1.00081
3 50 1.00079
3 51 1.00078
3 52 1.00076
3 53 1.00074
3 54 1.00072
3 55 1.0007
3 56 1.00068
3 57 1.00066
3 58 1.00064
3 59 1.00062
3 60 1.0006
3 61 1.00058
3 62 1.00056
3 63 1.00054
3 64 1.00052
3 65 1.00049
3 66 1.00047
3 67 1.00045
3 68 1.00043
3 69 1.00041
3 70 1.00039
3 71 1.00037
3 72 1.00034
3 73 1.00032
3 74 1.00031
3 75 1.00029
3 76 1.00027
3 77 1.00025
3 78 1.00023
3 79 1.00021
3 80 1.0002
3 81 1.00018
3 82 1.00017
3 83 1.00015
3 84 1.00014
3 85 1.00012
3 86 1.00011
3 87 1.0001
3 88 1.00009
3 89 1.00007
3 90 1.00006
3 91 1.00005
3 92 1.00004
3 93 1.00003
3 94 1.00002
3 95 1.00002
3 96 1.00001
3 97 0.999998
3 98 0.999989
3 99 0.999981
3 100 0.999973
3 101 0.999964
3 102 0.999955
3 103 0.999946
3 104 0.999936
3 105 0.999925
3 106 0.999914
3 107 0.9999
3 108 0.999883
3 109 0.999868
3 110 0.99985
3 111 0.999815
3 112 0.99978
3 113 0.999766
3 114 0.999715
3 115 0.999599
3 116 0.999547
3 117 0.999573
3 118 0.999319
3 119 0.998889
3 120 0.999025
3 121 0.999209
3 122 0.997697
3 123 0.996224
3 124 0.998143
3 125 0.997814
3 126 0.990951
3 127 0.999616

4 0 0
4 1 1.00099
4 2 1.00099
4 3 1.00099
4 4 1.00099
4 5 1.00099
4 6 1.00099
4 7 1.00099
4 8 1.00099
4 9 1.00099
4 10 1.00099
4 11 1.00099
4 12 1.00099
4 13 1.00099
4 14 1.00099
4 15 1.00099
4 16 1.001
4 17 1.001
4 18 1.001
4 19 1.001
4 20 1.001
4 21 1.001
4 22 1.001
4 23 1.001
4 24 1.001
4 25 1.001
4 26 1.00099
4 27 1.00099
4 28 1.00099
4 29 1.00099
4 30 1.00098
4 31 1.00098
4 32 1.00098
4 33 1.00097
4 34 1.00097
4 35 1.00096
4 36 1.00095
4 37 1.00095
4 38 1.00094
4 39 1.00093
4 40 1.00092
4 41 1.00091
4 42 1.0009
4 43 1.00089
4 44 1.00088
4 45 1.00086
4 46 1.00085
4 47 1.00084
4 48 1.00082
4 49 1.00081
4 50 1.00079
4 51 1.00077
4 52 1.00076
4 53 1.00074
4 54 1.00072
4 55 1.0007
4 56 1.00068
4 57 1.00066
4 58 1.00064
4 59 1.00062
4 60 1.0006
4 61 1.00058
4 62 1.00055
4 63 1.00053
4 64 1.00051
4 65 1.00049
4 66 1.00047
4 67 1.00045
4 68 1.00043
4 69 1.0004
4 70 1.00038
4 71 1.00036
4 72 1.00034
4 73 1.00032
4 74 1.0003
4 75 1.00028
4 76 1.00027
4 77 1.00025
4 78 1.00023
4 79 1.00021
4 80 1.0002
4 81 1.00018
4 82 1.00017
4 83 1.00015
4 84 1.00014
4 85 1.00012
4 86 1.00011
4 87 1.0001
4 88 1.00009
4 89 1.00008
4 90 1.00006
4 91 1.00005
4 92 1.00004
4 93 1.00003
4 94 1.00003
4 95 1.00002
4 96 1.00001
4 97 0.999999
4 98 0.99999
4 99 0.999982
4 100 0.999973
4 101 0.999964
4 102 0.999955
4 103 0.999945
4 104 0.999935
4 105 0.999922
4 106 0.99991
4 107 0.999899
4 108 0.999881
4 109 0.999855
4 110 0.999839
4 111 0.999826
4 112 0.999772
4 113 0.999708
4 114 0.999722
4 115 0.999689
4 116 0.999446
4 117 0.99935
4 118 0.999619
4 119 0.999262
4 120 0.998183
4 121 0.998707
4 122 1
4 123 0.996929
4 124 0.993716
4 125 1.00049
4 126 1.00014
4 127 0.995171

5 0 0
5 1 1.00099
5 2 1.00099
5 3 1.00099
5 4 1.00099
5 5 1.00099
5 6 1.00099
5 7 1.00099
5 8 1.00099
5 9 1.00099
5 10 1.00099
5 11 1.00099
5 12 1.00099
5 13 1.00099
5 14 1.00099
5 15 1.00099
5 16 1.00099
5 17 1.00099
5 18 1.00099
5 19 1.001
5 20 1.001
5 21 1.001
5 22 1.00099
5 23 1.00099
5 24 1.00099
5 25 1.00099
5 26 1.00099
5 27 1.00099
5 28 1.00099
5 29 1.00098
5 30 1.00098
5 31 1.00098
5 32 1.00097
5 33 1.00097
5 34 1.00096
5 35 1.00096
5 36 1.00095
5 37 1.00094
5 38 1.00094
5 39 1.00093
5 40 1.00092
5 41 1.00091
5 42 1.0009
5 43 1.00089
5 44 1.00087
5 45 1.00086
5 46 1.00085
5 47 1.00083
5 48 1.00082
5 49 1.0008
5 50 1.00079
5 51 1.00077
5 52 1.00075
5 53 1.00073
5 54 1.00071
5 55 1.00069
5 56 1.00068
5 57 1.00066
5 58 1.00063
5 59 1.00061
5 60 1.00059
5 61 1.00057
5 62 1.00055
5 63 1.00053
5 64 1.00051
5 65 1.00049
5 66 1.00047
5 67 1.00044
5 68 1.00042
5 69 1.0004
5 70 1.00038
5 71 1.00036
5 72 1.00034
5 73 1.00032
5 74 1.0003
5 75 1.00028
5 76 1.00027
5 77 1.00025
5 78 1.00023
5 79 1.00021
5 80 1.0002
5 81 1.00018
5 82 1.00017
5 83 1.00015
5 84 1.00014
5 85 1.00012
5 86 1.00011
5 87 1.0001
5 88 1.00009
5 89 1.00008
5 90 1.00007
5 91 1.00006
5 92 1.00005
5 93 1.00004
5 94 1.00003
5 95 1.00002
5 96 1.00001
5 97 1
5 98 0.999991
5 99 0.999982
5 100 0.999974
5 101 0.999965
5 102 0.999955
5 103 0.999945
5 104 0.999935
5 105 0.999924
5 106 0.999909
5 107 0.999894
5 108 0.999882
5 109 0.999862
5 110 0.99983
5 111 0.999808
5 112 0.999798
5 113 0.999736
5 114 0.999648
5 115 0.99966
5 116 0.999652
5 117 0.999366
5 118 0.999177
5 119 0.999506
5 120 0.999293
5 121 0.998033
5 122 0.998236
5 123 0.999887
5 124 0.997411
5 125 0.996008
5 126 1.00097
5 127 1.00149

6 0 0
6 1 1.00099
6 2 1.00098
6 3 1.00098
6 4 1.00099
6 5 1.00099
6 6 1.00099
6 7 1.00099
6 8 1.00099
6 9 1.00099
6 10 1.00099
6 11 1.00099
6 12 1.00099
6 13 1.00099
6 14 1.00099
6 15 1.00099
6 16 1.00099
6 17 1.00099
6 18 1.00099
6 19 1.00099
6 20 1.00099
6 21 1.00099
6 22 1.00099
6 23 1.00099
6 24 1.00099
6 25 1.00099
6 26 1.00099
6 27 1.00099
6 28 1.00098
6 29 1.00098
6 30 1.00098
6 31 1.00097
6 32 1.00097
6 33 1.00096
6 34 1.00096
6 35 1.00095
6 36 1.00095
6 37 1.00094
6 38 1.00093
6 39 1.00092
6 40 1.00091
6 41 1.0009
6 42 1.00089
6 43 1.00088
6 44 1.00087
6 45 1.00086
6 46 1.00084
6 47 1.00083
6 48 1.00081
6 49 1.0008
6 50 1.00078
6 51 1.00076
6 52 1.00075
6 53 1.00073
6 54 1.00071
6 55 1.00069
6 56 1.00067
6 57 1.00065
6 58 1.00063
6 59 1.00061
6 60 1.00059
6 61 1.00057
6 62 1.00055
6 63 1.00053
6 64 1.0005
6 65 1.00048
6 66 1.00046
6 67 1.00044
6 68 1.00042
6 69 1.0004
6 70 1.00038
6 71 1.00036
6 72 1.00034
6 73 1.00032
6 74 1.0003
6 75 1.00028
6 76 1.00026
6 77 1.00025
6 78 1.00023
6 79 1.00021
6 80 1.0002
6 81 1.00018
6 82 1.00017
6 83 1.00015
6 84 1.00014
6 85 1.00012
6 86 1.00011
6 87 1.0001
6 88 1.00009
6 89 1.00008
6 90 1.00007
6 91 1.00006
6 92 1.00005
6 93 1.00004
6 94 1.00003
6 95 1.00002
6 96 1.00001
6 97 1
6 98 0.999993
6 99 0.999984
6 100 0.999975
6 101 0.999966
6 102 0.999957
6 103 0.999947
6 104 0.999935
6 105 0.999925
6 106 0.999914
6 107 0.999896
6 108 0.999878
6 109 0.999869
6 110 0.999846
6 111 0.9998
6 112 0.99978
6 113 0.999787
6 114 0.999699
6 115 0.999566
6 116 0.999632
6 117 0.999672
6 118 0.999222
6 119 0.99899
6 120 0.999618
6 121 0.999329
6 122 0.997617
6 123 0.998526
6 124 1.00027
6 125 0.99796
6 126 0.999308
6 127 1.00055

7 0 0
7 1 1.00098
7 2 1.00098
7 3 1.00098
7 4 1.00098
7 5 1.00098
7 6 1.00098
7 7 1.00099
7 8 1.00099
7 9 1.00099
7 10 1.00099
7 11 1.00099
7 12 1.00099
7 13 1.00099
7 14 1.00099
7 15 1.00099
7 16 1.00099
7 17 1.00099
7 18 1.00099
7 19 1.00099
7 20 1.00099
7 21 1.00099
7 22 1.00099
7 23 1.00099
7 24 1.00099
7 25 1.00099
7 26 1.00099
7 27 1.00098
7 28 1.00098
7 29 1.00098
7 30 1.00098
7 31 1.00097
7 32 1.00097
7 33 1.00096
7 34 1.00096
7 35 1.00095
7 36 1.00094
7 37 1.00094
7 38 1.00093
7 39 1.00092
7 40 1.00091
7 41 1.0009
7 42 1.00089
7 43 1.00088
7 44 1.00086
7 45 1.00085
7 46 1.00084
7 47 1.00082
7 48 1.00081
7 49 1.00079
7 50 1.00078
7 51 1.00076
7 52 1.00074
7 53 1.00072
7 54 1.00071
7 55 1.00069
7 56 1.00067
7 57 1.00065
7 58 1.00063
7 59 1.00061
7 60 1.00058
7 61 1.00056
7 62 1.00054
7 63 1.00052
7 64 1.0005
7 65 1.00048
7 66 1.00046
7 67 1.00044
7 68 1.00042
7 69 1.00039
7 70 1.00037
7 71 1.00035
7 72 1.00033
7 73 1.00031
7 74 1.0003
7 75 1.00028
7 76 1.00026
7 77 1.00024
7 78 1.00023
7 79 1.00021
7 80 1.00019
7 81 1.00018
7 82 1.00016
7 83 1.00015
7 84 1.00014
7 85 1.00012
7 86 1.00011
7 87 1.0001
7 88 1.00009
7 89 1.00008
7 90 1.00007
7 91 1.00006
7 92 1.00005
7 93 1.00004
7 94 1.00003
7 95 1.00002
7 96 1.00001
7 97 1
7 98 0.999994
7 99 0.999986
7 100 0.999978
7 101 0.999969
7 102 0.99996
7 103 0.999951
7 104 0.99994
7 105 0.999928
7 106 0.999917
7 107 0.999907
7 108 0.999887
7 109 0.999865
7 110 0.999858
7 111 0.999839
7 112 0.99978
7 113 0.999751
7 114 0.999781
7 115 0.999696
7 116 0.999502
7 117 0.999574
7 118 0.999715
7 119 0.999237
7 120 0.998844
7 121 0.999583
7 122 0.999492
7 123 0.99804
7 124 0.999051
7 125 1.0002
7 126 0.999483
7 127 0.999694

8 0 0
8 1 1.00098
8 2 1.00098
8 3 1.00098
8 4 1.00098
8 5 1.00098
8 6 1.00098
8 7 1.00098
8 8 1.00098
8 9 1.00098
8 10 1.00099
8 11 1.00099
8 12 1.00099
8 13 1.00099
8 14 1.00099
8 15 1.00099
8 16 1.00099
8 17 1.00099
8 18 1.00099
8 19 1.00099
8 20 1.00099
8 21 1.00099
8 22 1.00099
8 23 1.00099
8 24 1.00099
8 25 1.00099
8 26 1.00098
8 27 1.00098
8 28 1.00098
8 29 1.00098
8 30 1.00097
8 31 1.00097
8 32 1.00096
8 33 1.00096
8 34 1.00095
8 35 1.00095
8 36 1.00094
8 37 1.00093
8 38 1.00092
8 39 1.00092
8 40 1.00091
8 41 1.0009
8 42 1.00089
8 43 1.00087
8 44 1.00086
8 45 1.00085
8 46 1.00083
8 47 1.00082
8 48 1.0008
8 49 1.00079
8 50 1.00077
8 51 1.00075
8 52 1.00074
8 53 1.00072
8 54 1.0007
8 55 1.00068
8 56 1.00066
8 57 1.00064
8 58 1.00062
8 59 1.0006
8 60 1.00058
8 61 1.00056
8 62 1.00054
8 63 1.00052
8 64 1.00049
8 65 1.00047
8 66 1.00045
8 67 1.00043
8 68 1.00041
8 69 1.00039
8 70 1.00037
8 71 1.00035
8 72 1.00033
8 73 1.00031
8 74 1.00029
8 75 1.00027
8 76 1.00026
8 77 1.00024
8 78 1.00022
8 79 1.00021
8 80 1.00019
8 81 1.00017
8 82 1.00016
8 83 1.00015
8 84 1.00013
8 85 1.00012
8 86 1.00011
8 87 1.0001
8 88 1.00009
8 89 1.00008
8 90 1.00007
8 91 1.00006
8 92 1.00005
8 93 1.00004
8 94 1.00003
8 95 1.00002
8 96 1.00001
8 97 1
8 98 0.999997
8 99 0.999989
8 100 0.999981
8 101 0.999973
8 102 0.999964
8 103 0.999955
8 104 0.999947
8 105 0.999937
8 106 0.999923
8 107 0.999913
8 108 0.999905
8 109 0.999882
8 110 0.999856
8 111 0.999856
8 112 0.99984
8 113 0.999764
8 114 0.999734
8 115 0.999796
8 116 0.999696
8 117 0.999458
8 118 0.999576
8 119 0.999764
8 120 0.999212
8 121 0.998926
8 122 0.999742
8 123 0.999448
8 124 0.998801
8 125 0.999914
8 126 0.999939
8 127 1.00006

9 0 0
9 1 1.00098
9 2 1.00098
9 3 1.00098
9 4 1.00098
9 5 1.00098
9 6 1.00098
9 7 1.00098
9 8 1.00098
9 9 1.00098
9 10 1.00098
9 11 1.00098
9 12 1.00099
9 13 1.00099
9 14 1.00099
9 15 1.00099
9 16 1.00099
9 17 1.00099
9 18 1.00099
9 19 1.00099
9 20 1.00099
9 21 1.00099
9 22 1.00099
9 23 1.00099
9 24 1.00098
9 25 1.00098
9 26 1.00098
9 27 1.00098
9 28 1.00098
9 29 1.00097
9 30 1.00097
9 31 1.00097
9 32 1.00096
9 33 1.00096
9 34 1.00095
9 35 1.00094
9 36 1.00094
9 37 1.00093
9 38 1.00092
9 39 1.00091
9 40 1.0009
9 41 1.00089
9 42 1.00088
9 43 1.00087
9 44 1.00086
9 45 1.00084
9 46 1.00083
9 47 1.00082
9 48 1.0008
9 49 1.00078
9 50 1.00077
9 51 1.00075
9 52 1.00073
9 53 1.00071
9 54 1.0007
9 55 1.00068
9 56 1.00066
9 57 1.00064
9 58 1.00062
9 59 1.00059
9 60 1.00057
9 61 1.00055
9 62 1.00053
9 63 1.00051
9 64 1.00049
9 65 1.00047
9 66 1.00045
9 67 1.00042
9 68 1.0004
9 69 1.00038
9 70 1.00036
9 71 1.00034
9 72 1.00032
9 73 1.0003
9 74 1.00029
9 75 1.00027
9 76 1.00025
9 77 1.00023
9 78 1.00022
9 79 1.0002
9 80 1.00018
9 81 1.00017
9 82 1.00016
9 83 1.00014
9 84 1.00013
9 85 1.00012
9 86 1.00011
9 87 1.00009
9 88 1.00008
9 89 1.00007
9 90 1.00006
9 91 1.00005
9 92 1.00005
9 93 1.00004
9 94 1.00003
9 95 1.00002
9 96 1.00001
9 97 1.00001
9 98 0.999999
9 99 0.999992
9 100 0.999985
9 101 0.999978
9 102 0.999971
9 103 0.999962
9 104 0.999954
9 105 0.999947
9 106 0.999937
9 107 0.999922
9 108 0.999913
9 109 0.99991
9 110 0.999885
9 111 0.999853
9 112 0.999861
9 113 0.999859
9 114 0.999766
9 115 0.999721
9 116 0.999822
9 117 0.999741
9 118 0.999452
9 119 0.999581
9 120 0.999838
9 121 0.999321
9 122 0.999151
9 123 0.999868
9 124 0.999687
9 125 0.9995
9 126 1.00007
9 127 1.00045

10 0 0
10 1 1.00098
10 2 1.00098
10 3 1.00098
10 4 1.00098
10 5 1.00098
10 6 1.00098
10 7 1.00098
10 8 1.00098
10 9 1.00098
10 10 1.00098
10 11 1.00098
10 12 1.00098
10 13 1.00098
10 14 1.00099
10 15 1.00099
10 16 1.00099
10 17 1.00099
10 18 1.00099
10 19 1.00099
10 20 1.00099
10 21 1.00099
10 22 1.00099
10 23 1.00098
10 24 1.00098
10 25 1.00098
10 26 1.00098
10 27 1.00098
10 28 1.00097
10 29 1.00097
10 30 1.00097
10 31 1.00096
10 32 1.00096
10 33 1.00095
10 34 1.00095
10 35 1.00094
10 36 1.00093
10 37 1.00093
10 38 1.00092
10 39 1.00091
10 40 1.0009
10 41 1.00089
10 42 1.00088
10 43 1.00087
10 44 1.00085
10 45 1.00084
10 46 1.00083
10 47 1.00081
10 48 1.0008
10 49 1.00078
10 50 1.00076
10 51 1.00075
10 52 1.00073
10 53 1.00071
10 54 1.00069
10 55 1.00067
10 56 1.00065
10 57 1.00063
10 58 1.00061
10 59 1.00059
10 60 1.00057
10 61 1.00055
10 62 1.00052
10 63 1.0005
10 64 1.00048
10 65 1.00046
10 66 1.00044
10 67 1.00042
10 68 1.0004
10 69 1.00038
10 70 1.00036
10 71 1.00034
10 72 1.00032
10 73 1.0003
10 74 1.00028
10 75 1.00026
10 76 1.00024
10 77 1.00023
10 78 1.00021
10 79 1.00019
10 80 1.00018
10 81 1.00016
10 82 1.00015
10 83 1.00014
10 84 1.00013
10 85 1.00011
10 86 1.0001
10 87 1.00009
10 88 1.00008
10 89 1.00007
10 90 1.00006
10 91 1.00005
10 92 1.00004
10 93 1.00004
10 94 1.00003
10 95 1.00002
10 96 1.00002
10 97 1.00001
10 98 1
10 99 0.999997
10 100 0.99999
10 101 0.999984
10 102 0.999978
10 103 0.999972
10 104 0.999964
10 105 0.999956
10 106 0.999952
10 107 0.999944
10 108 0.999928
10 109 0.999921
10 110 0.999923
10 111 0.999898
10 112 0.999861
10 113 0.999878
10 114 0.999887
10 115 0.999783
10 116 0.999738
10 117 0.99986
10 118 0.99978
10 119 0.99951
10 120 0.999679
10 121 0.999864
10 122 0.999475
10 123 0.99957
10 124 0.999999
10 125 0.999882
10 126 1.00014
10 127 1.00033

11 0 0
11 1 1.00098
11 2 1.00098
11 3 1.00098
11 4 1.00098
11 5 1.00098
11 6 1.00098
11 7 1.00098
11 8 1.00098
11 9 1.00098
11 10 1.00098
11 11 1.00098
11 12 1.00098
11 13 1.00098
11 14 1.00098
11 15 1.00098
11 16 1.00098
11 17 1.00098
11 18 1.00098
11 19 1.00098
11 20 1.00098
11 21 1.00098
11 22 1.00098
11 23 1.00098
11 24 1.00098
11 25 1.00098
11 26 1.00098
11 27 1.00098
11 28 1.00097
11 29 1.00097
11 30 1.00097
11 31 1.00096
11 32 1.00096
11 33 1.00095
11 34 1.00095
11 35 1.00094
11 36 1.00093
11 37 1.00092
11 38 1.00092
11 39 1.00091
11 40 1.0009
11 41 1.00089
11 42 1.00087
11 43 1.00086
11 44 1.00085
11 45 1.00084
11 46 1.00082
11 47 1.00081
11 48 1.00079
11 49 1.00077
11 50 1.00076
11 51 1.00074
11 52 1.00072
11 53 1.0007
11 54 1.00068
11 55 1.00066
11 56 1.00064
11 57 1.00062
11 58 1.0006
11 59 1.00058
11 60 1.00056
11 61 1.00054
11 62 1.00052
11 63 1.0005
11 64 1.00047
11 65 1.00045
11 66 1.00043
11 67 1.00041
11 68 1.00039
11 69 1.00037
11 70 1.00035
11 71 1.00033
11 72 1.00031
11 73 1.00029
11 74 1.00027
11 75 1.00025
11 76 1.00024
11 77 1.00022
11 78 1.0002
11 79 1.00019
11 80 1.00017
11 81 1.00016
11 82 1.00014
11 83 1.00013
11 84 1.00012
11 85 1.00011
11 86 1.0001
11 87 1.00009
11 88 1.00008
11 89 1.00007
11 90 1.00006
11 91 1.00005
11 92 1.00004
11 93 1.00004
11 94 1.00003
11 95 1.00002
11 96 1.00002
11 97 1.00001
11 98 1.00001
11 99 1
11 100 0.999997
11 101 0.999992
11 102 0.999986
11 103 0.999982
11 104 0.999978
11 105 0.999971
11 106 0.999964
11 107 0.999963
11 108 0.999958
11 109 0.999941
11 110 0.999935
11 111 0.999947
11 112 0.999923
11 113 0.999879
11 114 0.999906
11 115 0.999931
11 116 0.99982
11 117 0.999773
11 118 0.999919
11 119 0.999844
11 120 0.999613
11 121 0.99981
11 122 0.999952
11 123 0.999711
11 124 0.999892
11 125 1.00017
11 126 1.00028
11 127 1.0004

12 0 0
12 1 1.00098
12 2 1.00098
12 3 1.00098
12 4 1.00098
12 5 1.00098
12 6 1.00098
12 7 1.00098
12 8 1.00098
12 9 1.00098
12 10 1.00098
12 11 1.00098
12 12 1.00098
12 13 1.00098
12 14 1.00098
12 15 1.00098
12 16 1.00098
12 17 1.00098
12 18 1.00098
12 19 1.00098
12 20 1.00098
12 21 1.00098
12 22 1.00098
12 23 1.00098
12 24 1.00098
12 25 1.00098
12 26 1.00098
12 27 1.00097
12 28 1.00097
12 29 1.00097
12 30 1.00096
12 31 1.00096
12 32 1.00095
12 33 1.00095
12 34 1.00094
12 35 1.00094
12 36 1.00093
12 37 1.00092
12 38 1.00091
12 39 1.0009
12 40 1.00089
12 41 1.00088
12 42 1.00087
12 43 1.00086
12 44 1.00084
12 45 1.00083
12 46 1.00082
12 47 1.0008
12 48 1.00079
12 49 1.00077
12 50 1.00075
12 51 1.00073
12 52 1.00072
12 53 1.0007
12 54 1.00068
12 55 1.00066
12 56 1.00064
12 57 1.00062
12 58 1.00059
12 59 1.00057
12 60 1.00055
12 61 1.00053
12 62 1.00051
12 63 1.00049
12 64 1.00046
12 65 1.00044
12 66 1.00042
12 67 1.0004
12 68 1.00038
12 69 1.00036
12 70 1.00034
12 71 1.00032
12 72 1.0003
12 73 1.00028
12 74 1.00026
12 75 1.00024
12 76 1.00023
12 77 1.00021
12 78 1.00019
12 79 1.00018
12 80 1.00016
12 81 1.00015
12 82 1.00014
12 83 1.00012
12 84 1.00011
12 85 1.0001
12 86 1.00009
12 87 1.00008
12 88 1.00007
12 89 1.00006
12 90 1.00006
12 91 1.00005
12 92 1.00004
12 93 1.00004
12 94 1.00003
12 95 1.00002
12 96 1.00002
12 97 1.00001
12 98 1.00001
12 99 1.00001
12 100 1
12 101 1
12 102 0.999997
12 103 0.999993
12 104 0.999991
12 105 0.999989
12 106 0.999984
12 107 0.999978
12 108 0.999981
12 109 0.99998
12 110 0.999963
12 111 0.99996
12 112 0.999979
12 113 0.999959
12 114 0.999913
12 115 0.999947
12 116 0.999982
12 117 0.999877
12 118 0.999848
12 119 0.999982
12 120 0.999912
12 121 0.999785
12 122 0.999971
12 123 1.00004
12 124 1.00001
12 125 1.00021
12 126 1.00037
12 127 1.00052

13 0 0
13 1 1.00097
13 2 1.00097
13 3 1.00097
13 4 1.00097
13 5 1.00098
13 6 1.00098
13 7 1.00098
13 8 1.00098
13 9 1.00098
13 10 1.00098
13 11 1.00098
13 12 1.00098
13 13 1.00098
13 14 1.00098
13 15 1.00098
13 16 1.00098
13 17 1.00098
13 18 1.00098
13 19 1.00098
13 20 1.00098
13 21 1.00098
13 22 1.00098
13 23 1.00098
13 24 1.00098
13 25 1.00098
13 26 1.00097
13 27 1.00097
13 28 1.00097
13 29 1.00096
13 30 1.00096
13 31 1.00096
13 32 1.00095
13 33 1.00095
13 34 1.00094
13 35 1.00093
13 36 1.00093
13 37 1.00092
13 38 1.00091
13 39 1.0009
13 40 1.00089
13 41 1.00088
13 42 1.00087
13 43 1.00085
13 44 1.00084
13 45 1.00083
13 46 1.00081
13 47 1.0008
13 48 1.00078
13 49 1.00076
13 50 1.00075
13 51 1.00073
13 52 1.00071
13 53 1.00069
13 54 1.00067
13 55 1.00065
13 56 1.00063
13 57 1.00061
13 58 1.00059
13 59 1.00056
13 60 1.00054
13 61 1.00052
13 62 1.0005
13 63 1.00048
13 64 1.00045
13 65 1.00043
13 66 1.00041
13 67 1.00039
13 68 1.00037
13 69 1.00035
13 70 1.00033
13 71 1.00031
13 72 1.00029
13 73 1.00027
13 74 1.00025
13 75 1.00023
13 76 1.00022
13 77 1.0002
13 78 1.00018
13 79 1.00017
13 80 1.00015
13 81 1.00014
13 82 1.00013
13 83 1.00012
13 84 1.0001
13 85 1.00009
13 86 1.00008
13 87 1.00007
13 88 1.00007
13 89 1.00006
13 90 1.00005
13 91 1.00004
13 92 1.00004
13 93 1.00003
13 94 1.00003
13 95 1.00002
13 96 1.00002
13 97 1.00002
13 98 1.00001
13 99 1.00001
13 100 1.00001
13 101 1.00001
13 102 1.00001
13 103 1.00001
13 104 1
13 105 1
13 106 1.00001
13 107 1
13 108 1
13 109 1.00001
13 110 1.00001
13 111 0.999995
13 112 0.999995
13 113 1.00002
13 114 1.00001
13 115 0.999962
13 116 1.00001
13 117 1.00004
13 118 0.999948
13 119 0.999946
13 120 1.00007
13 121 1.00001
13 122 0.99997
13 123 1.00014
13 124 1.00021
13 125 1.00028
13 126 1.00043
13 127 1.00058

14 0 0
14 1 1.00097
14 2 1.00097
14 3 1.00097
14 4 1.00097
14 5 1.00097
14 6 1.00097
14 7 1.00098
14 8 1.00098
14 9 1.00098
14 10 1.00098
14 11 1.00098
14 12 1.00098
14 13 1.00098
14 14 1.00098
14 15 1.00098
14 16 1.00098
14 17 1.00098
14 18 1.00098
14 19 1.00098
14 20 1.00098
14 21 1.00098
14 22 1.00098
14 23 1.00098
14 24 1.00098
14 25 1.00097
14 26 1.00097
14 27 1.00097
14 28 1.00097
14 29 1.00096
14 30 1.00096
14 31 1.00095
14 32 1.00095
14 33 1.00094
14 34 1.00094
14 35 1.00093
14 36 1.00092
14 37 1.00091
14 38 1.00091
14 39 1.0009
14 40 1.00088
14 41 1.00087
14 42 1.00086
14 43 1.00085
14 44 1.00084
14 45 1.00082
14 46 1.00081
14 47 1.00079
14 48 1.00077
14 49 1.00076
14 50 1.00074
14 51 1.00072
14 52 1.0007
14 53 1.00068
14 54 1.00066
14 55 1.00064
14 56 1.00062
14 57 1.0006
14 58 1.00058
14 59 1.00055
14 60 1.00053
14 61 1.00051
14 62 1.00049
14 63 1.00047
14 64 1.00044
14 65 1.00042
14 66 1.0004
14 67 1.00038
14 68 1.00036
14 69 1.00033
14 70 1.00031
14 71 1.00029
14 72 1.00027
14 73 1.00026
14 74 1.00024
14 75 1.00022
14 76 1.0002
14 77 1.00019
14 78 1.00017
14 79 1.00016
14 80 1.00014
14 81 1.00013
14 82 1.00012
14 83 1.00011
14 84 1.00009
14 85 1.00008
14 86 1.00008
14 87 1.00007
14 88 1.00006
14 89 1.00005
14 90 1.00005
14 91 1.00004
14 92 1.00004
14 93 1.00003
14 94 1.00003
14 95 1.00002
14 96 1.00002
14 97 1.00002
14 98 1.00002
14 99 1.00002
14 100 1.00002
14 101 1.00002
14 102 1.00002
14 103 1.00002
14 104 1.00002
14 105 1.00002
14 106 1.00003
14 107 1.00003
14 108 1.00003
14 109 1.00003
14 110 1.00004
14 111 1.00005
14 112 1.00004
14 113 1.00004
14 114 1.00008
14 115 1.00006
14 116 1.00003
14 117 1.00007
14 118 1.00011
14 119 1.00004
14 120 1.00007
14 121 1.00016
14 122 1.00014
14 123 1.00018
14 124 1.0003
14 125 1.00039
14 126 1.0005
14 127 1.00061

15 0 0
15 1 1.00097
15 2 1.00097
15 3 1.00097
15 4 1.00097
15 5 1.00097
15 6 1.00097
15 7 1.00097
15 8 1.00097
15 9 1.00097
15 10 1.00098
15 11 1.00098
15 12 1.00098
15 13 1.00098
15 14 1.00098
15 15 1.00098
15 16 1.00098
15 17 1.00098
15 18 1.00098
15 19 1.00098
15 20 1.00098
15 21 1.00098
15 22 1.00098
15 23 1.00098
15 24 1.00097
15 25 1.00097
15 26 1.00097
15 27 1.00097
15 28 1.00096
15 29 1.00096
15 30 1.00096
15 31 1.00095
15 32 1.00095
15 33 1.00094
15 34 1.00093
15 35 1.00093
15 36 1.00092
15 37 1.00091
15 38 1.0009
15 39 1.00089
15 40 1.00088
15 41 1.00087
15 42 1.00086
15 43 1.00084
15 44 1.00083
15 45 1.00082
15 46 1.0008
15 47 1.00078
15 48 1.00077
15 49 1.00075
15 50 1.00073
15 51 1.00071
15 52 1.00069
15 53 1.00067
15 54 1.00065
15 55 1.00063
15 56 1.00061
15 57 1.00059
15 58 1.00057
15 59 1.00054
15 60 1.00052
15 61 1.0005
15 62 1.00048
15 63 1.00045
15 64 1.00043
15 65 1.00041
15 66 1.00039
15 67 1.00036
15 68 1.00034
15 69 1.00032
15 70 1.0003
15 71 1.00028
15 72 1.00026
15 73 1.00024
15 74 1.00022
15 75 1.00021
15 76 1.00019
15 77 1.00017
15 78 1.00016
15 79 1.00014
15 80 1.00013
15 81 1.00012
15 82 1.00011
15 83 1.00009
15 84 1.00008
15 85 1.00007
15 86 1.00007
15 87 1.00006
15 88 1.00005
15 89 1.00004
15 90 1.00004
15 91 1.00003
15 92 1.00003
15 93 1.00003
15 94 1.00003
15 95 1.00002
15 96 1.00002
15 97 1.00002
15 98 1.00002
15 99 1.00002
15 100 1.00003
15 101 1.00003
15 102 1.00003
15 103 1.00003
15 104 1.00004
15 105 1.00004
15 106 1.00005
15 107 1.00005
15 108 1.00006
15 109 1.00007
15 110 1.00007
15 111 1.00008
15 112 1.0001
15 113 1.00009
15 114 1.0001
15 115 1.00014
15 116 1.00013
15 117 1.0001
15 118 1.00016
15 119 1.00018
15 120 1.00014
15 121 1.00019
15 122 1.00027
15 123 1.00028
15 124 1.00036
15 125 1.00047
15 126 1.00058
15 127 1.00067

16 0 0
16 1 1.00097
16 2 1.00097
16 3 1.00097
16 4 1.00097
16 5 1.00097
16 6 1.00097
16 7 1.00097
16 8 1.00097
16 9 1.00097
16 10 1.00097
16 11 1.00097
16 12 1.00098
16 13 1.00098
16 14 1.00098
16 15 1.00098
16 16 1.00098
16 17 1.00098
16 18 1.00098
16 19 1.00098
16 20 1.00098
16 21 1.00098
16 22 1.00097
16 23 1.00097
16 24 1.00097
16 25 1.00097
16 26 1.00097
16 27 1.00096
16 28 1.00096
16 29 1.00096
16 30 1.00095
16 31 1.00095
16 32 1.00094
16 33 1.00094
16 34 1.00093
16 35 1.00092
16 36 1.00092
16 37 1.00091
16 38 1.0009
16 39 1.00089
16 40 1.00088
16 41 1.00086
16 42 1.00085
16 43 1.00084
16 44 1.00082
16 45 1.00081
16 46 1.00079
16 47 1.00078
16 48 1.00076
16 49 1.00074
16 50 1.00072
16 51 1.0007
16 52 1.00068
16 53 1.00066
16 54 1.00064
16 55 1.00062
16 56 1.0006
16 57 1.00058
16 58 1.00055
16 59 1.00053
16 60 1.00051
16 61 1.00048
16 62 1.00046
16 63 1.00044
16 64 1.00042
16 65 1.00039
16 66 1.00037
16 67 1.00035
16 68 1.00033
16 69 1.00031
16 70 1.00028
16 71 1.00026
16 72 1.00024
16 73 1.00023
16 74 1.00021
16 75 1.00019
16 76 1.00017
16 77 1.00016
16 78 1.00014
16 79 1.00013
16 80 1.00012
16 81 1.0001
16 82 1.00009
16 83 1.00008
16 84 1.00007
16 85 1.00006
16 86 1.00005
16 87 1.00005
16 88 1.00004
16 89 1.00004
16 90 1.00003
16 91 1.00003
16 92 1.00003
16 93 1.00002
16 94 1.00002
16 95 1.00002
16 96 1.00002
16 97 1.00002
16 98 1.00003
16 99 1.00003
16 100 1.00003
16 101 1.00004
16 102 1.00004
16 103 1.00005
16 104 1.00005
16 105 1.00006
16 106 1.00007
16 107 1.00008
16 108 1.00009
16 109 1.0001
16 110 1.00011
16 111 1.00011
16 112 1.00014
16 113 1.00015
16 114 1.00015
16 115 1.00016
16 116 1.0002
16 117 1.0002
16 118 1.00019
16 119 1.00024
16 120 1.00027
16 121 1.00026
16 122 1.00032
16 123 1.00039
16 124 1.00044
16 125 1.00053
16 126 1.00063
16 127 1.00073

17 0 0
17 1 1.00096
17 2 1.00097
17 3 1.00097
17 4 1.00097
17 5 1.00097
17 6 1.00097
17 7 1.00097
17 8 1.00097
17 9 1.00097
17 10 1.00097
17 11 1.00097
17 12 1.00097
17 13 1.00097
17 14 1.00097
17 15 1.00097
17 16 1.00098
17 17 1.00098
17 18 1.00098
17 19 1.00098
17 20 1.00097
17 21 1.00097
17 22 1.00097
17 23 1.00097
17 24 1.00097
17 25 1.00097
17 26 1.00097
17 27 1.00096
17 28 1.00096
17 29 1.00096
17 30 1.00095
17 31 1.00095
17 32 1.00094
17 33 1.00093
17 34 1.00093
17 35 1.00092
17 36 1.00091
17 37 1.0009
17 38 1.00089
17 39 1.00088
17 40 1.00087
17 41 1.00086
17 42 1.00085
17 43 1.00083
17 44 1.00082
17 45 1.0008
17 46 1.00079
17 47 1.00077
17 48 1.00075
17 49 1.00073
17 50 1.00071
17 51 1.00069
17 52 1.00067
17 53 1.00065
17 54 1.00063
17 55 1.00061
17 56 1.00059
17 57 1.00056
17 58 1.00054
17 59 1.00052
17 60 1.00049
17 61 1.00047
17 62 1.00045
17 63 1.00042
17 64 1.0004
17 65 1.00038
17 66 1.00035
17 67 1.00033
17 68 1.00031
17 69 1.00029
17 70 1.00027
17 71 1.00025
17 72 1.00023
17 73 1.00021
17 74 1.00019
17 75 1.00017
17 76 1.00016
17 77 1.00014
17 78 1.00013
17 79 1.00011
17 80 1.0001
17 81 1.00009
17 82 1.00008
17 83 1.00007
17 84 1.00006
17 85 1.00005
17 86 1.00004
17 87 1.00004
17 88 1.00003
17 89 1.00003
17 90 1.00002
17 91 1.00002
17 92 1.00002
17 93 1.00002
17 94 1.00002
17 95 1.00002
17 96 1.00002
17 97 1.00003
17 98 1.00003
17 99 1.00003
17 100 1.00004
17 101 1.00005
17 102 1.00005
17 103 1.00006
17 104 1.00007
17 105 1.00008
17 106 1.00009
17 107 1.0001
17 108 1.00011
17 109 1.00013
17 110 1.00015
17 111 1.00016
17 112 1.00017
17 113 1.00019
17 114 1.00021
17 115 1.00021
17 116 1.00023
17 117 1.00027
17 118 1.00028
17 119 1.00029
17 120 1.00033
17 121 1.00036
17 122 1.00039
17 123 1.00045
17 124 1.00052
17 125 1.00059
17 126 1.00068
17 127 1.00077

18 0 0
18 1 1.00096
18 2 1.00096
18 3 1.00096
18 4 1.00097
18 5 1.00097
18 6 1.00097
18 7 1.00097
18 8 1.00097
18 9 1.00097
18 10 1.00097
18 11 1.00097
18 12 1.00097
18 13 1.00097
18 14 1.00097
18 15 1.00097
18 16 1.00097
18 17 1.00097
18 18 1.00097
18 19 1.00097
18 20 1.00097
18 21 1.00097
18 22 1.00097
18 23 1.00097
18 24 1.00097
18 25 1.00097
18 26 1.00096
18 27 1.00096
18 28 1.00096
18 29 1.00095
18 30 1.00095
18 31 1.00094
18 32 1.00094
18 33 1.00093
18 34 1.00092
18 35 1.00092
18 36 1.00091
18 37 1.0009
18 38 1.00089
18 39 1.00088
18 40 1.00087
18 41 1.00085
18 42 1.00084
18 43 1.00082
18 44 1.00081
18 45 1.00079
18 46 1.00078
18 47 1.00076
18 48 1.00074
18 49 1.00072
18 50 1.0007
18 51 1.00068
18 52 1.00066
18 53 1.00064
18 54 1.00062
18 55 1.00059
18 56 1.00057
18 57 1.00055
18 58 1.00053
18 59 1.0005
18 60 1.00048
18 61 1.00045
18 62 1.00043
18 63 1.00041
18 64 1.00038
18 65 1.00036
18 66 1.00034
18 67 1.00031
18 68 1.00029
18 69 1.00027
18 70 1.00025
18 71 1.00023
18 72 1.00021
18 73 1.00019
18 74 1.00017
18 75 1.00015
18 76 1.00014
18 77 1.00012
18 78 1.00011
18 79 1.00009
18 80 1.00008
18 81 1.00007
18 82 1.00006
18 83 1.00005
18 84 1.00004
18 85 1.00003
18 86 1.00003
18 87 1.00002
18 88 1.00002
18 89 1.00001
18 90 1.00001
18 91 1.00001
18 92 1.00001
18 93 1.00001
18 94 1.00001
18 95 1.00002
18 96 1.00002
18 97 1.00003
18 98 1.00003
18 99 1.00004
18 100 1.00005
18 101 1.00005
18 102 1.00006
18 103 1.00007
18 104 1.00009
18 105 1.0001
18 106 1.00011
18 107 1.00013
18 108 1.00014
18 109 1.00015
18 110 1.00017
18 111 1.0002
18 112 1.00021
18 113 1.00022
18 114 1.00025
18 115 1.00028
18 116 1.00028
18 117 1.00031
18 118 1.00035
18 119 1.00036
18 120 1.00038
18 121 1.00043
18 122 1.00046
18 123 1.00051
18 124 1.00058
18 125 1.00065
18 126 1.00073
18 127 1.0008

19 0 0
19 1 1.00096
19 2 1.00096
19 3 1.00096
19 4 1.00096
19 5 1.00096
19 6 1.00097
19 7 1.00097
19 8 1.00097
19 9 1.00097
19 10 1.00097
19 11 1.00097
19 12 1.00097
19 13 1.00097
19 14 1.00097
19 15 1.00097
19 16 1.00097
19 17 1.00097
19 18 1.00097
19 19 1.00097
19 20 1.00097
19 21 1.00097
19 22 1.00097
19 23 1.00097
19 24 1.00097
19 25 1.00096
19 26 1.00096
19 27 1.00096
19 28 1.00095
19 29 1.00095
19 30 1.00095
19 31 1.00094
19 32 1.00093
19 33 1.00093
19 34 1.00092
19 35 1.00091
19 36 1.0009
19 37 1.00089
19 38 1.00088
19 39 1.00087
19 40 1.00086
19 41 1.00085
19 42 1.00083
19 43 1.00082
19 44 1.0008
19 45 1.00079
19 46 1.00077
19 47 1.00075
19 48 1.00073
19 49 1.00071
19 50 1.00069
19 51 1.00067
19 52 1.00065
19 53 1.00063
19 54 1.0006
19 55 1.00058
19 56 1.00056
19 57 1.00053
19 58 1.00051
19 59 1.00048
19 60 1.00046
19 61 1.00044
19 62 1.00041
19 63 1.00039
19 64 1.00036
19 65 1.00034
19 66 1.00032
19 67 1.00029
19 68 1.00027
19 69 1.00025
19 70 1.00023
19 71 1.00021
19 72 1.00019
19 73 1.00017
19 74 1.00015
19 75 1.00013
19 76 1.00012
19 77 1.0001
19 78 1.00009
19 79 1.00007
19 80 1.00006
19 81 1.00005
19 82 1.00004
19 83 1.00003
19 84 1.00002
19 85 1.00002
19 86 1.00001
19 87 1.00001
19 88 1
19 89 1
19 90 1
19 91 1
19 92 1
19 93 1
19 94 1.00001
19 95 1.00001
19 96 1.00002
19 97 1.00002
19 98 1.00003
19 99 1.00004
19 100 1.00005
19 101 1.00006
19 102 1.00007
19 103 1.00008
19 104 1.0001
19 105 1.00011
19 106 1.00013
19 107 1.00015
19 108 1.00017
19 109 1.00019
19 110 1.0002
19 111 1.00022
19 112 1.00025
19 113 1.00027
19 114 1.00029
19 115 1.00032
19 116 1.00034
19 117 1.00036
19 118 1.00039
19 119 1.00042
19 120 1.00044
19 121 1.00048
19 122 1.00052
19 123 1.00057
19 124 1.00063
19 125 1.00069
19 126 1.00077
19 127 1.00084

20 0 0
20 1 1.00096
20 2 1.00096
20 3 1.00096
20 4 1.00096
20 5 1.00096
20 6 1.00096
20 7 1.00096
20 8 1.00097
20 9 1.00097
20 10 1.00097
20 11 1.00097
20 12 1.00097
20 13 1.00097
20 14 1.00097
20 15 1.00097
20 16 1.00097
20 17 1.00097
20 18 1.00097
20 19 1.00097
20 20 1.00097
20 21 1.00097
20 22 1.00097
20 23 1.00097
20 24 1.00096
20 25 1.00096
20 26 1.00096
20 27 1.00096
20 28 1.00095
20 29 1.00095
20 30 1.00094
20 31 1.00094
20 32 1.00093
20 33 1.00092
20 34 1.00092
20 35 1.00091
20 36 1.0009
20 37 1.00089
20 38 1.00088
20 39 1.00087
20 40 1.00085
20 41 1.00084
20 42 1.00082
20 43 1.00081
20 44 1.00079
20 45 1.00078
20 46 1.00076
20 47 1.00074
20 48 1.00072
20 49 1.0007
20 50 1.00068
20 51 1.00066
20 52 1.00063
20 53 1.00061
20 54 1.00059
20 55 1.00056
20 56 1.00054
20 57 1.00052
20 58 1.00049
20 59 1.00047
20 60 1.00044
20 61 1.00042
20 62 1.00039
20 63 1.00037
20 64 1.00034
20 65 1.00032
20 66 1.00029
20 67 1.00027
20 68 1.00025
20 69 1.00023
20 70 1.0002
20 71 1.00018
20 72 1.00016
20 73 1.00014
20 74 1.00013
20 75 1.00011
20 76 1.00009
20 77 1.00008
20 78 1.00006
20 79 1.00005
20 80 1.00004
20 81 1.00003
20 82 1.00002
20 83 1.00001
20 84 1
20 85 0.999998
20 86 0.999993
20 87 0.99999
20 88 0.999988
20 89 0.999987
20 90 0.999987
20 91 0.999988
20 92 0.999991
20 93 0.999995
20 94 1
20 95 1.00001
20 96 1.00001
20 97 1.00002
20 98 1.00003
20 99 1.00004
20 100 1.00005
20 101 1.00007
20 102 1.00008
20 103 1.00009
20 104 1.00011
20 105 1.00013
20 106 1.00015
20 107 1.00017
20 108 1.00019
20 109 1.00021
20 110 1.00023
20 111 1.00025
20 112 1.00028
20 113 1.00031
20 114 1.00033
20 115 1.00035
20 116 1.00039
20 117 1.00041
20 118 1.00043
20 119 1.00047
20 120 1.0005
20 121 1.00053
20 122 1.00057
20 123 1.00062
20 124 1.00067
20 125 1.00073
20 126 1.0008
20 127 1.00087

21 0 0
21 1 1.00096
21 2 1.00096
21 3 1.00096
21 4 1.00096
21 5 1.00096
21 6 1.00096
21 7 1.00096
21 8 1.00096
21 9 1.00096
21 10 1.00097
21 11 1.00097
21 12 1.00097
21 13 1.00097
21 14 1.00097
21 15 1.00097
21 16 1.00097
21 17 1.00097
21 18 1.00097
21 19 1.00097
21 20 1.00097
21 21 1.00097
21 22 1.00096
21 23 1.00096
21 24 1.00096
21 25 1.00096
21 26 1.00096
21 27 1.00095
21 28 1.00095
21 29 1.00094
21 30 1.00094
21 31 1.00093
21 32 1.00093
21 33 1.00092
21 34 1.00091
21 35 1.0009
21 36 1.00089
21 37 1.00088
21 38 1.00087
21 39 1.00086
21 40 1.00085
21 41 1.00083
21 42 1.00082
21 43 1.0008
21 44 1.00078
21 45 1.00077
21 46 1.00075
21 47 1.00073
21 48 1.00071
21 49 1.00069
21 50 1.00067
21 51 1.00064
21 52 1.00062
21 53 1.0006
21 54 1.00057
21 55 1.00055
21 56 1.00052
21 57 1.0005
21 58 1.00047
21 59 1.00045
21 60 1.00042
21 61 1.00039
21 62 1.00037
21 63 1.00034
21 64 1.00032
21 65 1.00029
21 66 1.00027
21 67 1.00025
21 68 1.00022
21 69 1.0002
21 70 1.00018
21 71 1.00016
21 72 1.00014
21 73 1.00012
21 74 1.0001
21 75 1.00008
21 76 1.00007
21 77 1.00005
21 78 1.00004
21 79 1.00003
21 80 1.00001
21 81 1
21 82 0.999996
21 83 0.999988
21 84 0.999982
21 85 0.999977
21 86 0.999973
21 87 0.999971
21 88 0.99997
21 89 0.99997
21 90 0.999972
21 91 0.999974
21 92 0.999978
21 93 0.999983
21 94 0.99999
21 95 0.999998
21 96 1.00001
21 97 1.00002
21 98 1.00003
21 99 1.00004
21 100 1.00005
21 101 1.00007
21 102 1.00009
21 103 1.0001
21 104 1.00012
21 105 1.00014
21 106 1.00016
21 107 1.00019
21 108 1.00021
21 109 1.00023
21 110 1.00026
21 111 1.00028
21 112 1.00031
21 113 1.00034
21 114 1.00037
21 115 1.00039
21 116 1.00042
21 117 1.00045
21 118 1.00048
21 119 1.00051
21 120 1.00054
21 121 1.00058
21 122 1.00061
21 123 1.00066
21 124 1.00071
21 125 1.00077
21 126 1.00083
21 127 1.0009

22 0 0
22 1 1.00095
22 2 1.00095
22 3 1.00096
22 4 1.00096
22 5 1.00096
22 6 1.00096
22 7 1.00096
22 8 1.00096
22 9 1.00096
22 10 1.00096
22 11 1.00096
22 12 1.00096
22 13 1.00097
22 14 1.00097
22 15 1.00097
22 16 1.00097
22 17 1.00097
22 18 1.00097
22 19 1.00097
22 20 1.00096
22 21 1.00096
22 22 1.00096
22 23 1.00096
22 24 1.00096
22 25 1.00096
22 26 1.00095
22 27 1.00095
22 28 1.00094
22 29 1.00094
22 30 1.00093
22 31 1.00093
22 32 1.00092
22 33 1.00091
22 34 1.00091
22 35 1.0009
22 36 1.00089
22 37 1.00088
22 38 1.00086
22 39 1.00085
22 40 1.00084
22 41 1.00082
22 42 1.00081
22 43 1.00079
22 44 1.00077
22 45 1.00075
22 46 1.00074
22 47 1.00072
22 48 1.00069
22 49 1.00067
22 50 1.00065
22 51 1.00063
22 52 1.0006
22 53 1.00058
22 54 1.00055
22 55 1.00053
22 56 1.0005
22 57 1.00048
22 58 1.00045
22 59 1.00042
22 60 1.0004
22 61 1.00037
22 62 1.00035
22 63 1.00032
22 64 1.00029
22 65 1.00027
22 66 1.00024
22 67 1.00022
22 68 1.0002
22 69 1.00017
22 70 1.00015
22 71 1.00013
22 72 1.00011
22 73 1.00009
22 74 1.00007
22 75 1.00006
22 76 1.00004
22 77 1.00002
22 78 1.00001
22 79 0.999999
22 80 0.999989
22 81 0.999979
22 82 0.999971
22 83 0.999964
22 84 0.999959
22 85 0.999954
22 86 0.999952
22 87 0.99995
22 88 0.99995
22 89 0.999952
22 90 0.999954
22 91 0.999958
22 92 0.999964
22 93 0.99997
22 94 0.999978
22 95 0.999988
22 96 0.999998
22 97 1.00001
22 98 1.00002
22 99 1.00004
22 100 1.00005
22 101 1.00007
22 102 1.00009
22 103 1.00011
22 104 1.00013
22 105 1.00015
22 106 1.00017
22 107 1.0002
22 108 1.00023
22 109 1.00025
22 110 1.00028
22 111 1.00031
22 112 1.00034
22 113 1.00036
22 114 1.00039
22 115 1.00043
22 116 1.00045
22 117 1.00048
22 118 1.00052
22 119 1.00055
22 120 1.00058
22 121 1.00061
22 122 1.00065
22 123 1.00069
22 124 1.00074
22 125 1.0008
22 126 1.00086
22 127 1.00092

23 0 0
23 1 1.00095
23 2 1.00095
23 3 1.00095
23 4 1.00095
23 5 1.00096
23 6 1.00096
23 7 1.00096
23 8 1.00096
23 9 1.00096
23 10 1.00096
23 11 1.00096
23 12 1.00096
23 13 1.00096
23 14 1.00096
23 15 1.00096
23 16 1.00096
23 17 1.00096
23 18 1.00096
23 19 1.00096
23 20 1.00096
23 21 1.00096
23 22 1.00096
23 23 1.00096
23 24 1.00096
23 25 1.00095
23 26 1.00095
23 27 1.00095
23 28 1.00094
23 29 1.00094
23 30 1.00093
23 31 1.00092
23 32 1.00092
23 33 1.00091
23 34 1.0009
23 35 1.00089
23 36 1.00088
23 37 1.00087
23 38 1.00086
23 39 1.00084
23 40 1.00083
23 41 1.00081
23 42 1.0008
23 43 1.00078
23 44 1.00076
23 45 1.00074
23 46 1.00072
23 47 1.0007
23 48 1.00068
23 49 1.00066
23 50 1.00063
23 51 1.00061
23 52 1.00059
23 53 1.00056
23 54 1.00053
23 55 1.00051
23 56 1.00048
23 57 1.00045
23 58 1.00043
23 59 1.0004
23 60 1.00037
23 61 1.00035
23 62 1.00032
23 63 1.00029
23 64 1.00027
23 65 1.00024
23 66 1.00022
23 67 1.00019
23 68 1.00017
23 69 1.00014
23 70 1.00012
23 71 1.0001
23 72 1.00008
23 73 1.00006
23 74 1.00004
23 75 1.00003
23 76 1.00001
23 77 0.999996
23 78 0.999982
23 79 0.999971
23 80 0.99996
23 81 0.999951
23 82 0.999944
23 83 0.999938
23 84 0.999933
23 85 0.99993
23 86 0.999928
23 87 0.999927
23 88 0.999929
23 89 0.999931
23 90 0.999935
23 91 0.99994
23 92 0.999947
23 93 0.999955
23 94 0.999965
23 95 0.999976
23 96 0.999988
23 97 1
23 98 1.00002
23 99 1.00003
23 100 1.00005
23 101 1.00007
23 102 1.00009
23 103 1.00011
23 104 1.00014
23 105 1.00016
23 106 1.00019
23 107 1.00021
23 108 1.00024
23 109 1.00027
23 110 1.0003
23 111 1.00033
23 112 1.00036
23 113 1.00039
23 114 1.00042
23 115 1.00045
23 116 1.00048
23 117 1.00051
23 118 1.00054
23 119 1.00058
23 120 1.00061
23 121 1.00064
23 122 1.00068
23 123 1.00072
23 124 1.00077
23 125 1.00082
23 126 1.00088
23 127 1.00093

24 0 0
24 1 1.00095
24 2 1.00095
24 3 1.00095
24 4 1.00095
24 5 1.00095
24 6 1.00096
24 7 1.00096
24 8 1.00096
24 9 1.00096
24 10 1.00096
24 11 1.00096
24 12 1.00096
24 13 1.00096
24 14 1.00096
24 15 1.00096
24 16 1.00096
24 17 1.00096
24 18 1.00096
24 19 1.00096
24 20 1.00096
24 21 1.00096
24 22 1.00096
24 23 1.00096
24 24 1.00095
24 25 1.00095
24 26 1.00095
24 27 1.00094
24 28 1.00094
24 29 1.00093
24 30 1.00093
24 31 1.00092
24 32 1.00091
24 33 1.0009
24 34 1.00089
24 35 1.00088
24 36 1.00087
24 37 1.00086
24 38 1.00085
24 39 1.00083
24 40 1.00082
24 41 1.0008
24 42 1.00079
24 43 1.00077
24 44 1.00075
24 45 1.00073
24 46 1.00071
24 47 1.00069
24 48 1.00066
24 49 1.00064
24 50 1.00062
24 51 1.00059
24 52 1.00057
24 53 1.00054
24 54 1.00051
24 55 1.00049
24 56 1.00046
24 57 1.00043
24 58 1.0004
24 59 1.00038
24 60 1.00035
24 61 1.00032
24 62 1.00029
24 63 1.00026
24 64 1.00024
24 65 1.00021
24 66 1.00019
24 67 1.00016
24 68 1.00014
24 69 1.00011
24 70 1.00009
24 71 1.00007
24 72 1.00005
24 73 1.00003
24 74 1.00001
24 75 0.999994
24 76 0.999978
24 77 0.999964
24 78 0.999951
24 79 0.99994
24 80 0.99993
24 81 0.999921
24 82 0.999914
24 83 0.999909
24 84 0.999905
24 85 0.999903
24 86 0.999902
24 87 0.999902
24 88 0.999905
24 89 0.999908
24 90 0.999914
24 91 0.99992
24 92 0.999929
24 93 0.999938
24 94 0.999949
24 95 0.999962
24 96 0.999976
24 97 0.999992
24 98 1.00001
24 99 1.00003
24 100 1.00005
24 101 1.00007
24 102 1.00009
24 103 1.00011
24 104 1.00014
24 105 1.00016
24 106 1.00019
24 107 1.00022
24 108 1.00025
24 109 1.00028
24 110 1.00031
24 111 1.00034
24 112 1.00038
24 113 1.00041
24 114 1.00044
24 115 1.00047
24 116 1.00051
24 117 1.00054
24 118 1.00057
24 119 1.0006
24 120 1.00064
24 121 1.00067
24 122 1.00071
24 123 1.00075
24 124 1.00079
24 125 1.00084
24 126 1.00089
24 127 1.00095

25 0 0
25 1 1.00095
25 2 1.00095
25 3 1.00095
25 4 1.00095
25 5 1.00095
25 6 1.00095
25 7 1.00095
25 8 1.00096
25 9 1.00096
25 10 1.00096
25 11 1.00096
25 12 1.00096
25 13 1.00096
25 14 1.00096
25 15 1.00096
25 16 1.00096
25 17 1.00096
25 18 1.00096
25 19 1.00096
25 20 1.00096
25 21 1.00096
25 22 1.00095
25 23 1.00095
25 24 1.00095
25 25 1.00095
25 26 1.00094
25 27 1.00094
25 28 1.00093
25 29 1.00093
25 30 1.00092
25 31 1.00091
25 32 1.00091
25 33 1.0009
25 34 1.00089
25 35 1.00088
25 36 1.00087
25 37 1.00085
25 38 1.00084
25 39 1.00083
25 40 1.00081
25 41 1.00079
25 42 1.00078
25 43 1.00076
25 44 1.00074
25 45 1.00072
25 46 1.00069
25 47 1.00067
25 48 1.00065
25 49 1.00062
25 50 1.0006
25 51 1.00057
25 52 1.00055
25 53 1.00052
25 54 1.00049
25 55 1.00046
25 56 1.00043
25 57 1.00041
25 58 1.00038
25 59 1.00035
25 60 1.00032
25 61 1.00029
25 62 1.00026
25 63 1.00023
25 64 1.00021
25 65 1.00018
25 66 1.00015
25 67 1.00013
25 68 1.0001
25 69 1.00008
25 70 1.00006
25 71 1.00003
25 72 1.00001
25 73 0.999994
25 74 0.999976
25 75 0.999959
25 76 0.999944
25 77 0.99993
25 78 0.999917
25 79 0.999906
25 80 0.999897
25 81 0.999889
25 82 0.999883
25 83 0.999878
25 84 0.999875
25 85 0.999873
25 86 0.999874
25 87 0.999875
25 88 0.999879
25 89 0.999884
25 90 0.99989
25 91 0.999898
25 92 0.999908
25 93 0.999919
25 94 0.999932
25 95 0.999946
25 96 0.999962
25 97 0.999979
25 98 0.999998
25 99 1.00002
25 100 1.00004
25 101 1.00006
25 102 1.00009
25 103 1.00011
25 104 1.00014
25 105 1.00017
25 106 1.0002
25 107 1.00023
25 108 1.00026
25 109 1.00029
25 110 1.00032
25 111 1.00036
25 112 1.00039
25 113 1.00042
25 114 1.00046
25 115 1.00049
25 116 1.00052
25 117 1.00056
25 118 1.00059
25 119 1.00062
25 120 1.00065
25 121 1.00069
25 122 1.00072
25 123 1.00076
25 124 1.00081
25 125 1.00085
25 126 1.0009
25 127 1.00095

26 0 0
26 1 1.00094
26 2 1.00095
26 3 1.00095
26 4 1.00095
26 5 1.00095
26 6 1.00095
26 7 1.00095
26 8 1.00095
26 9 1.00095
26 10 1.00096
26 11 1.00096
26 12 1.00096
26 13 1.00096
26 14 1.00096
26 15 1.00096
26 16 1.00096
26 17 1.00096
26 18 1.00096
26 19 1.00096
26 20 1.00096
26 21 1.00095
26 22 1.00095
26 23 1.00095
26 24 1.00095
26 25 1.00094
26 26 1.00094
26 27 1.00094
26 28 1.00093
26 29 1.00092
26 30 1.00092
26 31 1.00091
26 32 1.0009
26 33 1.00089
26 34 1.00088
26 35 1.00087
26 36 1.00086
26 37 1.00084
26 38 1.00083
26 39 1.00082
26 40 1.0008
26 41 1.00078
26 42 1.00076
26 43 1.00074
26 44 1.00072
26 45 1.0007
26 46 1.00068
26 47 1.00065
26 48 1.00063
26 49 1.0006
26 50 1.00058
26 51 1.00055
26 52 1.00052
26 53 1.0005
26 54 1.00047
26 55 1.00044
26 56 1.00041
26 57 1.00038
26 58 1.00035
26 59 1.00032
26 60 1.00029
26 61 1.00026
26 62 1.00023
26 63 1.0002
26 64 1.00017
26 65 1.00014
26 66 1.00012
26 67 1.00009
26 68 1.00007
26 69 1.00004
26 70 1.00002
26 71 0.999997
26 72 0.999976
26 73 0.999957
26 74 0.999939
26 75 0.999922
26 76 0.999907
26 77 0.999893
26 78 0.999881
26 79 0.999871
26 80 0.999862
26 81 0.999854
26 82 0.999849
26 83 0.999845
26 84 0.999843
26 85 0.999842
26 86 0.999843
26 87 0.999846
26 88 0.99985
26 89 0.999856
26 90 0.999864
26 91 0.999874
26 92 0.999885
26 93 0.999898
26 94 0.999912
26 95 0.999928
26 96 0.999945
26 97 0.999964
26 98 0.999984
26 99 1.00001
26 100 1.00003
26 101 1.00005
26 102 1.00008
26 103 1.00011
26 104 1.00014
26 105 1.00017
26 106 1.0002
26 107 1.00023
26 108 1.00026
26 109 1.0003
26 110 1.00033
26 111 1.00036
26 112 1.0004
26 113 1.00043
26 114 1.00047
26 115 1.0005
26 116 1.00054
26 117 1.00057
26 118 1.0006
26 119 1.00064
26 120 1.00067
26 121 1.0007
26 122 1.00074
26 123 1.00077
26 124 1.00082
26 125 1.00086
26 126 1.00091
26 127 1.00096

27 0 0
27 1 1.00094
27 2 1.00094
27 3 1.00094
27 4 1.00095
27 5 1.00095
27 6 1.00095
27 7 1.00095
27 8 1.00095
27 9 1.00095
27 10 1.00095
27 11 1.00095
27 12 1.00095
27 13 1.00096
27 14 1.00096
27 15 1.00096
27 16 1.00096
27 17 1.00096
27 18 1.00096
27 19 1.00095
27 20 1.00095
27 21 1.00095
27 22 1.00095
27 23 1.00095
27 24 1.00094
27 25 1.00094
27 26 1.00094
27 27 1.00093
27 28 1.00093
27 29 1.00092
27 30 1.00091
27 31 1.0009
27 32 1.00089
27 33 1.00089
27 34 1.00087
27 35 1.00086
27 36 1.00085
27 37 1.00084
27 38 1.00082
27 39 1.0008
27 40 1.00079
27 41 1.00077
27 42 1.00075
27 43 1.00073
27 44 1.00071
27 45 1.00068
27 46 1.00066
27 47 1.00064
27 48 1.00061
27 49 1.00058
27 50 1.00056
27 51 1.00053
27 52 1.0005
27 53 1.00047
27 54 1.00044
27 55 1.00041
27 56 1.00038
27 57 1.00035
27 58 1.00032
27 59 1.00029
27 60 1.00026
27 61 1.00023
27 62 1.0002
27 63 1.00017
27 64 1.00014
27 65 1.00011
27 66 1.00008
27 67 1.00005
27 68 1.00003
27 69 1
27 70 0.99998
27 71 0.999958
27 72 0.999937
27 73 0.999918
27 74 0.9999
27 75 0.999883
27 76 0.999868
27 77 0.999855
27 78 0.999843
27 79 0.999833
27 80 0.999824
27 81 0.999817
27 82 0.999813
27 83 0.999809
27 84 0.999808
27 85 0.999808
27 86 0.99981
27 87 0.999814
27 88 0.99982
27 89 0.999827
27 90 0.999836
27 91 0.999847
27 92 0.999859
27 93 0.999874
27 94 0.999889
27 95 0.999907
27 96 0.999926
27 97 0.999946
27 98 0.999969
27 99 0.999992
27 100 1.00002
27 101 1.00004
27 102 1.00007
27 103 1.0001
27 104 1.00013
27 105 1.00016
27 106 1.0002
27 107 1.00023
27 108 1.00026
27 109 1.0003
27 110 1.00033
27 111 1.00037
27 112 1.0004
27 113 1.00044
27 114 1.00048
27 115 1.00051
27 116 1.00055
27 117 1.00058
27 118 1.00061
27 119 1.00064
27 120 1.00068
27 121 1.00071
27 122 1.00074
27 123 1.00078
27 124 1.00082
27 125 1.00086
27 126 1.00091
27 127 1.00096

28 0 0
28 1 1.00094
28 2 1.00094
28 3 1.00094
28 4 1.00094
28 5 1.00095
28 6 1.00095
28 7 1.00095
28 8 1.00095
28 9 1.00095
28 10 1.00095
28 11 1.00095
28 12 1.00095
28 13 1.00095
28 14 1.00095
28 15 1.00095
28 16 1.00095
28 17 1.00095
28 18 1.00095
28 19 1.00095
28 20 1.00095
28 21 1.00095
28 22 1.00095
28 23 1.00094
28 24 1.00094
28 25 1.00094
28 26 1.00093
28 27 1.00093
28 28 1.00092
28 29 1.00091
28 30 1.00091
28 31 1.0009
28 32 1.00089
28 33 1.00088
28 34 1.00087
28 35 1.00085
28 36 1.00084
28 37 1.00083
28 38 1.00081
28 39 1.00079
28 40 1.00078
28 41 1.00076
28 42 1.00074
28 43 1.00071
28 44 1.00069
28 45 1.00067
28 46 1.00064
28 47 1.00062
28 48 1.00059
28 49 1.00056
28 50 1.00053
28 51 1.0005
28 52 1.00047
28 53 1.00044
28 54 1.00041
28 55 1.00038
28 56 1.00035
28 57 1.00032
28 58 1.00028
28 59 1.00025
28 60 1.00022
28 61 1.00019
28 62 1.00016
28 63 1.00013
28 64 1.0001
28 65 1.00007
28 66 1.00004
28 67 1.00001
28 68 0.999988
28 69 0.999963
28 70 0.999939
28 71 0.999917
28 72 0.999895
28 73 0.999876
28 74 0.999858
28 75 0.999841
28 76 0.999826
28 77 0.999813
28 78 0.999802
28 79 0.999792
28 80 0.999784
28 81 0.999778
28 82 0.999774
28 83 0.999771
28 84 0.999771
28 85 0.999772
28 86 0.999775
28 87 0.99978
28 88 0.999787
28 89 0.999795
28 90 0.999806
28 91 0.999818
28 92 0.999832
28 93 0.999847
28 94 0.999865
28 95 0.999883
28 96 0.999904
28 97 0.999926
28 98 0.99995
28 99 0.999975
28 100 1
28 101 1.00003
28 102 1.00006
28 103 1.00009
28 104 1.00012
28 105 1.00015
28 106 1.00019
28 107 1.00022
28 108 1.00026
28 109 1.0003
28 110 1.00033
28 111 1.00037
28 112 1.00041
28 113 1.00044
28 114 1.00048
28 115 1.00051
28 116 1.00055
28 117 1.00058
28 118 1.00062
28 119 1.00065
28 120 1.00068
28 121 1.00071
28 122 1.00075
28 123 1.00078
28 124 1.00082
28 125 1.00086
28 126 1.0009
28 127 1.00095

29 0 0
29 1 1.00094
29 2 1.00094
29 3 1.00094
29 4 1.00094
29 5 1.00094
29 6 1.00094
29 7 1.00095
29 8 1.00095
29 9 1.00095
29 10 1.00095
29 11 1.00095
29 12 1.00095
29 13 1.00095
29 14 1.00095
29 15 1.00095
29 16 1.00095
29 17 1.00095
29 18 1.00095
29 19 1.00095
29 20 1.00095
29 21 1.00095
29 22 1.00094
29 23 1.00094
29 24 1.00094
29 25 1.00093
29 26 1.00093
29 27 1.00092
29 28 1.00092
29 29 1.00091
29 30 1.0009
29 31 1.00089
29 32 1.00088
29 33 1.00087
29 34 1.00086
29 35 1.00085
29 36 1.00083
29 37 1.00082
29 38 1.0008
29 39 1.00078
29 40 1.00076
29 41 1.00074
29 42 1.00072
29 43 1.0007
29 44 1.00067
29 45 1.00065
29 46 1.00062
29 47 1.0006
29 48 1.00057
29 49 1.00054
29 50 1.00051
29 51 1.00048
29 52 1.00045
29 53 1.00041
29 54 1.00038
29 55 1.00035
29 56 1.00032
29 57 1.00028
29 58 1.00025
29 59 1.00022
29 60 1.00018
29 61 1.00015
29 62 1.00012
29 63 1.00009
29 64 1.00006
29 65 1.00003
29 66 0.999999
29 67 0.999972
29 68 0.999945
29 69 0.999919
29 70 0.999895
29 71 0.999873
29 72 0.999851
29 73 0.999832
29 74 0.999814
29 75 0.999797
29 76 0.999782
29 77 0.99977
29 78 0.999758
29 79 0.999749
29 80 0.999742
29 81 0.999736
29 82 0.999733
29 83 0.999731
29 84 0.999731
29 85 0.999733
29 86 0.999738
29 87 0.999744
29 88 0.999751
29 89 0.999761
29 90 0.999773
29 91 0.999786
29 92 0.999801
29 93 0.999818
29 94 0.999837
29 95 0.999858
29 96 0.99988
29 97 0.999903
29 98 0.999929
29 99 0.999955
29 100 0.999984
29 101 1.00001
29 102 1.00004
29 103 1.00008
29 104 1.00011
29 105 1.00014
29 106 1.00018
29 107 1.00022
29 108 1.00025
29 109 1.00029
29 110 1.00033
29 111 1.00036
29 112 1.0004
29 113 1.00044
29 114 1.00048
29 115 1.00051
29 116 1.00055
29 117 1.00058
29 118 1.00061
29 119 1.00065
29 120 1.00068
29 121 1.00071
29 122 1.00074
29 123 1.00078
29 124 1.00082
29 125 1.00085
29 126 1.0009
29 127 1.00094

30 0 0
30 1 1.00094
30 2 1.00094
30 3 1.00094
30 4 1.00094
30 5 1.00094
30 6 1.00094
30 7 1.00094
30 8 1.00095
30 9 1.00095
30 10 1.00095
30 11 1.00095
30 12 1.00095
30 13 1.00095
30 14 1.00095
30 15 1.00095
30 16 1.00095
30 17 1.00095
30 18 1.00095
30 19 1.00095
30 20 1.00094
30 21 1.00094
30 22 1.00094
30 23 1.00094
30 24 1.00093
30 25 1.00093
30 26 1.00092
30 27 1.00092
30 28 1.00091
30 29 1.0009
30 30 1.00089
30 31 1.00088
30 32 1.00087
30 33 1.00086
30 34 1.00085
30 35 1.00084
30 36 1.00082
30 37 1.0008
30 38 1.00079
30 39 1.00077
30 40 1.00075
30 41 1.00073
30 42 1.0007
30 43 1.00068
30 44 1.00066
30 45 1.00063
30 46 1.0006
30 47 1.00057
30 48 1.00054
30 49 1.00051
30 50 1.00048
30 51 1.00045
30 52 1.00042
30 53 1.00038
30 54 1.00035
30 55 1.00032
30 56 1.00028
30 57 1.00025
30 58 1.00021
30 59 1.00018
30 60 1.00015
30 61 1.00011
30 62 1.00008
30 63 1.00005
30 64 1.00002
30 65 0.999985
30 66 0.999955
30 67 0.999927
30 68 0.999899
30 69 0.999874
30 70 0.999849
30 71 0.999826
30 72 0.999805
30 73 0.999785
30 74 0.999767
30 75 0.999751
30 76 0.999736
30 77 0.999723
30 78 0.999713
30 79 0.999704
30 80 0.999697
30 81 0.999692
30 82 0.999689
30 83 0.999688
30 84 0.999689
30 85 0.999692
30 86 0.999698
30 87 0.999705
30 88 0.999714
30 89 0.999724
30 90 0.999737
30 91 0.999752
30 92 0.999769
30 93 0.999787
30 94 0.999807
30 95 0.999829
30 96 0.999853
30 97 0.999878
30 98 0.999905
30 99 0.999933
30 100 0.999963
30 101 0.999994
30 102 1.00003
30 103 1.00006
30 104 1.00009
30 105 1.00013
30 106 1.00017
30 107 1.0002
30 108 1.00024
30 109 1.00028
30 110 1.00032
30 111 1.00036
30 112 1.00039
30 113 1.00043
30 114 1.00047
30 115 1.00051
30 116 1.00054
30 117 1.00058
30 118 1.00061
30 119 1.00064
30 120 1.00067
30 121 1.0007
30 122 1.00074
30 123 1.00077
30 124 1.00081
30 125 1.00084
30 126 1.00088
30 127 1.00093

31 0 0
31 1 1.00093
31 2 1.00093
31 3 1.00094
31 4 1.00094
31 5 1.00094
31 6 1.00094
31 7 1.00094
31 8 1.00094
31 9 1.00094
31 10 1.00095
31 11 1.00095
31 12 1.00095
31 13 1.00095
31 14 1.00095
31 15 1.00095
31 16 1.00095
31 17 1.00095
31 18 1.00095
31 19 1.00094
31 20 1.00094
31 21 1.00094
31 22 1.00094
31 23 1.00093
31 24 1.00093
31 25 1.00092
31 26 1.00092
31 27 1.00091
31 28 1.0009
31 29 1.0009
31 30 1.00089
31 31 1.00088
31 32 1.00087
31 33 1.00085
31 34 1.00084
31 35 1.00083
31 36 1.00081
31 37 1.00079
31 38 1.00077
31 39 1.00075
31 40 1.00073
31 41 1.00071
31 42 1.00069
31 43 1.00066
31 44 1.00064
31 45 1.00061
31 46 1.00058
31 47 1.00055
31 48 1.00052
31 49 1.00049
31 50 1.00045
31 51 1.00042
31 52 1.00039
31 53 1.00035
31 54 1.00032
31 55 1.00028
31 56 1.00025
31 57 1.00021
31 58 1.00017
31 59 1.00014
31 60 1.0001
31 61 1.00007
31 62 1.00004
31 63 1
31 64 0.99997
31 65 0.999939
31 66 0.999908
31 67 0.999879
31 68 0.999852
31 69 0.999825
31 70 0.9998
31 71 0.999777
31 72 0.999756
31 73 0.999736
31 74 0.999718
31 75 0.999701
31 76 0.999687
31 77 0.999675
31 78 0.999664
31 79 0.999656
31 80 0.99965
31 81 0.999646
31 82 0.999643
31 83 0.999643
31 84 0.999645
31 85 0.999649
31 86 0.999655
31 87 0.999663
31 88 0.999673
31 89 0.999685
31 90 0.999699
31 91 0.999715
31 92 0.999733
31 93 0.999753
31 94 0.999775
31 95 0.999798
31 96 0.999823
31 97 0.99985
31 98 0.999878
31 99 0.999907
31 100 0.999939
31 101 0.999971
31 102 1
31 103 1.00004
31 104 1.00008
31 105 1.00011
31 106 1.00015
31 107 1.00019
31 108 1.00023
31 109 1.00027
31 110 1.00031
31 111 1.00034
31 112 1.00038
31 113 1.00042
31 114 1.00046
31 115 1.0005
31 116 1.00053
31 117 1.00056
31 118 1.0006
31 119 1.00063
31 120 1.00066
31 121 1.00069
31 122 1.00072
31 123 1.00076
31 124 1.00079
31 125 1.00083
31 126 1.00087
31 127 1.00091

32 0 0
32 1 1.00093
32 2 1.00093
32 3 1.00093
32 4 1.00094
32 5 1.00094
32 6 1.00094
32 7 1.00094
32 8 1.00094
32 9 1.00094
32 10 1.00094
32 11 1.00094
32 12 1.00094
32 13 1.00094
32 14 1.00094
32 15 1.00094
32 16 1.00094
32 17 1.00094
32 18 1.00094
32 19 1.00094
32 20 1.00094
32 21 1.00094
32 22 1.00093
32 23 1.00093
32 24 1.00092
32 25 1.00092
32 26 1.00091
32 27 1.00091
32 28 1.0009
32 29 1.00089
32 30 1.00088
32 31 1.00087
32 32 1.00086
32 33 1.00085
32 34 1.00083
32 35 1.00082
32 36 1.0008
32 37 1.00078
32 38 1.00076
32 39 1.00074
32 40 1.00072
32 41 1.00069
32 42 1.00067
32 43 1.00064
32 44 1.00061
32 45 1.00059
32 46 1.00056
32 47 1.00052
32 48 1.00049
32 49 1.00046
32 50 1.00042
32 51 1.00039
32 52 1.00035
32 53 1.00032
32 54 1.00028
32 55 1.00024
32 56 1.00021
32 57 1.00017
32 58 1.00013
32 59 1.0001
32 60 1.00006
32 61 1.00002
32 62 0.99999
32 63 0.999956
32 64 0.999922
32 65 0.99989
32 66 0.999859
32 67 0.99983
32 68 0.999801
32 69 0.999775
32 70 0.999749
32 71 0.999726
32 72 0.999704
32 73 0.999684
32 74 0.999666
32 75 0.99965
32 76 0.999636
32 77 0.999624
32 78 0.999614
32 79 0.999606
32 80 0.9996
32 81 0.999597
32 82 0.999595
32 83 0.999596
32 84 0.999598
32 85 0.999603
32 86 0.99961
32 87 0.999619
32 88 0.999631
32 89 0.999644
32 90 0.999659
32 91 0.999676
32 92 0.999696
32 93 0.999717
32 94 0.999739
32 95 0.999764
32 96 0.99979
32 97 0.999818
32 98 0.999848
32 99 0.999879
32 100 0.999912
32 101 0.999945
32 102 0.99998
32 103 1.00002
32 104 1.00005
32 105 1.00009
32 106 1.00013
32 107 1.00017
32 108 1.00021
32 109 1.00025
32 110 1.00029
32 111 1.00033
32 112 1.00037
32 113 1.00041
32 114 1.00044
32 115 1.00048
32 116 1.00052
32 117 1.00055
32 118 1.00058
32 119 1.00061
32 120 1.00065
32 121 1.00068
32 122 1.00071
32 123 1.00074
32 124 1.00077
32 125 1.00081
32 126 1.00084
32 127 1.00088

33 0 0
33 1 1.00093
33 2 1.00093
33 3 1.00093
33 4 1.00093
33 5 1.00093
33 6 1.00094
33 7 1.00094
33 8 1.00094
33 9 1.00094
33 10 1.00094
33 11 1.00094
33 12 1.00094
33 13 1.00094
33 14 1.00094
33 15 1.00094
33 16 1.00094
33 17 1.00094
33 18 1.00094
33 19 1.00094
33 20 1.00094
33 21 1.00093
33 22 1.00093
33 23 1.00093
33 24 1.00092
33 25 1.00091
33 26 1.00091
33 27 1.0009
33 28 1.00089
33 29 1.00088
33 30 1.00087
33 31 1.00086
33 32 1.00085
33 33 1.00084
33 34 1.00082
33 35 1.0008
33 36 1.00079
33 37 1.00077
33 38 1.00075
33 39 1.00072
33 40 1.0007
33 41 1.00068
33 42 1.00065
33 43 1.00062
33 44 1.00059
33 45 1.00056
33 46 1.00053
33 47 1.0005
33 48 1.00046
33 49 1.00043
33 50 1.00039
33 51 1.00036
33 52 1.00032
33 53 1.00028
33 54 1.00024
33 55 1.00021
33 56 1.00017
33 57 1.00013
33 58 1.00009
33 59 1.00005
33 60 1.00001
33 61 0.999978
33 62 0.999942
33 63 0.999907
33 64 0.999873
33 65 0.99984
33 66 0.999808
33 67 0.999778
33 68 0.999749
33 69 0.999722
33 70 0.999696
33 71 0.999672
33 72 0.99965
33 73 0.99963
33 74 0.999612
33 75 0.999596
33 76 0.999582
33 77 0.999571
33 78 0.999561
33 79 0.999554
33 80 0.999548
33 81 0.999545
33 82 0.999544
33 83 0.999546
33 84 0.999549
33 85 0.999555
33 86 0.999563
33 87 0.999573
33 88 0.999586
33 89 0.9996
33 90 0.999616
33 91 0.999635
33 92 0.999655
33 93 0.999678
33 94 0.999702
33 95 0.999728
33 96 0.999755
33 97 0.999785
33 98 0.999815
33 99 0.999848
33 100 0.999882
33 101 0.999917
33 102 0.999953
33 103 0.99999
33 104 1.00003
33 105 1.00007
33 106 1.00011
33 107 1.00015
33 108 1.00019
33 109 1.00023
33 110 1.00027
33 111 1.00031
33 112 1.00035
33 113 1.00039
33 114 1.00042
33 115 1.00046
33 116 1.0005
33 117 1.00053
33 118 1.00056
33 119 1.00059
33 120 1.00063
33 121 1.00066
33 122 1.00069
33 123 1.00072
33 124 1.00075
33 125 1.00078
33 126 1.00082
33 127 1.00086

34 0 0
34 1 1.00093
34 2 1.00093
34 3 1.00093
34 4 1.00093
34 5 1.00093
34 6 1.00093
34 7 1.00094
34 8 1.00094
34 9 1.00094
34 10 1.00094
34 11 1.00094
34 12 1.00094
34 13 1.00094
34 14 1.00094
34 15 1.00094
34 16 1.00094
34 17 1.00094
34 18 1.00094
34 19 1.00093
34 20 1.00093
34 21 1.00093
34 22 1.00093
34 23 1.00092
34 24 1.00092
34 25 1.00091
34 26 1.0009
34 27 1.0009
34 28 1.00089
34 29 1.00088
34 30 1.00087
34 31 1.00085
34 32 1.00084
34 33 1.00083
34 34 1.00081
34 35 1.00079
34 36 1.00077
34 37 1.00075
34 38 1.00073
34 39 1.00071
34 40 1.00068
34 41 1.00066
34 42 1.00063
34 43 1.0006
34 44 1.00057
34 45 1.00054
34 46 1.0005
34 47 1.00047
34 48 1.00043
34 49 1.0004
34 50 1.00036
34 51 1.00032
34 52 1.00028
34 53 1.00024
34 54 1.0002
34 55 1.00016
34 56 1.00012
34 57 1.00008
34 58 1.00004
34 59 1.00001
34 60 0.999967
34 61 0.999929
34 62 0.999892
34 63 0.999856
34 64 0.999821
34 65 0.999787
34 66 0.999754
34 67 0.999723
34 68 0.999694
34 69 0.999666
34 70 0.99964
34 71 0.999616
34 72 0.999594
34 73 0.999574
34 74 0.999556
34 75 0.99954
34 76 0.999527
34 77 0.999515
34 78 0.999506
34 79 0.999499
34 80 0.999494
34 81 0.999492
34 82 0.999492
34 83 0.999494
34 84 0.999498
34 85 0.999505
34 86 0.999514
34 87 0.999525
34 88 0.999538
34 89 0.999554
34 90 0.999571
34 91 0.999591
34 92 0.999612
34 93 0.999636
34 94 0.999661
34 95 0.999689
34 96 0.999717
34 97 0.999748
34 98 0.99978
34 99 0.999814
34 100 0.999849
34 101 0.999885
34 102 0.999922
34 103 0.99996
34 104 0.999999
34 105 1.00004
34 106 1.00008
34 107 1.00012
34 108 1.00016
34 109 1.0002
34 110 1.00024
34 111 1.00028
34 112 1.00032
34 113 1.00036
34 114 1.0004
34 115 1.00044
34 116 1.00047
34 117 1.00051
34 118 1.00054
34 119 1.00057
34 120 1.0006
34 121 1.00063
34 122 1.00066
34 123 1.00069
34 124 1.00072
34 125 1.00075
34 126 1.00079
34 127 1.00083

35 0 0
35 1 1.00092
35 2 1.00093
35 3 1.00093
35 4 1.00093
35 5 1.00093
35 6 1.00093
35 7 1.00093
35 8 1.00093
35 9 1.00094
35 10 1.00094
35 11 1.00094
35 12 1.00094
35 13 1.00094
35 14 1.00094
35 15 1.00094
35 16 1.00094
35 17 1.00094
35 18 1.00093
35 19 1.00093
35 20 1.00093
35 21 1.00093
35 22 1.00092
35 23 1.00092
35 24 1.00091
35 25 1.00091
35 26 1.0009
35 27 1.00089
35 28 1.00088
35 29 1.00087
35 30 1.00086
35 31 1.00085
35 32 1.00083
35 33 1.00082
35 34 1.0008
35 35 1.00078
35 36 1.00076
35 37 1.00074
35 38 1.00072
35 39 1.00069
35 40 1.00067
35 41 1.00064
35 42 1.00061
35 43 1.00058
35 44 1.00055
35 45 1.00051
35 46 1.00048
35 47 1.00044
35 48 1.0004
35 49 1.00037
35 50 1.00033
35 51 1.00029
35 52 1.00025
35 53 1.0002
35 54 1.00016
35 55 1.00012
35 56 1.00008
35 57 1.00004
35 58 0.999998
35 59 0.999957
35 60 0.999917
35 61 0.999878
35 62 0.99984
35 63 0.999802
35 64 0.999766
35 65 0.999732
35 66 0.999699
35 67 0.999667
35 68 0.999637
35 69 0.999609
35 70 0.999583
35 71 0.999558
35 72 0.999536
35 73 0.999516
35 74 0.999498
35 75 0.999482
35 76 0.999469
35 77 0.999457
35 78 0.999449
35 79 0.999442
35 80 0.999438
35 81 0.999436
35 82 0.999437
35 83 0.999439
35 84 0.999445
35 85 0.999452
35 86 0.999462
35 87 0.999474
35 88 0.999489
35 89 0.999505
35 90 0.999524
35 91 0.999544
35 92 0.999567
35 93 0.999592
35 94 0.999619
35 95 0.999647
35 96 0.999677
35 97 0.999709
35 98 0.999742
35 99 0.999777
35 100 0.999813
35 101 0.99985
35 102 0.999888
35 103 0.999928
35 104 0.999968
35 105 1.00001
35 106 1.00005
35 107 1.00009
35 108 1.00013
35 109 1.00017
35 110 1.00022
35 111 1.00026
35 112 1.0003
35 113 1.00033
35 114 1.00037
35 115 1.00041
35 116 1.00044
35 117 1.00048
35 118 1.00051
35 119 1.00054
35 120 1.00057
35 121 1.0006
35 122 1.00063
35 123 1.00066
35 124 1.00069
35 125 1.00072
35 126 1.00076
35 127 1.00079

36 0 0
36 1 1.00092
36 2 1.00092
36 3 1.00093
36 4 1.00093
36 5 1.00093
36 6 1.00093
36 7 1.00093
36 8 1.00093
36 9 1.00093
36 10 1.00093
36 11 1.00093
36 12 1.00094
36 13 1.00094
36 14 1.00094
36 15 1.00093
36 16 1.00093
36 17 1.00093
36 18 1.00093
36 19 1.00093
36 20 1.00093
36 21 1.00092
36 22 1.00092
36 23 1.00091
36 24 1.00091
36 25 1.0009
36 26 1.00089
36 27 1.00088
36 28 1.00087
36 29 1.00086
36 30 1.00085
36 31 1.00084
36 32 1.00082
36 33 1.00081
36 34 1.00079
36 35 1.00077
36 36 1.00075
36 37 1.00072
36 38 1.0007
36 39 1.00067
36 40 1.00065
36 41 1.00062
36 42 1.00059
36 43 1.00055
36 44 1.00052
36 45 1.00048
36 46 1.00045
36 47 1.00041
36 48 1.00037
36 49 1.00033
36 50 1.00029
36 51 1.00025
36 52 1.00021
36 53 1.00016
36 54 1.00012
36 55 1.00008
36 56 1.00003
36 57 0.999991
36 58 0.999949
36 59 0.999907
36 60 0.999865
36 61 0.999825
36 62 0.999785
36 63 0.999747
36 64 0.99971
36 65 0.999675
36 66 0.999641
36 67 0.999609
36 68 0.999578
36 69 0.99955
36 70 0.999523
36 71 0.999498
36 72 0.999476
36 73 0.999456
36 74 0.999438
36 75 0.999422
36 76 0.999409
36 77 0.999398
36 78 0.999389
36 79 0.999383
36 80 0.99938
36 81 0.999378
36 82 0.99938
36 83 0.999383
36 84 0.999389
36 85 0.999398
36 86 0.999408
36 87 0.999421
36 88 0.999437
36 89 0.999454
36 90 0.999474
36 91 0.999496
36 92 0.99952
36 93 0.999546
36 94 0.999573
36 95 0.999603
36 96 0.999634
36 97 0.999667
36 98 0.999701
36 99 0.999737
36 100 0.999774
36 101 0.999812
36 102 0.999852
36 103 0.999892
36 104 0.999933
36 105 0.999974
36 106 1.00002
36 107 1.00006
36 108 1.0001
36 109 1.00014
36 110 1.00018
36 111 1.00022
36 112 1.00026
36 113 1.0003
36 114 1.00034
36 115 1.00038
36 116 1.00041
36 117 1.00045
36 118 1.00048
36 119 1.00051
36 120 1.00054
36 121 1.00057
36 122 1.0006
36 123 1.00063
36 124 1.00066
36 125 1.00069
36 126 1.00072
36 127 1.00076

37 0 0
37 1 1.00092
37 2 1.00092
37 3 1.00092
37 4 1.00093
37 5 1.00093
37 6 1.00093
37 7 1.00093
37 8 1.00093
37 9 1.00093
37 10 1.00093
37 11 1.00093
37 12 1.00093
37 13 1.00093
37 14 1.00093
37 15 1.00093
37 16 1.00093
37 17 1.00093
37 18 1.00093
37 19 1.00093
37 20 1.00092
37 21 1.00092
37 22 1.00091
37 23 1.00091
37 24 1.0009
37 25 1.00089
37 26 1.00089
37 27 1.00088
37 28 1.00087
37 29 1.00085
37 30 1.00084
37 31 1.00083
37 32 1.00081
37 33 1.00079
37 34 1.00078
37 35 1.00075
37 36 1.00073
37 37 1.00071
37 38 1.00068
37 39 1.00066
37 40 1.00063
37 41 1.0006
37 42 1.00056
37 43 1.00053
37 44 1.00049
37 45 1.00046
37 46 1.00042
37 47 1.00038
37 48 1.00034
37 49 1.0003
37 50 1.00025
37 51 1.00021
37 52 1.00016
37 53 1.00012
37 54 1.00008
37 55 1.00003
37 56 0.999986
37 57 0.999941
37 58 0.999897
37 59 0.999854
37 60 0.999812
37 61 0.99977
37 62 0.999729
37 63 0.99969
37 64 0.999652
37 65 0.999616
37 66 0.999581
37 67 0.999548
37 68 0.999517
37 69 0.999488
37 70 0.999461
37 71 0.999436
37 72 0.999414
37 73 0.999394
37 74 0.999376
37 75 0.99936
37 76 0.999347
37 77 0.999336
37 78 0.999328
37 79 0.999323
37 80 0.999319
37 81 0.999319
37 82 0.999321
37 83 0.999325
37 84 0.999332
37 85 0.999341
37 86 0.999353
37 87 0.999367
37 88 0.999383
37 89 0.999401
37 90 0.999422
37 91 0.999445
37 92 0.99947
37 93 0.999497
37 94 0.999526
37 95 0.999556
37 96 0.999589
37 97 0.999623
37 98 0.999658
37 99 0.999695
37 100 0.999733
37 101 0.999772
37 102 0.999812
37 103 0.999853
37 104 0.999895
37 105 0.999937
37 106 0.999979
37 107 1.00002
37 108 1.00006
37 109 1.00011
37 110 1.00015
37 111 1.00019
37 112 1.00023
37 113 1.00027
37 114 1.00031
37 115 1.00034
37 116 1.00038
37 117 1.00041
37 118 1.00044
37 119 1.00047
37 120 1.0005
37 121 1.00053
37 122 1.00056
37 123 1.00059
37 124 1.00062
37 125 1.00065
37 126 1.00068
37 127 1.00072

38 0 0
38 1 1.00092
38 2 1.00092
38 3 1.00092
38 4 1.00092
38 5 1.00092
38 6 1.00093
38 7 1.00093
38 8 1.00093
38 9 1.00093
38 10 1.00093
38 11 1.00093
38 12 1.00093
38 13 1.00093
38 14 1.00093
38 15 1.00093
38 16 1.00093
38 17 1.00093
38 18 1.00092
38 19 1.00092
38 20 1.00092
38 21 1.00091
38 22 1.00091
38 23 1.0009
38 24 1.0009
38 25 1.00089
38 26 1.00088
38 27 1.00087
38 28 1.00086
38 29 1.00085
38 30 1.00083
38 31 1.00082
38 32 1.0008
38 33 1.00078
38 34 1.00076
38 35 1.00074
38 36 1.00072
38 37 1.00069
38 38 1.00066
38 39 1.00064
38 40 1.00061
38 41 1.00057
38 42 1.00054
38 43 1.0005
38 44 1.00047
38 45 1.00043
38 46 1.00039
38 47 1.00034
38 48 1.0003
38 49 1.00026
38 50 1.00021
38 51 1.00017
38 52 1.00012
38 53 1.00008
38 54 1.00003
38 55 0.999983
38 56 0.999936
38 57 0.99989
38 58 0.999845
38 59 0.9998
38 60 0.999756
38 61 0.999713
38 62 0.999672
38 63 0.999631
38 64 0.999592
38 65 0.999555
38 66 0.99952
38 67 0.999486
38 68 0.999455
38 69 0.999425
38 70 0.999398
38 71 0.999373
38 72 0.99935
38 73 0.99933
38 74 0.999312
38 75 0.999296
38 76 0.999284
38 77 0.999273
38 78 0.999265
38 79 0.99926
38 80 0.999258
38 81 0.999257
38 82 0.99926
38 83 0.999265
38 84 0.999272
38 85 0.999282
38 86 0.999295
38 87 0.99931
38 88 0.999327
38 89 0.999347
38 90 0.999368
38 91 0.999392
38 92 0.999418
38 93 0.999446
38 94 0.999476
38 95 0.999508
38 96 0.999541
38 97 0.999576
38 98 0.999612
38 99 0.99965
38 100 0.999689
38 101 0.999729
38 102 0.99977
38 103 0.999812
38 104 0.999854
38 105 0.999897
38 106 0.99994
38 107 0.999983
38 108 1.00003
38 109 1.00007
38 110 1.00011
38 111 1.00015
38 112 1.00019
38 113 1.00023
38 114 1.00027
38 115 1.00031
38 116 1.00034
38 117 1.00037
38 118 1.0004
38 119 1.00044
38 120 1.00046
38 121 1.00049
38 122 1.00052
38 123 1.00055
38 124 1.00058
38 125 1.00061
38 126 1.00064
38 127 1.00067

39 0 0
39 1 1.00092
39 2 1.00092
39 3 1.00092
39 4 1.00092
39 5 1.00092
39 6 1.00092
39 7 1.00093
39 8 1.00093
39 9 1.00093
39 10 1.00093
39 11 1.00093
39 12 1.00093
39 13 1.00093
39 14 1.00093
39 15 1.00093
39 16 1.00093
39 17 1.00092
39 18 1.00092
39 19 1.00092
39 20 1.00091
39 21 1.00091
39 22 1.0009
39 23 1.0009
39 24 1.00089
39 25 1.00088
39 26 1.00087
39 27 1.00086
39 28 1.00085
39 29 1.00084
39 30 1.00082
39 31 1.00081
39 32 1.00079
39 33 1.00077
39 34 1.00075
39 35 1.00073
39 36 1.0007
39 37 1.00067
39 38 1.00065
39 39 1.00062
39 40 1.00058
39 41 1.00055
39 42 1.00051
39 43 1.00048
39 44 1.00044
39 45 1.0004
39 46 1.00035
39 47 1.00031
39 48 1.00027
39 49 1.00022
39 50 1.00017
39 51 1.00013
39 52 1.00008
39 53 1.00003
39 54 0.999981
39 55 0.999933
39 56 0.999885
39 57 0.999837
39 58 0.99979
39 59 0.999744
39 60 0.999699
39 61 0.999655
39 62 0.999612
39 63 0.999571
39 64 0.999531
39 65 0.999493
39 66 0.999457
39 67 0.999423
39 68 0.999391
39 69 0.999361
39 70 0.999333
39 71 0.999308
39 72 0.999285
39 73 0.999265
39 74 0.999247
39 75 0.999231
39 76 0.999219
39 77 0.999209
39 78 0.999201
39 79 0.999196
39 80 0.999194
39 81 0.999195
39 82 0.999198
39 83 0.999203
39 84 0.999212
39 85 0.999222
39 86 0.999236
39 87 0.999251
39 88 0.999269
39 89 0.99929
39 90 0.999313
39 91 0.999337
39 92 0.999364
39 93 0.999393
39 94 0.999424
39 95 0.999457
39 96 0.999491
39 97 0.999527
39 98 0.999564
39 99 0.999603
39 100 0.999643
39 101 0.999684
39 102 0.999725
39 103 0.999768
39 104 0.999811
39 105 0.999854
39 106 0.999897
39 107 0.999941
39 108 0.999984
39 109 1.00003
39 110 1.00007
39 111 1.00011
39 112 1.00015
39 113 1.00019
39 114 1.00023
39 115 1.00026
39 116 1.0003
39 117 1.00033
39 118 1.00036
39 119 1.00039
39 120 1.00042
39 121 1.00045
39 122 1.00048
39 123 1.0005
39 124 1.00053
39 125 1.00056
39 126 1.00059
39 127 1.00063

40 0 0
40 1 1.00091
40 2 1.00092
40 3 1.00092
40 4 1.00092
40 5 1.00092
40 6 1.00092
40 7 1.00092
40 8 1.00092
40 9 1.00093
40 10 1.00093
40 11 1.00093
40 12 1.00093
40 13 1.00093
40 14 1.00093
40 15 1.00092
40 16 1.00092
40 17 1.00092
40 18 1.00092
40 19 1.00091
40 20 1.00091
40 21 1.00091
40 22 1.0009
40 23 1.00089
40 24 1.00089
40 25 1.00088
40 26 1.00087
40 27 1.00086
40 28 1.00084
40 29 1.00083
40 30 1.00081
40 31 1.0008
40 32 1.00078
40 33 1.00076
40 34 1.00074
40 35 1.00071
40 36 1.00069
40 37 1.00066
40 38 1.00063
40 39 1.00059
40 40 1.00056
40 41 1.00053
40 42 1.00049
40 43 1.00045
40 44 1.00041
40 45 1.00036
40 46 1.00032
40 47 1.00027
40 48 1.00023
40 49 1.00018
40 50 1.00013
40 51 1.00008
40 52 1.00003
40 53 0.999982
40 54 0.999932
40 55 0.999882
40 56 0.999832
40 57 0.999783
40 58 0.999735
40 59 0.999687
40 60 0.99964
40 61 0.999595
40 62 0.999551
40 63 0.999509
40 64 0.999468
40 65 0.999429
40 66 0.999393
40 67 0.999358
40 68 0.999325
40 69 0.999295
40 70 0.999267
40 71 0.999241
40 72 0.999218
40 73 0.999198
40 74 0.99918
40 75 0.999165
40 76 0.999152
40 77 0.999143
40 78 0.999136
40 79 0.999131
40 80 0.999129
40 81 0.99913
40 82 0.999134
40 83 0.99914
40 84 0.999149
40 85 0.999161
40 86 0.999175
40 87 0.999191
40 88 0.99921
40 89 0.999232
40 90 0.999255
40 91 0.999281
40 92 0.999309
40 93 0.999339
40 94 0.99937
40 95 0.999404
40 96 0.999439
40 97 0.999476
40 98 0.999514
40 99 0.999554
40 100 0.999594
40 101 0.999636
40 102 0.999678
40 103 0.999721
40 104 0.999765
40 105 0.999808
40 106 0.999852
40 107 0.999896
40 108 0.999939
40 109 0.999982
40 110 1.00002
40 111 1.00007
40 112 1.00011
40 113 1.00015
40 114 1.00018
40 115 1.00022
40 116 1.00025
40 117 1.00029
40 118 1.00032
40 119 1.00035
40 120 1.00038
40 121 1.0004
40 122 1.00043
40 123 1.00046
40 124 1.00049
40 125 1.00051
40 126 1.00054
40 127 1.00058

41 0 0
41 1 1.00091
41 2 1.00091
41 3 1.00092
41 4 1.00092
41 5 1.00092
41 6 1.00092
41 7 1.00092
41 8 1.00092
41 9 1.00092
41 10 1.00092
41 11 1.00092
41 12 1.00092
41 13 1.00092
41 14 1.00092
41 15 1.00092
41 16 1.00092
41 17 1.00092
41 18 1.00092
41 19 1.00091
41 20 1.00091
41 21 1.0009
41 22 1.0009
41 23 1.00089
41 24 1.00088
41 25 1.00087
41 26 1.00086
41 27 1.00085
41 28 1.00084
41 29 1.00082
41 30 1.00081
41 31 1.00079
41 32 1.00077
41 33 1.00075
41 34 1.00072
41 35 1.0007
41 36 1.00067
41 37 1.00064
41 38 1.00061
41 39 1.00057
41 40 1.00054
41 41 1.0005
41 42 1.00046
41 43 1.00042
41 44 1.00038
41 45 1.00033
41 46 1.00028
41 47 1.00024
41 48 1.00019
41 49 1.00014
41 50 1.00009
41 51 1.00004
41 52 0.999985
41 53 0.999933
41 54 0.999881
41 55 0.99983
41 56 0.999778
41 57 0.999727
41 58 0.999677
41 59 0.999628
41 60 0.999581
41 61 0.999534
41 62 0.999489
41 63 0.999446
41 64 0.999404
41 65 0.999365
41 66 0.999327
41 67 0.999292
41 68 0.999259
41 69 0.999228
41 70 0.9992
41 71 0.999174
41 72 0.999151
41 73 0.99913
41 74 0.999113
41 75 0.999098
41 76 0.999085
41 77 0.999076
41 78 0.999069
41 79 0.999065
41 80 0.999064
41 81 0.999065
41 82 0.999069
41 83 0.999076
41 84 0.999086
41 85 0.999098
41 86 0.999113
41 87 0.99913
41 88 0.99915
41 89 0.999172
41 90 0.999196
41 91 0.999223
41 92 0.999252
41 93 0.999282
41 94 0.999315
41 95 0.999349
41 96 0.999385
41 97 0.999423
41 98 0.999462
41 99 0.999502
41 100 0.999543
41 101 0.999586
41 102 0.999629
41 103 0.999672
41 104 0.999716
41 105 0.99976
41 106 0.999805
41 107 0.999849
41 108 0.999892
41 109 0.999936
41 110 0.999978
41 111 1.00002
41 112 1.00006
41 113 1.0001
41 114 1.00014
41 115 1.00017
41 116 1.00021
41 117 1.00024
41 118 1.00027
41 119 1.0003
41 120 1.00033
41 121 1.00036
41 122 1.00038
41 123 1.00041
41 124 1.00044
41 125 1.00046
41 126 1.00049
41 127 1.00052

42 0 0
42 1 1.00091
42 2 1.00091
42 3 1.00091
42 4 1.00092
42 5 1.00092
42 6 1.00092
42 7 1.00092
42 8 1.00092
42 9 1.00092
42 10 1.00092
42 11 1.00092
42 12 1.00092
42 13 1.00092
42 14 1.00092
42 15 1.00092
42 16 1.00092
42 17 1.00092
42 18 1.00091
42 19 1.00091
42 20 1.0009
42 21 1.0009
42 22 1.00089
42 23 1.00088
42 24 1.00088
42 25 1.00087
42 26 1.00085
42 27 1.00084
42 28 1.00083
42 29 1.00081
42 30 1.0008
42 31 1.00078
42 32 1.00076
42 33 1.00073
42 34 1.00071
42 35 1.00068
42 36 1.00065
42 37 1.00062
42 38 1.00059
42 39 1.00055
42 40 1.00051
42 41 1.00047
42 42 1.00043
42 43 1.00039
42 44 1.00034
42 45 1.0003
42 46 1.00025
42 47 1.0002
42 48 1.00015
42 49 1.0001
42 50 1.00004
42 51 0.999991
42 52 0.999937
42 53 0.999883
42 54 0.99983
42 55 0.999776
42 56 0.999723
42 57 0.999671
42 58 0.999619
42 59 0.999569
42 60 0.99952
42 61 0.999472
42 62 0.999426
42 63 0.999382
42 64 0.999339
42 65 0.999299
42 66 0.999261
42 67 0.999225
42 68 0.999191
42 69 0.99916
42 70 0.999132
42 71 0.999106
42 72 0.999083
42 73 0.999062
42 74 0.999044
42 75 0.999029
42 76 0.999017
42 77 0.999008
42 78 0.999001
42 79 0.998998
42 80 0.998997
42 81 0.998999
42 82 0.999004
42 83 0.999011
42 84 0.999021
42 85 0.999034
42 86 0.99905
42 87 0.999068
42 88 0.999088
42 89 0.999111
42 90 0.999136
42 91 0.999163
42 92 0.999193
42 93 0.999224
42 94 0.999258
42 95 0.999293
42 96 0.99933
42 97 0.999368
42 98 0.999408
42 99 0.999449
42 100 0.999491
42 101 0.999534
42 102 0.999577
42 103 0.999621
42 104 0.999666
42 105 0.99971
42 106 0.999755
42 107 0.999799
42 108 0.999843
42 109 0.999886
42 110 0.999929
42 111 0.99997
42 112 1.00001
42 113 1.00005
42 114 1.00009
42 115 1.00012
42 116 1.00016
42 117 1.00019
42 118 1.00022
42 119 1.00025
42 120 1.00028
42 121 1.0003
42 122 1.00033
42 123 1.00036
42 124 1.00038
42 125 1.00041
42 126 1.00044
42 127 1.00047

43 0 0
43 1 1.00091
43 2 1.00091
43 3 1.00091
43 4 1.00091
43 5 1.00092
43 6 1.00092
43 7 1.00092
43 8 1.00092
43 9 1.00092
43 10 1.00092
43 11 1.00092
43 12 1.00092
43 13 1.00092
43 14 1.00092
43 15 1.00092
43 16 1.00091
43 17 1.00091
43 18 1.00091
43 19 1.0009
43 20 1.0009
43 21 1.00089
43 22 1.00089
43 23 1.00088
43 24 1.00087
43 25 1.00086
43 26 1.00085
43 27 1.00084
43 28 1.00082
43 29 1.0008
43 30 1.00079
43 31 1.00077
43 32 1.00074
43 33 1.00072
43 34 1.00069
43 35 1.00066
43 36 1.00063
43 37 1.0006
43 38 1.00057
43 39 1.00053
43 40 1.00049
43 41 1.00045
43 42 1.0004
43 43 1.00036
43 44 1.00031
43 45 1.00026
43 46 1.00021
43 47 1.00016
43 48 1.00011
43 49 1.00005
43 50 0.999999
43 51 0.999944
43 52 0.999888
43 53 0.999832
43 54 0.999777
43 55 0.999722
43 56 0.999667
43 57 0.999613
43 58 0.99956
43 59 0.999508
43 60 0.999458
43 61 0.999409
43 62 0.999362
43 63 0.999317
43 64 0.999274
43 65 0.999232
43 66 0.999194
43 67 0.999157
43 68 0.999123
43 69 0.999092
43 70 0.999063
43 71 0.999037
43 72 0.999014
43 73 0.998993
43 74 0.998975
43 75 0.998961
43 76 0.998949
43 77 0.998939
43 78 0.998933
43 79 0.99893
43 80 0.99893
43 81 0.998932
43 82 0.998937
43 83 0.998945
43 84 0.998956
43 85 0.998969
43 86 0.998986
43 87 0.999004
43 88 0.999025
43 89 0.999049
43 90 0.999075
43 91 0.999103
43 92 0.999133
43 93 0.999165
43 94 0.9992
43 95 0.999235
43 96 0.999273
43 97 0.999312
43 98 0.999352
43 99 0.999394
43 100 0.999436
43 101 0.99948
43 102 0.999524
43 103 0.999568
43 104 0.999613
43 105 0.999658
43 106 0.999703
43 107 0.999747
43 108 0.999792
43 109 0.999835
43 110 0.999877
43 111 0.999919
43 112 0.999959
43 113 0.999998
43 114 1.00003
43 115 1.00007
43 116 1.0001
43 117 1.00014
43 118 1.00017
43 119 1.0002
43 120 1.00022
43 121 1.00025
43 122 1.00028
43 123 1.0003
43 124 1.00033
43 125 1.00036
43 126 1.00038
43 127 1.00041

44 0 0
44 1 1.00091
44 2 1.00091
44 3 1.00091
44 4 1.00091
44 5 1.00091
44 6 1.00092
44 7 1.00092
44 8 1.00092
44 9 1.00092
44 10 1.00092
44 11 1.00092
44 12 1.00092
44 13 1.00092
44 14 1.00092
44 15 1.00091
44 16 1.00091
44 17 1.00091
44 18 1.00091
44 19 1.0009
44 20 1.0009
44 21 1.00089
44 22 1.00088
44 23 1.00087
44 24 1.00086
44 25 1.00085
44 26 1.00084
44 27 1.00083
44 28 1.00081
44 29 1.00079
44 30 1.00078
44 31 1.00075
44 32 1.00073
44 33 1.00071
44 34 1.00068
44 35 1.00065
44 36 1.00062
44 37 1.00058
44 38 1.00054
44 39 1.00051
44 40 1.00046
44 41 1.00042
44 42 1.00038
44 43 1.00033
44 44 1.00028
44 45 1.00023
44 46 1.00018
44 47 1.00012
44 48 1.00007
44 49 1.00001
44 50 0.999953
44 51 0.999896
44 52 0.999838
44 53 0.999781
44 54 0.999723
44 55 0.999666
44 56 0.99961
44 57 0.999555
44 58 0.9995
44 59 0.999447
44 60 0.999396
44 61 0.999346
44 62 0.999297
44 63 0.999251
44 64 0.999207
44 65 0.999166
44 66 0.999126
44 67 0.999089
44 68 0.999055
44 69 0.999023
44 70 0.998994
44 71 0.998968
44 72 0.998944
44 73 0.998924
44 74 0.998906
44 75 0.998891
44 76 0.99888
44 77 0.998871
44 78 0.998865
44 79 0.998862
44 80 0.998862
44 81 0.998865
44 82 0.99887
44 83 0.998879
44 84 0.99889
44 85 0.998904
44 86 0.998921
44 87 0.99894
44 88 0.998962
44 89 0.998986
44 90 0.999013
44 91 0.999041
44 92 0.999072
44 93 0.999105
44 94 0.99914
44 95 0.999177
44 96 0.999215
44 97 0.999254
44 98 0.999295
44 99 0.999337
44 100 0.99938
44 101 0.999424
44 102 0.999469
44 103 0.999514
44 104 0.999559
44 105 0.999604
44 106 0.999649
44 107 0.999694
44 108 0.999738
44 109 0.999781
44 110 0.999824
44 111 0.999865
44 112 0.999905
44 113 0.999944
44 114 0.999981
44 115 1.00002
44 116 1.00005
44 117 1.00008
44 118 1.00011
44 119 1.00014
44 120 1.00017
44 121 1.0002
44 122 1.00022
44 123 1.00025
44 124 1.00027
44 125 1.0003
44 126 1.00033
44 127 1.00035

45 0 0
45 1 1.00091
45 2 1.00091
45 3 1.00091
45 4 1.00091
45 5 1.00091
45 6 1.00091
45 7 1.00092
45 8 1.00092
45 9 1.00092
45 10 1.00092
45 11 1.00092
45 12 1.00092
45 13 1.00092
45 14 1.00091
45 15 1.00091
45 16 1.00091
45 17 1.00091
45 18 1.0009
45 19 1.0009
45 20 1.00089
45 21 1.00089
45 22 1.00088
45 23 1.00087
45 24 1.00086
45 25 1.00085
45 26 1.00083
45 27 1.00082
45 28 1.0008
45 29 1.00079
45 30 1.00077
45 31 1.00074
45 32 1.00072
45 33 1.00069
45 34 1.00066
45 35 1.00063
45 36 1.0006
45 37 1.00056
45 38 1.00052
45 39 1.00048
45 40 1.00044
45 41 1.00039
45 42 1.00035
45 43 1.0003
45 44 1.00025
45 45 1.00019
45 46 1.00014
45 47 1.00008
45 48 1.00002
45 49 0.999966
45 50 0.999907
45 51 0.999847
45 52 0.999788
45 53 0.999728
45 54 0.999669
45 55 0.99961
45 56 0.999553
45 57 0.999496
45 58 0.99944
45 59 0.999385
45 60 0.999333
45 61 0.999282
45 62 0.999233
45 63 0.999186
45 64 0.999141
45 65 0.999098
45 66 0.999058
45 67 0.999021
45 68 0.998986
45 69 0.998954
45 70 0.998925
45 71 0.998899
45 72 0.998875
45 73 0.998855
45 74 0.998837
45 75 0.998822
45 76 0.998811
45 77 0.998802
45 78 0.998796
45 79 0.998794
45 80 0.998794
45 81 0.998797
45 82 0.998803
45 83 0.998812
45 84 0.998824
45 85 0.998839
45 86 0.998856
45 87 0.998876
45 88 0.998898
45 89 0.998923
45 90 0.99895
45 91 0.998979
45 92 0.999011
45 93 0.999044
45 94 0.99908
45 95 0.999117
45 96 0.999156
45 97 0.999196
45 98 0.999237
45 99 0.99928
45 100 0.999323
45 101 0.999368
45 102 0.999413
45 103 0.999458
45 104 0.999503
45 105 0.999549
45 106 0.999594
45 107 0.999639
45 108 0.999683
45 109 0.999726
45 110 0.999769
45 111 0.99981
45 112 0.99985
45 113 0.999888
45 114 0.999925
45 115 0.99996
45 116 0.999994
45 117 1.00003
45 118 1.00006
45 119 1.00008
45 120 1.00011
45 121 1.00014
45 122 1.00016
45 123 1.00019
45 124 1.00021
45 125 1.00024
45 126 1.00027
45 127 1.00029

46 0 0
46 1 1.00091
46 2 1.00091
46 3 1.00091
46 4 1.00091
46 5 1.00091
46 6 1.00091
46 7 1.00091
46 8 1.00091
46 9 1.00092
46 10 1.00092
46 11 1.00091
46 12 1.00091
46 13 1.00091
46 14 1.00091
46 15 1.00091
46 16 1.00091
46 17 1.0009
46 18 1.0009
46 19 1.00089
46 20 1.00089
46 21 1.00088
46 22 1.00087
46 23 1.00086
46 24 1.00085
46 25 1.00084
46 26 1.00083
46 27 1.00081
46 28 1.0008
46 29 1.00078
46 30 1.00076
46 31 1.00073
46 32 1.00071
46 33 1.00068
46 34 1.00065
46 35 1.00061
46 36 1.00058
46 37 1.00054
46 38 1.0005
46 39 1.00046
46 40 1.00041
46 41 1.00037
46 42 1.00032
46 43 1.00026
46 44 1.00021
46 45 1.00016
46 46 1.0001
46 47 1.00004
46 48 0.999981
46 49 0.999921
46 50 0.99986
46 51 0.999798
46 52 0.999737
46 53 0.999676
46 54 0.999615
46 55 0.999554
46 56 0.999495
46 57 0.999436
46 58 0.999379
46 59 0.999324
46 60 0.99927
46 61 0.999218
46 62 0.999168
46 63 0.99912
46 64 0.999074
46 65 0.999031
46 66 0.998991
46 67 0.998953
46 68 0.998918
46 69 0.998886
46 70 0.998856
46 71 0.99883
46 72 0.998806
46 73 0.998786
46 74 0.998768
46 75 0.998753
46 76 0.998742
46 77 0.998734
46 78 0.998728
46 79 0.998726
46 80 0.998726
46 81 0.99873
46 82 0.998736
46 83 0.998746
46 84 0.998758
46 85 0.998773
46 86 0.998791
46 87 0.998811
46 88 0.998834
46 89 0.998859
46 90 0.998887
46 91 0.998917
46 92 0.998949
46 93 0.998983
46 94 0.999019
46 95 0.999056
46 96 0.999096
46 97 0.999136
46 98 0.999178
46 99 0.999221
46 100 0.999265
46 101 0.99931
46 102 0.999355
46 103 0.999401
46 104 0.999446
46 105 0.999492
46 106 0.999537
46 107 0.999582
46 108 0.999626
46 109 0.99967
46 110 0.999712
46 111 0.999753
46 112 0.999793
46 113 0.999831
46 114 0.999868
46 115 0.999903
46 116 0.999936
46 117 0.999967
46 118 0.999997
46 119 1.00003
46 120 1.00005
46 121 1.00008
46 122 1.0001
46 123 1.00013
46 124 1.00016
46 125 1.00018
46 126 1.00021
46 127 1.00023

47 0 0
47 1 1.0009
47 2 1.00091
47 3 1.00091
47 4 1.00091
47 5 1.00091
47 6 1.00091
47 7 1.00091
47 8 1.00091
47 9 1.00091
47 10 1.00091
47 11 1.00091
47 12 1.00091
47 13 1.00091
47 14 1.00091
47 15 1.00091
47 16 1.0009
47 17 1.0009
47 18 1.0009
47 19 1.00089
47 20 1.00089
47 21 1.00088
47 22 1.00087
47 23 1.00086
47 24 1.00085
47 25 1.00084
47 26 1.00082
47 27 1.00081
47 28 1.00079
47 29 1.00077
47 30 1.00074
47 31 1.00072
47 32 1.00069
47 33 1.00066
47 34 1.00063
47 35 1.0006
47 36 1.00056
47 37 1.00052
47 38 1.00048
47 39 1.00043
47 40 1.00039
47 41 1.00034
47 42 1.00029
47 43 1.00023
47 44 1.00018
47 45 1.00012
47 46 1.00006
47 47 0.999999
47 48 0.999938
47 49 0.999875
47 50 0.999812
47 51 0.999749
47 52 0.999686
47 53 0.999623
47 54 0.99956
47 55 0.999498
47 56 0.999437
47 57 0.999377
47 58 0.999319
47 59 0.999262
47 60 0.999207
47 61 0.999154
47 62 0.999103
47 63 0.999054
47 64 0.999008
47 65 0.998965
47 66 0.998924
47 67 0.998886
47 68 0.99885
47 69 0.998818
47 70 0.998788
47 71 0.998761
47 72 0.998738
47 73 0.998717
47 74 0.9987
47 75 0.998685
47 76 0.998674
47 77 0.998665
47 78 0.99866
47 79 0.998658
47 80 0.998659
47 81 0.998663
47 82 0.99867
47 83 0.998679
47 84 0.998692
47 85 0.998707
47 86 0.998726
47 87 0.998746
47 88 0.99877
47 89 0.998795
47 90 0.998824
47 91 0.998854
47 92 0.998886
47 93 0.998921
47 94 0.998957
47 95 0.998995
47 96 0.999035
47 97 0.999076
47 98 0.999119
47 99 0.999162
47 100 0.999206
47 101 0.999251
47 102 0.999297
47 103 0.999342
47 104 0.999388
47 105 0.999434
47 106 0.999479
47 107 0.999524
47 108 0.999569
47 109 0.999612
47 110 0.999654
47 111 0.999695
47 112 0.999735
47 113 0.999773
47 114 0.999809
47 115 0.999844
47 116 0.999877
47 117 0.999908
47 118 0.999938
47 119 0.999966
47 120 0.999993
47 121 1.00002
47 122 1.00004
47 123 1.00007
47 124 1.00009
47 125 1.00012
47 126 1.00014
47 127 1.00017

48 0 0
48 1 1.0009
48 2 1.00091
48 3 1.00091
48 4 1.00091
48 5 1.00091
48 6 1.00091
48 7 1.00091
48 8 1.00091
48 9 1.00091
48 10 1.00091
48 11 1.00091
48 12 1.00091
48 13 1.00091
48 14 1.00091
48 15 1.00091
48 16 1.0009
48 17 1.0009
48 18 1.00089
48 19 1.00089
48 20 1.00088
48 21 1.00087
48 22 1.00087
48 23 1.00086
48 24 1.00084
48 25 1.00083
48 26 1.00081
48 27 1.0008
48 28 1.00078
48 29 1.00076
48 30 1.00073
48 31 1.00071
48 32 1.00068
48 33 1.00065
48 34 1.00062
48 35 1.00058
48 36 1.00054
48 37 1.0005
48 38 1.00046
48 39 1.00041
48 40 1.00036
48 41 1.00031
48 42 1.00026
48 43 1.0002
48 44 1.00014
48 45 1.00008
48 46 1.00002
48 47 0.999958
48 48 0.999894
48 49 0.99983
48 50 0.999765
48 51 0.9997
48 52 0.999634
48 53 0.999569
48 54 0.999505
48 55 0.999442
48 56 0.999379
48 57 0.999318
48 58 0.999258
48 59 0.9992
48 60 0.999144
48 61 0.99909
48 62 0.999039
48 63 0.998989
48 64 0.998943
48 65 0.998899
48 66 0.998857
48 67 0.998819
48 68 0.998783
48 69 0.99875
48 70 0.99872
48 71 0.998694
48 72 0.99867
48 73 0.998649
48 74 0.998632
48 75 0.998617
48 76 0.998606
48 77 0.998598
48 78 0.998593
48 79 0.998591
48 80 0.998592
48 81 0.998596
48 82 0.998604
48 83 0.998614
48 84 0.998627
48 85 0.998642
48 86 0.998661
48 87 0.998682
48 88 0.998706
48 89 0.998732
48 90 0.99876
48 91 0.998791
48 92 0.998824
48 93 0.998859
48 94 0.998896
48 95 0.998934
48 96 0.998974
48 97 0.999016
48 98 0.999058
48 99 0.999102
48 100 0.999147
48 101 0.999192
48 102 0.999238
48 103 0.999284
48 104 0.99933
48 105 0.999375
48 106 0.999421
48 107 0.999466
48 108 0.99951
48 109 0.999553
48 110 0.999595
48 111 0.999636
48 112 0.999675
48 113 0.999713
48 114 0.999749
48 115 0.999784
48 116 0.999817
48 117 0.999848
48 118 0.999877
48 119 0.999905
48 120 0.999932
48 121 0.999958
48 122 0.999983
48 123 1.00001
48 124 1.00003
48 125 1.00006
48 126 1.00008
48 127 1.00011

49 0 0
49 1 1.0009
49 2 1.0009
49 3 1.00091
49 4 1.00091
49 5 1.00091
49 6 1.00091
49 7 1.00091
49 8 1.00091
49 9 1.00091
49 10 1.00091
49 11 1.00091
49 12 1.00091
49 13 1.00091
49 14 1.00091
49 15 1.0009
49 16 1.0009
49 17 1.0009
49 18 1.00089
49 19 1.00089
49 20 1.00088
49 21 1.00087
49 22 1.00086
49 23 1.00085
49 24 1.00084
49 25 1.00082
49 26 1.00081
49 27 1.00079
49 28 1.00077
49 29 1.00075
49 30 1.00072
49 31 1.0007
49 32 1.00067
49 33 1.00064
49 34 1.0006
49 35 1.00056
49 36 1.00052
49 37 1.00048
49 38 1.00043
49 39 1.00039
49 40 1.00034
49 41 1.00028
49 42 1.00023
49 43 1.00017
49 44 1.00011
49 45 1.00005
49 46 0.999982
49 47 0.999917
49 48 0.999851
49 49 0.999784
49 50 0.999717
49 51 0.99965
49 52 0.999583
49 53 0.999517
49 54 0.999451
49 55 0.999385
49 56 0.999322
49 57 0.999259
49 58 0.999198
49 59 0.999139
49 60 0.999082
49 61 0.999028
49 62 0.998975
49 63 0.998925
49 64 0.998878
49 65 0.998833
49 66 0.998791
49 67 0.998753
49 68 0.998717
49 69 0.998684
49 70 0.998654
49 71 0.998627
49 72 0.998603
49 73 0.998583
49 74 0.998565
49 75 0.998551
49 76 0.99854
49 77 0.998532
49 78 0.998527
49 79 0.998525
49 80 0.998527
49 81 0.998531
49 82 0.998538
49 83 0.998549
49 84 0.998562
49 85 0.998578
49 86 0.998597
49 87 0.998618
49 88 0.998642
49 89 0.998669
49 90 0.998698
49 91 0.998729
49 92 0.998762
49 93 0.998797
49 94 0.998834
49 95 0.998873
49 96 0.998914
49 97 0.998955
49 98 0.998998
49 99 0.999042
49 100 0.999087
49 101 0.999132
49 102 0.999178
49 103 0.999224
49 104 0.99927
49 105 0.999316
49 106 0.999362
49 107 0.999407
49 108 0.999451
49 109 0.999494
49 110 0.999536
49 111 0.999576
49 112 0.999615
49 113 0.999653
49 114 0.999689
49 115 0.999723
49 116 0.999755
49 117 0.999786
49 118 0.999816
49 119 0.999844
49 120 0.99987
49 121 0.999896
49 122 0.999921
49 123 0.999945
49 124 0.999969
49 125 0.999993
49 126 1.00002
49 127 1.00004

50 0 0
50 1 1.0009
50 2 1.0009
50 3 1.00091
50 4 1.00091
50 5 1.00091
50 6 1.00091
50 7 1.00091
50 8 1.00091
50 9 1.00091
50 10 1.00091
50 11 1.00091
50 12 1.00091
50 13 1.00091
50 14 1.0009
50 15 1.0009
50 16 1.0009
50 17 1.00089
50 18 1.00089
50 19 1.00088
50 20 1.00088
50 21 1.00087
50 22 1.00086
50 23 1.00085
50 24 1.00083
50 25 1.00082
50 26 1.0008
50 27 1.00078
50 28 1.00076
50 29 1.00074
50 30 1.00071
50 31 1.00069
50 32 1.00066
50 33 1.00062
50 34 1.00059
50 35 1.00055
50 36 1.00051
50 37 1.00046
50 38 1.00041
50 39 1.00036
50 40 1.00031
50 41 1.00025
50 42 1.00019
50 43 1.00013
50 44 1.00007
50 45 1.00001
50 46 0.999942
50 47 0.999876
50 48 0.999808
50 49 0.999739
50 50 0.99967
50 51 0.999601
50 52 0.999532
50 53 0.999464
50 54 0.999396
50 55 0.99933
50 56 0.999265
50 57 0.999201
50 58 0.999139
50 59 0.999079
50 60 0.999021
50 61 0.998966
50 62 0.998912
50 63 0.998862
50 64 0.998814
50 65 0.998769
50 66 0.998727
50 67 0.998688
50 68 0.998651
50 69 0.998618
50 70 0.998588
50 71 0.998561
50 72 0.998538
50 73 0.998517
50 74 0.9985
50 75 0.998486
50 76 0.998475
50 77 0.998467
50 78 0.998462
50 79 0.99846
50 80 0.998462
50 81 0.998467
50 82 0.998474
50 83 0.998485
50 84 0.998498
50 85 0.998514
50 86 0.998534
50 87 0.998555
50 88 0.99858
50 89 0.998606
50 90 0.998636
50 91 0.998667
50 92 0.998701
50 93 0.998736
50 94 0.998773
50 95 0.998812
50 96 0.998853
50 97 0.998895
50 98 0.998938
50 99 0.998982
50 100 0.999027
50 101 0.999073
50 102 0.999119
50 103 0.999165
50 104 0.999211
50 105 0.999257
50 106 0.999302
50 107 0.999347
50 108 0.999391
50 109 0.999434
50 110 0.999476
50 111 0.999516
50 112 0.999555
50 113 0.999592
50 114 0.999628
50 115 0.999662
50 116 0.999694
50 117 0.999725
50 118 0.999754
50 119 0.999781
50 120 0.999808
50 121 0.999833
50 122 0.999858
50 123 0.999882
50 124 0.999906
50 125 0.99993
50 126 0.999953
50 127 0.999976

51 0 0
51 1 1.0009
51 2 1.0009
51 3 1.00091
51 4 1.00091
51 5 1.00091
51 6 1.00091
51 7 1.00091
51 8 1.00091
51 9 1.00091
51 10 1.00091
51 11 1.00091
51 12 1.00091
51 13 1.0009
51 14 1.0009
51 15 1.0009
51 16 1.0009
51 17 1.00089
51 18 1.00089
51 19 1.00088
51 20 1.00087
51 21 1.00086
51 22 1.00085
51 23 1.00084
51 24 1.00083
51 25 1.00081
51 26 1.0008
51 27 1.00078
51 28 1.00075
51 29 1.00073
51 30 1.0007
51 31 1.00068
51 32 1.00064
51 33 1.00061
51 34 1.00057
51 35 1.00053
51 36 1.00049
51 37 1.00044
51 38 1.00039
51 39 1.00034
51 40 1.00028
51 41 1.00022
51 42 1.00016
51 43 1.0001
51 44 1.00004
51 45 0.999971
51 46 0.999904
51 47 0.999835
51 48 0.999765
51 49 0.999694
51 50 0.999623
51 51 0.999552
51 52 0.999482
51 53 0.999412
51 54 0.999343
51 55 0.999275
51 56 0.999209
51 57 0.999144
51 58 0.999081
51 59 0.99902
51 60 0.998961
51 61 0.998905
51 62 0.998851
51 63 0.9988
51 64 0.998752
51 65 0.998706
51 66 0.998664
51 67 0.998624
51 68 0.998588
51 69 0.998555
51 70 0.998524
51 71 0.998497
51 72 0.998474
51 73 0.998453
51 74 0.998436
51 75 0.998422
51 76 0.998411
51 77 0.998403
51 78 0.998399
51 79 0.998397
51 80 0.998399
51 81 0.998404
51 82 0.998411
51 83 0.998422
51 84 0.998436
51 85 0.998452
51 86 0.998471
51 87 0.998493
51 88 0.998518
51 89 0.998545
51 90 0.998574
51 91 0.998606
51 92 0.99864
51 93 0.998675
51 94 0.998713
51 95 0.998752
51 96 0.998793
51 97 0.998835
51 98 0.998878
51 99 0.998923
51 100 0.998968
51 101 0.999013
51 102 0.999059
51 103 0.999105
51 104 0.999151
51 105 0.999197
51 106 0.999242
51 107 0.999287
51 108 0.999331
51 109 0.999374
51 110 0.999415
51 111 0.999455
51 112 0.999494
51 113 0.999531
51 114 0.999566
51 115 0.9996
51 116 0.999632
51 117 0.999662
51 118 0.999691
51 119 0.999719
51 120 0.999745
51 121 0.99977
51 122 0.999795
51 123 0.999819
51 124 0.999842
51 125 0.999866
51 126 0.999888
51 127 0.999911

52 0 0
52 1 1.0009
52 2 1.0009
52 3 1.0009
52 4 1.00091
52 5 1.00091
52 6 1.00091
52 7 1.00091
52 8 1.00091
52 9 1.00091
52 10 1.00091
52 11 1.00091
52 12 1.00091
52 13 1.0009
52 14 1.0009
52 15 1.0009
52 16 1.00089
52 17 1.00089
52 18 1.00088
52 19 1.00088
52 20 1.00087
52 21 1.00086
52 22 1.00085
52 23 1.00084
52 24 1.00082
52 25 1.00081
52 26 1.00079
52 27 1.00077
52 28 1.00075
52 29 1.00072
52 30 1.00069
52 31 1.00066
52 32 1.00063
52 33 1.0006
52 34 1.00056
52 35 1.00051
52 36 1.00047
52 37 1.00042
52 38 1.00037
52 39 1.00031
52 40 1.00026
52 41 1.0002
52 42 1.00013
52 43 1.00007
52 44 1
52 45 0.999935
52 46 0.999865
52 47 0.999794
52 48 0.999722
52 49 0.99965
52 50 0.999577
52 51 0.999504
52 52 0.999432
52 53 0.999361
52 54 0.99929
52 55 0.999221
52 56 0.999153
52 57 0.999087
52 58 0.999023
52 59 0.998962
52 60 0.998902
52 61 0.998845
52 62 0.998791
52 63 0.998739
52 64 0.998691
52 65 0.998645
52 66 0.998602
52 67 0.998562
52 68 0.998526
52 69 0.998492
52 70 0.998462
52 71 0.998435
52 72 0.998411
52 73 0.998391
52 74 0.998374
52 75 0.99836
52 76 0.998349
52 77 0.998341
52 78 0.998337
52 79 0.998335
52 80 0.998337
52 81 0.998342
52 82 0.99835
52 83 0.998361
52 84 0.998375
52 85 0.998391
52 86 0.998411
52 87 0.998433
52 88 0.998457
52 89 0.998485
52 90 0.998514
52 91 0.998546
52 92 0.99858
52 93 0.998616
52 94 0.998653
52 95 0.998693
52 96 0.998734
52 97 0.998776
52 98 0.998819
52 99 0.998863
52 100 0.998909
52 101 0.998954
52 102 0.999
52 103 0.999046
52 104 0.999092
52 105 0.999138
52 106 0.999183
52 107 0.999227
52 108 0.999271
52 109 0.999314
52 110 0.999355
52 111 0.999395
52 112 0.999433
52 113 0.99947
52 114 0.999505
52 115 0.999538
52 116 0.99957
52 117 0.9996
52 118 0.999629
52 119 0.999656
52 120 0.999682
52 121 0.999708
52 122 0.999732
52 123 0.999756
52 124 0.999779
52 125 0.999801
52 126 0.999824
52 127 0.999845

53 0 0
53 1 1.0009
53 2 1.0009
53 3 1.0009
53 4 1.00091
53 5 1.00091
53 6 1.00091
53 7 1.00091
53 8 1.00091
53 9 1.00091
53 10 1.00091
53 11 1.00091
53 12 1.0009
53 13 1.0009
53 14 1.0009
53 15 1.0009
53 16 1.00089
53 17 1.00089
53 18 1.00088
53 19 1.00087
53 20 1.00087
53 21 1.00086
53 22 1.00085
53 23 1.00083
53 24 1.00082
53 25 1.0008
53 26 1.00078
53 27 1.00076
53 28 1.00074
53 29 1.00071
53 30 1.00069
53 31 1.00065
53 32 1.00062
53 33 1.00058
53 34 1.00054
53 35 1.0005
53 36 1.00045
53 37 1.0004
53 38 1.00035
53 39 1.00029
53 40 1.00023
53 41 1.00017
53 42 1.00011
53 43 1.00004
53 44 0.99997
53 45 0.999899
53 46 0.999827
53 47 0.999754
53 48 0.99968
53 49 0.999606
53 50 0.999532
53 51 0.999457
53 52 0.999384
53 53 0.999311
53 54 0.999239
53 55 0.999168
53 56 0.999099
53 57 0.999032
53 58 0.998968
53 59 0.998905
53 60 0.998845
53 61 0.998787
53 62 0.998732
53 63 0.99868
53 64 0.998631
53 65 0.998585
53 66 0.998542
53 67 0.998502
53 68 0.998466
53 69 0.998432
53 70 0.998402
53 71 0.998375
53 72 0.998351
53 73 0.998331
53 74 0.998313
53 75 0.998299
53 76 0.998289
53 77 0.998281
53 78 0.998277
53 79 0.998275
53 80 0.998277
53 81 0.998282
53 82 0.99829
53 83 0.998301
53 84 0.998315
53 85 0.998332
53 86 0.998352
53 87 0.998374
53 88 0.998399
53 89 0.998426
53 90 0.998455
53 91 0.998487
53 92 0.998521
53 93 0.998557
53 94 0.998595
53 95 0.998634
53 96 0.998675
53 97 0.998718
53 98 0.998761
53 99 0.998805
53 100 0.99885
53 101 0.998896
53 102 0.998942
53 103 0.998988
53 104 0.999033
53 105 0.999079
53 106 0.999124
53 107 0.999168
53 108 0.999212
53 109 0.999254
53 110 0.999295
53 111 0.999334
53 112 0.999372
53 113 0.999409
53 114 0.999444
53 115 0.999477
53 116 0.999508
53 117 0.999538
53 118 0.999567
53 119 0.999594
53 120 0.99962
53 121 0.999645
53 122 0.999669
53 123 0.999692
53 124 0.999715
53 125 0.999737
53 126 0.999759
53 127 0.99978

54 0 0
54 1 1.0009
54 2 1.0009
54 3 1.0009
54 4 1.00091
54 5 1.00091
54 6 1.00091
54 7 1.00091
54 8 1.00091
54 9 1.00091
54 10 1.00091
54 11 1.0009
54 12 1.0009
54 13 1.0009
54 14 1.0009
54 15 1.00089
54 16 1.00089
54 17 1.00089
54 18 1.00088
54 19 1.00087
54 20 1.00086
54 21 1.00085
54 22 1.00084
54 23 1.00083
54 24 1.00081
54 25 1.0008
54 26 1.00078
54 27 1.00076
54 28 1.00073
54 29 1.00071
54 30 1.00068
54 31 1.00064
54 32 1.00061
54 33 1.00057
54 34 1.00053
54 35 1.00048
54 36 1.00043
54 37 1.00038
54 38 1.00033
54 39 1.00027
54 40 1.00021
54 41 1.00014
54 42 1.00008
54 43 1.00001
54 44 0.999937
54 45 0.999864
54 46 0.99979
54 47 0.999715
54 48 0.99964
54 49 0.999563
54 50 0.999487
54 51 0.999411
54 52 0.999336
54 53 0.999262
54 54 0.999188
54 55 0.999117
54 56 0.999047
54 57 0.998979
54 58 0.998913
54 59 0.99885
54 60 0.998789
54 61 0.998731
54 62 0.998676
54 63 0.998623
54 64 0.998574
54 65 0.998527
54 66 0.998484
54 67 0.998444
54 68 0.998408
54 69 0.998374
54 70 0.998344
54 71 0.998317
54 72 0.998293
54 73 0.998272
54 74 0.998255
54 75 0.998241
54 76 0.998231
54 77 0.998223
54 78 0.998219
54 79 0.998218
54 80 0.99822
54 81 0.998225
54 82 0.998233
54 83 0.998244
54 84 0.998258
54 85 0.998274
54 86 0.998294
54 87 0.998316
54 88 0.998341
54 89 0.998368
54 90 0.998398
54 91 0.99843
54 92 0.998464
54 93 0.9985
54 94 0.998538
54 95 0.998577
54 96 0.998618
54 97 0.99866
54 98 0.998704
54 99 0.998748
54 100 0.998793
54 101 0.998838
54 102 0.998884
54 103 0.99893
54 104 0.998975
54 105 0.999021
54 106 0.999066
54 107 0.99911
54 108 0.999153
54 109 0.999195
54 110 0.999235
54 111 0.999275
54 112 0.999312
54 113 0.999348
54 114 0.999383
54 115 0.999416
54 116 0.999447
54 117 0.999477
54 118 0.999505
54 119 0.999532
54 120 0.999558
54 121 0.999583
54 122 0.999607
54 123 0.99963
54 124 0.999652
54 125 0.999674
54 126 0.999695
54 127 0.999715

55 0 0
55 1 1.0009
55 2 1.0009
55 3 1.0009
55 4 1.00091
55 5 1.00091
55 6 1.00091
55 7 1.00091
55 8 1.00091
55 9 1.00091
55 10 1.0009
55 11 1.0009
55 12 1.0009
55 13 1.0009
55 14 1.0009
55 15 1.00089
55 16 1.00089
55 17 1.00088
55 18 1.00088
55 19 1.00087
55 20 1.00086
55 21 1.00085
55 22 1.00084
55 23 1.00083
55 24 1.00081
55 25 1.00079
55 26 1.00077
55 27 1.00075
55 28 1.00073
55 29 1.0007
55 30 1.00067
55 31 1.00063
55 32 1.0006
55 33 1.00056
55 34 1.00051
55 35 1.00047
55 36 1.00042
55 37 1.00036
55 38 1.00031
55 39 1.00025
55 40 1.00018
55 41 1.00012
55 42 1.00005
55 43 0.999977
55 44 0.999904
55 45 0.99983
55 46 0.999754
55 47 0.999677
55 48 0.9996
55 49 0.999522
55 50 0.999444
55 51 0.999366
55 52 0.99929
55 53 0.999214
55 54 0.99914
55 55 0.999067
55 56 0.998996
55 57 0.998927
55 58 0.998861
55 59 0.998797
55 60 0.998735
55 61 0.998677
55 62 0.998621
55 63 0.998568
55 64 0.998518
55 65 0.998472
55 66 0.998429
55 67 0.998388
55 68 0.998352
55 69 0.998318
55 70 0.998288
55 71 0.998261
55 72 0.998237
55 73 0.998217
55 74 0.998199
55 75 0.998185
55 76 0.998175
55 77 0.998167
55 78 0.998163
55 79 0.998162
55 80 0.998164
55 81 0.998169
55 82 0.998177
55 83 0.998188
55 84 0.998202
55 85 0.998219
55 86 0.998239
55 87 0.998261
55 88 0.998286
55 89 0.998313
55 90 0.998343
55 91 0.998375
55 92 0.998409
55 93 0.998445
55 94 0.998482
55 95 0.998522
55 96 0.998563
55 97 0.998605
55 98 0.998648
55 99 0.998692
55 100 0.998737
55 101 0.998782
55 102 0.998828
55 103 0.998873
55 104 0.998919
55 105 0.998964
55 106 0.999008
55 107 0.999052
55 108 0.999095
55 109 0.999136
55 110 0.999177
55 111 0.999216
55 112 0.999253
55 113 0.999289
55 114 0.999323
55 115 0.999355
55 116 0.999386
55 117 0.999416
55 118 0.999444
55 119 0.999471
55 120 0.999496
55 121 0.999521
55 122 0.999545
55 123 0.999568
55 124 0.99959
55 125 0.999611
55 126 0.999631
55 127 0.99965

56 0 0
56 1 1.0009
56 2 1.0009
56 3 1.0009
56 4 1.00091
56 5 1.00091
56 6 1.00091
56 7 1.00091
56 8 1.00091
56 9 1.0009
56 10 1.0009
56 11 1.0009
56 12 1.0009
56 13 1.0009
56 14 1.0009
56 15 1.00089
56 16 1.00089
56 17 1.00088
56 18 1.00088
56 19 1.00087
56 20 1.00086
56 21 1.00085
56 22 1.00084
56 23 1.00082
56 24 1.00081
56 25 1.00079
56 26 1.00077
56 27 1.00074
56 28 1.00072
56 29 1.00069
56 30 1.00066
56 31 1.00062
56 32 1.00059
56 33 1.00054
56 34 1.0005
56 35 1.00045
56 36 1.0004
56 37 1.00034
56 38 1.00029
56 39 1.00022
56 40 1.00016
56 41 1.00009
56 42 1.00002
56 43 0.999948
56 44 0.999873
56 45 0.999797
56 46 0.999719
56 47 0.99964
56 48 0.999561
56 49 0.999481
56 50 0.999402
56 51 0.999323
56 52 0.999245
56 53 0.999168
56 54 0.999092
56 55 0.999019
56 56 0.998947
56 57 0.998877
56 58 0.99881
56 59 0.998745
56 60 0.998683
56 61 0.998624
56 62 0.998568
56 63 0.998515
56 64 0.998465
56 65 0.998419
56 66 0.998375
56 67 0.998335
56 68 0.998298
56 69 0.998264
56 70 0.998234
56 71 0.998207
56 72 0.998183
56 73 0.998163
56 74 0.998146
56 75 0.998132
56 76 0.998121
56 77 0.998114
56 78 0.99811
56 79 0.998109
56 80 0.998111
56 81 0.998116
56 82 0.998124
56 83 0.998135
56 84 0.998149
56 85 0.998166
56 86 0.998185
56 87 0.998208
56 88 0.998232
56 89 0.99826
56 90 0.998289
56 91 0.998321
56 92 0.998355
56 93 0.998391
56 94 0.998428
56 95 0.998468
56 96 0.998508
56 97 0.99855
56 98 0.998593
56 99 0.998637
56 100 0.998682
56 101 0.998727
56 102 0.998772
56 103 0.998818
56 104 0.998863
56 105 0.998908
56 106 0.998952
56 107 0.998995
56 108 0.999038
56 109 0.999079
56 110 0.999119
56 111 0.999158
56 112 0.999195
56 113 0.99923
56 114 0.999264
56 115 0.999296
56 116 0.999327
56 117 0.999356
56 118 0.999384
56 119 0.99941
56 120 0.999436
56 121 0.99946
56 122 0.999484
56 123 0.999506
56 124 0.999528
56 125 0.999549
56 126 0.999569
56 127 0.999587

57 0 0
57 1 1.0009
57 2 1.0009
57 3 1.0009
57 4 1.00091
57 5 1.00091
57 6 1.00091
57 7 1.00091
57 8 1.00091
57 9 1.0009
57 10 1.0009
57 11 1.0009
57 12 1.0009
57 13 1.0009
57 14 1.00089
57 15 1.00089
57 16 1.00089
57 17 1.00088
57 18 1.00087
57 19 1.00087
57 20 1.00086
57 21 1.00085
57 22 1.00083
57 23 1.00082
57 24 1.0008
57 25 1.00078
57 26 1.00076
57 27 1.00074
57 28 1.00071
57 29 1.00068
57 30 1.00065
57 31 1.00062
57 32 1.00058
57 33 1.00053
57 34 1.00049
57 35 1.00044
57 36 1.00038
57 37 1.00033
57 38 1.00027
57 39 1.0002
57 40 1.00014
57 41 1.00007
57 42 0.999994
57 43 0.999919
57 44 0.999843
57 45 0.999765
57 46 0.999685
57 47 0.999605
57 48 0.999524
57 49 0.999442
57 50 0.999361
57 51 0.999281
57 52 0.999202
57 53 0.999124
57 54 0.999047
57 55 0.998972
57 56 0.9989
57 57 0.998829
57 58 0.998761
57 59 0.998696
57 60 0.998634
57 61 0.998574
57 62 0.998518
57 63 0.998465
57 64 0.998415
57 65 0.998368
57 66 0.998324
57 67 0.998284
57 68 0.998247
57 69 0.998213
57 70 0.998183
57 71 0.998156
57 72 0.998132
57 73 0.998112
57 74 0.998095
57 75 0.998081
57 76 0.99807
57 77 0.998063
57 78 0.998059
57 79 0.998058
57 80 0.99806
57 81 0.998065
57 82 0.998073
57 83 0.998084
57 84 0.998098
57 85 0.998115
57 86 0.998134
57 87 0.998156
57 88 0.998181
57 89 0.998208
57 90 0.998238
57 91 0.99827
57 92 0.998303
57 93 0.998339
57 94 0.998377
57 95 0.998416
57 96 0.998456
57 97 0.998498
57 98 0.998541
57 99 0.998585
57 100 0.998629
57 101 0.998674
57 102 0.998719
57 103 0.998764
57 104 0.998809
57 105 0.998853
57 106 0.998897
57 107 0.99894
57 108 0.998982
57 109 0.999023
57 110 0.999063
57 111 0.999101
57 112 0.999137
57 113 0.999172
57 114 0.999206
57 115 0.999238
57 116 0.999268
57 117 0.999297
57 118 0.999325
57 119 0.999351
57 120 0.999376
57 121 0.999401
57 122 0.999424
57 123 0.999446
57 124 0.999468
57 125 0.999488
57 126 0.999507
57 127 0.999524

58 0 0
58 1 1.0009
58 2 1.0009
58 3 1.00091
58 4 1.00091
58 5 1.00091
58 6 1.00091
58 7 1.00091
58 8 1.00091
58 9 1.0009
58 10 1.0009
58 11 1.0009
58 12 1.0009
58 13 1.0009
58 14 1.00089
58 15 1.00089
58 16 1.00089
58 17 1.00088
58 18 1.00087
58 19 1.00086
58 20 1.00085
58 21 1.00084
58 22 1.00083
58 23 1.00082
58 24 1.0008
58 25 1.00078
58 26 1.00076
58 27 1.00073
58 28 1.00071
58 29 1.00068
58 30 1.00064
58 31 1.00061
58 32 1.00057
58 33 1.00052
58 34 1.00047
58 35 1.00042
58 36 1.00037
58 37 1.00031
58 38 1.00025
58 39 1.00018
58 40 1.00011
58 41 1.00004
58 42 0.999969
58 43 0.999892
58 44 0.999814
58 45 0.999734
58 46 0.999653
58 47 0.99957
58 48 0.999488
58 49 0.999405
58 50 0.999323
58 51 0.999241
58 52 0.99916
58 53 0.999081
58 54 0.999004
58 55 0.998928
58 56 0.998854
58 57 0.998783
58 58 0.998715
58 59 0.998649
58 60 0.998587
58 61 0.998527
58 62 0.99847
58 63 0.998417
58 64 0.998367
58 65 0.99832
58 66 0.998276
58 67 0.998236
58 68 0.998199
58 69 0.998165
58 70 0.998135
58 71 0.998108
58 72 0.998084
58 73 0.998064
58 74 0.998047
58 75 0.998033
58 76 0.998022
58 77 0.998015
58 78 0.998011
58 79 0.99801
58 80 0.998012
58 81 0.998017
58 82 0.998025
58 83 0.998036
58 84 0.99805
58 85 0.998066
58 86 0.998086
58 87 0.998108
58 88 0.998132
58 89 0.998159
58 90 0.998189
58 91 0.99822
58 92 0.998254
58 93 0.99829
58 94 0.998327
58 95 0.998366
58 96 0.998406
58 97 0.998448
58 98 0.99849
58 99 0.998534
58 100 0.998578
58 101 0.998622
58 102 0.998667
58 103 0.998712
58 104 0.998756
58 105 0.9988
58 106 0.998844
58 107 0.998887
58 108 0.998928
58 109 0.998969
58 110 0.999008
58 111 0.999046
58 112 0.999082
58 113 0.999116
58 114 0.999149
58 115 0.999181
58 116 0.999211
58 117 0.99924
58 118 0.999267
58 119 0.999293
58 120 0.999318
58 121 0.999342
58 122 0.999366
58 123 0.999388
58 124 0.999409
58 125 0.999429
58 126 0.999447
58 127 0.999463

59 0 0
59 1 1.0009
59 2 1.00091
59 3 1.00091
59 4 1.00091
59 5 1.00091
59 6 1.00091
59 7 1.00091
59 8 1.0009
59 9 1.0009
59 10 1.0009
59 11 1.0009
59 12 1.0009
59 13 1.0009
59 14 1.00089
59 15 1.00089
59 16 1.00088
59 17 1.00088
59 18 1.00087
59 19 1.00086
59 20 1.00085
59 21 1.00084
59 22 1.00083
59 23 1.00081
59 24 1.0008
59 25 1.00078
59 26 1.00075
59 27 1.00073
59 28 1.0007
59 29 1.00067
59 30 1.00064
59 31 1.0006
59 32 1.00056
59 33 1.00051
59 34 1.00046
59 35 1.00041
59 36 1.00035
59 37 1.00029
59 38 1.00023
59 39 1.00016
59 40 1.00009
59 41 1.00002
59 42 0.999945
59 43 0.999866
59 44 0.999786
59 45 0.999705
59 46 0.999622
59 47 0.999538
59 48 0.999454
59 49 0.999369
59 50 0.999286
59 51 0.999203
59 52 0.999121
59 53 0.999041
59 54 0.998962
59 55 0.998886
59 56 0.998812
59 57 0.99874
59 58 0.998671
59 59 0.998605
59 60 0.998542
59 61 0.998482
59 62 0.998425
59 63 0.998371
59 64 0.998321
59 65 0.998274
59 66 0.99823
59 67 0.99819
59 68 0.998153
59 69 0.99812
59 70 0.998089
59 71 0.998062
59 72 0.998039
59 73 0.998018
59 74 0.998001
59 75 0.997987
59 76 0.997977
59 77 0.997969
59 78 0.997965
59 79 0.997964
59 80 0.997966
59 81 0.997971
59 82 0.997979
59 83 0.99799
59 84 0.998004
59 85 0.99802
59 86 0.99804
59 87 0.998062
59 88 0.998086
59 89 0.998113
59 90 0.998142
59 91 0.998174
59 92 0.998207
59 93 0.998242
59 94 0.998279
59 95 0.998318
59 96 0.998358
59 97 0.998399
59 98 0.998442
59 99 0.998485
59 100 0.998529
59 101 0.998573
59 102 0.998617
59 103 0.998662
59 104 0.998706
59 105 0.998749
59 106 0.998793
59 107 0.998835
59 108 0.998876
59 109 0.998916
59 110 0.998955
59 111 0.998992
59 112 0.999028
59 113 0.999062
59 114 0.999095
59 115 0.999126
59 116 0.999155
59 117 0.999184
59 118 0.999211
59 119 0.999237
59 120 0.999262
59 121 0.999286
59 122 0.999309
59 123 0.99933
59 124 0.999351
59 125 0.99937
59 126 0.999388
59 127 0.999404

60 0 0
60 1 1.00091
60 2 1.00091
60 3 1.00091
60 4 1.00091
60 5 1.00091
60 6 1.00091
60 7 1.00091
60 8 1.0009
60 9 1.0009
60 10 1.0009
60 11 1.0009
60 12 1.0009
60 13 1.0009
60 14 1.00089
60 15 1.00089
60 16 1.00088
60 17 1.00088
60 18 1.00087
60 19 1.00086
60 20 1.00085
60 21 1.00084
60 22 1.00083
60 23 1.00081
60 24 1.00079
60 25 1.00077
60 26 1.00075
60 27 1.00073
60 28 1.0007
60 29 1.00067
60 30 1.00063
60 31 1.00059
60 32 1.00055
60 33 1.0005
60 34 1.00045
60 35 1.0004
60 36 1.00034
60 37 1.00028
60 38 1.00021
60 39 1.00015
60 40 1.00007
60 41 0.999999
60 42 0.999922
60 43 0.999842
60 44 0.99976
60 45 0.999677
60 46 0.999592
60 47 0.999507
60 48 0.999421
60 49 0.999336
60 50 0.999251
60 51 0.999167
60 52 0.999084
60 53 0.999002
60 54 0.998923
60 55 0.998846
60 56 0.998771
60 57 0.998699
60 58 0.998629
60 59 0.998563
60 60 0.9985
60 61 0.998439
60 62 0.998382
60 63 0.998329
60 64 0.998278
60 65 0.998231
60 66 0.998188
60 67 0.998147
60 68 0.99811
60 69 0.998077
60 70 0.998047
60 71 0.99802
60 72 0.997996
60 73 0.997976
60 74 0.997959
60 75 0.997945
60 76 0.997934
60 77 0.997927
60 78 0.997923
60 79 0.997922
60 80 0.997923
60 81 0.997928
60 82 0.997936
60 83 0.997947
60 84 0.997961
60 85 0.997977
60 86 0.997996
60 87 0.998018
60 88 0.998042
60 89 0.998069
60 90 0.998098
60 91 0.998129
60 92 0.998163
60 93 0.998198
60 94 0.998234
60 95 0.998273
60 96 0.998313
60 97 0.998354
60 98 0.998396
60 99 0.998438
60 100 0.998482
60 101 0.998526
60 102 0.99857
60 103 0.998614
60 104 0.998657
60 105 0.998701
60 106 0.998743
60 107 0.998785
60 108 0.998826
60 109 0.998865
60 110 0.998903
60 111 0.99894
60 112 0.998975
60 113 0.999009
60 114 0.999042
60 115 0.999072
60 116 0.999102
60 117 0.99913
60 118 0.999157
60 119 0.999182
60 120 0.999207
60 121 0.999231
60 122 0.999253
60 123 0.999275
60 124 0.999295
60 125 0.999314
60 126 0.999331
60 127 0.999346

61 0 0
61 1 1.00091
61 2 1.00091
61 3 1.00091
61 4 1.00091
61 5 1.00091
61 6 1.00091
61 7 1.00091
61 8 1.0009
61 9 1.0009
61 10 1.0009
61 11 1.0009
61 12 1.0009
61 13 1.0009
61 14 1.00089
61 15 1.00089
61 16 1.00088
61 17 1.00088
61 18 1.00087
61 19 1.00086
61 20 1.00085
61 21 1.00084
61 22 1.00083
61 23 1.00081
61 24 1.00079
61 25 1.00077
61 26 1.00075
61 27 1.00072
61 28 1.00069
61 29 1.00066
61 30 1.00062
61 31 1.00059
61 32 1.00054
61 33 1.00049
61 34 1.00044
61 35 1.00039
61 36 1.00033
61 37 1.00027
61 38 1.0002
61 39 1.00013
61 40 1.00006
61 41 0.99998
61 42 0.999901
61 43 0.999819
61 44 0.999736
61 45 0.999651
61 46 0.999565
61 47 0.999478
61 48 0.999391
61 49 0.999304
61 50 0.999218
61 51 0.999133
61 52 0.999049
61 53 0.998967
61 54 0.998886
61 55 0.998808
61 56 0.998733
61 57 0.99866
61 58 0.998591
61 59 0.998524
61 60 0.99846
61 61 0.9984
61 62 0.998343
61 63 0.998289
61 64 0.998238
61 65 0.998191
61 66 0.998148
61 67 0.998107
61 68 0.99807
61 69 0.998037
61 70 0.998007
61 71 0.99798
61 72 0.997956
61 73 0.997936
61 74 0.997919
61 75 0.997905
61 76 0.997895
61 77 0.997887
61 78 0.997883
61 79 0.997882
61 80 0.997884
61 81 0.997888
61 82 0.997896
61 83 0.997907
61 84 0.997921
61 85 0.997937
61 86 0.997956
61 87 0.997977
61 88 0.998002
61 89 0.998028
61 90 0.998057
61 91 0.998088
61 92 0.998121
61 93 0.998156
61 94 0.998192
61 95 0.99823
61 96 0.99827
61 97 0.99831
61 98 0.998352
61 99 0.998394
61 100 0.998437
61 101 0.998481
61 102 0.998524
61 103 0.998568
61 104 0.998611
61 105 0.998654
61 106 0.998696
61 107 0.998737
61 108 0.998777
61 109 0.998816
61 110 0.998854
61 111 0.998891
61 112 0.998925
61 113 0.998959
61 114 0.998991
61 115 0.999021
61 116 0.99905
61 117 0.999078
61 118 0.999104
61 119 0.99913
61 120 0.999154
61 121 0.999178
61 122 0.9992
61 123 0.999222
61 124 0.999242
61 125 0.99926
61 126 0.999276
61 127 0.99929

62 0 0
62 1 1.00091
62 2 1.00091
62 3 1.00091
62 4 1.00091
62 5 1.00091
62 6 1.00091
62 7 1.00091
62 8 1.0009
62 9 1.0009
62 10 1.0009
62 11 1.0009
62 12 1.0009
62 13 1.0009
62 14 1.00089
62 15 1.00089
62 16 1.00088
62 17 1.00088
62 18 1.00087
62 19 1.00086
62 20 1.00085
62 21 1.00084
62 22 1.00082
62 23 1.00081
62 24 1.00079
62 25 1.00077
62 26 1.00075
62 27 1.00072
62 28 1.00069
62 29 1.00066
62 30 1.00062
62 31 1.00058
62 32 1.00054
62 33 1.00049
62 34 1.00043
62 35 1.00038
62 36 1.00032
62 37 1.00025
62 38 1.00019
62 39 1.00011
62 40 1.00004
62 41 0.999962
62 42 0.999881
62 43 0.999798
62 44 0.999713
62 45 0.999627
62 46 0.999539
62 47 0.999451
62 48 0.999363
62 49 0.999275
62 50 0.999187
62 51 0.999101
62 52 0.999016
62 53 0.998933
62 54 0.998852
62 55 0.998774
62 56 0.998698
62 57 0.998625
62 58 0.998554
62 59 0.998487
62 60 0.998423
62 61 0.998363
62 62 0.998306
62 63 0.998252
62 64 0.998201
62 65 0.998154
62 66 0.99811
62 67 0.99807
62 68 0.998033
62 69 0.998
62 70 0.99797
62 71 0.997943
62 72 0.99792
62 73 0.997899
62 74 0.997882
62 75 0.997869
62 76 0.997858
62 77 0.997851
62 78 0.997846
62 79 0.997845
62 80 0.997847
62 81 0.997852
62 82 0.997859
62 83 0.99787
62 84 0.997883
62 85 0.997899
62 86 0.997918
62 87 0.99794
62 88 0.997963
62 89 0.99799
62 90 0.998018
62 91 0.998049
62 92 0.998082
62 93 0.998116
62 94 0.998152
62 95 0.99819
62 96 0.998229
62 97 0.99827
62 98 0.998311
62 99 0.998353
62 100 0.998396
62 101 0.998438
62 102 0.998482
62 103 0.998525
62 104 0.998567
62 105 0.99861
62 106 0.998651
62 107 0.998692
62 108 0.998732
62 109 0.99877
62 110 0.998807
62 111 0.998843
62 112 0.998878
62 113 0.99891
62 114 0.998942
62 115 0.998972
62 116 0.999001
62 117 0.999028
62 118 0.999054
62 119 0.99908
62 120 0.999104
62 121 0.999127
62 122 0.999149
62 123 0.99917
62 124 0.99919
62 125 0.999207
62 126 0.999223
62 127 0.999236

63 0 0
63 1 1.00091
63 2 1.00091
63 3 1.00091
63 4 1.00091
63 5 1.00091
63 6 1.00091
63 7 1.00091
63 8 1.00091
63 9 1.0009
63 10 1.0009
63 11 1.0009
63 12 1.0009
63 13 1.00089
63 14 1.00089
63 15 1.00089
63 16 1.00088
63 17 1.00088
63 18 1.00087
63 19 1.00086
63 20 1.00085
63 21 1.00084
63 22 1.00082
63 23 1.00081
63 24 1.00079
63 25 1.00077
63 26 1.00074
63 27 1.00072
63 28 1.00069
63 29 1.00065
63 30 1.00062
63 31 1.00057
63 32 1.00053
63 33 1.00048
63 34 1.00043
63 35 1.00037
63 36 1.00031
63 37 1.00024
63 38 1.00017
63 39 1.0001
63 40 1.00002
63 41 0.999945
63 42 0.999863
63 43 0.999779
63 44 0.999692
63 45 0.999604
63 46 0.999516
63 47 0.999426
63 48 0.999337
63 49 0.999247
63 50 0.999159
63 51 0.999072
63 52 0.998986
63 53 0.998902
63 54 0.998821
63 55 0.998741
63 56 0.998665
63 57 0.998591
63 58 0.998521
63 59 0.998454
63 60 0.998389
63 61 0.998329
63 62 0.998271
63 63 0.998217
63 64 0.998167
63 65 0.99812
63 66 0.998076
63 67 0.998036
63 68 0.997999
63 69 0.997966
63 70 0.997936
63 71 0.997909
63 72 0.997886
63 73 0.997866
63 74 0.997849
63 75 0.997835
63 76 0.997824
63 77 0.997817
63 78 0.997813
63 79 0.997811
63 80 0.997813
63 81 0.997818
63 82 0.997825
63 83 0.997836
63 84 0.997849
63 85 0.997865
63 86 0.997884
63 87 0.997905
63 88 0.997928
63 89 0.997954
63 90 0.997983
63 91 0.998013
63 92 0.998046
63 93 0.99808
63 94 0.998116
63 95 0.998153
63 96 0.998192
63 97 0.998232
63 98 0.998273
63 99 0.998314
63 100 0.998356
63 101 0.998399
63 102 0.998441
63 103 0.998484
63 104 0.998526
63 105 0.998568
63 106 0.998609
63 107 0.998649
63 108 0.998688
63 109 0.998726
63 110 0.998763
63 111 0.998798
63 112 0.998832
63 113 0.998864
63 114 0.998895
63 115 0.998925
63 116 0.998953
63 117 0.998981
63 118 0.999007
63 119 0.999032
63 120 0.999056
63 121 0.999079
63 122 0.999101
63 123 0.999121
63 124 0.99914
63 125 0.999157
63 126 0.999173
63 127 0.999185

64 0 0
64 1 1.00091
64 2 1.00091
64 3 1.00091
64 4 1.00091
64 5 1.00091
64 6 1.00091
64 7 1.00091
64 8 1.00091
64 9 1.0009
64 10 1.0009
64 11 1.0009
64 12 1.0009
64 13 1.00089
64 14 1.00089
64 15 1.00089
64 16 1.00088
64 17 1.00087
64 18 1.00087
64 19 1.00086
64 20 1.00085
64 21 1.00084
64 22 1.00082
64 23 1.00081
64 24 1.00079
64 25 1.00077
64 26 1.00074
64 27 1.00071
64 28 1.00068
64 29 1.00065
64 30 1.00061
64 31 1.00057
64 32 1.00052
64 33 1.00047
64 34 1.00042
64 35 1.00036
64 36 1.0003
64 37 1.00023
64 38 1.00016
64 39 1.00009
64 40 1.00001
64 41 0.99993
64 42 0.999847
64 43 0.999761
64 44 0.999673
64 45 0.999584
64 46 0.999494
64 47 0.999403
64 48 0.999313
64 49 0.999222
64 50 0.999133
64 51 0.999045
64 52 0.998958
64 53 0.998874
64 54 0.998792
64 55 0.998712
64 56 0.998635
64 57 0.998561
64 58 0.99849
64 59 0.998423
64 60 0.998358
64 61 0.998298
64 62 0.99824
64 63 0.998186
64 64 0.998136
64 65 0.998089
64 66 0.998045
64 67 0.998005
64 68 0.997968
64 69 0.997935
64 70 0.997905
64 71 0.997879
64 72 0.997855
64 73 0.997835
64 74 0.997818
64 75 0.997804
64 76 0.997794
64 77 0.997786
64 78 0.997782
64 79 0.997781
64 80 0.997782
64 81 0.997787
64 82 0.997794
64 83 0.997805
64 84 0.997818
64 85 0.997833
64 86 0.997852
64 87 0.997873
64 88 0.997896
64 89 0.997922
64 90 0.99795
64 91 0.99798
64 92 0.998012
64 93 0.998046
64 94 0.998082
64 95 0.998119
64 96 0.998157
64 97 0.998197
64 98 0.998237
64 99 0.998278
64 100 0.99832
64 101 0.998362
64 102 0.998404
64 103 0.998446
64 104 0.998488
64 105 0.998529
64 106 0.99857
64 107 0.998609
64 108 0.998648
64 109 0.998685
64 110 0.998721
64 111 0.998756
64 112 0.998789
64 113 0.998821
64 114 0.998852
64 115 0.998881
64 116 0.998909
64 117 0.998936
64 118 0.998961
64 119 0.998986
64 120 0.99901
64 121 0.999033
64 122 0.999054
64 123 0.999075
64 124 0.999093
64 125 0.99911
64 126 0.999124
64 127 0.999136

65 0 0
65 1 1.00091
65 2 1.00091
65 3 1.00091
65 4 1.00091
65 5 1.00091
65 6 1.00091
65 7 1.00091
65 8 1.00091
65 9 1.0009
65 10 1.0009
65 11 1.0009
65 12 1.0009
65 13 1.00089
65 14 1.00089
65 15 1.00089
65 16 1.00088
65 17 1.00087
65 18 1.00087
65 19 1.00086
65 20 1.00085
65 21 1.00084
65 22 1.00082
65 23 1.0008
65 24 1.00079
65 25 1.00076
65 26 1.00074
65 27 1.00071
65 28 1.00068
65 29 1.00065
65 30 1.00061
65 31 1.00057
65 32 1.00052
65 33 1.00047
65 34 1.00042
65 35 1.00036
65 36 1.00029
65 37 1.00022
65 38 1.00015
65 39 1.00008
65 40 0.999999
65 41 0.999917
65 42 0.999833
65 43 0.999746
65 44 0.999657
65 45 0.999566
65 46 0.999475
65 47 0.999383
65 48 0.999291
65 49 0.9992
65 50 0.99911
65 51 0.999021
65 52 0.998933
65 53 0.998848
65 54 0.998765
65 55 0.998685
65 56 0.998608
65 57 0.998534
65 58 0.998463
65 59 0.998395
65 60 0.99833
65 61 0.998269
65 62 0.998212
65 63 0.998158
65 64 0.998108
65 65 0.998061
65 66 0.998017
65 67 0.997977
65 68 0.997941
65 69 0.997907
65 70 0.997877
65 71 0.997851
65 72 0.997827
65 73 0.997807
65 74 0.997791
65 75 0.997777
65 76 0.997766
65 77 0.997759
65 78 0.997754
65 79 0.997753
65 80 0.997754
65 81 0.997759
65 82 0.997766
65 83 0.997776
65 84 0.997789
65 85 0.997805
65 86 0.997823
65 87 0.997844
65 88 0.997867
65 89 0.997893
65 90 0.997921
65 91 0.99795
65 92 0.997982
65 93 0.998016
65 94 0.998051
65 95 0.998088
65 96 0.998126
65 97 0.998165
65 98 0.998205
65 99 0.998245
65 100 0.998287
65 101 0.998328
65 102 0.99837
65 103 0.998411
65 104 0.998452
65 105 0.998493
65 106 0.998533
65 107 0.998572
65 108 0.99861
65 109 0.998647
65 110 0.998682
65 111 0.998716
65 112 0.998749
65 113 0.998781
65 114 0.998811
65 115 0.998839
65 116 0.998867
65 117 0.998893
65 118 0.998919
65 119 0.998943
65 120 0.998967
65 121 0.998989
65 122 0.999011
65 123 0.999031
65 124 0.999049
65 125 0.999065
65 126 0.999079
65 127 0.99909

66 0 0
66 1 1.00091
66 2 1.00091
66 3 1.00091
66 4 1.00091
66 5 1.00091
66 6 1.00091
66 7 1.00091
66 8 1.00091
66 9 1.0009
66 10 1.0009
66 11 1.0009
66 12 1.0009
66 13 1.00089
66 14 1.00089
66 15 1.00089
66 16 1.00088
66 17 1.00087
66 18 1.00087
66 19 1.00086
66 20 1.00085
66 21 1.00083
66 22 1.00082
66 23 1.0008
66 24 1.00079
66 25 1.00076
66 26 1.00074
66 27 1.00071
66 28 1.00068
66 29 1.00065
66 30 1.00061
66 31 1.00056
66 32 1.00052
66 33 1.00047
66 34 1.00041
66 35 1.00035
66 36 1.00029
66 37 1.00022
66 38 1.00015
66 39 1.00007
66 40 0.999989
66 41 0.999906
66 42 0.999821
66 43 0.999732
66 44 0.999642
66 45 0.999551
66 46 0.999458
66 47 0.999365
66 48 0.999273
66 49 0.99918
66 50 0.999089
66 51 0.998999
66 52 0.998911
66 53 0.998825
66 54 0.998742
66 55 0.998661
66 56 0.998584
66 57 0.998509
66 58 0.998438
66 59 0.99837
66 60 0.998305
66 61 0.998244
66 62 0.998187
66 63 0.998133
66 64 0.998082
66 65 0.998036
66 66 0.997992
66 67 0.997952
66 68 0.997916
66 69 0.997882
66 70 0.997853
66 71 0.997826
66 72 0.997803
66 73 0.997783
66 74 0.997766
66 75 0.997752
66 76 0.997742
66 77 0.997734
66 78 0.99773
66 79 0.997728
66 80 0.99773
66 81 0.997734
66 82 0.997741
66 83 0.997751
66 84 0.997764
66 85 0.99778
66 86 0.997798
66 87 0.997818
66 88 0.997841
66 89 0.997867
66 90 0.997894
66 91 0.997924
66 92 0.997955
66 93 0.997988
66 94 0.998023
66 95 0.998059
66 96 0.998097
66 97 0.998136
66 98 0.998175
66 99 0.998215
66 100 0.998256
66 101 0.998297
66 102 0.998338
66 103 0.998379
66 104 0.99842
66 105 0.99846
66 106 0.998499
66 107 0.998538
66 108 0.998575
66 109 0.998611
66 110 0.998646
66 111 0.99868
66 112 0.998712
66 113 0.998743
66 114 0.998773
66 115 0.998801
66 116 0.998828
66 117 0.998854
66 118 0.998879
66 119 0.998904
66 120 0.998927
66 121 0.998949
66 122 0.99897
66 123 0.99899
66 124 0.999008
66 125 0.999023
66 126 0.999036
66 127 0.999046

67 0 0
67 1 1.00091
67 2 1.00091
67 3 1.00091
67 4 1.00091
67 5 1.00091
67 6 1.00091
67 7 1.00091
67 8 1.00091
67 9 1.0009
67 10 1.0009
67 11 1.0009
67 12 1.0009
67 13 1.00089
67 14 1.00089
67 15 1.00089
67 16 1.00088
67 17 1.00087
67 18 1.00087
67 19 1.00086
67 20 1.00085
67 21 1.00083
67 22 1.00082
67 23 1.0008
67 24 1.00079
67 25 1.00076
67 26 1.00074
67 27 1.00071
67 28 1.00068
67 29 1.00064
67 30 1.00061
67 31 1.00056
67 32 1.00052
67 33 1.00046
67 34 1.00041
67 35 1.00035
67 36 1.00028
67 37 1.00021
67 38 1.00014
67 39 1.00006
67 40 0.999981
67 41 0.999897
67 42 0.99981
67 43 0.999721
67 44 0.99963
67 45 0.999537
67 46 0.999444
67 47 0.99935
67 48 0.999256
67 49 0.999163
67 50 0.999071
67 51 0.99898
67 52 0.998892
67 53 0.998805
67 54 0.998721
67 55 0.99864
67 56 0.998562
67 57 0.998487
67 58 0.998416
67 59 0.998348
67 60 0.998283
67 61 0.998222
67 62 0.998165
67 63 0.998111
67 64 0.99806
67 65 0.998013
67 66 0.99797
67 67 0.99793
67 68 0.997894
67 69 0.997861
67 70 0.997831
67 71 0.997804
67 72 0.997781
67 73 0.997761
67 74 0.997745
67 75 0.997731
67 76 0.99772
67 77 0.997713
67 78 0.997708
67 79 0.997707
67 80 0.997708
67 81 0.997713
67 82 0.99772
67 83 0.99773
67 84 0.997742
67 85 0.997758
67 86 0.997775
67 87 0.997796
67 88 0.997819
67 89 0.997844
67 90 0.997871
67 91 0.9979
67 92 0.997931
67 93 0.997964
67 94 0.997999
67 95 0.998034
67 96 0.998072
67 97 0.99811
67 98 0.998149
67 99 0.998189
67 100 0.998229
67 101 0.998269
67 102 0.99831
67 103 0.99835
67 104 0.99839
67 105 0.99843
67 106 0.998469
67 107 0.998506
67 108 0.998543
67 109 0.998579
67 110 0.998613
67 111 0.998646
67 112 0.998678
67 113 0.998708
67 114 0.998737
67 115 0.998765
67 116 0.998792
67 117 0.998818
67 118 0.998843
67 119 0.998867
67 120 0.99889
67 121 0.998912
67 122 0.998932
67 123 0.998952
67 124 0.998969
67 125 0.998984
67 126 0.998997
67 127 0.999006

68 0 0
68 1 1.00091
68 2 1.00091
68 3 1.00091
68 4 1.00091
68 5 1.00091
68 6 1.00091
68 7 1.00091
68 8 1.00091
68 9 1.0009
68 10 1.0009
68 11 1.0009
68 12 1.0009
68 13 1.00089
68 14 1.00089
68 15 1.00089
68 16 1.00088
68 17 1.00087
68 18 1.00087
68 19 1.00086
68 20 1.00085
68 21 1.00083
68 22 1.00082
68 23 1.0008
68 24 1.00079
68 25 1.00076
68 26 1.00074
68 27 1.00071
68 28 1.00068
68 29 1.00064
68 30 1.00061
68 31 1.00056
68 32 1.00051
68 33 1.00046
68 34 1.00041
68 35 1.00034
68 36 1.00028
68 37 1.00021
68 38 1.00013
68 39 1.00006
68 40 0.999975
68 41 0.99989
68 42 0.999802
68 43 0.999712
68 44 0.99962
68 45 0.999526
68 46 0.999432
68 47 0.999337
68 48 0.999243
68 49 0.999149
68 50 0.999056
68 51 0.998965
68 52 0.998875
68 53 0.998788
68 54 0.998704
68 55 0.998622
68 56 0.998544
68 57 0.998469
68 58 0.998397
68 59 0.998329
68 60 0.998264
68 61 0.998203
68 62 0.998145
68 63 0.998091
68 64 0.998041
68 65 0.997994
68 66 0.997951
68 67 0.997911
68 68 0.997875
68 69 0.997842
68 70 0.997812
68 71 0.997786
68 72 0.997763
68 73 0.997743
68 74 0.997726
68 75 0.997712
68 76 0.997702
68 77 0.997694
68 78 0.99769
68 79 0.997688
68 80 0.99769
68 81 0.997694
68 82 0.997701
68 83 0.997711
68 84 0.997723
68 85 0.997738
68 86 0.997756
68 87 0.997776
68 88 0.997799
68 89 0.997824
68 90 0.997851
68 91 0.99788
68 92 0.99791
68 93 0.997943
68 94 0.997977
68 95 0.998013
68 96 0.998049
68 97 0.998087
68 98 0.998126
68 99 0.998165
68 100 0.998205
68 101 0.998245
68 102 0.998285
68 103 0.998325
68 104 0.998364
68 105 0.998403
68 106 0.998441
68 107 0.998478
68 108 0.998514
68 109 0.998549
68 110 0.998583
68 111 0.998616
68 112 0.998647
68 113 0.998677
68 114 0.998705
68 115 0.998733
68 116 0.998759
68 117 0.998785
68 118 0.998809
68 119 0.998833
68 120 0.998856
68 121 0.998877
68 122 0.998898
68 123 0.998917
68 124 0.998934
68 125 0.998948
68 126 0.99896
68 127 0.998968

69 0 0
69 1 1.00092
69 2 1.00091
69 3 1.00091
69 4 1.00091
69 5 1.00091
69 6 1.00091
69 7 1.00091
69 8 1.00091
69 9 1.0009
69 10 1.0009
69 11 1.0009
69 12 1.0009
69 13 1.00089
69 14 1.00089
69 15 1.00089
69 16 1.00088
69 17 1.00087
69 18 1.00087
69 19 1.00086
69 20 1.00085
69 21 1.00084
69 22 1.00082
69 23 1.0008
69 24 1.00079
69 25 1.00076
69 26 1.00074
69 27 1.00071
69 28 1.00068
69 29 1.00064
69 30 1.00061
69 31 1.00056
69 32 1.00051
69 33 1.00046
69 34 1.0004
69 35 1.00034
69 36 1.00028
69 37 1.00021
69 38 1.00013
69 39 1.00005
69 40 0.999971
69 41 0.999885
69 42 0.999797
69 43 0.999706
69 44 0.999613
69 45 0.999518
69 46 0.999423
69 47 0.999327
69 48 0.999232
69 49 0.999137
69 50 0.999043
69 51 0.998951
69 52 0.998862
69 53 0.998774
69 54 0.998689
69 55 0.998607
69 56 0.998528
69 57 0.998453
69 58 0.998381
69 59 0.998313
69 60 0.998248
69 61 0.998187
69 62 0.998129
69 63 0.998075
69 64 0.998025
69 65 0.997978
69 66 0.997935
69 67 0.997895
69 68 0.997859
69 69 0.997826
69 70 0.997796
69 71 0.99777
69 72 0.997747
69 73 0.997727
69 74 0.997711
69 75 0.997697
69 76 0.997686
69 77 0.997679
69 78 0.997674
69 79 0.997673
69 80 0.997674
69 81 0.997678
69 82 0.997685
69 83 0.997695
69 84 0.997708
69 85 0.997723
69 86 0.99774
69 87 0.99776
69 88 0.997782
69 89 0.997807
69 90 0.997834
69 91 0.997862
69 92 0.997893
69 93 0.997925
69 94 0.997959
69 95 0.997994
69 96 0.99803
69 97 0.998068
69 98 0.998106
69 99 0.998145
69 100 0.998184
69 101 0.998223
69 102 0.998263
69 103 0.998302
69 104 0.998341
69 105 0.998379
69 106 0.998417
69 107 0.998453
69 108 0.998489
69 109 0.998523
69 110 0.998557
69 111 0.998589
69 112 0.998619
69 113 0.998649
69 114 0.998677
69 115 0.998704
69 116 0.99873
69 117 0.998755
69 118 0.998779
69 119 0.998803
69 120 0.998825
69 121 0.998846
69 122 0.998866
69 123 0.998885
69 124 0.998902
69 125 0.998915
69 126 0.998927
69 127 0.998934

70 0 0
70 1 1.00092
70 2 1.00091
70 3 1.00091
70 4 1.00091
70 5 1.00091
70 6 1.00091
70 7 1.00091
70 8 1.00091
70 9 1.0009
70 10 1.0009
70 11 1.0009
70 12 1.0009
70 13 1.00089
70 14 1.00089
70 15 1.00089
70 16 1.00088
70 17 1.00087
70 18 1.00087
70 19 1.00086
70 20 1.00085
70 21 1.00084
70 22 1.00082
70 23 1.0008
70 24 1.00079
70 25 1.00076
70 26 1.00074
70 27 1.00071
70 28 1.00068
70 29 1.00065
70 30 1.00061
70 31 1.00056
70 32 1.00051
70 33 1.00046
70 34 1.00041
70 35 1.00034
70 36 1.00028
70 37 1.00021
70 38 1.00013
70 39 1.00005
70 40 0.999969
70 41 0.999882
70 42 0.999793
70 43 0.999701
70 44 0.999607
70 45 0.999512
70 46 0.999416
70 47 0.99932
70 48 0.999224
70 49 0.999128
70 50 0.999034
70 51 0.998941
70 52 0.998851
70 53 0.998763
70 54 0.998678
70 55 0.998595
70 56 0.998516
70 57 0.99844
70 58 0.998368
70 59 0.9983
70 60 0.998235
70 61 0.998173
70 62 0.998116
70 63 0.998062
70 64 0.998012
70 65 0.997965
70 66 0.997922
70 67 0.997882
70 68 0.997846
70 69 0.997813
70 70 0.997784
70 71 0.997758
70 72 0.997735
70 73 0.997715
70 74 0.997698
70 75 0.997685
70 76 0.997674
70 77 0.997667
70 78 0.997662
70 79 0.997661
70 80 0.997662
70 81 0.997666
70 82 0.997673
70 83 0.997682
70 84 0.997695
70 85 0.99771
70 86 0.997727
70 87 0.997747
70 88 0.997769
70 89 0.997793
70 90 0.99782
70 91 0.997848
70 92 0.997878
70 93 0.99791
70 94 0.997944
70 95 0.997979
70 96 0.998015
70 97 0.998052
70 98 0.998089
70 99 0.998128
70 100 0.998166
70 101 0.998205
70 102 0.998244
70 103 0.998283
70 104 0.998321
70 105 0.998359
70 106 0.998396
70 107 0.998432
70 108 0.998467
70 109 0.998501
70 110 0.998533
70 111 0.998565
70 112 0.998595
70 113 0.998624
70 114 0.998651
70 115 0.998678
70 116 0.998704
70 117 0.998729
70 118 0.998752
70 119 0.998776
70 120 0.998798
70 121 0.998819
70 122 0.998839
70 123 0.998857
70 124 0.998873
70 125 0.998886
70 126 0.998897
70 127 0.998904

71 0 0
71 1 1.00092
71 2 1.00091
71 3 1.00091
71 4 1.00091
71 5 1.00091
71 6 1.00091
71 7 1.00091
71 8 1.00091
71 9 1.0009
71 10 1.0009
71 11 1.0009
71 12 1.0009
71 13 1.00089
71 14 1.00089
71 15 1.00089
71 16 1.00088
71 17 1.00087
71 18 1.00087
71 19 1.00086
71 20 1.00085
71 21 1.00084
71 22 1.00082
71 23 1.00081
71 24 1.00079
71 25 1.00077
71 26 1.00074
71 27 1.00071
71 28 1.00068
71 29 1.00065
71 30 1.00061
71 31 1.00056
71 32 1.00052
71 33 1.00046
71 34 1.00041
71 35 1.00034
71 36 1.00028
71 37 1.00021
71 38 1.00013
71 39 1.00005
71 40 0.999969
71 41 0.999882
71 42 0.999792
71 43 0.999699
71 44 0.999605
71 45 0.999509
71 46 0.999412
71 47 0.999315
71 48 0.999218
71 49 0.999122
71 50 0.999027
71 51 0.998934
71 52 0.998843
71 53 0.998755
71 54 0.998669
71 55 0.998586
71 56 0.998507
71 57 0.998431
71 58 0.998358
71 59 0.99829
71 60 0.998225
71 61 0.998163
71 62 0.998106
71 63 0.998052
71 64 0.998001
71 65 0.997955
71 66 0.997912
71 67 0.997872
71 68 0.997836
71 69 0.997803
71 70 0.997774
71 71 0.997748
71 72 0.997725
71 73 0.997705
71 74 0.997689
71 75 0.997675
71 76 0.997665
71 77 0.997657
71 78 0.997653
71 79 0.997651
71 80 0.997652
71 81 0.997656
71 82 0.997663
71 83 0.997673
71 84 0.997685
71 85 0.9977
71 86 0.997717
71 87 0.997737
71 88 0.997759
71 89 0.997783
71 90 0.997809
71 91 0.997837
71 92 0.997867
71 93 0.997899
71 94 0.997932
71 95 0.997967
71 96 0.998002
71 97 0.998039
71 98 0.998076
71 99 0.998114
71 100 0.998152
71 101 0.998191
71 102 0.998229
71 103 0.998267
71 104 0.998305
71 105 0.998342
71 106 0.998378
71 107 0.998414
71 108 0.998448
71 109 0.998481
71 110 0.998514
71 111 0.998544
71 112 0.998574
71 113 0.998602
71 114 0.99863
71 115 0.998656
71 116 0.998681
71 117 0.998706
71 118 0.998729
71 119 0.998752
71 120 0.998774
71 121 0.998795
71 122 0.998814
71 123 0.998832
71 124 0.998848
71 125 0.99886
71 126 0.99887
71 127 0.998876

72 0 0
72 1 1.00092
72 2 1.00092
72 3 1.00091
72 4 1.00091
72 5 1.00091
72 6 1.00091
72 7 1.00091
72 8 1.0009
72 9 1.0009
72 10 1.0009
72 11 1.0009
72 12 1.0009
72 13 1.00089
72 14 1.00089
72 15 1.00089
72 16 1.00088
72 17 1.00087
72 18 1.00087
72 19 1.00086
72 20 1.00085
72 21 1.00084
72 22 1.00082
72 23 1.00081
72 24 1.00079
72 25 1.00077
72 26 1.00074
72 27 1.00072
72 28 1.00068
72 29 1.00065
72 30 1.00061
72 31 1.00057
72 32 1.00052
72 33 1.00047
72 34 1.00041
72 35 1.00035
72 36 1.00028
72 37 1.00021
72 38 1.00013
72 39 1.00005
72 40 0.999971
72 41 0.999883
72 42 0.999793
72 43 0.9997
72 44 0.999605
72 45 0.999508
72 46 0.999411
72 47 0.999313
72 48 0.999216
72 49 0.999119
72 50 0.999024
72 51 0.99893
72 52 0.998838
72 53 0.998749
72 54 0.998663
72 55 0.99858
72 56 0.9985
72 57 0.998424
72 58 0.998352
72 59 0.998283
72 60 0.998217
72 61 0.998156
72 62 0.998098
72 63 0.998044
72 64 0.997994
72 65 0.997947
72 66 0.997904
72 67 0.997865
72 68 0.997829
72 69 0.997796
72 70 0.997767
72 71 0.997741
72 72 0.997718
72 73 0.997698
72 74 0.997682
72 75 0.997668
72 76 0.997658
72 77 0.997651
72 78 0.997646
72 79 0.997645
72 80 0.997646
72 81 0.99765
72 82 0.997657
72 83 0.997666
72 84 0.997678
72 85 0.997693
72 86 0.99771
72 87 0.99773
72 88 0.997752
72 89 0.997776
72 90 0.997802
72 91 0.99783
72 92 0.997859
72 93 0.997891
72 94 0.997923
72 95 0.997958
72 96 0.997993
72 97 0.998029
72 98 0.998066
72 99 0.998104
72 100 0.998141
72 101 0.998179
72 102 0.998217
72 103 0.998255
72 104 0.998292
72 105 0.998329
72 106 0.998364
72 107 0.998399
72 108 0.998433
72 109 0.998466
72 110 0.998497
72 111 0.998527
72 112 0.998557
72 113 0.998585
72 114 0.998611
72 115 0.998637
72 116 0.998662
72 117 0.998686
72 118 0.99871
72 119 0.998732
72 120 0.998754
72 121 0.998774
72 122 0.998793
72 123 0.998811
72 124 0.998826
72 125 0.998838
72 126 0.998848
72 127 0.998853

73 0 0
73 1 1.00092
73 2 1.00092
73 3 1.00091
73 4 1.00091
73 5 1.00091
73 6 1.00091
73 7 1.00091
73 8 1.0009
73 9 1.0009
73 10 1.0009
73 11 1.0009
73 12 1.0009
73 13 1.00089
73 14 1.00089
73 15 1.00088
73 16 1.00088
73 17 1.00087
73 18 1.00087
73 19 1.00086
73 20 1.00085
73 21 1.00084
73 22 1.00082
73 23 1.00081
73 24 1.00079
73 25 1.00077
73 26 1.00074
73 27 1.00072
73 28 1.00069
73 29 1.00065
73 30 1.00061
73 31 1.00057
73 32 1.00052
73 33 1.00047
73 34 1.00041
73 35 1.00035
73 36 1.00029
73 37 1.00021
73 38 1.00014
73 39 1.00006
73 40 0.999975
73 41 0.999887
73 42 0.999796
73 43 0.999703
73 44 0.999608
73 45 0.999511
73 46 0.999413
73 47 0.999314
73 48 0.999216
73 49 0.999119
73 50 0.999023
73 51 0.998929
73 52 0.998837
73 53 0.998747
73 54 0.998661
73 55 0.998577
73 56 0.998497
73 57 0.998421
73 58 0.998348
73 59 0.998279
73 60 0.998213
73 61 0.998152
73 62 0.998094
73 63 0.99804
73 64 0.99799
73 65 0.997943
73 66 0.9979
73 67 0.997861
73 68 0.997825
73 69 0.997792
73 70 0.997763
73 71 0.997737
73 72 0.997714
73 73 0.997694
73 74 0.997678
73 75 0.997665
73 76 0.997654
73 77 0.997647
73 78 0.997642
73 79 0.997641
73 80 0.997642
73 81 0.997646
73 82 0.997653
73 83 0.997663
73 84 0.997675
73 85 0.997689
73 86 0.997706
73 87 0.997726
73 88 0.997747
73 89 0.997771
73 90 0.997797
73 91 0.997825
73 92 0.997854
73 93 0.997886
73 94 0.997918
73 95 0.997952
73 96 0.997987
73 97 0.998023
73 98 0.998059
73 99 0.998096
73 100 0.998134
73 101 0.998171
73 102 0.998209
73 103 0.998246
73 104 0.998283
73 105 0.998319
73 106 0.998354
73 107 0.998388
73 108 0.998421
73 109 0.998453
73 110 0.998484
73 111 0.998514
73 112 0.998543
73 113 0.99857
73 114 0.998597
73 115 0.998622
73 116 0.998647
73 117 0.998671
73 118 0.998694
73 119 0.998716
73 120 0.998737
73 121 0.998758
73 122 0.998776
73 123 0.998793
73 124 0.998808
73 125 0.99882
73 126 0.998829
73 127 0.998833

74 0 0
74 1 1.00092
74 2 1.00092
74 3 1.00091
74 4 1.00091
74 5 1.00091
74 6 1.00091
74 7 1.00091
74 8 1.0009
74 9 1.0009
74 10 1.0009
74 11 1.0009
74 12 1.0009
74 13 1.00089
74 14 1.00089
74 15 1.00088
74 16 1.00088
74 17 1.00087
74 18 1.00087
74 19 1.00086
74 20 1.00085
74 21 1.00084
74 22 1.00082
74 23 1.00081
74 24 1.00079
74 25 1.00077
74 26 1.00075
74 27 1.00072
74 28 1.00069
74 29 1.00066
74 30 1.00062
74 31 1.00057
74 32 1.00053
74 33 1.00048
74 34 1.00042
74 35 1.00036
74 36 1.00029
74 37 1.00022
74 38 1.00014
74 39 1.00006
74 40 0.999981
74 41 0.999893
74 42 0.999802
74 43 0.999708
74 44 0.999613
74 45 0.999515
74 46 0.999417
74 47 0.999318
74 48 0.99922
74 49 0.999122
74 50 0.999026
74 51 0.998931
74 52 0.998838
74 53 0.998748
74 54 0.998661
74 55 0.998577
74 56 0.998497
74 57 0.99842
74 58 0.998347
74 59 0.998278
74 60 0.998212
74 61 0.99815
74 62 0.998092
74 63 0.998038
74 64 0.997988
74 65 0.997941
74 66 0.997898
74 67 0.997859
74 68 0.997823
74 69 0.997791
74 70 0.997761
74 71 0.997735
74 72 0.997713
74 73 0.997693
74 74 0.997677
74 75 0.997664
74 76 0.997653
74 77 0.997646
74 78 0.997642
74 79 0.99764
74 80 0.997641
74 81 0.997646
74 82 0.997652
74 83 0.997662
74 84 0.997674
74 85 0.997688
74 86 0.997705
74 87 0.997725
74 88 0.997746
74 89 0.99777
74 90 0.997796
74 91 0.997823
74 92 0.997853
74 93 0.997884
74 94 0.997916
74 95 0.99795
74 96 0.997984
74 97 0.99802
74 98 0.998056
74 99 0.998093
74 100 0.99813
74 101 0.998167
74 102 0.998204
74 103 0.99824
74 104 0.998276
74 105 0.998312
74 106 0.998347
74 107 0.99838
74 108 0.998413
74 109 0.998445
74 110 0.998475
74 111 0.998505
74 112 0.998533
74 113 0.99856
74 114 0.998586
74 115 0.998611
74 116 0.998635
74 117 0.998659
74 118 0.998682
74 119 0.998704
74 120 0.998725
74 121 0.998745
74 122 0.998763
74 123 0.99878
74 124 0.998794
74 125 0.998806
74 126 0.998814
74 127 0.998817

75 0 0
75 1 1.00092
75 2 1.00091
75 3 1.00091
75 4 1.00091
75 5 1.00091
75 6 1.00091
75 7 1.0009
75 8 1.0009
75 9 1.0009
75 10 1.0009
75 11 1.0009
75 12 1.00089
75 13 1.00089
75 14 1.00089
75 15 1.00088
75 16 1.00088
75 17 1.00087
75 18 1.00087
75 19 1.00086
75 20 1.00085
75 21 1.00084
75 22 1.00082
75 23 1.00081
75 24 1.00079
75 25 1.00077
75 26 1.00075
75 27 1.00072
75 28 1.00069
75 29 1.00066
75 30 1.00062
75 31 1.00058
75 32 1.00053
75 33 1.00048
75 34 1.00043
75 35 1.00036
75 36 1.0003
75 37 1.00023
75 38 1.00015
75 39 1.00007
75 40 0.999989
75 41 0.999901
75 42 0.99981
75 43 0.999716
75 44 0.999621
75 45 0.999523
75 46 0.999424
75 47 0.999325
75 48 0.999226
75 49 0.999128
75 50 0.999031
75 51 0.998936
75 52 0.998843
75 53 0.998752
75 54 0.998665
75 55 0.998581
75 56 0.9985
75 57 0.998423
75 58 0.998349
75 59 0.99828
75 60 0.998214
75 61 0.998152
75 62 0.998094
75 63 0.99804
75 64 0.997989
75 65 0.997943
75 66 0.9979
75 67 0.99786
75 68 0.997824
75 69 0.997792
75 70 0.997763
75 71 0.997737
75 72 0.997714
75 73 0.997695
75 74 0.997679
75 75 0.997665
75 76 0.997655
75 77 0.997648
75 78 0.997644
75 79 0.997642
75 80 0.997643
75 81 0.997648
75 82 0.997654
75 83 0.997664
75 84 0.997676
75 85 0.99769
75 86 0.997707
75 87 0.997727
75 88 0.997748
75 89 0.997772
75 90 0.997797
75 91 0.997825
75 92 0.997854
75 93 0.997885
75 94 0.997917
75 95 0.99795
75 96 0.997985
75 97 0.99802
75 98 0.998056
75 99 0.998092
75 100 0.998129
75 101 0.998165
75 102 0.998202
75 103 0.998238
75 104 0.998274
75 105 0.998309
75 106 0.998343
75 107 0.998376
75 108 0.998409
75 109 0.99844
75 110 0.99847
75 111 0.998499
75 112 0.998526
75 113 0.998553
75 114 0.998579
75 115 0.998604
75 116 0.998628
75 117 0.998651
75 118 0.998673
75 119 0.998695
75 120 0.998716
75 121 0.998736
75 122 0.998754
75 123 0.99877
75 124 0.998784
75 125 0.998795
75 126 0.998802
75 127 0.998806

76 0 0
76 1 1.00092
76 2 1.00091
76 3 1.00091
76 4 1.00091
76 5 1.00091
76 6 1.00091
76 7 1.0009
76 8 1.0009
76 9 1.0009
76 10 1.0009
76 11 1.0009
76 12 1.00089
76 13 1.00089
76 14 1.00089
76 15 1.00088
76 16 1.00088
76 17 1.00087
76 18 1.00087
76 19 1.00086
76 20 1.00085
76 21 1.00084
76 22 1.00083
76 23 1.00081
76 24 1.00079
76 25 1.00077
76 26 1.00075
76 27 1.00073
76 28 1.0007
76 29 1.00066
76 30 1.00063
76 31 1.00059
76 32 1.00054
76 33 1.00049
76 34 1.00043
76 35 1.00037
76 36 1.00031
76 37 1.00024
76 38 1.00016
76 39 1.00008
76 40 0.999999
76 41 0.999911
76 42 0.999821
76 43 0.999727
76 44 0.999631
76 45 0.999533
76 46 0.999434
76 47 0.999335
76 48 0.999236
76 49 0.999137
76 50 0.99904
76 51 0.998944
76 52 0.998851
76 53 0.99876
76 54 0.998672
76 55 0.998587
76 56 0.998506
76 57 0.998428
76 58 0.998355
76 59 0.998285
76 60 0.998219
76 61 0.998157
76 62 0.998098
76 63 0.998044
76 64 0.997993
76 65 0.997947
76 66 0.997904
76 67 0.997864
76 68 0.997828
76 69 0.997796
76 70 0.997767
76 71 0.997741
76 72 0.997718
76 73 0.997699
76 74 0.997683
76 75 0.99767
76 76 0.99766
76 77 0.997652
76 78 0.997648
76 79 0.997647
76 80 0.997648
76 81 0.997652
76 82 0.997659
76 83 0.997669
76 84 0.997681
76 85 0.997695
76 86 0.997712
76 87 0.997732
76 88 0.997753
76 89 0.997777
76 90 0.997802
76 91 0.997829
76 92 0.997858
76 93 0.997889
76 94 0.997921
76 95 0.997954
76 96 0.997988
76 97 0.998023
76 98 0.998059
76 99 0.998095
76 100 0.998131
76 101 0.998167
76 102 0.998204
76 103 0.998239
76 104 0.998275
76 105 0.998309
76 106 0.998343
76 107 0.998376
76 108 0.998408
76 109 0.998438
76 110 0.998468
76 111 0.998496
76 112 0.998524
76 113 0.99855
76 114 0.998575
76 115 0.9986
76 116 0.998624
76 117 0.998647
76 118 0.998669
76 119 0.998691
76 120 0.998711
76 121 0.998731
76 122 0.998749
76 123 0.998765
76 124 0.998779
76 125 0.998789
76 126 0.998796
76 127 0.998798

77 0 0
77 1 1.00092
77 2 1.00091
77 3 1.00091
77 4 1.00091
77 5 1.00091
77 6 1.0009
77 7 1.0009
77 8 1.0009
77 9 1.0009
77 10 1.0009
77 11 1.00089
77 12 1.00089
77 13 1.00089
77 14 1.00089
77 15 1.00088
77 16 1.00088
77 17 1.00087
77 18 1.00087
77 19 1.00086
77 20 1.00085
77 21 1.00084
77 22 1.00083
77 23 1.00081
77 24 1.0008
77 25 1.00078
77 26 1.00075
77 27 1.00073
77 28 1.0007
77 29 1.00067
77 30 1.00063
77 31 1.00059
77 32 1.00055
77 33 1.0005
77 34 1.00044
77 35 1.00038
77 36 1.00032
77 37 1.00025
77 38 1.00017
77 39 1.00009
77 40 1.00001
77 41 0.999924
77 42 0.999833
77 43 0.99974
77 44 0.999644
77 45 0.999546
77 46 0.999447
77 47 0.999348
77 48 0.999248
77 49 0.999149
77 50 0.999051
77 51 0.998955
77 52 0.998861
77 53 0.99877
77 54 0.998682
77 55 0.998597
77 56 0.998515
77 57 0.998437
77 58 0.998363
77 59 0.998293
77 60 0.998226
77 61 0.998164
77 62 0.998106
77 63 0.998051
77 64 0.998
77 65 0.997954
77 66 0.99791
77 67 0.997871
77 68 0.997835
77 69 0.997802
77 70 0.997773
77 71 0.997748
77 72 0.997725
77 73 0.997706
77 74 0.99769
77 75 0.997677
77 76 0.997667
77 77 0.99766
77 78 0.997655
77 79 0.997654
77 80 0.997656
77 81 0.99766
77 82 0.997667
77 83 0.997676
77 84 0.997688
77 85 0.997703
77 86 0.99772
77 87 0.997739
77 88 0.997761
77 89 0.997784
77 90 0.99781
77 91 0.997837
77 92 0.997866
77 93 0.997896
77 94 0.997928
77 95 0.997961
77 96 0.997995
77 97 0.99803
77 98 0.998065
77 99 0.998101
77 100 0.998137
77 101 0.998173
77 102 0.998209
77 103 0.998244
77 104 0.998279
77 105 0.998313
77 106 0.998346
77 107 0.998379
77 108 0.99841
77 109 0.998441
77 110 0.99847
77 111 0.998498
77 112 0.998525
77 113 0.998551
77 114 0.998576
77 115 0.9986
77 116 0.998624
77 117 0.998647
77 118 0.998669
77 119 0.998691
77 120 0.998711
77 121 0.99873
77 122 0.998748
77 123 0.998764
77 124 0.998777
77 125 0.998787
77 126 0.998793
77 127 0.998794

78 0 0
78 1 1.00091
78 2 1.00091
78 3 1.00091
78 4 1.00091
78 5 1.0009
78 6 1.0009
78 7 1.0009
78 8 1.0009
78 9 1.0009
78 10 1.00089
78 11 1.00089
78 12 1.00089
78 13 1.00089
78 14 1.00088
78 15 1.00088
78 16 1.00088
78 17 1.00087
78 18 1.00086
78 19 1.00086
78 20 1.00085
78 21 1.00084
78 22 1.00083
78 23 1.00081
78 24 1.0008
78 25 1.00078
78 26 1.00076
78 27 1.00073
78 28 1.0007
78 29 1.00067
78 30 1.00064
78 31 1.0006
78 32 1.00055
78 33 1.0005
78 34 1.00045
78 35 1.00039
78 36 1.00033
78 37 1.00026
78 38 1.00019
78 39 1.00011
78 40 1.00003
78 41 0.999939
78 42 0.999848
78 43 0.999755
78 44 0.99966
78 45 0.999562
78 46 0.999463
78 47 0.999363
78 48 0.999263
78 49 0.999164
78 50 0.999066
78 51 0.99897
78 52 0.998875
78 53 0.998784
78 54 0.998695
78 55 0.998609
78 56 0.998527
78 57 0.998449
78 58 0.998374
78 59 0.998304
78 60 0.998237
78 61 0.998174
78 62 0.998116
78 63 0.998061
78 64 0.99801
78 65 0.997963
78 66 0.99792
78 67 0.99788
78 68 0.997844
78 69 0.997812
78 70 0.997783
78 71 0.997757
78 72 0.997735
78 73 0.997715
78 74 0.997699
78 75 0.997686
78 76 0.997676
78 77 0.997669
78 78 0.997665
78 79 0.997664
78 80 0.997665
78 81 0.99767
78 82 0.997677
78 83 0.997686
78 84 0.997699
78 85 0.997713
78 86 0.99773
78 87 0.997749
78 88 0.997771
78 89 0.997794
78 90 0.99782
78 91 0.997847
78 92 0.997876
78 93 0.997906
78 94 0.997938
78 95 0.997971
78 96 0.998005
78 97 0.998039
78 98 0.998074
78 99 0.99811
78 100 0.998146
78 101 0.998181
78 102 0.998217
78 103 0.998252
78 104 0.998287
78 105 0.99832
78 106 0.998353
78 107 0.998385
78 108 0.998417
78 109 0.998446
78 110 0.998475
78 111 0.998503
78 112 0.99853
78 113 0.998556
78 114 0.998581
78 115 0.998605
78 116 0.998628
78 117 0.998651
78 118 0.998673
78 119 0.998694
78 120 0.998715
78 121 0.998734
78 122 0.998752
78 123 0.998767
78 124 0.99878
78 125 0.998789
78 126 0.998794
78 127 0.998795

79 0 0
79 1 1.00091
79 2 1.00091
79 3 1.00091
79 4 1.00091
79 5 1.0009
79 6 1.0009
79 7 1.0009
79 8 1.0009
79 9 1.00089
79 10 1.00089
79 11 1.00089
79 12 1.00089
79 13 1.00089
79 14 1.00088
79 15 1.00088
79 16 1.00087
79 17 1.00087
79 18 1.00086
79 19 1.00086
79 20 1.00085
79 21 1.00084
79 22 1.00083
79 23 1.00081
79 24 1.0008
79 25 1.00078
79 26 1.00076
79 27 1.00074
79 28 1.00071
79 29 1.00068
79 30 1.00064
79 31 1.0006
79 32 1.00056
79 33 1.00051
79 34 1.00046
79 35 1.0004
79 36 1.00034
79 37 1.00027
79 38 1.0002
79 39 1.00012
79 40 1.00004
79 41 0.999955
79 42 0.999866
79 43 0.999773
79 44 0.999678
79 45 0.99958
79 46 0.999481
79 47 0.999382
79 48 0.999282
79 49 0.999182
79 50 0.999084
79 51 0.998987
79 52 0.998893
79 53 0.9988
79 54 0.998711
79 55 0.998625
79 56 0.998542
79 57 0.998464
79 58 0.998389
79 59 0.998318
79 60 0.998251
79 61 0.998188
79 62 0.998129
79 63 0.998074
79 64 0.998022
79 65 0.997975
79 66 0.997932
79 67 0.997892
79 68 0.997856
79 69 0.997824
79 70 0.997794
79 71 0.997769
79 72 0.997746
79 73 0.997727
79 74 0.997711
79 75 0.997698
79 76 0.997688
79 77 0.997681
79 78 0.997677
79 79 0.997676
79 80 0.997678
79 81 0.997682
79 82 0.997689
79 83 0.997699
79 84 0.997711
79 85 0.997726
79 86 0.997743
79 87 0.997762
79 88 0.997784
79 89 0.997807
79 90 0.997833
79 91 0.99786
79 92 0.997889
79 93 0.997919
79 94 0.997951
79 95 0.997984
79 96 0.998017
79 97 0.998052
79 98 0.998087
79 99 0.998122
79 100 0.998158
79 101 0.998193
79 102 0.998229
79 103 0.998263
79 104 0.998298
79 105 0.998331
79 106 0.998364
79 107 0.998396
79 108 0.998426
79 109 0.998456
79 110 0.998485
79 111 0.998512
79 112 0.998539
79 113 0.998564
79 114 0.998589
79 115 0.998613
79 116 0.998637
79 117 0.998659
79 118 0.998681
79 119 0.998703
79 120 0.998723
79 121 0.998742
79 122 0.998759
79 123 0.998774
79 124 0.998787
79 125 0.998796
79 126 0.9988
79 127 0.998801

80 0 0
80 1 1.00091
80 2 1.00091
80 3 1.00091
80 4 1.0009
80 5 1.0009
80 6 1.0009
80 7 1.0009
80 8 1.00089
80 9 1.00089
80 10 1.00089
80 11 1.00089
80 12 1.00089
80 13 1.00088
80 14 1.00088
80 15 1.00088
80 16 1.00087
80 17 1.00087
80 18 1.00086
80 19 1.00086
80 20 1.00085
80 21 1.00084
80 22 1.00083
80 23 1.00081
80 24 1.0008
80 25 1.00078
80 26 1.00076
80 27 1.00074
80 28 1.00071
80 29 1.00068
80 30 1.00065
80 31 1.00061
80 32 1.00057
80 33 1.00052
80 34 1.00047
80 35 1.00042
80 36 1.00035
80 37 1.00029
80 38 1.00022
80 39 1.00014
80 40 1.00006
80 41 0.999974
80 42 0.999885
80 43 0.999793
80 44 0.999698
80 45 0.999601
80 46 0.999503
80 47 0.999403
80 48 0.999303
80 49 0.999204
80 50 0.999105
80 51 0.999008
80 52 0.998913
80 53 0.99882
80 54 0.998731
80 55 0.998644
80 56 0.998561
80 57 0.998482
80 58 0.998406
80 59 0.998335
80 60 0.998267
80 61 0.998204
80 62 0.998144
80 63 0.998089
80 64 0.998038
80 65 0.99799
80 66 0.997947
80 67 0.997907
80 68 0.997871
80 69 0.997838
80 70 0.997809
80 71 0.997783
80 72 0.997761
80 73 0.997741
80 74 0.997725
80 75 0.997713
80 76 0.997703
80 77 0.997696
80 78 0.997692
80 79 0.997691
80 80 0.997693
80 81 0.997697
80 82 0.997704
80 83 0.997714
80 84 0.997727
80 85 0.997741
80 86 0.997759
80 87 0.997778
80 88 0.9978
80 89 0.997823
80 90 0.997849
80 91 0.997876
80 92 0.997905
80 93 0.997935
80 94 0.997967
80 95 0.997999
80 96 0.998033
80 97 0.998067
80 98 0.998102
80 99 0.998138
80 100 0.998173
80 101 0.998208
80 102 0.998243
80 103 0.998278
80 104 0.998312
80 105 0.998345
80 106 0.998378
80 107 0.998409
80 108 0.99844
80 109 0.998469
80 110 0.998498
80 111 0.998525
80 112 0.998552
80 113 0.998577
80 114 0.998602
80 115 0.998626
80 116 0.998649
80 117 0.998672
80 118 0.998694
80 119 0.998715
80 120 0.998735
80 121 0.998754
80 122 0.998772
80 123 0.998786
80 124 0.998798
80 125 0.998807
80 126 0.998811
80 127 0.998811

81 0 0
81 1 1.00091
81 2 1.00091
81 3 1.0009
81 4 1.0009
81 5 1.0009
81 6 1.0009
81 7 1.00089
81 8 1.00089
81 9 1.00089
81 10 1.00089
81 11 1.00089
81 12 1.00088
81 13 1.00088
81 14 1.00088
81 15 1.00087
81 16 1.00087
81 17 1.00087
81 18 1.00086
81 19 1.00085
81 20 1.00085
81 21 1.00084
81 22 1.00083
81 23 1.00082
81 24 1.0008
81 25 1.00078
81 26 1.00077
81 27 1.00074
81 28 1.00072
81 29 1.00069
81 30 1.00066
81 31 1.00062
81 32 1.00058
81 33 1.00053
81 34 1.00048
81 35 1.00043
81 36 1.00037
81 37 1.0003
81 38 1.00023
81 39 1.00016
81 40 1.00008
81 41 0.999995
81 42 0.999907
81 43 0.999815
81 44 0.999721
81 45 0.999625
81 46 0.999527
81 47 0.999427
81 48 0.999328
81 49 0.999228
81 50 0.999129
81 51 0.999032
81 52 0.998936
81 53 0.998843
81 54 0.998753
81 55 0.998666
81 56 0.998583
81 57 0.998503
81 58 0.998427
81 59 0.998355
81 60 0.998287
81 61 0.998223
81 62 0.998163
81 63 0.998107
81 64 0.998056
81 65 0.998008
81 66 0.997964
81 67 0.997924
81 68 0.997887
81 69 0.997855
81 70 0.997825
81 71 0.9978
81 72 0.997777
81 73 0.997758
81 74 0.997742
81 75 0.997729
81 76 0.997719
81 77 0.997713
81 78 0.997709
81 79 0.997708
81 80 0.99771
81 81 0.997714
81 82 0.997722
81 83 0.997732
81 84 0.997744
81 85 0.997759
81 86 0.997776
81 87 0.997796
81 88 0.997818
81 89 0.997841
81 90 0.997867
81 91 0.997894
81 92 0.997923
81 93 0.997953
81 94 0.997985
81 95 0.998018
81 96 0.998051
81 97 0.998086
81 98 0.998121
81 99 0.998156
81 100 0.998191
81 101 0.998226
81 102 0.998261
81 103 0.998296
81 104 0.99833
81 105 0.998363
81 106 0.998395
81 107 0.998427
81 108 0.998457
81 109 0.998486
81 110 0.998515
81 111 0.998542
81 112 0.998569
81 113 0.998594
81 114 0.998619
81 115 0.998643
81 116 0.998666
81 117 0.998689
81 118 0.998711
81 119 0.998732
81 120 0.998753
81 121 0.998771
81 122 0.998789
81 123 0.998803
81 124 0.998815
81 125 0.998823
81 126 0.998827
81 127 0.998825

82 0 0
82 1 1.00091
82 2 1.0009
82 3 1.0009
82 4 1.0009
82 5 1.0009
82 6 1.00089
82 7 1.00089
82 8 1.00089
82 9 1.00089
82 10 1.00089
82 11 1.00088
82 12 1.00088
82 13 1.00088
82 14 1.00088
82 15 1.00087
82 16 1.00087
82 17 1.00086
82 18 1.00086
82 19 1.00085
82 20 1.00085
82 21 1.00084
82 22 1.00083
82 23 1.00082
82 24 1.0008
82 25 1.00079
82 26 1.00077
82 27 1.00075
82 28 1.00072
82 29 1.00069
82 30 1.00066
82 31 1.00063
82 32 1.00059
82 33 1.00054
82 34 1.0005
82 35 1.00044
82 36 1.00038
82 37 1.00032
82 38 1.00025
82 39 1.00018
82 40 1.0001
82 41 1.00002
82 42 0.99993
82 43 0.99984
82 44 0.999747
82 45 0.999651
82 46 0.999553
82 47 0.999454
82 48 0.999355
82 49 0.999255
82 50 0.999156
82 51 0.999059
82 52 0.998963
82 53 0.99887
82 54 0.998779
82 55 0.998692
82 56 0.998607
82 57 0.998527
82 58 0.99845
82 59 0.998378
82 60 0.998309
82 61 0.998245
82 62 0.998184
82 63 0.998128
82 64 0.998076
82 65 0.998028
82 66 0.997984
82 67 0.997944
82 68 0.997907
82 69 0.997874
82 70 0.997845
82 71 0.997819
82 72 0.997796
82 73 0.997777
82 74 0.997761
82 75 0.997748
82 76 0.997738
82 77 0.997732
82 78 0.997728
82 79 0.997727
82 80 0.997729
82 81 0.997734
82 82 0.997741
82 83 0.997751
82 84 0.997764
82 85 0.997779
82 86 0.997797
82 87 0.997816
82 88 0.997838
82 89 0.997862
82 90 0.997887
82 91 0.997915
82 92 0.997944
82 93 0.997974
82 94 0.998006
82 95 0.998039
82 96 0.998073
82 97 0.998107
82 98 0.998142
82 99 0.998177
82 100 0.998212
82 101 0.998247
82 102 0.998282
82 103 0.998317
82 104 0.998351
82 105 0.998384
82 106 0.998416
82 107 0.998447
82 108 0.998478
82 109 0.998507
82 110 0.998536
82 111 0.998563
82 112 0.998589
82 113 0.998615
82 114 0.99864
82 115 0.998664
82 116 0.998687
82 117 0.99871
82 118 0.998732
82 119 0.998754
82 120 0.998774
82 121 0.998793
82 122 0.99881
82 123 0.998825
82 124 0.998836
82 125 0.998844
82 126 0.998847
82 127 0.998845

83 0 0
83 1 1.0009
83 2 1.0009
83 3 1.0009
83 4 1.00089
83 5 1.00089
83 6 1.00089
83 7 1.00089
83 8 1.00089
83 9 1.00088
83 10 1.00088
83 11 1.00088
83 12 1.00088
83 13 1.00088
83 14 1.00087
83 15 1.00087
83 16 1.00087
83 17 1.00086
83 18 1.00086
83 19 1.00085
83 20 1.00084
83 21 1.00084
83 22 1.00083
83 23 1.00082
83 24 1.0008
83 25 1.00079
83 26 1.00077
83 27 1.00075
83 28 1.00073
83 29 1.0007
83 30 1.00067
83 31 1.00064
83 32 1.0006
83 33 1.00056
83 34 1.00051
83 35 1.00046
83 36 1.0004
83 37 1.00034
83 38 1.00027
83 39 1.0002
83 40 1.00012
83 41 1.00004
83 42 0.999956
83 43 0.999867
83 44 0.999774
83 45 0.999679
83 46 0.999582
83 47 0.999484
83 48 0.999385
83 49 0.999286
83 50 0.999187
83 51 0.999089
83 52 0.998993
83 53 0.998899
83 54 0.998808
83 55 0.99872
83 56 0.998635
83 57 0.998554
83 58 0.998477
83 59 0.998404
83 60 0.998335
83 61 0.99827
83 62 0.998209
83 63 0.998152
83 64 0.9981
83 65 0.998051
83 66 0.998006
83 67 0.997966
83 68 0.997929
83 69 0.997896
83 70 0.997866
83 71 0.99784
83 72 0.997817
83 73 0.997798
83 74 0.997782
83 75 0.997769
83 76 0.99776
83 77 0.997753
83 78 0.997749
83 79 0.997749
83 80 0.997751
83 81 0.997756
83 82 0.997763
83 83 0.997773
83 84 0.997786
83 85 0.997801
83 86 0.997819
83 87 0.997839
83 88 0.997861
83 89 0.997885
83 90 0.99791
83 91 0.997938
83 92 0.997967
83 93 0.997998
83 94 0.99803
83 95 0.998063
83 96 0.998096
83 97 0.998131
83 98 0.998166
83 99 0.998201
83 100 0.998236
83 101 0.998272
83 102 0.998306
83 103 0.998341
83 104 0.998375
83 105 0.998408
83 106 0.99844
83 107 0.998472
83 108 0.998502
83 109 0.998532
83 110 0.99856
83 111 0.998588
83 112 0.998614
83 113 0.99864
83 114 0.998665
83 115 0.998689
83 116 0.998713
83 117 0.998736
83 118 0.998759
83 119 0.99878
83 120 0.998801
83 121 0.99882
83 122 0.998837
83 123 0.998851
83 124 0.998863
83 125 0.99887
83 126 0.998872
83 127 0.99887

84 0 0
84 1 1.0009
84 2 1.0009
84 3 1.00089
84 4 1.00089
84 5 1.00089
84 6 1.00089
84 7 1.00088
84 8 1.00088
84 9 1.00088
84 10 1.00088
84 11 1.00088
84 12 1.00087
84 13 1.00087
84 14 1.00087
84 15 1.00087
84 16 1.00086
84 17 1.00086
84 18 1.00085
84 19 1.00085
84 20 1.00084
84 21 1.00083
84 22 1.00083
84 23 1.00082
84 24 1.0008
84 25 1.00079
84 26 1.00077
84 27 1.00075
84 28 1.00073
84 29 1.00071
84 30 1.00068
84 31 1.00064
84 32 1.00061
84 33 1.00057
84 34 1.00052
84 35 1.00047
84 36 1.00042
84 37 1.00036
84 38 1.00029
84 39 1.00022
84 40 1.00015
84 41 1.00007
84 42 0.999983
84 43 0.999895
84 44 0.999804
84 45 0.99971
84 46 0.999614
84 47 0.999516
84 48 0.999418
84 49 0.999319
84 50 0.99922
84 51 0.999122
84 52 0.999026
84 53 0.998932
84 54 0.998841
84 55 0.998752
84 56 0.998667
84 57 0.998585
84 58 0.998507
84 59 0.998433
84 60 0.998363
84 61 0.998298
84 62 0.998236
84 63 0.998179
84 64 0.998126
84 65 0.998077
84 66 0.998032
84 67 0.99799
84 68 0.997953
84 69 0.99792
84 70 0.99789
84 71 0.997864
84 72 0.997841
84 73 0.997821
84 74 0.997805
84 75 0.997793
84 76 0.997783
84 77 0.997776
84 78 0.997773
84 79 0.997772
84 80 0.997774
84 81 0.997779
84 82 0.997787
84 83 0.997797
84 84 0.99781
84 85 0.997826
84 86 0.997843
84 87 0.997863
84 88 0.997885
84 89 0.99791
84 90 0.997936
84 91 0.997963
84 92 0.997993
84 93 0.998024
84 94 0.998056
84 95 0.998089
84 96 0.998123
84 97 0.998157
84 98 0.998192
84 99 0.998228
84 100 0.998263
84 101 0.998298
84 102 0.998334
84 103 0.998368
84 104 0.998402
84 105 0.998436
84 106 0.998468
84 107 0.9985
84 108 0.99853
84 109 0.99856
84 110 0.998588
84 111 0.998616
84 112 0.998643
84 113 0.998669
84 114 0.998694
84 115 0.998719
84 116 0.998743
84 117 0.998767
84 118 0.99879
84 119 0.998812
84 120 0.998832
84 121 0.998852
84 122 0.998869
84 123 0.998883
84 124 0.998894
84 125 0.998901
84 126 0.998903
84 127 0.998899

85 0 0
85 1 1.0009
85 2 1.00089
85 3 1.00089
85 4 1.00089
85 5 1.00089
85 6 1.00088
85 7 1.00088
85 8 1.00088
85 9 1.00088
85 10 1.00088
85 11 1.00087
85 12 1.00087
85 13 1.00087
85 14 1.00087
85 15 1.00086
85 16 1.00086
85 17 1.00086
85 18 1.00085
85 19 1.00085
85 20 1.00084
85 21 1.00083
85 22 1.00082
85 23 1.00081
85 24 1.0008
85 25 1.00079
85 26 1.00077
85 27 1.00076
85 28 1.00073
85 29 1.00071
85 30 1.00068
85 31 1.00065
85 32 1.00062
85 33 1.00058
85 34 1.00053
85 35 1.00049
85 36 1.00043
85 37 1.00038
85 38 1.00031
85 39 1.00024
85 40 1.00017
85 41 1.00009
85 42 1.00001
85 43 0.999925
85 44 0.999836
85 45 0.999743
85 46 0.999648
85 47 0.999551
85 48 0.999453
85 49 0.999355
85 50 0.999257
85 51 0.999159
85 52 0.999063
85 53 0.998968
85 54 0.998876
85 55 0.998787
85 56 0.998701
85 57 0.998619
85 58 0.99854
85 59 0.998465
85 60 0.998395
85 61 0.998328
85 62 0.998266
85 63 0.998208
85 64 0.998155
85 65 0.998105
85 66 0.998059
85 67 0.998018
85 68 0.99798
85 69 0.997946
85 70 0.997916
85 71 0.99789
85 72 0.997867
85 73 0.997847
85 74 0.997831
85 75 0.997818
85 76 0.997808
85 77 0.997802
85 78 0.997798
85 79 0.997797
85 80 0.9978
85 81 0.997805
85 82 0.997813
85 83 0.997823
85 84 0.997836
85 85 0.997852
85 86 0.99787
85 87 0.99789
85 88 0.997912
85 89 0.997937
85 90 0.997963
85 91 0.997991
85 92 0.998021
85 93 0.998052
85 94 0.998084
85 95 0.998117
85 96 0.998151
85 97 0.998186
85 98 0.998221
85 99 0.998257
85 100 0.998293
85 101 0.998328
85 102 0.998364
85 103 0.998398
85 104 0.998433
85 105 0.998466
85 106 0.998499
85 107 0.998531
85 108 0.998562
85 109 0.998592
85 110 0.998621
85 111 0.998649
85 112 0.998676
85 113 0.998703
85 114 0.998728
85 115 0.998754
85 116 0.998778
85 117 0.998802
85 118 0.998825
85 119 0.998848
85 120 0.998869
85 121 0.998888
85 122 0.998906
85 123 0.99892
85 124 0.998931
85 125 0.998937
85 126 0.998939
85 127 0.998935

86 0 0
86 1 1.00089
86 2 1.00089
86 3 1.00089
86 4 1.00088
86 5 1.00088
86 6 1.00088
86 7 1.00088
86 8 1.00088
86 9 1.00087
86 10 1.00087
86 11 1.00087
86 12 1.00087
86 13 1.00087
86 14 1.00086
86 15 1.00086
86 16 1.00086
86 17 1.00085
86 18 1.00085
86 19 1.00084
86 20 1.00084
86 21 1.00083
86 22 1.00082
86 23 1.00081
86 24 1.0008
86 25 1.00079
86 26 1.00078
86 27 1.00076
86 28 1.00074
86 29 1.00072
86 30 1.00069
86 31 1.00066
86 32 1.00063
86 33 1.00059
86 34 1.00055
86 35 1.0005
86 36 1.00045
86 37 1.00039
86 38 1.00033
86 39 1.00027
86 40 1.0002
86 41 1.00012
86 42 1.00004
86 43 0.999957
86 44 0.999869
86 45 0.999778
86 46 0.999685
86 47 0.999589
86 48 0.999492
86 49 0.999394
86 50 0.999296
86 51 0.999198
86 52 0.999102
86 53 0.999007
86 54 0.998915
86 55 0.998826
86 56 0.998739
86 57 0.998656
86 58 0.998577
86 59 0.998501
86 60 0.99843
86 61 0.998362
86 62 0.998299
86 63 0.998241
86 64 0.998186
86 65 0.998136
86 66 0.99809
86 67 0.998048
86 68 0.998009
86 69 0.997975
86 70 0.997945
86 71 0.997918
86 72 0.997894
86 73 0.997875
86 74 0.997858
86 75 0.997845
86 76 0.997836
86 77 0.997829
86 78 0.997825
86 79 0.997825
86 80 0.997827
86 81 0.997832
86 82 0.99784
86 83 0.997851
86 84 0.997864
86 85 0.99788
86 86 0.997898
86 87 0.997919
86 88 0.997941
86 89 0.997966
86 90 0.997992
86 91 0.998021
86 92 0.99805
86 93 0.998082
86 94 0.998114
86 95 0.998148
86 96 0.998182
86 97 0.998217
86 98 0.998253
86 99 0.998289
86 100 0.998325
86 101 0.998361
86 102 0.998396
86 103 0.998432
86 104 0.998466
86 105 0.9985
86 106 0.998533
86 107 0.998565
86 108 0.998597
86 109 0.998627
86 110 0.998657
86 111 0.998685
86 112 0.998713
86 113 0.99874
86 114 0.998767
86 115 0.998793
86 116 0.998818
86 117 0.998842
86 118 0.998866
86 119 0.998889
86 120 0.998911
86 121 0.998931
86 122 0.998948
86 123 0.998963
86 124 0.998973
86 125 0.998979
86 126 0.99898
86 127 0.998975

87 0 0
87 1 1.00089
87 2 1.00089
87 3 1.00088
87 4 1.00088
87 5 1.00088
87 6 1.00088
87 7 1.00087
87 8 1.00087
87 9 1.00087
87 10 1.00087
87 11 1.00087
87 12 1.00086
87 13 1.00086
87 14 1.00086
87 15 1.00086
87 16 1.00085
87 17 1.00085
87 18 1.00085
87 19 1.00084
87 20 1.00083
87 21 1.00083
87 22 1.00082
87 23 1.00081
87 24 1.0008
87 25 1.00079
87 26 1.00078
87 27 1.00076
87 28 1.00074
87 29 1.00072
87 30 1.0007
87 31 1.00067
87 32 1.00064
87 33 1.0006
87 34 1.00056
87 35 1.00052
87 36 1.00047
87 37 1.00041
87 38 1.00036
87 39 1.00029
87 40 1.00022
87 41 1.00015
87 42 1.00007
87 43 0.99999
87 44 0.999904
87 45 0.999815
87 46 0.999723
87 47 0.999628
87 48 0.999532
87 49 0.999435
87 50 0.999338
87 51 0.999241
87 52 0.999145
87 53 0.99905
87 54 0.998957
87 55 0.998867
87 56 0.99878
87 57 0.998696
87 58 0.998616
87 59 0.99854
87 60 0.998468
87 61 0.9984
87 62 0.998336
87 63 0.998276
87 64 0.998221
87 65 0.99817
87 66 0.998123
87 67 0.99808
87 68 0.998041
87 69 0.998006
87 70 0.997975
87 71 0.997948
87 72 0.997925
87 73 0.997905
87 74 0.997888
87 75 0.997875
87 76 0.997865
87 77 0.997858
87 78 0.997855
87 79 0.997854
87 80 0.997856
87 81 0.997862
87 82 0.99787
87 83 0.997881
87 84 0.997894
87 85 0.99791
87 86 0.997928
87 87 0.997949
87 88 0.997972
87 89 0.997997
87 90 0.998024
87 91 0.998052
87 92 0.998082
87 93 0.998114
87 94 0.998147
87 95 0.998181
87 96 0.998215
87 97 0.998251
87 98 0.998287
87 99 0.998323
87 100 0.998359
87 101 0.998396
87 102 0.998432
87 103 0.998468
87 104 0.998503
87 105 0.998537
87 106 0.998571
87 107 0.998604
87 108 0.998635
87 109 0.998667
87 110 0.998697
87 111 0.998726
87 112 0.998755
87 113 0.998782
87 114 0.99881
87 115 0.998836
87 116 0.998862
87 117 0.998888
87 118 0.998912
87 119 0.998936
87 120 0.998958
87 121 0.998979
87 122 0.998996
87 123 0.999011
87 124 0.999022
87 125 0.999027
87 126 0.999028
87 127 0.999022

88 0 0
88 1 1.00088
88 2 1.00088
88 3 1.00088
88 4 1.00088
88 5 1.00087
88 6 1.00087
88 7 1.00087
88 8 1.00087
88 9 1.00086
88 10 1.00086
88 11 1.00086
88 12 1.00086
88 13 1.00086
88 14 1.00085
88 15 1.00085
88 16 1.00085
88 17 1.00085
88 18 1.00084
88 19 1.00084
88 20 1.00083
88 21 1.00083
88 22 1.00082
88 23 1.00081
88 24 1.0008
88 25 1.00079
88 26 1.00078
88 27 1.00076
88 28 1.00074
88 29 1.00072
88 30 1.0007
88 31 1.00068
88 32 1.00065
88 33 1.00061
88 34 1.00057
88 35 1.00053
88 36 1.00049
88 37 1.00043
88 38 1.00038
88 39 1.00032
88 40 1.00025
88 41 1.00018
88 42 1.0001
88 43 1.00002
88 44 0.999941
88 45 0.999854
88 46 0.999763
88 47 0.99967
88 48 0.999575
88 49 0.999479
88 50 0.999383
88 51 0.999286
88 52 0.99919
88 53 0.999095
88 54 0.999003
88 55 0.998912
88 56 0.998825
88 57 0.99874
88 58 0.998659
88 59 0.998582
88 60 0.998509
88 61 0.99844
88 62 0.998375
88 63 0.998315
88 64 0.998258
88 65 0.998206
88 66 0.998159
88 67 0.998115
88 68 0.998076
88 69 0.99804
88 70 0.998009
88 71 0.997981
88 72 0.997957
88 73 0.997936
88 74 0.99792
88 75 0.997906
88 76 0.997896
88 77 0.997889
88 78 0.997886
88 79 0.997885
88 80 0.997887
88 81 0.997893
88 82 0.997901
88 83 0.997912
88 84 0.997926
88 85 0.997942
88 86 0.99796
88 87 0.997981
88 88 0.998004
88 89 0.998029
88 90 0.998056
88 91 0.998085
88 92 0.998116
88 93 0.998148
88 94 0.998181
88 95 0.998215
88 96 0.998251
88 97 0.998286
88 98 0.998323
88 99 0.99836
88 100 0.998397
88 101 0.998433
88 102 0.99847
88 103 0.998506
88 104 0.998542
88 105 0.998577
88 106 0.998611
88 107 0.998645
88 108 0.998678
88 109 0.99871
88 110 0.998741
88 111 0.998771
88 112 0.9988
88 113 0.998829
88 114 0.998857
88 115 0.998885
88 116 0.998912
88 117 0.998938
88 118 0.998964
88 119 0.998988
88 120 0.999011
88 121 0.999032
88 122 0.999051
88 123 0.999066
88 124 0.999076
88 125 0.999082
88 126 0.999082
88 127 0.999075

89 0 0
89 1 1.00088
89 2 1.00088
89 3 1.00087
89 4 1.00087
89 5 1.00087
89 6 1.00087
89 7 1.00086
89 8 1.00086
89 9 1.00086
89 10 1.00086
89 11 1.00086
89 12 1.00085
89 13 1.00085
89 14 1.00085
89 15 1.00085
89 16 1.00084
89 17 1.00084
89 18 1.00084
89 19 1.00083
89 20 1.00083
89 21 1.00082
89 22 1.00082
89 23 1.00081
89 24 1.0008
89 25 1.00079
89 26 1.00078
89 27 1.00076
89 28 1.00075
89 29 1.00073
89 30 1.00071
89 31 1.00068
89 32 1.00065
89 33 1.00062
89 34 1.00059
89 35 1.00055
89 36 1.0005
89 37 1.00045
89 38 1.0004
89 39 1.00034
89 40 1.00028
89 41 1.00021
89 42 1.00014
89 43 1.00006
89 44 0.999979
89 45 0.999894
89 46 0.999805
89 47 0.999714
89 48 0.999621
89 49 0.999526
89 50 0.99943
89 51 0.999334
89 52 0.999239
89 53 0.999144
89 54 0.999051
89 55 0.99896
89 56 0.998872
89 57 0.998787
89 58 0.998706
89 59 0.998627
89 60 0.998553
89 61 0.998483
89 62 0.998418
89 63 0.998356
89 64 0.998299
89 65 0.998246
89 66 0.998197
89 67 0.998153
89 68 0.998113
89 69 0.998076
89 70 0.998044
89 71 0.998016
89 72 0.997991
89 73 0.99797
89 74 0.997953
89 75 0.99794
89 76 0.997929
89 77 0.997922
89 78 0.997918
89 79 0.997918
89 80 0.99792
89 81 0.997926
89 82 0.997934
89 83 0.997945
89 84 0.997959
89 85 0.997975
89 86 0.997994
89 87 0.998015
89 88 0.998038
89 89 0.998064
89 90 0.998091
89 91 0.99812
89 92 0.998151
89 93 0.998184
89 94 0.998217
89 95 0.998252
89 96 0.998288
89 97 0.998324
89 98 0.998361
89 99 0.998399
89 100 0.998436
89 101 0.998474
89 102 0.998511
89 103 0.998548
89 104 0.998584
89 105 0.99862
89 106 0.998655
89 107 0.99869
89 108 0.998724
89 109 0.998756
89 110 0.998788
89 111 0.99882
89 112 0.99885
89 113 0.99888
89 114 0.99891
89 115 0.998939
89 116 0.998967
89 117 0.998994
89 118 0.999021
89 119 0.999047
89 120 0.999071
89 121 0.999092
89 122 0.999111
89 123 0.999126
89 124 0.999137
89 125 0.999142
89 126 0.999142
89 127 0.999134

90 0 0
90 1 1.00087
90 2 1.00087
90 3 1.00087
90 4 1.00087
90 5 1.00086
90 6 1.00086
90 7 1.00086
90 8 1.00086
90 9 1.00086
90 10 1.00085
90 11 1.00085
90 12 1.00085
90 13 1.00085
90 14 1.00084
90 15 1.00084
90 16 1.00084
90 17 1.00084
90 18 1.00083
90 19 1.00083
90 20 1.00082
90 21 1.00082
90 22 1.00081
90 23 1.00081
90 24 1.0008
90 25 1.00079
90 26 1.00078
90 27 1.00076
90 28 1.00075
90 29 1.00073
90 30 1.00071
90 31 1.00069
90 32 1.00066
90 33 1.00063
90 34 1.0006
90 35 1.00056
90 36 1.00052
90 37 1.00047
90 38 1.00042
90 39 1.00037
90 40 1.00031
90 41 1.00024
90 42 1.00017
90 43 1.0001
90 44 1.00002
90 45 0.999935
90 46 0.999848
90 47 0.999759
90 48 0.999668
90 49 0.999574
90 50 0.99948
90 51 0.999385
90 52 0.99929
90 53 0.999196
90 54 0.999103
90 55 0.999012
90 56 0.998923
90 57 0.998838
90 58 0.998755
90 59 0.998676
90 60 0.998601
90 61 0.99853
90 62 0.998463
90 63 0.998401
90 64 0.998342
90 65 0.998288
90 66 0.998239
90 67 0.998193
90 68 0.998152
90 69 0.998115
90 70 0.998082
90 71 0.998053
90 72 0.998028
90 73 0.998007
90 74 0.997989
90 75 0.997975
90 76 0.997964
90 77 0.997957
90 78 0.997953
90 79 0.997952
90 80 0.997955
90 81 0.99796
90 82 0.997968
90 83 0.997979
90 84 0.997993
90 85 0.99801
90 86 0.998029
90 87 0.99805
90 88 0.998074
90 89 0.9981
90 90 0.998127
90 91 0.998157
90 92 0.998188
90 93 0.998221
90 94 0.998255
90 95 0.998291
90 96 0.998327
90 97 0.998364
90 98 0.998402
90 99 0.99844
90 100 0.998478
90 101 0.998516
90 102 0.998554
90 103 0.998592
90 104 0.99863
90 105 0.998666
90 106 0.998703
90 107 0.998738
90 108 0.998773
90 109 0.998807
90 110 0.99884
90 111 0.998873
90 112 0.998905
90 113 0.998936
90 114 0.998967
90 115 0.998998
90 116 0.999027
90 117 0.999056
90 118 0.999084
90 119 0.999111
90 120 0.999136
90 121 0.999159
90 122 0.999178
90 123 0.999194
90 124 0.999205
90 125 0.99921
90 126 0.999209
90 127 0.9992

91 0 0
91 1 1.00087
91 2 1.00086
91 3 1.00086
91 4 1.00086
91 5 1.00086
91 6 1.00086
91 7 1.00085
91 8 1.00085
91 9 1.00085
91 10 1.00085
91 11 1.00085
91 12 1.00084
91 13 1.00084
91 14 1.00084
91 15 1.00084
91 16 1.00083
91 17 1.00083
91 18 1.00083
91 19 1.00082
91 20 1.00082
91 21 1.00082
91 22 1.00081
91 23 1.0008
91 24 1.0008
91 25 1.00079
91 26 1.00078
91 27 1.00076
91 28 1.00075
91 29 1.00073
91 30 1.00072
91 31 1.00069
91 32 1.00067
91 33 1.00064
91 34 1.00061
91 35 1.00058
91 36 1.00054
91 37 1.00049
91 38 1.00044
91 39 1.00039
91 40 1.00033
91 41 1.00027
91 42 1.0002
91 43 1.00013
91 44 1.00006
91 45 0.999977
91 46 0.999893
91 47 0.999806
91 48 0.999716
91 49 0.999625
91 50 0.999532
91 51 0.999438
91 52 0.999344
91 53 0.99925
91 54 0.999157
91 55 0.999066
91 56 0.998978
91 57 0.998891
91 58 0.998808
91 59 0.998729
91 60 0.998652
91 61 0.99858
91 62 0.998512
91 63 0.998449
91 64 0.998389
91 65 0.998334
91 66 0.998283
91 67 0.998237
91 68 0.998195
91 69 0.998157
91 70 0.998123
91 71 0.998093
91 72 0.998067
91 73 0.998045
91 74 0.998027
91 75 0.998012
91 76 0.998001
91 77 0.997994
91 78 0.997989
91 79 0.997988
91 80 0.997991
91 81 0.997996
91 82 0.998004
91 83 0.998015
91 84 0.998029
91 85 0.998046
91 86 0.998065
91 87 0.998087
91 88 0.998111
91 89 0.998137
91 90 0.998165
91 91 0.998195
91 92 0.998227
91 93 0.99826
91 94 0.998295
91 95 0.998331
91 96 0.998368
91 97 0.998406
91 98 0.998444
91 99 0.998483
91 100 0.998522
91 101 0.998561
91 102 0.9986
91 103 0.998639
91 104 0.998678
91 105 0.998716
91 106 0.998753
91 107 0.99879
91 108 0.998826
91 109 0.998862
91 110 0.998897
91 111 0.998931
91 112 0.998964
91 113 0.998997
91 114 0.99903
91 115 0.999062
91 116 0.999093
91 117 0.999124
91 118 0.999153
91 119 0.999182
91 120 0.999208
91 121 0.999232
91 122 0.999252
91 123 0.999269
91 124 0.99928
91 125 0.999285
91 126 0.999283
91 127 0.999273

92 0 0
92 1 1.00086
92 2 1.00086
92 3 1.00086
92 4 1.00085
92 5 1.00085
92 6 1.00085
92 7 1.00085
92 8 1.00085
92 9 1.00084
92 10 1.00084
92 11 1.00084
92 12 1.00084
92 13 1.00084
92 14 1.00083
92 15 1.00083
92 16 1.00083
92 17 1.00083
92 18 1.00082
92 19 1.00082
92 20 1.00082
92 21 1.00081
92 22 1.00081
92 23 1.0008
92 24 1.00079
92 25 1.00078
92 26 1.00077
92 27 1.00076
92 28 1.00075
92 29 1.00074
92 30 1.00072
92 31 1.0007
92 32 1.00068
92 33 1.00065
92 34 1.00062
92 35 1.00059
92 36 1.00055
92 37 1.00051
92 38 1.00047
92 39 1.00042
92 40 1.00036
92 41 1.0003
92 42 1.00024
92 43 1.00017
92 44 1.0001
92 45 1.00002
92 46 0.999938
92 47 0.999854
92 48 0.999767
92 49 0.999677
92 50 0.999586
92 51 0.999493
92 52 0.9994
92 53 0.999307
92 54 0.999215
92 55 0.999124
92 56 0.999035
92 57 0.998948
92 58 0.998865
92 59 0.998784
92 60 0.998707
92 61 0.998634
92 62 0.998565
92 63 0.9985
92 64 0.998439
92 65 0.998383
92 66 0.998331
92 67 0.998283
92 68 0.99824
92 69 0.998201
92 70 0.998166
92 71 0.998135
92 72 0.998108
92 73 0.998086
92 74 0.998067
92 75 0.998052
92 76 0.99804
92 77 0.998032
92 78 0.998027
92 79 0.998026
92 80 0.998028
92 81 0.998033
92 82 0.998042
92 83 0.998053
92 84 0.998067
92 85 0.998084
92 86 0.998103
92 87 0.998125
92 88 0.998149
92 89 0.998175
92 90 0.998204
92 91 0.998235
92 92 0.998267
92 93 0.998301
92 94 0.998336
92 95 0.998373
92 96 0.99841
92 97 0.998449
92 98 0.998488
92 99 0.998528
92 100 0.998568
92 101 0.998608
92 102 0.998649
92 103 0.998689
92 104 0.998728
92 105 0.998768
92 106 0.998807
92 107 0.998845
92 108 0.998883
92 109 0.99892
92 110 0.998957
92 111 0.998993
92 112 0.999028
92 113 0.999063
92 114 0.999098
92 115 0.999132
92 116 0.999165
92 117 0.999198
92 118 0.999229
92 119 0.999259
92 120 0.999287
92 121 0.999312
92 122 0.999334
92 123 0.999351
92 124 0.999362
92 125 0.999367
92 126 0.999365
92 127 0.999354

93 0 0
93 1 1.00086
93 2 1.00085
93 3 1.00085
93 4 1.00085
93 5 1.00085
93 6 1.00084
93 7 1.00084
93 8 1.00084
93 9 1.00084
93 10 1.00084
93 11 1.00084
93 12 1.00083
93 13 1.00083
93 14 1.00083
93 15 1.00083
93 16 1.00082
93 17 1.00082
93 18 1.00082
93 19 1.00082
93 20 1.00081
93 21 1.00081
93 22 1.0008
93 23 1.0008
93 24 1.00079
93 25 1.00078
93 26 1.00077
93 27 1.00076
93 28 1.00075
93 29 1.00074
93 30 1.00072
93 31 1.0007
93 32 1.00068
93 33 1.00066
93 34 1.00063
93 35 1.0006
93 36 1.00057
93 37 1.00053
93 38 1.00049
93 39 1.00044
93 40 1.00039
93 41 1.00033
93 42 1.00027
93 43 1.00021
93 44 1.00014
93 45 1.00006
93 46 0.999984
93 47 0.999903
93 48 0.999818
93 49 0.99973
93 50 0.999641
93 51 0.99955
93 52 0.999458
93 53 0.999366
93 54 0.999275
93 55 0.999184
93 56 0.999096
93 57 0.999009
93 58 0.998924
93 59 0.998843
93 60 0.998765
93 61 0.998691
93 62 0.998621
93 63 0.998555
93 64 0.998493
93 65 0.998435
93 66 0.998382
93 67 0.998333
93 68 0.998288
93 69 0.998248
93 70 0.998212
93 71 0.99818
93 72 0.998152
93 73 0.998129
93 74 0.998109
93 75 0.998093
93 76 0.998081
93 77 0.998072
93 78 0.998067
93 79 0.998066
93 80 0.998067
93 81 0.998072
93 82 0.998081
93 83 0.998092
93 84 0.998106
93 85 0.998123
93 86 0.998142
93 87 0.998164
93 88 0.998189
93 89 0.998215
93 90 0.998244
93 91 0.998275
93 92 0.998308
93 93 0.998343
93 94 0.998379
93 95 0.998416
93 96 0.998455
93 97 0.998494
93 98 0.998534
93 99 0.998575
93 100 0.998616
93 101 0.998658
93 102 0.998699
93 103 0.998741
93 104 0.998782
93 105 0.998823
93 106 0.998864
93 107 0.998904
93 108 0.998944
93 109 0.998983
93 110 0.999022
93 111 0.99906
93 112 0.999098
93 113 0.999135
93 114 0.999172
93 115 0.999208
93 116 0.999244
93 117 0.999278
93 118 0.999312
93 119 0.999344
93 120 0.999374
93 121 0.9994
93 122 0.999423
93 123 0.999441
93 124 0.999453
93 125 0.999458
93 126 0.999455
93 127 0.999443

94 0 0
94 1 1.00085
94 2 1.00085
94 3 1.00084
94 4 1.00084
94 5 1.00084
94 6 1.00084
94 7 1.00084
94 8 1.00084
94 9 1.00083
94 10 1.00083
94 11 1.00083
94 12 1.00083
94 13 1.00083
94 14 1.00082
94 15 1.00082
94 16 1.00082
94 17 1.00082
94 18 1.00081
94 19 1.00081
94 20 1.00081
94 21 1.0008
94 22 1.0008
94 23 1.00079
94 24 1.00079
94 25 1.00078
94 26 1.00077
94 27 1.00076
94 28 1.00075
94 29 1.00074
94 30 1.00072
94 31 1.00071
94 32 1.00069
94 33 1.00067
94 34 1.00064
94 35 1.00061
94 36 1.00058
94 37 1.00055
94 38 1.00051
94 39 1.00046
94 40 1.00041
94 41 1.00036
94 42 1.0003
94 43 1.00024
94 44 1.00018
94 45 1.00011
94 46 1.00003
94 47 0.999952
94 48 0.99987
94 49 0.999785
94 50 0.999698
94 51 0.999609
94 52 0.999519
94 53 0.999428
94 54 0.999338
94 55 0.999248
94 56 0.999159
94 57 0.999072
94 58 0.998987
94 59 0.998906
94 60 0.998827
94 61 0.998752
94 62 0.99868
94 63 0.998613
94 64 0.998549
94 65 0.99849
94 66 0.998436
94 67 0.998385
94 68 0.998339
94 69 0.998298
94 70 0.99826
94 71 0.998228
94 72 0.998199
94 73 0.998174
94 74 0.998153
94 75 0.998137
94 76 0.998124
94 77 0.998115
94 78 0.998109
94 79 0.998107
94 80 0.998108
94 81 0.998113
94 82 0.998121
94 83 0.998132
94 84 0.998146
94 85 0.998163
94 86 0.998182
94 87 0.998205
94 88 0.99823
94 89 0.998257
94 90 0.998286
94 91 0.998318
94 92 0.998351
94 93 0.998386
94 94 0.998423
94 95 0.998461
94 96 0.9985
94 97 0.998541
94 98 0.998582
94 99 0.998624
94 100 0.998667
94 101 0.998709
94 102 0.998753
94 103 0.998796
94 104 0.998839
94 105 0.998882
94 106 0.998924
94 107 0.998966
94 108 0.999008
94 109 0.99905
94 110 0.999091
94 111 0.999132
94 112 0.999172
94 113 0.999212
94 114 0.999251
94 115 0.99929
94 116 0.999328
94 117 0.999366
94 118 0.999402
94 119 0.999436
94 120 0.999468
94 121 0.999497
94 122 0.999521
94 123 0.99954
94 124 0.999552
94 125 0.999557
94 126 0.999553
94 127 0.99954

95 0 0
95 1 1.00084
95 2 1.00084
95 3 1.00084
95 4 1.00084
95 5 1.00083
95 6 1.00083
95 7 1.00083
95 8 1.00083
95 9 1.00083
95 10 1.00083
95 11 1.00082
95 12 1.00082
95 13 1.00082
95 14 1.00082
95 15 1.00082
95 16 1.00081
95 17 1.00081
95 18 1.00081
95 19 1.0008
95 20 1.0008
95 21 1.0008
95 22 1.00079
95 23 1.00079
95 24 1.00078
95 25 1.00078
95 26 1.00077
95 27 1.00076
95 28 1.00075
95 29 1.00074
95 30 1.00072
95 31 1.00071
95 32 1.00069
95 33 1.00067
95 34 1.00065
95 35 1.00062
95 36 1.00059
95 37 1.00056
95 38 1.00053
95 39 1.00048
95 40 1.00044
95 41 1.00039
95 42 1.00034
95 43 1.00028
95 44 1.00021
95 45 1.00015
95 46 1.00008
95 47 1
95 48 0.999922
95 49 0.99984
95 50 0.999755
95 51 0.999669
95 52 0.999581
95 53 0.999492
95 54 0.999402
95 55 0.999313
95 56 0.999225
95 57 0.999138
95 58 0.999053
95 59 0.998971
95 60 0.998892
95 61 0.998816
95 62 0.998743
95 63 0.998674
95 64 0.99861
95 65 0.998549
95 66 0.998493
95 67 0.998441
95 68 0.998394
95 69 0.998351
95 70 0.998312
95 71 0.998278
95 72 0.998248
95 73 0.998222
95 74 0.9982
95 75 0.998183
95 76 0.998169
95 77 0.998159
95 78 0.998153
95 79 0.99815
95 80 0.998151
95 81 0.998155
95 82 0.998163
95 83 0.998174
95 84 0.998188
95 85 0.998205
95 86 0.998224
95 87 0.998247
95 88 0.998272
95 89 0.998299
95 90 0.998329
95 91 0.998361
95 92 0.998395
95 93 0.998431
95 94 0.998468
95 95 0.998507
95 96 0.998548
95 97 0.998589
95 98 0.998632
95 99 0.998675
95 100 0.998719
95 101 0.998763
95 102 0.998808
95 103 0.998853
95 104 0.998898
95 105 0.998943
95 106 0.998988
95 107 0.999032
95 108 0.999077
95 109 0.999121
95 110 0.999165
95 111 0.999208
95 112 0.999252
95 113 0.999295
95 114 0.999337
95 115 0.999379
95 116 0.99942
95 117 0.999461
95 118 0.9995
95 119 0.999537
95 120 0.999571
95 121 0.999602
95 122 0.999628
95 123 0.999648
95 124 0.999661
95 125 0.999665
95 126 0.999661
95 127 0.999647

96 0 0
96 1 1.00084
96 2 1.00083
96 3 1.00083
96 4 1.00083
96 5 1.00083
96 6 1.00083
96 7 1.00083
96 8 1.00082
96 9 1.00082
96 10 1.00082
96 11 1.00082
96 12 1.00082
96 13 1.00081
96 14 1.00081
96 15 1.00081
96 16 1.00081
96 17 1.00081
96 18 1.0008
96 19 1.0008
96 20 1.0008
96 21 1.00079
96 22 1.00079
96 23 1.00078
96 24 1.00078
96 25 1.00077
96 26 1.00077
96 27 1.00076
96 28 1.00075
96 29 1.00074
96 30 1.00073
96 31 1.00071
96 32 1.0007
96 33 1.00068
96 34 1.00066
96 35 1.00063
96 36 1.00061
96 37 1.00058
96 38 1.00054
96 39 1.0005
96 40 1.00046
96 41 1.00042
96 42 1.00037
96 43 1.00031
96 44 1.00025
96 45 1.00019
96 46 1.00012
96 47 1.00005
96 48 0.999974
96 49 0.999895
96 50 0.999814
96 51 0.99973
96 52 0.999644
96 53 0.999557
96 54 0.999469
96 55 0.999381
96 56 0.999293
96 57 0.999207
96 58 0.999122
96 59 0.99904
96 60 0.99896
96 61 0.998883
96 62 0.998809
96 63 0.99874
96 64 0.998674
96 65 0.998612
96 66 0.998554
96 67 0.998501
96 68 0.998452
96 69 0.998407
96 70 0.998367
96 71 0.998331
96 72 0.9983
96 73 0.998273
96 74 0.99825
96 75 0.998231
96 76 0.998216
96 77 0.998205
96 78 0.998198
96 79 0.998195
96 80 0.998195
96 81 0.998199
96 82 0.998207
96 83 0.998217
96 84 0.998231
96 85 0.998248
96 86 0.998267
96 87 0.99829
96 88 0.998315
96 89 0.998343
96 90 0.998373
96 91 0.998406
96 92 0.99844
96 93 0.998477
96 94 0.998515
96 95 0.998555
96 96 0.998596
96 97 0.998639
96 98 0.998683
96 99 0.998728
96 100 0.998773
96 101 0.99882
96 102 0.998866
96 103 0.998913
96 104 0.99896
96 105 0.999008
96 106 0.999055
96 107 0.999102
96 108 0.99915
96 109 0.999197
96 110 0.999244
96 111 0.99929
96 112 0.999337
96 113 0.999383
96 114 0.999429
96 115 0.999475
96 116 0.99952
96 117 0.999564
96 118 0.999606
96 119 0.999646
96 120 0.999683
96 121 0.999716
96 122 0.999744
96 123 0.999766
96 124 0.99978
96 125 0.999784
96 126 0.999779
96 127 0.999763

97 0 0
97 1 1.00083
97 2 1.00083
97 3 1.00083
97 4 1.00082
97 5 1.00082
97 6 1.00082
97 7 1.00082
97 8 1.00082
97 9 1.00082
97 10 1.00081
97 11 1.00081
97 12 1.00081
97 13 1.00081
97 14 1.00081
97 15 1.0008
97 16 1.0008
97 17 1.0008
97 18 1.0008
97 19 1.00079
97 20 1.00079
97 21 1.00079
97 22 1.00078
97 23 1.00078
97 24 1.00077
97 25 1.00077
97 26 1.00076
97 27 1.00075
97 28 1.00075
97 29 1.00074
97 30 1.00073
97 31 1.00071
97 32 1.0007
97 33 1.00068
97 34 1.00066
97 35 1.00064
97 36 1.00062
97 37 1.00059
97 38 1.00056
97 39 1.00052
97 40 1.00049
97 41 1.00044
97 42 1.0004
97 43 1.00034
97 44 1.00029
97 45 1.00023
97 46 1.00017
97 47 1.0001
97 48 1.00003
97 49 0.99995
97 50 0.999872
97 51 0.999791
97 52 0.999707
97 53 0.999623
97 54 0.999537
97 55 0.99945
97 56 0.999364
97 57 0.999278
97 58 0.999194
97 59 0.999111
97 60 0.999031
97 61 0.998954
97 62 0.998879
97 63 0.998808
97 64 0.998741
97 65 0.998678
97 66 0.998619
97 67 0.998564
97 68 0.998513
97 69 0.998467
97 70 0.998425
97 71 0.998388
97 72 0.998355
97 73 0.998326
97 74 0.998302
97 75 0.998282
97 76 0.998266
97 77 0.998254
97 78 0.998246
97 79 0.998242
97 80 0.998242
97 81 0.998245
97 82 0.998252
97 83 0.998262
97 84 0.998275
97 85 0.998292
97 86 0.998312
97 87 0.998334
97 88 0.99836
97 89 0.998388
97 90 0.998418
97 91 0.998451
97 92 0.998487
97 93 0.998524
97 94 0.998563
97 95 0.998604
97 96 0.998647
97 97 0.998691
97 98 0.998736
97 99 0.998782
97 100 0.99883
97 101 0.998878
97 102 0.998927
97 103 0.998976
97 104 0.999026
97 105 0.999075
97 106 0.999126
97 107 0.999176
97 108 0.999226
97 109 0.999277
97 110 0.999327
97 111 0.999378
97 112 0.999428
97 113 0.999479
97 114 0.999529
97 115 0.999579
97 116 0.999627
97 117 0.999675
97 118 0.999721
97 119 0.999765
97 120 0.999805
97 121 0.999841
97 122 0.999871
97 123 0.999894
97 124 0.999909
97 125 0.999914
97 126 0.999908
97 127 0.99989

98 0 0
98 1 1.00082
98 2 1.00082
98 3 1.00082
98 4 1.00082
98 5 1.00082
98 6 1.00081
98 7 1.00081
98 8 1.00081
98 9 1.00081
98 10 1.00081
98 11 1.00081
98 12 1.0008
98 13 1.0008
98 14 1.0008
98 15 1.0008
98 16 1.0008
98 17 1.00079
98 18 1.00079
98 19 1.00079
98 20 1.00078
98 21 1.00078
98 22 1.00078
98 23 1.00077
98 24 1.00077
98 25 1.00076
98 26 1.00076
98 27 1.00075
98 28 1.00074
98 29 1.00074
98 30 1.00073
98 31 1.00071
98 32 1.0007
98 33 1.00069
98 34 1.00067
98 35 1.00065
98 36 1.00063
98 37 1.0006
98 38 1.00057
98 39 1.00054
98 40 1.00051
98 41 1.00047
98 42 1.00042
98 43 1.00038
98 44 1.00032
98 45 1.00027
98 46 1.00021
98 47 1.00014
98 48 1.00008
98 49 1
98 50 0.99993
98 51 0.999852
98 52 0.999771
98 53 0.999689
98 54 0.999605
98 55 0.999521
98 56 0.999436
98 57 0.999352
98 58 0.999268
98 59 0.999186
98 60 0.999105
98 61 0.999027
98 62 0.998952
98 63 0.99888
98 64 0.998812
98 65 0.998747
98 66 0.998687
98 67 0.99863
98 68 0.998578
98 69 0.99853
98 70 0.998487
98 71 0.998448
98 72 0.998413
98 73 0.998383
98 74 0.998357
98 75 0.998336
98 76 0.998319
98 77 0.998306
98 78 0.998297
98 79 0.998291
98 80 0.99829
98 81 0.998293
98 82 0.998299
98 83 0.998309
98 84 0.998322
98 85 0.998338
98 86 0.998358
98 87 0.99838
98 88 0.998406
98 89 0.998434
98 90 0.998465
98 91 0.998499
98 92 0.998534
98 93 0.998572
98 94 0.998613
98 95 0.998655
98 96 0.998699
98 97 0.998744
98 98 0.998791
98 99 0.998839
98 100 0.998888
98 101 0.998938
98 102 0.998989
98 103 0.999041
98 104 0.999094
98 105 0.999147
98 106 0.9992
98 107 0.999254
98 108 0.999308
98 109 0.999362
98 110 0.999417
98 111 0.999471
98 112 0.999526
98 113 0.999581
98 114 0.999636
98 115 0.99969
98 116 0.999744
98 117 0.999796
98 118 0.999846
98 119 0.999894
98 120 0.999938
98 121 0.999977
98 122 1.00001
98 123 1.00003
98 124 1.00005
98 125 1.00006
98 126 1.00005
98 127 1.00003

99 0 0
99 1 1.00082
99 2 1.00081
99 3 1.00081
99 4 1.00081
99 5 1.00081
99 6 1.00081
99 7 1.00081
99 8 1.00081
99 9 1.0008
99 10 1.0008
99 11 1.0008
99 12 1.0008
99 13 1.0008
99 14 1.00079
99 15 1.00079
99 16 1.00079
99 17 1.00079
99 18 1.00079
99 19 1.00078
99 20 1.00078
99 21 1.00078
99 22 1.00077
99 23 1.00077
99 24 1.00076
99 25 1.00076
99 26 1.00075
99 27 1.00075
99 28 1.00074
99 29 1.00073
99 30 1.00072
99 31 1.00071
99 32 1.0007
99 33 1.00069
99 34 1.00067
99 35 1.00065
99 36 1.00063
99 37 1.00061
99 38 1.00059
99 39 1.00056
99 40 1.00052
99 41 1.00049
99 42 1.00045
99 43 1.00041
99 44 1.00036
99 45 1.00031
99 46 1.00025
99 47 1.00019
99 48 1.00013
99 49 1.00006
99 50 0.999986
99 51 0.999912
99 52 0.999835
99 53 0.999756
99 54 0.999674
99 55 0.999592
99 56 0.999509
99 57 0.999426
99 58 0.999344
99 59 0.999262
99 60 0.999182
99 61 0.999104
99 62 0.999028
99 63 0.998956
99 64 0.998886
99 65 0.998821
99 66 0.998759
99 67 0.9987
99 68 0.998647
99 69 0.998597
99 70 0.998552
99 71 0.998511
99 72 0.998475
99 73 0.998443
99 74 0.998416
99 75 0.998393
99 76 0.998374
99 77 0.99836
99 78 0.998349
99 79 0.998343
99 80 0.998341
99 81 0.998343
99 82 0.998348
99 83 0.998357
99 84 0.99837
99 85 0.998386
99 86 0.998405
99 87 0.998427
99 88 0.998453
99 89 0.998482
99 90 0.998513
99 91 0.998547
99 92 0.998583
99 93 0.998622
99 94 0.998663
99 95 0.998707
99 96 0.998752
99 97 0.998799
99 98 0.998847
99 99 0.998897
99 100 0.998949
99 101 0.999001
99 102 0.999055
99 103 0.99911
99 104 0.999165
99 105 0.999221
99 106 0.999278
99 107 0.999336
99 108 0.999394
99 109 0.999453
99 110 0.999512
99 111 0.999571
99 112 0.999631
99 113 0.999691
99 114 0.999751
99 115 0.99981
99 116 0.999869
99 117 0.999926
99 118 0.999981
99 119 1.00003
99 120 1.00008
99 121 1.00012
99 122 1.00016
99 123 1.00019
99 124 1.0002
99 125 1.00021
99 126 1.0002
99 127 1.00018

100 0 0
100 1 1.00081
100 2 1.00081
100 3 1.00081
100 4 1.00081
100 5 1.0008
100 6 1.0008
100 7 1.0008
100 8 1.0008
100 9 1.0008
100 10 1.0008
100 11 1.00079
100 12 1.00079
100 13 1.00079
100 14 1.00079
100 15 1.00079
100 16 1.00078
100 17 1.00078
100 18 1.00078
100 19 1.00078
100 20 1.00077
100 21 1.00077
100 22 1.00077
100 23 1.00076
100 24 1.00076
100 25 1.00075
100 26 1.00075
100 27 1.00074
100 28 1.00074
100 29 1.00073
100 30 1.00072
100 31 1.00071
100 32 1.0007
100 33 1.00069
100 34 1.00068
100 35 1.00066
100 36 1.00064
100 37 1.00062
100 38 1.0006
100 39 1.00057
100 40 1.00054
100 41 1.00051
100 42 1.00047
100 43 1.00043
100 44 1.00039
100 45 1.00034
100 46 1.00029
100 47 1.00023
100 48 1.00017
100 49 1.00011
100 50 1.00004
100 51 0.999971
100 52 0.999897
100 53 0.999821
100 54 0.999743
100 55 0.999664
100 56 0.999583
100 57 0.999502
100 58 0.999421
100 59 0.99934
100 60 0.999261
100 61 0.999183
100 62 0.999107
100 63 0.999034
100 64 0.998964
100 65 0.998897
100 66 0.998834
100 67 0.998774
100 68 0.998719
100 69 0.998668
100 70 0.998621
100 71 0.998578
100 72 0.99854
100 73 0.998507
100 74 0.998477
100 75 0.998453
100 76 0.998432
100 77 0.998417
100 78 0.998405
100 79 0.998397
100 80 0.998394
100 81 0.998395
100 82 0.998399
100 83 0.998407
100 84 0.998419
100 85 0.998435
100 86 0.998454
100 87 0.998476
100 88 0.998502
100 89 0.998531
100 90 0.998562
100 91 0.998597
100 92 0.998634
100 93 0.998674
100 94 0.998716
100 95 0.99876
100 96 0.998807
100 97 0.998855
100 98 0.998906
100 99 0.998958
100 100 0.999011
100 101 0.999067
100 102 0.999123
100 103 0.999181
100 104 0.99924
100 105 0.9993
100 106 0.99936
100 107 0.999422
100 108 0.999485
100 109 0.999548
100 110 0.999612
100 111 0.999677
100 112 0.999743
100 113 0.999808
100 114 0.999874
100 115 0.99994
100 116 1
100 117 1.00007
100 118 1.00013
100 119 1.00019
100 120 1.00024
100 121 1.00028
100 122 1.00032
100 123 1.00035
100 124 1.00037
100 125 1.00038
100 126 1.00037
100 127 1.00035

101 0 0
101 1 1.0008
101 2 1.0008
101 3 1.0008
101 4 1.0008
101 5 1.0008
101 6 1.0008
101 7 1.0008
101 8 1.00079
101 9 1.00079
101 10 1.00079
101 11 1.00079
101 12 1.00079
101 13 1.00079
101 14 1.00078
101 15 1.00078
101 16 1.00078
101 17 1.00078
101 18 1.00077
101 19 1.00077
101 20 1.00077
101 21 1.00076
101 22 1.00076
101 23 1.00076
101 24 1.00075
101 25 1.00075
101 26 1.00074
101 27 1.00074
101 28 1.00073
101 29 1.00073
101 30 1.00072
101 31 1.00071
101 32 1.0007
101 33 1.00069
101 34 1.00068
101 35 1.00066
101 36 1.00065
101 37 1.00063
101 38 1.00061
101 39 1.00058
101 40 1.00056
101 41 1.00053
101 42 1.00049
101 43 1.00046
101 44 1.00042
101 45 1.00037
101 46 1.00032
101 47 1.00027
101 48 1.00022
101 49 1.00016
101 50 1.00009
101 51 1.00003
101 52 0.999958
101 53 0.999886
101 54 0.999811
101 55 0.999735
101 56 0.999657
101 57 0.999578
101 58 0.999499
101 59 0.99942
101 60 0.999341
101 61 0.999264
101 62 0.999189
101 63 0.999115
101 64 0.999045
101 65 0.998977
101 66 0.998913
101 67 0.998852
101 68 0.998795
101 69 0.998742
101 70 0.998693
101 71 0.998649
101 72 0.998609
101 73 0.998574
101 74 0.998543
101 75 0.998516
101 76 0.998494
101 77 0.998477
101 78 0.998463
101 79 0.998454
101 80 0.99845
101 81 0.998449
101 82 0.998453
101 83 0.99846
101 84 0.998471
101 85 0.998486
101 86 0.998505
101 87 0.998527
101 88 0.998553
101 89 0.998581
101 90 0.998613
101 91 0.998648
101 92 0.998686
101 93 0.998726
101 94 0.99877
101 95 0.998815
101 96 0.998863
101 97 0.998913
101 98 0.998966
101 99 0.99902
101 100 0.999076
101 101 0.999134
101 102 0.999194
101 103 0.999255
101 104 0.999317
101 105 0.999381
101 106 0.999447
101 107 0.999513
101 108 0.999581
101 109 0.99965
101 110 0.99972
101 111 0.999791
101 112 0.999862
101 113 0.999934
101 114 1.00001
101 115 1.00008
101 116 1.00015
101 117 1.00022
101 118 1.00029
101 119 1.00035
101 120 1.00041
101 121 1.00046
101 122 1.0005
101 123 1.00053
101 124 1.00055
101 125 1.00056
101 126 1.00055
101 127 1.00053

102 0 0
102 1 1.0008
102 2 1.0008
102 3 1.00079
102 4 1.00079
102 5 1.00079
102 6 1.00079
102 7 1.00079
102 8 1.00079
102 9 1.00079
102 10 1.00079
102 11 1.00078
102 12 1.00078
102 13 1.00078
102 14 1.00078
102 15 1.00078
102 16 1.00077
102 17 1.00077
102 18 1.00077
102 19 1.00077
102 20 1.00076
102 21 1.00076
102 22 1.00076
102 23 1.00075
102 24 1.00075
102 25 1.00074
102 26 1.00074
102 27 1.00074
102 28 1.00073
102 29 1.00072
102 30 1.00072
102 31 1.00071
102 32 1.0007
102 33 1.00069
102 34 1.00068
102 35 1.00067
102 36 1.00065
102 37 1.00063
102 38 1.00062
102 39 1.00059
102 40 1.00057
102 41 1.00054
102 42 1.00051
102 43 1.00048
102 44 1.00044
102 45 1.0004
102 46 1.00036
102 47 1.00031
102 48 1.00026
102 49 1.0002
102 50 1.00015
102 51 1.00008
102 52 1.00002
102 53 0.999949
102 54 0.999878
102 55 0.999805
102 56 0.99973
102 57 0.999653
102 58 0.999576
102 59 0.999499
102 60 0.999422
102 61 0.999346
102 62 0.999271
102 63 0.999198
102 64 0.999128
102 65 0.999059
102 66 0.998994
102 67 0.998932
102 68 0.998874
102 69 0.99882
102 70 0.998769
102 71 0.998723
102 72 0.998682
102 73 0.998644
102 74 0.998611
102 75 0.998583
102 76 0.998559
102 77 0.99854
102 78 0.998525
102 79 0.998514
102 80 0.998508
102 81 0.998506
102 82 0.998509
102 83 0.998515
102 84 0.998525
102 85 0.99854
102 86 0.998558
102 87 0.99858
102 88 0.998605
102 89 0.998634
102 90 0.998666
102 91 0.998701
102 92 0.998739
102 93 0.998781
102 94 0.998825
102 95 0.998872
102 96 0.998921
102 97 0.998973
102 98 0.999028
102 99 0.999085
102 100 0.999143
102 101 0.999204
102 102 0.999267
102 103 0.999332
102 104 0.999399
102 105 0.999467
102 106 0.999538
102 107 0.999609
102 108 0.999682
102 109 0.999757
102 110 0.999834
102 111 0.999911
102 112 0.99999
102 113 1.00007
102 114 1.00015
102 115 1.00023
102 116 1.00031
102 117 1.00038
102 118 1.00046
102 119 1.00053
102 120 1.00059
102 121 1.00065
102 122 1.0007
102 123 1.00073
102 124 1.00075
102 125 1.00076
102 126 1.00075
102 127 1.00072

103 0 0
103 1 1.00079
103 2 1.00079
103 3 1.00079
103 4 1.00079
103 5 1.00079
103 6 1.00079
103 7 1.00078
103 8 1.00078
103 9 1.00078
103 10 1.00078
103 11 1.00078
103 12 1.00078
103 13 1.00077
103 14 1.00077
103 15 1.00077
103 16 1.00077
103 17 1.00077
103 18 1.00076
103 19 1.00076
103 20 1.00076
103 21 1.00075
103 22 1.00075
103 23 1.00075
103 24 1.00074
103 25 1.00074
103 26 1.00074
103 27 1.00073
103 28 1.00073
103 29 1.00072
103 30 1.00071
103 31 1.00071
103 32 1.0007
103 33 1.00069
103 34 1.00068
103 35 1.00067
103 36 1.00065
103 37 1.00064
103 38 1.00062
103 39 1.0006
103 40 1.00058
103 41 1.00056
103 42 1.00053
103 43 1.0005
103 44 1.00047
103 45 1.00043
103 46 1.00039
103 47 1.00035
103 48 1.0003
103 49 1.00025
103 50 1.00019
103 51 1.00013
103 52 1.00007
103 53 1.00001
103 54 0.999942
103 55 0.999872
103 56 0.999801
103 57 0.999728
103 58 0.999654
103 59 0.999579
103 60 0.999504
103 61 0.999429
103 62 0.999356
103 63 0.999283
103 64 0.999213
103 65 0.999144
103 66 0.999079
103 67 0.999016
103 68 0.998957
103 69 0.998901
103 70 0.998849
103 71 0.998801
103 72 0.998758
103 73 0.998719
103 74 0.998684
103 75 0.998654
103 76 0.998628
103 77 0.998607
103 78 0.99859
103 79 0.998578
103 80 0.99857
103 81 0.998567
103 82 0.998568
103 83 0.998573
103 84 0.998582
103 85 0.998596
103 86 0.998613
103 87 0.998634
103 88 0.998659
103 89 0.998688
103 90 0.99872
103 91 0.998756
103 92 0.998795
103 93 0.998837
103 94 0.998882
103 95 0.99893
103 96 0.998982
103 97 0.999036
103 98 0.999092
103 99 0.999151
103 100 0.999213
103 101 0.999277
103 102 0.999344
103 103 0.999413
103 104 0.999484
103 105 0.999557
103 106 0.999632
103 107 0.99971
103 108 0.99979
103 109 0.999871
103 110 0.999954
103 111 1.00004
103 112 1.00013
103 113 1.00021
103 114 1.0003
103 115 1.00039
103 116 1.00048
103 117 1.00056
103 118 1.00064
103 119 1.00072
103 120 1.00079
103 121 1.00086
103 122 1.00091
103 123 1.00095
103 124 1.00097
103 125 1.00098
103 126 1.00097
103 127 1.00093

104 0 0
104 1 1.00078
104 2 1.00078
104 3 1.00078
104 4 1.00078
104 5 1.00078
104 6 1.00078
104 7 1.00078
104 8 1.00078
104 9 1.00078
104 10 1.00077
104 11 1.00077
104 12 1.00077
104 13 1.00077
104 14 1.00077
104 15 1.00076
104 16 1.00076
104 17 1.00076
104 18 1.00076
104 19 1.00075
104 20 1.00075
104 21 1.00075
104 22 1.00074
104 23 1.00074
104 24 1.00074
104 25 1.00073
104 26 1.00073
104 27 1.00073
104 28 1.00072
104 29 1.00072
104 30 1.00071
104 31 1.0007
104 32 1.0007
104 33 1.00069
104 34 1.00068
104 35 1.00067
104 36 1.00065
104 37 1.00064
104 38 1.00063
104 39 1.00061
104 40 1.00059
104 41 1.00057
104 42 1.00054
104 43 1.00052
104 44 1.00049
104 45 1.00045
104 46 1.00042
104 47 1.00038
104 48 1.00033
104 49 1.00029
104 50 1.00024
104 51 1.00018
104 52 1.00013
104 53 1.00007
104 54 1
104 55 0.999937
104 56 0.99987
104 57 0.9998
104 58 0.999729
104 59 0.999657
104 60 0.999585
104 61 0.999512
104 62 0.99944
104 63 0.999369
104 64 0.999299
104 65 0.999231
104 66 0.999165
104 67 0.999102
104 68 0.999042
104 69 0.998985
104 70 0.998932
104 71 0.998883
104 72 0.998838
104 73 0.998797
104 74 0.99876
104 75 0.998728
104 76 0.9987
104 77 0.998677
104 78 0.998658
104 79 0.998644
104 80 0.998635
104 81 0.99863
104 82 0.99863
104 83 0.998633
104 84 0.998642
104 85 0.998654
104 86 0.998671
104 87 0.998691
104 88 0.998716
104 89 0.998744
104 90 0.998777
104 91 0.998812
104 92 0.998852
104 93 0.998895
104 94 0.998941
104 95 0.998991
104 96 0.999044
104 97 0.9991
104 98 0.999159
104 99 0.99922
104 100 0.999285
104 101 0.999353
104 102 0.999423
104 103 0.999497
104 104 0.999573
104 105 0.999651
104 106 0.999732
104 107 0.999816
104 108 0.999903
104 109 0.999991
104 110 1.00008
104 111 1.00018
104 112 1.00027
104 113 1.00037
104 114 1.00047
104 115 1.00056
104 116 1.00066
104 117 1.00075
104 118 1.00085
104 119 1.00093
104 120 1.00101
104 121 1.00108
104 122 1.00114
104 123 1.00118
104 124 1.00121
104 125 1.00121
104 126 1.0012
104 127 1.00117

105 0 0
105 1 1.00078
105 2 1.00078
105 3 1.00078
105 4 1.00078
105 5 1.00078
105 6 1.00077
105 7 1.00077
105 8 1.00077
105 9 1.00077
105 10 1.00077
105 11 1.00077
105 12 1.00077
105 13 1.00076
105 14 1.00076
105 15 1.00076
105 16 1.00076
105 17 1.00075
105 18 1.00075
105 19 1.00075
105 20 1.00075
105 21 1.00074
105 22 1.00074
105 23 1.00074
105 24 1.00073
105 25 1.00073
105 26 1.00072
105 27 1.00072
105 28 1.00072
105 29 1.00071
105 30 1.0007
105 31 1.0007
105 32 1.00069
105 33 1.00068
105 34 1.00068
105 35 1.00067
105 36 1.00065
105 37 1.00064
105 38 1.00063
105 39 1.00061
105 40 1.0006
105 41 1.00058
105 42 1.00055
105 43 1.00053
105 44 1.0005
105 45 1.00047
105 46 1.00044
105 47 1.0004
105 48 1.00036
105 49 1.00032
105 50 1.00028
105 51 1.00023
105 52 1.00017
105 53 1.00012
105 54 1.00006
105 55 0.999999
105 56 0.999935
105 57 0.99987
105 58 0.999802
105 59 0.999733
105 60 0.999664
105 61 0.999594
105 62 0.999523
105 63 0.999454
105 64 0.999385
105 65 0.999318
105 66 0.999253
105 67 0.99919
105 68 0.999129
105 69 0.999072
105 70 0.999018
105 71 0.998967
105 72 0.998921
105 73 0.998878
105 74 0.99884
105 75 0.998806
105 76 0.998776
105 77 0.998751
105 78 0.998731
105 79 0.998715
105 80 0.998703
105 81 0.998697
105 82 0.998695
105 83 0.998697
105 84 0.998704
105 85 0.998715
105 86 0.998731
105 87 0.998751
105 88 0.998775
105 89 0.998803
105 90 0.998835
105 91 0.998871
105 92 0.998911
105 93 0.998955
105 94 0.999002
105 95 0.999053
105 96 0.999108
105 97 0.999166
105 98 0.999227
105 99 0.999292
105 100 0.99936
105 101 0.999431
105 102 0.999506
105 103 0.999584
105 104 0.999665
105 105 0.999749
105 106 0.999837
105 107 0.999928
105 108 1.00002
105 109 1.00012
105 110 1.00022
105 111 1.00032
105 112 1.00042
105 113 1.00053
105 114 1.00064
105 115 1.00075
105 116 1.00086
105 117 1.00096
105 118 1.00106
105 119 1.00116
105 120 1.00125
105 121 1.00132
105 122 1.00139
105 123 1.00144
105 124 1.00147
105 125 1.00147
105 126 1.00146
105 127 1.00142

106 0 0
106 1 1.00077
106 2 1.00077
106 3 1.00077
106 4 1.00077
106 5 1.00077
106 6 1.00077
106 7 1.00077
106 8 1.00077
106 9 1.00077
106 10 1.00076
106 11 1.00076
106 12 1.00076
106 13 1.00076
106 14 1.00076
106 15 1.00075
106 16 1.00075
106 17 1.00075
106 18 1.00075
106 19 1.00074
106 20 1.00074
106 21 1.00074
106 22 1.00073
106 23 1.00073
106 24 1.00073
106 25 1.00072
106 26 1.00072
106 27 1.00072
106 28 1.00071
106 29 1.00071
106 30 1.0007
106 31 1.00069
106 32 1.00069
106 33 1.00068
106 34 1.00067
106 35 1.00066
106 36 1.00065
106 37 1.00064
106 38 1.00063
106 39 1.00062
106 40 1.0006
106 41 1.00058
106 42 1.00056
106 43 1.00054
106 44 1.00052
106 45 1.00049
106 46 1.00046
106 47 1.00043
106 48 1.00039
106 49 1.00035
106 50 1.00031
106 51 1.00027
106 52 1.00022
106 53 1.00017
106 54 1.00011
106 55 1.00006
106 56 0.999997
106 57 0.999935
106 58 0.999872
106 59 0.999807
106 60 0.99974
106 61 0.999673
106 62 0.999605
106 63 0.999538
106 64 0.999471
106 65 0.999405
106 66 0.999341
106 67 0.999278
106 68 0.999218
106 69 0.99916
106 70 0.999106
106 71 0.999054
106 72 0.999006
106 73 0.998963
106 74 0.998923
106 75 0.998887
106 76 0.998855
106 77 0.998829
106 78 0.998806
106 79 0.998789
106 80 0.998775
106 81 0.998767
106 82 0.998763
106 83 0.998764
106 84 0.99877
106 85 0.99878
106 86 0.998794
106 87 0.998813
106 88 0.998837
106 89 0.998865
106 90 0.998897
106 91 0.998933
106 92 0.998973
106 93 0.999018
106 94 0.999066
106 95 0.999118
106 96 0.999175
106 97 0.999235
106 98 0.999299
106 99 0.999366
106 100 0.999438
106 101 0.999513
106 102 0.999592
106 103 0.999675
106 104 0.999762
106 105 0.999853
106 106 0.999947
106 107 1.00004
106 108 1.00015
106 109 1.00025
106 110 1.00036
106 111 1.00047
106 112 1.00059
106 113 1.00071
106 114 1.00083
106 115 1.00095
106 116 1.00107
106 117 1.00119
106 118 1.0013
106 119 1.00141
106 120 1.0015
106 121 1.00159
106 122 1.00166
106 123 1.00171
106 124 1.00175
106 125 1.00176
106 126 1.00174
106 127 1.0017

107 0 0
107 1 1.00076
107 2 1.00077
107 3 1.00077
107 4 1.00077
107 5 1.00076
107 6 1.00076
107 7 1.00076
107 8 1.00076
107 9 1.00076
107 10 1.00076
107 11 1.00076
107 12 1.00076
107 13 1.00075
107 14 1.00075
107 15 1.00075
107 16 1.00075
107 17 1.00074
107 18 1.00074
107 19 1.00074
107 20 1.00074
107 21 1.00073
107 22 1.00073
107 23 1.00073
107 24 1.00072
107 25 1.00072
107 26 1.00071
107 27 1.00071
107 28 1.00071
107 29 1.0007
107 30 1.0007
107 31 1.00069
107 32 1.00068
107 33 1.00068
107 34 1.00067
107 35 1.00066
107 36 1.00065
107 37 1.00064
107 38 1.00063
107 39 1.00062
107 40 1.0006
107 41 1.00059
107 42 1.00057
107 43 1.00055
107 44 1.00053
107 45 1.0005
107 46 1.00048
107 47 1.00045
107 48 1.00042
107 49 1.00038
107 50 1.00034
107 51 1.0003
107 52 1.00026
107 53 1.00021
107 54 1.00016
107 55 1.00011
107 56 1.00005
107 57 0.999996
107 58 0.999937
107 59 0.999876
107 60 0.999813
107 61 0.999749
107 62 0.999685
107 63 0.99962
107 64 0.999555
107 65 0.999491
107 66 0.999428
107 67 0.999367
107 68 0.999307
107 69 0.99925
107 70 0.999195
107 71 0.999143
107 72 0.999094
107 73 0.999049
107 74 0.999008
107 75 0.998971
107 76 0.998938
107 77 0.998909
107 78 0.998885
107 79 0.998866
107 80 0.998851
107 81 0.998841
107 82 0.998835
107 83 0.998834
107 84 0.998839
107 85 0.998847
107 86 0.998861
107 87 0.998879
107 88 0.998901
107 89 0.998929
107 90 0.998961
107 91 0.998997
107 92 0.999037
107 93 0.999083
107 94 0.999132
107 95 0.999186
107 96 0.999244
107 97 0.999306
107 98 0.999372
107 99 0.999443
107 100 0.999518
107 101 0.999598
107 102 0.999682
107 103 0.99977
107 104 0.999863
107 105 0.99996
107 106 1.00006
107 107 1.00017
107 108 1.00028
107 109 1.00039
107 110 1.00051
107 111 1.00064
107 112 1.00077
107 113 1.00089
107 114 1.00103
107 115 1.00117
107 116 1.0013
107 117 1.00142
107 118 1.00155
107 119 1.00167
107 120 1.00178
107 121 1.00188
107 122 1.00196
107 123 1.00202
107 124 1.00205
107 125 1.00206
107 126 1.00205
107 127 1.002

108 0 0
108 1 1.00076
108 2 1.00076
108 3 1.00076
108 4 1.00076
108 5 1.00076
108 6 1.00076
108 7 1.00076
108 8 1.00076
108 9 1.00076
108 10 1.00076
108 11 1.00075
108 12 1.00075
108 13 1.00075
108 14 1.00075
108 15 1.00075
108 16 1.00074
108 17 1.00074
108 18 1.00074
108 19 1.00073
108 20 1.00073
108 21 1.00073
108 22 1.00072
108 23 1.00072
108 24 1.00072
108 25 1.00071
108 26 1.00071
108 27 1.00071
108 28 1.0007
108 29 1.0007
108 30 1.00069
108 31 1.00069
108 32 1.00068
108 33 1.00067
108 34 1.00067
108 35 1.00066
108 36 1.00065
108 37 1.00064
108 38 1.00063
108 39 1.00062
108 40 1.0006
108 41 1.00059
108 42 1.00057
108 43 1.00056
108 44 1.00054
108 45 1.00051
108 46 1.00049
108 47 1.00046
108 48 1.00043
108 49 1.0004
108 50 1.00037
108 51 1.00033
108 52 1.00029
108 53 1.00025
108 54 1.0002
108 55 1.00016
108 56 1.00011
108 57 1.00005
108 58 0.999997
108 59 0.99994
108 60 0.999881
108 61 0.999821
108 62 0.99976
108 63 0.999698
108 64 0.999636
108 65 0.999575
108 66 0.999514
108 67 0.999454
108 68 0.999395
108 69 0.999338
108 70 0.999284
108 71 0.999232
108 72 0.999183
108 73 0.999138
108 74 0.999096
108 75 0.999057
108 76 0.999023
108 77 0.998993
108 78 0.998967
108 79 0.998946
108 80 0.99893
108 81 0.998918
108 82 0.998911
108 83 0.998908
108 84 0.998911
108 85 0.998918
108 86 0.99893
108 87 0.998947
108 88 0.998969
108 89 0.998996
108 90 0.999027
108 91 0.999064
108 92 0.999105
108 93 0.99915
108 94 0.999201
108 95 0.999256
108 96 0.999315
108 97 0.99938
108 98 0.999449
108 99 0.999523
108 100 0.999602
108 101 0.999686
108 102 0.999774
108 103 0.999869
108 104 0.999968
108 105 1.00007
108 106 1.00018
108 107 1.0003
108 108 1.00042
108 109 1.00054
108 110 1.00068
108 111 1.00081
108 112 1.00095
108 113 1.00109
108 114 1.00125
108 115 1.00139
108 116 1.00154
108 117 1.00169
108 118 1.00183
108 119 1.00196
108 120 1.00208
108 121 1.00219
108 122 1.00228
108 123 1.00235
108 124 1.00239
108 125 1.0024
108 126 1.00238
108 127 1.00233

109 0 0
109 1 1.00075
109 2 1.00076
109 3 1.00076
109 4 1.00076
109 5 1.00076
109 6 1.00076
109 7 1.00075
109 8 1.00075
109 9 1.00075
109 10 1.00075
109 11 1.00075
109 12 1.00075
109 13 1.00075
109 14 1.00074
109 15 1.00074
109 16 1.00074
109 17 1.00074
109 18 1.00073
109 19 1.00073
109 20 1.00073
109 21 1.00072
109 22 1.00072
109 23 1.00072
109 24 1.00071
109 25 1.00071
109 26 1.0007
109 27 1.0007
109 28 1.0007
109 29 1.00069
109 30 1.00069
109 31 1.00068
109 32 1.00067
109 33 1.00067
109 34 1.00066
109 35 1.00065
109 36 1.00065
109 37 1.00064
109 38 1.00063
109 39 1.00062
109 40 1.0006
109 41 1.00059
109 42 1.00058
109 43 1.00056
109 44 1.00054
109 45 1.00052
109 46 1.0005
109 47 1.00048
109 48 1.00045
109 49 1.00042
109 50 1.00039
109 51 1.00036
109 52 1.00032
109 53 1.00028
109 54 1.00024
109 55 1.0002
109 56 1.00015
109 57 1.0001
109 58 1.00005
109 59 0.999999
109 60 0.999944
109 61 0.999888
109 62 0.99983
109 63 0.999772
109 64 0.999713
109 65 0.999654
109 66 0.999596
109 67 0.999538
109 68 0.999481
109 69 0.999426
109 70 0.999372
109 71 0.999321
109 72 0.999272
109 73 0.999227
109 74 0.999184
109 75 0.999145
109 76 0.99911
109 77 0.999079
109 78 0.999052
109 79 0.999029
109 80 0.999011
109 81 0.998998
109 82 0.998989
109 83 0.998985
109 84 0.998986
109 85 0.998992
109 86 0.999003
109 87 0.999019
109 88 0.99904
109 89 0.999066
109 90 0.999097
109 91 0.999133
109 92 0.999174
109 93 0.999221
109 94 0.999272
109 95 0.999328
109 96 0.99939
109 97 0.999457
109 98 0.999529
109 99 0.999606
109 100 0.999688
109 101 0.999777
109 102 0.999871
109 103 0.999971
109 104 1.00008
109 105 1.00019
109 106 1.00031
109 107 1.00043
109 108 1.00056
109 109 1.0007
109 110 1.00085
109 111 1.00099
109 112 1.00115
109 113 1.00131
109 114 1.00147
109 115 1.00163
109 116 1.00181
109 117 1.00197
109 118 1.00212
109 119 1.00227
109 120 1.00242
109 121 1.00254
109 122 1.00263
109 123 1.00271
109 124 1.00276
109 125 1.00277
109 126 1.00275
109 127 1.00269

110 0 0
110 1 1.00075
110 2 1.00075
110 3 1.00075
110 4 1.00075
110 5 1.00075
110 6 1.00075
110 7 1.00075
110 8 1.00075
110 9 1.00075
110 10 1.00075
110 11 1.00075
110 12 1.00074
110 13 1.00074
110 14 1.00074
110 15 1.00074
110 16 1.00073
110 17 1.00073
110 18 1.00073
110 19 1.00073
110 20 1.00072
110 21 1.00072
110 22 1.00072
110 23 1.00071
110 24 1.00071
110 25 1.0007
110 26 1.0007
110 27 1.0007
110 28 1.00069
110 29 1.00069
110 30 1.00068
110 31 1.00068
110 32 1.00067
110 33 1.00066
110 34 1.00066
110 35 1.00065
110 36 1.00064
110 37 1.00063
110 38 1.00062
110 39 1.00061
110 40 1.0006
110 41 1.00059
110 42 1.00058
110 43 1.00056
110 44 1.00054
110 45 1.00053
110 46 1.00051
110 47 1.00049
110 48 1.00046
110 49 1.00044
110 50 1.00041
110 51 1.00038
110 52 1.00035
110 53 1.00031
110 54 1.00027
110 55 1.00023
110 56 1.00019
110 57 1.00015
110 58 1.0001
110 59 1.00005
110 60 1
110 61 0.999948
110 62 0.999895
110 63 0.99984
110 64 0.999785
110 65 0.999729
110 66 0.999673
110 67 0.999618
110 68 0.999564
110 69 0.99951
110 70 0.999458
110 71 0.999408
110 72 0.99936
110 73 0.999315
110 74 0.999272
110 75 0.999233
110 76 0.999198
110 77 0.999166
110 78 0.999138
110 79 0.999114
110 80 0.999095
110 81 0.99908
110 82 0.99907
110 83 0.999064
110 84 0.999064
110 85 0.999069
110 86 0.999079
110 87 0.999094
110 88 0.999114
110 89 0.999139
110 90 0.99917
110 91 0.999206
110 92 0.999247
110 93 0.999294
110 94 0.999346
110 95 0.999404
110 96 0.999467
110 97 0.999536
110 98 0.999611
110 99 0.999691
110 100 0.999778
110 101 0.999872
110 102 0.999971
110 103 1.00008
110 104 1.00019
110 105 1.00031
110 106 1.00044
110 107 1.00057
110 108 1.00072
110 109 1.00087
110 110 1.00102
110 111 1.00118
110 112 1.00136
110 113 1.00153
110 114 1.00171
110 115 1.0019
110 116 1.00209
110 117 1.00226
110 118 1.00244
110 119 1.00262
110 120 1.00277
110 121 1.0029
110 122 1.00302
110 123 1.00311
110 124 1.00316
110 125 1.00317
110 126 1.00315
110 127 1.00309

111 0 0
111 1 1.00075
111 2 1.00075
111 3 1.00075
111 4 1.00075
111 5 1.00075
111 6 1.00075
111 7 1.00075
111 8 1.00075
111 9 1.00074
111 10 1.00074
111 11 1.00074
111 12 1.00074
111 13 1.00074
111 14 1.00074
111 15 1.00073
111 16 1.00073
111 17 1.00073
111 18 1.00072
111 19 1.00072
111 20 1.00072
111 21 1.00071
111 22 1.00071
111 23 1.00071
111 24 1.0007
111 25 1.0007
111 26 1.00069
111 27 1.00069
111 28 1.00069
111 29 1.00068
111 30 1.00068
111 31 1.00067
111 32 1.00066
111 33 1.00066
111 34 1.00065
111 35 1.00064
111 36 1.00064
111 37 1.00063
111 38 1.00062
111 39 1.00061
111 40 1.0006
111 41 1.00059
111 42 1.00057
111 43 1.00056
111 44 1.00055
111 45 1.00053
111 46 1.00051
111 47 1.00049
111 48 1.00047
111 49 1.00045
111 50 1.00042
111 51 1.00039
111 52 1.00036
111 53 1.00033
111 54 1.0003
111 55 1.00026
111 56 1.00022
111 57 1.00018
111 58 1.00014
111 59 1.0001
111 60 1.00005
111 61 1
111 62 0.999952
111 63 0.999901
111 64 0.99985
111 65 0.999798
111 66 0.999745
111 67 0.999693
111 68 0.999641
111 69 0.99959
111 70 0.99954
111 71 0.999491
111 72 0.999445
111 73 0.999401
111 74 0.999359
111 75 0.99932
111 76 0.999284
111 77 0.999252
111 78 0.999224
111 79 0.999199
111 80 0.999179
111 81 0.999163
111 82 0.999152
111 83 0.999146
111 84 0.999144
111 85 0.999148
111 86 0.999157
111 87 0.999171
111 88 0.99919
111 89 0.999215
111 90 0.999245
111 91 0.999281
111 92 0.999323
111 93 0.99937
111 94 0.999423
111 95 0.999482
111 96 0.999547
111 97 0.999618
111 98 0.999696
111 99 0.99978
111 100 0.999871
111 101 0.999969
111 102 1.00007
111 103 1.00019
111 104 1.00031
111 105 1.00043
111 106 1.00057
111 107 1.00072
111 108 1.00087
111 109 1.00103
111 110 1.0012
111 111 1.00139
111 112 1.00157
111 113 1.00176
111 114 1.00197
111 115 1.00218
111 116 1.00237
111 117 1.00258
111 118 1.0028
111 119 1.00298
111 120 1.00315
111 121 1.00332
111 122 1.00345
111 123 1.00354
111 124 1.0036
111 125 1.00362
111 126 1.0036
111 127 1.00352

112 0 0
112 1 1.00074
112 2 1.00074
112 3 1.00074
112 4 1.00074
112 5 1.00074
112 6 1.00074
112 7 1.00074
112 8 1.00074
112 9 1.00074
112 10 1.00074
112 11 1.00074
112 12 1.00074
112 13 1.00073
112 14 1.00073
112 15 1.00073
112 16 1.00073
112 17 1.00072
112 18 1.00072
112 19 1.00072
112 20 1.00071
112 21 1.00071
112 22 1.00071
112 23 1.0007
112 24 1.0007
112 25 1.00069
112 26 1.00069
112 27 1.00069
112 28 1.00068
112 29 1.00068
112 30 1.00067
112 31 1.00066
112 32 1.00066
112 33 1.00065
112 34 1.00065
112 35 1.00064
112 36 1.00063
112 37 1.00062
112 38 1.00061
112 39 1.0006
112 40 1.00059
112 41 1.00058
112 42 1.00057
112 43 1.00056
112 44 1.00054
112 45 1.00053
112 46 1.00051
112 47 1.00049
112 48 1.00047
112 49 1.00045
112 50 1.00043
112 51 1.0004
112 52 1.00038
112 53 1.00035
112 54 1.00032
112 55 1.00029
112 56 1.00025
112 57 1.00021
112 58 1.00017
112 59 1.00013
112 60 1.00009
112 61 1.00005
112 62 1
112 63 0.999955
112 64 0.999907
112 65 0.999859
112 66 0.99981
112 67 0.999761
112 68 0.999712
112 69 0.999664
112 70 0.999616
112 71 0.99957
112 72 0.999525
112 73 0.999482
112 74 0.999442
112 75 0.999404
112 76 0.999368
112 77 0.999337
112 78 0.999308
112 79 0.999284
112 80 0.999263
112 81 0.999247
112 82 0.999235
112 83 0.999228
112 84 0.999226
112 85 0.999228
112 86 0.999236
112 87 0.99925
112 88 0.999268
112 89 0.999293
112 90 0.999323
112 91 0.999358
112 92 0.9994
112 93 0.999448
112 94 0.999502
112 95 0.999562
112 96 0.999629
112 97 0.999703
112 98 0.999783
112 99 0.999871
112 100 0.999966
112 101 1.00007
112 102 1.00018
112 103 1.0003
112 104 1.00043
112 105 1.00056
112 106 1.00071
112 107 1.00087
112 108 1.00103
112 109 1.00121
112 110 1.0014
112 111 1.00159
112 112 1.00179
112 113 1.00202
112 114 1.00225
112 115 1.00246
112 116 1.00269
112 117 1.00295
112 118 1.00316
112 119 1.00336
112 120 1.00358
112 121 1.00377
112 122 1.0039
112 123 1.00401
112 124 1.00409
112 125 1.00411
112 126 1.00409
112 127 1.004

113 0 0
113 1 1.00074
113 2 1.00074
113 3 1.00074
113 4 1.00074
113 5 1.00074
113 6 1.00074
113 7 1.00074
113 8 1.00074
113 9 1.00074
113 10 1.00074
113 11 1.00074
113 12 1.00073
113 13 1.00073
113 14 1.00073
113 15 1.00073
113 16 1.00072
113 17 1.00072
113 18 1.00072
113 19 1.00071
113 20 1.00071
113 21 1.00071
113 22 1.0007
113 23 1.0007
113 24 1.0007
113 25 1.00069
113 26 1.00069
113 27 1.00068
113 28 1.00068
113 29 1.00067
113 30 1.00067
113 31 1.00066
113 32 1.00065
113 33 1.00065
113 34 1.00064
113 35 1.00063
113 36 1.00063
113 37 1.00062
113 38 1.00061
113 39 1.0006
113 40 1.00059
113 41 1.00058
113 42 1.00057
113 43 1.00055
113 44 1.00054
113 45 1.00053
113 46 1.00051
113 47 1.00049
113 48 1.00048
113 49 1.00046
113 50 1.00043
113 51 1.00041
113 52 1.00039
113 53 1.00036
113 54 1.00033
113 55 1.0003
113 56 1.00027
113 57 1.00024
113 58 1.0002
113 59 1.00016
113 60 1.00013
113 61 1.00009
113 62 1.00004
113 63 1
113 64 0.999956
113 65 0.999912
113 66 0.999866
113 67 0.999821
113 68 0.999775
113 69 0.99973
113 70 0.999685
113 71 0.999641
113 72 0.999599
113 73 0.999558
113 74 0.999519
113 75 0.999483
113 76 0.999449
113 77 0.999418
113 78 0.99939
113 79 0.999365
113 80 0.999345
113 81 0.999329
113 82 0.999317
113 83 0.999309
113 84 0.999306
113 85 0.999309
113 86 0.999316
113 87 0.999329
113 88 0.999347
113 89 0.999371
113 90 0.999401
113 91 0.999437
113 92 0.999479
113 93 0.999528
113 94 0.999583
113 95 0.999645
113 96 0.999713
113 97 0.999789
113 98 0.999873
113 99 0.999964
113 100 1.00006
113 101 1.00017
113 102 1.00029
113 103 1.00041
113 104 1.00055
113 105 1.0007
113 106 1.00085
113 107 1.00102
113 108 1.0012
113 109 1.00139
113 110 1.00159
113 111 1.0018
113 112 1.00204
113 113 1.00228
113 114 1.00251
113 115 1.00277
113 116 1.00306
113 117 1.0033
113 118 1.00352
113 119 1.00381
113 120 1.00406
113 121 1.00422
113 122 1.00439
113 123 1.00455
113 124 1.00463
113 125 1.00464
113 126 1.00462
113 127 1.00453

114 0 0
114 1 1.00073
114 2 1.00074
114 3 1.00074
114 4 1.00074
114 5 1.00074
114 6 1.00074
114 7 1.00074
114 8 1.00074
114 9 1.00074
114 10 1.00073
114 11 1.00073
114 12 1.00073
114 13 1.00073
114 14 1.00073
114 15 1.00072
114 16 1.00072
114 17 1.00072
114 18 1.00072
114 19 1.00071
114 20 1.00071
114 21 1.0007
114 22 1.0007
114 23 1.0007
114 24 1.00069
114 25 1.00069
114 26 1.00068
114 27 1.00068
114 28 1.00067
114 29 1.00067
114 30 1.00066
114 31 1.00065
114 32 1.00065
114 33 1.00064
114 34 1.00064
114 35 1.00063
114 36 1.00062
114 37 1.00061
114 38 1.0006
114 39 1.00059
114 40 1.00058
114 41 1.00057
114 42 1.00056
114 43 1.00055
114 44 1.00054
114 45 1.00052
114 46 1.00051
114 47 1.00049
114 48 1.00047
114 49 1.00046
114 50 1.00044
114 51 1.00041
114 52 1.00039
114 53 1.00037
114 54 1.00034
114 55 1.00031
114 56 1.00028
114 57 1.00025
114 58 1.00022
114 59 1.00019
114 60 1.00015
114 61 1.00011
114 62 1.00008
114 63 1.00004
114 64 0.999997
114 65 0.999956
114 66 0.999914
114 67 0.999872
114 68 0.99983
114 69 0.999787
114 70 0.999746
114 71 0.999705
114 72 0.999665
114 73 0.999626
114 74 0.99959
114 75 0.999555
114 76 0.999523
114 77 0.999493
114 78 0.999466
114 79 0.999443
114 80 0.999423
114 81 0.999407
114 82 0.999395
114 83 0.999388
114 84 0.999385
114 85 0.999387
114 86 0.999395
114 87 0.999407
114 88 0.999426
114 89 0.99945
114 90 0.99948
114 91 0.999516
114 92 0.999559
114 93 0.999608
114 94 0.999664
114 95 0.999728
114 96 0.999798
114 97 0.999877
114 98 0.999963
114 99 1.00006
114 100 1.00016
114 101 1.00027
114 102 1.0004
114 103 1.00053
114 104 1.00067
114 105 1.00083
114 106 1.00099
114 107 1.00118
114 108 1.00137
114 109 1.00157
114 110 1.00179
114 111 1.00204
114 112 1.00229
114 113 1.00253
114 114 1.0028
114 115 1.00312
114 116 1.00339
114 117 1.00365
114 118 1.00398
114 119 1.00429
114 120 1.00449
114 121 1.00473
114 122 1.00499
114 123 1.00511
114 124 1.00519
114 125 1.00525
114 126 1.00522
114 127 1.00512

115 0 0
115 1 1.00073
115 2 1.00073
115 3 1.00073
115 4 1.00073
115 5 1.00073
115 6 1.00073
115 7 1.00073
115 8 1.00073
115 9 1.00073
115 10 1.00073
115 11 1.00073
115 12 1.00073
115 13 1.00073
115 14 1.00072
115 15 1.00072
115 16 1.00072
115 17 1.00072
115 18 1.00071
115 19 1.00071
115 20 1.00071
115 21 1.0007
115 22 1.0007
115 23 1.00069
115 24 1.00069
115 25 1.00068
115 26 1.00068
115 27 1.00067
115 28 1.00067
115 29 1.00066
115 30 1.00066
115 31 1.00065
115 32 1.00064
115 33 1.00064
115 34 1.00063
115 35 1.00062
115 36 1.00061
115 37 1.00061
115 38 1.0006
115 39 1.00059
115 40 1.00058
115 41 1.00057
115 42 1.00056
115 43 1.00054
115 44 1.00053
115 45 1.00052
115 46 1.0005
115 47 1.00049
115 48 1.00047
115 49 1.00045
115 50 1.00043
115 51 1.00041
115 52 1.00039
115 53 1.00037
115 54 1.00035
115 55 1.00032
115 56 1.00029
115 57 1.00026
115 58 1.00023
115 59 1.0002
115 60 1.00017
115 61 1.00014
115 62 1.0001
115 63 1.00007
115 64 1.00003
115 65 0.999991
115 66 0.999952
115 67 0.999913
115 68 0.999874
115 69 0.999835
115 70 0.999797
115 71 0.999759
115 72 0.999722
115 73 0.999686
115 74 0.999652
115 75 0.999619
115 76 0.999589
115 77 0.999561
115 78 0.999535
115 79 0.999513
115 80 0.999495
115 81 0.99948
115 82 0.999469
115 83 0.999462
115 84 0.99946
115 85 0.999462
115 86 0.99947
115 87 0.999483
115 88 0.999501
115 89 0.999526
115 90 0.999556
115 91 0.999593
115 92 0.999637
115 93 0.999687
115 94 0.999745
115 95 0.99981
115 96 0.999883
115 97 0.999964
115 98 1.00005
115 99 1.00015
115 100 1.00026
115 101 1.00038
115 102 1.00051
115 103 1.00065
115 104 1.0008
115 105 1.00096
115 106 1.00114
115 107 1.00133
115 108 1.00153
115 109 1.00176
115 110 1.00201
115 111 1.00226
115 112 1.00251
115 113 1.0028
115 114 1.00314
115 115 1.00343
115 116 1.00371
115 117 1.00409
115 118 1.00447
115 119 1.0047
115 120 1.00499
115 121 1.00538
115 122 1.00558
115 123 1.00569
115 124 1.00585
115 125 1.00594
115 126 1.00589
115 127 1.00575

116 0 0
116 1 1.00073
116 2 1.00073
116 3 1.00073
116 4 1.00073
116 5 1.00073
116 6 1.00073
116 7 1.00073
116 8 1.00073
116 9 1.00073
116 10 1.00073
116 11 1.00073
116 12 1.00073
116 13 1.00072
116 14 1.00072
116 15 1.00072
116 16 1.00072
116 17 1.00071
116 18 1.00071
116 19 1.00071
116 20 1.0007
116 21 1.0007
116 22 1.00069
116 23 1.00069
116 24 1.00068
116 25 1.00068
116 26 1.00067
116 27 1.00067
116 28 1.00066
116 29 1.00066
116 30 1.00065
116 31 1.00065
116 32 1.00064
116 33 1.00063
116 34 1.00062
116 35 1.00062
116 36 1.00061
116 37 1.0006
116 38 1.00059
116 39 1.00058
116 40 1.00057
116 41 1.00056
116 42 1.00055
116 43 1.00054
116 44 1.00052
116 45 1.00051
116 46 1.0005
116 47 1.00048
116 48 1.00046
116 49 1.00045
116 50 1.00043
116 51 1.00041
116 52 1.00039
116 53 1.00037
116 54 1.00035
116 55 1.00032
116 56 1.0003
116 57 1.00027
116 58 1.00024
116 59 1.00021
116 60 1.00018
116 61 1.00015
116 62 1.00012
116 63 1.00009
116 64 1.00005
116 65 1.00002
116 66 0.999981
116 67 0.999945
116 68 0.999909
116 69 0.999873
116 70 0.999838
116 71 0.999803
116 72 0.999769
116 73 0.999735
116 74 0.999704
116 75 0.999673
116 76 0.999645
116 77 0.999619
116 78 0.999596
116 79 0.999576
116 80 0.999558
116 81 0.999545
116 82 0.999535
116 83 0.999529
116 84 0.999528
116 85 0.999531
116 86 0.99954
116 87 0.999553
116 88 0.999573
116 89 0.999598
116 90 0.999629
116 91 0.999667
116 92 0.999712
116 93 0.999763
116 94 0.999823
116 95 0.999889
116 96 0.999965
116 97 1.00005
116 98 1.00014
116 99 1.00024
116 100 1.00036
116 101 1.00048
116 102 1.00061
116 103 1.00076
116 104 1.00092
116 105 1.0011
116 106 1.00128
116 107 1.00148
116 108 1.00171
116 109 1.00195
116 110 1.0022
116 111 1.00246
116 112 1.00277
116 113 1.00311
116 114 1.00341
116 115 1.00373
116 116 1.00415
116 117 1.00455
116 118 1.00483
116 119 1.00519
116 120 1.0057
116 121 1.00595
116 122 1.00611
116 123 1.00647
116 124 1.00665
116 125 1.00662
116 126 1.00661
116 127 1.00648

117 0 0
117 1 1.00073
117 2 1.00073
117 3 1.00073
117 4 1.00073
117 5 1.00073
117 6 1.00073
117 7 1.00073
117 8 1.00073
117 9 1.00073
117 10 1.00073
117 11 1.00073
117 12 1.00072
117 13 1.00072
117 14 1.00072
117 15 1.00072
117 16 1.00071
117 17 1.00071
117 18 1.00071
117 19 1.0007
117 20 1.0007
117 21 1.0007
117 22 1.00069
117 23 1.00069
117 24 1.00068
117 25 1.00068
117 26 1.00067
117 27 1.00067
117 28 1.00066
117 29 1.00065
117 30 1.00065
117 31 1.00064
117 32 1.00063
117 33 1.00063
117 34 1.00062
117 35 1.00061
117 36 1.0006
117 37 1.00059
117 38 1.00058
117 39 1.00057
117 40 1.00056
117 41 1.00055
117 42 1.00054
117 43 1.00053
117 44 1.00052
117 45 1.0005
117 46 1.00049
117 47 1.00047
117 48 1.00046
117 49 1.00044
117 50 1.00042
117 51 1.0004
117 52 1.00038
117 53 1.00036
117 54 1.00034
117 55 1.00032
117 56 1.0003
117 57 1.00027
117 58 1.00024
117 59 1.00022
117 60 1.00019
117 61 1.00016
117 62 1.00013
117 63 1.0001
117 64 1.00007
117 65 1.00003
117 66 1
117 67 0.999968
117 68 0.999934
117 69 0.999901
117 70 0.999868
117 71 0.999836
117 72 0.999804
117 73 0.999774
117 74 0.999745
117 75 0.999717
117 76 0.999691
117 77 0.999667
117 78 0.999646
117 79 0.999628
117 80 0.999612
117 81 0.9996
117 82 0.999592
117 83 0.999587
117 84 0.999587
117 85 0.999592
117 86 0.999602
117 87 0.999616
117 88 0.999637
117 89 0.999663
117 90 0.999695
117 91 0.999735
117 92 0.999781
117 93 0.999834
117 94 0.999895
117 95 0.999964
117 96 1.00004
117 97 1.00013
117 98 1.00022
117 99 1.00033
117 100 1.00045
117 101 1.00058
117 102 1.00072
117 103 1.00087
117 104 1.00104
117 105 1.00122
117 106 1.00142
117 107 1.00164
117 108 1.00188
117 109 1.00212
117 110 1.00239
117 111 1.0027
117 112 1.00303
117 113 1.00335
117 114 1.00369
117 115 1.00413
117 116 1.00456
117 117 1.00488
117 118 1.00529
117 119 1.00589
117 120 1.00627
117 121 1.00644
117 122 1.00693
117 123 1.00733
117 124 1.00739
117 125 1.00741
117 126 1.00744
117 127 1.00737

118 0 0
118 1 1.00072
118 2 1.00073
118 3 1.00073
118 4 1.00073
118 5 1.00073
118 6 1.00073
118 7 1.00073
118 8 1.00073
118 9 1.00073
118 10 1.00073
118 11 1.00072
118 12 1.00072
118 13 1.00072
118 14 1.00072
118 15 1.00072
118 16 1.00071
118 17 1.00071
118 18 1.00071
118 19 1.0007
118 20 1.0007
118 21 1.00069
118 22 1.00069
118 23 1.00068
118 24 1.00068
118 25 1.00067
118 26 1.00067
118 27 1.00066
118 28 1.00066
118 29 1.00065
118 30 1.00064
118 31 1.00064
118 32 1.00063
118 33 1.00062
118 34 1.00061
118 35 1.00061
118 36 1.0006
118 37 1.00059
118 38 1.00058
118 39 1.00057
118 40 1.00056
118 41 1.00055
118 42 1.00053
118 43 1.00052
118 44 1.00051
118 45 1.0005
118 46 1.00048
118 47 1.00047
118 48 1.00045
118 49 1.00043
118 50 1.00042
118 51 1.0004
118 52 1.00038
118 53 1.00036
118 54 1.00034
118 55 1.00031
118 56 1.00029
118 57 1.00027
118 58 1.00024
118 59 1.00022
118 60 1.00019
118 61 1.00016
118 62 1.00013
118 63 1.0001
118 64 1.00007
118 65 1.00004
118 66 1.00001
118 67 0.999981
118 68 0.99995
118 69 0.999919
118 70 0.999889
118 71 0.999859
118 72 0.99983
118 73 0.999801
118 74 0.999775
118 75 0.999749
118 76 0.999726
118 77 0.999704
118 78 0.999685
118 79 0.999668
118 80 0.999655
118 81 0.999645
118 82 0.999638
118 83 0.999635
118 84 0.999637
118 85 0.999643
118 86 0.999654
118 87 0.99967
118 88 0.999691
118 89 0.999719
118 90 0.999753
118 91 0.999794
118 92 0.999841
118 93 0.999896
118 94 0.999959
118 95 1.00003
118 96 1.00011
118 97 1.0002
118 98 1.0003
118 99 1.00041
118 100 1.00053
118 101 1.00067
118 102 1.00081
118 103 1.00097
118 104 1.00115
118 105 1.00134
118 106 1.00155
118 107 1.00178
118 108 1.00202
118 109 1.00229
118 110 1.0026
118 111 1.00292
118 112 1.00323
118 113 1.0036
118 114 1.00406
118 115 1.00448
118 116 1.00482
118 117 1.00533
118 118 1.00599
118 119 1.00638
118 120 1.00661
118 121 1.00736
118 122 1.00801
118 123 1.0079
118 124 1.00815
118 125 1.00862
118 126 1.00847
118 127 1.00815

119 0 0
119 1 1.00072
119 2 1.00073
119 3 1.00073
119 4 1.00073
119 5 1.00073
119 6 1.00073
119 7 1.00073
119 8 1.00073
119 9 1.00073
119 10 1.00072
119 11 1.00072
119 12 1.00072
119 13 1.00072
119 14 1.00072
119 15 1.00071
119 16 1.00071
119 17 1.00071
119 18 1.0007
119 19 1.0007
119 20 1.0007
119 21 1.00069
119 22 1.00069
119 23 1.00068
119 24 1.00068
119 25 1.00067
119 26 1.00067
119 27 1.00066
119 28 1.00065
119 29 1.00065
119 30 1.00064
119 31 1.00063
119 32 1.00063
119 33 1.00062
119 34 1.00061
119 35 1.0006
119 36 1.00059
119 37 1.00058
119 38 1.00057
119 39 1.00056
119 40 1.00055
119 41 1.00054
119 42 1.00053
119 43 1.00051
119 44 1.0005
119 45 1.00049
119 46 1.00047
119 47 1.00046
119 48 1.00044
119 49 1.00042
119 50 1.00041
119 51 1.00039
119 52 1.00037
119 53 1.00035
119 54 1.00033
119 55 1.00031
119 56 1.00028
119 57 1.00026
119 58 1.00023
119 59 1.00021
119 60 1.00018
119 61 1.00016
119 62 1.00013
119 63 1.0001
119 64 1.00007
119 65 1.00004
119 66 1.00002
119 67 0.999986
119 68 0.999957
119 69 0.999928
119 70 0.999899
119 71 0.999871
119 72 0.999844
119 73 0.999818
119 74 0.999793
119 75 0.99977
119 76 0.999748
119 77 0.999729
119 78 0.999712
119 79 0.999697
119 80 0.999685
119 81 0.999677
119 82 0.999672
119 83 0.999671
119 84 0.999674
119 85 0.999682
119 86 0.999694
119 87 0.999712
119 88 0.999735
119 89 0.999764
119 90 0.9998
119 91 0.999842
119 92 0.999891
119 93 0.999948
119 94 1.00001
119 95 1.00009
119 96 1.00017
119 97 1.00026
119 98 1.00037
119 99 1.00048
119 100 1.00061
119 101 1.00074
119 102 1.0009
119 103 1.00106
119 104 1.00125
119 105 1.00145
119 106 1.00167
119 107 1.0019
119 108 1.00217
119 109 1.00246
119 110 1.00277
119 111 1.00309
119 112 1.00347
119 113 1.0039
119 114 1.00432
119 115 1.00471
119 116 1.00525
119 117 1.00591
119 118 1.00637
119 119 1.00674
119 120 1.00754
119 121 1.00835
119 122 1.00843
119 123 1.00881
119 124 1.00956
119 125 1.00961
119 126 1.00954
119 127 1.00913

120 0 0
120 1 1.00072
120 2 1.00072
120 3 1.00073
120 4 1.00073
120 5 1.00073
120 6 1.00073
120 7 1.00073
120 8 1.00073
120 9 1.00073
120 10 1.00072
120 11 1.00072
120 12 1.00072
120 13 1.00072
120 14 1.00072
120 15 1.00071
120 16 1.00071
120 17 1.00071
120 18 1.0007
120 19 1.0007
120 20 1.0007
120 21 1.00069
120 22 1.00069
120 23 1.00068
120 24 1.00068
120 25 1.00067
120 26 1.00066
120 27 1.00066
120 28 1.00065
120 29 1.00064
120 30 1.00064
120 31 1.00063
120 32 1.00062
120 33 1.00061
120 34 1.0006
120 35 1.0006
120 36 1.00059
120 37 1.00058
120 38 1.00057
120 39 1.00056
120 40 1.00054
120 41 1.00053
120 42 1.00052
120 43 1.00051
120 44 1.00049
120 45 1.00048
120 46 1.00046
120 47 1.00045
120 48 1.00043
120 49 1.00041
120 50 1.0004
120 51 1.00038
120 52 1.00036
120 53 1.00034
120 54 1.00032
120 55 1.0003
120 56 1.00027
120 57 1.00025
120 58 1.00023
120 59 1.0002
120 60 1.00017
120 61 1.00015
120 62 1.00012
120 63 1.00009
120 64 1.00007
120 65 1.00004
120 66 1.00001
120 67 0.999984
120 68 0.999956
120 69 0.999928
120 70 0.999901
120 71 0.999875
120 72 0.999849
120 73 0.999825
120 74 0.999802
120 75 0.99978
120 76 0.99976
120 77 0.999742
120 78 0.999727
120 79 0.999714
120 80 0.999704
120 81 0.999697
120 82 0.999693
120 83 0.999694
120 84 0.999699
120 85 0.999708
120 86 0.999722
120 87 0.999741
120 88 0.999766
120 89 0.999796
120 90 0.999833
120 91 0.999877
120 92 0.999929
120 93 0.999987
120 94 1.00005
120 95 1.00013
120 96 1.00022
120 97 1.00031
120 98 1.00042
120 99 1.00054
120 100 1.00067
120 101 1.00081
120 102 1.00097
120 103 1.00114
120 104 1.00133
120 105 1.00154
120 106 1.00176
120 107 1.00202
120 108 1.0023
120 109 1.00259
120 110 1.00291
120 111 1.00328
120 112 1.00369
120 113 1.00409
120 114 1.00451
120 115 1.00509
120 116 1.00573
120 117 1.00616
120 118 1.00663
120 119 1.00764
120 120 1.00858
120 121 1.00857
120 122 1.00898
120 123 1.01077
120 124 1.01099
120 125 1.01016
120 126 1.01069
120 127 1.01102

121 0 0
121 1 1.00072
121 2 1.00072
121 3 1.00072
121 4 1.00073
121 5 1.00073
121 6 1.00073
121 7 1.00073
121 8 1.00073
121 9 1.00072
121 10 1.00072
121 11 1.00072
121 12 1.00072
121 13 1.00072
121 14 1.00072
121 15 1.00071
121 16 1.00071
121 17 1.00071
121 18 1.0007
121 19 1.0007
121 20 1.00069
121 21 1.00069
121 22 1.00068
121 23 1.00068
121 24 1.00067
121 25 1.00067
121 26 1.00066
121 27 1.00066
121 28 1.00065
121 29 1.00064
121 30 1.00063
121 31 1.00063
121 32 1.00062
121 33 1.00061
121 34 1.0006
121 35 1.00059
121 36 1.00058
121 37 1.00057
121 38 1.00056
121 39 1.00055
121 40 1.00054
121 41 1.00053
121 42 1.00051
121 43 1.0005
121 44 1.00049
121 45 1.00047
121 46 1.00046
121 47 1.00044
121 48 1.00042
121 49 1.0004
121 50 1.00039
121 51 1.00037
121 52 1.00035
121 53 1.00033
121 54 1.00031
121 55 1.00028
121 56 1.00026
121 57 1.00024
121 58 1.00021
121 59 1.00019
121 60 1.00016
121 61 1.00014
121 62 1.00011
121 63 1.00008
121 64 1.00006
121 65 1.00003
121 66 1
121 67 0.999976
121 68 0.999949
121 69 0.999922
121 70 0.999896
121 71 0.99987
121 72 0.999846
121 73 0.999822
121 74 0.9998
121 75 0.99978
121 76 0.999761
121 77 0.999745
121 78 0.999731
121 79 0.999719
121 80 0.99971
121 81 0.999705
121 82 0.999703
121 83 0.999704
121 84 0.99971
121 85 0.999721
121 86 0.999736
121 87 0.999757
121 88 0.999783
121 89 0.999815
121 90 0.999854
121 91 0.999899
121 92 0.999952
121 93 1.00001
121 94 1.00008
121 95 1.00016
121 96 1.00025
121 97 1.00034
121 98 1.00045
121 99 1.00057
121 100 1.00071
121 101 1.00086
121 102 1.00102
121 103 1.0012
121 104 1.00139
121 105 1.00161
121 106 1.00184
121 107 1.0021
121 108 1.00238
121 109 1.00269
121 110 1.00305
121 111 1.00343
121 112 1.00381
121 113 1.00426
121 114 1.00482
121 115 1.00537
121 116 1.00585
121 117 1.00651
121 118 1.00747
121 119 1.00821
121 120 1.0086
121 121 1.00956
121 122 1.01124
121 123 1.01141
121 124 1.011
121 125 1.01275
121 126 1.01263
121 127 1.01212

122 0 0
122 1 1.00072
122 2 1.00072
122 3 1.00072
122 4 1.00073
122 5 1.00073
122 6 1.00073
122 7 1.00073
122 8 1.00073
122 9 1.00072
122 10 1.00072
122 11 1.00072
122 12 1.00072
122 13 1.00072
122 14 1.00072
122 15 1.00071
122 16 1.00071
122 17 1.00071
122 18 1.0007
122 19 1.0007
122 20 1.00069
122 21 1.00069
122 22 1.00068
122 23 1.00068
122 24 1.00067
122 25 1.00067
122 26 1.00066
122 27 1.00065
122 28 1.00065
122 29 1.00064
122 30 1.00063
122 31 1.00062
122 32 1.00061
122 33 1.00061
122 34 1.0006
122 35 1.00059
122 36 1.00058
122 37 1.00057
122 38 1.00056
122 39 1.00054
122 40 1.00053
122 41 1.00052
122 42 1.00051
122 43 1.00049
122 44 1.00048
122 45 1.00046
122 46 1.00045
122 47 1.00043
122 48 1.00041
122 49 1.00039
122 50 1.00038
122 51 1.00036
122 52 1.00034
122 53 1.00032
122 54 1.00029
122 55 1.00027
122 56 1.00025
122 57 1.00022
122 58 1.0002
122 59 1.00018
122 60 1.00015
122 61 1.00012
122 62 1.0001
122 63 1.00007
122 64 1.00004
122 65 1.00002
122 66 0.99999
122 67 0.999963
122 68 0.999936
122 69 0.99991
122 70 0.999884
122 71 0.999859
122 72 0.999835
122 73 0.999813
122 74 0.999791
122 75 0.999772
122 76 0.999754
122 77 0.999738
122 78 0.999725
122 79 0.999714
122 80 0.999706
122 81 0.999702
122 82 0.9997
122 83 0.999703
122 84 0.99971
122 85 0.999722
122 86 0.999738
122 87 0.99976
122 88 0.999787
122 89 0.99982
122 90 0.99986
122 91 0.999906
122 92 0.999961
122 93 1.00002
122 94 1.00009
122 95 1.00017
122 96 1.00026
122 97 1.00036
122 98 1.00047
122 99 1.0006
122 100 1.00073
122 101 1.00088
122 102 1.00105
122 103 1.00123
122 104 1.00143
122 105 1.00165
122 106 1.0019
122 107 1.00216
122 108 1.00245
122 109 1.00278
122 110 1.00313
122 111 1.00351
122 112 1.00394
122 113 1.00445
122 114 1.00497
122 115 1.00546
122 116 1.00612
122 117 1.00704
122 118 1.0078
122 119 1.00823
122 120 1.00931
122 121 1.0113
122 122 1.01226
122 123 1.01121
122 124 1.01325
122 125 1.01638
122 126 1.01469
122 127 1.01166

123 0 0
123 1 1.00072
123 2 1.00072
123 3 1.00072
123 4 1.00073
123 5 1.00073
123 6 1.00073
123 7 1.00073
123 8 1.00073
123 9 1.00072
123 10 1.00072
123 11 1.00072
123 12 1.00072
123 13 1.00072
123 14 1.00072
123 15 1.00071
123 16 1.00071
123 17 1.00071
123 18 1.0007
123 19 1.0007
123 20 1.00069
123 21 1.00069
123 22 1.00068
123 23 1.00068
123 24 1.00067
123 25 1.00067
123 26 1.00066
123 27 1.00065
123 28 1.00064
123 29 1.00064
123 30 1.00063
123 31 1.00062
123 32 1.00061
123 33 1.0006
123 34 1.00059
123 35 1.00058
123 36 1.00057
123 37 1.00056
123 38 1.00055
123 39 1.00054
123 40 1.00053
123 41 1.00051
123 42 1.0005
123 43 1.00049
123 44 1.00047
123 45 1.00045
123 46 1.00044
123 47 1.00042
123 48 1.0004
123 49 1.00039
123 50 1.00037
123 51 1.00035
123 52 1.00033
123 53 1.0003
123 54 1.00028
123 55 1.00026
123 56 1.00024
123 57 1.00021
123 58 1.00019
123 59 1.00016
123 60 1.00013
123 61 1.00011
123 62 1.00008
123 63 1.00005
123 64 1.00003
123 65 1
123 66 0.999973
123 67 0.999946
123 68 0.99992
123 69 0.999893
123 70 0.999868
123 71 0.999843
123 72 0.999819
123 73 0.999797
123 74 0.999776
123 75 0.999756
123 76 0.999739
123 77 0.999723
123 78 0.99971
123 79 0.9997
123 80 0.999693
123 81 0.999689
123 82 0.999688
123 83 0.999692
123 84 0.999699
123 85 0.999711
123 86 0.999728
123 87 0.99975
123 88 0.999778
123 89 0.999812
123 90 0.999853
123 91 0.9999
123 92 0.999955
123 93 1.00002
123 94 1.00009
123 95 1.00017
123 96 1.00026
123 97 1.00036
123 98 1.00047
123 99 1.0006
123 100 1.00074
123 101 1.00089
123 102 1.00106
123 103 1.00124
123 104 1.00145
123 105 1.00167
123 106 1.00192
123 107 1.00219
123 108 1.00249
123 109 1.00282
123 110 1.00317
123 111 1.00358
123 112 1.00404
123 113 1.00449
123 114 1.005
123 115 1.0057
123 116 1.00644
123 117 1.00698
123 118 1.00771
123 119 1.00919
123 120 1.01057
123 121 1.01074
123 122 1.01178
123 123 1.01574
123 124 1.01813
123 125 1.01309
123 126 1.01574
123 127 1.02052

124 0 0
124 1 1.00072
124 2 1.00072
124 3 1.00072
124 4 1.00073
124 5 1.00073
124 6 1.00073
124 7 1.00073
124 8 1.00073
124 9 1.00073
124 10 1.00072
124 11 1.00072
124 12 1.00072
124 13 1.00072
124 14 1.00072
124 15 1.00071
124 16 1.00071
124 17 1.00071
124 18 1.0007
124 19 1.0007
124 20 1.00069
124 21 1.00069
124 22 1.00068
124 23 1.00068
124 24 1.00067
124 25 1.00066
124 26 1.00066
124 27 1.00065
124 28 1.00064
124 29 1.00064
124 30 1.00063
124 31 1.00062
124 32 1.00061
124 33 1.0006
124 34 1.00059
124 35 1.00058
124 36 1.00057
124 37 1.00056
124 38 1.00055
124 39 1.00053
124 40 1.00052
124 41 1.00051
124 42 1.00049
124 43 1.00048
124 44 1.00046
124 45 1.00045
124 46 1.00043
124 47 1.00041
124 48 1.0004
124 49 1.00038
124 50 1.00036
124 51 1.00034
124 52 1.00031
124 53 1.00029
124 54 1.00027
124 55 1.00025
124 56 1.00022
124 57 1.0002
124 58 1.00017
124 59 1.00015
124 60 1.00012
124 61 1.00009
124 62 1.00007
124 63 1.00004
124 64 1.00001
124 65 0.999982
124 66 0.999955
124 67 0.999927
124 68 0.9999
124 69 0.999874
124 70 0.999848
124 71 0.999823
124 72 0.999799
124 73 0.999776
124 74 0.999755
124 75 0.999736
124 76 0.999718
124 77 0.999703
124 78 0.99969
124 79 0.999679
124 80 0.999672
124 81 0.999668
124 82 0.999668
124 83 0.999671
124 84 0.999679
124 85 0.999691
124 86 0.999708
124 87 0.999731
124 88 0.999759
124 89 0.999793
124 90 0.999834
124 91 0.999882
124 92 0.999937
124 93 1
124 94 1.00007
124 95 1.00015
124 96 1.00024
124 97 1.00035
124 98 1.00046
124 99 1.00059
124 100 1.00073
124 101 1.00088
124 102 1.00105
124 103 1.00124
124 104 1.00144
124 105 1.00167
124 106 1.00192
124 107 1.00219
124 108 1.00249
124 109 1.00282
124 110 1.00319
124 111 1.0036
124 112 1.00403
124 113 1.00453
124 114 1.0051
124 115 1.00572
124 116 1.00637
124 117 1.00717
124 118 1.00815
124 119 1.00926
124 120 1.01023
124 121 1.01149
124 122 1.01356
124 123 1.01684
124 124 1.01807
124 125 1.01821
124 126 1.02229
124 127 1.02152

125 0 0
125 1 1.00072
125 2 1.00072
125 3 1.00073
125 4 1.00073
125 5 1.00073
125 6 1.00073
125 7 1.00073
125 8 1.00073
125 9 1.00073
125 10 1.00073
125 11 1.00072
125 12 1.00072
125 13 1.00072
125 14 1.00072
125 15 1.00071
125 16 1.00071
125 17 1.00071
125 18 1.0007
125 19 1.0007
125 20 1.00069
125 21 1.00069
125 22 1.00068
125 23 1.00068
125 24 1.00067
125 25 1.00066
125 26 1.00066
125 27 1.00065
125 28 1.00064
125 29 1.00063
125 30 1.00063
125 31 1.00062
125 32 1.00061
125 33 1.0006
125 34 1.00059
125 35 1.00058
125 36 1.00057
125 37 1.00056
125 38 1.00054
125 39 1.00053
125 40 1.00052
125 41 1.0005
125 42 1.00049
125 43 1.00047
125 44 1.00046
125 45 1.00044
125 46 1.00042
125 47 1.00041
125 48 1.00039
125 49 1.00037
125 50 1.00035
125 51 1.00033
125 52 1.0003
125 53 1.00028
125 54 1.00026
125 55 1.00023
125 56 1.00021
125 57 1.00018
125 58 1.00016
125 59 1.00013
125 60 1.0001
125 61 1.00008
125 62 1.00005
125 63 1.00002
125 64 0.999992
125 65 0.999963
125 66 0.999935
125 67 0.999907
125 68 0.999879
125 69 0.999852
125 70 0.999826
125 71 0.9998
125 72 0.999776
125 73 0.999753
125 74 0.999731
125 75 0.999711
125 76 0.999693
125 77 0.999677
125 78 0.999664
125 79 0.999653
125 80 0.999646
125 81 0.999642
125 82 0.999641
125 83 0.999644
125 84 0.999652
125 85 0.999664
125 86 0.99968
125 87 0.999703
125 88 0.999731
125 89 0.999765
125 90 0.999805
125 91 0.999853
125 92 0.999908
125 93 0.999971
125 94 1.00004
125 95 1.00012
125 96 1.00021
125 97 1.00032
125 98 1.00043
125 99 1.00056
125 100 1.00069
125 101 1.00085
125 102 1.00102
125 103 1.00121
125 104 1.00141
125 105 1.00164
125 106 1.00189
125 107 1.00216
125 108 1.00246
125 109 1.0028
125 110 1.00317
125 111 1.00356
125 112 1.004
125 113 1.00454
125 114 1.00511
125 115 1.00564
125 116 1.00633
125 117 1.00741
125 118 1.00825
125 119 1.00871
125 120 1.01014
125 121 1.01343
125 122 1.01425
125 123 1.01306
125 124 1.0179
125 125 1.03501
125 126 1.03124
125 127 1.00601

126 0 0
126 1 1.00072
126 2 1.00072
126 3 1.00073
126 4 1.00073
126 5 1.00073
126 6 1.00073
126 7 1.00073
126 8 1.00073
126 9 1.00073
126 10 1.00073
126 11 1.00072
126 12 1.00072
126 13 1.00072
126 14 1.00072
126 15 1.00071
126 16 1.00071
126 17 1.00071
126 18 1.0007
126 19 1.0007
126 20 1.00069
126 21 1.00069
126 22 1.00068
126 23 1.00068
126 24 1.00067
126 25 1.00066
126 26 1.00066
126 27 1.00065
126 28 1.00064
126 29 1.00063
126 30 1.00063
126 31 1.00062
126 32 1.00061
126 33 1.0006
126 34 1.00059
126 35 1.00058
126 36 1.00056
126 37 1.00055
126 38 1.00054
126 39 1.00053
126 40 1.00051
126 41 1.0005
126 42 1.00049
126 43 1.00047
126 44 1.00045
126 45 1.00044
126 46 1.00042
126 47 1.0004
126 48 1.00038
126 49 1.00036
126 50 1.00034
126 51 1.00032
126 52 1.00029
126 53 1.00027
126 54 1.00025
126 55 1.00022
126 56 1.0002
126 57 1.00017
126 58 1.00014
126 59 1.00012
126 60 1.00009
126 61 1.00006
126 62 1.00003
126 63 1
126 64 0.999973
126 65 0.999944
126 66 0.999915
126 67 0.999886
126 68 0.999857
126 69 0.999829
126 70 0.999802
126 71 0.999776
126 72 0.999751
126 73 0.999727
126 74 0.999704
126 75 0.999684
126 76 0.999665
126 77 0.999649
126 78 0.999635
126 79 0.999623
126 80 0.999615
126 81 0.99961
126 82 0.999609
126 83 0.999611
126 84 0.999618
126 85 0.99963
126 86 0.999646
126 87 0.999667
126 88 0.999695
126 89 0.999728
126 90 0.999768
126 91 0.999814
126 92 0.999869
126 93 0.999931
126 94 1
126 95 1.00008
126 96 1.00017
126 97 1.00027
126 98 1.00039
126 99 1.00051
126 100 1.00065
126 101 1.0008
126 102 1.00097
126 103 1.00115
126 104 1.00136
126 105 1.00158
126 106 1.00183
126 107 1.00211
126 108 1.00241
126 109 1.00273
126 110 1.00309
126 111 1.00351
126 112 1.00396
126 113 1.00442
126 114 1.00498
126 115 1.00569
126 116 1.00634
126 117 1.00695
126 118 1.00804
126 119 1.00952
126 120 1.01018
126 121 1.01089
126 122 1.01447
126 123 1.01873
126 124 1.01726
126 125 1.02104
126 126 1.03961
126 127 1.06906

127 0 0
127 1 0
127 2 0
127 3 0
127 4 0
127 5 0
127 6 0
127 7 0
127 8 0
127 9 0
127 10 0
127 11 0
127 12 0
127 13 0
127 14 0
127 15 0
127 16 0
127 17 0
127 18 0
127 19 0
127 20 0
127 21 0
127 22 0
127 23 0
127 24 0
127 25 0
127 26 0
127 27 0
127 28 0
127 29 0
127 30 0
127 31 0
127 32 0
127 33 0
127 34 0
127 35 0
127 36 0
127 37 0
127 38 0
127 39 0
127 40 0
127 41 0
127 42 0
127 43 0
127 44 0
127 45 0
127 46 0
127 47 0
127 48 0
127 49 0
127 50 0
127 51 0
127 52 0
127 53 0
127 54 0
127 55 0
127 56 0
127 57 0
127 58 0
127 59 0
127 60 0
127 61 0
127 62 0
127 63 0
127 64 0
127 65 0
127 66 0
127 67 0
127 68 0
127 69 0
127 70 0
127 71 0
127 72 0
127 73 0
127 74 0
127 75 0
127 76 0
127 77 0
127 78 0
127 79 0
127 80 0
127 81 0
127 82 0
127 83 0
127 84 0
127 85 0
127 86 0
127 87 0
127 88 0
127 89 0
127 90 0
127 91 0
127 92 0
127 93 0
127 94 0
127 95 0
127 96 0
127 97 0
127 98 0
127 99 0
127 100 0
127 101 0
127 102 0
127 103 0
127 104 0
127 105 0
127 106 0
127 107 0
127 108 0
127 109 0
127 110 0
127 111 0
127 112 0
127 113 0
127 114 0
127 115 0
127 116 0
127 117 0
127 118 0
127 119 0
127 120 0
127 121 0
127 122 0
127 123 0
127 124 0
127 125 0
127 126 0
127 127 0

