0 0 0
0 1 0
0 2 0
0 3 0
0 4 0
0 5 0
0 6 0
0 7 0
0 8 0
0 9 0
0 10 0
0 11 0
0 12 0
0 13 0
0 14 0
0 15 0
0 16 0
0 17 0
0 18 0
0 19 0
0 20 0
0 21 0
0 22 0
0 23 0
0 24 0
0 25 0
0 26 0
0 27 0
0 28 0
0 29 0
0 30 0
0 31 0
0 32 0
0 33 0
0 34 0
0 35 0
0 36 0
0 37 0
0 38 0
0 39 0
0 40 0
0 41 0
0 42 0
0 43 0
0 44 0
0 45 0
0 46 0
0 47 0
0 48 0
0 49 0
0 50 0
0 51 0
0 52 0
0 53 0
0 54 0
0 55 0
0 56 0
0 57 0
0 58 0
0 59 0
0 60 0
0 61 0
0 62 0
0 63 0
0 64 0
0 65 0
0 66 0
0 67 0
0 68 0
0 69 0
0 70 0
0 71 0
0 72 0
0 73 0
0 74 0
0 75 0
0 76 0
0 77 0
0 78 0
0 79 0
0 80 0
0 81 0
0 82 0
0 83 0
0 84 0
0 85 0
0 86 0
0 87 0
0 88 0
0 89 0
0 90 0
0 91 0
0 92 0
0 93 0
0 94 0
0 95 0
0 96 0
0 97 0
0 98 0
0 99 0
0 100 0
0 101 0
0 102 0
0 103 0
0 104 0
0 105 0
0 106 0
0 107 0
0 108 0
0 109 0
0 110 0
0 111 0
0 112 0
0 113 0
0 114 0
0 115 0
0 116 0
0 117 0
0 118 0
0 119 0
0 120 0
0 121 0
0 122 0
0 123 0
0 124 0
0 125 0
0 126 0
0 127 0

1 0 0
1 1 1.00118
1 2 1.00118
1 3 1.00118
1 4 1.00118
1 5 1.00118
1 6 1.00118
1 7 1.00118
1 8 1.00118
1 9 1.00118
1 10 1.00118
1 11 1.00119
1 12 1.00119
1 13 1.00119
1 14 1.00119
1 15 1.00119
1 16 1.00119
1 17 1.00119
1 18 1.00119
1 19 1.0012
1 20 1.0012
1 21 1.0012
1 22 1.0012
1 23 1.0012
1 24 1.0012
1 25 1.0012
1 26 1.0012
1 27 1.00119
1 28 1.00119
1 29 1.00119
1 30 1.00119
1 31 1.00119
1 32 1.00118
1 33 1.00118
1 34 1.00117
1 35 1.00117
1 36 1.00116
1 37 1.00116
1 38 1.00115
1 39 1.00114
1 40 1.00113
1 41 1.00112
1 42 1.00111
1 43 1.0011
1 44 1.00109
1 45 1.00108
1 46 1.00107
1 47 1.00105
1 48 1.00104
1 49 1.00102
1 50 1.00101
1 51 1.00099
1 52 1.00098
1 53 1.00096
1 54 1.00094
1 55 1.00092
1 56 1.0009
1 57 1.00088
1 58 1.00086
1 59 1.00084
1 60 1.00082
1 61 1.0008
1 62 1.00078
1 63 1.00076
1 64 1.00074
1 65 1.00071
1 66 1.00069
1 67 1.00067
1 68 1.00065
1 69 1.00063
1 70 1.00061
1 71 1.00059
1 72 1.00057
1 73 1.00054
1 74 1.00052
1 75 1.00051
1 76 1.00049
1 77 1.00047
1 78 1.00045
1 79 1.00043
1 80 1.00041
1 81 1.0004
1 82 1.00038
1 83 1.00037
1 84 1.00035
1 85 1.00034
1 86 1.00032
1 87 1.00031
1 88 1.0003
1 89 1.00028
1 90 1.00027
1 91 1.00026
1 92 1.00025
1 93 1.00024
1 94 1.00023
1 95 1.00022
1 96 1.00021
1 97 1.0002
1 98 1.00019
1 99 1.00019
1 100 1.00018
1 101 1.00017
1 102 1.00016
1 103 1.00015
1 104 1.00014
1 105 1.00013
1 106 1.00012
1 107 1.00011
1 108 1.0001
1 109 1.00008
1 110 1.00006
1 111 1.00005
1 112 1.00002
1 113 0.99997
1 114 0.999964
1 115 0.999932
1 116 0.999774
1 117 0.999699
1 118 0.999792
1 119 0.99951
1 120 0.99883
1 121 0.999121
1 122 0.999479
1 123 0.996842
1 124 0.99482
1 125 0.997436
1 126 0.994747
1 127 0.972551

2 0 0
2 1 1.00118
2 2 1.00118
2 3 1.00118
2 4 1.00118
2 5 1.00118
2 6 1.00118
2 7 1.00118
2 8 1.00118
2 9 1.00118
2 10 1.00118
2 11 1.00118
2 12 1.00119
2 13 1.00119
2 14 1.00119
2 15 1.00119
2 16 1.00119
2 17 1.00119
2 18 1.00119
2 19 1.00119
2 20 1.00119
2 21 1.00119
2 22 1.00119
2 23 1.00119
2 24 1.00119
2 25 1.00119
2 26 1.00119
2 27 1.00119
2 28 1.00119
2 29 1.00119
2 30 1.00118
2 31 1.00118
2 32 1.00118
2 33 1.00117
2 34 1.00117
2 35 1.00116
2 36 1.00116
2 37 1.00115
2 38 1.00114
2 39 1.00114
2 40 1.00113
2 41 1.00112
2 42 1.00111
2 43 1.0011
2 44 1.00109
2 45 1.00107
2 46 1.00106
2 47 1.00105
2 48 1.00103
2 49 1.00102
2 50 1.001
2 51 1.00099
2 52 1.00097
2 53 1.00095
2 54 1.00093
2 55 1.00092
2 56 1.0009
2 57 1.00088
2 58 1.00086
2 59 1.00084
2 60 1.00082
2 61 1.0008
2 62 1.00078
2 63 1.00075
2 64 1.00073
2 65 1.00071
2 66 1.00069
2 67 1.00067
2 68 1.00065
2 69 1.00063
2 70 1.00061
2 71 1.00058
2 72 1.00056
2 73 1.00054
2 74 1.00052
2 75 1.00051
2 76 1.00049
2 77 1.00047
2 78 1.00045
2 79 1.00043
2 80 1.00041
2 81 1.0004
2 82 1.00038
2 83 1.00037
2 84 1.00035
2 85 1.00034
2 86 1.00032
2 87 1.00031
2 88 1.0003
2 89 1.00029
2 90 1.00027
2 91 1.00026
2 92 1.00025
2 93 1.00024
2 94 1.00023
2 95 1.00022
2 96 1.00021
2 97 1.0002
2 98 1.00019
2 99 1.00018
2 100 1.00018
2 101 1.00017
2 102 1.00016
2 103 1.00015
2 104 1.00014
2 105 1.00013
2 106 1.00012
2 107 1.0001
2 108 1.00009
2 109 1.00007
2 110 1.00005
2 111 1.00001
2 112 1
2 113 0.999979
2 114 0.999876
2 115 0.999823
2 116 0.999875
2 117 0.999714
2 118 0.999264
2 119 0.999445
2 120 0.999804
2 121 0.998316
2 122 0.996633
2 123 0.999685
2 124 1.00027
2 125 0.986303
2 126 0.985548
2 127 1.0134

3 0 0
3 1 1.00118
3 2 1.00118
3 3 1.00118
3 4 1.00118
3 5 1.00118
3 6 1.00118
3 7 1.00118
3 8 1.00118
3 9 1.00118
3 10 1.00118
3 11 1.00118
3 12 1.00118
3 13 1.00119
3 14 1.00119
3 15 1.00119
3 16 1.00119
3 17 1.00119
3 18 1.00119
3 19 1.00119
3 20 1.00119
3 21 1.00119
3 22 1.00119
3 23 1.00119
3 24 1.00119
3 25 1.00119
3 26 1.00119
3 27 1.00119
3 28 1.00119
3 29 1.00118
3 30 1.00118
3 31 1.00118
3 32 1.00117
3 33 1.00117
3 34 1.00116
3 35 1.00116
3 36 1.00115
3 37 1.00115
3 38 1.00114
3 39 1.00113
3 40 1.00112
3 41 1.00111
3 42 1.0011
3 43 1.00109
3 44 1.00108
3 45 1.00107
3 46 1.00106
3 47 1.00104
3 48 1.00103
3 49 1.00101
3 50 1.001
3 51 1.00098
3 52 1.00096
3 53 1.00095
3 54 1.00093
3 55 1.00091
3 56 1.00089
3 57 1.00087
3 58 1.00085
3 59 1.00083
3 60 1.00081
3 61 1.00079
3 62 1.00077
3 63 1.00075
3 64 1.00073
3 65 1.00071
3 66 1.00069
3 67 1.00067
3 68 1.00064
3 69 1.00062
3 70 1.0006
3 71 1.00058
3 72 1.00056
3 73 1.00054
3 74 1.00052
3 75 1.0005
3 76 1.00049
3 77 1.00047
3 78 1.00045
3 79 1.00043
3 80 1.00042
3 81 1.0004
3 82 1.00038
3 83 1.00037
3 84 1.00035
3 85 1.00034
3 86 1.00033
3 87 1.00031
3 88 1.0003
3 89 1.00029
3 90 1.00028
3 91 1.00026
3 92 1.00025
3 93 1.00024
3 94 1.00023
3 95 1.00022
3 96 1.00021
3 97 1.0002
3 98 1.00019
3 99 1.00018
3 100 1.00018
3 101 1.00017
3 102 1.00016
3 103 1.00015
3 104 1.00013
3 105 1.00012
3 106 1.00011
3 107 1.00009
3 108 1.00008
3 109 1.00006
3 110 1.00004
3 111 1.00001
3 112 0.999969
3 113 0.999953
3 114 0.999901
3 115 0.999783
3 116 0.99973
3 117 0.999755
3 118 0.9995
3 119 0.999068
3 120 0.999204
3 121 0.999387
3 122 0.997876
3 123 0.996403
3 124 0.998322
3 125 0.997995
3 126 0.99113
3 127 0.999797

4 0 0
4 1 1.00118
4 2 1.00118
4 3 1.00118
4 4 1.00118
4 5 1.00118
4 6 1.00118
4 7 1.00118
4 8 1.00118
4 9 1.00118
4 10 1.00118
4 11 1.00118
4 12 1.00118
4 13 1.00118
4 14 1.00119
4 15 1.00119
4 16 1.00119
4 17 1.00119
4 18 1.00119
4 19 1.00119
4 20 1.00119
4 21 1.00119
4 22 1.00119
4 23 1.00119
4 24 1.00119
4 25 1.00119
4 26 1.00119
4 27 1.00118
4 28 1.00118
4 29 1.00118
4 30 1.00118
4 31 1.00117
4 32 1.00117
4 33 1.00116
4 34 1.00116
4 35 1.00115
4 36 1.00115
4 37 1.00114
4 38 1.00113
4 39 1.00113
4 40 1.00112
4 41 1.00111
4 42 1.0011
4 43 1.00109
4 44 1.00107
4 45 1.00106
4 46 1.00105
4 47 1.00104
4 48 1.00102
4 49 1.00101
4 50 1.00099
4 51 1.00098
4 52 1.00096
4 53 1.00094
4 54 1.00092
4 55 1.00091
4 56 1.00089
4 57 1.00087
4 58 1.00085
4 59 1.00083
4 60 1.00081
4 61 1.00079
4 62 1.00077
4 63 1.00075
4 64 1.00073
4 65 1.0007
4 66 1.00068
4 67 1.00066
4 68 1.00064
4 69 1.00062
4 70 1.0006
4 71 1.00058
4 72 1.00056
4 73 1.00054
4 74 1.00052
4 75 1.0005
4 76 1.00048
4 77 1.00047
4 78 1.00045
4 79 1.00043
4 80 1.00041
4 81 1.0004
4 82 1.00038
4 83 1.00037
4 84 1.00035
4 85 1.00034
4 86 1.00033
4 87 1.00031
4 88 1.0003
4 89 1.00029
4 90 1.00028
4 91 1.00026
4 92 1.00025
4 93 1.00024
4 94 1.00023
4 95 1.00022
4 96 1.00021
4 97 1.0002
4 98 1.00019
4 99 1.00018
4 100 1.00017
4 101 1.00016
4 102 1.00015
4 103 1.00014
4 104 1.00013
4 105 1.00012
4 106 1.0001
4 107 1.00009
4 108 1.00007
4 109 1.00005
4 110 1.00003
4 111 1.00002
4 112 0.99996
4 113 0.999895
4 114 0.999907
4 115 0.999873
4 116 0.999628
4 117 0.999531
4 118 0.999799
4 119 0.999442
4 120 0.998362
4 121 0.998886
4 122 1.00018
4 123 0.997108
4 124 0.993895
4 125 1.00067
4 126 1.00032
4 127 0.995352

5 0 0
5 1 1.00118
5 2 1.00118
5 3 1.00118
5 4 1.00118
5 5 1.00118
5 6 1.00118
5 7 1.00118
5 8 1.00118
5 9 1.00118
5 10 1.00118
5 11 1.00118
5 12 1.00118
5 13 1.00118
5 14 1.00118
5 15 1.00118
5 16 1.00118
5 17 1.00119
5 18 1.00119
5 19 1.00119
5 20 1.00119
5 21 1.00119
5 22 1.00119
5 23 1.00119
5 24 1.00118
5 25 1.00118
5 26 1.00118
5 27 1.00118
5 28 1.00118
5 29 1.00118
5 30 1.00117
5 31 1.00117
5 32 1.00116
5 33 1.00116
5 34 1.00115
5 35 1.00115
5 36 1.00114
5 37 1.00114
5 38 1.00113
5 39 1.00112
5 40 1.00111
5 41 1.0011
5 42 1.00109
5 43 1.00108
5 44 1.00107
5 45 1.00106
5 46 1.00104
5 47 1.00103
5 48 1.00102
5 49 1.001
5 50 1.00099
5 51 1.00097
5 52 1.00095
5 53 1.00094
5 54 1.00092
5 55 1.0009
5 56 1.00088
5 57 1.00086
5 58 1.00084
5 59 1.00082
5 60 1.0008
5 61 1.00078
5 62 1.00076
5 63 1.00074
5 64 1.00072
5 65 1.0007
5 66 1.00068
5 67 1.00066
5 68 1.00064
5 69 1.00062
5 70 1.0006
5 71 1.00058
5 72 1.00056
5 73 1.00054
5 74 1.00052
5 75 1.0005
5 76 1.00048
5 77 1.00046
5 78 1.00045
5 79 1.00043
5 80 1.00041
5 81 1.0004
5 82 1.00038
5 83 1.00037
5 84 1.00035
5 85 1.00034
5 86 1.00032
5 87 1.00031
5 88 1.0003
5 89 1.00029
5 90 1.00028
5 91 1.00026
5 92 1.00025
5 93 1.00024
5 94 1.00023
5 95 1.00022
5 96 1.00021
5 97 1.0002
5 98 1.00019
5 99 1.00018
5 100 1.00017
5 101 1.00016
5 102 1.00015
5 103 1.00014
5 104 1.00013
5 105 1.00012
5 106 1.0001
5 107 1.00009
5 108 1.00007
5 109 1.00005
5 110 1.00002
5 111 0.999997
5 112 0.999985
5 113 0.999922
5 114 0.999832
5 115 0.999843
5 116 0.999834
5 117 0.999546
5 118 0.999356
5 119 0.999685
5 120 0.999471
5 121 0.998211
5 122 0.998414
5 123 1.00007
5 124 0.99759
5 125 0.996188
5 126 1.00115
5 127 1.00167

6 0 0
6 1 1.00117
6 2 1.00117
6 3 1.00117
6 4 1.00117
6 5 1.00117
6 6 1.00118
6 7 1.00118
6 8 1.00118
6 9 1.00118
6 10 1.00118
6 11 1.00118
6 12 1.00118
6 13 1.00118
6 14 1.00118
6 15 1.00118
6 16 1.00118
6 17 1.00118
6 18 1.00118
6 19 1.00118
6 20 1.00118
6 21 1.00118
6 22 1.00118
6 23 1.00118
6 24 1.00118
6 25 1.00118
6 26 1.00118
6 27 1.00118
6 28 1.00117
6 29 1.00117
6 30 1.00117
6 31 1.00116
6 32 1.00116
6 33 1.00116
6 34 1.00115
6 35 1.00115
6 36 1.00114
6 37 1.00113
6 38 1.00112
6 39 1.00112
6 40 1.00111
6 41 1.0011
6 42 1.00109
6 43 1.00108
6 44 1.00107
6 45 1.00105
6 46 1.00104
6 47 1.00103
6 48 1.00101
6 49 1.001
6 50 1.00098
6 51 1.00097
6 52 1.00095
6 53 1.00093
6 54 1.00091
6 55 1.0009
6 56 1.00088
6 57 1.00086
6 58 1.00084
6 59 1.00082
6 60 1.0008
6 61 1.00078
6 62 1.00076
6 63 1.00074
6 64 1.00072
6 65 1.0007
6 66 1.00068
6 67 1.00066
6 68 1.00063
6 69 1.00061
6 70 1.00059
6 71 1.00057
6 72 1.00055
6 73 1.00053
6 74 1.00052
6 75 1.0005
6 76 1.00048
6 77 1.00046
6 78 1.00044
6 79 1.00043
6 80 1.00041
6 81 1.0004
6 82 1.00038
6 83 1.00037
6 84 1.00035
6 85 1.00034
6 86 1.00032
6 87 1.00031
6 88 1.0003
6 89 1.00029
6 90 1.00028
6 91 1.00026
6 92 1.00025
6 93 1.00024
6 94 1.00023
6 95 1.00022
6 96 1.00021
6 97 1.0002
6 98 1.00019
6 99 1.00019
6 100 1.00018
6 101 1.00017
6 102 1.00016
6 103 1.00014
6 104 1.00013
6 105 1.00012
6 106 1.00011
6 107 1.00009
6 108 1.00007
6 109 1.00006
6 110 1.00004
6 111 0.999988
6 112 0.999966
6 113 0.999972
6 114 0.999882
6 115 0.999748
6 116 0.999813
6 117 0.999851
6 118 0.9994
6 119 0.999168
6 120 0.999795
6 121 0.999506
6 122 0.997793
6 123 0.998704
6 124 1.00045
6 125 0.998139
6 126 0.999487
6 127 1.00073

7 0 0
7 1 1.00117
7 2 1.00117
7 3 1.00117
7 4 1.00117
7 5 1.00117
7 6 1.00117
7 7 1.00117
7 8 1.00117
7 9 1.00118
7 10 1.00118
7 11 1.00118
7 12 1.00118
7 13 1.00118
7 14 1.00118
7 15 1.00118
7 16 1.00118
7 17 1.00118
7 18 1.00118
7 19 1.00118
7 20 1.00118
7 21 1.00118
7 22 1.00118
7 23 1.00118
7 24 1.00118
7 25 1.00118
7 26 1.00118
7 27 1.00117
7 28 1.00117
7 29 1.00117
7 30 1.00116
7 31 1.00116
7 32 1.00116
7 33 1.00115
7 34 1.00115
7 35 1.00114
7 36 1.00113
7 37 1.00113
7 38 1.00112
7 39 1.00111
7 40 1.0011
7 41 1.00109
7 42 1.00108
7 43 1.00107
7 44 1.00106
7 45 1.00105
7 46 1.00104
7 47 1.00102
7 48 1.00101
7 49 1.00099
7 50 1.00098
7 51 1.00096
7 52 1.00094
7 53 1.00093
7 54 1.00091
7 55 1.00089
7 56 1.00087
7 57 1.00085
7 58 1.00083
7 59 1.00081
7 60 1.00079
7 61 1.00077
7 62 1.00075
7 63 1.00073
7 64 1.00071
7 65 1.00069
7 66 1.00067
7 67 1.00065
7 68 1.00063
7 69 1.00061
7 70 1.00059
7 71 1.00057
7 72 1.00055
7 73 1.00053
7 74 1.00051
7 75 1.00049
7 76 1.00048
7 77 1.00046
7 78 1.00044
7 79 1.00042
7 80 1.00041
7 81 1.00039
7 82 1.00038
7 83 1.00036
7 84 1.00035
7 85 1.00033
7 86 1.00032
7 87 1.00031
7 88 1.0003
7 89 1.00029
7 90 1.00027
7 91 1.00026
7 92 1.00025
7 93 1.00024
7 94 1.00023
7 95 1.00022
7 96 1.00021
7 97 1.0002
7 98 1.0002
7 99 1.00019
7 100 1.00018
7 101 1.00017
7 102 1.00016
7 103 1.00015
7 104 1.00014
7 105 1.00012
7 106 1.00011
7 107 1.0001
7 108 1.00008
7 109 1.00005
7 110 1.00005
7 111 1.00003
7 112 0.999965
7 113 0.999934
7 114 0.999963
7 115 0.999877
7 116 0.999682
7 117 0.999752
7 118 0.999892
7 119 0.999413
7 120 0.999019
7 121 0.999759
7 122 0.999667
7 123 0.998216
7 124 0.999227
7 125 1.00038
7 126 0.99966
7 127 0.999872

8 0 0
8 1 1.00117
8 2 1.00117
8 3 1.00117
8 4 1.00117
8 5 1.00117
8 6 1.00117
8 7 1.00117
8 8 1.00117
8 9 1.00117
8 10 1.00117
8 11 1.00117
8 12 1.00117
8 13 1.00118
8 14 1.00118
8 15 1.00118
8 16 1.00118
8 17 1.00118
8 18 1.00118
8 19 1.00118
8 20 1.00118
8 21 1.00118
8 22 1.00118
8 23 1.00118
8 24 1.00118
8 25 1.00117
8 26 1.00117
8 27 1.00117
8 28 1.00117
8 29 1.00116
8 30 1.00116
8 31 1.00116
8 32 1.00115
8 33 1.00115
8 34 1.00114
8 35 1.00114
8 36 1.00113
8 37 1.00112
8 38 1.00112
8 39 1.00111
8 40 1.0011
8 41 1.00109
8 42 1.00108
8 43 1.00107
8 44 1.00106
8 45 1.00104
8 46 1.00103
8 47 1.00102
8 48 1.001
8 49 1.00099
8 50 1.00097
8 51 1.00096
8 52 1.00094
8 53 1.00092
8 54 1.0009
8 55 1.00089
8 56 1.00087
8 57 1.00085
8 58 1.00083
8 59 1.00081
8 60 1.00079
8 61 1.00077
8 62 1.00075
8 63 1.00073
8 64 1.00071
8 65 1.00069
8 66 1.00066
8 67 1.00064
8 68 1.00062
8 69 1.0006
8 70 1.00058
8 71 1.00056
8 72 1.00054
8 73 1.00053
8 74 1.00051
8 75 1.00049
8 76 1.00047
8 77 1.00045
8 78 1.00044
8 79 1.00042
8 80 1.0004
8 81 1.00039
8 82 1.00037
8 83 1.00036
8 84 1.00034
8 85 1.00033
8 86 1.00032
8 87 1.00031
8 88 1.00029
8 89 1.00028
8 90 1.00027
8 91 1.00026
8 92 1.00025
8 93 1.00024
8 94 1.00023
8 95 1.00022
8 96 1.00021
8 97 1.00021
8 98 1.0002
8 99 1.00019
8 100 1.00018
8 101 1.00017
8 102 1.00016
8 103 1.00015
8 104 1.00014
8 105 1.00013
8 106 1.00011
8 107 1.0001
8 108 1.00009
8 109 1.00007
8 110 1.00004
8 111 1.00004
8 112 1.00002
8 113 0.999946
8 114 0.999914
8 115 0.999974
8 116 0.999874
8 117 0.999635
8 118 0.999751
8 119 0.999938
8 120 0.999386
8 121 0.9991
8 122 0.999915
8 123 0.999622
8 124 0.998975
8 125 1.00009
8 126 1.00011
8 127 1.00024

9 0 0
9 1 1.00117
9 2 1.00117
9 3 1.00117
9 4 1.00117
9 5 1.00117
9 6 1.00117
9 7 1.00117
9 8 1.00117
9 9 1.00117
9 10 1.00117
9 11 1.00117
9 12 1.00117
9 13 1.00117
9 14 1.00117
9 15 1.00117
9 16 1.00117
9 17 1.00117
9 18 1.00118
9 19 1.00118
9 20 1.00117
9 21 1.00117
9 22 1.00117
9 23 1.00117
9 24 1.00117
9 25 1.00117
9 26 1.00117
9 27 1.00117
9 28 1.00116
9 29 1.00116
9 30 1.00116
9 31 1.00115
9 32 1.00115
9 33 1.00114
9 34 1.00114
9 35 1.00113
9 36 1.00113
9 37 1.00112
9 38 1.00111
9 39 1.0011
9 40 1.00109
9 41 1.00108
9 42 1.00107
9 43 1.00106
9 44 1.00105
9 45 1.00104
9 46 1.00103
9 47 1.00101
9 48 1.001
9 49 1.00098
9 50 1.00097
9 51 1.00095
9 52 1.00093
9 53 1.00092
9 54 1.0009
9 55 1.00088
9 56 1.00086
9 57 1.00084
9 58 1.00082
9 59 1.0008
9 60 1.00078
9 61 1.00076
9 62 1.00074
9 63 1.00072
9 64 1.0007
9 65 1.00068
9 66 1.00066
9 67 1.00064
9 68 1.00062
9 69 1.0006
9 70 1.00058
9 71 1.00056
9 72 1.00054
9 73 1.00052
9 74 1.0005
9 75 1.00048
9 76 1.00046
9 77 1.00045
9 78 1.00043
9 79 1.00041
9 80 1.0004
9 81 1.00038
9 82 1.00037
9 83 1.00035
9 84 1.00034
9 85 1.00033
9 86 1.00031
9 87 1.0003
9 88 1.00029
9 89 1.00028
9 90 1.00027
9 91 1.00026
9 92 1.00025
9 93 1.00024
9 94 1.00023
9 95 1.00022
9 96 1.00021
9 97 1.00021
9 98 1.0002
9 99 1.00019
9 100 1.00018
9 101 1.00017
9 102 1.00016
9 103 1.00016
9 104 1.00015
9 105 1.00014
9 106 1.00013
9 107 1.00011
9 108 1.0001
9 109 1.0001
9 110 1.00007
9 111 1.00004
9 112 1.00004
9 113 1.00004
9 114 0.999944
9 115 0.999898
9 116 0.999997
9 117 0.999915
9 118 0.999624
9 119 0.999753
9 120 1.00001
9 121 0.999492
9 122 0.999322
9 123 1.00004
9 124 0.999858
9 125 0.999672
9 126 1.00024
9 127 1.00063

10 0 0
10 1 1.00116
10 2 1.00116
10 3 1.00116
10 4 1.00116
10 5 1.00117
10 6 1.00117
10 7 1.00117
10 8 1.00117
10 9 1.00117
10 10 1.00117
10 11 1.00117
10 12 1.00117
10 13 1.00117
10 14 1.00117
10 15 1.00117
10 16 1.00117
10 17 1.00117
10 18 1.00117
10 19 1.00117
10 20 1.00117
10 21 1.00117
10 22 1.00117
10 23 1.00117
10 24 1.00117
10 25 1.00117
10 26 1.00117
10 27 1.00116
10 28 1.00116
10 29 1.00116
10 30 1.00115
10 31 1.00115
10 32 1.00115
10 33 1.00114
10 34 1.00114
10 35 1.00113
10 36 1.00112
10 37 1.00112
10 38 1.00111
10 39 1.0011
10 40 1.00109
10 41 1.00108
10 42 1.00107
10 43 1.00106
10 44 1.00105
10 45 1.00103
10 46 1.00102
10 47 1.00101
10 48 1.00099
10 49 1.00098
10 50 1.00096
10 51 1.00094
10 52 1.00093
10 53 1.00091
10 54 1.00089
10 55 1.00087
10 56 1.00085
10 57 1.00083
10 58 1.00081
10 59 1.00079
10 60 1.00077
10 61 1.00075
10 62 1.00073
10 63 1.00071
10 64 1.00069
10 65 1.00067
10 66 1.00065
10 67 1.00063
10 68 1.00061
10 69 1.00059
10 70 1.00057
10 71 1.00055
10 72 1.00053
10 73 1.00051
10 74 1.00049
10 75 1.00047
10 76 1.00046
10 77 1.00044
10 78 1.00042
10 79 1.00041
10 80 1.00039
10 81 1.00038
10 82 1.00036
10 83 1.00035
10 84 1.00033
10 85 1.00032
10 86 1.00031
10 87 1.0003
10 88 1.00029
10 89 1.00028
10 90 1.00027
10 91 1.00026
10 92 1.00025
10 93 1.00024
10 94 1.00023
10 95 1.00022
10 96 1.00021
10 97 1.00021
10 98 1.0002
10 99 1.00019
10 100 1.00019
10 101 1.00018
10 102 1.00017
10 103 1.00016
10 104 1.00015
10 105 1.00015
10 106 1.00014
10 107 1.00013
10 108 1.00011
10 109 1.0001
10 110 1.00011
10 111 1.00008
10 112 1.00004
10 113 1.00006
10 114 1.00006
10 115 0.999958
10 116 0.999911
10 117 1.00003
10 118 0.99995
10 119 0.999679
10 120 0.999848
10 121 1.00003
10 122 0.999643
10 123 0.999738
10 124 1.00017
10 125 1.00005
10 126 1.00031
10 127 1.0005

11 0 0
11 1 1.00116
11 2 1.00116
11 3 1.00116
11 4 1.00116
11 5 1.00116
11 6 1.00116
11 7 1.00116
11 8 1.00116
11 9 1.00116
11 10 1.00117
11 11 1.00117
11 12 1.00117
11 13 1.00117
11 14 1.00117
11 15 1.00117
11 16 1.00117
11 17 1.00117
11 18 1.00117
11 19 1.00117
11 20 1.00117
11 21 1.00117
11 22 1.00117
11 23 1.00117
11 24 1.00117
11 25 1.00116
11 26 1.00116
11 27 1.00116
11 28 1.00116
11 29 1.00115
11 30 1.00115
11 31 1.00115
11 32 1.00114
11 33 1.00114
11 34 1.00113
11 35 1.00113
11 36 1.00112
11 37 1.00111
11 38 1.0011
11 39 1.00109
11 40 1.00109
11 41 1.00108
11 42 1.00106
11 43 1.00105
11 44 1.00104
11 45 1.00103
11 46 1.00102
11 47 1.001
11 48 1.00099
11 49 1.00097
11 50 1.00095
11 51 1.00094
11 52 1.00092
11 53 1.0009
11 54 1.00088
11 55 1.00087
11 56 1.00085
11 57 1.00083
11 58 1.00081
11 59 1.00079
11 60 1.00077
11 61 1.00075
11 62 1.00073
11 63 1.0007
11 64 1.00068
11 65 1.00066
11 66 1.00064
11 67 1.00062
11 68 1.0006
11 69 1.00058
11 70 1.00056
11 71 1.00054
11 72 1.00052
11 73 1.0005
11 74 1.00048
11 75 1.00047
11 76 1.00045
11 77 1.00043
11 78 1.00041
11 79 1.0004
11 80 1.00038
11 81 1.00037
11 82 1.00035
11 83 1.00034
11 84 1.00033
11 85 1.00032
11 86 1.0003
11 87 1.00029
11 88 1.00028
11 89 1.00027
11 90 1.00026
11 91 1.00025
11 92 1.00025
11 93 1.00024
11 94 1.00023
11 95 1.00022
11 96 1.00022
11 97 1.00021
11 98 1.0002
11 99 1.0002
11 100 1.00019
11 101 1.00018
11 102 1.00018
11 103 1.00017
11 104 1.00017
11 105 1.00016
11 106 1.00015
11 107 1.00015
11 108 1.00014
11 109 1.00012
11 110 1.00012
11 111 1.00013
11 112 1.0001
11 113 1.00005
11 114 1.00008
11 115 1.0001
11 116 0.99999
11 117 0.999942
11 118 1.00009
11 119 1.00001
11 120 0.999778
11 121 0.999975
11 122 1.00012
11 123 0.999875
11 124 1.00006
11 125 1.00034
11 126 1.00045
11 127 1.00057

12 0 0
12 1 1.00116
12 2 1.00116
12 3 1.00116
12 4 1.00116
12 5 1.00116
12 6 1.00116
12 7 1.00116
12 8 1.00116
12 9 1.00116
12 10 1.00116
12 11 1.00116
12 12 1.00116
12 13 1.00116
12 14 1.00116
12 15 1.00117
12 16 1.00117
12 17 1.00117
12 18 1.00117
12 19 1.00117
12 20 1.00117
12 21 1.00117
12 22 1.00116
12 23 1.00116
12 24 1.00116
12 25 1.00116
12 26 1.00116
12 27 1.00116
12 28 1.00115
12 29 1.00115
12 30 1.00115
12 31 1.00114
12 32 1.00114
12 33 1.00113
12 34 1.00113
12 35 1.00112
12 36 1.00111
12 37 1.00111
12 38 1.0011
12 39 1.00109
12 40 1.00108
12 41 1.00107
12 42 1.00106
12 43 1.00105
12 44 1.00104
12 45 1.00102
12 46 1.00101
12 47 1.00099
12 48 1.00098
12 49 1.00096
12 50 1.00095
12 51 1.00093
12 52 1.00091
12 53 1.0009
12 54 1.00088
12 55 1.00086
12 56 1.00084
12 57 1.00082
12 58 1.0008
12 59 1.00078
12 60 1.00076
12 61 1.00074
12 62 1.00072
12 63 1.00069
12 64 1.00067
12 65 1.00065
12 66 1.00063
12 67 1.00061
12 68 1.00059
12 69 1.00057
12 70 1.00055
12 71 1.00053
12 72 1.00051
12 73 1.00049
12 74 1.00047
12 75 1.00046
12 76 1.00044
12 77 1.00042
12 78 1.0004
12 79 1.00039
12 80 1.00037
12 81 1.00036
12 82 1.00035
12 83 1.00033
12 84 1.00032
12 85 1.00031
12 86 1.0003
12 87 1.00029
12 88 1.00028
12 89 1.00027
12 90 1.00026
12 91 1.00025
12 92 1.00024
12 93 1.00023
12 94 1.00023
12 95 1.00022
12 96 1.00022
12 97 1.00021
12 98 1.0002
12 99 1.0002
12 100 1.00019
12 101 1.00019
12 102 1.00019
12 103 1.00018
12 104 1.00018
12 105 1.00017
12 106 1.00017
12 107 1.00016
12 108 1.00016
12 109 1.00016
12 110 1.00014
12 111 1.00014
12 112 1.00015
12 113 1.00013
12 114 1.00008
12 115 1.00012
12 116 1.00015
12 117 1.00004
12 118 1.00001
12 119 1.00014
12 120 1.00007
12 121 0.999946
12 122 1.00013
12 123 1.0002
12 124 1.00017
12 125 1.00037
12 126 1.00053
12 127 1.00068

13 0 0
13 1 1.00115
13 2 1.00115
13 3 1.00115
13 4 1.00116
13 5 1.00116
13 6 1.00116
13 7 1.00116
13 8 1.00116
13 9 1.00116
13 10 1.00116
13 11 1.00116
13 12 1.00116
13 13 1.00116
13 14 1.00116
13 15 1.00116
13 16 1.00116
13 17 1.00116
13 18 1.00116
13 19 1.00116
13 20 1.00116
13 21 1.00116
13 22 1.00116
13 23 1.00116
13 24 1.00116
13 25 1.00116
13 26 1.00115
13 27 1.00115
13 28 1.00115
13 29 1.00115
13 30 1.00114
13 31 1.00114
13 32 1.00113
13 33 1.00113
13 34 1.00112
13 35 1.00112
13 36 1.00111
13 37 1.0011
13 38 1.00109
13 39 1.00109
13 40 1.00108
13 41 1.00107
13 42 1.00105
13 43 1.00104
13 44 1.00103
13 45 1.00102
13 46 1.001
13 47 1.00099
13 48 1.00097
13 49 1.00096
13 50 1.00094
13 51 1.00092
13 52 1.00091
13 53 1.00089
13 54 1.00087
13 55 1.00085
13 56 1.00083
13 57 1.00081
13 58 1.00079
13 59 1.00077
13 60 1.00075
13 61 1.00073
13 62 1.00071
13 63 1.00068
13 64 1.00066
13 65 1.00064
13 66 1.00062
13 67 1.0006
13 68 1.00058
13 69 1.00056
13 70 1.00054
13 71 1.00052
13 72 1.0005
13 73 1.00048
13 74 1.00046
13 75 1.00044
13 76 1.00043
13 77 1.00041
13 78 1.00039
13 79 1.00038
13 80 1.00036
13 81 1.00035
13 82 1.00034
13 83 1.00032
13 84 1.00031
13 85 1.0003
13 86 1.00029
13 87 1.00028
13 88 1.00027
13 89 1.00026
13 90 1.00025
13 91 1.00025
13 92 1.00024
13 93 1.00023
13 94 1.00023
13 95 1.00022
13 96 1.00022
13 97 1.00021
13 98 1.00021
13 99 1.0002
13 100 1.0002
13 101 1.0002
13 102 1.00019
13 103 1.00019
13 104 1.00019
13 105 1.00019
13 106 1.00019
13 107 1.00018
13 108 1.00018
13 109 1.00018
13 110 1.00019
13 111 1.00017
13 112 1.00017
13 113 1.00019
13 114 1.00017
13 115 1.00013
13 116 1.00017
13 117 1.00021
13 118 1.00011
13 119 1.00011
13 120 1.00023
13 121 1.00017
13 122 1.00013
13 123 1.00029
13 124 1.00037
13 125 1.00043
13 126 1.00059
13 127 1.00074

14 0 0
14 1 1.00115
14 2 1.00115
14 3 1.00115
14 4 1.00115
14 5 1.00115
14 6 1.00115
14 7 1.00115
14 8 1.00115
14 9 1.00116
14 10 1.00116
14 11 1.00116
14 12 1.00116
14 13 1.00116
14 14 1.00116
14 15 1.00116
14 16 1.00116
14 17 1.00116
14 18 1.00116
14 19 1.00116
14 20 1.00116
14 21 1.00116
14 22 1.00116
14 23 1.00116
14 24 1.00115
14 25 1.00115
14 26 1.00115
14 27 1.00115
14 28 1.00115
14 29 1.00114
14 30 1.00114
14 31 1.00113
14 32 1.00113
14 33 1.00112
14 34 1.00112
14 35 1.00111
14 36 1.00111
14 37 1.0011
14 38 1.00109
14 39 1.00108
14 40 1.00107
14 41 1.00106
14 42 1.00105
14 43 1.00104
14 44 1.00102
14 45 1.00101
14 46 1.001
14 47 1.00098
14 48 1.00097
14 49 1.00095
14 50 1.00093
14 51 1.00092
14 52 1.0009
14 53 1.00088
14 54 1.00086
14 55 1.00084
14 56 1.00082
14 57 1.0008
14 58 1.00078
14 59 1.00076
14 60 1.00074
14 61 1.00071
14 62 1.00069
14 63 1.00067
14 64 1.00065
14 65 1.00063
14 66 1.00061
14 67 1.00059
14 68 1.00057
14 69 1.00054
14 70 1.00052
14 71 1.0005
14 72 1.00049
14 73 1.00047
14 74 1.00045
14 75 1.00043
14 76 1.00041
14 77 1.0004
14 78 1.00038
14 79 1.00037
14 80 1.00035
14 81 1.00034
14 82 1.00032
14 83 1.00031
14 84 1.0003
14 85 1.00029
14 86 1.00028
14 87 1.00027
14 88 1.00026
14 89 1.00025
14 90 1.00025
14 91 1.00024
14 92 1.00023
14 93 1.00023
14 94 1.00022
14 95 1.00022
14 96 1.00022
14 97 1.00021
14 98 1.00021
14 99 1.00021
14 100 1.00021
14 101 1.0002
14 102 1.0002
14 103 1.0002
14 104 1.0002
14 105 1.0002
14 106 1.0002
14 107 1.00021
14 108 1.00021
14 109 1.0002
14 110 1.00021
14 111 1.00022
14 112 1.00021
14 113 1.00021
14 114 1.00024
14 115 1.00023
14 116 1.00019
14 117 1.00023
14 118 1.00027
14 119 1.0002
14 120 1.00022
14 121 1.00031
14 122 1.00029
14 123 1.00033
14 124 1.00046
14 125 1.00055
14 126 1.00066
14 127 1.00077

15 0 0
15 1 1.00115
15 2 1.00115
15 3 1.00115
15 4 1.00115
15 5 1.00115
15 6 1.00115
15 7 1.00115
15 8 1.00115
15 9 1.00115
15 10 1.00115
15 11 1.00115
15 12 1.00115
15 13 1.00115
15 14 1.00115
15 15 1.00115
15 16 1.00116
15 17 1.00116
15 18 1.00116
15 19 1.00116
15 20 1.00115
15 21 1.00115
15 22 1.00115
15 23 1.00115
15 24 1.00115
15 25 1.00115
15 26 1.00115
15 27 1.00114
15 28 1.00114
15 29 1.00114
15 30 1.00113
15 31 1.00113
15 32 1.00113
15 33 1.00112
15 34 1.00111
15 35 1.00111
15 36 1.0011
15 37 1.00109
15 38 1.00108
15 39 1.00107
15 40 1.00106
15 41 1.00105
15 42 1.00104
15 43 1.00103
15 44 1.00102
15 45 1.001
15 46 1.00099
15 47 1.00097
15 48 1.00096
15 49 1.00094
15 50 1.00092
15 51 1.00091
15 52 1.00089
15 53 1.00087
15 54 1.00085
15 55 1.00083
15 56 1.00081
15 57 1.00079
15 58 1.00077
15 59 1.00075
15 60 1.00072
15 61 1.0007
15 62 1.00068
15 63 1.00066
15 64 1.00064
15 65 1.00061
15 66 1.00059
15 67 1.00057
15 68 1.00055
15 69 1.00053
15 70 1.00051
15 71 1.00049
15 72 1.00047
15 73 1.00045
15 74 1.00043
15 75 1.00042
15 76 1.0004
15 77 1.00038
15 78 1.00037
15 79 1.00035
15 80 1.00034
15 81 1.00032
15 82 1.00031
15 83 1.0003
15 84 1.00029
15 85 1.00028
15 86 1.00027
15 87 1.00026
15 88 1.00025
15 89 1.00024
15 90 1.00024
15 91 1.00023
15 92 1.00023
15 93 1.00022
15 94 1.00022
15 95 1.00022
15 96 1.00021
15 97 1.00021
15 98 1.00021
15 99 1.00021
15 100 1.00021
15 101 1.00021
15 102 1.00021
15 103 1.00021
15 104 1.00022
15 105 1.00022
15 106 1.00022
15 107 1.00023
15 108 1.00024
15 109 1.00024
15 110 1.00024
15 111 1.00025
15 112 1.00026
15 113 1.00025
15 114 1.00026
15 115 1.0003
15 116 1.00029
15 117 1.00026
15 118 1.00031
15 119 1.00034
15 120 1.0003
15 121 1.00034
15 122 1.00042
15 123 1.00043
15 124 1.00051
15 125 1.00062
15 126 1.00073
15 127 1.00082

16 0 0
16 1 1.00114
16 2 1.00114
16 3 1.00114
16 4 1.00114
16 5 1.00114
16 6 1.00115
16 7 1.00115
16 8 1.00115
16 9 1.00115
16 10 1.00115
16 11 1.00115
16 12 1.00115
16 13 1.00115
16 14 1.00115
16 15 1.00115
16 16 1.00115
16 17 1.00115
16 18 1.00115
16 19 1.00115
16 20 1.00115
16 21 1.00115
16 22 1.00115
16 23 1.00115
16 24 1.00115
16 25 1.00115
16 26 1.00114
16 27 1.00114
16 28 1.00114
16 29 1.00113
16 30 1.00113
16 31 1.00113
16 32 1.00112
16 33 1.00111
16 34 1.00111
16 35 1.0011
16 36 1.00109
16 37 1.00109
16 38 1.00108
16 39 1.00107
16 40 1.00106
16 41 1.00105
16 42 1.00103
16 43 1.00102
16 44 1.00101
16 45 1.00099
16 46 1.00098
16 47 1.00096
16 48 1.00095
16 49 1.00093
16 50 1.00091
16 51 1.0009
16 52 1.00088
16 53 1.00086
16 54 1.00084
16 55 1.00082
16 56 1.0008
16 57 1.00078
16 58 1.00075
16 59 1.00073
16 60 1.00071
16 61 1.00069
16 62 1.00067
16 63 1.00064
16 64 1.00062
16 65 1.0006
16 66 1.00058
16 67 1.00056
16 68 1.00053
16 69 1.00051
16 70 1.00049
16 71 1.00047
16 72 1.00045
16 73 1.00043
16 74 1.00042
16 75 1.0004
16 76 1.00038
16 77 1.00037
16 78 1.00035
16 79 1.00034
16 80 1.00032
16 81 1.00031
16 82 1.0003
16 83 1.00029
16 84 1.00027
16 85 1.00026
16 86 1.00026
16 87 1.00025
16 88 1.00024
16 89 1.00023
16 90 1.00023
16 91 1.00022
16 92 1.00022
16 93 1.00022
16 94 1.00021
16 95 1.00021
16 96 1.00021
16 97 1.00021
16 98 1.00021
16 99 1.00021
16 100 1.00022
16 101 1.00022
16 102 1.00022
16 103 1.00023
16 104 1.00023
16 105 1.00024
16 106 1.00024
16 107 1.00025
16 108 1.00026
16 109 1.00027
16 110 1.00027
16 111 1.00028
16 112 1.0003
16 113 1.00031
16 114 1.00031
16 115 1.00032
16 116 1.00036
16 117 1.00035
16 118 1.00034
16 119 1.00039
16 120 1.00041
16 121 1.00041
16 122 1.00047
16 123 1.00053
16 124 1.00059
16 125 1.00068
16 126 1.00078
16 127 1.00087

17 0 0
17 1 1.00114
17 2 1.00114
17 3 1.00114
17 4 1.00114
17 5 1.00114
17 6 1.00114
17 7 1.00114
17 8 1.00114
17 9 1.00114
17 10 1.00114
17 11 1.00114
17 12 1.00115
17 13 1.00115
17 14 1.00115
17 15 1.00115
17 16 1.00115
17 17 1.00115
17 18 1.00115
17 19 1.00115
17 20 1.00115
17 21 1.00115
17 22 1.00115
17 23 1.00114
17 24 1.00114
17 25 1.00114
17 26 1.00114
17 27 1.00114
17 28 1.00113
17 29 1.00113
17 30 1.00113
17 31 1.00112
17 32 1.00112
17 33 1.00111
17 34 1.0011
17 35 1.0011
17 36 1.00109
17 37 1.00108
17 38 1.00107
17 39 1.00106
17 40 1.00105
17 41 1.00104
17 42 1.00103
17 43 1.00101
17 44 1.001
17 45 1.00099
17 46 1.00097
17 47 1.00096
17 48 1.00094
17 49 1.00092
17 50 1.0009
17 51 1.00088
17 52 1.00087
17 53 1.00085
17 54 1.00083
17 55 1.0008
17 56 1.00078
17 57 1.00076
17 58 1.00074
17 59 1.00072
17 60 1.00069
17 61 1.00067
17 62 1.00065
17 63 1.00063
17 64 1.0006
17 65 1.00058
17 66 1.00056
17 67 1.00054
17 68 1.00052
17 69 1.0005
17 70 1.00048
17 71 1.00046
17 72 1.00044
17 73 1.00042
17 74 1.0004
17 75 1.00038
17 76 1.00036
17 77 1.00035
17 78 1.00033
17 79 1.00032
17 80 1.0003
17 81 1.00029
17 82 1.00028
17 83 1.00027
17 84 1.00026
17 85 1.00025
17 86 1.00024
17 87 1.00024
17 88 1.00023
17 89 1.00022
17 90 1.00022
17 91 1.00022
17 92 1.00021
17 93 1.00021
17 94 1.00021
17 95 1.00021
17 96 1.00021
17 97 1.00021
17 98 1.00021
17 99 1.00022
17 100 1.00022
17 101 1.00022
17 102 1.00023
17 103 1.00024
17 104 1.00024
17 105 1.00025
17 106 1.00026
17 107 1.00027
17 108 1.00028
17 109 1.00029
17 110 1.00031
17 111 1.00032
17 112 1.00032
17 113 1.00035
17 114 1.00037
17 115 1.00037
17 116 1.00039
17 117 1.00042
17 118 1.00042
17 119 1.00043
17 120 1.00048
17 121 1.0005
17 122 1.00053
17 123 1.00059
17 124 1.00066
17 125 1.00073
17 126 1.00082
17 127 1.00091

18 0 0
18 1 1.00113
18 2 1.00113
18 3 1.00113
18 4 1.00113
18 5 1.00114
18 6 1.00114
18 7 1.00114
18 8 1.00114
18 9 1.00114
18 10 1.00114
18 11 1.00114
18 12 1.00114
18 13 1.00114
18 14 1.00114
18 15 1.00114
18 16 1.00114
18 17 1.00114
18 18 1.00114
18 19 1.00114
18 20 1.00114
18 21 1.00114
18 22 1.00114
18 23 1.00114
18 24 1.00114
18 25 1.00114
18 26 1.00113
18 27 1.00113
18 28 1.00113
18 29 1.00112
18 30 1.00112
18 31 1.00112
18 32 1.00111
18 33 1.0011
18 34 1.0011
18 35 1.00109
18 36 1.00108
18 37 1.00107
18 38 1.00106
18 39 1.00105
18 40 1.00104
18 41 1.00103
18 42 1.00102
18 43 1.00101
18 44 1.00099
18 45 1.00098
18 46 1.00096
18 47 1.00095
18 48 1.00093
18 49 1.00091
18 50 1.00089
18 51 1.00087
18 52 1.00085
18 53 1.00083
18 54 1.00081
18 55 1.00079
18 56 1.00077
18 57 1.00075
18 58 1.00072
18 59 1.0007
18 60 1.00068
18 61 1.00066
18 62 1.00063
18 63 1.00061
18 64 1.00059
18 65 1.00056
18 66 1.00054
18 67 1.00052
18 68 1.0005
18 69 1.00048
18 70 1.00046
18 71 1.00043
18 72 1.00042
18 73 1.0004
18 74 1.00038
18 75 1.00036
18 76 1.00034
18 77 1.00033
18 78 1.00031
18 79 1.0003
18 80 1.00029
18 81 1.00027
18 82 1.00026
18 83 1.00025
18 84 1.00024
18 85 1.00023
18 86 1.00023
18 87 1.00022
18 88 1.00021
18 89 1.00021
18 90 1.00021
18 91 1.0002
18 92 1.0002
18 93 1.0002
18 94 1.0002
18 95 1.0002
18 96 1.00021
18 97 1.00021
18 98 1.00021
18 99 1.00022
18 100 1.00022
18 101 1.00023
18 102 1.00024
18 103 1.00025
18 104 1.00026
18 105 1.00027
18 106 1.00028
18 107 1.00029
18 108 1.00031
18 109 1.00032
18 110 1.00033
18 111 1.00036
18 112 1.00037
18 113 1.00038
18 114 1.00041
18 115 1.00043
18 116 1.00043
18 117 1.00046
18 118 1.00049
18 119 1.0005
18 120 1.00052
18 121 1.00057
18 122 1.0006
18 123 1.00065
18 124 1.00072
18 125 1.00079
18 126 1.00087
18 127 1.00094

19 0 0
19 1 1.00113
19 2 1.00113
19 3 1.00113
19 4 1.00113
19 5 1.00113
19 6 1.00113
19 7 1.00113
19 8 1.00113
19 9 1.00113
19 10 1.00114
19 11 1.00114
19 12 1.00114
19 13 1.00114
19 14 1.00114
19 15 1.00114
19 16 1.00114
19 17 1.00114
19 18 1.00114
19 19 1.00114
19 20 1.00114
19 21 1.00114
19 22 1.00114
19 23 1.00114
19 24 1.00113
19 25 1.00113
19 26 1.00113
19 27 1.00113
19 28 1.00112
19 29 1.00112
19 30 1.00111
19 31 1.00111
19 32 1.0011
19 33 1.0011
19 34 1.00109
19 35 1.00108
19 36 1.00108
19 37 1.00107
19 38 1.00106
19 39 1.00105
19 40 1.00104
19 41 1.00102
19 42 1.00101
19 43 1.001
19 44 1.00098
19 45 1.00097
19 46 1.00095
19 47 1.00093
19 48 1.00092
19 49 1.0009
19 50 1.00088
19 51 1.00086
19 52 1.00084
19 53 1.00082
19 54 1.0008
19 55 1.00077
19 56 1.00075
19 57 1.00073
19 58 1.00071
19 59 1.00068
19 60 1.00066
19 61 1.00064
19 62 1.00061
19 63 1.00059
19 64 1.00057
19 65 1.00054
19 66 1.00052
19 67 1.0005
19 68 1.00048
19 69 1.00045
19 70 1.00043
19 71 1.00041
19 72 1.00039
19 73 1.00037
19 74 1.00036
19 75 1.00034
19 76 1.00032
19 77 1.00031
19 78 1.00029
19 79 1.00028
19 80 1.00026
19 81 1.00025
19 82 1.00024
19 83 1.00023
19 84 1.00022
19 85 1.00022
19 86 1.00021
19 87 1.0002
19 88 1.0002
19 89 1.0002
19 90 1.00019
19 91 1.00019
19 92 1.00019
19 93 1.00019
19 94 1.00019
19 95 1.0002
19 96 1.0002
19 97 1.00021
19 98 1.00021
19 99 1.00022
19 100 1.00023
19 101 1.00024
19 102 1.00025
19 103 1.00026
19 104 1.00027
19 105 1.00028
19 106 1.0003
19 107 1.00031
19 108 1.00033
19 109 1.00035
19 110 1.00036
19 111 1.00038
19 112 1.0004
19 113 1.00042
19 114 1.00044
19 115 1.00047
19 116 1.00049
19 117 1.0005
19 118 1.00053
19 119 1.00056
19 120 1.00058
19 121 1.00061
19 122 1.00066
19 123 1.0007
19 124 1.00076
19 125 1.00083
19 126 1.0009
19 127 1.00098

20 0 0
20 1 1.00112
20 2 1.00112
20 3 1.00112
20 4 1.00113
20 5 1.00113
20 6 1.00113
20 7 1.00113
20 8 1.00113
20 9 1.00113
20 10 1.00113
20 11 1.00113
20 12 1.00113
20 13 1.00113
20 14 1.00113
20 15 1.00113
20 16 1.00113
20 17 1.00113
20 18 1.00113
20 19 1.00113
20 20 1.00113
20 21 1.00113
20 22 1.00113
20 23 1.00113
20 24 1.00113
20 25 1.00113
20 26 1.00112
20 27 1.00112
20 28 1.00112
20 29 1.00111
20 30 1.00111
20 31 1.0011
20 32 1.0011
20 33 1.00109
20 34 1.00108
20 35 1.00108
20 36 1.00107
20 37 1.00106
20 38 1.00105
20 39 1.00104
20 40 1.00103
20 41 1.00101
20 42 1.001
20 43 1.00099
20 44 1.00097
20 45 1.00096
20 46 1.00094
20 47 1.00092
20 48 1.0009
20 49 1.00089
20 50 1.00087
20 51 1.00085
20 52 1.00082
20 53 1.0008
20 54 1.00078
20 55 1.00076
20 56 1.00074
20 57 1.00071
20 58 1.00069
20 59 1.00066
20 60 1.00064
20 61 1.00062
20 62 1.00059
20 63 1.00057
20 64 1.00054
20 65 1.00052
20 66 1.0005
20 67 1.00048
20 68 1.00045
20 69 1.00043
20 70 1.00041
20 71 1.00039
20 72 1.00037
20 73 1.00035
20 74 1.00033
20 75 1.00031
20 76 1.0003
20 77 1.00028
20 78 1.00027
20 79 1.00025
20 80 1.00024
20 81 1.00023
20 82 1.00022
20 83 1.00021
20 84 1.0002
20 85 1.0002
20 86 1.00019
20 87 1.00019
20 88 1.00018
20 89 1.00018
20 90 1.00018
20 91 1.00018
20 92 1.00018
20 93 1.00018
20 94 1.00018
20 95 1.00019
20 96 1.00019
20 97 1.0002
20 98 1.00021
20 99 1.00022
20 100 1.00023
20 101 1.00024
20 102 1.00025
20 103 1.00026
20 104 1.00028
20 105 1.00029
20 106 1.00031
20 107 1.00033
20 108 1.00034
20 109 1.00037
20 110 1.00039
20 111 1.00041
20 112 1.00043
20 113 1.00046
20 114 1.00048
20 115 1.0005
20 116 1.00053
20 117 1.00055
20 118 1.00057
20 119 1.0006
20 120 1.00063
20 121 1.00066
20 122 1.0007
20 123 1.00075
20 124 1.00081
20 125 1.00087
20 126 1.00093
20 127 1.001

21 0 0
21 1 1.00112
21 2 1.00112
21 3 1.00112
21 4 1.00112
21 5 1.00112
21 6 1.00112
21 7 1.00112
21 8 1.00112
21 9 1.00113
21 10 1.00113
21 11 1.00113
21 12 1.00113
21 13 1.00113
21 14 1.00113
21 15 1.00113
21 16 1.00113
21 17 1.00113
21 18 1.00113
21 19 1.00113
21 20 1.00113
21 21 1.00113
21 22 1.00113
21 23 1.00113
21 24 1.00112
21 25 1.00112
21 26 1.00112
21 27 1.00112
21 28 1.00111
21 29 1.00111
21 30 1.0011
21 31 1.0011
21 32 1.00109
21 33 1.00108
21 34 1.00108
21 35 1.00107
21 36 1.00106
21 37 1.00105
21 38 1.00104
21 39 1.00103
21 40 1.00102
21 41 1.001
21 42 1.00099
21 43 1.00098
21 44 1.00096
21 45 1.00094
21 46 1.00093
21 47 1.00091
21 48 1.00089
21 49 1.00087
21 50 1.00085
21 51 1.00083
21 52 1.00081
21 53 1.00079
21 54 1.00076
21 55 1.00074
21 56 1.00072
21 57 1.00069
21 58 1.00067
21 59 1.00064
21 60 1.00062
21 61 1.00059
21 62 1.00057
21 63 1.00055
21 64 1.00052
21 65 1.0005
21 66 1.00047
21 67 1.00045
21 68 1.00043
21 69 1.00041
21 70 1.00038
21 71 1.00036
21 72 1.00034
21 73 1.00032
21 74 1.00031
21 75 1.00029
21 76 1.00027
21 77 1.00026
21 78 1.00024
21 79 1.00023
21 80 1.00022
21 81 1.00021
21 82 1.0002
21 83 1.00019
21 84 1.00018
21 85 1.00017
21 86 1.00017
21 87 1.00017
21 88 1.00016
21 89 1.00016
21 90 1.00016
21 91 1.00016
21 92 1.00017
21 93 1.00017
21 94 1.00017
21 95 1.00018
21 96 1.00019
21 97 1.00019
21 98 1.0002
21 99 1.00022
21 100 1.00023
21 101 1.00024
21 102 1.00025
21 103 1.00027
21 104 1.00029
21 105 1.0003
21 106 1.00032
21 107 1.00034
21 108 1.00036
21 109 1.00038
21 110 1.00041
21 111 1.00043
21 112 1.00045
21 113 1.00048
21 114 1.00051
21 115 1.00053
21 116 1.00056
21 117 1.00059
21 118 1.00061
21 119 1.00064
21 120 1.00067
21 121 1.00071
21 122 1.00074
21 123 1.00079
21 124 1.00084
21 125 1.0009
21 126 1.00096
21 127 1.00102

22 0 0
22 1 1.00111
22 2 1.00111
22 3 1.00111
22 4 1.00112
22 5 1.00112
22 6 1.00112
22 7 1.00112
22 8 1.00112
22 9 1.00112
22 10 1.00112
22 11 1.00112
22 12 1.00112
22 13 1.00112
22 14 1.00112
22 15 1.00112
22 16 1.00112
22 17 1.00112
22 18 1.00112
22 19 1.00112
22 20 1.00112
22 21 1.00112
22 22 1.00112
22 23 1.00112
22 24 1.00112
22 25 1.00112
22 26 1.00111
22 27 1.00111
22 28 1.00111
22 29 1.0011
22 30 1.0011
22 31 1.00109
22 32 1.00108
22 33 1.00108
22 34 1.00107
22 35 1.00106
22 36 1.00105
22 37 1.00104
22 38 1.00103
22 39 1.00102
22 40 1.00101
22 41 1.00099
22 42 1.00098
22 43 1.00096
22 44 1.00095
22 45 1.00093
22 46 1.00091
22 47 1.0009
22 48 1.00088
22 49 1.00086
22 50 1.00083
22 51 1.00081
22 52 1.00079
22 53 1.00077
22 54 1.00074
22 55 1.00072
22 56 1.0007
22 57 1.00067
22 58 1.00065
22 59 1.00062
22 60 1.0006
22 61 1.00057
22 62 1.00055
22 63 1.00052
22 64 1.0005
22 65 1.00047
22 66 1.00045
22 67 1.00042
22 68 1.0004
22 69 1.00038
22 70 1.00036
22 71 1.00033
22 72 1.00031
22 73 1.0003
22 74 1.00028
22 75 1.00026
22 76 1.00024
22 77 1.00023
22 78 1.00021
22 79 1.0002
22 80 1.00019
22 81 1.00018
22 82 1.00017
22 83 1.00016
22 84 1.00016
22 85 1.00015
22 86 1.00015
22 87 1.00014
22 88 1.00014
22 89 1.00014
22 90 1.00014
22 91 1.00015
22 92 1.00015
22 93 1.00015
22 94 1.00016
22 95 1.00017
22 96 1.00018
22 97 1.00019
22 98 1.0002
22 99 1.00021
22 100 1.00022
22 101 1.00024
22 102 1.00026
22 103 1.00027
22 104 1.00029
22 105 1.00031
22 106 1.00033
22 107 1.00035
22 108 1.00038
22 109 1.0004
22 110 1.00043
22 111 1.00045
22 112 1.00048
22 113 1.00051
22 114 1.00053
22 115 1.00056
22 116 1.00059
22 117 1.00062
22 118 1.00065
22 119 1.00068
22 120 1.0007
22 121 1.00074
22 122 1.00078
22 123 1.00082
22 124 1.00087
22 125 1.00092
22 126 1.00098
22 127 1.00104

23 0 0
23 1 1.00111
23 2 1.00111
23 3 1.00111
23 4 1.00111
23 5 1.00111
23 6 1.00111
23 7 1.00111
23 8 1.00111
23 9 1.00112
23 10 1.00112
23 11 1.00112
23 12 1.00112
23 13 1.00112
23 14 1.00112
23 15 1.00112
23 16 1.00112
23 17 1.00112
23 18 1.00112
23 19 1.00112
23 20 1.00112
23 21 1.00112
23 22 1.00112
23 23 1.00111
23 24 1.00111
23 25 1.00111
23 26 1.00111
23 27 1.0011
23 28 1.0011
23 29 1.00109
23 30 1.00109
23 31 1.00108
23 32 1.00108
23 33 1.00107
23 34 1.00106
23 35 1.00105
23 36 1.00104
23 37 1.00103
23 38 1.00102
23 39 1.00101
23 40 1.001
23 41 1.00098
23 42 1.00097
23 43 1.00095
23 44 1.00094
23 45 1.00092
23 46 1.0009
23 47 1.00088
23 48 1.00086
23 49 1.00084
23 50 1.00082
23 51 1.00079
23 52 1.00077
23 53 1.00075
23 54 1.00072
23 55 1.0007
23 56 1.00067
23 57 1.00065
23 58 1.00062
23 59 1.0006
23 60 1.00057
23 61 1.00054
23 62 1.00052
23 63 1.00049
23 64 1.00047
23 65 1.00044
23 66 1.00042
23 67 1.00039
23 68 1.00037
23 69 1.00035
23 70 1.00033
23 71 1.0003
23 72 1.00028
23 73 1.00026
23 74 1.00025
23 75 1.00023
23 76 1.00021
23 77 1.0002
23 78 1.00018
23 79 1.00017
23 80 1.00016
23 81 1.00015
23 82 1.00014
23 83 1.00013
23 84 1.00013
23 85 1.00012
23 86 1.00012
23 87 1.00012
23 88 1.00012
23 89 1.00012
23 90 1.00012
23 91 1.00013
23 92 1.00013
23 93 1.00014
23 94 1.00015
23 95 1.00015
23 96 1.00016
23 97 1.00018
23 98 1.00019
23 99 1.0002
23 100 1.00022
23 101 1.00024
23 102 1.00026
23 103 1.00027
23 104 1.00029
23 105 1.00032
23 106 1.00034
23 107 1.00036
23 108 1.00039
23 109 1.00042
23 110 1.00044
23 111 1.00047
23 112 1.0005
23 113 1.00053
23 114 1.00056
23 115 1.00059
23 116 1.00062
23 117 1.00064
23 118 1.00067
23 119 1.0007
23 120 1.00073
23 121 1.00077
23 122 1.00081
23 123 1.00085
23 124 1.00089
23 125 1.00094
23 126 1.001
23 127 1.00106

24 0 0
24 1 1.0011
24 2 1.0011
24 3 1.0011
24 4 1.0011
24 5 1.00111
24 6 1.00111
24 7 1.00111
24 8 1.00111
24 9 1.00111
24 10 1.00111
24 11 1.00111
24 12 1.00111
24 13 1.00111
24 14 1.00111
24 15 1.00111
24 16 1.00111
24 17 1.00111
24 18 1.00111
24 19 1.00111
24 20 1.00111
24 21 1.00111
24 22 1.00111
24 23 1.00111
24 24 1.00111
24 25 1.0011
24 26 1.0011
24 27 1.0011
24 28 1.00109
24 29 1.00109
24 30 1.00108
24 31 1.00108
24 32 1.00107
24 33 1.00106
24 34 1.00105
24 35 1.00104
24 36 1.00103
24 37 1.00102
24 38 1.00101
24 39 1.001
24 40 1.00099
24 41 1.00097
24 42 1.00096
24 43 1.00094
24 44 1.00092
24 45 1.0009
24 46 1.00088
24 47 1.00086
24 48 1.00084
24 49 1.00082
24 50 1.0008
24 51 1.00078
24 52 1.00075
24 53 1.00073
24 54 1.0007
24 55 1.00068
24 56 1.00065
24 57 1.00062
24 58 1.0006
24 59 1.00057
24 60 1.00054
24 61 1.00052
24 62 1.00049
24 63 1.00046
24 64 1.00044
24 65 1.00041
24 66 1.00039
24 67 1.00036
24 68 1.00034
24 69 1.00032
24 70 1.00029
24 71 1.00027
24 72 1.00025
24 73 1.00023
24 74 1.00021
24 75 1.0002
24 76 1.00018
24 77 1.00017
24 78 1.00015
24 79 1.00014
24 80 1.00013
24 81 1.00012
24 82 1.00011
24 83 1.00011
24 84 1.0001
24 85 1.0001
24 86 1.00009
24 87 1.00009
24 88 1.00009
24 89 1.0001
24 90 1.0001
24 91 1.0001
24 92 1.00011
24 93 1.00012
24 94 1.00013
24 95 1.00014
24 96 1.00015
24 97 1.00016
24 98 1.00018
24 99 1.0002
24 100 1.00021
24 101 1.00023
24 102 1.00025
24 103 1.00027
24 104 1.0003
24 105 1.00032
24 106 1.00035
24 107 1.00037
24 108 1.0004
24 109 1.00043
24 110 1.00046
24 111 1.00048
24 112 1.00051
24 113 1.00055
24 114 1.00058
24 115 1.0006
24 116 1.00064
24 117 1.00067
24 118 1.0007
24 119 1.00073
24 120 1.00076
24 121 1.00079
24 122 1.00083
24 123 1.00087
24 124 1.00091
24 125 1.00096
24 126 1.00101
24 127 1.00107

25 0 0
25 1 1.0011
25 2 1.0011
25 3 1.0011
25 4 1.0011
25 5 1.0011
25 6 1.0011
25 7 1.0011
25 8 1.0011
25 9 1.0011
25 10 1.00111
25 11 1.00111
25 12 1.00111
25 13 1.00111
25 14 1.00111
25 15 1.00111
25 16 1.00111
25 17 1.00111
25 18 1.00111
25 19 1.00111
25 20 1.00111
25 21 1.00111
25 22 1.0011
25 23 1.0011
25 24 1.0011
25 25 1.0011
25 26 1.00109
25 27 1.00109
25 28 1.00109
25 29 1.00108
25 30 1.00108
25 31 1.00107
25 32 1.00106
25 33 1.00105
25 34 1.00104
25 35 1.00104
25 36 1.00102
25 37 1.00101
25 38 1.001
25 39 1.00099
25 40 1.00097
25 41 1.00096
25 42 1.00094
25 43 1.00093
25 44 1.00091
25 45 1.00089
25 46 1.00087
25 47 1.00085
25 48 1.00082
25 49 1.0008
25 50 1.00078
25 51 1.00075
25 52 1.00073
25 53 1.0007
25 54 1.00068
25 55 1.00065
25 56 1.00062
25 57 1.0006
25 58 1.00057
25 59 1.00054
25 60 1.00051
25 61 1.00049
25 62 1.00046
25 63 1.00043
25 64 1.00041
25 65 1.00038
25 66 1.00035
25 67 1.00033
25 68 1.0003
25 69 1.00028
25 70 1.00026
25 71 1.00024
25 72 1.00022
25 73 1.0002
25 74 1.00018
25 75 1.00016
25 76 1.00015
25 77 1.00013
25 78 1.00012
25 79 1.00011
25 80 1.0001
25 81 1.00009
25 82 1.00008
25 83 1.00007
25 84 1.00007
25 85 1.00007
25 86 1.00006
25 87 1.00006
25 88 1.00007
25 89 1.00007
25 90 1.00007
25 91 1.00008
25 92 1.00009
25 93 1.0001
25 94 1.00011
25 95 1.00012
25 96 1.00013
25 97 1.00015
25 98 1.00017
25 99 1.00018
25 100 1.0002
25 101 1.00022
25 102 1.00025
25 103 1.00027
25 104 1.00029
25 105 1.00032
25 106 1.00035
25 107 1.00038
25 108 1.0004
25 109 1.00043
25 110 1.00046
25 111 1.0005
25 112 1.00053
25 113 1.00056
25 114 1.00059
25 115 1.00062
25 116 1.00065
25 117 1.00068
25 118 1.00071
25 119 1.00074
25 120 1.00078
25 121 1.00081
25 122 1.00084
25 123 1.00088
25 124 1.00092
25 125 1.00097
25 126 1.00102
25 127 1.00107

26 0 0
26 1 1.00109
26 2 1.00109
26 3 1.00109
26 4 1.00109
26 5 1.00109
26 6 1.0011
26 7 1.0011
26 8 1.0011
26 9 1.0011
26 10 1.0011
26 11 1.0011
26 12 1.0011
26 13 1.0011
26 14 1.0011
26 15 1.0011
26 16 1.0011
26 17 1.0011
26 18 1.0011
26 19 1.0011
26 20 1.0011
26 21 1.0011
26 22 1.0011
26 23 1.0011
26 24 1.00109
26 25 1.00109
26 26 1.00109
26 27 1.00108
26 28 1.00108
26 29 1.00107
26 30 1.00107
26 31 1.00106
26 32 1.00105
26 33 1.00104
26 34 1.00104
26 35 1.00103
26 36 1.00101
26 37 1.001
26 38 1.00099
26 39 1.00098
26 40 1.00096
26 41 1.00094
26 42 1.00093
26 43 1.00091
26 44 1.00089
26 45 1.00087
26 46 1.00085
26 47 1.00083
26 48 1.00081
26 49 1.00078
26 50 1.00076
26 51 1.00073
26 52 1.00071
26 53 1.00068
26 54 1.00065
26 55 1.00063
26 56 1.0006
26 57 1.00057
26 58 1.00054
26 59 1.00051
26 60 1.00048
26 61 1.00046
26 62 1.00043
26 63 1.0004
26 64 1.00037
26 65 1.00035
26 66 1.00032
26 67 1.00029
26 68 1.00027
26 69 1.00024
26 70 1.00022
26 71 1.0002
26 72 1.00018
26 73 1.00016
26 74 1.00014
26 75 1.00012
26 76 1.00011
26 77 1.00009
26 78 1.00008
26 79 1.00007
26 80 1.00006
26 81 1.00005
26 82 1.00004
26 83 1.00004
26 84 1.00004
26 85 1.00003
26 86 1.00003
26 87 1.00003
26 88 1.00004
26 89 1.00004
26 90 1.00005
26 91 1.00006
26 92 1.00006
26 93 1.00007
26 94 1.00009
26 95 1.0001
26 96 1.00012
26 97 1.00013
26 98 1.00015
26 99 1.00017
26 100 1.00019
26 101 1.00021
26 102 1.00024
26 103 1.00026
26 104 1.00029
26 105 1.00032
26 106 1.00035
26 107 1.00037
26 108 1.00041
26 109 1.00044
26 110 1.00047
26 111 1.0005
26 112 1.00053
26 113 1.00057
26 114 1.0006
26 115 1.00063
26 116 1.00066
26 117 1.00069
26 118 1.00073
26 119 1.00076
26 120 1.00079
26 121 1.00082
26 122 1.00085
26 123 1.00089
26 124 1.00093
26 125 1.00098
26 126 1.00102
26 127 1.00107

27 0 0
27 1 1.00108
27 2 1.00108
27 3 1.00109
27 4 1.00109
27 5 1.00109
27 6 1.00109
27 7 1.00109
27 8 1.00109
27 9 1.00109
27 10 1.00109
27 11 1.0011
27 12 1.0011
27 13 1.0011
27 14 1.0011
27 15 1.0011
27 16 1.0011
27 17 1.0011
27 18 1.0011
27 19 1.0011
27 20 1.0011
27 21 1.00109
27 22 1.00109
27 23 1.00109
27 24 1.00109
27 25 1.00108
27 26 1.00108
27 27 1.00108
27 28 1.00107
27 29 1.00107
27 30 1.00106
27 31 1.00105
27 32 1.00104
27 33 1.00104
27 34 1.00103
27 35 1.00101
27 36 1.001
27 37 1.00099
27 38 1.00098
27 39 1.00096
27 40 1.00095
27 41 1.00093
27 42 1.00091
27 43 1.00089
27 44 1.00087
27 45 1.00085
27 46 1.00083
27 47 1.00081
27 48 1.00078
27 49 1.00076
27 50 1.00073
27 51 1.00071
27 52 1.00068
27 53 1.00065
27 54 1.00063
27 55 1.0006
27 56 1.00057
27 57 1.00054
27 58 1.00051
27 59 1.00048
27 60 1.00045
27 61 1.00042
27 62 1.00039
27 63 1.00036
27 64 1.00034
27 65 1.00031
27 66 1.00028
27 67 1.00026
27 68 1.00023
27 69 1.00021
27 70 1.00018
27 71 1.00016
27 72 1.00014
27 73 1.00012
27 74 1.0001
27 75 1.00008
27 76 1.00007
27 77 1.00005
27 78 1.00004
27 79 1.00003
27 80 1.00002
27 81 1.00001
27 82 1.00001
27 83 1
27 84 0.999999
27 85 0.999998
27 86 0.999999
27 87 1
27 88 1.00001
27 89 1.00001
27 90 1.00002
27 91 1.00003
27 92 1.00004
27 93 1.00005
27 94 1.00006
27 95 1.00008
27 96 1.0001
27 97 1.00011
27 98 1.00013
27 99 1.00016
27 100 1.00018
27 101 1.0002
27 102 1.00023
27 103 1.00025
27 104 1.00028
27 105 1.00031
27 106 1.00034
27 107 1.00037
27 108 1.0004
27 109 1.00044
27 110 1.00047
27 111 1.0005
27 112 1.00054
27 113 1.00057
27 114 1.0006
27 115 1.00064
27 116 1.00067
27 117 1.0007
27 118 1.00073
27 119 1.00076
27 120 1.00079
27 121 1.00083
27 122 1.00086
27 123 1.0009
27 124 1.00093
27 125 1.00098
27 126 1.00102
27 127 1.00107

28 0 0
28 1 1.00108
28 2 1.00108
28 3 1.00108
28 4 1.00108
28 5 1.00108
28 6 1.00108
28 7 1.00109
28 8 1.00109
28 9 1.00109
28 10 1.00109
28 11 1.00109
28 12 1.00109
28 13 1.00109
28 14 1.00109
28 15 1.00109
28 16 1.00109
28 17 1.00109
28 18 1.00109
28 19 1.00109
28 20 1.00109
28 21 1.00109
28 22 1.00109
28 23 1.00108
28 24 1.00108
28 25 1.00108
28 26 1.00107
28 27 1.00107
28 28 1.00106
28 29 1.00106
28 30 1.00105
28 31 1.00104
28 32 1.00103
28 33 1.00103
28 34 1.00101
28 35 1.001
28 36 1.00099
28 37 1.00098
28 38 1.00096
28 39 1.00095
28 40 1.00093
28 41 1.00092
28 42 1.0009
28 43 1.00088
28 44 1.00086
28 45 1.00083
28 46 1.00081
28 47 1.00079
28 48 1.00076
28 49 1.00074
28 50 1.00071
28 51 1.00068
28 52 1.00065
28 53 1.00063
28 54 1.0006
28 55 1.00057
28 56 1.00054
28 57 1.00051
28 58 1.00048
28 59 1.00045
28 60 1.00042
28 61 1.00039
28 62 1.00036
28 63 1.00033
28 64 1.0003
28 65 1.00027
28 66 1.00024
28 67 1.00021
28 68 1.00019
28 69 1.00016
28 70 1.00014
28 71 1.00012
28 72 1.0001
28 73 1.00008
28 74 1.00006
28 75 1.00004
28 76 1.00003
28 77 1.00001
28 78 0.999999
28 79 0.999989
28 80 0.99998
28 81 0.999972
28 82 0.999967
28 83 0.999963
28 84 0.999961
28 85 0.999961
28 86 0.999962
28 87 0.999966
28 88 0.999971
28 89 0.999977
28 90 0.999986
28 91 0.999996
28 92 1.00001
28 93 1.00002
28 94 1.00004
28 95 1.00005
28 96 1.00007
28 97 1.00009
28 98 1.00011
28 99 1.00014
28 100 1.00016
28 101 1.00019
28 102 1.00021
28 103 1.00024
28 104 1.00027
28 105 1.0003
28 106 1.00033
28 107 1.00037
28 108 1.0004
28 109 1.00043
28 110 1.00047
28 111 1.0005
28 112 1.00054
28 113 1.00057
28 114 1.0006
28 115 1.00064
28 116 1.00067
28 117 1.0007
28 118 1.00073
28 119 1.00076
28 120 1.0008
28 121 1.00083
28 122 1.00086
28 123 1.0009
28 124 1.00093
28 125 1.00097
28 126 1.00102
28 127 1.00106

29 0 0
29 1 1.00107
29 2 1.00107
29 3 1.00107
29 4 1.00108
29 5 1.00108
29 6 1.00108
29 7 1.00108
29 8 1.00108
29 9 1.00108
29 10 1.00108
29 11 1.00108
29 12 1.00108
29 13 1.00108
29 14 1.00109
29 15 1.00109
29 16 1.00109
29 17 1.00109
29 18 1.00108
29 19 1.00108
29 20 1.00108
29 21 1.00108
29 22 1.00108
29 23 1.00108
29 24 1.00107
29 25 1.00107
29 26 1.00107
29 27 1.00106
29 28 1.00105
29 29 1.00105
29 30 1.00104
29 31 1.00103
29 32 1.00102
29 33 1.00101
29 34 1.001
29 35 1.00099
29 36 1.00098
29 37 1.00097
29 38 1.00095
29 39 1.00093
29 40 1.00092
29 41 1.0009
29 42 1.00088
29 43 1.00086
29 44 1.00084
29 45 1.00081
29 46 1.00079
29 47 1.00076
29 48 1.00074
29 49 1.00071
29 50 1.00068
29 51 1.00066
29 52 1.00063
29 53 1.0006
29 54 1.00057
29 55 1.00054
29 56 1.0005
29 57 1.00047
29 58 1.00044
29 59 1.00041
29 60 1.00038
29 61 1.00035
29 62 1.00032
29 63 1.00029
29 64 1.00026
29 65 1.00023
29 66 1.0002
29 67 1.00017
29 68 1.00014
29 69 1.00012
29 70 1.0001
29 71 1.00007
29 72 1.00005
29 73 1.00003
29 74 1.00001
29 75 0.999996
29 76 0.99998
29 77 0.999967
29 78 0.999955
29 79 0.999945
29 80 0.999936
29 81 0.999929
29 82 0.999925
29 83 0.999922
29 84 0.99992
29 85 0.999921
29 86 0.999923
29 87 0.999928
29 88 0.999934
29 89 0.999942
29 90 0.999951
29 91 0.999963
29 92 0.999976
29 93 0.999991
29 94 1.00001
29 95 1.00003
29 96 1.00005
29 97 1.00007
29 98 1.00009
29 99 1.00011
29 100 1.00014
29 101 1.00017
29 102 1.0002
29 103 1.00023
29 104 1.00026
29 105 1.00029
29 106 1.00032
29 107 1.00036
29 108 1.00039
29 109 1.00042
29 110 1.00046
29 111 1.0005
29 112 1.00053
29 113 1.00056
29 114 1.0006
29 115 1.00063
29 116 1.00067
29 117 1.0007
29 118 1.00073
29 119 1.00076
29 120 1.00079
29 121 1.00082
29 122 1.00086
29 123 1.00089
29 124 1.00093
29 125 1.00096
29 126 1.00101
29 127 1.00105

30 0 0
30 1 1.00107
30 2 1.00107
30 3 1.00107
30 4 1.00107
30 5 1.00107
30 6 1.00107
30 7 1.00107
30 8 1.00107
30 9 1.00108
30 10 1.00108
30 11 1.00108
30 12 1.00108
30 13 1.00108
30 14 1.00108
30 15 1.00108
30 16 1.00108
30 17 1.00108
30 18 1.00108
30 19 1.00108
30 20 1.00108
30 21 1.00107
30 22 1.00107
30 23 1.00107
30 24 1.00107
30 25 1.00106
30 26 1.00106
30 27 1.00105
30 28 1.00105
30 29 1.00104
30 30 1.00103
30 31 1.00102
30 32 1.00101
30 33 1.001
30 34 1.00099
30 35 1.00098
30 36 1.00097
30 37 1.00095
30 38 1.00094
30 39 1.00092
30 40 1.0009
30 41 1.00088
30 42 1.00086
30 43 1.00084
30 44 1.00082
30 45 1.00079
30 46 1.00077
30 47 1.00074
30 48 1.00071
30 49 1.00069
30 50 1.00066
30 51 1.00063
30 52 1.0006
30 53 1.00056
30 54 1.00053
30 55 1.0005
30 56 1.00047
30 57 1.00044
30 58 1.0004
30 59 1.00037
30 60 1.00034
30 61 1.00031
30 62 1.00027
30 63 1.00024
30 64 1.00021
30 65 1.00018
30 66 1.00015
30 67 1.00013
30 68 1.0001
30 69 1.00007
30 70 1.00005
30 71 1.00003
30 72 1
30 73 0.999984
30 74 0.999965
30 75 0.999948
30 76 0.999933
30 77 0.999919
30 78 0.999908
30 79 0.999898
30 80 0.99989
30 81 0.999884
30 82 0.99988
30 83 0.999877
30 84 0.999877
30 85 0.999879
30 86 0.999882
30 87 0.999887
30 88 0.999895
30 89 0.999904
30 90 0.999915
30 91 0.999927
30 92 0.999942
30 93 0.999958
30 94 0.999976
30 95 0.999996
30 96 1.00002
30 97 1.00004
30 98 1.00006
30 99 1.00009
30 100 1.00012
30 101 1.00015
30 102 1.00018
30 103 1.00021
30 104 1.00024
30 105 1.00027
30 106 1.00031
30 107 1.00034
30 108 1.00038
30 109 1.00041
30 110 1.00045
30 111 1.00048
30 112 1.00052
30 113 1.00056
30 114 1.00059
30 115 1.00063
30 116 1.00066
30 117 1.00069
30 118 1.00072
30 119 1.00075
30 120 1.00078
30 121 1.00082
30 122 1.00085
30 123 1.00088
30 124 1.00091
30 125 1.00095
30 126 1.00099
30 127 1.00103

31 0 0
31 1 1.00106
31 2 1.00106
31 3 1.00106
31 4 1.00106
31 5 1.00106
31 6 1.00107
31 7 1.00107
31 8 1.00107
31 9 1.00107
31 10 1.00107
31 11 1.00107
31 12 1.00107
31 13 1.00107
31 14 1.00107
31 15 1.00107
31 16 1.00107
31 17 1.00107
31 18 1.00107
31 19 1.00107
31 20 1.00107
31 21 1.00107
31 22 1.00106
31 23 1.00106
31 24 1.00106
31 25 1.00105
31 26 1.00105
31 27 1.00104
31 28 1.00104
31 29 1.00103
31 30 1.00102
31 31 1.00101
31 32 1.001
31 33 1.00099
31 34 1.00098
31 35 1.00097
31 36 1.00095
31 37 1.00094
31 38 1.00092
31 39 1.0009
31 40 1.00088
31 41 1.00086
31 42 1.00084
31 43 1.00082
31 44 1.0008
31 45 1.00077
31 46 1.00074
31 47 1.00072
31 48 1.00069
31 49 1.00066
31 50 1.00063
31 51 1.0006
31 52 1.00056
31 53 1.00053
31 54 1.0005
31 55 1.00047
31 56 1.00043
31 57 1.0004
31 58 1.00036
31 59 1.00033
31 60 1.0003
31 61 1.00026
31 62 1.00023
31 63 1.0002
31 64 1.00017
31 65 1.00014
31 66 1.00011
31 67 1.00008
31 68 1.00005
31 69 1.00002
31 70 0.999999
31 71 0.999975
31 72 0.999953
31 73 0.999933
31 74 0.999915
31 75 0.999898
31 76 0.999883
31 77 0.99987
31 78 0.999858
31 79 0.999849
31 80 0.999841
31 81 0.999836
31 82 0.999832
31 83 0.999831
31 84 0.999831
31 85 0.999834
31 86 0.999838
31 87 0.999844
31 88 0.999853
31 89 0.999863
31 90 0.999875
31 91 0.999889
31 92 0.999905
31 93 0.999923
31 94 0.999942
31 95 0.999963
31 96 0.999986
31 97 1.00001
31 98 1.00004
31 99 1.00006
31 100 1.00009
31 101 1.00012
31 102 1.00015
31 103 1.00019
31 104 1.00022
31 105 1.00025
31 106 1.00029
31 107 1.00032
31 108 1.00036
31 109 1.0004
31 110 1.00043
31 111 1.00047
31 112 1.00051
31 113 1.00054
31 114 1.00058
31 115 1.00061
31 116 1.00065
31 117 1.00068
31 118 1.00071
31 119 1.00074
31 120 1.00077
31 121 1.0008
31 122 1.00083
31 123 1.00086
31 124 1.0009
31 125 1.00093
31 126 1.00097
31 127 1.00101

32 0 0
32 1 1.00105
32 2 1.00105
32 3 1.00106
32 4 1.00106
32 5 1.00106
32 6 1.00106
32 7 1.00106
32 8 1.00106
32 9 1.00106
32 10 1.00106
32 11 1.00107
32 12 1.00107
32 13 1.00107
32 14 1.00107
32 15 1.00107
32 16 1.00107
32 17 1.00107
32 18 1.00106
32 19 1.00106
32 20 1.00106
32 21 1.00106
32 22 1.00106
32 23 1.00105
32 24 1.00105
32 25 1.00105
32 26 1.00104
32 27 1.00103
32 28 1.00103
32 29 1.00102
32 30 1.00101
32 31 1.001
32 32 1.00099
32 33 1.00098
32 34 1.00097
32 35 1.00095
32 36 1.00094
32 37 1.00092
32 38 1.0009
32 39 1.00089
32 40 1.00087
32 41 1.00084
32 42 1.00082
32 43 1.0008
32 44 1.00077
32 45 1.00075
32 46 1.00072
32 47 1.00069
32 48 1.00066
32 49 1.00063
32 50 1.0006
32 51 1.00056
32 52 1.00053
32 53 1.0005
32 54 1.00046
32 55 1.00043
32 56 1.00039
32 57 1.00036
32 58 1.00032
32 59 1.00029
32 60 1.00025
32 61 1.00022
32 62 1.00018
32 63 1.00015
32 64 1.00012
32 65 1.00009
32 66 1.00006
32 67 1.00003
32 68 0.999998
32 69 0.999972
32 70 0.999947
32 71 0.999923
32 72 0.999901
32 73 0.99988
32 74 0.999862
32 75 0.999845
32 76 0.99983
32 77 0.999817
32 78 0.999806
32 79 0.999797
32 80 0.99979
32 81 0.999785
32 82 0.999782
32 83 0.999782
32 84 0.999783
32 85 0.999786
32 86 0.999792
32 87 0.999799
32 88 0.999808
32 89 0.99982
32 90 0.999833
32 91 0.999848
32 92 0.999865
32 93 0.999884
32 94 0.999905
32 95 0.999927
32 96 0.999952
32 97 0.999977
32 98 1
32 99 1.00003
32 100 1.00006
32 101 1.00009
32 102 1.00013
32 103 1.00016
32 104 1.0002
32 105 1.00023
32 106 1.00027
32 107 1.0003
32 108 1.00034
32 109 1.00038
32 110 1.00042
32 111 1.00045
32 112 1.00049
32 113 1.00053
32 114 1.00056
32 115 1.0006
32 116 1.00063
32 117 1.00066
32 118 1.00069
32 119 1.00072
32 120 1.00075
32 121 1.00078
32 122 1.00081
32 123 1.00085
32 124 1.00088
32 125 1.00091
32 126 1.00095
32 127 1.00099

33 0 0
33 1 1.00105
33 2 1.00105
33 3 1.00105
33 4 1.00105
33 5 1.00105
33 6 1.00105
33 7 1.00105
33 8 1.00106
33 9 1.00106
33 10 1.00106
33 11 1.00106
33 12 1.00106
33 13 1.00106
33 14 1.00106
33 15 1.00106
33 16 1.00106
33 17 1.00106
33 18 1.00106
33 19 1.00106
33 20 1.00105
33 21 1.00105
33 22 1.00105
33 23 1.00105
33 24 1.00104
33 25 1.00104
33 26 1.00103
33 27 1.00103
33 28 1.00102
33 29 1.00101
33 30 1.001
33 31 1.00099
33 32 1.00098
33 33 1.00097
33 34 1.00095
33 35 1.00094
33 36 1.00092
33 37 1.00091
33 38 1.00089
33 39 1.00087
33 40 1.00085
33 41 1.00082
33 42 1.0008
33 43 1.00078
33 44 1.00075
33 45 1.00072
33 46 1.00069
33 47 1.00066
33 48 1.00063
33 49 1.0006
33 50 1.00056
33 51 1.00053
33 52 1.0005
33 53 1.00046
33 54 1.00042
33 55 1.00039
33 56 1.00035
33 57 1.00031
33 58 1.00028
33 59 1.00024
33 60 1.00021
33 61 1.00017
33 62 1.00013
33 63 1.0001
33 64 1.00007
33 65 1.00003
33 66 1
33 67 0.999973
33 68 0.999945
33 69 0.999917
33 70 0.999892
33 71 0.999868
33 72 0.999846
33 73 0.999825
33 74 0.999806
33 75 0.99979
33 76 0.999775
33 77 0.999762
33 78 0.999752
33 79 0.999743
33 80 0.999737
33 81 0.999732
33 82 0.99973
33 83 0.99973
33 84 0.999732
33 85 0.999736
33 86 0.999743
33 87 0.999751
33 88 0.999761
33 89 0.999774
33 90 0.999788
33 91 0.999805
33 92 0.999823
33 93 0.999843
33 94 0.999865
33 95 0.999889
33 96 0.999915
33 97 0.999942
33 98 0.99997
33 99 1
33 100 1.00003
33 101 1.00006
33 102 1.0001
33 103 1.00013
33 104 1.00017
33 105 1.0002
33 106 1.00024
33 107 1.00028
33 108 1.00032
33 109 1.00036
33 110 1.00039
33 111 1.00043
33 112 1.00047
33 113 1.00051
33 114 1.00054
33 115 1.00058
33 116 1.00061
33 117 1.00064
33 118 1.00067
33 119 1.0007
33 120 1.00073
33 121 1.00076
33 122 1.00079
33 123 1.00082
33 124 1.00085
33 125 1.00089
33 126 1.00092
33 127 1.00096

34 0 0
34 1 1.00104
34 2 1.00104
34 3 1.00104
34 4 1.00104
34 5 1.00105
34 6 1.00105
34 7 1.00105
34 8 1.00105
34 9 1.00105
34 10 1.00105
34 11 1.00105
34 12 1.00105
34 13 1.00105
34 14 1.00105
34 15 1.00105
34 16 1.00105
34 17 1.00105
34 18 1.00105
34 19 1.00105
34 20 1.00105
34 21 1.00104
34 22 1.00104
34 23 1.00104
34 24 1.00103
34 25 1.00103
34 26 1.00102
34 27 1.00102
34 28 1.00101
34 29 1.001
34 30 1.00099
34 31 1.00098
34 32 1.00097
34 33 1.00095
34 34 1.00094
34 35 1.00093
34 36 1.00091
34 37 1.00089
34 38 1.00087
34 39 1.00085
34 40 1.00083
34 41 1.0008
34 42 1.00078
34 43 1.00075
34 44 1.00072
34 45 1.00069
34 46 1.00066
34 47 1.00063
34 48 1.0006
34 49 1.00056
34 50 1.00053
34 51 1.00049
34 52 1.00046
34 53 1.00042
34 54 1.00038
34 55 1.00035
34 56 1.00031
34 57 1.00027
34 58 1.00023
34 59 1.00019
34 60 1.00016
34 61 1.00012
34 62 1.00008
34 63 1.00005
34 64 1.00001
34 65 0.99998
34 66 0.999948
34 67 0.999918
34 68 0.999889
34 69 0.999861
34 70 0.999835
34 71 0.99981
34 72 0.999788
34 73 0.999767
34 74 0.999749
34 75 0.999732
34 76 0.999717
34 77 0.999705
34 78 0.999695
34 79 0.999687
34 80 0.999681
34 81 0.999677
34 82 0.999675
34 83 0.999676
34 84 0.999679
34 85 0.999684
34 86 0.999691
34 87 0.999701
34 88 0.999712
34 89 0.999726
34 90 0.999741
34 91 0.999759
34 92 0.999779
34 93 0.9998
34 94 0.999823
34 95 0.999848
34 96 0.999875
34 97 0.999903
34 98 0.999933
34 99 0.999964
34 100 0.999997
34 101 1.00003
34 102 1.00007
34 103 1.0001
34 104 1.00014
34 105 1.00018
34 106 1.00021
34 107 1.00025
34 108 1.00029
34 109 1.00033
34 110 1.00037
34 111 1.00041
34 112 1.00044
34 113 1.00048
34 114 1.00052
34 115 1.00055
34 116 1.00058
34 117 1.00062
34 118 1.00065
34 119 1.00068
34 120 1.00071
34 121 1.00074
34 122 1.00077
34 123 1.0008
34 124 1.00083
34 125 1.00086
34 126 1.00089
34 127 1.00093

35 0 0
35 1 1.00103
35 2 1.00103
35 3 1.00104
35 4 1.00104
35 5 1.00104
35 6 1.00104
35 7 1.00104
35 8 1.00104
35 9 1.00104
35 10 1.00104
35 11 1.00105
35 12 1.00105
35 13 1.00105
35 14 1.00105
35 15 1.00105
35 16 1.00105
35 17 1.00104
35 18 1.00104
35 19 1.00104
35 20 1.00104
35 21 1.00104
35 22 1.00103
35 23 1.00103
35 24 1.00102
35 25 1.00102
35 26 1.00101
35 27 1.00101
35 28 1.001
35 29 1.00099
35 30 1.00098
35 31 1.00097
35 32 1.00095
35 33 1.00094
35 34 1.00093
35 35 1.00091
35 36 1.00089
35 37 1.00087
35 38 1.00085
35 39 1.00083
35 40 1.00081
35 41 1.00078
35 42 1.00075
35 43 1.00073
35 44 1.0007
35 45 1.00067
35 46 1.00063
35 47 1.0006
35 48 1.00057
35 49 1.00053
35 50 1.00049
35 51 1.00046
35 52 1.00042
35 53 1.00038
35 54 1.00034
35 55 1.0003
35 56 1.00026
35 57 1.00022
35 58 1.00018
35 59 1.00014
35 60 1.00011
35 61 1.00007
35 62 1.00003
35 63 0.999994
35 64 0.999958
35 65 0.999924
35 66 0.999891
35 67 0.99986
35 68 0.99983
35 69 0.999802
35 70 0.999775
35 71 0.999751
35 72 0.999728
35 73 0.999707
35 74 0.999689
35 75 0.999672
35 76 0.999658
35 77 0.999645
35 78 0.999635
35 79 0.999628
35 80 0.999622
35 81 0.999619
35 82 0.999618
35 83 0.99962
35 84 0.999623
35 85 0.999629
35 86 0.999637
35 87 0.999648
35 88 0.99966
35 89 0.999675
35 90 0.999692
35 91 0.999711
35 92 0.999731
35 93 0.999754
35 94 0.999778
35 95 0.999805
35 96 0.999833
35 97 0.999862
35 98 0.999893
35 99 0.999926
35 100 0.999959
35 101 0.999994
35 102 1.00003
35 103 1.00007
35 104 1.0001
35 105 1.00014
35 106 1.00018
35 107 1.00022
35 108 1.00026
35 109 1.0003
35 110 1.00034
35 111 1.00038
35 112 1.00041
35 113 1.00045
35 114 1.00049
35 115 1.00052
35 116 1.00056
35 117 1.00059
35 118 1.00062
35 119 1.00065
35 120 1.00068
35 121 1.00071
35 122 1.00073
35 123 1.00076
35 124 1.00079
35 125 1.00083
35 126 1.00086
35 127 1.0009

36 0 0
36 1 1.00103
36 2 1.00103
36 3 1.00103
36 4 1.00103
36 5 1.00103
36 6 1.00103
36 7 1.00104
36 8 1.00104
36 9 1.00104
36 10 1.00104
36 11 1.00104
36 12 1.00104
36 13 1.00104
36 14 1.00104
36 15 1.00104
36 16 1.00104
36 17 1.00104
36 18 1.00104
36 19 1.00103
36 20 1.00103
36 21 1.00103
36 22 1.00102
36 23 1.00102
36 24 1.00102
36 25 1.00101
36 26 1.001
36 27 1.001
36 28 1.00099
36 29 1.00098
36 30 1.00097
36 31 1.00095
36 32 1.00094
36 33 1.00093
36 34 1.00091
36 35 1.00089
36 36 1.00088
36 37 1.00085
36 38 1.00083
36 39 1.00081
36 40 1.00078
36 41 1.00076
36 42 1.00073
36 43 1.0007
36 44 1.00067
36 45 1.00064
36 46 1.0006
36 47 1.00057
36 48 1.00053
36 49 1.0005
36 50 1.00046
36 51 1.00042
36 52 1.00038
36 53 1.00034
36 54 1.0003
36 55 1.00026
36 56 1.00021
36 57 1.00017
36 58 1.00013
36 59 1.00009
36 60 1.00005
36 61 1.00001
36 62 0.999974
36 63 0.999937
36 64 0.9999
36 65 0.999865
36 66 0.999832
36 67 0.9998
36 68 0.999769
36 69 0.99974
36 70 0.999714
36 71 0.999689
36 72 0.999666
36 73 0.999645
36 74 0.999626
36 75 0.99961
36 76 0.999595
36 77 0.999583
36 78 0.999574
36 79 0.999567
36 80 0.999562
36 81 0.999559
36 82 0.999559
36 83 0.999561
36 84 0.999566
36 85 0.999572
36 86 0.999581
36 87 0.999593
36 88 0.999606
36 89 0.999622
36 90 0.99964
36 91 0.99966
36 92 0.999682
36 93 0.999705
36 94 0.999731
36 95 0.999759
36 96 0.999788
36 97 0.999818
36 98 0.99985
36 99 0.999884
36 100 0.999919
36 101 0.999955
36 102 0.999992
36 103 1.00003
36 104 1.00007
36 105 1.00011
36 106 1.00015
36 107 1.00019
36 108 1.00023
36 109 1.00027
36 110 1.0003
36 111 1.00034
36 112 1.00038
36 113 1.00042
36 114 1.00045
36 115 1.00049
36 116 1.00052
36 117 1.00056
36 118 1.00059
36 119 1.00062
36 120 1.00064
36 121 1.00067
36 122 1.0007
36 123 1.00073
36 124 1.00076
36 125 1.00079
36 126 1.00082
36 127 1.00086

37 0 0
37 1 1.00102
37 2 1.00102
37 3 1.00102
37 4 1.00102
37 5 1.00103
37 6 1.00103
37 7 1.00103
37 8 1.00103
37 9 1.00103
37 10 1.00103
37 11 1.00103
37 12 1.00103
37 13 1.00103
37 14 1.00103
37 15 1.00103
37 16 1.00103
37 17 1.00103
37 18 1.00103
37 19 1.00103
37 20 1.00102
37 21 1.00102
37 22 1.00102
37 23 1.00101
37 24 1.00101
37 25 1.001
37 26 1.00099
37 27 1.00099
37 28 1.00098
37 29 1.00097
37 30 1.00095
37 31 1.00094
37 32 1.00093
37 33 1.00091
37 34 1.0009
37 35 1.00088
37 36 1.00086
37 37 1.00084
37 38 1.00081
37 39 1.00079
37 40 1.00076
37 41 1.00073
37 42 1.00071
37 43 1.00067
37 44 1.00064
37 45 1.00061
37 46 1.00057
37 47 1.00054
37 48 1.0005
37 49 1.00046
37 50 1.00042
37 51 1.00038
37 52 1.00034
37 53 1.00029
37 54 1.00025
37 55 1.00021
37 56 1.00017
37 57 1.00012
37 58 1.00008
37 59 1.00004
37 60 0.999997
37 61 0.999956
37 62 0.999916
37 63 0.999878
37 64 0.999841
37 65 0.999805
37 66 0.99977
37 67 0.999737
37 68 0.999706
37 69 0.999677
37 70 0.99965
37 71 0.999624
37 72 0.999601
37 73 0.99958
37 74 0.999562
37 75 0.999545
37 76 0.999531
37 77 0.99952
37 78 0.99951
37 79 0.999503
37 80 0.999499
37 81 0.999497
37 82 0.999497
37 83 0.9995
37 84 0.999506
37 85 0.999513
37 86 0.999523
37 87 0.999535
37 88 0.99955
37 89 0.999567
37 90 0.999586
37 91 0.999607
37 92 0.99963
37 93 0.999655
37 94 0.999681
37 95 0.99971
37 96 0.99974
37 97 0.999772
37 98 0.999805
37 99 0.99984
37 100 0.999875
37 101 0.999912
37 102 0.99995
37 103 0.999989
37 104 1.00003
37 105 1.00007
37 106 1.00011
37 107 1.00015
37 108 1.00019
37 109 1.00023
37 110 1.00027
37 111 1.00031
37 112 1.00035
37 113 1.00038
37 114 1.00042
37 115 1.00045
37 116 1.00049
37 117 1.00052
37 118 1.00055
37 119 1.00058
37 120 1.00061
37 121 1.00064
37 122 1.00066
37 123 1.00069
37 124 1.00072
37 125 1.00075
37 126 1.00078
37 127 1.00082

38 0 0
38 1 1.00101
38 2 1.00101
38 3 1.00102
38 4 1.00102
38 5 1.00102
38 6 1.00102
38 7 1.00102
38 8 1.00102
38 9 1.00102
38 10 1.00102
38 11 1.00103
38 12 1.00103
38 13 1.00103
38 14 1.00103
38 15 1.00102
38 16 1.00102
38 17 1.00102
38 18 1.00102
38 19 1.00102
38 20 1.00102
38 21 1.00101
38 22 1.00101
38 23 1.001
38 24 1.001
38 25 1.00099
38 26 1.00098
38 27 1.00097
38 28 1.00097
38 29 1.00095
38 30 1.00094
38 31 1.00093
38 32 1.00091
38 33 1.0009
38 34 1.00088
38 35 1.00086
38 36 1.00084
38 37 1.00082
38 38 1.00079
38 39 1.00077
38 40 1.00074
38 41 1.00071
38 42 1.00068
38 43 1.00065
38 44 1.00061
38 45 1.00058
38 46 1.00054
38 47 1.0005
38 48 1.00046
38 49 1.00042
38 50 1.00038
38 51 1.00033
38 52 1.00029
38 53 1.00025
38 54 1.0002
38 55 1.00016
38 56 1.00011
38 57 1.00007
38 58 1.00003
38 59 0.999982
38 60 0.999939
38 61 0.999898
38 62 0.999857
38 63 0.999817
38 64 0.999779
38 65 0.999742
38 66 0.999707
38 67 0.999673
38 68 0.999641
38 69 0.999612
38 70 0.999584
38 71 0.999558
38 72 0.999535
38 73 0.999514
38 74 0.999495
38 75 0.999479
38 76 0.999465
38 77 0.999454
38 78 0.999445
38 79 0.999438
38 80 0.999434
38 81 0.999433
38 82 0.999434
38 83 0.999437
38 84 0.999443
38 85 0.999452
38 86 0.999463
38 87 0.999476
38 88 0.999491
38 89 0.999509
38 90 0.999529
38 91 0.999551
38 92 0.999575
38 93 0.999601
38 94 0.999629
38 95 0.999659
38 96 0.99969
38 97 0.999723
38 98 0.999757
38 99 0.999793
38 100 0.999829
38 101 0.999867
38 102 0.999906
38 103 0.999945
38 104 0.999986
38 105 1.00003
38 106 1.00007
38 107 1.00011
38 108 1.00015
38 109 1.00019
38 110 1.00023
38 111 1.00027
38 112 1.00031
38 113 1.00034
38 114 1.00038
38 115 1.00041
38 116 1.00045
38 117 1.00048
38 118 1.00051
38 119 1.00054
38 120 1.00057
38 121 1.00059
38 122 1.00062
38 123 1.00065
38 124 1.00068
38 125 1.00071
38 126 1.00074
38 127 1.00077

39 0 0
39 1 1.00101
39 2 1.00101
39 3 1.00101
39 4 1.00101
39 5 1.00101
39 6 1.00101
39 7 1.00102
39 8 1.00102
39 9 1.00102
39 10 1.00102
39 11 1.00102
39 12 1.00102
39 13 1.00102
39 14 1.00102
39 15 1.00102
39 16 1.00102
39 17 1.00101
39 18 1.00101
39 19 1.00101
39 20 1.00101
39 21 1.001
39 22 1.001
39 23 1.00099
39 24 1.00099
39 25 1.00098
39 26 1.00097
39 27 1.00096
39 28 1.00095
39 29 1.00094
39 30 1.00093
39 31 1.00092
39 32 1.0009
39 33 1.00088
39 34 1.00086
39 35 1.00084
39 36 1.00082
39 37 1.0008
39 38 1.00077
39 39 1.00074
39 40 1.00072
39 41 1.00068
39 42 1.00065
39 43 1.00062
39 44 1.00058
39 45 1.00054
39 46 1.0005
39 47 1.00046
39 48 1.00042
39 49 1.00038
39 50 1.00034
39 51 1.00029
39 52 1.00025
39 53 1.0002
39 54 1.00015
39 55 1.00011
39 56 1.00006
39 57 1.00001
39 58 0.999969
39 59 0.999924
39 60 0.99988
39 61 0.999837
39 62 0.999795
39 63 0.999754
39 64 0.999715
39 65 0.999677
39 66 0.999641
39 67 0.999607
39 68 0.999575
39 69 0.999544
39 70 0.999516
39 71 0.99949
39 72 0.999467
39 73 0.999446
39 74 0.999427
39 75 0.999411
39 76 0.999397
39 77 0.999386
39 78 0.999377
39 79 0.999371
39 80 0.999368
39 81 0.999367
39 82 0.999369
39 83 0.999373
39 84 0.99938
39 85 0.999389
39 86 0.999401
39 87 0.999415
39 88 0.999431
39 89 0.99945
39 90 0.999471
39 91 0.999494
39 92 0.999519
39 93 0.999546
39 94 0.999575
39 95 0.999605
39 96 0.999638
39 97 0.999672
39 98 0.999707
39 99 0.999743
39 100 0.999781
39 101 0.99982
39 102 0.999859
39 103 0.999899
39 104 0.99994
39 105 0.999981
39 106 1.00002
39 107 1.00006
39 108 1.0001
39 109 1.00015
39 110 1.00019
39 111 1.00023
39 112 1.00026
39 113 1.0003
39 114 1.00034
39 115 1.00037
39 116 1.0004
39 117 1.00044
39 118 1.00047
39 119 1.0005
39 120 1.00052
39 121 1.00055
39 122 1.00058
39 123 1.0006
39 124 1.00063
39 125 1.00066
39 126 1.00069
39 127 1.00072

40 0 0
40 1 1.001
40 2 1.001
40 3 1.001
40 4 1.001
40 5 1.00101
40 6 1.00101
40 7 1.00101
40 8 1.00101
40 9 1.00101
40 10 1.00101
40 11 1.00101
40 12 1.00101
40 13 1.00101
40 14 1.00101
40 15 1.00101
40 16 1.00101
40 17 1.00101
40 18 1.00101
40 19 1.001
40 20 1.001
40 21 1.001
40 22 1.00099
40 23 1.00098
40 24 1.00098
40 25 1.00097
40 26 1.00096
40 27 1.00095
40 28 1.00094
40 29 1.00093
40 30 1.00092
40 31 1.0009
40 32 1.00088
40 33 1.00087
40 34 1.00085
40 35 1.00083
40 36 1.0008
40 37 1.00078
40 38 1.00075
40 39 1.00072
40 40 1.00069
40 41 1.00066
40 42 1.00062
40 43 1.00059
40 44 1.00055
40 45 1.00051
40 46 1.00047
40 47 1.00043
40 48 1.00038
40 49 1.00034
40 50 1.00029
40 51 1.00025
40 52 1.0002
40 53 1.00015
40 54 1.0001
40 55 1.00005
40 56 1.00001
40 57 0.999959
40 58 0.999911
40 59 0.999865
40 60 0.99982
40 61 0.999775
40 62 0.999732
40 63 0.99969
40 64 0.99965
40 65 0.999611
40 66 0.999574
40 67 0.999539
40 68 0.999506
40 69 0.999476
40 70 0.999447
40 71 0.999421
40 72 0.999397
40 73 0.999376
40 74 0.999357
40 75 0.999341
40 76 0.999327
40 77 0.999317
40 78 0.999308
40 79 0.999303
40 80 0.9993
40 81 0.999299
40 82 0.999302
40 83 0.999307
40 84 0.999314
40 85 0.999324
40 86 0.999337
40 87 0.999351
40 88 0.999369
40 89 0.999388
40 90 0.99941
40 91 0.999434
40 92 0.99946
40 93 0.999488
40 94 0.999518
40 95 0.99955
40 96 0.999583
40 97 0.999618
40 98 0.999654
40 99 0.999692
40 100 0.99973
40 101 0.99977
40 102 0.99981
40 103 0.999851
40 104 0.999892
40 105 0.999934
40 106 0.999976
40 107 1.00002
40 108 1.00006
40 109 1.0001
40 110 1.00014
40 111 1.00018
40 112 1.00022
40 113 1.00026
40 114 1.00029
40 115 1.00033
40 116 1.00036
40 117 1.00039
40 118 1.00042
40 119 1.00045
40 120 1.00048
40 121 1.0005
40 122 1.00053
40 123 1.00056
40 124 1.00058
40 125 1.00061
40 126 1.00064
40 127 1.00067

41 0 0
41 1 1.00099
41 2 1.00099
41 3 1.001
41 4 1.001
41 5 1.001
41 6 1.001
41 7 1.001
41 8 1.001
41 9 1.001
41 10 1.001
41 11 1.001
41 12 1.001
41 13 1.001
41 14 1.001
41 15 1.001
41 16 1.001
41 17 1.001
41 18 1.001
41 19 1.00099
41 20 1.00099
41 21 1.00099
41 22 1.00098
41 23 1.00098
41 24 1.00097
41 25 1.00096
41 26 1.00095
41 27 1.00094
41 28 1.00093
41 29 1.00092
41 30 1.0009
41 31 1.00089
41 32 1.00087
41 33 1.00085
41 34 1.00083
41 35 1.00081
41 36 1.00078
41 37 1.00076
41 38 1.00073
41 39 1.0007
41 40 1.00066
41 41 1.00063
41 42 1.00059
41 43 1.00056
41 44 1.00052
41 45 1.00047
41 46 1.00043
41 47 1.00039
41 48 1.00034
41 49 1.00029
41 50 1.00025
41 51 1.0002
41 52 1.00015
41 53 1.0001
41 54 1.00005
41 55 1
41 56 0.99995
41 57 0.999901
41 58 0.999852
41 59 0.999804
41 60 0.999757
41 61 0.999711
41 62 0.999667
41 63 0.999624
41 64 0.999583
41 65 0.999543
41 66 0.999505
41 67 0.99947
41 68 0.999436
41 69 0.999405
41 70 0.999376
41 71 0.99935
41 72 0.999326
41 73 0.999305
41 74 0.999286
41 75 0.99927
41 76 0.999257
41 77 0.999246
41 78 0.999238
41 79 0.999233
41 80 0.99923
41 81 0.99923
41 82 0.999233
41 83 0.999239
41 84 0.999247
41 85 0.999258
41 86 0.999271
41 87 0.999287
41 88 0.999305
41 89 0.999325
41 90 0.999348
41 91 0.999373
41 92 0.9994
41 93 0.999429
41 94 0.99946
41 95 0.999492
41 96 0.999527
41 97 0.999562
41 98 0.999599
41 99 0.999638
41 100 0.999677
41 101 0.999717
41 102 0.999758
41 103 0.9998
41 104 0.999842
41 105 0.999884
41 106 0.999926
41 107 0.999968
41 108 1.00001
41 109 1.00005
41 110 1.00009
41 111 1.00013
41 112 1.00017
41 113 1.00021
41 114 1.00024
41 115 1.00028
41 116 1.00031
41 117 1.00034
41 118 1.00037
41 119 1.0004
41 120 1.00043
41 121 1.00045
41 122 1.00048
41 123 1.00051
41 124 1.00053
41 125 1.00056
41 126 1.00059
41 127 1.00062

42 0 0
42 1 1.00099
42 2 1.00099
42 3 1.00099
42 4 1.00099
42 5 1.00099
42 6 1.00099
42 7 1.001
42 8 1.001
42 9 1.001
42 10 1.001
42 11 1.001
42 12 1.001
42 13 1.001
42 14 1.001
42 15 1.001
42 16 1.00099
42 17 1.00099
42 18 1.00099
42 19 1.00099
42 20 1.00098
42 21 1.00098
42 22 1.00097
42 23 1.00097
42 24 1.00096
42 25 1.00095
42 26 1.00094
42 27 1.00093
42 28 1.00092
42 29 1.0009
42 30 1.00089
42 31 1.00087
42 32 1.00085
42 33 1.00083
42 34 1.00081
42 35 1.00079
42 36 1.00076
42 37 1.00073
42 38 1.0007
42 39 1.00067
42 40 1.00064
42 41 1.0006
42 42 1.00056
42 43 1.00052
42 44 1.00048
42 45 1.00044
42 46 1.00039
42 47 1.00035
42 48 1.0003
42 49 1.00025
42 50 1.0002
42 51 1.00015
42 52 1.0001
42 53 1.00005
42 54 0.999996
42 55 0.999944
42 56 0.999892
42 57 0.999842
42 58 0.999791
42 59 0.999742
42 60 0.999694
42 61 0.999646
42 62 0.999601
42 63 0.999557
42 64 0.999514
42 65 0.999474
42 66 0.999436
42 67 0.999399
42 68 0.999365
42 69 0.999334
42 70 0.999305
42 71 0.999278
42 72 0.999254
42 73 0.999232
42 74 0.999214
42 75 0.999198
42 76 0.999185
42 77 0.999174
42 78 0.999166
42 79 0.999162
42 80 0.999159
42 81 0.99916
42 82 0.999164
42 83 0.99917
42 84 0.999179
42 85 0.99919
42 86 0.999204
42 87 0.999221
42 88 0.999239
42 89 0.999261
42 90 0.999284
42 91 0.99931
42 92 0.999338
42 93 0.999368
42 94 0.9994
42 95 0.999433
42 96 0.999468
42 97 0.999505
42 98 0.999542
42 99 0.999582
42 100 0.999622
42 101 0.999662
42 102 0.999704
42 103 0.999746
42 104 0.999789
42 105 0.999831
42 106 0.999874
42 107 0.999916
42 108 0.999958
42 109 1
42 110 1.00004
42 111 1.00008
42 112 1.00012
42 113 1.00016
42 114 1.00019
42 115 1.00023
42 116 1.00026
42 117 1.00029
42 118 1.00032
42 119 1.00035
42 120 1.00037
42 121 1.0004
42 122 1.00043
42 123 1.00045
42 124 1.00048
42 125 1.00051
42 126 1.00053
42 127 1.00056

43 0 0
43 1 1.00098
43 2 1.00098
43 3 1.00098
43 4 1.00098
43 5 1.00099
43 6 1.00099
43 7 1.00099
43 8 1.00099
43 9 1.00099
43 10 1.00099
43 11 1.00099
43 12 1.00099
43 13 1.00099
43 14 1.00099
43 15 1.00099
43 16 1.00099
43 17 1.00098
43 18 1.00098
43 19 1.00098
43 20 1.00097
43 21 1.00097
43 22 1.00096
43 23 1.00096
43 24 1.00095
43 25 1.00094
43 26 1.00093
43 27 1.00092
43 28 1.00091
43 29 1.00089
43 30 1.00088
43 31 1.00086
43 32 1.00084
43 33 1.00082
43 34 1.00079
43 35 1.00077
43 36 1.00074
43 37 1.00071
43 38 1.00068
43 39 1.00065
43 40 1.00061
43 41 1.00057
43 42 1.00053
43 43 1.00049
43 44 1.00045
43 45 1.0004
43 46 1.00035
43 47 1.00031
43 48 1.00026
43 49 1.00021
43 50 1.00015
43 51 1.0001
43 52 1.00005
43 53 0.999994
43 54 0.99994
43 55 0.999887
43 56 0.999834
43 57 0.999781
43 58 0.999729
43 59 0.999678
43 60 0.999629
43 61 0.99958
43 62 0.999534
43 63 0.999488
43 64 0.999445
43 65 0.999404
43 66 0.999365
43 67 0.999328
43 68 0.999293
43 69 0.999261
43 70 0.999232
43 71 0.999205
43 72 0.999181
43 73 0.999159
43 74 0.999141
43 75 0.999125
43 76 0.999112
43 77 0.999101
43 78 0.999094
43 79 0.999089
43 80 0.999088
43 81 0.999089
43 82 0.999093
43 83 0.9991
43 84 0.999109
43 85 0.999121
43 86 0.999136
43 87 0.999153
43 88 0.999173
43 89 0.999195
43 90 0.999219
43 91 0.999246
43 92 0.999275
43 93 0.999305
43 94 0.999338
43 95 0.999372
43 96 0.999408
43 97 0.999445
43 98 0.999484
43 99 0.999524
43 100 0.999564
43 101 0.999606
43 102 0.999648
43 103 0.999691
43 104 0.999734
43 105 0.999777
43 106 0.99982
43 107 0.999863
43 108 0.999905
43 109 0.999946
43 110 0.999987
43 111 1.00003
43 112 1.00007
43 113 1.0001
43 114 1.00014
43 115 1.00017
43 116 1.0002
43 117 1.00024
43 118 1.00027
43 119 1.00029
43 120 1.00032
43 121 1.00035
43 122 1.00037
43 123 1.0004
43 124 1.00042
43 125 1.00045
43 126 1.00048
43 127 1.00051

44 0 0
44 1 1.00097
44 2 1.00097
44 3 1.00098
44 4 1.00098
44 5 1.00098
44 6 1.00098
44 7 1.00098
44 8 1.00098
44 9 1.00098
44 10 1.00098
44 11 1.00098
44 12 1.00098
44 13 1.00098
44 14 1.00098
44 15 1.00098
44 16 1.00098
44 17 1.00098
44 18 1.00097
44 19 1.00097
44 20 1.00097
44 21 1.00096
44 22 1.00095
44 23 1.00095
44 24 1.00094
44 25 1.00093
44 26 1.00092
44 27 1.00091
44 28 1.00089
44 29 1.00088
44 30 1.00086
44 31 1.00084
44 32 1.00082
44 33 1.0008
44 34 1.00078
44 35 1.00075
44 36 1.00072
44 37 1.00069
44 38 1.00066
44 39 1.00062
44 40 1.00058
44 41 1.00054
44 42 1.0005
44 43 1.00046
44 44 1.00041
44 45 1.00036
44 46 1.00032
44 47 1.00026
44 48 1.00021
44 49 1.00016
44 50 1.00011
44 51 1.00005
44 52 0.999995
44 53 0.99994
44 54 0.999884
44 55 0.999829
44 56 0.999774
44 57 0.99972
44 58 0.999666
44 59 0.999614
44 60 0.999563
44 61 0.999513
44 62 0.999465
44 63 0.999419
44 64 0.999375
44 65 0.999333
44 66 0.999293
44 67 0.999256
44 68 0.999221
44 69 0.999188
44 70 0.999158
44 71 0.999131
44 72 0.999107
44 73 0.999085
44 74 0.999067
44 75 0.999051
44 76 0.999038
44 77 0.999028
44 78 0.999021
44 79 0.999017
44 80 0.999015
44 81 0.999017
44 82 0.999022
44 83 0.999029
44 84 0.999039
44 85 0.999052
44 86 0.999067
44 87 0.999085
44 88 0.999105
44 89 0.999128
44 90 0.999153
44 91 0.999181
44 92 0.99921
44 93 0.999242
44 94 0.999275
44 95 0.99931
44 96 0.999346
44 97 0.999384
44 98 0.999424
44 99 0.999464
44 100 0.999506
44 101 0.999548
44 102 0.99959
44 103 0.999634
44 104 0.999677
44 105 0.99972
44 106 0.999764
44 107 0.999807
44 108 0.999849
44 109 0.999891
44 110 0.999931
44 111 0.999971
44 112 1.00001
44 113 1.00005
44 114 1.00008
44 115 1.00012
44 116 1.00015
44 117 1.00018
44 118 1.00021
44 119 1.00024
44 120 1.00026
44 121 1.00029
44 122 1.00031
44 123 1.00034
44 124 1.00036
44 125 1.00039
44 126 1.00042
44 127 1.00045

45 0 0
45 1 1.00097
45 2 1.00097
45 3 1.00097
45 4 1.00097
45 5 1.00097
45 6 1.00097
45 7 1.00097
45 8 1.00098
45 9 1.00098
45 10 1.00098
45 11 1.00098
45 12 1.00098
45 13 1.00098
45 14 1.00097
45 15 1.00097
45 16 1.00097
45 17 1.00097
45 18 1.00097
45 19 1.00096
45 20 1.00096
45 21 1.00095
45 22 1.00094
45 23 1.00094
45 24 1.00093
45 25 1.00092
45 26 1.00091
45 27 1.0009
45 28 1.00088
45 29 1.00086
45 30 1.00085
45 31 1.00083
45 32 1.00081
45 33 1.00078
45 34 1.00076
45 35 1.00073
45 36 1.0007
45 37 1.00067
45 38 1.00063
45 39 1.00059
45 40 1.00055
45 41 1.00051
45 42 1.00047
45 43 1.00042
45 44 1.00038
45 45 1.00033
45 46 1.00027
45 47 1.00022
45 48 1.00017
45 49 1.00011
45 50 1.00006
45 51 0.999999
45 52 0.999942
45 53 0.999884
45 54 0.999827
45 55 0.99977
45 56 0.999713
45 57 0.999657
45 58 0.999602
45 59 0.999549
45 60 0.999496
45 61 0.999446
45 62 0.999397
45 63 0.999349
45 64 0.999304
45 65 0.999262
45 66 0.999221
45 67 0.999183
45 68 0.999148
45 69 0.999115
45 70 0.999085
45 71 0.999057
45 72 0.999033
45 73 0.999011
45 74 0.998993
45 75 0.998977
45 76 0.998964
45 77 0.998954
45 78 0.998947
45 79 0.998944
45 80 0.998943
45 81 0.998945
45 82 0.99895
45 83 0.998957
45 84 0.998968
45 85 0.998981
45 86 0.998997
45 87 0.999016
45 88 0.999037
45 89 0.99906
45 90 0.999086
45 91 0.999114
45 92 0.999144
45 93 0.999177
45 94 0.999211
45 95 0.999246
45 96 0.999284
45 97 0.999322
45 98 0.999362
45 99 0.999403
45 100 0.999445
45 101 0.999488
45 102 0.999531
45 103 0.999575
45 104 0.999618
45 105 0.999662
45 106 0.999706
45 107 0.999749
45 108 0.999791
45 109 0.999833
45 110 0.999874
45 111 0.999914
45 112 0.999952
45 113 0.999989
45 114 1.00002
45 115 1.00006
45 116 1.00009
45 117 1.00012
45 118 1.00015
45 119 1.00018
45 120 1.0002
45 121 1.00023
45 122 1.00026
45 123 1.00028
45 124 1.00031
45 125 1.00033
45 126 1.00036
45 127 1.00038

46 0 0
46 1 1.00096
46 2 1.00096
46 3 1.00096
46 4 1.00096
46 5 1.00097
46 6 1.00097
46 7 1.00097
46 8 1.00097
46 9 1.00097
46 10 1.00097
46 11 1.00097
46 12 1.00097
46 13 1.00097
46 14 1.00097
46 15 1.00097
46 16 1.00096
46 17 1.00096
46 18 1.00096
46 19 1.00095
46 20 1.00095
46 21 1.00094
46 22 1.00094
46 23 1.00093
46 24 1.00092
46 25 1.00091
46 26 1.0009
46 27 1.00088
46 28 1.00087
46 29 1.00085
46 30 1.00083
46 31 1.00081
46 32 1.00079
46 33 1.00077
46 34 1.00074
46 35 1.00071
46 36 1.00068
46 37 1.00064
46 38 1.00061
46 39 1.00057
46 40 1.00053
46 41 1.00048
46 42 1.00044
46 43 1.00039
46 44 1.00034
46 45 1.00029
46 46 1.00023
46 47 1.00018
46 48 1.00012
46 49 1.00006
46 50 1.00001
46 51 0.999947
46 52 0.999888
46 53 0.999829
46 54 0.999769
46 55 0.99971
46 56 0.999652
46 57 0.999595
46 58 0.999538
46 59 0.999483
46 60 0.999429
46 61 0.999377
46 62 0.999327
46 63 0.999279
46 64 0.999233
46 65 0.99919
46 66 0.999149
46 67 0.99911
46 68 0.999074
46 69 0.999041
46 70 0.999011
46 71 0.998983
46 72 0.998959
46 73 0.998937
46 74 0.998918
46 75 0.998903
46 76 0.99889
46 77 0.99888
46 78 0.998874
46 79 0.99887
46 80 0.99887
46 81 0.998872
46 82 0.998878
46 83 0.998886
46 84 0.998897
46 85 0.998911
46 86 0.998927
46 87 0.998946
46 88 0.998968
46 89 0.998992
46 90 0.999019
46 91 0.999047
46 92 0.999078
46 93 0.999111
46 94 0.999146
46 95 0.999182
46 96 0.99922
46 97 0.999259
46 98 0.9993
46 99 0.999341
46 100 0.999384
46 101 0.999427
46 102 0.99947
46 103 0.999514
46 104 0.999558
46 105 0.999603
46 106 0.999646
46 107 0.99969
46 108 0.999732
46 109 0.999774
46 110 0.999815
46 111 0.999855
46 112 0.999893
46 113 0.99993
46 114 0.999965
46 115 0.999999
46 116 1.00003
46 117 1.00006
46 118 1.00009
46 119 1.00012
46 120 1.00014
46 121 1.00017
46 122 1.00019
46 123 1.00022
46 124 1.00024
46 125 1.00027
46 126 1.00029
46 127 1.00032

47 0 0
47 1 1.00095
47 2 1.00096
47 3 1.00096
47 4 1.00096
47 5 1.00096
47 6 1.00096
47 7 1.00096
47 8 1.00096
47 9 1.00096
47 10 1.00096
47 11 1.00096
47 12 1.00096
47 13 1.00096
47 14 1.00096
47 15 1.00096
47 16 1.00096
47 17 1.00095
47 18 1.00095
47 19 1.00094
47 20 1.00094
47 21 1.00093
47 22 1.00093
47 23 1.00092
47 24 1.00091
47 25 1.0009
47 26 1.00089
47 27 1.00087
47 28 1.00086
47 29 1.00084
47 30 1.00082
47 31 1.0008
47 32 1.00077
47 33 1.00075
47 34 1.00072
47 35 1.00069
47 36 1.00065
47 37 1.00062
47 38 1.00058
47 39 1.00054
47 40 1.0005
47 41 1.00045
47 42 1.0004
47 43 1.00035
47 44 1.0003
47 45 1.00025
47 46 1.00019
47 47 1.00013
47 48 1.00008
47 49 1.00002
47 50 0.999956
47 51 0.999895
47 52 0.999834
47 53 0.999772
47 54 0.999711
47 55 0.99965
47 56 0.99959
47 57 0.999531
47 58 0.999473
47 59 0.999417
47 60 0.999362
47 61 0.999309
47 62 0.999258
47 63 0.999209
47 64 0.999162
47 65 0.999118
47 66 0.999076
47 67 0.999037
47 68 0.999001
47 69 0.998968
47 70 0.998937
47 71 0.998909
47 72 0.998885
47 73 0.998863
47 74 0.998844
47 75 0.998829
47 76 0.998816
47 77 0.998807
47 78 0.9988
47 79 0.998797
47 80 0.998797
47 81 0.9988
47 82 0.998805
47 83 0.998814
47 84 0.998826
47 85 0.99884
47 86 0.998857
47 87 0.998877
47 88 0.998899
47 89 0.998924
47 90 0.998951
47 91 0.99898
47 92 0.999011
47 93 0.999045
47 94 0.99908
47 95 0.999117
47 96 0.999155
47 97 0.999195
47 98 0.999236
47 99 0.999278
47 100 0.999321
47 101 0.999365
47 102 0.999409
47 103 0.999453
47 104 0.999497
47 105 0.999542
47 106 0.999586
47 107 0.999629
47 108 0.999672
47 109 0.999714
47 110 0.999754
47 111 0.999794
47 112 0.999832
47 113 0.999869
47 114 0.999904
47 115 0.999938
47 116 0.999969
47 117 1
47 118 1.00003
47 119 1.00006
47 120 1.00008
47 121 1.00011
47 122 1.00013
47 123 1.00016
47 124 1.00018
47 125 1.00021
47 126 1.00023
47 127 1.00026

48 0 0
48 1 1.00095
48 2 1.00095
48 3 1.00095
48 4 1.00095
48 5 1.00095
48 6 1.00095
48 7 1.00095
48 8 1.00096
48 9 1.00096
48 10 1.00096
48 11 1.00096
48 12 1.00096
48 13 1.00095
48 14 1.00095
48 15 1.00095
48 16 1.00095
48 17 1.00095
48 18 1.00094
48 19 1.00094
48 20 1.00093
48 21 1.00092
48 22 1.00092
48 23 1.00091
48 24 1.0009
48 25 1.00089
48 26 1.00087
48 27 1.00086
48 28 1.00084
48 29 1.00082
48 30 1.0008
48 31 1.00078
48 32 1.00076
48 33 1.00073
48 34 1.0007
48 35 1.00067
48 36 1.00063
48 37 1.0006
48 38 1.00056
48 39 1.00051
48 40 1.00047
48 41 1.00042
48 42 1.00037
48 43 1.00032
48 44 1.00026
48 45 1.00021
48 46 1.00015
48 47 1.00009
48 48 1.00003
48 49 0.999968
48 50 0.999905
48 51 0.999842
48 52 0.999779
48 53 0.999715
48 54 0.999652
48 55 0.99959
48 56 0.999528
48 57 0.999468
48 58 0.999409
48 59 0.999351
48 60 0.999295
48 61 0.999241
48 62 0.999189
48 63 0.999139
48 64 0.999092
48 65 0.999047
48 66 0.999004
48 67 0.998965
48 68 0.998928
48 69 0.998894
48 70 0.998864
48 71 0.998836
48 72 0.998811
48 73 0.998789
48 74 0.998771
48 75 0.998755
48 76 0.998743
48 77 0.998734
48 78 0.998727
48 79 0.998724
48 80 0.998724
48 81 0.998728
48 82 0.998734
48 83 0.998743
48 84 0.998755
48 85 0.998769
48 86 0.998787
48 87 0.998807
48 88 0.99883
48 89 0.998855
48 90 0.998882
48 91 0.998912
48 92 0.998944
48 93 0.998978
48 94 0.999014
48 95 0.999051
48 96 0.99909
48 97 0.99913
48 98 0.999172
48 99 0.999214
48 100 0.999258
48 101 0.999302
48 102 0.999346
48 103 0.99939
48 104 0.999435
48 105 0.99948
48 106 0.999524
48 107 0.999567
48 108 0.99961
48 109 0.999652
48 110 0.999693
48 111 0.999732
48 112 0.99977
48 113 0.999807
48 114 0.999842
48 115 0.999875
48 116 0.999907
48 117 0.999937
48 118 0.999966
48 119 0.999993
48 120 1.00002
48 121 1.00004
48 122 1.00007
48 123 1.00009
48 124 1.00012
48 125 1.00014
48 126 1.00017
48 127 1.00019

49 0 0
49 1 1.00094
49 2 1.00094
49 3 1.00094
49 4 1.00095
49 5 1.00095
49 6 1.00095
49 7 1.00095
49 8 1.00095
49 9 1.00095
49 10 1.00095
49 11 1.00095
49 12 1.00095
49 13 1.00095
49 14 1.00095
49 15 1.00094
49 16 1.00094
49 17 1.00094
49 18 1.00093
49 19 1.00093
49 20 1.00092
49 21 1.00092
49 22 1.00091
49 23 1.0009
49 24 1.00089
49 25 1.00088
49 26 1.00086
49 27 1.00085
49 28 1.00083
49 29 1.00081
49 30 1.00079
49 31 1.00077
49 32 1.00074
49 33 1.00071
49 34 1.00068
49 35 1.00065
49 36 1.00061
49 37 1.00057
49 38 1.00053
49 39 1.00049
49 40 1.00044
49 41 1.00039
49 42 1.00034
49 43 1.00028
49 44 1.00023
49 45 1.00017
49 46 1.00011
49 47 1.00005
49 48 0.999983
49 49 0.999919
49 50 0.999854
49 51 0.999789
49 52 0.999724
49 53 0.999659
49 54 0.999594
49 55 0.99953
49 56 0.999467
49 57 0.999405
49 58 0.999344
49 59 0.999285
49 60 0.999228
49 61 0.999173
49 62 0.99912
49 63 0.999069
49 64 0.999021
49 65 0.998976
49 66 0.998933
49 67 0.998893
49 68 0.998856
49 69 0.998822
49 70 0.998791
49 71 0.998763
49 72 0.998738
49 73 0.998716
49 74 0.998698
49 75 0.998682
49 76 0.99867
49 77 0.998661
49 78 0.998655
49 79 0.998652
49 80 0.998653
49 81 0.998656
49 82 0.998662
49 83 0.998672
49 84 0.998684
49 85 0.998699
49 86 0.998717
49 87 0.998738
49 88 0.998761
49 89 0.998786
49 90 0.998814
49 91 0.998845
49 92 0.998877
49 93 0.998911
49 94 0.998948
49 95 0.998985
49 96 0.999025
49 97 0.999065
49 98 0.999107
49 99 0.99915
49 100 0.999194
49 101 0.999238
49 102 0.999283
49 103 0.999327
49 104 0.999372
49 105 0.999417
49 106 0.999461
49 107 0.999505
49 108 0.999548
49 109 0.999589
49 110 0.99963
49 111 0.999669
49 112 0.999707
49 113 0.999744
49 114 0.999779
49 115 0.999812
49 116 0.999843
49 117 0.999873
49 118 0.999902
49 119 0.999929
49 120 0.999955
49 121 0.99998
49 122 1
49 123 1.00003
49 124 1.00005
49 125 1.00008
49 126 1.0001
49 127 1.00012

50 0 0
50 1 1.00094
50 2 1.00094
50 3 1.00094
50 4 1.00094
50 5 1.00094
50 6 1.00094
50 7 1.00094
50 8 1.00094
50 9 1.00094
50 10 1.00094
50 11 1.00094
50 12 1.00094
50 13 1.00094
50 14 1.00094
50 15 1.00094
50 16 1.00093
50 17 1.00093
50 18 1.00093
50 19 1.00092
50 20 1.00091
50 21 1.00091
50 22 1.0009
50 23 1.00089
50 24 1.00088
50 25 1.00087
50 26 1.00085
50 27 1.00084
50 28 1.00082
50 29 1.0008
50 30 1.00078
50 31 1.00075
50 32 1.00072
50 33 1.00069
50 34 1.00066
50 35 1.00063
50 36 1.00059
50 37 1.00055
50 38 1.0005
50 39 1.00046
50 40 1.00041
50 41 1.00036
50 42 1.0003
50 43 1.00025
50 44 1.00019
50 45 1.00013
50 46 1.00006
50 47 1
50 48 0.999936
50 49 0.99987
50 50 0.999803
50 51 0.999736
50 52 0.999669
50 53 0.999602
50 54 0.999535
50 55 0.99947
50 56 0.999405
50 57 0.999342
50 58 0.99928
50 59 0.99922
50 60 0.999161
50 61 0.999105
50 62 0.999052
50 63 0.999
50 64 0.998952
50 65 0.998906
50 66 0.998862
50 67 0.998822
50 68 0.998785
50 69 0.99875
50 70 0.998719
50 71 0.998691
50 72 0.998666
50 73 0.998644
50 74 0.998626
50 75 0.998611
50 76 0.998598
50 77 0.99859
50 78 0.998584
50 79 0.998581
50 80 0.998582
50 81 0.998585
50 82 0.998592
50 83 0.998602
50 84 0.998614
50 85 0.99863
50 86 0.998648
50 87 0.998669
50 88 0.998692
50 89 0.998718
50 90 0.998747
50 91 0.998777
50 92 0.99881
50 93 0.998845
50 94 0.998881
50 95 0.99892
50 96 0.998959
50 97 0.999
50 98 0.999043
50 99 0.999086
50 100 0.99913
50 101 0.999174
50 102 0.999219
50 103 0.999264
50 104 0.999309
50 105 0.999354
50 106 0.999398
50 107 0.999442
50 108 0.999484
50 109 0.999526
50 110 0.999567
50 111 0.999606
50 112 0.999644
50 113 0.99968
50 114 0.999715
50 115 0.999748
50 116 0.999779
50 117 0.999809
50 118 0.999837
50 119 0.999864
50 120 0.99989
50 121 0.999915
50 122 0.999939
50 123 0.999963
50 124 0.999986
50 125 1.00001
50 126 1.00003
50 127 1.00006

51 0 0
51 1 1.00093
51 2 1.00093
51 3 1.00093
51 4 1.00093
51 5 1.00093
51 6 1.00094
51 7 1.00094
51 8 1.00094
51 9 1.00094
51 10 1.00094
51 11 1.00094
51 12 1.00093
51 13 1.00093
51 14 1.00093
51 15 1.00093
51 16 1.00093
51 17 1.00092
51 18 1.00092
51 19 1.00091
51 20 1.00091
51 21 1.0009
51 22 1.00089
51 23 1.00088
51 24 1.00087
51 25 1.00086
51 26 1.00084
51 27 1.00082
51 28 1.00081
51 29 1.00078
51 30 1.00076
51 31 1.00074
51 32 1.00071
51 33 1.00068
51 34 1.00064
51 35 1.00061
51 36 1.00057
51 37 1.00052
51 38 1.00048
51 39 1.00043
51 40 1.00038
51 41 1.00033
51 42 1.00027
51 43 1.00021
51 44 1.00015
51 45 1.00009
51 46 1.00002
51 47 0.999956
51 48 0.999889
51 49 0.999821
51 50 0.999752
51 51 0.999683
51 52 0.999614
51 53 0.999546
51 54 0.999477
51 55 0.99941
51 56 0.999344
51 57 0.999279
51 58 0.999216
51 59 0.999155
51 60 0.999096
51 61 0.999039
51 62 0.998984
51 63 0.998932
51 64 0.998883
51 65 0.998836
51 66 0.998793
51 67 0.998752
51 68 0.998714
51 69 0.99868
51 70 0.998649
51 71 0.99862
51 72 0.998595
51 73 0.998574
51 74 0.998555
51 75 0.99854
51 76 0.998528
51 77 0.998519
51 78 0.998514
51 79 0.998511
51 80 0.998512
51 81 0.998516
51 82 0.998523
51 83 0.998533
51 84 0.998546
51 85 0.998561
51 86 0.99858
51 87 0.998601
51 88 0.998625
51 89 0.998651
51 90 0.99868
51 91 0.998711
51 92 0.998744
51 93 0.998779
51 94 0.998816
51 95 0.998854
51 96 0.998894
51 97 0.998936
51 98 0.998978
51 99 0.999021
51 100 0.999066
51 101 0.99911
51 102 0.999155
51 103 0.9992
51 104 0.999245
51 105 0.99929
51 106 0.999335
51 107 0.999378
51 108 0.999421
51 109 0.999463
51 110 0.999503
51 111 0.999542
51 112 0.99958
51 113 0.999616
51 114 0.99965
51 115 0.999683
51 116 0.999714
51 117 0.999744
51 118 0.999772
51 119 0.999799
51 120 0.999824
51 121 0.999849
51 122 0.999873
51 123 0.999897
51 124 0.99992
51 125 0.999943
51 126 0.999965
51 127 0.999988

52 0 0
52 1 1.00092
52 2 1.00093
52 3 1.00093
52 4 1.00093
52 5 1.00093
52 6 1.00093
52 7 1.00093
52 8 1.00093
52 9 1.00093
52 10 1.00093
52 11 1.00093
52 12 1.00093
52 13 1.00093
52 14 1.00092
52 15 1.00092
52 16 1.00092
52 17 1.00091
52 18 1.00091
52 19 1.0009
52 20 1.0009
52 21 1.00089
52 22 1.00088
52 23 1.00087
52 24 1.00086
52 25 1.00085
52 26 1.00083
52 27 1.00081
52 28 1.00079
52 29 1.00077
52 30 1.00075
52 31 1.00072
52 32 1.00069
52 33 1.00066
52 34 1.00062
52 35 1.00058
52 36 1.00054
52 37 1.0005
52 38 1.00045
52 39 1.0004
52 40 1.00035
52 41 1.00029
52 42 1.00024
52 43 1.00017
52 44 1.00011
52 45 1.00005
52 46 0.99998
52 47 0.999912
52 48 0.999843
52 49 0.999773
52 50 0.999702
52 51 0.999631
52 52 0.99956
52 53 0.99949
52 54 0.99942
52 55 0.999351
52 56 0.999284
52 57 0.999218
52 58 0.999153
52 59 0.999091
52 60 0.999031
52 61 0.998973
52 62 0.998918
52 63 0.998865
52 64 0.998815
52 65 0.998769
52 66 0.998725
52 67 0.998684
52 68 0.998646
52 69 0.998611
52 70 0.99858
52 71 0.998551
52 72 0.998526
52 73 0.998505
52 74 0.998486
52 75 0.998471
52 76 0.998459
52 77 0.99845
52 78 0.998445
52 79 0.998443
52 80 0.998444
52 81 0.998448
52 82 0.998455
52 83 0.998465
52 84 0.998478
52 85 0.998494
52 86 0.998513
52 87 0.998534
52 88 0.998558
52 89 0.998585
52 90 0.998614
52 91 0.998645
52 92 0.998678
52 93 0.998714
52 94 0.998751
52 95 0.99879
52 96 0.99883
52 97 0.998871
52 98 0.998914
52 99 0.998958
52 100 0.999002
52 101 0.999047
52 102 0.999092
52 103 0.999137
52 104 0.999182
52 105 0.999227
52 106 0.999271
52 107 0.999315
52 108 0.999357
52 109 0.999399
52 110 0.999439
52 111 0.999478
52 112 0.999515
52 113 0.999551
52 114 0.999586
52 115 0.999618
52 116 0.999649
52 117 0.999679
52 118 0.999707
52 119 0.999733
52 120 0.999759
52 121 0.999783
52 122 0.999807
52 123 0.999831
52 124 0.999853
52 125 0.999876
52 126 0.999898
52 127 0.999919

53 0 0
53 1 1.00092
53 2 1.00092
53 3 1.00092
53 4 1.00092
53 5 1.00092
53 6 1.00092
53 7 1.00092
53 8 1.00092
53 9 1.00092
53 10 1.00092
53 11 1.00092
53 12 1.00092
53 13 1.00092
53 14 1.00092
53 15 1.00091
53 16 1.00091
53 17 1.00091
53 18 1.0009
53 19 1.0009
53 20 1.00089
53 21 1.00088
53 22 1.00087
53 23 1.00086
53 24 1.00085
53 25 1.00083
53 26 1.00082
53 27 1.0008
53 28 1.00078
53 29 1.00076
53 30 1.00073
53 31 1.0007
53 32 1.00067
53 33 1.00064
53 34 1.0006
53 35 1.00056
53 36 1.00052
53 37 1.00048
53 38 1.00043
53 39 1.00038
53 40 1.00032
53 41 1.00026
53 42 1.0002
53 43 1.00014
53 44 1.00007
53 45 1.00001
53 46 0.999938
53 47 0.999868
53 48 0.999797
53 49 0.999725
53 50 0.999652
53 51 0.999579
53 52 0.999507
53 53 0.999434
53 54 0.999363
53 55 0.999293
53 56 0.999224
53 57 0.999157
53 58 0.999092
53 59 0.999028
53 60 0.998967
53 61 0.998909
53 62 0.998853
53 63 0.9988
53 64 0.99875
53 65 0.998702
53 66 0.998658
53 67 0.998617
53 68 0.998579
53 69 0.998544
53 70 0.998512
53 71 0.998484
53 72 0.998459
53 73 0.998437
53 74 0.998419
53 75 0.998404
53 76 0.998392
53 77 0.998383
53 78 0.998378
53 79 0.998376
53 80 0.998377
53 81 0.998381
53 82 0.998388
53 83 0.998399
53 84 0.998412
53 85 0.998428
53 86 0.998447
53 87 0.998469
53 88 0.998493
53 89 0.99852
53 90 0.998549
53 91 0.99858
53 92 0.998614
53 93 0.998649
53 94 0.998687
53 95 0.998726
53 96 0.998766
53 97 0.998808
53 98 0.99885
53 99 0.998894
53 100 0.998939
53 101 0.998983
53 102 0.999029
53 103 0.999074
53 104 0.999119
53 105 0.999164
53 106 0.999208
53 107 0.999251
53 108 0.999294
53 109 0.999335
53 110 0.999375
53 111 0.999414
53 112 0.999451
53 113 0.999487
53 114 0.999521
53 115 0.999553
53 116 0.999584
53 117 0.999613
53 118 0.999641
53 119 0.999668
53 120 0.999693
53 121 0.999718
53 122 0.999741
53 123 0.999764
53 124 0.999787
53 125 0.999809
53 126 0.99983
53 127 0.999851

54 0 0
54 1 1.00091
54 2 1.00091
54 3 1.00091
54 4 1.00092
54 5 1.00092
54 6 1.00092
54 7 1.00092
54 8 1.00092
54 9 1.00092
54 10 1.00092
54 11 1.00092
54 12 1.00091
54 13 1.00091
54 14 1.00091
54 15 1.00091
54 16 1.0009
54 17 1.0009
54 18 1.00089
54 19 1.00089
54 20 1.00088
54 21 1.00087
54 22 1.00086
54 23 1.00085
54 24 1.00084
54 25 1.00082
54 26 1.00081
54 27 1.00079
54 28 1.00077
54 29 1.00075
54 30 1.00072
54 31 1.00069
54 32 1.00066
54 33 1.00062
54 34 1.00059
54 35 1.00054
54 36 1.0005
54 37 1.00045
54 38 1.0004
54 39 1.00035
54 40 1.00029
54 41 1.00023
54 42 1.00017
54 43 1.0001
54 44 1.00004
54 45 0.999968
54 46 0.999897
54 47 0.999825
54 48 0.999752
54 49 0.999677
54 50 0.999603
54 51 0.999528
54 52 0.999454
54 53 0.99938
54 54 0.999308
54 55 0.999236
54 56 0.999166
54 57 0.999098
54 58 0.999031
54 59 0.998967
54 60 0.998905
54 61 0.998846
54 62 0.99879
54 63 0.998736
54 64 0.998685
54 65 0.998638
54 66 0.998593
54 67 0.998552
54 68 0.998513
54 69 0.998478
54 70 0.998447
54 71 0.998418
54 72 0.998393
54 73 0.998372
54 74 0.998353
54 75 0.998338
54 76 0.998327
54 77 0.998318
54 78 0.998313
54 79 0.998311
54 80 0.998312
54 81 0.998316
54 82 0.998324
54 83 0.998334
54 84 0.998348
54 85 0.998364
54 86 0.998383
54 87 0.998405
54 88 0.998429
54 89 0.998456
54 90 0.998485
54 91 0.998517
54 92 0.998551
54 93 0.998586
54 94 0.998624
54 95 0.998663
54 96 0.998703
54 97 0.998745
54 98 0.998788
54 99 0.998832
54 100 0.998876
54 101 0.998921
54 102 0.998966
54 103 0.999011
54 104 0.999056
54 105 0.999101
54 106 0.999145
54 107 0.999188
54 108 0.999231
54 109 0.999272
54 110 0.999312
54 111 0.99935
54 112 0.999387
54 113 0.999423
54 114 0.999456
54 115 0.999489
54 116 0.999519
54 117 0.999548
54 118 0.999576
54 119 0.999602
54 120 0.999628
54 121 0.999652
54 122 0.999676
54 123 0.999698
54 124 0.999721
54 125 0.999742
54 126 0.999763
54 127 0.999783

55 0 0
55 1 1.00091
55 2 1.00091
55 3 1.00091
55 4 1.00091
55 5 1.00091
55 6 1.00091
55 7 1.00091
55 8 1.00091
55 9 1.00091
55 10 1.00091
55 11 1.00091
55 12 1.00091
55 13 1.00091
55 14 1.0009
55 15 1.0009
55 16 1.0009
55 17 1.00089
55 18 1.00089
55 19 1.00088
55 20 1.00087
55 21 1.00087
55 22 1.00086
55 23 1.00084
55 24 1.00083
55 25 1.00082
55 26 1.0008
55 27 1.00078
55 28 1.00076
55 29 1.00073
55 30 1.00071
55 31 1.00068
55 32 1.00064
55 33 1.00061
55 34 1.00057
55 35 1.00052
55 36 1.00048
55 37 1.00043
55 38 1.00038
55 39 1.00032
55 40 1.00026
55 41 1.0002
55 42 1.00014
55 43 1.00007
55 44 1
55 45 0.99993
55 46 0.999857
55 47 0.999782
55 48 0.999707
55 49 0.999631
55 50 0.999555
55 51 0.999478
55 52 0.999402
55 53 0.999327
55 54 0.999253
55 55 0.99918
55 56 0.999109
55 57 0.99904
55 58 0.998972
55 59 0.998907
55 60 0.998845
55 61 0.998785
55 62 0.998728
55 63 0.998674
55 64 0.998623
55 65 0.998575
55 66 0.99853
55 67 0.998489
55 68 0.99845
55 69 0.998415
55 70 0.998383
55 71 0.998355
55 72 0.99833
55 73 0.998308
55 74 0.99829
55 75 0.998275
55 76 0.998263
55 77 0.998255
55 78 0.99825
55 79 0.998248
55 80 0.998249
55 81 0.998254
55 82 0.998261
55 83 0.998272
55 84 0.998285
55 85 0.998302
55 86 0.998321
55 87 0.998343
55 88 0.998367
55 89 0.998394
55 90 0.998424
55 91 0.998455
55 92 0.998489
55 93 0.998525
55 94 0.998562
55 95 0.998601
55 96 0.998642
55 97 0.998684
55 98 0.998727
55 99 0.99877
55 100 0.998815
55 101 0.998859
55 102 0.998905
55 103 0.99895
55 104 0.998995
55 105 0.999039
55 106 0.999083
55 107 0.999126
55 108 0.999168
55 109 0.999209
55 110 0.999249
55 111 0.999287
55 112 0.999324
55 113 0.999359
55 114 0.999393
55 115 0.999424
55 116 0.999455
55 117 0.999484
55 118 0.999511
55 119 0.999538
55 120 0.999563
55 121 0.999587
55 122 0.99961
55 123 0.999633
55 124 0.999655
55 125 0.999676
55 126 0.999696
55 127 0.999715

56 0 0
56 1 1.0009
56 2 1.0009
56 3 1.0009
56 4 1.0009
56 5 1.0009
56 6 1.0009
56 7 1.0009
56 8 1.0009
56 9 1.0009
56 10 1.0009
56 11 1.0009
56 12 1.0009
56 13 1.0009
56 14 1.0009
56 15 1.00089
56 16 1.00089
56 17 1.00089
56 18 1.00088
56 19 1.00087
56 20 1.00087
56 21 1.00086
56 22 1.00085
56 23 1.00083
56 24 1.00082
56 25 1.00081
56 26 1.00079
56 27 1.00077
56 28 1.00075
56 29 1.00072
56 30 1.00069
56 31 1.00066
56 32 1.00063
56 33 1.00059
56 34 1.00055
56 35 1.00051
56 36 1.00046
56 37 1.00041
56 38 1.00035
56 39 1.0003
56 40 1.00024
56 41 1.00017
56 42 1.00011
56 43 1.00004
56 44 0.999965
56 45 0.999892
56 46 0.999817
56 47 0.999741
56 48 0.999664
56 49 0.999586
56 50 0.999508
56 51 0.99943
56 52 0.999352
56 53 0.999276
56 54 0.9992
56 55 0.999126
56 56 0.999054
56 57 0.998983
56 58 0.998915
56 59 0.99885
56 60 0.998786
56 61 0.998726
56 62 0.998669
56 63 0.998614
56 64 0.998563
56 65 0.998514
56 66 0.998469
56 67 0.998428
56 68 0.998389
56 69 0.998354
56 70 0.998322
56 71 0.998294
56 72 0.998269
56 73 0.998247
56 74 0.998229
56 75 0.998214
56 76 0.998203
56 77 0.998194
56 78 0.998189
56 79 0.998187
56 80 0.998189
56 81 0.998193
56 82 0.998201
56 83 0.998211
56 84 0.998225
56 85 0.998241
56 86 0.99826
56 87 0.998282
56 88 0.998307
56 89 0.998334
56 90 0.998364
56 91 0.998395
56 92 0.998429
56 93 0.998465
56 94 0.998502
56 95 0.998541
56 96 0.998582
56 97 0.998624
56 98 0.998666
56 99 0.99871
56 100 0.998754
56 101 0.998799
56 102 0.998844
56 103 0.998889
56 104 0.998934
56 105 0.998978
56 106 0.999022
56 107 0.999065
56 108 0.999107
56 109 0.999147
56 110 0.999187
56 111 0.999225
56 112 0.999261
56 113 0.999296
56 114 0.999329
56 115 0.999361
56 116 0.999391
56 117 0.99942
56 118 0.999447
56 119 0.999473
56 120 0.999499
56 121 0.999523
56 122 0.999546
56 123 0.999568
56 124 0.99959
56 125 0.99961
56 126 0.99963
56 127 0.999648

57 0 0
57 1 1.0009
57 2 1.0009
57 3 1.0009
57 4 1.0009
57 5 1.0009
57 6 1.0009
57 7 1.0009
57 8 1.0009
57 9 1.0009
57 10 1.0009
57 11 1.0009
57 12 1.00089
57 13 1.00089
57 14 1.00089
57 15 1.00089
57 16 1.00088
57 17 1.00088
57 18 1.00087
57 19 1.00087
57 20 1.00086
57 21 1.00085
57 22 1.00084
57 23 1.00083
57 24 1.00081
57 25 1.0008
57 26 1.00078
57 27 1.00076
57 28 1.00073
57 29 1.00071
57 30 1.00068
57 31 1.00065
57 32 1.00061
57 33 1.00057
57 34 1.00053
57 35 1.00049
57 36 1.00044
57 37 1.00039
57 38 1.00033
57 39 1.00027
57 40 1.00021
57 41 1.00014
57 42 1.00007
57 43 1
57 44 0.99993
57 45 0.999855
57 46 0.999778
57 47 0.9997
57 48 0.999621
57 49 0.999542
57 50 0.999462
57 51 0.999382
57 52 0.999303
57 53 0.999225
57 54 0.999149
57 55 0.999074
57 56 0.999
57 57 0.998929
57 58 0.99886
57 59 0.998794
57 60 0.99873
57 61 0.998669
57 62 0.998611
57 63 0.998556
57 64 0.998505
57 65 0.998456
57 66 0.998411
57 67 0.998369
57 68 0.998331
57 69 0.998296
57 70 0.998264
57 71 0.998236
57 72 0.998211
57 73 0.998189
57 74 0.998171
57 75 0.998156
57 76 0.998144
57 77 0.998136
57 78 0.998131
57 79 0.998129
57 80 0.99813
57 81 0.998135
57 82 0.998142
57 83 0.998153
57 84 0.998167
57 85 0.998183
57 86 0.998202
57 87 0.998224
57 88 0.998249
57 89 0.998276
57 90 0.998305
57 91 0.998337
57 92 0.998371
57 93 0.998407
57 94 0.998444
57 95 0.998483
57 96 0.998524
57 97 0.998565
57 98 0.998608
57 99 0.998652
57 100 0.998696
57 101 0.99874
57 102 0.998785
57 103 0.99883
57 104 0.998875
57 105 0.998919
57 106 0.998962
57 107 0.999005
57 108 0.999046
57 109 0.999087
57 110 0.999126
57 111 0.999164
57 112 0.9992
57 113 0.999234
57 114 0.999267
57 115 0.999299
57 116 0.999329
57 117 0.999357
57 118 0.999384
57 119 0.99941
57 120 0.999435
57 121 0.999459
57 122 0.999482
57 123 0.999504
57 124 0.999526
57 125 0.999546
57 126 0.999565
57 127 0.999582

58 0 0
58 1 1.00089
58 2 1.00089
58 3 1.00089
58 4 1.00089
58 5 1.00089
58 6 1.00089
58 7 1.00089
58 8 1.00089
58 9 1.00089
58 10 1.00089
58 11 1.00089
58 12 1.00089
58 13 1.00089
58 14 1.00088
58 15 1.00088
58 16 1.00088
58 17 1.00087
58 18 1.00087
58 19 1.00086
58 20 1.00085
58 21 1.00084
58 22 1.00083
58 23 1.00082
58 24 1.0008
58 25 1.00079
58 26 1.00077
58 27 1.00075
58 28 1.00072
58 29 1.0007
58 30 1.00067
58 31 1.00063
58 32 1.0006
58 33 1.00056
58 34 1.00052
58 35 1.00047
58 36 1.00042
58 37 1.00036
58 38 1.00031
58 39 1.00025
58 40 1.00018
58 41 1.00011
58 42 1.00004
58 43 0.999972
58 44 0.999897
58 45 0.99982
58 46 0.999741
58 47 0.999661
58 48 0.99958
58 49 0.999499
58 50 0.999418
58 51 0.999337
58 52 0.999256
58 53 0.999177
58 54 0.999099
58 55 0.999023
58 56 0.998949
58 57 0.998877
58 58 0.998807
58 59 0.99874
58 60 0.998676
58 61 0.998614
58 62 0.998556
58 63 0.998501
58 64 0.998449
58 65 0.998401
58 66 0.998355
58 67 0.998313
58 68 0.998275
58 69 0.99824
58 70 0.998208
58 71 0.99818
58 72 0.998155
58 73 0.998133
58 74 0.998115
58 75 0.9981
58 76 0.998088
58 77 0.99808
58 78 0.998075
58 79 0.998073
58 80 0.998075
58 81 0.998079
58 82 0.998087
58 83 0.998097
58 84 0.998111
58 85 0.998128
58 86 0.998147
58 87 0.998169
58 88 0.998193
58 89 0.99822
58 90 0.99825
58 91 0.998281
58 92 0.998315
58 93 0.998351
58 94 0.998388
58 95 0.998427
58 96 0.998467
58 97 0.998509
58 98 0.998551
58 99 0.998595
58 100 0.998639
58 101 0.998683
58 102 0.998728
58 103 0.998772
58 104 0.998817
58 105 0.998861
58 106 0.998904
58 107 0.998946
58 108 0.998987
58 109 0.999028
58 110 0.999066
58 111 0.999104
58 112 0.999139
58 113 0.999174
58 114 0.999206
58 115 0.999237
58 116 0.999267
58 117 0.999295
58 118 0.999322
58 119 0.999348
58 120 0.999373
58 121 0.999397
58 122 0.99942
58 123 0.999442
58 124 0.999463
58 125 0.999482
58 126 0.999501
58 127 0.999518

59 0 0
59 1 1.00089
59 2 1.00089
59 3 1.00089
59 4 1.00089
59 5 1.00089
59 6 1.00089
59 7 1.00089
59 8 1.00089
59 9 1.00089
59 10 1.00089
59 11 1.00088
59 12 1.00088
59 13 1.00088
59 14 1.00088
59 15 1.00087
59 16 1.00087
59 17 1.00086
59 18 1.00086
59 19 1.00085
59 20 1.00084
59 21 1.00083
59 22 1.00082
59 23 1.00081
59 24 1.0008
59 25 1.00078
59 26 1.00076
59 27 1.00074
59 28 1.00071
59 29 1.00069
59 30 1.00066
59 31 1.00062
59 32 1.00058
59 33 1.00054
59 34 1.0005
59 35 1.00045
59 36 1.0004
59 37 1.00034
59 38 1.00029
59 39 1.00022
59 40 1.00016
59 41 1.00009
59 42 1.00002
59 43 0.999941
59 44 0.999864
59 45 0.999785
59 46 0.999705
59 47 0.999623
59 48 0.999541
59 49 0.999458
59 50 0.999375
59 51 0.999293
59 52 0.999211
59 53 0.999131
59 54 0.999052
59 55 0.998974
59 56 0.998899
59 57 0.998826
59 58 0.998756
59 59 0.998688
59 60 0.998624
59 61 0.998562
59 62 0.998504
59 63 0.998448
59 64 0.998396
59 65 0.998347
59 66 0.998302
59 67 0.99826
59 68 0.998222
59 69 0.998186
59 70 0.998155
59 71 0.998126
59 72 0.998101
59 73 0.99808
59 74 0.998062
59 75 0.998047
59 76 0.998035
59 77 0.998027
59 78 0.998022
59 79 0.99802
59 80 0.998022
59 81 0.998026
59 82 0.998034
59 83 0.998044
59 84 0.998058
59 85 0.998074
59 86 0.998094
59 87 0.998115
59 88 0.99814
59 89 0.998167
59 90 0.998196
59 91 0.998228
59 92 0.998261
59 93 0.998297
59 94 0.998334
59 95 0.998373
59 96 0.998413
59 97 0.998454
59 98 0.998497
59 99 0.99854
59 100 0.998584
59 101 0.998628
59 102 0.998672
59 103 0.998717
59 104 0.998761
59 105 0.998804
59 106 0.998847
59 107 0.998889
59 108 0.99893
59 109 0.99897
59 110 0.999008
59 111 0.999045
59 112 0.999081
59 113 0.999115
59 114 0.999147
59 115 0.999178
59 116 0.999207
59 117 0.999235
59 118 0.999262
59 119 0.999288
59 120 0.999312
59 121 0.999336
59 122 0.999359
59 123 0.99938
59 124 0.999401
59 125 0.99942
59 126 0.999438
59 127 0.999454

60 0 0
60 1 1.00088
60 2 1.00088
60 3 1.00088
60 4 1.00088
60 5 1.00088
60 6 1.00088
60 7 1.00088
60 8 1.00088
60 9 1.00088
60 10 1.00088
60 11 1.00088
60 12 1.00088
60 13 1.00087
60 14 1.00087
60 15 1.00087
60 16 1.00086
60 17 1.00086
60 18 1.00085
60 19 1.00085
60 20 1.00084
60 21 1.00083
60 22 1.00082
60 23 1.0008
60 24 1.00079
60 25 1.00077
60 26 1.00075
60 27 1.00073
60 28 1.0007
60 29 1.00068
60 30 1.00064
60 31 1.00061
60 32 1.00057
60 33 1.00053
60 34 1.00048
60 35 1.00044
60 36 1.00038
60 37 1.00033
60 38 1.00026
60 39 1.0002
60 40 1.00013
60 41 1.00006
60 42 0.999988
60 43 0.999912
60 44 0.999833
60 45 0.999753
60 46 0.99967
60 47 0.999587
60 48 0.999503
60 49 0.999419
60 50 0.999334
60 51 0.999251
60 52 0.999168
60 53 0.999086
60 54 0.999006
60 55 0.998928
60 56 0.998852
60 57 0.998778
60 58 0.998708
60 59 0.998639
60 60 0.998574
60 61 0.998512
60 62 0.998454
60 63 0.998398
60 64 0.998346
60 65 0.998297
60 66 0.998252
60 67 0.99821
60 68 0.998171
60 69 0.998136
60 70 0.998104
60 71 0.998076
60 72 0.998051
60 73 0.99803
60 74 0.998011
60 75 0.997997
60 76 0.997985
60 77 0.997977
60 78 0.997972
60 79 0.99797
60 80 0.997972
60 81 0.997976
60 82 0.997984
60 83 0.997994
60 84 0.998008
60 85 0.998024
60 86 0.998043
60 87 0.998065
60 88 0.998089
60 89 0.998116
60 90 0.998145
60 91 0.998177
60 92 0.99821
60 93 0.998245
60 94 0.998282
60 95 0.998321
60 96 0.998361
60 97 0.998402
60 98 0.998444
60 99 0.998487
60 100 0.998531
60 101 0.998575
60 102 0.998619
60 103 0.998663
60 104 0.998707
60 105 0.99875
60 106 0.998792
60 107 0.998834
60 108 0.998875
60 109 0.998914
60 110 0.998952
60 111 0.998988
60 112 0.999024
60 113 0.999057
60 114 0.999089
60 115 0.99912
60 116 0.999149
60 117 0.999177
60 118 0.999203
60 119 0.999229
60 120 0.999253
60 121 0.999277
60 122 0.999299
60 123 0.999321
60 124 0.999341
60 125 0.99936
60 126 0.999377
60 127 0.999392

61 0 0
61 1 1.00088
61 2 1.00088
61 3 1.00088
61 4 1.00088
61 5 1.00088
61 6 1.00088
61 7 1.00088
61 8 1.00088
61 9 1.00087
61 10 1.00087
61 11 1.00087
61 12 1.00087
61 13 1.00087
61 14 1.00086
61 15 1.00086
61 16 1.00086
61 17 1.00085
61 18 1.00085
61 19 1.00084
61 20 1.00083
61 21 1.00082
61 22 1.00081
61 23 1.0008
61 24 1.00078
61 25 1.00076
61 26 1.00074
61 27 1.00072
61 28 1.00069
61 29 1.00067
61 30 1.00063
61 31 1.0006
61 32 1.00056
61 33 1.00052
61 34 1.00047
61 35 1.00042
61 36 1.00037
61 37 1.00031
61 38 1.00024
61 39 1.00018
61 40 1.00011
61 41 1.00004
61 42 0.999962
61 43 0.999884
61 44 0.999804
61 45 0.999721
61 46 0.999638
61 47 0.999553
61 48 0.999467
61 49 0.999381
61 50 0.999296
61 51 0.99921
61 52 0.999126
61 53 0.999044
61 54 0.998963
61 55 0.998884
61 56 0.998807
61 57 0.998733
61 58 0.998662
61 59 0.998593
61 60 0.998528
61 61 0.998465
61 62 0.998406
61 63 0.998351
61 64 0.998298
61 65 0.998249
61 66 0.998204
61 67 0.998162
61 68 0.998123
61 69 0.998088
61 70 0.998057
61 71 0.998028
61 72 0.998004
61 73 0.997982
61 74 0.997964
61 75 0.997949
61 76 0.997938
61 77 0.99793
61 78 0.997925
61 79 0.997923
61 80 0.997924
61 81 0.997929
61 82 0.997936
61 83 0.997947
61 84 0.99796
61 85 0.997976
61 86 0.997995
61 87 0.998017
61 88 0.998041
61 89 0.998068
61 90 0.998097
61 91 0.998128
61 92 0.998161
61 93 0.998197
61 94 0.998233
61 95 0.998272
61 96 0.998312
61 97 0.998353
61 98 0.998394
61 99 0.998437
61 100 0.99848
61 101 0.998524
61 102 0.998568
61 103 0.998611
61 104 0.998655
61 105 0.998698
61 106 0.99874
61 107 0.998781
61 108 0.998821
61 109 0.99886
61 110 0.998898
61 111 0.998934
61 112 0.998968
61 113 0.999002
61 114 0.999033
61 115 0.999063
61 116 0.999092
61 117 0.99912
61 118 0.999146
61 119 0.999172
61 120 0.999196
61 121 0.999219
61 122 0.999242
61 123 0.999263
61 124 0.999283
61 125 0.999301
61 126 0.999318
61 127 0.999332

62 0 0
62 1 1.00087
62 2 1.00087
62 3 1.00087
62 4 1.00087
62 5 1.00087
62 6 1.00087
62 7 1.00087
62 8 1.00087
62 9 1.00087
62 10 1.00087
62 11 1.00087
62 12 1.00086
62 13 1.00086
62 14 1.00086
62 15 1.00086
62 16 1.00085
62 17 1.00085
62 18 1.00084
62 19 1.00083
62 20 1.00082
62 21 1.00081
62 22 1.0008
62 23 1.00079
62 24 1.00077
62 25 1.00075
62 26 1.00073
62 27 1.00071
62 28 1.00068
62 29 1.00066
62 30 1.00062
62 31 1.00059
62 32 1.00055
62 33 1.0005
62 34 1.00046
62 35 1.0004
62 36 1.00035
62 37 1.00029
62 38 1.00023
62 39 1.00016
62 40 1.00009
62 41 1.00001
62 42 0.999938
62 43 0.999858
62 44 0.999776
62 45 0.999692
62 46 0.999607
62 47 0.99952
62 48 0.999433
62 49 0.999346
62 50 0.999259
62 51 0.999173
62 52 0.999087
62 53 0.999004
62 54 0.998922
62 55 0.998842
62 56 0.998765
62 57 0.99869
62 58 0.998618
62 59 0.998549
62 60 0.998484
62 61 0.998421
62 62 0.998362
62 63 0.998306
62 64 0.998254
62 65 0.998205
62 66 0.998159
62 67 0.998117
62 68 0.998079
62 69 0.998044
62 70 0.998012
62 71 0.997984
62 72 0.997959
62 73 0.997938
62 74 0.99792
62 75 0.997905
62 76 0.997894
62 77 0.997885
62 78 0.997881
62 79 0.997879
62 80 0.99788
62 81 0.997884
62 82 0.997892
62 83 0.997902
62 84 0.997916
62 85 0.997932
62 86 0.997951
62 87 0.997972
62 88 0.997996
62 89 0.998023
62 90 0.998052
62 91 0.998083
62 92 0.998116
62 93 0.99815
62 94 0.998187
62 95 0.998225
62 96 0.998265
62 97 0.998305
62 98 0.998347
62 99 0.998389
62 100 0.998432
62 101 0.998476
62 102 0.998519
62 103 0.998562
62 104 0.998605
62 105 0.998647
62 106 0.998689
62 107 0.99873
62 108 0.99877
62 109 0.998808
62 110 0.998845
62 111 0.998881
62 112 0.998915
62 113 0.998948
62 114 0.998979
62 115 0.999009
62 116 0.999038
62 117 0.999065
62 118 0.999091
62 119 0.999117
62 120 0.999141
62 121 0.999164
62 122 0.999186
62 123 0.999207
62 124 0.999226
62 125 0.999244
62 126 0.99926
62 127 0.999274

63 0 0
63 1 1.00087
63 2 1.00087
63 3 1.00087
63 4 1.00087
63 5 1.00087
63 6 1.00087
63 7 1.00086
63 8 1.00086
63 9 1.00086
63 10 1.00086
63 11 1.00086
63 12 1.00086
63 13 1.00086
63 14 1.00085
63 15 1.00085
63 16 1.00084
63 17 1.00084
63 18 1.00083
63 19 1.00083
63 20 1.00082
63 21 1.00081
63 22 1.00079
63 23 1.00078
63 24 1.00077
63 25 1.00075
63 26 1.00073
63 27 1.0007
63 28 1.00068
63 29 1.00065
63 30 1.00061
63 31 1.00058
63 32 1.00054
63 33 1.00049
63 34 1.00044
63 35 1.00039
63 36 1.00033
63 37 1.00027
63 38 1.00021
63 39 1.00014
63 40 1.00007
63 41 0.999993
63 42 0.999914
63 43 0.999833
63 44 0.99975
63 45 0.999664
63 46 0.999577
63 47 0.99949
63 48 0.999401
63 49 0.999313
63 50 0.999224
63 51 0.999137
63 52 0.999051
63 53 0.998966
63 54 0.998884
63 55 0.998803
63 56 0.998725
63 57 0.99865
63 58 0.998578
63 59 0.998508
63 60 0.998442
63 61 0.99838
63 62 0.99832
63 63 0.998264
63 64 0.998212
63 65 0.998163
63 66 0.998118
63 67 0.998076
63 68 0.998037
63 69 0.998002
63 70 0.997971
63 71 0.997943
63 72 0.997918
63 73 0.997897
63 74 0.997879
63 75 0.997864
63 76 0.997853
63 77 0.997844
63 78 0.997839
63 79 0.997838
63 80 0.997839
63 81 0.997843
63 82 0.997851
63 83 0.997861
63 84 0.997874
63 85 0.99789
63 86 0.997909
63 87 0.99793
63 88 0.997954
63 89 0.99798
63 90 0.998009
63 91 0.99804
63 92 0.998073
63 93 0.998107
63 94 0.998144
63 95 0.998181
63 96 0.998221
63 97 0.998261
63 98 0.998302
63 99 0.998344
63 100 0.998387
63 101 0.99843
63 102 0.998473
63 103 0.998515
63 104 0.998558
63 105 0.9986
63 106 0.998641
63 107 0.998681
63 108 0.998721
63 109 0.998759
63 110 0.998795
63 111 0.998831
63 112 0.998865
63 113 0.998897
63 114 0.998928
63 115 0.998957
63 116 0.998986
63 117 0.999013
63 118 0.999039
63 119 0.999064
63 120 0.999088
63 121 0.999111
63 122 0.999132
63 123 0.999153
63 124 0.999172
63 125 0.99919
63 126 0.999205
63 127 0.999217

64 0 0
64 1 1.00086
64 2 1.00086
64 3 1.00086
64 4 1.00086
64 5 1.00086
64 6 1.00086
64 7 1.00086
64 8 1.00086
64 9 1.00086
64 10 1.00086
64 11 1.00085
64 12 1.00085
64 13 1.00085
64 14 1.00085
64 15 1.00084
64 16 1.00084
64 17 1.00083
64 18 1.00083
64 19 1.00082
64 20 1.00081
64 21 1.0008
64 22 1.00079
64 23 1.00077
64 24 1.00076
64 25 1.00074
64 26 1.00072
64 27 1.0007
64 28 1.00067
64 29 1.00064
64 30 1.0006
64 31 1.00057
64 32 1.00053
64 33 1.00048
64 34 1.00043
64 35 1.00038
64 36 1.00032
64 37 1.00026
64 38 1.00019
64 39 1.00012
64 40 1.00005
64 41 0.999973
64 42 0.999893
64 43 0.99981
64 44 0.999725
64 45 0.999639
64 46 0.99955
64 47 0.999461
64 48 0.999371
64 49 0.999282
64 50 0.999192
64 51 0.999104
64 52 0.999017
64 53 0.998931
64 54 0.998848
64 55 0.998767
64 56 0.998688
64 57 0.998613
64 58 0.99854
64 59 0.99847
64 60 0.998404
64 61 0.998341
64 62 0.998282
64 63 0.998226
64 64 0.998173
64 65 0.998124
64 66 0.998079
64 67 0.998037
64 68 0.997999
64 69 0.997964
64 70 0.997932
64 71 0.997904
64 72 0.99788
64 73 0.997858
64 74 0.99784
64 75 0.997826
64 76 0.997814
64 77 0.997806
64 78 0.997801
64 79 0.997799
64 80 0.997801
64 81 0.997805
64 82 0.997812
64 83 0.997822
64 84 0.997836
64 85 0.997851
64 86 0.99787
64 87 0.997891
64 88 0.997915
64 89 0.997941
64 90 0.997969
64 91 0.998
64 92 0.998033
64 93 0.998067
64 94 0.998103
64 95 0.998141
64 96 0.998179
64 97 0.998219
64 98 0.99826
64 99 0.998302
64 100 0.998344
64 101 0.998387
64 102 0.998429
64 103 0.998472
64 104 0.998514
64 105 0.998555
64 106 0.998596
64 107 0.998636
64 108 0.998674
64 109 0.998712
64 110 0.998748
64 111 0.998783
64 112 0.998816
64 113 0.998848
64 114 0.998879
64 115 0.998908
64 116 0.998936
64 117 0.998963
64 118 0.998988
64 119 0.999013
64 120 0.999037
64 121 0.99906
64 122 0.999081
64 123 0.999102
64 124 0.99912
64 125 0.999137
64 126 0.999152
64 127 0.999164

65 0 0
65 1 1.00086
65 2 1.00086
65 3 1.00086
65 4 1.00086
65 5 1.00086
65 6 1.00085
65 7 1.00085
65 8 1.00085
65 9 1.00085
65 10 1.00085
65 11 1.00085
65 12 1.00085
65 13 1.00084
65 14 1.00084
65 15 1.00084
65 16 1.00083
65 17 1.00083
65 18 1.00082
65 19 1.00081
65 20 1.0008
65 21 1.00079
65 22 1.00078
65 23 1.00077
65 24 1.00075
65 25 1.00073
65 26 1.00071
65 27 1.00069
65 28 1.00066
65 29 1.00063
65 30 1.0006
65 31 1.00056
65 32 1.00052
65 33 1.00047
65 34 1.00042
65 35 1.00037
65 36 1.00031
65 37 1.00024
65 38 1.00018
65 39 1.00011
65 40 1.00003
65 41 0.999955
65 42 0.999873
65 43 0.999789
65 44 0.999703
65 45 0.999615
65 46 0.999525
65 47 0.999435
65 48 0.999344
65 49 0.999253
65 50 0.999163
65 51 0.999073
65 52 0.998985
65 53 0.998899
65 54 0.998815
65 55 0.998733
65 56 0.998654
65 57 0.998578
65 58 0.998505
65 59 0.998435
65 60 0.998369
65 61 0.998306
65 62 0.998246
65 63 0.99819
65 64 0.998138
65 65 0.998089
65 66 0.998043
65 67 0.998001
65 68 0.997963
65 69 0.997928
65 70 0.997897
65 71 0.997869
65 72 0.997845
65 73 0.997823
65 74 0.997805
65 75 0.997791
65 76 0.997779
65 77 0.997771
65 78 0.997766
65 79 0.997764
65 80 0.997766
65 81 0.99777
65 82 0.997777
65 83 0.997787
65 84 0.9978
65 85 0.997816
65 86 0.997834
65 87 0.997855
65 88 0.997879
65 89 0.997905
65 90 0.997933
65 91 0.997963
65 92 0.997996
65 93 0.99803
65 94 0.998065
65 95 0.998103
65 96 0.998141
65 97 0.998181
65 98 0.998221
65 99 0.998263
65 100 0.998304
65 101 0.998346
65 102 0.998388
65 103 0.99843
65 104 0.998472
65 105 0.998513
65 106 0.998553
65 107 0.998592
65 108 0.998631
65 109 0.998668
65 110 0.998703
65 111 0.998738
65 112 0.998771
65 113 0.998802
65 114 0.998832
65 115 0.998861
65 116 0.998889
65 117 0.998915
65 118 0.998941
65 119 0.998965
65 120 0.998989
65 121 0.999011
65 122 0.999033
65 123 0.999053
65 124 0.999071
65 125 0.999087
65 126 0.999101
65 127 0.999112

66 0 0
66 1 1.00085
66 2 1.00085
66 3 1.00085
66 4 1.00085
66 5 1.00085
66 6 1.00085
66 7 1.00085
66 8 1.00085
66 9 1.00085
66 10 1.00084
66 11 1.00084
66 12 1.00084
66 13 1.00084
66 14 1.00084
66 15 1.00083
66 16 1.00083
66 17 1.00082
66 18 1.00082
66 19 1.00081
66 20 1.0008
66 21 1.00079
66 22 1.00078
66 23 1.00076
66 24 1.00075
66 25 1.00073
66 26 1.00071
66 27 1.00068
66 28 1.00065
66 29 1.00062
66 30 1.00059
66 31 1.00055
66 32 1.00051
66 33 1.00046
66 34 1.00041
66 35 1.00036
66 36 1.0003
66 37 1.00023
66 38 1.00016
66 39 1.00009
66 40 1.00002
66 41 0.999938
66 42 0.999856
66 43 0.99977
66 44 0.999683
66 45 0.999594
66 46 0.999503
66 47 0.999411
66 48 0.999319
66 49 0.999227
66 50 0.999136
66 51 0.999045
66 52 0.998957
66 53 0.99887
66 54 0.998785
66 55 0.998702
66 56 0.998623
66 57 0.998546
66 58 0.998473
66 59 0.998403
66 60 0.998336
66 61 0.998273
66 62 0.998213
66 63 0.998157
66 64 0.998105
66 65 0.998056
66 66 0.998011
66 67 0.997969
66 68 0.997931
66 69 0.997896
66 70 0.997865
66 71 0.997837
66 72 0.997813
66 73 0.997791
66 74 0.997774
66 75 0.997759
66 76 0.997748
66 77 0.99774
66 78 0.997735
66 79 0.997733
66 80 0.997734
66 81 0.997738
66 82 0.997745
66 83 0.997755
66 84 0.997768
66 85 0.997784
66 86 0.997802
66 87 0.997823
66 88 0.997846
66 89 0.997872
66 90 0.9979
66 91 0.99793
66 92 0.997962
66 93 0.997995
66 94 0.998031
66 95 0.998068
66 96 0.998106
66 97 0.998145
66 98 0.998185
66 99 0.998226
66 100 0.998268
66 101 0.998309
66 102 0.998351
66 103 0.998392
66 104 0.998433
66 105 0.998474
66 106 0.998513
66 107 0.998552
66 108 0.99859
66 109 0.998626
66 110 0.998662
66 111 0.998695
66 112 0.998728
66 113 0.998759
66 114 0.998789
66 115 0.998817
66 116 0.998844
66 117 0.998871
66 118 0.998896
66 119 0.99892
66 120 0.998943
66 121 0.998966
66 122 0.998987
66 123 0.999007
66 124 0.999025
66 125 0.99904
66 126 0.999054
66 127 0.999064

67 0 0
67 1 1.00085
67 2 1.00085
67 3 1.00085
67 4 1.00085
67 5 1.00085
67 6 1.00084
67 7 1.00084
67 8 1.00084
67 9 1.00084
67 10 1.00084
67 11 1.00084
67 12 1.00084
67 13 1.00083
67 14 1.00083
67 15 1.00083
67 16 1.00082
67 17 1.00082
67 18 1.00081
67 19 1.0008
67 20 1.00079
67 21 1.00078
67 22 1.00077
67 23 1.00076
67 24 1.00074
67 25 1.00072
67 26 1.0007
67 27 1.00068
67 28 1.00065
67 29 1.00062
67 30 1.00058
67 31 1.00054
67 32 1.0005
67 33 1.00045
67 34 1.0004
67 35 1.00035
67 36 1.00029
67 37 1.00022
67 38 1.00015
67 39 1.00008
67 40 1
67 41 0.999923
67 42 0.99984
67 43 0.999754
67 44 0.999665
67 45 0.999574
67 46 0.999483
67 47 0.99939
67 48 0.999297
67 49 0.999204
67 50 0.999111
67 51 0.99902
67 52 0.998931
67 53 0.998843
67 54 0.998758
67 55 0.998675
67 56 0.998595
67 57 0.998518
67 58 0.998444
67 59 0.998374
67 60 0.998307
67 61 0.998244
67 62 0.998184
67 63 0.998128
67 64 0.998075
67 65 0.998027
67 66 0.997981
67 67 0.99794
67 68 0.997902
67 69 0.997867
67 70 0.997836
67 71 0.997808
67 72 0.997784
67 73 0.997763
67 74 0.997745
67 75 0.99773
67 76 0.997719
67 77 0.997711
67 78 0.997706
67 79 0.997704
67 80 0.997705
67 81 0.997709
67 82 0.997716
67 83 0.997726
67 84 0.997739
67 85 0.997754
67 86 0.997772
67 87 0.997793
67 88 0.997816
67 89 0.997842
67 90 0.997869
67 91 0.997899
67 92 0.997931
67 93 0.997964
67 94 0.998
67 95 0.998036
67 96 0.998074
67 97 0.998113
67 98 0.998153
67 99 0.998193
67 100 0.998234
67 101 0.998275
67 102 0.998316
67 103 0.998357
67 104 0.998398
67 105 0.998437
67 106 0.998477
67 107 0.998515
67 108 0.998552
67 109 0.998588
67 110 0.998623
67 111 0.998656
67 112 0.998688
67 113 0.998719
67 114 0.998748
67 115 0.998776
67 116 0.998803
67 117 0.998829
67 118 0.998854
67 119 0.998878
67 120 0.998901
67 121 0.998923
67 122 0.998944
67 123 0.998963
67 124 0.998981
67 125 0.998996
67 126 0.999009
67 127 0.999018

68 0 0
68 1 1.00084
68 2 1.00084
68 3 1.00084
68 4 1.00084
68 5 1.00084
68 6 1.00084
68 7 1.00084
68 8 1.00084
68 9 1.00083
68 10 1.00083
68 11 1.00083
68 12 1.00083
68 13 1.00083
68 14 1.00082
68 15 1.00082
68 16 1.00082
68 17 1.00081
68 18 1.0008
68 19 1.0008
68 20 1.00079
68 21 1.00078
68 22 1.00076
68 23 1.00075
68 24 1.00073
68 25 1.00072
68 26 1.00069
68 27 1.00067
68 28 1.00064
68 29 1.00061
68 30 1.00058
68 31 1.00054
68 32 1.00049
68 33 1.00045
68 34 1.00039
68 35 1.00034
68 36 1.00028
68 37 1.00021
68 38 1.00014
68 39 1.00007
68 40 0.999992
68 41 0.999911
68 42 0.999826
68 43 0.999739
68 44 0.999649
68 45 0.999558
68 46 0.999465
68 47 0.999371
68 48 0.999277
68 49 0.999183
68 50 0.99909
68 51 0.998998
68 52 0.998908
68 53 0.998819
68 54 0.998733
68 55 0.99865
68 56 0.998569
68 57 0.998492
68 58 0.998418
68 59 0.998348
68 60 0.998281
68 61 0.998217
68 62 0.998158
68 63 0.998101
68 64 0.998049
68 65 0.998
68 66 0.997955
68 67 0.997914
68 68 0.997876
68 69 0.997841
68 70 0.99781
68 71 0.997782
68 72 0.997758
68 73 0.997737
68 74 0.997719
68 75 0.997705
68 76 0.997694
68 77 0.997685
68 78 0.99768
68 79 0.997679
68 80 0.99768
68 81 0.997684
68 82 0.997691
68 83 0.9977
68 84 0.997713
68 85 0.997728
68 86 0.997746
68 87 0.997767
68 88 0.99779
68 89 0.997815
68 90 0.997842
68 91 0.997872
68 92 0.997903
68 93 0.997937
68 94 0.997971
68 95 0.998008
68 96 0.998045
68 97 0.998084
68 98 0.998123
68 99 0.998163
68 100 0.998203
68 101 0.998244
68 102 0.998285
68 103 0.998325
68 104 0.998365
68 105 0.998404
68 106 0.998443
68 107 0.998481
68 108 0.998517
68 109 0.998553
68 110 0.998587
68 111 0.99862
68 112 0.998651
68 113 0.998681
68 114 0.99871
68 115 0.998738
68 116 0.998764
68 117 0.99879
68 118 0.998815
68 119 0.998839
68 120 0.998861
68 121 0.998883
68 122 0.998904
68 123 0.998923
68 124 0.99894
68 125 0.998955
68 126 0.998967
68 127 0.998976

69 0 0
69 1 1.00084
69 2 1.00084
69 3 1.00084
69 4 1.00084
69 5 1.00083
69 6 1.00083
69 7 1.00083
69 8 1.00083
69 9 1.00083
69 10 1.00083
69 11 1.00083
69 12 1.00082
69 13 1.00082
69 14 1.00082
69 15 1.00081
69 16 1.00081
69 17 1.0008
69 18 1.0008
69 19 1.00079
69 20 1.00078
69 21 1.00077
69 22 1.00076
69 23 1.00075
69 24 1.00073
69 25 1.00071
69 26 1.00069
69 27 1.00066
69 28 1.00064
69 29 1.00061
69 30 1.00057
69 31 1.00053
69 32 1.00049
69 33 1.00044
69 34 1.00039
69 35 1.00033
69 36 1.00027
69 37 1.0002
69 38 1.00013
69 39 1.00006
69 40 0.999982
69 41 0.9999
69 42 0.999815
69 43 0.999726
69 44 0.999636
69 45 0.999543
69 46 0.999449
69 47 0.999355
69 48 0.99926
69 49 0.999165
69 50 0.999071
69 51 0.998978
69 52 0.998887
69 53 0.998798
69 54 0.998712
69 55 0.998628
69 56 0.998547
69 57 0.99847
69 58 0.998395
69 59 0.998325
69 60 0.998257
69 61 0.998194
69 62 0.998134
69 63 0.998078
69 64 0.998026
69 65 0.997977
69 66 0.997932
69 67 0.99789
69 68 0.997853
69 69 0.997818
69 70 0.997787
69 71 0.99776
69 72 0.997735
69 73 0.997715
69 74 0.997697
69 75 0.997682
69 76 0.997671
69 77 0.997663
69 78 0.997658
69 79 0.997656
69 80 0.997657
69 81 0.997661
69 82 0.997668
69 83 0.997678
69 84 0.99769
69 85 0.997706
69 86 0.997723
69 87 0.997744
69 88 0.997767
69 89 0.997792
69 90 0.997819
69 91 0.997848
69 92 0.997879
69 93 0.997912
69 94 0.997947
69 95 0.997983
69 96 0.99802
69 97 0.998058
69 98 0.998097
69 99 0.998136
69 100 0.998176
69 101 0.998216
69 102 0.998256
69 103 0.998296
69 104 0.998336
69 105 0.998375
69 106 0.998413
69 107 0.99845
69 108 0.998486
69 109 0.998521
69 110 0.998554
69 111 0.998586
69 112 0.998617
69 113 0.998647
69 114 0.998676
69 115 0.998703
69 116 0.998729
69 117 0.998755
69 118 0.998779
69 119 0.998802
69 120 0.998825
69 121 0.998847
69 122 0.998867
69 123 0.998886
69 124 0.998903
69 125 0.998917
69 126 0.998928
69 127 0.998936

70 0 0
70 1 1.00083
70 2 1.00083
70 3 1.00083
70 4 1.00083
70 5 1.00083
70 6 1.00083
70 7 1.00083
70 8 1.00083
70 9 1.00082
70 10 1.00082
70 11 1.00082
70 12 1.00082
70 13 1.00082
70 14 1.00081
70 15 1.00081
70 16 1.0008
70 17 1.0008
70 18 1.00079
70 19 1.00079
70 20 1.00078
70 21 1.00077
70 22 1.00075
70 23 1.00074
70 24 1.00072
70 25 1.00071
70 26 1.00068
70 27 1.00066
70 28 1.00063
70 29 1.0006
70 30 1.00057
70 31 1.00053
70 32 1.00048
70 33 1.00044
70 34 1.00038
70 35 1.00033
70 36 1.00026
70 37 1.0002
70 38 1.00013
70 39 1.00005
70 40 0.999974
70 41 0.999891
70 42 0.999805
70 43 0.999716
70 44 0.999625
70 45 0.999532
70 46 0.999437
70 47 0.999341
70 48 0.999246
70 49 0.99915
70 50 0.999055
70 51 0.998962
70 52 0.99887
70 53 0.998781
70 54 0.998694
70 55 0.998609
70 56 0.998528
70 57 0.99845
70 58 0.998376
70 59 0.998305
70 60 0.998237
70 61 0.998174
70 62 0.998114
70 63 0.998058
70 64 0.998006
70 65 0.997957
70 66 0.997912
70 67 0.99787
70 68 0.997833
70 69 0.997798
70 70 0.997767
70 71 0.99774
70 72 0.997716
70 73 0.997695
70 74 0.997678
70 75 0.997663
70 76 0.997652
70 77 0.997644
70 78 0.997639
70 79 0.997637
70 80 0.997638
70 81 0.997642
70 82 0.997649
70 83 0.997659
70 84 0.997671
70 85 0.997686
70 86 0.997704
70 87 0.997724
70 88 0.997746
70 89 0.997771
70 90 0.997798
70 91 0.997827
70 92 0.997858
70 93 0.997891
70 94 0.997925
70 95 0.997961
70 96 0.997997
70 97 0.998035
70 98 0.998074
70 99 0.998113
70 100 0.998152
70 101 0.998192
70 102 0.998231
70 103 0.998271
70 104 0.99831
70 105 0.998348
70 106 0.998386
70 107 0.998422
70 108 0.998458
70 109 0.998492
70 110 0.998525
70 111 0.998557
70 112 0.998587
70 113 0.998616
70 114 0.998644
70 115 0.998671
70 116 0.998697
70 117 0.998722
70 118 0.998747
70 119 0.99877
70 120 0.998792
70 121 0.998813
70 122 0.998834
70 123 0.998852
70 124 0.998868
70 125 0.998882
70 126 0.998893
70 127 0.9989

71 0 0
71 1 1.00083
71 2 1.00083
71 3 1.00083
71 4 1.00082
71 5 1.00082
71 6 1.00082
71 7 1.00082
71 8 1.00082
71 9 1.00082
71 10 1.00082
71 11 1.00081
71 12 1.00081
71 13 1.00081
71 14 1.00081
71 15 1.0008
71 16 1.0008
71 17 1.00079
71 18 1.00079
71 19 1.00078
71 20 1.00077
71 21 1.00076
71 22 1.00075
71 23 1.00074
71 24 1.00072
71 25 1.0007
71 26 1.00068
71 27 1.00066
71 28 1.00063
71 29 1.0006
71 30 1.00056
71 31 1.00052
71 32 1.00048
71 33 1.00043
71 34 1.00038
71 35 1.00032
71 36 1.00026
71 37 1.00019
71 38 1.00012
71 39 1.00005
71 40 0.999968
71 41 0.999885
71 42 0.999798
71 43 0.999708
71 44 0.999616
71 45 0.999522
71 46 0.999427
71 47 0.999331
71 48 0.999234
71 49 0.999138
71 50 0.999042
71 51 0.998948
71 52 0.998856
71 53 0.998766
71 54 0.998678
71 55 0.998594
71 56 0.998512
71 57 0.998434
71 58 0.998359
71 59 0.998288
71 60 0.99822
71 61 0.998157
71 62 0.998097
71 63 0.998041
71 64 0.997988
71 65 0.99794
71 66 0.997895
71 67 0.997854
71 68 0.997816
71 69 0.997782
71 70 0.997751
71 71 0.997723
71 72 0.997699
71 73 0.997679
71 74 0.997661
71 75 0.997647
71 76 0.997636
71 77 0.997628
71 78 0.997623
71 79 0.997621
71 80 0.997622
71 81 0.997626
71 82 0.997633
71 83 0.997642
71 84 0.997655
71 85 0.99767
71 86 0.997687
71 87 0.997707
71 88 0.99773
71 89 0.997754
71 90 0.997781
71 91 0.99781
71 92 0.997841
71 93 0.997873
71 94 0.997907
71 95 0.997942
71 96 0.997978
71 97 0.998016
71 98 0.998054
71 99 0.998093
71 100 0.998132
71 101 0.998171
71 102 0.99821
71 103 0.998249
71 104 0.998287
71 105 0.998325
71 106 0.998362
71 107 0.998398
71 108 0.998433
71 109 0.998466
71 110 0.998499
71 111 0.99853
71 112 0.99856
71 113 0.998589
71 114 0.998617
71 115 0.998643
71 116 0.998669
71 117 0.998694
71 118 0.998717
71 119 0.998741
71 120 0.998763
71 121 0.998784
71 122 0.998803
71 123 0.998821
71 124 0.998837
71 125 0.998851
71 126 0.998861
71 127 0.998867

72 0 0
72 1 1.00082
72 2 1.00082
72 3 1.00082
72 4 1.00082
72 5 1.00082
72 6 1.00082
72 7 1.00081
72 8 1.00081
72 9 1.00081
72 10 1.00081
72 11 1.00081
72 12 1.00081
72 13 1.0008
72 14 1.0008
72 15 1.0008
72 16 1.00079
72 17 1.00079
72 18 1.00078
72 19 1.00077
72 20 1.00077
72 21 1.00076
72 22 1.00074
72 23 1.00073
72 24 1.00071
72 25 1.0007
72 26 1.00068
72 27 1.00065
72 28 1.00062
72 29 1.00059
72 30 1.00056
72 31 1.00052
72 32 1.00048
72 33 1.00043
72 34 1.00038
72 35 1.00032
72 36 1.00026
72 37 1.00019
72 38 1.00012
72 39 1.00004
72 40 0.999964
72 41 0.99988
72 42 0.999793
72 43 0.999703
72 44 0.99961
72 45 0.999516
72 46 0.99942
72 47 0.999323
72 48 0.999225
72 49 0.999129
72 50 0.999033
72 51 0.998938
72 52 0.998845
72 53 0.998754
72 54 0.998666
72 55 0.998581
72 56 0.998499
72 57 0.998421
72 58 0.998346
72 59 0.998274
72 60 0.998207
72 61 0.998143
72 62 0.998083
72 63 0.998027
72 64 0.997974
72 65 0.997926
72 66 0.997881
72 67 0.99784
72 68 0.997802
72 69 0.997768
72 70 0.997737
72 71 0.99771
72 72 0.997686
72 73 0.997665
72 74 0.997648
72 75 0.997634
72 76 0.997623
72 77 0.997615
72 78 0.99761
72 79 0.997608
72 80 0.997609
72 81 0.997613
72 82 0.99762
72 83 0.997629
72 84 0.997641
72 85 0.997656
72 86 0.997674
72 87 0.997694
72 88 0.997716
72 89 0.997741
72 90 0.997767
72 91 0.997796
72 92 0.997826
72 93 0.997858
72 94 0.997892
72 95 0.997927
72 96 0.997963
72 97 0.998
72 98 0.998038
72 99 0.998076
72 100 0.998114
72 101 0.998153
72 102 0.998192
72 103 0.99823
72 104 0.998268
72 105 0.998305
72 106 0.998342
72 107 0.998377
72 108 0.998411
72 109 0.998445
72 110 0.998477
72 111 0.998507
72 112 0.998537
72 113 0.998565
72 114 0.998592
72 115 0.998619
72 116 0.998644
72 117 0.998668
72 118 0.998692
72 119 0.998715
72 120 0.998737
72 121 0.998757
72 122 0.998777
72 123 0.998795
72 124 0.99881
72 125 0.998823
72 126 0.998832
72 127 0.998838

73 0 0
73 1 1.00082
73 2 1.00082
73 3 1.00082
73 4 1.00081
73 5 1.00081
73 6 1.00081
73 7 1.00081
73 8 1.00081
73 9 1.00081
73 10 1.0008
73 11 1.0008
73 12 1.0008
73 13 1.0008
73 14 1.00079
73 15 1.00079
73 16 1.00079
73 17 1.00078
73 18 1.00078
73 19 1.00077
73 20 1.00076
73 21 1.00075
73 22 1.00074
73 23 1.00073
73 24 1.00071
73 25 1.00069
73 26 1.00067
73 27 1.00065
73 28 1.00062
73 29 1.00059
73 30 1.00056
73 31 1.00052
73 32 1.00047
73 33 1.00043
73 34 1.00037
73 35 1.00032
73 36 1.00026
73 37 1.00019
73 38 1.00012
73 39 1.00004
73 40 0.999962
73 41 0.999878
73 42 0.999791
73 43 0.9997
73 44 0.999607
73 45 0.999512
73 46 0.999415
73 47 0.999318
73 48 0.99922
73 49 0.999122
73 50 0.999026
73 51 0.99893
73 52 0.998837
73 53 0.998746
73 54 0.998657
73 55 0.998572
73 56 0.998489
73 57 0.998411
73 58 0.998335
73 59 0.998264
73 60 0.998196
73 61 0.998132
73 62 0.998072
73 63 0.998016
73 64 0.997963
73 65 0.997915
73 66 0.99787
73 67 0.997829
73 68 0.997791
73 69 0.997757
73 70 0.997726
73 71 0.997699
73 72 0.997675
73 73 0.997655
73 74 0.997638
73 75 0.997623
73 76 0.997612
73 77 0.997605
73 78 0.9976
73 79 0.997598
73 80 0.997599
73 81 0.997603
73 82 0.99761
73 83 0.997619
73 84 0.997631
73 85 0.997646
73 86 0.997664
73 87 0.997683
73 88 0.997706
73 89 0.99773
73 90 0.997756
73 91 0.997785
73 92 0.997815
73 93 0.997847
73 94 0.99788
73 95 0.997915
73 96 0.997951
73 97 0.997987
73 98 0.998025
73 99 0.998062
73 100 0.998101
73 101 0.998139
73 102 0.998177
73 103 0.998215
73 104 0.998252
73 105 0.998289
73 106 0.998325
73 107 0.99836
73 108 0.998394
73 109 0.998426
73 110 0.998458
73 111 0.998488
73 112 0.998517
73 113 0.998545
73 114 0.998572
73 115 0.998598
73 116 0.998623
73 117 0.998647
73 118 0.99867
73 119 0.998693
73 120 0.998714
73 121 0.998735
73 122 0.998754
73 123 0.998772
73 124 0.998787
73 125 0.998799
73 126 0.998808
73 127 0.998813

74 0 0
74 1 1.00081
74 2 1.00081
74 3 1.00081
74 4 1.00081
74 5 1.00081
74 6 1.0008
74 7 1.0008
74 8 1.0008
74 9 1.0008
74 10 1.0008
74 11 1.0008
74 12 1.00079
74 13 1.00079
74 14 1.00079
74 15 1.00079
74 16 1.00078
74 17 1.00078
74 18 1.00077
74 19 1.00076
74 20 1.00076
74 21 1.00075
74 22 1.00073
74 23 1.00072
74 24 1.00071
74 25 1.00069
74 26 1.00067
74 27 1.00064
74 28 1.00062
74 29 1.00059
74 30 1.00055
74 31 1.00052
74 32 1.00047
74 33 1.00043
74 34 1.00037
74 35 1.00032
74 36 1.00026
74 37 1.00019
74 38 1.00012
74 39 1.00004
74 40 0.999962
74 41 0.999878
74 42 0.99979
74 43 0.999699
74 44 0.999606
74 45 0.99951
74 46 0.999413
74 47 0.999315
74 48 0.999217
74 49 0.999119
74 50 0.999022
74 51 0.998926
74 52 0.998832
74 53 0.998741
74 54 0.998652
74 55 0.998566
74 56 0.998483
74 57 0.998404
74 58 0.998328
74 59 0.998256
74 60 0.998188
74 61 0.998124
74 62 0.998064
74 63 0.998008
74 64 0.997955
74 65 0.997907
74 66 0.997862
74 67 0.997821
74 68 0.997783
74 69 0.997749
74 70 0.997719
74 71 0.997692
74 72 0.997668
74 73 0.997647
74 74 0.99763
74 75 0.997616
74 76 0.997605
74 77 0.997597
74 78 0.997593
74 79 0.997591
74 80 0.997592
74 81 0.997596
74 82 0.997603
74 83 0.997612
74 84 0.997624
74 85 0.997639
74 86 0.997656
74 87 0.997676
74 88 0.997698
74 89 0.997722
74 90 0.997749
74 91 0.997777
74 92 0.997807
74 93 0.997839
74 94 0.997872
74 95 0.997906
74 96 0.997942
74 97 0.997978
74 98 0.998015
74 99 0.998052
74 100 0.99809
74 101 0.998128
74 102 0.998166
74 103 0.998203
74 104 0.99824
74 105 0.998276
74 106 0.998311
74 107 0.998346
74 108 0.998379
74 109 0.998411
74 110 0.998442
74 111 0.998472
74 112 0.998501
74 113 0.998528
74 114 0.998555
74 115 0.99858
74 116 0.998605
74 117 0.998629
74 118 0.998652
74 119 0.998675
74 120 0.998696
74 121 0.998716
74 122 0.998735
74 123 0.998752
74 124 0.998767
74 125 0.998778
74 126 0.998787
74 127 0.998791

75 0 0
75 1 1.00081
75 2 1.00081
75 3 1.0008
75 4 1.0008
75 5 1.0008
75 6 1.0008
75 7 1.0008
75 8 1.0008
75 9 1.00079
75 10 1.00079
75 11 1.00079
75 12 1.00079
75 13 1.00079
75 14 1.00078
75 15 1.00078
75 16 1.00078
75 17 1.00077
75 18 1.00077
75 19 1.00076
75 20 1.00075
75 21 1.00074
75 22 1.00073
75 23 1.00072
75 24 1.0007
75 25 1.00068
75 26 1.00066
75 27 1.00064
75 28 1.00062
75 29 1.00059
75 30 1.00055
75 31 1.00051
75 32 1.00047
75 33 1.00043
75 34 1.00037
75 35 1.00032
75 36 1.00026
75 37 1.00019
75 38 1.00012
75 39 1.00004
75 40 0.999964
75 41 0.99988
75 42 0.999792
75 43 0.999701
75 44 0.999608
75 45 0.999512
75 46 0.999415
75 47 0.999316
75 48 0.999217
75 49 0.999119
75 50 0.999021
75 51 0.998925
75 52 0.998831
75 53 0.998739
75 54 0.998649
75 55 0.998563
75 56 0.99848
75 57 0.9984
75 58 0.998324
75 59 0.998252
75 60 0.998184
75 61 0.99812
75 62 0.998059
75 63 0.998003
75 64 0.99795
75 65 0.997902
75 66 0.997857
75 67 0.997816
75 68 0.997778
75 69 0.997744
75 70 0.997714
75 71 0.997687
75 72 0.997663
75 73 0.997643
75 74 0.997626
75 75 0.997612
75 76 0.997601
75 77 0.997593
75 78 0.997588
75 79 0.997587
75 80 0.997588
75 81 0.997592
75 82 0.997599
75 83 0.997608
75 84 0.99762
75 85 0.997635
75 86 0.997652
75 87 0.997672
75 88 0.997694
75 89 0.997718
75 90 0.997744
75 91 0.997772
75 92 0.997802
75 93 0.997834
75 94 0.997867
75 95 0.997901
75 96 0.997936
75 97 0.997972
75 98 0.998009
75 99 0.998046
75 100 0.998083
75 101 0.998121
75 102 0.998158
75 103 0.998195
75 104 0.998231
75 105 0.998267
75 106 0.998302
75 107 0.998336
75 108 0.998368
75 109 0.9984
75 110 0.998431
75 111 0.99846
75 112 0.998488
75 113 0.998515
75 114 0.998542
75 115 0.998567
75 116 0.998591
75 117 0.998615
75 118 0.998638
75 119 0.99866
75 120 0.998681
75 121 0.998701
75 122 0.99872
75 123 0.998737
75 124 0.998751
75 125 0.998762
75 126 0.99877
75 127 0.998773

76 0 0
76 1 1.0008
76 2 1.0008
76 3 1.0008
76 4 1.0008
76 5 1.00079
76 6 1.00079
76 7 1.00079
76 8 1.00079
76 9 1.00079
76 10 1.00079
76 11 1.00078
76 12 1.00078
76 13 1.00078
76 14 1.00078
76 15 1.00077
76 16 1.00077
76 17 1.00076
76 18 1.00076
76 19 1.00075
76 20 1.00075
76 21 1.00074
76 22 1.00073
76 23 1.00071
76 24 1.0007
76 25 1.00068
76 26 1.00066
76 27 1.00064
76 28 1.00061
76 29 1.00058
76 30 1.00055
76 31 1.00051
76 32 1.00047
76 33 1.00043
76 34 1.00038
76 35 1.00032
76 36 1.00026
76 37 1.00019
76 38 1.00012
76 39 1.00005
76 40 0.999968
76 41 0.999884
76 42 0.999797
76 43 0.999706
76 44 0.999612
76 45 0.999516
76 46 0.999419
76 47 0.99932
76 48 0.999221
76 49 0.999122
76 50 0.999024
76 51 0.998927
76 52 0.998832
76 53 0.99874
76 54 0.99865
76 55 0.998563
76 56 0.998479
76 57 0.998399
76 58 0.998323
76 59 0.998251
76 60 0.998182
76 61 0.998118
76 62 0.998057
76 63 0.998001
76 64 0.997948
76 65 0.9979
76 66 0.997855
76 67 0.997814
76 68 0.997776
76 69 0.997742
76 70 0.997712
76 71 0.997685
76 72 0.997661
76 73 0.997641
76 74 0.997624
76 75 0.99761
76 76 0.997599
76 77 0.997592
76 78 0.997587
76 79 0.997585
76 80 0.997586
76 81 0.99759
76 82 0.997597
76 83 0.997607
76 84 0.997619
76 85 0.997634
76 86 0.997651
76 87 0.997671
76 88 0.997693
76 89 0.997717
76 90 0.997743
76 91 0.997771
76 92 0.997801
76 93 0.997832
76 94 0.997864
76 95 0.997898
76 96 0.997933
76 97 0.997969
76 98 0.998005
76 99 0.998042
76 100 0.998079
76 101 0.998116
76 102 0.998153
76 103 0.99819
76 104 0.998226
76 105 0.998261
76 106 0.998296
76 107 0.998329
76 108 0.998361
76 109 0.998393
76 110 0.998423
76 111 0.998452
76 112 0.99848
76 113 0.998506
76 114 0.998532
76 115 0.998557
76 116 0.998582
76 117 0.998605
76 118 0.998628
76 119 0.99865
76 120 0.998671
76 121 0.998691
76 122 0.998709
76 123 0.998725
76 124 0.998739
76 125 0.99875
76 126 0.998757
76 127 0.99876

77 0 0
77 1 1.0008
77 2 1.00079
77 3 1.00079
77 4 1.00079
77 5 1.00079
77 6 1.00079
77 7 1.00078
77 8 1.00078
77 9 1.00078
77 10 1.00078
77 11 1.00078
77 12 1.00078
77 13 1.00077
77 14 1.00077
77 15 1.00077
77 16 1.00076
77 17 1.00076
77 18 1.00075
77 19 1.00075
77 20 1.00074
77 21 1.00073
77 22 1.00072
77 23 1.00071
77 24 1.00069
77 25 1.00068
77 26 1.00066
77 27 1.00064
77 28 1.00061
77 29 1.00058
77 30 1.00055
77 31 1.00051
77 32 1.00047
77 33 1.00043
77 34 1.00038
77 35 1.00032
77 36 1.00026
77 37 1.0002
77 38 1.00013
77 39 1.00005
77 40 0.999974
77 41 0.999891
77 42 0.999803
77 43 0.999713
77 44 0.999619
77 45 0.999523
77 46 0.999425
77 47 0.999327
77 48 0.999227
77 49 0.999128
77 50 0.99903
77 51 0.998932
77 52 0.998837
77 53 0.998744
77 54 0.998654
77 55 0.998566
77 56 0.998483
77 57 0.998402
77 58 0.998326
77 59 0.998253
77 60 0.998184
77 61 0.998119
77 62 0.998059
77 63 0.998002
77 64 0.997949
77 65 0.9979
77 66 0.997856
77 67 0.997814
77 68 0.997777
77 69 0.997743
77 70 0.997712
77 71 0.997686
77 72 0.997662
77 73 0.997642
77 74 0.997625
77 75 0.997611
77 76 0.9976
77 77 0.997593
77 78 0.997588
77 79 0.997587
77 80 0.997588
77 81 0.997592
77 82 0.997599
77 83 0.997609
77 84 0.997621
77 85 0.997636
77 86 0.997653
77 87 0.997672
77 88 0.997694
77 89 0.997718
77 90 0.997744
77 91 0.997772
77 92 0.997802
77 93 0.997833
77 94 0.997866
77 95 0.997899
77 96 0.997934
77 97 0.99797
77 98 0.998006
77 99 0.998042
77 100 0.998079
77 101 0.998116
77 102 0.998152
77 103 0.998188
77 104 0.998224
77 105 0.998259
77 106 0.998293
77 107 0.998326
77 108 0.998358
77 109 0.998389
77 110 0.998419
77 111 0.998447
77 112 0.998475
77 113 0.998501
77 114 0.998527
77 115 0.998552
77 116 0.998576
77 117 0.998599
77 118 0.998622
77 119 0.998643
77 120 0.998664
77 121 0.998684
77 122 0.998702
77 123 0.998718
77 124 0.998732
77 125 0.998742
77 126 0.998748
77 127 0.99875

78 0 0
78 1 1.00079
78 2 1.00079
78 3 1.00079
78 4 1.00078
78 5 1.00078
78 6 1.00078
78 7 1.00078
78 8 1.00078
78 9 1.00077
78 10 1.00077
78 11 1.00077
78 12 1.00077
78 13 1.00077
78 14 1.00076
78 15 1.00076
78 16 1.00076
78 17 1.00075
78 18 1.00075
78 19 1.00074
78 20 1.00073
78 21 1.00073
78 22 1.00072
78 23 1.0007
78 24 1.00069
78 25 1.00067
78 26 1.00066
78 27 1.00063
78 28 1.00061
78 29 1.00058
78 30 1.00055
78 31 1.00051
78 32 1.00047
78 33 1.00043
78 34 1.00038
78 35 1.00033
78 36 1.00027
78 37 1.0002
78 38 1.00013
78 39 1.00006
78 40 0.999982
78 41 0.999899
78 42 0.999812
78 43 0.999722
78 44 0.999628
78 45 0.999533
78 46 0.999435
78 47 0.999336
78 48 0.999237
78 49 0.999137
78 50 0.999039
78 51 0.998941
78 52 0.998845
78 53 0.998752
78 54 0.998661
78 55 0.998573
78 56 0.998489
78 57 0.998408
78 58 0.998331
78 59 0.998258
78 60 0.998189
78 61 0.998124
78 62 0.998063
78 63 0.998006
78 64 0.997953
78 65 0.997904
78 66 0.997859
78 67 0.997818
78 68 0.99778
78 69 0.997746
78 70 0.997716
78 71 0.997689
78 72 0.997666
78 73 0.997645
78 74 0.997629
78 75 0.997615
78 76 0.997604
78 77 0.997597
78 78 0.997592
78 79 0.997591
78 80 0.997592
78 81 0.997596
78 82 0.997603
78 83 0.997613
78 84 0.997625
78 85 0.99764
78 86 0.997657
78 87 0.997677
78 88 0.997699
78 89 0.997723
78 90 0.997749
78 91 0.997777
78 92 0.997806
78 93 0.997837
78 94 0.99787
78 95 0.997903
78 96 0.997938
78 97 0.997973
78 98 0.998009
78 99 0.998045
78 100 0.998082
78 101 0.998118
78 102 0.998155
78 103 0.99819
78 104 0.998226
78 105 0.99826
78 106 0.998294
78 107 0.998327
78 108 0.998358
78 109 0.998389
78 110 0.998418
78 111 0.998446
78 112 0.998474
78 113 0.9985
78 114 0.998525
78 115 0.99855
78 116 0.998574
78 117 0.998597
78 118 0.99862
78 119 0.998641
78 120 0.998662
78 121 0.998682
78 122 0.9987
78 123 0.998715
78 124 0.998729
78 125 0.998738
78 126 0.998744
78 127 0.998745

79 0 0
79 1 1.00078
79 2 1.00078
79 3 1.00078
79 4 1.00078
79 5 1.00077
79 6 1.00077
79 7 1.00077
79 8 1.00077
79 9 1.00077
79 10 1.00077
79 11 1.00076
79 12 1.00076
79 13 1.00076
79 14 1.00076
79 15 1.00075
79 16 1.00075
79 17 1.00075
79 18 1.00074
79 19 1.00074
79 20 1.00073
79 21 1.00072
79 22 1.00071
79 23 1.0007
79 24 1.00069
79 25 1.00067
79 26 1.00065
79 27 1.00063
79 28 1.00061
79 29 1.00058
79 30 1.00055
79 31 1.00052
79 32 1.00048
79 33 1.00043
79 34 1.00039
79 35 1.00033
79 36 1.00027
79 37 1.00021
79 38 1.00014
79 39 1.00007
79 40 0.999992
79 41 0.99991
79 42 0.999823
79 43 0.999734
79 44 0.999641
79 45 0.999545
79 46 0.999447
79 47 0.999349
79 48 0.999249
79 49 0.99915
79 50 0.999051
79 51 0.998953
79 52 0.998857
79 53 0.998763
79 54 0.998672
79 55 0.998583
79 56 0.998499
79 57 0.998417
79 58 0.99834
79 59 0.998266
79 60 0.998197
79 61 0.998132
79 62 0.99807
79 63 0.998013
79 64 0.99796
79 65 0.997911
79 66 0.997866
79 67 0.997824
79 68 0.997786
79 69 0.997752
79 70 0.997722
79 71 0.997695
79 72 0.997672
79 73 0.997652
79 74 0.997635
79 75 0.997621
79 76 0.997611
79 77 0.997603
79 78 0.997599
79 79 0.997597
79 80 0.997599
79 81 0.997603
79 82 0.99761
79 83 0.99762
79 84 0.997632
79 85 0.997647
79 86 0.997665
79 87 0.997684
79 88 0.997706
79 89 0.99773
79 90 0.997756
79 91 0.997784
79 92 0.997814
79 93 0.997845
79 94 0.997877
79 95 0.99791
79 96 0.997945
79 97 0.99798
79 98 0.998016
79 99 0.998052
79 100 0.998088
79 101 0.998124
79 102 0.99816
79 103 0.998196
79 104 0.998231
79 105 0.998265
79 106 0.998298
79 107 0.998331
79 108 0.998362
79 109 0.998392
79 110 0.998421
79 111 0.998449
79 112 0.998477
79 113 0.998503
79 114 0.998528
79 115 0.998552
79 116 0.998576
79 117 0.998599
79 118 0.998622
79 119 0.998643
79 120 0.998664
79 121 0.998684
79 122 0.998701
79 123 0.998717
79 124 0.99873
79 125 0.998739
79 126 0.998744
79 127 0.998745

80 0 0
80 1 1.00078
80 2 1.00077
80 3 1.00077
80 4 1.00077
80 5 1.00077
80 6 1.00077
80 7 1.00076
80 8 1.00076
80 9 1.00076
80 10 1.00076
80 11 1.00076
80 12 1.00075
80 13 1.00075
80 14 1.00075
80 15 1.00075
80 16 1.00074
80 17 1.00074
80 18 1.00074
80 19 1.00073
80 20 1.00072
80 21 1.00072
80 22 1.00071
80 23 1.0007
80 24 1.00068
80 25 1.00067
80 26 1.00065
80 27 1.00063
80 28 1.00061
80 29 1.00058
80 30 1.00055
80 31 1.00052
80 32 1.00048
80 33 1.00044
80 34 1.00039
80 35 1.00034
80 36 1.00028
80 37 1.00022
80 38 1.00015
80 39 1.00008
80 40 1
80 41 0.999922
80 42 0.999837
80 43 0.999747
80 44 0.999655
80 45 0.99956
80 46 0.999463
80 47 0.999364
80 48 0.999265
80 49 0.999165
80 50 0.999066
80 51 0.998968
80 52 0.998871
80 53 0.998777
80 54 0.998685
80 55 0.998597
80 56 0.998511
80 57 0.99843
80 58 0.998352
80 59 0.998278
80 60 0.998208
80 61 0.998142
80 62 0.998081
80 63 0.998023
80 64 0.99797
80 65 0.99792
80 66 0.997875
80 67 0.997833
80 68 0.997795
80 69 0.997761
80 70 0.997731
80 71 0.997704
80 72 0.99768
80 73 0.99766
80 74 0.997644
80 75 0.99763
80 76 0.99762
80 77 0.997612
80 78 0.997608
80 79 0.997607
80 80 0.997608
80 81 0.997613
80 82 0.99762
80 83 0.99763
80 84 0.997642
80 85 0.997657
80 86 0.997675
80 87 0.997694
80 88 0.997716
80 89 0.99774
80 90 0.997766
80 91 0.997794
80 92 0.997824
80 93 0.997855
80 94 0.997887
80 95 0.99792
80 96 0.997955
80 97 0.99799
80 98 0.998025
80 99 0.998061
80 100 0.998097
80 101 0.998133
80 102 0.998169
80 103 0.998204
80 104 0.998239
80 105 0.998273
80 106 0.998306
80 107 0.998338
80 108 0.99837
80 109 0.9984
80 110 0.998429
80 111 0.998456
80 112 0.998483
80 113 0.998509
80 114 0.998535
80 115 0.998559
80 116 0.998583
80 117 0.998606
80 118 0.998628
80 119 0.99865
80 120 0.998671
80 121 0.99869
80 122 0.998708
80 123 0.998723
80 124 0.998735
80 125 0.998744
80 126 0.998749
80 127 0.998749

81 0 0
81 1 1.00077
81 2 1.00077
81 3 1.00076
81 4 1.00076
81 5 1.00076
81 6 1.00076
81 7 1.00076
81 8 1.00075
81 9 1.00075
81 10 1.00075
81 11 1.00075
81 12 1.00075
81 13 1.00075
81 14 1.00074
81 15 1.00074
81 16 1.00074
81 17 1.00073
81 18 1.00073
81 19 1.00072
81 20 1.00072
81 21 1.00071
81 22 1.0007
81 23 1.00069
81 24 1.00068
81 25 1.00066
81 26 1.00065
81 27 1.00063
81 28 1.00061
81 29 1.00058
81 30 1.00055
81 31 1.00052
81 32 1.00048
81 33 1.00044
81 34 1.0004
81 35 1.00034
81 36 1.00029
81 37 1.00023
81 38 1.00016
81 39 1.00009
81 40 1.00002
81 41 0.999936
81 42 0.999852
81 43 0.999764
81 44 0.999672
81 45 0.999578
81 46 0.999481
81 47 0.999382
81 48 0.999283
81 49 0.999184
81 50 0.999084
81 51 0.998986
81 52 0.998889
81 53 0.998795
81 54 0.998703
81 55 0.998614
81 56 0.998528
81 57 0.998445
81 58 0.998367
81 59 0.998292
81 60 0.998222
81 61 0.998156
81 62 0.998094
81 63 0.998036
81 64 0.997982
81 65 0.997932
81 66 0.997887
81 67 0.997845
81 68 0.997807
81 69 0.997773
81 70 0.997742
81 71 0.997715
81 72 0.997692
81 73 0.997672
81 74 0.997655
81 75 0.997641
81 76 0.997631
81 77 0.997624
81 78 0.99762
81 79 0.997618
81 80 0.99762
81 81 0.997624
81 82 0.997632
81 83 0.997642
81 84 0.997654
81 85 0.997669
81 86 0.997687
81 87 0.997707
81 88 0.997729
81 89 0.997753
81 90 0.997779
81 91 0.997807
81 92 0.997836
81 93 0.997867
81 94 0.9979
81 95 0.997933
81 96 0.997967
81 97 0.998002
81 98 0.998038
81 99 0.998074
81 100 0.99811
81 101 0.998146
81 102 0.998181
81 103 0.998217
81 104 0.998251
81 105 0.998285
81 106 0.998318
81 107 0.99835
81 108 0.998381
81 109 0.998411
81 110 0.998439
81 111 0.998467
81 112 0.998494
81 113 0.99852
81 114 0.998545
81 115 0.99857
81 116 0.998594
81 117 0.998617
81 118 0.998639
81 119 0.998661
81 120 0.998682
81 121 0.998701
81 122 0.998719
81 123 0.998734
81 124 0.998746
81 125 0.998754
81 126 0.998758
81 127 0.998757

82 0 0
82 1 1.00076
82 2 1.00076
82 3 1.00076
82 4 1.00076
82 5 1.00075
82 6 1.00075
82 7 1.00075
82 8 1.00075
82 9 1.00075
82 10 1.00074
82 11 1.00074
82 12 1.00074
82 13 1.00074
82 14 1.00074
82 15 1.00073
82 16 1.00073
82 17 1.00073
82 18 1.00072
82 19 1.00072
82 20 1.00071
82 21 1.0007
82 22 1.0007
82 23 1.00069
82 24 1.00067
82 25 1.00066
82 26 1.00064
82 27 1.00063
82 28 1.0006
82 29 1.00058
82 30 1.00055
82 31 1.00052
82 32 1.00049
82 33 1.00045
82 34 1.0004
82 35 1.00035
82 36 1.0003
82 37 1.00024
82 38 1.00017
82 39 1.00011
82 40 1.00003
82 41 0.999952
82 42 0.999869
82 43 0.999782
82 44 0.999691
82 45 0.999598
82 46 0.999501
82 47 0.999404
82 48 0.999305
82 49 0.999205
82 50 0.999106
82 51 0.999008
82 52 0.998911
82 53 0.998816
82 54 0.998723
82 55 0.998634
82 56 0.998547
82 57 0.998464
82 58 0.998385
82 59 0.99831
82 60 0.998239
82 61 0.998173
82 62 0.99811
82 63 0.998052
82 64 0.997998
82 65 0.997947
82 66 0.997901
82 67 0.997859
82 68 0.997821
82 69 0.997787
82 70 0.997756
82 71 0.997729
82 72 0.997706
82 73 0.997685
82 74 0.997669
82 75 0.997655
82 76 0.997645
82 77 0.997638
82 78 0.997633
82 79 0.997632
82 80 0.997634
82 81 0.997639
82 82 0.997646
82 83 0.997656
82 84 0.997669
82 85 0.997684
82 86 0.997702
82 87 0.997722
82 88 0.997744
82 89 0.997768
82 90 0.997794
82 91 0.997822
82 92 0.997852
82 93 0.997883
82 94 0.997915
82 95 0.997949
82 96 0.997983
82 97 0.998018
82 98 0.998053
82 99 0.998089
82 100 0.998125
82 101 0.998161
82 102 0.998197
82 103 0.998232
82 104 0.998266
82 105 0.9983
82 106 0.998333
82 107 0.998365
82 108 0.998396
82 109 0.998425
82 110 0.998454
82 111 0.998482
82 112 0.998509
82 113 0.998535
82 114 0.99856
82 115 0.998585
82 116 0.998609
82 117 0.998632
82 118 0.998655
82 119 0.998677
82 120 0.998697
82 121 0.998717
82 122 0.998734
82 123 0.998749
82 124 0.998761
82 125 0.998769
82 126 0.998773
82 127 0.998771

83 0 0
83 1 1.00076
83 2 1.00075
83 3 1.00075
83 4 1.00075
83 5 1.00075
83 6 1.00074
83 7 1.00074
83 8 1.00074
83 9 1.00074
83 10 1.00074
83 11 1.00073
83 12 1.00073
83 13 1.00073
83 14 1.00073
83 15 1.00073
83 16 1.00072
83 17 1.00072
83 18 1.00072
83 19 1.00071
83 20 1.0007
83 21 1.0007
83 22 1.00069
83 23 1.00068
83 24 1.00067
83 25 1.00066
83 26 1.00064
83 27 1.00062
83 28 1.0006
83 29 1.00058
83 30 1.00055
83 31 1.00052
83 32 1.00049
83 33 1.00045
83 34 1.00041
83 35 1.00036
83 36 1.00031
83 37 1.00025
83 38 1.00019
83 39 1.00012
83 40 1.00005
83 41 0.99997
83 42 0.999888
83 43 0.999802
83 44 0.999713
83 45 0.99962
83 46 0.999525
83 47 0.999428
83 48 0.999329
83 49 0.99923
83 50 0.999131
83 51 0.999032
83 52 0.998935
83 53 0.99884
83 54 0.998747
83 55 0.998657
83 56 0.99857
83 57 0.998487
83 58 0.998407
83 59 0.998331
83 60 0.99826
83 61 0.998193
83 62 0.998129
83 63 0.998071
83 64 0.998016
83 65 0.997965
83 66 0.997919
83 67 0.997877
83 68 0.997838
83 69 0.997803
83 70 0.997773
83 71 0.997745
83 72 0.997722
83 73 0.997701
83 74 0.997685
83 75 0.997671
83 76 0.997661
83 77 0.997654
83 78 0.99765
83 79 0.997649
83 80 0.99765
83 81 0.997655
83 82 0.997663
83 83 0.997673
83 84 0.997686
83 85 0.997701
83 86 0.997719
83 87 0.997739
83 88 0.997761
83 89 0.997786
83 90 0.997812
83 91 0.99784
83 92 0.99787
83 93 0.997901
83 94 0.997933
83 95 0.997967
83 96 0.998001
83 97 0.998036
83 98 0.998072
83 99 0.998108
83 100 0.998144
83 101 0.99818
83 102 0.998215
83 103 0.99825
83 104 0.998285
83 105 0.998318
83 106 0.998351
83 107 0.998383
83 108 0.998414
83 109 0.998444
83 110 0.998473
83 111 0.998501
83 112 0.998528
83 113 0.998554
83 114 0.99858
83 115 0.998604
83 116 0.998629
83 117 0.998652
83 118 0.998675
83 119 0.998697
83 120 0.998718
83 121 0.998737
83 122 0.998755
83 123 0.99877
83 124 0.998781
83 125 0.998789
83 126 0.998792
83 127 0.99879

84 0 0
84 1 1.00075
84 2 1.00074
84 3 1.00074
84 4 1.00074
84 5 1.00074
84 6 1.00074
84 7 1.00073
84 8 1.00073
84 9 1.00073
84 10 1.00073
84 11 1.00073
84 12 1.00072
84 13 1.00072
84 14 1.00072
84 15 1.00072
84 16 1.00072
84 17 1.00071
84 18 1.00071
84 19 1.0007
84 20 1.0007
84 21 1.00069
84 22 1.00068
84 23 1.00068
84 24 1.00066
84 25 1.00065
84 26 1.00064
84 27 1.00062
84 28 1.0006
84 29 1.00058
84 30 1.00056
84 31 1.00053
84 32 1.00049
84 33 1.00046
84 34 1.00042
84 35 1.00037
84 36 1.00032
84 37 1.00026
84 38 1.0002
84 39 1.00014
84 40 1.00007
84 41 0.999989
84 42 0.999909
84 43 0.999825
84 44 0.999736
84 45 0.999645
84 46 0.999551
84 47 0.999454
84 48 0.999356
84 49 0.999258
84 50 0.999159
84 51 0.99906
84 52 0.998963
84 53 0.998868
84 54 0.998774
84 55 0.998684
84 56 0.998596
84 57 0.998512
84 58 0.998432
84 59 0.998356
84 60 0.998284
84 61 0.998216
84 62 0.998152
84 63 0.998092
84 64 0.998037
84 65 0.997986
84 66 0.997939
84 67 0.997896
84 68 0.997858
84 69 0.997823
84 70 0.997792
84 71 0.997764
84 72 0.99774
84 73 0.99772
84 74 0.997703
84 75 0.99769
84 76 0.997679
84 77 0.997672
84 78 0.997668
84 79 0.997667
84 80 0.997669
84 81 0.997674
84 82 0.997682
84 83 0.997692
84 84 0.997705
84 85 0.99772
84 86 0.997738
84 87 0.997759
84 88 0.997781
84 89 0.997806
84 90 0.997832
84 91 0.99786
84 92 0.99789
84 93 0.997921
84 94 0.997954
84 95 0.997988
84 96 0.998022
84 97 0.998057
84 98 0.998093
84 99 0.998129
84 100 0.998165
84 101 0.998201
84 102 0.998237
84 103 0.998272
84 104 0.998306
84 105 0.99834
84 106 0.998373
84 107 0.998405
84 108 0.998436
84 109 0.998466
84 110 0.998495
84 111 0.998524
84 112 0.998551
84 113 0.998577
84 114 0.998603
84 115 0.998628
84 116 0.998653
84 117 0.998677
84 118 0.9987
84 119 0.998722
84 120 0.998744
84 121 0.998763
84 122 0.998781
84 123 0.998795
84 124 0.998807
84 125 0.998814
84 126 0.998817
84 127 0.998813

85 0 0
85 1 1.00074
85 2 1.00074
85 3 1.00073
85 4 1.00073
85 5 1.00073
85 6 1.00073
85 7 1.00073
85 8 1.00072
85 9 1.00072
85 10 1.00072
85 11 1.00072
85 12 1.00072
85 13 1.00072
85 14 1.00071
85 15 1.00071
85 16 1.00071
85 17 1.0007
85 18 1.0007
85 19 1.0007
85 20 1.00069
85 21 1.00069
85 22 1.00068
85 23 1.00067
85 24 1.00066
85 25 1.00065
85 26 1.00064
85 27 1.00062
85 28 1.0006
85 29 1.00058
85 30 1.00056
85 31 1.00053
85 32 1.0005
85 33 1.00046
85 34 1.00042
85 35 1.00038
85 36 1.00033
85 37 1.00028
85 38 1.00022
85 39 1.00015
85 40 1.00008
85 41 1.00001
85 42 0.999932
85 43 0.999849
85 44 0.999762
85 45 0.999672
85 46 0.999579
85 47 0.999483
85 48 0.999386
85 49 0.999288
85 50 0.99919
85 51 0.999092
85 52 0.998994
85 53 0.998899
85 54 0.998805
85 55 0.998714
85 56 0.998626
85 57 0.998541
85 58 0.998461
85 59 0.998384
85 60 0.998311
85 61 0.998242
85 62 0.998177
85 63 0.998117
85 64 0.998061
85 65 0.99801
85 66 0.997962
85 67 0.997919
85 68 0.99788
85 69 0.997844
85 70 0.997813
85 71 0.997785
85 72 0.997761
85 73 0.997741
85 74 0.997724
85 75 0.99771
85 76 0.9977
85 77 0.997693
85 78 0.997689
85 79 0.997688
85 80 0.99769
85 81 0.997695
85 82 0.997702
85 83 0.997713
85 84 0.997726
85 85 0.997742
85 86 0.99776
85 87 0.99778
85 88 0.997803
85 89 0.997828
85 90 0.997854
85 91 0.997883
85 92 0.997913
85 93 0.997944
85 94 0.997977
85 95 0.998011
85 96 0.998045
85 97 0.998081
85 98 0.998117
85 99 0.998153
85 100 0.998189
85 101 0.998225
85 102 0.998261
85 103 0.998296
85 104 0.998331
85 105 0.998365
85 106 0.998398
85 107 0.998431
85 108 0.998462
85 109 0.998492
85 110 0.998522
85 111 0.99855
85 112 0.998578
85 113 0.998605
85 114 0.998631
85 115 0.998657
85 116 0.998682
85 117 0.998706
85 118 0.99873
85 119 0.998753
85 120 0.998774
85 121 0.998794
85 122 0.998812
85 123 0.998827
85 124 0.998838
85 125 0.998845
85 126 0.998847
85 127 0.998843

86 0 0
86 1 1.00073
86 2 1.00073
86 3 1.00073
86 4 1.00072
86 5 1.00072
86 6 1.00072
86 7 1.00072
86 8 1.00072
86 9 1.00071
86 10 1.00071
86 11 1.00071
86 12 1.00071
86 13 1.00071
86 14 1.0007
86 15 1.0007
86 16 1.0007
86 17 1.0007
86 18 1.00069
86 19 1.00069
86 20 1.00068
86 21 1.00068
86 22 1.00067
86 23 1.00066
86 24 1.00066
86 25 1.00064
86 26 1.00063
86 27 1.00062
86 28 1.0006
86 29 1.00058
86 30 1.00056
86 31 1.00053
86 32 1.0005
86 33 1.00047
86 34 1.00043
86 35 1.00039
86 36 1.00034
86 37 1.00029
86 38 1.00023
86 39 1.00017
86 40 1.0001
86 41 1.00003
86 42 0.999955
86 43 0.999874
86 44 0.999789
86 45 0.999701
86 46 0.999609
86 47 0.999515
86 48 0.999419
86 49 0.999322
86 50 0.999224
86 51 0.999126
86 52 0.999029
86 53 0.998933
86 54 0.998839
86 55 0.998748
86 56 0.998659
86 57 0.998574
86 58 0.998492
86 59 0.998415
86 60 0.998341
86 61 0.998271
86 62 0.998206
86 63 0.998145
86 64 0.998089
86 65 0.998036
86 66 0.997988
86 67 0.997944
86 68 0.997904
86 69 0.997869
86 70 0.997837
86 71 0.997809
86 72 0.997784
86 73 0.997764
86 74 0.997747
86 75 0.997733
86 76 0.997722
86 77 0.997715
86 78 0.997711
86 79 0.99771
86 80 0.997712
86 81 0.997717
86 82 0.997725
86 83 0.997736
86 84 0.997749
86 85 0.997765
86 86 0.997783
86 87 0.997804
86 88 0.997827
86 89 0.997852
86 90 0.997879
86 91 0.997907
86 92 0.997937
86 93 0.997969
86 94 0.998002
86 95 0.998036
86 96 0.998071
86 97 0.998107
86 98 0.998143
86 99 0.998179
86 100 0.998216
86 101 0.998252
86 102 0.998288
86 103 0.998324
86 104 0.998359
86 105 0.998393
86 106 0.998427
86 107 0.99846
86 108 0.998491
86 109 0.998522
86 110 0.998552
86 111 0.998581
86 112 0.998609
86 113 0.998637
86 114 0.998664
86 115 0.99869
86 116 0.998715
86 117 0.99874
86 118 0.998765
86 119 0.998788
86 120 0.99881
86 121 0.99883
86 122 0.998848
86 123 0.998863
86 124 0.998874
86 125 0.998881
86 126 0.998882
86 127 0.998877

87 0 0
87 1 1.00072
87 2 1.00072
87 3 1.00072
87 4 1.00071
87 5 1.00071
87 6 1.00071
87 7 1.00071
87 8 1.00071
87 9 1.00071
87 10 1.0007
87 11 1.0007
87 12 1.0007
87 13 1.0007
87 14 1.0007
87 15 1.00069
87 16 1.00069
87 17 1.00069
87 18 1.00069
87 19 1.00068
87 20 1.00068
87 21 1.00067
87 22 1.00067
87 23 1.00066
87 24 1.00065
87 25 1.00064
87 26 1.00063
87 27 1.00061
87 28 1.0006
87 29 1.00058
87 30 1.00056
87 31 1.00053
87 32 1.0005
87 33 1.00047
87 34 1.00044
87 35 1.0004
87 36 1.00035
87 37 1.0003
87 38 1.00025
87 39 1.00019
87 40 1.00012
87 41 1.00005
87 42 0.99998
87 43 0.999901
87 44 0.999819
87 45 0.999732
87 46 0.999642
87 47 0.999549
87 48 0.999454
87 49 0.999358
87 50 0.99926
87 51 0.999163
87 52 0.999066
87 53 0.99897
87 54 0.998876
87 55 0.998785
87 56 0.998696
87 57 0.99861
87 58 0.998528
87 59 0.998449
87 60 0.998374
87 61 0.998304
87 62 0.998238
87 63 0.998176
87 64 0.998119
87 65 0.998066
87 66 0.998017
87 67 0.997972
87 68 0.997932
87 69 0.997896
87 70 0.997863
87 71 0.997835
87 72 0.99781
87 73 0.997789
87 74 0.997772
87 75 0.997758
87 76 0.997747
87 77 0.99774
87 78 0.997736
87 79 0.997735
87 80 0.997737
87 81 0.997742
87 82 0.99775
87 83 0.997761
87 84 0.997774
87 85 0.99779
87 86 0.997809
87 87 0.99783
87 88 0.997853
87 89 0.997878
87 90 0.997905
87 91 0.997934
87 92 0.997964
87 93 0.997996
87 94 0.99803
87 95 0.998064
87 96 0.998099
87 97 0.998135
87 98 0.998172
87 99 0.998208
87 100 0.998245
87 101 0.998282
87 102 0.998318
87 103 0.998355
87 104 0.99839
87 105 0.998425
87 106 0.998459
87 107 0.998492
87 108 0.998524
87 109 0.998556
87 110 0.998586
87 111 0.998616
87 112 0.998645
87 113 0.998673
87 114 0.998701
87 115 0.998728
87 116 0.998754
87 117 0.99878
87 118 0.998805
87 119 0.998829
87 120 0.998852
87 121 0.998872
87 122 0.998891
87 123 0.998906
87 124 0.998917
87 125 0.998923
87 126 0.998924
87 127 0.998918

88 0 0
88 1 1.00071
88 2 1.00071
88 3 1.00071
88 4 1.00071
88 5 1.0007
88 6 1.0007
88 7 1.0007
88 8 1.0007
88 9 1.0007
88 10 1.0007
88 11 1.00069
88 12 1.00069
88 13 1.00069
88 14 1.00069
88 15 1.00069
88 16 1.00068
88 17 1.00068
88 18 1.00068
88 19 1.00067
88 20 1.00067
88 21 1.00066
88 22 1.00066
88 23 1.00065
88 24 1.00064
88 25 1.00063
88 26 1.00062
88 27 1.00061
88 28 1.0006
88 29 1.00058
88 30 1.00056
88 31 1.00053
88 32 1.00051
88 33 1.00048
88 34 1.00044
88 35 1.00041
88 36 1.00036
88 37 1.00032
88 38 1.00026
88 39 1.00021
88 40 1.00015
88 41 1.00008
88 42 1.00001
88 43 0.99993
88 44 0.999849
88 45 0.999764
88 46 0.999676
88 47 0.999585
88 48 0.999491
88 49 0.999396
88 50 0.9993
88 51 0.999203
88 52 0.999107
88 53 0.999011
88 54 0.998917
88 55 0.998825
88 56 0.998736
88 57 0.998649
88 58 0.998566
88 59 0.998487
88 60 0.998411
88 61 0.99834
88 62 0.998273
88 63 0.99821
88 64 0.998152
88 65 0.998098
88 66 0.998048
88 67 0.998003
88 68 0.997962
88 69 0.997925
88 70 0.997892
88 71 0.997863
88 72 0.997838
88 73 0.997817
88 74 0.997799
88 75 0.997785
88 76 0.997774
88 77 0.997767
88 78 0.997762
88 79 0.997761
88 80 0.997764
88 81 0.997769
88 82 0.997777
88 83 0.997788
88 84 0.997801
88 85 0.997817
88 86 0.997836
88 87 0.997857
88 88 0.99788
88 89 0.997906
88 90 0.997933
88 91 0.997962
88 92 0.997993
88 93 0.998025
88 94 0.998059
88 95 0.998094
88 96 0.998129
88 97 0.998166
88 98 0.998203
88 99 0.99824
88 100 0.998277
88 101 0.998314
88 102 0.998351
88 103 0.998388
88 104 0.998424
88 105 0.998459
88 106 0.998494
88 107 0.998528
88 108 0.998561
88 109 0.998593
88 110 0.998625
88 111 0.998655
88 112 0.998685
88 113 0.998714
88 114 0.998742
88 115 0.99877
88 116 0.998798
88 117 0.998825
88 118 0.99885
88 119 0.998875
88 120 0.998899
88 121 0.99892
88 122 0.998939
88 123 0.998954
88 124 0.998965
88 125 0.998971
88 126 0.998971
88 127 0.998965

89 0 0
89 1 1.00071
89 2 1.0007
89 3 1.0007
89 4 1.0007
89 5 1.0007
89 6 1.00069
89 7 1.00069
89 8 1.00069
89 9 1.00069
89 10 1.00069
89 11 1.00068
89 12 1.00068
89 13 1.00068
89 14 1.00068
89 15 1.00068
89 16 1.00068
89 17 1.00067
89 18 1.00067
89 19 1.00067
89 20 1.00066
89 21 1.00066
89 22 1.00065
89 23 1.00065
89 24 1.00064
89 25 1.00063
89 26 1.00062
89 27 1.00061
89 28 1.00059
89 29 1.00058
89 30 1.00056
89 31 1.00054
89 32 1.00051
89 33 1.00048
89 34 1.00045
89 35 1.00042
89 36 1.00037
89 37 1.00033
89 38 1.00028
89 39 1.00023
89 40 1.00017
89 41 1.0001
89 42 1.00003
89 43 0.999959
89 44 0.999881
89 45 0.999798
89 46 0.999712
89 47 0.999623
89 48 0.999531
89 49 0.999437
89 50 0.999342
89 51 0.999246
89 52 0.99915
89 53 0.999055
89 54 0.998961
89 55 0.998869
89 56 0.998779
89 57 0.998692
89 58 0.998608
89 59 0.998528
89 60 0.998452
89 61 0.99838
89 62 0.998312
89 63 0.998248
89 64 0.998189
89 65 0.998134
89 66 0.998083
89 67 0.998037
89 68 0.997995
89 69 0.997957
89 70 0.997924
89 71 0.997894
89 72 0.997868
89 73 0.997846
89 74 0.997828
89 75 0.997814
89 76 0.997803
89 77 0.997795
89 78 0.997791
89 79 0.99779
89 80 0.997792
89 81 0.997797
89 82 0.997805
89 83 0.997816
89 84 0.99783
89 85 0.997846
89 86 0.997865
89 87 0.997886
89 88 0.99791
89 89 0.997935
89 90 0.997963
89 91 0.997993
89 92 0.998024
89 93 0.998056
89 94 0.99809
89 95 0.998126
89 96 0.998162
89 97 0.998198
89 98 0.998236
89 99 0.998274
89 100 0.998311
89 101 0.998349
89 102 0.998387
89 103 0.998424
89 104 0.998461
89 105 0.998497
89 106 0.998533
89 107 0.998567
89 108 0.998601
89 109 0.998634
89 110 0.998667
89 111 0.998698
89 112 0.998729
89 113 0.99876
89 114 0.998789
89 115 0.998818
89 116 0.998847
89 117 0.998875
89 118 0.998902
89 119 0.998928
89 120 0.998952
89 121 0.998974
89 122 0.998993
89 123 0.999009
89 124 0.99902
89 125 0.999026
89 126 0.999026
89 127 0.999018

90 0 0
90 1 1.0007
90 2 1.00069
90 3 1.00069
90 4 1.00069
90 5 1.00069
90 6 1.00068
90 7 1.00068
90 8 1.00068
90 9 1.00068
90 10 1.00068
90 11 1.00068
90 12 1.00067
90 13 1.00067
90 14 1.00067
90 15 1.00067
90 16 1.00067
90 17 1.00066
90 18 1.00066
90 19 1.00066
90 20 1.00065
90 21 1.00065
90 22 1.00064
90 23 1.00064
90 24 1.00063
90 25 1.00062
90 26 1.00061
90 27 1.0006
90 28 1.00059
90 29 1.00058
90 30 1.00056
90 31 1.00054
90 32 1.00051
90 33 1.00049
90 34 1.00046
90 35 1.00042
90 36 1.00039
90 37 1.00034
90 38 1.0003
90 39 1.00024
90 40 1.00019
90 41 1.00013
90 42 1.00006
90 43 0.999989
90 44 0.999913
90 45 0.999833
90 46 0.99975
90 47 0.999663
90 48 0.999573
90 49 0.99948
90 50 0.999387
90 51 0.999292
90 52 0.999197
90 53 0.999102
90 54 0.999008
90 55 0.998916
90 56 0.998826
90 57 0.998738
90 58 0.998654
90 59 0.998573
90 60 0.998496
90 61 0.998423
90 62 0.998354
90 63 0.998289
90 64 0.998228
90 65 0.998172
90 66 0.998121
90 67 0.998074
90 68 0.998031
90 69 0.997992
90 70 0.997958
90 71 0.997927
90 72 0.997901
90 73 0.997879
90 74 0.99786
90 75 0.997845
90 76 0.997834
90 77 0.997826
90 78 0.997821
90 79 0.99782
90 80 0.997822
90 81 0.997827
90 82 0.997835
90 83 0.997846
90 84 0.99786
90 85 0.997876
90 86 0.997895
90 87 0.997917
90 88 0.997941
90 89 0.997967
90 90 0.997995
90 91 0.998025
90 92 0.998056
90 93 0.998089
90 94 0.998124
90 95 0.998159
90 96 0.998196
90 97 0.998233
90 98 0.998271
90 99 0.99831
90 100 0.998348
90 101 0.998387
90 102 0.998425
90 103 0.998463
90 104 0.998501
90 105 0.998538
90 106 0.998575
90 107 0.99861
90 108 0.998645
90 109 0.99868
90 110 0.998713
90 111 0.998746
90 112 0.998778
90 113 0.99881
90 114 0.998841
90 115 0.998871
90 116 0.998901
90 117 0.998931
90 118 0.998959
90 119 0.998986
90 120 0.999011
90 121 0.999035
90 122 0.999055
90 123 0.999071
90 124 0.999082
90 125 0.999087
90 126 0.999087
90 127 0.999078

91 0 0
91 1 1.00069
91 2 1.00068
91 3 1.00068
91 4 1.00068
91 5 1.00068
91 6 1.00068
91 7 1.00067
91 8 1.00067
91 9 1.00067
91 10 1.00067
91 11 1.00067
91 12 1.00067
91 13 1.00066
91 14 1.00066
91 15 1.00066
91 16 1.00066
91 17 1.00066
91 18 1.00065
91 19 1.00065
91 20 1.00065
91 21 1.00064
91 22 1.00064
91 23 1.00063
91 24 1.00063
91 25 1.00062
91 26 1.00061
91 27 1.0006
91 28 1.00059
91 29 1.00057
91 30 1.00056
91 31 1.00054
91 32 1.00052
91 33 1.00049
91 34 1.00046
91 35 1.00043
91 36 1.0004
91 37 1.00036
91 38 1.00031
91 39 1.00026
91 40 1.00021
91 41 1.00015
91 42 1.00009
91 43 1.00002
91 44 0.999947
91 45 0.999869
91 46 0.999788
91 47 0.999704
91 48 0.999616
91 49 0.999525
91 50 0.999433
91 51 0.99934
91 52 0.999246
91 53 0.999152
91 54 0.999058
91 55 0.998966
91 56 0.998876
91 57 0.998788
91 58 0.998703
91 59 0.998621
91 60 0.998543
91 61 0.998469
91 62 0.998399
91 63 0.998333
91 64 0.998271
91 65 0.998214
91 66 0.998162
91 67 0.998113
91 68 0.998069
91 69 0.99803
91 70 0.997994
91 71 0.997963
91 72 0.997936
91 73 0.997913
91 74 0.997894
91 75 0.997878
91 76 0.997867
91 77 0.997858
91 78 0.997854
91 79 0.997852
91 80 0.997854
91 81 0.997859
91 82 0.997867
91 83 0.997878
91 84 0.997892
91 85 0.997908
91 86 0.997928
91 87 0.997949
91 88 0.997973
91 89 0.998
91 90 0.998028
91 91 0.998058
91 92 0.99809
91 93 0.998124
91 94 0.998159
91 95 0.998195
91 96 0.998232
91 97 0.99827
91 98 0.998309
91 99 0.998348
91 100 0.998387
91 101 0.998427
91 102 0.998466
91 103 0.998505
91 104 0.998544
91 105 0.998582
91 106 0.99862
91 107 0.998657
91 108 0.998693
91 109 0.998729
91 110 0.998764
91 111 0.998798
91 112 0.998832
91 113 0.998865
91 114 0.998898
91 115 0.99893
91 116 0.998962
91 117 0.998993
91 118 0.999022
91 119 0.999051
91 120 0.999078
91 121 0.999102
91 122 0.999123
91 123 0.999139
91 124 0.999151
91 125 0.999156
91 126 0.999155
91 127 0.999146

92 0 0
92 1 1.00068
92 2 1.00067
92 3 1.00067
92 4 1.00067
92 5 1.00067
92 6 1.00067
92 7 1.00066
92 8 1.00066
92 9 1.00066
92 10 1.00066
92 11 1.00066
92 12 1.00066
92 13 1.00065
92 14 1.00065
92 15 1.00065
92 16 1.00065
92 17 1.00065
92 18 1.00064
92 19 1.00064
92 20 1.00064
92 21 1.00063
92 22 1.00063
92 23 1.00062
92 24 1.00062
92 25 1.00061
92 26 1.0006
92 27 1.00059
92 28 1.00058
92 29 1.00057
92 30 1.00056
92 31 1.00054
92 32 1.00052
92 33 1.0005
92 34 1.00047
92 35 1.00044
92 36 1.00041
92 37 1.00037
92 38 1.00033
92 39 1.00028
92 40 1.00023
92 41 1.00018
92 42 1.00012
92 43 1.00005
92 44 0.99998
92 45 0.999906
92 46 0.999828
92 47 0.999746
92 48 0.99966
92 49 0.999572
92 50 0.999482
92 51 0.99939
92 52 0.999297
92 53 0.999204
92 54 0.999111
92 55 0.99902
92 56 0.998929
92 57 0.998841
92 58 0.998756
92 59 0.998673
92 60 0.998594
92 61 0.998519
92 62 0.998448
92 63 0.998381
92 64 0.998318
92 65 0.99826
92 66 0.998206
92 67 0.998156
92 68 0.998111
92 69 0.99807
92 70 0.998034
92 71 0.998002
92 72 0.997974
92 73 0.99795
92 74 0.99793
92 75 0.997914
92 76 0.997902
92 77 0.997893
92 78 0.997888
92 79 0.997886
92 80 0.997888
92 81 0.997892
92 82 0.9979
92 83 0.997911
92 84 0.997925
92 85 0.997942
92 86 0.997961
92 87 0.997983
92 88 0.998007
92 89 0.998034
92 90 0.998062
92 91 0.998093
92 92 0.998126
92 93 0.99816
92 94 0.998195
92 95 0.998232
92 96 0.99827
92 97 0.998309
92 98 0.998348
92 99 0.998388
92 100 0.998428
92 101 0.998469
92 102 0.998509
92 103 0.99855
92 104 0.998589
92 105 0.998629
92 106 0.998668
92 107 0.998707
92 108 0.998745
92 109 0.998782
92 110 0.998819
92 111 0.998855
92 112 0.99889
92 113 0.998926
92 114 0.99896
92 115 0.998994
92 116 0.999028
92 117 0.999061
92 118 0.999092
92 119 0.999123
92 120 0.999151
92 121 0.999176
92 122 0.999198
92 123 0.999216
92 124 0.999228
92 125 0.999233
92 126 0.999231
92 127 0.999221

93 0 0
93 1 1.00067
93 2 1.00067
93 3 1.00066
93 4 1.00066
93 5 1.00066
93 6 1.00066
93 7 1.00066
93 8 1.00065
93 9 1.00065
93 10 1.00065
93 11 1.00065
93 12 1.00065
93 13 1.00065
93 14 1.00064
93 15 1.00064
93 16 1.00064
93 17 1.00064
93 18 1.00064
93 19 1.00063
93 20 1.00063
93 21 1.00063
93 22 1.00062
93 23 1.00062
93 24 1.00061
93 25 1.00061
93 26 1.0006
93 27 1.00059
93 28 1.00058
93 29 1.00057
93 30 1.00055
93 31 1.00054
93 32 1.00052
93 33 1.0005
93 34 1.00047
93 35 1.00045
93 36 1.00042
93 37 1.00038
93 38 1.00034
93 39 1.0003
93 40 1.00025
93 41 1.0002
93 42 1.00014
93 43 1.00008
93 44 1.00001
93 45 0.999943
93 46 0.999868
93 47 0.999789
93 48 0.999706
93 49 0.99962
93 50 0.999532
93 51 0.999442
93 52 0.999351
93 53 0.999259
93 54 0.999167
93 55 0.999076
93 56 0.998986
93 57 0.998898
93 58 0.998812
93 59 0.998729
93 60 0.998649
93 61 0.998573
93 62 0.9985
93 63 0.998432
93 64 0.998368
93 65 0.998308
93 66 0.998253
93 67 0.998202
93 68 0.998156
93 69 0.998114
93 70 0.998076
93 71 0.998043
93 72 0.998014
93 73 0.997989
93 74 0.997969
93 75 0.997952
93 76 0.997939
93 77 0.99793
93 78 0.997924
93 79 0.997922
93 80 0.997923
93 81 0.997928
93 82 0.997935
93 83 0.997946
93 84 0.99796
93 85 0.997977
93 86 0.997996
93 87 0.998018
93 88 0.998043
93 89 0.99807
93 90 0.998099
93 91 0.99813
93 92 0.998163
93 93 0.998197
93 94 0.998233
93 95 0.998271
93 96 0.998309
93 97 0.998349
93 98 0.998389
93 99 0.99843
93 100 0.998472
93 101 0.998513
93 102 0.998555
93 103 0.998597
93 104 0.998638
93 105 0.998679
93 106 0.99872
93 107 0.99876
93 108 0.9988
93 109 0.998839
93 110 0.998878
93 111 0.998916
93 112 0.998954
93 113 0.998991
93 114 0.999028
93 115 0.999065
93 116 0.999101
93 117 0.999136
93 118 0.999169
93 119 0.999202
93 120 0.999232
93 121 0.999259
93 122 0.999282
93 123 0.9993
93 124 0.999313
93 125 0.999318
93 126 0.999315
93 127 0.999304

94 0 0
94 1 1.00066
94 2 1.00066
94 3 1.00065
94 4 1.00065
94 5 1.00065
94 6 1.00065
94 7 1.00065
94 8 1.00064
94 9 1.00064
94 10 1.00064
94 11 1.00064
94 12 1.00064
94 13 1.00064
94 14 1.00064
94 15 1.00063
94 16 1.00063
94 17 1.00063
94 18 1.00063
94 19 1.00062
94 20 1.00062
94 21 1.00062
94 22 1.00061
94 23 1.00061
94 24 1.0006
94 25 1.0006
94 26 1.00059
94 27 1.00058
94 28 1.00057
94 29 1.00056
94 30 1.00055
94 31 1.00054
94 32 1.00052
94 33 1.0005
94 34 1.00048
94 35 1.00045
94 36 1.00043
94 37 1.00039
94 38 1.00036
94 39 1.00032
94 40 1.00027
94 41 1.00022
94 42 1.00017
94 43 1.00011
94 44 1.00005
94 45 0.99998
94 46 0.999908
94 47 0.999832
94 48 0.999752
94 49 0.999669
94 50 0.999584
94 51 0.999496
94 52 0.999406
94 53 0.999316
94 54 0.999225
94 55 0.999135
94 56 0.999045
94 57 0.998957
94 58 0.998871
94 59 0.998788
94 60 0.998707
94 61 0.99863
94 62 0.998557
94 63 0.998487
94 64 0.998422
94 65 0.998361
94 66 0.998304
94 67 0.998252
94 68 0.998204
94 69 0.998161
94 70 0.998122
94 71 0.998088
94 72 0.998057
94 73 0.998032
94 74 0.99801
94 75 0.997992
94 76 0.997978
94 77 0.997968
94 78 0.997962
94 79 0.997959
94 80 0.99796
94 81 0.997964
94 82 0.997972
94 83 0.997983
94 84 0.997996
94 85 0.998013
94 86 0.998033
94 87 0.998055
94 88 0.99808
94 89 0.998107
94 90 0.998136
94 91 0.998168
94 92 0.998201
94 93 0.998236
94 94 0.998273
94 95 0.998311
94 96 0.998351
94 97 0.998391
94 98 0.998433
94 99 0.998475
94 100 0.998517
94 101 0.99856
94 102 0.998603
94 103 0.998647
94 104 0.99869
94 105 0.998732
94 106 0.998775
94 107 0.998817
94 108 0.998859
94 109 0.998901
94 110 0.998942
94 111 0.998982
94 112 0.999023
94 113 0.999063
94 114 0.999102
94 115 0.999141
94 116 0.99918
94 117 0.999217
94 118 0.999254
94 119 0.999288
94 120 0.99932
94 121 0.999349
94 122 0.999374
94 123 0.999393
94 124 0.999406
94 125 0.999411
94 126 0.999408
94 127 0.999395

95 0 0
95 1 1.00065
95 2 1.00065
95 3 1.00064
95 4 1.00064
95 5 1.00064
95 6 1.00064
95 7 1.00064
95 8 1.00064
95 9 1.00063
95 10 1.00063
95 11 1.00063
95 12 1.00063
95 13 1.00063
95 14 1.00063
95 15 1.00062
95 16 1.00062
95 17 1.00062
95 18 1.00062
95 19 1.00062
95 20 1.00061
95 21 1.00061
95 22 1.00061
95 23 1.0006
95 24 1.0006
95 25 1.00059
95 26 1.00059
95 27 1.00058
95 28 1.00057
95 29 1.00056
95 30 1.00055
95 31 1.00054
95 32 1.00052
95 33 1.0005
95 34 1.00048
95 35 1.00046
95 36 1.00043
95 37 1.0004
95 38 1.00037
95 39 1.00033
95 40 1.00029
95 41 1.00025
95 42 1.0002
95 43 1.00014
95 44 1.00008
95 45 1.00002
95 46 0.999948
95 47 0.999875
95 48 0.999799
95 49 0.999719
95 50 0.999636
95 51 0.999551
95 52 0.999463
95 53 0.999375
95 54 0.999285
95 55 0.999196
95 56 0.999107
95 57 0.99902
95 58 0.998934
95 59 0.99885
95 60 0.998769
95 61 0.998691
95 62 0.998616
95 63 0.998546
95 64 0.998479
95 65 0.998417
95 66 0.998358
95 67 0.998305
95 68 0.998256
95 69 0.998211
95 70 0.998171
95 71 0.998135
95 72 0.998103
95 73 0.998076
95 74 0.998053
95 75 0.998035
95 76 0.99802
95 77 0.998009
95 78 0.998002
95 79 0.997999
95 80 0.997999
95 81 0.998003
95 82 0.99801
95 83 0.998021
95 84 0.998034
95 85 0.998051
95 86 0.99807
95 87 0.998093
95 88 0.998118
95 89 0.998145
95 90 0.998175
95 91 0.998207
95 92 0.998241
95 93 0.998277
95 94 0.998314
95 95 0.998353
95 96 0.998394
95 97 0.998435
95 98 0.998478
95 99 0.998521
95 100 0.998565
95 101 0.998609
95 102 0.998654
95 103 0.998699
95 104 0.998744
95 105 0.998789
95 106 0.998834
95 107 0.998878
95 108 0.998923
95 109 0.998967
95 110 0.99901
95 111 0.999054
95 112 0.999097
95 113 0.99914
95 114 0.999183
95 115 0.999225
95 116 0.999266
95 117 0.999307
95 118 0.999346
95 119 0.999383
95 120 0.999418
95 121 0.999449
95 122 0.999475
95 123 0.999496
95 124 0.999509
95 125 0.999514
95 126 0.99951
95 127 0.999496

96 0 0
96 1 1.00064
96 2 1.00064
96 3 1.00063
96 4 1.00063
96 5 1.00063
96 6 1.00063
96 7 1.00063
96 8 1.00063
96 9 1.00063
96 10 1.00062
96 11 1.00062
96 12 1.00062
96 13 1.00062
96 14 1.00062
96 15 1.00062
96 16 1.00061
96 17 1.00061
96 18 1.00061
96 19 1.00061
96 20 1.0006
96 21 1.0006
96 22 1.0006
96 23 1.00059
96 24 1.00059
96 25 1.00058
96 26 1.00058
96 27 1.00057
96 28 1.00056
96 29 1.00056
96 30 1.00055
96 31 1.00053
96 32 1.00052
96 33 1.0005
96 34 1.00049
96 35 1.00046
96 36 1.00044
96 37 1.00041
96 38 1.00038
96 39 1.00035
96 40 1.00031
96 41 1.00027
96 42 1.00022
96 43 1.00017
96 44 1.00011
96 45 1.00005
96 46 0.999987
96 47 0.999918
96 48 0.999845
96 49 0.999769
96 50 0.999689
96 51 0.999606
96 52 0.999522
96 53 0.999435
96 54 0.999348
96 55 0.99926
96 56 0.999172
96 57 0.999085
96 58 0.998999
96 59 0.998915
96 60 0.998834
96 61 0.998755
96 62 0.99868
96 63 0.998608
96 64 0.99854
96 65 0.998476
96 66 0.998417
96 67 0.998361
96 68 0.998311
96 69 0.998264
96 70 0.998223
96 71 0.998185
96 72 0.998152
96 73 0.998124
96 74 0.9981
96 75 0.99808
96 76 0.998064
96 77 0.998052
96 78 0.998045
96 79 0.998041
96 80 0.99804
96 81 0.998044
96 82 0.99805
96 83 0.99806
96 84 0.998074
96 85 0.99809
96 86 0.99811
96 87 0.998132
96 88 0.998157
96 89 0.998185
96 90 0.998215
96 91 0.998247
96 92 0.998282
96 93 0.998318
96 94 0.998357
96 95 0.998397
96 96 0.998438
96 97 0.998481
96 98 0.998525
96 99 0.998569
96 100 0.998615
96 101 0.998661
96 102 0.998707
96 103 0.998754
96 104 0.998801
96 105 0.998849
96 106 0.998896
96 107 0.998943
96 108 0.99899
96 109 0.999037
96 110 0.999084
96 111 0.999131
96 112 0.999177
96 113 0.999224
96 114 0.99927
96 115 0.999315
96 116 0.99936
96 117 0.999404
96 118 0.999447
96 119 0.999487
96 120 0.999524
96 121 0.999558
96 122 0.999586
96 123 0.999608
96 124 0.999622
96 125 0.999627
96 126 0.999623
96 127 0.999607

97 0 0
97 1 1.00063
97 2 1.00063
97 3 1.00063
97 4 1.00062
97 5 1.00062
97 6 1.00062
97 7 1.00062
97 8 1.00062
97 9 1.00062
97 10 1.00061
97 11 1.00061
97 12 1.00061
97 13 1.00061
97 14 1.00061
97 15 1.00061
97 16 1.0006
97 17 1.0006
97 18 1.0006
97 19 1.0006
97 20 1.0006
97 21 1.00059
97 22 1.00059
97 23 1.00059
97 24 1.00058
97 25 1.00058
97 26 1.00057
97 27 1.00057
97 28 1.00056
97 29 1.00055
97 30 1.00054
97 31 1.00053
97 32 1.00052
97 33 1.0005
97 34 1.00049
97 35 1.00047
97 36 1.00045
97 37 1.00042
97 38 1.00039
97 39 1.00036
97 40 1.00033
97 41 1.00029
97 42 1.00024
97 43 1.0002
97 44 1.00014
97 45 1.00009
97 46 1.00003
97 47 0.999961
97 48 0.999891
97 49 0.999818
97 50 0.999742
97 51 0.999662
97 52 0.99958
97 53 0.999496
97 54 0.999411
97 55 0.999325
97 56 0.999238
97 57 0.999152
97 58 0.999067
97 59 0.998983
97 60 0.998902
97 61 0.998823
97 62 0.998747
97 63 0.998674
97 64 0.998605
97 65 0.99854
97 66 0.998478
97 67 0.998422
97 68 0.998369
97 69 0.998321
97 70 0.998278
97 71 0.998239
97 72 0.998205
97 73 0.998175
97 74 0.998149
97 75 0.998128
97 76 0.998111
97 77 0.998098
97 78 0.998089
97 79 0.998085
97 80 0.998083
97 81 0.998086
97 82 0.998092
97 83 0.998102
97 84 0.998115
97 85 0.998131
97 86 0.998151
97 87 0.998173
97 88 0.998198
97 89 0.998226
97 90 0.998256
97 91 0.998289
97 92 0.998324
97 93 0.998362
97 94 0.998401
97 95 0.998442
97 96 0.998484
97 97 0.998528
97 98 0.998573
97 99 0.998619
97 100 0.998667
97 101 0.998715
97 102 0.998763
97 103 0.998812
97 104 0.998862
97 105 0.998912
97 106 0.998962
97 107 0.999012
97 108 0.999062
97 109 0.999112
97 110 0.999163
97 111 0.999213
97 112 0.999263
97 113 0.999314
97 114 0.999364
97 115 0.999413
97 116 0.999462
97 117 0.99951
97 118 0.999556
97 119 0.9996
97 120 0.999641
97 121 0.999677
97 122 0.999707
97 123 0.999731
97 124 0.999746
97 125 0.999751
97 126 0.999746
97 127 0.999729

98 0 0
98 1 1.00062
98 2 1.00062
98 3 1.00062
98 4 1.00061
98 5 1.00061
98 6 1.00061
98 7 1.00061
98 8 1.00061
98 9 1.00061
98 10 1.00061
98 11 1.0006
98 12 1.0006
98 13 1.0006
98 14 1.0006
98 15 1.0006
98 16 1.0006
98 17 1.00059
98 18 1.00059
98 19 1.00059
98 20 1.00059
98 21 1.00058
98 22 1.00058
98 23 1.00058
98 24 1.00057
98 25 1.00057
98 26 1.00056
98 27 1.00056
98 28 1.00055
98 29 1.00055
98 30 1.00054
98 31 1.00053
98 32 1.00052
98 33 1.0005
98 34 1.00049
98 35 1.00047
98 36 1.00045
98 37 1.00043
98 38 1.0004
98 39 1.00037
98 40 1.00034
98 41 1.00031
98 42 1.00027
98 43 1.00022
98 44 1.00017
98 45 1.00012
98 46 1.00006
98 47 1
98 48 0.999936
98 49 0.999867
98 50 0.999794
98 51 0.999718
98 52 0.999639
98 53 0.999558
98 54 0.999475
98 55 0.999391
98 56 0.999306
98 57 0.999221
98 58 0.999137
98 59 0.999054
98 60 0.998973
98 61 0.998893
98 62 0.998817
98 63 0.998743
98 64 0.998673
98 65 0.998607
98 66 0.998544
98 67 0.998486
98 68 0.998432
98 69 0.998382
98 70 0.998337
98 71 0.998297
98 72 0.99826
98 73 0.998229
98 74 0.998202
98 75 0.998179
98 76 0.998161
98 77 0.998147
98 78 0.998137
98 79 0.998131
98 80 0.998129
98 81 0.998131
98 82 0.998136
98 83 0.998145
98 84 0.998158
98 85 0.998174
98 86 0.998193
98 87 0.998215
98 88 0.998241
98 89 0.998269
98 90 0.998299
98 91 0.998333
98 92 0.998368
98 93 0.998406
98 94 0.998446
98 95 0.998488
98 96 0.998532
98 97 0.998577
98 98 0.998624
98 99 0.998672
98 100 0.998721
98 101 0.998771
98 102 0.998822
98 103 0.998873
98 104 0.998925
98 105 0.998978
98 106 0.999031
98 107 0.999085
98 108 0.999138
98 109 0.999192
98 110 0.999247
98 111 0.999301
98 112 0.999356
98 113 0.999411
98 114 0.999465
98 115 0.999519
98 116 0.999573
98 117 0.999625
98 118 0.999676
98 119 0.999723
98 120 0.999768
98 121 0.999807
98 122 0.99984
98 123 0.999865
98 124 0.999882
98 125 0.999887
98 126 0.999881
98 127 0.999862

99 0 0
99 1 1.00061
99 2 1.00061
99 3 1.00061
99 4 1.00061
99 5 1.0006
99 6 1.0006
99 7 1.0006
99 8 1.0006
99 9 1.0006
99 10 1.0006
99 11 1.0006
99 12 1.00059
99 13 1.00059
99 14 1.00059
99 15 1.00059
99 16 1.00059
99 17 1.00058
99 18 1.00058
99 19 1.00058
99 20 1.00058
99 21 1.00058
99 22 1.00057
99 23 1.00057
99 24 1.00057
99 25 1.00056
99 26 1.00056
99 27 1.00055
99 28 1.00055
99 29 1.00054
99 30 1.00053
99 31 1.00052
99 32 1.00051
99 33 1.0005
99 34 1.00049
99 35 1.00047
99 36 1.00045
99 37 1.00043
99 38 1.00041
99 39 1.00038
99 40 1.00036
99 41 1.00032
99 42 1.00029
99 43 1.00025
99 44 1.0002
99 45 1.00015
99 46 1.0001
99 47 1.00004
99 48 0.99998
99 49 0.999914
99 50 0.999846
99 51 0.999773
99 52 0.999698
99 53 0.99962
99 54 0.99954
99 55 0.999458
99 56 0.999375
99 57 0.999292
99 58 0.999209
99 59 0.999127
99 60 0.999046
99 61 0.998967
99 62 0.99889
99 63 0.998816
99 64 0.998745
99 65 0.998677
99 66 0.998614
99 67 0.998554
99 68 0.998498
99 69 0.998447
99 70 0.9984
99 71 0.998358
99 72 0.99832
99 73 0.998286
99 74 0.998258
99 75 0.998233
99 76 0.998214
99 77 0.998198
99 78 0.998187
99 79 0.99818
99 80 0.998176
99 81 0.998177
99 82 0.998182
99 83 0.998191
99 84 0.998203
99 85 0.998218
99 86 0.998237
99 87 0.998259
99 88 0.998284
99 89 0.998313
99 90 0.998344
99 91 0.998377
99 92 0.998414
99 93 0.998452
99 94 0.998493
99 95 0.998536
99 96 0.998581
99 97 0.998628
99 98 0.998676
99 99 0.998726
99 100 0.998777
99 101 0.998829
99 102 0.998883
99 103 0.998937
99 104 0.998992
99 105 0.999048
99 106 0.999105
99 107 0.999162
99 108 0.99922
99 109 0.999278
99 110 0.999337
99 111 0.999396
99 112 0.999455
99 113 0.999515
99 114 0.999575
99 115 0.999634
99 116 0.999693
99 117 0.99975
99 118 0.999805
99 119 0.999858
99 120 0.999906
99 121 0.999949
99 122 0.999985
99 123 1.00001
99 124 1.00003
99 125 1.00004
99 126 1.00003
99 127 1.00001

100 0 0
100 1 1.0006
100 2 1.0006
100 3 1.0006
100 4 1.0006
100 5 1.00059
100 6 1.00059
100 7 1.00059
100 8 1.00059
100 9 1.00059
100 10 1.00059
100 11 1.00059
100 12 1.00059
100 13 1.00058
100 14 1.00058
100 15 1.00058
100 16 1.00058
100 17 1.00058
100 18 1.00057
100 19 1.00057
100 20 1.00057
100 21 1.00057
100 22 1.00056
100 23 1.00056
100 24 1.00056
100 25 1.00055
100 26 1.00055
100 27 1.00054
100 28 1.00054
100 29 1.00053
100 30 1.00053
100 31 1.00052
100 32 1.00051
100 33 1.0005
100 34 1.00049
100 35 1.00047
100 36 1.00046
100 37 1.00044
100 38 1.00042
100 39 1.00039
100 40 1.00037
100 41 1.00034
100 42 1.0003
100 43 1.00027
100 44 1.00023
100 45 1.00018
100 46 1.00013
100 47 1.00008
100 48 1.00002
100 49 0.99996
100 50 0.999895
100 51 0.999827
100 52 0.999755
100 53 0.999681
100 54 0.999604
100 55 0.999525
100 56 0.999445
100 57 0.999364
100 58 0.999283
100 59 0.999202
100 60 0.999122
100 61 0.999043
100 62 0.998966
100 63 0.998892
100 64 0.99882
100 65 0.998752
100 66 0.998687
100 67 0.998625
100 68 0.998568
100 69 0.998515
100 70 0.998467
100 71 0.998422
100 72 0.998383
100 73 0.998348
100 74 0.998317
100 75 0.998291
100 76 0.998269
100 77 0.998252
100 78 0.99824
100 79 0.998231
100 80 0.998227
100 81 0.998227
100 82 0.99823
100 83 0.998238
100 84 0.998249
100 85 0.998264
100 86 0.998283
100 87 0.998305
100 88 0.99833
100 89 0.998358
100 90 0.99839
100 91 0.998424
100 92 0.998461
100 93 0.9985
100 94 0.998542
100 95 0.998586
100 96 0.998632
100 97 0.99868
100 98 0.99873
100 99 0.998782
100 100 0.998835
100 101 0.99889
100 102 0.998946
100 103 0.999004
100 104 0.999062
100 105 0.999122
100 106 0.999182
100 107 0.999243
100 108 0.999306
100 109 0.999369
100 110 0.999432
100 111 0.999497
100 112 0.999562
100 113 0.999627
100 114 0.999693
100 115 0.999758
100 116 0.999823
100 117 0.999886
100 118 0.999947
100 119 1
100 120 1.00006
100 121 1.0001
100 122 1.00014
100 123 1.00017
100 124 1.00019
100 125 1.0002
100 126 1.00019
100 127 1.00017

101 0 0
101 1 1.00059
101 2 1.00059
101 3 1.00059
101 4 1.00059
101 5 1.00059
101 6 1.00058
101 7 1.00058
101 8 1.00058
101 9 1.00058
101 10 1.00058
101 11 1.00058
101 12 1.00058
101 13 1.00057
101 14 1.00057
101 15 1.00057
101 16 1.00057
101 17 1.00057
101 18 1.00057
101 19 1.00056
101 20 1.00056
101 21 1.00056
101 22 1.00056
101 23 1.00055
101 24 1.00055
101 25 1.00055
101 26 1.00054
101 27 1.00054
101 28 1.00053
101 29 1.00053
101 30 1.00052
101 31 1.00051
101 32 1.00051
101 33 1.0005
101 34 1.00049
101 35 1.00047
101 36 1.00046
101 37 1.00044
101 38 1.00042
101 39 1.0004
101 40 1.00038
101 41 1.00035
101 42 1.00032
101 43 1.00029
101 44 1.00025
101 45 1.00021
101 46 1.00016
101 47 1.00011
101 48 1.00006
101 49 1
101 50 0.999943
101 51 0.999879
101 52 0.999811
101 53 0.999741
101 54 0.999667
101 55 0.999592
101 56 0.999515
101 57 0.999436
101 58 0.999357
101 59 0.999278
101 60 0.999199
101 61 0.999121
101 62 0.999045
101 63 0.99897
101 64 0.998898
101 65 0.998829
101 66 0.998763
101 67 0.998701
101 68 0.998642
101 69 0.998587
101 70 0.998537
101 71 0.998491
101 72 0.99845
101 73 0.998413
101 74 0.99838
101 75 0.998352
101 76 0.998329
101 77 0.99831
101 78 0.998296
101 79 0.998286
101 80 0.99828
101 81 0.998279
101 82 0.998281
101 83 0.998288
101 84 0.998298
101 85 0.998313
101 86 0.998331
101 87 0.998352
101 88 0.998377
101 89 0.998406
101 90 0.998437
101 91 0.998472
101 92 0.998509
101 93 0.998549
101 94 0.998592
101 95 0.998637
101 96 0.998685
101 97 0.998735
101 98 0.998787
101 99 0.99884
101 100 0.998896
101 101 0.998954
101 102 0.999013
101 103 0.999073
101 104 0.999136
101 105 0.999199
101 106 0.999264
101 107 0.99933
101 108 0.999397
101 109 0.999465
101 110 0.999535
101 111 0.999605
101 112 0.999676
101 113 0.999748
101 114 0.999821
101 115 0.999892
101 116 0.999963
101 117 1.00003
101 118 1.0001
101 119 1.00016
101 120 1.00022
101 121 1.00027
101 122 1.00032
101 123 1.00035
101 124 1.00037
101 125 1.00038
101 126 1.00037
101 127 1.00034

102 0 0
102 1 1.00058
102 2 1.00058
102 3 1.00058
102 4 1.00058
102 5 1.00058
102 6 1.00058
102 7 1.00058
102 8 1.00057
102 9 1.00057
102 10 1.00057
102 11 1.00057
102 12 1.00057
102 13 1.00057
102 14 1.00056
102 15 1.00056
102 16 1.00056
102 17 1.00056
102 18 1.00056
102 19 1.00055
102 20 1.00055
102 21 1.00055
102 22 1.00055
102 23 1.00054
102 24 1.00054
102 25 1.00054
102 26 1.00053
102 27 1.00053
102 28 1.00053
102 29 1.00052
102 30 1.00051
102 31 1.00051
102 32 1.0005
102 33 1.00049
102 34 1.00048
102 35 1.00047
102 36 1.00046
102 37 1.00044
102 38 1.00043
102 39 1.00041
102 40 1.00039
102 41 1.00036
102 42 1.00033
102 43 1.0003
102 44 1.00027
102 45 1.00023
102 46 1.00019
102 47 1.00015
102 48 1.0001
102 49 1.00004
102 50 0.999988
102 51 0.999928
102 52 0.999865
102 53 0.999798
102 54 0.999729
102 55 0.999657
102 56 0.999583
102 57 0.999508
102 58 0.999431
102 59 0.999354
102 60 0.999277
102 61 0.9992
102 62 0.999125
102 63 0.999051
102 64 0.998979
102 65 0.998909
102 66 0.998843
102 67 0.998779
102 68 0.998719
102 69 0.998663
102 70 0.998611
102 71 0.998564
102 72 0.99852
102 73 0.998481
102 74 0.998447
102 75 0.998417
102 76 0.998392
102 77 0.998371
102 78 0.998355
102 79 0.998344
102 80 0.998336
102 81 0.998333
102 82 0.998335
102 83 0.99834
102 84 0.99835
102 85 0.998363
102 86 0.998381
102 87 0.998402
102 88 0.998427
102 89 0.998455
102 90 0.998486
102 91 0.998521
102 92 0.998559
102 93 0.9986
102 94 0.998644
102 95 0.99869
102 96 0.998739
102 97 0.998791
102 98 0.998845
102 99 0.998901
102 100 0.998959
102 101 0.99902
102 102 0.999082
102 103 0.999147
102 104 0.999212
102 105 0.99928
102 106 0.99935
102 107 0.999421
102 108 0.999494
102 109 0.999568
102 110 0.999644
102 111 0.999721
102 112 0.999799
102 113 0.999878
102 114 0.999957
102 115 1.00004
102 116 1.00012
102 117 1.00019
102 118 1.00027
102 119 1.00034
102 120 1.0004
102 121 1.00046
102 122 1.00051
102 123 1.00054
102 124 1.00056
102 125 1.00057
102 126 1.00056
102 127 1.00053

103 0 0
103 1 1.00057
103 2 1.00057
103 3 1.00057
103 4 1.00057
103 5 1.00057
103 6 1.00057
103 7 1.00057
103 8 1.00057
103 9 1.00056
103 10 1.00056
103 11 1.00056
103 12 1.00056
103 13 1.00056
103 14 1.00056
103 15 1.00056
103 16 1.00055
103 17 1.00055
103 18 1.00055
103 19 1.00055
103 20 1.00054
103 21 1.00054
103 22 1.00054
103 23 1.00054
103 24 1.00053
103 25 1.00053
103 26 1.00053
103 27 1.00052
103 28 1.00052
103 29 1.00051
103 30 1.00051
103 31 1.0005
103 32 1.0005
103 33 1.00049
103 34 1.00048
103 35 1.00047
103 36 1.00046
103 37 1.00044
103 38 1.00043
103 39 1.00041
103 40 1.00039
103 41 1.00037
103 42 1.00035
103 43 1.00032
103 44 1.00029
103 45 1.00025
103 46 1.00022
103 47 1.00018
103 48 1.00013
103 49 1.00008
103 50 1.00003
103 51 0.999975
103 52 0.999916
103 53 0.999854
103 54 0.999788
103 55 0.99972
103 56 0.99965
103 57 0.999578
103 58 0.999504
103 59 0.99943
103 60 0.999355
103 61 0.99928
103 62 0.999206
103 63 0.999133
103 64 0.999061
103 65 0.998992
103 66 0.998925
103 67 0.998861
103 68 0.9988
103 69 0.998743
103 70 0.998689
103 71 0.99864
103 72 0.998595
103 73 0.998554
103 74 0.998518
103 75 0.998486
103 76 0.998459
103 77 0.998436
103 78 0.998418
103 79 0.998405
103 80 0.998396
103 81 0.998391
103 82 0.998391
103 83 0.998396
103 84 0.998404
103 85 0.998417
103 86 0.998433
103 87 0.998454
103 88 0.998478
103 89 0.998506
103 90 0.998538
103 91 0.998573
103 92 0.998611
103 93 0.998653
103 94 0.998698
103 95 0.998745
103 96 0.998796
103 97 0.998849
103 98 0.998905
103 99 0.998964
103 100 0.999025
103 101 0.999089
103 102 0.999155
103 103 0.999223
103 104 0.999293
103 105 0.999366
103 106 0.999441
103 107 0.999517
103 108 0.999597
103 109 0.999678
103 110 0.99976
103 111 0.999844
103 112 0.999931
103 113 1.00002
103 114 1.0001
103 115 1.00019
103 116 1.00028
103 117 1.00036
103 118 1.00045
103 119 1.00053
103 120 1.0006
103 121 1.00066
103 122 1.00071
103 123 1.00075
103 124 1.00078
103 125 1.00078
103 126 1.00077
103 127 1.00074

104 0 0
104 1 1.00056
104 2 1.00056
104 3 1.00056
104 4 1.00056
104 5 1.00056
104 6 1.00056
104 7 1.00056
104 8 1.00056
104 9 1.00056
104 10 1.00056
104 11 1.00055
104 12 1.00055
104 13 1.00055
104 14 1.00055
104 15 1.00055
104 16 1.00055
104 17 1.00054
104 18 1.00054
104 19 1.00054
104 20 1.00054
104 21 1.00053
104 22 1.00053
104 23 1.00053
104 24 1.00053
104 25 1.00052
104 26 1.00052
104 27 1.00052
104 28 1.00051
104 29 1.00051
104 30 1.0005
104 31 1.0005
104 32 1.00049
104 33 1.00048
104 34 1.00047
104 35 1.00047
104 36 1.00046
104 37 1.00044
104 38 1.00043
104 39 1.00041
104 40 1.0004
104 41 1.00038
104 42 1.00036
104 43 1.00033
104 44 1.0003
104 45 1.00027
104 46 1.00024
104 47 1.0002
104 48 1.00016
104 49 1.00012
104 50 1.00007
104 51 1.00002
104 52 0.999964
104 53 0.999906
104 54 0.999845
104 55 0.999781
104 56 0.999715
104 57 0.999646
104 58 0.999576
104 59 0.999504
104 60 0.999432
104 61 0.99936
104 62 0.999287
104 63 0.999215
104 64 0.999145
104 65 0.999076
104 66 0.999009
104 67 0.998945
104 68 0.998883
104 69 0.998825
104 70 0.998771
104 71 0.99872
104 72 0.998673
104 73 0.99863
104 74 0.998592
104 75 0.998559
104 76 0.998529
104 77 0.998505
104 78 0.998485
104 79 0.99847
104 80 0.998459
104 81 0.998453
104 82 0.998451
104 83 0.998454
104 84 0.998461
104 85 0.998473
104 86 0.998489
104 87 0.998508
104 88 0.998532
104 89 0.99856
104 90 0.998592
104 91 0.998627
104 92 0.998666
104 93 0.998708
104 94 0.998754
104 95 0.998803
104 96 0.998855
104 97 0.99891
104 98 0.998968
104 99 0.99903
104 100 0.999094
104 101 0.999161
104 102 0.99923
104 103 0.999303
104 104 0.999378
104 105 0.999456
104 106 0.999536
104 107 0.99962
104 108 0.999706
104 109 0.999793
104 110 0.999884
104 111 0.999977
104 112 1.00007
104 113 1.00017
104 114 1.00026
104 115 1.00036
104 116 1.00046
104 117 1.00055
104 118 1.00064
104 119 1.00073
104 120 1.00081
104 121 1.00088
104 122 1.00094
104 123 1.00098
104 124 1.00101
104 125 1.00102
104 126 1.001
104 127 1.00097

105 0 0
105 1 1.00055
105 2 1.00055
105 3 1.00055
105 4 1.00055
105 5 1.00055
105 6 1.00055
105 7 1.00055
105 8 1.00055
105 9 1.00055
105 10 1.00055
105 11 1.00055
105 12 1.00055
105 13 1.00054
105 14 1.00054
105 15 1.00054
105 16 1.00054
105 17 1.00054
105 18 1.00053
105 19 1.00053
105 20 1.00053
105 21 1.00053
105 22 1.00052
105 23 1.00052
105 24 1.00052
105 25 1.00051
105 26 1.00051
105 27 1.00051
105 28 1.0005
105 29 1.0005
105 30 1.00049
105 31 1.00049
105 32 1.00048
105 33 1.00048
105 34 1.00047
105 35 1.00046
105 36 1.00045
105 37 1.00044
105 38 1.00043
105 39 1.00042
105 40 1.0004
105 41 1.00038
105 42 1.00036
105 43 1.00034
105 44 1.00032
105 45 1.00029
105 46 1.00026
105 47 1.00022
105 48 1.00019
105 49 1.00015
105 50 1.0001
105 51 1.00006
105 52 1.00001
105 53 0.999954
105 54 0.999897
105 55 0.999838
105 56 0.999776
105 57 0.999711
105 58 0.999645
105 59 0.999577
105 60 0.999508
105 61 0.999438
105 62 0.999368
105 63 0.999298
105 64 0.999229
105 65 0.999161
105 66 0.999095
105 67 0.999031
105 68 0.998969
105 69 0.99891
105 70 0.998855
105 71 0.998803
105 72 0.998755
105 73 0.99871
105 74 0.998671
105 75 0.998635
105 76 0.998604
105 77 0.998577
105 78 0.998556
105 79 0.998538
105 80 0.998526
105 81 0.998518
105 82 0.998515
105 83 0.998516
105 84 0.998522
105 85 0.998532
105 86 0.998547
105 87 0.998566
105 88 0.998589
105 89 0.998616
105 90 0.998648
105 91 0.998683
105 92 0.998722
105 93 0.998765
105 94 0.998812
105 95 0.998862
105 96 0.998916
105 97 0.998973
105 98 0.999034
105 99 0.999098
105 100 0.999165
105 101 0.999236
105 102 0.999309
105 103 0.999387
105 104 0.999467
105 105 0.99955
105 106 0.999637
105 107 0.999727
105 108 0.99982
105 109 0.999916
105 110 1.00002
105 111 1.00012
105 112 1.00022
105 113 1.00033
105 114 1.00044
105 115 1.00054
105 116 1.00065
105 117 1.00076
105 118 1.00086
105 119 1.00095
105 120 1.00104
105 121 1.00112
105 122 1.00118
105 123 1.00123
105 124 1.00126
105 125 1.00127
105 126 1.00126
105 127 1.00122

106 0 0
106 1 1.00055
106 2 1.00055
106 3 1.00055
106 4 1.00055
106 5 1.00055
106 6 1.00055
106 7 1.00054
106 8 1.00054
106 9 1.00054
106 10 1.00054
106 11 1.00054
106 12 1.00054
106 13 1.00054
106 14 1.00053
106 15 1.00053
106 16 1.00053
106 17 1.00053
106 18 1.00053
106 19 1.00052
106 20 1.00052
106 21 1.00052
106 22 1.00052
106 23 1.00051
106 24 1.00051
106 25 1.00051
106 26 1.0005
106 27 1.0005
106 28 1.0005
106 29 1.00049
106 30 1.00049
106 31 1.00048
106 32 1.00048
106 33 1.00047
106 34 1.00046
106 35 1.00046
106 36 1.00045
106 37 1.00044
106 38 1.00043
106 39 1.00042
106 40 1.0004
106 41 1.00039
106 42 1.00037
106 43 1.00035
106 44 1.00033
106 45 1.0003
106 46 1.00027
106 47 1.00024
106 48 1.00021
106 49 1.00017
106 50 1.00014
106 51 1.00009
106 52 1.00005
106 53 0.999998
106 54 0.999946
106 55 0.999891
106 56 0.999833
106 57 0.999773
106 58 0.99971
106 59 0.999646
106 60 0.999581
106 61 0.999514
106 62 0.999447
106 63 0.999379
106 64 0.999312
106 65 0.999246
106 66 0.99918
106 67 0.999117
106 68 0.999056
106 69 0.998997
106 70 0.998941
106 71 0.998888
106 72 0.998839
106 73 0.998794
106 74 0.998752
106 75 0.998715
106 76 0.998682
106 77 0.998654
106 78 0.99863
106 79 0.998611
106 80 0.998596
106 81 0.998587
106 82 0.998582
106 83 0.998581
106 84 0.998586
106 85 0.998595
106 86 0.998608
106 87 0.998626
106 88 0.998649
106 89 0.998675
106 90 0.998707
106 91 0.998742
106 92 0.998781
106 93 0.998825
106 94 0.998873
106 95 0.998924
106 96 0.99898
106 97 0.999039
106 98 0.999102
106 99 0.999169
106 100 0.999239
106 101 0.999314
106 102 0.999392
106 103 0.999474
106 104 0.99956
106 105 0.99965
106 106 0.999743
106 107 0.99984
106 108 0.999941
106 109 1.00005
106 110 1.00016
106 111 1.00027
106 112 1.00038
106 113 1.0005
106 114 1.00062
106 115 1.00074
106 116 1.00086
106 117 1.00097
106 118 1.00109
106 119 1.0012
106 120 1.00129
106 121 1.00138
106 122 1.00145
106 123 1.00151
106 124 1.00154
106 125 1.00155
106 126 1.00153
106 127 1.00149

107 0 0
107 1 1.00054
107 2 1.00054
107 3 1.00054
107 4 1.00054
107 5 1.00054
107 6 1.00054
107 7 1.00054
107 8 1.00054
107 9 1.00054
107 10 1.00053
107 11 1.00053
107 12 1.00053
107 13 1.00053
107 14 1.00053
107 15 1.00053
107 16 1.00052
107 17 1.00052
107 18 1.00052
107 19 1.00052
107 20 1.00051
107 21 1.00051
107 22 1.00051
107 23 1.00051
107 24 1.0005
107 25 1.0005
107 26 1.0005
107 27 1.00049
107 28 1.00049
107 29 1.00048
107 30 1.00048
107 31 1.00048
107 32 1.00047
107 33 1.00046
107 34 1.00046
107 35 1.00045
107 36 1.00044
107 37 1.00043
107 38 1.00042
107 39 1.00041
107 40 1.0004
107 41 1.00039
107 42 1.00037
107 43 1.00035
107 44 1.00033
107 45 1.00031
107 46 1.00029
107 47 1.00026
107 48 1.00023
107 49 1.0002
107 50 1.00016
107 51 1.00012
107 52 1.00008
107 53 1.00004
107 54 0.99999
107 55 0.999939
107 56 0.999886
107 57 0.99983
107 58 0.999772
107 59 0.999712
107 60 0.99965
107 61 0.999587
107 62 0.999523
107 63 0.999458
107 64 0.999393
107 65 0.999329
107 66 0.999266
107 67 0.999203
107 68 0.999143
107 69 0.999084
107 70 0.999028
107 71 0.998975
107 72 0.998926
107 73 0.998879
107 74 0.998837
107 75 0.998798
107 76 0.998763
107 77 0.998733
107 78 0.998708
107 79 0.998687
107 80 0.99867
107 81 0.998659
107 82 0.998652
107 83 0.99865
107 84 0.998653
107 85 0.99866
107 86 0.998673
107 87 0.99869
107 88 0.998711
107 89 0.998738
107 90 0.998768
107 91 0.998804
107 92 0.998843
107 93 0.998888
107 94 0.998936
107 95 0.998989
107 96 0.999046
107 97 0.999107
107 98 0.999173
107 99 0.999243
107 100 0.999317
107 101 0.999395
107 102 0.999478
107 103 0.999565
107 104 0.999657
107 105 0.999754
107 106 0.999854
107 107 0.999959
107 108 1.00007
107 109 1.00018
107 110 1.0003
107 111 1.00043
107 112 1.00055
107 113 1.00068
107 114 1.00081
107 115 1.00095
107 116 1.00108
107 117 1.00121
107 118 1.00134
107 119 1.00146
107 120 1.00157
107 121 1.00166
107 122 1.00175
107 123 1.0018
107 124 1.00184
107 125 1.00185
107 126 1.00184
107 127 1.00179

108 0 0
108 1 1.00053
108 2 1.00053
108 3 1.00053
108 4 1.00053
108 5 1.00053
108 6 1.00053
108 7 1.00053
108 8 1.00053
108 9 1.00053
108 10 1.00053
108 11 1.00053
108 12 1.00052
108 13 1.00052
108 14 1.00052
108 15 1.00052
108 16 1.00052
108 17 1.00051
108 18 1.00051
108 19 1.00051
108 20 1.00051
108 21 1.0005
108 22 1.0005
108 23 1.0005
108 24 1.0005
108 25 1.00049
108 26 1.00049
108 27 1.00049
108 28 1.00048
108 29 1.00048
108 30 1.00047
108 31 1.00047
108 32 1.00046
108 33 1.00046
108 34 1.00045
108 35 1.00045
108 36 1.00044
108 37 1.00043
108 38 1.00042
108 39 1.00041
108 40 1.0004
108 41 1.00039
108 42 1.00037
108 43 1.00036
108 44 1.00034
108 45 1.00032
108 46 1.0003
108 47 1.00027
108 48 1.00025
108 49 1.00022
108 50 1.00018
108 51 1.00015
108 52 1.00011
108 53 1.00007
108 54 1.00003
108 55 0.999982
108 56 0.999933
108 57 0.999882
108 58 0.999828
108 59 0.999772
108 60 0.999714
108 61 0.999655
108 62 0.999595
108 63 0.999533
108 64 0.999472
108 65 0.99941
108 66 0.999349
108 67 0.999288
108 68 0.999229
108 69 0.999172
108 70 0.999116
108 71 0.999063
108 72 0.999013
108 73 0.998966
108 74 0.998923
108 75 0.998883
108 76 0.998848
108 77 0.998816
108 78 0.998789
108 79 0.998766
108 80 0.998748
108 81 0.998735
108 82 0.998726
108 83 0.998723
108 84 0.998724
108 85 0.99873
108 86 0.998741
108 87 0.998757
108 88 0.998777
108 89 0.998803
108 90 0.998833
108 91 0.998868
108 92 0.998908
108 93 0.998953
108 94 0.999002
108 95 0.999056
108 96 0.999115
108 97 0.999179
108 98 0.999247
108 99 0.99932
108 100 0.999398
108 101 0.99948
108 102 0.999568
108 103 0.999661
108 104 0.999759
108 105 0.999861
108 106 0.999971
108 107 1.00009
108 108 1.0002
108 109 1.00033
108 110 1.00046
108 111 1.0006
108 112 1.00073
108 113 1.00088
108 114 1.00103
108 115 1.00117
108 116 1.00132
108 117 1.00147
108 118 1.00161
108 119 1.00174
108 120 1.00186
108 121 1.00198
108 122 1.00207
108 123 1.00213
108 124 1.00217
108 125 1.00219
108 126 1.00217
108 127 1.00212

109 0 0
109 1 1.00052
109 2 1.00052
109 3 1.00053
109 4 1.00053
109 5 1.00052
109 6 1.00052
109 7 1.00052
109 8 1.00052
109 9 1.00052
109 10 1.00052
109 11 1.00052
109 12 1.00052
109 13 1.00052
109 14 1.00051
109 15 1.00051
109 16 1.00051
109 17 1.00051
109 18 1.00051
109 19 1.0005
109 20 1.0005
109 21 1.0005
109 22 1.00049
109 23 1.00049
109 24 1.00049
109 25 1.00049
109 26 1.00048
109 27 1.00048
109 28 1.00047
109 29 1.00047
109 30 1.00047
109 31 1.00046
109 32 1.00046
109 33 1.00045
109 34 1.00045
109 35 1.00044
109 36 1.00043
109 37 1.00042
109 38 1.00042
109 39 1.00041
109 40 1.0004
109 41 1.00038
109 42 1.00037
109 43 1.00036
109 44 1.00034
109 45 1.00032
109 46 1.0003
109 47 1.00028
109 48 1.00026
109 49 1.00023
109 50 1.0002
109 51 1.00017
109 52 1.00014
109 53 1.0001
109 54 1.00006
109 55 1.00002
109 56 0.999975
109 57 0.999928
109 58 0.999878
109 59 0.999827
109 60 0.999773
109 61 0.999718
109 62 0.999662
109 63 0.999604
109 64 0.999546
109 65 0.999487
109 66 0.999428
109 67 0.99937
109 68 0.999313
109 69 0.999257
109 70 0.999203
109 71 0.999151
109 72 0.999101
109 73 0.999054
109 74 0.99901
109 75 0.99897
109 76 0.998933
109 77 0.998901
109 78 0.998872
109 79 0.998848
109 80 0.998829
109 81 0.998814
109 82 0.998804
109 83 0.998798
109 84 0.998798
109 85 0.998803
109 86 0.998812
109 87 0.998827
109 88 0.998847
109 89 0.998872
109 90 0.998901
109 91 0.998936
109 92 0.998976
109 93 0.999021
109 94 0.999072
109 95 0.999127
109 96 0.999187
109 97 0.999253
109 98 0.999324
109 99 0.9994
109 100 0.999481
109 101 0.999568
109 102 0.999662
109 103 0.99976
109 104 0.999864
109 105 0.999976
109 106 1.00009
109 107 1.00022
109 108 1.00034
109 109 1.00048
109 110 1.00063
109 111 1.00077
109 112 1.00093
109 113 1.00109
109 114 1.00125
109 115 1.00141
109 116 1.00158
109 117 1.00175
109 118 1.0019
109 119 1.00205
109 120 1.0022
109 121 1.00231
109 122 1.00241
109 123 1.00249
109 124 1.00254
109 125 1.00255
109 126 1.00253
109 127 1.00247

110 0 0
110 1 1.00052
110 2 1.00052
110 3 1.00052
110 4 1.00052
110 5 1.00052
110 6 1.00052
110 7 1.00052
110 8 1.00052
110 9 1.00052
110 10 1.00052
110 11 1.00051
110 12 1.00051
110 13 1.00051
110 14 1.00051
110 15 1.00051
110 16 1.0005
110 17 1.0005
110 18 1.0005
110 19 1.0005
110 20 1.00049
110 21 1.00049
110 22 1.00049
110 23 1.00049
110 24 1.00048
110 25 1.00048
110 26 1.00048
110 27 1.00047
110 28 1.00047
110 29 1.00046
110 30 1.00046
110 31 1.00045
110 32 1.00045
110 33 1.00044
110 34 1.00044
110 35 1.00043
110 36 1.00043
110 37 1.00042
110 38 1.00041
110 39 1.0004
110 40 1.00039
110 41 1.00038
110 42 1.00037
110 43 1.00036
110 44 1.00034
110 45 1.00032
110 46 1.00031
110 47 1.00029
110 48 1.00027
110 49 1.00024
110 50 1.00022
110 51 1.00019
110 52 1.00016
110 53 1.00012
110 54 1.00009
110 55 1.00005
110 56 1.00001
110 57 0.999968
110 58 0.999922
110 59 0.999875
110 60 0.999826
110 61 0.999775
110 62 0.999722
110 63 0.999669
110 64 0.999614
110 65 0.999559
110 66 0.999503
110 67 0.999448
110 68 0.999393
110 69 0.999339
110 70 0.999287
110 71 0.999236
110 72 0.999187
110 73 0.999141
110 74 0.999097
110 75 0.999057
110 76 0.99902
110 77 0.998987
110 78 0.998957
110 79 0.998932
110 80 0.998911
110 81 0.998895
110 82 0.998884
110 83 0.998877
110 84 0.998875
110 85 0.998879
110 86 0.998887
110 87 0.998901
110 88 0.998919
110 89 0.998943
110 90 0.998973
110 91 0.999007
110 92 0.999048
110 93 0.999093
110 94 0.999144
110 95 0.9992
110 96 0.999262
110 97 0.99933
110 98 0.999404
110 99 0.999483
110 100 0.999569
110 101 0.999661
110 102 0.999759
110 103 0.999863
110 104 0.999975
110 105 1.00009
110 106 1.00022
110 107 1.00035
110 108 1.0005
110 109 1.00064
110 110 1.0008
110 111 1.00096
110 112 1.00114
110 113 1.00131
110 114 1.00148
110 115 1.00167
110 116 1.00186
110 117 1.00203
110 118 1.00221
110 119 1.0024
110 120 1.00255
110 121 1.00268
110 122 1.0028
110 123 1.00288
110 124 1.00294
110 125 1.00295
110 126 1.00293
110 127 1.00287

111 0 0
111 1 1.00051
111 2 1.00051
111 3 1.00051
111 4 1.00051
111 5 1.00051
111 6 1.00051
111 7 1.00051
111 8 1.00051
111 9 1.00051
111 10 1.00051
111 11 1.00051
111 12 1.00051
111 13 1.00051
111 14 1.0005
111 15 1.0005
111 16 1.0005
111 17 1.0005
111 18 1.00049
111 19 1.00049
111 20 1.00049
111 21 1.00049
111 22 1.00048
111 23 1.00048
111 24 1.00048
111 25 1.00047
111 26 1.00047
111 27 1.00046
111 28 1.00046
111 29 1.00046
111 30 1.00045
111 31 1.00045
111 32 1.00044
111 33 1.00044
111 34 1.00043
111 35 1.00043
111 36 1.00042
111 37 1.00041
111 38 1.0004
111 39 1.0004
111 40 1.00039
111 41 1.00038
111 42 1.00036
111 43 1.00035
111 44 1.00034
111 45 1.00032
111 46 1.00031
111 47 1.00029
111 48 1.00027
111 49 1.00025
111 50 1.00023
111 51 1.0002
111 52 1.00017
111 53 1.00014
111 54 1.00011
111 55 1.00008
111 56 1.00004
111 57 1
111 58 0.99996
111 59 0.999917
111 60 0.999872
111 61 0.999825
111 62 0.999777
111 63 0.999727
111 64 0.999676
111 65 0.999624
111 66 0.999572
111 67 0.99952
111 68 0.999468
111 69 0.999417
111 70 0.999367
111 71 0.999318
111 72 0.99927
111 73 0.999225
111 74 0.999182
111 75 0.999142
111 76 0.999106
111 77 0.999072
111 78 0.999042
111 79 0.999017
111 80 0.998995
111 81 0.998978
111 82 0.998965
111 83 0.998958
111 84 0.998955
111 85 0.998957
111 86 0.998964
111 87 0.998977
111 88 0.998995
111 89 0.999018
111 90 0.999047
111 91 0.999081
111 92 0.999122
111 93 0.999168
111 94 0.999219
111 95 0.999277
111 96 0.999341
111 97 0.999411
111 98 0.999487
111 99 0.99957
111 100 0.999659
111 101 0.999755
111 102 0.999859
111 103 0.99997
111 104 1.00009
111 105 1.00022
111 106 1.00035
111 107 1.0005
111 108 1.00065
111 109 1.00081
111 110 1.00098
111 111 1.00116
111 112 1.00135
111 113 1.00153
111 114 1.00174
111 115 1.00195
111 116 1.00214
111 117 1.00235
111 118 1.00257
111 119 1.00275
111 120 1.00292
111 121 1.00309
111 122 1.00322
111 123 1.00331
111 124 1.00337
111 125 1.0034
111 126 1.00337
111 127 1.0033

112 0 0
112 1 1.00051
112 2 1.00051
112 3 1.00051
112 4 1.00051
112 5 1.00051
112 6 1.00051
112 7 1.00051
112 8 1.00051
112 9 1.00051
112 10 1.0005
112 11 1.0005
112 12 1.0005
112 13 1.0005
112 14 1.0005
112 15 1.0005
112 16 1.00049
112 17 1.00049
112 18 1.00049
112 19 1.00049
112 20 1.00048
112 21 1.00048
112 22 1.00048
112 23 1.00047
112 24 1.00047
112 25 1.00047
112 26 1.00046
112 27 1.00046
112 28 1.00045
112 29 1.00045
112 30 1.00045
112 31 1.00044
112 32 1.00044
112 33 1.00043
112 34 1.00042
112 35 1.00042
112 36 1.00041
112 37 1.0004
112 38 1.0004
112 39 1.00039
112 40 1.00038
112 41 1.00037
112 42 1.00036
112 43 1.00035
112 44 1.00034
112 45 1.00032
112 46 1.00031
112 47 1.00029
112 48 1.00027
112 49 1.00025
112 50 1.00023
112 51 1.00021
112 52 1.00018
112 53 1.00016
112 54 1.00013
112 55 1.0001
112 56 1.00006
112 57 1.00003
112 58 0.99999
112 59 0.999951
112 60 0.99991
112 61 0.999867
112 62 0.999823
112 63 0.999777
112 64 0.999731
112 65 0.999683
112 66 0.999634
112 67 0.999586
112 68 0.999537
112 69 0.999489
112 70 0.999441
112 71 0.999394
112 72 0.999349
112 73 0.999305
112 74 0.999264
112 75 0.999225
112 76 0.999189
112 77 0.999156
112 78 0.999126
112 79 0.9991
112 80 0.999078
112 81 0.999061
112 82 0.999048
112 83 0.999039
112 84 0.999035
112 85 0.999036
112 86 0.999043
112 87 0.999055
112 88 0.999072
112 89 0.999095
112 90 0.999123
112 91 0.999158
112 92 0.999198
112 93 0.999245
112 94 0.999297
112 95 0.999356
112 96 0.999421
112 97 0.999494
112 98 0.999573
112 99 0.999659
112 100 0.999752
112 101 0.999853
112 102 0.999963
112 103 1.00008
112 104 1.00021
112 105 1.00034
112 106 1.00049
112 107 1.00064
112 108 1.0008
112 109 1.00098
112 110 1.00117
112 111 1.00136
112 112 1.00156
112 113 1.00179
112 114 1.00202
112 115 1.00223
112 116 1.00246
112 117 1.00271
112 118 1.00293
112 119 1.00312
112 120 1.00335
112 121 1.00353
112 122 1.00366
112 123 1.00378
112 124 1.00386
112 125 1.00388
112 126 1.00385
112 127 1.00377

113 0 0
113 1 1.0005
113 2 1.0005
113 3 1.0005
113 4 1.0005
113 5 1.0005
113 6 1.0005
113 7 1.0005
113 8 1.0005
113 9 1.0005
113 10 1.0005
113 11 1.0005
113 12 1.0005
113 13 1.0005
113 14 1.00049
113 15 1.00049
113 16 1.00049
113 17 1.00049
113 18 1.00048
113 19 1.00048
113 20 1.00048
113 21 1.00047
113 22 1.00047
113 23 1.00047
113 24 1.00046
113 25 1.00046
113 26 1.00046
113 27 1.00045
113 28 1.00045
113 29 1.00044
113 30 1.00044
113 31 1.00043
113 32 1.00043
113 33 1.00042
113 34 1.00042
113 35 1.00041
113 36 1.0004
113 37 1.0004
113 38 1.00039
113 39 1.00038
113 40 1.00037
113 41 1.00036
113 42 1.00035
113 43 1.00034
113 44 1.00033
113 45 1.00032
113 46 1.0003
113 47 1.00029
113 48 1.00027
113 49 1.00025
113 50 1.00023
113 51 1.00021
113 52 1.00019
113 53 1.00016
113 54 1.00014
113 55 1.00011
113 56 1.00008
113 57 1.00005
113 58 1.00001
113 59 0.999979
113 60 0.999941
113 61 0.999902
113 62 0.999862
113 63 0.99982
113 64 0.999777
113 65 0.999733
113 66 0.999688
113 67 0.999643
113 68 0.999598
113 69 0.999553
113 70 0.999508
113 71 0.999464
113 72 0.999421
113 73 0.99938
113 74 0.99934
113 75 0.999303
113 76 0.999268
113 77 0.999236
113 78 0.999207
113 79 0.999181
113 80 0.99916
113 81 0.999142
113 82 0.999129
113 83 0.99912
113 84 0.999116
113 85 0.999116
113 86 0.999122
113 87 0.999134
113 88 0.99915
113 89 0.999173
113 90 0.999201
113 91 0.999236
113 92 0.999276
113 93 0.999323
113 94 0.999377
113 95 0.999437
113 96 0.999504
113 97 0.999579
113 98 0.999661
113 99 0.99975
113 100 0.999848
113 101 0.999955
113 102 1.00007
113 103 1.00019
113 104 1.00033
113 105 1.00047
113 106 1.00063
113 107 1.00079
113 108 1.00097
113 109 1.00117
113 110 1.00136
113 111 1.00157
113 112 1.00181
113 113 1.00205
113 114 1.00227
113 115 1.00253
113 116 1.00282
113 117 1.00307
113 118 1.00329
113 119 1.00357
113 120 1.00382
113 121 1.00398
113 122 1.00415
113 123 1.00432
113 124 1.00439
113 125 1.0044
113 126 1.00439
113 127 1.0043

114 0 0
114 1 1.0005
114 2 1.0005
114 3 1.0005
114 4 1.0005
114 5 1.0005
114 6 1.0005
114 7 1.0005
114 8 1.0005
114 9 1.0005
114 10 1.0005
114 11 1.00049
114 12 1.00049
114 13 1.00049
114 14 1.00049
114 15 1.00049
114 16 1.00048
114 17 1.00048
114 18 1.00048
114 19 1.00048
114 20 1.00047
114 21 1.00047
114 22 1.00047
114 23 1.00046
114 24 1.00046
114 25 1.00046
114 26 1.00045
114 27 1.00045
114 28 1.00044
114 29 1.00044
114 30 1.00043
114 31 1.00043
114 32 1.00042
114 33 1.00042
114 34 1.00041
114 35 1.0004
114 36 1.0004
114 37 1.00039
114 38 1.00038
114 39 1.00037
114 40 1.00037
114 41 1.00036
114 42 1.00035
114 43 1.00034
114 44 1.00032
114 45 1.00031
114 46 1.0003
114 47 1.00028
114 48 1.00027
114 49 1.00025
114 50 1.00023
114 51 1.00021
114 52 1.00019
114 53 1.00017
114 54 1.00014
114 55 1.00012
114 56 1.00009
114 57 1.00006
114 58 1.00003
114 59 0.999999
114 60 0.999965
114 61 0.999929
114 62 0.999892
114 63 0.999854
114 64 0.999815
114 65 0.999774
114 66 0.999733
114 67 0.999692
114 68 0.99965
114 69 0.999608
114 70 0.999566
114 71 0.999525
114 72 0.999485
114 73 0.999447
114 74 0.999409
114 75 0.999374
114 76 0.999341
114 77 0.99931
114 78 0.999282
114 79 0.999258
114 80 0.999237
114 81 0.99922
114 82 0.999207
114 83 0.999198
114 84 0.999194
114 85 0.999194
114 86 0.9992
114 87 0.999212
114 88 0.999228
114 89 0.999251
114 90 0.999279
114 91 0.999314
114 92 0.999355
114 93 0.999403
114 94 0.999457
114 95 0.999519
114 96 0.999588
114 97 0.999665
114 98 0.99975
114 99 0.999843
114 100 0.999945
114 101 1.00006
114 102 1.00018
114 103 1.00031
114 104 1.00045
114 105 1.0006
114 106 1.00077
114 107 1.00095
114 108 1.00114
114 109 1.00134
114 110 1.00156
114 111 1.0018
114 112 1.00205
114 113 1.00229
114 114 1.00257
114 115 1.00288
114 116 1.00315
114 117 1.00341
114 118 1.00374
114 119 1.00405
114 120 1.00425
114 121 1.00449
114 122 1.00475
114 123 1.00487
114 124 1.00496
114 125 1.00501
114 126 1.00498
114 127 1.00488

115 0 0
115 1 1.00049
115 2 1.00049
115 3 1.00049
115 4 1.00049
115 5 1.00049
115 6 1.00049
115 7 1.00049
115 8 1.00049
115 9 1.00049
115 10 1.00049
115 11 1.00049
115 12 1.00049
115 13 1.00049
115 14 1.00049
115 15 1.00048
115 16 1.00048
115 17 1.00048
115 18 1.00048
115 19 1.00047
115 20 1.00047
115 21 1.00047
115 22 1.00046
115 23 1.00046
115 24 1.00045
115 25 1.00045
115 26 1.00045
115 27 1.00044
115 28 1.00044
115 29 1.00043
115 30 1.00043
115 31 1.00042
115 32 1.00042
115 33 1.00041
115 34 1.0004
115 35 1.0004
115 36 1.00039
115 37 1.00038
115 38 1.00038
115 39 1.00037
115 40 1.00036
115 41 1.00035
115 42 1.00034
115 43 1.00033
115 44 1.00032
115 45 1.0003
115 46 1.00029
115 47 1.00028
115 48 1.00026
115 49 1.00025
115 50 1.00023
115 51 1.00021
115 52 1.00019
115 53 1.00017
115 54 1.00015
115 55 1.00012
115 56 1.0001
115 57 1.00007
115 58 1.00004
115 59 1.00001
115 60 0.999981
115 61 0.999948
115 62 0.999915
115 63 0.99988
115 64 0.999844
115 65 0.999807
115 66 0.999769
115 67 0.999731
115 68 0.999692
115 69 0.999654
115 70 0.999615
115 71 0.999578
115 72 0.99954
115 73 0.999504
115 74 0.99947
115 75 0.999437
115 76 0.999406
115 77 0.999377
115 78 0.999351
115 79 0.999328
115 80 0.999308
115 81 0.999292
115 82 0.99928
115 83 0.999271
115 84 0.999268
115 85 0.999269
115 86 0.999275
115 87 0.999287
115 88 0.999304
115 89 0.999327
115 90 0.999356
115 91 0.999391
115 92 0.999433
115 93 0.999481
115 94 0.999537
115 95 0.999601
115 96 0.999672
115 97 0.999751
115 98 0.999839
115 99 0.999936
115 100 1.00004
115 101 1.00016
115 102 1.00029
115 103 1.00042
115 104 1.00057
115 105 1.00073
115 106 1.00091
115 107 1.0011
115 108 1.0013
115 109 1.00152
115 110 1.00177
115 111 1.00202
115 112 1.00227
115 113 1.00257
115 114 1.0029
115 115 1.00319
115 116 1.00347
115 117 1.00385
115 118 1.00423
115 119 1.00446
115 120 1.00475
115 121 1.00514
115 122 1.00534
115 123 1.00545
115 124 1.00561
115 125 1.0057
115 126 1.00565
115 127 1.00551

116 0 0
116 1 1.00049
116 2 1.00049
116 3 1.00049
116 4 1.00049
116 5 1.00049
116 6 1.00049
116 7 1.00049
116 8 1.00049
116 9 1.00049
116 10 1.00049
116 11 1.00049
116 12 1.00049
116 13 1.00048
116 14 1.00048
116 15 1.00048
116 16 1.00048
116 17 1.00047
116 18 1.00047
116 19 1.00047
116 20 1.00047
116 21 1.00046
116 22 1.00046
116 23 1.00045
116 24 1.00045
116 25 1.00045
116 26 1.00044
116 27 1.00044
116 28 1.00043
116 29 1.00043
116 30 1.00042
116 31 1.00042
116 32 1.00041
116 33 1.0004
116 34 1.0004
116 35 1.00039
116 36 1.00038
116 37 1.00038
116 38 1.00037
116 39 1.00036
116 40 1.00035
116 41 1.00034
116 42 1.00033
116 43 1.00032
116 44 1.00031
116 45 1.0003
116 46 1.00028
116 47 1.00027
116 48 1.00025
116 49 1.00024
116 50 1.00022
116 51 1.0002
116 52 1.00019
116 53 1.00017
116 54 1.00014
116 55 1.00012
116 56 1.0001
116 57 1.00007
116 58 1.00005
116 59 1.00002
116 60 0.999991
116 61 0.999961
116 62 0.999929
116 63 0.999897
116 64 0.999864
116 65 0.99983
116 66 0.999796
116 67 0.999761
116 68 0.999725
116 69 0.99969
116 70 0.999654
116 71 0.99962
116 72 0.999585
116 73 0.999552
116 74 0.99952
116 75 0.99949
116 76 0.999461
116 77 0.999434
116 78 0.99941
116 79 0.999389
116 80 0.999371
116 81 0.999356
116 82 0.999345
116 83 0.999338
116 84 0.999336
116 85 0.999338
116 86 0.999345
116 87 0.999357
116 88 0.999375
116 89 0.999398
116 90 0.999428
116 91 0.999464
116 92 0.999507
116 93 0.999557
116 94 0.999615
116 95 0.99968
116 96 0.999753
116 97 0.999835
116 98 0.999927
116 99 1.00003
116 100 1.00014
116 101 1.00026
116 102 1.00039
116 103 1.00054
116 104 1.0007
116 105 1.00087
116 106 1.00105
116 107 1.00125
116 108 1.00147
116 109 1.00172
116 110 1.00197
116 111 1.00223
116 112 1.00253
116 113 1.00287
116 114 1.00317
116 115 1.00349
116 116 1.00391
116 117 1.00431
116 118 1.00458
116 119 1.00495
116 120 1.00546
116 121 1.00571
116 122 1.00587
116 123 1.00623
116 124 1.00641
116 125 1.00638
116 126 1.00637
116 127 1.00624

117 0 0
117 1 1.00048
117 2 1.00049
117 3 1.00049
117 4 1.00049
117 5 1.00049
117 6 1.00049
117 7 1.00049
117 8 1.00049
117 9 1.00049
117 10 1.00049
117 11 1.00048
117 12 1.00048
117 13 1.00048
117 14 1.00048
117 15 1.00048
117 16 1.00047
117 17 1.00047
117 18 1.00047
117 19 1.00046
117 20 1.00046
117 21 1.00046
117 22 1.00045
117 23 1.00045
117 24 1.00045
117 25 1.00044
117 26 1.00044
117 27 1.00043
117 28 1.00043
117 29 1.00042
117 30 1.00042
117 31 1.00041
117 32 1.0004
117 33 1.0004
117 34 1.00039
117 35 1.00038
117 36 1.00038
117 37 1.00037
117 38 1.00036
117 39 1.00035
117 40 1.00034
117 41 1.00033
117 42 1.00032
117 43 1.00031
117 44 1.0003
117 45 1.00029
117 46 1.00027
117 47 1.00026
117 48 1.00025
117 49 1.00023
117 50 1.00021
117 51 1.0002
117 52 1.00018
117 53 1.00016
117 54 1.00014
117 55 1.00012
117 56 1.0001
117 57 1.00007
117 58 1.00005
117 59 1.00002
117 60 0.999994
117 61 0.999966
117 62 0.999937
117 63 0.999907
117 64 0.999877
117 65 0.999845
117 66 0.999813
117 67 0.999781
117 68 0.999748
117 69 0.999716
117 70 0.999683
117 71 0.999651
117 72 0.99962
117 73 0.999589
117 74 0.99956
117 75 0.999532
117 76 0.999505
117 77 0.999481
117 78 0.999459
117 79 0.99944
117 80 0.999424
117 81 0.999411
117 82 0.999401
117 83 0.999396
117 84 0.999395
117 85 0.999398
117 86 0.999406
117 87 0.999419
117 88 0.999438
117 89 0.999463
117 90 0.999494
117 91 0.999531
117 92 0.999576
117 93 0.999627
117 94 0.999687
117 95 0.999754
117 96 0.99983
117 97 0.999915
117 98 1.00001
117 99 1.00011
117 100 1.00023
117 101 1.00036
117 102 1.00049
117 103 1.00065
117 104 1.00081
117 105 1.00099
117 106 1.00119
117 107 1.00141
117 108 1.00164
117 109 1.00189
117 110 1.00215
117 111 1.00246
117 112 1.0028
117 113 1.00311
117 114 1.00345
117 115 1.00389
117 116 1.00432
117 117 1.00464
117 118 1.00505
117 119 1.00565
117 120 1.00602
117 121 1.0062
117 122 1.00669
117 123 1.00709
117 124 1.00714
117 125 1.00717
117 126 1.0072
117 127 1.00713

118 0 0
118 1 1.00048
118 2 1.00048
118 3 1.00048
118 4 1.00048
118 5 1.00048
118 6 1.00049
118 7 1.00048
118 8 1.00048
118 9 1.00048
118 10 1.00048
118 11 1.00048
118 12 1.00048
118 13 1.00048
118 14 1.00048
118 15 1.00047
118 16 1.00047
118 17 1.00047
118 18 1.00047
118 19 1.00046
118 20 1.00046
118 21 1.00045
118 22 1.00045
118 23 1.00045
118 24 1.00044
118 25 1.00044
118 26 1.00043
118 27 1.00043
118 28 1.00042
118 29 1.00042
118 30 1.00041
118 31 1.0004
118 32 1.0004
118 33 1.00039
118 34 1.00038
118 35 1.00038
118 36 1.00037
118 37 1.00036
118 38 1.00035
118 39 1.00034
118 40 1.00033
118 41 1.00032
118 42 1.00031
118 43 1.0003
118 44 1.00029
118 45 1.00028
118 46 1.00027
118 47 1.00025
118 48 1.00024
118 49 1.00022
118 50 1.00021
118 51 1.00019
118 52 1.00017
118 53 1.00015
118 54 1.00013
118 55 1.00011
118 56 1.00009
118 57 1.00007
118 58 1.00004
118 59 1.00002
118 60 0.999992
118 61 0.999966
118 62 0.999938
118 63 0.99991
118 64 0.999882
118 65 0.999852
118 66 0.999822
118 67 0.999792
118 68 0.999762
118 69 0.999732
118 70 0.999702
118 71 0.999672
118 72 0.999643
118 73 0.999615
118 74 0.999588
118 75 0.999562
118 76 0.999539
118 77 0.999517
118 78 0.999497
118 79 0.99948
118 80 0.999465
118 81 0.999454
118 82 0.999447
118 83 0.999443
118 84 0.999443
118 85 0.999448
118 86 0.999458
118 87 0.999472
118 88 0.999493
118 89 0.999519
118 90 0.999551
118 91 0.99959
118 92 0.999636
118 93 0.99969
118 94 0.999751
118 95 0.999821
118 96 0.999899
118 97 0.999987
118 98 1.00008
118 99 1.00019
118 100 1.00031
118 101 1.00044
118 102 1.00059
118 103 1.00075
118 104 1.00092
118 105 1.00111
118 106 1.00132
118 107 1.00155
118 108 1.00179
118 109 1.00206
118 110 1.00236
118 111 1.00268
118 112 1.00299
118 113 1.00336
118 114 1.00381
118 115 1.00423
118 116 1.00458
118 117 1.00508
118 118 1.00575
118 119 1.00613
118 120 1.00636
118 121 1.00711
118 122 1.00776
118 123 1.00765
118 124 1.00791
118 125 1.00837
118 126 1.00823
118 127 1.0079

119 0 0
119 1 1.00048
119 2 1.00048
119 3 1.00048
119 4 1.00048
119 5 1.00048
119 6 1.00048
119 7 1.00048
119 8 1.00048
119 9 1.00048
119 10 1.00048
119 11 1.00048
119 12 1.00048
119 13 1.00048
119 14 1.00047
119 15 1.00047
119 16 1.00047
119 17 1.00047
119 18 1.00046
119 19 1.00046
119 20 1.00046
119 21 1.00045
119 22 1.00045
119 23 1.00044
119 24 1.00044
119 25 1.00043
119 26 1.00043
119 27 1.00042
119 28 1.00042
119 29 1.00041
119 30 1.00041
119 31 1.0004
119 32 1.00039
119 33 1.00039
119 34 1.00038
119 35 1.00037
119 36 1.00036
119 37 1.00036
119 38 1.00035
119 39 1.00034
119 40 1.00033
119 41 1.00032
119 42 1.00031
119 43 1.00029
119 44 1.00028
119 45 1.00027
119 46 1.00026
119 47 1.00024
119 48 1.00023
119 49 1.00021
119 50 1.0002
119 51 1.00018
119 52 1.00016
119 53 1.00014
119 54 1.00012
119 55 1.0001
119 56 1.00008
119 57 1.00006
119 58 1.00003
119 59 1.00001
119 60 0.999986
119 61 0.999961
119 62 0.999934
119 63 0.999908
119 64 0.99988
119 65 0.999852
119 66 0.999824
119 67 0.999796
119 68 0.999767
119 69 0.999739
119 70 0.999711
119 71 0.999683
119 72 0.999656
119 73 0.99963
119 74 0.999605
119 75 0.999582
119 76 0.99956
119 77 0.99954
119 78 0.999523
119 79 0.999507
119 80 0.999495
119 81 0.999486
119 82 0.99948
119 83 0.999478
119 84 0.99948
119 85 0.999486
119 86 0.999497
119 87 0.999514
119 88 0.999536
119 89 0.999563
119 90 0.999597
119 91 0.999638
119 92 0.999686
119 93 0.999741
119 94 0.999805
119 95 0.999877
119 96 0.999958
119 97 1.00005
119 98 1.00015
119 99 1.00026
119 100 1.00039
119 101 1.00052
119 102 1.00067
119 103 1.00084
119 104 1.00102
119 105 1.00122
119 106 1.00144
119 107 1.00167
119 108 1.00193
119 109 1.00223
119 110 1.00253
119 111 1.00285
119 112 1.00322
119 113 1.00366
119 114 1.00407
119 115 1.00447
119 116 1.00501
119 117 1.00566
119 118 1.00612
119 119 1.0065
119 120 1.00729
119 121 1.00811
119 122 1.00818
119 123 1.00856
119 124 1.00932
119 125 1.00936
119 126 1.00929
119 127 1.00889

120 0 0
120 1 1.00048
120 2 1.00048
120 3 1.00048
120 4 1.00048
120 5 1.00048
120 6 1.00048
120 7 1.00048
120 8 1.00048
120 9 1.00048
120 10 1.00048
120 11 1.00048
120 12 1.00048
120 13 1.00047
120 14 1.00047
120 15 1.00047
120 16 1.00047
120 17 1.00046
120 18 1.00046
120 19 1.00046
120 20 1.00045
120 21 1.00045
120 22 1.00045
120 23 1.00044
120 24 1.00044
120 25 1.00043
120 26 1.00043
120 27 1.00042
120 28 1.00041
120 29 1.00041
120 30 1.0004
120 31 1.0004
120 32 1.00039
120 33 1.00038
120 34 1.00037
120 35 1.00037
120 36 1.00036
120 37 1.00035
120 38 1.00034
120 39 1.00033
120 40 1.00032
120 41 1.00031
120 42 1.0003
120 43 1.00029
120 44 1.00027
120 45 1.00026
120 46 1.00025
120 47 1.00023
120 48 1.00022
120 49 1.0002
120 50 1.00019
120 51 1.00017
120 52 1.00015
120 53 1.00013
120 54 1.00011
120 55 1.00009
120 56 1.00007
120 57 1.00005
120 58 1.00002
120 59 1
120 60 0.999977
120 61 0.999952
120 62 0.999926
120 63 0.9999
120 64 0.999873
120 65 0.999847
120 66 0.999819
120 67 0.999792
120 68 0.999765
120 69 0.999738
120 70 0.999711
120 71 0.999685
120 72 0.99966
120 73 0.999636
120 74 0.999612
120 75 0.999591
120 76 0.999571
120 77 0.999552
120 78 0.999536
120 79 0.999523
120 80 0.999512
120 81 0.999505
120 82 0.999501
120 83 0.9995
120 84 0.999504
120 85 0.999512
120 86 0.999525
120 87 0.999542
120 88 0.999566
120 89 0.999595
120 90 0.999631
120 91 0.999673
120 92 0.999723
120 93 0.99978
120 94 0.999845
120 95 0.99992
120 96 1
120 97 1.0001
120 98 1.0002
120 99 1.00032
120 100 1.00045
120 101 1.00059
120 102 1.00074
120 103 1.00091
120 104 1.0011
120 105 1.00131
120 106 1.00153
120 107 1.00178
120 108 1.00206
120 109 1.00235
120 110 1.00267
120 111 1.00304
120 112 1.00345
120 113 1.00385
120 114 1.00426
120 115 1.00485
120 116 1.00549
120 117 1.00592
120 118 1.00639
120 119 1.0074
120 120 1.00833
120 121 1.00832
120 122 1.00873
120 123 1.01052
120 124 1.01074
120 125 1.00991
120 126 1.01044
120 127 1.01077

121 0 0
121 1 1.00048
121 2 1.00048
121 3 1.00048
121 4 1.00048
121 5 1.00048
121 6 1.00048
121 7 1.00048
121 8 1.00048
121 9 1.00048
121 10 1.00048
121 11 1.00048
121 12 1.00047
121 13 1.00047
121 14 1.00047
121 15 1.00047
121 16 1.00047
121 17 1.00046
121 18 1.00046
121 19 1.00046
121 20 1.00045
121 21 1.00045
121 22 1.00044
121 23 1.00044
121 24 1.00043
121 25 1.00043
121 26 1.00042
121 27 1.00042
121 28 1.00041
121 29 1.00041
121 30 1.0004
121 31 1.00039
121 32 1.00038
121 33 1.00038
121 34 1.00037
121 35 1.00036
121 36 1.00035
121 37 1.00034
121 38 1.00033
121 39 1.00032
121 40 1.00031
121 41 1.0003
121 42 1.00029
121 43 1.00028
121 44 1.00027
121 45 1.00025
121 46 1.00024
121 47 1.00022
121 48 1.00021
121 49 1.00019
121 50 1.00017
121 51 1.00016
121 52 1.00014
121 53 1.00012
121 54 1.0001
121 55 1.00008
121 56 1.00006
121 57 1.00003
121 58 1.00001
121 59 0.999988
121 60 0.999964
121 61 0.999939
121 62 0.999914
121 63 0.999888
121 64 0.999862
121 65 0.999836
121 66 0.99981
121 67 0.999783
121 68 0.999757
121 69 0.99973
121 70 0.999705
121 71 0.99968
121 72 0.999655
121 73 0.999632
121 74 0.99961
121 75 0.99959
121 76 0.999571
121 77 0.999554
121 78 0.999539
121 79 0.999527
121 80 0.999518
121 81 0.999512
121 82 0.999509
121 83 0.99951
121 84 0.999515
121 85 0.999524
121 86 0.999538
121 87 0.999558
121 88 0.999583
121 89 0.999613
121 90 0.99965
121 91 0.999694
121 92 0.999746
121 93 0.999805
121 94 0.999872
121 95 0.999948
121 96 1.00003
121 97 1.00013
121 98 1.00024
121 99 1.00036
121 100 1.00049
121 101 1.00063
121 102 1.00079
121 103 1.00097
121 104 1.00116
121 105 1.00138
121 106 1.00161
121 107 1.00187
121 108 1.00215
121 109 1.00246
121 110 1.00281
121 111 1.00319
121 112 1.00357
121 113 1.00402
121 114 1.00458
121 115 1.00512
121 116 1.0056
121 117 1.00626
121 118 1.00722
121 119 1.00796
121 120 1.00835
121 121 1.00931
121 122 1.01099
121 123 1.01116
121 124 1.01075
121 125 1.0125
121 126 1.01238
121 127 1.01187

122 0 0
122 1 1.00048
122 2 1.00048
122 3 1.00048
122 4 1.00048
122 5 1.00048
122 6 1.00048
122 7 1.00048
122 8 1.00048
122 9 1.00048
122 10 1.00048
122 11 1.00048
122 12 1.00047
122 13 1.00047
122 14 1.00047
122 15 1.00047
122 16 1.00046
122 17 1.00046
122 18 1.00046
122 19 1.00045
122 20 1.00045
122 21 1.00045
122 22 1.00044
122 23 1.00044
122 24 1.00043
122 25 1.00043
122 26 1.00042
122 27 1.00042
122 28 1.00041
122 29 1.0004
122 30 1.0004
122 31 1.00039
122 32 1.00038
122 33 1.00037
122 34 1.00037
122 35 1.00036
122 36 1.00035
122 37 1.00034
122 38 1.00033
122 39 1.00032
122 40 1.00031
122 41 1.0003
122 42 1.00028
122 43 1.00027
122 44 1.00026
122 45 1.00024
122 46 1.00023
122 47 1.00021
122 48 1.0002
122 49 1.00018
122 50 1.00016
122 51 1.00015
122 52 1.00013
122 53 1.00011
122 54 1.00009
122 55 1.00007
122 56 1.00004
122 57 1.00002
122 58 0.999998
122 59 0.999974
122 60 0.99995
122 61 0.999925
122 62 0.9999
122 63 0.999874
122 64 0.999848
122 65 0.999822
122 66 0.999796
122 67 0.999769
122 68 0.999743
122 69 0.999718
122 70 0.999692
122 71 0.999668
122 72 0.999644
122 73 0.999621
122 74 0.9996
122 75 0.99958
122 76 0.999562
122 77 0.999546
122 78 0.999533
122 79 0.999521
122 80 0.999513
122 81 0.999508
122 82 0.999506
122 83 0.999508
122 84 0.999514
122 85 0.999524
122 86 0.99954
122 87 0.99956
122 88 0.999586
122 89 0.999618
122 90 0.999656
122 91 0.999701
122 92 0.999754
122 93 0.999814
122 94 0.999883
122 95 0.999961
122 96 1.00005
122 97 1.00015
122 98 1.00026
122 99 1.00038
122 100 1.00051
122 101 1.00066
122 102 1.00083
122 103 1.00101
122 104 1.0012
122 105 1.00142
122 106 1.00167
122 107 1.00193
122 108 1.00222
122 109 1.00254
122 110 1.00289
122 111 1.00327
122 112 1.0037
122 113 1.0042
122 114 1.00472
122 115 1.00521
122 116 1.00587
122 117 1.00679
122 118 1.00755
122 119 1.00798
122 120 1.00906
122 121 1.01105
122 122 1.012
122 123 1.01095
122 124 1.01299
122 125 1.01612
122 126 1.01444
122 127 1.01141

123 0 0
123 1 1.00048
123 2 1.00048
123 3 1.00048
123 4 1.00048
123 5 1.00048
123 6 1.00048
123 7 1.00048
123 8 1.00048
123 9 1.00048
123 10 1.00048
123 11 1.00047
123 12 1.00047
123 13 1.00047
123 14 1.00047
123 15 1.00047
123 16 1.00046
123 17 1.00046
123 18 1.00046
123 19 1.00045
123 20 1.00045
123 21 1.00044
123 22 1.00044
123 23 1.00044
123 24 1.00043
123 25 1.00042
123 26 1.00042
123 27 1.00041
123 28 1.00041
123 29 1.0004
123 30 1.00039
123 31 1.00039
123 32 1.00038
123 33 1.00037
123 34 1.00036
123 35 1.00035
123 36 1.00034
123 37 1.00033
123 38 1.00032
123 39 1.00031
123 40 1.0003
123 41 1.00029
123 42 1.00028
123 43 1.00026
123 44 1.00025
123 45 1.00024
123 46 1.00022
123 47 1.0002
123 48 1.00019
123 49 1.00017
123 50 1.00015
123 51 1.00013
123 52 1.00012
123 53 1.0001
123 54 1.00007
123 55 1.00005
123 56 1.00003
123 57 1.00001
123 58 0.999984
123 59 0.99996
123 60 0.999935
123 61 0.99991
123 62 0.999884
123 63 0.999858
123 64 0.999832
123 65 0.999805
123 66 0.999779
123 67 0.999752
123 68 0.999726
123 69 0.9997
123 70 0.999675
123 71 0.999651
123 72 0.999627
123 73 0.999605
123 74 0.999584
123 75 0.999564
123 76 0.999547
123 77 0.999531
123 78 0.999518
123 79 0.999507
123 80 0.999499
123 81 0.999494
123 82 0.999493
123 83 0.999496
123 84 0.999502
123 85 0.999513
123 86 0.999529
123 87 0.99955
123 88 0.999577
123 89 0.999609
123 90 0.999649
123 91 0.999695
123 92 0.999748
123 93 0.999809
123 94 0.999879
123 95 0.999958
123 96 1.00005
123 97 1.00015
123 98 1.00026
123 99 1.00038
123 100 1.00052
123 101 1.00067
123 102 1.00084
123 103 1.00102
123 104 1.00122
123 105 1.00144
123 106 1.00169
123 107 1.00196
123 108 1.00226
123 109 1.00258
123 110 1.00293
123 111 1.00334
123 112 1.0038
123 113 1.00425
123 114 1.00475
123 115 1.00545
123 116 1.0062
123 117 1.00674
123 118 1.00746
123 119 1.00894
123 120 1.01032
123 121 1.01048
123 122 1.01152
123 123 1.01548
123 124 1.01787
123 125 1.01284
123 126 1.01549
123 127 1.02027

124 0 0
124 1 1.00048
124 2 1.00048
124 3 1.00048
124 4 1.00048
124 5 1.00048
124 6 1.00048
124 7 1.00048
124 8 1.00048
124 9 1.00048
124 10 1.00048
124 11 1.00047
124 12 1.00047
124 13 1.00047
124 14 1.00047
124 15 1.00047
124 16 1.00046
124 17 1.00046
124 18 1.00046
124 19 1.00045
124 20 1.00045
124 21 1.00044
124 22 1.00044
124 23 1.00043
124 24 1.00043
124 25 1.00042
124 26 1.00042
124 27 1.00041
124 28 1.00041
124 29 1.0004
124 30 1.00039
124 31 1.00038
124 32 1.00038
124 33 1.00037
124 34 1.00036
124 35 1.00035
124 36 1.00034
124 37 1.00033
124 38 1.00032
124 39 1.00031
124 40 1.0003
124 41 1.00028
124 42 1.00027
124 43 1.00026
124 44 1.00024
124 45 1.00023
124 46 1.00021
124 47 1.0002
124 48 1.00018
124 49 1.00016
124 50 1.00014
124 51 1.00012
124 52 1.0001
124 53 1.00008
124 54 1.00006
124 55 1.00004
124 56 1.00002
124 57 0.999994
124 58 0.999969
124 59 0.999945
124 60 0.999919
124 61 0.999893
124 62 0.999867
124 63 0.999841
124 64 0.999814
124 65 0.999787
124 66 0.99976
124 67 0.999733
124 68 0.999707
124 69 0.999681
124 70 0.999655
124 71 0.99963
124 72 0.999607
124 73 0.999584
124 74 0.999563
124 75 0.999543
124 76 0.999526
124 77 0.99951
124 78 0.999497
124 79 0.999486
124 80 0.999478
124 81 0.999473
124 82 0.999472
124 83 0.999475
124 84 0.999482
124 85 0.999493
124 86 0.999509
124 87 0.99953
124 88 0.999557
124 89 0.99959
124 90 0.999629
124 91 0.999676
124 92 0.999729
124 93 0.999791
124 94 0.999861
124 95 0.999941
124 96 1.00003
124 97 1.00013
124 98 1.00024
124 99 1.00037
124 100 1.0005
124 101 1.00066
124 102 1.00082
124 103 1.00101
124 104 1.00121
124 105 1.00144
124 106 1.00169
124 107 1.00196
124 108 1.00226
124 109 1.00259
124 110 1.00295
124 111 1.00336
124 112 1.00379
124 113 1.00429
124 114 1.00486
124 115 1.00548
124 116 1.00613
124 117 1.00692
124 118 1.0079
124 119 1.00901
124 120 1.00997
124 121 1.01124
124 122 1.01331
124 123 1.01658
124 124 1.01781
124 125 1.01796
124 126 1.02203
124 127 1.02127

125 0 0
125 1 1.00048
125 2 1.00048
125 3 1.00048
125 4 1.00048
125 5 1.00048
125 6 1.00048
125 7 1.00048
125 8 1.00048
125 9 1.00048
125 10 1.00048
125 11 1.00048
125 12 1.00047
125 13 1.00047
125 14 1.00047
125 15 1.00047
125 16 1.00046
125 17 1.00046
125 18 1.00046
125 19 1.00045
125 20 1.00045
125 21 1.00044
125 22 1.00044
125 23 1.00043
125 24 1.00043
125 25 1.00042
125 26 1.00042
125 27 1.00041
125 28 1.0004
125 29 1.0004
125 30 1.00039
125 31 1.00038
125 32 1.00037
125 33 1.00037
125 34 1.00036
125 35 1.00035
125 36 1.00034
125 37 1.00033
125 38 1.00032
125 39 1.0003
125 40 1.00029
125 41 1.00028
125 42 1.00027
125 43 1.00025
125 44 1.00024
125 45 1.00022
125 46 1.00021
125 47 1.00019
125 48 1.00017
125 49 1.00015
125 50 1.00013
125 51 1.00011
125 52 1.00009
125 53 1.00007
125 54 1.00005
125 55 1.00003
125 56 1
125 57 0.99998
125 58 0.999955
125 59 0.99993
125 60 0.999904
125 61 0.999877
125 62 0.99985
125 63 0.999823
125 64 0.999795
125 65 0.999768
125 66 0.99974
125 67 0.999713
125 68 0.999686
125 69 0.999659
125 70 0.999633
125 71 0.999608
125 72 0.999583
125 73 0.99956
125 74 0.999539
125 75 0.999518
125 76 0.9995
125 77 0.999484
125 78 0.99947
125 79 0.999459
125 80 0.999451
125 81 0.999446
125 82 0.999445
125 83 0.999447
125 84 0.999454
125 85 0.999465
125 86 0.99948
125 87 0.999501
125 88 0.999528
125 89 0.999561
125 90 0.9996
125 91 0.999646
125 92 0.9997
125 93 0.999761
125 94 0.999831
125 95 0.999911
125 96 1
125 97 1.0001
125 98 1.00021
125 99 1.00034
125 100 1.00047
125 101 1.00063
125 102 1.00079
125 103 1.00098
125 104 1.00118
125 105 1.00141
125 106 1.00166
125 107 1.00193
125 108 1.00223
125 109 1.00256
125 110 1.00293
125 111 1.00332
125 112 1.00376
125 113 1.0043
125 114 1.00487
125 115 1.00539
125 116 1.00608
125 117 1.00716
125 118 1.008
125 119 1.00846
125 120 1.00989
125 121 1.01317
125 122 1.014
125 123 1.0128
125 124 1.01765
125 125 1.03475
125 126 1.03098
125 127 1.00576

126 0 0
126 1 1.00048
126 2 1.00048
126 3 1.00048
126 4 1.00048
126 5 1.00048
126 6 1.00048
126 7 1.00048
126 8 1.00048
126 9 1.00048
126 10 1.00048
126 11 1.00048
126 12 1.00047
126 13 1.00047
126 14 1.00047
126 15 1.00047
126 16 1.00046
126 17 1.00046
126 18 1.00046
126 19 1.00045
126 20 1.00045
126 21 1.00044
126 22 1.00044
126 23 1.00043
126 24 1.00043
126 25 1.00042
126 26 1.00042
126 27 1.00041
126 28 1.0004
126 29 1.0004
126 30 1.00039
126 31 1.00038
126 32 1.00037
126 33 1.00036
126 34 1.00035
126 35 1.00034
126 36 1.00033
126 37 1.00032
126 38 1.00031
126 39 1.0003
126 40 1.00029
126 41 1.00028
126 42 1.00026
126 43 1.00025
126 44 1.00023
126 45 1.00022
126 46 1.0002
126 47 1.00018
126 48 1.00017
126 49 1.00015
126 50 1.00013
126 51 1.00011
126 52 1.00009
126 53 1.00006
126 54 1.00004
126 55 1.00002
126 56 0.999992
126 57 0.999967
126 58 0.999942
126 59 0.999915
126 60 0.999888
126 61 0.999861
126 62 0.999833
126 63 0.999805
126 64 0.999777
126 65 0.999748
126 66 0.99972
126 67 0.999692
126 68 0.999664
126 69 0.999636
126 70 0.999609
126 71 0.999583
126 72 0.999558
126 73 0.999534
126 74 0.999512
126 75 0.999491
126 76 0.999472
126 77 0.999455
126 78 0.999441
126 79 0.999429
126 80 0.99942
126 81 0.999415
126 82 0.999413
126 83 0.999414
126 84 0.99942
126 85 0.99943
126 86 0.999445
126 87 0.999466
126 88 0.999492
126 89 0.999524
126 90 0.999562
126 91 0.999607
126 92 0.99966
126 93 0.999721
126 94 0.99979
126 95 0.999869
126 96 0.999957
126 97 1.00006
126 98 1.00017
126 99 1.00029
126 100 1.00043
126 101 1.00058
126 102 1.00074
126 103 1.00093
126 104 1.00113
126 105 1.00135
126 106 1.0016
126 107 1.00187
126 108 1.00217
126 109 1.0025
126 110 1.00286
126 111 1.00327
126 112 1.00372
126 113 1.00418
126 114 1.00474
126 115 1.00544
126 116 1.00609
126 117 1.0067
126 118 1.00779
126 119 1.00927
126 120 1.00993
126 121 1.01064
126 122 1.01421
126 123 1.01848
126 124 1.01701
126 125 1.02078
126 126 1.03935
126 127 1.0688

127 0 0
127 1 0
127 2 0
127 3 0
127 4 0
127 5 0
127 6 0
127 7 0
127 8 0
127 9 0
127 10 0
127 11 0
127 12 0
127 13 0
127 14 0
127 15 0
127 16 0
127 17 0
127 18 0
127 19 0
127 20 0
127 21 0
127 22 0
127 23 0
127 24 0
127 25 0
127 26 0
127 27 0
127 28 0
127 29 0
127 30 0
127 31 0
127 32 0
127 33 0
127 34 0
127 35 0
127 36 0
127 37 0
127 38 0
127 39 0
127 40 0
127 41 0
127 42 0
127 43 0
127 44 0
127 45 0
127 46 0
127 47 0
127 48 0
127 49 0
127 50 0
127 51 0
127 52 0
127 53 0
127 54 0
127 55 0
127 56 0
127 57 0
127 58 0
127 59 0
127 60 0
127 61 0
127 62 0
127 63 0
127 64 0
127 65 0
127 66 0
127 67 0
127 68 0
127 69 0
127 70 0
127 71 0
127 72 0
127 73 0
127 74 0
127 75 0
127 76 0
127 77 0
127 78 0
127 79 0
127 80 0
127 81 0
127 82 0
127 83 0
127 84 0
127 85 0
127 86 0
127 87 0
127 88 0
127 89 0
127 90 0
127 91 0
127 92 0
127 93 0
127 94 0
127 95 0
127 96 0
127 97 0
127 98 0
127 99 0
127 100 0
127 101 0
127 102 0
127 103 0
127 104 0
127 105 0
127 106 0
127 107 0
127 108 0
127 109 0
127 110 0
127 111 0
127 112 0
127 113 0
127 114 0
127 115 0
127 116 0
127 117 0
127 118 0
127 119 0
127 120 0
127 121 0
127 122 0
127 123 0
127 124 0
127 125 0
127 126 0
127 127 0

