0 0 0
0 1 0
0 2 0
0 3 0
0 4 0
0 5 0
0 6 0
0 7 0
0 8 0
0 9 0
0 10 0
0 11 0
0 12 0
0 13 0
0 14 0
0 15 0
0 16 0
0 17 0
0 18 0
0 19 0
0 20 0
0 21 0
0 22 0
0 23 0
0 24 0
0 25 0
0 26 0
0 27 0
0 28 0
0 29 0
0 30 0
0 31 0
0 32 0
0 33 0
0 34 0
0 35 0
0 36 0
0 37 0
0 38 0
0 39 0
0 40 0
0 41 0
0 42 0
0 43 0
0 44 0
0 45 0
0 46 0
0 47 0
0 48 0
0 49 0
0 50 0
0 51 0
0 52 0
0 53 0
0 54 0
0 55 0
0 56 0
0 57 0
0 58 0
0 59 0
0 60 0
0 61 0
0 62 0
0 63 0
0 64 0
0 65 0
0 66 0
0 67 0
0 68 0
0 69 0
0 70 0
0 71 0
0 72 0
0 73 0
0 74 0
0 75 0
0 76 0
0 77 0
0 78 0
0 79 0
0 80 0
0 81 0
0 82 0
0 83 0
0 84 0
0 85 0
0 86 0
0 87 0
0 88 0
0 89 0
0 90 0
0 91 0
0 92 0
0 93 0
0 94 0
0 95 0
0 96 0
0 97 0
0 98 0
0 99 0
0 100 0
0 101 0
0 102 0
0 103 0
0 104 0
0 105 0
0 106 0
0 107 0
0 108 0
0 109 0
0 110 0
0 111 0
0 112 0
0 113 0
0 114 0
0 115 0
0 116 0
0 117 0
0 118 0
0 119 0
0 120 0
0 121 0
0 122 0
0 123 0
0 124 0
0 125 0
0 126 0
0 127 0

1 0 0
1 1 0.999579
1 2 0.99958
1 3 0.999581
1 4 0.99958
1 5 0.999579
1 6 0.999577
1 7 0.999575
1 8 0.999572
1 9 0.999569
1 10 0.999565
1 11 0.99956
1 12 0.999555
1 13 0.99955
1 14 0.999543
1 15 0.999536
1 16 0.999528
1 17 0.999519
1 18 0.99951
1 19 0.999499
1 20 0.999487
1 21 0.999475
1 22 0.999461
1 23 0.999445
1 24 0.999429
1 25 0.999411
1 26 0.999391
1 27 0.99937
1 28 0.999347
1 29 0.999322
1 30 0.999295
1 31 0.999267
1 32 0.999236
1 33 0.999203
1 34 0.999167
1 35 0.99913
1 36 0.999089
1 37 0.999047
1 38 0.999002
1 39 0.998954
1 40 0.998904
1 41 0.998851
1 42 0.998796
1 43 0.998738
1 44 0.998678
1 45 0.998616
1 46 0.998552
1 47 0.998485
1 48 0.998417
1 49 0.998346
1 50 0.998275
1 51 0.998201
1 52 0.998127
1 53 0.998052
1 54 0.997976
1 55 0.9979
1 56 0.997825
1 57 0.997751
1 58 0.997678
1 59 0.997607
1 60 0.997539
1 61 0.997475
1 62 0.997416
1 63 0.997362
1 64 0.997315
1 65 0.997275
1 66 0.997243
1 67 0.997221
1 68 0.997207
1 69 0.997203
1 70 0.99721
1 71 0.997226
1 72 0.997252
1 73 0.997287
1 74 0.99733
1 75 0.997381
1 76 0.997438
1 77 0.9975
1 78 0.997566
1 79 0.997633
1 80 0.997702
1 81 0.997769
1 82 0.997835
1 83 0.997898
1 84 0.997957
1 85 0.998011
1 86 0.998061
1 87 0.998104
1 88 0.998142
1 89 0.998174
1 90 0.9982
1 91 0.998221
1 92 0.998235
1 93 0.998245
1 94 0.998249
1 95 0.998247
1 96 0.998241
1 97 0.998229
1 98 0.998213
1 99 0.998191
1 100 0.998164
1 101 0.998132
1 102 0.998093
1 103 0.99805
1 104 0.998
1 105 0.997942
1 106 0.997879
1 107 0.99781
1 108 0.997732
1 109 0.997643
1 110 0.997552
1 111 0.99746
1 112 0.997338
1 113 0.997203
1 114 0.997106
1 115 0.996981
1 116 0.996732
1 117 0.996567
1 118 0.996574
1 119 0.996214
1 120 0.99547
1 121 0.995707
1 122 0.99602
1 123 0.993365
1 124 0.991344
1 125 0.993942
1 126 0.991253
1 127 0.969152

2 0 0
2 1 0.99958
2 2 0.99958
2 3 0.99958
2 4 0.999579
2 5 0.999578
2 6 0.999576
2 7 0.999574
2 8 0.999571
2 9 0.999567
2 10 0.999564
2 11 0.999559
2 12 0.999554
2 13 0.999548
2 14 0.999542
2 15 0.999534
2 16 0.999526
2 17 0.999517
2 18 0.999508
2 19 0.999497
2 20 0.999485
2 21 0.999472
2 22 0.999458
2 23 0.999443
2 24 0.999426
2 25 0.999408
2 26 0.999388
2 27 0.999367
2 28 0.999344
2 29 0.999319
2 30 0.999292
2 31 0.999263
2 32 0.999232
2 33 0.999199
2 34 0.999164
2 35 0.999126
2 36 0.999086
2 37 0.999043
2 38 0.998998
2 39 0.998951
2 40 0.998901
2 41 0.998848
2 42 0.998793
2 43 0.998736
2 44 0.998677
2 45 0.998615
2 46 0.998551
2 47 0.998484
2 48 0.998416
2 49 0.998347
2 50 0.998275
2 51 0.998202
2 52 0.998128
2 53 0.998053
2 54 0.997978
2 55 0.997903
2 56 0.997828
2 57 0.997753
2 58 0.997681
2 59 0.997611
2 60 0.997543
2 61 0.99748
2 62 0.997421
2 63 0.997367
2 64 0.997321
2 65 0.997281
2 66 0.99725
2 67 0.997227
2 68 0.997214
2 69 0.99721
2 70 0.997216
2 71 0.997233
2 72 0.997258
2 73 0.997293
2 74 0.997335
2 75 0.997385
2 76 0.997441
2 77 0.997502
2 78 0.997566
2 79 0.997633
2 80 0.9977
2 81 0.997766
2 82 0.997831
2 83 0.997892
2 84 0.99795
2 85 0.998003
2 86 0.998052
2 87 0.998094
2 88 0.998132
2 89 0.998163
2 90 0.998189
2 91 0.998208
2 92 0.998223
2 93 0.998231
2 94 0.998235
2 95 0.998233
2 96 0.998226
2 97 0.998214
2 98 0.998197
2 99 0.998175
2 100 0.998147
2 101 0.998114
2 102 0.998076
2 103 0.99803
2 104 0.997979
2 105 0.997923
2 106 0.997858
2 107 0.997785
2 108 0.997707
2 109 0.997625
2 110 0.997523
2 111 0.997412
2 112 0.997317
2 113 0.997206
2 114 0.997014
2 115 0.996871
2 116 0.996834
2 117 0.996586
2 118 0.996056
2 119 0.996162
2 120 0.996454
2 121 0.994915
2 122 0.993205
2 123 0.99622
2 124 0.996779
2 125 0.982863
2 126 0.982104
2 127 1.00983

3 0 0
3 1 0.99958
3 2 0.999579
3 3 0.999579
3 4 0.999578
3 5 0.999577
3 6 0.999575
3 7 0.999572
3 8 0.99957
3 9 0.999566
3 10 0.999562
3 11 0.999557
3 12 0.999552
3 13 0.999546
3 14 0.99954
3 15 0.999532
3 16 0.999524
3 17 0.999515
3 18 0.999505
3 19 0.999494
3 20 0.999482
3 21 0.999469
3 22 0.999455
3 23 0.999439
3 24 0.999422
3 25 0.999404
3 26 0.999384
3 27 0.999363
3 28 0.99934
3 29 0.999314
3 30 0.999287
3 31 0.999259
3 32 0.999227
3 33 0.999194
3 34 0.999159
3 35 0.999121
3 36 0.999081
3 37 0.999039
3 38 0.998994
3 39 0.998947
3 40 0.998897
3 41 0.998845
3 42 0.99879
3 43 0.998734
3 44 0.998674
3 45 0.998613
3 46 0.99855
3 47 0.998484
3 48 0.998417
3 49 0.998348
3 50 0.998277
3 51 0.998205
3 52 0.998131
3 53 0.998057
3 54 0.997982
3 55 0.997907
3 56 0.997833
3 57 0.997759
3 58 0.997687
3 59 0.997617
3 60 0.997549
3 61 0.997486
3 62 0.997427
3 63 0.997374
3 64 0.997328
3 65 0.997288
3 66 0.997257
3 67 0.997234
3 68 0.997221
3 69 0.997217
3 70 0.997223
3 71 0.997239
3 72 0.997263
3 73 0.997297
3 74 0.997339
3 75 0.997388
3 76 0.997443
3 77 0.997502
3 78 0.997565
3 79 0.99763
3 80 0.997696
3 81 0.997761
3 82 0.997824
3 83 0.997884
3 84 0.997941
3 85 0.997993
3 86 0.99804
3 87 0.998082
3 88 0.998118
3 89 0.998148
3 90 0.998173
3 91 0.998192
3 92 0.998206
3 93 0.998214
3 94 0.998217
3 95 0.998215
3 96 0.998208
3 97 0.998195
3 98 0.998178
3 99 0.998155
3 100 0.998127
3 101 0.998094
3 102 0.998055
3 103 0.998009
3 104 0.997958
3 105 0.9979
3 106 0.997836
3 107 0.997763
3 108 0.997682
3 109 0.997598
3 110 0.997505
3 111 0.997392
3 112 0.997274
3 113 0.997173
3 114 0.997035
3 115 0.99683
3 116 0.99669
3 117 0.996631
3 118 0.996298
3 119 0.995796
3 120 0.995869
3 121 0.996002
3 122 0.99446
3 123 0.992969
3 124 0.994864
3 125 0.994538
3 126 0.987691
3 127 0.996309

4 0 0
4 1 0.999579
4 2 0.999579
4 3 0.999578
4 4 0.999577
4 5 0.999576
4 6 0.999574
4 7 0.999571
4 8 0.999568
4 9 0.999565
4 10 0.99956
4 11 0.999556
4 12 0.99955
4 13 0.999544
4 14 0.999537
4 15 0.99953
4 16 0.999521
4 17 0.999512
4 18 0.999502
4 19 0.999491
4 20 0.999479
4 21 0.999466
4 22 0.999451
4 23 0.999435
4 24 0.999418
4 25 0.9994
4 26 0.999379
4 27 0.999358
4 28 0.999334
4 29 0.999309
4 30 0.999282
4 31 0.999252
4 32 0.999221
4 33 0.999188
4 34 0.999152
4 35 0.999115
4 36 0.999075
4 37 0.999032
4 38 0.998988
4 39 0.998941
4 40 0.998892
4 41 0.99884
4 42 0.998786
4 43 0.99873
4 44 0.998672
4 45 0.998611
4 46 0.998549
4 47 0.998484
4 48 0.998417
4 49 0.998349
4 50 0.998279
4 51 0.998208
4 52 0.998136
4 53 0.998062
4 54 0.997988
4 55 0.997914
4 56 0.99784
4 57 0.997767
4 58 0.997695
4 59 0.997625
4 60 0.997559
4 61 0.997495
4 62 0.997437
4 63 0.997384
4 64 0.997337
4 65 0.997298
4 66 0.997266
4 67 0.997243
4 68 0.997229
4 69 0.997225
4 70 0.99723
4 71 0.997245
4 72 0.997269
4 73 0.997301
4 74 0.997342
4 75 0.997389
4 76 0.997443
4 77 0.997501
4 78 0.997562
4 79 0.997625
4 80 0.997689
4 81 0.997753
4 82 0.997814
4 83 0.997873
4 84 0.997928
4 85 0.997979
4 86 0.998024
4 87 0.998065
4 88 0.9981
4 89 0.99813
4 90 0.998154
4 91 0.998172
4 92 0.998185
4 93 0.998193
4 94 0.998195
4 95 0.998193
4 96 0.998185
4 97 0.998172
4 98 0.998154
4 99 0.998132
4 100 0.998104
4 101 0.99807
4 102 0.99803
4 103 0.997986
4 104 0.997935
4 105 0.997876
4 106 0.997811
4 107 0.997743
4 108 0.997662
4 109 0.997568
4 110 0.997479
4 111 0.99739
4 112 0.997255
4 113 0.997107
4 114 0.997036
4 115 0.996917
4 116 0.996589
4 117 0.996412
4 118 0.996603
4 119 0.996178
4 120 0.995044
4 121 0.99552
4 122 0.996777
4 123 0.993702
4 124 0.990493
4 125 0.997236
4 126 0.996876
4 127 0.991919

5 0 0
5 1 0.999578
5 2 0.999578
5 3 0.999577
5 4 0.999576
5 5 0.999575
5 6 0.999573
5 7 0.99957
5 8 0.999567
5 9 0.999563
5 10 0.999559
5 11 0.999554
5 12 0.999548
5 13 0.999542
5 14 0.999535
5 15 0.999527
5 16 0.999519
5 17 0.999509
5 18 0.999499
5 19 0.999487
5 20 0.999475
5 21 0.999461
5 22 0.999446
5 23 0.99943
5 24 0.999413
5 25 0.999394
5 26 0.999373
5 27 0.999351
5 28 0.999328
5 29 0.999302
5 30 0.999274
5 31 0.999245
5 32 0.999214
5 33 0.99918
5 34 0.999145
5 35 0.999107
5 36 0.999067
5 37 0.999025
5 38 0.99898
5 39 0.998934
5 40 0.998885
5 41 0.998834
5 42 0.998781
5 43 0.998725
5 44 0.998668
5 45 0.998608
5 46 0.998547
5 47 0.998484
5 48 0.998418
5 49 0.998351
5 50 0.998283
5 51 0.998213
5 52 0.998141
5 53 0.998069
5 54 0.997996
5 55 0.997923
5 56 0.997849
5 57 0.997777
5 58 0.997706
5 59 0.997637
5 60 0.99757
5 61 0.997507
5 62 0.997449
5 63 0.997396
5 64 0.997349
5 65 0.997309
5 66 0.997277
5 67 0.997254
5 68 0.997239
5 69 0.997234
5 70 0.997238
5 71 0.997251
5 72 0.997274
5 73 0.997305
5 74 0.997344
5 75 0.99739
5 76 0.997441
5 77 0.997497
5 78 0.997557
5 79 0.997618
5 80 0.99768
5 81 0.997741
5 82 0.997801
5 83 0.997858
5 84 0.997911
5 85 0.997961
5 86 0.998005
5 87 0.998045
5 88 0.998079
5 89 0.998107
5 90 0.99813
5 91 0.998148
5 92 0.99816
5 93 0.998167
5 94 0.998169
5 95 0.998166
5 96 0.998158
5 97 0.998145
5 98 0.998128
5 99 0.998105
5 100 0.998077
5 101 0.998043
5 102 0.998004
5 103 0.997959
5 104 0.997909
5 105 0.997852
5 106 0.997787
5 107 0.997716
5 108 0.997642
5 109 0.997557
5 110 0.997453
5 111 0.997357
5 112 0.997268
5 113 0.997125
5 114 0.996955
5 115 0.996883
5 116 0.996794
5 117 0.99643
5 118 0.996168
5 119 0.996431
5 120 0.996166
5 121 0.994869
5 122 0.995041
5 123 0.996677
5 124 0.994212
5 125 0.992805
5 126 0.997738
5 127 0.998258

6 0 0
6 1 0.999577
6 2 0.999577
6 3 0.999577
6 4 0.999575
6 5 0.999574
6 6 0.999572
6 7 0.999569
6 8 0.999566
6 9 0.999562
6 10 0.999557
6 11 0.999552
6 12 0.999546
6 13 0.99954
6 14 0.999532
6 15 0.999524
6 16 0.999516
6 17 0.999506
6 18 0.999495
6 19 0.999483
6 20 0.99947
6 21 0.999456
6 22 0.999441
6 23 0.999425
6 24 0.999407
6 25 0.999387
6 26 0.999367
6 27 0.999344
6 28 0.99932
6 29 0.999294
6 30 0.999266
6 31 0.999236
6 32 0.999205
6 33 0.999171
6 34 0.999135
6 35 0.999097
6 36 0.999057
6 37 0.999016
6 38 0.998971
6 39 0.998925
6 40 0.998877
6 41 0.998827
6 42 0.998774
6 43 0.99872
6 44 0.998664
6 45 0.998605
6 46 0.998545
6 47 0.998483
6 48 0.998419
6 49 0.998354
6 50 0.998287
6 51 0.998218
6 52 0.998148
6 53 0.998077
6 54 0.998005
6 55 0.997933
6 56 0.997861
6 57 0.997789
6 58 0.997719
6 59 0.99765
6 60 0.997584
6 61 0.997522
6 62 0.997463
6 63 0.99741
6 64 0.997363
6 65 0.997323
6 66 0.99729
6 67 0.997266
6 68 0.99725
6 69 0.997244
6 70 0.997246
6 71 0.997259
6 72 0.997279
6 73 0.997309
6 74 0.997346
6 75 0.997389
6 76 0.997439
6 77 0.997493
6 78 0.99755
6 79 0.997609
6 80 0.997668
6 81 0.997728
6 82 0.997785
6 83 0.99784
6 84 0.997892
6 85 0.997939
6 86 0.997982
6 87 0.99802
6 88 0.998053
6 89 0.998081
6 90 0.998103
6 91 0.99812
6 92 0.998132
6 93 0.998138
6 94 0.99814
6 95 0.998136
6 96 0.998128
6 97 0.998115
6 98 0.998098
6 99 0.998075
6 100 0.998047
6 101 0.998014
6 102 0.997976
6 103 0.997932
6 104 0.997881
6 105 0.997827
6 106 0.997766
6 107 0.997693
6 108 0.997616
6 109 0.997542
6 110 0.997451
6 111 0.997332
6 112 0.997236
6 113 0.997165
6 114 0.996997
6 115 0.996783
6 116 0.99677
6 117 0.996736
6 118 0.996218
6 119 0.995925
6 120 0.9965
6 121 0.996179
6 122 0.994451
6 123 0.995344
6 124 0.997085
6 125 0.994774
6 126 0.99611
6 127 0.997363

7 0 0
7 1 0.999577
7 2 0.999576
7 3 0.999576
7 4 0.999575
7 5 0.999573
7 6 0.999571
7 7 0.999568
7 8 0.999564
7 9 0.99956
7 10 0.999555
7 11 0.99955
7 12 0.999544
7 13 0.999537
7 14 0.99953
7 15 0.999521
7 16 0.999512
7 17 0.999502
7 18 0.999491
7 19 0.999479
7 20 0.999465
7 21 0.999451
7 22 0.999435
7 23 0.999418
7 24 0.9994
7 25 0.99938
7 26 0.999359
7 27 0.999336
7 28 0.999311
7 29 0.999284
7 30 0.999256
7 31 0.999226
7 32 0.999194
7 33 0.99916
7 34 0.999124
7 35 0.999087
7 36 0.999047
7 37 0.999005
7 38 0.998961
7 39 0.998916
7 40 0.998868
7 41 0.998819
7 42 0.998767
7 43 0.998714
7 44 0.998659
7 45 0.998602
7 46 0.998543
7 47 0.998483
7 48 0.998421
7 49 0.998357
7 50 0.998291
7 51 0.998224
7 52 0.998156
7 53 0.998086
7 54 0.998016
7 55 0.997945
7 56 0.997874
7 57 0.997804
7 58 0.997734
7 59 0.997666
7 60 0.9976
7 61 0.997538
7 62 0.99748
7 63 0.997426
7 64 0.997379
7 65 0.997338
7 66 0.997304
7 67 0.997279
7 68 0.997262
7 69 0.997255
7 70 0.997256
7 71 0.997266
7 72 0.997285
7 73 0.997312
7 74 0.997347
7 75 0.997388
7 76 0.997435
7 77 0.997486
7 78 0.997541
7 79 0.997597
7 80 0.997655
7 81 0.997711
7 82 0.997767
7 83 0.99782
7 84 0.997869
7 85 0.997915
7 86 0.997957
7 87 0.997993
7 88 0.998025
7 89 0.998051
7 90 0.998073
7 91 0.998089
7 92 0.9981
7 93 0.998106
7 94 0.998107
7 95 0.998104
7 96 0.998095
7 97 0.998082
7 98 0.998065
7 99 0.998043
7 100 0.998016
7 101 0.997983
7 102 0.997946
7 103 0.997904
7 104 0.997855
7 105 0.997799
7 106 0.99774
7 107 0.997677
7 108 0.997599
7 109 0.997515
7 110 0.997441
7 111 0.997352
7 112 0.997219
7 113 0.997114
7 114 0.997067
7 115 0.996906
7 116 0.996636
7 117 0.996635
7 118 0.996711
7 119 0.996178
7 120 0.995739
7 121 0.996441
7 122 0.996335
7 123 0.994878
7 124 0.995879
7 125 0.997026
7 126 0.996302
7 127 0.996522

8 0 0
8 1 0.999576
8 2 0.999576
8 3 0.999575
8 4 0.999574
8 5 0.999572
8 6 0.999569
8 7 0.999566
8 8 0.999563
8 9 0.999558
8 10 0.999553
8 11 0.999548
8 12 0.999541
8 13 0.999534
8 14 0.999526
8 15 0.999518
8 16 0.999508
8 17 0.999497
8 18 0.999486
8 19 0.999473
8 20 0.999459
8 21 0.999445
8 22 0.999428
8 23 0.999411
8 24 0.999392
8 25 0.999371
8 26 0.99935
8 27 0.999326
8 28 0.999301
8 29 0.999274
8 30 0.999245
8 31 0.999215
8 32 0.999182
8 33 0.999148
8 34 0.999112
8 35 0.999075
8 36 0.999035
8 37 0.998993
8 38 0.99895
8 39 0.998905
8 40 0.998858
8 41 0.99881
8 42 0.998759
8 43 0.998707
8 44 0.998654
8 45 0.998598
8 46 0.998541
8 47 0.998483
8 48 0.998422
8 49 0.99836
8 50 0.998296
8 51 0.998231
8 52 0.998165
8 53 0.998097
8 54 0.998028
8 55 0.997959
8 56 0.997889
8 57 0.997819
8 58 0.997751
8 59 0.997683
8 60 0.997618
8 61 0.997556
8 62 0.997498
8 63 0.997444
8 64 0.997396
8 65 0.997355
8 66 0.99732
8 67 0.997294
8 68 0.997276
8 69 0.997266
8 70 0.997266
8 71 0.997274
8 72 0.99729
8 73 0.997315
8 74 0.997347
8 75 0.997386
8 76 0.99743
8 77 0.997479
8 78 0.99753
8 79 0.997584
8 80 0.997639
8 81 0.997693
8 82 0.997746
8 83 0.997797
8 84 0.997844
8 85 0.997888
8 86 0.997928
8 87 0.997963
8 88 0.997994
8 89 0.998019
8 90 0.998039
8 91 0.998055
8 92 0.998065
8 93 0.998071
8 94 0.998072
8 95 0.998069
8 96 0.99806
8 97 0.998048
8 98 0.998031
8 99 0.998009
8 100 0.997983
8 101 0.997952
8 102 0.997915
8 103 0.997874
8 104 0.997828
8 105 0.997776
8 106 0.997715
8 107 0.997654
8 108 0.997589
8 109 0.997505
8 110 0.997415
8 111 0.997347
8 112 0.99726
8 113 0.997111
8 114 0.997006
8 115 0.996993
8 116 0.996822
8 117 0.996516
8 118 0.996569
8 119 0.996704
8 120 0.996113
8 121 0.995795
8 122 0.996589
8 123 0.996288
8 124 0.995636
8 125 0.996744
8 126 0.996767
8 127 0.9969

9 0 0
9 1 0.999575
9 2 0.999574
9 3 0.999574
9 4 0.999573
9 5 0.999571
9 6 0.999568
9 7 0.999565
9 8 0.999561
9 9 0.999556
9 10 0.999551
9 11 0.999545
9 12 0.999539
9 13 0.999531
9 14 0.999523
9 15 0.999514
9 16 0.999504
9 17 0.999493
9 18 0.99948
9 19 0.999467
9 20 0.999453
9 21 0.999438
9 22 0.999421
9 23 0.999403
9 24 0.999383
9 25 0.999362
9 26 0.99934
9 27 0.999315
9 28 0.99929
9 29 0.999262
9 30 0.999233
9 31 0.999202
9 32 0.99917
9 33 0.999135
9 34 0.999099
9 35 0.999062
9 36 0.999022
9 37 0.998981
9 38 0.998938
9 39 0.998894
9 40 0.998848
9 41 0.9988
9 42 0.998751
9 43 0.998701
9 44 0.998648
9 45 0.998595
9 46 0.998539
9 47 0.998483
9 48 0.998424
9 49 0.998364
9 50 0.998302
9 51 0.998239
9 52 0.998174
9 53 0.998108
9 54 0.998041
9 55 0.997973
9 56 0.997905
9 57 0.997837
9 58 0.997769
9 59 0.997702
9 60 0.997638
9 61 0.997576
9 62 0.997517
9 63 0.997464
9 64 0.997415
9 65 0.997373
9 66 0.997337
9 67 0.997309
9 68 0.99729
9 69 0.997278
9 70 0.997276
9 71 0.997282
9 72 0.997296
9 73 0.997318
9 74 0.997347
9 75 0.997383
9 76 0.997424
9 77 0.99747
9 78 0.997519
9 79 0.997569
9 80 0.997621
9 81 0.997673
9 82 0.997723
9 83 0.997772
9 84 0.997817
9 85 0.997859
9 86 0.997897
9 87 0.997931
9 88 0.99796
9 89 0.997985
9 90 0.998004
9 91 0.998019
9 92 0.998029
9 93 0.998035
9 94 0.998036
9 95 0.998032
9 96 0.998024
9 97 0.998012
9 98 0.997996
9 99 0.997975
9 100 0.997949
9 101 0.997919
9 102 0.997885
9 103 0.997845
9 104 0.9978
9 105 0.997752
9 106 0.997697
9 107 0.997632
9 108 0.997568
9 109 0.997505
9 110 0.997418
9 111 0.99732
9 112 0.997259
9 113 0.997186
9 114 0.997021
9 115 0.996905
9 116 0.996935
9 117 0.99679
9 118 0.996442
9 119 0.996517
9 120 0.996735
9 121 0.996192
9 122 0.996002
9 123 0.996707
9 124 0.99652
9 125 0.996332
9 126 0.9969
9 127 0.997296

10 0 0
10 1 0.999574
10 2 0.999573
10 3 0.999573
10 4 0.999571
10 5 0.999569
10 6 0.999567
10 7 0.999563
10 8 0.999559
10 9 0.999554
10 10 0.999549
10 11 0.999543
10 12 0.999535
10 13 0.999528
10 14 0.999519
10 15 0.999509
10 16 0.999499
10 17 0.999487
10 18 0.999475
10 19 0.999461
10 20 0.999446
10 21 0.99943
10 22 0.999413
10 23 0.999394
10 24 0.999374
10 25 0.999352
10 26 0.999329
10 27 0.999304
10 28 0.999278
10 29 0.99925
10 30 0.99922
10 31 0.999189
10 32 0.999156
10 33 0.999122
10 34 0.999085
10 35 0.999048
10 36 0.999009
10 37 0.998968
10 38 0.998926
10 39 0.998882
10 40 0.998837
10 41 0.998791
10 42 0.998743
10 43 0.998694
10 44 0.998643
10 45 0.998591
10 46 0.998538
10 47 0.998483
10 48 0.998426
10 49 0.998368
10 50 0.998309
10 51 0.998248
10 52 0.998185
10 53 0.998121
10 54 0.998055
10 55 0.997989
10 56 0.997922
10 57 0.997855
10 58 0.997788
10 59 0.997722
10 60 0.997658
10 61 0.997597
10 62 0.997538
10 63 0.997484
10 64 0.997435
10 65 0.997392
10 66 0.997355
10 67 0.997326
10 68 0.997304
10 69 0.997291
10 70 0.997286
10 71 0.99729
10 72 0.997301
10 73 0.99732
10 74 0.997347
10 75 0.997379
10 76 0.997417
10 77 0.99746
10 78 0.997505
10 79 0.997553
10 80 0.997602
10 81 0.997651
10 82 0.997699
10 83 0.997745
10 84 0.997788
10 85 0.997828
10 86 0.997865
10 87 0.997897
10 88 0.997925
10 89 0.997949
10 90 0.997967
10 91 0.997982
10 92 0.997992
10 93 0.997997
10 94 0.997998
10 95 0.997995
10 96 0.997988
10 97 0.997976
10 98 0.99796
10 99 0.997941
10 100 0.997916
10 101 0.997887
10 102 0.997855
10 103 0.997818
10 104 0.997774
10 105 0.997727
10 106 0.997678
10 107 0.997621
10 108 0.997552
10 109 0.997487
10 110 0.997428
10 111 0.997339
10 112 0.997235
10 113 0.997183
10 114 0.997123
10 115 0.996951
10 116 0.996838
10 117 0.996896
10 118 0.996761
10 119 0.996442
10 120 0.996571
10 121 0.996728
10 122 0.996321
10 123 0.996407
10 124 0.99683
10 125 0.99671
10 126 0.996974
10 127 0.997177

11 0 0
11 1 0.999572
11 2 0.999572
11 3 0.999571
11 4 0.99957
11 5 0.999568
11 6 0.999565
11 7 0.999561
11 8 0.999557
11 9 0.999552
11 10 0.999546
11 11 0.99954
11 12 0.999532
11 13 0.999524
11 14 0.999515
11 15 0.999505
11 16 0.999493
11 17 0.999481
11 18 0.999468
11 19 0.999454
11 20 0.999438
11 21 0.999422
11 22 0.999404
11 23 0.999384
11 24 0.999363
11 25 0.999341
11 26 0.999317
11 27 0.999292
11 28 0.999265
11 29 0.999236
11 30 0.999206
11 31 0.999175
11 32 0.999142
11 33 0.999107
11 34 0.999071
11 35 0.999033
11 36 0.998994
11 37 0.998954
11 38 0.998913
11 39 0.99887
11 40 0.998826
11 41 0.998781
11 42 0.998734
11 43 0.998687
11 44 0.998638
11 45 0.998588
11 46 0.998536
11 47 0.998483
11 48 0.998429
11 49 0.998373
11 50 0.998316
11 51 0.998256
11 52 0.998196
11 53 0.998134
11 54 0.99807
11 55 0.998005
11 56 0.99794
11 57 0.997874
11 58 0.997808
11 59 0.997743
11 60 0.99768
11 61 0.997618
11 62 0.99756
11 63 0.997505
11 64 0.997456
11 65 0.997411
11 66 0.997374
11 67 0.997343
11 68 0.997319
11 69 0.997304
11 70 0.997297
11 71 0.997298
11 72 0.997306
11 73 0.997322
11 74 0.997346
11 75 0.997375
11 76 0.99741
11 77 0.997449
11 78 0.997491
11 79 0.997536
11 80 0.997582
11 81 0.997628
11 82 0.997673
11 83 0.997717
11 84 0.997758
11 85 0.997796
11 86 0.997831
11 87 0.997862
11 88 0.997889
11 89 0.997912
11 90 0.99793
11 91 0.997944
11 92 0.997954
11 93 0.997959
11 94 0.997961
11 95 0.997958
11 96 0.997951
11 97 0.997941
11 98 0.997926
11 99 0.997907
11 100 0.997885
11 101 0.997858
11 102 0.997826
11 103 0.997791
11 104 0.997753
11 105 0.997706
11 106 0.997656
11 107 0.997607
11 108 0.99755
11 109 0.997477
11 110 0.997413
11 111 0.997361
11 112 0.997273
11 113 0.997162
11 114 0.997122
11 115 0.997081
11 116 0.996905
11 117 0.996797
11 118 0.996887
11 119 0.996767
11 120 0.996499
11 121 0.996667
11 122 0.996792
11 123 0.99654
11 124 0.996718
11 125 0.996996
11 126 0.997111
11 127 0.997238

12 0 0
12 1 0.999571
12 2 0.999571
12 3 0.99957
12 4 0.999568
12 5 0.999566
12 6 0.999563
12 7 0.999559
12 8 0.999555
12 9 0.999549
12 10 0.999543
12 11 0.999536
12 12 0.999528
12 13 0.99952
12 14 0.99951
12 15 0.999499
12 16 0.999488
12 17 0.999475
12 18 0.999461
12 19 0.999446
12 20 0.99943
12 21 0.999413
12 22 0.999394
12 23 0.999374
12 24 0.999352
12 25 0.999329
12 26 0.999305
12 27 0.999279
12 28 0.999251
12 29 0.999222
12 30 0.999192
12 31 0.99916
12 32 0.999127
12 33 0.999092
12 34 0.999056
12 35 0.999018
12 36 0.99898
12 37 0.99894
12 38 0.9989
12 39 0.998858
12 40 0.998815
12 41 0.998771
12 42 0.998726
12 43 0.99868
12 44 0.998633
12 45 0.998585
12 46 0.998535
12 47 0.998484
12 48 0.998432
12 49 0.998378
12 50 0.998323
12 51 0.998266
12 52 0.998207
12 53 0.998147
12 54 0.998085
12 55 0.998022
12 56 0.997958
12 57 0.997894
12 58 0.997829
12 59 0.997765
12 60 0.997702
12 61 0.99764
12 62 0.997582
12 63 0.997527
12 64 0.997477
12 65 0.997432
12 66 0.997393
12 67 0.99736
12 68 0.997335
12 69 0.997317
12 70 0.997307
12 71 0.997306
12 72 0.997311
12 73 0.997324
12 74 0.997344
12 75 0.99737
12 76 0.997402
12 77 0.997437
12 78 0.997476
12 79 0.997518
12 80 0.997561
12 81 0.997604
12 82 0.997646
12 83 0.997688
12 84 0.997727
12 85 0.997764
12 86 0.997797
12 87 0.997827
12 88 0.997853
12 89 0.997875
12 90 0.997893
12 91 0.997907
12 92 0.997917
12 93 0.997922
12 94 0.997924
12 95 0.997922
12 96 0.997916
12 97 0.997906
12 98 0.997893
12 99 0.997876
12 100 0.997854
12 101 0.99783
12 102 0.997801
12 103 0.997767
12 104 0.99773
12 105 0.99769
12 106 0.997642
12 107 0.99759
12 108 0.997542
12 109 0.997487
12 110 0.997412
12 111 0.997348
12 112 0.997304
12 113 0.99722
12 114 0.997109
12 115 0.997078
12 116 0.99705
12 117 0.996887
12 118 0.996805
12 119 0.996894
12 120 0.996789
12 121 0.996635
12 122 0.996805
12 123 0.996858
12 124 0.996829
12 125 0.997033
12 126 0.997191
12 127 0.997353

13 0 0
13 1 0.999569
13 2 0.999569
13 3 0.999568
13 4 0.999567
13 5 0.999564
13 6 0.999561
13 7 0.999557
13 8 0.999552
13 9 0.999546
13 10 0.99954
13 11 0.999533
13 12 0.999524
13 13 0.999515
13 14 0.999505
13 15 0.999494
13 16 0.999482
13 17 0.999468
13 18 0.999454
13 19 0.999438
13 20 0.999421
13 21 0.999403
13 22 0.999384
13 23 0.999363
13 24 0.999341
13 25 0.999317
13 26 0.999292
13 27 0.999265
13 28 0.999237
13 29 0.999208
13 30 0.999177
13 31 0.999145
13 32 0.999111
13 33 0.999076
13 34 0.99904
13 35 0.999003
13 36 0.998965
13 37 0.998926
13 38 0.998886
13 39 0.998846
13 40 0.998804
13 41 0.998761
13 42 0.998718
13 43 0.998673
13 44 0.998628
13 45 0.998582
13 46 0.998534
13 47 0.998486
13 48 0.998435
13 49 0.998384
13 50 0.99833
13 51 0.998276
13 52 0.998219
13 53 0.998161
13 54 0.998101
13 55 0.998039
13 56 0.997977
13 57 0.997913
13 58 0.99785
13 59 0.997786
13 60 0.997724
13 61 0.997663
13 62 0.997604
13 63 0.997549
13 64 0.997498
13 65 0.997452
13 66 0.997412
13 67 0.997378
13 68 0.99735
13 69 0.997331
13 70 0.997318
13 71 0.997313
13 72 0.997316
13 73 0.997326
13 74 0.997343
13 75 0.997365
13 76 0.997393
13 77 0.997425
13 78 0.997461
13 79 0.997499
13 80 0.997539
13 81 0.997579
13 82 0.997619
13 83 0.997659
13 84 0.997696
13 85 0.997731
13 86 0.997763
13 87 0.997792
13 88 0.997817
13 89 0.997839
13 90 0.997856
13 91 0.99787
13 92 0.99788
13 93 0.997887
13 94 0.997889
13 95 0.997888
13 96 0.997883
13 97 0.997874
13 98 0.997862
13 99 0.997847
13 100 0.997827
13 101 0.997804
13 102 0.997778
13 103 0.997747
13 104 0.997711
13 105 0.997673
13 106 0.997634
13 107 0.997585
13 108 0.997531
13 109 0.997485
13 110 0.997433
13 111 0.997357
13 112 0.997295
13 113 0.997261
13 114 0.997182
13 115 0.997074
13 116 0.997057
13 117 0.997038
13 118 0.996894
13 119 0.996847
13 120 0.996936
13 121 0.99685
13 122 0.996796
13 123 0.996954
13 124 0.997022
13 125 0.99709
13 126 0.99725
13 127 0.997409

14 0 0
14 1 0.999567
14 2 0.999567
14 3 0.999566
14 4 0.999564
14 5 0.999562
14 6 0.999559
14 7 0.999554
14 8 0.999549
14 9 0.999543
14 10 0.999536
14 11 0.999529
14 12 0.99952
14 13 0.99951
14 14 0.999499
14 15 0.999488
14 16 0.999475
14 17 0.999461
14 18 0.999446
14 19 0.99943
14 20 0.999412
14 21 0.999393
14 22 0.999373
14 23 0.999351
14 24 0.999328
14 25 0.999304
14 26 0.999278
14 27 0.999251
14 28 0.999222
14 29 0.999192
14 30 0.999161
14 31 0.999129
14 32 0.999095
14 33 0.999061
14 34 0.999025
14 35 0.998988
14 36 0.998951
14 37 0.998913
14 38 0.998873
14 39 0.998834
14 40 0.998793
14 41 0.998752
14 42 0.99871
14 43 0.998668
14 44 0.998624
14 45 0.99858
14 46 0.998534
14 47 0.998487
14 48 0.998439
14 49 0.99839
14 50 0.998338
14 51 0.998285
14 52 0.998231
14 53 0.998174
14 54 0.998116
14 55 0.998056
14 56 0.997995
14 57 0.997933
14 58 0.99787
14 59 0.997808
14 60 0.997746
14 61 0.997685
14 62 0.997627
14 63 0.997571
14 64 0.997519
14 65 0.997472
14 66 0.997431
14 67 0.997395
14 68 0.997366
14 69 0.997344
14 70 0.997329
14 71 0.997321
14 72 0.997321
14 73 0.997328
14 74 0.997341
14 75 0.99736
14 76 0.997384
14 77 0.997413
14 78 0.997446
14 79 0.997481
14 80 0.997517
14 81 0.997555
14 82 0.997593
14 83 0.99763
14 84 0.997665
14 85 0.997699
14 86 0.99773
14 87 0.997758
14 88 0.997783
14 89 0.997804
14 90 0.997822
14 91 0.997836
14 92 0.997846
14 93 0.997853
14 94 0.997857
14 95 0.997856
14 96 0.997853
14 97 0.997846
14 98 0.997835
14 99 0.997821
14 100 0.997803
14 101 0.997782
14 102 0.997757
14 103 0.99773
14 104 0.997698
14 105 0.99766
14 106 0.997622
14 107 0.997583
14 108 0.997534
14 109 0.99748
14 110 0.997437
14 111 0.997389
14 112 0.997315
14 113 0.997256
14 114 0.99723
14 115 0.997158
14 116 0.997064
14 117 0.997057
14 118 0.997042
14 119 0.996933
14 120 0.996925
14 121 0.996991
14 122 0.996955
14 123 0.996988
14 124 0.997113
14 125 0.997201
14 126 0.997319
14 127 0.997433

15 0 0
15 1 0.999565
15 2 0.999565
15 3 0.999564
15 4 0.999562
15 5 0.999559
15 6 0.999556
15 7 0.999551
15 8 0.999546
15 9 0.99954
15 10 0.999532
15 11 0.999524
15 12 0.999515
15 13 0.999505
15 14 0.999494
15 15 0.999481
15 16 0.999468
15 17 0.999453
15 18 0.999437
15 19 0.99942
15 20 0.999402
15 21 0.999382
15 22 0.999361
15 23 0.999339
15 24 0.999315
15 25 0.99929
15 26 0.999264
15 27 0.999236
15 28 0.999207
15 29 0.999177
15 30 0.999145
15 31 0.999113
15 32 0.999079
15 33 0.999045
15 34 0.99901
15 35 0.998973
15 36 0.998937
15 37 0.998899
15 38 0.998861
15 39 0.998822
15 40 0.998783
15 41 0.998743
15 42 0.998703
15 43 0.998662
15 44 0.99862
15 45 0.998578
15 46 0.998534
15 47 0.998489
15 48 0.998443
15 49 0.998396
15 50 0.998346
15 51 0.998295
15 52 0.998243
15 53 0.998188
15 54 0.998131
15 55 0.998073
15 56 0.998013
15 57 0.997952
15 58 0.997891
15 59 0.997829
15 60 0.997767
15 61 0.997707
15 62 0.997649
15 63 0.997593
15 64 0.997541
15 65 0.997493
15 66 0.99745
15 67 0.997412
15 68 0.997381
15 69 0.997357
15 70 0.99734
15 71 0.99733
15 72 0.997326
15 73 0.99733
15 74 0.99734
15 75 0.997355
15 76 0.997376
15 77 0.997402
15 78 0.997431
15 79 0.997463
15 80 0.997497
15 81 0.997532
15 82 0.997567
15 83 0.997602
15 84 0.997636
15 85 0.997668
15 86 0.997698
15 87 0.997726
15 88 0.99775
15 89 0.997771
15 90 0.997789
15 91 0.997804
15 92 0.997815
15 93 0.997823
15 94 0.997827
15 95 0.997828
15 96 0.997826
15 97 0.99782
15 98 0.997811
15 99 0.997798
15 100 0.997783
15 101 0.997764
15 102 0.997741
15 103 0.997715
15 104 0.997687
15 105 0.997654
15 106 0.997616
15 107 0.997578
15 108 0.997541
15 109 0.997492
15 110 0.997439
15 111 0.9974
15 112 0.997356
15 113 0.997285
15 114 0.997234
15 115 0.997215
15 116 0.997151
15 117 0.997075
15 118 0.997081
15 119 0.997068
15 120 0.996998
15 121 0.997024
15 122 0.997083
15 123 0.997092
15 124 0.997169
15 125 0.99728
15 126 0.997388
15 127 0.997488

16 0 0
16 1 0.999562
16 2 0.999562
16 3 0.999561
16 4 0.999559
16 5 0.999556
16 6 0.999553
16 7 0.999548
16 8 0.999542
16 9 0.999536
16 10 0.999528
16 11 0.999519
16 12 0.99951
16 13 0.999499
16 14 0.999487
16 15 0.999474
16 16 0.99946
16 17 0.999445
16 18 0.999428
16 19 0.99941
16 20 0.999391
16 21 0.999371
16 22 0.999349
16 23 0.999326
16 24 0.999302
16 25 0.999276
16 26 0.999249
16 27 0.999221
16 28 0.999192
16 29 0.999161
16 30 0.999129
16 31 0.999097
16 32 0.999064
16 33 0.999029
16 34 0.998994
16 35 0.998959
16 36 0.998923
16 37 0.998886
16 38 0.998849
16 39 0.998812
16 40 0.998774
16 41 0.998736
16 42 0.998697
16 43 0.998657
16 44 0.998617
16 45 0.998577
16 46 0.998535
16 47 0.998492
16 48 0.998448
16 49 0.998402
16 50 0.998355
16 51 0.998305
16 52 0.998254
16 53 0.998201
16 54 0.998146
16 55 0.998089
16 56 0.998031
16 57 0.997971
16 58 0.99791
16 59 0.997849
16 60 0.997788
16 61 0.997728
16 62 0.99767
16 63 0.997614
16 64 0.997561
16 65 0.997512
16 66 0.997468
16 67 0.99743
16 68 0.997397
16 69 0.997371
16 70 0.997351
16 71 0.997338
16 72 0.997332
16 73 0.997332
16 74 0.997339
16 75 0.997351
16 76 0.997369
16 77 0.997391
16 78 0.997417
16 79 0.997446
16 80 0.997477
16 81 0.99751
16 82 0.997543
16 83 0.997576
16 84 0.997609
16 85 0.99764
16 86 0.997669
16 87 0.997696
16 88 0.99772
16 89 0.997742
16 90 0.99776
16 91 0.997775
16 92 0.997787
16 93 0.997796
16 94 0.997802
16 95 0.997804
16 96 0.997803
16 97 0.997799
16 98 0.997792
16 99 0.997781
16 100 0.997767
16 101 0.99775
16 102 0.99773
16 103 0.997706
16 104 0.997678
16 105 0.99765
16 106 0.997618
16 107 0.997579
16 108 0.997541
16 109 0.997506
16 110 0.99746
16 111 0.997408
16 112 0.997373
16 113 0.997335
16 114 0.99727
16 115 0.997228
16 116 0.997214
16 117 0.997161
16 118 0.99711
16 119 0.997123
16 120 0.997117
16 121 0.997092
16 122 0.997138
16 123 0.997196
16 124 0.997251
16 125 0.997339
16 126 0.997443
16 127 0.997541

17 0 0
17 1 0.999559
17 2 0.999559
17 3 0.999558
17 4 0.999556
17 5 0.999553
17 6 0.999549
17 7 0.999544
17 8 0.999538
17 9 0.999531
17 10 0.999523
17 11 0.999514
17 12 0.999504
17 13 0.999493
17 14 0.99948
17 15 0.999467
17 16 0.999452
17 17 0.999436
17 18 0.999419
17 19 0.9994
17 20 0.99938
17 21 0.999359
17 22 0.999337
17 23 0.999313
17 24 0.999288
17 25 0.999262
17 26 0.999234
17 27 0.999206
17 28 0.999176
17 29 0.999145
17 30 0.999114
17 31 0.999081
17 32 0.999048
17 33 0.999014
17 34 0.99898
17 35 0.998945
17 36 0.99891
17 37 0.998874
17 38 0.998838
17 39 0.998802
17 40 0.998765
17 41 0.998729
17 42 0.998691
17 43 0.998654
17 44 0.998615
17 45 0.998576
17 46 0.998536
17 47 0.998495
17 48 0.998452
17 49 0.998408
17 50 0.998363
17 51 0.998315
17 52 0.998266
17 53 0.998214
17 54 0.99816
17 55 0.998105
17 56 0.998048
17 57 0.997989
17 58 0.997929
17 59 0.997869
17 60 0.997809
17 61 0.997749
17 62 0.997691
17 63 0.997635
17 64 0.997581
17 65 0.997532
17 66 0.997487
17 67 0.997447
17 68 0.997413
17 69 0.997384
17 70 0.997362
17 71 0.997347
17 72 0.997338
17 73 0.997335
17 74 0.997339
17 75 0.997348
17 76 0.997363
17 77 0.997382
17 78 0.997405
17 79 0.997431
17 80 0.99746
17 81 0.99749
17 82 0.997521
17 83 0.997553
17 84 0.997584
17 85 0.997614
17 86 0.997642
17 87 0.997669
17 88 0.997694
17 89 0.997715
17 90 0.997734
17 91 0.997751
17 92 0.997764
17 93 0.997774
17 94 0.99778
17 95 0.997784
17 96 0.997785
17 97 0.997782
17 98 0.997776
17 99 0.997768
17 100 0.997755
17 101 0.99774
17 102 0.997722
17 103 0.997701
17 104 0.997676
17 105 0.997648
17 106 0.99762
17 107 0.997588
17 108 0.997549
17 109 0.997513
17 110 0.997481
17 111 0.997437
17 112 0.997389
17 113 0.997359
17 114 0.997325
17 115 0.99727
17 116 0.997239
17 117 0.997229
17 118 0.99719
17 119 0.997164
17 120 0.997185
17 121 0.997191
17 122 0.997204
17 123 0.997263
17 124 0.997331
17 125 0.997404
17 126 0.997495
17 127 0.997584

18 0 0
18 1 0.999556
18 2 0.999556
18 3 0.999554
18 4 0.999552
18 5 0.999549
18 6 0.999545
18 7 0.99954
18 8 0.999533
18 9 0.999526
18 10 0.999518
18 11 0.999508
18 12 0.999497
18 13 0.999486
18 14 0.999473
18 15 0.999458
18 16 0.999443
18 17 0.999426
18 18 0.999408
18 19 0.999389
18 20 0.999369
18 21 0.999347
18 22 0.999324
18 23 0.999299
18 24 0.999274
18 25 0.999247
18 26 0.999219
18 27 0.99919
18 28 0.99916
18 29 0.99913
18 30 0.999098
18 31 0.999066
18 32 0.999033
18 33 0.999
18 34 0.998966
18 35 0.998932
18 36 0.998897
18 37 0.998863
18 38 0.998828
18 39 0.998793
18 40 0.998758
18 41 0.998722
18 42 0.998687
18 43 0.998651
18 44 0.998614
18 45 0.998576
18 46 0.998538
18 47 0.998498
18 48 0.998457
18 49 0.998415
18 50 0.998371
18 51 0.998325
18 52 0.998277
18 53 0.998226
18 54 0.998174
18 55 0.99812
18 56 0.998064
18 57 0.998006
18 58 0.997947
18 59 0.997888
18 60 0.997828
18 61 0.997769
18 62 0.997711
18 63 0.997655
18 64 0.997601
18 65 0.997551
18 66 0.997505
18 67 0.997464
18 68 0.997428
18 69 0.997398
18 70 0.997374
18 71 0.997356
18 72 0.997345
18 73 0.99734
18 74 0.99734
18 75 0.997347
18 76 0.997358
18 77 0.997374
18 78 0.997395
18 79 0.997418
18 80 0.997444
18 81 0.997473
18 82 0.997502
18 83 0.997532
18 84 0.997562
18 85 0.997592
18 86 0.99762
18 87 0.997646
18 88 0.997671
18 89 0.997693
18 90 0.997713
18 91 0.99773
18 92 0.997744
18 93 0.997756
18 94 0.997764
18 95 0.997769
18 96 0.997771
18 97 0.99777
18 98 0.997766
18 99 0.997759
18 100 0.997749
18 101 0.997735
18 102 0.997719
18 103 0.9977
18 104 0.997678
18 105 0.997653
18 106 0.997624
18 107 0.997597
18 108 0.997566
18 109 0.997528
18 110 0.997494
18 111 0.997465
18 112 0.997424
18 113 0.997382
18 114 0.997357
18 115 0.997328
18 116 0.997285
18 117 0.997265
18 118 0.997261
18 119 0.997238
18 120 0.997235
18 121 0.997263
18 122 0.997287
18 123 0.997327
18 124 0.997394
18 125 0.997468
18 126 0.997547
18 127 0.997625

19 0 0
19 1 0.999552
19 2 0.999552
19 3 0.99955
19 4 0.999548
19 5 0.999545
19 6 0.99954
19 7 0.999535
19 8 0.999528
19 9 0.999521
19 10 0.999512
19 11 0.999502
19 12 0.999491
19 13 0.999478
19 14 0.999465
19 15 0.99945
19 16 0.999434
19 17 0.999416
19 18 0.999398
19 19 0.999378
19 20 0.999357
19 21 0.999334
19 22 0.99931
19 23 0.999285
19 24 0.999259
19 25 0.999232
19 26 0.999204
19 27 0.999175
19 28 0.999145
19 29 0.999114
19 30 0.999083
19 31 0.999051
19 32 0.999018
19 33 0.998986
19 34 0.998953
19 35 0.998919
19 36 0.998886
19 37 0.998852
19 38 0.998819
19 39 0.998785
19 40 0.998751
19 41 0.998717
19 42 0.998683
19 43 0.998648
19 44 0.998613
19 45 0.998577
19 46 0.99854
19 47 0.998502
19 48 0.998463
19 49 0.998422
19 50 0.998379
19 51 0.998334
19 52 0.998287
19 53 0.998238
19 54 0.998187
19 55 0.998134
19 56 0.998079
19 57 0.998022
19 58 0.997964
19 59 0.997906
19 60 0.997847
19 61 0.997788
19 62 0.99773
19 63 0.997674
19 64 0.99762
19 65 0.99757
19 66 0.997523
19 67 0.997481
19 68 0.997444
19 69 0.997413
19 70 0.997387
19 71 0.997367
19 72 0.997353
19 73 0.997346
19 74 0.997344
19 75 0.997347
19 76 0.997356
19 77 0.99737
19 78 0.997387
19 79 0.997408
19 80 0.997432
19 81 0.997459
19 82 0.997486
19 83 0.997515
19 84 0.997544
19 85 0.997573
19 86 0.997601
19 87 0.997628
19 88 0.997653
19 89 0.997676
19 90 0.997697
19 91 0.997715
19 92 0.99773
19 93 0.997743
19 94 0.997752
19 95 0.997759
19 96 0.997762
19 97 0.997763
19 98 0.997761
19 99 0.997755
19 100 0.997746
19 101 0.997735
19 102 0.99772
19 103 0.997702
19 104 0.997683
19 105 0.997661
19 106 0.997635
19 107 0.997607
19 108 0.99758
19 109 0.997551
19 110 0.997515
19 111 0.997484
19 112 0.997458
19 113 0.997422
19 114 0.997387
19 115 0.997368
19 116 0.997345
19 117 0.997314
19 118 0.997307
19 119 0.997308
19 120 0.997303
19 121 0.99732
19 122 0.997357
19 123 0.997398
19 124 0.997455
19 125 0.997524
19 126 0.997598
19 127 0.99767

20 0 0
20 1 0.999547
20 2 0.999547
20 3 0.999546
20 4 0.999543
20 5 0.99954
20 6 0.999535
20 7 0.99953
20 8 0.999523
20 9 0.999515
20 10 0.999505
20 11 0.999495
20 12 0.999483
20 13 0.99947
20 14 0.999456
20 15 0.999441
20 16 0.999424
20 17 0.999406
20 18 0.999387
20 19 0.999366
20 20 0.999344
20 21 0.999321
20 22 0.999297
20 23 0.999271
20 24 0.999245
20 25 0.999217
20 26 0.999189
20 27 0.99916
20 28 0.99913
20 29 0.999099
20 30 0.999068
20 31 0.999036
20 32 0.999005
20 33 0.998972
20 34 0.99894
20 35 0.998908
20 36 0.998876
20 37 0.998843
20 38 0.998811
20 39 0.998778
20 40 0.998746
20 41 0.998713
20 42 0.99868
20 43 0.998647
20 44 0.998613
20 45 0.998579
20 46 0.998543
20 47 0.998506
20 48 0.998468
20 49 0.998428
20 50 0.998387
20 51 0.998343
20 52 0.998298
20 53 0.99825
20 54 0.9982
20 55 0.998148
20 56 0.998093
20 57 0.998038
20 58 0.997981
20 59 0.997923
20 60 0.997864
20 61 0.997806
20 62 0.997749
20 63 0.997693
20 64 0.997639
20 65 0.997589
20 66 0.997542
20 67 0.997499
20 68 0.997461
20 69 0.997428
20 70 0.997401
20 71 0.997379
20 72 0.997363
20 73 0.997353
20 74 0.997349
20 75 0.99735
20 76 0.997356
20 77 0.997368
20 78 0.997383
20 79 0.997402
20 80 0.997424
20 81 0.997448
20 82 0.997475
20 83 0.997503
20 84 0.997531
20 85 0.997559
20 86 0.997587
20 87 0.997614
20 88 0.99764
20 89 0.997664
20 90 0.997685
20 91 0.997704
20 92 0.997721
20 93 0.997735
20 94 0.997746
20 95 0.997754
20 96 0.997759
20 97 0.997761
20 98 0.99776
20 99 0.997756
20 100 0.997749
20 101 0.997739
20 102 0.997726
20 103 0.99771
20 104 0.997691
20 105 0.997671
20 106 0.997649
20 107 0.997623
20 108 0.997596
20 109 0.99757
20 110 0.997543
20 111 0.99751
20 112 0.997483
20 113 0.99746
20 114 0.99743
20 115 0.997403
20 116 0.99739
20 117 0.997374
20 118 0.997358
20 119 0.997361
20 120 0.997372
20 121 0.997385
20 122 0.997417
20 123 0.997462
20 124 0.997516
20 125 0.997578
20 126 0.997647
20 127 0.997712

21 0 0
21 1 0.999542
21 2 0.999542
21 3 0.999541
21 4 0.999538
21 5 0.999535
21 6 0.99953
21 7 0.999524
21 8 0.999517
21 9 0.999508
21 10 0.999498
21 11 0.999487
21 12 0.999475
21 13 0.999462
21 14 0.999447
21 15 0.999431
21 16 0.999413
21 17 0.999395
21 18 0.999375
21 19 0.999354
21 20 0.999331
21 21 0.999308
21 22 0.999283
21 23 0.999257
21 24 0.99923
21 25 0.999203
21 26 0.999174
21 27 0.999145
21 28 0.999115
21 29 0.999085
21 30 0.999054
21 31 0.999023
21 32 0.998992
21 33 0.99896
21 34 0.998929
21 35 0.998898
21 36 0.998866
21 37 0.998835
21 38 0.998804
21 39 0.998773
21 40 0.998741
21 41 0.99871
21 42 0.998679
21 43 0.998647
21 44 0.998614
21 45 0.998581
21 46 0.998546
21 47 0.998511
21 48 0.998474
21 49 0.998435
21 50 0.998395
21 51 0.998352
21 52 0.998307
21 53 0.998261
21 54 0.998211
21 55 0.99816
21 56 0.998107
21 57 0.998052
21 58 0.997996
21 59 0.997939
21 60 0.997881
21 61 0.997823
21 62 0.997767
21 63 0.997711
21 64 0.997658
21 65 0.997607
21 66 0.99756
21 67 0.997517
21 68 0.997478
21 69 0.997444
21 70 0.997416
21 71 0.997393
21 72 0.997375
21 73 0.997363
21 74 0.997357
21 75 0.997356
21 76 0.99736
21 77 0.997369
21 78 0.997382
21 79 0.997399
21 80 0.99742
21 81 0.997443
21 82 0.997468
21 83 0.997495
21 84 0.997522
21 85 0.997551
21 86 0.997579
21 87 0.997606
21 88 0.997632
21 89 0.997656
21 90 0.997679
21 91 0.997699
21 92 0.997717
21 93 0.997732
21 94 0.997744
21 95 0.997754
21 96 0.99776
21 97 0.997764
21 98 0.997764
21 99 0.997761
21 100 0.997756
21 101 0.997747
21 102 0.997735
21 103 0.997721
21 104 0.997705
21 105 0.997685
21 106 0.997664
21 107 0.997643
21 108 0.997617
21 109 0.997591
21 110 0.997568
21 111 0.997542
21 112 0.997514
21 113 0.997491
21 114 0.997472
21 115 0.997448
21 116 0.99743
21 117 0.997424
21 118 0.997417
21 119 0.997414
21 120 0.997428
21 121 0.997449
21 122 0.997477
21 123 0.99752
21 124 0.997574
21 125 0.997631
21 126 0.997693
21 127 0.997754

22 0 0
22 1 0.999537
22 2 0.999537
22 3 0.999535
22 4 0.999533
22 5 0.999529
22 6 0.999524
22 7 0.999517
22 8 0.99951
22 9 0.999501
22 10 0.999491
22 11 0.999479
22 12 0.999467
22 13 0.999453
22 14 0.999437
22 15 0.999421
22 16 0.999403
22 17 0.999383
22 18 0.999363
22 19 0.999341
22 20 0.999318
22 21 0.999294
22 22 0.999269
22 23 0.999243
22 24 0.999216
22 25 0.999188
22 26 0.999159
22 27 0.99913
22 28 0.999101
22 29 0.999071
22 30 0.999041
22 31 0.99901
22 32 0.99898
22 33 0.998949
22 34 0.998919
22 35 0.998888
22 36 0.998858
22 37 0.998828
22 38 0.998798
22 39 0.998768
22 40 0.998738
22 41 0.998708
22 42 0.998678
22 43 0.998647
22 44 0.998616
22 45 0.998583
22 46 0.99855
22 47 0.998516
22 48 0.99848
22 49 0.998442
22 50 0.998402
22 51 0.998361
22 52 0.998317
22 53 0.998271
22 54 0.998223
22 55 0.998172
22 56 0.99812
22 57 0.998066
22 58 0.998011
22 59 0.997954
22 60 0.997897
22 61 0.99784
22 62 0.997784
22 63 0.997729
22 64 0.997677
22 65 0.997626
22 66 0.997579
22 67 0.997536
22 68 0.997497
22 69 0.997462
22 70 0.997433
22 71 0.997408
22 72 0.997389
22 73 0.997376
22 74 0.997368
22 75 0.997365
22 76 0.997367
22 77 0.997374
22 78 0.997386
22 79 0.997401
22 80 0.99742
22 81 0.997442
22 82 0.997466
22 83 0.997492
22 84 0.997519
22 85 0.997547
22 86 0.997575
22 87 0.997603
22 88 0.997629
22 89 0.997654
22 90 0.997678
22 91 0.997699
22 92 0.997718
22 93 0.997735
22 94 0.997748
22 95 0.997759
22 96 0.997766
22 97 0.997771
22 98 0.997772
22 99 0.99777
22 100 0.997766
22 101 0.997759
22 102 0.997748
22 103 0.997735
22 104 0.99772
22 105 0.997703
22 106 0.997682
22 107 0.997662
22 108 0.997641
22 109 0.997617
22 110 0.997592
22 111 0.997571
22 112 0.997549
22 113 0.997525
22 114 0.997507
22 115 0.997493
22 116 0.997477
22 117 0.997468
22 118 0.997469
22 119 0.997472
22 120 0.997482
22 121 0.997506
22 122 0.997537
22 123 0.997577
22 124 0.997627
22 125 0.997682
22 126 0.997739
22 127 0.997794

23 0 0
23 1 0.999531
23 2 0.999531
23 3 0.999529
23 4 0.999526
23 5 0.999522
23 6 0.999517
23 7 0.99951
23 8 0.999503
23 9 0.999493
23 10 0.999483
23 11 0.999471
23 12 0.999458
23 13 0.999443
23 14 0.999427
23 15 0.99941
23 16 0.999391
23 17 0.999371
23 18 0.99935
23 19 0.999328
23 20 0.999305
23 21 0.99928
23 22 0.999255
23 23 0.999228
23 24 0.999201
23 25 0.999174
23 26 0.999145
23 27 0.999116
23 28 0.999087
23 29 0.999058
23 30 0.999028
23 31 0.998998
23 32 0.998969
23 33 0.998939
23 34 0.99891
23 35 0.99888
23 36 0.998851
23 37 0.998822
23 38 0.998794
23 39 0.998765
23 40 0.998736
23 41 0.998707
23 42 0.998678
23 43 0.998648
23 44 0.998618
23 45 0.998587
23 46 0.998554
23 47 0.998521
23 48 0.998486
23 49 0.998449
23 50 0.99841
23 51 0.998369
23 52 0.998326
23 53 0.998281
23 54 0.998233
23 55 0.998184
23 56 0.998132
23 57 0.998079
23 58 0.998025
23 59 0.997969
23 60 0.997913
23 61 0.997857
23 62 0.997802
23 63 0.997748
23 64 0.997695
23 65 0.997646
23 66 0.997599
23 67 0.997556
23 68 0.997516
23 69 0.997481
23 70 0.997451
23 71 0.997426
23 72 0.997406
23 73 0.997392
23 74 0.997382
23 75 0.997378
23 76 0.997378
23 77 0.997384
23 78 0.997394
23 79 0.997407
23 80 0.997425
23 81 0.997446
23 82 0.997469
23 83 0.997494
23 84 0.997521
23 85 0.997549
23 86 0.997577
23 87 0.997605
23 88 0.997632
23 89 0.997658
23 90 0.997682
23 91 0.997705
23 92 0.997724
23 93 0.997742
23 94 0.997756
23 95 0.997768
23 96 0.997777
23 97 0.997782
23 98 0.997784
23 99 0.997784
23 100 0.99778
23 101 0.997773
23 102 0.997764
23 103 0.997752
23 104 0.997737
23 105 0.997722
23 106 0.997704
23 107 0.997683
23 108 0.997663
23 109 0.997643
23 110 0.997621
23 111 0.9976
23 112 0.997582
23 113 0.997563
23 114 0.997545
23 115 0.997533
23 116 0.997524
23 117 0.997516
23 118 0.997516
23 119 0.997525
23 120 0.997538
23 121 0.99756
23 122 0.997592
23 123 0.997632
23 124 0.997679
23 125 0.99773
23 126 0.997784
23 127 0.997835

24 0 0
24 1 0.999525
24 2 0.999524
24 3 0.999523
24 4 0.99952
24 5 0.999516
24 6 0.99951
24 7 0.999503
24 8 0.999495
24 9 0.999485
24 10 0.999474
24 11 0.999462
24 12 0.999448
24 13 0.999433
24 14 0.999416
24 15 0.999398
24 16 0.999379
24 17 0.999359
24 18 0.999337
24 19 0.999315
24 20 0.999291
24 21 0.999266
24 22 0.999241
24 23 0.999214
24 24 0.999187
24 25 0.99916
24 26 0.999131
24 27 0.999103
24 28 0.999074
24 29 0.999045
24 30 0.999017
24 31 0.998988
24 32 0.998959
24 33 0.99893
24 34 0.998902
24 35 0.998874
24 36 0.998846
24 37 0.998818
24 38 0.99879
24 39 0.998763
24 40 0.998735
24 41 0.998707
24 42 0.998679
24 43 0.99865
24 44 0.998621
24 45 0.99859
24 46 0.998559
24 47 0.998526
24 48 0.998492
24 49 0.998456
24 50 0.998418
24 51 0.998377
24 52 0.998335
24 53 0.998291
24 54 0.998244
24 55 0.998195
24 56 0.998144
24 57 0.998092
24 58 0.998039
24 59 0.997984
24 60 0.997929
24 61 0.997874
24 62 0.99782
24 63 0.997766
24 64 0.997715
24 65 0.997666
24 66 0.99762
24 67 0.997577
24 68 0.997538
24 69 0.997503
24 70 0.997473
24 71 0.997447
24 72 0.997426
24 73 0.997411
24 74 0.9974
24 75 0.997395
24 76 0.997394
24 77 0.997398
24 78 0.997406
24 79 0.997419
24 80 0.997435
24 81 0.997455
24 82 0.997477
24 83 0.997502
24 84 0.997529
24 85 0.997556
24 86 0.997584
24 87 0.997612
24 88 0.99764
24 89 0.997667
24 90 0.997692
24 91 0.997715
24 92 0.997735
24 93 0.997754
24 94 0.997769
24 95 0.997781
24 96 0.997791
24 97 0.997797
24 98 0.9978
24 99 0.9978
24 100 0.997797
24 101 0.997791
24 102 0.997782
24 103 0.997771
24 104 0.997758
24 105 0.997742
24 106 0.997726
24 107 0.997707
24 108 0.997688
24 109 0.997669
24 110 0.99765
24 111 0.997631
24 112 0.997613
24 113 0.997598
24 114 0.997584
24 115 0.997572
24 116 0.997566
24 117 0.997564
24 118 0.997565
24 119 0.997574
24 120 0.99759
24 121 0.997613
24 122 0.997644
24 123 0.997684
24 124 0.997729
24 125 0.997777
24 126 0.997826
24 127 0.997874

25 0 0
25 1 0.999518
25 2 0.999517
25 3 0.999516
25 4 0.999513
25 5 0.999508
25 6 0.999502
25 7 0.999495
25 8 0.999486
25 9 0.999476
25 10 0.999465
25 11 0.999452
25 12 0.999438
25 13 0.999422
25 14 0.999405
25 15 0.999387
25 16 0.999367
25 17 0.999346
25 18 0.999324
25 19 0.999301
25 20 0.999277
25 21 0.999252
25 22 0.999227
25 23 0.9992
25 24 0.999173
25 25 0.999146
25 26 0.999118
25 27 0.99909
25 28 0.999062
25 29 0.999034
25 30 0.999006
25 31 0.998978
25 32 0.99895
25 33 0.998923
25 34 0.998895
25 35 0.998868
25 36 0.998841
25 37 0.998815
25 38 0.998788
25 39 0.998762
25 40 0.998735
25 41 0.998708
25 42 0.998681
25 43 0.998653
25 44 0.998624
25 45 0.998595
25 46 0.998564
25 47 0.998532
25 48 0.998498
25 49 0.998463
25 50 0.998425
25 51 0.998386
25 52 0.998344
25 53 0.9983
25 54 0.998254
25 55 0.998206
25 56 0.998157
25 57 0.998105
25 58 0.998052
25 59 0.997999
25 60 0.997945
25 61 0.997891
25 62 0.997838
25 63 0.997786
25 64 0.997735
25 65 0.997687
25 66 0.997642
25 67 0.9976
25 68 0.997561
25 69 0.997527
25 70 0.997496
25 71 0.997471
25 72 0.99745
25 73 0.997433
25 74 0.997422
25 75 0.997415
25 76 0.997414
25 77 0.997417
25 78 0.997424
25 79 0.997435
25 80 0.997451
25 81 0.99747
25 82 0.997491
25 83 0.997515
25 84 0.997541
25 85 0.997569
25 86 0.997597
25 87 0.997625
25 88 0.997653
25 89 0.99768
25 90 0.997706
25 91 0.997729
25 92 0.997751
25 93 0.99777
25 94 0.997786
25 95 0.997799
25 96 0.997808
25 97 0.997815
25 98 0.997819
25 99 0.997819
25 100 0.997816
25 101 0.997811
25 102 0.997802
25 103 0.997792
25 104 0.997779
25 105 0.997764
25 106 0.997748
25 107 0.997732
25 108 0.997714
25 109 0.997695
25 110 0.997678
25 111 0.997662
25 112 0.997646
25 113 0.997632
25 114 0.997621
25 115 0.997612
25 116 0.997607
25 117 0.997607
25 118 0.997612
25 119 0.997622
25 120 0.997639
25 121 0.997664
25 122 0.997695
25 123 0.997733
25 124 0.997776
25 125 0.997821
25 126 0.997868
25 127 0.997912

26 0 0
26 1 0.99951
26 2 0.99951
26 3 0.999508
26 4 0.999505
26 5 0.999501
26 6 0.999494
26 7 0.999487
26 8 0.999478
26 9 0.999467
26 10 0.999455
26 11 0.999442
26 12 0.999427
26 13 0.999411
26 14 0.999393
26 15 0.999374
26 16 0.999354
26 17 0.999333
26 18 0.999311
26 19 0.999288
26 20 0.999264
26 21 0.999239
26 22 0.999213
26 23 0.999187
26 24 0.99916
26 25 0.999133
26 26 0.999106
26 27 0.999079
26 28 0.999051
26 29 0.999024
26 30 0.998997
26 31 0.99897
26 32 0.998943
26 33 0.998916
26 34 0.99889
26 35 0.998864
26 36 0.998838
26 37 0.998813
26 38 0.998787
26 39 0.998762
26 40 0.998736
26 41 0.99871
26 42 0.998684
26 43 0.998657
26 44 0.998629
26 45 0.9986
26 46 0.99857
26 47 0.998538
26 48 0.998505
26 49 0.99847
26 50 0.998433
26 51 0.998394
26 52 0.998353
26 53 0.99831
26 54 0.998265
26 55 0.998218
26 56 0.998169
26 57 0.998118
26 58 0.998067
26 59 0.998014
26 60 0.997962
26 61 0.997909
26 62 0.997857
26 63 0.997806
26 64 0.997757
26 65 0.99771
26 66 0.997666
26 67 0.997625
26 68 0.997587
26 69 0.997553
26 70 0.997523
26 71 0.997497
26 72 0.997476
26 73 0.99746
26 74 0.997448
26 75 0.997441
26 76 0.997438
26 77 0.99744
26 78 0.997447
26 79 0.997457
26 80 0.997472
26 81 0.997489
26 82 0.99751
26 83 0.997534
26 84 0.99756
26 85 0.997587
26 86 0.997615
26 87 0.997643
26 88 0.997671
26 89 0.997698
26 90 0.997724
26 91 0.997748
26 92 0.99777
26 93 0.997789
26 94 0.997805
26 95 0.997819
26 96 0.997829
26 97 0.997836
26 98 0.997839
26 99 0.99784
26 100 0.997837
26 101 0.997832
26 102 0.997824
26 103 0.997814
26 104 0.997801
26 105 0.997787
26 106 0.997772
26 107 0.997756
26 108 0.997739
26 109 0.997723
26 110 0.997706
26 111 0.997692
26 112 0.997678
26 113 0.997666
26 114 0.997657
26 115 0.997651
26 116 0.997648
26 117 0.997649
26 118 0.997656
26 119 0.997668
26 120 0.997686
26 121 0.997711
26 122 0.997743
26 123 0.997779
26 124 0.997821
26 125 0.997864
26 126 0.997907
26 127 0.997948

27 0 0
27 1 0.999503
27 2 0.999502
27 3 0.999501
27 4 0.999497
27 5 0.999492
27 6 0.999486
27 7 0.999478
27 8 0.999469
27 9 0.999458
27 10 0.999445
27 11 0.999431
27 12 0.999416
27 13 0.999399
27 14 0.999381
27 15 0.999362
27 16 0.999342
27 17 0.99932
27 18 0.999298
27 19 0.999274
27 20 0.99925
27 21 0.999225
27 22 0.9992
27 23 0.999174
27 24 0.999148
27 25 0.999121
27 26 0.999094
27 27 0.999068
27 28 0.999041
27 29 0.999015
27 30 0.998989
27 31 0.998963
27 32 0.998937
27 33 0.998911
27 34 0.998886
27 35 0.998861
27 36 0.998836
27 37 0.998812
27 38 0.998787
27 39 0.998763
27 40 0.998738
27 41 0.998713
27 42 0.998687
27 43 0.998661
27 44 0.998634
27 45 0.998606
27 46 0.998576
27 47 0.998545
27 48 0.998513
27 49 0.998478
27 50 0.998442
27 51 0.998403
27 52 0.998363
27 53 0.998321
27 54 0.998276
27 55 0.99823
27 56 0.998182
27 57 0.998132
27 58 0.998082
27 59 0.99803
27 60 0.997979
27 61 0.997928
27 62 0.997877
27 63 0.997828
27 64 0.99778
27 65 0.997735
27 66 0.997692
27 67 0.997652
27 68 0.997615
27 69 0.997582
27 70 0.997553
27 71 0.997528
27 72 0.997507
27 73 0.99749
27 74 0.997478
27 75 0.997471
27 76 0.997467
27 77 0.997469
27 78 0.997474
27 79 0.997484
27 80 0.997498
27 81 0.997515
27 82 0.997535
27 83 0.997558
27 84 0.997583
27 85 0.99761
27 86 0.997637
27 87 0.997666
27 88 0.997694
27 89 0.997721
27 90 0.997747
27 91 0.997771
27 92 0.997792
27 93 0.997812
27 94 0.997828
27 95 0.997841
27 96 0.997852
27 97 0.997858
27 98 0.997862
27 99 0.997862
27 100 0.99786
27 101 0.997854
27 102 0.997846
27 103 0.997836
27 104 0.997824
27 105 0.99781
27 106 0.997796
27 107 0.99778
27 108 0.997765
27 109 0.99775
27 110 0.997735
27 111 0.997721
27 112 0.997709
27 113 0.997699
27 114 0.997691
27 115 0.997687
27 116 0.997687
27 117 0.99769
27 118 0.997698
27 119 0.997712
27 120 0.997731
27 121 0.997756
27 122 0.997788
27 123 0.997824
27 124 0.997864
27 125 0.997904
27 126 0.997945
27 127 0.997984

28 0 0
28 1 0.999495
28 2 0.999495
28 3 0.999493
28 4 0.999489
28 5 0.999484
28 6 0.999477
28 7 0.999469
28 8 0.999459
28 9 0.999447
28 10 0.999435
28 11 0.99942
28 12 0.999404
28 13 0.999387
28 14 0.999369
28 15 0.999349
28 16 0.999329
28 17 0.999307
28 18 0.999284
28 19 0.999261
28 20 0.999237
28 21 0.999212
28 22 0.999187
28 23 0.999161
28 24 0.999136
28 25 0.99911
28 26 0.999084
28 27 0.999058
28 28 0.999032
28 29 0.999007
28 30 0.998982
28 31 0.998957
28 32 0.998932
28 33 0.998907
28 34 0.998883
28 35 0.998859
28 36 0.998836
28 37 0.998812
28 38 0.998788
28 39 0.998765
28 40 0.998741
28 41 0.998717
28 42 0.998692
28 43 0.998666
28 44 0.99864
28 45 0.998612
28 46 0.998583
28 47 0.998553
28 48 0.998521
28 49 0.998487
28 50 0.998451
28 51 0.998413
28 52 0.998373
28 53 0.998332
28 54 0.998288
28 55 0.998242
28 56 0.998195
28 57 0.998147
28 58 0.998098
28 59 0.998048
28 60 0.997998
28 61 0.997948
28 62 0.997899
28 63 0.997852
28 64 0.997806
28 65 0.997762
28 66 0.99772
28 67 0.997682
28 68 0.997646
28 69 0.997614
28 70 0.997586
28 71 0.997561
28 72 0.997541
28 73 0.997525
28 74 0.997513
28 75 0.997505
28 76 0.997501
28 77 0.997502
28 78 0.997507
28 79 0.997516
28 80 0.997528
28 81 0.997545
28 82 0.997564
28 83 0.997586
28 84 0.997611
28 85 0.997637
28 86 0.997664
28 87 0.997692
28 88 0.99772
28 89 0.997747
28 90 0.997772
28 91 0.997796
28 92 0.997818
28 93 0.997837
28 94 0.997853
28 95 0.997866
28 96 0.997876
28 97 0.997882
28 98 0.997886
28 99 0.997886
28 100 0.997883
28 101 0.997877
28 102 0.997869
28 103 0.997859
28 104 0.997847
28 105 0.997833
28 106 0.997819
28 107 0.997805
28 108 0.99779
28 109 0.997775
28 110 0.997762
28 111 0.99775
28 112 0.997739
28 113 0.997731
28 114 0.997725
28 115 0.997722
28 116 0.997724
28 117 0.997729
28 118 0.997738
28 119 0.997753
28 120 0.997773
28 121 0.997799
28 122 0.99783
28 123 0.997865
28 124 0.997904
28 125 0.997943
28 126 0.997981
28 127 0.998017

29 0 0
29 1 0.999487
29 2 0.999486
29 3 0.999484
29 4 0.999481
29 5 0.999475
29 6 0.999468
29 7 0.999459
29 8 0.999449
29 9 0.999437
29 10 0.999424
29 11 0.999409
29 12 0.999393
29 13 0.999375
29 14 0.999356
29 15 0.999336
29 16 0.999316
29 17 0.999294
29 18 0.999271
29 19 0.999248
29 20 0.999224
29 21 0.999199
29 22 0.999175
29 23 0.99915
29 24 0.999124
29 25 0.999099
29 26 0.999074
29 27 0.999049
29 28 0.999024
29 29 0.999
29 30 0.998976
29 31 0.998952
29 32 0.998928
29 33 0.998905
29 34 0.998882
29 35 0.998859
29 36 0.998836
29 37 0.998814
29 38 0.998791
29 39 0.998768
29 40 0.998745
29 41 0.998721
29 42 0.998697
29 43 0.998672
29 44 0.998646
29 45 0.998619
29 46 0.998591
29 47 0.998561
29 48 0.998529
29 49 0.998496
29 50 0.998461
29 51 0.998424
29 52 0.998385
29 53 0.998344
29 54 0.998301
29 55 0.998256
29 56 0.99821
29 57 0.998163
29 58 0.998115
29 59 0.998067
29 60 0.998018
29 61 0.99797
29 62 0.997923
29 63 0.997877
29 64 0.997833
29 65 0.997791
29 66 0.997751
29 67 0.997714
29 68 0.99768
29 69 0.997649
29 70 0.997622
29 71 0.997599
29 72 0.997579
29 73 0.997563
29 74 0.997551
29 75 0.997543
29 76 0.997539
29 77 0.997539
29 78 0.997544
29 79 0.997552
29 80 0.997564
29 81 0.997579
29 82 0.997598
29 83 0.997619
29 84 0.997643
29 85 0.997669
29 86 0.997695
29 87 0.997722
29 88 0.997749
29 89 0.997776
29 90 0.997801
29 91 0.997824
29 92 0.997845
29 93 0.997864
29 94 0.99788
29 95 0.997892
29 96 0.997901
29 97 0.997907
29 98 0.99791
29 99 0.99791
29 100 0.997906
29 101 0.9979
29 102 0.997892
29 103 0.997881
29 104 0.997869
29 105 0.997856
29 106 0.997842
29 107 0.997828
29 108 0.997814
29 109 0.997801
29 110 0.997788
29 111 0.997777
29 112 0.997768
29 113 0.997761
29 114 0.997757
29 115 0.997756
29 116 0.997759
29 117 0.997765
29 118 0.997777
29 119 0.997792
29 120 0.997813
29 121 0.997839
29 122 0.99787
29 123 0.997905
29 124 0.997942
29 125 0.997979
29 126 0.998015
29 127 0.998049

30 0 0
30 1 0.999479
30 2 0.999478
30 3 0.999476
30 4 0.999472
30 5 0.999466
30 6 0.999459
30 7 0.99945
30 8 0.999439
30 9 0.999427
30 10 0.999413
30 11 0.999398
30 12 0.999381
30 13 0.999363
30 14 0.999344
30 15 0.999324
30 16 0.999303
30 17 0.999281
30 18 0.999258
30 19 0.999235
30 20 0.999211
30 21 0.999187
30 22 0.999163
30 23 0.999139
30 24 0.999114
30 25 0.99909
30 26 0.999066
30 27 0.999042
30 28 0.999018
30 29 0.998994
30 30 0.998971
30 31 0.998948
30 32 0.998926
30 33 0.998904
30 34 0.998881
30 35 0.99886
30 36 0.998838
30 37 0.998816
30 38 0.998794
30 39 0.998772
30 40 0.99875
30 41 0.998727
30 42 0.998703
30 43 0.998679
30 44 0.998654
30 45 0.998627
30 46 0.998599
30 47 0.99857
30 48 0.998539
30 49 0.998506
30 50 0.998472
30 51 0.998435
30 52 0.998397
30 53 0.998357
30 54 0.998315
30 55 0.998271
30 56 0.998227
30 57 0.998181
30 58 0.998134
30 59 0.998087
30 60 0.998041
30 61 0.997994
30 62 0.997949
30 63 0.997905
30 64 0.997863
30 65 0.997822
30 66 0.997784
30 67 0.997749
30 68 0.997717
30 69 0.997688
30 70 0.997662
30 71 0.997639
30 72 0.99762
30 73 0.997605
30 74 0.997593
30 75 0.997585
30 76 0.997581
30 77 0.997581
30 78 0.997585
30 79 0.997593
30 80 0.997604
30 81 0.997618
30 82 0.997636
30 83 0.997656
30 84 0.997679
30 85 0.997704
30 86 0.997729
30 87 0.997756
30 88 0.997782
30 89 0.997807
30 90 0.997832
30 91 0.997854
30 92 0.997875
30 93 0.997892
30 94 0.997907
30 95 0.997919
30 96 0.997927
30 97 0.997933
30 98 0.997935
30 99 0.997933
30 100 0.997929
30 101 0.997923
30 102 0.997914
30 103 0.997903
30 104 0.997891
30 105 0.997878
30 106 0.997865
30 107 0.997851
30 108 0.997837
30 109 0.997825
30 110 0.997814
30 111 0.997804
30 112 0.997796
30 113 0.997791
30 114 0.997788
30 115 0.997789
30 116 0.997792
30 117 0.9978
30 118 0.997812
30 119 0.997829
30 120 0.997851
30 121 0.997877
30 122 0.997908
30 123 0.997941
30 124 0.997977
30 125 0.998013
30 126 0.998047
30 127 0.998079

31 0 0
31 1 0.99947
31 2 0.99947
31 3 0.999467
31 4 0.999463
31 5 0.999457
31 6 0.999449
31 7 0.99944
31 8 0.999429
31 9 0.999416
31 10 0.999402
31 11 0.999386
31 12 0.999369
31 13 0.999351
31 14 0.999332
31 15 0.999311
31 16 0.99929
31 17 0.999268
31 18 0.999246
31 19 0.999223
31 20 0.9992
31 21 0.999176
31 22 0.999152
31 23 0.999129
31 24 0.999105
31 25 0.999082
31 26 0.999058
31 27 0.999035
31 28 0.999013
31 29 0.99899
31 30 0.998968
31 31 0.998946
31 32 0.998925
31 33 0.998904
31 34 0.998882
31 35 0.998862
31 36 0.998841
31 37 0.99882
31 38 0.998799
31 39 0.998777
31 40 0.998756
31 41 0.998734
31 42 0.998711
31 43 0.998687
31 44 0.998662
31 45 0.998636
31 46 0.998609
31 47 0.99858
31 48 0.99855
31 49 0.998518
31 50 0.998484
31 51 0.998448
31 52 0.998411
31 53 0.998372
31 54 0.998331
31 55 0.998288
31 56 0.998245
31 57 0.9982
31 58 0.998155
31 59 0.99811
31 60 0.998065
31 61 0.998021
31 62 0.997977
31 63 0.997935
31 64 0.997895
31 65 0.997856
31 66 0.99782
31 67 0.997787
31 68 0.997756
31 69 0.997729
31 70 0.997704
31 71 0.997683
31 72 0.997665
31 73 0.99765
31 74 0.997639
31 75 0.997631
31 76 0.997627
31 77 0.997627
31 78 0.99763
31 79 0.997637
31 80 0.997647
31 81 0.997661
31 82 0.997677
31 83 0.997697
31 84 0.997718
31 85 0.997742
31 86 0.997766
31 87 0.997791
31 88 0.997816
31 89 0.997841
31 90 0.997864
31 91 0.997886
31 92 0.997905
31 93 0.997922
31 94 0.997935
31 95 0.997946
31 96 0.997954
31 97 0.997958
31 98 0.997959
31 99 0.997957
31 100 0.997952
31 101 0.997945
31 102 0.997936
31 103 0.997925
31 104 0.997912
31 105 0.997899
31 106 0.997886
31 107 0.997873
31 108 0.99786
31 109 0.997848
31 110 0.997838
31 111 0.997829
31 112 0.997823
31 113 0.997819
31 114 0.997817
31 115 0.997819
31 116 0.997824
31 117 0.997833
31 118 0.997846
31 119 0.997864
31 120 0.997886
31 121 0.997912
31 122 0.997943
31 123 0.997976
31 124 0.99801
31 125 0.998044
31 126 0.998076
31 127 0.998107

32 0 0
32 1 0.999462
32 2 0.999461
32 3 0.999459
32 4 0.999454
32 5 0.999448
32 6 0.99944
32 7 0.99943
32 8 0.999419
32 9 0.999405
32 10 0.999391
32 11 0.999375
32 12 0.999358
32 13 0.999339
32 14 0.99932
32 15 0.999299
32 16 0.999278
32 17 0.999257
32 18 0.999234
32 19 0.999212
32 20 0.999189
32 21 0.999166
32 22 0.999143
32 23 0.99912
32 24 0.999097
32 25 0.999075
32 26 0.999052
32 27 0.99903
32 28 0.999009
32 29 0.998987
32 30 0.998966
32 31 0.998946
32 32 0.998925
32 33 0.998905
32 34 0.998885
32 35 0.998865
32 36 0.998845
32 37 0.998825
32 38 0.998804
32 39 0.998784
32 40 0.998763
32 41 0.998741
32 42 0.998719
32 43 0.998696
32 44 0.998672
32 45 0.998646
32 46 0.99862
32 47 0.998592
32 48 0.998562
32 49 0.998531
32 50 0.998498
32 51 0.998463
32 52 0.998426
32 53 0.998388
32 54 0.998348
32 55 0.998307
32 56 0.998265
32 57 0.998222
32 58 0.998179
32 59 0.998135
32 60 0.998092
32 61 0.998049
32 62 0.998008
32 63 0.997968
32 64 0.99793
32 65 0.997893
32 66 0.997859
32 67 0.997828
32 68 0.997799
32 69 0.997773
32 70 0.99775
32 71 0.99773
32 72 0.997713
32 73 0.997699
32 74 0.997688
32 75 0.99768
32 76 0.997676
32 77 0.997676
32 78 0.997678
32 79 0.997684
32 80 0.997694
32 81 0.997706
32 82 0.997722
32 83 0.99774
32 84 0.99776
32 85 0.997782
32 86 0.997805
32 87 0.997829
32 88 0.997853
32 89 0.997876
32 90 0.997898
32 91 0.997918
32 92 0.997936
32 93 0.997952
32 94 0.997964
32 95 0.997973
32 96 0.99798
32 97 0.997983
32 98 0.997983
32 99 0.99798
32 100 0.997974
32 101 0.997966
32 102 0.997956
32 103 0.997945
32 104 0.997933
32 105 0.997919
32 106 0.997906
32 107 0.997893
32 108 0.997881
32 109 0.99787
32 110 0.997861
32 111 0.997853
32 112 0.997848
32 113 0.997845
32 114 0.997845
32 115 0.997848
32 116 0.997854
32 117 0.997864
32 118 0.997878
32 119 0.997896
32 120 0.997919
32 121 0.997945
32 122 0.997975
32 123 0.998007
32 124 0.998041
32 125 0.998073
32 126 0.998104
32 127 0.998132

33 0 0
33 1 0.999453
33 2 0.999453
33 3 0.99945
33 4 0.999446
33 5 0.999439
33 6 0.999431
33 7 0.99942
33 8 0.999409
33 9 0.999395
33 10 0.99938
33 11 0.999364
33 12 0.999346
33 13 0.999328
33 14 0.999308
33 15 0.999288
33 16 0.999267
33 17 0.999246
33 18 0.999224
33 19 0.999202
33 20 0.999179
33 21 0.999157
33 22 0.999135
33 23 0.999113
33 24 0.999091
33 25 0.999069
33 26 0.999048
33 27 0.999027
33 28 0.999006
33 29 0.998986
33 30 0.998966
33 31 0.998946
33 32 0.998927
33 33 0.998907
33 34 0.998888
33 35 0.998869
33 36 0.99885
33 37 0.998831
33 38 0.998811
33 39 0.998791
33 40 0.998771
33 41 0.99875
33 42 0.998728
33 43 0.998706
33 44 0.998683
33 45 0.998658
33 46 0.998632
33 47 0.998605
33 48 0.998576
33 49 0.998545
33 50 0.998513
33 51 0.998479
33 52 0.998444
33 53 0.998407
33 54 0.998368
33 55 0.998328
33 56 0.998288
33 57 0.998246
33 58 0.998205
33 59 0.998163
33 60 0.998121
33 61 0.998081
33 62 0.998041
33 63 0.998003
33 64 0.997967
33 65 0.997933
33 66 0.997901
33 67 0.997871
33 68 0.997844
33 69 0.99782
33 70 0.997798
33 71 0.997779
33 72 0.997763
33 73 0.99775
33 74 0.99774
33 75 0.997732
33 76 0.997728
33 77 0.997727
33 78 0.997729
33 79 0.997735
33 80 0.997743
33 81 0.997755
33 82 0.997769
33 83 0.997786
33 84 0.997804
33 85 0.997825
33 86 0.997846
33 87 0.997869
33 88 0.997891
33 89 0.997912
33 90 0.997933
33 91 0.997951
33 92 0.997968
33 93 0.997981
33 94 0.997992
33 95 0.998
33 96 0.998005
33 97 0.998007
33 98 0.998006
33 99 0.998002
33 100 0.997995
33 101 0.997987
33 102 0.997976
33 103 0.997964
33 104 0.997952
33 105 0.997939
33 106 0.997926
33 107 0.997913
33 108 0.997902
33 109 0.997892
33 110 0.997883
33 111 0.997877
33 112 0.997872
33 113 0.99787
33 114 0.997871
33 115 0.997876
33 116 0.997883
33 117 0.997894
33 118 0.997908
33 119 0.997927
33 120 0.99795
33 121 0.997976
33 122 0.998005
33 123 0.998037
33 124 0.998069
33 125 0.9981
33 126 0.998129
33 127 0.998156

34 0 0
34 1 0.999445
34 2 0.999444
34 3 0.999441
34 4 0.999437
34 5 0.99943
34 6 0.999421
34 7 0.999411
34 8 0.999399
34 9 0.999385
34 10 0.99937
34 11 0.999353
34 12 0.999336
34 13 0.999317
34 14 0.999298
34 15 0.999278
34 16 0.999257
34 17 0.999236
34 18 0.999214
34 19 0.999193
34 20 0.999171
34 21 0.99915
34 22 0.999128
34 23 0.999107
34 24 0.999086
34 25 0.999065
34 26 0.999045
34 27 0.999025
34 28 0.999005
34 29 0.998986
34 30 0.998967
34 31 0.998948
34 32 0.99893
34 33 0.998911
34 34 0.998893
34 35 0.998875
34 36 0.998856
34 37 0.998838
34 38 0.998819
34 39 0.9988
34 40 0.99878
34 41 0.99876
34 42 0.998739
34 43 0.998717
34 44 0.998695
34 45 0.998671
34 46 0.998645
34 47 0.998619
34 48 0.998591
34 49 0.998561
34 50 0.99853
34 51 0.998497
34 52 0.998463
34 53 0.998427
34 54 0.99839
34 55 0.998352
34 56 0.998312
34 57 0.998273
34 58 0.998233
34 59 0.998193
34 60 0.998153
34 61 0.998115
34 62 0.998077
34 63 0.998041
34 64 0.998007
34 65 0.997975
34 66 0.997945
34 67 0.997917
34 68 0.997892
34 69 0.997869
34 70 0.997849
34 71 0.997831
34 72 0.997816
34 73 0.997804
34 74 0.997794
34 75 0.997787
34 76 0.997783
34 77 0.997781
34 78 0.997783
34 79 0.997787
34 80 0.997795
34 81 0.997805
34 82 0.997818
34 83 0.997833
34 84 0.99785
34 85 0.997869
34 86 0.997889
34 87 0.997909
34 88 0.997929
34 89 0.997949
34 90 0.997968
34 91 0.997984
34 92 0.997999
34 93 0.998011
34 94 0.998021
34 95 0.998027
34 96 0.99803
34 97 0.998031
34 98 0.998028
34 99 0.998023
34 100 0.998015
34 101 0.998006
34 102 0.997995
34 103 0.997983
34 104 0.99797
34 105 0.997957
34 106 0.997944
34 107 0.997932
34 108 0.997921
34 109 0.997912
34 110 0.997904
34 111 0.997899
34 112 0.997895
34 113 0.997895
34 114 0.997897
34 115 0.997902
34 116 0.99791
34 117 0.997922
34 118 0.997937
34 119 0.997956
34 120 0.997978
34 121 0.998004
34 122 0.998033
34 123 0.998064
34 124 0.998095
34 125 0.998125
34 126 0.998153
34 127 0.998178

35 0 0
35 1 0.999436
35 2 0.999435
35 3 0.999433
35 4 0.999428
35 5 0.999421
35 6 0.999412
35 7 0.999402
35 8 0.999389
35 9 0.999376
35 10 0.99936
35 11 0.999344
35 12 0.999326
35 13 0.999308
35 14 0.999288
35 15 0.999269
35 16 0.999248
35 17 0.999227
35 18 0.999207
35 19 0.999186
35 20 0.999165
35 21 0.999144
35 22 0.999123
35 23 0.999103
35 24 0.999083
35 25 0.999063
35 26 0.999044
35 27 0.999025
35 28 0.999006
35 29 0.998988
35 30 0.99897
35 31 0.998952
35 32 0.998934
35 33 0.998917
35 34 0.998899
35 35 0.998882
35 36 0.998864
35 37 0.998846
35 38 0.998828
35 39 0.99881
35 40 0.998791
35 41 0.998771
35 42 0.998751
35 43 0.99873
35 44 0.998708
35 45 0.998685
35 46 0.99866
35 47 0.998635
35 48 0.998608
35 49 0.998579
35 50 0.998549
35 51 0.998517
35 52 0.998484
35 53 0.99845
35 54 0.998414
35 55 0.998377
35 56 0.998339
35 57 0.998301
35 58 0.998263
35 59 0.998225
35 60 0.998188
35 61 0.998151
35 62 0.998116
35 63 0.998082
35 64 0.998049
35 65 0.998019
35 66 0.997991
35 67 0.997965
35 68 0.997942
35 69 0.99792
35 70 0.997902
35 71 0.997885
35 72 0.997871
35 73 0.997859
35 74 0.99785
35 75 0.997843
35 76 0.997839
35 77 0.997837
35 78 0.997838
35 79 0.997841
35 80 0.997848
35 81 0.997857
35 82 0.997868
35 83 0.997882
35 84 0.997897
35 85 0.997914
35 86 0.997932
35 87 0.99795
35 88 0.997968
35 89 0.997986
35 90 0.998003
35 91 0.998018
35 92 0.99803
35 93 0.998041
35 94 0.998048
35 95 0.998053
35 96 0.998055
35 97 0.998054
35 98 0.99805
35 99 0.998043
35 100 0.998035
35 101 0.998025
35 102 0.998013
35 103 0.998001
35 104 0.997988
35 105 0.997975
35 106 0.997962
35 107 0.997951
35 108 0.99794
35 109 0.997932
35 110 0.997925
35 111 0.99792
35 112 0.997918
35 113 0.997918
35 114 0.997921
35 115 0.997927
35 116 0.997936
35 117 0.997948
35 118 0.997964
35 119 0.997983
35 120 0.998005
35 121 0.998031
35 122 0.998059
35 123 0.998089
35 124 0.998119
35 125 0.998147
35 126 0.998174
35 127 0.998198

36 0 0
36 1 0.999428
36 2 0.999427
36 3 0.999424
36 4 0.999419
36 5 0.999412
36 6 0.999404
36 7 0.999393
36 8 0.999381
36 9 0.999367
36 10 0.999351
36 11 0.999335
36 12 0.999318
36 13 0.999299
36 14 0.99928
36 15 0.999261
36 16 0.999241
36 17 0.999221
36 18 0.9992
36 19 0.99918
36 20 0.99916
36 21 0.99914
36 22 0.99912
36 23 0.999101
36 24 0.999082
36 25 0.999063
36 26 0.999045
36 27 0.999026
36 28 0.999009
36 29 0.998991
36 30 0.998974
36 31 0.998957
36 32 0.99894
36 33 0.998924
36 34 0.998907
36 35 0.99889
36 36 0.998873
36 37 0.998856
36 38 0.998839
36 39 0.998821
36 40 0.998803
36 41 0.998784
36 42 0.998765
36 43 0.998744
36 44 0.998723
36 45 0.998701
36 46 0.998677
36 47 0.998652
36 48 0.998626
36 49 0.998599
36 50 0.99857
36 51 0.998539
36 52 0.998507
36 53 0.998474
36 54 0.99844
36 55 0.998405
36 56 0.998369
36 57 0.998333
36 58 0.998296
36 59 0.99826
36 60 0.998224
36 61 0.99819
36 62 0.998156
36 63 0.998124
36 64 0.998094
36 65 0.998066
36 66 0.99804
36 67 0.998015
36 68 0.997993
36 69 0.997974
36 70 0.997956
36 71 0.997941
36 72 0.997927
36 73 0.997916
36 74 0.997907
36 75 0.997901
36 76 0.997896
36 77 0.997894
36 78 0.997894
36 79 0.997897
36 80 0.997902
36 81 0.99791
36 82 0.997919
36 83 0.997931
36 84 0.997945
36 85 0.99796
36 86 0.997975
36 87 0.997992
36 88 0.998008
36 89 0.998023
36 90 0.998038
36 91 0.998051
36 92 0.998061
36 93 0.99807
36 94 0.998075
36 95 0.998078
36 96 0.998078
36 97 0.998076
36 98 0.998071
36 99 0.998063
36 100 0.998054
36 101 0.998043
36 102 0.998031
36 103 0.998018
36 104 0.998005
36 105 0.997992
36 106 0.99798
36 107 0.997969
36 108 0.997959
36 109 0.997951
36 110 0.997945
36 111 0.997941
36 112 0.99794
36 113 0.997941
36 114 0.997944
36 115 0.997951
36 116 0.99796
36 117 0.997973
36 118 0.997989
36 119 0.998008
36 120 0.998031
36 121 0.998056
36 122 0.998083
36 123 0.998112
36 124 0.998141
36 125 0.998168
36 126 0.998193
36 127 0.998216

37 0 0
37 1 0.99942
37 2 0.999419
37 3 0.999416
37 4 0.999411
37 5 0.999404
37 6 0.999395
37 7 0.999385
37 8 0.999372
37 9 0.999359
37 10 0.999344
37 11 0.999327
37 12 0.99931
37 13 0.999292
37 14 0.999274
37 15 0.999255
37 16 0.999235
37 17 0.999216
37 18 0.999196
37 19 0.999177
37 20 0.999157
37 21 0.999138
37 22 0.999119
37 23 0.999101
37 24 0.999082
37 25 0.999065
37 26 0.999047
37 27 0.99903
37 28 0.999013
37 29 0.998997
37 30 0.99898
37 31 0.998964
37 32 0.998948
37 33 0.998932
37 34 0.998916
37 35 0.9989
37 36 0.998884
37 37 0.998868
37 38 0.998851
37 39 0.998834
37 40 0.998816
37 41 0.998798
37 42 0.998779
37 43 0.99876
37 44 0.998739
37 45 0.998718
37 46 0.998695
37 47 0.998671
37 48 0.998646
37 49 0.99862
37 50 0.998592
37 51 0.998563
37 52 0.998533
37 53 0.998501
37 54 0.998468
37 55 0.998435
37 56 0.9984
37 57 0.998366
37 58 0.998331
37 59 0.998297
37 60 0.998263
37 61 0.998231
37 62 0.998199
37 63 0.998169
37 64 0.998141
37 65 0.998114
37 66 0.99809
37 67 0.998067
37 68 0.998047
37 69 0.998028
37 70 0.998012
37 71 0.997998
37 72 0.997985
37 73 0.997974
37 74 0.997966
37 75 0.997959
37 76 0.997954
37 77 0.997952
37 78 0.997951
37 79 0.997953
37 80 0.997957
37 81 0.997963
37 82 0.997971
37 83 0.997981
37 84 0.997993
37 85 0.998006
37 86 0.998019
37 87 0.998033
37 88 0.998047
37 89 0.998061
37 90 0.998073
37 91 0.998083
37 92 0.998092
37 93 0.998098
37 94 0.998102
37 95 0.998103
37 96 0.998102
37 97 0.998098
37 98 0.998091
37 99 0.998082
37 100 0.998072
37 101 0.99806
37 102 0.998048
37 103 0.998035
37 104 0.998022
37 105 0.998009
37 106 0.997997
37 107 0.997986
37 108 0.997977
37 109 0.99797
37 110 0.997965
37 111 0.997962
37 112 0.997961
37 113 0.997963
37 114 0.997967
37 115 0.997974
37 116 0.997984
37 117 0.997997
37 118 0.998013
37 119 0.998032
37 120 0.998054
37 121 0.998079
37 122 0.998106
37 123 0.998134
37 124 0.998162
37 125 0.998187
37 126 0.998211
37 127 0.998233

38 0 0
38 1 0.999412
38 2 0.999411
38 3 0.999408
38 4 0.999404
38 5 0.999397
38 6 0.999388
38 7 0.999377
38 8 0.999365
38 9 0.999352
38 10 0.999337
38 11 0.999321
38 12 0.999304
38 13 0.999287
38 14 0.999269
38 15 0.99925
38 16 0.999232
38 17 0.999213
38 18 0.999194
38 19 0.999175
38 20 0.999157
38 21 0.999138
38 22 0.99912
38 23 0.999103
38 24 0.999085
38 25 0.999068
38 26 0.999052
38 27 0.999036
38 28 0.99902
38 29 0.999004
38 30 0.998988
38 31 0.998973
38 32 0.998957
38 33 0.998942
38 34 0.998927
38 35 0.998911
38 36 0.998896
38 37 0.99888
38 38 0.998864
38 39 0.998848
38 40 0.998831
38 41 0.998814
38 42 0.998796
38 43 0.998777
38 44 0.998757
38 45 0.998737
38 46 0.998715
38 47 0.998692
38 48 0.998668
38 49 0.998643
38 50 0.998617
38 51 0.998589
38 52 0.99856
38 53 0.99853
38 54 0.998499
38 55 0.998467
38 56 0.998434
38 57 0.998401
38 58 0.998369
38 59 0.998336
38 60 0.998304
38 61 0.998274
38 62 0.998244
38 63 0.998216
38 64 0.998189
38 65 0.998164
38 66 0.998142
38 67 0.998121
38 68 0.998102
38 69 0.998084
38 70 0.998069
38 71 0.998055
38 72 0.998044
38 73 0.998033
38 74 0.998025
38 75 0.998018
38 76 0.998013
38 77 0.99801
38 78 0.998009
38 79 0.99801
38 80 0.998012
38 81 0.998017
38 82 0.998024
38 83 0.998032
38 84 0.998041
38 85 0.998052
38 86 0.998064
38 87 0.998075
38 88 0.998087
38 89 0.998098
38 90 0.998108
38 91 0.998116
38 92 0.998123
38 93 0.998127
38 94 0.998129
38 95 0.998128
38 96 0.998125
38 97 0.998119
38 98 0.998111
38 99 0.998102
38 100 0.99809
38 101 0.998078
38 102 0.998065
38 103 0.998052
38 104 0.998039
38 105 0.998026
38 106 0.998015
38 107 0.998004
38 108 0.997996
38 109 0.997989
38 110 0.997985
38 111 0.997982
38 112 0.997982
38 113 0.997985
38 114 0.99799
38 115 0.997997
38 116 0.998007
38 117 0.998021
38 118 0.998037
38 119 0.998056
38 120 0.998077
38 121 0.998101
38 122 0.998127
38 123 0.998154
38 124 0.998181
38 125 0.998205
38 126 0.998228
38 127 0.998248

39 0 0
39 1 0.999404
39 2 0.999404
39 3 0.999401
39 4 0.999397
39 5 0.99939
39 6 0.999381
39 7 0.999371
39 8 0.999359
39 9 0.999346
39 10 0.999332
39 11 0.999317
39 12 0.9993
39 13 0.999284
39 14 0.999266
39 15 0.999248
39 16 0.99923
39 17 0.999212
39 18 0.999194
39 19 0.999176
39 20 0.999159
39 21 0.999141
39 22 0.999124
39 23 0.999107
39 24 0.999091
39 25 0.999075
39 26 0.999059
39 27 0.999043
39 28 0.999028
39 29 0.999013
39 30 0.998998
39 31 0.998983
39 32 0.998969
39 33 0.998954
39 34 0.998939
39 35 0.998924
39 36 0.99891
39 37 0.998894
39 38 0.998879
39 39 0.998863
39 40 0.998847
39 41 0.998831
39 42 0.998813
39 43 0.998795
39 44 0.998777
39 45 0.998757
39 46 0.998736
39 47 0.998715
39 48 0.998692
39 49 0.998668
39 50 0.998643
39 51 0.998616
39 52 0.998589
39 53 0.99856
39 54 0.998531
39 55 0.998501
39 56 0.99847
39 57 0.998439
39 58 0.998408
39 59 0.998377
39 60 0.998347
39 61 0.998318
39 62 0.998291
39 63 0.998264
39 64 0.998239
39 65 0.998216
39 66 0.998195
39 67 0.998175
39 68 0.998157
39 69 0.998141
39 70 0.998127
39 71 0.998114
39 72 0.998103
39 73 0.998093
39 74 0.998085
39 75 0.998078
39 76 0.998072
39 77 0.998069
39 78 0.998067
39 79 0.998067
39 80 0.998068
39 81 0.998071
39 82 0.998076
39 83 0.998082
39 84 0.99809
39 85 0.998099
39 86 0.998108
39 87 0.998117
39 88 0.998127
39 89 0.998135
39 90 0.998143
39 91 0.998149
39 92 0.998153
39 93 0.998155
39 94 0.998155
39 95 0.998153
39 96 0.998148
39 97 0.998141
39 98 0.998132
39 99 0.998121
39 100 0.998109
39 101 0.998096
39 102 0.998083
39 103 0.998069
39 104 0.998056
39 105 0.998044
39 106 0.998033
39 107 0.998023
39 108 0.998015
39 109 0.998009
39 110 0.998005
39 111 0.998003
39 112 0.998004
39 113 0.998007
39 114 0.998012
39 115 0.99802
39 116 0.99803
39 117 0.998044
39 118 0.99806
39 119 0.998078
39 120 0.998099
39 121 0.998123
39 122 0.998148
39 123 0.998173
39 124 0.998199
39 125 0.998222
39 126 0.998244
39 127 0.998263

40 0 0
40 1 0.999397
40 2 0.999397
40 3 0.999395
40 4 0.99939
40 5 0.999384
40 6 0.999376
40 7 0.999366
40 8 0.999355
40 9 0.999342
40 10 0.999329
40 11 0.999314
40 12 0.999298
40 13 0.999282
40 14 0.999266
40 15 0.999249
40 16 0.999232
40 17 0.999214
40 18 0.999197
40 19 0.99918
40 20 0.999163
40 21 0.999147
40 22 0.99913
40 23 0.999114
40 24 0.999099
40 25 0.999083
40 26 0.999068
40 27 0.999053
40 28 0.999039
40 29 0.999024
40 30 0.99901
40 31 0.998996
40 32 0.998981
40 33 0.998967
40 34 0.998953
40 35 0.998939
40 36 0.998925
40 37 0.99891
40 38 0.998895
40 39 0.99888
40 40 0.998865
40 41 0.998849
40 42 0.998833
40 43 0.998816
40 44 0.998798
40 45 0.998779
40 46 0.99876
40 47 0.998739
40 48 0.998717
40 49 0.998695
40 50 0.998671
40 51 0.998646
40 52 0.99862
40 53 0.998593
40 54 0.998565
40 55 0.998536
40 56 0.998507
40 57 0.998478
40 58 0.998449
40 59 0.99842
40 60 0.998392
40 61 0.998365
40 62 0.998339
40 63 0.998314
40 64 0.99829
40 65 0.998269
40 66 0.998249
40 67 0.99823
40 68 0.998214
40 69 0.998199
40 70 0.998185
40 71 0.998173
40 72 0.998162
40 73 0.998152
40 74 0.998144
40 75 0.998137
40 76 0.998132
40 77 0.998127
40 78 0.998125
40 79 0.998123
40 80 0.998124
40 81 0.998125
40 82 0.998128
40 83 0.998133
40 84 0.998139
40 85 0.998145
40 86 0.998152
40 87 0.998159
40 88 0.998166
40 89 0.998173
40 90 0.998178
40 91 0.998182
40 92 0.998184
40 93 0.998184
40 94 0.998182
40 95 0.998178
40 96 0.998172
40 97 0.998163
40 98 0.998153
40 99 0.998141
40 100 0.998128
40 101 0.998115
40 102 0.998101
40 103 0.998087
40 104 0.998074
40 105 0.998062
40 106 0.998052
40 107 0.998042
40 108 0.998035
40 109 0.998029
40 110 0.998026
40 111 0.998025
40 112 0.998026
40 113 0.998029
40 114 0.998035
40 115 0.998043
40 116 0.998053
40 117 0.998067
40 118 0.998082
40 119 0.9981
40 120 0.998121
40 121 0.998143
40 122 0.998167
40 123 0.998192
40 124 0.998216
40 125 0.998238
40 126 0.998259
40 127 0.998276

41 0 0
41 1 0.999391
41 2 0.999391
41 3 0.999389
41 4 0.999385
41 5 0.999379
41 6 0.999371
41 7 0.999362
41 8 0.999352
41 9 0.99934
41 10 0.999327
41 11 0.999313
41 12 0.999298
41 13 0.999283
41 14 0.999268
41 15 0.999252
41 16 0.999235
41 17 0.999219
41 18 0.999203
41 19 0.999187
41 20 0.999171
41 21 0.999155
41 22 0.999139
41 23 0.999124
41 24 0.999109
41 25 0.999094
41 26 0.99908
41 27 0.999065
41 28 0.999051
41 29 0.999037
41 30 0.999024
41 31 0.99901
41 32 0.998996
41 33 0.998983
41 34 0.998969
41 35 0.998955
41 36 0.998942
41 37 0.998928
41 38 0.998913
41 39 0.998899
41 40 0.998884
41 41 0.998869
41 42 0.998853
41 43 0.998837
41 44 0.99882
41 45 0.998803
41 46 0.998784
41 47 0.998765
41 48 0.998744
41 49 0.998723
41 50 0.9987
41 51 0.998677
41 52 0.998652
41 53 0.998627
41 54 0.998601
41 55 0.998574
41 56 0.998546
41 57 0.998519
41 58 0.998492
41 59 0.998465
41 60 0.998438
41 61 0.998412
41 62 0.998388
41 63 0.998365
41 64 0.998343
41 65 0.998323
41 66 0.998304
41 67 0.998287
41 68 0.998271
41 69 0.998257
41 70 0.998244
41 71 0.998232
41 72 0.998222
41 73 0.998212
41 74 0.998204
41 75 0.998197
41 76 0.998191
41 77 0.998186
41 78 0.998182
41 79 0.99818
41 80 0.998179
41 81 0.998179
41 82 0.998181
41 83 0.998184
41 84 0.998188
41 85 0.998192
41 86 0.998197
41 87 0.998202
41 88 0.998207
41 89 0.998211
41 90 0.998214
41 91 0.998216
41 92 0.998216
41 93 0.998214
41 94 0.99821
41 95 0.998204
41 96 0.998196
41 97 0.998186
41 98 0.998175
41 99 0.998162
41 100 0.998149
41 101 0.998135
41 102 0.998121
41 103 0.998107
41 104 0.998094
41 105 0.998082
41 106 0.998072
41 107 0.998063
41 108 0.998056
41 109 0.998051
41 110 0.998048
41 111 0.998048
41 112 0.998049
41 113 0.998053
41 114 0.998058
41 115 0.998067
41 116 0.998077
41 117 0.99809
41 118 0.998105
41 119 0.998122
41 120 0.998142
41 121 0.998164
41 122 0.998187
41 123 0.99821
41 124 0.998233
41 125 0.998254
41 126 0.998273
41 127 0.99829

42 0 0
42 1 0.999386
42 2 0.999386
42 3 0.999384
42 4 0.999381
42 5 0.999375
42 6 0.999368
42 7 0.99936
42 8 0.99935
42 9 0.999339
42 10 0.999327
42 11 0.999314
42 12 0.999301
42 13 0.999287
42 14 0.999272
42 15 0.999257
42 16 0.999242
42 17 0.999227
42 18 0.999211
42 19 0.999196
42 20 0.999181
42 21 0.999166
42 22 0.999151
42 23 0.999136
42 24 0.999122
42 25 0.999108
42 26 0.999094
42 27 0.99908
42 28 0.999066
42 29 0.999053
42 30 0.99904
42 31 0.999026
42 32 0.999013
42 33 0.999
42 34 0.998987
42 35 0.998973
42 36 0.99896
42 37 0.998947
42 38 0.998933
42 39 0.998919
42 40 0.998905
42 41 0.998891
42 42 0.998876
42 43 0.998861
42 44 0.998845
42 45 0.998828
42 46 0.998811
42 47 0.998792
42 48 0.998773
42 49 0.998753
42 50 0.998732
42 51 0.99871
42 52 0.998686
42 53 0.998663
42 54 0.998638
42 55 0.998613
42 56 0.998587
42 57 0.998561
42 58 0.998536
42 59 0.99851
42 60 0.998485
42 61 0.998461
42 62 0.998438
42 63 0.998417
42 64 0.998396
42 65 0.998377
42 66 0.998359
42 67 0.998343
42 68 0.998328
42 69 0.998315
42 70 0.998303
42 71 0.998291
42 72 0.998281
42 73 0.998272
42 74 0.998264
42 75 0.998256
42 76 0.99825
42 77 0.998245
42 78 0.99824
42 79 0.998237
42 80 0.998235
42 81 0.998234
42 82 0.998234
42 83 0.998235
42 84 0.998237
42 85 0.998239
42 86 0.998242
42 87 0.998245
42 88 0.998248
42 89 0.99825
42 90 0.998251
42 91 0.99825
42 92 0.998248
42 93 0.998245
42 94 0.998239
42 95 0.998231
42 96 0.998222
42 97 0.998211
42 98 0.998199
42 99 0.998185
42 100 0.998171
42 101 0.998157
42 102 0.998143
42 103 0.998129
42 104 0.998116
42 105 0.998104
42 106 0.998094
42 107 0.998086
42 108 0.998079
42 109 0.998075
42 110 0.998072
42 111 0.998072
42 112 0.998073
42 113 0.998077
42 114 0.998083
42 115 0.998091
42 116 0.998101
42 117 0.998114
42 118 0.998128
42 119 0.998145
42 120 0.998164
42 121 0.998185
42 122 0.998206
42 123 0.998229
42 124 0.99825
42 125 0.99827
42 126 0.998288
42 127 0.998304

43 0 0
43 1 0.999382
43 2 0.999382
43 3 0.999381
43 4 0.999378
43 5 0.999373
43 6 0.999367
43 7 0.999359
43 8 0.999351
43 9 0.999341
43 10 0.99933
43 11 0.999318
43 12 0.999306
43 13 0.999293
43 14 0.999279
43 15 0.999265
43 16 0.999251
43 17 0.999237
43 18 0.999223
43 19 0.999208
43 20 0.999194
43 21 0.99918
43 22 0.999166
43 23 0.999152
43 24 0.999138
43 25 0.999124
43 26 0.999111
43 27 0.999097
43 28 0.999084
43 29 0.999071
43 30 0.999058
43 31 0.999045
43 32 0.999032
43 33 0.999019
43 34 0.999006
43 35 0.998993
43 36 0.998981
43 37 0.998968
43 38 0.998955
43 39 0.998941
43 40 0.998928
43 41 0.998914
43 42 0.9989
43 43 0.998886
43 44 0.998871
43 45 0.998855
43 46 0.998838
43 47 0.998821
43 48 0.998803
43 49 0.998784
43 50 0.998764
43 51 0.998744
43 52 0.998722
43 53 0.9987
43 54 0.998677
43 55 0.998653
43 56 0.998629
43 57 0.998605
43 58 0.998581
43 59 0.998557
43 60 0.998534
43 61 0.998511
43 62 0.99849
43 63 0.998469
43 64 0.99845
43 65 0.998432
43 66 0.998416
43 67 0.9984
43 68 0.998386
43 69 0.998374
43 70 0.998362
43 71 0.998351
43 72 0.998341
43 73 0.998332
43 74 0.998323
43 75 0.998316
43 76 0.998309
43 77 0.998303
43 78 0.998298
43 79 0.998294
43 80 0.998291
43 81 0.998288
43 82 0.998287
43 83 0.998287
43 84 0.998287
43 85 0.998288
43 86 0.998288
43 87 0.998289
43 88 0.99829
43 89 0.99829
43 90 0.998289
43 91 0.998286
43 92 0.998283
43 93 0.998277
43 94 0.99827
43 95 0.998261
43 96 0.99825
43 97 0.998238
43 98 0.998225
43 99 0.998211
43 100 0.998196
43 101 0.998181
43 102 0.998167
43 103 0.998153
43 104 0.99814
43 105 0.998129
43 106 0.998119
43 107 0.998111
43 108 0.998105
43 109 0.9981
43 110 0.998098
43 111 0.998098
43 112 0.9981
43 113 0.998103
43 114 0.998109
43 115 0.998117
43 116 0.998127
43 117 0.998138
43 118 0.998152
43 119 0.998168
43 120 0.998186
43 121 0.998206
43 122 0.998226
43 123 0.998247
43 124 0.998268
43 125 0.998287
43 126 0.998303
43 127 0.998318

44 0 0
44 1 0.99938
44 2 0.99938
44 3 0.999379
44 4 0.999376
44 5 0.999372
44 6 0.999367
44 7 0.999361
44 8 0.999353
44 9 0.999344
44 10 0.999335
44 11 0.999324
44 12 0.999313
44 13 0.999301
44 14 0.999289
44 15 0.999276
44 16 0.999264
44 17 0.99925
44 18 0.999237
44 19 0.999223
44 20 0.99921
44 21 0.999196
44 22 0.999183
44 23 0.99917
44 24 0.999156
44 25 0.999143
44 26 0.99913
44 27 0.999117
44 28 0.999104
44 29 0.999091
44 30 0.999078
44 31 0.999066
44 32 0.999053
44 33 0.99904
44 34 0.999028
44 35 0.999016
44 36 0.999003
44 37 0.998991
44 38 0.998978
44 39 0.998965
44 40 0.998953
44 41 0.99894
44 42 0.998926
44 43 0.998912
44 44 0.998898
44 45 0.998883
44 46 0.998868
44 47 0.998852
44 48 0.998835
44 49 0.998817
44 50 0.998799
44 51 0.998779
44 52 0.998759
44 53 0.998738
44 54 0.998717
44 55 0.998695
44 56 0.998672
44 57 0.99865
44 58 0.998627
44 59 0.998605
44 60 0.998583
44 61 0.998562
44 62 0.998542
44 63 0.998523
44 64 0.998505
44 65 0.998488
44 66 0.998473
44 67 0.998458
44 68 0.998445
44 69 0.998433
44 70 0.998421
44 71 0.998411
44 72 0.998401
44 73 0.998392
44 74 0.998383
44 75 0.998376
44 76 0.998368
44 77 0.998362
44 78 0.998356
44 79 0.998351
44 80 0.998347
44 81 0.998344
44 82 0.998341
44 83 0.998339
44 84 0.998338
44 85 0.998337
44 86 0.998336
44 87 0.998335
44 88 0.998334
44 89 0.998332
44 90 0.998329
44 91 0.998325
44 92 0.998319
44 93 0.998312
44 94 0.998303
44 95 0.998293
44 96 0.998281
44 97 0.998268
44 98 0.998254
44 99 0.998239
44 100 0.998224
44 101 0.998209
44 102 0.998194
44 103 0.99818
44 104 0.998167
44 105 0.998156
44 106 0.998146
44 107 0.998139
44 108 0.998133
44 109 0.998128
44 110 0.998126
44 111 0.998126
44 112 0.998128
44 113 0.998132
44 114 0.998137
44 115 0.998144
44 116 0.998154
44 117 0.998165
44 118 0.998178
44 119 0.998193
44 120 0.99821
44 121 0.998228
44 122 0.998248
44 123 0.998267
44 124 0.998286
44 125 0.998304
44 126 0.99832
44 127 0.998333

45 0 0
45 1 0.999379
45 2 0.99938
45 3 0.999379
45 4 0.999377
45 5 0.999374
45 6 0.99937
45 7 0.999364
45 8 0.999358
45 9 0.99935
45 10 0.999342
45 11 0.999333
45 12 0.999323
45 13 0.999313
45 14 0.999302
45 15 0.99929
45 16 0.999279
45 17 0.999267
45 18 0.999254
45 19 0.999242
45 20 0.999229
45 21 0.999216
45 22 0.999203
45 23 0.99919
45 24 0.999177
45 25 0.999164
45 26 0.999152
45 27 0.999139
45 28 0.999126
45 29 0.999114
45 30 0.999101
45 31 0.999089
45 32 0.999076
45 33 0.999064
45 34 0.999052
45 35 0.99904
45 36 0.999028
45 37 0.999016
45 38 0.999003
45 39 0.998991
45 40 0.998979
45 41 0.998967
45 42 0.998954
45 43 0.998941
45 44 0.998928
45 45 0.998914
45 46 0.998899
45 47 0.998884
45 48 0.998868
45 49 0.998852
45 50 0.998834
45 51 0.998816
45 52 0.998798
45 53 0.998778
45 54 0.998758
45 55 0.998738
45 56 0.998717
45 57 0.998696
45 58 0.998675
45 59 0.998654
45 60 0.998634
45 61 0.998614
45 62 0.998596
45 63 0.998578
45 64 0.998561
45 65 0.998545
45 66 0.998531
45 67 0.998517
45 68 0.998504
45 69 0.998492
45 70 0.998481
45 71 0.998471
45 72 0.998461
45 73 0.998452
45 74 0.998444
45 75 0.998436
45 76 0.998428
45 77 0.998421
45 78 0.998415
45 79 0.998409
45 80 0.998404
45 81 0.9984
45 82 0.998396
45 83 0.998393
45 84 0.99839
45 85 0.998387
45 86 0.998385
45 87 0.998382
45 88 0.998379
45 89 0.998376
45 90 0.998371
45 91 0.998365
45 92 0.998358
45 93 0.998349
45 94 0.998339
45 95 0.998327
45 96 0.998315
45 97 0.9983
45 98 0.998286
45 99 0.99827
45 100 0.998255
45 101 0.998239
45 102 0.998224
45 103 0.998211
45 104 0.998198
45 105 0.998187
45 106 0.998177
45 107 0.998169
45 108 0.998164
45 109 0.99816
45 110 0.998158
45 111 0.998157
45 112 0.998159
45 113 0.998162
45 114 0.998167
45 115 0.998174
45 116 0.998183
45 117 0.998193
45 118 0.998205
45 119 0.998219
45 120 0.998235
45 121 0.998252
45 122 0.99827
45 123 0.998288
45 124 0.998306
45 125 0.998323
45 126 0.998337
45 127 0.998349

46 0 0
46 1 0.999381
46 2 0.999382
46 3 0.999382
46 4 0.99938
46 5 0.999378
46 6 0.999374
46 7 0.99937
46 8 0.999365
46 9 0.999359
46 10 0.999352
46 11 0.999344
46 12 0.999336
46 13 0.999327
46 14 0.999317
46 15 0.999307
46 16 0.999296
46 17 0.999285
46 18 0.999274
46 19 0.999262
46 20 0.999251
46 21 0.999238
46 22 0.999226
46 23 0.999214
46 24 0.999201
46 25 0.999189
46 26 0.999176
46 27 0.999164
46 28 0.999151
46 29 0.999139
46 30 0.999126
46 31 0.999114
46 32 0.999102
46 33 0.99909
46 34 0.999078
46 35 0.999066
46 36 0.999054
46 37 0.999043
46 38 0.999031
46 39 0.999019
46 40 0.999008
46 41 0.998996
46 42 0.998984
46 43 0.998971
46 44 0.998959
46 45 0.998946
46 46 0.998932
46 47 0.998918
46 48 0.998903
46 49 0.998888
46 50 0.998872
46 51 0.998855
46 52 0.998838
46 53 0.99882
46 54 0.998801
46 55 0.998782
46 56 0.998763
46 57 0.998743
46 58 0.998724
46 59 0.998705
46 60 0.998686
46 61 0.998668
46 62 0.99865
46 63 0.998634
46 64 0.998618
46 65 0.998603
46 66 0.998589
46 67 0.998576
46 68 0.998564
46 69 0.998553
46 70 0.998542
46 71 0.998532
46 72 0.998523
46 73 0.998514
46 74 0.998505
46 75 0.998497
46 76 0.998489
46 77 0.998482
46 78 0.998475
46 79 0.998468
46 80 0.998462
46 81 0.998457
46 82 0.998452
46 83 0.998448
46 84 0.998444
46 85 0.99844
46 86 0.998436
46 87 0.998432
46 88 0.998428
46 89 0.998422
46 90 0.998416
46 91 0.998409
46 92 0.9984
46 93 0.99839
46 94 0.998379
46 95 0.998366
46 96 0.998352
46 97 0.998337
46 98 0.998322
46 99 0.998306
46 100 0.99829
46 101 0.998274
46 102 0.998259
46 103 0.998245
46 104 0.998233
46 105 0.998221
46 106 0.998212
46 107 0.998204
46 108 0.998198
46 109 0.998194
46 110 0.998192
46 111 0.998192
46 112 0.998193
46 113 0.998196
46 114 0.9982
46 115 0.998206
46 116 0.998214
46 117 0.998223
46 118 0.998235
46 119 0.998248
46 120 0.998262
46 121 0.998278
46 122 0.998295
46 123 0.998312
46 124 0.998328
46 125 0.998343
46 126 0.998357
46 127 0.998368

47 0 0
47 1 0.999385
47 2 0.999386
47 3 0.999386
47 4 0.999385
47 5 0.999384
47 6 0.999381
47 7 0.999378
47 8 0.999374
47 9 0.999369
47 10 0.999364
47 11 0.999358
47 12 0.999351
47 13 0.999343
47 14 0.999335
47 15 0.999326
47 16 0.999317
47 17 0.999307
47 18 0.999297
47 19 0.999286
47 20 0.999275
47 21 0.999264
47 22 0.999252
47 23 0.99924
47 24 0.999228
47 25 0.999216
47 26 0.999203
47 27 0.999191
47 28 0.999179
47 29 0.999166
47 30 0.999154
47 31 0.999142
47 32 0.99913
47 33 0.999118
47 34 0.999107
47 35 0.999095
47 36 0.999084
47 37 0.999072
47 38 0.999061
47 39 0.99905
47 40 0.999039
47 41 0.999027
47 42 0.999016
47 43 0.999004
47 44 0.998992
47 45 0.99898
47 46 0.998967
47 47 0.998954
47 48 0.99894
47 49 0.998926
47 50 0.998911
47 51 0.998896
47 52 0.998879
47 53 0.998863
47 54 0.998845
47 55 0.998828
47 56 0.99881
47 57 0.998792
47 58 0.998774
47 59 0.998757
47 60 0.998739
47 61 0.998722
47 62 0.998706
47 63 0.998691
47 64 0.998676
47 65 0.998662
47 66 0.998649
47 67 0.998637
47 68 0.998626
47 69 0.998615
47 70 0.998604
47 71 0.998595
47 72 0.998585
47 73 0.998576
47 74 0.998567
47 75 0.998559
47 76 0.998551
47 77 0.998543
47 78 0.998536
47 79 0.998529
47 80 0.998522
47 81 0.998516
47 82 0.998511
47 83 0.998505
47 84 0.9985
47 85 0.998495
47 86 0.99849
47 87 0.998485
47 88 0.998479
47 89 0.998472
47 90 0.998464
47 91 0.998456
47 92 0.998446
47 93 0.998435
47 94 0.998422
47 95 0.998408
47 96 0.998394
47 97 0.998378
47 98 0.998362
47 99 0.998346
47 100 0.998329
47 101 0.998313
47 102 0.998298
47 103 0.998284
47 104 0.998272
47 105 0.99826
47 106 0.998251
47 107 0.998243
47 108 0.998237
47 109 0.998233
47 110 0.99823
47 111 0.998229
47 112 0.99823
47 113 0.998232
47 114 0.998236
47 115 0.998241
47 116 0.998248
47 117 0.998257
47 118 0.998267
47 119 0.998279
47 120 0.998292
47 121 0.998306
47 122 0.998322
47 123 0.998337
47 124 0.998353
47 125 0.998366
47 126 0.998379
47 127 0.998389

48 0 0
48 1 0.999392
48 2 0.999393
48 3 0.999394
48 4 0.999393
48 5 0.999392
48 6 0.999391
48 7 0.999389
48 8 0.999386
48 9 0.999383
48 10 0.999379
48 11 0.999374
48 12 0.999369
48 13 0.999363
48 14 0.999356
48 15 0.999348
48 16 0.99934
48 17 0.999331
48 18 0.999322
48 19 0.999312
48 20 0.999302
48 21 0.999291
48 22 0.99928
48 23 0.999269
48 24 0.999257
48 25 0.999245
48 26 0.999233
48 27 0.999221
48 28 0.999209
48 29 0.999197
48 30 0.999185
48 31 0.999173
48 32 0.999161
48 33 0.99915
48 34 0.999138
48 35 0.999127
48 36 0.999116
48 37 0.999105
48 38 0.999094
48 39 0.999083
48 40 0.999072
48 41 0.999061
48 42 0.99905
48 43 0.999039
48 44 0.999028
48 45 0.999017
48 46 0.999005
48 47 0.998992
48 48 0.99898
48 49 0.998966
48 50 0.998952
48 51 0.998938
48 52 0.998923
48 53 0.998908
48 54 0.998892
48 55 0.998876
48 56 0.998859
48 57 0.998843
48 58 0.998826
48 59 0.99881
48 60 0.998794
48 61 0.998779
48 62 0.998764
48 63 0.99875
48 64 0.998736
48 65 0.998723
48 66 0.998711
48 67 0.998699
48 68 0.998688
48 69 0.998678
48 70 0.998668
48 71 0.998658
48 72 0.998649
48 73 0.99864
48 74 0.998631
48 75 0.998623
48 76 0.998615
48 77 0.998607
48 78 0.998599
48 79 0.998592
48 80 0.998584
48 81 0.998578
48 82 0.998571
48 83 0.998565
48 84 0.998559
48 85 0.998553
48 86 0.998547
48 87 0.99854
48 88 0.998533
48 89 0.998525
48 90 0.998517
48 91 0.998507
48 92 0.998496
48 93 0.998484
48 94 0.99847
48 95 0.998456
48 96 0.99844
48 97 0.998424
48 98 0.998407
48 99 0.998391
48 100 0.998374
48 101 0.998358
48 102 0.998342
48 103 0.998328
48 104 0.998315
48 105 0.998304
48 106 0.998294
48 107 0.998286
48 108 0.99828
48 109 0.998275
48 110 0.998272
48 111 0.998271
48 112 0.998271
48 113 0.998273
48 114 0.998276
48 115 0.99828
48 116 0.998286
48 117 0.998293
48 118 0.998302
48 119 0.998312
48 120 0.998324
48 121 0.998338
48 122 0.998352
48 123 0.998366
48 124 0.99838
48 125 0.998393
48 126 0.998404
48 127 0.998413

49 0 0
49 1 0.999401
49 2 0.999403
49 3 0.999404
49 4 0.999404
49 5 0.999404
49 6 0.999403
49 7 0.999402
49 8 0.999401
49 9 0.999399
49 10 0.999396
49 11 0.999393
49 12 0.999389
49 13 0.999384
49 14 0.999379
49 15 0.999372
49 16 0.999366
49 17 0.999358
49 18 0.99935
49 19 0.999341
49 20 0.999331
49 21 0.999321
49 22 0.999311
49 23 0.9993
49 24 0.999289
49 25 0.999277
49 26 0.999266
49 27 0.999254
49 28 0.999242
49 29 0.99923
49 30 0.999219
49 31 0.999207
49 32 0.999195
49 33 0.999184
49 34 0.999173
49 35 0.999161
49 36 0.999151
49 37 0.99914
49 38 0.999129
49 39 0.999119
49 40 0.999108
49 41 0.999098
49 42 0.999088
49 43 0.999077
49 44 0.999067
49 45 0.999056
49 46 0.999045
49 47 0.999033
49 48 0.999021
49 49 0.999009
49 50 0.998996
49 51 0.998983
49 52 0.998969
49 53 0.998955
49 54 0.99894
49 55 0.998926
49 56 0.998911
49 57 0.998896
49 58 0.998881
49 59 0.998866
49 60 0.998851
49 61 0.998837
49 62 0.998823
49 63 0.99881
49 64 0.998798
49 65 0.998786
49 66 0.998774
49 67 0.998764
49 68 0.998753
49 69 0.998743
49 70 0.998734
49 71 0.998724
49 72 0.998715
49 73 0.998706
49 74 0.998697
49 75 0.998689
49 76 0.99868
49 77 0.998672
49 78 0.998664
49 79 0.998657
49 80 0.998649
49 81 0.998642
49 82 0.998635
49 83 0.998628
49 84 0.998621
49 85 0.998614
49 86 0.998607
49 87 0.9986
49 88 0.998592
49 89 0.998583
49 90 0.998573
49 91 0.998562
49 92 0.99855
49 93 0.998537
49 94 0.998523
49 95 0.998508
49 96 0.998492
49 97 0.998475
49 98 0.998458
49 99 0.998441
49 100 0.998424
49 101 0.998408
49 102 0.998392
49 103 0.998378
49 104 0.998365
49 105 0.998353
49 106 0.998343
49 107 0.998335
49 108 0.998328
49 109 0.998323
49 110 0.998319
49 111 0.998317
49 112 0.998316
49 113 0.998317
49 114 0.998319
49 115 0.998322
49 116 0.998327
49 117 0.998333
49 118 0.998341
49 119 0.99835
49 120 0.99836
49 121 0.998372
49 122 0.998385
49 123 0.998398
49 124 0.99841
49 125 0.998422
49 126 0.998432
49 127 0.998441

50 0 0
50 1 0.999414
50 2 0.999416
50 3 0.999417
50 4 0.999418
50 5 0.999418
50 6 0.999419
50 7 0.999419
50 8 0.999418
50 9 0.999417
50 10 0.999416
50 11 0.999414
50 12 0.999411
50 13 0.999408
50 14 0.999404
50 15 0.999399
50 16 0.999393
50 17 0.999387
50 18 0.99938
50 19 0.999372
50 20 0.999363
50 21 0.999354
50 22 0.999344
50 23 0.999334
50 24 0.999323
50 25 0.999312
50 26 0.999301
50 27 0.99929
50 28 0.999278
50 29 0.999267
50 30 0.999255
50 31 0.999244
50 32 0.999232
50 33 0.999221
50 34 0.99921
50 35 0.999199
50 36 0.999189
50 37 0.999178
50 38 0.999168
50 39 0.999158
50 40 0.999148
50 41 0.999138
50 42 0.999128
50 43 0.999118
50 44 0.999108
50 45 0.999098
50 46 0.999088
50 47 0.999077
50 48 0.999066
50 49 0.999054
50 50 0.999043
50 51 0.99903
50 52 0.999018
50 53 0.999005
50 54 0.998992
50 55 0.998978
50 56 0.998965
50 57 0.998951
50 58 0.998937
50 59 0.998924
50 60 0.998911
50 61 0.998898
50 62 0.998885
50 63 0.998873
50 64 0.998862
50 65 0.998851
50 66 0.99884
50 67 0.99883
50 68 0.99882
50 69 0.998811
50 70 0.998802
50 71 0.998793
50 72 0.998784
50 73 0.998775
50 74 0.998766
50 75 0.998757
50 76 0.998749
50 77 0.998741
50 78 0.998732
50 79 0.998724
50 80 0.998717
50 81 0.998709
50 82 0.998702
50 83 0.998694
50 84 0.998687
50 85 0.998679
50 86 0.998671
50 87 0.998663
50 88 0.998654
50 89 0.998645
50 90 0.998634
50 91 0.998623
50 92 0.99861
50 93 0.998596
50 94 0.998581
50 95 0.998566
50 96 0.998549
50 97 0.998532
50 98 0.998515
50 99 0.998497
50 100 0.99848
50 101 0.998463
50 102 0.998447
50 103 0.998433
50 104 0.998419
50 105 0.998407
50 106 0.998397
50 107 0.998388
50 108 0.998381
50 109 0.998375
50 110 0.998371
50 111 0.998368
50 112 0.998366
50 113 0.998366
50 114 0.998367
50 115 0.998369
50 116 0.998372
50 117 0.998377
50 118 0.998383
50 119 0.998391
50 120 0.9984
50 121 0.998411
50 122 0.998422
50 123 0.998433
50 124 0.998445
50 125 0.998455
50 126 0.998465
50 127 0.998472

51 0 0
51 1 0.999431
51 2 0.999432
51 3 0.999433
51 4 0.999434
51 5 0.999436
51 6 0.999437
51 7 0.999438
51 8 0.999438
51 9 0.999438
51 10 0.999438
51 11 0.999438
51 12 0.999436
51 13 0.999434
51 14 0.999431
51 15 0.999428
51 16 0.999423
51 17 0.999418
51 18 0.999412
51 19 0.999405
51 20 0.999397
51 21 0.999389
51 22 0.99938
51 23 0.99937
51 24 0.99936
51 25 0.99935
51 26 0.999339
51 27 0.999328
51 28 0.999317
51 29 0.999306
51 30 0.999295
51 31 0.999284
51 32 0.999273
51 33 0.999262
51 34 0.999251
51 35 0.999241
51 36 0.99923
51 37 0.99922
51 38 0.99921
51 39 0.999201
51 40 0.999191
51 41 0.999182
51 42 0.999172
51 43 0.999163
51 44 0.999153
51 45 0.999144
51 46 0.999134
51 47 0.999124
51 48 0.999114
51 49 0.999103
51 50 0.999092
51 51 0.999081
51 52 0.99907
51 53 0.999058
51 54 0.999046
51 55 0.999034
51 56 0.999021
51 57 0.999009
51 58 0.998997
51 59 0.998985
51 60 0.998973
51 61 0.998961
51 62 0.99895
51 63 0.998939
51 64 0.998929
51 65 0.998919
51 66 0.998909
51 67 0.9989
51 68 0.998891
51 69 0.998882
51 70 0.998873
51 71 0.998864
51 72 0.998855
51 73 0.998846
51 74 0.998838
51 75 0.998829
51 76 0.998821
51 77 0.998812
51 78 0.998804
51 79 0.998796
51 80 0.998788
51 81 0.99878
51 82 0.998772
51 83 0.998764
51 84 0.998756
51 85 0.998748
51 86 0.99874
51 87 0.998731
51 88 0.998722
51 89 0.998711
51 90 0.9987
51 91 0.998688
51 92 0.998675
51 93 0.998661
51 94 0.998645
51 95 0.998629
51 96 0.998612
51 97 0.998595
51 98 0.998577
51 99 0.998559
51 100 0.998542
51 101 0.998525
51 102 0.998509
51 103 0.998494
51 104 0.99848
51 105 0.998467
51 106 0.998456
51 107 0.998447
51 108 0.998439
51 109 0.998432
51 110 0.998427
51 111 0.998423
51 112 0.99842
51 113 0.998419
51 114 0.998419
51 115 0.99842
51 116 0.998422
51 117 0.998425
51 118 0.99843
51 119 0.998437
51 120 0.998445
51 121 0.998454
51 122 0.998463
51 123 0.998474
51 124 0.998484
51 125 0.998493
51 126 0.998502
51 127 0.998508

52 0 0
52 1 0.99945
52 2 0.999452
52 3 0.999453
52 4 0.999454
52 5 0.999456
52 6 0.999458
52 7 0.999459
52 8 0.999461
52 9 0.999462
52 10 0.999463
52 11 0.999463
52 12 0.999463
52 13 0.999462
52 14 0.999461
52 15 0.999458
52 16 0.999455
52 17 0.999451
52 18 0.999446
52 19 0.99944
52 20 0.999433
52 21 0.999426
52 22 0.999418
52 23 0.999409
52 24 0.9994
52 25 0.99939
52 26 0.99938
52 27 0.99937
52 28 0.999359
52 29 0.999349
52 30 0.999338
52 31 0.999327
52 32 0.999317
52 33 0.999306
52 34 0.999296
52 35 0.999286
52 36 0.999276
52 37 0.999266
52 38 0.999257
52 39 0.999247
52 40 0.999238
52 41 0.999229
52 42 0.99922
52 43 0.999211
52 44 0.999202
52 45 0.999193
52 46 0.999184
52 47 0.999175
52 48 0.999165
52 49 0.999155
52 50 0.999145
52 51 0.999135
52 52 0.999125
52 53 0.999114
52 54 0.999103
52 55 0.999093
52 56 0.999082
52 57 0.999071
52 58 0.99906
52 59 0.999049
52 60 0.999039
52 61 0.999028
52 62 0.999018
52 63 0.999009
52 64 0.998999
52 65 0.99899
52 66 0.998981
52 67 0.998973
52 68 0.998964
52 69 0.998955
52 70 0.998947
52 71 0.998938
52 72 0.99893
52 73 0.998921
52 74 0.998913
52 75 0.998904
52 76 0.998896
52 77 0.998887
52 78 0.998879
52 79 0.998871
52 80 0.998863
52 81 0.998854
52 82 0.998846
52 83 0.998838
52 84 0.99883
52 85 0.998822
52 86 0.998813
52 87 0.998804
52 88 0.998794
52 89 0.998783
52 90 0.998771
52 91 0.998759
52 92 0.998745
52 93 0.998731
52 94 0.998715
52 95 0.998699
52 96 0.998682
52 97 0.998664
52 98 0.998646
52 99 0.998628
52 100 0.99861
52 101 0.998593
52 102 0.998576
52 103 0.998561
52 104 0.998547
52 105 0.998533
52 106 0.998522
52 107 0.998512
52 108 0.998503
52 109 0.998495
52 110 0.998489
52 111 0.998484
52 112 0.99848
52 113 0.998477
52 114 0.998476
52 115 0.998475
52 116 0.998476
52 117 0.998479
52 118 0.998482
52 119 0.998487
52 120 0.998494
52 121 0.998501
52 122 0.99851
52 123 0.998518
52 124 0.998528
52 125 0.998536
52 126 0.998543
52 127 0.998549

53 0 0
53 1 0.999473
53 2 0.999475
53 3 0.999476
53 4 0.999478
53 5 0.99948
53 6 0.999482
53 7 0.999484
53 8 0.999486
53 9 0.999488
53 10 0.99949
53 11 0.999491
53 12 0.999492
53 13 0.999492
53 14 0.999492
53 15 0.999491
53 16 0.999488
53 17 0.999485
53 18 0.999482
53 19 0.999477
53 20 0.999471
53 21 0.999465
53 22 0.999458
53 23 0.99945
53 24 0.999442
53 25 0.999433
53 26 0.999424
53 27 0.999414
53 28 0.999404
53 29 0.999394
53 30 0.999384
53 31 0.999374
53 32 0.999364
53 33 0.999354
53 34 0.999345
53 35 0.999335
53 36 0.999325
53 37 0.999316
53 38 0.999307
53 39 0.999298
53 40 0.999289
53 41 0.999281
53 42 0.999272
53 43 0.999264
53 44 0.999255
53 45 0.999247
53 46 0.999238
53 47 0.999229
53 48 0.999221
53 49 0.999212
53 50 0.999203
53 51 0.999193
53 52 0.999184
53 53 0.999174
53 54 0.999165
53 55 0.999155
53 56 0.999146
53 57 0.999136
53 58 0.999126
53 59 0.999117
53 60 0.999108
53 61 0.999099
53 62 0.99909
53 63 0.999082
53 64 0.999073
53 65 0.999065
53 66 0.999057
53 67 0.999049
53 68 0.999041
53 69 0.999033
53 70 0.999025
53 71 0.999017
53 72 0.999009
53 73 0.999
53 74 0.998992
53 75 0.998983
53 76 0.998975
53 77 0.998966
53 78 0.998958
53 79 0.99895
53 80 0.998941
53 81 0.998933
53 82 0.998925
53 83 0.998917
53 84 0.998908
53 85 0.9989
53 86 0.998891
53 87 0.998881
53 88 0.998871
53 89 0.99886
53 90 0.998848
53 91 0.998835
53 92 0.998822
53 93 0.998807
53 94 0.998791
53 95 0.998775
53 96 0.998757
53 97 0.998739
53 98 0.998721
53 99 0.998703
53 100 0.998685
53 101 0.998667
53 102 0.99865
53 103 0.998634
53 104 0.998619
53 105 0.998606
53 106 0.998593
53 107 0.998582
53 108 0.998572
53 109 0.998563
53 110 0.998556
53 111 0.99855
53 112 0.998545
53 113 0.998541
53 114 0.998538
53 115 0.998536
53 116 0.998536
53 117 0.998536
53 118 0.998539
53 119 0.998542
53 120 0.998547
53 121 0.998554
53 122 0.998561
53 123 0.998568
53 124 0.998576
53 125 0.998584
53 126 0.99859
53 127 0.998595

54 0 0
54 1 0.9995
54 2 0.999501
54 3 0.999502
54 4 0.999504
54 5 0.999506
54 6 0.999509
54 7 0.999511
54 8 0.999514
54 9 0.999517
54 10 0.999519
54 11 0.999522
54 12 0.999523
54 13 0.999525
54 14 0.999525
54 15 0.999525
54 16 0.999524
54 17 0.999522
54 18 0.999519
54 19 0.999515
54 20 0.999511
54 21 0.999506
54 22 0.9995
54 23 0.999493
54 24 0.999486
54 25 0.999478
54 26 0.99947
54 27 0.999461
54 28 0.999453
54 29 0.999444
54 30 0.999434
54 31 0.999425
54 32 0.999416
54 33 0.999407
54 34 0.999397
54 35 0.999388
54 36 0.999379
54 37 0.999371
54 38 0.999362
54 39 0.999353
54 40 0.999345
54 41 0.999337
54 42 0.999329
54 43 0.999321
54 44 0.999313
54 45 0.999305
54 46 0.999297
54 47 0.999289
54 48 0.999281
54 49 0.999272
54 50 0.999264
54 51 0.999256
54 52 0.999248
54 53 0.999239
54 54 0.999231
54 55 0.999222
54 56 0.999214
54 57 0.999206
54 58 0.999197
54 59 0.999189
54 60 0.999181
54 61 0.999174
54 62 0.999166
54 63 0.999159
54 64 0.999151
54 65 0.999144
54 66 0.999137
54 67 0.99913
54 68 0.999122
54 69 0.999115
54 70 0.999107
54 71 0.999099
54 72 0.999091
54 73 0.999083
54 74 0.999075
54 75 0.999067
54 76 0.999058
54 77 0.99905
54 78 0.999041
54 79 0.999033
54 80 0.999025
54 81 0.999016
54 82 0.999008
54 83 0.999
54 84 0.998991
54 85 0.998982
54 86 0.998973
54 87 0.998963
54 88 0.998953
54 89 0.998942
54 90 0.99893
54 91 0.998917
54 92 0.998904
54 93 0.998889
54 94 0.998873
54 95 0.998856
54 96 0.998839
54 97 0.998821
54 98 0.998803
54 99 0.998784
54 100 0.998766
54 101 0.998748
54 102 0.99873
54 103 0.998714
54 104 0.998698
54 105 0.998684
54 106 0.99867
54 107 0.998658
54 108 0.998647
54 109 0.998637
54 110 0.998629
54 111 0.998621
54 112 0.998615
54 113 0.998609
54 114 0.998605
54 115 0.998602
54 116 0.9986
54 117 0.998599
54 118 0.9986
54 119 0.998603
54 120 0.998606
54 121 0.998611
54 122 0.998617
54 123 0.998624
54 124 0.998631
54 125 0.998637
54 126 0.998643
54 127 0.998647

55 0 0
55 1 0.999529
55 2 0.999531
55 3 0.999532
55 4 0.999533
55 5 0.999536
55 6 0.999539
55 7 0.999542
55 8 0.999545
55 9 0.999548
55 10 0.999551
55 11 0.999554
55 12 0.999556
55 13 0.999558
55 14 0.99956
55 15 0.999561
55 16 0.999561
55 17 0.99956
55 18 0.999558
55 19 0.999556
55 20 0.999553
55 21 0.999549
55 22 0.999544
55 23 0.999539
55 24 0.999533
55 25 0.999526
55 26 0.999519
55 27 0.999512
55 28 0.999504
55 29 0.999496
55 30 0.999488
55 31 0.99948
55 32 0.999471
55 33 0.999463
55 34 0.999454
55 35 0.999446
55 36 0.999438
55 37 0.999429
55 38 0.999421
55 39 0.999413
55 40 0.999405
55 41 0.999398
55 42 0.99939
55 43 0.999382
55 44 0.999375
55 45 0.999367
55 46 0.99936
55 47 0.999353
55 48 0.999345
55 49 0.999338
55 50 0.999331
55 51 0.999323
55 52 0.999316
55 53 0.999308
55 54 0.999301
55 55 0.999294
55 56 0.999287
55 57 0.99928
55 58 0.999273
55 59 0.999266
55 60 0.999259
55 61 0.999253
55 62 0.999246
55 63 0.99924
55 64 0.999234
55 65 0.999227
55 66 0.999221
55 67 0.999214
55 68 0.999208
55 69 0.999201
55 70 0.999193
55 71 0.999186
55 72 0.999178
55 73 0.99917
55 74 0.999162
55 75 0.999154
55 76 0.999146
55 77 0.999137
55 78 0.999129
55 79 0.99912
55 80 0.999112
55 81 0.999104
55 82 0.999095
55 83 0.999087
55 84 0.999078
55 85 0.99907
55 86 0.99906
55 87 0.999051
55 88 0.99904
55 89 0.999029
55 90 0.999018
55 91 0.999005
55 92 0.998991
55 93 0.998976
55 94 0.998961
55 95 0.998944
55 96 0.998927
55 97 0.998909
55 98 0.99889
55 99 0.998871
55 100 0.998853
55 101 0.998834
55 102 0.998817
55 103 0.998799
55 104 0.998783
55 105 0.998768
55 106 0.998753
55 107 0.99874
55 108 0.998728
55 109 0.998717
55 110 0.998707
55 111 0.998698
55 112 0.99869
55 113 0.998683
55 114 0.998677
55 115 0.998673
55 116 0.99867
55 117 0.998668
55 118 0.998667
55 119 0.998668
55 120 0.998671
55 121 0.998674
55 122 0.998679
55 123 0.998685
55 124 0.99869
55 125 0.998696
55 126 0.998701
55 127 0.998705

56 0 0
56 1 0.999562
56 2 0.999563
56 3 0.999564
56 4 0.999566
56 5 0.999568
56 6 0.999571
56 7 0.999574
56 8 0.999578
56 9 0.999581
56 10 0.999585
56 11 0.999588
56 12 0.999591
56 13 0.999594
56 14 0.999596
56 15 0.999598
56 16 0.999599
56 17 0.999599
56 18 0.999599
56 19 0.999598
56 20 0.999596
56 21 0.999593
56 22 0.99959
56 23 0.999586
56 24 0.999582
56 25 0.999577
56 26 0.999571
56 27 0.999565
56 28 0.999559
56 29 0.999552
56 30 0.999545
56 31 0.999538
56 32 0.99953
56 33 0.999523
56 34 0.999515
56 35 0.999508
56 36 0.9995
56 37 0.999493
56 38 0.999485
56 39 0.999478
56 40 0.999471
56 41 0.999463
56 42 0.999456
56 43 0.999449
56 44 0.999442
56 45 0.999435
56 46 0.999428
56 47 0.999422
56 48 0.999415
56 49 0.999408
56 50 0.999402
56 51 0.999395
56 52 0.999389
56 53 0.999383
56 54 0.999376
56 55 0.99937
56 56 0.999364
56 57 0.999359
56 58 0.999353
56 59 0.999347
56 60 0.999342
56 61 0.999337
56 62 0.999331
56 63 0.999326
56 64 0.999321
56 65 0.999315
56 66 0.99931
56 67 0.999304
56 68 0.999297
56 69 0.999291
56 70 0.999284
56 71 0.999277
56 72 0.999269
56 73 0.999262
56 74 0.999254
56 75 0.999246
56 76 0.999237
56 77 0.999229
56 78 0.999221
56 79 0.999212
56 80 0.999204
56 81 0.999196
56 82 0.999187
56 83 0.999179
56 84 0.99917
56 85 0.999162
56 86 0.999152
56 87 0.999143
56 88 0.999133
56 89 0.999122
56 90 0.99911
56 91 0.999098
56 92 0.999084
56 93 0.999069
56 94 0.999054
56 95 0.999037
56 96 0.99902
56 97 0.999002
56 98 0.998984
56 99 0.998965
56 100 0.998946
56 101 0.998927
56 102 0.998909
56 103 0.998891
56 104 0.998874
56 105 0.998857
56 106 0.998842
56 107 0.998827
56 108 0.998814
56 109 0.998801
56 110 0.99879
56 111 0.99878
56 112 0.99877
56 113 0.998762
56 114 0.998755
56 115 0.998749
56 116 0.998744
56 117 0.998741
56 118 0.998739
56 119 0.998739
56 120 0.99874
56 121 0.998743
56 122 0.998747
56 123 0.998751
56 124 0.998756
56 125 0.998761
56 126 0.998765
56 127 0.998768

57 0 0
57 1 0.999598
57 2 0.999599
57 3 0.9996
57 4 0.999602
57 5 0.999604
57 6 0.999607
57 7 0.99961
57 8 0.999613
57 9 0.999617
57 10 0.999621
57 11 0.999625
57 12 0.999628
57 13 0.999632
57 14 0.999634
57 15 0.999637
57 16 0.999639
57 17 0.99964
57 18 0.999641
57 19 0.999641
57 20 0.999641
57 21 0.99964
57 22 0.999638
57 23 0.999636
57 24 0.999633
57 25 0.999629
57 26 0.999625
57 27 0.999621
57 28 0.999616
57 29 0.999611
57 30 0.999605
57 31 0.9996
57 32 0.999593
57 33 0.999587
57 34 0.999581
57 35 0.999574
57 36 0.999567
57 37 0.999561
57 38 0.999554
57 39 0.999547
57 40 0.999541
57 41 0.999534
57 42 0.999527
57 43 0.999521
57 44 0.999514
57 45 0.999508
57 46 0.999502
57 47 0.999496
57 48 0.99949
57 49 0.999484
57 50 0.999478
57 51 0.999473
57 52 0.999467
57 53 0.999462
57 54 0.999457
57 55 0.999452
57 56 0.999447
57 57 0.999442
57 58 0.999438
57 59 0.999433
57 60 0.999429
57 61 0.999425
57 62 0.999421
57 63 0.999417
57 64 0.999412
57 65 0.999407
57 66 0.999403
57 67 0.999397
57 68 0.999392
57 69 0.999386
57 70 0.999379
57 71 0.999372
57 72 0.999365
57 73 0.999357
57 74 0.999349
57 75 0.999341
57 76 0.999333
57 77 0.999325
57 78 0.999316
57 79 0.999308
57 80 0.9993
57 81 0.999292
57 82 0.999283
57 83 0.999275
57 84 0.999267
57 85 0.999258
57 86 0.999249
57 87 0.99924
57 88 0.99923
57 89 0.999219
57 90 0.999207
57 91 0.999195
57 92 0.999182
57 93 0.999168
57 94 0.999152
57 95 0.999136
57 96 0.999119
57 97 0.999101
57 98 0.999082
57 99 0.999064
57 100 0.999044
57 101 0.999025
57 102 0.999006
57 103 0.998988
57 104 0.99897
57 105 0.998952
57 106 0.998936
57 107 0.99892
57 108 0.998905
57 109 0.998891
57 110 0.998878
57 111 0.998866
57 112 0.998856
57 113 0.998846
57 114 0.998837
57 115 0.99883
57 116 0.998824
57 117 0.998819
57 118 0.998816
57 119 0.998815
57 120 0.998815
57 121 0.998817
57 122 0.998819
57 123 0.998823
57 124 0.998827
57 125 0.998831
57 126 0.998835
57 127 0.998838

58 0 0
58 1 0.999637
58 2 0.999638
58 3 0.999638
58 4 0.99964
58 5 0.999642
58 6 0.999645
58 7 0.999648
58 8 0.999652
58 9 0.999655
58 10 0.999659
58 11 0.999663
58 12 0.999667
58 13 0.999671
58 14 0.999674
58 15 0.999678
58 16 0.999681
58 17 0.999683
58 18 0.999685
58 19 0.999687
58 20 0.999688
58 21 0.999688
58 22 0.999688
58 23 0.999687
58 24 0.999686
58 25 0.999685
58 26 0.999682
58 27 0.99968
58 28 0.999677
58 29 0.999673
58 30 0.999669
58 31 0.999665
58 32 0.99966
58 33 0.999655
58 34 0.99965
58 35 0.999644
58 36 0.999639
58 37 0.999633
58 38 0.999627
58 39 0.999621
58 40 0.999615
58 41 0.999609
58 42 0.999603
58 43 0.999597
58 44 0.999592
58 45 0.999586
58 46 0.99958
58 47 0.999575
58 48 0.99957
58 49 0.999564
58 50 0.999559
58 51 0.999555
58 52 0.99955
58 53 0.999546
58 54 0.999542
58 55 0.999538
58 56 0.999534
58 57 0.999531
58 58 0.999527
58 59 0.999524
58 60 0.999521
58 61 0.999518
58 62 0.999515
58 63 0.999512
58 64 0.999508
58 65 0.999504
58 66 0.9995
58 67 0.999495
58 68 0.99949
58 69 0.999484
58 70 0.999478
58 71 0.999472
58 72 0.999464
58 73 0.999457
58 74 0.999449
58 75 0.999441
58 76 0.999433
58 77 0.999425
58 78 0.999416
58 79 0.999408
58 80 0.9994
58 81 0.999391
58 82 0.999383
58 83 0.999375
58 84 0.999367
58 85 0.999358
58 86 0.999349
58 87 0.99934
58 88 0.999331
58 89 0.99932
58 90 0.999309
58 91 0.999297
58 92 0.999284
58 93 0.99927
58 94 0.999255
58 95 0.99924
58 96 0.999223
58 97 0.999205
58 98 0.999186
58 99 0.999167
58 100 0.999148
58 101 0.999128
58 102 0.999109
58 103 0.99909
58 104 0.999071
58 105 0.999052
58 106 0.999034
58 107 0.999017
58 108 0.999001
58 109 0.998986
58 110 0.998971
58 111 0.998958
58 112 0.998946
58 113 0.998934
58 114 0.998924
58 115 0.998916
58 116 0.998908
58 117 0.998903
58 118 0.998899
58 119 0.998896
58 120 0.998895
58 121 0.998896
58 122 0.998898
58 123 0.9989
58 124 0.998904
58 125 0.998908
58 126 0.998911
58 127 0.998913

59 0 0
59 1 0.999678
59 2 0.999679
59 3 0.99968
59 4 0.999681
59 5 0.999683
59 6 0.999686
59 7 0.999689
59 8 0.999692
59 9 0.999696
59 10 0.9997
59 11 0.999704
59 12 0.999708
59 13 0.999712
59 14 0.999716
59 15 0.99972
59 16 0.999724
59 17 0.999727
59 18 0.99973
59 19 0.999733
59 20 0.999736
59 21 0.999738
59 22 0.99974
59 23 0.999741
59 24 0.999741
59 25 0.999742
59 26 0.999741
59 27 0.999741
59 28 0.999739
59 29 0.999738
59 30 0.999735
59 31 0.999733
59 32 0.99973
59 33 0.999726
59 34 0.999722
59 35 0.999718
59 36 0.999714
59 37 0.999709
59 38 0.999704
59 39 0.999699
59 40 0.999694
59 41 0.999689
59 42 0.999684
59 43 0.999678
59 44 0.999673
59 45 0.999668
59 46 0.999663
59 47 0.999659
59 48 0.999654
59 49 0.99965
59 50 0.999646
59 51 0.999642
59 52 0.999638
59 53 0.999635
59 54 0.999632
59 55 0.999629
59 56 0.999626
59 57 0.999624
59 58 0.999622
59 59 0.99962
59 60 0.999618
59 61 0.999615
59 62 0.999613
59 63 0.999611
59 64 0.999608
59 65 0.999605
59 66 0.999601
59 67 0.999597
59 68 0.999592
59 69 0.999587
59 70 0.999581
59 71 0.999575
59 72 0.999568
59 73 0.99956
59 74 0.999553
59 75 0.999545
59 76 0.999536
59 77 0.999528
59 78 0.99952
59 79 0.999511
59 80 0.999503
59 81 0.999495
59 82 0.999487
59 83 0.999479
59 84 0.999471
59 85 0.999462
59 86 0.999454
59 87 0.999445
59 88 0.999435
59 89 0.999426
59 90 0.999415
59 91 0.999403
59 92 0.999391
59 93 0.999377
59 94 0.999363
59 95 0.999347
59 96 0.999331
59 97 0.999313
59 98 0.999295
59 99 0.999276
59 100 0.999256
59 101 0.999236
59 102 0.999216
59 103 0.999196
59 104 0.999176
59 105 0.999156
59 106 0.999138
59 107 0.999119
59 108 0.999102
59 109 0.999085
59 110 0.999069
59 111 0.999054
59 112 0.99904
59 113 0.999027
59 114 0.999016
59 115 0.999006
59 116 0.998997
59 117 0.99899
59 118 0.998985
59 119 0.998982
59 120 0.99898
59 121 0.99898
59 122 0.998981
59 123 0.998983
59 124 0.998986
59 125 0.998989
59 126 0.998992
59 127 0.998994

60 0 0
60 1 0.999722
60 2 0.999723
60 3 0.999724
60 4 0.999725
60 5 0.999727
60 6 0.999729
60 7 0.999732
60 8 0.999735
60 9 0.999738
60 10 0.999742
60 11 0.999746
60 12 0.999751
60 13 0.999755
60 14 0.999759
60 15 0.999764
60 16 0.999769
60 17 0.999773
60 18 0.999777
60 19 0.999782
60 20 0.999786
60 21 0.999789
60 22 0.999793
60 23 0.999796
60 24 0.999798
60 25 0.9998
60 26 0.999802
60 27 0.999803
60 28 0.999804
60 29 0.999804
60 30 0.999804
60 31 0.999803
60 32 0.999802
60 33 0.9998
60 34 0.999798
60 35 0.999795
60 36 0.999792
60 37 0.999789
60 38 0.999785
60 39 0.999781
60 40 0.999777
60 41 0.999772
60 42 0.999768
60 43 0.999763
60 44 0.999759
60 45 0.999755
60 46 0.999751
60 47 0.999747
60 48 0.999743
60 49 0.999739
60 50 0.999736
60 51 0.999733
60 52 0.99973
60 53 0.999728
60 54 0.999726
60 55 0.999724
60 56 0.999723
60 57 0.999721
60 58 0.99972
60 59 0.999719
60 60 0.999718
60 61 0.999717
60 62 0.999716
60 63 0.999714
60 64 0.999712
60 65 0.99971
60 66 0.999706
60 67 0.999703
60 68 0.999698
60 69 0.999693
60 70 0.999688
60 71 0.999681
60 72 0.999674
60 73 0.999667
60 74 0.999659
60 75 0.999651
60 76 0.999643
60 77 0.999635
60 78 0.999626
60 79 0.999618
60 80 0.99961
60 81 0.999601
60 82 0.999593
60 83 0.999585
60 84 0.999577
60 85 0.999569
60 86 0.999561
60 87 0.999552
60 88 0.999543
60 89 0.999534
60 90 0.999524
60 91 0.999513
60 92 0.999501
60 93 0.999488
60 94 0.999474
60 95 0.999459
60 96 0.999442
60 97 0.999425
60 98 0.999407
60 99 0.999388
60 100 0.999368
60 101 0.999348
60 102 0.999327
60 103 0.999306
60 104 0.999285
60 105 0.999265
60 106 0.999245
60 107 0.999225
60 108 0.999206
60 109 0.999187
60 110 0.99917
60 111 0.999154
60 112 0.999138
60 113 0.999124
60 114 0.999111
60 115 0.9991
60 116 0.99909
60 117 0.999082
60 118 0.999076
60 119 0.999072
60 120 0.999069
60 121 0.999068
60 122 0.999069
60 123 0.99907
60 124 0.999073
60 125 0.999076
60 126 0.999078
60 127 0.99908

61 0 0
61 1 0.999769
61 2 0.99977
61 3 0.99977
61 4 0.999771
61 5 0.999773
61 6 0.999775
61 7 0.999777
61 8 0.99978
61 9 0.999783
61 10 0.999787
61 11 0.999791
61 12 0.999795
61 13 0.9998
61 14 0.999805
61 15 0.99981
61 16 0.999815
61 17 0.99982
61 18 0.999826
61 19 0.999831
61 20 0.999837
61 21 0.999842
61 22 0.999847
61 23 0.999852
61 24 0.999857
61 25 0.999861
61 26 0.999865
61 27 0.999868
61 28 0.999871
61 29 0.999873
61 30 0.999875
61 31 0.999876
61 32 0.999876
61 33 0.999876
61 34 0.999876
61 35 0.999875
61 36 0.999873
61 37 0.999871
61 38 0.999868
61 39 0.999865
61 40 0.999862
61 41 0.999859
61 42 0.999855
61 43 0.999852
61 44 0.999848
61 45 0.999845
61 46 0.999842
61 47 0.999838
61 48 0.999835
61 49 0.999833
61 50 0.99983
61 51 0.999828
61 52 0.999826
61 53 0.999825
61 54 0.999824
61 55 0.999823
61 56 0.999823
61 57 0.999822
61 58 0.999822
61 59 0.999822
61 60 0.999822
61 61 0.999822
61 62 0.999821
61 63 0.999821
61 64 0.999819
61 65 0.999817
61 66 0.999815
61 67 0.999811
61 68 0.999807
61 69 0.999802
61 70 0.999797
61 71 0.999791
61 72 0.999784
61 73 0.999776
61 74 0.999769
61 75 0.99976
61 76 0.999752
61 77 0.999744
61 78 0.999735
61 79 0.999727
61 80 0.999719
61 81 0.99971
61 82 0.999702
61 83 0.999694
61 84 0.999687
61 85 0.999679
61 86 0.999671
61 87 0.999663
61 88 0.999654
61 89 0.999645
61 90 0.999635
61 91 0.999625
61 92 0.999613
61 93 0.999601
61 94 0.999587
61 95 0.999573
61 96 0.999557
61 97 0.99954
61 98 0.999522
61 99 0.999503
61 100 0.999483
61 101 0.999462
61 102 0.999441
61 103 0.999419
61 104 0.999398
61 105 0.999376
61 106 0.999355
61 107 0.999334
61 108 0.999313
61 109 0.999293
61 110 0.999275
61 111 0.999257
61 112 0.99924
61 113 0.999224
61 114 0.99921
61 115 0.999198
61 116 0.999187
61 117 0.999178
61 118 0.999171
61 119 0.999166
61 120 0.999162
61 121 0.999161
61 122 0.999161
61 123 0.999162
61 124 0.999164
61 125 0.999166
61 126 0.999169
61 127 0.999171

62 0 0
62 1 0.999818
62 2 0.999818
62 3 0.999819
62 4 0.99982
62 5 0.999821
62 6 0.999823
62 7 0.999825
62 8 0.999828
62 9 0.999831
62 10 0.999834
62 11 0.999838
62 12 0.999842
62 13 0.999847
62 14 0.999852
62 15 0.999857
62 16 0.999863
62 17 0.999869
62 18 0.999876
62 19 0.999882
62 20 0.999889
62 21 0.999896
62 22 0.999903
62 23 0.999909
62 24 0.999916
62 25 0.999922
62 26 0.999928
62 27 0.999934
62 28 0.999938
62 29 0.999943
62 30 0.999947
62 31 0.99995
62 32 0.999952
62 33 0.999954
62 34 0.999955
62 35 0.999956
62 36 0.999956
62 37 0.999955
62 38 0.999954
62 39 0.999952
62 40 0.99995
62 41 0.999948
62 42 0.999946
62 43 0.999943
62 44 0.99994
62 45 0.999938
62 46 0.999935
62 47 0.999933
62 48 0.999931
62 49 0.999929
62 50 0.999928
62 51 0.999926
62 52 0.999926
62 53 0.999925
62 54 0.999925
62 55 0.999925
62 56 0.999926
62 57 0.999927
62 58 0.999927
62 59 0.999928
62 60 0.999929
62 61 0.99993
62 62 0.99993
62 63 0.99993
62 64 0.999929
62 65 0.999928
62 66 0.999925
62 67 0.999922
62 68 0.999918
62 69 0.999914
62 70 0.999908
62 71 0.999902
62 72 0.999895
62 73 0.999888
62 74 0.99988
62 75 0.999871
62 76 0.999863
62 77 0.999855
62 78 0.999846
62 79 0.999838
62 80 0.999829
62 81 0.999821
62 82 0.999813
62 83 0.999805
62 84 0.999798
62 85 0.99979
62 86 0.999782
62 87 0.999775
62 88 0.999766
62 89 0.999758
62 90 0.999749
62 91 0.999739
62 92 0.999728
62 93 0.999716
62 94 0.999703
62 95 0.999689
62 96 0.999673
62 97 0.999657
62 98 0.999639
62 99 0.99962
62 100 0.9996
62 101 0.999579
62 102 0.999557
62 103 0.999535
62 104 0.999513
62 105 0.99949
62 106 0.999467
62 107 0.999445
62 108 0.999423
62 109 0.999402
62 110 0.999382
62 111 0.999362
62 112 0.999344
62 113 0.999327
62 114 0.999312
62 115 0.999298
62 116 0.999286
62 117 0.999276
62 118 0.999269
62 119 0.999263
62 120 0.999259
62 121 0.999257
62 122 0.999256
62 123 0.999257
62 124 0.999259
62 125 0.999261
62 126 0.999264
62 127 0.999266

63 0 0
63 1 0.999869
63 2 0.999869
63 3 0.99987
63 4 0.999871
63 5 0.999872
63 6 0.999873
63 7 0.999875
63 8 0.999878
63 9 0.99988
63 10 0.999883
63 11 0.999887
63 12 0.999891
63 13 0.999896
63 14 0.999901
63 15 0.999907
63 16 0.999913
63 17 0.99992
63 18 0.999927
63 19 0.999935
63 20 0.999943
63 21 0.999951
63 22 0.999959
63 23 0.999968
63 24 0.999976
63 25 0.999984
63 26 0.999992
63 27 1
63 28 1.00001
63 29 1.00001
63 30 1.00002
63 31 1.00002
63 32 1.00003
63 33 1.00003
63 34 1.00004
63 35 1.00004
63 36 1.00004
63 37 1.00004
63 38 1.00004
63 39 1.00004
63 40 1.00004
63 41 1.00004
63 42 1.00004
63 43 1.00004
63 44 1.00003
63 45 1.00003
63 46 1.00003
63 47 1.00003
63 48 1.00003
63 49 1.00003
63 50 1.00003
63 51 1.00003
63 52 1.00003
63 53 1.00003
63 54 1.00003
63 55 1.00003
63 56 1.00003
63 57 1.00003
63 58 1.00003
63 59 1.00004
63 60 1.00004
63 61 1.00004
63 62 1.00004
63 63 1.00004
63 64 1.00004
63 65 1.00004
63 66 1.00004
63 67 1.00003
63 68 1.00003
63 69 1.00003
63 70 1.00002
63 71 1.00001
63 72 1.00001
63 73 1
63 74 0.999992
63 75 0.999984
63 76 0.999975
63 77 0.999967
63 78 0.999958
63 79 0.999949
63 80 0.999941
63 81 0.999933
63 82 0.999925
63 83 0.999917
63 84 0.99991
63 85 0.999903
63 86 0.999895
63 87 0.999888
63 88 0.99988
63 89 0.999872
63 90 0.999863
63 91 0.999854
63 92 0.999844
63 93 0.999832
63 94 0.99982
63 95 0.999806
63 96 0.999791
63 97 0.999775
63 98 0.999757
63 99 0.999738
63 100 0.999718
63 101 0.999697
63 102 0.999675
63 103 0.999652
63 104 0.999629
63 105 0.999605
63 106 0.999582
63 107 0.999558
63 108 0.999535
63 109 0.999513
63 110 0.999491
63 111 0.99947
63 112 0.999451
63 113 0.999432
63 114 0.999416
63 115 0.999401
63 116 0.999388
63 117 0.999377
63 118 0.999369
63 119 0.999362
63 120 0.999358
63 121 0.999355
63 122 0.999354
63 123 0.999355
63 124 0.999356
63 125 0.999359
63 126 0.999361
63 127 0.999364

64 0 0
64 1 0.999922
64 2 0.999923
64 3 0.999923
64 4 0.999924
64 5 0.999925
64 6 0.999926
64 7 0.999928
64 8 0.99993
64 9 0.999932
64 10 0.999935
64 11 0.999938
64 12 0.999942
64 13 0.999947
64 14 0.999952
64 15 0.999958
64 16 0.999965
64 17 0.999972
64 18 0.99998
64 19 0.999988
64 20 0.999998
64 21 1.00001
64 22 1.00002
64 23 1.00003
64 24 1.00004
64 25 1.00005
64 26 1.00006
64 27 1.00007
64 28 1.00007
64 29 1.00008
64 30 1.00009
64 31 1.0001
64 32 1.0001
64 33 1.00011
64 34 1.00012
64 35 1.00012
64 36 1.00012
64 37 1.00012
64 38 1.00013
64 39 1.00013
64 40 1.00013
64 41 1.00013
64 42 1.00013
64 43 1.00013
64 44 1.00013
64 45 1.00013
64 46 1.00013
64 47 1.00013
64 48 1.00013
64 49 1.00013
64 50 1.00013
64 51 1.00013
64 52 1.00013
64 53 1.00013
64 54 1.00013
64 55 1.00014
64 56 1.00014
64 57 1.00014
64 58 1.00014
64 59 1.00015
64 60 1.00015
64 61 1.00015
64 62 1.00015
64 63 1.00015
64 64 1.00015
64 65 1.00015
64 66 1.00015
64 67 1.00015
64 68 1.00014
64 69 1.00014
64 70 1.00013
64 71 1.00013
64 72 1.00012
64 73 1.00011
64 74 1.00011
64 75 1.0001
64 76 1.00009
64 77 1.00008
64 78 1.00007
64 79 1.00006
64 80 1.00005
64 81 1.00005
64 82 1.00004
64 83 1.00003
64 84 1.00002
64 85 1.00002
64 86 1.00001
64 87 1
64 88 0.999994
64 89 0.999986
64 90 0.999978
64 91 0.999969
64 92 0.999959
64 93 0.999949
64 94 0.999937
64 95 0.999924
64 96 0.999909
64 97 0.999894
64 98 0.999876
64 99 0.999858
64 100 0.999837
64 101 0.999816
64 102 0.999794
64 103 0.99977
64 104 0.999746
64 105 0.999722
64 106 0.999697
64 107 0.999673
64 108 0.999648
64 109 0.999624
64 110 0.999601
64 111 0.999579
64 112 0.999558
64 113 0.999539
64 114 0.999521
64 115 0.999505
64 116 0.999491
64 117 0.99948
64 118 0.99947
64 119 0.999463
64 120 0.999458
64 121 0.999455
64 122 0.999454
64 123 0.999455
64 124 0.999456
64 125 0.999459
64 126 0.999461
64 127 0.999464

65 0 0
65 1 0.999977
65 2 0.999978
65 3 0.999978
65 4 0.999979
65 5 0.99998
65 6 0.999981
65 7 0.999982
65 8 0.999983
65 9 0.999985
65 10 0.999988
65 11 0.999991
65 12 0.999995
65 13 0.999999
65 14 1
65 15 1.00001
65 16 1.00002
65 17 1.00003
65 18 1.00003
65 19 1.00004
65 20 1.00005
65 21 1.00006
65 22 1.00007
65 23 1.00009
65 24 1.0001
65 25 1.00011
65 26 1.00012
65 27 1.00013
65 28 1.00014
65 29 1.00015
65 30 1.00016
65 31 1.00017
65 32 1.00018
65 33 1.00019
65 34 1.00019
65 35 1.0002
65 36 1.0002
65 37 1.00021
65 38 1.00021
65 39 1.00022
65 40 1.00022
65 41 1.00022
65 42 1.00022
65 43 1.00022
65 44 1.00022
65 45 1.00022
65 46 1.00022
65 47 1.00022
65 48 1.00023
65 49 1.00023
65 50 1.00023
65 51 1.00023
65 52 1.00023
65 53 1.00024
65 54 1.00024
65 55 1.00024
65 56 1.00024
65 57 1.00025
65 58 1.00025
65 59 1.00026
65 60 1.00026
65 61 1.00026
65 62 1.00026
65 63 1.00027
65 64 1.00027
65 65 1.00027
65 66 1.00026
65 67 1.00026
65 68 1.00026
65 69 1.00025
65 70 1.00025
65 71 1.00024
65 72 1.00023
65 73 1.00023
65 74 1.00022
65 75 1.00021
65 76 1.0002
65 77 1.00019
65 78 1.00018
65 79 1.00017
65 80 1.00017
65 81 1.00016
65 82 1.00015
65 83 1.00014
65 84 1.00013
65 85 1.00013
65 86 1.00012
65 87 1.00011
65 88 1.00011
65 89 1.0001
65 90 1.00009
65 91 1.00008
65 92 1.00008
65 93 1.00006
65 94 1.00005
65 95 1.00004
65 96 1.00003
65 97 1.00001
65 98 0.999995
65 99 0.999976
65 100 0.999956
65 101 0.999935
65 102 0.999912
65 103 0.999888
65 104 0.999864
65 105 0.999838
65 106 0.999813
65 107 0.999787
65 108 0.999761
65 109 0.999736
65 110 0.999712
65 111 0.999689
65 112 0.999667
65 113 0.999646
65 114 0.999627
65 115 0.99961
65 116 0.999596
65 117 0.999583
65 118 0.999573
65 119 0.999565
65 120 0.99956
65 121 0.999557
65 122 0.999555
65 123 0.999556
65 124 0.999557
65 125 0.99956
65 126 0.999562
65 127 0.999566

66 0 0
66 1 1.00003
66 2 1.00003
66 3 1.00004
66 4 1.00004
66 5 1.00004
66 6 1.00004
66 7 1.00004
66 8 1.00004
66 9 1.00004
66 10 1.00004
66 11 1.00005
66 12 1.00005
66 13 1.00005
66 14 1.00006
66 15 1.00006
66 16 1.00007
66 17 1.00008
66 18 1.00009
66 19 1.0001
66 20 1.00011
66 21 1.00012
66 22 1.00013
66 23 1.00014
66 24 1.00016
66 25 1.00017
66 26 1.00018
66 27 1.0002
66 28 1.00021
66 29 1.00022
66 30 1.00023
66 31 1.00024
66 32 1.00025
66 33 1.00026
66 34 1.00027
66 35 1.00028
66 36 1.00028
66 37 1.00029
66 38 1.0003
66 39 1.0003
66 40 1.0003
66 41 1.00031
66 42 1.00031
66 43 1.00031
66 44 1.00032
66 45 1.00032
66 46 1.00032
66 47 1.00032
66 48 1.00032
66 49 1.00033
66 50 1.00033
66 51 1.00033
66 52 1.00034
66 53 1.00034
66 54 1.00034
66 55 1.00035
66 56 1.00035
66 57 1.00036
66 58 1.00036
66 59 1.00036
66 60 1.00037
66 61 1.00037
66 62 1.00037
66 63 1.00038
66 64 1.00038
66 65 1.00038
66 66 1.00038
66 67 1.00037
66 68 1.00037
66 69 1.00037
66 70 1.00036
66 71 1.00035
66 72 1.00035
66 73 1.00034
66 74 1.00033
66 75 1.00032
66 76 1.00031
66 77 1.0003
66 78 1.00029
66 79 1.00028
66 80 1.00028
66 81 1.00027
66 82 1.00026
66 83 1.00025
66 84 1.00025
66 85 1.00024
66 86 1.00023
66 87 1.00023
66 88 1.00022
66 89 1.00021
66 90 1.00021
66 91 1.0002
66 92 1.00019
66 93 1.00018
66 94 1.00017
66 95 1.00016
66 96 1.00014
66 97 1.00013
66 98 1.00011
66 99 1.00009
66 100 1.00007
66 101 1.00005
66 102 1.00003
66 103 1.00001
66 104 0.99998
66 105 0.999954
66 106 0.999928
66 107 0.999901
66 108 0.999874
66 109 0.999848
66 110 0.999823
66 111 0.999798
66 112 0.999775
66 113 0.999753
66 114 0.999733
66 115 0.999715
66 116 0.9997
66 117 0.999686
66 118 0.999676
66 119 0.999668
66 120 0.999662
66 121 0.999658
66 122 0.999657
66 123 0.999657
66 124 0.999658
66 125 0.999661
66 126 0.999664
66 127 0.999668

67 0 0
67 1 1.00009
67 2 1.00009
67 3 1.00009
67 4 1.00009
67 5 1.00009
67 6 1.0001
67 7 1.0001
67 8 1.0001
67 9 1.0001
67 10 1.0001
67 11 1.0001
67 12 1.00011
67 13 1.00011
67 14 1.00011
67 15 1.00012
67 16 1.00013
67 17 1.00014
67 18 1.00014
67 19 1.00015
67 20 1.00017
67 21 1.00018
67 22 1.00019
67 23 1.0002
67 24 1.00022
67 25 1.00023
67 26 1.00024
67 27 1.00026
67 28 1.00027
67 29 1.00029
67 30 1.0003
67 31 1.00031
67 32 1.00032
67 33 1.00033
67 34 1.00034
67 35 1.00035
67 36 1.00036
67 37 1.00037
67 38 1.00038
67 39 1.00038
67 40 1.00039
67 41 1.00039
67 42 1.0004
67 43 1.0004
67 44 1.00041
67 45 1.00041
67 46 1.00041
67 47 1.00042
67 48 1.00042
67 49 1.00042
67 50 1.00043
67 51 1.00043
67 52 1.00044
67 53 1.00044
67 54 1.00045
67 55 1.00045
67 56 1.00046
67 57 1.00046
67 58 1.00047
67 59 1.00047
67 60 1.00048
67 61 1.00048
67 62 1.00048
67 63 1.00049
67 64 1.00049
67 65 1.00049
67 66 1.00049
67 67 1.00048
67 68 1.00048
67 69 1.00048
67 70 1.00047
67 71 1.00046
67 72 1.00046
67 73 1.00045
67 74 1.00044
67 75 1.00043
67 76 1.00042
67 77 1.00041
67 78 1.0004
67 79 1.00039
67 80 1.00039
67 81 1.00038
67 82 1.00037
67 83 1.00036
67 84 1.00036
67 85 1.00035
67 86 1.00034
67 87 1.00034
67 88 1.00033
67 89 1.00032
67 90 1.00032
67 91 1.00031
67 92 1.0003
67 93 1.00029
67 94 1.00028
67 95 1.00027
67 96 1.00026
67 97 1.00024
67 98 1.00023
67 99 1.00021
67 100 1.00019
67 101 1.00017
67 102 1.00015
67 103 1.00012
67 104 1.0001
67 105 1.00007
67 106 1.00004
67 107 1.00001
67 108 0.999986
67 109 0.999959
67 110 0.999932
67 111 0.999906
67 112 0.999882
67 113 0.999859
67 114 0.999838
67 115 0.999819
67 116 0.999803
67 117 0.999789
67 118 0.999778
67 119 0.999769
67 120 0.999763
67 121 0.999759
67 122 0.999757
67 123 0.999757
67 124 0.999759
67 125 0.999761
67 126 0.999765
67 127 0.999769

68 0 0
68 1 1.00015
68 2 1.00015
68 3 1.00015
68 4 1.00015
68 5 1.00015
68 6 1.00015
68 7 1.00015
68 8 1.00016
68 9 1.00016
68 10 1.00016
68 11 1.00016
68 12 1.00016
68 13 1.00017
68 14 1.00017
68 15 1.00018
68 16 1.00018
68 17 1.00019
68 18 1.0002
68 19 1.00021
68 20 1.00022
68 21 1.00023
68 22 1.00025
68 23 1.00026
68 24 1.00027
68 25 1.00029
68 26 1.0003
68 27 1.00032
68 28 1.00033
68 29 1.00035
68 30 1.00036
68 31 1.00038
68 32 1.00039
68 33 1.0004
68 34 1.00041
68 35 1.00043
68 36 1.00044
68 37 1.00044
68 38 1.00045
68 39 1.00046
68 40 1.00047
68 41 1.00047
68 42 1.00048
68 43 1.00049
68 44 1.00049
68 45 1.0005
68 46 1.0005
68 47 1.00051
68 48 1.00051
68 49 1.00052
68 50 1.00052
68 51 1.00053
68 52 1.00053
68 53 1.00054
68 54 1.00055
68 55 1.00055
68 56 1.00056
68 57 1.00056
68 58 1.00057
68 59 1.00058
68 60 1.00058
68 61 1.00059
68 62 1.00059
68 63 1.00059
68 64 1.00059
68 65 1.0006
68 66 1.00059
68 67 1.00059
68 68 1.00059
68 69 1.00058
68 70 1.00058
68 71 1.00057
68 72 1.00056
68 73 1.00055
68 74 1.00055
68 75 1.00054
68 76 1.00053
68 77 1.00052
68 78 1.00051
68 79 1.0005
68 80 1.00049
68 81 1.00048
68 82 1.00048
68 83 1.00047
68 84 1.00046
68 85 1.00046
68 86 1.00045
68 87 1.00044
68 88 1.00044
68 89 1.00043
68 90 1.00043
68 91 1.00042
68 92 1.00041
68 93 1.0004
68 94 1.00039
68 95 1.00038
68 96 1.00037
68 97 1.00036
68 98 1.00034
68 99 1.00032
68 100 1.0003
68 101 1.00028
68 102 1.00026
68 103 1.00023
68 104 1.00021
68 105 1.00018
68 106 1.00015
68 107 1.00012
68 108 1.0001
68 109 1.00007
68 110 1.00004
68 111 1.00001
68 112 0.999988
68 113 0.999964
68 114 0.999942
68 115 0.999922
68 116 0.999905
68 117 0.99989
68 118 0.999878
68 119 0.999869
68 120 0.999862
68 121 0.999858
68 122 0.999856
68 123 0.999856
68 124 0.999858
68 125 0.99986
68 126 0.999864
68 127 0.999869

69 0 0
69 1 1.00021
69 2 1.00021
69 3 1.00021
69 4 1.00021
69 5 1.00021
69 6 1.00021
69 7 1.00021
69 8 1.00021
69 9 1.00021
69 10 1.00022
69 11 1.00022
69 12 1.00022
69 13 1.00022
69 14 1.00023
69 15 1.00023
69 16 1.00024
69 17 1.00025
69 18 1.00026
69 19 1.00027
69 20 1.00028
69 21 1.00029
69 22 1.0003
69 23 1.00032
69 24 1.00033
69 25 1.00035
69 26 1.00036
69 27 1.00038
69 28 1.00039
69 29 1.00041
69 30 1.00042
69 31 1.00044
69 32 1.00045
69 33 1.00047
69 34 1.00048
69 35 1.00049
69 36 1.0005
69 37 1.00052
69 38 1.00053
69 39 1.00054
69 40 1.00054
69 41 1.00055
69 42 1.00056
69 43 1.00057
69 44 1.00057
69 45 1.00058
69 46 1.00059
69 47 1.00059
69 48 1.0006
69 49 1.00061
69 50 1.00061
69 51 1.00062
69 52 1.00063
69 53 1.00063
69 54 1.00064
69 55 1.00065
69 56 1.00066
69 57 1.00066
69 58 1.00067
69 59 1.00068
69 60 1.00068
69 61 1.00069
69 62 1.00069
69 63 1.0007
69 64 1.0007
69 65 1.0007
69 66 1.0007
69 67 1.0007
69 68 1.00069
69 69 1.00069
69 70 1.00068
69 71 1.00067
69 72 1.00067
69 73 1.00066
69 74 1.00065
69 75 1.00064
69 76 1.00063
69 77 1.00062
69 78 1.00061
69 79 1.0006
69 80 1.0006
69 81 1.00059
69 82 1.00058
69 83 1.00057
69 84 1.00057
69 85 1.00056
69 86 1.00055
69 87 1.00055
69 88 1.00054
69 89 1.00054
69 90 1.00053
69 91 1.00052
69 92 1.00052
69 93 1.00051
69 94 1.0005
69 95 1.00049
69 96 1.00048
69 97 1.00046
69 98 1.00045
69 99 1.00043
69 100 1.00041
69 101 1.00039
69 102 1.00037
69 103 1.00034
69 104 1.00032
69 105 1.00029
69 106 1.00026
69 107 1.00023
69 108 1.0002
69 109 1.00017
69 110 1.00015
69 111 1.00012
69 112 1.00009
69 113 1.00007
69 114 1.00004
69 115 1.00002
69 116 1
69 117 0.999989
69 118 0.999976
69 119 0.999966
69 120 0.999959
69 121 0.999955
69 122 0.999952
69 123 0.999952
69 124 0.999954
69 125 0.999957
69 126 0.99996
69 127 0.999966

70 0 0
70 1 1.00027
70 2 1.00027
70 3 1.00027
70 4 1.00027
70 5 1.00027
70 6 1.00027
70 7 1.00027
70 8 1.00027
70 9 1.00027
70 10 1.00027
70 11 1.00028
70 12 1.00028
70 13 1.00028
70 14 1.00029
70 15 1.00029
70 16 1.0003
70 17 1.0003
70 18 1.00031
70 19 1.00032
70 20 1.00033
70 21 1.00034
70 22 1.00036
70 23 1.00037
70 24 1.00039
70 25 1.0004
70 26 1.00042
70 27 1.00043
70 28 1.00045
70 29 1.00046
70 30 1.00048
70 31 1.0005
70 32 1.00051
70 33 1.00053
70 34 1.00054
70 35 1.00056
70 36 1.00057
70 37 1.00058
70 38 1.00059
70 39 1.0006
70 40 1.00061
70 41 1.00062
70 42 1.00063
70 43 1.00064
70 44 1.00065
70 45 1.00066
70 46 1.00067
70 47 1.00068
70 48 1.00068
70 49 1.00069
70 50 1.0007
70 51 1.00071
70 52 1.00072
70 53 1.00073
70 54 1.00073
70 55 1.00074
70 56 1.00075
70 57 1.00076
70 58 1.00077
70 59 1.00077
70 60 1.00078
70 61 1.00079
70 62 1.00079
70 63 1.0008
70 64 1.0008
70 65 1.0008
70 66 1.0008
70 67 1.0008
70 68 1.00079
70 69 1.00079
70 70 1.00078
70 71 1.00077
70 72 1.00077
70 73 1.00076
70 74 1.00075
70 75 1.00074
70 76 1.00073
70 77 1.00072
70 78 1.00071
70 79 1.0007
70 80 1.0007
70 81 1.00069
70 82 1.00068
70 83 1.00067
70 84 1.00067
70 85 1.00066
70 86 1.00066
70 87 1.00065
70 88 1.00064
70 89 1.00064
70 90 1.00063
70 91 1.00063
70 92 1.00062
70 93 1.00061
70 94 1.0006
70 95 1.00059
70 96 1.00058
70 97 1.00057
70 98 1.00055
70 99 1.00054
70 100 1.00052
70 101 1.0005
70 102 1.00047
70 103 1.00045
70 104 1.00042
70 105 1.00039
70 106 1.00037
70 107 1.00034
70 108 1.00031
70 109 1.00028
70 110 1.00025
70 111 1.00022
70 112 1.00019
70 113 1.00017
70 114 1.00014
70 115 1.00012
70 116 1.0001
70 117 1.00008
70 118 1.00007
70 119 1.00006
70 120 1.00005
70 121 1.00005
70 122 1.00005
70 123 1.00005
70 124 1.00005
70 125 1.00005
70 126 1.00005
70 127 1.00006

71 0 0
71 1 1.00033
71 2 1.00033
71 3 1.00033
71 4 1.00033
71 5 1.00033
71 6 1.00033
71 7 1.00033
71 8 1.00033
71 9 1.00033
71 10 1.00033
71 11 1.00033
71 12 1.00034
71 13 1.00034
71 14 1.00034
71 15 1.00035
71 16 1.00035
71 17 1.00036
71 18 1.00037
71 19 1.00038
71 20 1.00039
71 21 1.0004
71 22 1.00041
71 23 1.00042
71 24 1.00044
71 25 1.00045
71 26 1.00047
71 27 1.00049
71 28 1.0005
71 29 1.00052
71 30 1.00053
71 31 1.00055
71 32 1.00057
71 33 1.00058
71 34 1.0006
71 35 1.00061
71 36 1.00063
71 37 1.00064
71 38 1.00066
71 39 1.00067
71 40 1.00068
71 41 1.00069
71 42 1.0007
71 43 1.00071
71 44 1.00072
71 45 1.00073
71 46 1.00074
71 47 1.00075
71 48 1.00076
71 49 1.00077
71 50 1.00078
71 51 1.00079
71 52 1.0008
71 53 1.00081
71 54 1.00082
71 55 1.00083
71 56 1.00084
71 57 1.00085
71 58 1.00086
71 59 1.00087
71 60 1.00087
71 61 1.00088
71 62 1.00089
71 63 1.00089
71 64 1.00089
71 65 1.00089
71 66 1.00089
71 67 1.00089
71 68 1.00089
71 69 1.00088
71 70 1.00088
71 71 1.00087
71 72 1.00086
71 73 1.00085
71 74 1.00084
71 75 1.00084
71 76 1.00083
71 77 1.00082
71 78 1.00081
71 79 1.0008
71 80 1.00079
71 81 1.00078
71 82 1.00078
71 83 1.00077
71 84 1.00076
71 85 1.00076
71 86 1.00075
71 87 1.00075
71 88 1.00074
71 89 1.00074
71 90 1.00073
71 91 1.00072
71 92 1.00072
71 93 1.00071
71 94 1.0007
71 95 1.00069
71 96 1.00068
71 97 1.00067
71 98 1.00065
71 99 1.00064
71 100 1.00062
71 101 1.0006
71 102 1.00057
71 103 1.00055
71 104 1.00052
71 105 1.0005
71 106 1.00047
71 107 1.00044
71 108 1.00041
71 109 1.00038
71 110 1.00035
71 111 1.00032
71 112 1.00029
71 113 1.00026
71 114 1.00024
71 115 1.00021
71 116 1.00019
71 117 1.00018
71 118 1.00016
71 119 1.00015
71 120 1.00014
71 121 1.00014
71 122 1.00013
71 123 1.00013
71 124 1.00014
71 125 1.00014
71 126 1.00014
71 127 1.00015

72 0 0
72 1 1.00039
72 2 1.00039
72 3 1.00039
72 4 1.00039
72 5 1.00039
72 6 1.00039
72 7 1.00039
72 8 1.00039
72 9 1.00039
72 10 1.00039
72 11 1.00039
72 12 1.00039
72 13 1.0004
72 14 1.0004
72 15 1.0004
72 16 1.00041
72 17 1.00042
72 18 1.00042
72 19 1.00043
72 20 1.00044
72 21 1.00045
72 22 1.00046
72 23 1.00048
72 24 1.00049
72 25 1.0005
72 26 1.00052
72 27 1.00054
72 28 1.00055
72 29 1.00057
72 30 1.00058
72 31 1.0006
72 32 1.00062
72 33 1.00063
72 34 1.00065
72 35 1.00067
72 36 1.00068
72 37 1.0007
72 38 1.00071
72 39 1.00073
72 40 1.00074
72 41 1.00075
72 42 1.00077
72 43 1.00078
72 44 1.00079
72 45 1.0008
72 46 1.00081
72 47 1.00082
72 48 1.00084
72 49 1.00085
72 50 1.00086
72 51 1.00087
72 52 1.00088
72 53 1.00089
72 54 1.0009
72 55 1.00091
72 56 1.00092
72 57 1.00094
72 58 1.00095
72 59 1.00095
72 60 1.00096
72 61 1.00097
72 62 1.00098
72 63 1.00098
72 64 1.00098
72 65 1.00098
72 66 1.00098
72 67 1.00098
72 68 1.00098
72 69 1.00097
72 70 1.00097
72 71 1.00096
72 72 1.00095
72 73 1.00094
72 74 1.00094
72 75 1.00093
72 76 1.00092
72 77 1.00091
72 78 1.0009
72 79 1.00089
72 80 1.00088
72 81 1.00088
72 82 1.00087
72 83 1.00086
72 84 1.00086
72 85 1.00085
72 86 1.00085
72 87 1.00084
72 88 1.00083
72 89 1.00083
72 90 1.00082
72 91 1.00082
72 92 1.00081
72 93 1.0008
72 94 1.00079
72 95 1.00078
72 96 1.00077
72 97 1.00076
72 98 1.00075
72 99 1.00073
72 100 1.00071
72 101 1.00069
72 102 1.00067
72 103 1.00065
72 104 1.00062
72 105 1.00059
72 106 1.00056
72 107 1.00053
72 108 1.0005
72 109 1.00047
72 110 1.00044
72 111 1.00041
72 112 1.00038
72 113 1.00035
72 114 1.00033
72 115 1.0003
72 116 1.00028
72 117 1.00026
72 118 1.00025
72 119 1.00024
72 120 1.00023
72 121 1.00022
72 122 1.00022
72 123 1.00022
72 124 1.00022
72 125 1.00022
72 126 1.00023
72 127 1.00023

73 0 0
73 1 1.00045
73 2 1.00045
73 3 1.00045
73 4 1.00045
73 5 1.00045
73 6 1.00045
73 7 1.00045
73 8 1.00045
73 9 1.00045
73 10 1.00045
73 11 1.00045
73 12 1.00045
73 13 1.00045
73 14 1.00046
73 15 1.00046
73 16 1.00046
73 17 1.00047
73 18 1.00048
73 19 1.00048
73 20 1.00049
73 21 1.0005
73 22 1.00051
73 23 1.00053
73 24 1.00054
73 25 1.00055
73 26 1.00057
73 27 1.00058
73 28 1.0006
73 29 1.00061
73 30 1.00063
73 31 1.00065
73 32 1.00066
73 33 1.00068
73 34 1.0007
73 35 1.00072
73 36 1.00073
73 37 1.00075
73 38 1.00076
73 39 1.00078
73 40 1.00079
73 41 1.00081
73 42 1.00082
73 43 1.00084
73 44 1.00085
73 45 1.00086
73 46 1.00088
73 47 1.00089
73 48 1.0009
73 49 1.00092
73 50 1.00093
73 51 1.00094
73 52 1.00095
73 53 1.00097
73 54 1.00098
73 55 1.00099
73 56 1.001
73 57 1.00101
73 58 1.00103
73 59 1.00104
73 60 1.00105
73 61 1.00105
73 62 1.00106
73 63 1.00106
73 64 1.00107
73 65 1.00107
73 66 1.00107
73 67 1.00107
73 68 1.00107
73 69 1.00106
73 70 1.00105
73 71 1.00105
73 72 1.00104
73 73 1.00103
73 74 1.00102
73 75 1.00101
73 76 1.001
73 77 1.001
73 78 1.00099
73 79 1.00098
73 80 1.00097
73 81 1.00097
73 82 1.00096
73 83 1.00095
73 84 1.00095
73 85 1.00094
73 86 1.00093
73 87 1.00093
73 88 1.00092
73 89 1.00092
73 90 1.00091
73 91 1.0009
73 92 1.0009
73 93 1.00089
73 94 1.00088
73 95 1.00087
73 96 1.00086
73 97 1.00085
73 98 1.00084
73 99 1.00082
73 100 1.0008
73 101 1.00078
73 102 1.00076
73 103 1.00074
73 104 1.00071
73 105 1.00068
73 106 1.00065
73 107 1.00062
73 108 1.00059
73 109 1.00056
73 110 1.00053
73 111 1.0005
73 112 1.00047
73 113 1.00044
73 114 1.00041
73 115 1.00039
73 116 1.00037
73 117 1.00035
73 118 1.00033
73 119 1.00032
73 120 1.00031
73 121 1.0003
73 122 1.0003
73 123 1.0003
73 124 1.0003
73 125 1.0003
73 126 1.00031
73 127 1.00031

74 0 0
74 1 1.0005
74 2 1.0005
74 3 1.0005
74 4 1.0005
74 5 1.0005
74 6 1.0005
74 7 1.0005
74 8 1.0005
74 9 1.0005
74 10 1.0005
74 11 1.0005
74 12 1.0005
74 13 1.00051
74 14 1.00051
74 15 1.00051
74 16 1.00052
74 17 1.00052
74 18 1.00053
74 19 1.00054
74 20 1.00054
74 21 1.00055
74 22 1.00056
74 23 1.00057
74 24 1.00059
74 25 1.0006
74 26 1.00061
74 27 1.00063
74 28 1.00064
74 29 1.00066
74 30 1.00067
74 31 1.00069
74 32 1.00071
74 33 1.00073
74 34 1.00074
74 35 1.00076
74 36 1.00078
74 37 1.00079
74 38 1.00081
74 39 1.00083
74 40 1.00084
74 41 1.00086
74 42 1.00088
74 43 1.00089
74 44 1.00091
74 45 1.00092
74 46 1.00094
74 47 1.00095
74 48 1.00097
74 49 1.00098
74 50 1.00099
74 51 1.00101
74 52 1.00102
74 53 1.00104
74 54 1.00105
74 55 1.00106
74 56 1.00108
74 57 1.00109
74 58 1.0011
74 59 1.00111
74 60 1.00112
74 61 1.00113
74 62 1.00114
74 63 1.00114
74 64 1.00115
74 65 1.00115
74 66 1.00115
74 67 1.00115
74 68 1.00115
74 69 1.00114
74 70 1.00114
74 71 1.00113
74 72 1.00112
74 73 1.00111
74 74 1.0011
74 75 1.0011
74 76 1.00109
74 77 1.00108
74 78 1.00107
74 79 1.00106
74 80 1.00106
74 81 1.00105
74 82 1.00104
74 83 1.00104
74 84 1.00103
74 85 1.00102
74 86 1.00102
74 87 1.00101
74 88 1.00101
74 89 1.001
74 90 1.00099
74 91 1.00099
74 92 1.00098
74 93 1.00097
74 94 1.00096
74 95 1.00095
74 96 1.00094
74 97 1.00093
74 98 1.00092
74 99 1.0009
74 100 1.00089
74 101 1.00087
74 102 1.00084
74 103 1.00082
74 104 1.0008
74 105 1.00077
74 106 1.00074
74 107 1.00071
74 108 1.00068
74 109 1.00064
74 110 1.00061
74 111 1.00058
74 112 1.00055
74 113 1.00052
74 114 1.00049
74 115 1.00047
74 116 1.00045
74 117 1.00043
74 118 1.00041
74 119 1.0004
74 120 1.00039
74 121 1.00038
74 122 1.00037
74 123 1.00037
74 124 1.00037
74 125 1.00037
74 126 1.00038
74 127 1.00039

75 0 0
75 1 1.00055
75 2 1.00055
75 3 1.00055
75 4 1.00055
75 5 1.00055
75 6 1.00055
75 7 1.00055
75 8 1.00055
75 9 1.00055
75 10 1.00055
75 11 1.00055
75 12 1.00056
75 13 1.00056
75 14 1.00056
75 15 1.00056
75 16 1.00057
75 17 1.00057
75 18 1.00058
75 19 1.00059
75 20 1.00059
75 21 1.0006
75 22 1.00061
75 23 1.00062
75 24 1.00063
75 25 1.00064
75 26 1.00066
75 27 1.00067
75 28 1.00069
75 29 1.0007
75 30 1.00072
75 31 1.00073
75 32 1.00075
75 33 1.00077
75 34 1.00078
75 35 1.0008
75 36 1.00082
75 37 1.00084
75 38 1.00085
75 39 1.00087
75 40 1.00089
75 41 1.00091
75 42 1.00092
75 43 1.00094
75 44 1.00096
75 45 1.00097
75 46 1.00099
75 47 1.00101
75 48 1.00102
75 49 1.00104
75 50 1.00105
75 51 1.00107
75 52 1.00108
75 53 1.0011
75 54 1.00111
75 55 1.00113
75 56 1.00114
75 57 1.00116
75 58 1.00117
75 59 1.00118
75 60 1.00119
75 61 1.0012
75 62 1.00121
75 63 1.00122
75 64 1.00122
75 65 1.00122
75 66 1.00122
75 67 1.00122
75 68 1.00122
75 69 1.00122
75 70 1.00121
75 71 1.0012
75 72 1.0012
75 73 1.00119
75 74 1.00118
75 75 1.00117
75 76 1.00116
75 77 1.00116
75 78 1.00115
75 79 1.00114
75 80 1.00113
75 81 1.00113
75 82 1.00112
75 83 1.00111
75 84 1.00111
75 85 1.0011
75 86 1.0011
75 87 1.00109
75 88 1.00108
75 89 1.00108
75 90 1.00107
75 91 1.00106
75 92 1.00106
75 93 1.00105
75 94 1.00104
75 95 1.00103
75 96 1.00102
75 97 1.00101
75 98 1.00099
75 99 1.00098
75 100 1.00096
75 101 1.00094
75 102 1.00092
75 103 1.0009
75 104 1.00087
75 105 1.00085
75 106 1.00082
75 107 1.00079
75 108 1.00076
75 109 1.00072
75 110 1.00069
75 111 1.00066
75 112 1.00063
75 113 1.0006
75 114 1.00057
75 115 1.00054
75 116 1.00052
75 117 1.0005
75 118 1.00048
75 119 1.00047
75 120 1.00046
75 121 1.00045
75 122 1.00044
75 123 1.00044
75 124 1.00044
75 125 1.00044
75 126 1.00045
75 127 1.00045

76 0 0
76 1 1.0006
76 2 1.0006
76 3 1.0006
76 4 1.0006
76 5 1.0006
76 6 1.0006
76 7 1.0006
76 8 1.0006
76 9 1.0006
76 10 1.0006
76 11 1.0006
76 12 1.0006
76 13 1.00061
76 14 1.00061
76 15 1.00061
76 16 1.00062
76 17 1.00062
76 18 1.00063
76 19 1.00063
76 20 1.00064
76 21 1.00065
76 22 1.00066
76 23 1.00067
76 24 1.00068
76 25 1.00069
76 26 1.0007
76 27 1.00071
76 28 1.00073
76 29 1.00074
76 30 1.00076
76 31 1.00077
76 32 1.00079
76 33 1.0008
76 34 1.00082
76 35 1.00084
76 36 1.00086
76 37 1.00087
76 38 1.00089
76 39 1.00091
76 40 1.00093
76 41 1.00095
76 42 1.00097
76 43 1.00098
76 44 1.001
76 45 1.00102
76 46 1.00104
76 47 1.00106
76 48 1.00107
76 49 1.00109
76 50 1.00111
76 51 1.00112
76 52 1.00114
76 53 1.00116
76 54 1.00117
76 55 1.00119
76 56 1.00121
76 57 1.00122
76 58 1.00123
76 59 1.00125
76 60 1.00126
76 61 1.00127
76 62 1.00128
76 63 1.00128
76 64 1.00129
76 65 1.00129
76 66 1.00129
76 67 1.00129
76 68 1.00129
76 69 1.00129
76 70 1.00128
76 71 1.00128
76 72 1.00127
76 73 1.00126
76 74 1.00125
76 75 1.00125
76 76 1.00124
76 77 1.00123
76 78 1.00122
76 79 1.00122
76 80 1.00121
76 81 1.0012
76 82 1.0012
76 83 1.00119
76 84 1.00118
76 85 1.00118
76 86 1.00117
76 87 1.00116
76 88 1.00116
76 89 1.00115
76 90 1.00114
76 91 1.00113
76 92 1.00113
76 93 1.00112
76 94 1.00111
76 95 1.0011
76 96 1.00109
76 97 1.00108
76 98 1.00106
76 99 1.00105
76 100 1.00103
76 101 1.00101
76 102 1.00099
76 103 1.00097
76 104 1.00095
76 105 1.00092
76 106 1.00089
76 107 1.00086
76 108 1.00083
76 109 1.0008
76 110 1.00076
76 111 1.00073
76 112 1.0007
76 113 1.00067
76 114 1.00064
76 115 1.00061
76 116 1.00059
76 117 1.00057
76 118 1.00055
76 119 1.00053
76 120 1.00052
76 121 1.00051
76 122 1.0005
76 123 1.0005
76 124 1.0005
76 125 1.0005
76 126 1.00051
76 127 1.00051

77 0 0
77 1 1.00064
77 2 1.00064
77 3 1.00064
77 4 1.00064
77 5 1.00064
77 6 1.00064
77 7 1.00064
77 8 1.00064
77 9 1.00064
77 10 1.00065
77 11 1.00065
77 12 1.00065
77 13 1.00065
77 14 1.00066
77 15 1.00066
77 16 1.00066
77 17 1.00067
77 18 1.00067
77 19 1.00068
77 20 1.00069
77 21 1.00069
77 22 1.0007
77 23 1.00071
77 24 1.00072
77 25 1.00073
77 26 1.00074
77 27 1.00075
77 28 1.00077
77 29 1.00078
77 30 1.00079
77 31 1.00081
77 32 1.00082
77 33 1.00084
77 34 1.00086
77 35 1.00087
77 36 1.00089
77 37 1.00091
77 38 1.00093
77 39 1.00095
77 40 1.00097
77 41 1.00099
77 42 1.00101
77 43 1.00102
77 44 1.00104
77 45 1.00106
77 46 1.00108
77 47 1.0011
77 48 1.00112
77 49 1.00114
77 50 1.00116
77 51 1.00117
77 52 1.00119
77 53 1.00121
77 54 1.00123
77 55 1.00124
77 56 1.00126
77 57 1.00128
77 58 1.00129
77 59 1.00131
77 60 1.00132
77 61 1.00133
77 62 1.00134
77 63 1.00135
77 64 1.00135
77 65 1.00136
77 66 1.00136
77 67 1.00136
77 68 1.00136
77 69 1.00135
77 70 1.00135
77 71 1.00134
77 72 1.00134
77 73 1.00133
77 74 1.00132
77 75 1.00131
77 76 1.00131
77 77 1.0013
77 78 1.00129
77 79 1.00129
77 80 1.00128
77 81 1.00127
77 82 1.00127
77 83 1.00126
77 84 1.00125
77 85 1.00125
77 86 1.00124
77 87 1.00123
77 88 1.00122
77 89 1.00122
77 90 1.00121
77 91 1.0012
77 92 1.00119
77 93 1.00118
77 94 1.00117
77 95 1.00116
77 96 1.00115
77 97 1.00114
77 98 1.00113
77 99 1.00111
77 100 1.0011
77 101 1.00108
77 102 1.00106
77 103 1.00104
77 104 1.00101
77 105 1.00098
77 106 1.00096
77 107 1.00093
77 108 1.00089
77 109 1.00086
77 110 1.00083
77 111 1.0008
77 112 1.00076
77 113 1.00073
77 114 1.0007
77 115 1.00068
77 116 1.00065
77 117 1.00063
77 118 1.00061
77 119 1.00059
77 120 1.00058
77 121 1.00057
77 122 1.00056
77 123 1.00056
77 124 1.00055
77 125 1.00056
77 126 1.00056
77 127 1.00057

78 0 0
78 1 1.00068
78 2 1.00068
78 3 1.00068
78 4 1.00068
78 5 1.00068
78 6 1.00068
78 7 1.00068
78 8 1.00068
78 9 1.00068
78 10 1.00069
78 11 1.00069
78 12 1.00069
78 13 1.0007
78 14 1.0007
78 15 1.0007
78 16 1.00071
78 17 1.00071
78 18 1.00072
78 19 1.00072
78 20 1.00073
78 21 1.00074
78 22 1.00074
78 23 1.00075
78 24 1.00076
78 25 1.00077
78 26 1.00078
78 27 1.00079
78 28 1.0008
78 29 1.00082
78 30 1.00083
78 31 1.00084
78 32 1.00086
78 33 1.00087
78 34 1.00089
78 35 1.00091
78 36 1.00093
78 37 1.00094
78 38 1.00096
78 39 1.00098
78 40 1.001
78 41 1.00102
78 42 1.00104
78 43 1.00106
78 44 1.00108
78 45 1.0011
78 46 1.00112
78 47 1.00114
78 48 1.00116
78 49 1.00118
78 50 1.0012
78 51 1.00122
78 52 1.00124
78 53 1.00126
78 54 1.00128
78 55 1.0013
78 56 1.00131
78 57 1.00133
78 58 1.00135
78 59 1.00136
78 60 1.00137
78 61 1.00139
78 62 1.0014
78 63 1.0014
78 64 1.00141
78 65 1.00142
78 66 1.00142
78 67 1.00142
78 68 1.00142
78 69 1.00141
78 70 1.00141
78 71 1.00141
78 72 1.0014
78 73 1.00139
78 74 1.00139
78 75 1.00138
78 76 1.00137
78 77 1.00137
78 78 1.00136
78 79 1.00135
78 80 1.00134
78 81 1.00134
78 82 1.00133
78 83 1.00132
78 84 1.00132
78 85 1.00131
78 86 1.0013
78 87 1.00129
78 88 1.00129
78 89 1.00128
78 90 1.00127
78 91 1.00126
78 92 1.00125
78 93 1.00124
78 94 1.00123
78 95 1.00122
78 96 1.00121
78 97 1.0012
78 98 1.00118
78 99 1.00117
78 100 1.00115
78 101 1.00113
78 102 1.00112
78 103 1.00109
78 104 1.00107
78 105 1.00104
78 106 1.00102
78 107 1.00099
78 108 1.00095
78 109 1.00092
78 110 1.00089
78 111 1.00086
78 112 1.00082
78 113 1.00079
78 114 1.00076
78 115 1.00073
78 116 1.00071
78 117 1.00068
78 118 1.00066
78 119 1.00065
78 120 1.00063
78 121 1.00062
78 122 1.00061
78 123 1.00061
78 124 1.0006
78 125 1.0006
78 126 1.00061
78 127 1.00062

79 0 0
79 1 1.00071
79 2 1.00071
79 3 1.00071
79 4 1.00071
79 5 1.00071
79 6 1.00071
79 7 1.00072
79 8 1.00072
79 9 1.00072
79 10 1.00072
79 11 1.00073
79 12 1.00073
79 13 1.00073
79 14 1.00074
79 15 1.00074
79 16 1.00075
79 17 1.00075
79 18 1.00076
79 19 1.00077
79 20 1.00077
79 21 1.00078
79 22 1.00079
79 23 1.00079
79 24 1.0008
79 25 1.00081
79 26 1.00082
79 27 1.00083
79 28 1.00084
79 29 1.00085
79 30 1.00087
79 31 1.00088
79 32 1.00089
79 33 1.00091
79 34 1.00092
79 35 1.00094
79 36 1.00096
79 37 1.00098
79 38 1.001
79 39 1.00101
79 40 1.00103
79 41 1.00105
79 42 1.00107
79 43 1.00109
79 44 1.00112
79 45 1.00114
79 46 1.00116
79 47 1.00118
79 48 1.0012
79 49 1.00122
79 50 1.00124
79 51 1.00126
79 52 1.00128
79 53 1.0013
79 54 1.00132
79 55 1.00134
79 56 1.00136
79 57 1.00138
79 58 1.00139
79 59 1.00141
79 60 1.00143
79 61 1.00144
79 62 1.00145
79 63 1.00146
79 64 1.00147
79 65 1.00147
79 66 1.00147
79 67 1.00147
79 68 1.00147
79 69 1.00147
79 70 1.00147
79 71 1.00146
79 72 1.00146
79 73 1.00145
79 74 1.00145
79 75 1.00144
79 76 1.00143
79 77 1.00143
79 78 1.00142
79 79 1.00141
79 80 1.00141
79 81 1.0014
79 82 1.00139
79 83 1.00139
79 84 1.00138
79 85 1.00137
79 86 1.00136
79 87 1.00135
79 88 1.00134
79 89 1.00133
79 90 1.00132
79 91 1.00131
79 92 1.0013
79 93 1.00129
79 94 1.00128
79 95 1.00127
79 96 1.00126
79 97 1.00125
79 98 1.00123
79 99 1.00122
79 100 1.0012
79 101 1.00118
79 102 1.00117
79 103 1.00114
79 104 1.00112
79 105 1.0011
79 106 1.00107
79 107 1.00104
79 108 1.00101
79 109 1.00098
79 110 1.00094
79 111 1.00091
79 112 1.00088
79 113 1.00085
79 114 1.00082
79 115 1.00079
79 116 1.00076
79 117 1.00073
79 118 1.00071
79 119 1.00069
79 120 1.00068
79 121 1.00066
79 122 1.00066
79 123 1.00065
79 124 1.00065
79 125 1.00065
79 126 1.00065
79 127 1.00066

80 0 0
80 1 1.00074
80 2 1.00074
80 3 1.00074
80 4 1.00074
80 5 1.00074
80 6 1.00074
80 7 1.00074
80 8 1.00075
80 9 1.00075
80 10 1.00075
80 11 1.00076
80 12 1.00076
80 13 1.00077
80 14 1.00077
80 15 1.00078
80 16 1.00079
80 17 1.00079
80 18 1.0008
80 19 1.0008
80 20 1.00081
80 21 1.00082
80 22 1.00083
80 23 1.00083
80 24 1.00084
80 25 1.00085
80 26 1.00086
80 27 1.00087
80 28 1.00088
80 29 1.00089
80 30 1.0009
80 31 1.00091
80 32 1.00093
80 33 1.00094
80 34 1.00096
80 35 1.00097
80 36 1.00099
80 37 1.00101
80 38 1.00103
80 39 1.00105
80 40 1.00107
80 41 1.00109
80 42 1.00111
80 43 1.00113
80 44 1.00115
80 45 1.00117
80 46 1.00119
80 47 1.00121
80 48 1.00123
80 49 1.00125
80 50 1.00128
80 51 1.0013
80 52 1.00132
80 53 1.00134
80 54 1.00136
80 55 1.00138
80 56 1.0014
80 57 1.00142
80 58 1.00144
80 59 1.00146
80 60 1.00147
80 61 1.00149
80 62 1.0015
80 63 1.00151
80 64 1.00152
80 65 1.00152
80 66 1.00153
80 67 1.00153
80 68 1.00153
80 69 1.00153
80 70 1.00152
80 71 1.00152
80 72 1.00152
80 73 1.00151
80 74 1.0015
80 75 1.0015
80 76 1.00149
80 77 1.00149
80 78 1.00148
80 79 1.00147
80 80 1.00147
80 81 1.00146
80 82 1.00145
80 83 1.00144
80 84 1.00144
80 85 1.00143
80 86 1.00142
80 87 1.00141
80 88 1.0014
80 89 1.00138
80 90 1.00137
80 91 1.00136
80 92 1.00135
80 93 1.00134
80 94 1.00133
80 95 1.00131
80 96 1.0013
80 97 1.00129
80 98 1.00128
80 99 1.00126
80 100 1.00125
80 101 1.00123
80 102 1.00121
80 103 1.00119
80 104 1.00117
80 105 1.00114
80 106 1.00111
80 107 1.00109
80 108 1.00106
80 109 1.00102
80 110 1.00099
80 111 1.00096
80 112 1.00093
80 113 1.00089
80 114 1.00086
80 115 1.00083
80 116 1.0008
80 117 1.00078
80 118 1.00076
80 119 1.00074
80 120 1.00072
80 121 1.0007
80 122 1.00069
80 123 1.00069
80 124 1.00068
80 125 1.00068
80 126 1.00069
80 127 1.00069

81 0 0
81 1 1.00076
81 2 1.00076
81 3 1.00076
81 4 1.00076
81 5 1.00076
81 6 1.00076
81 7 1.00077
81 8 1.00077
81 9 1.00078
81 10 1.00078
81 11 1.00079
81 12 1.00079
81 13 1.0008
81 14 1.00081
81 15 1.00081
81 16 1.00082
81 17 1.00083
81 18 1.00083
81 19 1.00084
81 20 1.00085
81 21 1.00086
81 22 1.00086
81 23 1.00087
81 24 1.00088
81 25 1.00089
81 26 1.0009
81 27 1.00091
81 28 1.00091
81 29 1.00093
81 30 1.00094
81 31 1.00095
81 32 1.00096
81 33 1.00098
81 34 1.00099
81 35 1.00101
81 36 1.00102
81 37 1.00104
81 38 1.00106
81 39 1.00108
81 40 1.0011
81 41 1.00112
81 42 1.00114
81 43 1.00116
81 44 1.00118
81 45 1.0012
81 46 1.00122
81 47 1.00124
81 48 1.00127
81 49 1.00129
81 50 1.00131
81 51 1.00133
81 52 1.00135
81 53 1.00138
81 54 1.0014
81 55 1.00142
81 56 1.00144
81 57 1.00146
81 58 1.00148
81 59 1.0015
81 60 1.00152
81 61 1.00153
81 62 1.00154
81 63 1.00155
81 64 1.00156
81 65 1.00157
81 66 1.00157
81 67 1.00158
81 68 1.00158
81 69 1.00158
81 70 1.00158
81 71 1.00157
81 72 1.00157
81 73 1.00156
81 74 1.00156
81 75 1.00155
81 76 1.00155
81 77 1.00154
81 78 1.00154
81 79 1.00153
81 80 1.00152
81 81 1.00151
81 82 1.00151
81 83 1.0015
81 84 1.00149
81 85 1.00148
81 86 1.00147
81 87 1.00146
81 88 1.00144
81 89 1.00143
81 90 1.00142
81 91 1.00141
81 92 1.00139
81 93 1.00138
81 94 1.00137
81 95 1.00135
81 96 1.00134
81 97 1.00133
81 98 1.00131
81 99 1.0013
81 100 1.00128
81 101 1.00127
81 102 1.00125
81 103 1.00123
81 104 1.0012
81 105 1.00118
81 106 1.00115
81 107 1.00113
81 108 1.0011
81 109 1.00107
81 110 1.00103
81 111 1.001
81 112 1.00097
81 113 1.00093
81 114 1.0009
81 115 1.00087
81 116 1.00084
81 117 1.00082
81 118 1.00079
81 119 1.00077
81 120 1.00075
81 121 1.00074
81 122 1.00073
81 123 1.00072
81 124 1.00071
81 125 1.00071
81 126 1.00072
81 127 1.00072

82 0 0
82 1 1.00078
82 2 1.00078
82 3 1.00077
82 4 1.00078
82 5 1.00078
82 6 1.00078
82 7 1.00079
82 8 1.00079
82 9 1.0008
82 10 1.0008
82 11 1.00081
82 12 1.00082
82 13 1.00083
82 14 1.00083
82 15 1.00084
82 16 1.00085
82 17 1.00086
82 18 1.00087
82 19 1.00087
82 20 1.00088
82 21 1.00089
82 22 1.0009
82 23 1.00091
82 24 1.00092
82 25 1.00092
82 26 1.00093
82 27 1.00094
82 28 1.00095
82 29 1.00096
82 30 1.00097
82 31 1.00098
82 32 1.001
82 33 1.00101
82 34 1.00102
82 35 1.00104
82 36 1.00105
82 37 1.00107
82 38 1.00109
82 39 1.00111
82 40 1.00112
82 41 1.00114
82 42 1.00116
82 43 1.00119
82 44 1.00121
82 45 1.00123
82 46 1.00125
82 47 1.00127
82 48 1.00129
82 49 1.00132
82 50 1.00134
82 51 1.00136
82 52 1.00139
82 53 1.00141
82 54 1.00143
82 55 1.00146
82 56 1.00148
82 57 1.0015
82 58 1.00152
82 59 1.00154
82 60 1.00156
82 61 1.00157
82 62 1.00159
82 63 1.0016
82 64 1.00161
82 65 1.00162
82 66 1.00162
82 67 1.00163
82 68 1.00163
82 69 1.00163
82 70 1.00163
82 71 1.00162
82 72 1.00162
82 73 1.00162
82 74 1.00161
82 75 1.00161
82 76 1.0016
82 77 1.0016
82 78 1.00159
82 79 1.00158
82 80 1.00158
82 81 1.00157
82 82 1.00156
82 83 1.00155
82 84 1.00154
82 85 1.00153
82 86 1.00151
82 87 1.0015
82 88 1.00149
82 89 1.00147
82 90 1.00146
82 91 1.00145
82 92 1.00143
82 93 1.00142
82 94 1.0014
82 95 1.00139
82 96 1.00137
82 97 1.00136
82 98 1.00134
82 99 1.00133
82 100 1.00131
82 101 1.0013
82 102 1.00128
82 103 1.00126
82 104 1.00124
82 105 1.00121
82 106 1.00119
82 107 1.00116
82 108 1.00113
82 109 1.0011
82 110 1.00107
82 111 1.00104
82 112 1.001
82 113 1.00097
82 114 1.00094
82 115 1.00091
82 116 1.00088
82 117 1.00085
82 118 1.00083
82 119 1.0008
82 120 1.00078
82 121 1.00077
82 122 1.00075
82 123 1.00075
82 124 1.00074
82 125 1.00074
82 126 1.00074
82 127 1.00075

83 0 0
83 1 1.00079
83 2 1.00079
83 3 1.00078
83 4 1.00079
83 5 1.00079
83 6 1.00079
83 7 1.0008
83 8 1.0008
83 9 1.00081
83 10 1.00082
83 11 1.00083
83 12 1.00084
83 13 1.00085
83 14 1.00086
83 15 1.00087
83 16 1.00088
83 17 1.00089
83 18 1.0009
83 19 1.00091
83 20 1.00092
83 21 1.00092
83 22 1.00093
83 23 1.00094
83 24 1.00095
83 25 1.00096
83 26 1.00097
83 27 1.00098
83 28 1.00099
83 29 1.001
83 30 1.00101
83 31 1.00102
83 32 1.00103
83 33 1.00104
83 34 1.00106
83 35 1.00107
83 36 1.00109
83 37 1.0011
83 38 1.00112
83 39 1.00114
83 40 1.00115
83 41 1.00117
83 42 1.00119
83 43 1.00121
83 44 1.00123
83 45 1.00126
83 46 1.00128
83 47 1.0013
83 48 1.00132
83 49 1.00135
83 50 1.00137
83 51 1.00139
83 52 1.00142
83 53 1.00144
83 54 1.00146
83 55 1.00149
83 56 1.00151
83 57 1.00153
83 58 1.00156
83 59 1.00158
83 60 1.00159
83 61 1.00161
83 62 1.00163
83 63 1.00164
83 64 1.00165
83 65 1.00166
83 66 1.00167
83 67 1.00167
83 68 1.00168
83 69 1.00168
83 70 1.00168
83 71 1.00167
83 72 1.00167
83 73 1.00167
83 74 1.00166
83 75 1.00166
83 76 1.00165
83 77 1.00165
83 78 1.00164
83 79 1.00163
83 80 1.00163
83 81 1.00162
83 82 1.00161
83 83 1.0016
83 84 1.00159
83 85 1.00157
83 86 1.00156
83 87 1.00154
83 88 1.00153
83 89 1.00151
83 90 1.0015
83 91 1.00148
83 92 1.00146
83 93 1.00145
83 94 1.00143
83 95 1.00142
83 96 1.0014
83 97 1.00139
83 98 1.00137
83 99 1.00136
83 100 1.00134
83 101 1.00132
83 102 1.0013
83 103 1.00128
83 104 1.00126
83 105 1.00124
83 106 1.00122
83 107 1.00119
83 108 1.00116
83 109 1.00113
83 110 1.0011
83 111 1.00107
83 112 1.00103
83 113 1.001
83 114 1.00097
83 115 1.00094
83 116 1.00091
83 117 1.00088
83 118 1.00085
83 119 1.00083
83 120 1.00081
83 121 1.00079
83 122 1.00078
83 123 1.00077
83 124 1.00076
83 125 1.00076
83 126 1.00076
83 127 1.00076

84 0 0
84 1 1.00079
84 2 1.00079
84 3 1.00079
84 4 1.00079
84 5 1.0008
84 6 1.0008
84 7 1.00081
84 8 1.00082
84 9 1.00082
84 10 1.00083
84 11 1.00084
84 12 1.00085
84 13 1.00087
84 14 1.00088
84 15 1.00089
84 16 1.0009
84 17 1.00091
84 18 1.00092
84 19 1.00093
84 20 1.00094
84 21 1.00095
84 22 1.00096
84 23 1.00097
84 24 1.00098
84 25 1.00099
84 26 1.001
84 27 1.00101
84 28 1.00102
84 29 1.00103
84 30 1.00104
84 31 1.00105
84 32 1.00106
84 33 1.00108
84 34 1.00109
84 35 1.0011
84 36 1.00112
84 37 1.00113
84 38 1.00115
84 39 1.00117
84 40 1.00118
84 41 1.0012
84 42 1.00122
84 43 1.00124
84 44 1.00126
84 45 1.00128
84 46 1.0013
84 47 1.00133
84 48 1.00135
84 49 1.00137
84 50 1.0014
84 51 1.00142
84 52 1.00145
84 53 1.00147
84 54 1.00149
84 55 1.00152
84 56 1.00154
84 57 1.00157
84 58 1.00159
84 59 1.00161
84 60 1.00163
84 61 1.00165
84 62 1.00167
84 63 1.00168
84 64 1.00169
84 65 1.0017
84 66 1.00171
84 67 1.00172
84 68 1.00172
84 69 1.00172
84 70 1.00172
84 71 1.00172
84 72 1.00172
84 73 1.00172
84 74 1.00172
84 75 1.00171
84 76 1.00171
84 77 1.0017
84 78 1.00169
84 79 1.00168
84 80 1.00168
84 81 1.00167
84 82 1.00166
84 83 1.00164
84 84 1.00163
84 85 1.00162
84 86 1.0016
84 87 1.00158
84 88 1.00157
84 89 1.00155
84 90 1.00153
84 91 1.00151
84 92 1.00149
84 93 1.00148
84 94 1.00146
84 95 1.00144
84 96 1.00142
84 97 1.00141
84 98 1.00139
84 99 1.00138
84 100 1.00136
84 101 1.00134
84 102 1.00133
84 103 1.00131
84 104 1.00129
84 105 1.00126
84 106 1.00124
84 107 1.00121
84 108 1.00118
84 109 1.00115
84 110 1.00112
84 111 1.00109
84 112 1.00106
84 113 1.00103
84 114 1.00099
84 115 1.00096
84 116 1.00093
84 117 1.0009
84 118 1.00088
84 119 1.00085
84 120 1.00083
84 121 1.00081
84 122 1.0008
84 123 1.00078
84 124 1.00078
84 125 1.00077
84 126 1.00077
84 127 1.00078

85 0 0
85 1 1.00079
85 2 1.00079
85 3 1.00079
85 4 1.00079
85 5 1.0008
85 6 1.0008
85 7 1.00081
85 8 1.00082
85 9 1.00083
85 10 1.00084
85 11 1.00085
85 12 1.00087
85 13 1.00088
85 14 1.00089
85 15 1.00091
85 16 1.00092
85 17 1.00093
85 18 1.00095
85 19 1.00096
85 20 1.00097
85 21 1.00098
85 22 1.00099
85 23 1.001
85 24 1.00102
85 25 1.00103
85 26 1.00104
85 27 1.00105
85 28 1.00106
85 29 1.00107
85 30 1.00108
85 31 1.00109
85 32 1.0011
85 33 1.00111
85 34 1.00112
85 35 1.00114
85 36 1.00115
85 37 1.00116
85 38 1.00118
85 39 1.0012
85 40 1.00121
85 41 1.00123
85 42 1.00125
85 43 1.00127
85 44 1.00129
85 45 1.00131
85 46 1.00133
85 47 1.00135
85 48 1.00137
85 49 1.0014
85 50 1.00142
85 51 1.00145
85 52 1.00147
85 53 1.0015
85 54 1.00152
85 55 1.00155
85 56 1.00157
85 57 1.0016
85 58 1.00162
85 59 1.00164
85 60 1.00167
85 61 1.00169
85 62 1.0017
85 63 1.00172
85 64 1.00173
85 65 1.00175
85 66 1.00176
85 67 1.00176
85 68 1.00177
85 69 1.00177
85 70 1.00177
85 71 1.00177
85 72 1.00177
85 73 1.00177
85 74 1.00177
85 75 1.00176
85 76 1.00176
85 77 1.00175
85 78 1.00174
85 79 1.00173
85 80 1.00172
85 81 1.00171
85 82 1.0017
85 83 1.00169
85 84 1.00167
85 85 1.00166
85 86 1.00164
85 87 1.00162
85 88 1.0016
85 89 1.00158
85 90 1.00156
85 91 1.00154
85 92 1.00152
85 93 1.0015
85 94 1.00148
85 95 1.00146
85 96 1.00144
85 97 1.00143
85 98 1.00141
85 99 1.00139
85 100 1.00138
85 101 1.00136
85 102 1.00134
85 103 1.00132
85 104 1.0013
85 105 1.00128
85 106 1.00126
85 107 1.00123
85 108 1.0012
85 109 1.00117
85 110 1.00114
85 111 1.00111
85 112 1.00108
85 113 1.00105
85 114 1.00101
85 115 1.00098
85 116 1.00095
85 117 1.00092
85 118 1.00089
85 119 1.00087
85 120 1.00084
85 121 1.00083
85 122 1.00081
85 123 1.0008
85 124 1.00079
85 125 1.00078
85 126 1.00078
85 127 1.00079

86 0 0
86 1 1.00079
86 2 1.00079
86 3 1.00079
86 4 1.00079
86 5 1.0008
86 6 1.00081
86 7 1.00081
86 8 1.00082
86 9 1.00084
86 10 1.00085
86 11 1.00086
86 12 1.00088
86 13 1.00089
86 14 1.00091
86 15 1.00092
86 16 1.00094
86 17 1.00095
86 18 1.00097
86 19 1.00098
86 20 1.00099
86 21 1.00101
86 22 1.00102
86 23 1.00103
86 24 1.00104
86 25 1.00106
86 26 1.00107
86 27 1.00108
86 28 1.00109
86 29 1.0011
86 30 1.00111
86 31 1.00112
86 32 1.00113
86 33 1.00114
86 34 1.00116
86 35 1.00117
86 36 1.00118
86 37 1.0012
86 38 1.00121
86 39 1.00123
86 40 1.00124
86 41 1.00126
86 42 1.00128
86 43 1.00129
86 44 1.00131
86 45 1.00133
86 46 1.00135
86 47 1.00138
86 48 1.0014
86 49 1.00142
86 50 1.00145
86 51 1.00147
86 52 1.0015
86 53 1.00152
86 54 1.00155
86 55 1.00158
86 56 1.0016
86 57 1.00163
86 58 1.00165
86 59 1.00168
86 60 1.0017
86 61 1.00172
86 62 1.00174
86 63 1.00176
86 64 1.00177
86 65 1.00179
86 66 1.0018
86 67 1.00181
86 68 1.00181
86 69 1.00182
86 70 1.00182
86 71 1.00182
86 72 1.00182
86 73 1.00182
86 74 1.00182
86 75 1.00181
86 76 1.00181
86 77 1.0018
86 78 1.00179
86 79 1.00178
86 80 1.00177
86 81 1.00176
86 82 1.00175
86 83 1.00173
86 84 1.00171
86 85 1.0017
86 86 1.00168
86 87 1.00166
86 88 1.00163
86 89 1.00161
86 90 1.00159
86 91 1.00157
86 92 1.00154
86 93 1.00152
86 94 1.0015
86 95 1.00148
86 96 1.00146
86 97 1.00144
86 98 1.00142
86 99 1.00141
86 100 1.00139
86 101 1.00137
86 102 1.00135
86 103 1.00133
86 104 1.00131
86 105 1.00129
86 106 1.00127
86 107 1.00124
86 108 1.00122
86 109 1.00119
86 110 1.00116
86 111 1.00113
86 112 1.0011
86 113 1.00106
86 114 1.00103
86 115 1.001
86 116 1.00097
86 117 1.00094
86 118 1.00091
86 119 1.00088
86 120 1.00086
86 121 1.00084
86 122 1.00082
86 123 1.0008
86 124 1.0008
86 125 1.00079
86 126 1.00079
86 127 1.00079

87 0 0
87 1 1.00078
87 2 1.00078
87 3 1.00078
87 4 1.00079
87 5 1.00079
87 6 1.0008
87 7 1.00081
87 8 1.00082
87 9 1.00084
87 10 1.00085
87 11 1.00087
87 12 1.00088
87 13 1.0009
87 14 1.00091
87 15 1.00093
87 16 1.00095
87 17 1.00097
87 18 1.00098
87 19 1.001
87 20 1.00101
87 21 1.00103
87 22 1.00104
87 23 1.00106
87 24 1.00107
87 25 1.00108
87 26 1.0011
87 27 1.00111
87 28 1.00112
87 29 1.00113
87 30 1.00114
87 31 1.00115
87 32 1.00116
87 33 1.00118
87 34 1.00119
87 35 1.0012
87 36 1.00121
87 37 1.00123
87 38 1.00124
87 39 1.00125
87 40 1.00127
87 41 1.00129
87 42 1.0013
87 43 1.00132
87 44 1.00134
87 45 1.00136
87 46 1.00138
87 47 1.0014
87 48 1.00142
87 49 1.00145
87 50 1.00147
87 51 1.0015
87 52 1.00152
87 53 1.00155
87 54 1.00157
87 55 1.0016
87 56 1.00163
87 57 1.00166
87 58 1.00168
87 59 1.00171
87 60 1.00173
87 61 1.00176
87 62 1.00178
87 63 1.0018
87 64 1.00181
87 65 1.00183
87 66 1.00184
87 67 1.00185
87 68 1.00186
87 69 1.00187
87 70 1.00187
87 71 1.00187
87 72 1.00187
87 73 1.00187
87 74 1.00187
87 75 1.00187
87 76 1.00186
87 77 1.00185
87 78 1.00184
87 79 1.00183
87 80 1.00182
87 81 1.00181
87 82 1.00179
87 83 1.00177
87 84 1.00176
87 85 1.00173
87 86 1.00171
87 87 1.00169
87 88 1.00167
87 89 1.00164
87 90 1.00162
87 91 1.00159
87 92 1.00157
87 93 1.00154
87 94 1.00152
87 95 1.0015
87 96 1.00148
87 97 1.00145
87 98 1.00144
87 99 1.00142
87 100 1.0014
87 101 1.00138
87 102 1.00136
87 103 1.00134
87 104 1.00132
87 105 1.0013
87 106 1.00128
87 107 1.00125
87 108 1.00123
87 109 1.0012
87 110 1.00117
87 111 1.00114
87 112 1.00111
87 113 1.00107
87 114 1.00104
87 115 1.00101
87 116 1.00098
87 117 1.00095
87 118 1.00092
87 119 1.00089
87 120 1.00086
87 121 1.00084
87 122 1.00082
87 123 1.00081
87 124 1.0008
87 125 1.00079
87 126 1.00079
87 127 1.0008

88 0 0
88 1 1.00078
88 2 1.00078
88 3 1.00078
88 4 1.00078
88 5 1.00079
88 6 1.0008
88 7 1.00081
88 8 1.00082
88 9 1.00083
88 10 1.00085
88 11 1.00087
88 12 1.00088
88 13 1.0009
88 14 1.00092
88 15 1.00094
88 16 1.00096
88 17 1.00098
88 18 1.00099
88 19 1.00101
88 20 1.00103
88 21 1.00105
88 22 1.00106
88 23 1.00108
88 24 1.00109
88 25 1.00111
88 26 1.00112
88 27 1.00114
88 28 1.00115
88 29 1.00116
88 30 1.00117
88 31 1.00118
88 32 1.0012
88 33 1.00121
88 34 1.00122
88 35 1.00123
88 36 1.00124
88 37 1.00126
88 38 1.00127
88 39 1.00128
88 40 1.0013
88 41 1.00131
88 42 1.00133
88 43 1.00135
88 44 1.00136
88 45 1.00138
88 46 1.0014
88 47 1.00142
88 48 1.00145
88 49 1.00147
88 50 1.00149
88 51 1.00152
88 52 1.00154
88 53 1.00157
88 54 1.0016
88 55 1.00163
88 56 1.00166
88 57 1.00168
88 58 1.00171
88 59 1.00174
88 60 1.00177
88 61 1.00179
88 62 1.00181
88 63 1.00184
88 64 1.00186
88 65 1.00187
88 66 1.00189
88 67 1.0019
88 68 1.00191
88 69 1.00192
88 70 1.00192
88 71 1.00192
88 72 1.00193
88 73 1.00192
88 74 1.00192
88 75 1.00192
88 76 1.00191
88 77 1.0019
88 78 1.00189
88 79 1.00188
88 80 1.00187
88 81 1.00185
88 82 1.00184
88 83 1.00182
88 84 1.0018
88 85 1.00177
88 86 1.00175
88 87 1.00172
88 88 1.0017
88 89 1.00167
88 90 1.00164
88 91 1.00161
88 92 1.00159
88 93 1.00156
88 94 1.00154
88 95 1.00151
88 96 1.00149
88 97 1.00147
88 98 1.00144
88 99 1.00142
88 100 1.00141
88 101 1.00139
88 102 1.00137
88 103 1.00135
88 104 1.00133
88 105 1.00131
88 106 1.00128
88 107 1.00126
88 108 1.00123
88 109 1.0012
88 110 1.00118
88 111 1.00115
88 112 1.00111
88 113 1.00108
88 114 1.00105
88 115 1.00102
88 116 1.00098
88 117 1.00095
88 118 1.00092
88 119 1.00089
88 120 1.00087
88 121 1.00085
88 122 1.00083
88 123 1.00081
88 124 1.0008
88 125 1.00079
88 126 1.00079
88 127 1.0008

89 0 0
89 1 1.00077
89 2 1.00077
89 3 1.00077
89 4 1.00077
89 5 1.00078
89 6 1.00079
89 7 1.0008
89 8 1.00082
89 9 1.00083
89 10 1.00085
89 11 1.00086
89 12 1.00088
89 13 1.0009
89 14 1.00092
89 15 1.00094
89 16 1.00096
89 17 1.00098
89 18 1.001
89 19 1.00102
89 20 1.00104
89 21 1.00106
89 22 1.00108
89 23 1.0011
89 24 1.00111
89 25 1.00113
89 26 1.00115
89 27 1.00116
89 28 1.00117
89 29 1.00119
89 30 1.0012
89 31 1.00121
89 32 1.00122
89 33 1.00124
89 34 1.00125
89 35 1.00126
89 36 1.00127
89 37 1.00128
89 38 1.0013
89 39 1.00131
89 40 1.00132
89 41 1.00134
89 42 1.00135
89 43 1.00137
89 44 1.00139
89 45 1.00141
89 46 1.00143
89 47 1.00145
89 48 1.00147
89 49 1.00149
89 50 1.00152
89 51 1.00154
89 52 1.00157
89 53 1.0016
89 54 1.00162
89 55 1.00165
89 56 1.00168
89 57 1.00171
89 58 1.00174
89 59 1.00177
89 60 1.0018
89 61 1.00183
89 62 1.00185
89 63 1.00188
89 64 1.0019
89 65 1.00192
89 66 1.00193
89 67 1.00195
89 68 1.00196
89 69 1.00197
89 70 1.00197
89 71 1.00198
89 72 1.00198
89 73 1.00198
89 74 1.00198
89 75 1.00197
89 76 1.00196
89 77 1.00196
89 78 1.00195
89 79 1.00193
89 80 1.00192
89 81 1.0019
89 82 1.00188
89 83 1.00186
89 84 1.00184
89 85 1.00181
89 86 1.00178
89 87 1.00176
89 88 1.00173
89 89 1.0017
89 90 1.00167
89 91 1.00164
89 92 1.00161
89 93 1.00158
89 94 1.00155
89 95 1.00152
89 96 1.0015
89 97 1.00148
89 98 1.00145
89 99 1.00143
89 100 1.00141
89 101 1.00139
89 102 1.00137
89 103 1.00135
89 104 1.00133
89 105 1.00131
89 106 1.00128
89 107 1.00126
89 108 1.00123
89 109 1.00121
89 110 1.00118
89 111 1.00115
89 112 1.00112
89 113 1.00108
89 114 1.00105
89 115 1.00102
89 116 1.00099
89 117 1.00095
89 118 1.00092
89 119 1.0009
89 120 1.00087
89 121 1.00085
89 122 1.00083
89 123 1.00081
89 124 1.0008
89 125 1.00079
89 126 1.00079
89 127 1.00079

90 0 0
90 1 1.00076
90 2 1.00076
90 3 1.00076
90 4 1.00077
90 5 1.00077
90 6 1.00078
90 7 1.0008
90 8 1.00081
90 9 1.00082
90 10 1.00084
90 11 1.00086
90 12 1.00088
90 13 1.0009
90 14 1.00092
90 15 1.00094
90 16 1.00097
90 17 1.00099
90 18 1.00101
90 19 1.00103
90 20 1.00105
90 21 1.00107
90 22 1.00109
90 23 1.00111
90 24 1.00113
90 25 1.00115
90 26 1.00117
90 27 1.00118
90 28 1.0012
90 29 1.00121
90 30 1.00122
90 31 1.00124
90 32 1.00125
90 33 1.00126
90 34 1.00127
90 35 1.00129
90 36 1.0013
90 37 1.00131
90 38 1.00132
90 39 1.00134
90 40 1.00135
90 41 1.00136
90 42 1.00138
90 43 1.00139
90 44 1.00141
90 45 1.00143
90 46 1.00145
90 47 1.00147
90 48 1.00149
90 49 1.00151
90 50 1.00154
90 51 1.00156
90 52 1.00159
90 53 1.00162
90 54 1.00165
90 55 1.00168
90 56 1.00171
90 57 1.00174
90 58 1.00177
90 59 1.0018
90 60 1.00183
90 61 1.00186
90 62 1.00189
90 63 1.00191
90 64 1.00194
90 65 1.00196
90 66 1.00198
90 67 1.00199
90 68 1.00201
90 69 1.00202
90 70 1.00203
90 71 1.00203
90 72 1.00203
90 73 1.00203
90 74 1.00203
90 75 1.00203
90 76 1.00202
90 77 1.00201
90 78 1.002
90 79 1.00198
90 80 1.00197
90 81 1.00195
90 82 1.00193
90 83 1.0019
90 84 1.00188
90 85 1.00185
90 86 1.00182
90 87 1.00179
90 88 1.00176
90 89 1.00172
90 90 1.00169
90 91 1.00166
90 92 1.00163
90 93 1.0016
90 94 1.00157
90 95 1.00154
90 96 1.00151
90 97 1.00149
90 98 1.00146
90 99 1.00144
90 100 1.00142
90 101 1.00139
90 102 1.00137
90 103 1.00135
90 104 1.00133
90 105 1.00131
90 106 1.00128
90 107 1.00126
90 108 1.00123
90 109 1.00121
90 110 1.00118
90 111 1.00115
90 112 1.00112
90 113 1.00108
90 114 1.00105
90 115 1.00102
90 116 1.00099
90 117 1.00095
90 118 1.00092
90 119 1.00089
90 120 1.00087
90 121 1.00084
90 122 1.00082
90 123 1.0008
90 124 1.00079
90 125 1.00078
90 126 1.00078
90 127 1.00079

91 0 0
91 1 1.00075
91 2 1.00075
91 3 1.00075
91 4 1.00076
91 5 1.00076
91 6 1.00077
91 7 1.00079
91 8 1.0008
91 9 1.00082
91 10 1.00084
91 11 1.00086
91 12 1.00088
91 13 1.0009
91 14 1.00092
91 15 1.00094
91 16 1.00097
91 17 1.00099
91 18 1.00101
91 19 1.00104
91 20 1.00106
91 21 1.00108
91 22 1.0011
91 23 1.00112
91 24 1.00114
91 25 1.00116
91 26 1.00118
91 27 1.0012
91 28 1.00121
91 29 1.00123
91 30 1.00125
91 31 1.00126
91 32 1.00127
91 33 1.00129
91 34 1.0013
91 35 1.00131
91 36 1.00132
91 37 1.00134
91 38 1.00135
91 39 1.00136
91 40 1.00137
91 41 1.00139
91 42 1.0014
91 43 1.00142
91 44 1.00143
91 45 1.00145
91 46 1.00147
91 47 1.00149
91 48 1.00151
91 49 1.00153
91 50 1.00156
91 51 1.00158
91 52 1.00161
91 53 1.00164
91 54 1.00167
91 55 1.0017
91 56 1.00173
91 57 1.00177
91 58 1.0018
91 59 1.00183
91 60 1.00187
91 61 1.0019
91 62 1.00193
91 63 1.00196
91 64 1.00198
91 65 1.002
91 66 1.00203
91 67 1.00204
91 68 1.00206
91 69 1.00207
91 70 1.00208
91 71 1.00209
91 72 1.00209
91 73 1.00209
91 74 1.00209
91 75 1.00208
91 76 1.00208
91 77 1.00206
91 78 1.00205
91 79 1.00204
91 80 1.00202
91 81 1.002
91 82 1.00197
91 83 1.00195
91 84 1.00192
91 85 1.00189
91 86 1.00186
91 87 1.00182
91 88 1.00179
91 89 1.00175
91 90 1.00172
91 91 1.00168
91 92 1.00165
91 93 1.00162
91 94 1.00158
91 95 1.00155
91 96 1.00152
91 97 1.0015
91 98 1.00147
91 99 1.00144
91 100 1.00142
91 101 1.0014
91 102 1.00137
91 103 1.00135
91 104 1.00133
91 105 1.00131
91 106 1.00128
91 107 1.00126
91 108 1.00123
91 109 1.0012
91 110 1.00117
91 111 1.00114
91 112 1.00111
91 113 1.00108
91 114 1.00105
91 115 1.00102
91 116 1.00098
91 117 1.00095
91 118 1.00092
91 119 1.00089
91 120 1.00086
91 121 1.00084
91 122 1.00081
91 123 1.0008
91 124 1.00078
91 125 1.00078
91 126 1.00077
91 127 1.00078

92 0 0
92 1 1.00074
92 2 1.00074
92 3 1.00074
92 4 1.00075
92 5 1.00075
92 6 1.00077
92 7 1.00078
92 8 1.00079
92 9 1.00081
92 10 1.00083
92 11 1.00085
92 12 1.00087
92 13 1.00089
92 14 1.00092
92 15 1.00094
92 16 1.00097
92 17 1.00099
92 18 1.00101
92 19 1.00104
92 20 1.00106
92 21 1.00109
92 22 1.00111
92 23 1.00113
92 24 1.00115
92 25 1.00117
92 26 1.00119
92 27 1.00121
92 28 1.00123
92 29 1.00125
92 30 1.00126
92 31 1.00128
92 32 1.00129
92 33 1.00131
92 34 1.00132
92 35 1.00133
92 36 1.00134
92 37 1.00136
92 38 1.00137
92 39 1.00138
92 40 1.00139
92 41 1.00141
92 42 1.00142
92 43 1.00144
92 44 1.00145
92 45 1.00147
92 46 1.00149
92 47 1.00151
92 48 1.00153
92 49 1.00155
92 50 1.00158
92 51 1.0016
92 52 1.00163
92 53 1.00166
92 54 1.00169
92 55 1.00173
92 56 1.00176
92 57 1.00179
92 58 1.00183
92 59 1.00186
92 60 1.0019
92 61 1.00193
92 62 1.00197
92 63 1.002
92 64 1.00202
92 65 1.00205
92 66 1.00207
92 67 1.00209
92 68 1.00211
92 69 1.00212
92 70 1.00214
92 71 1.00214
92 72 1.00215
92 73 1.00215
92 74 1.00215
92 75 1.00214
92 76 1.00213
92 77 1.00212
92 78 1.00211
92 79 1.00209
92 80 1.00207
92 81 1.00204
92 82 1.00202
92 83 1.00199
92 84 1.00196
92 85 1.00193
92 86 1.00189
92 87 1.00186
92 88 1.00182
92 89 1.00178
92 90 1.00174
92 91 1.00171
92 92 1.00167
92 93 1.00164
92 94 1.0016
92 95 1.00157
92 96 1.00154
92 97 1.00151
92 98 1.00148
92 99 1.00145
92 100 1.00142
92 101 1.0014
92 102 1.00137
92 103 1.00135
92 104 1.00133
92 105 1.0013
92 106 1.00128
92 107 1.00125
92 108 1.00122
92 109 1.0012
92 110 1.00117
92 111 1.00114
92 112 1.00111
92 113 1.00107
92 114 1.00104
92 115 1.00101
92 116 1.00098
92 117 1.00094
92 118 1.00091
92 119 1.00088
92 120 1.00085
92 121 1.00083
92 122 1.00081
92 123 1.00079
92 124 1.00077
92 125 1.00077
92 126 1.00076
92 127 1.00077

93 0 0
93 1 1.00073
93 2 1.00073
93 3 1.00073
93 4 1.00074
93 5 1.00075
93 6 1.00076
93 7 1.00077
93 8 1.00079
93 9 1.0008
93 10 1.00082
93 11 1.00084
93 12 1.00086
93 13 1.00089
93 14 1.00091
93 15 1.00094
93 16 1.00096
93 17 1.00099
93 18 1.00101
93 19 1.00104
93 20 1.00106
93 21 1.00109
93 22 1.00111
93 23 1.00114
93 24 1.00116
93 25 1.00118
93 26 1.0012
93 27 1.00122
93 28 1.00124
93 29 1.00126
93 30 1.00128
93 31 1.00129
93 32 1.00131
93 33 1.00132
93 34 1.00134
93 35 1.00135
93 36 1.00136
93 37 1.00138
93 38 1.00139
93 39 1.0014
93 40 1.00141
93 41 1.00143
93 42 1.00144
93 43 1.00146
93 44 1.00147
93 45 1.00149
93 46 1.00151
93 47 1.00153
93 48 1.00155
93 49 1.00157
93 50 1.0016
93 51 1.00162
93 52 1.00165
93 53 1.00168
93 54 1.00172
93 55 1.00175
93 56 1.00179
93 57 1.00182
93 58 1.00186
93 59 1.0019
93 60 1.00193
93 61 1.00197
93 62 1.002
93 63 1.00204
93 64 1.00207
93 65 1.0021
93 66 1.00212
93 67 1.00215
93 68 1.00216
93 69 1.00218
93 70 1.00219
93 71 1.0022
93 72 1.00221
93 73 1.00221
93 74 1.0022
93 75 1.0022
93 76 1.00219
93 77 1.00218
93 78 1.00216
93 79 1.00214
93 80 1.00212
93 81 1.00209
93 82 1.00207
93 83 1.00204
93 84 1.002
93 85 1.00197
93 86 1.00193
93 87 1.00189
93 88 1.00185
93 89 1.00181
93 90 1.00177
93 91 1.00173
93 92 1.00169
93 93 1.00166
93 94 1.00162
93 95 1.00158
93 96 1.00155
93 97 1.00152
93 98 1.00149
93 99 1.00146
93 100 1.00143
93 101 1.0014
93 102 1.00138
93 103 1.00135
93 104 1.00132
93 105 1.0013
93 106 1.00127
93 107 1.00125
93 108 1.00122
93 109 1.00119
93 110 1.00116
93 111 1.00113
93 112 1.0011
93 113 1.00107
93 114 1.00103
93 115 1.001
93 116 1.00097
93 117 1.00093
93 118 1.0009
93 119 1.00087
93 120 1.00084
93 121 1.00082
93 122 1.00079
93 123 1.00078
93 124 1.00076
93 125 1.00075
93 126 1.00075
93 127 1.00075

94 0 0
94 1 1.00072
94 2 1.00072
94 3 1.00072
94 4 1.00073
94 5 1.00074
94 6 1.00075
94 7 1.00076
94 8 1.00078
94 9 1.0008
94 10 1.00081
94 11 1.00083
94 12 1.00086
94 13 1.00088
94 14 1.0009
94 15 1.00093
94 16 1.00095
94 17 1.00098
94 18 1.00101
94 19 1.00103
94 20 1.00106
94 21 1.00109
94 22 1.00111
94 23 1.00114
94 24 1.00116
94 25 1.00118
94 26 1.00121
94 27 1.00123
94 28 1.00125
94 29 1.00127
94 30 1.00129
94 31 1.0013
94 32 1.00132
94 33 1.00134
94 34 1.00135
94 35 1.00137
94 36 1.00138
94 37 1.00139
94 38 1.00141
94 39 1.00142
94 40 1.00143
94 41 1.00144
94 42 1.00146
94 43 1.00147
94 44 1.00149
94 45 1.00151
94 46 1.00152
94 47 1.00154
94 48 1.00157
94 49 1.00159
94 50 1.00161
94 51 1.00164
94 52 1.00167
94 53 1.0017
94 54 1.00174
94 55 1.00177
94 56 1.00181
94 57 1.00185
94 58 1.00189
94 59 1.00193
94 60 1.00197
94 61 1.00201
94 62 1.00204
94 63 1.00208
94 64 1.00211
94 65 1.00214
94 66 1.00217
94 67 1.0022
94 68 1.00222
94 69 1.00224
94 70 1.00225
94 71 1.00226
94 72 1.00226
94 73 1.00227
94 74 1.00226
94 75 1.00226
94 76 1.00225
94 77 1.00223
94 78 1.00222
94 79 1.0022
94 80 1.00217
94 81 1.00215
94 82 1.00212
94 83 1.00208
94 84 1.00205
94 85 1.00201
94 86 1.00197
94 87 1.00193
94 88 1.00189
94 89 1.00185
94 90 1.0018
94 91 1.00176
94 92 1.00172
94 93 1.00168
94 94 1.00164
94 95 1.0016
94 96 1.00157
94 97 1.00153
94 98 1.0015
94 99 1.00147
94 100 1.00144
94 101 1.00141
94 102 1.00138
94 103 1.00135
94 104 1.00132
94 105 1.00129
94 106 1.00127
94 107 1.00124
94 108 1.00121
94 109 1.00118
94 110 1.00115
94 111 1.00112
94 112 1.00109
94 113 1.00105
94 114 1.00102
94 115 1.00099
94 116 1.00095
94 117 1.00092
94 118 1.00089
94 119 1.00086
94 120 1.00083
94 121 1.0008
94 122 1.00078
94 123 1.00076
94 124 1.00075
94 125 1.00074
94 126 1.00074
94 127 1.00074

95 0 0
95 1 1.00071
95 2 1.00071
95 3 1.00072
95 4 1.00072
95 5 1.00073
95 6 1.00074
95 7 1.00076
95 8 1.00077
95 9 1.00079
95 10 1.00081
95 11 1.00083
95 12 1.00085
95 13 1.00087
95 14 1.0009
95 15 1.00092
95 16 1.00095
95 17 1.00097
95 18 1.001
95 19 1.00103
95 20 1.00105
95 21 1.00108
95 22 1.00111
95 23 1.00113
95 24 1.00116
95 25 1.00118
95 26 1.00121
95 27 1.00123
95 28 1.00125
95 29 1.00127
95 30 1.00129
95 31 1.00131
95 32 1.00133
95 33 1.00135
95 34 1.00136
95 35 1.00138
95 36 1.00139
95 37 1.00141
95 38 1.00142
95 39 1.00143
95 40 1.00145
95 41 1.00146
95 42 1.00147
95 43 1.00149
95 44 1.0015
95 45 1.00152
95 46 1.00154
95 47 1.00156
95 48 1.00158
95 49 1.00161
95 50 1.00163
95 51 1.00166
95 52 1.00169
95 53 1.00172
95 54 1.00176
95 55 1.0018
95 56 1.00184
95 57 1.00188
95 58 1.00192
95 59 1.00196
95 60 1.002
95 61 1.00204
95 62 1.00208
95 63 1.00212
95 64 1.00216
95 65 1.00219
95 66 1.00222
95 67 1.00225
95 68 1.00227
95 69 1.00229
95 70 1.00231
95 71 1.00232
95 72 1.00232
95 73 1.00233
95 74 1.00232
95 75 1.00232
95 76 1.00231
95 77 1.00229
95 78 1.00227
95 79 1.00225
95 80 1.00223
95 81 1.0022
95 82 1.00216
95 83 1.00213
95 84 1.00209
95 85 1.00205
95 86 1.00201
95 87 1.00197
95 88 1.00192
95 89 1.00188
95 90 1.00184
95 91 1.00179
95 92 1.00175
95 93 1.00171
95 94 1.00167
95 95 1.00163
95 96 1.00159
95 97 1.00155
95 98 1.00152
95 99 1.00148
95 100 1.00145
95 101 1.00142
95 102 1.00138
95 103 1.00135
95 104 1.00132
95 105 1.00129
95 106 1.00126
95 107 1.00123
95 108 1.0012
95 109 1.00117
95 110 1.00113
95 111 1.0011
95 112 1.00107
95 113 1.00104
95 114 1.001
95 115 1.00097
95 116 1.00094
95 117 1.0009
95 118 1.00087
95 119 1.00084
95 120 1.00081
95 121 1.00079
95 122 1.00077
95 123 1.00075
95 124 1.00073
95 125 1.00073
95 126 1.00072
95 127 1.00072

96 0 0
96 1 1.0007
96 2 1.00071
96 3 1.00071
96 4 1.00072
96 5 1.00073
96 6 1.00074
96 7 1.00075
96 8 1.00076
96 9 1.00078
96 10 1.0008
96 11 1.00082
96 12 1.00084
96 13 1.00086
96 14 1.00089
96 15 1.00091
96 16 1.00094
96 17 1.00097
96 18 1.00099
96 19 1.00102
96 20 1.00105
96 21 1.00107
96 22 1.0011
96 23 1.00113
96 24 1.00115
96 25 1.00118
96 26 1.0012
96 27 1.00123
96 28 1.00125
96 29 1.00127
96 30 1.00129
96 31 1.00131
96 32 1.00133
96 33 1.00135
96 34 1.00137
96 35 1.00138
96 36 1.0014
96 37 1.00141
96 38 1.00143
96 39 1.00144
96 40 1.00146
96 41 1.00147
96 42 1.00149
96 43 1.0015
96 44 1.00152
96 45 1.00153
96 46 1.00155
96 47 1.00157
96 48 1.0016
96 49 1.00162
96 50 1.00165
96 51 1.00168
96 52 1.00171
96 53 1.00174
96 54 1.00178
96 55 1.00182
96 56 1.00186
96 57 1.0019
96 58 1.00195
96 59 1.00199
96 60 1.00203
96 61 1.00208
96 62 1.00212
96 63 1.00216
96 64 1.0022
96 65 1.00224
96 66 1.00227
96 67 1.0023
96 68 1.00233
96 69 1.00235
96 70 1.00236
96 71 1.00238
96 72 1.00238
96 73 1.00239
96 74 1.00238
96 75 1.00238
96 76 1.00237
96 77 1.00235
96 78 1.00233
96 79 1.00231
96 80 1.00228
96 81 1.00225
96 82 1.00221
96 83 1.00218
96 84 1.00214
96 85 1.0021
96 86 1.00205
96 87 1.00201
96 88 1.00196
96 89 1.00192
96 90 1.00187
96 91 1.00182
96 92 1.00178
96 93 1.00174
96 94 1.00169
96 95 1.00165
96 96 1.00161
96 97 1.00157
96 98 1.00153
96 99 1.0015
96 100 1.00146
96 101 1.00143
96 102 1.00139
96 103 1.00136
96 104 1.00132
96 105 1.00129
96 106 1.00125
96 107 1.00122
96 108 1.00119
96 109 1.00115
96 110 1.00112
96 111 1.00109
96 112 1.00105
96 113 1.00102
96 114 1.00098
96 115 1.00095
96 116 1.00092
96 117 1.00088
96 118 1.00085
96 119 1.00082
96 120 1.0008
96 121 1.00077
96 122 1.00075
96 123 1.00073
96 124 1.00072
96 125 1.00071
96 126 1.00071
96 127 1.00071

97 0 0
97 1 1.0007
97 2 1.0007
97 3 1.00071
97 4 1.00071
97 5 1.00072
97 6 1.00073
97 7 1.00074
97 8 1.00076
97 9 1.00077
97 10 1.00079
97 11 1.00081
97 12 1.00083
97 13 1.00085
97 14 1.00088
97 15 1.0009
97 16 1.00093
97 17 1.00095
97 18 1.00098
97 19 1.00101
97 20 1.00104
97 21 1.00106
97 22 1.00109
97 23 1.00112
97 24 1.00115
97 25 1.00117
97 26 1.0012
97 27 1.00122
97 28 1.00125
97 29 1.00127
97 30 1.00129
97 31 1.00131
97 32 1.00133
97 33 1.00135
97 34 1.00137
97 35 1.00139
97 36 1.0014
97 37 1.00142
97 38 1.00144
97 39 1.00145
97 40 1.00147
97 41 1.00148
97 42 1.0015
97 43 1.00151
97 44 1.00153
97 45 1.00155
97 46 1.00157
97 47 1.00159
97 48 1.00161
97 49 1.00164
97 50 1.00166
97 51 1.00169
97 52 1.00173
97 53 1.00176
97 54 1.0018
97 55 1.00184
97 56 1.00188
97 57 1.00193
97 58 1.00197
97 59 1.00202
97 60 1.00207
97 61 1.00211
97 62 1.00216
97 63 1.0022
97 64 1.00225
97 65 1.00229
97 66 1.00232
97 67 1.00235
97 68 1.00238
97 69 1.0024
97 70 1.00242
97 71 1.00243
97 72 1.00244
97 73 1.00244
97 74 1.00244
97 75 1.00244
97 76 1.00242
97 77 1.00241
97 78 1.00239
97 79 1.00236
97 80 1.00233
97 81 1.0023
97 82 1.00226
97 83 1.00223
97 84 1.00218
97 85 1.00214
97 86 1.0021
97 87 1.00205
97 88 1.002
97 89 1.00195
97 90 1.00191
97 91 1.00186
97 92 1.00181
97 93 1.00177
97 94 1.00172
97 95 1.00168
97 96 1.00164
97 97 1.0016
97 98 1.00156
97 99 1.00152
97 100 1.00148
97 101 1.00144
97 102 1.0014
97 103 1.00136
97 104 1.00132
97 105 1.00129
97 106 1.00125
97 107 1.00121
97 108 1.00117
97 109 1.00114
97 110 1.0011
97 111 1.00107
97 112 1.00103
97 113 1.001
97 114 1.00096
97 115 1.00093
97 116 1.0009
97 117 1.00086
97 118 1.00083
97 119 1.0008
97 120 1.00078
97 121 1.00075
97 122 1.00073
97 123 1.00072
97 124 1.0007
97 125 1.0007
97 126 1.00069
97 127 1.0007

98 0 0
98 1 1.0007
98 2 1.0007
98 3 1.0007
98 4 1.00071
98 5 1.00072
98 6 1.00073
98 7 1.00074
98 8 1.00075
98 9 1.00077
98 10 1.00078
98 11 1.0008
98 12 1.00082
98 13 1.00085
98 14 1.00087
98 15 1.00089
98 16 1.00092
98 17 1.00094
98 18 1.00097
98 19 1.001
98 20 1.00103
98 21 1.00105
98 22 1.00108
98 23 1.00111
98 24 1.00114
98 25 1.00116
98 26 1.00119
98 27 1.00122
98 28 1.00124
98 29 1.00126
98 30 1.00129
98 31 1.00131
98 32 1.00133
98 33 1.00135
98 34 1.00137
98 35 1.00139
98 36 1.00141
98 37 1.00142
98 38 1.00144
98 39 1.00146
98 40 1.00147
98 41 1.00149
98 42 1.0015
98 43 1.00152
98 44 1.00154
98 45 1.00156
98 46 1.00158
98 47 1.0016
98 48 1.00162
98 49 1.00165
98 50 1.00168
98 51 1.00171
98 52 1.00174
98 53 1.00178
98 54 1.00182
98 55 1.00186
98 56 1.00191
98 57 1.00195
98 58 1.002
98 59 1.00205
98 60 1.0021
98 61 1.00215
98 62 1.0022
98 63 1.00225
98 64 1.00229
98 65 1.00233
98 66 1.00237
98 67 1.0024
98 68 1.00243
98 69 1.00246
98 70 1.00248
98 71 1.00249
98 72 1.0025
98 73 1.0025
98 74 1.0025
98 75 1.00249
98 76 1.00248
98 77 1.00246
98 78 1.00244
98 79 1.00241
98 80 1.00238
98 81 1.00235
98 82 1.00231
98 83 1.00227
98 84 1.00223
98 85 1.00219
98 86 1.00214
98 87 1.00209
98 88 1.00204
98 89 1.00199
98 90 1.00195
98 91 1.0019
98 92 1.00185
98 93 1.0018
98 94 1.00176
98 95 1.00171
98 96 1.00167
98 97 1.00162
98 98 1.00158
98 99 1.00154
98 100 1.0015
98 101 1.00145
98 102 1.00141
98 103 1.00137
98 104 1.00133
98 105 1.00129
98 106 1.00124
98 107 1.0012
98 108 1.00116
98 109 1.00112
98 110 1.00108
98 111 1.00105
98 112 1.00101
98 113 1.00097
98 114 1.00094
98 115 1.0009
98 116 1.00087
98 117 1.00084
98 118 1.00081
98 119 1.00078
98 120 1.00076
98 121 1.00073
98 122 1.00072
98 123 1.0007
98 124 1.00069
98 125 1.00068
98 126 1.00068
98 127 1.00068

99 0 0
99 1 1.0007
99 2 1.0007
99 3 1.0007
99 4 1.00071
99 5 1.00071
99 6 1.00072
99 7 1.00073
99 8 1.00075
99 9 1.00076
99 10 1.00078
99 11 1.0008
99 12 1.00082
99 13 1.00084
99 14 1.00086
99 15 1.00088
99 16 1.00091
99 17 1.00093
99 18 1.00096
99 19 1.00098
99 20 1.00101
99 21 1.00104
99 22 1.00107
99 23 1.0011
99 24 1.00112
99 25 1.00115
99 26 1.00118
99 27 1.0012
99 28 1.00123
99 29 1.00125
99 30 1.00128
99 31 1.0013
99 32 1.00132
99 33 1.00135
99 34 1.00137
99 35 1.00139
99 36 1.0014
99 37 1.00142
99 38 1.00144
99 39 1.00146
99 40 1.00147
99 41 1.00149
99 42 1.00151
99 43 1.00153
99 44 1.00155
99 45 1.00156
99 46 1.00159
99 47 1.00161
99 48 1.00163
99 49 1.00166
99 50 1.00169
99 51 1.00172
99 52 1.00176
99 53 1.0018
99 54 1.00184
99 55 1.00188
99 56 1.00193
99 57 1.00198
99 58 1.00203
99 59 1.00208
99 60 1.00213
99 61 1.00219
99 62 1.00224
99 63 1.00229
99 64 1.00233
99 65 1.00238
99 66 1.00242
99 67 1.00245
99 68 1.00249
99 69 1.00251
99 70 1.00253
99 71 1.00255
99 72 1.00256
99 73 1.00256
99 74 1.00256
99 75 1.00255
99 76 1.00254
99 77 1.00252
99 78 1.00249
99 79 1.00247
99 80 1.00244
99 81 1.0024
99 82 1.00236
99 83 1.00232
99 84 1.00228
99 85 1.00223
99 86 1.00218
99 87 1.00214
99 88 1.00209
99 89 1.00204
99 90 1.00199
99 91 1.00194
99 92 1.00189
99 93 1.00184
99 94 1.00179
99 95 1.00175
99 96 1.0017
99 97 1.00166
99 98 1.00161
99 99 1.00157
99 100 1.00152
99 101 1.00147
99 102 1.00143
99 103 1.00138
99 104 1.00133
99 105 1.00129
99 106 1.00124
99 107 1.00119
99 108 1.00115
99 109 1.00111
99 110 1.00106
99 111 1.00102
99 112 1.00098
99 113 1.00095
99 114 1.00091
99 115 1.00088
99 116 1.00084
99 117 1.00081
99 118 1.00078
99 119 1.00076
99 120 1.00074
99 121 1.00072
99 122 1.0007
99 123 1.00069
99 124 1.00068
99 125 1.00067
99 126 1.00067
99 127 1.00067

100 0 0
100 1 1.0007
100 2 1.0007
100 3 1.0007
100 4 1.00071
100 5 1.00071
100 6 1.00072
100 7 1.00073
100 8 1.00074
100 9 1.00076
100 10 1.00077
100 11 1.00079
100 12 1.00081
100 13 1.00083
100 14 1.00085
100 15 1.00087
100 16 1.00089
100 17 1.00092
100 18 1.00094
100 19 1.00097
100 20 1.001
100 21 1.00102
100 22 1.00105
100 23 1.00108
100 24 1.00111
100 25 1.00114
100 26 1.00116
100 27 1.00119
100 28 1.00122
100 29 1.00124
100 30 1.00127
100 31 1.00129
100 32 1.00132
100 33 1.00134
100 34 1.00136
100 35 1.00138
100 36 1.0014
100 37 1.00142
100 38 1.00144
100 39 1.00146
100 40 1.00148
100 41 1.00149
100 42 1.00151
100 43 1.00153
100 44 1.00155
100 45 1.00157
100 46 1.00159
100 47 1.00162
100 48 1.00164
100 49 1.00167
100 50 1.0017
100 51 1.00174
100 52 1.00178
100 53 1.00182
100 54 1.00186
100 55 1.00191
100 56 1.00195
100 57 1.00201
100 58 1.00206
100 59 1.00211
100 60 1.00217
100 61 1.00222
100 62 1.00228
100 63 1.00233
100 64 1.00238
100 65 1.00242
100 66 1.00247
100 67 1.0025
100 68 1.00254
100 69 1.00256
100 70 1.00258
100 71 1.0026
100 72 1.00261
100 73 1.00261
100 74 1.00261
100 75 1.0026
100 76 1.00259
100 77 1.00257
100 78 1.00255
100 79 1.00252
100 80 1.00249
100 81 1.00245
100 82 1.00241
100 83 1.00237
100 84 1.00232
100 85 1.00228
100 86 1.00223
100 87 1.00218
100 88 1.00213
100 89 1.00208
100 90 1.00203
100 91 1.00198
100 92 1.00193
100 93 1.00188
100 94 1.00183
100 95 1.00179
100 96 1.00174
100 97 1.00169
100 98 1.00165
100 99 1.0016
100 100 1.00155
100 101 1.0015
100 102 1.00145
100 103 1.0014
100 104 1.00134
100 105 1.00129
100 106 1.00124
100 107 1.00119
100 108 1.00114
100 109 1.00109
100 110 1.00104
100 111 1.001
100 112 1.00095
100 113 1.00091
100 114 1.00088
100 115 1.00084
100 116 1.00081
100 117 1.00078
100 118 1.00076
100 119 1.00074
100 120 1.00072
100 121 1.0007
100 122 1.00069
100 123 1.00068
100 124 1.00067
100 125 1.00067
100 126 1.00066
100 127 1.00066

101 0 0
101 1 1.0007
101 2 1.0007
101 3 1.0007
101 4 1.00071
101 5 1.00071
101 6 1.00072
101 7 1.00073
101 8 1.00074
101 9 1.00075
101 10 1.00077
101 11 1.00078
101 12 1.0008
101 13 1.00082
101 14 1.00084
101 15 1.00086
101 16 1.00088
101 17 1.00091
101 18 1.00093
101 19 1.00096
101 20 1.00098
101 21 1.00101
101 22 1.00104
101 23 1.00106
101 24 1.00109
101 25 1.00112
101 26 1.00115
101 27 1.00117
101 28 1.0012
101 29 1.00123
101 30 1.00125
101 31 1.00128
101 32 1.0013
101 33 1.00133
101 34 1.00135
101 35 1.00137
101 36 1.00139
101 37 1.00141
101 38 1.00143
101 39 1.00145
101 40 1.00147
101 41 1.00149
101 42 1.00151
101 43 1.00153
101 44 1.00155
101 45 1.00158
101 46 1.0016
101 47 1.00163
101 48 1.00165
101 49 1.00168
101 50 1.00172
101 51 1.00175
101 52 1.00179
101 53 1.00183
101 54 1.00188
101 55 1.00193
101 56 1.00198
101 57 1.00203
101 58 1.00209
101 59 1.00214
101 60 1.0022
101 61 1.00226
101 62 1.00231
101 63 1.00237
101 64 1.00242
101 65 1.00247
101 66 1.00251
101 67 1.00255
101 68 1.00258
101 69 1.00261
101 70 1.00264
101 71 1.00265
101 72 1.00266
101 73 1.00267
101 74 1.00266
101 75 1.00266
101 76 1.00264
101 77 1.00262
101 78 1.0026
101 79 1.00257
101 80 1.00253
101 81 1.0025
101 82 1.00246
101 83 1.00241
101 84 1.00237
101 85 1.00232
101 86 1.00227
101 87 1.00222
101 88 1.00217
101 89 1.00212
101 90 1.00207
101 91 1.00202
101 92 1.00197
101 93 1.00193
101 94 1.00188
101 95 1.00183
101 96 1.00178
101 97 1.00173
101 98 1.00168
101 99 1.00163
101 100 1.00158
101 101 1.00153
101 102 1.00147
101 103 1.00142
101 104 1.00136
101 105 1.0013
101 106 1.00124
101 107 1.00118
101 108 1.00112
101 109 1.00107
101 110 1.00102
101 111 1.00097
101 112 1.00092
101 113 1.00088
101 114 1.00085
101 115 1.00081
101 116 1.00078
101 117 1.00076
101 118 1.00073
101 119 1.00071
101 120 1.0007
101 121 1.00069
101 122 1.00068
101 123 1.00067
101 124 1.00067
101 125 1.00066
101 126 1.00066
101 127 1.00066

102 0 0
102 1 1.0007
102 2 1.0007
102 3 1.0007
102 4 1.00071
102 5 1.00071
102 6 1.00072
102 7 1.00073
102 8 1.00074
102 9 1.00075
102 10 1.00076
102 11 1.00078
102 12 1.00079
102 13 1.00081
102 14 1.00083
102 15 1.00085
102 16 1.00087
102 17 1.00089
102 18 1.00092
102 19 1.00094
102 20 1.00097
102 21 1.00099
102 22 1.00102
102 23 1.00105
102 24 1.00107
102 25 1.0011
102 26 1.00113
102 27 1.00116
102 28 1.00118
102 29 1.00121
102 30 1.00124
102 31 1.00126
102 32 1.00129
102 33 1.00131
102 34 1.00134
102 35 1.00136
102 36 1.00138
102 37 1.00141
102 38 1.00143
102 39 1.00145
102 40 1.00147
102 41 1.00149
102 42 1.00151
102 43 1.00153
102 44 1.00156
102 45 1.00158
102 46 1.0016
102 47 1.00163
102 48 1.00166
102 49 1.00169
102 50 1.00173
102 51 1.00176
102 52 1.00181
102 53 1.00185
102 54 1.0019
102 55 1.00195
102 56 1.002
102 57 1.00206
102 58 1.00211
102 59 1.00217
102 60 1.00223
102 61 1.00229
102 62 1.00235
102 63 1.00241
102 64 1.00246
102 65 1.00251
102 66 1.00256
102 67 1.0026
102 68 1.00263
102 69 1.00266
102 70 1.00269
102 71 1.0027
102 72 1.00271
102 73 1.00272
102 74 1.00271
102 75 1.0027
102 76 1.00269
102 77 1.00267
102 78 1.00264
102 79 1.00261
102 80 1.00258
102 81 1.00254
102 82 1.0025
102 83 1.00246
102 84 1.00241
102 85 1.00236
102 86 1.00232
102 87 1.00227
102 88 1.00222
102 89 1.00217
102 90 1.00212
102 91 1.00207
102 92 1.00202
102 93 1.00197
102 94 1.00192
102 95 1.00188
102 96 1.00183
102 97 1.00178
102 98 1.00173
102 99 1.00167
102 100 1.00162
102 101 1.00156
102 102 1.0015
102 103 1.00144
102 104 1.00137
102 105 1.00131
102 106 1.00124
102 107 1.00117
102 108 1.00111
102 109 1.00105
102 110 1.00099
102 111 1.00094
102 112 1.00089
102 113 1.00085
102 114 1.00081
102 115 1.00078
102 116 1.00075
102 117 1.00073
102 118 1.00071
102 119 1.00069
102 120 1.00068
102 121 1.00068
102 122 1.00067
102 123 1.00067
102 124 1.00067
102 125 1.00067
102 126 1.00067
102 127 1.00067

103 0 0
103 1 1.0007
103 2 1.0007
103 3 1.0007
103 4 1.00071
103 5 1.00071
103 6 1.00072
103 7 1.00073
103 8 1.00074
103 9 1.00075
103 10 1.00076
103 11 1.00077
103 12 1.00079
103 13 1.0008
103 14 1.00082
103 15 1.00084
103 16 1.00086
103 17 1.00088
103 18 1.0009
103 19 1.00093
103 20 1.00095
103 21 1.00097
103 22 1.001
103 23 1.00103
103 24 1.00105
103 25 1.00108
103 26 1.00111
103 27 1.00114
103 28 1.00116
103 29 1.00119
103 30 1.00122
103 31 1.00124
103 32 1.00127
103 33 1.0013
103 34 1.00132
103 35 1.00135
103 36 1.00137
103 37 1.00139
103 38 1.00142
103 39 1.00144
103 40 1.00146
103 41 1.00149
103 42 1.00151
103 43 1.00153
103 44 1.00156
103 45 1.00158
103 46 1.00161
103 47 1.00164
103 48 1.00167
103 49 1.0017
103 50 1.00174
103 51 1.00178
103 52 1.00182
103 53 1.00187
103 54 1.00191
103 55 1.00197
103 56 1.00202
103 57 1.00208
103 58 1.00214
103 59 1.0022
103 60 1.00226
103 61 1.00232
103 62 1.00238
103 63 1.00244
103 64 1.0025
103 65 1.00255
103 66 1.0026
103 67 1.00264
103 68 1.00268
103 69 1.00271
103 70 1.00273
103 71 1.00275
103 72 1.00276
103 73 1.00276
103 74 1.00276
103 75 1.00275
103 76 1.00274
103 77 1.00271
103 78 1.00269
103 79 1.00266
103 80 1.00262
103 81 1.00258
103 82 1.00254
103 83 1.0025
103 84 1.00245
103 85 1.00241
103 86 1.00236
103 87 1.00231
103 88 1.00226
103 89 1.00221
103 90 1.00216
103 91 1.00212
103 92 1.00207
103 93 1.00202
103 94 1.00197
103 95 1.00193
103 96 1.00188
103 97 1.00183
103 98 1.00178
103 99 1.00172
103 100 1.00166
103 101 1.0016
103 102 1.00154
103 103 1.00147
103 104 1.00139
103 105 1.00132
103 106 1.00125
103 107 1.00117
103 108 1.0011
103 109 1.00103
103 110 1.00097
103 111 1.00091
103 112 1.00086
103 113 1.00081
103 114 1.00077
103 115 1.00074
103 116 1.00072
103 117 1.0007
103 118 1.00068
103 119 1.00068
103 120 1.00067
103 121 1.00067
103 122 1.00068
103 123 1.00068
103 124 1.00069
103 125 1.00069
103 126 1.00069
103 127 1.00068

104 0 0
104 1 1.0007
104 2 1.0007
104 3 1.00071
104 4 1.00071
104 5 1.00071
104 6 1.00072
104 7 1.00073
104 8 1.00074
104 9 1.00074
104 10 1.00076
104 11 1.00077
104 12 1.00078
104 13 1.0008
104 14 1.00081
104 15 1.00083
104 16 1.00085
104 17 1.00087
104 18 1.00089
104 19 1.00091
104 20 1.00093
104 21 1.00096
104 22 1.00098
104 23 1.00101
104 24 1.00103
104 25 1.00106
104 26 1.00109
104 27 1.00112
104 28 1.00114
104 29 1.00117
104 30 1.0012
104 31 1.00123
104 32 1.00125
104 33 1.00128
104 34 1.00131
104 35 1.00133
104 36 1.00136
104 37 1.00138
104 38 1.00141
104 39 1.00143
104 40 1.00145
104 41 1.00148
104 42 1.0015
104 43 1.00153
104 44 1.00155
104 45 1.00158
104 46 1.00161
104 47 1.00164
104 48 1.00167
104 49 1.00171
104 50 1.00175
104 51 1.00179
104 52 1.00183
104 53 1.00188
104 54 1.00193
104 55 1.00199
104 56 1.00204
104 57 1.0021
104 58 1.00217
104 59 1.00223
104 60 1.00229
104 61 1.00236
104 62 1.00242
104 63 1.00248
104 64 1.00254
104 65 1.00259
104 66 1.00264
104 67 1.00268
104 68 1.00272
104 69 1.00275
104 70 1.00278
104 71 1.00279
104 72 1.0028
104 73 1.00281
104 74 1.0028
104 75 1.00279
104 76 1.00278
104 77 1.00276
104 78 1.00273
104 79 1.0027
104 80 1.00266
104 81 1.00262
104 82 1.00258
104 83 1.00254
104 84 1.00249
104 85 1.00245
104 86 1.0024
104 87 1.00235
104 88 1.0023
104 89 1.00226
104 90 1.00221
104 91 1.00216
104 92 1.00212
104 93 1.00207
104 94 1.00202
104 95 1.00198
104 96 1.00193
104 97 1.00188
104 98 1.00183
104 99 1.00177
104 100 1.00171
104 101 1.00165
104 102 1.00158
104 103 1.0015
104 104 1.00142
104 105 1.00134
104 106 1.00126
104 107 1.00117
104 108 1.00109
104 109 1.00101
104 110 1.00094
104 111 1.00088
104 112 1.00082
104 113 1.00078
104 114 1.00074
104 115 1.00071
104 116 1.00069
104 117 1.00067
104 118 1.00067
104 119 1.00067
104 120 1.00067
104 121 1.00068
104 122 1.00069
104 123 1.0007
104 124 1.00071
104 125 1.00072
104 126 1.00072
104 127 1.00071

105 0 0
105 1 1.00071
105 2 1.00071
105 3 1.00071
105 4 1.00071
105 5 1.00072
105 6 1.00072
105 7 1.00073
105 8 1.00073
105 9 1.00074
105 10 1.00075
105 11 1.00076
105 12 1.00078
105 13 1.00079
105 14 1.0008
105 15 1.00082
105 16 1.00084
105 17 1.00086
105 18 1.00087
105 19 1.0009
105 20 1.00092
105 21 1.00094
105 22 1.00096
105 23 1.00099
105 24 1.00101
105 25 1.00104
105 26 1.00107
105 27 1.00109
105 28 1.00112
105 29 1.00115
105 30 1.00118
105 31 1.0012
105 32 1.00123
105 33 1.00126
105 34 1.00129
105 35 1.00131
105 36 1.00134
105 37 1.00137
105 38 1.00139
105 39 1.00142
105 40 1.00145
105 41 1.00147
105 42 1.0015
105 43 1.00152
105 44 1.00155
105 45 1.00158
105 46 1.00161
105 47 1.00164
105 48 1.00168
105 49 1.00172
105 50 1.00176
105 51 1.0018
105 52 1.00185
105 53 1.0019
105 54 1.00195
105 55 1.00201
105 56 1.00207
105 57 1.00213
105 58 1.00219
105 59 1.00226
105 60 1.00232
105 61 1.00239
105 62 1.00245
105 63 1.00252
105 64 1.00257
105 65 1.00263
105 66 1.00268
105 67 1.00272
105 68 1.00276
105 69 1.00279
105 70 1.00282
105 71 1.00283
105 72 1.00284
105 73 1.00285
105 74 1.00284
105 75 1.00283
105 76 1.00282
105 77 1.00279
105 78 1.00277
105 79 1.00273
105 80 1.0027
105 81 1.00266
105 82 1.00262
105 83 1.00257
105 84 1.00253
105 85 1.00248
105 86 1.00244
105 87 1.00239
105 88 1.00234
105 89 1.0023
105 90 1.00225
105 91 1.00221
105 92 1.00216
105 93 1.00212
105 94 1.00208
105 95 1.00203
105 96 1.00198
105 97 1.00194
105 98 1.00188
105 99 1.00183
105 100 1.00176
105 101 1.0017
105 102 1.00162
105 103 1.00154
105 104 1.00145
105 105 1.00136
105 106 1.00127
105 107 1.00118
105 108 1.00109
105 109 1.001
105 110 1.00092
105 111 1.00085
105 112 1.00079
105 113 1.00074
105 114 1.00071
105 115 1.00068
105 116 1.00066
105 117 1.00065
105 118 1.00066
105 119 1.00066
105 120 1.00068
105 121 1.0007
105 122 1.00072
105 123 1.00074
105 124 1.00076
105 125 1.00077
105 126 1.00077
105 127 1.00076

106 0 0
106 1 1.00071
106 2 1.00071
106 3 1.00071
106 4 1.00071
106 5 1.00072
106 6 1.00072
106 7 1.00073
106 8 1.00073
106 9 1.00074
106 10 1.00075
106 11 1.00076
106 12 1.00077
106 13 1.00078
106 14 1.0008
106 15 1.00081
106 16 1.00083
106 17 1.00084
106 18 1.00086
106 19 1.00088
106 20 1.0009
106 21 1.00092
106 22 1.00094
106 23 1.00097
106 24 1.00099
106 25 1.00102
106 26 1.00104
106 27 1.00107
106 28 1.0011
106 29 1.00113
106 30 1.00115
106 31 1.00118
106 32 1.00121
106 33 1.00124
106 34 1.00127
106 35 1.0013
106 36 1.00132
106 37 1.00135
106 38 1.00138
106 39 1.00141
106 40 1.00143
106 41 1.00146
106 42 1.00149
106 43 1.00152
106 44 1.00155
106 45 1.00158
106 46 1.00161
106 47 1.00165
106 48 1.00168
106 49 1.00172
106 50 1.00177
106 51 1.00181
106 52 1.00186
106 53 1.00191
106 54 1.00197
106 55 1.00203
106 56 1.00209
106 57 1.00215
106 58 1.00222
106 59 1.00229
106 60 1.00235
106 61 1.00242
106 62 1.00249
106 63 1.00255
106 64 1.00261
106 65 1.00267
106 66 1.00272
106 67 1.00276
106 68 1.0028
106 69 1.00283
106 70 1.00286
106 71 1.00287
106 72 1.00288
106 73 1.00289
106 74 1.00288
106 75 1.00287
106 76 1.00285
106 77 1.00283
106 78 1.0028
106 79 1.00277
106 80 1.00273
106 81 1.00269
106 82 1.00265
106 83 1.00261
106 84 1.00256
106 85 1.00252
106 86 1.00247
106 87 1.00243
106 88 1.00238
106 89 1.00234
106 90 1.0023
106 91 1.00225
106 92 1.00221
106 93 1.00217
106 94 1.00213
106 95 1.00209
106 96 1.00204
106 97 1.00199
106 98 1.00194
106 99 1.00189
106 100 1.00182
106 101 1.00175
106 102 1.00167
106 103 1.00159
106 104 1.00149
106 105 1.00139
106 106 1.00129
106 107 1.00119
106 108 1.00109
106 109 1.00099
106 110 1.0009
106 111 1.00083
106 112 1.00076
106 113 1.00071
106 114 1.00068
106 115 1.00065
106 116 1.00064
106 117 1.00064
106 118 1.00065
106 119 1.00068
106 120 1.0007
106 121 1.00073
106 122 1.00077
106 123 1.0008
106 124 1.00083
106 125 1.00084
106 126 1.00084
106 127 1.00082

107 0 0
107 1 1.00071
107 2 1.00071
107 3 1.00071
107 4 1.00072
107 5 1.00072
107 6 1.00072
107 7 1.00073
107 8 1.00073
107 9 1.00074
107 10 1.00075
107 11 1.00076
107 12 1.00077
107 13 1.00078
107 14 1.00079
107 15 1.0008
107 16 1.00082
107 17 1.00083
107 18 1.00085
107 19 1.00087
107 20 1.00089
107 21 1.00091
107 22 1.00093
107 23 1.00095
107 24 1.00097
107 25 1.001
107 26 1.00102
107 27 1.00105
107 28 1.00108
107 29 1.0011
107 30 1.00113
107 31 1.00116
107 32 1.00119
107 33 1.00122
107 34 1.00125
107 35 1.00128
107 36 1.00131
107 37 1.00133
107 38 1.00136
107 39 1.00139
107 40 1.00142
107 41 1.00145
107 42 1.00148
107 43 1.00151
107 44 1.00154
107 45 1.00158
107 46 1.00161
107 47 1.00165
107 48 1.00169
107 49 1.00173
107 50 1.00177
107 51 1.00182
107 52 1.00187
107 53 1.00193
107 54 1.00199
107 55 1.00205
107 56 1.00211
107 57 1.00218
107 58 1.00224
107 59 1.00231
107 60 1.00238
107 61 1.00245
107 62 1.00252
107 63 1.00258
107 64 1.00264
107 65 1.0027
107 66 1.00275
107 67 1.0028
107 68 1.00284
107 69 1.00287
107 70 1.00289
107 71 1.00291
107 72 1.00292
107 73 1.00292
107 74 1.00291
107 75 1.0029
107 76 1.00288
107 77 1.00286
107 78 1.00283
107 79 1.0028
107 80 1.00276
107 81 1.00272
107 82 1.00268
107 83 1.00264
107 84 1.00259
107 85 1.00255
107 86 1.00251
107 87 1.00246
107 88 1.00242
107 89 1.00238
107 90 1.00234
107 91 1.0023
107 92 1.00226
107 93 1.00222
107 94 1.00218
107 95 1.00214
107 96 1.0021
107 97 1.00205
107 98 1.002
107 99 1.00195
107 100 1.00189
107 101 1.00181
107 102 1.00173
107 103 1.00164
107 104 1.00154
107 105 1.00143
107 106 1.00132
107 107 1.00121
107 108 1.0011
107 109 1.00099
107 110 1.00089
107 111 1.00081
107 112 1.00075
107 113 1.00069
107 114 1.00066
107 115 1.00064
107 116 1.00064
107 117 1.00064
107 118 1.00067
107 119 1.00071
107 120 1.00075
107 121 1.00079
107 122 1.00084
107 123 1.00089
107 124 1.00092
107 125 1.00094
107 126 1.00095
107 127 1.00092

108 0 0
108 1 1.00072
108 2 1.00072
108 3 1.00072
108 4 1.00072
108 5 1.00072
108 6 1.00072
108 7 1.00073
108 8 1.00073
108 9 1.00074
108 10 1.00075
108 11 1.00075
108 12 1.00076
108 13 1.00077
108 14 1.00078
108 15 1.00079
108 16 1.00081
108 17 1.00082
108 18 1.00084
108 19 1.00085
108 20 1.00087
108 21 1.00089
108 22 1.00091
108 23 1.00093
108 24 1.00095
108 25 1.00098
108 26 1.001
108 27 1.00103
108 28 1.00105
108 29 1.00108
108 30 1.00111
108 31 1.00114
108 32 1.00117
108 33 1.0012
108 34 1.00123
108 35 1.00126
108 36 1.00129
108 37 1.00132
108 38 1.00135
108 39 1.00138
108 40 1.00141
108 41 1.00144
108 42 1.00147
108 43 1.00151
108 44 1.00154
108 45 1.00157
108 46 1.00161
108 47 1.00165
108 48 1.00169
108 49 1.00174
108 50 1.00178
108 51 1.00183
108 52 1.00189
108 53 1.00194
108 54 1.002
108 55 1.00207
108 56 1.00213
108 57 1.0022
108 58 1.00227
108 59 1.00234
108 60 1.00241
108 61 1.00248
108 62 1.00255
108 63 1.00262
108 64 1.00268
108 65 1.00273
108 66 1.00279
108 67 1.00283
108 68 1.00287
108 69 1.0029
108 70 1.00293
108 71 1.00294
108 72 1.00295
108 73 1.00295
108 74 1.00294
108 75 1.00293
108 76 1.00291
108 77 1.00289
108 78 1.00286
108 79 1.00282
108 80 1.00279
108 81 1.00275
108 82 1.00271
108 83 1.00266
108 84 1.00262
108 85 1.00258
108 86 1.00254
108 87 1.00249
108 88 1.00245
108 89 1.00241
108 90 1.00238
108 91 1.00234
108 92 1.0023
108 93 1.00227
108 94 1.00223
108 95 1.0022
108 96 1.00216
108 97 1.00212
108 98 1.00207
108 99 1.00202
108 100 1.00195
108 101 1.00188
108 102 1.0018
108 103 1.0017
108 104 1.0016
108 105 1.00148
108 106 1.00136
108 107 1.00124
108 108 1.00112
108 109 1.001
108 110 1.0009
108 111 1.00081
108 112 1.00073
108 113 1.00068
108 114 1.00065
108 115 1.00064
108 116 1.00064
108 117 1.00067
108 118 1.00071
108 119 1.00075
108 120 1.00081
108 121 1.00088
108 122 1.00095
108 123 1.001
108 124 1.00105
108 125 1.00108
108 126 1.00108
108 127 1.00105

109 0 0
109 1 1.00072
109 2 1.00072
109 3 1.00072
109 4 1.00072
109 5 1.00072
109 6 1.00073
109 7 1.00073
109 8 1.00073
109 9 1.00074
109 10 1.00074
109 11 1.00075
109 12 1.00076
109 13 1.00077
109 14 1.00078
109 15 1.00079
109 16 1.0008
109 17 1.00081
109 18 1.00082
109 19 1.00084
109 20 1.00086
109 21 1.00087
109 22 1.00089
109 23 1.00091
109 24 1.00093
109 25 1.00096
109 26 1.00098
109 27 1.001
109 28 1.00103
109 29 1.00106
109 30 1.00109
109 31 1.00111
109 32 1.00114
109 33 1.00117
109 34 1.0012
109 35 1.00124
109 36 1.00127
109 37 1.0013
109 38 1.00133
109 39 1.00136
109 40 1.0014
109 41 1.00143
109 42 1.00146
109 43 1.0015
109 44 1.00153
109 45 1.00157
109 46 1.00161
109 47 1.00165
109 48 1.0017
109 49 1.00174
109 50 1.00179
109 51 1.00184
109 52 1.0019
109 53 1.00196
109 54 1.00202
109 55 1.00209
109 56 1.00215
109 57 1.00222
109 58 1.0023
109 59 1.00237
109 60 1.00244
109 61 1.00251
109 62 1.00258
109 63 1.00265
109 64 1.00271
109 65 1.00277
109 66 1.00282
109 67 1.00286
109 68 1.0029
109 69 1.00293
109 70 1.00296
109 71 1.00297
109 72 1.00298
109 73 1.00298
109 74 1.00297
109 75 1.00296
109 76 1.00294
109 77 1.00291
109 78 1.00288
109 79 1.00285
109 80 1.00281
109 81 1.00277
109 82 1.00273
109 83 1.00269
109 84 1.00264
109 85 1.0026
109 86 1.00256
109 87 1.00252
109 88 1.00248
109 89 1.00245
109 90 1.00241
109 91 1.00238
109 92 1.00235
109 93 1.00232
109 94 1.00228
109 95 1.00225
109 96 1.00222
109 97 1.00218
109 98 1.00214
109 99 1.00209
109 100 1.00203
109 101 1.00196
109 102 1.00187
109 103 1.00178
109 104 1.00167
109 105 1.00154
109 106 1.00142
109 107 1.00128
109 108 1.00115
109 109 1.00103
109 110 1.00092
109 111 1.00082
109 112 1.00074
109 113 1.00069
109 114 1.00066
109 115 1.00065
109 116 1.00068
109 117 1.00072
109 118 1.00076
109 119 1.00083
109 120 1.00092
109 121 1.001
109 122 1.00108
109 123 1.00116
109 124 1.00122
109 125 1.00125
109 126 1.00126
109 127 1.00122

110 0 0
110 1 1.00072
110 2 1.00072
110 3 1.00072
110 4 1.00072
110 5 1.00072
110 6 1.00073
110 7 1.00073
110 8 1.00073
110 9 1.00074
110 10 1.00074
110 11 1.00075
110 12 1.00075
110 13 1.00076
110 14 1.00077
110 15 1.00078
110 16 1.00079
110 17 1.0008
110 18 1.00081
110 19 1.00083
110 20 1.00084
110 21 1.00086
110 22 1.00088
110 23 1.00089
110 24 1.00091
110 25 1.00094
110 26 1.00096
110 27 1.00098
110 28 1.00101
110 29 1.00104
110 30 1.00106
110 31 1.00109
110 32 1.00112
110 33 1.00115
110 34 1.00118
110 35 1.00121
110 36 1.00125
110 37 1.00128
110 38 1.00131
110 39 1.00135
110 40 1.00138
110 41 1.00142
110 42 1.00145
110 43 1.00149
110 44 1.00153
110 45 1.00157
110 46 1.00161
110 47 1.00165
110 48 1.0017
110 49 1.00175
110 50 1.0018
110 51 1.00185
110 52 1.00191
110 53 1.00197
110 54 1.00204
110 55 1.00211
110 56 1.00218
110 57 1.00225
110 58 1.00232
110 59 1.00239
110 60 1.00247
110 61 1.00254
110 62 1.00261
110 63 1.00268
110 64 1.00274
110 65 1.0028
110 66 1.00285
110 67 1.00289
110 68 1.00293
110 69 1.00296
110 70 1.00298
110 71 1.003
110 72 1.003
110 73 1.003
110 74 1.00299
110 75 1.00298
110 76 1.00296
110 77 1.00293
110 78 1.0029
110 79 1.00286
110 80 1.00283
110 81 1.00279
110 82 1.00275
110 83 1.00271
110 84 1.00266
110 85 1.00262
110 86 1.00259
110 87 1.00255
110 88 1.00251
110 89 1.00248
110 90 1.00245
110 91 1.00242
110 92 1.00239
110 93 1.00236
110 94 1.00233
110 95 1.0023
110 96 1.00227
110 97 1.00224
110 98 1.0022
110 99 1.00216
110 100 1.0021
110 101 1.00203
110 102 1.00195
110 103 1.00186
110 104 1.00175
110 105 1.00162
110 106 1.00149
110 107 1.00134
110 108 1.00121
110 109 1.00107
110 110 1.00095
110 111 1.00085
110 112 1.00078
110 113 1.00072
110 114 1.00069
110 115 1.0007
110 116 1.00074
110 117 1.00078
110 118 1.00086
110 119 1.00096
110 120 1.00106
110 121 1.00116
110 122 1.00127
110 123 1.00137
110 124 1.00144
110 125 1.00148
110 126 1.00148
110 127 1.00143

111 0 0
111 1 1.00072
111 2 1.00072
111 3 1.00072
111 4 1.00072
111 5 1.00073
111 6 1.00073
111 7 1.00073
111 8 1.00073
111 9 1.00074
111 10 1.00074
111 11 1.00074
111 12 1.00075
111 13 1.00076
111 14 1.00076
111 15 1.00077
111 16 1.00078
111 17 1.00079
111 18 1.0008
111 19 1.00081
111 20 1.00083
111 21 1.00084
111 22 1.00086
111 23 1.00088
111 24 1.0009
111 25 1.00092
111 26 1.00094
111 27 1.00096
111 28 1.00099
111 29 1.00101
111 30 1.00104
111 31 1.00107
111 32 1.0011
111 33 1.00113
111 34 1.00116
111 35 1.00119
111 36 1.00123
111 37 1.00126
111 38 1.00129
111 39 1.00133
111 40 1.00137
111 41 1.0014
111 42 1.00144
111 43 1.00148
111 44 1.00152
111 45 1.00156
111 46 1.00161
111 47 1.00165
111 48 1.0017
111 49 1.00175
111 50 1.00181
111 51 1.00187
111 52 1.00193
111 53 1.00199
111 54 1.00206
111 55 1.00212
111 56 1.0022
111 57 1.00227
111 58 1.00234
111 59 1.00242
111 60 1.00249
111 61 1.00257
111 62 1.00264
111 63 1.00271
111 64 1.00277
111 65 1.00283
111 66 1.00288
111 67 1.00292
111 68 1.00296
111 69 1.00299
111 70 1.00301
111 71 1.00302
111 72 1.00303
111 73 1.00302
111 74 1.00301
111 75 1.003
111 76 1.00297
111 77 1.00295
111 78 1.00291
111 79 1.00288
111 80 1.00284
111 81 1.0028
111 82 1.00276
111 83 1.00272
111 84 1.00268
111 85 1.00264
111 86 1.0026
111 87 1.00257
111 88 1.00253
111 89 1.0025
111 90 1.00247
111 91 1.00245
111 92 1.00242
111 93 1.0024
111 94 1.00238
111 95 1.00235
111 96 1.00233
111 97 1.0023
111 98 1.00227
111 99 1.00223
111 100 1.00218
111 101 1.00212
111 102 1.00204
111 103 1.00195
111 104 1.00184
111 105 1.00171
111 106 1.00157
111 107 1.00143
111 108 1.00128
111 109 1.00114
111 110 1.00101
111 111 1.00091
111 112 1.00083
111 113 1.00077
111 114 1.00076
111 115 1.00078
111 116 1.00081
111 117 1.00089
111 118 1.00101
111 119 1.00111
111 120 1.00123
111 121 1.00138
111 122 1.00151
111 123 1.00162
111 124 1.00171
111 125 1.00176
111 126 1.00177
111 127 1.0017

112 0 0
112 1 1.00073
112 2 1.00073
112 3 1.00072
112 4 1.00073
112 5 1.00073
112 6 1.00073
112 7 1.00073
112 8 1.00073
112 9 1.00073
112 10 1.00074
112 11 1.00074
112 12 1.00075
112 13 1.00075
112 14 1.00076
112 15 1.00077
112 16 1.00077
112 17 1.00078
112 18 1.00079
112 19 1.0008
112 20 1.00082
112 21 1.00083
112 22 1.00084
112 23 1.00086
112 24 1.00088
112 25 1.0009
112 26 1.00092
112 27 1.00094
112 28 1.00097
112 29 1.00099
112 30 1.00102
112 31 1.00105
112 32 1.00108
112 33 1.00111
112 34 1.00114
112 35 1.00117
112 36 1.00121
112 37 1.00124
112 38 1.00128
112 39 1.00131
112 40 1.00135
112 41 1.00139
112 42 1.00143
112 43 1.00147
112 44 1.00151
112 45 1.00156
112 46 1.00161
112 47 1.00165
112 48 1.00171
112 49 1.00176
112 50 1.00182
112 51 1.00188
112 52 1.00194
112 53 1.002
112 54 1.00207
112 55 1.00214
112 56 1.00222
112 57 1.00229
112 58 1.00237
112 59 1.00244
112 60 1.00252
112 61 1.00259
112 62 1.00266
112 63 1.00273
112 64 1.0028
112 65 1.00285
112 66 1.0029
112 67 1.00295
112 68 1.00298
112 69 1.00301
112 70 1.00303
112 71 1.00304
112 72 1.00305
112 73 1.00304
112 74 1.00303
112 75 1.00301
112 76 1.00299
112 77 1.00296
112 78 1.00293
112 79 1.00289
112 80 1.00285
112 81 1.00281
112 82 1.00277
112 83 1.00273
112 84 1.00269
112 85 1.00266
112 86 1.00262
112 87 1.00259
112 88 1.00255
112 89 1.00253
112 90 1.0025
112 91 1.00248
112 92 1.00245
112 93 1.00243
112 94 1.00242
112 95 1.0024
112 96 1.00238
112 97 1.00236
112 98 1.00233
112 99 1.0023
112 100 1.00226
112 101 1.0022
112 102 1.00213
112 103 1.00205
112 104 1.00194
112 105 1.00182
112 106 1.00168
112 107 1.00154
112 108 1.00138
112 109 1.00124
112 110 1.00111
112 111 1.001
112 112 1.00091
112 113 1.00088
112 114 1.00087
112 115 1.00088
112 116 1.00094
112 117 1.00106
112 118 1.00117
112 119 1.0013
112 120 1.00148
112 121 1.00166
112 122 1.0018
112 123 1.00194
112 124 1.00206
112 125 1.00211
112 126 1.00211
112 127 1.00203

113 0 0
113 1 1.00073
113 2 1.00073
113 3 1.00073
113 4 1.00073
113 5 1.00073
113 6 1.00073
113 7 1.00073
113 8 1.00073
113 9 1.00073
113 10 1.00074
113 11 1.00074
113 12 1.00074
113 13 1.00075
113 14 1.00075
113 15 1.00076
113 16 1.00077
113 17 1.00077
113 18 1.00078
113 19 1.00079
113 20 1.0008
113 21 1.00082
113 22 1.00083
113 23 1.00085
113 24 1.00086
113 25 1.00088
113 26 1.0009
113 27 1.00092
113 28 1.00095
113 29 1.00097
113 30 1.001
113 31 1.00103
113 32 1.00106
113 33 1.00109
113 34 1.00112
113 35 1.00115
113 36 1.00119
113 37 1.00122
113 38 1.00126
113 39 1.0013
113 40 1.00134
113 41 1.00138
113 42 1.00142
113 43 1.00146
113 44 1.00151
113 45 1.00156
113 46 1.0016
113 47 1.00166
113 48 1.00171
113 49 1.00177
113 50 1.00182
113 51 1.00189
113 52 1.00195
113 53 1.00202
113 54 1.00209
113 55 1.00216
113 56 1.00224
113 57 1.00231
113 58 1.00239
113 59 1.00247
113 60 1.00254
113 61 1.00262
113 62 1.00269
113 63 1.00276
113 64 1.00282
113 65 1.00288
113 66 1.00293
113 67 1.00297
113 68 1.00301
113 69 1.00303
113 70 1.00305
113 71 1.00306
113 72 1.00306
113 73 1.00306
113 74 1.00305
113 75 1.00303
113 76 1.003
113 77 1.00297
113 78 1.00294
113 79 1.0029
113 80 1.00286
113 81 1.00282
113 82 1.00278
113 83 1.00274
113 84 1.0027
113 85 1.00267
113 86 1.00263
113 87 1.0026
113 88 1.00257
113 89 1.00254
113 90 1.00252
113 91 1.0025
113 92 1.00248
113 93 1.00247
113 94 1.00245
113 95 1.00244
113 96 1.00243
113 97 1.00241
113 98 1.00239
113 99 1.00237
113 100 1.00233
113 101 1.00229
113 102 1.00223
113 103 1.00215
113 104 1.00206
113 105 1.00194
113 106 1.00181
113 107 1.00166
113 108 1.00152
113 109 1.00138
113 110 1.00124
113 111 1.00112
113 112 1.00105
113 113 1.00102
113 114 1.001
113 115 1.00104
113 116 1.00115
113 117 1.00125
113 118 1.00137
113 119 1.00159
113 120 1.0018
113 121 1.00196
113 122 1.00216
113 123 1.00236
113 124 1.00248
113 125 1.00253
113 126 1.00253
113 127 1.00245

114 0 0
114 1 1.00073
114 2 1.00073
114 3 1.00073
114 4 1.00073
114 5 1.00073
114 6 1.00073
114 7 1.00073
114 8 1.00073
114 9 1.00073
114 10 1.00073
114 11 1.00074
114 12 1.00074
114 13 1.00074
114 14 1.00075
114 15 1.00075
114 16 1.00076
114 17 1.00077
114 18 1.00077
114 19 1.00078
114 20 1.00079
114 21 1.00081
114 22 1.00082
114 23 1.00083
114 24 1.00085
114 25 1.00087
114 26 1.00089
114 27 1.00091
114 28 1.00093
114 29 1.00095
114 30 1.00098
114 31 1.00101
114 32 1.00104
114 33 1.00107
114 34 1.0011
114 35 1.00113
114 36 1.00117
114 37 1.0012
114 38 1.00124
114 39 1.00128
114 40 1.00132
114 41 1.00136
114 42 1.00141
114 43 1.00145
114 44 1.0015
114 45 1.00155
114 46 1.0016
114 47 1.00166
114 48 1.00171
114 49 1.00177
114 50 1.00183
114 51 1.0019
114 52 1.00196
114 53 1.00203
114 54 1.00211
114 55 1.00218
114 56 1.00226
114 57 1.00233
114 58 1.00241
114 59 1.00249
114 60 1.00257
114 61 1.00264
114 62 1.00271
114 63 1.00278
114 64 1.00284
114 65 1.0029
114 66 1.00295
114 67 1.00299
114 68 1.00303
114 69 1.00305
114 70 1.00307
114 71 1.00308
114 72 1.00308
114 73 1.00307
114 74 1.00306
114 75 1.00304
114 76 1.00301
114 77 1.00298
114 78 1.00294
114 79 1.00291
114 80 1.00287
114 81 1.00283
114 82 1.00279
114 83 1.00275
114 84 1.00271
114 85 1.00267
114 86 1.00264
114 87 1.00261
114 88 1.00258
114 89 1.00256
114 90 1.00254
114 91 1.00252
114 92 1.0025
114 93 1.00249
114 94 1.00248
114 95 1.00247
114 96 1.00247
114 97 1.00246
114 98 1.00245
114 99 1.00243
114 100 1.00241
114 101 1.00237
114 102 1.00233
114 103 1.00226
114 104 1.00218
114 105 1.00208
114 106 1.00195
114 107 1.00182
114 108 1.00168
114 109 1.00153
114 110 1.0014
114 111 1.00131
114 112 1.00123
114 113 1.00118
114 114 1.00119
114 115 1.00128
114 116 1.00136
114 117 1.00147
114 118 1.0017
114 119 1.00194
114 120 1.00212
114 121 1.00237
114 122 1.00265
114 123 1.00282
114 124 1.00296
114 125 1.00305
114 126 1.00305
114 127 1.00294

115 0 0
115 1 1.00073
115 2 1.00073
115 3 1.00073
115 4 1.00073
115 5 1.00073
115 6 1.00073
115 7 1.00073
115 8 1.00073
115 9 1.00073
115 10 1.00073
115 11 1.00073
115 12 1.00074
115 13 1.00074
115 14 1.00074
115 15 1.00075
115 16 1.00075
115 17 1.00076
115 18 1.00077
115 19 1.00078
115 20 1.00078
115 21 1.0008
115 22 1.00081
115 23 1.00082
115 24 1.00084
115 25 1.00085
115 26 1.00087
115 27 1.00089
115 28 1.00091
115 29 1.00093
115 30 1.00096
115 31 1.00099
115 32 1.00102
115 33 1.00105
115 34 1.00108
115 35 1.00111
115 36 1.00115
115 37 1.00119
115 38 1.00123
115 39 1.00127
115 40 1.00131
115 41 1.00135
115 42 1.0014
115 43 1.00145
115 44 1.00149
115 45 1.00155
115 46 1.0016
115 47 1.00166
115 48 1.00172
115 49 1.00178
115 50 1.00184
115 51 1.00191
115 52 1.00198
115 53 1.00205
115 54 1.00212
115 55 1.0022
115 56 1.00228
115 57 1.00236
115 58 1.00243
115 59 1.00251
115 60 1.00259
115 61 1.00267
115 62 1.00274
115 63 1.0028
115 64 1.00287
115 65 1.00292
115 66 1.00297
115 67 1.00301
115 68 1.00305
115 69 1.00307
115 70 1.00309
115 71 1.00309
115 72 1.00309
115 73 1.00308
115 74 1.00307
115 75 1.00305
115 76 1.00302
115 77 1.00298
115 78 1.00295
115 79 1.00291
115 80 1.00287
115 81 1.00283
115 82 1.00279
115 83 1.00275
115 84 1.00271
115 85 1.00268
115 86 1.00264
115 87 1.00261
115 88 1.00259
115 89 1.00257
115 90 1.00255
115 91 1.00253
115 92 1.00252
115 93 1.00251
115 94 1.00251
115 95 1.0025
115 96 1.0025
115 97 1.0025
115 98 1.0025
115 99 1.00249
115 100 1.00248
115 101 1.00245
115 102 1.00242
115 103 1.00237
115 104 1.00231
115 105 1.00222
115 106 1.00212
115 107 1.002
115 108 1.00186
115 109 1.00173
115 110 1.00162
115 111 1.00152
115 112 1.00143
115 113 1.00141
115 114 1.00147
115 115 1.00152
115 116 1.0016
115 117 1.00183
115 118 1.0021
115 119 1.00227
115 120 1.00253
115 121 1.00293
115 122 1.00318
115 123 1.00334
115 124 1.00356
115 125 1.00369
115 126 1.00367
115 127 1.00351

116 0 0
116 1 1.00073
116 2 1.00073
116 3 1.00073
116 4 1.00073
116 5 1.00073
116 6 1.00073
116 7 1.00073
116 8 1.00073
116 9 1.00073
116 10 1.00073
116 11 1.00073
116 12 1.00073
116 13 1.00074
116 14 1.00074
116 15 1.00074
116 16 1.00075
116 17 1.00075
116 18 1.00076
116 19 1.00077
116 20 1.00078
116 21 1.00079
116 22 1.0008
116 23 1.00081
116 24 1.00082
116 25 1.00084
116 26 1.00086
116 27 1.00087
116 28 1.0009
116 29 1.00092
116 30 1.00094
116 31 1.00097
116 32 1.001
116 33 1.00103
116 34 1.00106
116 35 1.00109
116 36 1.00113
116 37 1.00117
116 38 1.00121
116 39 1.00125
116 40 1.00129
116 41 1.00134
116 42 1.00139
116 43 1.00144
116 44 1.00149
116 45 1.00154
116 46 1.0016
116 47 1.00166
116 48 1.00172
116 49 1.00178
116 50 1.00185
116 51 1.00192
116 52 1.00199
116 53 1.00206
116 54 1.00214
116 55 1.00222
116 56 1.00229
116 57 1.00237
116 58 1.00245
116 59 1.00253
116 60 1.00261
116 61 1.00269
116 62 1.00276
116 63 1.00283
116 64 1.00289
116 65 1.00294
116 66 1.00299
116 67 1.00303
116 68 1.00306
116 69 1.00309
116 70 1.0031
116 71 1.00311
116 72 1.0031
116 73 1.00309
116 74 1.00308
116 75 1.00305
116 76 1.00302
116 77 1.00299
116 78 1.00295
116 79 1.00291
116 80 1.00287
116 81 1.00283
116 82 1.00279
116 83 1.00275
116 84 1.00271
116 85 1.00268
116 86 1.00265
116 87 1.00262
116 88 1.00259
116 89 1.00257
116 90 1.00256
116 91 1.00254
116 92 1.00253
116 93 1.00253
116 94 1.00253
116 95 1.00253
116 96 1.00253
116 97 1.00253
116 98 1.00254
116 99 1.00254
116 100 1.00254
116 101 1.00253
116 102 1.00251
116 103 1.00248
116 104 1.00243
116 105 1.00237
116 106 1.00229
116 107 1.00218
116 108 1.00208
116 109 1.00197
116 110 1.00186
116 111 1.00176
116 112 1.00172
116 113 1.00172
116 114 1.00173
116 115 1.0018
116 116 1.002
116 117 1.00225
116 118 1.00241
116 119 1.00271
116 120 1.0032
116 121 1.00347
116 122 1.00368
116 123 1.0041
116 124 1.00434
116 125 1.00436
116 126 1.00437
116 127 1.00422

117 0 0
117 1 1.00073
117 2 1.00073
117 3 1.00072
117 4 1.00072
117 5 1.00072
117 6 1.00072
117 7 1.00072
117 8 1.00073
117 9 1.00073
117 10 1.00073
117 11 1.00073
117 12 1.00073
117 13 1.00073
117 14 1.00074
117 15 1.00074
117 16 1.00074
117 17 1.00075
117 18 1.00075
117 19 1.00076
117 20 1.00077
117 21 1.00078
117 22 1.00079
117 23 1.0008
117 24 1.00081
117 25 1.00083
117 26 1.00084
117 27 1.00086
117 28 1.00088
117 29 1.0009
117 30 1.00093
117 31 1.00095
117 32 1.00098
117 33 1.00101
117 34 1.00104
117 35 1.00108
117 36 1.00111
117 37 1.00115
117 38 1.00119
117 39 1.00124
117 40 1.00128
117 41 1.00133
117 42 1.00138
117 43 1.00143
117 44 1.00148
117 45 1.00154
117 46 1.0016
117 47 1.00166
117 48 1.00172
117 49 1.00179
117 50 1.00186
117 51 1.00193
117 52 1.002
117 53 1.00207
117 54 1.00215
117 55 1.00223
117 56 1.00231
117 57 1.00239
117 58 1.00247
117 59 1.00255
117 60 1.00263
117 61 1.00271
117 62 1.00278
117 63 1.00285
117 64 1.00291
117 65 1.00296
117 66 1.00301
117 67 1.00305
117 68 1.00308
117 69 1.0031
117 70 1.00312
117 71 1.00312
117 72 1.00311
117 73 1.0031
117 74 1.00308
117 75 1.00306
117 76 1.00303
117 77 1.00299
117 78 1.00295
117 79 1.00291
117 80 1.00287
117 81 1.00283
117 82 1.00279
117 83 1.00275
117 84 1.00271
117 85 1.00268
117 86 1.00264
117 87 1.00262
117 88 1.00259
117 89 1.00258
117 90 1.00256
117 91 1.00255
117 92 1.00254
117 93 1.00254
117 94 1.00254
117 95 1.00254
117 96 1.00255
117 97 1.00256
117 98 1.00257
117 99 1.00258
117 100 1.00259
117 101 1.00259
117 102 1.00259
117 103 1.00258
117 104 1.00255
117 105 1.00251
117 106 1.00245
117 107 1.00238
117 108 1.00231
117 109 1.00221
117 110 1.00212
117 111 1.00207
117 112 1.00205
117 113 1.00202
117 114 1.00205
117 115 1.00223
117 116 1.00244
117 117 1.00258
117 118 1.00287
117 119 1.0034
117 120 1.00376
117 121 1.00396
117 122 1.00451
117 123 1.00497
117 124 1.00509
117 125 1.00516
117 126 1.00521
117 127 1.00512

118 0 0
118 1 1.00073
118 2 1.00072
118 3 1.00072
118 4 1.00072
118 5 1.00072
118 6 1.00072
118 7 1.00072
118 8 1.00072
118 9 1.00072
118 10 1.00073
118 11 1.00073
118 12 1.00073
118 13 1.00073
118 14 1.00073
118 15 1.00074
118 16 1.00074
118 17 1.00074
118 18 1.00075
118 19 1.00075
118 20 1.00076
118 21 1.00077
118 22 1.00078
118 23 1.00079
118 24 1.0008
118 25 1.00081
118 26 1.00083
118 27 1.00085
118 28 1.00087
118 29 1.00089
118 30 1.00091
118 31 1.00094
118 32 1.00096
118 33 1.00099
118 34 1.00103
118 35 1.00106
118 36 1.0011
118 37 1.00114
118 38 1.00118
118 39 1.00122
118 40 1.00127
118 41 1.00132
118 42 1.00137
118 43 1.00142
118 44 1.00148
118 45 1.00153
118 46 1.0016
118 47 1.00166
118 48 1.00172
118 49 1.00179
118 50 1.00186
118 51 1.00193
118 52 1.00201
118 53 1.00209
118 54 1.00217
118 55 1.00225
118 56 1.00233
118 57 1.00241
118 58 1.00249
118 59 1.00257
118 60 1.00265
118 61 1.00272
118 62 1.0028
118 63 1.00286
118 64 1.00292
118 65 1.00298
118 66 1.00303
118 67 1.00306
118 68 1.00309
118 69 1.00311
118 70 1.00313
118 71 1.00313
118 72 1.00312
118 73 1.00311
118 74 1.00309
118 75 1.00306
118 76 1.00303
118 77 1.00299
118 78 1.00295
118 79 1.00291
118 80 1.00287
118 81 1.00282
118 82 1.00278
118 83 1.00274
118 84 1.00271
118 85 1.00267
118 86 1.00264
118 87 1.00262
118 88 1.00259
118 89 1.00258
118 90 1.00256
118 91 1.00255
118 92 1.00255
118 93 1.00255
118 94 1.00255
118 95 1.00255
118 96 1.00256
118 97 1.00258
118 98 1.00259
118 99 1.00261
118 100 1.00263
118 101 1.00264
118 102 1.00265
118 103 1.00266
118 104 1.00265
118 105 1.00264
118 106 1.00261
118 107 1.00258
118 108 1.00252
118 109 1.00246
118 110 1.00243
118 111 1.00239
118 112 1.00235
118 113 1.00238
118 114 1.00252
118 115 1.00266
118 116 1.00277
118 117 1.00308
118 118 1.00362
118 119 1.00393
118 120 1.00414
118 121 1.00492
118 122 1.00562
118 123 1.00558
118 124 1.00591
118 125 1.00641
118 126 1.00628
118 127 1.00593

119 0 0
119 1 1.00072
119 2 1.00072
119 3 1.00072
119 4 1.00072
119 5 1.00072
119 6 1.00072
119 7 1.00072
119 8 1.00072
119 9 1.00072
119 10 1.00072
119 11 1.00073
119 12 1.00073
119 13 1.00073
119 14 1.00073
119 15 1.00073
119 16 1.00074
119 17 1.00074
119 18 1.00074
119 19 1.00075
119 20 1.00076
119 21 1.00076
119 22 1.00077
119 23 1.00078
119 24 1.00079
119 25 1.00081
119 26 1.00082
119 27 1.00084
119 28 1.00085
119 29 1.00088
119 30 1.0009
119 31 1.00092
119 32 1.00095
119 33 1.00098
119 34 1.00101
119 35 1.00105
119 36 1.00108
119 37 1.00112
119 38 1.00117
119 39 1.00121
119 40 1.00126
119 41 1.00131
119 42 1.00136
119 43 1.00141
119 44 1.00147
119 45 1.00153
119 46 1.00159
119 47 1.00166
119 48 1.00173
119 49 1.0018
119 50 1.00187
119 51 1.00194
119 52 1.00202
119 53 1.0021
119 54 1.00218
119 55 1.00226
119 56 1.00234
119 57 1.00242
119 58 1.00251
119 59 1.00259
119 60 1.00267
119 61 1.00274
119 62 1.00281
119 63 1.00288
119 64 1.00294
119 65 1.00299
119 66 1.00304
119 67 1.00308
119 68 1.00311
119 69 1.00313
119 70 1.00314
119 71 1.00314
119 72 1.00313
119 73 1.00312
119 74 1.00309
119 75 1.00306
119 76 1.00303
119 77 1.00299
119 78 1.00295
119 79 1.00291
119 80 1.00286
119 81 1.00282
119 82 1.00278
119 83 1.00274
119 84 1.0027
119 85 1.00267
119 86 1.00264
119 87 1.00261
119 88 1.00259
119 89 1.00257
119 90 1.00256
119 91 1.00255
119 92 1.00255
119 93 1.00255
119 94 1.00255
119 95 1.00256
119 96 1.00257
119 97 1.00259
119 98 1.00261
119 99 1.00263
119 100 1.00265
119 101 1.00268
119 102 1.0027
119 103 1.00272
119 104 1.00274
119 105 1.00275
119 106 1.00275
119 107 1.00274
119 108 1.00273
119 109 1.00272
119 110 1.00271
119 111 1.00269
119 112 1.00272
119 113 1.00282
119 114 1.00292
119 115 1.00302
119 116 1.00332
119 117 1.00377
119 118 1.00409
119 119 1.00438
119 120 1.00515
119 121 1.00598
119 122 1.00612
119 123 1.00657
119 124 1.00739
119 125 1.00747
119 126 1.00741
119 127 1.00698

120 0 0
120 1 1.00072
120 2 1.00072
120 3 1.00072
120 4 1.00072
120 5 1.00072
120 6 1.00072
120 7 1.00072
120 8 1.00072
120 9 1.00072
120 10 1.00072
120 11 1.00072
120 12 1.00072
120 13 1.00073
120 14 1.00073
120 15 1.00073
120 16 1.00073
120 17 1.00074
120 18 1.00074
120 19 1.00074
120 20 1.00075
120 21 1.00076
120 22 1.00076
120 23 1.00077
120 24 1.00078
120 25 1.0008
120 26 1.00081
120 27 1.00083
120 28 1.00084
120 29 1.00086
120 30 1.00089
120 31 1.00091
120 32 1.00094
120 33 1.00097
120 34 1.001
120 35 1.00103
120 36 1.00107
120 37 1.00111
120 38 1.00115
120 39 1.0012
120 40 1.00125
120 41 1.0013
120 42 1.00135
120 43 1.00141
120 44 1.00147
120 45 1.00153
120 46 1.00159
120 47 1.00166
120 48 1.00173
120 49 1.0018
120 50 1.00187
120 51 1.00195
120 52 1.00203
120 53 1.00211
120 54 1.00219
120 55 1.00227
120 56 1.00235
120 57 1.00244
120 58 1.00252
120 59 1.0026
120 60 1.00268
120 61 1.00276
120 62 1.00283
120 63 1.00289
120 64 1.00295
120 65 1.00301
120 66 1.00305
120 67 1.00309
120 68 1.00312
120 69 1.00314
120 70 1.00315
120 71 1.00315
120 72 1.00314
120 73 1.00312
120 74 1.0031
120 75 1.00307
120 76 1.00303
120 77 1.00299
120 78 1.00295
120 79 1.00291
120 80 1.00286
120 81 1.00282
120 82 1.00277
120 83 1.00273
120 84 1.00269
120 85 1.00266
120 86 1.00263
120 87 1.0026
120 88 1.00258
120 89 1.00257
120 90 1.00255
120 91 1.00255
120 92 1.00254
120 93 1.00255
120 94 1.00255
120 95 1.00256
120 96 1.00257
120 97 1.00259
120 98 1.00261
120 99 1.00264
120 100 1.00267
120 101 1.0027
120 102 1.00273
120 103 1.00277
120 104 1.0028
120 105 1.00283
120 106 1.00285
120 107 1.00288
120 108 1.00291
120 109 1.00293
120 110 1.00295
120 111 1.00301
120 112 1.0031
120 113 1.00317
120 114 1.00328
120 115 1.00357
120 116 1.00396
120 117 1.00418
120 118 1.0045
120 119 1.0054
120 120 1.0063
120 121 1.0063
120 122 1.00677
120 123 1.00863
120 124 1.0089
120 125 1.00811
120 126 1.00864
120 127 1.00894

121 0 0
121 1 1.00072
121 2 1.00072
121 3 1.00072
121 4 1.00072
121 5 1.00072
121 6 1.00072
121 7 1.00072
121 8 1.00072
121 9 1.00072
121 10 1.00072
121 11 1.00072
121 12 1.00072
121 13 1.00072
121 14 1.00073
121 15 1.00073
121 16 1.00073
121 17 1.00073
121 18 1.00074
121 19 1.00074
121 20 1.00075
121 21 1.00075
121 22 1.00076
121 23 1.00077
121 24 1.00078
121 25 1.00079
121 26 1.0008
121 27 1.00082
121 28 1.00083
121 29 1.00085
121 30 1.00087
121 31 1.0009
121 32 1.00093
121 33 1.00095
121 34 1.00099
121 35 1.00102
121 36 1.00106
121 37 1.0011
121 38 1.00114
121 39 1.00119
121 40 1.00124
121 41 1.00129
121 42 1.00134
121 43 1.0014
121 44 1.00146
121 45 1.00153
121 46 1.00159
121 47 1.00166
121 48 1.00173
121 49 1.0018
121 50 1.00188
121 51 1.00196
121 52 1.00204
121 53 1.00212
121 54 1.0022
121 55 1.00228
121 56 1.00237
121 57 1.00245
121 58 1.00253
121 59 1.00261
121 60 1.00269
121 61 1.00277
121 62 1.00284
121 63 1.00291
121 64 1.00297
121 65 1.00302
121 66 1.00306
121 67 1.0031
121 68 1.00313
121 69 1.00314
121 70 1.00315
121 71 1.00315
121 72 1.00314
121 73 1.00313
121 74 1.0031
121 75 1.00307
121 76 1.00303
121 77 1.00299
121 78 1.00295
121 79 1.0029
121 80 1.00286
121 81 1.00281
121 82 1.00277
121 83 1.00273
121 84 1.00269
121 85 1.00265
121 86 1.00262
121 87 1.0026
121 88 1.00258
121 89 1.00256
121 90 1.00255
121 91 1.00254
121 92 1.00254
121 93 1.00254
121 94 1.00255
121 95 1.00256
121 96 1.00257
121 97 1.00259
121 98 1.00261
121 99 1.00264
121 100 1.00267
121 101 1.00271
121 102 1.00275
121 103 1.00279
121 104 1.00283
121 105 1.00288
121 106 1.00293
121 107 1.00298
121 108 1.00303
121 109 1.00309
121 110 1.00317
121 111 1.00326
121 112 1.00335
121 113 1.0035
121 114 1.00376
121 115 1.00403
121 116 1.00426
121 117 1.00471
121 118 1.0055
121 119 1.00612
121 120 1.00645
121 121 1.00741
121 122 1.00913
121 123 1.00935
121 124 1.00901
121 125 1.01079
121 126 1.01067
121 127 1.01013

122 0 0
122 1 1.00072
122 2 1.00072
122 3 1.00072
122 4 1.00072
122 5 1.00072
122 6 1.00072
122 7 1.00072
122 8 1.00072
122 9 1.00072
122 10 1.00072
122 11 1.00072
122 12 1.00072
122 13 1.00072
122 14 1.00072
122 15 1.00072
122 16 1.00073
122 17 1.00073
122 18 1.00073
122 19 1.00074
122 20 1.00074
122 21 1.00075
122 22 1.00075
122 23 1.00076
122 24 1.00077
122 25 1.00078
122 26 1.00079
122 27 1.00081
122 28 1.00083
122 29 1.00084
122 30 1.00087
122 31 1.00089
122 32 1.00092
122 33 1.00094
122 34 1.00098
122 35 1.00101
122 36 1.00105
122 37 1.00109
122 38 1.00113
122 39 1.00118
122 40 1.00123
122 41 1.00128
122 42 1.00134
122 43 1.0014
122 44 1.00146
122 45 1.00152
122 46 1.00159
122 47 1.00166
122 48 1.00173
122 49 1.00181
122 50 1.00188
122 51 1.00196
122 52 1.00204
122 53 1.00212
122 54 1.00221
122 55 1.00229
122 56 1.00238
122 57 1.00246
122 58 1.00254
122 59 1.00262
122 60 1.0027
122 61 1.00278
122 62 1.00285
122 63 1.00292
122 64 1.00298
122 65 1.00303
122 66 1.00307
122 67 1.00311
122 68 1.00314
122 69 1.00315
122 70 1.00316
122 71 1.00316
122 72 1.00315
122 73 1.00313
122 74 1.0031
122 75 1.00307
122 76 1.00303
122 77 1.00299
122 78 1.00295
122 79 1.0029
122 80 1.00285
122 81 1.00281
122 82 1.00276
122 83 1.00272
122 84 1.00268
122 85 1.00265
122 86 1.00262
122 87 1.00259
122 88 1.00257
122 89 1.00255
122 90 1.00254
122 91 1.00253
122 92 1.00253
122 93 1.00253
122 94 1.00254
122 95 1.00255
122 96 1.00256
122 97 1.00258
122 98 1.0026
122 99 1.00263
122 100 1.00266
122 101 1.0027
122 102 1.00274
122 103 1.00279
122 104 1.00284
122 105 1.0029
122 106 1.00296
122 107 1.00303
122 108 1.00311
122 109 1.0032
122 110 1.00331
122 111 1.00342
122 112 1.00358
122 113 1.00382
122 114 1.00407
122 115 1.0043
122 116 1.00472
122 117 1.00542
122 118 1.00602
122 119 1.00632
122 120 1.00732
122 121 1.00928
122 122 1.01024
122 123 1.00925
122 124 1.01134
122 125 1.01449
122 126 1.0128
122 127 1.00977

123 0 0
123 1 1.00072
123 2 1.00072
123 3 1.00072
123 4 1.00072
123 5 1.00072
123 6 1.00072
123 7 1.00072
123 8 1.00072
123 9 1.00072
123 10 1.00072
123 11 1.00072
123 12 1.00072
123 13 1.00072
123 14 1.00072
123 15 1.00072
123 16 1.00072
123 17 1.00073
123 18 1.00073
123 19 1.00073
123 20 1.00074
123 21 1.00074
123 22 1.00075
123 23 1.00076
123 24 1.00077
123 25 1.00078
123 26 1.00079
123 27 1.0008
123 28 1.00082
123 29 1.00084
123 30 1.00086
123 31 1.00088
123 32 1.00091
123 33 1.00094
123 34 1.00097
123 35 1.001
123 36 1.00104
123 37 1.00108
123 38 1.00112
123 39 1.00117
123 40 1.00122
123 41 1.00128
123 42 1.00133
123 43 1.00139
123 44 1.00146
123 45 1.00152
123 46 1.00159
123 47 1.00166
123 48 1.00173
123 49 1.00181
123 50 1.00189
123 51 1.00197
123 52 1.00205
123 53 1.00213
123 54 1.00221
123 55 1.0023
123 56 1.00238
123 57 1.00247
123 58 1.00255
123 59 1.00263
123 60 1.00271
123 61 1.00279
123 62 1.00286
123 63 1.00292
123 64 1.00298
123 65 1.00304
123 66 1.00308
123 67 1.00312
123 68 1.00314
123 69 1.00316
123 70 1.00317
123 71 1.00316
123 72 1.00315
123 73 1.00313
123 74 1.00311
123 75 1.00307
123 76 1.00303
123 77 1.00299
123 78 1.00294
123 79 1.0029
123 80 1.00285
123 81 1.0028
123 82 1.00276
123 83 1.00271
123 84 1.00267
123 85 1.00264
123 86 1.00261
123 87 1.00258
123 88 1.00256
123 89 1.00254
123 90 1.00253
123 91 1.00252
123 92 1.00252
123 93 1.00252
123 94 1.00253
123 95 1.00254
123 96 1.00255
123 97 1.00257
123 98 1.00259
123 99 1.00262
123 100 1.00265
123 101 1.00268
123 102 1.00272
123 103 1.00277
123 104 1.00283
123 105 1.00289
123 106 1.00295
123 107 1.00304
123 108 1.00314
123 109 1.00324
123 110 1.00336
123 111 1.00353
123 112 1.00375
123 113 1.00395
123 114 1.0042
123 115 1.00467
123 116 1.00519
123 117 1.00553
123 118 1.00609
123 119 1.00745
123 120 1.00873
123 121 1.00885
123 122 1.00988
123 123 1.01386
123 124 1.01628
123 125 1.01127
123 126 1.01391
123 127 1.01867

124 0 0
124 1 1.00072
124 2 1.00072
124 3 1.00072
124 4 1.00072
124 5 1.00071
124 6 1.00071
124 7 1.00071
124 8 1.00071
124 9 1.00072
124 10 1.00072
124 11 1.00072
124 12 1.00072
124 13 1.00072
124 14 1.00072
124 15 1.00072
124 16 1.00072
124 17 1.00072
124 18 1.00073
124 19 1.00073
124 20 1.00073
124 21 1.00074
124 22 1.00075
124 23 1.00075
124 24 1.00076
124 25 1.00077
124 26 1.00078
124 27 1.0008
124 28 1.00081
124 29 1.00083
124 30 1.00085
124 31 1.00087
124 32 1.0009
124 33 1.00093
124 34 1.00096
124 35 1.00099
124 36 1.00103
124 37 1.00107
124 38 1.00112
124 39 1.00117
124 40 1.00122
124 41 1.00127
124 42 1.00133
124 43 1.00139
124 44 1.00145
124 45 1.00152
124 46 1.00159
124 47 1.00166
124 48 1.00173
124 49 1.00181
124 50 1.00189
124 51 1.00197
124 52 1.00205
124 53 1.00214
124 54 1.00222
124 55 1.0023
124 56 1.00239
124 57 1.00247
124 58 1.00256
124 59 1.00264
124 60 1.00272
124 61 1.00279
124 62 1.00286
124 63 1.00293
124 64 1.00299
124 65 1.00304
124 66 1.00309
124 67 1.00312
124 68 1.00315
124 69 1.00316
124 70 1.00317
124 71 1.00317
124 72 1.00316
124 73 1.00314
124 74 1.00311
124 75 1.00307
124 76 1.00303
124 77 1.00299
124 78 1.00294
124 79 1.00289
124 80 1.00285
124 81 1.0028
124 82 1.00275
124 83 1.00271
124 84 1.00267
124 85 1.00263
124 86 1.0026
124 87 1.00257
124 88 1.00255
124 89 1.00253
124 90 1.00252
124 91 1.00251
124 92 1.00251
124 93 1.00251
124 94 1.00252
124 95 1.00252
124 96 1.00254
124 97 1.00255
124 98 1.00257
124 99 1.00259
124 100 1.00262
124 101 1.00265
124 102 1.00269
124 103 1.00274
124 104 1.00279
124 105 1.00285
124 106 1.00292
124 107 1.003
124 108 1.0031
124 109 1.00322
124 110 1.00336
124 111 1.00354
124 112 1.00375
124 113 1.00401
124 114 1.00435
124 115 1.00476
124 116 1.0052
124 117 1.00581
124 118 1.00664
124 119 1.00763
124 120 1.0085
124 121 1.00971
124 122 1.01176
124 123 1.01502
124 124 1.01626
124 125 1.01642
124 126 1.02048
124 127 1.01972

125 0 0
125 1 1.00072
125 2 1.00072
125 3 1.00071
125 4 1.00071
125 5 1.00071
125 6 1.00071
125 7 1.00071
125 8 1.00071
125 9 1.00071
125 10 1.00071
125 11 1.00071
125 12 1.00072
125 13 1.00072
125 14 1.00072
125 15 1.00072
125 16 1.00072
125 17 1.00072
125 18 1.00073
125 19 1.00073
125 20 1.00073
125 21 1.00074
125 22 1.00074
125 23 1.00075
125 24 1.00076
125 25 1.00077
125 26 1.00078
125 27 1.00079
125 28 1.00081
125 29 1.00083
125 30 1.00085
125 31 1.00087
125 32 1.00089
125 33 1.00092
125 34 1.00095
125 35 1.00099
125 36 1.00103
125 37 1.00107
125 38 1.00111
125 39 1.00116
125 40 1.00121
125 41 1.00127
125 42 1.00133
125 43 1.00139
125 44 1.00145
125 45 1.00152
125 46 1.00159
125 47 1.00166
125 48 1.00174
125 49 1.00181
125 50 1.00189
125 51 1.00197
125 52 1.00205
125 53 1.00214
125 54 1.00222
125 55 1.00231
125 56 1.00239
125 57 1.00248
125 58 1.00256
125 59 1.00264
125 60 1.00272
125 61 1.0028
125 62 1.00287
125 63 1.00293
125 64 1.00299
125 65 1.00305
125 66 1.00309
125 67 1.00313
125 68 1.00315
125 69 1.00317
125 70 1.00318
125 71 1.00317
125 72 1.00316
125 73 1.00314
125 74 1.00311
125 75 1.00308
125 76 1.00304
125 77 1.00299
125 78 1.00294
125 79 1.00289
125 80 1.00284
125 81 1.00279
125 82 1.00275
125 83 1.0027
125 84 1.00266
125 85 1.00262
125 86 1.00259
125 87 1.00257
125 88 1.00254
125 89 1.00253
125 90 1.00251
125 91 1.0025
125 92 1.0025
125 93 1.0025
125 94 1.0025
125 95 1.00251
125 96 1.00252
125 97 1.00253
125 98 1.00255
125 99 1.00257
125 100 1.00259
125 101 1.00262
125 102 1.00265
125 103 1.00269
125 104 1.00274
125 105 1.00279
125 106 1.00286
125 107 1.00293
125 108 1.00303
125 109 1.00315
125 110 1.0033
125 111 1.00346
125 112 1.00367
125 113 1.00399
125 114 1.00434
125 115 1.00466
125 116 1.00515
125 117 1.00607
125 118 1.00677
125 119 1.00712
125 120 1.00848
125 121 1.0117
125 122 1.0125
125 123 1.0113
125 124 1.01613
125 125 1.03319
125 126 1.02942
125 127 1.00425

126 0 0
126 1 1.00072
126 2 1.00071
126 3 1.00071
126 4 1.00071
126 5 1.00071
126 6 1.00071
126 7 1.00071
126 8 1.00071
126 9 1.00071
126 10 1.00071
126 11 1.00071
126 12 1.00071
126 13 1.00071
126 14 1.00072
126 15 1.00072
126 16 1.00072
126 17 1.00072
126 18 1.00072
126 19 1.00073
126 20 1.00073
126 21 1.00073
126 22 1.00074
126 23 1.00075
126 24 1.00076
126 25 1.00076
126 26 1.00078
126 27 1.00079
126 28 1.0008
126 29 1.00082
126 30 1.00084
126 31 1.00086
126 32 1.00089
126 33 1.00092
126 34 1.00095
126 35 1.00098
126 36 1.00102
126 37 1.00106
126 38 1.00111
126 39 1.00116
126 40 1.00121
126 41 1.00126
126 42 1.00132
126 43 1.00138
126 44 1.00145
126 45 1.00152
126 46 1.00159
126 47 1.00166
126 48 1.00174
126 49 1.00181
126 50 1.00189
126 51 1.00197
126 52 1.00206
126 53 1.00214
126 54 1.00222
126 55 1.00231
126 56 1.00239
126 57 1.00248
126 58 1.00256
126 59 1.00264
126 60 1.00272
126 61 1.0028
126 62 1.00287
126 63 1.00294
126 64 1.003
126 65 1.00305
126 66 1.0031
126 67 1.00313
126 68 1.00316
126 69 1.00318
126 70 1.00318
126 71 1.00318
126 72 1.00317
126 73 1.00315
126 74 1.00312
126 75 1.00308
126 76 1.00304
126 77 1.00299
126 78 1.00294
126 79 1.00289
126 80 1.00284
126 81 1.00279
126 82 1.00274
126 83 1.0027
126 84 1.00265
126 85 1.00262
126 86 1.00258
126 87 1.00256
126 88 1.00253
126 89 1.00251
126 90 1.0025
126 91 1.00249
126 92 1.00249
126 93 1.00248
126 94 1.00249
126 95 1.00249
126 96 1.0025
126 97 1.00251
126 98 1.00252
126 99 1.00254
126 100 1.00255
126 101 1.00258
126 102 1.0026
126 103 1.00263
126 104 1.00267
126 105 1.00271
126 106 1.00277
126 107 1.00284
126 108 1.00293
126 109 1.00303
126 110 1.00316
126 111 1.00334
126 112 1.00356
126 113 1.00379
126 114 1.00413
126 115 1.00463
126 116 1.00511
126 117 1.00556
126 118 1.00651
126 119 1.0079
126 120 1.00849
126 121 1.00917
126 122 1.01271
126 123 1.01697
126 124 1.01552
126 125 1.01927
126 126 1.03776
126 127 1.06712

127 0 0
127 1 0
127 2 0
127 3 0
127 4 0
127 5 0
127 6 0
127 7 0
127 8 0
127 9 0
127 10 0
127 11 0
127 12 0
127 13 0
127 14 0
127 15 0
127 16 0
127 17 0
127 18 0
127 19 0
127 20 0
127 21 0
127 22 0
127 23 0
127 24 0
127 25 0
127 26 0
127 27 0
127 28 0
127 29 0
127 30 0
127 31 0
127 32 0
127 33 0
127 34 0
127 35 0
127 36 0
127 37 0
127 38 0
127 39 0
127 40 0
127 41 0
127 42 0
127 43 0
127 44 0
127 45 0
127 46 0
127 47 0
127 48 0
127 49 0
127 50 0
127 51 0
127 52 0
127 53 0
127 54 0
127 55 0
127 56 0
127 57 0
127 58 0
127 59 0
127 60 0
127 61 0
127 62 0
127 63 0
127 64 0
127 65 0
127 66 0
127 67 0
127 68 0
127 69 0
127 70 0
127 71 0
127 72 0
127 73 0
127 74 0
127 75 0
127 76 0
127 77 0
127 78 0
127 79 0
127 80 0
127 81 0
127 82 0
127 83 0
127 84 0
127 85 0
127 86 0
127 87 0
127 88 0
127 89 0
127 90 0
127 91 0
127 92 0
127 93 0
127 94 0
127 95 0
127 96 0
127 97 0
127 98 0
127 99 0
127 100 0
127 101 0
127 102 0
127 103 0
127 104 0
127 105 0
127 106 0
127 107 0
127 108 0
127 109 0
127 110 0
127 111 0
127 112 0
127 113 0
127 114 0
127 115 0
127 116 0
127 117 0
127 118 0
127 119 0
127 120 0
127 121 0
127 122 0
127 123 0
127 124 0
127 125 0
127 126 0
127 127 0

