0 0 0
0 1 0
0 2 0
0 3 0
0 4 0
0 5 0
0 6 0
0 7 0
0 8 0
0 9 0
0 10 0
0 11 0
0 12 0
0 13 0
0 14 0
0 15 0
0 16 0
0 17 0
0 18 0
0 19 0
0 20 0
0 21 0
0 22 0
0 23 0
0 24 0
0 25 0
0 26 0
0 27 0
0 28 0
0 29 0
0 30 0
0 31 0
0 32 0
0 33 0
0 34 0
0 35 0
0 36 0
0 37 0
0 38 0
0 39 0
0 40 0
0 41 0
0 42 0
0 43 0
0 44 0
0 45 0
0 46 0
0 47 0
0 48 0
0 49 0
0 50 0
0 51 0
0 52 0
0 53 0
0 54 0
0 55 0
0 56 0
0 57 0
0 58 0
0 59 0
0 60 0
0 61 0
0 62 0
0 63 0
0 64 0
0 65 0
0 66 0
0 67 0
0 68 0
0 69 0
0 70 0
0 71 0
0 72 0
0 73 0
0 74 0
0 75 0
0 76 0
0 77 0
0 78 0
0 79 0
0 80 0
0 81 0
0 82 0
0 83 0
0 84 0
0 85 0
0 86 0
0 87 0
0 88 0
0 89 0
0 90 0
0 91 0
0 92 0
0 93 0
0 94 0
0 95 0
0 96 0
0 97 0
0 98 0
0 99 0
0 100 0
0 101 0
0 102 0
0 103 0
0 104 0
0 105 0
0 106 0
0 107 0
0 108 0
0 109 0
0 110 0
0 111 0
0 112 0
0 113 0
0 114 0
0 115 0
0 116 0
0 117 0
0 118 0
0 119 0
0 120 0
0 121 0
0 122 0
0 123 0
0 124 0
0 125 0
0 126 0
0 127 0

1 0 0
1 1 1.00066
1 2 1.00066
1 3 1.00066
1 4 1.00066
1 5 1.00066
1 6 1.00066
1 7 1.00066
1 8 1.00067
1 9 1.00067
1 10 1.00067
1 11 1.00067
1 12 1.00067
1 13 1.00068
1 14 1.00068
1 15 1.00068
1 16 1.00068
1 17 1.00068
1 18 1.00069
1 19 1.00069
1 20 1.00069
1 21 1.00069
1 22 1.00069
1 23 1.00069
1 24 1.00069
1 25 1.00069
1 26 1.00069
1 27 1.00069
1 28 1.00069
1 29 1.00069
1 30 1.00069
1 31 1.00069
1 32 1.00068
1 33 1.00068
1 34 1.00067
1 35 1.00067
1 36 1.00066
1 37 1.00066
1 38 1.00065
1 39 1.00064
1 40 1.00063
1 41 1.00062
1 42 1.00061
1 43 1.0006
1 44 1.00059
1 45 1.00058
1 46 1.00056
1 47 1.00055
1 48 1.00053
1 49 1.00052
1 50 1.0005
1 51 1.00048
1 52 1.00047
1 53 1.00045
1 54 1.00043
1 55 1.00041
1 56 1.00039
1 57 1.00037
1 58 1.00034
1 59 1.00032
1 60 1.0003
1 61 1.00028
1 62 1.00026
1 63 1.00023
1 64 1.00021
1 65 1.00019
1 66 1.00017
1 67 1.00014
1 68 1.00012
1 69 1.0001
1 70 1.00008
1 71 1.00006
1 72 1.00003
1 73 1.00001
1 74 0.999994
1 75 0.999974
1 76 0.999955
1 77 0.999936
1 78 0.999918
1 79 0.999901
1 80 0.999884
1 81 0.999868
1 82 0.999853
1 83 0.999838
1 84 0.999824
1 85 0.99981
1 86 0.999797
1 87 0.999785
1 88 0.999774
1 89 0.999763
1 90 0.999752
1 91 0.999743
1 92 0.999733
1 93 0.999725
1 94 0.999716
1 95 0.999708
1 96 0.999701
1 97 0.999693
1 98 0.999686
1 99 0.999679
1 100 0.999673
1 101 0.999666
1 102 0.999659
1 103 0.999652
1 104 0.999645
1 105 0.999637
1 106 0.999628
1 107 0.99962
1 108 0.999609
1 109 0.999591
1 110 0.999579
1 111 0.999569
1 112 0.999534
1 113 0.999491
1 114 0.999487
1 115 0.999458
1 116 0.999302
1 117 0.999229
1 118 0.999324
1 119 0.999043
1 120 0.998365
1 121 0.998655
1 122 0.999012
1 123 0.996375
1 124 0.994352
1 125 0.996965
1 126 0.994276
1 127 0.972091

2 0 0
2 1 1.00066
2 2 1.00066
2 3 1.00066
2 4 1.00066
2 5 1.00066
2 6 1.00066
2 7 1.00066
2 8 1.00067
2 9 1.00067
2 10 1.00067
2 11 1.00067
2 12 1.00067
2 13 1.00067
2 14 1.00068
2 15 1.00068
2 16 1.00068
2 17 1.00068
2 18 1.00068
2 19 1.00069
2 20 1.00069
2 21 1.00069
2 22 1.00069
2 23 1.00069
2 24 1.00069
2 25 1.00069
2 26 1.00069
2 27 1.00069
2 28 1.00069
2 29 1.00069
2 30 1.00068
2 31 1.00068
2 32 1.00068
2 33 1.00067
2 34 1.00067
2 35 1.00066
2 36 1.00066
2 37 1.00065
2 38 1.00064
2 39 1.00064
2 40 1.00063
2 41 1.00062
2 42 1.00061
2 43 1.0006
2 44 1.00058
2 45 1.00057
2 46 1.00056
2 47 1.00054
2 48 1.00053
2 49 1.00051
2 50 1.0005
2 51 1.00048
2 52 1.00046
2 53 1.00044
2 54 1.00042
2 55 1.0004
2 56 1.00038
2 57 1.00036
2 58 1.00034
2 59 1.00032
2 60 1.0003
2 61 1.00027
2 62 1.00025
2 63 1.00023
2 64 1.00021
2 65 1.00019
2 66 1.00016
2 67 1.00014
2 68 1.00012
2 69 1.0001
2 70 1.00008
2 71 1.00005
2 72 1.00003
2 73 1.00001
2 74 0.999994
2 75 0.999975
2 76 0.999956
2 77 0.999937
2 78 0.99992
2 79 0.999903
2 80 0.999886
2 81 0.99987
2 82 0.999855
2 83 0.99984
2 84 0.999826
2 85 0.999813
2 86 0.9998
2 87 0.999788
2 88 0.999777
2 89 0.999766
2 90 0.999755
2 91 0.999746
2 92 0.999736
2 93 0.999727
2 94 0.999719
2 95 0.999711
2 96 0.999703
2 97 0.999695
2 98 0.999688
2 99 0.99968
2 100 0.999673
2 101 0.999666
2 102 0.999658
2 103 0.99965
2 104 0.999641
2 105 0.999633
2 106 0.999623
2 107 0.999609
2 108 0.999597
2 109 0.999587
2 110 0.999562
2 111 0.999532
2 112 0.999523
2 113 0.9995
2 114 0.9994
2 115 0.999349
2 116 0.999403
2 117 0.999244
2 118 0.998796
2 119 0.998978
2 120 0.999338
2 121 0.99785
2 122 0.996168
2 123 0.999217
2 124 0.999799
2 125 0.985837
2 126 0.985081
2 127 1.01292

3 0 0
3 1 1.00066
3 2 1.00066
3 3 1.00066
3 4 1.00066
3 5 1.00066
3 6 1.00066
3 7 1.00066
3 8 1.00067
3 9 1.00067
3 10 1.00067
3 11 1.00067
3 12 1.00067
3 13 1.00067
3 14 1.00068
3 15 1.00068
3 16 1.00068
3 17 1.00068
3 18 1.00068
3 19 1.00068
3 20 1.00068
3 21 1.00069
3 22 1.00069
3 23 1.00069
3 24 1.00069
3 25 1.00069
3 26 1.00069
3 27 1.00069
3 28 1.00068
3 29 1.00068
3 30 1.00068
3 31 1.00068
3 32 1.00067
3 33 1.00067
3 34 1.00066
3 35 1.00066
3 36 1.00065
3 37 1.00065
3 38 1.00064
3 39 1.00063
3 40 1.00062
3 41 1.00061
3 42 1.0006
3 43 1.00059
3 44 1.00058
3 45 1.00057
3 46 1.00055
3 47 1.00054
3 48 1.00052
3 49 1.00051
3 50 1.00049
3 51 1.00047
3 52 1.00045
3 53 1.00044
3 54 1.00042
3 55 1.0004
3 56 1.00038
3 57 1.00036
3 58 1.00034
3 59 1.00031
3 60 1.00029
3 61 1.00027
3 62 1.00025
3 63 1.00023
3 64 1.00021
3 65 1.00018
3 66 1.00016
3 67 1.00014
3 68 1.00012
3 69 1.0001
3 70 1.00007
3 71 1.00005
3 72 1.00003
3 73 1.00001
3 74 0.999994
3 75 0.999975
3 76 0.999956
3 77 0.999938
3 78 0.999921
3 79 0.999904
3 80 0.999887
3 81 0.999872
3 82 0.999857
3 83 0.999842
3 84 0.999828
3 85 0.999815
3 86 0.999803
3 87 0.999791
3 88 0.999779
3 89 0.999768
3 90 0.999758
3 91 0.999748
3 92 0.999739
3 93 0.99973
3 94 0.999721
3 95 0.999713
3 96 0.999705
3 97 0.999697
3 98 0.999689
3 99 0.999681
3 100 0.999674
3 101 0.999666
3 102 0.999658
3 103 0.999649
3 104 0.999639
3 105 0.999629
3 106 0.999619
3 107 0.999606
3 108 0.999589
3 109 0.999575
3 110 0.999557
3 111 0.999524
3 112 0.999489
3 113 0.999476
3 114 0.999426
3 115 0.99931
3 116 0.999258
3 117 0.999285
3 118 0.999032
3 119 0.998602
3 120 0.998738
3 121 0.998921
3 122 0.997409
3 123 0.995935
3 124 0.997852
3 125 0.997522
3 126 0.99066
3 127 0.999323

4 0 0
4 1 1.00066
4 2 1.00066
4 3 1.00066
4 4 1.00066
4 5 1.00066
4 6 1.00066
4 7 1.00066
4 8 1.00067
4 9 1.00067
4 10 1.00067
4 11 1.00067
4 12 1.00067
4 13 1.00067
4 14 1.00067
4 15 1.00068
4 16 1.00068
4 17 1.00068
4 18 1.00068
4 19 1.00068
4 20 1.00068
4 21 1.00068
4 22 1.00068
4 23 1.00068
4 24 1.00068
4 25 1.00068
4 26 1.00068
4 27 1.00068
4 28 1.00068
4 29 1.00068
4 30 1.00068
4 31 1.00067
4 32 1.00067
4 33 1.00067
4 34 1.00066
4 35 1.00066
4 36 1.00065
4 37 1.00064
4 38 1.00064
4 39 1.00063
4 40 1.00062
4 41 1.00061
4 42 1.0006
4 43 1.00059
4 44 1.00057
4 45 1.00056
4 46 1.00055
4 47 1.00053
4 48 1.00052
4 49 1.0005
4 50 1.00049
4 51 1.00047
4 52 1.00045
4 53 1.00043
4 54 1.00041
4 55 1.00039
4 56 1.00037
4 57 1.00035
4 58 1.00033
4 59 1.00031
4 60 1.00029
4 61 1.00027
4 62 1.00025
4 63 1.00022
4 64 1.0002
4 65 1.00018
4 66 1.00016
4 67 1.00014
4 68 1.00012
4 69 1.00009
4 70 1.00007
4 71 1.00005
4 72 1.00003
4 73 1.00001
4 74 0.999994
4 75 0.999975
4 76 0.999956
4 77 0.999938
4 78 0.999921
4 79 0.999904
4 80 0.999888
4 81 0.999873
4 82 0.999858
4 83 0.999844
4 84 0.99983
4 85 0.999817
4 86 0.999805
4 87 0.999793
4 88 0.999781
4 89 0.99977
4 90 0.99976
4 91 0.99975
4 92 0.999741
4 93 0.999732
4 94 0.999723
4 95 0.999715
4 96 0.999707
4 97 0.999699
4 98 0.999691
4 99 0.999683
4 100 0.999675
4 101 0.999666
4 102 0.999658
4 103 0.999649
4 104 0.999639
4 105 0.999627
4 106 0.999615
4 107 0.999605
4 108 0.999588
4 109 0.999563
4 110 0.999547
4 111 0.999535
4 112 0.999482
4 113 0.999419
4 114 0.999433
4 115 0.999401
4 116 0.999158
4 117 0.999063
4 118 0.999332
4 119 0.998975
4 120 0.997897
4 121 0.99842
4 122 0.999713
4 123 0.99664
4 124 0.993426
4 125 1.0002
4 126 0.999843
4 127 0.994878

5 0 0
5 1 1.00066
5 2 1.00066
5 3 1.00066
5 4 1.00066
5 5 1.00066
5 6 1.00066
5 7 1.00066
5 8 1.00067
5 9 1.00067
5 10 1.00067
5 11 1.00067
5 12 1.00067
5 13 1.00067
5 14 1.00067
5 15 1.00068
5 16 1.00068
5 17 1.00068
5 18 1.00068
5 19 1.00068
5 20 1.00068
5 21 1.00068
5 22 1.00068
5 23 1.00068
5 24 1.00068
5 25 1.00068
5 26 1.00068
5 27 1.00068
5 28 1.00068
5 29 1.00068
5 30 1.00067
5 31 1.00067
5 32 1.00067
5 33 1.00066
5 34 1.00066
5 35 1.00065
5 36 1.00065
5 37 1.00064
5 38 1.00063
5 39 1.00062
5 40 1.00061
5 41 1.0006
5 42 1.00059
5 43 1.00058
5 44 1.00057
5 45 1.00056
5 46 1.00054
5 47 1.00053
5 48 1.00051
5 49 1.0005
5 50 1.00048
5 51 1.00046
5 52 1.00045
5 53 1.00043
5 54 1.00041
5 55 1.00039
5 56 1.00037
5 57 1.00035
5 58 1.00033
5 59 1.00031
5 60 1.00029
5 61 1.00026
5 62 1.00024
5 63 1.00022
5 64 1.0002
5 65 1.00018
5 66 1.00016
5 67 1.00013
5 68 1.00011
5 69 1.00009
5 70 1.00007
5 71 1.00005
5 72 1.00003
5 73 1.00001
5 74 0.999992
5 75 0.999974
5 76 0.999956
5 77 0.999938
5 78 0.999921
5 79 0.999904
5 80 0.999889
5 81 0.999873
5 82 0.999859
5 83 0.999845
5 84 0.999831
5 85 0.999818
5 86 0.999806
5 87 0.999794
5 88 0.999783
5 89 0.999772
5 90 0.999762
5 91 0.999752
5 92 0.999743
5 93 0.999734
5 94 0.999725
5 95 0.999717
5 96 0.999709
5 97 0.999701
5 98 0.999693
5 99 0.999685
5 100 0.999676
5 101 0.999668
5 102 0.999659
5 103 0.99965
5 104 0.99964
5 105 0.99963
5 106 0.999616
5 107 0.999601
5 108 0.99959
5 109 0.999571
5 110 0.999539
5 111 0.999518
5 112 0.999508
5 113 0.999447
5 114 0.99936
5 115 0.999372
5 116 0.999366
5 117 0.999079
5 118 0.998891
5 119 0.99922
5 120 0.999007
5 121 0.997746
5 122 0.997948
5 123 0.999597
5 124 0.997121
5 125 0.995716
5 126 1.00067
5 127 1.00119

6 0 0
6 1 1.00066
6 2 1.00066
6 3 1.00066
6 4 1.00066
6 5 1.00066
6 6 1.00066
6 7 1.00066
6 8 1.00067
6 9 1.00067
6 10 1.00067
6 11 1.00067
6 12 1.00067
6 13 1.00067
6 14 1.00067
6 15 1.00067
6 16 1.00068
6 17 1.00068
6 18 1.00068
6 19 1.00068
6 20 1.00068
6 21 1.00068
6 22 1.00068
6 23 1.00068
6 24 1.00068
6 25 1.00068
6 26 1.00068
6 27 1.00068
6 28 1.00068
6 29 1.00067
6 30 1.00067
6 31 1.00067
6 32 1.00066
6 33 1.00066
6 34 1.00066
6 35 1.00065
6 36 1.00064
6 37 1.00064
6 38 1.00063
6 39 1.00062
6 40 1.00061
6 41 1.0006
6 42 1.00059
6 43 1.00058
6 44 1.00057
6 45 1.00055
6 46 1.00054
6 47 1.00053
6 48 1.00051
6 49 1.00049
6 50 1.00048
6 51 1.00046
6 52 1.00044
6 53 1.00042
6 54 1.00041
6 55 1.00039
6 56 1.00037
6 57 1.00035
6 58 1.00032
6 59 1.0003
6 60 1.00028
6 61 1.00026
6 62 1.00024
6 63 1.00022
6 64 1.0002
6 65 1.00017
6 66 1.00015
6 67 1.00013
6 68 1.00011
6 69 1.00009
6 70 1.00007
6 71 1.00005
6 72 1.00003
6 73 1.00001
6 74 0.999991
6 75 0.999972
6 76 0.999954
6 77 0.999937
6 78 0.99992
6 79 0.999904
6 80 0.999888
6 81 0.999873
6 82 0.999859
6 83 0.999845
6 84 0.999831
6 85 0.999819
6 86 0.999807
6 87 0.999795
6 88 0.999784
6 89 0.999774
6 90 0.999764
6 91 0.999754
6 92 0.999745
6 93 0.999736
6 94 0.999727
6 95 0.999719
6 96 0.999711
6 97 0.999703
6 98 0.999695
6 99 0.999687
6 100 0.999679
6 101 0.999671
6 102 0.999662
6 103 0.999653
6 104 0.999642
6 105 0.999632
6 106 0.999622
6 107 0.999605
6 108 0.999587
6 109 0.999579
6 110 0.999557
6 111 0.999511
6 112 0.999492
6 113 0.9995
6 114 0.999412
6 115 0.999279
6 116 0.999347
6 117 0.999387
6 118 0.998937
6 119 0.998706
6 120 0.999333
6 121 0.999043
6 122 0.99733
6 123 0.998238
6 124 0.999983
6 125 0.997669
6 126 0.999016
6 127 1.00026

7 0 0
7 1 1.00066
7 2 1.00066
7 3 1.00066
7 4 1.00066
7 5 1.00066
7 6 1.00066
7 7 1.00066
7 8 1.00067
7 9 1.00067
7 10 1.00067
7 11 1.00067
7 12 1.00067
7 13 1.00067
7 14 1.00067
7 15 1.00067
7 16 1.00068
7 17 1.00068
7 18 1.00068
7 19 1.00068
7 20 1.00068
7 21 1.00068
7 22 1.00068
7 23 1.00068
7 24 1.00068
7 25 1.00068
7 26 1.00068
7 27 1.00068
7 28 1.00067
7 29 1.00067
7 30 1.00067
7 31 1.00067
7 32 1.00066
7 33 1.00066
7 34 1.00065
7 35 1.00065
7 36 1.00064
7 37 1.00063
7 38 1.00063
7 39 1.00062
7 40 1.00061
7 41 1.0006
7 42 1.00059
7 43 1.00058
7 44 1.00056
7 45 1.00055
7 46 1.00054
7 47 1.00052
7 48 1.00051
7 49 1.00049
7 50 1.00047
7 51 1.00046
7 52 1.00044
7 53 1.00042
7 54 1.0004
7 55 1.00038
7 56 1.00036
7 57 1.00034
7 58 1.00032
7 59 1.0003
7 60 1.00028
7 61 1.00026
7 62 1.00024
7 63 1.00021
7 64 1.00019
7 65 1.00017
7 66 1.00015
7 67 1.00013
7 68 1.00011
7 69 1.00009
7 70 1.00007
7 71 1.00005
7 72 1.00003
7 73 1.00001
7 74 0.999988
7 75 0.99997
7 76 0.999952
7 77 0.999935
7 78 0.999918
7 79 0.999902
7 80 0.999887
7 81 0.999872
7 82 0.999858
7 83 0.999844
7 84 0.999831
7 85 0.999819
7 86 0.999807
7 87 0.999795
7 88 0.999785
7 89 0.999774
7 90 0.999765
7 91 0.999755
7 92 0.999746
7 93 0.999738
7 94 0.99973
7 95 0.999721
7 96 0.999714
7 97 0.999706
7 98 0.999698
7 99 0.999691
7 100 0.999683
7 101 0.999675
7 102 0.999666
7 103 0.999658
7 104 0.999648
7 105 0.999637
7 106 0.999627
7 107 0.999617
7 108 0.999597
7 109 0.999576
7 110 0.99957
7 111 0.999552
7 112 0.999493
7 113 0.999465
7 114 0.999496
7 115 0.999412
7 116 0.999218
7 117 0.99929
7 118 0.999432
7 119 0.998953
7 120 0.99856
7 121 0.999299
7 122 0.999206
7 123 0.997754
7 124 0.998762
7 125 0.999915
7 126 0.999193
7 127 0.999403

8 0 0
8 1 1.00066
8 2 1.00066
8 3 1.00066
8 4 1.00066
8 5 1.00066
8 6 1.00066
8 7 1.00066
8 8 1.00067
8 9 1.00067
8 10 1.00067
8 11 1.00067
8 12 1.00067
8 13 1.00067
8 14 1.00067
8 15 1.00067
8 16 1.00068
8 17 1.00068
8 18 1.00068
8 19 1.00068
8 20 1.00068
8 21 1.00068
8 22 1.00068
8 23 1.00068
8 24 1.00068
8 25 1.00068
8 26 1.00068
8 27 1.00068
8 28 1.00067
8 29 1.00067
8 30 1.00067
8 31 1.00066
8 32 1.00066
8 33 1.00066
8 34 1.00065
8 35 1.00065
8 36 1.00064
8 37 1.00063
8 38 1.00062
8 39 1.00062
8 40 1.00061
8 41 1.0006
8 42 1.00058
8 43 1.00057
8 44 1.00056
8 45 1.00055
8 46 1.00053
8 47 1.00052
8 48 1.0005
8 49 1.00049
8 50 1.00047
8 51 1.00045
8 52 1.00044
8 53 1.00042
8 54 1.0004
8 55 1.00038
8 56 1.00036
8 57 1.00034
8 58 1.00032
8 59 1.0003
8 60 1.00027
8 61 1.00025
8 62 1.00023
8 63 1.00021
8 64 1.00019
8 65 1.00017
8 66 1.00015
8 67 1.00012
8 68 1.0001
8 69 1.00008
8 70 1.00006
8 71 1.00004
8 72 1.00002
8 73 1
8 74 0.999985
8 75 0.999967
8 76 0.999949
8 77 0.999932
8 78 0.999916
8 79 0.9999
8 80 0.999885
8 81 0.99987
8 82 0.999856
8 83 0.999843
8 84 0.99983
8 85 0.999818
8 86 0.999806
8 87 0.999795
8 88 0.999785
8 89 0.999775
8 90 0.999765
8 91 0.999756
8 92 0.999748
8 93 0.99974
8 94 0.999732
8 95 0.999724
8 96 0.999717
8 97 0.999709
8 98 0.999702
8 99 0.999695
8 100 0.999688
8 101 0.999681
8 102 0.999672
8 103 0.999664
8 104 0.999657
8 105 0.999647
8 106 0.999634
8 107 0.999625
8 108 0.999617
8 109 0.999595
8 110 0.99957
8 111 0.999571
8 112 0.999556
8 113 0.99948
8 114 0.999451
8 115 0.999513
8 116 0.999414
8 117 0.999177
8 118 0.999294
8 119 0.999482
8 120 0.998931
8 121 0.998644
8 122 0.999458
8 123 0.999163
8 124 0.998515
8 125 0.999627
8 126 0.999651
8 127 0.999773

9 0 0
9 1 1.00066
9 2 1.00066
9 3 1.00066
9 4 1.00066
9 5 1.00066
9 6 1.00066
9 7 1.00066
9 8 1.00067
9 9 1.00067
9 10 1.00067
9 11 1.00067
9 12 1.00067
9 13 1.00067
9 14 1.00067
9 15 1.00067
9 16 1.00068
9 17 1.00068
9 18 1.00068
9 19 1.00068
9 20 1.00068
9 21 1.00068
9 22 1.00068
9 23 1.00068
9 24 1.00068
9 25 1.00068
9 26 1.00068
9 27 1.00067
9 28 1.00067
9 29 1.00067
9 30 1.00067
9 31 1.00066
9 32 1.00066
9 33 1.00066
9 34 1.00065
9 35 1.00064
9 36 1.00064
9 37 1.00063
9 38 1.00062
9 39 1.00061
9 40 1.0006
9 41 1.00059
9 42 1.00058
9 43 1.00057
9 44 1.00056
9 45 1.00055
9 46 1.00053
9 47 1.00052
9 48 1.0005
9 49 1.00048
9 50 1.00047
9 51 1.00045
9 52 1.00043
9 53 1.00041
9 54 1.00039
9 55 1.00037
9 56 1.00035
9 57 1.00033
9 58 1.00031
9 59 1.00029
9 60 1.00027
9 61 1.00025
9 62 1.00023
9 63 1.00021
9 64 1.00018
9 65 1.00016
9 66 1.00014
9 67 1.00012
9 68 1.0001
9 69 1.00008
9 70 1.00006
9 71 1.00004
9 72 1.00002
9 73 0.999999
9 74 0.99998
9 75 0.999962
9 76 0.999945
9 77 0.999928
9 78 0.999912
9 79 0.999896
9 80 0.999881
9 81 0.999867
9 82 0.999853
9 83 0.99984
9 84 0.999828
9 85 0.999816
9 86 0.999805
9 87 0.999794
9 88 0.999784
9 89 0.999775
9 90 0.999766
9 91 0.999757
9 92 0.999749
9 93 0.999741
9 94 0.999734
9 95 0.999727
9 96 0.99972
9 97 0.999713
9 98 0.999707
9 99 0.9997
9 100 0.999694
9 101 0.999687
9 102 0.999681
9 103 0.999673
9 104 0.999665
9 105 0.999659
9 106 0.99965
9 107 0.999636
9 108 0.999628
9 109 0.999625
9 110 0.999601
9 111 0.99957
9 112 0.999578
9 113 0.999577
9 114 0.999484
9 115 0.999441
9 116 0.999542
9 117 0.999461
9 118 0.999172
9 119 0.999302
9 120 0.999559
9 121 0.999041
9 122 0.998871
9 123 0.999586
9 124 0.999404
9 125 0.999217
9 126 0.999783
9 127 1.00017

10 0 0
10 1 1.00066
10 2 1.00066
10 3 1.00066
10 4 1.00066
10 5 1.00066
10 6 1.00066
10 7 1.00067
10 8 1.00067
10 9 1.00067
10 10 1.00067
10 11 1.00067
10 12 1.00067
10 13 1.00067
10 14 1.00067
10 15 1.00067
10 16 1.00068
10 17 1.00068
10 18 1.00068
10 19 1.00068
10 20 1.00068
10 21 1.00068
10 22 1.00068
10 23 1.00068
10 24 1.00068
10 25 1.00068
10 26 1.00068
10 27 1.00067
10 28 1.00067
10 29 1.00067
10 30 1.00067
10 31 1.00066
10 32 1.00066
10 33 1.00065
10 34 1.00065
10 35 1.00064
10 36 1.00064
10 37 1.00063
10 38 1.00062
10 39 1.00061
10 40 1.0006
10 41 1.00059
10 42 1.00058
10 43 1.00057
10 44 1.00056
10 45 1.00054
10 46 1.00053
10 47 1.00051
10 48 1.0005
10 49 1.00048
10 50 1.00046
10 51 1.00045
10 52 1.00043
10 53 1.00041
10 54 1.00039
10 55 1.00037
10 56 1.00035
10 57 1.00033
10 58 1.00031
10 59 1.00029
10 60 1.00027
10 61 1.00024
10 62 1.00022
10 63 1.0002
10 64 1.00018
10 65 1.00016
10 66 1.00014
10 67 1.00011
10 68 1.00009
10 69 1.00007
10 70 1.00005
10 71 1.00003
10 72 1.00001
10 73 0.999993
10 74 0.999975
10 75 0.999957
10 76 0.99994
10 77 0.999923
10 78 0.999907
10 79 0.999892
10 80 0.999877
10 81 0.999863
10 82 0.99985
10 83 0.999837
10 84 0.999825
10 85 0.999813
10 86 0.999803
10 87 0.999793
10 88 0.999783
10 89 0.999774
10 90 0.999765
10 91 0.999757
10 92 0.99975
10 93 0.999743
10 94 0.999736
10 95 0.99973
10 96 0.999724
10 97 0.999718
10 98 0.999712
10 99 0.999707
10 100 0.999701
10 101 0.999695
10 102 0.99969
10 103 0.999685
10 104 0.999678
10 105 0.999671
10 106 0.999667
10 107 0.99966
10 108 0.999645
10 109 0.999638
10 110 0.999641
10 111 0.999617
10 112 0.99958
10 113 0.999598
10 114 0.999608
10 115 0.999505
10 116 0.99946
10 117 0.999583
10 118 0.999504
10 119 0.999234
10 120 0.999403
10 121 0.999587
10 122 0.999197
10 123 0.999292
10 124 0.99972
10 125 0.999602
10 126 0.999861
10 127 1.00005

11 0 0
11 1 1.00066
11 2 1.00066
11 3 1.00066
11 4 1.00066
11 5 1.00066
11 6 1.00066
11 7 1.00067
11 8 1.00067
11 9 1.00067
11 10 1.00067
11 11 1.00067
11 12 1.00067
11 13 1.00067
11 14 1.00067
11 15 1.00067
11 16 1.00068
11 17 1.00068
11 18 1.00068
11 19 1.00068
11 20 1.00068
11 21 1.00068
11 22 1.00068
11 23 1.00068
11 24 1.00068
11 25 1.00068
11 26 1.00068
11 27 1.00067
11 28 1.00067
11 29 1.00067
11 30 1.00067
11 31 1.00066
11 32 1.00066
11 33 1.00065
11 34 1.00065
11 35 1.00064
11 36 1.00063
11 37 1.00063
11 38 1.00062
11 39 1.00061
11 40 1.0006
11 41 1.00059
11 42 1.00058
11 43 1.00057
11 44 1.00055
11 45 1.00054
11 46 1.00053
11 47 1.00051
11 48 1.00049
11 49 1.00048
11 50 1.00046
11 51 1.00044
11 52 1.00042
11 53 1.0004
11 54 1.00039
11 55 1.00036
11 56 1.00034
11 57 1.00032
11 58 1.0003
11 59 1.00028
11 60 1.00026
11 61 1.00024
11 62 1.00022
11 63 1.00019
11 64 1.00017
11 65 1.00015
11 66 1.00013
11 67 1.00011
11 68 1.00009
11 69 1.00007
11 70 1.00004
11 71 1.00002
11 72 1.00001
11 73 0.999987
11 74 0.999968
11 75 0.99995
11 76 0.999933
11 77 0.999917
11 78 0.999901
11 79 0.999886
11 80 0.999872
11 81 0.999858
11 82 0.999845
11 83 0.999832
11 84 0.999821
11 85 0.99981
11 86 0.9998
11 87 0.99979
11 88 0.999781
11 89 0.999772
11 90 0.999765
11 91 0.999757
11 92 0.99975
11 93 0.999744
11 94 0.999738
11 95 0.999733
11 96 0.999728
11 97 0.999723
11 98 0.999718
11 99 0.999714
11 100 0.99971
11 101 0.999705
11 102 0.999701
11 103 0.999697
11 104 0.999694
11 105 0.999688
11 106 0.999682
11 107 0.999682
11 108 0.999677
11 109 0.999661
11 110 0.999656
11 111 0.999668
11 112 0.999646
11 113 0.999602
11 114 0.99963
11 115 0.999656
11 116 0.999546
11 117 0.999499
11 118 0.999645
11 119 0.999571
11 120 0.99934
11 121 0.999536
11 122 0.999678
11 123 0.999436
11 124 0.999616
11 125 0.999895
11 126 1.00001
11 127 1.00012

12 0 0
12 1 1.00066
12 2 1.00066
12 3 1.00066
12 4 1.00066
12 5 1.00066
12 6 1.00067
12 7 1.00067
12 8 1.00067
12 9 1.00067
12 10 1.00067
12 11 1.00067
12 12 1.00067
12 13 1.00067
12 14 1.00067
12 15 1.00068
12 16 1.00068
12 17 1.00068
12 18 1.00068
12 19 1.00068
12 20 1.00068
12 21 1.00068
12 22 1.00068
12 23 1.00068
12 24 1.00068
12 25 1.00068
12 26 1.00068
12 27 1.00067
12 28 1.00067
12 29 1.00067
12 30 1.00067
12 31 1.00066
12 32 1.00066
12 33 1.00065
12 34 1.00065
12 35 1.00064
12 36 1.00063
12 37 1.00063
12 38 1.00062
12 39 1.00061
12 40 1.0006
12 41 1.00059
12 42 1.00058
12 43 1.00056
12 44 1.00055
12 45 1.00054
12 46 1.00052
12 47 1.00051
12 48 1.00049
12 49 1.00047
12 50 1.00046
12 51 1.00044
12 52 1.00042
12 53 1.0004
12 54 1.00038
12 55 1.00036
12 56 1.00034
12 57 1.00032
12 58 1.0003
12 59 1.00027
12 60 1.00025
12 61 1.00023
12 62 1.00021
12 63 1.00019
12 64 1.00016
12 65 1.00014
12 66 1.00012
12 67 1.0001
12 68 1.00008
12 69 1.00006
12 70 1.00004
12 71 1.00002
12 72 0.999997
12 73 0.999978
12 74 0.99996
12 75 0.999943
12 76 0.999926
12 77 0.999909
12 78 0.999894
12 79 0.999879
12 80 0.999865
12 81 0.999851
12 82 0.999839
12 83 0.999827
12 84 0.999816
12 85 0.999805
12 86 0.999796
12 87 0.999786
12 88 0.999778
12 89 0.99977
12 90 0.999763
12 91 0.999757
12 92 0.999751
12 93 0.999745
12 94 0.99974
12 95 0.999736
12 96 0.999732
12 97 0.999728
12 98 0.999725
12 99 0.999721
12 100 0.999718
12 101 0.999716
12 102 0.999714
12 103 0.999711
12 104 0.999709
12 105 0.999709
12 106 0.999704
12 107 0.9997
12 108 0.999703
12 109 0.999703
12 110 0.999687
12 111 0.999685
12 112 0.999705
12 113 0.999686
12 114 0.999641
12 115 0.999676
12 116 0.999711
12 117 0.999607
12 118 0.999578
12 119 0.999713
12 120 0.999643
12 121 0.999516
12 122 0.999701
12 123 0.999764
12 124 0.999738
12 125 0.99994
12 126 1.00009
12 127 1.00025

13 0 0
13 1 1.00066
13 2 1.00066
13 3 1.00066
13 4 1.00066
13 5 1.00066
13 6 1.00067
13 7 1.00067
13 8 1.00067
13 9 1.00067
13 10 1.00067
13 11 1.00067
13 12 1.00067
13 13 1.00067
13 14 1.00068
13 15 1.00068
13 16 1.00068
13 17 1.00068
13 18 1.00068
13 19 1.00068
13 20 1.00068
13 21 1.00068
13 22 1.00068
13 23 1.00068
13 24 1.00068
13 25 1.00068
13 26 1.00068
13 27 1.00067
13 28 1.00067
13 29 1.00067
13 30 1.00067
13 31 1.00066
13 32 1.00066
13 33 1.00065
13 34 1.00065
13 35 1.00064
13 36 1.00063
13 37 1.00062
13 38 1.00062
13 39 1.00061
13 40 1.0006
13 41 1.00059
13 42 1.00057
13 43 1.00056
13 44 1.00055
13 45 1.00053
13 46 1.00052
13 47 1.0005
13 48 1.00049
13 49 1.00047
13 50 1.00045
13 51 1.00043
13 52 1.00041
13 53 1.00039
13 54 1.00037
13 55 1.00035
13 56 1.00033
13 57 1.00031
13 58 1.00029
13 59 1.00027
13 60 1.00024
13 61 1.00022
13 62 1.0002
13 63 1.00018
13 64 1.00016
13 65 1.00013
13 66 1.00011
13 67 1.00009
13 68 1.00007
13 69 1.00005
13 70 1.00003
13 71 1.00001
13 72 0.999988
13 73 0.999969
13 74 0.999951
13 75 0.999933
13 76 0.999916
13 77 0.9999
13 78 0.999885
13 79 0.99987
13 80 0.999857
13 81 0.999844
13 82 0.999831
13 83 0.99982
13 84 0.999809
13 85 0.999799
13 86 0.99979
13 87 0.999782
13 88 0.999774
13 89 0.999767
13 90 0.999761
13 91 0.999755
13 92 0.99975
13 93 0.999746
13 94 0.999742
13 95 0.999738
13 96 0.999736
13 97 0.999733
13 98 0.999731
13 99 0.99973
13 100 0.999728
13 101 0.999727
13 102 0.999728
13 103 0.999727
13 104 0.999726
13 105 0.999727
13 106 0.99973
13 107 0.999728
13 108 0.999725
13 109 0.999734
13 110 0.999739
13 111 0.999723
13 112 0.999723
13 113 0.999753
13 114 0.999738
13 115 0.999694
13 116 0.999738
13 117 0.999776
13 118 0.999682
13 119 0.99968
13 120 0.999803
13 121 0.999742
13 122 0.999704
13 123 0.99987
13 124 0.999942
13 125 1.00001
13 126 1.00016
13 127 1.00031

14 0 0
14 1 1.00066
14 2 1.00066
14 3 1.00066
14 4 1.00066
14 5 1.00067
14 6 1.00067
14 7 1.00067
14 8 1.00067
14 9 1.00067
14 10 1.00067
14 11 1.00067
14 12 1.00067
14 13 1.00068
14 14 1.00068
14 15 1.00068
14 16 1.00068
14 17 1.00068
14 18 1.00068
14 19 1.00068
14 20 1.00068
14 21 1.00068
14 22 1.00068
14 23 1.00068
14 24 1.00068
14 25 1.00068
14 26 1.00068
14 27 1.00067
14 28 1.00067
14 29 1.00067
14 30 1.00067
14 31 1.00066
14 32 1.00066
14 33 1.00065
14 34 1.00065
14 35 1.00064
14 36 1.00063
14 37 1.00062
14 38 1.00061
14 39 1.00061
14 40 1.00059
14 41 1.00058
14 42 1.00057
14 43 1.00056
14 44 1.00054
14 45 1.00053
14 46 1.00051
14 47 1.0005
14 48 1.00048
14 49 1.00046
14 50 1.00045
14 51 1.00043
14 52 1.00041
14 53 1.00039
14 54 1.00037
14 55 1.00035
14 56 1.00032
14 57 1.0003
14 58 1.00028
14 59 1.00026
14 60 1.00024
14 61 1.00021
14 62 1.00019
14 63 1.00017
14 64 1.00014
14 65 1.00012
14 66 1.0001
14 67 1.00008
14 68 1.00006
14 69 1.00004
14 70 1.00002
14 71 0.999996
14 72 0.999977
14 73 0.999958
14 74 0.99994
14 75 0.999922
14 76 0.999906
14 77 0.99989
14 78 0.999875
14 79 0.999861
14 80 0.999847
14 81 0.999835
14 82 0.999823
14 83 0.999812
14 84 0.999802
14 85 0.999792
14 86 0.999784
14 87 0.999776
14 88 0.999769
14 89 0.999763
14 90 0.999758
14 91 0.999753
14 92 0.999749
14 93 0.999746
14 94 0.999743
14 95 0.999741
14 96 0.999739
14 97 0.999738
14 98 0.999738
14 99 0.999738
14 100 0.999739
14 101 0.99974
14 102 0.999741
14 103 0.999744
14 104 0.999747
14 105 0.999747
14 106 0.999752
14 107 0.999759
14 108 0.99976
14 109 0.999759
14 110 0.999772
14 111 0.999783
14 112 0.99977
14 113 0.999774
14 114 0.99981
14 115 0.999799
14 116 0.999764
14 117 0.999812
14 118 0.999846
14 119 0.999779
14 120 0.999804
14 121 0.999894
14 122 0.999874
14 123 0.999914
14 124 1.00004
14 125 1.00013
14 126 1.00024
14 127 1.00035

15 0 0
15 1 1.00066
15 2 1.00066
15 3 1.00066
15 4 1.00067
15 5 1.00067
15 6 1.00067
15 7 1.00067
15 8 1.00067
15 9 1.00067
15 10 1.00067
15 11 1.00067
15 12 1.00068
15 13 1.00068
15 14 1.00068
15 15 1.00068
15 16 1.00068
15 17 1.00068
15 18 1.00068
15 19 1.00068
15 20 1.00068
15 21 1.00068
15 22 1.00068
15 23 1.00068
15 24 1.00068
15 25 1.00068
15 26 1.00068
15 27 1.00067
15 28 1.00067
15 29 1.00067
15 30 1.00067
15 31 1.00066
15 32 1.00066
15 33 1.00065
15 34 1.00065
15 35 1.00064
15 36 1.00063
15 37 1.00062
15 38 1.00061
15 39 1.0006
15 40 1.00059
15 41 1.00058
15 42 1.00057
15 43 1.00056
15 44 1.00054
15 45 1.00053
15 46 1.00051
15 47 1.00049
15 48 1.00048
15 49 1.00046
15 50 1.00044
15 51 1.00042
15 52 1.0004
15 53 1.00038
15 54 1.00036
15 55 1.00034
15 56 1.00032
15 57 1.00029
15 58 1.00027
15 59 1.00025
15 60 1.00023
15 61 1.0002
15 62 1.00018
15 63 1.00016
15 64 1.00013
15 65 1.00011
15 66 1.00009
15 67 1.00007
15 68 1.00005
15 69 1.00002
15 70 1
15 71 0.999983
15 72 0.999964
15 73 0.999945
15 74 0.999927
15 75 0.99991
15 76 0.999893
15 77 0.999878
15 78 0.999863
15 79 0.999849
15 80 0.999836
15 81 0.999824
15 82 0.999813
15 83 0.999802
15 84 0.999793
15 85 0.999784
15 86 0.999776
15 87 0.999769
15 88 0.999763
15 89 0.999758
15 90 0.999754
15 91 0.99975
15 92 0.999747
15 93 0.999745
15 94 0.999744
15 95 0.999743
15 96 0.999743
15 97 0.999744
15 98 0.999745
15 99 0.999746
15 100 0.999749
15 101 0.999753
15 102 0.999756
15 103 0.99976
15 104 0.999766
15 105 0.999772
15 106 0.999775
15 107 0.999783
15 108 0.999795
15 109 0.999799
15 110 0.999801
15 111 0.99982
15 112 0.999836
15 113 0.999826
15 114 0.999835
15 115 0.999876
15 116 0.999868
15 117 0.999846
15 118 0.999899
15 119 0.999925
15 120 0.999887
15 121 0.999936
15 122 1.00001
15 123 1.00003
15 124 1.0001
15 125 1.00021
15 126 1.00032
15 127 1.00041

16 0 0
16 1 1.00066
16 2 1.00066
16 3 1.00066
16 4 1.00067
16 5 1.00067
16 6 1.00067
16 7 1.00067
16 8 1.00067
16 9 1.00067
16 10 1.00067
16 11 1.00068
16 12 1.00068
16 13 1.00068
16 14 1.00068
16 15 1.00068
16 16 1.00068
16 17 1.00068
16 18 1.00068
16 19 1.00068
16 20 1.00068
16 21 1.00068
16 22 1.00068
16 23 1.00068
16 24 1.00068
16 25 1.00068
16 26 1.00068
16 27 1.00068
16 28 1.00067
16 29 1.00067
16 30 1.00067
16 31 1.00066
16 32 1.00066
16 33 1.00065
16 34 1.00064
16 35 1.00064
16 36 1.00063
16 37 1.00062
16 38 1.00061
16 39 1.0006
16 40 1.00059
16 41 1.00058
16 42 1.00057
16 43 1.00055
16 44 1.00054
16 45 1.00052
16 46 1.00051
16 47 1.00049
16 48 1.00047
16 49 1.00045
16 50 1.00043
16 51 1.00041
16 52 1.00039
16 53 1.00037
16 54 1.00035
16 55 1.00033
16 56 1.00031
16 57 1.00028
16 58 1.00026
16 59 1.00024
16 60 1.00021
16 61 1.00019
16 62 1.00017
16 63 1.00014
16 64 1.00012
16 65 1.0001
16 66 1.00008
16 67 1.00005
16 68 1.00003
16 69 1.00001
16 70 0.999989
16 71 0.999969
16 72 0.99995
16 73 0.999931
16 74 0.999913
16 75 0.999896
16 76 0.99988
16 77 0.999864
16 78 0.99985
16 79 0.999836
16 80 0.999823
16 81 0.999812
16 82 0.999801
16 83 0.999791
16 84 0.999782
16 85 0.999774
16 86 0.999767
16 87 0.999761
16 88 0.999756
16 89 0.999752
16 90 0.999748
16 91 0.999746
16 92 0.999744
16 93 0.999743
16 94 0.999743
16 95 0.999744
16 96 0.999746
16 97 0.999748
16 98 0.999751
16 99 0.999755
16 100 0.999759
16 101 0.999765
16 102 0.999771
16 103 0.999777
16 104 0.999784
16 105 0.999794
16 106 0.999804
16 107 0.99981
16 108 0.999822
16 109 0.999838
16 110 0.999847
16 111 0.999852
16 112 0.999875
16 113 0.999896
16 114 0.99989
16 115 0.999906
16 116 0.999947
16 117 0.999945
16 118 0.999939
16 119 0.99999
16 120 1.00001
16 121 1.00001
16 122 1.00007
16 123 1.00013
16 124 1.00019
16 125 1.00028
16 126 1.00038
16 127 1.00047

17 0 0
17 1 1.00066
17 2 1.00066
17 3 1.00067
17 4 1.00067
17 5 1.00067
17 6 1.00067
17 7 1.00067
17 8 1.00067
17 9 1.00067
17 10 1.00068
17 11 1.00068
17 12 1.00068
17 13 1.00068
17 14 1.00068
17 15 1.00068
17 16 1.00068
17 17 1.00068
17 18 1.00068
17 19 1.00068
17 20 1.00068
17 21 1.00068
17 22 1.00068
17 23 1.00068
17 24 1.00068
17 25 1.00068
17 26 1.00068
17 27 1.00068
17 28 1.00067
17 29 1.00067
17 30 1.00067
17 31 1.00066
17 32 1.00066
17 33 1.00065
17 34 1.00064
17 35 1.00064
17 36 1.00063
17 37 1.00062
17 38 1.00061
17 39 1.0006
17 40 1.00059
17 41 1.00058
17 42 1.00056
17 43 1.00055
17 44 1.00053
17 45 1.00052
17 46 1.0005
17 47 1.00048
17 48 1.00046
17 49 1.00045
17 50 1.00043
17 51 1.00041
17 52 1.00038
17 53 1.00036
17 54 1.00034
17 55 1.00032
17 56 1.0003
17 57 1.00027
17 58 1.00025
17 59 1.00023
17 60 1.0002
17 61 1.00018
17 62 1.00015
17 63 1.00013
17 64 1.00011
17 65 1.00008
17 66 1.00006
17 67 1.00004
17 68 1.00002
17 69 0.999994
17 70 0.999973
17 71 0.999953
17 72 0.999934
17 73 0.999915
17 74 0.999897
17 75 0.99988
17 76 0.999864
17 77 0.999849
17 78 0.999835
17 79 0.999821
17 80 0.999809
17 81 0.999798
17 82 0.999788
17 83 0.999778
17 84 0.99977
17 85 0.999763
17 86 0.999757
17 87 0.999752
17 88 0.999747
17 89 0.999744
17 90 0.999742
17 91 0.999741
17 92 0.99974
17 93 0.999741
17 94 0.999742
17 95 0.999745
17 96 0.999748
17 97 0.999752
17 98 0.999757
17 99 0.999763
17 100 0.999769
17 101 0.999776
17 102 0.999785
17 103 0.999795
17 104 0.999804
17 105 0.999814
17 106 0.999828
17 107 0.999842
17 108 0.999852
17 109 0.999867
17 110 0.999889
17 111 0.999901
17 112 0.99991
17 113 0.999938
17 114 0.999961
17 115 0.999962
17 116 0.999984
17 117 1.00002
17 118 1.00003
17 119 1.00004
17 120 1.00009
17 121 1.00011
17 122 1.00014
17 123 1.0002
17 124 1.00027
17 125 1.00034
17 126 1.00043
17 127 1.00052

18 0 0
18 1 1.00066
18 2 1.00067
18 3 1.00067
18 4 1.00067
18 5 1.00067
18 6 1.00067
18 7 1.00067
18 8 1.00067
18 9 1.00068
18 10 1.00068
18 11 1.00068
18 12 1.00068
18 13 1.00068
18 14 1.00068
18 15 1.00068
18 16 1.00068
18 17 1.00068
18 18 1.00068
18 19 1.00068
18 20 1.00069
18 21 1.00068
18 22 1.00068
18 23 1.00068
18 24 1.00068
18 25 1.00068
18 26 1.00068
18 27 1.00068
18 28 1.00067
18 29 1.00067
18 30 1.00067
18 31 1.00066
18 32 1.00066
18 33 1.00065
18 34 1.00064
18 35 1.00063
18 36 1.00063
18 37 1.00062
18 38 1.00061
18 39 1.0006
18 40 1.00058
18 41 1.00057
18 42 1.00056
18 43 1.00054
18 44 1.00053
18 45 1.00051
18 46 1.00049
18 47 1.00048
18 48 1.00046
18 49 1.00044
18 50 1.00042
18 51 1.0004
18 52 1.00038
18 53 1.00035
18 54 1.00033
18 55 1.00031
18 56 1.00028
18 57 1.00026
18 58 1.00024
18 59 1.00021
18 60 1.00019
18 61 1.00016
18 62 1.00014
18 63 1.00011
18 64 1.00009
18 65 1.00007
18 66 1.00004
18 67 1.00002
18 68 0.999999
18 69 0.999977
18 70 0.999956
18 71 0.999936
18 72 0.999916
18 73 0.999897
18 74 0.999879
18 75 0.999863
18 76 0.999847
18 77 0.999832
18 78 0.999818
18 79 0.999805
18 80 0.999793
18 81 0.999782
18 82 0.999773
18 83 0.999764
18 84 0.999756
18 85 0.99975
18 86 0.999745
18 87 0.99974
18 88 0.999737
18 89 0.999735
18 90 0.999734
18 91 0.999734
18 92 0.999735
18 93 0.999737
18 94 0.99974
18 95 0.999744
18 96 0.999749
18 97 0.999755
18 98 0.999762
18 99 0.999769
18 100 0.999778
18 101 0.999788
18 102 0.999798
18 103 0.99981
18 104 0.999824
18 105 0.999837
18 106 0.99985
18 107 0.999868
18 108 0.999886
18 109 0.999899
18 110 0.999919
18 111 0.999944
18 112 0.99996
18 113 0.999975
18 114 1.00001
18 115 1.00003
18 116 1.00004
18 117 1.00007
18 118 1.0001
18 119 1.00011
18 120 1.00014
18 121 1.00018
18 122 1.00022
18 123 1.00027
18 124 1.00033
18 125 1.0004
18 126 1.00048
18 127 1.00056

19 0 0
19 1 1.00067
19 2 1.00067
19 3 1.00067
19 4 1.00067
19 5 1.00067
19 6 1.00067
19 7 1.00067
19 8 1.00068
19 9 1.00068
19 10 1.00068
19 11 1.00068
19 12 1.00068
19 13 1.00068
19 14 1.00068
19 15 1.00068
19 16 1.00068
19 17 1.00069
19 18 1.00069
19 19 1.00069
19 20 1.00069
19 21 1.00069
19 22 1.00069
19 23 1.00068
19 24 1.00068
19 25 1.00068
19 26 1.00068
19 27 1.00068
19 28 1.00067
19 29 1.00067
19 30 1.00067
19 31 1.00066
19 32 1.00066
19 33 1.00065
19 34 1.00064
19 35 1.00063
19 36 1.00062
19 37 1.00061
19 38 1.0006
19 39 1.00059
19 40 1.00058
19 41 1.00057
19 42 1.00055
19 43 1.00054
19 44 1.00052
19 45 1.00051
19 46 1.00049
19 47 1.00047
19 48 1.00045
19 49 1.00043
19 50 1.00041
19 51 1.00039
19 52 1.00036
19 53 1.00034
19 54 1.00032
19 55 1.00029
19 56 1.00027
19 57 1.00025
19 58 1.00022
19 59 1.0002
19 60 1.00017
19 61 1.00015
19 62 1.00012
19 63 1.0001
19 64 1.00007
19 65 1.00005
19 66 1.00003
19 67 1
19 68 0.99998
19 69 0.999958
19 70 0.999936
19 71 0.999916
19 72 0.999896
19 73 0.999878
19 74 0.99986
19 75 0.999843
19 76 0.999827
19 77 0.999813
19 78 0.999799
19 79 0.999786
19 80 0.999775
19 81 0.999765
19 82 0.999756
19 83 0.999748
19 84 0.999741
19 85 0.999735
19 86 0.999731
19 87 0.999728
19 88 0.999726
19 89 0.999725
19 90 0.999725
19 91 0.999726
19 92 0.999729
19 93 0.999732
19 94 0.999737
19 95 0.999742
19 96 0.999749
19 97 0.999757
19 98 0.999766
19 99 0.999775
19 100 0.999786
19 101 0.999798
19 102 0.999812
19 103 0.999825
19 104 0.999841
19 105 0.999858
19 106 0.999874
19 107 0.999892
19 108 0.999914
19 109 0.999935
19 110 0.999952
19 111 0.999976
19 112 1
19 113 1.00002
19 114 1.00004
19 115 1.00008
19 116 1.0001
19 117 1.00012
19 118 1.00015
19 119 1.00018
19 120 1.0002
19 121 1.00024
19 122 1.00029
19 123 1.00033
19 124 1.00039
19 125 1.00046
19 126 1.00053
19 127 1.0006

20 0 0
20 1 1.00067
20 2 1.00067
20 3 1.00067
20 4 1.00067
20 5 1.00067
20 6 1.00067
20 7 1.00068
20 8 1.00068
20 9 1.00068
20 10 1.00068
20 11 1.00068
20 12 1.00068
20 13 1.00068
20 14 1.00068
20 15 1.00069
20 16 1.00069
20 17 1.00069
20 18 1.00069
20 19 1.00069
20 20 1.00069
20 21 1.00069
20 22 1.00069
20 23 1.00069
20 24 1.00068
20 25 1.00068
20 26 1.00068
20 27 1.00068
20 28 1.00067
20 29 1.00067
20 30 1.00067
20 31 1.00066
20 32 1.00065
20 33 1.00065
20 34 1.00064
20 35 1.00063
20 36 1.00062
20 37 1.00061
20 38 1.0006
20 39 1.00059
20 40 1.00058
20 41 1.00056
20 42 1.00055
20 43 1.00053
20 44 1.00052
20 45 1.0005
20 46 1.00048
20 47 1.00046
20 48 1.00044
20 49 1.00042
20 50 1.0004
20 51 1.00038
20 52 1.00035
20 53 1.00033
20 54 1.00031
20 55 1.00028
20 56 1.00026
20 57 1.00023
20 58 1.00021
20 59 1.00018
20 60 1.00015
20 61 1.00013
20 62 1.0001
20 63 1.00008
20 64 1.00005
20 65 1.00003
20 66 1
20 67 0.999981
20 68 0.999959
20 69 0.999936
20 70 0.999915
20 71 0.999895
20 72 0.999875
20 73 0.999856
20 74 0.999838
20 75 0.999822
20 76 0.999806
20 77 0.999792
20 78 0.999778
20 79 0.999766
20 80 0.999755
20 81 0.999746
20 82 0.999737
20 83 0.99973
20 84 0.999724
20 85 0.999719
20 86 0.999716
20 87 0.999713
20 88 0.999712
20 89 0.999713
20 90 0.999714
20 91 0.999717
20 92 0.99972
20 93 0.999725
20 94 0.999732
20 95 0.999739
20 96 0.999748
20 97 0.999757
20 98 0.999768
20 99 0.99978
20 100 0.999793
20 101 0.999807
20 102 0.999823
20 103 0.999839
20 104 0.999856
20 105 0.999876
20 106 0.999897
20 107 0.999917
20 108 0.999938
20 109 0.999963
20 110 0.999988
20 111 1.00001
20 112 1.00004
20 113 1.00007
20 114 1.00009
20 115 1.00011
20 116 1.00015
20 117 1.00018
20 118 1.0002
20 119 1.00023
20 120 1.00027
20 121 1.00029
20 122 1.00034
20 123 1.00039
20 124 1.00044
20 125 1.0005
20 126 1.00057
20 127 1.00064

21 0 0
21 1 1.00067
21 2 1.00067
21 3 1.00067
21 4 1.00067
21 5 1.00067
21 6 1.00068
21 7 1.00068
21 8 1.00068
21 9 1.00068
21 10 1.00068
21 11 1.00068
21 12 1.00068
21 13 1.00069
21 14 1.00069
21 15 1.00069
21 16 1.00069
21 17 1.00069
21 18 1.00069
21 19 1.00069
21 20 1.00069
21 21 1.00069
21 22 1.00069
21 23 1.00069
21 24 1.00069
21 25 1.00068
21 26 1.00068
21 27 1.00068
21 28 1.00067
21 29 1.00067
21 30 1.00067
21 31 1.00066
21 32 1.00065
21 33 1.00065
21 34 1.00064
21 35 1.00063
21 36 1.00062
21 37 1.00061
21 38 1.0006
21 39 1.00059
21 40 1.00057
21 41 1.00056
21 42 1.00054
21 43 1.00053
21 44 1.00051
21 45 1.00049
21 46 1.00047
21 47 1.00045
21 48 1.00043
21 49 1.00041
21 50 1.00039
21 51 1.00036
21 52 1.00034
21 53 1.00032
21 54 1.00029
21 55 1.00027
21 56 1.00024
21 57 1.00021
21 58 1.00019
21 59 1.00016
21 60 1.00014
21 61 1.00011
21 62 1.00008
21 63 1.00006
21 64 1.00003
21 65 1.00001
21 66 0.999983
21 67 0.999959
21 68 0.999936
21 69 0.999913
21 70 0.999892
21 71 0.999871
21 72 0.999851
21 73 0.999833
21 74 0.999815
21 75 0.999798
21 76 0.999783
21 77 0.999769
21 78 0.999756
21 79 0.999744
21 80 0.999734
21 81 0.999724
21 82 0.999717
21 83 0.99971
21 84 0.999705
21 85 0.999701
21 86 0.999698
21 87 0.999697
21 88 0.999697
21 89 0.999699
21 90 0.999701
21 91 0.999705
21 92 0.999711
21 93 0.999717
21 94 0.999725
21 95 0.999734
21 96 0.999745
21 97 0.999756
21 98 0.999769
21 99 0.999783
21 100 0.999798
21 101 0.999814
21 102 0.999832
21 103 0.999851
21 104 0.999872
21 105 0.999892
21 106 0.999915
21 107 0.99994
21 108 0.999963
21 109 0.999988
21 110 1.00002
21 111 1.00005
21 112 1.00007
21 113 1.0001
21 114 1.00013
21 115 1.00016
21 116 1.00019
21 117 1.00022
21 118 1.00025
21 119 1.00028
21 120 1.00031
21 121 1.00035
21 122 1.00038
21 123 1.00043
21 124 1.00048
21 125 1.00054
21 126 1.0006
21 127 1.00067

22 0 0
22 1 1.00067
22 2 1.00067
22 3 1.00067
22 4 1.00067
22 5 1.00068
22 6 1.00068
22 7 1.00068
22 8 1.00068
22 9 1.00068
22 10 1.00068
22 11 1.00068
22 12 1.00069
22 13 1.00069
22 14 1.00069
22 15 1.00069
22 16 1.00069
22 17 1.00069
22 18 1.00069
22 19 1.00069
22 20 1.00069
22 21 1.00069
22 22 1.00069
22 23 1.00069
22 24 1.00069
22 25 1.00068
22 26 1.00068
22 27 1.00068
22 28 1.00067
22 29 1.00067
22 30 1.00067
22 31 1.00066
22 32 1.00065
22 33 1.00065
22 34 1.00064
22 35 1.00063
22 36 1.00062
22 37 1.00061
22 38 1.00059
22 39 1.00058
22 40 1.00057
22 41 1.00055
22 42 1.00054
22 43 1.00052
22 44 1.0005
22 45 1.00048
22 46 1.00046
22 47 1.00044
22 48 1.00042
22 49 1.0004
22 50 1.00037
22 51 1.00035
22 52 1.00033
22 53 1.0003
22 54 1.00027
22 55 1.00025
22 56 1.00022
22 57 1.0002
22 58 1.00017
22 59 1.00014
22 60 1.00011
22 61 1.00009
22 62 1.00006
22 63 1.00004
22 64 1.00001
22 65 0.999984
22 66 0.999959
22 67 0.999934
22 68 0.999911
22 69 0.999888
22 70 0.999866
22 71 0.999846
22 72 0.999826
22 73 0.999807
22 74 0.999789
22 75 0.999773
22 76 0.999758
22 77 0.999744
22 78 0.999731
22 79 0.99972
22 80 0.99971
22 81 0.999701
22 82 0.999694
22 83 0.999688
22 84 0.999684
22 85 0.999681
22 86 0.999679
22 87 0.999679
22 88 0.99968
22 89 0.999683
22 90 0.999687
22 91 0.999693
22 92 0.999699
22 93 0.999707
22 94 0.999717
22 95 0.999728
22 96 0.99974
22 97 0.999753
22 98 0.999768
22 99 0.999784
22 100 0.999801
22 101 0.99982
22 102 0.99984
22 103 0.999861
22 104 0.999884
22 105 0.999907
22 106 0.999931
22 107 0.999958
22 108 0.999986
22 109 1.00001
22 110 1.00004
22 111 1.00007
22 112 1.0001
22 113 1.00013
22 114 1.00016
22 115 1.0002
22 116 1.00023
22 117 1.00026
22 118 1.00029
22 119 1.00032
22 120 1.00035
22 121 1.00039
22 122 1.00043
22 123 1.00047
22 124 1.00052
22 125 1.00057
22 126 1.00063
22 127 1.00069

23 0 0
23 1 1.00067
23 2 1.00067
23 3 1.00067
23 4 1.00068
23 5 1.00068
23 6 1.00068
23 7 1.00068
23 8 1.00068
23 9 1.00068
23 10 1.00069
23 11 1.00069
23 12 1.00069
23 13 1.00069
23 14 1.00069
23 15 1.00069
23 16 1.00069
23 17 1.00069
23 18 1.00069
23 19 1.00069
23 20 1.00069
23 21 1.00069
23 22 1.00069
23 23 1.00069
23 24 1.00069
23 25 1.00069
23 26 1.00068
23 27 1.00068
23 28 1.00068
23 29 1.00067
23 30 1.00066
23 31 1.00066
23 32 1.00065
23 33 1.00064
23 34 1.00063
23 35 1.00062
23 36 1.00061
23 37 1.0006
23 38 1.00059
23 39 1.00058
23 40 1.00056
23 41 1.00055
23 42 1.00053
23 43 1.00051
23 44 1.00049
23 45 1.00047
23 46 1.00045
23 47 1.00043
23 48 1.00041
23 49 1.00038
23 50 1.00036
23 51 1.00034
23 52 1.00031
23 53 1.00028
23 54 1.00026
23 55 1.00023
23 56 1.0002
23 57 1.00018
23 58 1.00015
23 59 1.00012
23 60 1.00009
23 61 1.00006
23 62 1.00004
23 63 1.00001
23 64 0.999984
23 65 0.999958
23 66 0.999933
23 67 0.999908
23 68 0.999884
23 69 0.999861
23 70 0.999839
23 71 0.999818
23 72 0.999798
23 73 0.999779
23 74 0.999762
23 75 0.999745
23 76 0.99973
23 77 0.999716
23 78 0.999704
23 79 0.999693
23 80 0.999684
23 81 0.999676
23 82 0.999669
23 83 0.999664
23 84 0.999661
23 85 0.999659
23 86 0.999658
23 87 0.999659
23 88 0.999662
23 89 0.999665
23 90 0.999671
23 91 0.999678
23 92 0.999686
23 93 0.999696
23 94 0.999707
23 95 0.999719
23 96 0.999733
23 97 0.999749
23 98 0.999765
23 99 0.999783
23 100 0.999803
23 101 0.999823
23 102 0.999846
23 103 0.999869
23 104 0.999893
23 105 0.999919
23 106 0.999946
23 107 0.999974
23 108 1
23 109 1.00003
23 110 1.00006
23 111 1.0001
23 112 1.00013
23 113 1.00016
23 114 1.00019
23 115 1.00023
23 116 1.00026
23 117 1.00029
23 118 1.00032
23 119 1.00036
23 120 1.00039
23 121 1.00042
23 122 1.00046
23 123 1.0005
23 124 1.00055
23 125 1.0006
23 126 1.00066
23 127 1.00071

24 0 0
24 1 1.00067
24 2 1.00067
24 3 1.00068
24 4 1.00068
24 5 1.00068
24 6 1.00068
24 7 1.00068
24 8 1.00068
24 9 1.00069
24 10 1.00069
24 11 1.00069
24 12 1.00069
24 13 1.00069
24 14 1.00069
24 15 1.00069
24 16 1.00069
24 17 1.00069
24 18 1.0007
24 19 1.0007
24 20 1.00069
24 21 1.00069
24 22 1.00069
24 23 1.00069
24 24 1.00069
24 25 1.00069
24 26 1.00068
24 27 1.00068
24 28 1.00068
24 29 1.00067
24 30 1.00066
24 31 1.00066
24 32 1.00065
24 33 1.00064
24 34 1.00063
24 35 1.00062
24 36 1.00061
24 37 1.0006
24 38 1.00059
24 39 1.00057
24 40 1.00056
24 41 1.00054
24 42 1.00052
24 43 1.0005
24 44 1.00048
24 45 1.00046
24 46 1.00044
24 47 1.00042
24 48 1.00039
24 49 1.00037
24 50 1.00035
24 51 1.00032
24 52 1.00029
24 53 1.00027
24 54 1.00024
24 55 1.00021
24 56 1.00018
24 57 1.00015
24 58 1.00013
24 59 1.0001
24 60 1.00007
24 61 1.00004
24 62 1.00001
24 63 0.999984
24 64 0.999957
24 65 0.99993
24 66 0.999904
24 67 0.999879
24 68 0.999855
24 69 0.999832
24 70 0.999809
24 71 0.999788
24 72 0.999768
24 73 0.999749
24 74 0.999732
24 75 0.999715
24 76 0.999701
24 77 0.999687
24 78 0.999675
24 79 0.999665
24 80 0.999656
24 81 0.999649
24 82 0.999643
24 83 0.999638
24 84 0.999636
24 85 0.999635
24 86 0.999635
24 87 0.999637
24 88 0.999641
24 89 0.999646
24 90 0.999653
24 91 0.999661
24 92 0.999671
24 93 0.999682
24 94 0.999695
24 95 0.999709
24 96 0.999725
24 97 0.999742
24 98 0.99976
24 99 0.99978
24 100 0.999802
24 101 0.999824
24 102 0.999848
24 103 0.999874
24 104 0.999901
24 105 0.999928
24 106 0.999958
24 107 0.999988
24 108 1.00002
24 109 1.00005
24 110 1.00008
24 111 1.00012
24 112 1.00015
24 113 1.00019
24 114 1.00022
24 115 1.00025
24 116 1.00029
24 117 1.00032
24 118 1.00035
24 119 1.00039
24 120 1.00042
24 121 1.00045
24 122 1.00049
24 123 1.00053
24 124 1.00058
24 125 1.00062
24 126 1.00068
24 127 1.00073

25 0 0
25 1 1.00068
25 2 1.00068
25 3 1.00068
25 4 1.00068
25 5 1.00068
25 6 1.00068
25 7 1.00069
25 8 1.00069
25 9 1.00069
25 10 1.00069
25 11 1.00069
25 12 1.00069
25 13 1.00069
25 14 1.0007
25 15 1.0007
25 16 1.0007
25 17 1.0007
25 18 1.0007
25 19 1.0007
25 20 1.0007
25 21 1.0007
25 22 1.00069
25 23 1.00069
25 24 1.00069
25 25 1.00069
25 26 1.00068
25 27 1.00068
25 28 1.00068
25 29 1.00067
25 30 1.00066
25 31 1.00066
25 32 1.00065
25 33 1.00064
25 34 1.00063
25 35 1.00062
25 36 1.00061
25 37 1.00059
25 38 1.00058
25 39 1.00056
25 40 1.00055
25 41 1.00053
25 42 1.00051
25 43 1.00049
25 44 1.00047
25 45 1.00045
25 46 1.00043
25 47 1.0004
25 48 1.00038
25 49 1.00036
25 50 1.00033
25 51 1.0003
25 52 1.00027
25 53 1.00025
25 54 1.00022
25 55 1.00019
25 56 1.00016
25 57 1.00013
25 58 1.0001
25 59 1.00007
25 60 1.00004
25 61 1.00001
25 62 0.999984
25 63 0.999955
25 64 0.999927
25 65 0.9999
25 66 0.999874
25 67 0.999848
25 68 0.999824
25 69 0.9998
25 70 0.999777
25 71 0.999756
25 72 0.999736
25 73 0.999717
25 74 0.999699
25 75 0.999683
25 76 0.999669
25 77 0.999656
25 78 0.999644
25 79 0.999634
25 80 0.999626
25 81 0.999619
25 82 0.999614
25 83 0.99961
25 84 0.999609
25 85 0.999608
25 86 0.99961
25 87 0.999613
25 88 0.999618
25 89 0.999624
25 90 0.999632
25 91 0.999642
25 92 0.999653
25 93 0.999666
25 94 0.99968
25 95 0.999696
25 96 0.999714
25 97 0.999733
25 98 0.999753
25 99 0.999775
25 100 0.999798
25 101 0.999823
25 102 0.999849
25 103 0.999876
25 104 0.999905
25 105 0.999935
25 106 0.999966
25 107 0.999998
25 108 1.00003
25 109 1.00006
25 110 1.0001
25 111 1.00013
25 112 1.00017
25 113 1.0002
25 114 1.00024
25 115 1.00028
25 116 1.00031
25 117 1.00034
25 118 1.00038
25 119 1.00041
25 120 1.00044
25 121 1.00048
25 122 1.00051
25 123 1.00055
25 124 1.0006
25 125 1.00064
25 126 1.00069
25 127 1.00074

26 0 0
26 1 1.00068
26 2 1.00068
26 3 1.00068
26 4 1.00068
26 5 1.00068
26 6 1.00069
26 7 1.00069
26 8 1.00069
26 9 1.00069
26 10 1.00069
26 11 1.00069
26 12 1.0007
26 13 1.0007
26 14 1.0007
26 15 1.0007
26 16 1.0007
26 17 1.0007
26 18 1.0007
26 19 1.0007
26 20 1.0007
26 21 1.0007
26 22 1.0007
26 23 1.00069
26 24 1.00069
26 25 1.00069
26 26 1.00068
26 27 1.00068
26 28 1.00067
26 29 1.00067
26 30 1.00066
26 31 1.00065
26 32 1.00065
26 33 1.00064
26 34 1.00063
26 35 1.00061
26 36 1.0006
26 37 1.00059
26 38 1.00057
26 39 1.00056
26 40 1.00054
26 41 1.00052
26 42 1.0005
26 43 1.00048
26 44 1.00046
26 45 1.00044
26 46 1.00042
26 47 1.00039
26 48 1.00036
26 49 1.00034
26 50 1.00031
26 51 1.00028
26 52 1.00025
26 53 1.00023
26 54 1.0002
26 55 1.00017
26 56 1.00014
26 57 1.0001
26 58 1.00007
26 59 1.00004
26 60 1.00001
26 61 0.999983
26 62 0.999954
26 63 0.999925
26 64 0.999896
26 65 0.999868
26 66 0.999841
26 67 0.999815
26 68 0.99979
26 69 0.999766
26 70 0.999743
26 71 0.999722
26 72 0.999701
26 73 0.999682
26 74 0.999665
26 75 0.999649
26 76 0.999635
26 77 0.999622
26 78 0.999611
26 79 0.999601
26 80 0.999593
26 81 0.999587
26 82 0.999583
26 83 0.99958
26 84 0.999579
26 85 0.99958
26 86 0.999582
26 87 0.999587
26 88 0.999593
26 89 0.9996
26 90 0.99961
26 91 0.999621
26 92 0.999634
26 93 0.999648
26 94 0.999664
26 95 0.999681
26 96 0.999701
26 97 0.999721
26 98 0.999744
26 99 0.999767
26 100 0.999792
26 101 0.999819
26 102 0.999847
26 103 0.999876
26 104 0.999907
26 105 0.999938
26 106 0.999971
26 107 1
26 108 1.00004
26 109 1.00007
26 110 1.00011
26 111 1.00015
26 112 1.00018
26 113 1.00022
26 114 1.00026
26 115 1.00029
26 116 1.00033
26 117 1.00036
26 118 1.0004
26 119 1.00043
26 120 1.00046
26 121 1.0005
26 122 1.00053
26 123 1.00057
26 124 1.00061
26 125 1.00065
26 126 1.0007
26 127 1.00075

27 0 0
27 1 1.00068
27 2 1.00068
27 3 1.00068
27 4 1.00069
27 5 1.00069
27 6 1.00069
27 7 1.00069
27 8 1.00069
27 9 1.00069
27 10 1.0007
27 11 1.0007
27 12 1.0007
27 13 1.0007
27 14 1.0007
27 15 1.0007
27 16 1.0007
27 17 1.0007
27 18 1.0007
27 19 1.0007
27 20 1.0007
27 21 1.0007
27 22 1.0007
27 23 1.0007
27 24 1.00069
27 25 1.00069
27 26 1.00068
27 27 1.00068
27 28 1.00067
27 29 1.00067
27 30 1.00066
27 31 1.00065
27 32 1.00064
27 33 1.00063
27 34 1.00062
27 35 1.00061
27 36 1.0006
27 37 1.00058
27 38 1.00057
27 39 1.00055
27 40 1.00053
27 41 1.00051
27 42 1.00049
27 43 1.00047
27 44 1.00045
27 45 1.00043
27 46 1.0004
27 47 1.00037
27 48 1.00035
27 49 1.00032
27 50 1.00029
27 51 1.00026
27 52 1.00023
27 53 1.0002
27 54 1.00017
27 55 1.00014
27 56 1.00011
27 57 1.00008
27 58 1.00005
27 59 1.00001
27 60 0.999983
27 61 0.999952
27 62 0.999921
27 63 0.999892
27 64 0.999862
27 65 0.999834
27 66 0.999806
27 67 0.99978
27 68 0.999754
27 69 0.99973
27 70 0.999707
27 71 0.999685
27 72 0.999665
27 73 0.999646
27 74 0.999628
27 75 0.999612
27 76 0.999598
27 77 0.999586
27 78 0.999575
27 79 0.999566
27 80 0.999559
27 81 0.999553
27 82 0.999549
27 83 0.999548
27 84 0.999548
27 85 0.999549
27 86 0.999553
27 87 0.999558
27 88 0.999565
27 89 0.999574
27 90 0.999585
27 91 0.999598
27 92 0.999612
27 93 0.999628
27 94 0.999645
27 95 0.999664
27 96 0.999685
27 97 0.999708
27 98 0.999731
27 99 0.999757
27 100 0.999784
27 101 0.999812
27 102 0.999842
27 103 0.999873
27 104 0.999905
27 105 0.999938
27 106 0.999973
27 107 1.00001
27 108 1.00004
27 109 1.00008
27 110 1.00012
27 111 1.00016
27 112 1.00019
27 113 1.00023
27 114 1.00027
27 115 1.0003
27 116 1.00034
27 117 1.00037
27 118 1.00041
27 119 1.00044
27 120 1.00048
27 121 1.00051
27 122 1.00054
27 123 1.00058
27 124 1.00062
27 125 1.00066
27 126 1.00071
27 127 1.00075

28 0 0
28 1 1.00068
28 2 1.00068
28 3 1.00069
28 4 1.00069
28 5 1.00069
28 6 1.00069
28 7 1.00069
28 8 1.00069
28 9 1.0007
28 10 1.0007
28 11 1.0007
28 12 1.0007
28 13 1.0007
28 14 1.0007
28 15 1.0007
28 16 1.0007
28 17 1.0007
28 18 1.0007
28 19 1.0007
28 20 1.0007
28 21 1.0007
28 22 1.0007
28 23 1.0007
28 24 1.00069
28 25 1.00069
28 26 1.00069
28 27 1.00068
28 28 1.00067
28 29 1.00067
28 30 1.00066
28 31 1.00065
28 32 1.00064
28 33 1.00063
28 34 1.00062
28 35 1.00061
28 36 1.00059
28 37 1.00058
28 38 1.00056
28 39 1.00054
28 40 1.00052
28 41 1.0005
28 42 1.00048
28 43 1.00046
28 44 1.00044
28 45 1.00041
28 46 1.00038
28 47 1.00036
28 48 1.00033
28 49 1.0003
28 50 1.00027
28 51 1.00024
28 52 1.00021
28 53 1.00018
28 54 1.00015
28 55 1.00011
28 56 1.00008
28 57 1.00005
28 58 1.00002
28 59 0.999983
28 60 0.99995
28 61 0.999919
28 62 0.999887
28 63 0.999856
28 64 0.999826
28 65 0.999797
28 66 0.999769
28 67 0.999742
28 68 0.999716
28 69 0.999691
28 70 0.999668
28 71 0.999646
28 72 0.999625
28 73 0.999606
28 74 0.999589
28 75 0.999573
28 76 0.99956
28 77 0.999547
28 78 0.999537
28 79 0.999528
28 80 0.999522
28 81 0.999517
28 82 0.999514
28 83 0.999513
28 84 0.999514
28 85 0.999516
28 86 0.999521
28 87 0.999527
28 88 0.999536
28 89 0.999546
28 90 0.999558
28 91 0.999572
28 92 0.999588
28 93 0.999605
28 94 0.999624
28 95 0.999645
28 96 0.999667
28 97 0.999691
28 98 0.999717
28 99 0.999744
28 100 0.999773
28 101 0.999803
28 102 0.999834
28 103 0.999867
28 104 0.9999
28 105 0.999935
28 106 0.999971
28 107 1.00001
28 108 1.00005
28 109 1.00008
28 110 1.00012
28 111 1.00016
28 112 1.0002
28 113 1.00024
28 114 1.00027
28 115 1.00031
28 116 1.00035
28 117 1.00038
28 118 1.00042
28 119 1.00045
28 120 1.00048
28 121 1.00052
28 122 1.00055
28 123 1.00059
28 124 1.00062
28 125 1.00066
28 126 1.00071
28 127 1.00075

29 0 0
29 1 1.00068
29 2 1.00069
29 3 1.00069
29 4 1.00069
29 5 1.00069
29 6 1.00069
29 7 1.0007
29 8 1.0007
29 9 1.0007
29 10 1.0007
29 11 1.0007
29 12 1.0007
29 13 1.0007
29 14 1.00071
29 15 1.00071
29 16 1.00071
29 17 1.00071
29 18 1.00071
29 19 1.00071
29 20 1.0007
29 21 1.0007
29 22 1.0007
29 23 1.0007
29 24 1.00069
29 25 1.00069
29 26 1.00069
29 27 1.00068
29 28 1.00067
29 29 1.00067
29 30 1.00066
29 31 1.00065
29 32 1.00064
29 33 1.00063
29 34 1.00061
29 35 1.0006
29 36 1.00059
29 37 1.00057
29 38 1.00055
29 39 1.00053
29 40 1.00051
29 41 1.00049
29 42 1.00047
29 43 1.00045
29 44 1.00042
29 45 1.00039
29 46 1.00037
29 47 1.00034
29 48 1.00031
29 49 1.00028
29 50 1.00025
29 51 1.00022
29 52 1.00018
29 53 1.00015
29 54 1.00012
29 55 1.00008
29 56 1.00005
29 57 1.00002
29 58 0.999983
29 59 0.999949
29 60 0.999916
29 61 0.999883
29 62 0.999851
29 63 0.999819
29 64 0.999788
29 65 0.999758
29 66 0.99973
29 67 0.999702
29 68 0.999676
29 69 0.99965
29 70 0.999627
29 71 0.999605
29 72 0.999584
29 73 0.999565
29 74 0.999548
29 75 0.999532
29 76 0.999519
29 77 0.999507
29 78 0.999497
29 79 0.999489
29 80 0.999483
29 81 0.999478
29 82 0.999476
29 83 0.999476
29 84 0.999478
29 85 0.999481
29 86 0.999487
29 87 0.999495
29 88 0.999504
29 89 0.999515
29 90 0.999529
29 91 0.999544
29 92 0.999561
29 93 0.99958
29 94 0.9996
29 95 0.999623
29 96 0.999647
29 97 0.999672
29 98 0.9997
29 99 0.999728
29 100 0.999758
29 101 0.99979
29 102 0.999823
29 103 0.999857
29 104 0.999892
29 105 0.999929
29 106 0.999966
29 107 1
29 108 1.00004
29 109 1.00008
29 110 1.00012
29 111 1.00016
29 112 1.0002
29 113 1.00024
29 114 1.00028
29 115 1.00031
29 116 1.00035
29 117 1.00039
29 118 1.00042
29 119 1.00045
29 120 1.00049
29 121 1.00052
29 122 1.00055
29 123 1.00059
29 124 1.00062
29 125 1.00066
29 126 1.0007
29 127 1.00075

30 0 0
30 1 1.00069
30 2 1.00069
30 3 1.00069
30 4 1.00069
30 5 1.0007
30 6 1.0007
30 7 1.0007
30 8 1.0007
30 9 1.0007
30 10 1.0007
30 11 1.0007
30 12 1.00071
30 13 1.00071
30 14 1.00071
30 15 1.00071
30 16 1.00071
30 17 1.00071
30 18 1.00071
30 19 1.00071
30 20 1.00071
30 21 1.0007
30 22 1.0007
30 23 1.0007
30 24 1.0007
30 25 1.00069
30 26 1.00069
30 27 1.00068
30 28 1.00067
30 29 1.00066
30 30 1.00066
30 31 1.00065
30 32 1.00064
30 33 1.00062
30 34 1.00061
30 35 1.0006
30 36 1.00058
30 37 1.00056
30 38 1.00054
30 39 1.00052
30 40 1.0005
30 41 1.00048
30 42 1.00046
30 43 1.00043
30 44 1.00041
30 45 1.00038
30 46 1.00035
30 47 1.00032
30 48 1.00029
30 49 1.00026
30 50 1.00022
30 51 1.00019
30 52 1.00016
30 53 1.00012
30 54 1.00009
30 55 1.00005
30 56 1.00002
30 57 0.999983
30 58 0.999948
30 59 0.999914
30 60 0.999879
30 61 0.999845
30 62 0.999812
30 63 0.99978
30 64 0.999748
30 65 0.999717
30 66 0.999688
30 67 0.99966
30 68 0.999633
30 69 0.999607
30 70 0.999583
30 71 0.999561
30 72 0.99954
30 73 0.999521
30 74 0.999504
30 75 0.999489
30 76 0.999475
30 77 0.999464
30 78 0.999454
30 79 0.999447
30 80 0.999441
30 81 0.999438
30 82 0.999436
30 83 0.999437
30 84 0.999439
30 85 0.999444
30 86 0.999451
30 87 0.999459
30 88 0.99947
30 89 0.999483
30 90 0.999497
30 91 0.999514
30 92 0.999532
30 93 0.999552
30 94 0.999574
30 95 0.999598
30 96 0.999624
30 97 0.999651
30 98 0.99968
30 99 0.99971
30 100 0.999741
30 101 0.999775
30 102 0.999809
30 103 0.999845
30 104 0.999881
30 105 0.999919
30 106 0.999957
30 107 0.999996
30 108 1.00004
30 109 1.00008
30 110 1.00012
30 111 1.00016
30 112 1.0002
30 113 1.00024
30 114 1.00027
30 115 1.00031
30 116 1.00035
30 117 1.00038
30 118 1.00042
30 119 1.00045
30 120 1.00048
30 121 1.00052
30 122 1.00055
30 123 1.00058
30 124 1.00062
30 125 1.00065
30 126 1.0007
30 127 1.00074

31 0 0
31 1 1.00069
31 2 1.00069
31 3 1.00069
31 4 1.0007
31 5 1.0007
31 6 1.0007
31 7 1.0007
31 8 1.0007
31 9 1.00071
31 10 1.00071
31 11 1.00071
31 12 1.00071
31 13 1.00071
31 14 1.00071
31 15 1.00071
31 16 1.00071
31 17 1.00071
31 18 1.00071
31 19 1.00071
31 20 1.00071
31 21 1.00071
31 22 1.0007
31 23 1.0007
31 24 1.0007
31 25 1.00069
31 26 1.00069
31 27 1.00068
31 28 1.00067
31 29 1.00066
31 30 1.00065
31 31 1.00064
31 32 1.00063
31 33 1.00062
31 34 1.0006
31 35 1.00059
31 36 1.00057
31 37 1.00055
31 38 1.00053
31 39 1.00051
31 40 1.00049
31 41 1.00047
31 42 1.00044
31 43 1.00042
31 44 1.00039
31 45 1.00036
31 46 1.00033
31 47 1.0003
31 48 1.00027
31 49 1.00023
31 50 1.0002
31 51 1.00016
31 52 1.00013
31 53 1.00009
31 54 1.00006
31 55 1.00002
31 56 0.999985
31 57 0.999948
31 58 0.999912
31 59 0.999876
31 60 0.99984
31 61 0.999805
31 62 0.999771
31 63 0.999738
31 64 0.999705
31 65 0.999674
31 66 0.999644
31 67 0.999615
31 68 0.999588
31 69 0.999562
31 70 0.999538
31 71 0.999515
31 72 0.999494
31 73 0.999475
31 74 0.999458
31 75 0.999443
31 76 0.99943
31 77 0.999419
31 78 0.999409
31 79 0.999402
31 80 0.999397
31 81 0.999395
31 82 0.999394
31 83 0.999395
31 84 0.999399
31 85 0.999404
31 86 0.999412
31 87 0.999422
31 88 0.999434
31 89 0.999447
31 90 0.999463
31 91 0.999481
31 92 0.999501
31 93 0.999522
31 94 0.999546
31 95 0.999571
31 96 0.999598
31 97 0.999627
31 98 0.999657
31 99 0.999689
31 100 0.999722
31 101 0.999756
31 102 0.999792
31 103 0.999829
31 104 0.999867
31 105 0.999906
31 106 0.999945
31 107 0.999985
31 108 1.00003
31 109 1.00007
31 110 1.00011
31 111 1.00015
31 112 1.00019
31 113 1.00023
31 114 1.00027
31 115 1.00031
31 116 1.00034
31 117 1.00038
31 118 1.00041
31 119 1.00044
31 120 1.00048
31 121 1.00051
31 122 1.00054
31 123 1.00057
31 124 1.00061
31 125 1.00064
31 126 1.00068
31 127 1.00072

32 0 0
32 1 1.00069
32 2 1.0007
32 3 1.0007
32 4 1.0007
32 5 1.0007
32 6 1.0007
32 7 1.00071
32 8 1.00071
32 9 1.00071
32 10 1.00071
32 11 1.00071
32 12 1.00071
32 13 1.00071
32 14 1.00071
32 15 1.00071
32 16 1.00071
32 17 1.00071
32 18 1.00071
32 19 1.00071
32 20 1.00071
32 21 1.00071
32 22 1.0007
32 23 1.0007
32 24 1.0007
32 25 1.00069
32 26 1.00069
32 27 1.00068
32 28 1.00067
32 29 1.00066
32 30 1.00065
32 31 1.00064
32 32 1.00063
32 33 1.00061
32 34 1.0006
32 35 1.00058
32 36 1.00056
32 37 1.00055
32 38 1.00053
32 39 1.0005
32 40 1.00048
32 41 1.00045
32 42 1.00043
32 43 1.0004
32 44 1.00037
32 45 1.00034
32 46 1.00031
32 47 1.00028
32 48 1.00024
32 49 1.00021
32 50 1.00017
32 51 1.00014
32 52 1.0001
32 53 1.00006
32 54 1.00002
32 55 0.999987
32 56 0.999949
32 57 0.999911
32 58 0.999873
32 59 0.999836
32 60 0.9998
32 61 0.999764
32 62 0.999728
32 63 0.999694
32 64 0.999661
32 65 0.999629
32 66 0.999598
32 67 0.999569
32 68 0.999541
32 69 0.999514
32 70 0.99949
32 71 0.999467
32 72 0.999446
32 73 0.999427
32 74 0.99941
32 75 0.999395
32 76 0.999382
32 77 0.999371
32 78 0.999363
32 79 0.999356
32 80 0.999352
32 81 0.999349
32 82 0.999349
32 83 0.999352
32 84 0.999356
32 85 0.999362
32 86 0.999371
32 87 0.999382
32 88 0.999395
32 89 0.99941
32 90 0.999427
32 91 0.999446
32 92 0.999467
32 93 0.99949
32 94 0.999515
32 95 0.999541
32 96 0.99957
32 97 0.9996
32 98 0.999631
32 99 0.999664
32 100 0.999699
32 101 0.999735
32 102 0.999772
32 103 0.99981
32 104 0.999849
32 105 0.999889
32 106 0.99993
32 107 0.999971
32 108 1.00001
32 109 1.00005
32 110 1.0001
32 111 1.00014
32 112 1.00018
32 113 1.00022
32 114 1.00026
32 115 1.00029
32 116 1.00033
32 117 1.00037
32 118 1.0004
32 119 1.00043
32 120 1.00047
32 121 1.0005
32 122 1.00053
32 123 1.00056
32 124 1.00059
32 125 1.00063
32 126 1.00067
32 127 1.00071

33 0 0
33 1 1.0007
33 2 1.0007
33 3 1.0007
33 4 1.0007
33 5 1.0007
33 6 1.00071
33 7 1.00071
33 8 1.00071
33 9 1.00071
33 10 1.00071
33 11 1.00071
33 12 1.00072
33 13 1.00072
33 14 1.00072
33 15 1.00072
33 16 1.00072
33 17 1.00072
33 18 1.00072
33 19 1.00071
33 20 1.00071
33 21 1.00071
33 22 1.00071
33 23 1.0007
33 24 1.0007
33 25 1.00069
33 26 1.00069
33 27 1.00068
33 28 1.00067
33 29 1.00066
33 30 1.00065
33 31 1.00064
33 32 1.00062
33 33 1.00061
33 34 1.00059
33 35 1.00058
33 36 1.00056
33 37 1.00054
33 38 1.00051
33 39 1.00049
33 40 1.00047
33 41 1.00044
33 42 1.00041
33 43 1.00038
33 44 1.00035
33 45 1.00032
33 46 1.00029
33 47 1.00025
33 48 1.00022
33 49 1.00018
33 50 1.00014
33 51 1.00011
33 52 1.00007
33 53 1.00003
33 54 0.99999
33 55 0.99995
33 56 0.999911
33 57 0.999872
33 58 0.999833
33 59 0.999795
33 60 0.999757
33 61 0.99972
33 62 0.999683
33 63 0.999648
33 64 0.999614
33 65 0.999581
33 66 0.99955
33 67 0.99952
33 68 0.999491
33 69 0.999465
33 70 0.99944
33 71 0.999417
33 72 0.999396
33 73 0.999377
33 74 0.99936
33 75 0.999345
33 76 0.999332
33 77 0.999322
33 78 0.999313
33 79 0.999307
33 80 0.999304
33 81 0.999302
33 82 0.999303
33 83 0.999306
33 84 0.999311
33 85 0.999318
33 86 0.999328
33 87 0.99934
33 88 0.999354
33 89 0.99937
33 90 0.999389
33 91 0.999409
33 92 0.999431
33 93 0.999455
33 94 0.999482
33 95 0.999509
33 96 0.999539
33 97 0.99957
33 98 0.999603
33 99 0.999638
33 100 0.999673
33 101 0.99971
33 102 0.999749
33 103 0.999788
33 104 0.999828
33 105 0.999869
33 106 0.99991
33 107 0.999952
33 108 0.999995
33 109 1.00004
33 110 1.00008
33 111 1.00012
33 112 1.00016
33 113 1.0002
33 114 1.00024
33 115 1.00028
33 116 1.00032
33 117 1.00035
33 118 1.00039
33 119 1.00042
33 120 1.00045
33 121 1.00048
33 122 1.00051
33 123 1.00054
33 124 1.00057
33 125 1.00061
33 126 1.00065
33 127 1.00068

34 0 0
34 1 1.0007
34 2 1.0007
34 3 1.0007
34 4 1.00071
34 5 1.00071
34 6 1.00071
34 7 1.00071
34 8 1.00071
34 9 1.00072
34 10 1.00072
34 11 1.00072
34 12 1.00072
34 13 1.00072
34 14 1.00072
34 15 1.00072
34 16 1.00072
34 17 1.00072
34 18 1.00072
34 19 1.00072
34 20 1.00071
34 21 1.00071
34 22 1.00071
34 23 1.0007
34 24 1.0007
34 25 1.00069
34 26 1.00068
34 27 1.00068
34 28 1.00067
34 29 1.00066
34 30 1.00065
34 31 1.00063
34 32 1.00062
34 33 1.0006
34 34 1.00059
34 35 1.00057
34 36 1.00055
34 37 1.00053
34 38 1.0005
34 39 1.00048
34 40 1.00045
34 41 1.00042
34 42 1.0004
34 43 1.00036
34 44 1.00033
34 45 1.0003
34 46 1.00026
34 47 1.00023
34 48 1.00019
34 49 1.00015
34 50 1.00011
34 51 1.00007
34 52 1.00003
34 53 0.999994
34 54 0.999953
34 55 0.999912
34 56 0.999872
34 57 0.999831
34 58 0.999791
34 59 0.999751
34 60 0.999712
34 61 0.999674
34 62 0.999636
34 63 0.9996
34 64 0.999565
34 65 0.999532
34 66 0.9995
34 67 0.999469
34 68 0.99944
34 69 0.999413
34 70 0.999388
34 71 0.999365
34 72 0.999344
34 73 0.999325
34 74 0.999308
34 75 0.999293
34 76 0.999281
34 77 0.99927
34 78 0.999262
34 79 0.999257
34 80 0.999254
34 81 0.999253
34 82 0.999254
34 83 0.999258
34 84 0.999264
34 85 0.999272
34 86 0.999283
34 87 0.999296
34 88 0.999311
34 89 0.999328
34 90 0.999348
34 91 0.999369
34 92 0.999393
34 93 0.999418
34 94 0.999446
34 95 0.999475
34 96 0.999506
34 97 0.999538
34 98 0.999572
34 99 0.999608
34 100 0.999645
34 101 0.999683
34 102 0.999723
34 103 0.999763
34 104 0.999804
34 105 0.999846
34 106 0.999888
34 107 0.999931
34 108 0.999974
34 109 1.00002
34 110 1.00006
34 111 1.0001
34 112 1.00014
34 113 1.00018
34 114 1.00022
34 115 1.00026
34 116 1.0003
34 117 1.00033
34 118 1.00037
34 119 1.0004
34 120 1.00043
34 121 1.00046
34 122 1.00049
34 123 1.00052
34 124 1.00055
34 125 1.00059
34 126 1.00062
34 127 1.00066

35 0 0
35 1 1.0007
35 2 1.00071
35 3 1.00071
35 4 1.00071
35 5 1.00071
35 6 1.00071
35 7 1.00072
35 8 1.00072
35 9 1.00072
35 10 1.00072
35 11 1.00072
35 12 1.00072
35 13 1.00072
35 14 1.00072
35 15 1.00072
35 16 1.00072
35 17 1.00072
35 18 1.00072
35 19 1.00072
35 20 1.00072
35 21 1.00071
35 22 1.00071
35 23 1.0007
35 24 1.0007
35 25 1.00069
35 26 1.00068
35 27 1.00068
35 28 1.00067
35 29 1.00066
35 30 1.00064
35 31 1.00063
35 32 1.00061
35 33 1.0006
35 34 1.00058
35 35 1.00056
35 36 1.00054
35 37 1.00052
35 38 1.00049
35 39 1.00047
35 40 1.00044
35 41 1.00041
35 42 1.00038
35 43 1.00035
35 44 1.00031
35 45 1.00028
35 46 1.00024
35 47 1.0002
35 48 1.00016
35 49 1.00012
35 50 1.00008
35 51 1.00004
35 52 1
35 53 0.999957
35 54 0.999915
35 55 0.999872
35 56 0.99983
35 57 0.999788
35 58 0.999746
35 59 0.999705
35 60 0.999665
35 61 0.999626
35 62 0.999587
35 63 0.99955
35 64 0.999514
35 65 0.99948
35 66 0.999447
35 67 0.999416
35 68 0.999387
35 69 0.99936
35 70 0.999334
35 71 0.999311
35 72 0.99929
35 73 0.99927
35 74 0.999254
35 75 0.999239
35 76 0.999227
35 77 0.999217
35 78 0.99921
35 79 0.999205
35 80 0.999202
35 81 0.999202
35 82 0.999204
35 83 0.999208
35 84 0.999215
35 85 0.999224
35 86 0.999236
35 87 0.99925
35 88 0.999266
35 89 0.999285
35 90 0.999305
35 91 0.999328
35 92 0.999352
35 93 0.999379
35 94 0.999408
35 95 0.999438
35 96 0.99947
35 97 0.999504
35 98 0.999539
35 99 0.999576
35 100 0.999614
35 101 0.999653
35 102 0.999693
35 103 0.999735
35 104 0.999777
35 105 0.999819
35 106 0.999863
35 107 0.999906
35 108 0.999949
35 109 0.999993
35 110 1.00004
35 111 1.00008
35 112 1.00012
35 113 1.00016
35 114 1.0002
35 115 1.00024
35 116 1.00027
35 117 1.00031
35 118 1.00034
35 119 1.00037
35 120 1.00041
35 121 1.00044
35 122 1.00047
35 123 1.0005
35 124 1.00053
35 125 1.00056
35 126 1.00059
35 127 1.00063

36 0 0
36 1 1.00071
36 2 1.00071
36 3 1.00071
36 4 1.00071
36 5 1.00072
36 6 1.00072
36 7 1.00072
36 8 1.00072
36 9 1.00072
36 10 1.00072
36 11 1.00072
36 12 1.00073
36 13 1.00073
36 14 1.00073
36 15 1.00073
36 16 1.00073
36 17 1.00072
36 18 1.00072
36 19 1.00072
36 20 1.00072
36 21 1.00071
36 22 1.00071
36 23 1.00071
36 24 1.0007
36 25 1.00069
36 26 1.00068
36 27 1.00067
36 28 1.00066
36 29 1.00065
36 30 1.00064
36 31 1.00063
36 32 1.00061
36 33 1.00059
36 34 1.00057
36 35 1.00055
36 36 1.00053
36 37 1.00051
36 38 1.00048
36 39 1.00045
36 40 1.00042
36 41 1.00039
36 42 1.00036
36 43 1.00032
36 44 1.00029
36 45 1.00025
36 46 1.00021
36 47 1.00017
36 48 1.00013
36 49 1.00009
36 50 1.00005
36 51 1.00001
36 52 0.999963
36 53 0.999919
36 54 0.999875
36 55 0.999831
36 56 0.999787
36 57 0.999744
36 58 0.999701
36 59 0.999658
36 60 0.999617
36 61 0.999576
36 62 0.999537
36 63 0.999499
36 64 0.999462
36 65 0.999427
36 66 0.999393
36 67 0.999362
36 68 0.999332
36 69 0.999304
36 70 0.999279
36 71 0.999255
36 72 0.999234
36 73 0.999215
36 74 0.999198
36 75 0.999184
36 76 0.999172
36 77 0.999162
36 78 0.999155
36 79 0.99915
36 80 0.999148
36 81 0.999149
36 82 0.999151
36 83 0.999157
36 84 0.999165
36 85 0.999175
36 86 0.999187
36 87 0.999202
36 88 0.999219
36 89 0.999239
36 90 0.99926
36 91 0.999284
36 92 0.99931
36 93 0.999338
36 94 0.999367
36 95 0.999399
36 96 0.999432
36 97 0.999467
36 98 0.999503
36 99 0.999541
36 100 0.99958
36 101 0.99962
36 102 0.999662
36 103 0.999704
36 104 0.999747
36 105 0.99979
36 106 0.999834
36 107 0.999878
36 108 0.999922
36 109 0.999965
36 110 1.00001
36 111 1.00005
36 112 1.00009
36 113 1.00013
36 114 1.00017
36 115 1.00021
36 116 1.00025
36 117 1.00028
36 118 1.00032
36 119 1.00035
36 120 1.00038
36 121 1.00041
36 122 1.00044
36 123 1.00047
36 124 1.0005
36 125 1.00053
36 126 1.00056
36 127 1.0006

37 0 0
37 1 1.00071
37 2 1.00071
37 3 1.00072
37 4 1.00072
37 5 1.00072
37 6 1.00072
37 7 1.00072
37 8 1.00073
37 9 1.00073
37 10 1.00073
37 11 1.00073
37 12 1.00073
37 13 1.00073
37 14 1.00073
37 15 1.00073
37 16 1.00073
37 17 1.00073
37 18 1.00073
37 19 1.00072
37 20 1.00072
37 21 1.00072
37 22 1.00071
37 23 1.00071
37 24 1.0007
37 25 1.00069
37 26 1.00068
37 27 1.00067
37 28 1.00066
37 29 1.00065
37 30 1.00064
37 31 1.00062
37 32 1.0006
37 33 1.00059
37 34 1.00056
37 35 1.00054
37 36 1.00052
37 37 1.00049
37 38 1.00047
37 39 1.00044
37 40 1.00041
37 41 1.00037
37 42 1.00034
37 43 1.0003
37 44 1.00027
37 45 1.00023
37 46 1.00019
37 47 1.00015
37 48 1.0001
37 49 1.00006
37 50 1.00002
37 51 0.99997
37 52 0.999925
37 53 0.999879
37 54 0.999834
37 55 0.999788
37 56 0.999742
37 57 0.999697
37 58 0.999653
37 59 0.999609
37 60 0.999567
37 61 0.999525
37 62 0.999484
37 63 0.999445
37 64 0.999408
37 65 0.999372
37 66 0.999338
37 67 0.999306
37 68 0.999275
37 69 0.999247
37 70 0.999221
37 71 0.999198
37 72 0.999176
37 73 0.999157
37 74 0.999141
37 75 0.999126
37 76 0.999115
37 77 0.999105
37 78 0.999099
37 79 0.999095
37 80 0.999093
37 81 0.999094
37 82 0.999098
37 83 0.999104
37 84 0.999112
37 85 0.999123
37 86 0.999137
37 87 0.999152
37 88 0.99917
37 89 0.999191
37 90 0.999213
37 91 0.999238
37 92 0.999265
37 93 0.999294
37 94 0.999325
37 95 0.999357
37 96 0.999392
37 97 0.999427
37 98 0.999465
37 99 0.999504
37 100 0.999544
37 101 0.999585
37 102 0.999627
37 103 0.99967
37 104 0.999714
37 105 0.999758
37 106 0.999802
37 107 0.999846
37 108 0.999891
37 109 0.999935
37 110 0.999978
37 111 1.00002
37 112 1.00006
37 113 1.0001
37 114 1.00014
37 115 1.00018
37 116 1.00022
37 117 1.00025
37 118 1.00028
37 119 1.00032
37 120 1.00035
37 121 1.00038
37 122 1.0004
37 123 1.00043
37 124 1.00046
37 125 1.00049
37 126 1.00053
37 127 1.00056

38 0 0
38 1 1.00072
38 2 1.00072
38 3 1.00072
38 4 1.00072
38 5 1.00072
38 6 1.00073
38 7 1.00073
38 8 1.00073
38 9 1.00073
38 10 1.00073
38 11 1.00073
38 12 1.00073
38 13 1.00073
38 14 1.00073
38 15 1.00073
38 16 1.00073
38 17 1.00073
38 18 1.00073
38 19 1.00073
38 20 1.00072
38 21 1.00072
38 22 1.00071
38 23 1.00071
38 24 1.0007
38 25 1.00069
38 26 1.00068
38 27 1.00067
38 28 1.00066
38 29 1.00065
38 30 1.00063
38 31 1.00062
38 32 1.0006
38 33 1.00058
38 34 1.00056
38 35 1.00053
38 36 1.00051
38 37 1.00048
38 38 1.00045
38 39 1.00042
38 40 1.00039
38 41 1.00035
38 42 1.00032
38 43 1.00028
38 44 1.00024
38 45 1.0002
38 46 1.00016
38 47 1.00012
38 48 1.00007
38 49 1.00003
38 50 0.99998
38 51 0.999933
38 52 0.999886
38 53 0.999838
38 54 0.999791
38 55 0.999743
38 56 0.999696
38 57 0.99965
38 58 0.999604
38 59 0.999559
38 60 0.999515
38 61 0.999472
38 62 0.999431
38 63 0.999391
38 64 0.999352
38 65 0.999316
38 66 0.999281
38 67 0.999248
38 68 0.999218
38 69 0.999189
38 70 0.999163
38 71 0.999139
38 72 0.999117
38 73 0.999098
38 74 0.999082
38 75 0.999068
38 76 0.999056
38 77 0.999047
38 78 0.999041
38 79 0.999038
38 80 0.999037
38 81 0.999038
38 82 0.999042
38 83 0.999049
38 84 0.999058
38 85 0.99907
38 86 0.999084
38 87 0.999101
38 88 0.99912
38 89 0.999141
38 90 0.999165
38 91 0.999191
38 92 0.999219
38 93 0.999248
38 94 0.99928
38 95 0.999314
38 96 0.999349
38 97 0.999386
38 98 0.999424
38 99 0.999464
38 100 0.999505
38 101 0.999547
38 102 0.99959
38 103 0.999634
38 104 0.999678
38 105 0.999723
38 106 0.999767
38 107 0.999812
38 108 0.999857
38 109 0.999901
38 110 0.999945
38 111 0.999988
38 112 1.00003
38 113 1.00007
38 114 1.00011
38 115 1.00015
38 116 1.00018
38 117 1.00022
38 118 1.00025
38 119 1.00028
38 120 1.00031
38 121 1.00034
38 122 1.00037
38 123 1.0004
38 124 1.00043
38 125 1.00046
38 126 1.00049
38 127 1.00052

39 0 0
39 1 1.00072
39 2 1.00072
39 3 1.00072
39 4 1.00073
39 5 1.00073
39 6 1.00073
39 7 1.00073
39 8 1.00073
39 9 1.00073
39 10 1.00074
39 11 1.00074
39 12 1.00074
39 13 1.00074
39 14 1.00074
39 15 1.00074
39 16 1.00074
39 17 1.00073
39 18 1.00073
39 19 1.00073
39 20 1.00072
39 21 1.00072
39 22 1.00071
39 23 1.00071
39 24 1.0007
39 25 1.00069
39 26 1.00068
39 27 1.00067
39 28 1.00066
39 29 1.00064
39 30 1.00063
39 31 1.00061
39 32 1.00059
39 33 1.00057
39 34 1.00055
39 35 1.00052
39 36 1.0005
39 37 1.00047
39 38 1.00044
39 39 1.00041
39 40 1.00037
39 41 1.00034
39 42 1.0003
39 43 1.00026
39 44 1.00022
39 45 1.00017
39 46 1.00013
39 47 1.00008
39 48 1.00004
39 49 0.999991
39 50 0.999943
39 51 0.999894
39 52 0.999845
39 53 0.999796
39 54 0.999747
39 55 0.999697
39 56 0.999649
39 57 0.999601
39 58 0.999554
39 59 0.999507
39 60 0.999462
39 61 0.999418
39 62 0.999376
39 63 0.999335
39 64 0.999295
39 65 0.999258
39 66 0.999223
39 67 0.999189
39 68 0.999158
39 69 0.99913
39 70 0.999103
39 71 0.999079
39 72 0.999057
39 73 0.999038
39 74 0.999022
39 75 0.999008
39 76 0.998997
39 77 0.998988
39 78 0.998982
39 79 0.998979
39 80 0.998979
39 81 0.998981
39 82 0.998986
39 83 0.998993
39 84 0.999003
39 85 0.999016
39 86 0.999031
39 87 0.999048
39 88 0.999068
39 89 0.99909
39 90 0.999115
39 91 0.999141
39 92 0.99917
39 93 0.999201
39 94 0.999234
39 95 0.999268
39 96 0.999305
39 97 0.999342
39 98 0.999382
39 99 0.999422
39 100 0.999464
39 101 0.999507
39 102 0.99955
39 103 0.999595
39 104 0.99964
39 105 0.999685
39 106 0.99973
39 107 0.999775
39 108 0.99982
39 109 0.999865
39 110 0.999909
39 111 0.999952
39 112 0.999994
39 113 1.00003
39 114 1.00007
39 115 1.00011
39 116 1.00015
39 117 1.00018
39 118 1.00021
39 119 1.00024
39 120 1.00027
39 121 1.0003
39 122 1.00033
39 123 1.00036
39 124 1.00039
39 125 1.00042
39 126 1.00045
39 127 1.00048

40 0 0
40 1 1.00072
40 2 1.00073
40 3 1.00073
40 4 1.00073
40 5 1.00073
40 6 1.00073
40 7 1.00074
40 8 1.00074
40 9 1.00074
40 10 1.00074
40 11 1.00074
40 12 1.00074
40 13 1.00074
40 14 1.00074
40 15 1.00074
40 16 1.00074
40 17 1.00074
40 18 1.00073
40 19 1.00073
40 20 1.00073
40 21 1.00072
40 22 1.00072
40 23 1.00071
40 24 1.0007
40 25 1.00069
40 26 1.00068
40 27 1.00067
40 28 1.00066
40 29 1.00064
40 30 1.00062
40 31 1.00061
40 32 1.00059
40 33 1.00056
40 34 1.00054
40 35 1.00051
40 36 1.00049
40 37 1.00046
40 38 1.00042
40 39 1.00039
40 40 1.00035
40 41 1.00032
40 42 1.00028
40 43 1.00023
40 44 1.00019
40 45 1.00015
40 46 1.0001
40 47 1.00005
40 48 1
40 49 0.999955
40 50 0.999905
40 51 0.999854
40 52 0.999803
40 53 0.999752
40 54 0.999701
40 55 0.99965
40 56 0.9996
40 57 0.999551
40 58 0.999502
40 59 0.999454
40 60 0.999408
40 61 0.999363
40 62 0.999319
40 63 0.999277
40 64 0.999237
40 65 0.999199
40 66 0.999163
40 67 0.99913
40 68 0.999098
40 69 0.999069
40 70 0.999042
40 71 0.999018
40 72 0.998997
40 73 0.998977
40 74 0.998961
40 75 0.998947
40 76 0.998936
40 77 0.998928
40 78 0.998923
40 79 0.99892
40 80 0.99892
40 81 0.998923
40 82 0.998928
40 83 0.998936
40 84 0.998947
40 85 0.99896
40 86 0.998976
40 87 0.998994
40 88 0.999015
40 89 0.999038
40 90 0.999063
40 91 0.999091
40 92 0.99912
40 93 0.999152
40 94 0.999186
40 95 0.999221
40 96 0.999258
40 97 0.999297
40 98 0.999337
40 99 0.999378
40 100 0.999421
40 101 0.999464
40 102 0.999509
40 103 0.999554
40 104 0.999599
40 105 0.999645
40 106 0.99969
40 107 0.999736
40 108 0.999781
40 109 0.999826
40 110 0.99987
40 111 0.999913
40 112 0.999955
40 113 0.999995
40 114 1.00003
40 115 1.00007
40 116 1.00011
40 117 1.00014
40 118 1.00017
40 119 1.0002
40 120 1.00023
40 121 1.00026
40 122 1.00029
40 123 1.00032
40 124 1.00035
40 125 1.00037
40 126 1.0004
40 127 1.00044

41 0 0
41 1 1.00073
41 2 1.00073
41 3 1.00073
41 4 1.00074
41 5 1.00074
41 6 1.00074
41 7 1.00074
41 8 1.00074
41 9 1.00074
41 10 1.00074
41 11 1.00075
41 12 1.00075
41 13 1.00075
41 14 1.00074
41 15 1.00074
41 16 1.00074
41 17 1.00074
41 18 1.00074
41 19 1.00073
41 20 1.00073
41 21 1.00072
41 22 1.00072
41 23 1.00071
41 24 1.0007
41 25 1.00069
41 26 1.00068
41 27 1.00067
41 28 1.00065
41 29 1.00064
41 30 1.00062
41 31 1.0006
41 32 1.00058
41 33 1.00056
41 34 1.00053
41 35 1.0005
41 36 1.00047
41 37 1.00044
41 38 1.00041
41 39 1.00037
41 40 1.00033
41 41 1.00029
41 42 1.00025
41 43 1.00021
41 44 1.00016
41 45 1.00012
41 46 1.00007
41 47 1.00002
41 48 0.999969
41 49 0.999918
41 50 0.999866
41 51 0.999813
41 52 0.99976
41 53 0.999707
41 54 0.999655
41 55 0.999602
41 56 0.99955
41 57 0.999499
41 58 0.999449
41 59 0.9994
41 60 0.999353
41 61 0.999307
41 62 0.999262
41 63 0.999219
41 64 0.999179
41 65 0.99914
41 66 0.999103
41 67 0.999069
41 68 0.999037
41 69 0.999008
41 70 0.998981
41 71 0.998957
41 72 0.998935
41 73 0.998916
41 74 0.9989
41 75 0.998886
41 76 0.998875
41 77 0.998867
41 78 0.998862
41 79 0.99886
41 80 0.99886
41 81 0.998863
41 82 0.998869
41 83 0.998878
41 84 0.998889
41 85 0.998903
41 86 0.99892
41 87 0.998939
41 88 0.99896
41 89 0.998984
41 90 0.99901
41 91 0.999039
41 92 0.999069
41 93 0.999102
41 94 0.999136
41 95 0.999172
41 96 0.99921
41 97 0.99925
41 98 0.999291
41 99 0.999333
41 100 0.999376
41 101 0.99942
41 102 0.999465
41 103 0.99951
41 104 0.999556
41 105 0.999602
41 106 0.999648
41 107 0.999694
41 108 0.99974
41 109 0.999785
41 110 0.999829
41 111 0.999872
41 112 0.999913
41 113 0.999954
41 114 0.999993
41 115 1.00003
41 116 1.00007
41 117 1.0001
41 118 1.00013
41 119 1.00016
41 120 1.00019
41 121 1.00022
41 122 1.00025
41 123 1.00027
41 124 1.0003
41 125 1.00033
41 126 1.00036
41 127 1.00039

42 0 0
42 1 1.00073
42 2 1.00074
42 3 1.00074
42 4 1.00074
42 5 1.00074
42 6 1.00074
42 7 1.00075
42 8 1.00075
42 9 1.00075
42 10 1.00075
42 11 1.00075
42 12 1.00075
42 13 1.00075
42 14 1.00075
42 15 1.00075
42 16 1.00075
42 17 1.00074
42 18 1.00074
42 19 1.00074
42 20 1.00073
42 21 1.00073
42 22 1.00072
42 23 1.00071
42 24 1.0007
42 25 1.00069
42 26 1.00068
42 27 1.00067
42 28 1.00065
42 29 1.00063
42 30 1.00062
42 31 1.00059
42 32 1.00057
42 33 1.00055
42 34 1.00052
42 35 1.00049
42 36 1.00046
42 37 1.00043
42 38 1.00039
42 39 1.00035
42 40 1.00031
42 41 1.00027
42 42 1.00023
42 43 1.00018
42 44 1.00014
42 45 1.00009
42 46 1.00004
42 47 0.999986
42 48 0.999933
42 49 0.99988
42 50 0.999826
42 51 0.999771
42 52 0.999716
42 53 0.999662
42 54 0.999607
42 55 0.999553
42 56 0.9995
42 57 0.999447
42 58 0.999396
42 59 0.999346
42 60 0.999297
42 61 0.99925
42 62 0.999204
42 63 0.999161
42 64 0.999119
42 65 0.99908
42 66 0.999043
42 67 0.999008
42 68 0.998976
42 69 0.998946
42 70 0.998919
42 71 0.998894
42 72 0.998873
42 73 0.998854
42 74 0.998838
42 75 0.998824
42 76 0.998814
42 77 0.998806
42 78 0.998801
42 79 0.998799
42 80 0.9988
42 81 0.998804
42 82 0.99881
42 83 0.998819
42 84 0.998831
42 85 0.998846
42 86 0.998863
42 87 0.998883
42 88 0.998905
42 89 0.99893
42 90 0.998957
42 91 0.998986
42 92 0.999017
42 93 0.99905
42 94 0.999085
42 95 0.999122
42 96 0.999161
42 97 0.999201
42 98 0.999243
42 99 0.999285
42 100 0.999329
42 101 0.999374
42 102 0.999419
42 103 0.999465
42 104 0.999511
42 105 0.999558
42 106 0.999604
42 107 0.99965
42 108 0.999696
42 109 0.999741
42 110 0.999785
42 111 0.999828
42 112 0.99987
42 113 0.99991
42 114 0.999949
42 115 0.999986
42 116 1.00002
42 117 1.00005
42 118 1.00009
42 119 1.00012
42 120 1.00015
42 121 1.00017
42 122 1.0002
42 123 1.00023
42 124 1.00025
42 125 1.00028
42 126 1.00031
42 127 1.00034

43 0 0
43 1 1.00074
43 2 1.00074
43 3 1.00074
43 4 1.00075
43 5 1.00075
43 6 1.00075
43 7 1.00075
43 8 1.00075
43 9 1.00075
43 10 1.00075
43 11 1.00075
43 12 1.00075
43 13 1.00075
43 14 1.00075
43 15 1.00075
43 16 1.00075
43 17 1.00075
43 18 1.00074
43 19 1.00074
43 20 1.00073
43 21 1.00073
43 22 1.00072
43 23 1.00071
43 24 1.0007
43 25 1.00069
43 26 1.00068
43 27 1.00066
43 28 1.00065
43 29 1.00063
43 30 1.00061
43 31 1.00059
43 32 1.00057
43 33 1.00054
43 34 1.00051
43 35 1.00048
43 36 1.00045
43 37 1.00041
43 38 1.00038
43 39 1.00034
43 40 1.00029
43 41 1.00025
43 42 1.00021
43 43 1.00016
43 44 1.00011
43 45 1.00006
43 46 1
43 47 0.999951
43 48 0.999896
43 49 0.999841
43 50 0.999785
43 51 0.999728
43 52 0.999672
43 53 0.999615
43 54 0.999559
43 55 0.999503
43 56 0.999449
43 57 0.999395
43 58 0.999342
43 59 0.99929
43 60 0.99924
43 61 0.999192
43 62 0.999146
43 63 0.999101
43 64 0.999059
43 65 0.999019
43 66 0.998982
43 67 0.998947
43 68 0.998914
43 69 0.998884
43 70 0.998857
43 71 0.998832
43 72 0.99881
43 73 0.998791
43 74 0.998775
43 75 0.998762
43 76 0.998752
43 77 0.998744
43 78 0.99874
43 79 0.998738
43 80 0.99874
43 81 0.998744
43 82 0.998751
43 83 0.99876
43 84 0.998773
43 85 0.998788
43 86 0.998806
43 87 0.998826
43 88 0.998849
43 89 0.998874
43 90 0.998902
43 91 0.998932
43 92 0.998964
43 93 0.998998
43 94 0.999034
43 95 0.999071
43 96 0.99911
43 97 0.999151
43 98 0.999193
43 99 0.999237
43 100 0.999281
43 101 0.999326
43 102 0.999372
43 103 0.999418
43 104 0.999465
43 105 0.999512
43 106 0.999558
43 107 0.999604
43 108 0.99965
43 109 0.999695
43 110 0.999739
43 111 0.999782
43 112 0.999824
43 113 0.999864
43 114 0.999902
43 115 0.999939
43 116 0.999974
43 117 1.00001
43 118 1.00004
43 119 1.00007
43 120 1.0001
43 121 1.00013
43 122 1.00015
43 123 1.00018
43 124 1.00021
43 125 1.00023
43 126 1.00026
43 127 1.00029

44 0 0
44 1 1.00075
44 2 1.00075
44 3 1.00075
44 4 1.00075
44 5 1.00075
44 6 1.00075
44 7 1.00076
44 8 1.00076
44 9 1.00076
44 10 1.00076
44 11 1.00076
44 12 1.00076
44 13 1.00076
44 14 1.00076
44 15 1.00076
44 16 1.00075
44 17 1.00075
44 18 1.00075
44 19 1.00074
44 20 1.00074
44 21 1.00073
44 22 1.00072
44 23 1.00071
44 24 1.0007
44 25 1.00069
44 26 1.00068
44 27 1.00066
44 28 1.00065
44 29 1.00063
44 30 1.00061
44 31 1.00058
44 32 1.00056
44 33 1.00053
44 34 1.0005
44 35 1.00047
44 36 1.00044
44 37 1.0004
44 38 1.00036
44 39 1.00032
44 40 1.00027
44 41 1.00023
44 42 1.00018
44 43 1.00013
44 44 1.00008
44 45 1.00003
44 46 0.999972
44 47 0.999916
44 48 0.999859
44 49 0.999802
44 50 0.999744
44 51 0.999685
44 52 0.999627
44 53 0.999568
44 54 0.99951
44 55 0.999453
44 56 0.999397
44 57 0.999341
44 58 0.999287
44 59 0.999235
44 60 0.999184
44 61 0.999134
44 62 0.999087
44 63 0.999042
44 64 0.998999
44 65 0.998959
44 66 0.998921
44 67 0.998885
44 68 0.998852
44 69 0.998822
44 70 0.998794
44 71 0.99877
44 72 0.998748
44 73 0.998729
44 74 0.998713
44 75 0.9987
44 76 0.99869
44 77 0.998683
44 78 0.998679
44 79 0.998677
44 80 0.998679
44 81 0.998684
44 82 0.998691
44 83 0.998701
44 84 0.998714
44 85 0.99873
44 86 0.998748
44 87 0.998769
44 88 0.998793
44 89 0.998818
44 90 0.998847
44 91 0.998877
44 92 0.99891
44 93 0.998944
44 94 0.998981
44 95 0.999019
44 96 0.999059
44 97 0.9991
44 98 0.999143
44 99 0.999187
44 100 0.999231
44 101 0.999277
44 102 0.999323
44 103 0.99937
44 104 0.999417
44 105 0.999464
44 106 0.99951
44 107 0.999557
44 108 0.999603
44 109 0.999648
44 110 0.999692
44 111 0.999734
44 112 0.999776
44 113 0.999816
44 114 0.999854
44 115 0.999891
44 116 0.999925
44 117 0.999958
44 118 0.99999
44 119 1.00002
44 120 1.00005
44 121 1.00008
44 122 1.0001
44 123 1.00013
44 124 1.00015
44 125 1.00018
44 126 1.00021
44 127 1.00024

45 0 0
45 1 1.00075
45 2 1.00075
45 3 1.00076
45 4 1.00076
45 5 1.00076
45 6 1.00076
45 7 1.00076
45 8 1.00076
45 9 1.00076
45 10 1.00076
45 11 1.00076
45 12 1.00076
45 13 1.00076
45 14 1.00076
45 15 1.00076
45 16 1.00076
45 17 1.00075
45 18 1.00075
45 19 1.00075
45 20 1.00074
45 21 1.00073
45 22 1.00072
45 23 1.00072
45 24 1.0007
45 25 1.00069
45 26 1.00068
45 27 1.00066
45 28 1.00064
45 29 1.00062
45 30 1.0006
45 31 1.00058
45 32 1.00055
45 33 1.00052
45 34 1.00049
45 35 1.00046
45 36 1.00042
45 37 1.00038
45 38 1.00034
45 39 1.0003
45 40 1.00025
45 41 1.00021
45 42 1.00016
45 43 1.0001
45 44 1.00005
45 45 0.999995
45 46 0.999938
45 47 0.99988
45 48 0.999821
45 49 0.999762
45 50 0.999702
45 51 0.999641
45 52 0.999581
45 53 0.999521
45 54 0.999462
45 55 0.999403
45 56 0.999345
45 57 0.999288
45 58 0.999233
45 59 0.999179
45 60 0.999127
45 61 0.999077
45 62 0.999029
45 63 0.998983
45 64 0.998939
45 65 0.998898
45 66 0.99886
45 67 0.998824
45 68 0.998791
45 69 0.99876
45 70 0.998733
45 71 0.998708
45 72 0.998686
45 73 0.998667
45 74 0.998651
45 75 0.998638
45 76 0.998628
45 77 0.998622
45 78 0.998618
45 79 0.998617
45 80 0.998619
45 81 0.998624
45 82 0.998631
45 83 0.998642
45 84 0.998655
45 85 0.998672
45 86 0.99869
45 87 0.998712
45 88 0.998736
45 89 0.998762
45 90 0.998791
45 91 0.998822
45 92 0.998855
45 93 0.99889
45 94 0.998927
45 95 0.998966
45 96 0.999006
45 97 0.999048
45 98 0.999091
45 99 0.999136
45 100 0.999181
45 101 0.999227
45 102 0.999273
45 103 0.99932
45 104 0.999367
45 105 0.999415
45 106 0.999461
45 107 0.999508
45 108 0.999554
45 109 0.999599
45 110 0.999643
45 111 0.999685
45 112 0.999727
45 113 0.999766
45 114 0.999804
45 115 0.999841
45 116 0.999875
45 117 0.999908
45 118 0.999939
45 119 0.999969
45 120 0.999997
45 121 1.00002
45 122 1.00005
45 123 1.00008
45 124 1.0001
45 125 1.00013
45 126 1.00016
45 127 1.00018

46 0 0
46 1 1.00076
46 2 1.00076
46 3 1.00076
46 4 1.00076
46 5 1.00076
46 6 1.00077
46 7 1.00077
46 8 1.00077
46 9 1.00077
46 10 1.00077
46 11 1.00077
46 12 1.00077
46 13 1.00077
46 14 1.00077
46 15 1.00076
46 16 1.00076
46 17 1.00076
46 18 1.00075
46 19 1.00075
46 20 1.00074
46 21 1.00074
46 22 1.00073
46 23 1.00072
46 24 1.0007
46 25 1.00069
46 26 1.00068
46 27 1.00066
46 28 1.00064
46 29 1.00062
46 30 1.0006
46 31 1.00057
46 32 1.00054
46 33 1.00051
46 34 1.00048
46 35 1.00045
46 36 1.00041
46 37 1.00037
46 38 1.00033
46 39 1.00028
46 40 1.00023
46 41 1.00018
46 42 1.00013
46 43 1.00008
46 44 1.00002
46 45 0.999963
46 46 0.999904
46 47 0.999844
46 48 0.999783
46 49 0.999722
46 50 0.99966
46 51 0.999598
46 52 0.999535
46 53 0.999474
46 54 0.999412
46 55 0.999352
46 56 0.999293
46 57 0.999235
46 58 0.999178
46 59 0.999123
46 60 0.99907
46 61 0.999019
46 62 0.99897
46 63 0.998924
46 64 0.99888
46 65 0.998838
46 66 0.998799
46 67 0.998763
46 68 0.998729
46 69 0.998699
46 70 0.998671
46 71 0.998646
46 72 0.998625
46 73 0.998606
46 74 0.99859
46 75 0.998577
46 76 0.998567
46 77 0.998561
46 78 0.998557
46 79 0.998556
46 80 0.998559
46 81 0.998564
46 82 0.998572
46 83 0.998583
46 84 0.998597
46 85 0.998613
46 86 0.998633
46 87 0.998655
46 88 0.998679
46 89 0.998706
46 90 0.998735
46 91 0.998767
46 92 0.9988
46 93 0.998836
46 94 0.998874
46 95 0.998913
46 96 0.998954
46 97 0.998996
46 98 0.999039
46 99 0.999084
46 100 0.999129
46 101 0.999176
46 102 0.999223
46 103 0.99927
46 104 0.999317
46 105 0.999364
46 106 0.999411
46 107 0.999458
46 108 0.999503
46 109 0.999548
46 110 0.999592
46 111 0.999635
46 112 0.999676
46 113 0.999715
46 114 0.999753
46 115 0.999789
46 116 0.999823
46 117 0.999856
46 118 0.999887
46 119 0.999916
46 120 0.999944
46 121 0.999971
46 122 0.999997
46 123 1.00002
46 124 1.00005
46 125 1.00007
46 126 1.0001
46 127 1.00013

47 0 0
47 1 1.00076
47 2 1.00077
47 3 1.00077
47 4 1.00077
47 5 1.00077
47 6 1.00077
47 7 1.00077
47 8 1.00077
47 9 1.00077
47 10 1.00077
47 11 1.00077
47 12 1.00077
47 13 1.00077
47 14 1.00077
47 15 1.00077
47 16 1.00077
47 17 1.00076
47 18 1.00076
47 19 1.00075
47 20 1.00075
47 21 1.00074
47 22 1.00073
47 23 1.00072
47 24 1.00071
47 25 1.00069
47 26 1.00068
47 27 1.00066
47 28 1.00064
47 29 1.00062
47 30 1.00059
47 31 1.00057
47 32 1.00054
47 33 1.00051
47 34 1.00047
47 35 1.00043
47 36 1.0004
47 37 1.00035
47 38 1.00031
47 39 1.00026
47 40 1.00021
47 41 1.00016
47 42 1.00011
47 43 1.00005
47 44 0.999991
47 45 0.999932
47 46 0.999871
47 47 0.999808
47 48 0.999745
47 49 0.999682
47 50 0.999618
47 51 0.999554
47 52 0.99949
47 53 0.999426
47 54 0.999363
47 55 0.999302
47 56 0.999241
47 57 0.999182
47 58 0.999124
47 59 0.999068
47 60 0.999014
47 61 0.998962
47 62 0.998913
47 63 0.998865
47 64 0.998821
47 65 0.998779
47 66 0.998739
47 67 0.998703
47 68 0.998669
47 69 0.998638
47 70 0.99861
47 71 0.998586
47 72 0.998564
47 73 0.998545
47 74 0.998529
47 75 0.998517
47 76 0.998507
47 77 0.998501
47 78 0.998497
47 79 0.998497
47 80 0.998499
47 81 0.998505
47 82 0.998513
47 83 0.998525
47 84 0.998539
47 85 0.998556
47 86 0.998576
47 87 0.998598
47 88 0.998623
47 89 0.99865
47 90 0.99868
47 91 0.998712
47 92 0.998746
47 93 0.998782
47 94 0.99882
47 95 0.998859
47 96 0.9989
47 97 0.998943
47 98 0.998987
47 99 0.999032
47 100 0.999078
47 101 0.999124
47 102 0.999171
47 103 0.999218
47 104 0.999266
47 105 0.999313
47 106 0.99936
47 107 0.999407
47 108 0.999452
47 109 0.999497
47 110 0.999541
47 111 0.999583
47 112 0.999624
47 113 0.999663
47 114 0.999701
47 115 0.999737
47 116 0.999771
47 117 0.999803
47 118 0.999834
47 119 0.999863
47 120 0.99989
47 121 0.999917
47 122 0.999943
47 123 0.999968
47 124 0.999994
47 125 1.00002
47 126 1.00004
47 127 1.00007

48 0 0
48 1 1.00077
48 2 1.00077
48 3 1.00077
48 4 1.00078
48 5 1.00078
48 6 1.00078
48 7 1.00078
48 8 1.00078
48 9 1.00078
48 10 1.00078
48 11 1.00078
48 12 1.00078
48 13 1.00078
48 14 1.00078
48 15 1.00077
48 16 1.00077
48 17 1.00077
48 18 1.00076
48 19 1.00076
48 20 1.00075
48 21 1.00074
48 22 1.00073
48 23 1.00072
48 24 1.00071
48 25 1.00069
48 26 1.00068
48 27 1.00066
48 28 1.00064
48 29 1.00061
48 30 1.00059
48 31 1.00056
48 32 1.00053
48 33 1.0005
48 34 1.00046
48 35 1.00042
48 36 1.00038
48 37 1.00034
48 38 1.00029
48 39 1.00024
48 40 1.00019
48 41 1.00014
48 42 1.00008
48 43 1.00002
48 44 0.999962
48 45 0.9999
48 46 0.999837
48 47 0.999772
48 48 0.999707
48 49 0.999642
48 50 0.999576
48 51 0.99951
48 52 0.999444
48 53 0.999379
48 54 0.999315
48 55 0.999251
48 56 0.999189
48 57 0.999129
48 58 0.99907
48 59 0.999013
48 60 0.998958
48 61 0.998906
48 62 0.998855
48 63 0.998808
48 64 0.998763
48 65 0.99872
48 66 0.99868
48 67 0.998644
48 68 0.99861
48 69 0.998579
48 70 0.998551
48 71 0.998526
48 72 0.998504
48 73 0.998485
48 74 0.99847
48 75 0.998457
48 76 0.998448
48 77 0.998442
48 78 0.998438
48 79 0.998438
48 80 0.998441
48 81 0.998447
48 82 0.998455
48 83 0.998467
48 84 0.998482
48 85 0.998499
48 86 0.998519
48 87 0.998542
48 88 0.998567
48 89 0.998594
48 90 0.998624
48 91 0.998657
48 92 0.998691
48 93 0.998727
48 94 0.998766
48 95 0.998806
48 96 0.998847
48 97 0.99889
48 98 0.998934
48 99 0.998979
48 100 0.999025
48 101 0.999072
48 102 0.999119
48 103 0.999167
48 104 0.999214
48 105 0.999261
48 106 0.999308
48 107 0.999355
48 108 0.9994
48 109 0.999445
48 110 0.999488
48 111 0.999531
48 112 0.999571
48 113 0.99961
48 114 0.999648
48 115 0.999683
48 116 0.999717
48 117 0.999749
48 118 0.999779
48 119 0.999808
48 120 0.999836
48 121 0.999862
48 122 0.999888
48 123 0.999913
48 124 0.999938
48 125 0.999963
48 126 0.999988
48 127 1.00001

49 0 0
49 1 1.00078
49 2 1.00078
49 3 1.00078
49 4 1.00078
49 5 1.00078
49 6 1.00078
49 7 1.00079
49 8 1.00079
49 9 1.00079
49 10 1.00079
49 11 1.00079
49 12 1.00079
49 13 1.00078
49 14 1.00078
49 15 1.00078
49 16 1.00078
49 17 1.00077
49 18 1.00077
49 19 1.00076
49 20 1.00075
49 21 1.00074
49 22 1.00073
49 23 1.00072
49 24 1.00071
49 25 1.00069
49 26 1.00068
49 27 1.00066
49 28 1.00063
49 29 1.00061
49 30 1.00058
49 31 1.00056
49 32 1.00052
49 33 1.00049
49 34 1.00045
49 35 1.00041
49 36 1.00037
49 37 1.00032
49 38 1.00027
49 39 1.00022
49 40 1.00017
49 41 1.00011
49 42 1.00005
49 43 0.999994
49 44 0.999932
49 45 0.999868
49 46 0.999803
49 47 0.999736
49 48 0.999669
49 49 0.999602
49 50 0.999534
49 51 0.999466
49 52 0.999399
49 53 0.999332
49 54 0.999266
49 55 0.999202
49 56 0.999138
49 57 0.999077
49 58 0.999017
49 59 0.998959
49 60 0.998903
49 61 0.99885
49 62 0.998799
49 63 0.998751
49 64 0.998705
49 65 0.998663
49 66 0.998623
49 67 0.998586
49 68 0.998552
49 69 0.99852
49 70 0.998493
49 71 0.998468
49 72 0.998446
49 73 0.998427
49 74 0.998412
49 75 0.998399
49 76 0.99839
49 77 0.998384
49 78 0.998381
49 79 0.998381
49 80 0.998384
49 81 0.99839
49 82 0.998399
49 83 0.998411
49 84 0.998425
49 85 0.998443
49 86 0.998463
49 87 0.998486
49 88 0.998512
49 89 0.99854
49 90 0.99857
49 91 0.998602
49 92 0.998637
49 93 0.998674
49 94 0.998712
49 95 0.998752
49 96 0.998794
49 97 0.998837
49 98 0.998882
49 99 0.998927
49 100 0.998973
49 101 0.99902
49 102 0.999067
49 103 0.999114
49 104 0.999162
49 105 0.999209
49 106 0.999256
49 107 0.999302
49 108 0.999348
49 109 0.999392
49 110 0.999436
49 111 0.999478
49 112 0.999518
49 113 0.999557
49 114 0.999594
49 115 0.999629
49 116 0.999662
49 117 0.999694
49 118 0.999724
49 119 0.999753
49 120 0.999781
49 121 0.999807
49 122 0.999832
49 123 0.999857
49 124 0.999882
49 125 0.999906
49 126 0.99993
49 127 0.999954

50 0 0
50 1 1.00078
50 2 1.00078
50 3 1.00079
50 4 1.00079
50 5 1.00079
50 6 1.00079
50 7 1.00079
50 8 1.00079
50 9 1.00079
50 10 1.00079
50 11 1.00079
50 12 1.00079
50 13 1.00079
50 14 1.00079
50 15 1.00078
50 16 1.00078
50 17 1.00078
50 18 1.00077
50 19 1.00076
50 20 1.00076
50 21 1.00075
50 22 1.00074
50 23 1.00072
50 24 1.00071
50 25 1.00069
50 26 1.00068
50 27 1.00066
50 28 1.00063
50 29 1.00061
50 30 1.00058
50 31 1.00055
50 32 1.00052
50 33 1.00048
50 34 1.00044
50 35 1.0004
50 36 1.00036
50 37 1.00031
50 38 1.00026
50 39 1.0002
50 40 1.00015
50 41 1.00009
50 42 1.00003
50 43 0.999967
50 44 0.999903
50 45 0.999837
50 46 0.999769
50 47 0.999701
50 48 0.999632
50 49 0.999562
50 50 0.999493
50 51 0.999423
50 52 0.999354
50 53 0.999286
50 54 0.999219
50 55 0.999153
50 56 0.999088
50 57 0.999026
50 58 0.998965
50 59 0.998906
50 60 0.99885
50 61 0.998796
50 62 0.998744
50 63 0.998696
50 64 0.99865
50 65 0.998606
50 66 0.998566
50 67 0.998529
50 68 0.998495
50 69 0.998464
50 70 0.998436
50 71 0.998411
50 72 0.998389
50 73 0.99837
50 74 0.998355
50 75 0.998343
50 76 0.998333
50 77 0.998327
50 78 0.998324
50 79 0.998325
50 80 0.998328
50 81 0.998334
50 82 0.998343
50 83 0.998355
50 84 0.99837
50 85 0.998388
50 86 0.998409
50 87 0.998432
50 88 0.998457
50 89 0.998486
50 90 0.998516
50 91 0.998549
50 92 0.998584
50 93 0.998621
50 94 0.998659
50 95 0.9987
50 96 0.998742
50 97 0.998785
50 98 0.998829
50 99 0.998875
50 100 0.998921
50 101 0.998968
50 102 0.999015
50 103 0.999062
50 104 0.99911
50 105 0.999157
50 106 0.999204
50 107 0.99925
50 108 0.999295
50 109 0.99934
50 110 0.999383
50 111 0.999424
50 112 0.999464
50 113 0.999503
50 114 0.99954
50 115 0.999575
50 116 0.999608
50 117 0.999639
50 118 0.999669
50 119 0.999698
50 120 0.999725
50 121 0.999751
50 122 0.999776
50 123 0.999801
50 124 0.999825
50 125 0.999849
50 126 0.999873
50 127 0.999896

51 0 0
51 1 1.00079
51 2 1.00079
51 3 1.00079
51 4 1.0008
51 5 1.0008
51 6 1.0008
51 7 1.0008
51 8 1.0008
51 9 1.0008
51 10 1.0008
51 11 1.0008
51 12 1.0008
51 13 1.00079
51 14 1.00079
51 15 1.00079
51 16 1.00079
51 17 1.00078
51 18 1.00078
51 19 1.00077
51 20 1.00076
51 21 1.00075
51 22 1.00074
51 23 1.00073
51 24 1.00071
51 25 1.0007
51 26 1.00068
51 27 1.00066
51 28 1.00063
51 29 1.00061
51 30 1.00058
51 31 1.00055
51 32 1.00051
51 33 1.00047
51 34 1.00043
51 35 1.00039
51 36 1.00034
51 37 1.00029
51 38 1.00024
51 39 1.00019
51 40 1.00013
51 41 1.00007
51 42 1.00001
51 43 0.99994
51 44 0.999874
51 45 0.999806
51 46 0.999736
51 47 0.999666
51 48 0.999595
51 49 0.999523
51 50 0.999452
51 51 0.999381
51 52 0.99931
51 53 0.999241
51 54 0.999172
51 55 0.999105
51 56 0.999039
51 57 0.998976
51 58 0.998914
51 59 0.998855
51 60 0.998797
51 61 0.998743
51 62 0.998691
51 63 0.998642
51 64 0.998595
51 65 0.998552
51 66 0.998511
51 67 0.998474
51 68 0.99844
51 69 0.998409
51 70 0.99838
51 71 0.998356
51 72 0.998334
51 73 0.998315
51 74 0.9983
51 75 0.998288
51 76 0.998279
51 77 0.998273
51 78 0.99827
51 79 0.99827
51 80 0.998273
51 81 0.99828
51 82 0.998289
51 83 0.998301
51 84 0.998317
51 85 0.998335
51 86 0.998355
51 87 0.998378
51 88 0.998404
51 89 0.998433
51 90 0.998463
51 91 0.998496
51 92 0.998531
51 93 0.998568
51 94 0.998607
51 95 0.998648
51 96 0.99869
51 97 0.998733
51 98 0.998777
51 99 0.998823
51 100 0.998869
51 101 0.998916
51 102 0.998963
51 103 0.999011
51 104 0.999058
51 105 0.999105
51 106 0.999152
51 107 0.999198
51 108 0.999243
51 109 0.999287
51 110 0.99933
51 111 0.999371
51 112 0.999411
51 113 0.999449
51 114 0.999485
51 115 0.99952
51 116 0.999553
51 117 0.999584
51 118 0.999614
51 119 0.999642
51 120 0.999669
51 121 0.999695
51 122 0.99972
51 123 0.999745
51 124 0.999769
51 125 0.999792
51 126 0.999815
51 127 0.999837

52 0 0
52 1 1.0008
52 2 1.0008
52 3 1.0008
52 4 1.0008
52 5 1.0008
52 6 1.0008
52 7 1.0008
52 8 1.00081
52 9 1.00081
52 10 1.0008
52 11 1.0008
52 12 1.0008
52 13 1.0008
52 14 1.0008
52 15 1.0008
52 16 1.00079
52 17 1.00079
52 18 1.00078
52 19 1.00077
52 20 1.00076
52 21 1.00075
52 22 1.00074
52 23 1.00073
52 24 1.00071
52 25 1.0007
52 26 1.00068
52 27 1.00065
52 28 1.00063
52 29 1.0006
52 30 1.00057
52 31 1.00054
52 32 1.0005
52 33 1.00047
52 34 1.00042
52 35 1.00038
52 36 1.00033
52 37 1.00028
52 38 1.00023
52 39 1.00017
52 40 1.00011
52 41 1.00005
52 42 0.999981
52 43 0.999914
52 44 0.999845
52 45 0.999775
52 46 0.999704
52 47 0.999631
52 48 0.999559
52 49 0.999485
52 50 0.999412
52 51 0.99934
52 52 0.999268
52 53 0.999197
52 54 0.999127
52 55 0.999058
52 56 0.998992
52 57 0.998927
52 58 0.998865
52 59 0.998804
52 60 0.998747
52 61 0.998691
52 62 0.998639
52 63 0.99859
52 64 0.998543
52 65 0.998499
52 66 0.998459
52 67 0.998421
52 68 0.998387
52 69 0.998355
52 70 0.998327
52 71 0.998302
52 72 0.998281
52 73 0.998262
52 74 0.998247
52 75 0.998235
52 76 0.998226
52 77 0.99822
52 78 0.998217
52 79 0.998217
52 80 0.998221
52 81 0.998227
52 82 0.998237
52 83 0.998249
52 84 0.998265
52 85 0.998283
52 86 0.998303
52 87 0.998327
52 88 0.998353
52 89 0.998381
52 90 0.998412
52 91 0.998445
52 92 0.99848
52 93 0.998517
52 94 0.998556
52 95 0.998597
52 96 0.998639
52 97 0.998682
52 98 0.998727
52 99 0.998772
52 100 0.998818
52 101 0.998865
52 102 0.998912
52 103 0.998959
52 104 0.999007
52 105 0.999054
52 106 0.9991
52 107 0.999146
52 108 0.999191
52 109 0.999234
52 110 0.999277
52 111 0.999318
52 112 0.999357
52 113 0.999395
52 114 0.999431
52 115 0.999465
52 116 0.999498
52 117 0.999529
52 118 0.999559
52 119 0.999587
52 120 0.999614
52 121 0.999639
52 122 0.999664
52 123 0.999688
52 124 0.999712
52 125 0.999735
52 126 0.999757
52 127 0.999778

53 0 0
53 1 1.00081
53 2 1.00081
53 3 1.00081
53 4 1.00081
53 5 1.00081
53 6 1.00081
53 7 1.00081
53 8 1.00081
53 9 1.00081
53 10 1.00081
53 11 1.00081
53 12 1.00081
53 13 1.00081
53 14 1.0008
53 15 1.0008
53 16 1.0008
53 17 1.00079
53 18 1.00078
53 19 1.00078
53 20 1.00077
53 21 1.00076
53 22 1.00075
53 23 1.00073
53 24 1.00072
53 25 1.0007
53 26 1.00068
53 27 1.00066
53 28 1.00063
53 29 1.0006
53 30 1.00057
53 31 1.00054
53 32 1.0005
53 33 1.00046
53 34 1.00042
53 35 1.00037
53 36 1.00032
53 37 1.00027
53 38 1.00021
53 39 1.00015
53 40 1.00009
53 41 1.00002
53 42 0.999957
53 43 0.999888
53 44 0.999818
53 45 0.999745
53 46 0.999672
53 47 0.999598
53 48 0.999523
53 49 0.999448
53 50 0.999374
53 51 0.999299
53 52 0.999226
53 53 0.999153
53 54 0.999082
53 55 0.999013
53 56 0.998945
53 57 0.99888
53 58 0.998817
53 59 0.998756
53 60 0.998697
53 61 0.998642
53 62 0.998589
53 63 0.998539
53 64 0.998492
53 65 0.998448
53 66 0.998408
53 67 0.99837
53 68 0.998335
53 69 0.998304
53 70 0.998276
53 71 0.998251
53 72 0.998229
53 73 0.998211
53 74 0.998196
53 75 0.998184
53 76 0.998175
53 77 0.998169
53 78 0.998166
53 79 0.998167
53 80 0.99817
53 81 0.998177
53 82 0.998186
53 83 0.998199
53 84 0.998214
53 85 0.998232
53 86 0.998253
53 87 0.998277
53 88 0.998303
53 89 0.998331
53 90 0.998362
53 91 0.998395
53 92 0.99843
53 93 0.998467
53 94 0.998506
53 95 0.998547
53 96 0.998589
53 97 0.998632
53 98 0.998677
53 99 0.998722
53 100 0.998768
53 101 0.998815
53 102 0.998862
53 103 0.998909
53 104 0.998956
53 105 0.999003
53 106 0.999049
53 107 0.999094
53 108 0.999139
53 109 0.999182
53 110 0.999224
53 111 0.999265
53 112 0.999304
53 113 0.999342
53 114 0.999377
53 115 0.999411
53 116 0.999444
53 117 0.999475
53 118 0.999504
53 119 0.999532
53 120 0.999558
53 121 0.999584
53 122 0.999609
53 123 0.999633
53 124 0.999656
53 125 0.999678
53 126 0.9997
53 127 0.99972

54 0 0
54 1 1.00081
54 2 1.00081
54 3 1.00082
54 4 1.00082
54 5 1.00082
54 6 1.00082
54 7 1.00082
54 8 1.00082
54 9 1.00082
54 10 1.00082
54 11 1.00082
54 12 1.00082
54 13 1.00081
54 14 1.00081
54 15 1.00081
54 16 1.0008
54 17 1.0008
54 18 1.00079
54 19 1.00078
54 20 1.00077
54 21 1.00076
54 22 1.00075
54 23 1.00074
54 24 1.00072
54 25 1.0007
54 26 1.00068
54 27 1.00066
54 28 1.00063
54 29 1.0006
54 30 1.00057
54 31 1.00053
54 32 1.00049
54 33 1.00045
54 34 1.00041
54 35 1.00036
54 36 1.00031
54 37 1.00025
54 38 1.00019
54 39 1.00013
54 40 1.00007
54 41 1
54 42 0.999934
54 43 0.999863
54 44 0.999791
54 45 0.999717
54 46 0.999641
54 47 0.999565
54 48 0.999489
54 49 0.999412
54 50 0.999336
54 51 0.99926
54 52 0.999186
54 53 0.999112
54 54 0.99904
54 55 0.998969
54 56 0.998901
54 57 0.998834
54 58 0.99877
54 59 0.998709
54 60 0.99865
54 61 0.998594
54 62 0.998541
54 63 0.998491
54 64 0.998444
54 65 0.9984
54 66 0.998359
54 67 0.998321
54 68 0.998287
54 69 0.998255
54 70 0.998227
54 71 0.998202
54 72 0.998181
54 73 0.998162
54 74 0.998147
54 75 0.998135
54 76 0.998126
54 77 0.99812
54 78 0.998118
54 79 0.998118
54 80 0.998122
54 81 0.998129
54 82 0.998138
54 83 0.998151
54 84 0.998166
54 85 0.998184
54 86 0.998205
54 87 0.998229
54 88 0.998255
54 89 0.998283
54 90 0.998314
54 91 0.998347
54 92 0.998382
54 93 0.998419
54 94 0.998458
54 95 0.998498
54 96 0.99854
54 97 0.998584
54 98 0.998628
54 99 0.998673
54 100 0.998719
54 101 0.998766
54 102 0.998813
54 103 0.998859
54 104 0.998906
54 105 0.998953
54 106 0.998999
54 107 0.999044
54 108 0.999088
54 109 0.999131
54 110 0.999173
54 111 0.999213
54 112 0.999252
54 113 0.999289
54 114 0.999324
54 115 0.999358
54 116 0.99939
54 117 0.999421
54 118 0.99945
54 119 0.999477
54 120 0.999504
54 121 0.999529
54 122 0.999554
54 123 0.999577
54 124 0.9996
54 125 0.999622
54 126 0.999643
54 127 0.999663

55 0 0
55 1 1.00082
55 2 1.00082
55 3 1.00082
55 4 1.00082
55 5 1.00083
55 6 1.00083
55 7 1.00083
55 8 1.00083
55 9 1.00083
55 10 1.00083
55 11 1.00082
55 12 1.00082
55 13 1.00082
55 14 1.00082
55 15 1.00081
55 16 1.00081
55 17 1.0008
55 18 1.0008
55 19 1.00079
55 20 1.00078
55 21 1.00077
55 22 1.00075
55 23 1.00074
55 24 1.00072
55 25 1.0007
55 26 1.00068
55 27 1.00066
55 28 1.00063
55 29 1.0006
55 30 1.00057
55 31 1.00053
55 32 1.00049
55 33 1.00045
55 34 1.0004
55 35 1.00035
55 36 1.0003
55 37 1.00024
55 38 1.00018
55 39 1.00012
55 40 1.00005
55 41 0.999983
55 42 0.999912
55 43 0.99984
55 44 0.999765
55 45 0.999689
55 46 0.999612
55 47 0.999534
55 48 0.999456
55 49 0.999378
55 50 0.9993
55 51 0.999223
55 52 0.999147
55 53 0.999072
55 54 0.998999
55 55 0.998927
55 56 0.998858
55 57 0.998791
55 58 0.998726
55 59 0.998664
55 60 0.998605
55 61 0.998549
55 62 0.998495
55 63 0.998445
55 64 0.998397
55 65 0.998353
55 66 0.998312
55 67 0.998275
55 68 0.99824
55 69 0.998209
55 70 0.998181
55 71 0.998156
55 72 0.998134
55 73 0.998116
55 74 0.998101
55 75 0.998089
55 76 0.99808
55 77 0.998074
55 78 0.998072
55 79 0.998072
55 80 0.998076
55 81 0.998082
55 82 0.998092
55 83 0.998105
55 84 0.99812
55 85 0.998138
55 86 0.998159
55 87 0.998182
55 88 0.998208
55 89 0.998237
55 90 0.998268
55 91 0.998301
55 92 0.998336
55 93 0.998373
55 94 0.998411
55 95 0.998452
55 96 0.998494
55 97 0.998537
55 98 0.998581
55 99 0.998626
55 100 0.998672
55 101 0.998718
55 102 0.998765
55 103 0.998811
55 104 0.998858
55 105 0.998904
55 106 0.998949
55 107 0.998994
55 108 0.999038
55 109 0.999081
55 110 0.999122
55 111 0.999162
55 112 0.9992
55 113 0.999237
55 114 0.999272
55 115 0.999305
55 116 0.999337
55 117 0.999367
55 118 0.999396
55 119 0.999424
55 120 0.99945
55 121 0.999475
55 122 0.999499
55 123 0.999523
55 124 0.999545
55 125 0.999567
55 126 0.999587
55 127 0.999606

56 0 0
56 1 1.00083
56 2 1.00083
56 3 1.00083
56 4 1.00083
56 5 1.00083
56 6 1.00083
56 7 1.00083
56 8 1.00083
56 9 1.00083
56 10 1.00083
56 11 1.00083
56 12 1.00083
56 13 1.00083
56 14 1.00082
56 15 1.00082
56 16 1.00081
56 17 1.00081
56 18 1.0008
56 19 1.00079
56 20 1.00078
56 21 1.00077
56 22 1.00076
56 23 1.00074
56 24 1.00073
56 25 1.00071
56 26 1.00068
56 27 1.00066
56 28 1.00063
56 29 1.0006
56 30 1.00056
56 31 1.00053
56 32 1.00049
56 33 1.00044
56 34 1.00039
56 35 1.00034
56 36 1.00029
56 37 1.00023
56 38 1.00017
56 39 1.0001
56 40 1.00003
56 41 0.999964
56 42 0.999891
56 43 0.999817
56 44 0.99974
56 45 0.999662
56 46 0.999584
56 47 0.999504
56 48 0.999424
56 49 0.999345
56 50 0.999265
56 51 0.999187
56 52 0.99911
56 53 0.999034
56 54 0.998959
56 55 0.998887
56 56 0.998817
56 57 0.998749
56 58 0.998684
56 59 0.998622
56 60 0.998562
56 61 0.998505
56 62 0.998452
56 63 0.998401
56 64 0.998354
56 65 0.998309
56 66 0.998268
56 67 0.99823
56 68 0.998196
56 69 0.998165
56 70 0.998137
56 71 0.998112
56 72 0.99809
56 73 0.998072
56 74 0.998057
56 75 0.998045
56 76 0.998036
56 77 0.99803
56 78 0.998028
56 79 0.998029
56 80 0.998032
56 81 0.998039
56 82 0.998048
56 83 0.998061
56 84 0.998076
56 85 0.998094
56 86 0.998115
56 87 0.998138
56 88 0.998164
56 89 0.998193
56 90 0.998223
56 91 0.998256
56 92 0.998291
56 93 0.998328
56 94 0.998367
56 95 0.998407
56 96 0.998448
56 97 0.998491
56 98 0.998535
56 99 0.99858
56 100 0.998626
56 101 0.998672
56 102 0.998718
56 103 0.998764
56 104 0.99881
56 105 0.998856
56 106 0.998901
56 107 0.998946
56 108 0.998989
56 109 0.999032
56 110 0.999072
56 111 0.999112
56 112 0.99915
56 113 0.999186
56 114 0.999221
56 115 0.999254
56 116 0.999285
56 117 0.999315
56 118 0.999344
56 119 0.999371
56 120 0.999397
56 121 0.999422
56 122 0.999446
56 123 0.999469
56 124 0.999491
56 125 0.999512
56 126 0.999532
56 127 0.99955

57 0 0
57 1 1.00084
57 2 1.00084
57 3 1.00084
57 4 1.00084
57 5 1.00084
57 6 1.00084
57 7 1.00084
57 8 1.00084
57 9 1.00084
57 10 1.00084
57 11 1.00084
57 12 1.00084
57 13 1.00083
57 14 1.00083
57 15 1.00083
57 16 1.00082
57 17 1.00081
57 18 1.00081
57 19 1.0008
57 20 1.00079
57 21 1.00078
57 22 1.00076
57 23 1.00075
57 24 1.00073
57 25 1.00071
57 26 1.00069
57 27 1.00066
57 28 1.00063
57 29 1.0006
57 30 1.00056
57 31 1.00052
57 32 1.00048
57 33 1.00044
57 34 1.00039
57 35 1.00033
57 36 1.00028
57 37 1.00022
57 38 1.00015
57 39 1.00009
57 40 1.00002
57 41 0.999946
57 42 0.999872
57 43 0.999795
57 44 0.999717
57 45 0.999637
57 46 0.999557
57 47 0.999476
57 48 0.999394
57 49 0.999313
57 50 0.999233
57 51 0.999153
57 52 0.999074
57 53 0.998997
57 54 0.998922
57 55 0.998849
57 56 0.998778
57 57 0.99871
57 58 0.998644
57 59 0.998581
57 60 0.998521
57 61 0.998464
57 62 0.998411
57 63 0.99836
57 64 0.998312
57 65 0.998268
57 66 0.998227
57 67 0.998189
57 68 0.998155
57 69 0.998123
57 70 0.998095
57 71 0.99807
57 72 0.998049
57 73 0.998031
57 74 0.998016
57 75 0.998004
57 76 0.997995
57 77 0.997989
57 78 0.997987
57 79 0.997987
57 80 0.997991
57 81 0.997998
57 82 0.998007
57 83 0.99802
57 84 0.998035
57 85 0.998053
57 86 0.998074
57 87 0.998097
57 88 0.998123
57 89 0.998151
57 90 0.998181
57 91 0.998214
57 92 0.998249
57 93 0.998286
57 94 0.998324
57 95 0.998364
57 96 0.998405
57 97 0.998448
57 98 0.998492
57 99 0.998536
57 100 0.998582
57 101 0.998627
57 102 0.998673
57 103 0.998719
57 104 0.998765
57 105 0.99881
57 106 0.998855
57 107 0.998899
57 108 0.998942
57 109 0.998984
57 110 0.999024
57 111 0.999063
57 112 0.999101
57 113 0.999137
57 114 0.999171
57 115 0.999204
57 116 0.999235
57 117 0.999265
57 118 0.999293
57 119 0.99932
57 120 0.999346
57 121 0.999371
57 122 0.999394
57 123 0.999417
57 124 0.999439
57 125 0.999459
57 126 0.999478
57 127 0.999495

58 0 0
58 1 1.00085
58 2 1.00085
58 3 1.00085
58 4 1.00085
58 5 1.00085
58 6 1.00085
58 7 1.00085
58 8 1.00085
58 9 1.00085
58 10 1.00085
58 11 1.00085
58 12 1.00084
58 13 1.00084
58 14 1.00084
58 15 1.00083
58 16 1.00083
58 17 1.00082
58 18 1.00081
58 19 1.0008
58 20 1.00079
58 21 1.00078
58 22 1.00077
58 23 1.00075
58 24 1.00073
58 25 1.00071
58 26 1.00069
58 27 1.00066
58 28 1.00063
58 29 1.0006
58 30 1.00056
58 31 1.00052
58 32 1.00048
58 33 1.00043
58 34 1.00038
58 35 1.00033
58 36 1.00027
58 37 1.00021
58 38 1.00014
58 39 1.00007
58 40 1
58 41 0.999929
58 42 0.999853
58 43 0.999775
58 44 0.999695
58 45 0.999614
58 46 0.999531
58 47 0.999449
58 48 0.999366
58 49 0.999283
58 50 0.999201
58 51 0.999121
58 52 0.999041
58 53 0.998963
58 54 0.998887
58 55 0.998813
58 56 0.998742
58 57 0.998673
58 58 0.998607
58 59 0.998544
58 60 0.998483
58 61 0.998426
58 62 0.998372
58 63 0.998321
58 64 0.998274
58 65 0.998229
58 66 0.998188
58 67 0.99815
58 68 0.998116
58 69 0.998085
58 70 0.998057
58 71 0.998032
58 72 0.99801
58 73 0.997992
58 74 0.997977
58 75 0.997965
58 76 0.997957
58 77 0.997951
58 78 0.997948
58 79 0.997949
58 80 0.997953
58 81 0.997959
58 82 0.997969
58 83 0.997981
58 84 0.997996
58 85 0.998014
58 86 0.998035
58 87 0.998058
58 88 0.998083
58 89 0.998111
58 90 0.998142
58 91 0.998174
58 92 0.998209
58 93 0.998245
58 94 0.998283
58 95 0.998323
58 96 0.998364
58 97 0.998407
58 98 0.99845
58 99 0.998494
58 100 0.998539
58 101 0.998585
58 102 0.99863
58 103 0.998676
58 104 0.998721
58 105 0.998766
58 106 0.998811
58 107 0.998854
58 108 0.998897
58 109 0.998938
58 110 0.998978
58 111 0.999017
58 112 0.999054
58 113 0.999089
58 114 0.999123
58 115 0.999155
58 116 0.999186
58 117 0.999215
58 118 0.999243
58 119 0.99927
58 120 0.999296
58 121 0.99932
58 122 0.999344
58 123 0.999367
58 124 0.999388
58 125 0.999408
58 126 0.999426
58 127 0.999442

59 0 0
59 1 1.00086
59 2 1.00086
59 3 1.00086
59 4 1.00086
59 5 1.00086
59 6 1.00086
59 7 1.00086
59 8 1.00086
59 9 1.00086
59 10 1.00085
59 11 1.00085
59 12 1.00085
59 13 1.00085
59 14 1.00084
59 15 1.00084
59 16 1.00083
59 17 1.00083
59 18 1.00082
59 19 1.00081
59 20 1.0008
59 21 1.00079
59 22 1.00077
59 23 1.00076
59 24 1.00074
59 25 1.00072
59 26 1.00069
59 27 1.00066
59 28 1.00063
59 29 1.0006
59 30 1.00056
59 31 1.00052
59 32 1.00048
59 33 1.00043
59 34 1.00038
59 35 1.00032
59 36 1.00026
59 37 1.0002
59 38 1.00013
59 39 1.00006
59 40 0.99999
59 41 0.999914
59 42 0.999836
59 43 0.999756
59 44 0.999674
59 45 0.999592
59 46 0.999508
59 47 0.999424
59 48 0.999339
59 49 0.999256
59 50 0.999172
59 51 0.99909
59 52 0.99901
59 53 0.998931
59 54 0.998854
59 55 0.99878
59 56 0.998708
59 57 0.998638
59 58 0.998572
59 59 0.998508
59 60 0.998448
59 61 0.99839
59 62 0.998336
59 63 0.998285
59 64 0.998238
59 65 0.998193
59 66 0.998152
59 67 0.998114
59 68 0.99808
59 69 0.998049
59 70 0.998021
59 71 0.997996
59 72 0.997975
59 73 0.997956
59 74 0.997941
59 75 0.99793
59 76 0.997921
59 77 0.997915
59 78 0.997913
59 79 0.997913
59 80 0.997917
59 81 0.997923
59 82 0.997933
59 83 0.997945
59 84 0.99796
59 85 0.997978
59 86 0.997998
59 87 0.998021
59 88 0.998047
59 89 0.998075
59 90 0.998105
59 91 0.998137
59 92 0.998171
59 93 0.998208
59 94 0.998245
59 95 0.998285
59 96 0.998326
59 97 0.998368
59 98 0.998411
59 99 0.998455
59 100 0.998499
59 101 0.998544
59 102 0.998589
59 103 0.998635
59 104 0.99868
59 105 0.998724
59 106 0.998768
59 107 0.998811
59 108 0.998853
59 109 0.998894
59 110 0.998933
59 111 0.998971
59 112 0.999008
59 113 0.999043
59 114 0.999077
59 115 0.999108
59 116 0.999139
59 117 0.999168
59 118 0.999196
59 119 0.999222
59 120 0.999248
59 121 0.999272
59 122 0.999295
59 123 0.999318
59 124 0.999339
59 125 0.999358
59 126 0.999376
59 127 0.999391

60 0 0
60 1 1.00087
60 2 1.00087
60 3 1.00087
60 4 1.00087
60 5 1.00087
60 6 1.00087
60 7 1.00087
60 8 1.00086
60 9 1.00086
60 10 1.00086
60 11 1.00086
60 12 1.00086
60 13 1.00086
60 14 1.00085
60 15 1.00085
60 16 1.00084
60 17 1.00083
60 18 1.00083
60 19 1.00082
60 20 1.00081
60 21 1.00079
60 22 1.00078
60 23 1.00076
60 24 1.00074
60 25 1.00072
60 26 1.0007
60 27 1.00067
60 28 1.00064
60 29 1.0006
60 30 1.00056
60 31 1.00052
60 32 1.00048
60 33 1.00043
60 34 1.00037
60 35 1.00032
60 36 1.00026
60 37 1.00019
60 38 1.00012
60 39 1.00005
60 40 0.999977
60 41 0.9999
60 42 0.999821
60 43 0.999739
60 44 0.999656
60 45 0.999571
60 46 0.999486
60 47 0.9994
60 48 0.999315
60 49 0.99923
60 50 0.999146
60 51 0.999063
60 52 0.998981
60 53 0.998901
60 54 0.998824
60 55 0.998749
60 56 0.998676
60 57 0.998606
60 58 0.998539
60 59 0.998476
60 60 0.998415
60 61 0.998357
60 62 0.998303
60 63 0.998252
60 64 0.998204
60 65 0.99816
60 66 0.998119
60 67 0.998081
60 68 0.998047
60 69 0.998016
60 70 0.997988
60 71 0.997963
60 72 0.997942
60 73 0.997924
60 74 0.997909
60 75 0.997897
60 76 0.997888
60 77 0.997883
60 78 0.99788
60 79 0.99788
60 80 0.997884
60 81 0.99789
60 82 0.9979
60 83 0.997912
60 84 0.997927
60 85 0.997944
60 86 0.997965
60 87 0.997987
60 88 0.998013
60 89 0.99804
60 90 0.99807
60 91 0.998102
60 92 0.998136
60 93 0.998172
60 94 0.99821
60 95 0.998249
60 96 0.99829
60 97 0.998331
60 98 0.998374
60 99 0.998418
60 100 0.998462
60 101 0.998506
60 102 0.998551
60 103 0.998596
60 104 0.99864
60 105 0.998684
60 106 0.998727
60 107 0.99877
60 108 0.998812
60 109 0.998852
60 110 0.998891
60 111 0.998928
60 112 0.998965
60 113 0.998999
60 114 0.999032
60 115 0.999064
60 116 0.999094
60 117 0.999122
60 118 0.99915
60 119 0.999176
60 120 0.999201
60 121 0.999225
60 122 0.999249
60 123 0.99927
60 124 0.999291
60 125 0.99931
60 126 0.999327
60 127 0.999341

61 0 0
61 1 1.00087
61 2 1.00087
61 3 1.00087
61 4 1.00087
61 5 1.00087
61 6 1.00087
61 7 1.00087
61 8 1.00087
61 9 1.00087
61 10 1.00087
61 11 1.00087
61 12 1.00087
61 13 1.00086
61 14 1.00086
61 15 1.00085
61 16 1.00085
61 17 1.00084
61 18 1.00083
61 19 1.00082
61 20 1.00081
61 21 1.0008
61 22 1.00078
61 23 1.00077
61 24 1.00075
61 25 1.00073
61 26 1.0007
61 27 1.00067
61 28 1.00064
61 29 1.0006
61 30 1.00057
61 31 1.00052
61 32 1.00048
61 33 1.00043
61 34 1.00037
61 35 1.00031
61 36 1.00025
61 37 1.00018
61 38 1.00012
61 39 1.00004
61 40 0.999966
61 41 0.999888
61 42 0.999807
61 43 0.999723
61 44 0.999639
61 45 0.999553
61 46 0.999466
61 47 0.999379
61 48 0.999292
61 49 0.999206
61 50 0.999121
61 51 0.999037
61 52 0.998954
61 53 0.998874
61 54 0.998796
61 55 0.99872
61 56 0.998647
61 57 0.998577
61 58 0.99851
61 59 0.998446
61 60 0.998385
61 61 0.998327
61 62 0.998273
61 63 0.998222
61 64 0.998174
61 65 0.99813
61 66 0.998089
61 67 0.998051
61 68 0.998017
61 69 0.997986
61 70 0.997958
61 71 0.997933
61 72 0.997912
61 73 0.997894
61 74 0.997879
61 75 0.997867
61 76 0.997858
61 77 0.997853
61 78 0.99785
61 79 0.997851
61 80 0.997854
61 81 0.99786
61 82 0.997869
61 83 0.997881
61 84 0.997896
61 85 0.997914
61 86 0.997934
61 87 0.997956
61 88 0.997981
61 89 0.998009
61 90 0.998039
61 91 0.99807
61 92 0.998104
61 93 0.99814
61 94 0.998177
61 95 0.998216
61 96 0.998256
61 97 0.998297
61 98 0.99834
61 99 0.998383
61 100 0.998426
61 101 0.998471
61 102 0.998515
61 103 0.998559
61 104 0.998603
61 105 0.998646
61 106 0.998689
61 107 0.998731
61 108 0.998772
61 109 0.998812
61 110 0.99885
61 111 0.998888
61 112 0.998923
61 113 0.998957
61 114 0.99899
61 115 0.999021
61 116 0.999051
61 117 0.999079
61 118 0.999106
61 119 0.999132
61 120 0.999157
61 121 0.999181
61 122 0.999204
61 123 0.999225
61 124 0.999246
61 125 0.999264
61 126 0.99928
61 127 0.999294

62 0 0
62 1 1.00088
62 2 1.00088
62 3 1.00088
62 4 1.00088
62 5 1.00088
62 6 1.00088
62 7 1.00088
62 8 1.00088
62 9 1.00088
62 10 1.00088
62 11 1.00088
62 12 1.00087
62 13 1.00087
62 14 1.00087
62 15 1.00086
62 16 1.00086
62 17 1.00085
62 18 1.00084
62 19 1.00083
62 20 1.00082
62 21 1.00081
62 22 1.00079
62 23 1.00077
62 24 1.00075
62 25 1.00073
62 26 1.0007
62 27 1.00068
62 28 1.00064
62 29 1.00061
62 30 1.00057
62 31 1.00052
62 32 1.00048
62 33 1.00043
62 34 1.00037
62 35 1.00031
62 36 1.00025
62 37 1.00018
62 38 1.00011
62 39 1.00003
62 40 0.999957
62 41 0.999877
62 42 0.999794
62 43 0.99971
62 44 0.999624
62 45 0.999536
62 46 0.999448
62 47 0.99936
62 48 0.999272
62 49 0.999185
62 50 0.999099
62 51 0.999014
62 52 0.99893
62 53 0.998849
62 54 0.998771
62 55 0.998694
62 56 0.998621
62 57 0.99855
62 58 0.998483
62 59 0.998418
62 60 0.998357
62 61 0.9983
62 62 0.998245
62 63 0.998194
62 64 0.998146
62 65 0.998102
62 66 0.998061
62 67 0.998024
62 68 0.997989
62 69 0.997958
62 70 0.997931
62 71 0.997906
62 72 0.997885
62 73 0.997867
62 74 0.997852
62 75 0.99784
62 76 0.997831
62 77 0.997826
62 78 0.997823
62 79 0.997824
62 80 0.997827
62 81 0.997833
62 82 0.997842
62 83 0.997854
62 84 0.997869
62 85 0.997886
62 86 0.997906
62 87 0.997928
62 88 0.997953
62 89 0.99798
62 90 0.99801
62 91 0.998041
62 92 0.998075
62 93 0.99811
62 94 0.998147
62 95 0.998185
62 96 0.998225
62 97 0.998266
62 98 0.998308
62 99 0.998351
62 100 0.998394
62 101 0.998437
62 102 0.998481
62 103 0.998525
62 104 0.998568
62 105 0.998611
62 106 0.998654
62 107 0.998695
62 108 0.998735
62 109 0.998775
62 110 0.998813
62 111 0.998849
62 112 0.998884
62 113 0.998918
62 114 0.99895
62 115 0.99898
62 116 0.99901
62 117 0.999038
62 118 0.999065
62 119 0.99909
62 120 0.999115
62 121 0.999139
62 122 0.999161
62 123 0.999183
62 124 0.999202
62 125 0.99922
62 126 0.999236
62 127 0.999249

63 0 0
63 1 1.00089
63 2 1.00089
63 3 1.00089
63 4 1.00089
63 5 1.00089
63 6 1.00089
63 7 1.00089
63 8 1.00089
63 9 1.00089
63 10 1.00089
63 11 1.00088
63 12 1.00088
63 13 1.00088
63 14 1.00087
63 15 1.00087
63 16 1.00086
63 17 1.00086
63 18 1.00085
63 19 1.00084
63 20 1.00083
63 21 1.00081
63 22 1.0008
63 23 1.00078
63 24 1.00076
63 25 1.00074
63 26 1.00071
63 27 1.00068
63 28 1.00065
63 29 1.00061
63 30 1.00057
63 31 1.00053
63 32 1.00048
63 33 1.00043
63 34 1.00037
63 35 1.00031
63 36 1.00024
63 37 1.00018
63 38 1.0001
63 39 1.00003
63 40 0.99995
63 41 0.999868
63 42 0.999784
63 43 0.999698
63 44 0.999611
63 45 0.999522
63 46 0.999433
63 47 0.999343
63 48 0.999254
63 49 0.999166
63 50 0.999079
63 51 0.998993
63 52 0.998909
63 53 0.998827
63 54 0.998748
63 55 0.998671
63 56 0.998597
63 57 0.998526
63 58 0.998459
63 59 0.998394
63 60 0.998333
63 61 0.998275
63 62 0.998221
63 63 0.99817
63 64 0.998122
63 65 0.998078
63 66 0.998037
63 67 0.997999
63 68 0.997965
63 69 0.997934
63 70 0.997907
63 71 0.997882
63 72 0.997861
63 73 0.997843
63 74 0.997828
63 75 0.997816
63 76 0.997808
63 77 0.997802
63 78 0.997799
63 79 0.9978
63 80 0.997803
63 81 0.997809
63 82 0.997818
63 83 0.99783
63 84 0.997844
63 85 0.997861
63 86 0.997881
63 87 0.997903
63 88 0.997928
63 89 0.997955
63 90 0.997984
63 91 0.998015
63 92 0.998048
63 93 0.998083
63 94 0.99812
63 95 0.998158
63 96 0.998197
63 97 0.998238
63 98 0.998279
63 99 0.998321
63 100 0.998364
63 101 0.998407
63 102 0.99845
63 103 0.998494
63 104 0.998536
63 105 0.998579
63 106 0.99862
63 107 0.998661
63 108 0.998701
63 109 0.99874
63 110 0.998777
63 111 0.998813
63 112 0.998848
63 113 0.998881
63 114 0.998912
63 115 0.998942
63 116 0.998971
63 117 0.998999
63 118 0.999026
63 119 0.999051
63 120 0.999076
63 121 0.999099
63 122 0.999121
63 123 0.999142
63 124 0.999162
63 125 0.999179
63 126 0.999194
63 127 0.999206

64 0 0
64 1 1.0009
64 2 1.0009
64 3 1.0009
64 4 1.0009
64 5 1.0009
64 6 1.0009
64 7 1.0009
64 8 1.0009
64 9 1.0009
64 10 1.00089
64 11 1.00089
64 12 1.00089
64 13 1.00089
64 14 1.00088
64 15 1.00088
64 16 1.00087
64 17 1.00086
64 18 1.00086
64 19 1.00085
64 20 1.00083
64 21 1.00082
64 22 1.00081
64 23 1.00079
64 24 1.00077
64 25 1.00074
64 26 1.00072
64 27 1.00069
64 28 1.00065
64 29 1.00062
64 30 1.00058
64 31 1.00053
64 32 1.00048
64 33 1.00043
64 34 1.00037
64 35 1.00031
64 36 1.00024
64 37 1.00017
64 38 1.0001
64 39 1.00002
64 40 0.999944
64 41 0.999861
64 42 0.999776
64 43 0.999688
64 44 0.9996
64 45 0.99951
64 46 0.999419
64 47 0.999329
64 48 0.999239
64 49 0.999149
64 50 0.999061
64 51 0.998975
64 52 0.99889
64 53 0.998808
64 54 0.998728
64 55 0.998651
64 56 0.998576
64 57 0.998505
64 58 0.998437
64 59 0.998373
64 60 0.998311
64 61 0.998253
64 62 0.998199
64 63 0.998148
64 64 0.9981
64 65 0.998056
64 66 0.998015
64 67 0.997978
64 68 0.997944
64 69 0.997913
64 70 0.997885
64 71 0.997861
64 72 0.99784
64 73 0.997822
64 74 0.997807
64 75 0.997795
64 76 0.997787
64 77 0.997781
64 78 0.997778
64 79 0.997779
64 80 0.997782
64 81 0.997788
64 82 0.997797
64 83 0.997808
64 84 0.997822
64 85 0.997839
64 86 0.997859
64 87 0.997881
64 88 0.997905
64 89 0.997932
64 90 0.997961
64 91 0.997992
64 92 0.998024
64 93 0.998059
64 94 0.998095
64 95 0.998133
64 96 0.998172
64 97 0.998212
64 98 0.998253
64 99 0.998295
64 100 0.998337
64 101 0.99838
64 102 0.998422
64 103 0.998465
64 104 0.998507
64 105 0.998549
64 106 0.99859
64 107 0.99863
64 108 0.99867
64 109 0.998708
64 110 0.998744
64 111 0.99878
64 112 0.998814
64 113 0.998846
64 114 0.998877
64 115 0.998907
64 116 0.998936
64 117 0.998963
64 118 0.998989
64 119 0.999015
64 120 0.999039
64 121 0.999062
64 122 0.999084
64 123 0.999104
64 124 0.999123
64 125 0.99914
64 126 0.999154
64 127 0.999166

65 0 0
65 1 1.00091
65 2 1.00091
65 3 1.00091
65 4 1.00091
65 5 1.00091
65 6 1.00091
65 7 1.00091
65 8 1.00091
65 9 1.0009
65 10 1.0009
65 11 1.0009
65 12 1.0009
65 13 1.00089
65 14 1.00089
65 15 1.00089
65 16 1.00088
65 17 1.00087
65 18 1.00086
65 19 1.00085
65 20 1.00084
65 21 1.00083
65 22 1.00081
65 23 1.00079
65 24 1.00077
65 25 1.00075
65 26 1.00072
65 27 1.00069
65 28 1.00066
65 29 1.00062
65 30 1.00058
65 31 1.00054
65 32 1.00049
65 33 1.00043
65 34 1.00037
65 35 1.00031
65 36 1.00024
65 37 1.00017
65 38 1.0001
65 39 1.00002
65 40 0.99994
65 41 0.999856
65 42 0.999769
65 43 0.999681
65 44 0.999591
65 45 0.9995
65 46 0.999409
65 47 0.999317
65 48 0.999226
65 49 0.999136
65 50 0.999047
65 51 0.998959
65 52 0.998874
65 53 0.998791
65 54 0.998711
65 55 0.998633
65 56 0.998558
65 57 0.998487
65 58 0.998419
65 59 0.998354
65 60 0.998293
65 61 0.998235
65 62 0.99818
65 63 0.998129
65 64 0.998082
65 65 0.998038
65 66 0.997997
65 67 0.99796
65 68 0.997925
65 69 0.997895
65 70 0.997867
65 71 0.997843
65 72 0.997822
65 73 0.997804
65 74 0.997789
65 75 0.997777
65 76 0.997769
65 77 0.997763
65 78 0.99776
65 79 0.99776
65 80 0.997764
65 81 0.997769
65 82 0.997778
65 83 0.99779
65 84 0.997804
65 85 0.997821
65 86 0.99784
65 87 0.997862
65 88 0.997886
65 89 0.997912
65 90 0.997941
65 91 0.997971
65 92 0.998004
65 93 0.998038
65 94 0.998074
65 95 0.998111
65 96 0.99815
65 97 0.998189
65 98 0.99823
65 99 0.998271
65 100 0.998313
65 101 0.998355
65 102 0.998397
65 103 0.998439
65 104 0.998481
65 105 0.998522
65 106 0.998563
65 107 0.998602
65 108 0.998641
65 109 0.998678
65 110 0.998714
65 111 0.998749
65 112 0.998783
65 113 0.998815
65 114 0.998845
65 115 0.998875
65 116 0.998903
65 117 0.99893
65 118 0.998956
65 119 0.998981
65 120 0.999005
65 121 0.999028
65 122 0.999049
65 123 0.999069
65 124 0.999088
65 125 0.999104
65 126 0.999118
65 127 0.999128

66 0 0
66 1 1.00092
66 2 1.00092
66 3 1.00092
66 4 1.00092
66 5 1.00092
66 6 1.00092
66 7 1.00092
66 8 1.00091
66 9 1.00091
66 10 1.00091
66 11 1.00091
66 12 1.00091
66 13 1.0009
66 14 1.0009
66 15 1.00089
66 16 1.00089
66 17 1.00088
66 18 1.00087
66 19 1.00086
66 20 1.00085
66 21 1.00084
66 22 1.00082
66 23 1.0008
66 24 1.00078
66 25 1.00076
66 26 1.00073
66 27 1.0007
66 28 1.00067
66 29 1.00063
66 30 1.00059
66 31 1.00054
66 32 1.00049
66 33 1.00044
66 34 1.00038
66 35 1.00031
66 36 1.00025
66 37 1.00017
66 38 1.0001
66 39 1.00002
66 40 0.999938
66 41 0.999853
66 42 0.999765
66 43 0.999676
66 44 0.999585
66 45 0.999493
66 46 0.9994
66 47 0.999307
66 48 0.999215
66 49 0.999124
66 50 0.999034
66 51 0.998946
66 52 0.998861
66 53 0.998777
66 54 0.998696
66 55 0.998618
66 56 0.998543
66 57 0.998472
66 58 0.998403
66 59 0.998338
66 60 0.998277
66 61 0.998219
66 62 0.998164
66 63 0.998114
66 64 0.998066
66 65 0.998022
66 66 0.997981
66 67 0.997944
66 68 0.99791
66 69 0.99788
66 70 0.997852
66 71 0.997828
66 72 0.997807
66 73 0.997789
66 74 0.997774
66 75 0.997763
66 76 0.997754
66 77 0.997748
66 78 0.997745
66 79 0.997745
66 80 0.997748
66 81 0.997754
66 82 0.997763
66 83 0.997774
66 84 0.997788
66 85 0.997805
66 86 0.997824
66 87 0.997845
66 88 0.997869
66 89 0.997895
66 90 0.997924
66 91 0.997954
66 92 0.997986
66 93 0.99802
66 94 0.998056
66 95 0.998092
66 96 0.998131
66 97 0.99817
66 98 0.99821
66 99 0.998251
66 100 0.998292
66 101 0.998333
66 102 0.998375
66 103 0.998417
66 104 0.998458
66 105 0.998498
66 106 0.998538
66 107 0.998577
66 108 0.998615
66 109 0.998652
66 110 0.998688
66 111 0.998722
66 112 0.998755
66 113 0.998786
66 114 0.998816
66 115 0.998845
66 116 0.998873
66 117 0.9989
66 118 0.998925
66 119 0.99895
66 120 0.998973
66 121 0.998996
66 122 0.999017
66 123 0.999037
66 124 0.999055
66 125 0.999071
66 126 0.999084
66 127 0.999094

67 0 0
67 1 1.00093
67 2 1.00093
67 3 1.00093
67 4 1.00093
67 5 1.00093
67 6 1.00093
67 7 1.00092
67 8 1.00092
67 9 1.00092
67 10 1.00092
67 11 1.00092
67 12 1.00091
67 13 1.00091
67 14 1.00091
67 15 1.0009
67 16 1.0009
67 17 1.00089
67 18 1.00088
67 19 1.00087
67 20 1.00086
67 21 1.00084
67 22 1.00083
67 23 1.00081
67 24 1.00079
67 25 1.00076
67 26 1.00074
67 27 1.00071
67 28 1.00067
67 29 1.00064
67 30 1.00059
67 31 1.00055
67 32 1.0005
67 33 1.00044
67 34 1.00038
67 35 1.00032
67 36 1.00025
67 37 1.00018
67 38 1.0001
67 39 1.00002
67 40 0.999938
67 41 0.999852
67 42 0.999763
67 43 0.999672
67 44 0.99958
67 45 0.999487
67 46 0.999394
67 47 0.999301
67 48 0.999208
67 49 0.999116
67 50 0.999025
67 51 0.998936
67 52 0.99885
67 53 0.998766
67 54 0.998685
67 55 0.998606
67 56 0.998531
67 57 0.998459
67 58 0.998391
67 59 0.998326
67 60 0.998264
67 61 0.998206
67 62 0.998152
67 63 0.998101
67 64 0.998053
67 65 0.998009
67 66 0.997969
67 67 0.997932
67 68 0.997898
67 69 0.997867
67 70 0.99784
67 71 0.997816
67 72 0.997795
67 73 0.997777
67 74 0.997762
67 75 0.997751
67 76 0.997742
67 77 0.997736
67 78 0.997733
67 79 0.997733
67 80 0.997736
67 81 0.997742
67 82 0.997751
67 83 0.997762
67 84 0.997776
67 85 0.997792
67 86 0.997811
67 87 0.997832
67 88 0.997856
67 89 0.997882
67 90 0.99791
67 91 0.99794
67 92 0.997972
67 93 0.998005
67 94 0.99804
67 95 0.998077
67 96 0.998115
67 97 0.998153
67 98 0.998193
67 99 0.998233
67 100 0.998274
67 101 0.998315
67 102 0.998356
67 103 0.998397
67 104 0.998437
67 105 0.998478
67 106 0.998517
67 107 0.998555
67 108 0.998593
67 109 0.998629
67 110 0.998664
67 111 0.998697
67 112 0.99873
67 113 0.998761
67 114 0.99879
67 115 0.998819
67 116 0.998846
67 117 0.998872
67 118 0.998898
67 119 0.998922
67 120 0.998945
67 121 0.998968
67 122 0.998989
67 123 0.999008
67 124 0.999026
67 125 0.999041
67 126 0.999053
67 127 0.999062

68 0 0
68 1 1.00094
68 2 1.00094
68 3 1.00094
68 4 1.00094
68 5 1.00094
68 6 1.00093
68 7 1.00093
68 8 1.00093
68 9 1.00093
68 10 1.00093
68 11 1.00092
68 12 1.00092
68 13 1.00092
68 14 1.00091
68 15 1.00091
68 16 1.0009
68 17 1.0009
68 18 1.00089
68 19 1.00088
68 20 1.00087
68 21 1.00085
68 22 1.00084
68 23 1.00082
68 24 1.0008
68 25 1.00077
68 26 1.00075
68 27 1.00072
68 28 1.00068
68 29 1.00064
68 30 1.0006
68 31 1.00055
68 32 1.0005
68 33 1.00045
68 34 1.00039
68 35 1.00032
68 36 1.00025
68 37 1.00018
68 38 1.0001
68 39 1.00002
68 40 0.99994
68 41 0.999853
68 42 0.999763
68 43 0.999672
68 44 0.999579
68 45 0.999485
68 46 0.999391
68 47 0.999296
68 48 0.999203
68 49 0.99911
68 50 0.999019
68 51 0.998929
68 52 0.998842
68 53 0.998758
68 54 0.998676
68 55 0.998597
68 56 0.998522
68 57 0.99845
68 58 0.998381
68 59 0.998316
68 60 0.998254
68 61 0.998196
68 62 0.998142
68 63 0.998091
68 64 0.998043
68 65 0.998
68 66 0.997959
68 67 0.997922
68 68 0.997888
68 69 0.997858
68 70 0.997831
68 71 0.997807
68 72 0.997786
68 73 0.997768
68 74 0.997753
68 75 0.997742
68 76 0.997733
68 77 0.997727
68 78 0.997724
68 79 0.997724
68 80 0.997727
68 81 0.997733
68 82 0.997741
68 83 0.997752
68 84 0.997766
68 85 0.997782
68 86 0.997801
68 87 0.997822
68 88 0.997846
68 89 0.997871
68 90 0.997899
68 91 0.997929
68 92 0.99796
68 93 0.997993
68 94 0.998028
68 95 0.998064
68 96 0.998102
68 97 0.99814
68 98 0.998179
68 99 0.998219
68 100 0.998259
68 101 0.9983
68 102 0.99834
68 103 0.998381
68 104 0.99842
68 105 0.99846
68 106 0.998499
68 107 0.998536
68 108 0.998573
68 109 0.998609
68 110 0.998643
68 111 0.998676
68 112 0.998708
68 113 0.998738
68 114 0.998767
68 115 0.998795
68 116 0.998822
68 117 0.998848
68 118 0.998873
68 119 0.998897
68 120 0.99892
68 121 0.998942
68 122 0.998963
68 123 0.998982
68 124 0.998999
68 125 0.999014
68 126 0.999026
68 127 0.999034

69 0 0
69 1 1.00095
69 2 1.00095
69 3 1.00095
69 4 1.00095
69 5 1.00094
69 6 1.00094
69 7 1.00094
69 8 1.00094
69 9 1.00094
69 10 1.00094
69 11 1.00093
69 12 1.00093
69 13 1.00093
69 14 1.00092
69 15 1.00092
69 16 1.00091
69 17 1.0009
69 18 1.0009
69 19 1.00089
69 20 1.00087
69 21 1.00086
69 22 1.00084
69 23 1.00083
69 24 1.00081
69 25 1.00078
69 26 1.00075
69 27 1.00072
69 28 1.00069
69 29 1.00065
69 30 1.00061
69 31 1.00056
69 32 1.00051
69 33 1.00046
69 34 1.00039
69 35 1.00033
69 36 1.00026
69 37 1.00019
69 38 1.00011
69 39 1.00003
69 40 0.999944
69 41 0.999856
69 42 0.999766
69 43 0.999673
69 44 0.99958
69 45 0.999485
69 46 0.99939
69 47 0.999295
69 48 0.9992
69 49 0.999107
69 50 0.999015
69 51 0.998925
69 52 0.998837
69 53 0.998752
69 54 0.99867
69 55 0.998591
69 56 0.998516
69 57 0.998443
69 58 0.998374
69 59 0.998309
69 60 0.998247
69 61 0.998189
69 62 0.998135
69 63 0.998084
69 64 0.998037
69 65 0.997993
69 66 0.997952
69 67 0.997915
69 68 0.997882
69 69 0.997851
69 70 0.997824
69 71 0.9978
69 72 0.997779
69 73 0.997762
69 74 0.997747
69 75 0.997735
69 76 0.997727
69 77 0.997721
69 78 0.997718
69 79 0.997718
69 80 0.997721
69 81 0.997727
69 82 0.997735
69 83 0.997746
69 84 0.99776
69 85 0.997776
69 86 0.997794
69 87 0.997815
69 88 0.997838
69 89 0.997864
69 90 0.997891
69 91 0.997921
69 92 0.997952
69 93 0.997985
69 94 0.998019
69 95 0.998055
69 96 0.998092
69 97 0.99813
69 98 0.998169
69 99 0.998208
69 100 0.998248
69 101 0.998288
69 102 0.998328
69 103 0.998367
69 104 0.998407
69 105 0.998445
69 106 0.998484
69 107 0.998521
69 108 0.998557
69 109 0.998592
69 110 0.998625
69 111 0.998658
69 112 0.998689
69 113 0.998719
69 114 0.998748
69 115 0.998775
69 116 0.998802
69 117 0.998827
69 118 0.998852
69 119 0.998876
69 120 0.998899
69 121 0.99892
69 122 0.998941
69 123 0.998959
69 124 0.998976
69 125 0.99899
69 126 0.999001
69 127 0.999009

70 0 0
70 1 1.00096
70 2 1.00096
70 3 1.00096
70 4 1.00095
70 5 1.00095
70 6 1.00095
70 7 1.00095
70 8 1.00095
70 9 1.00095
70 10 1.00094
70 11 1.00094
70 12 1.00094
70 13 1.00093
70 14 1.00093
70 15 1.00093
70 16 1.00092
70 17 1.00091
70 18 1.0009
70 19 1.00089
70 20 1.00088
70 21 1.00087
70 22 1.00085
70 23 1.00084
70 24 1.00081
70 25 1.00079
70 26 1.00076
70 27 1.00073
70 28 1.0007
70 29 1.00066
70 30 1.00062
70 31 1.00057
70 32 1.00052
70 33 1.00046
70 34 1.0004
70 35 1.00034
70 36 1.00027
70 37 1.00019
70 38 1.00012
70 39 1.00003
70 40 0.99995
70 41 0.999861
70 42 0.99977
70 43 0.999677
70 44 0.999583
70 45 0.999487
70 46 0.999392
70 47 0.999296
70 48 0.999201
70 49 0.999107
70 50 0.999014
70 51 0.998924
70 52 0.998836
70 53 0.99875
70 54 0.998668
70 55 0.998588
70 56 0.998512
70 57 0.99844
70 58 0.998371
70 59 0.998305
70 60 0.998243
70 61 0.998185
70 62 0.998131
70 63 0.99808
70 64 0.998033
70 65 0.997989
70 66 0.997948
70 67 0.997912
70 68 0.997878
70 69 0.997848
70 70 0.997821
70 71 0.997797
70 72 0.997776
70 73 0.997758
70 74 0.997744
70 75 0.997732
70 76 0.997724
70 77 0.997718
70 78 0.997715
70 79 0.997715
70 80 0.997718
70 81 0.997723
70 82 0.997732
70 83 0.997743
70 84 0.997756
70 85 0.997772
70 86 0.99779
70 87 0.997811
70 88 0.997834
70 89 0.99786
70 90 0.997887
70 91 0.997916
70 92 0.997947
70 93 0.997979
70 94 0.998014
70 95 0.998049
70 96 0.998085
70 97 0.998123
70 98 0.998161
70 99 0.9982
70 100 0.998239
70 101 0.998279
70 102 0.998318
70 103 0.998357
70 104 0.998396
70 105 0.998434
70 106 0.998472
70 107 0.998508
70 108 0.998544
70 109 0.998578
70 110 0.998611
70 111 0.998643
70 112 0.998674
70 113 0.998703
70 114 0.998732
70 115 0.998759
70 116 0.998785
70 117 0.99881
70 118 0.998834
70 119 0.998858
70 120 0.99888
70 121 0.998902
70 122 0.998922
70 123 0.99894
70 124 0.998956
70 125 0.99897
70 126 0.99898
70 127 0.998987

71 0 0
71 1 1.00097
71 2 1.00097
71 3 1.00096
71 4 1.00096
71 5 1.00096
71 6 1.00096
71 7 1.00096
71 8 1.00096
71 9 1.00095
71 10 1.00095
71 11 1.00095
71 12 1.00095
71 13 1.00094
71 14 1.00094
71 15 1.00093
71 16 1.00093
71 17 1.00092
71 18 1.00091
71 19 1.0009
71 20 1.00089
71 21 1.00088
71 22 1.00086
71 23 1.00084
71 24 1.00082
71 25 1.0008
71 26 1.00077
71 27 1.00074
71 28 1.00071
71 29 1.00067
71 30 1.00063
71 31 1.00058
71 32 1.00053
71 33 1.00047
71 34 1.00041
71 35 1.00035
71 36 1.00028
71 37 1.0002
71 38 1.00013
71 39 1.00004
71 40 0.999958
71 41 0.999869
71 42 0.999778
71 43 0.999684
71 44 0.999589
71 45 0.999493
71 46 0.999396
71 47 0.9993
71 48 0.999204
71 49 0.999109
71 50 0.999016
71 51 0.998925
71 52 0.998837
71 53 0.998751
71 54 0.998668
71 55 0.998588
71 56 0.998512
71 57 0.998439
71 58 0.99837
71 59 0.998304
71 60 0.998242
71 61 0.998184
71 62 0.99813
71 63 0.998079
71 64 0.998031
71 65 0.997988
71 66 0.997947
71 67 0.997911
71 68 0.997877
71 69 0.997847
71 70 0.99782
71 71 0.997796
71 72 0.997775
71 73 0.997758
71 74 0.997743
71 75 0.997732
71 76 0.997723
71 77 0.997717
71 78 0.997715
71 79 0.997715
71 80 0.997717
71 81 0.997723
71 82 0.997731
71 83 0.997742
71 84 0.997755
71 85 0.997771
71 86 0.99779
71 87 0.99781
71 88 0.997833
71 89 0.997858
71 90 0.997885
71 91 0.997914
71 92 0.997945
71 93 0.997977
71 94 0.998011
71 95 0.998046
71 96 0.998082
71 97 0.998119
71 98 0.998157
71 99 0.998196
71 100 0.998234
71 101 0.998273
71 102 0.998312
71 103 0.998351
71 104 0.998389
71 105 0.998427
71 106 0.998463
71 107 0.998499
71 108 0.998534
71 109 0.998568
71 110 0.998601
71 111 0.998632
71 112 0.998662
71 113 0.998691
71 114 0.998719
71 115 0.998746
71 116 0.998771
71 117 0.998796
71 118 0.99882
71 119 0.998843
71 120 0.998866
71 121 0.998887
71 122 0.998907
71 123 0.998924
71 124 0.99894
71 125 0.998953
71 126 0.998963
71 127 0.998969

72 0 0
72 1 1.00098
72 2 1.00097
72 3 1.00097
72 4 1.00097
72 5 1.00097
72 6 1.00097
72 7 1.00097
72 8 1.00096
72 9 1.00096
72 10 1.00096
72 11 1.00096
72 12 1.00095
72 13 1.00095
72 14 1.00095
72 15 1.00094
72 16 1.00094
72 17 1.00093
72 18 1.00092
72 19 1.00091
72 20 1.0009
72 21 1.00089
72 22 1.00087
72 23 1.00085
72 24 1.00083
72 25 1.00081
72 26 1.00078
72 27 1.00075
72 28 1.00072
72 29 1.00068
72 30 1.00064
72 31 1.00059
72 32 1.00054
72 33 1.00049
72 34 1.00042
72 35 1.00036
72 36 1.00029
72 37 1.00022
72 38 1.00014
72 39 1.00005
72 40 0.999968
72 41 0.999879
72 42 0.999787
72 43 0.999693
72 44 0.999597
72 45 0.999501
72 46 0.999404
72 47 0.999307
72 48 0.99921
72 49 0.999115
72 50 0.999021
72 51 0.99893
72 52 0.998841
72 53 0.998754
72 54 0.998671
72 55 0.998591
72 56 0.998514
72 57 0.998441
72 58 0.998372
72 59 0.998306
72 60 0.998244
72 61 0.998186
72 62 0.998131
72 63 0.99808
72 64 0.998033
72 65 0.997989
72 66 0.997949
72 67 0.997912
72 68 0.997879
72 69 0.997849
72 70 0.997822
72 71 0.997798
72 72 0.997778
72 73 0.99776
72 74 0.997746
72 75 0.997734
72 76 0.997726
72 77 0.99772
72 78 0.997717
72 79 0.997717
72 80 0.99772
72 81 0.997725
72 82 0.997734
72 83 0.997744
72 84 0.997758
72 85 0.997774
72 86 0.997792
72 87 0.997812
72 88 0.997835
72 89 0.99786
72 90 0.997887
72 91 0.997915
72 92 0.997946
72 93 0.997978
72 94 0.998011
72 95 0.998046
72 96 0.998082
72 97 0.998119
72 98 0.998156
72 99 0.998194
72 100 0.998232
72 101 0.998271
72 102 0.998309
72 103 0.998347
72 104 0.998385
72 105 0.998422
72 106 0.998458
72 107 0.998494
72 108 0.998528
72 109 0.998561
72 110 0.998593
72 111 0.998624
72 112 0.998654
72 113 0.998682
72 114 0.99871
72 115 0.998736
72 116 0.998761
72 117 0.998786
72 118 0.99881
72 119 0.998833
72 120 0.998855
72 121 0.998875
72 122 0.998895
72 123 0.998912
72 124 0.998928
72 125 0.99894
72 126 0.998949
72 127 0.998954

73 0 0
73 1 1.00099
73 2 1.00098
73 3 1.00098
73 4 1.00098
73 5 1.00098
73 6 1.00097
73 7 1.00097
73 8 1.00097
73 9 1.00097
73 10 1.00097
73 11 1.00096
73 12 1.00096
73 13 1.00096
73 14 1.00095
73 15 1.00095
73 16 1.00094
73 17 1.00094
73 18 1.00093
73 19 1.00092
73 20 1.00091
73 21 1.0009
73 22 1.00088
73 23 1.00086
73 24 1.00084
73 25 1.00082
73 26 1.00079
73 27 1.00076
73 28 1.00073
73 29 1.00069
73 30 1.00065
73 31 1.0006
73 32 1.00055
73 33 1.0005
73 34 1.00044
73 35 1.00037
73 36 1.0003
73 37 1.00023
73 38 1.00015
73 39 1.00007
73 40 0.999981
73 41 0.999891
73 42 0.999799
73 43 0.999705
73 44 0.999608
73 45 0.999511
73 46 0.999414
73 47 0.999316
73 48 0.999219
73 49 0.999124
73 50 0.999029
73 51 0.998937
73 52 0.998848
73 53 0.998761
73 54 0.998677
73 55 0.998597
73 56 0.99852
73 57 0.998447
73 58 0.998377
73 59 0.998311
73 60 0.998249
73 61 0.998191
73 62 0.998136
73 63 0.998085
73 64 0.998038
73 65 0.997994
73 66 0.997954
73 67 0.997917
73 68 0.997884
73 69 0.997853
73 70 0.997827
73 71 0.997803
73 72 0.997782
73 73 0.997765
73 74 0.997751
73 75 0.997739
73 76 0.997731
73 77 0.997725
73 78 0.997722
73 79 0.997722
73 80 0.997725
73 81 0.997731
73 82 0.997739
73 83 0.99775
73 84 0.997763
73 85 0.997779
73 86 0.997797
73 87 0.997817
73 88 0.99784
73 89 0.997865
73 90 0.997891
73 91 0.99792
73 92 0.99795
73 93 0.997982
73 94 0.998015
73 95 0.998049
73 96 0.998085
73 97 0.998121
73 98 0.998158
73 99 0.998196
73 100 0.998234
73 101 0.998272
73 102 0.99831
73 103 0.998348
73 104 0.998385
73 105 0.998421
73 106 0.998457
73 107 0.998492
73 108 0.998526
73 109 0.998558
73 110 0.99859
73 111 0.99862
73 112 0.998649
73 113 0.998677
73 114 0.998704
73 115 0.99873
73 116 0.998755
73 117 0.998779
73 118 0.998803
73 119 0.998825
73 120 0.998847
73 121 0.998868
73 122 0.998887
73 123 0.998904
73 124 0.998919
73 125 0.998931
73 126 0.998939
73 127 0.998944

74 0 0
74 1 1.00099
74 2 1.00099
74 3 1.00099
74 4 1.00099
74 5 1.00098
74 6 1.00098
74 7 1.00098
74 8 1.00098
74 9 1.00098
74 10 1.00097
74 11 1.00097
74 12 1.00097
74 13 1.00097
74 14 1.00096
74 15 1.00096
74 16 1.00095
74 17 1.00094
74 18 1.00094
74 19 1.00093
74 20 1.00092
74 21 1.0009
74 22 1.00089
74 23 1.00087
74 24 1.00085
74 25 1.00083
74 26 1.0008
74 27 1.00077
74 28 1.00074
74 29 1.0007
74 30 1.00066
74 31 1.00062
74 32 1.00057
74 33 1.00051
74 34 1.00045
74 35 1.00039
74 36 1.00032
74 37 1.00024
74 38 1.00016
74 39 1.00008
74 40 0.999995
74 41 0.999906
74 42 0.999813
74 43 0.999719
74 44 0.999622
74 45 0.999525
74 46 0.999427
74 47 0.999329
74 48 0.999231
74 49 0.999135
74 50 0.999041
74 51 0.998948
74 52 0.998858
74 53 0.998771
74 54 0.998687
74 55 0.998606
74 56 0.998529
74 57 0.998455
74 58 0.998385
74 59 0.998319
74 60 0.998257
74 61 0.998198
74 62 0.998143
74 63 0.998092
74 64 0.998045
74 65 0.998001
74 66 0.997961
74 67 0.997924
74 68 0.997891
74 69 0.997861
74 70 0.997834
74 71 0.99781
74 72 0.99779
74 73 0.997773
74 74 0.997758
74 75 0.997747
74 76 0.997738
74 77 0.997733
74 78 0.99773
74 79 0.99773
74 80 0.997733
74 81 0.997739
74 82 0.997747
74 83 0.997758
74 84 0.997771
74 85 0.997787
74 86 0.997805
74 87 0.997825
74 88 0.997848
74 89 0.997872
74 90 0.997899
74 91 0.997927
74 92 0.997957
74 93 0.997989
74 94 0.998022
74 95 0.998056
74 96 0.998091
74 97 0.998127
74 98 0.998164
74 99 0.998201
74 100 0.998239
74 101 0.998276
74 102 0.998314
74 103 0.998351
74 104 0.998388
74 105 0.998424
74 106 0.998459
74 107 0.998493
74 108 0.998526
74 109 0.998558
74 110 0.998589
74 111 0.998619
74 112 0.998648
74 113 0.998676
74 114 0.998702
74 115 0.998728
74 116 0.998753
74 117 0.998776
74 118 0.9988
74 119 0.998822
74 120 0.998844
74 121 0.998864
74 122 0.998883
74 123 0.998899
74 124 0.998914
74 125 0.998925
74 126 0.998933
74 127 0.998937

75 0 0
75 1 1.001
75 2 1.001
75 3 1.001
75 4 1.00099
75 5 1.00099
75 6 1.00099
75 7 1.00099
75 8 1.00099
75 9 1.00098
75 10 1.00098
75 11 1.00098
75 12 1.00098
75 13 1.00097
75 14 1.00097
75 15 1.00096
75 16 1.00096
75 17 1.00095
75 18 1.00094
75 19 1.00094
75 20 1.00092
75 21 1.00091
75 22 1.0009
75 23 1.00088
75 24 1.00086
75 25 1.00084
75 26 1.00081
75 27 1.00079
75 28 1.00075
75 29 1.00072
75 30 1.00068
75 31 1.00063
75 32 1.00058
75 33 1.00053
75 34 1.00047
75 35 1.0004
75 36 1.00033
75 37 1.00026
75 38 1.00018
75 39 1.0001
75 40 1.00001
75 41 0.999922
75 42 0.99983
75 43 0.999735
75 44 0.999639
75 45 0.999541
75 46 0.999442
75 47 0.999344
75 48 0.999246
75 49 0.99915
75 50 0.999055
75 51 0.998962
75 52 0.998871
75 53 0.998783
75 54 0.998699
75 55 0.998618
75 56 0.99854
75 57 0.998466
75 58 0.998396
75 59 0.99833
75 60 0.998267
75 61 0.998208
75 62 0.998153
75 63 0.998102
75 64 0.998055
75 65 0.998011
75 66 0.997971
75 67 0.997934
75 68 0.997901
75 69 0.997871
75 70 0.997844
75 71 0.997821
75 72 0.9978
75 73 0.997783
75 74 0.997769
75 75 0.997757
75 76 0.997749
75 77 0.997743
75 78 0.997741
75 79 0.997741
75 80 0.997744
75 81 0.997749
75 82 0.997758
75 83 0.997768
75 84 0.997782
75 85 0.997797
75 86 0.997815
75 87 0.997836
75 88 0.997858
75 89 0.997883
75 90 0.997909
75 91 0.997937
75 92 0.997967
75 93 0.997999
75 94 0.998031
75 95 0.998065
75 96 0.9981
75 97 0.998136
75 98 0.998173
75 99 0.998209
75 100 0.998247
75 101 0.998284
75 102 0.998321
75 103 0.998358
75 104 0.998394
75 105 0.998429
75 106 0.998464
75 107 0.998498
75 108 0.998531
75 109 0.998562
75 110 0.998593
75 111 0.998622
75 112 0.99865
75 113 0.998678
75 114 0.998704
75 115 0.998729
75 116 0.998754
75 117 0.998777
75 118 0.9988
75 119 0.998823
75 120 0.998844
75 121 0.998864
75 122 0.998882
75 123 0.998899
75 124 0.998913
75 125 0.998924
75 126 0.998931
75 127 0.998934

76 0 0
76 1 1.00101
76 2 1.00101
76 3 1.001
76 4 1.001
76 5 1.001
76 6 1.001
76 7 1.00099
76 8 1.00099
76 9 1.00099
76 10 1.00099
76 11 1.00099
76 12 1.00098
76 13 1.00098
76 14 1.00098
76 15 1.00097
76 16 1.00097
76 17 1.00096
76 18 1.00095
76 19 1.00094
76 20 1.00093
76 21 1.00092
76 22 1.00091
76 23 1.00089
76 24 1.00087
76 25 1.00085
76 26 1.00083
76 27 1.0008
76 28 1.00077
76 29 1.00073
76 30 1.00069
76 31 1.00064
76 32 1.0006
76 33 1.00054
76 34 1.00048
76 35 1.00042
76 36 1.00035
76 37 1.00028
76 38 1.0002
76 39 1.00012
76 40 1.00003
76 41 0.999941
76 42 0.999849
76 43 0.999754
76 44 0.999658
76 45 0.99956
76 46 0.999461
76 47 0.999362
76 48 0.999264
76 49 0.999167
76 50 0.999072
76 51 0.998978
76 52 0.998887
76 53 0.998799
76 54 0.998714
76 55 0.998633
76 56 0.998555
76 57 0.99848
76 58 0.99841
76 59 0.998343
76 60 0.99828
76 61 0.998221
76 62 0.998166
76 63 0.998115
76 64 0.998068
76 65 0.998024
76 66 0.997983
76 67 0.997947
76 68 0.997913
76 69 0.997883
76 70 0.997857
76 71 0.997833
76 72 0.997813
76 73 0.997796
76 74 0.997781
76 75 0.99777
76 76 0.997762
76 77 0.997756
76 78 0.997754
76 79 0.997754
76 80 0.997757
76 81 0.997763
76 82 0.997771
76 83 0.997782
76 84 0.997795
76 85 0.997811
76 86 0.997829
76 87 0.997849
76 88 0.997871
76 89 0.997896
76 90 0.997922
76 91 0.99795
76 92 0.99798
76 93 0.998011
76 94 0.998044
76 95 0.998078
76 96 0.998113
76 97 0.998148
76 98 0.998184
76 99 0.998221
76 100 0.998258
76 101 0.998295
76 102 0.998331
76 103 0.998368
76 104 0.998403
76 105 0.998439
76 106 0.998473
76 107 0.998506
76 108 0.998539
76 109 0.99857
76 110 0.9986
76 111 0.998629
76 112 0.998657
76 113 0.998684
76 114 0.99871
76 115 0.998735
76 116 0.998759
76 117 0.998782
76 118 0.998805
76 119 0.998827
76 120 0.998848
76 121 0.998868
76 122 0.998886
76 123 0.998902
76 124 0.998916
76 125 0.998926
76 126 0.998933
76 127 0.998935

77 0 0
77 1 1.00102
77 2 1.00101
77 3 1.00101
77 4 1.00101
77 5 1.00101
77 6 1.001
77 7 1.001
77 8 1.001
77 9 1.001
77 10 1.00099
77 11 1.00099
77 12 1.00099
77 13 1.00099
77 14 1.00098
77 15 1.00098
77 16 1.00097
77 17 1.00097
77 18 1.00096
77 19 1.00095
77 20 1.00094
77 21 1.00093
77 22 1.00092
77 23 1.0009
77 24 1.00088
77 25 1.00086
77 26 1.00084
77 27 1.00081
77 28 1.00078
77 29 1.00074
77 30 1.0007
77 31 1.00066
77 32 1.00061
77 33 1.00056
77 34 1.0005
77 35 1.00044
77 36 1.00037
77 37 1.0003
77 38 1.00022
77 39 1.00014
77 40 1.00005
77 41 0.999963
77 42 0.999871
77 43 0.999776
77 44 0.999679
77 45 0.999581
77 46 0.999482
77 47 0.999384
77 48 0.999285
77 49 0.999188
77 50 0.999092
77 51 0.998998
77 52 0.998907
77 53 0.998818
77 54 0.998733
77 55 0.998651
77 56 0.998572
77 57 0.998497
77 58 0.998426
77 59 0.998359
77 60 0.998296
77 61 0.998237
77 62 0.998182
77 63 0.998131
77 64 0.998083
77 65 0.998039
77 66 0.997999
77 67 0.997962
77 68 0.997928
77 69 0.997898
77 70 0.997872
77 71 0.997848
77 72 0.997828
77 73 0.997811
77 74 0.997797
77 75 0.997785
77 76 0.997777
77 77 0.997772
77 78 0.997769
77 79 0.99777
77 80 0.997773
77 81 0.997778
77 82 0.997787
77 83 0.997798
77 84 0.997811
77 85 0.997827
77 86 0.997845
77 87 0.997865
77 88 0.997887
77 89 0.997912
77 90 0.997938
77 91 0.997966
77 92 0.997996
77 93 0.998027
77 94 0.99806
77 95 0.998093
77 96 0.998128
77 97 0.998163
77 98 0.998199
77 99 0.998236
77 100 0.998272
77 101 0.998309
77 102 0.998345
77 103 0.998381
77 104 0.998416
77 105 0.998451
77 106 0.998485
77 107 0.998518
77 108 0.99855
77 109 0.998581
77 110 0.998611
77 111 0.998639
77 112 0.998667
77 113 0.998693
77 114 0.998719
77 115 0.998744
77 116 0.998768
77 117 0.998791
77 118 0.998814
77 119 0.998836
77 120 0.998856
77 121 0.998876
77 122 0.998894
77 123 0.99891
77 124 0.998923
77 125 0.998933
77 126 0.998939
77 127 0.998941

78 0 0
78 1 1.00102
78 2 1.00102
78 3 1.00102
78 4 1.00101
78 5 1.00101
78 6 1.00101
78 7 1.00101
78 8 1.001
78 9 1.001
78 10 1.001
78 11 1.001
78 12 1.001
78 13 1.00099
78 14 1.00099
78 15 1.00098
78 16 1.00098
78 17 1.00097
78 18 1.00097
78 19 1.00096
78 20 1.00095
78 21 1.00094
78 22 1.00092
78 23 1.00091
78 24 1.00089
78 25 1.00087
78 26 1.00085
78 27 1.00082
78 28 1.00079
78 29 1.00076
78 30 1.00072
78 31 1.00067
78 32 1.00063
78 33 1.00057
78 34 1.00052
78 35 1.00046
78 36 1.00039
78 37 1.00032
78 38 1.00024
78 39 1.00016
78 40 1.00007
78 41 0.999986
78 42 0.999894
78 43 0.9998
78 44 0.999703
78 45 0.999605
78 46 0.999507
78 47 0.999408
78 48 0.999309
78 49 0.999211
78 50 0.999115
78 51 0.999021
78 52 0.998929
78 53 0.99884
78 54 0.998754
78 55 0.998671
78 56 0.998593
78 57 0.998517
78 58 0.998446
78 59 0.998379
78 60 0.998315
78 61 0.998256
78 62 0.9982
78 63 0.998149
78 64 0.998101
78 65 0.998057
78 66 0.998016
78 67 0.997979
78 68 0.997946
78 69 0.997916
78 70 0.997889
78 71 0.997866
78 72 0.997845
78 73 0.997828
78 74 0.997814
78 75 0.997803
78 76 0.997795
78 77 0.99779
78 78 0.997787
78 79 0.997788
78 80 0.997791
78 81 0.997797
78 82 0.997805
78 83 0.997816
78 84 0.997829
78 85 0.997845
78 86 0.997863
78 87 0.997884
78 88 0.997906
78 89 0.99793
78 90 0.997957
78 91 0.997985
78 92 0.998015
78 93 0.998046
78 94 0.998078
78 95 0.998112
78 96 0.998146
78 97 0.998181
78 98 0.998217
78 99 0.998253
78 100 0.998289
78 101 0.998326
78 102 0.998362
78 103 0.998398
78 104 0.998433
78 105 0.998467
78 106 0.998501
78 107 0.998533
78 108 0.998565
78 109 0.998595
78 110 0.998625
78 111 0.998653
78 112 0.99868
78 113 0.998707
78 114 0.998732
78 115 0.998757
78 116 0.998781
78 117 0.998804
78 118 0.998827
78 119 0.998848
78 120 0.998869
78 121 0.998888
78 122 0.998906
78 123 0.998922
78 124 0.998935
78 125 0.998944
78 126 0.998949
78 127 0.99895

79 0 0
79 1 1.00103
79 2 1.00103
79 3 1.00102
79 4 1.00102
79 5 1.00102
79 6 1.00102
79 7 1.00101
79 8 1.00101
79 9 1.00101
79 10 1.00101
79 11 1.001
79 12 1.001
79 13 1.001
79 14 1.00099
79 15 1.00099
79 16 1.00099
79 17 1.00098
79 18 1.00097
79 19 1.00097
79 20 1.00096
79 21 1.00095
79 22 1.00093
79 23 1.00092
79 24 1.0009
79 25 1.00088
79 26 1.00086
79 27 1.00083
79 28 1.0008
79 29 1.00077
79 30 1.00073
79 31 1.00069
79 32 1.00064
79 33 1.00059
79 34 1.00054
79 35 1.00048
79 36 1.00041
79 37 1.00034
79 38 1.00026
79 39 1.00018
79 40 1.0001
79 41 1.00001
79 42 0.99992
79 43 0.999826
79 44 0.99973
79 45 0.999632
79 46 0.999534
79 47 0.999435
79 48 0.999336
79 49 0.999238
79 50 0.999141
79 51 0.999047
79 52 0.998954
79 53 0.998865
79 54 0.998778
79 55 0.998695
79 56 0.998616
79 57 0.99854
79 58 0.998469
79 59 0.998401
79 60 0.998337
79 61 0.998277
79 62 0.998221
79 63 0.99817
79 64 0.998121
79 65 0.998077
79 66 0.998036
79 67 0.997999
79 68 0.997966
79 69 0.997936
79 70 0.997909
79 71 0.997886
79 72 0.997865
79 73 0.997848
79 74 0.997834
79 75 0.997823
79 76 0.997815
79 77 0.99781
79 78 0.997808
79 79 0.997808
79 80 0.997811
79 81 0.997817
79 82 0.997826
79 83 0.997837
79 84 0.99785
79 85 0.997866
79 86 0.997884
79 87 0.997905
79 88 0.997927
79 89 0.997952
79 90 0.997978
79 91 0.998006
79 92 0.998036
79 93 0.998067
79 94 0.998099
79 95 0.998133
79 96 0.998167
79 97 0.998202
79 98 0.998238
79 99 0.998274
79 100 0.99831
79 101 0.998346
79 102 0.998382
79 103 0.998417
79 104 0.998452
79 105 0.998486
79 106 0.99852
79 107 0.998552
79 108 0.998583
79 109 0.998614
79 110 0.998643
79 111 0.998671
79 112 0.998698
79 113 0.998724
79 114 0.99875
79 115 0.998774
79 116 0.998798
79 117 0.998821
79 118 0.998844
79 119 0.998865
79 120 0.998886
79 121 0.998905
79 122 0.998923
79 123 0.998938
79 124 0.998951
79 125 0.998959
79 126 0.998964
79 127 0.998965

80 0 0
80 1 1.00104
80 2 1.00103
80 3 1.00103
80 4 1.00103
80 5 1.00102
80 6 1.00102
80 7 1.00102
80 8 1.00102
80 9 1.00101
80 10 1.00101
80 11 1.00101
80 12 1.00101
80 13 1.001
80 14 1.001
80 15 1.001
80 16 1.00099
80 17 1.00099
80 18 1.00098
80 19 1.00097
80 20 1.00096
80 21 1.00095
80 22 1.00094
80 23 1.00093
80 24 1.00091
80 25 1.00089
80 26 1.00087
80 27 1.00084
80 28 1.00082
80 29 1.00078
80 30 1.00075
80 31 1.00071
80 32 1.00066
80 33 1.00061
80 34 1.00056
80 35 1.0005
80 36 1.00043
80 37 1.00036
80 38 1.00029
80 39 1.00021
80 40 1.00013
80 41 1.00004
80 42 0.999948
80 43 0.999855
80 44 0.999759
80 45 0.999662
80 46 0.999563
80 47 0.999464
80 48 0.999365
80 49 0.999267
80 50 0.999171
80 51 0.999076
80 52 0.998983
80 53 0.998893
80 54 0.998806
80 55 0.998723
80 56 0.998643
80 57 0.998566
80 58 0.998494
80 59 0.998426
80 60 0.998362
80 61 0.998301
80 62 0.998245
80 63 0.998193
80 64 0.998145
80 65 0.9981
80 66 0.998059
80 67 0.998022
80 68 0.997988
80 69 0.997958
80 70 0.997931
80 71 0.997908
80 72 0.997888
80 73 0.997871
80 74 0.997857
80 75 0.997846
80 76 0.997838
80 77 0.997833
80 78 0.99783
80 79 0.997831
80 80 0.997834
80 81 0.99784
80 82 0.997849
80 83 0.99786
80 84 0.997873
80 85 0.997889
80 86 0.997908
80 87 0.997928
80 88 0.997951
80 89 0.997975
80 90 0.998002
80 91 0.99803
80 92 0.99806
80 93 0.998091
80 94 0.998123
80 95 0.998157
80 96 0.998191
80 97 0.998226
80 98 0.998261
80 99 0.998297
80 100 0.998333
80 101 0.998369
80 102 0.998405
80 103 0.99844
80 104 0.998475
80 105 0.998509
80 106 0.998542
80 107 0.998574
80 108 0.998605
80 109 0.998635
80 110 0.998664
80 111 0.998692
80 112 0.998719
80 113 0.998745
80 114 0.998771
80 115 0.998795
80 116 0.998819
80 117 0.998842
80 118 0.998865
80 119 0.998886
80 120 0.998907
80 121 0.998926
80 122 0.998944
80 123 0.998959
80 124 0.998971
80 125 0.998979
80 126 0.998984
80 127 0.998983

81 0 0
81 1 1.00104
81 2 1.00104
81 3 1.00103
81 4 1.00103
81 5 1.00103
81 6 1.00103
81 7 1.00102
81 8 1.00102
81 9 1.00102
81 10 1.00102
81 11 1.00101
81 12 1.00101
81 13 1.00101
81 14 1.00101
81 15 1.001
81 16 1.001
81 17 1.00099
81 18 1.00099
81 19 1.00098
81 20 1.00097
81 21 1.00096
81 22 1.00095
81 23 1.00094
81 24 1.00092
81 25 1.0009
81 26 1.00088
81 27 1.00086
81 28 1.00083
81 29 1.0008
81 30 1.00076
81 31 1.00072
81 32 1.00068
81 33 1.00063
81 34 1.00058
81 35 1.00052
81 36 1.00046
81 37 1.00039
81 38 1.00031
81 39 1.00024
81 40 1.00015
81 41 1.00007
81 42 0.999979
81 43 0.999886
81 44 0.999791
81 45 0.999694
81 46 0.999596
81 47 0.999497
81 48 0.999398
81 49 0.9993
81 50 0.999203
81 51 0.999108
81 52 0.999014
81 53 0.998924
81 54 0.998837
81 55 0.998753
81 56 0.998672
81 57 0.998595
81 58 0.998523
81 59 0.998454
81 60 0.998389
81 61 0.998328
81 62 0.998272
81 63 0.998219
81 64 0.99817
81 65 0.998125
81 66 0.998084
81 67 0.998047
81 68 0.998013
81 69 0.997983
81 70 0.997956
81 71 0.997932
81 72 0.997912
81 73 0.997895
81 74 0.997881
81 75 0.99787
81 76 0.997862
81 77 0.997857
81 78 0.997855
81 79 0.997856
81 80 0.997859
81 81 0.997865
81 82 0.997874
81 83 0.997885
81 84 0.997899
81 85 0.997915
81 86 0.997933
81 87 0.997954
81 88 0.997977
81 89 0.998001
81 90 0.998028
81 91 0.998056
81 92 0.998086
81 93 0.998117
81 94 0.998149
81 95 0.998183
81 96 0.998217
81 97 0.998252
81 98 0.998288
81 99 0.998324
81 100 0.99836
81 101 0.998396
81 102 0.998431
81 103 0.998466
81 104 0.998501
81 105 0.998535
81 106 0.998568
81 107 0.9986
81 108 0.998631
81 109 0.998661
81 110 0.99869
81 111 0.998718
81 112 0.998745
81 113 0.998771
81 114 0.998796
81 115 0.998821
81 116 0.998844
81 117 0.998868
81 118 0.99889
81 119 0.998912
81 120 0.998933
81 121 0.998952
81 122 0.998969
81 123 0.998984
81 124 0.998996
81 125 0.999004
81 126 0.999008
81 127 0.999006

82 0 0
82 1 1.00105
82 2 1.00104
82 3 1.00104
82 4 1.00104
82 5 1.00103
82 6 1.00103
82 7 1.00103
82 8 1.00103
82 9 1.00102
82 10 1.00102
82 11 1.00102
82 12 1.00102
82 13 1.00101
82 14 1.00101
82 15 1.00101
82 16 1.001
82 17 1.001
82 18 1.00099
82 19 1.00099
82 20 1.00098
82 21 1.00097
82 22 1.00096
82 23 1.00094
82 24 1.00093
82 25 1.00091
82 26 1.00089
82 27 1.00087
82 28 1.00084
82 29 1.00081
82 30 1.00078
82 31 1.00074
82 32 1.0007
82 33 1.00065
82 34 1.0006
82 35 1.00054
82 36 1.00048
82 37 1.00041
82 38 1.00034
82 39 1.00026
82 40 1.00018
82 41 1.0001
82 42 1.00001
82 43 0.999919
82 44 0.999825
82 45 0.999729
82 46 0.999631
82 47 0.999532
82 48 0.999434
82 49 0.999335
82 50 0.999238
82 51 0.999143
82 52 0.999049
82 53 0.998958
82 54 0.99887
82 55 0.998786
82 56 0.998705
82 57 0.998627
82 58 0.998554
82 59 0.998485
82 60 0.998419
82 61 0.998358
82 62 0.998301
82 63 0.998248
82 64 0.998199
82 65 0.998153
82 66 0.998112
82 67 0.998074
82 68 0.99804
82 69 0.99801
82 70 0.997983
82 71 0.997959
82 72 0.997939
82 73 0.997922
82 74 0.997908
82 75 0.997897
82 76 0.997889
82 77 0.997884
82 78 0.997882
82 79 0.997883
82 80 0.997886
82 81 0.997892
82 82 0.997901
82 83 0.997913
82 84 0.997926
82 85 0.997943
82 86 0.997961
82 87 0.997982
82 88 0.998005
82 89 0.99803
82 90 0.998056
82 91 0.998085
82 92 0.998115
82 93 0.998146
82 94 0.998178
82 95 0.998212
82 96 0.998246
82 97 0.998281
82 98 0.998317
82 99 0.998353
82 100 0.998389
82 101 0.998425
82 102 0.99846
82 103 0.998495
82 104 0.99853
82 105 0.998564
82 106 0.998597
82 107 0.998629
82 108 0.99866
82 109 0.99869
82 110 0.998719
82 111 0.998747
82 112 0.998774
82 113 0.9988
82 114 0.998825
82 115 0.99885
82 116 0.998874
82 117 0.998897
82 118 0.99892
82 119 0.998942
82 120 0.998963
82 121 0.998982
82 122 0.998999
82 123 0.999014
82 124 0.999026
82 125 0.999033
82 126 0.999036
82 127 0.999035

83 0 0
83 1 1.00105
83 2 1.00105
83 3 1.00104
83 4 1.00104
83 5 1.00104
83 6 1.00104
83 7 1.00103
83 8 1.00103
83 9 1.00103
83 10 1.00103
83 11 1.00102
83 12 1.00102
83 13 1.00102
83 14 1.00102
83 15 1.00101
83 16 1.00101
83 17 1.001
83 18 1.001
83 19 1.00099
83 20 1.00098
83 21 1.00097
83 22 1.00096
83 23 1.00095
83 24 1.00094
83 25 1.00092
83 26 1.0009
83 27 1.00088
83 28 1.00085
83 29 1.00082
83 30 1.00079
83 31 1.00076
83 32 1.00071
83 33 1.00067
83 34 1.00062
83 35 1.00056
83 36 1.0005
83 37 1.00044
83 38 1.00037
83 39 1.00029
83 40 1.00022
83 41 1.00013
83 42 1.00004
83 43 0.999954
83 44 0.999861
83 45 0.999766
83 46 0.999669
83 47 0.99957
83 48 0.999472
83 49 0.999374
83 50 0.999277
83 51 0.999181
83 52 0.999087
83 53 0.998996
83 54 0.998907
83 55 0.998822
83 56 0.99874
83 57 0.998663
83 58 0.998588
83 59 0.998518
83 60 0.998452
83 61 0.998391
83 62 0.998333
83 63 0.998279
83 64 0.99823
83 65 0.998184
83 66 0.998142
83 67 0.998104
83 68 0.99807
83 69 0.998039
83 70 0.998012
83 71 0.997988
83 72 0.997968
83 73 0.99795
83 74 0.997936
83 75 0.997925
83 76 0.997918
83 77 0.997913
83 78 0.997911
83 79 0.997912
83 80 0.997915
83 81 0.997922
83 82 0.997931
83 83 0.997942
83 84 0.997956
83 85 0.997973
83 86 0.997991
83 87 0.998012
83 88 0.998035
83 89 0.99806
83 90 0.998087
83 91 0.998116
83 92 0.998146
83 93 0.998177
83 94 0.99821
83 95 0.998243
83 96 0.998278
83 97 0.998313
83 98 0.998349
83 99 0.998385
83 100 0.998421
83 101 0.998457
83 102 0.998492
83 103 0.998528
83 104 0.998562
83 105 0.998596
83 106 0.998629
83 107 0.998661
83 108 0.998692
83 109 0.998722
83 110 0.998751
83 111 0.99878
83 112 0.998807
83 113 0.998833
83 114 0.998859
83 115 0.998884
83 116 0.998908
83 117 0.998932
83 118 0.998955
83 119 0.998977
83 120 0.998998
83 121 0.999017
83 122 0.999034
83 123 0.999049
83 124 0.99906
83 125 0.999067
83 126 0.99907
83 127 0.999068

84 0 0
84 1 1.00105
84 2 1.00105
84 3 1.00105
84 4 1.00104
84 5 1.00104
84 6 1.00104
84 7 1.00104
84 8 1.00103
84 9 1.00103
84 10 1.00103
84 11 1.00103
84 12 1.00103
84 13 1.00102
84 14 1.00102
84 15 1.00102
84 16 1.00101
84 17 1.00101
84 18 1.001
84 19 1.001
84 20 1.00099
84 21 1.00098
84 22 1.00097
84 23 1.00096
84 24 1.00094
84 25 1.00093
84 26 1.00091
84 27 1.00089
84 28 1.00087
84 29 1.00084
84 30 1.00081
84 31 1.00077
84 32 1.00073
84 33 1.00069
84 34 1.00064
84 35 1.00059
84 36 1.00053
84 37 1.00047
84 38 1.0004
84 39 1.00033
84 40 1.00025
84 41 1.00017
84 42 1.00008
84 43 0.999992
84 44 0.999899
84 45 0.999805
84 46 0.999709
84 47 0.999611
84 48 0.999513
84 49 0.999415
84 50 0.999318
84 51 0.999222
84 52 0.999128
84 53 0.999036
84 54 0.998947
84 55 0.998862
84 56 0.998779
84 57 0.998701
84 58 0.998626
84 59 0.998555
84 60 0.998488
84 61 0.998426
84 62 0.998368
84 63 0.998313
84 64 0.998263
84 65 0.998217
84 66 0.998175
84 67 0.998136
84 68 0.998102
84 69 0.998071
84 70 0.998043
84 71 0.998019
84 72 0.997998
84 73 0.997981
84 74 0.997967
84 75 0.997956
84 76 0.997948
84 77 0.997943
84 78 0.997942
84 79 0.997942
84 80 0.997946
84 81 0.997953
84 82 0.997962
84 83 0.997974
84 84 0.997988
84 85 0.998004
84 86 0.998023
84 87 0.998044
84 88 0.998068
84 89 0.998093
84 90 0.99812
84 91 0.998148
84 92 0.998179
84 93 0.99821
84 94 0.998243
84 95 0.998277
84 96 0.998312
84 97 0.998347
84 98 0.998383
84 99 0.998419
84 100 0.998455
84 101 0.998491
84 102 0.998527
84 103 0.998563
84 104 0.998597
84 105 0.998631
84 106 0.998665
84 107 0.998697
84 108 0.998728
84 109 0.998758
84 110 0.998788
84 111 0.998816
84 112 0.998844
84 113 0.99887
84 114 0.998896
84 115 0.998922
84 116 0.998946
84 117 0.99897
84 118 0.998994
84 119 0.999016
84 120 0.999037
84 121 0.999057
84 122 0.999074
84 123 0.999089
84 124 0.9991
84 125 0.999107
84 126 0.999109
84 127 0.999106

85 0 0
85 1 1.00106
85 2 1.00105
85 3 1.00105
85 4 1.00105
85 5 1.00105
85 6 1.00104
85 7 1.00104
85 8 1.00104
85 9 1.00104
85 10 1.00103
85 11 1.00103
85 12 1.00103
85 13 1.00103
85 14 1.00102
85 15 1.00102
85 16 1.00102
85 17 1.00101
85 18 1.00101
85 19 1.001
85 20 1.00099
85 21 1.00099
85 22 1.00098
85 23 1.00097
85 24 1.00095
85 25 1.00094
85 26 1.00092
85 27 1.0009
85 28 1.00088
85 29 1.00085
85 30 1.00082
85 31 1.00079
85 32 1.00075
85 33 1.00071
85 34 1.00066
85 35 1.00061
85 36 1.00056
85 37 1.00049
85 38 1.00043
85 39 1.00036
85 40 1.00028
85 41 1.0002
85 42 1.00012
85 43 1.00003
85 44 0.99994
85 45 0.999846
85 46 0.999751
85 47 0.999654
85 48 0.999557
85 49 0.999459
85 50 0.999362
85 51 0.999266
85 52 0.999172
85 53 0.99908
85 54 0.998991
85 55 0.998904
85 56 0.998821
85 57 0.998742
85 58 0.998666
85 59 0.998595
85 60 0.998527
85 61 0.998464
85 62 0.998405
85 63 0.99835
85 64 0.998299
85 65 0.998252
85 66 0.99821
85 67 0.998171
85 68 0.998136
85 69 0.998104
85 70 0.998076
85 71 0.998052
85 72 0.998031
85 73 0.998014
85 74 0.998
85 75 0.997989
85 76 0.997981
85 77 0.997976
85 78 0.997974
85 79 0.997975
85 80 0.997979
85 81 0.997986
85 82 0.997995
85 83 0.998007
85 84 0.998021
85 85 0.998038
85 86 0.998057
85 87 0.998078
85 88 0.998102
85 89 0.998127
85 90 0.998154
85 91 0.998183
85 92 0.998214
85 93 0.998246
85 94 0.998279
85 95 0.998313
85 96 0.998348
85 97 0.998384
85 98 0.99842
85 99 0.998456
85 100 0.998493
85 101 0.998529
85 102 0.998565
85 103 0.998601
85 104 0.998636
85 105 0.99867
85 106 0.998703
85 107 0.998736
85 108 0.998768
85 109 0.998798
85 110 0.998828
85 111 0.998857
85 112 0.998885
85 113 0.998912
85 114 0.998938
85 115 0.998964
85 116 0.998989
85 117 0.999014
85 118 0.999038
85 119 0.999061
85 120 0.999082
85 121 0.999102
85 122 0.999119
85 123 0.999134
85 124 0.999145
85 125 0.999152
85 126 0.999153
85 127 0.999149

86 0 0
86 1 1.00106
86 2 1.00106
86 3 1.00105
86 4 1.00105
86 5 1.00105
86 6 1.00105
86 7 1.00104
86 8 1.00104
86 9 1.00104
86 10 1.00104
86 11 1.00103
86 12 1.00103
86 13 1.00103
86 14 1.00103
86 15 1.00102
86 16 1.00102
86 17 1.00102
86 18 1.00101
86 19 1.00101
86 20 1.001
86 21 1.00099
86 22 1.00098
86 23 1.00097
86 24 1.00096
86 25 1.00095
86 26 1.00093
86 27 1.00091
86 28 1.00089
86 29 1.00086
86 30 1.00084
86 31 1.0008
86 32 1.00077
86 33 1.00073
86 34 1.00068
86 35 1.00064
86 36 1.00058
86 37 1.00052
86 38 1.00046
86 39 1.00039
86 40 1.00032
86 41 1.00024
86 42 1.00016
86 43 1.00007
86 44 0.999982
86 45 0.99989
86 46 0.999796
86 47 0.9997
86 48 0.999603
86 49 0.999506
86 50 0.999409
86 51 0.999313
86 52 0.999219
86 53 0.999127
86 54 0.999037
86 55 0.99895
86 56 0.998866
86 57 0.998786
86 58 0.99871
86 59 0.998638
86 60 0.998569
86 61 0.998505
86 62 0.998445
86 63 0.99839
86 64 0.998338
86 65 0.998291
86 66 0.998247
86 67 0.998208
86 68 0.998172
86 69 0.99814
86 70 0.998112
86 71 0.998088
86 72 0.998066
86 73 0.998049
86 74 0.998034
86 75 0.998023
86 76 0.998015
86 77 0.99801
86 78 0.998009
86 79 0.99801
86 80 0.998014
86 81 0.99802
86 82 0.99803
86 83 0.998042
86 84 0.998056
86 85 0.998073
86 86 0.998093
86 87 0.998114
86 88 0.998138
86 89 0.998164
86 90 0.998191
86 91 0.99822
86 92 0.998251
86 93 0.998283
86 94 0.998317
86 95 0.998351
86 96 0.998386
86 97 0.998422
86 98 0.998459
86 99 0.998495
86 100 0.998532
86 101 0.998569
86 102 0.998605
86 103 0.998641
86 104 0.998677
86 105 0.998711
86 106 0.998745
86 107 0.998778
86 108 0.99881
86 109 0.998842
86 110 0.998872
86 111 0.998901
86 112 0.99893
86 113 0.998958
86 114 0.998985
86 115 0.999011
86 116 0.999037
86 117 0.999062
86 118 0.999087
86 119 0.99911
86 120 0.999132
86 121 0.999152
86 122 0.99917
86 123 0.999185
86 124 0.999196
86 125 0.999202
86 126 0.999203
86 127 0.999198

87 0 0
87 1 1.00106
87 2 1.00106
87 3 1.00106
87 4 1.00105
87 5 1.00105
87 6 1.00105
87 7 1.00105
87 8 1.00104
87 9 1.00104
87 10 1.00104
87 11 1.00104
87 12 1.00103
87 13 1.00103
87 14 1.00103
87 15 1.00103
87 16 1.00102
87 17 1.00102
87 18 1.00101
87 19 1.00101
87 20 1.001
87 21 1.001
87 22 1.00099
87 23 1.00098
87 24 1.00097
87 25 1.00095
87 26 1.00094
87 27 1.00092
87 28 1.0009
87 29 1.00088
87 30 1.00085
87 31 1.00082
87 32 1.00079
87 33 1.00075
87 34 1.00071
87 35 1.00066
87 36 1.00061
87 37 1.00055
87 38 1.00049
87 39 1.00042
87 40 1.00035
87 41 1.00028
87 42 1.0002
87 43 1.00011
87 44 1.00003
87 45 0.999935
87 46 0.999842
87 47 0.999748
87 48 0.999652
87 49 0.999556
87 50 0.999459
87 51 0.999364
87 52 0.999269
87 53 0.999177
87 54 0.999086
87 55 0.998999
87 56 0.998915
87 57 0.998834
87 58 0.998757
87 59 0.998683
87 60 0.998614
87 61 0.998549
87 62 0.998489
87 63 0.998432
87 64 0.99838
87 65 0.998331
87 66 0.998287
87 67 0.998247
87 68 0.998211
87 69 0.998178
87 70 0.99815
87 71 0.998125
87 72 0.998104
87 73 0.998086
87 74 0.998071
87 75 0.99806
87 76 0.998052
87 77 0.998047
87 78 0.998045
87 79 0.998046
87 80 0.99805
87 81 0.998057
87 82 0.998066
87 83 0.998078
87 84 0.998093
87 85 0.99811
87 86 0.99813
87 87 0.998152
87 88 0.998176
87 89 0.998202
87 90 0.998229
87 91 0.998259
87 92 0.99829
87 93 0.998323
87 94 0.998356
87 95 0.998391
87 96 0.998427
87 97 0.998463
87 98 0.9985
87 99 0.998537
87 100 0.998574
87 101 0.998611
87 102 0.998648
87 103 0.998685
87 104 0.998721
87 105 0.998756
87 106 0.99879
87 107 0.998824
87 108 0.998857
87 109 0.998889
87 110 0.998919
87 111 0.99895
87 112 0.998979
87 113 0.999007
87 114 0.999035
87 115 0.999063
87 116 0.999089
87 117 0.999115
87 118 0.99914
87 119 0.999165
87 120 0.999187
87 121 0.999208
87 122 0.999226
87 123 0.999241
87 124 0.999252
87 125 0.999258
87 126 0.999258
87 127 0.999253

88 0 0
88 1 1.00107
88 2 1.00106
88 3 1.00106
88 4 1.00106
88 5 1.00105
88 6 1.00105
88 7 1.00105
88 8 1.00105
88 9 1.00104
88 10 1.00104
88 11 1.00104
88 12 1.00104
88 13 1.00103
88 14 1.00103
88 15 1.00103
88 16 1.00103
88 17 1.00102
88 18 1.00102
88 19 1.00101
88 20 1.00101
88 21 1.001
88 22 1.00099
88 23 1.00098
88 24 1.00097
88 25 1.00096
88 26 1.00095
88 27 1.00093
88 28 1.00091
88 29 1.00089
88 30 1.00086
88 31 1.00084
88 32 1.0008
88 33 1.00077
88 34 1.00073
88 35 1.00068
88 36 1.00063
88 37 1.00058
88 38 1.00052
88 39 1.00046
88 40 1.00039
88 41 1.00032
88 42 1.00024
88 43 1.00016
88 44 1.00007
88 45 0.999982
88 46 0.999891
88 47 0.999798
88 48 0.999703
88 49 0.999608
88 50 0.999512
88 51 0.999416
88 52 0.999322
88 53 0.99923
88 54 0.999139
88 55 0.999051
88 56 0.998966
88 57 0.998885
88 58 0.998807
88 59 0.998732
88 60 0.998662
88 61 0.998596
88 62 0.998535
88 63 0.998477
88 64 0.998424
88 65 0.998375
88 66 0.99833
88 67 0.998289
88 68 0.998252
88 69 0.998219
88 70 0.99819
88 71 0.998164
88 72 0.998143
88 73 0.998124
88 74 0.998109
88 75 0.998098
88 76 0.99809
88 77 0.998085
88 78 0.998083
88 79 0.998084
88 80 0.998088
88 81 0.998095
88 82 0.998104
88 83 0.998117
88 84 0.998131
88 85 0.998149
88 86 0.998169
88 87 0.998191
88 88 0.998215
88 89 0.998241
88 90 0.998269
88 91 0.998299
88 92 0.998331
88 93 0.998364
88 94 0.998398
88 95 0.998433
88 96 0.998469
88 97 0.998506
88 98 0.998543
88 99 0.998581
88 100 0.998619
88 101 0.998656
88 102 0.998694
88 103 0.998731
88 104 0.998767
88 105 0.998803
88 106 0.998839
88 107 0.998873
88 108 0.998906
88 109 0.998939
88 110 0.998971
88 111 0.999002
88 112 0.999032
88 113 0.999062
88 114 0.999091
88 115 0.999119
88 116 0.999147
88 117 0.999174
88 118 0.9992
88 119 0.999225
88 120 0.999248
88 121 0.99927
88 122 0.999288
88 123 0.999303
88 124 0.999314
88 125 0.99932
88 126 0.99932
88 127 0.999313

89 0 0
89 1 1.00107
89 2 1.00106
89 3 1.00106
89 4 1.00106
89 5 1.00105
89 6 1.00105
89 7 1.00105
89 8 1.00105
89 9 1.00105
89 10 1.00104
89 11 1.00104
89 12 1.00104
89 13 1.00104
89 14 1.00103
89 15 1.00103
89 16 1.00103
89 17 1.00102
89 18 1.00102
89 19 1.00102
89 20 1.00101
89 21 1.001
89 22 1.001
89 23 1.00099
89 24 1.00098
89 25 1.00097
89 26 1.00095
89 27 1.00094
89 28 1.00092
89 29 1.0009
89 30 1.00088
89 31 1.00085
89 32 1.00082
89 33 1.00079
89 34 1.00075
89 35 1.00071
89 36 1.00066
89 37 1.00061
89 38 1.00055
89 39 1.00049
89 40 1.00042
89 41 1.00035
89 42 1.00028
89 43 1.0002
89 44 1.00012
89 45 1.00003
89 46 0.999941
89 47 0.99985
89 48 0.999756
89 49 0.999662
89 50 0.999567
89 51 0.999472
89 52 0.999378
89 53 0.999285
89 54 0.999195
89 55 0.999106
89 56 0.999021
89 57 0.998938
89 58 0.99886
89 59 0.998785
89 60 0.998714
89 61 0.998647
89 62 0.998584
89 63 0.998525
89 64 0.998471
89 65 0.998421
89 66 0.998375
89 67 0.998333
89 68 0.998296
89 69 0.998262
89 70 0.998232
89 71 0.998206
89 72 0.998184
89 73 0.998165
89 74 0.99815
89 75 0.998138
89 76 0.99813
89 77 0.998124
89 78 0.998122
89 79 0.998123
89 80 0.998127
89 81 0.998134
89 82 0.998144
89 83 0.998156
89 84 0.998171
89 85 0.998189
89 86 0.998209
89 87 0.998231
89 88 0.998256
89 89 0.998282
89 90 0.998311
89 91 0.998341
89 92 0.998373
89 93 0.998406
89 94 0.998441
89 95 0.998477
89 96 0.998513
89 97 0.998551
89 98 0.998589
89 99 0.998627
89 100 0.998665
89 101 0.998704
89 102 0.998742
89 103 0.99878
89 104 0.998817
89 105 0.998854
89 106 0.99889
89 107 0.998925
89 108 0.99896
89 109 0.998993
89 110 0.999026
89 111 0.999058
89 112 0.99909
89 113 0.999121
89 114 0.999151
89 115 0.99918
89 116 0.999209
89 117 0.999237
89 118 0.999265
89 119 0.999291
89 120 0.999315
89 121 0.999337
89 122 0.999356
89 123 0.999372
89 124 0.999383
89 125 0.999388
89 126 0.999388
89 127 0.99938

90 0 0
90 1 1.00107
90 2 1.00106
90 3 1.00106
90 4 1.00106
90 5 1.00106
90 6 1.00105
90 7 1.00105
90 8 1.00105
90 9 1.00105
90 10 1.00105
90 11 1.00104
90 12 1.00104
90 13 1.00104
90 14 1.00104
90 15 1.00103
90 16 1.00103
90 17 1.00103
90 18 1.00102
90 19 1.00102
90 20 1.00101
90 21 1.00101
90 22 1.001
90 23 1.00099
90 24 1.00098
90 25 1.00097
90 26 1.00096
90 27 1.00095
90 28 1.00093
90 29 1.00091
90 30 1.00089
90 31 1.00086
90 32 1.00084
90 33 1.0008
90 34 1.00077
90 35 1.00073
90 36 1.00068
90 37 1.00064
90 38 1.00058
90 39 1.00052
90 40 1.00046
90 41 1.00039
90 42 1.00032
90 43 1.00024
90 44 1.00016
90 45 1.00008
90 46 0.999993
90 47 0.999903
90 48 0.999811
90 49 0.999718
90 50 0.999624
90 51 0.99953
90 52 0.999437
90 53 0.999344
90 54 0.999253
90 55 0.999165
90 56 0.999079
90 57 0.998996
90 58 0.998916
90 59 0.99884
90 60 0.998768
90 61 0.9987
90 62 0.998636
90 63 0.998576
90 64 0.998521
90 65 0.99847
90 66 0.998423
90 67 0.99838
90 68 0.998342
90 69 0.998307
90 70 0.998277
90 71 0.99825
90 72 0.998227
90 73 0.998208
90 74 0.998192
90 75 0.99818
90 76 0.998171
90 77 0.998166
90 78 0.998163
90 79 0.998164
90 80 0.998168
90 81 0.998175
90 82 0.998185
90 83 0.998197
90 84 0.998213
90 85 0.99823
90 86 0.998251
90 87 0.998273
90 88 0.998298
90 89 0.998325
90 90 0.998354
90 91 0.998384
90 92 0.998417
90 93 0.998451
90 94 0.998486
90 95 0.998522
90 96 0.998559
90 97 0.998597
90 98 0.998636
90 99 0.998675
90 100 0.998714
90 101 0.998753
90 102 0.998792
90 103 0.998831
90 104 0.998869
90 105 0.998907
90 106 0.998944
90 107 0.998981
90 108 0.999016
90 109 0.999051
90 110 0.999085
90 111 0.999119
90 112 0.999152
90 113 0.999184
90 114 0.999216
90 115 0.999246
90 116 0.999277
90 117 0.999306
90 118 0.999335
90 119 0.999362
90 120 0.999388
90 121 0.999411
90 122 0.999431
90 123 0.999447
90 124 0.999458
90 125 0.999463
90 126 0.999462
90 127 0.999454

91 0 0
91 1 1.00107
91 2 1.00107
91 3 1.00106
91 4 1.00106
91 5 1.00106
91 6 1.00105
91 7 1.00105
91 8 1.00105
91 9 1.00105
91 10 1.00105
91 11 1.00104
91 12 1.00104
91 13 1.00104
91 14 1.00104
91 15 1.00103
91 16 1.00103
91 17 1.00103
91 18 1.00102
91 19 1.00102
91 20 1.00102
91 21 1.00101
91 22 1.001
91 23 1.001
91 24 1.00099
91 25 1.00098
91 26 1.00097
91 27 1.00095
91 28 1.00094
91 29 1.00092
91 30 1.0009
91 31 1.00088
91 32 1.00085
91 33 1.00082
91 34 1.00079
91 35 1.00075
91 36 1.00071
91 37 1.00066
91 38 1.00061
91 39 1.00056
91 40 1.0005
91 41 1.00043
91 42 1.00036
91 43 1.00029
91 44 1.00021
91 45 1.00013
91 46 1.00005
91 47 0.999958
91 48 0.999868
91 49 0.999777
91 50 0.999684
91 51 0.999591
91 52 0.999498
91 53 0.999406
91 54 0.999315
91 55 0.999226
91 56 0.99914
91 57 0.999056
91 58 0.998976
91 59 0.998899
91 60 0.998826
91 61 0.998756
91 62 0.998691
91 63 0.99863
91 64 0.998574
91 65 0.998522
91 66 0.998474
91 67 0.99843
91 68 0.99839
91 69 0.998355
91 70 0.998323
91 71 0.998296
91 72 0.998272
91 73 0.998252
91 74 0.998236
91 75 0.998224
91 76 0.998214
91 77 0.998209
91 78 0.998206
91 79 0.998207
91 80 0.998211
91 81 0.998217
91 82 0.998227
91 83 0.99824
91 84 0.998255
91 85 0.998273
91 86 0.998293
91 87 0.998316
91 88 0.998341
91 89 0.998369
91 90 0.998398
91 91 0.998429
91 92 0.998462
91 93 0.998496
91 94 0.998532
91 95 0.998569
91 96 0.998607
91 97 0.998646
91 98 0.998685
91 99 0.998725
91 100 0.998765
91 101 0.998805
91 102 0.998845
91 103 0.998885
91 104 0.998924
91 105 0.998963
91 106 0.999002
91 107 0.999039
91 108 0.999077
91 109 0.999113
91 110 0.999149
91 111 0.999184
91 112 0.999218
91 113 0.999252
91 114 0.999285
91 115 0.999318
91 116 0.99935
91 117 0.999381
91 118 0.999412
91 119 0.99944
91 120 0.999467
91 121 0.999491
91 122 0.999512
91 123 0.999529
91 124 0.99954
91 125 0.999545
91 126 0.999544
91 127 0.999534

92 0 0
92 1 1.00107
92 2 1.00107
92 3 1.00106
92 4 1.00106
92 5 1.00106
92 6 1.00106
92 7 1.00105
92 8 1.00105
92 9 1.00105
92 10 1.00105
92 11 1.00105
92 12 1.00104
92 13 1.00104
92 14 1.00104
92 15 1.00104
92 16 1.00103
92 17 1.00103
92 18 1.00103
92 19 1.00102
92 20 1.00102
92 21 1.00101
92 22 1.00101
92 23 1.001
92 24 1.00099
92 25 1.00098
92 26 1.00097
92 27 1.00096
92 28 1.00095
92 29 1.00093
92 30 1.00091
92 31 1.00089
92 32 1.00087
92 33 1.00084
92 34 1.00081
92 35 1.00077
92 36 1.00073
92 37 1.00069
92 38 1.00064
92 39 1.00059
92 40 1.00053
92 41 1.00047
92 42 1.00041
92 43 1.00034
92 44 1.00026
92 45 1.00018
92 46 1.0001
92 47 1.00001
92 48 0.999926
92 49 0.999837
92 50 0.999745
92 51 0.999653
92 52 0.999561
92 53 0.99947
92 54 0.999379
92 55 0.99929
92 56 0.999204
92 57 0.99912
92 58 0.999038
92 59 0.998961
92 60 0.998886
92 61 0.998816
92 62 0.99875
92 63 0.998688
92 64 0.99863
92 65 0.998576
92 66 0.998527
92 67 0.998482
92 68 0.998442
92 69 0.998405
92 70 0.998373
92 71 0.998344
92 72 0.99832
92 73 0.998299
92 74 0.998282
92 75 0.998269
92 76 0.998259
92 77 0.998253
92 78 0.99825
92 79 0.998251
92 80 0.998254
92 81 0.998261
92 82 0.998271
92 83 0.998284
92 84 0.998299
92 85 0.998317
92 86 0.998338
92 87 0.998361
92 88 0.998386
92 89 0.998414
92 90 0.998443
92 91 0.998475
92 92 0.998508
92 93 0.998543
92 94 0.99858
92 95 0.998617
92 96 0.998656
92 97 0.998696
92 98 0.998736
92 99 0.998777
92 100 0.998818
92 101 0.998859
92 102 0.9989
92 103 0.998941
92 104 0.998982
92 105 0.999022
92 106 0.999062
92 107 0.999102
92 108 0.99914
92 109 0.999179
92 110 0.999216
92 111 0.999253
92 112 0.999289
92 113 0.999325
92 114 0.999361
92 115 0.999395
92 116 0.999429
92 117 0.999463
92 118 0.999495
92 119 0.999525
92 120 0.999554
92 121 0.999579
92 122 0.999601
92 123 0.999618
92 124 0.99963
92 125 0.999635
92 126 0.999633
92 127 0.999622

93 0 0
93 1 1.00107
93 2 1.00107
93 3 1.00106
93 4 1.00106
93 5 1.00106
93 6 1.00106
93 7 1.00105
93 8 1.00105
93 9 1.00105
93 10 1.00105
93 11 1.00105
93 12 1.00104
93 13 1.00104
93 14 1.00104
93 15 1.00104
93 16 1.00103
93 17 1.00103
93 18 1.00103
93 19 1.00102
93 20 1.00102
93 21 1.00101
93 22 1.00101
93 23 1.001
93 24 1.001
93 25 1.00099
93 26 1.00098
93 27 1.00097
93 28 1.00095
93 29 1.00094
93 30 1.00092
93 31 1.0009
93 32 1.00088
93 33 1.00085
93 34 1.00083
93 35 1.00079
93 36 1.00076
93 37 1.00072
93 38 1.00067
93 39 1.00062
93 40 1.00057
93 41 1.00051
93 42 1.00045
93 43 1.00038
93 44 1.00031
93 45 1.00023
93 46 1.00015
93 47 1.00007
93 48 0.999985
93 49 0.999898
93 50 0.999808
93 51 0.999718
93 52 0.999627
93 53 0.999536
93 54 0.999446
93 55 0.999358
93 56 0.999271
93 57 0.999186
93 58 0.999104
93 59 0.999026
93 60 0.998951
93 61 0.998879
93 62 0.998812
93 63 0.998748
93 64 0.998689
93 65 0.998634
93 66 0.998584
93 67 0.998538
93 68 0.998496
93 69 0.998458
93 70 0.998424
93 71 0.998395
93 72 0.99837
93 73 0.998348
93 74 0.99833
93 75 0.998317
93 76 0.998306
93 77 0.9983
93 78 0.998296
93 79 0.998296
93 80 0.9983
93 81 0.998306
93 82 0.998316
93 83 0.998329
93 84 0.998344
93 85 0.998362
93 86 0.998383
93 87 0.998406
93 88 0.998432
93 89 0.99846
93 90 0.99849
93 91 0.998522
93 92 0.998556
93 93 0.998592
93 94 0.998629
93 95 0.998667
93 96 0.998707
93 97 0.998747
93 98 0.998788
93 99 0.99883
93 100 0.998872
93 101 0.998915
93 102 0.998958
93 103 0.999
93 104 0.999042
93 105 0.999084
93 106 0.999126
93 107 0.999167
93 108 0.999208
93 109 0.999248
93 110 0.999288
93 111 0.999327
93 112 0.999365
93 113 0.999404
93 114 0.999441
93 115 0.999478
93 116 0.999515
93 117 0.99955
93 118 0.999584
93 119 0.999617
93 120 0.999647
93 121 0.999674
93 122 0.999698
93 123 0.999716
93 124 0.999728
93 125 0.999733
93 126 0.99973
93 127 0.999718

94 0 0
94 1 1.00107
94 2 1.00107
94 3 1.00106
94 4 1.00106
94 5 1.00106
94 6 1.00106
94 7 1.00105
94 8 1.00105
94 9 1.00105
94 10 1.00105
94 11 1.00105
94 12 1.00104
94 13 1.00104
94 14 1.00104
94 15 1.00104
94 16 1.00103
94 17 1.00103
94 18 1.00103
94 19 1.00102
94 20 1.00102
94 21 1.00102
94 22 1.00101
94 23 1.00101
94 24 1.001
94 25 1.00099
94 26 1.00098
94 27 1.00097
94 28 1.00096
94 29 1.00095
94 30 1.00093
94 31 1.00091
94 32 1.00089
94 33 1.00087
94 34 1.00084
94 35 1.00081
94 36 1.00078
94 37 1.00074
94 38 1.0007
94 39 1.00065
94 40 1.0006
94 41 1.00055
94 42 1.00049
94 43 1.00042
94 44 1.00036
94 45 1.00028
94 46 1.00021
94 47 1.00013
94 48 1.00005
94 49 0.99996
94 50 0.999873
94 51 0.999784
94 52 0.999695
94 53 0.999605
94 54 0.999516
94 55 0.999427
94 56 0.999341
94 57 0.999256
94 58 0.999174
94 59 0.999094
94 60 0.999018
94 61 0.998946
94 62 0.998877
94 63 0.998812
94 64 0.998752
94 65 0.998696
94 66 0.998644
94 67 0.998596
94 68 0.998553
94 69 0.998514
94 70 0.998479
94 71 0.998448
94 72 0.998422
94 73 0.998399
94 74 0.998381
94 75 0.998366
94 76 0.998355
94 77 0.998348
94 78 0.998344
94 79 0.998344
94 80 0.998347
94 81 0.998353
94 82 0.998362
94 83 0.998375
94 84 0.99839
94 85 0.998409
94 86 0.998429
94 87 0.998453
94 88 0.998479
94 89 0.998507
94 90 0.998538
94 91 0.998571
94 92 0.998605
94 93 0.998641
94 94 0.998679
94 95 0.998718
94 96 0.998759
94 97 0.9988
94 98 0.998843
94 99 0.998886
94 100 0.998929
94 101 0.998973
94 102 0.999017
94 103 0.999061
94 104 0.999105
94 105 0.999149
94 106 0.999193
94 107 0.999236
94 108 0.999279
94 109 0.999322
94 110 0.999364
94 111 0.999405
94 112 0.999446
94 113 0.999487
94 114 0.999528
94 115 0.999567
94 116 0.999606
94 117 0.999645
94 118 0.999681
94 119 0.999716
94 120 0.999749
94 121 0.999778
94 122 0.999802
94 123 0.999821
94 124 0.999834
94 125 0.999839
94 126 0.999836
94 127 0.999822

95 0 0
95 1 1.00107
95 2 1.00107
95 3 1.00106
95 4 1.00106
95 5 1.00106
95 6 1.00106
95 7 1.00105
95 8 1.00105
95 9 1.00105
95 10 1.00105
95 11 1.00105
95 12 1.00104
95 13 1.00104
95 14 1.00104
95 15 1.00104
95 16 1.00103
95 17 1.00103
95 18 1.00103
95 19 1.00103
95 20 1.00102
95 21 1.00102
95 22 1.00101
95 23 1.00101
95 24 1.001
95 25 1.00099
95 26 1.00099
95 27 1.00098
95 28 1.00097
95 29 1.00095
95 30 1.00094
95 31 1.00092
95 32 1.0009
95 33 1.00088
95 34 1.00086
95 35 1.00083
95 36 1.0008
95 37 1.00076
95 38 1.00073
95 39 1.00068
95 40 1.00064
95 41 1.00058
95 42 1.00053
95 43 1.00047
95 44 1.0004
95 45 1.00033
95 46 1.00026
95 47 1.00019
95 48 1.00011
95 49 1.00002
95 50 0.999938
95 51 0.999852
95 52 0.999764
95 53 0.999676
95 54 0.999587
95 55 0.9995
95 56 0.999413
95 57 0.999328
95 58 0.999246
95 59 0.999166
95 60 0.999089
95 61 0.999015
95 62 0.998946
95 63 0.99888
95 64 0.998818
95 65 0.99876
95 66 0.998707
95 67 0.998657
95 68 0.998613
95 69 0.998572
95 70 0.998536
95 71 0.998504
95 72 0.998477
95 73 0.998453
95 74 0.998433
95 75 0.998418
95 76 0.998406
95 77 0.998398
95 78 0.998393
95 79 0.998393
95 80 0.998395
95 81 0.998401
95 82 0.99841
95 83 0.998423
95 84 0.998438
95 85 0.998456
95 86 0.998477
95 87 0.998501
95 88 0.998527
95 89 0.998556
95 90 0.998587
95 91 0.99862
95 92 0.998655
95 93 0.998692
95 94 0.998731
95 95 0.998771
95 96 0.998812
95 97 0.998855
95 98 0.998898
95 99 0.998943
95 100 0.998988
95 101 0.999033
95 102 0.999079
95 103 0.999125
95 104 0.999171
95 105 0.999217
95 106 0.999263
95 107 0.999309
95 108 0.999354
95 109 0.999399
95 110 0.999444
95 111 0.999489
95 112 0.999533
95 113 0.999577
95 114 0.99962
95 115 0.999663
95 116 0.999705
95 117 0.999746
95 118 0.999786
95 119 0.999824
95 120 0.999858
95 121 0.999889
95 122 0.999916
95 123 0.999936
95 124 0.99995
95 125 0.999954
95 126 0.99995
95 127 0.999936

96 0 0
96 1 1.00107
96 2 1.00106
96 3 1.00106
96 4 1.00106
96 5 1.00106
96 6 1.00106
96 7 1.00105
96 8 1.00105
96 9 1.00105
96 10 1.00105
96 11 1.00105
96 12 1.00104
96 13 1.00104
96 14 1.00104
96 15 1.00104
96 16 1.00103
96 17 1.00103
96 18 1.00103
96 19 1.00103
96 20 1.00102
96 21 1.00102
96 22 1.00101
96 23 1.00101
96 24 1.001
96 25 1.001
96 26 1.00099
96 27 1.00098
96 28 1.00097
96 29 1.00096
96 30 1.00095
96 31 1.00093
96 32 1.00091
96 33 1.00089
96 34 1.00087
96 35 1.00085
96 36 1.00082
96 37 1.00079
96 38 1.00075
96 39 1.00071
96 40 1.00067
96 41 1.00062
96 42 1.00057
96 43 1.00051
96 44 1.00045
96 45 1.00038
96 46 1.00031
96 47 1.00024
96 48 1.00017
96 49 1.00009
96 50 1
96 51 0.99992
96 52 0.999834
96 53 0.999747
96 54 0.999661
96 55 0.999574
96 56 0.999488
96 57 0.999403
96 58 0.999321
96 59 0.99924
96 60 0.999163
96 61 0.999089
96 62 0.999018
96 63 0.99895
96 64 0.998887
96 65 0.998828
96 66 0.998773
96 67 0.998722
96 68 0.998676
96 69 0.998634
96 70 0.998596
96 71 0.998563
96 72 0.998534
96 73 0.998509
96 74 0.998488
96 75 0.998472
96 76 0.998459
96 77 0.99845
96 78 0.998445
96 79 0.998443
96 80 0.998445
96 81 0.998451
96 82 0.998459
96 83 0.998472
96 84 0.998487
96 85 0.998505
96 86 0.998526
96 87 0.99855
96 88 0.998576
96 89 0.998605
96 90 0.998637
96 91 0.99867
96 92 0.998706
96 93 0.998744
96 94 0.998783
96 95 0.998825
96 96 0.998867
96 97 0.998911
96 98 0.998956
96 99 0.999002
96 100 0.999048
96 101 0.999096
96 102 0.999143
96 103 0.999191
96 104 0.99924
96 105 0.999288
96 106 0.999336
96 107 0.999385
96 108 0.999433
96 109 0.999481
96 110 0.999529
96 111 0.999577
96 112 0.999625
96 113 0.999672
96 114 0.999719
96 115 0.999766
96 116 0.999811
96 117 0.999856
96 118 0.999899
96 119 0.99994
96 120 0.999977
96 121 1.00001
96 122 1.00004
96 123 1.00006
96 124 1.00007
96 125 1.00008
96 126 1.00008
96 127 1.00006

97 0 0
97 1 1.00107
97 2 1.00106
97 3 1.00106
97 4 1.00106
97 5 1.00106
97 6 1.00106
97 7 1.00105
97 8 1.00105
97 9 1.00105
97 10 1.00105
97 11 1.00105
97 12 1.00104
97 13 1.00104
97 14 1.00104
97 15 1.00104
97 16 1.00103
97 17 1.00103
97 18 1.00103
97 19 1.00103
97 20 1.00102
97 21 1.00102
97 22 1.00101
97 23 1.00101
97 24 1.001
97 25 1.001
97 26 1.00099
97 27 1.00098
97 28 1.00097
97 29 1.00096
97 30 1.00095
97 31 1.00094
97 32 1.00092
97 33 1.00091
97 34 1.00089
97 35 1.00086
97 36 1.00084
97 37 1.00081
97 38 1.00077
97 39 1.00074
97 40 1.0007
97 41 1.00065
97 42 1.0006
97 43 1.00055
97 44 1.00049
97 45 1.00043
97 46 1.00037
97 47 1.0003
97 48 1.00022
97 49 1.00015
97 50 1.00007
97 51 0.999988
97 52 0.999905
97 53 0.99982
97 54 0.999735
97 55 0.99965
97 56 0.999565
97 57 0.999481
97 58 0.999398
97 59 0.999318
97 60 0.99924
97 61 0.999165
97 62 0.999093
97 63 0.999024
97 64 0.99896
97 65 0.998899
97 66 0.998843
97 67 0.99879
97 68 0.998742
97 69 0.998699
97 70 0.99866
97 71 0.998625
97 72 0.998594
97 73 0.998568
97 74 0.998546
97 75 0.998528
97 76 0.998514
97 77 0.998504
97 78 0.998498
97 79 0.998496
97 80 0.998497
97 81 0.998502
97 82 0.99851
97 83 0.998522
97 84 0.998537
97 85 0.998555
97 86 0.998576
97 87 0.9986
97 88 0.998627
97 89 0.998656
97 90 0.998688
97 91 0.998722
97 92 0.998758
97 93 0.998797
97 94 0.998837
97 95 0.99888
97 96 0.998923
97 97 0.998968
97 98 0.999015
97 99 0.999062
97 100 0.999111
97 101 0.99916
97 102 0.99921
97 103 0.99926
97 104 0.999311
97 105 0.999362
97 106 0.999413
97 107 0.999465
97 108 0.999516
97 109 0.999568
97 110 0.99962
97 111 0.999671
97 112 0.999723
97 113 0.999774
97 114 0.999825
97 115 0.999876
97 116 0.999925
97 117 0.999974
97 118 1.00002
97 119 1.00006
97 120 1.00011
97 121 1.00014
97 122 1.00017
97 123 1.0002
97 124 1.00021
97 125 1.00022
97 126 1.00021
97 127 1.00019

98 0 0
98 1 1.00106
98 2 1.00106
98 3 1.00106
98 4 1.00106
98 5 1.00106
98 6 1.00105
98 7 1.00105
98 8 1.00105
98 9 1.00105
98 10 1.00105
98 11 1.00104
98 12 1.00104
98 13 1.00104
98 14 1.00104
98 15 1.00104
98 16 1.00103
98 17 1.00103
98 18 1.00103
98 19 1.00102
98 20 1.00102
98 21 1.00102
98 22 1.00101
98 23 1.00101
98 24 1.001
98 25 1.001
98 26 1.00099
98 27 1.00099
98 28 1.00098
98 29 1.00097
98 30 1.00096
98 31 1.00095
98 32 1.00093
98 33 1.00092
98 34 1.0009
98 35 1.00088
98 36 1.00085
98 37 1.00083
98 38 1.0008
98 39 1.00076
98 40 1.00073
98 41 1.00068
98 42 1.00064
98 43 1.00059
98 44 1.00054
98 45 1.00048
98 46 1.00042
98 47 1.00035
98 48 1.00028
98 49 1.00021
98 50 1.00013
98 51 1.00006
98 52 0.999976
98 53 0.999894
98 54 0.999811
98 55 0.999727
98 56 0.999643
98 57 0.99956
98 58 0.999478
98 59 0.999398
98 60 0.99932
98 61 0.999244
98 62 0.999171
98 63 0.999102
98 64 0.999036
98 65 0.998974
98 66 0.998916
98 67 0.998862
98 68 0.998812
98 69 0.998767
98 70 0.998726
98 71 0.99869
98 72 0.998658
98 73 0.99863
98 74 0.998606
98 75 0.998587
98 76 0.998572
98 77 0.998561
98 78 0.998553
98 79 0.99855
98 80 0.998551
98 81 0.998555
98 82 0.998563
98 83 0.998574
98 84 0.998588
98 85 0.998606
98 86 0.998627
98 87 0.998651
98 88 0.998678
98 89 0.998708
98 90 0.99874
98 91 0.998775
98 92 0.998812
98 93 0.998851
98 94 0.998892
98 95 0.998936
98 96 0.998981
98 97 0.999027
98 98 0.999075
98 99 0.999125
98 100 0.999175
98 101 0.999226
98 102 0.999279
98 103 0.999332
98 104 0.999385
98 105 0.999439
98 106 0.999494
98 107 0.999549
98 108 0.999604
98 109 0.999659
98 110 0.999715
98 111 0.999771
98 112 0.999827
98 113 0.999883
98 114 0.999938
98 115 0.999993
98 116 1.00005
98 117 1.0001
98 118 1.00015
98 119 1.0002
98 120 1.00024
98 121 1.00028
98 122 1.00032
98 123 1.00034
98 124 1.00036
98 125 1.00036
98 126 1.00036
98 127 1.00034

99 0 0
99 1 1.00106
99 2 1.00106
99 3 1.00106
99 4 1.00106
99 5 1.00106
99 6 1.00105
99 7 1.00105
99 8 1.00105
99 9 1.00105
99 10 1.00105
99 11 1.00104
99 12 1.00104
99 13 1.00104
99 14 1.00104
99 15 1.00104
99 16 1.00103
99 17 1.00103
99 18 1.00103
99 19 1.00102
99 20 1.00102
99 21 1.00102
99 22 1.00101
99 23 1.00101
99 24 1.00101
99 25 1.001
99 26 1.00099
99 27 1.00099
99 28 1.00098
99 29 1.00097
99 30 1.00096
99 31 1.00095
99 32 1.00094
99 33 1.00092
99 34 1.00091
99 35 1.00089
99 36 1.00087
99 37 1.00084
99 38 1.00082
99 39 1.00079
99 40 1.00075
99 41 1.00071
99 42 1.00067
99 43 1.00063
99 44 1.00058
99 45 1.00052
99 46 1.00047
99 47 1.00041
99 48 1.00034
99 49 1.00027
99 50 1.0002
99 51 1.00012
99 52 1.00005
99 53 0.999967
99 54 0.999887
99 55 0.999805
99 56 0.999723
99 57 0.999641
99 58 0.99956
99 59 0.99948
99 60 0.999402
99 61 0.999326
99 62 0.999253
99 63 0.999182
99 64 0.999115
99 65 0.999052
99 66 0.998993
99 67 0.998937
99 68 0.998886
99 69 0.998839
99 70 0.998796
99 71 0.998758
99 72 0.998724
99 73 0.998695
99 74 0.998669
99 75 0.998649
99 76 0.998632
99 77 0.99862
99 78 0.998611
99 79 0.998607
99 80 0.998606
99 81 0.99861
99 82 0.998617
99 83 0.998627
99 84 0.998642
99 85 0.998659
99 86 0.99868
99 87 0.998704
99 88 0.998731
99 89 0.998761
99 90 0.998793
99 91 0.998829
99 92 0.998866
99 93 0.998906
99 94 0.998949
99 95 0.998993
99 96 0.99904
99 97 0.999088
99 98 0.999137
99 99 0.999189
99 100 0.999241
99 101 0.999295
99 102 0.99935
99 103 0.999406
99 104 0.999462
99 105 0.99952
99 106 0.999578
99 107 0.999636
99 108 0.999696
99 109 0.999756
99 110 0.999816
99 111 0.999876
99 112 0.999937
99 113 0.999998
99 114 1.00006
99 115 1.00012
99 116 1.00018
99 117 1.00024
99 118 1.00029
99 119 1.00035
99 120 1.00039
99 121 1.00044
99 122 1.00047
99 123 1.0005
99 124 1.00052
99 125 1.00052
99 126 1.00052
99 127 1.0005

100 0 0
100 1 1.00106
100 2 1.00106
100 3 1.00106
100 4 1.00106
100 5 1.00105
100 6 1.00105
100 7 1.00105
100 8 1.00105
100 9 1.00105
100 10 1.00105
100 11 1.00104
100 12 1.00104
100 13 1.00104
100 14 1.00104
100 15 1.00103
100 16 1.00103
100 17 1.00103
100 18 1.00103
100 19 1.00102
100 20 1.00102
100 21 1.00102
100 22 1.00101
100 23 1.00101
100 24 1.00101
100 25 1.001
100 26 1.001
100 27 1.00099
100 28 1.00098
100 29 1.00098
100 30 1.00097
100 31 1.00096
100 32 1.00094
100 33 1.00093
100 34 1.00092
100 35 1.0009
100 36 1.00088
100 37 1.00086
100 38 1.00083
100 39 1.00081
100 40 1.00078
100 41 1.00074
100 42 1.0007
100 43 1.00066
100 44 1.00062
100 45 1.00057
100 46 1.00051
100 47 1.00046
100 48 1.00039
100 49 1.00033
100 50 1.00026
100 51 1.00019
100 52 1.00012
100 53 1.00004
100 54 0.999962
100 55 0.999883
100 56 0.999803
100 57 0.999723
100 58 0.999643
100 59 0.999564
100 60 0.999486
100 61 0.99941
100 62 0.999337
100 63 0.999266
100 64 0.999198
100 65 0.999133
100 66 0.999073
100 67 0.999016
100 68 0.998963
100 69 0.998914
100 70 0.99887
100 71 0.998829
100 72 0.998794
100 73 0.998763
100 74 0.998736
100 75 0.998713
100 76 0.998695
100 77 0.998681
100 78 0.998671
100 79 0.998666
100 80 0.998664
100 81 0.998667
100 82 0.998673
100 83 0.998683
100 84 0.998696
100 85 0.998713
100 86 0.998734
100 87 0.998758
100 88 0.998785
100 89 0.998815
100 90 0.998848
100 91 0.998884
100 92 0.998922
100 93 0.998963
100 94 0.999006
100 95 0.999052
100 96 0.9991
100 97 0.99915
100 98 0.999201
100 99 0.999254
100 100 0.999309
100 101 0.999366
100 102 0.999423
100 103 0.999482
100 104 0.999542
100 105 0.999604
100 106 0.999666
100 107 0.999729
100 108 0.999793
100 109 0.999857
100 110 0.999922
100 111 0.999989
100 112 1.00006
100 113 1.00012
100 114 1.00019
100 115 1.00025
100 116 1.00032
100 117 1.00038
100 118 1.00045
100 119 1.0005
100 120 1.00056
100 121 1.0006
100 122 1.00064
100 123 1.00067
100 124 1.00069
100 125 1.0007
100 126 1.00069
100 127 1.00067

101 0 0
101 1 1.00106
101 2 1.00106
101 3 1.00106
101 4 1.00105
101 5 1.00105
101 6 1.00105
101 7 1.00105
101 8 1.00105
101 9 1.00105
101 10 1.00104
101 11 1.00104
101 12 1.00104
101 13 1.00104
101 14 1.00104
101 15 1.00103
101 16 1.00103
101 17 1.00103
101 18 1.00103
101 19 1.00102
101 20 1.00102
101 21 1.00102
101 22 1.00101
101 23 1.00101
101 24 1.00101
101 25 1.001
101 26 1.001
101 27 1.00099
101 28 1.00098
101 29 1.00098
101 30 1.00097
101 31 1.00096
101 32 1.00095
101 33 1.00094
101 34 1.00092
101 35 1.00091
101 36 1.00089
101 37 1.00087
101 38 1.00085
101 39 1.00083
101 40 1.0008
101 41 1.00077
101 42 1.00073
101 43 1.00069
101 44 1.00065
101 45 1.00061
101 46 1.00056
101 47 1.0005
101 48 1.00045
101 49 1.00039
101 50 1.00032
101 51 1.00025
101 52 1.00018
101 53 1.00011
101 54 1.00004
101 55 0.999961
101 56 0.999883
101 57 0.999805
101 58 0.999727
101 59 0.999649
101 60 0.999572
101 61 0.999497
101 62 0.999423
101 63 0.999352
101 64 0.999283
101 65 0.999218
101 66 0.999156
101 67 0.999098
101 68 0.999043
101 69 0.998993
101 70 0.998946
101 71 0.998905
101 72 0.998867
101 73 0.998834
101 74 0.998805
101 75 0.998781
101 76 0.998761
101 77 0.998746
101 78 0.998734
101 79 0.998727
101 80 0.998725
101 81 0.998726
101 82 0.998731
101 83 0.99874
101 84 0.998753
101 85 0.99877
101 86 0.99879
101 87 0.998813
101 88 0.99884
101 89 0.99887
101 90 0.998904
101 91 0.99894
101 92 0.998979
101 93 0.999021
101 94 0.999065
101 95 0.999112
101 96 0.999162
101 97 0.999213
101 98 0.999267
101 99 0.999322
101 100 0.99938
101 101 0.999439
101 102 0.9995
101 103 0.999562
101 104 0.999626
101 105 0.999691
101 106 0.999758
101 107 0.999826
101 108 0.999894
101 109 0.999964
101 110 1.00004
101 111 1.00011
101 112 1.00018
101 113 1.00025
101 114 1.00033
101 115 1.0004
101 116 1.00047
101 117 1.00054
101 118 1.00061
101 119 1.00067
101 120 1.00073
101 121 1.00078
101 122 1.00083
101 123 1.00086
101 124 1.00088
101 125 1.00089
101 126 1.00088
101 127 1.00085

102 0 0
102 1 1.00106
102 2 1.00106
102 3 1.00105
102 4 1.00105
102 5 1.00105
102 6 1.00105
102 7 1.00105
102 8 1.00105
102 9 1.00105
102 10 1.00104
102 11 1.00104
102 12 1.00104
102 13 1.00104
102 14 1.00104
102 15 1.00103
102 16 1.00103
102 17 1.00103
102 18 1.00102
102 19 1.00102
102 20 1.00102
102 21 1.00102
102 22 1.00101
102 23 1.00101
102 24 1.001
102 25 1.001
102 26 1.001
102 27 1.00099
102 28 1.00099
102 29 1.00098
102 30 1.00097
102 31 1.00096
102 32 1.00095
102 33 1.00094
102 34 1.00093
102 35 1.00092
102 36 1.0009
102 37 1.00088
102 38 1.00086
102 39 1.00084
102 40 1.00082
102 41 1.00079
102 42 1.00076
102 43 1.00072
102 44 1.00068
102 45 1.00064
102 46 1.0006
102 47 1.00055
102 48 1.0005
102 49 1.00044
102 50 1.00038
102 51 1.00032
102 52 1.00025
102 53 1.00018
102 54 1.00011
102 55 1.00004
102 56 0.999962
102 57 0.999887
102 58 0.99981
102 59 0.999734
102 60 0.999659
102 61 0.999584
102 62 0.999511
102 63 0.99944
102 64 0.999371
102 65 0.999305
102 66 0.999242
102 67 0.999183
102 68 0.999127
102 69 0.999075
102 70 0.999027
102 71 0.998983
102 72 0.998944
102 73 0.998909
102 74 0.998878
102 75 0.998852
102 76 0.99883
102 77 0.998813
102 78 0.9988
102 79 0.998792
102 80 0.998788
102 81 0.998788
102 82 0.998792
102 83 0.9988
102 84 0.998812
102 85 0.998828
102 86 0.998847
102 87 0.998871
102 88 0.998897
102 89 0.998928
102 90 0.998961
102 91 0.998998
102 92 0.999038
102 93 0.99908
102 94 0.999126
102 95 0.999174
102 96 0.999225
102 97 0.999278
102 98 0.999334
102 99 0.999392
102 100 0.999452
102 101 0.999514
102 102 0.999578
102 103 0.999645
102 104 0.999712
102 105 0.999782
102 106 0.999854
102 107 0.999927
102 108 1
102 109 1.00008
102 110 1.00016
102 111 1.00023
102 112 1.00031
102 113 1.00039
102 114 1.00047
102 115 1.00055
102 116 1.00063
102 117 1.00071
102 118 1.00079
102 119 1.00086
102 120 1.00092
102 121 1.00098
102 122 1.00103
102 123 1.00106
102 124 1.00109
102 125 1.00109
102 126 1.00108
102 127 1.00105

103 0 0
103 1 1.00105
103 2 1.00105
103 3 1.00105
103 4 1.00105
103 5 1.00105
103 6 1.00105
103 7 1.00105
103 8 1.00105
103 9 1.00104
103 10 1.00104
103 11 1.00104
103 12 1.00104
103 13 1.00104
103 14 1.00103
103 15 1.00103
103 16 1.00103
103 17 1.00103
103 18 1.00102
103 19 1.00102
103 20 1.00102
103 21 1.00101
103 22 1.00101
103 23 1.00101
103 24 1.001
103 25 1.001
103 26 1.001
103 27 1.00099
103 28 1.00099
103 29 1.00098
103 30 1.00097
103 31 1.00097
103 32 1.00096
103 33 1.00095
103 34 1.00094
103 35 1.00092
103 36 1.00091
103 37 1.00089
103 38 1.00088
103 39 1.00086
103 40 1.00083
103 41 1.00081
103 42 1.00078
103 43 1.00075
103 44 1.00071
103 45 1.00068
103 46 1.00064
103 47 1.00059
103 48 1.00054
103 49 1.00049
103 50 1.00043
103 51 1.00037
103 52 1.00031
103 53 1.00025
103 54 1.00018
103 55 1.00011
103 56 1.00004
103 57 0.999967
103 58 0.999893
103 59 0.999819
103 60 0.999746
103 61 0.999672
103 62 0.9996
103 63 0.99953
103 64 0.999461
103 65 0.999395
103 66 0.999331
103 67 0.999271
103 68 0.999214
103 69 0.99916
103 70 0.999111
103 71 0.999065
103 72 0.999024
103 73 0.998987
103 74 0.998955
103 75 0.998927
103 76 0.998903
103 77 0.998884
103 78 0.998869
103 79 0.998859
103 80 0.998854
103 81 0.998852
103 82 0.998855
103 83 0.998862
103 84 0.998873
103 85 0.998888
103 86 0.998907
103 87 0.99893
103 88 0.998956
103 89 0.998986
103 90 0.99902
103 91 0.999057
103 92 0.999098
103 93 0.999141
103 94 0.999188
103 95 0.999237
103 96 0.99929
103 97 0.999345
103 98 0.999403
103 99 0.999464
103 100 0.999527
103 101 0.999592
103 102 0.99966
103 103 0.99973
103 104 0.999803
103 105 0.999877
103 106 0.999954
103 107 1.00003
103 108 1.00011
103 109 1.0002
103 110 1.00028
103 111 1.00037
103 112 1.00046
103 113 1.00054
103 114 1.00063
103 115 1.00072
103 116 1.00081
103 117 1.0009
103 118 1.00098
103 119 1.00106
103 120 1.00113
103 121 1.00119
103 122 1.00124
103 123 1.00128
103 124 1.00131
103 125 1.00131
103 126 1.0013
103 127 1.00127

104 0 0
104 1 1.00105
104 2 1.00105
104 3 1.00105
104 4 1.00105
104 5 1.00105
104 6 1.00105
104 7 1.00105
104 8 1.00105
104 9 1.00104
104 10 1.00104
104 11 1.00104
104 12 1.00104
104 13 1.00104
104 14 1.00103
104 15 1.00103
104 16 1.00103
104 17 1.00103
104 18 1.00102
104 19 1.00102
104 20 1.00102
104 21 1.00101
104 22 1.00101
104 23 1.00101
104 24 1.001
104 25 1.001
104 26 1.001
104 27 1.00099
104 28 1.00099
104 29 1.00098
104 30 1.00097
104 31 1.00097
104 32 1.00096
104 33 1.00095
104 34 1.00094
104 35 1.00093
104 36 1.00092
104 37 1.0009
104 38 1.00089
104 39 1.00087
104 40 1.00085
104 41 1.00083
104 42 1.0008
104 43 1.00077
104 44 1.00074
104 45 1.00071
104 46 1.00067
104 47 1.00063
104 48 1.00058
104 49 1.00054
104 50 1.00048
104 51 1.00043
104 52 1.00037
104 53 1.00031
104 54 1.00025
104 55 1.00018
104 56 1.00011
104 57 1.00005
104 58 0.999975
104 59 0.999904
104 60 0.999832
104 61 0.99976
104 62 0.99969
104 63 0.99962
104 64 0.999552
104 65 0.999486
104 66 0.999422
104 67 0.999361
104 68 0.999303
104 69 0.999248
104 70 0.999198
104 71 0.999151
104 72 0.999108
104 73 0.999069
104 74 0.999035
104 75 0.999005
104 76 0.998979
104 77 0.998958
104 78 0.998942
104 79 0.99893
104 80 0.998922
104 81 0.998919
104 82 0.998921
104 83 0.998927
104 84 0.998936
104 85 0.998951
104 86 0.998969
104 87 0.998991
104 88 0.999017
104 89 0.999047
104 90 0.999081
104 91 0.999118
104 92 0.999159
104 93 0.999204
104 94 0.999251
104 95 0.999302
104 96 0.999357
104 97 0.999414
104 98 0.999474
104 99 0.999537
104 100 0.999604
104 101 0.999673
104 102 0.999744
104 103 0.999819
104 104 0.999897
104 105 0.999976
104 106 1.00006
104 107 1.00014
104 108 1.00023
104 109 1.00032
104 110 1.00041
104 111 1.00051
104 112 1.00061
104 113 1.0007
104 114 1.0008
104 115 1.0009
104 116 1.001
104 117 1.00109
104 118 1.00119
104 119 1.00127
104 120 1.00135
104 121 1.00142
104 122 1.00148
104 123 1.00152
104 124 1.00155
104 125 1.00156
104 126 1.00155
104 127 1.00151

105 0 0
105 1 1.00105
105 2 1.00105
105 3 1.00105
105 4 1.00105
105 5 1.00105
105 6 1.00105
105 7 1.00105
105 8 1.00104
105 9 1.00104
105 10 1.00104
105 11 1.00104
105 12 1.00104
105 13 1.00103
105 14 1.00103
105 15 1.00103
105 16 1.00103
105 17 1.00102
105 18 1.00102
105 19 1.00102
105 20 1.00102
105 21 1.00101
105 22 1.00101
105 23 1.00101
105 24 1.001
105 25 1.001
105 26 1.00099
105 27 1.00099
105 28 1.00099
105 29 1.00098
105 30 1.00097
105 31 1.00097
105 32 1.00096
105 33 1.00095
105 34 1.00094
105 35 1.00093
105 36 1.00092
105 37 1.00091
105 38 1.0009
105 39 1.00088
105 40 1.00086
105 41 1.00084
105 42 1.00082
105 43 1.00079
105 44 1.00076
105 45 1.00073
105 46 1.0007
105 47 1.00066
105 48 1.00062
105 49 1.00058
105 50 1.00053
105 51 1.00048
105 52 1.00043
105 53 1.00037
105 54 1.00031
105 55 1.00025
105 56 1.00019
105 57 1.00012
105 58 1.00005
105 59 0.999985
105 60 0.999916
105 61 0.999847
105 62 0.999778
105 63 0.99971
105 64 0.999643
105 65 0.999577
105 66 0.999514
105 67 0.999453
105 68 0.999394
105 69 0.999339
105 70 0.999287
105 71 0.999239
105 72 0.999195
105 73 0.999154
105 74 0.999118
105 75 0.999086
105 76 0.999059
105 77 0.999036
105 78 0.999018
105 79 0.999004
105 80 0.998995
105 81 0.99899
105 82 0.99899
105 83 0.998994
105 84 0.999003
105 85 0.999016
105 86 0.999033
105 87 0.999055
105 88 0.99908
105 89 0.99911
105 90 0.999144
105 91 0.999182
105 92 0.999223
105 93 0.999268
105 94 0.999317
105 95 0.999369
105 96 0.999425
105 97 0.999485
105 98 0.999548
105 99 0.999614
105 100 0.999683
105 101 0.999756
105 102 0.999832
105 103 0.999911
105 104 0.999994
105 105 1.00008
105 106 1.00017
105 107 1.00026
105 108 1.00036
105 109 1.00045
105 110 1.00056
105 111 1.00066
105 112 1.00076
105 113 1.00087
105 114 1.00098
105 115 1.00109
105 116 1.0012
105 117 1.00131
105 118 1.00141
105 119 1.0015
105 120 1.00159
105 121 1.00167
105 122 1.00173
105 123 1.00178
105 124 1.00181
105 125 1.00182
105 126 1.00181
105 127 1.00177

106 0 0
106 1 1.00105
106 2 1.00105
106 3 1.00105
106 4 1.00105
106 5 1.00105
106 6 1.00105
106 7 1.00104
106 8 1.00104
106 9 1.00104
106 10 1.00104
106 11 1.00104
106 12 1.00104
106 13 1.00103
106 14 1.00103
106 15 1.00103
106 16 1.00103
106 17 1.00102
106 18 1.00102
106 19 1.00102
106 20 1.00101
106 21 1.00101
106 22 1.00101
106 23 1.001
106 24 1.001
106 25 1.001
106 26 1.00099
106 27 1.00099
106 28 1.00098
106 29 1.00098
106 30 1.00097
106 31 1.00097
106 32 1.00096
106 33 1.00095
106 34 1.00095
106 35 1.00094
106 36 1.00093
106 37 1.00091
106 38 1.0009
106 39 1.00089
106 40 1.00087
106 41 1.00085
106 42 1.00083
106 43 1.00081
106 44 1.00078
106 45 1.00076
106 46 1.00073
106 47 1.00069
106 48 1.00066
106 49 1.00062
106 50 1.00057
106 51 1.00053
106 52 1.00048
106 53 1.00043
106 54 1.00037
106 55 1.00031
106 56 1.00025
106 57 1.00019
106 58 1.00013
106 59 1.00006
106 60 0.999998
106 61 0.999932
106 62 0.999865
106 63 0.999799
106 64 0.999733
106 65 0.999669
106 66 0.999606
106 67 0.999545
106 68 0.999487
106 69 0.999431
106 70 0.999379
106 71 0.99933
106 72 0.999284
106 73 0.999242
106 74 0.999204
106 75 0.999171
106 76 0.999142
106 77 0.999117
106 78 0.999097
106 79 0.999081
106 80 0.99907
106 81 0.999064
106 82 0.999062
106 83 0.999065
106 84 0.999072
106 85 0.999084
106 86 0.9991
106 87 0.999121
106 88 0.999146
106 89 0.999176
106 90 0.999209
106 91 0.999247
106 92 0.999289
106 93 0.999335
106 94 0.999385
106 95 0.999439
106 96 0.999496
106 97 0.999558
106 98 0.999623
106 99 0.999692
106 100 0.999765
106 101 0.999842
106 102 0.999923
106 103 1.00001
106 104 1.00009
106 105 1.00019
106 106 1.00028
106 107 1.00038
106 108 1.00049
106 109 1.00059
106 110 1.0007
106 111 1.00082
106 112 1.00094
106 113 1.00105
106 114 1.00117
106 115 1.00129
106 116 1.00142
106 117 1.00153
106 118 1.00165
106 119 1.00176
106 120 1.00185
106 121 1.00194
106 122 1.00201
106 123 1.00207
106 124 1.0021
106 125 1.00211
106 126 1.00209
106 127 1.00205

107 0 0
107 1 1.00105
107 2 1.00105
107 3 1.00105
107 4 1.00105
107 5 1.00105
107 6 1.00104
107 7 1.00104
107 8 1.00104
107 9 1.00104
107 10 1.00104
107 11 1.00104
107 12 1.00103
107 13 1.00103
107 14 1.00103
107 15 1.00103
107 16 1.00103
107 17 1.00102
107 18 1.00102
107 19 1.00102
107 20 1.00101
107 21 1.00101
107 22 1.00101
107 23 1.001
107 24 1.001
107 25 1.001
107 26 1.00099
107 27 1.00099
107 28 1.00098
107 29 1.00098
107 30 1.00097
107 31 1.00097
107 32 1.00096
107 33 1.00095
107 34 1.00095
107 35 1.00094
107 36 1.00093
107 37 1.00092
107 38 1.00091
107 39 1.00089
107 40 1.00088
107 41 1.00086
107 42 1.00084
107 43 1.00082
107 44 1.0008
107 45 1.00078
107 46 1.00075
107 47 1.00072
107 48 1.00068
107 49 1.00065
107 50 1.00061
107 51 1.00057
107 52 1.00052
107 53 1.00048
107 54 1.00043
107 55 1.00037
107 56 1.00032
107 57 1.00026
107 58 1.0002
107 59 1.00014
107 60 1.00008
107 61 1.00001
107 62 0.99995
107 63 0.999886
107 64 0.999822
107 65 0.999759
107 66 0.999698
107 67 0.999638
107 68 0.99958
107 69 0.999524
107 70 0.999472
107 71 0.999422
107 72 0.999375
107 73 0.999332
107 74 0.999293
107 75 0.999258
107 76 0.999228
107 77 0.999201
107 78 0.999179
107 79 0.999162
107 80 0.999149
107 81 0.999141
107 82 0.999137
107 83 0.999138
107 84 0.999144
107 85 0.999155
107 86 0.99917
107 87 0.99919
107 88 0.999215
107 89 0.999243
107 90 0.999277
107 91 0.999315
107 92 0.999357
107 93 0.999404
107 94 0.999455
107 95 0.99951
107 96 0.999569
107 97 0.999633
107 98 0.999701
107 99 0.999773
107 100 0.99985
107 101 0.999931
107 102 1.00002
107 103 1.00011
107 104 1.0002
107 105 1.0003
107 106 1.0004
107 107 1.00051
107 108 1.00062
107 109 1.00074
107 110 1.00086
107 111 1.00099
107 112 1.00112
107 113 1.00124
107 114 1.00138
107 115 1.00152
107 116 1.00165
107 117 1.00178
107 118 1.00191
107 119 1.00203
107 120 1.00214
107 121 1.00223
107 122 1.00231
107 123 1.00237
107 124 1.00241
107 125 1.00242
107 126 1.00241
107 127 1.00236

108 0 0
108 1 1.00104
108 2 1.00104
108 3 1.00104
108 4 1.00104
108 5 1.00104
108 6 1.00104
108 7 1.00104
108 8 1.00104
108 9 1.00104
108 10 1.00104
108 11 1.00104
108 12 1.00103
108 13 1.00103
108 14 1.00103
108 15 1.00103
108 16 1.00102
108 17 1.00102
108 18 1.00102
108 19 1.00102
108 20 1.00101
108 21 1.00101
108 22 1.00101
108 23 1.001
108 24 1.001
108 25 1.00099
108 26 1.00099
108 27 1.00099
108 28 1.00098
108 29 1.00098
108 30 1.00097
108 31 1.00097
108 32 1.00096
108 33 1.00095
108 34 1.00095
108 35 1.00094
108 36 1.00093
108 37 1.00092
108 38 1.00091
108 39 1.0009
108 40 1.00088
108 41 1.00087
108 42 1.00085
108 43 1.00083
108 44 1.00081
108 45 1.00079
108 46 1.00077
108 47 1.00074
108 48 1.00071
108 49 1.00068
108 50 1.00064
108 51 1.0006
108 52 1.00056
108 53 1.00052
108 54 1.00047
108 55 1.00043
108 56 1.00037
108 57 1.00032
108 58 1.00027
108 59 1.00021
108 60 1.00015
108 61 1.00009
108 62 1.00003
108 63 0.999969
108 64 0.999908
108 65 0.999847
108 66 0.999788
108 67 0.999729
108 68 0.999672
108 69 0.999617
108 70 0.999565
108 71 0.999515
108 72 0.999468
108 73 0.999424
108 74 0.999384
108 75 0.999348
108 76 0.999316
108 77 0.999288
108 78 0.999264
108 79 0.999245
108 80 0.999231
108 81 0.999221
108 82 0.999216
108 83 0.999215
108 84 0.99922
108 85 0.999229
108 86 0.999243
108 87 0.999262
108 88 0.999286
108 89 0.999314
108 90 0.999347
108 91 0.999385
108 92 0.999428
108 93 0.999475
108 94 0.999527
108 95 0.999584
108 96 0.999645
108 97 0.999711
108 98 0.999782
108 99 0.999857
108 100 0.999938
108 101 1.00002
108 102 1.00011
108 103 1.00021
108 104 1.00031
108 105 1.00041
108 106 1.00053
108 107 1.00064
108 108 1.00077
108 109 1.00089
108 110 1.00103
108 111 1.00116
108 112 1.0013
108 113 1.00145
108 114 1.0016
108 115 1.00175
108 116 1.00189
108 117 1.00205
108 118 1.00219
108 119 1.00232
108 120 1.00244
108 121 1.00255
108 122 1.00264
108 123 1.00271
108 124 1.00275
108 125 1.00276
108 126 1.00275
108 127 1.00269

109 0 0
109 1 1.00104
109 2 1.00104
109 3 1.00104
109 4 1.00104
109 5 1.00104
109 6 1.00104
109 7 1.00104
109 8 1.00104
109 9 1.00104
109 10 1.00104
109 11 1.00104
109 12 1.00103
109 13 1.00103
109 14 1.00103
109 15 1.00103
109 16 1.00102
109 17 1.00102
109 18 1.00102
109 19 1.00101
109 20 1.00101
109 21 1.00101
109 22 1.001
109 23 1.001
109 24 1.001
109 25 1.00099
109 26 1.00099
109 27 1.00098
109 28 1.00098
109 29 1.00098
109 30 1.00097
109 31 1.00097
109 32 1.00096
109 33 1.00095
109 34 1.00095
109 35 1.00094
109 36 1.00093
109 37 1.00092
109 38 1.00091
109 39 1.0009
109 40 1.00089
109 41 1.00087
109 42 1.00086
109 43 1.00084
109 44 1.00082
109 45 1.0008
109 46 1.00078
109 47 1.00076
109 48 1.00073
109 49 1.0007
109 50 1.00067
109 51 1.00064
109 52 1.0006
109 53 1.00056
109 54 1.00052
109 55 1.00047
109 56 1.00043
109 57 1.00038
109 58 1.00033
109 59 1.00027
109 60 1.00022
109 61 1.00016
109 62 1.00011
109 63 1.00005
109 64 0.999989
109 65 0.999932
109 66 0.999874
109 67 0.999817
109 68 0.999762
109 69 0.999708
109 70 0.999656
109 71 0.999607
109 72 0.99956
109 73 0.999516
109 74 0.999476
109 75 0.999439
109 76 0.999406
109 77 0.999377
109 78 0.999352
109 79 0.999331
109 80 0.999315
109 81 0.999304
109 82 0.999297
109 83 0.999295
109 84 0.999298
109 85 0.999306
109 86 0.999319
109 87 0.999337
109 88 0.99936
109 89 0.999387
109 90 0.99942
109 91 0.999458
109 92 0.999501
109 93 0.999549
109 94 0.999602
109 95 0.99966
109 96 0.999723
109 97 0.999791
109 98 0.999865
109 99 0.999944
109 100 1.00003
109 101 1.00012
109 102 1.00021
109 103 1.00031
109 104 1.00042
109 105 1.00054
109 106 1.00066
109 107 1.00078
109 108 1.00091
109 109 1.00105
109 110 1.0012
109 111 1.00135
109 112 1.0015
109 113 1.00167
109 114 1.00183
109 115 1.00199
109 116 1.00217
109 117 1.00233
109 118 1.00248
109 119 1.00264
109 120 1.00278
109 121 1.0029
109 122 1.003
109 123 1.00308
109 124 1.00312
109 125 1.00313
109 126 1.00312
109 127 1.00306

110 0 0
110 1 1.00104
110 2 1.00104
110 3 1.00104
110 4 1.00104
110 5 1.00104
110 6 1.00104
110 7 1.00104
110 8 1.00104
110 9 1.00104
110 10 1.00104
110 11 1.00103
110 12 1.00103
110 13 1.00103
110 14 1.00103
110 15 1.00103
110 16 1.00102
110 17 1.00102
110 18 1.00102
110 19 1.00101
110 20 1.00101
110 21 1.00101
110 22 1.001
110 23 1.001
110 24 1.001
110 25 1.00099
110 26 1.00099
110 27 1.00098
110 28 1.00098
110 29 1.00097
110 30 1.00097
110 31 1.00096
110 32 1.00096
110 33 1.00095
110 34 1.00094
110 35 1.00094
110 36 1.00093
110 37 1.00092
110 38 1.00091
110 39 1.0009
110 40 1.00089
110 41 1.00088
110 42 1.00086
110 43 1.00085
110 44 1.00083
110 45 1.00081
110 46 1.00079
110 47 1.00077
110 48 1.00075
110 49 1.00072
110 50 1.00069
110 51 1.00066
110 52 1.00063
110 53 1.00059
110 54 1.00055
110 55 1.00051
110 56 1.00047
110 57 1.00043
110 58 1.00038
110 59 1.00033
110 60 1.00028
110 61 1.00023
110 62 1.00017
110 63 1.00012
110 64 1.00007
110 65 1.00001
110 66 0.999956
110 67 0.999902
110 68 0.999848
110 69 0.999796
110 70 0.999746
110 71 0.999697
110 72 0.999651
110 73 0.999608
110 74 0.999567
110 75 0.99953
110 76 0.999496
110 77 0.999466
110 78 0.99944
110 79 0.999419
110 80 0.999401
110 81 0.999389
110 82 0.999381
110 83 0.999377
110 84 0.999379
110 85 0.999386
110 86 0.999397
110 87 0.999414
110 88 0.999436
110 89 0.999463
110 90 0.999496
110 91 0.999534
110 92 0.999577
110 93 0.999625
110 94 0.999679
110 95 0.999738
110 96 0.999803
110 97 0.999874
110 98 0.999951
110 99 1.00003
110 100 1.00012
110 101 1.00022
110 102 1.00032
110 103 1.00042
110 104 1.00054
110 105 1.00066
110 106 1.00079
110 107 1.00092
110 108 1.00107
110 109 1.00122
110 110 1.00138
110 111 1.00154
110 112 1.00172
110 113 1.00189
110 114 1.00207
110 115 1.00226
110 116 1.00246
110 117 1.00263
110 118 1.00281
110 119 1.00299
110 120 1.00314
110 121 1.00327
110 122 1.00339
110 123 1.00348
110 124 1.00353
110 125 1.00354
110 126 1.00352
110 127 1.00346

111 0 0
111 1 1.00104
111 2 1.00104
111 3 1.00104
111 4 1.00104
111 5 1.00104
111 6 1.00104
111 7 1.00104
111 8 1.00104
111 9 1.00104
111 10 1.00104
111 11 1.00103
111 12 1.00103
111 13 1.00103
111 14 1.00103
111 15 1.00103
111 16 1.00102
111 17 1.00102
111 18 1.00102
111 19 1.00101
111 20 1.00101
111 21 1.00101
111 22 1.001
111 23 1.001
111 24 1.00099
111 25 1.00099
111 26 1.00099
111 27 1.00098
111 28 1.00098
111 29 1.00097
111 30 1.00097
111 31 1.00096
111 32 1.00096
111 33 1.00095
111 34 1.00094
111 35 1.00094
111 36 1.00093
111 37 1.00092
111 38 1.00091
111 39 1.0009
111 40 1.00089
111 41 1.00088
111 42 1.00087
111 43 1.00085
111 44 1.00084
111 45 1.00082
111 46 1.0008
111 47 1.00078
111 48 1.00076
111 49 1.00073
111 50 1.00071
111 51 1.00068
111 52 1.00065
111 53 1.00062
111 54 1.00058
111 55 1.00055
111 56 1.00051
111 57 1.00047
111 58 1.00042
111 59 1.00038
111 60 1.00033
111 61 1.00029
111 62 1.00024
111 63 1.00019
111 64 1.00014
111 65 1.00008
111 66 1.00003
111 67 0.99998
111 68 0.99993
111 69 0.99988
111 70 0.999831
111 71 0.999784
111 72 0.999739
111 73 0.999696
111 74 0.999656
111 75 0.999619
111 76 0.999586
111 77 0.999555
111 78 0.999529
111 79 0.999506
111 80 0.999488
111 81 0.999475
111 82 0.999465
111 83 0.999461
111 84 0.999462
111 85 0.999467
111 86 0.999478
111 87 0.999494
111 88 0.999515
111 89 0.999542
111 90 0.999574
111 91 0.999612
111 92 0.999655
111 93 0.999704
111 94 0.999759
111 95 0.99982
111 96 0.999887
111 97 0.999959
111 98 1.00004
111 99 1.00012
111 100 1.00022
111 101 1.00032
111 102 1.00042
111 103 1.00054
111 104 1.00066
111 105 1.00079
111 106 1.00093
111 107 1.00108
111 108 1.00123
111 109 1.00139
111 110 1.00157
111 111 1.00175
111 112 1.00194
111 113 1.00213
111 114 1.00234
111 115 1.00255
111 116 1.00274
111 117 1.00295
111 118 1.00317
111 119 1.00335
111 120 1.00351
111 121 1.00369
111 122 1.00382
111 123 1.00391
111 124 1.00397
111 125 1.00399
111 126 1.00397
111 127 1.0039

112 0 0
112 1 1.00104
112 2 1.00104
112 3 1.00104
112 4 1.00104
112 5 1.00104
112 6 1.00104
112 7 1.00104
112 8 1.00104
112 9 1.00104
112 10 1.00104
112 11 1.00103
112 12 1.00103
112 13 1.00103
112 14 1.00103
112 15 1.00102
112 16 1.00102
112 17 1.00102
112 18 1.00102
112 19 1.00101
112 20 1.00101
112 21 1.00101
112 22 1.001
112 23 1.001
112 24 1.00099
112 25 1.00099
112 26 1.00098
112 27 1.00098
112 28 1.00098
112 29 1.00097
112 30 1.00097
112 31 1.00096
112 32 1.00095
112 33 1.00095
112 34 1.00094
112 35 1.00093
112 36 1.00093
112 37 1.00092
112 38 1.00091
112 39 1.0009
112 40 1.00089
112 41 1.00088
112 42 1.00087
112 43 1.00085
112 44 1.00084
112 45 1.00082
112 46 1.00081
112 47 1.00079
112 48 1.00077
112 49 1.00075
112 50 1.00072
112 51 1.0007
112 52 1.00067
112 53 1.00064
112 54 1.00061
112 55 1.00058
112 56 1.00054
112 57 1.0005
112 58 1.00046
112 59 1.00042
112 60 1.00038
112 61 1.00034
112 62 1.00029
112 63 1.00024
112 64 1.0002
112 65 1.00015
112 66 1.0001
112 67 1.00005
112 68 1
112 69 0.999957
112 70 0.999911
112 71 0.999866
112 72 0.999822
112 73 0.999781
112 74 0.999742
112 75 0.999706
112 76 0.999673
112 77 0.999643
112 78 0.999616
112 79 0.999593
112 80 0.999575
112 81 0.99956
112 82 0.999551
112 83 0.999545
112 84 0.999545
112 85 0.99955
112 86 0.99956
112 87 0.999575
112 88 0.999596
112 89 0.999622
112 90 0.999654
112 91 0.999692
112 92 0.999735
112 93 0.999785
112 94 0.999841
112 95 0.999903
112 96 0.999972
112 97 1.00005
112 98 1.00013
112 99 1.00022
112 100 1.00032
112 101 1.00042
112 102 1.00053
112 103 1.00065
112 104 1.00078
112 105 1.00092
112 106 1.00107
112 107 1.00123
112 108 1.00139
112 109 1.00157
112 110 1.00177
112 111 1.00196
112 112 1.00216
112 113 1.00239
112 114 1.00262
112 115 1.00283
112 116 1.00306
112 117 1.00332
112 118 1.00353
112 119 1.00373
112 120 1.00395
112 121 1.00414
112 122 1.00427
112 123 1.00438
112 124 1.00446
112 125 1.00448
112 126 1.00446
112 127 1.00438

113 0 0
113 1 1.00104
113 2 1.00104
113 3 1.00104
113 4 1.00104
113 5 1.00104
113 6 1.00104
113 7 1.00104
113 8 1.00104
113 9 1.00104
113 10 1.00104
113 11 1.00103
113 12 1.00103
113 13 1.00103
113 14 1.00103
113 15 1.00102
113 16 1.00102
113 17 1.00102
113 18 1.00102
113 19 1.00101
113 20 1.00101
113 21 1.001
113 22 1.001
113 23 1.001
113 24 1.00099
113 25 1.00099
113 26 1.00098
113 27 1.00098
113 28 1.00097
113 29 1.00097
113 30 1.00096
113 31 1.00096
113 32 1.00095
113 33 1.00094
113 34 1.00094
113 35 1.00093
113 36 1.00092
113 37 1.00092
113 38 1.00091
113 39 1.0009
113 40 1.00089
113 41 1.00088
113 42 1.00086
113 43 1.00085
113 44 1.00084
113 45 1.00082
113 46 1.00081
113 47 1.00079
113 48 1.00077
113 49 1.00075
113 50 1.00073
113 51 1.00071
113 52 1.00068
113 53 1.00066
113 54 1.00063
113 55 1.0006
113 56 1.00056
113 57 1.00053
113 58 1.00049
113 59 1.00046
113 60 1.00042
113 61 1.00038
113 62 1.00034
113 63 1.00029
113 64 1.00025
113 65 1.00021
113 66 1.00016
113 67 1.00012
113 68 1.00007
113 69 1.00003
113 70 0.999983
113 71 0.999941
113 72 0.9999
113 73 0.99986
113 74 0.999823
113 75 0.999788
113 76 0.999755
113 77 0.999726
113 78 0.9997
113 79 0.999678
113 80 0.999659
113 81 0.999645
113 82 0.999634
113 83 0.999629
113 84 0.999628
113 85 0.999633
113 86 0.999642
113 87 0.999657
113 88 0.999677
113 89 0.999703
113 90 0.999735
113 91 0.999773
113 92 0.999817
113 93 0.999867
113 94 0.999924
113 95 0.999988
113 96 1.00006
113 97 1.00014
113 98 1.00022
113 99 1.00031
113 100 1.00041
113 101 1.00052
113 102 1.00064
113 103 1.00077
113 104 1.00091
113 105 1.00106
113 106 1.00121
113 107 1.00138
113 108 1.00156
113 109 1.00176
113 110 1.00196
113 111 1.00217
113 112 1.00241
113 113 1.00265
113 114 1.00288
113 115 1.00314
113 116 1.00343
113 117 1.00368
113 118 1.0039
113 119 1.00418
113 120 1.00443
113 121 1.00459
113 122 1.00476
113 123 1.00493
113 124 1.005
113 125 1.00501
113 126 1.005
113 127 1.00491

114 0 0
114 1 1.00104
114 2 1.00104
114 3 1.00104
114 4 1.00104
114 5 1.00104
114 6 1.00104
114 7 1.00104
114 8 1.00104
114 9 1.00104
114 10 1.00104
114 11 1.00103
114 12 1.00103
114 13 1.00103
114 14 1.00103
114 15 1.00102
114 16 1.00102
114 17 1.00102
114 18 1.00101
114 19 1.00101
114 20 1.00101
114 21 1.001
114 22 1.001
114 23 1.001
114 24 1.00099
114 25 1.00099
114 26 1.00098
114 27 1.00098
114 28 1.00097
114 29 1.00097
114 30 1.00096
114 31 1.00095
114 32 1.00095
114 33 1.00094
114 34 1.00094
114 35 1.00093
114 36 1.00092
114 37 1.00091
114 38 1.0009
114 39 1.00089
114 40 1.00088
114 41 1.00087
114 42 1.00086
114 43 1.00085
114 44 1.00084
114 45 1.00082
114 46 1.00081
114 47 1.00079
114 48 1.00077
114 49 1.00076
114 50 1.00074
114 51 1.00071
114 52 1.00069
114 53 1.00067
114 54 1.00064
114 55 1.00061
114 56 1.00058
114 57 1.00055
114 58 1.00052
114 59 1.00048
114 60 1.00045
114 61 1.00041
114 62 1.00037
114 63 1.00033
114 64 1.00029
114 65 1.00025
114 66 1.00021
114 67 1.00017
114 68 1.00013
114 69 1.00009
114 70 1.00005
114 71 1.00001
114 72 0.999969
114 73 0.999931
114 74 0.999896
114 75 0.999863
114 76 0.999832
114 77 0.999804
114 78 0.999779
114 79 0.999757
114 80 0.999739
114 81 0.999725
114 82 0.999715
114 83 0.99971
114 84 0.999709
114 85 0.999713
114 86 0.999722
114 87 0.999737
114 88 0.999757
114 89 0.999783
114 90 0.999815
114 91 0.999854
114 92 0.999898
114 93 0.999949
114 94 1.00001
114 95 1.00007
114 96 1.00015
114 97 1.00023
114 98 1.00031
114 99 1.00041
114 100 1.00052
114 101 1.00063
114 102 1.00075
114 103 1.00089
114 104 1.00104
114 105 1.00119
114 106 1.00136
114 107 1.00154
114 108 1.00174
114 109 1.00194
114 110 1.00216
114 111 1.00241
114 112 1.00266
114 113 1.0029
114 114 1.00318
114 115 1.00349
114 116 1.00377
114 117 1.00402
114 118 1.00436
114 119 1.00467
114 120 1.00487
114 121 1.00511
114 122 1.00536
114 123 1.00549
114 124 1.00557
114 125 1.00563
114 126 1.0056
114 127 1.0055

115 0 0
115 1 1.00104
115 2 1.00104
115 3 1.00104
115 4 1.00104
115 5 1.00104
115 6 1.00104
115 7 1.00104
115 8 1.00104
115 9 1.00104
115 10 1.00103
115 11 1.00103
115 12 1.00103
115 13 1.00103
115 14 1.00103
115 15 1.00102
115 16 1.00102
115 17 1.00102
115 18 1.00101
115 19 1.00101
115 20 1.00101
115 21 1.001
115 22 1.001
115 23 1.00099
115 24 1.00099
115 25 1.00099
115 26 1.00098
115 27 1.00097
115 28 1.00097
115 29 1.00096
115 30 1.00096
115 31 1.00095
115 32 1.00095
115 33 1.00094
115 34 1.00093
115 35 1.00092
115 36 1.00092
115 37 1.00091
115 38 1.0009
115 39 1.00089
115 40 1.00088
115 41 1.00087
115 42 1.00086
115 43 1.00085
115 44 1.00083
115 45 1.00082
115 46 1.00081
115 47 1.00079
115 48 1.00077
115 49 1.00076
115 50 1.00074
115 51 1.00072
115 52 1.00069
115 53 1.00067
115 54 1.00065
115 55 1.00062
115 56 1.00059
115 57 1.00057
115 58 1.00054
115 59 1.0005
115 60 1.00047
115 61 1.00044
115 62 1.0004
115 63 1.00037
115 64 1.00033
115 65 1.00029
115 66 1.00025
115 67 1.00022
115 68 1.00018
115 69 1.00014
115 70 1.0001
115 71 1.00006
115 72 1.00003
115 73 0.999994
115 74 0.999961
115 75 0.99993
115 76 0.999901
115 77 0.999874
115 78 0.999851
115 79 0.99983
115 80 0.999813
115 81 0.9998
115 82 0.999791
115 83 0.999786
115 84 0.999785
115 85 0.99979
115 86 0.9998
115 87 0.999815
115 88 0.999835
115 89 0.999861
115 90 0.999894
115 91 0.999933
115 92 0.999978
115 93 1.00003
115 94 1.00009
115 95 1.00016
115 96 1.00023
115 97 1.00031
115 98 1.00041
115 99 1.00051
115 100 1.00062
115 101 1.00074
115 102 1.00087
115 103 1.00101
115 104 1.00116
115 105 1.00133
115 106 1.00151
115 107 1.0017
115 108 1.0019
115 109 1.00213
115 110 1.00238
115 111 1.00263
115 112 1.00288
115 113 1.00318
115 114 1.00351
115 115 1.00381
115 116 1.00409
115 117 1.00447
115 118 1.00485
115 119 1.00508
115 120 1.00537
115 121 1.00576
115 122 1.00596
115 123 1.00607
115 124 1.00623
115 125 1.00632
115 126 1.00627
115 127 1.00613

116 0 0
116 1 1.00104
116 2 1.00104
116 3 1.00104
116 4 1.00104
116 5 1.00104
116 6 1.00104
116 7 1.00104
116 8 1.00104
116 9 1.00104
116 10 1.00103
116 11 1.00103
116 12 1.00103
116 13 1.00103
116 14 1.00103
116 15 1.00102
116 16 1.00102
116 17 1.00102
116 18 1.00101
116 19 1.00101
116 20 1.00101
116 21 1.001
116 22 1.001
116 23 1.00099
116 24 1.00099
116 25 1.00098
116 26 1.00098
116 27 1.00097
116 28 1.00097
116 29 1.00096
116 30 1.00096
116 31 1.00095
116 32 1.00094
116 33 1.00094
116 34 1.00093
116 35 1.00092
116 36 1.00091
116 37 1.0009
116 38 1.0009
116 39 1.00089
116 40 1.00088
116 41 1.00087
116 42 1.00085
116 43 1.00084
116 44 1.00083
116 45 1.00082
116 46 1.0008
116 47 1.00079
116 48 1.00077
116 49 1.00075
116 50 1.00073
116 51 1.00072
116 52 1.00069
116 53 1.00067
116 54 1.00065
116 55 1.00063
116 56 1.0006
116 57 1.00057
116 58 1.00055
116 59 1.00052
116 60 1.00049
116 61 1.00046
116 62 1.00042
116 63 1.00039
116 64 1.00036
116 65 1.00032
116 66 1.00029
116 67 1.00025
116 68 1.00022
116 69 1.00018
116 70 1.00015
116 71 1.00011
116 72 1.00008
116 73 1.00005
116 74 1.00002
116 75 0.999987
116 76 0.99996
116 77 0.999935
116 78 0.999913
116 79 0.999895
116 80 0.999879
116 81 0.999867
116 82 0.999859
116 83 0.999855
116 84 0.999856
116 85 0.999861
116 86 0.999871
116 87 0.999887
116 88 0.999908
116 89 0.999935
116 90 0.999968
116 91 1.00001
116 92 1.00005
116 93 1.00011
116 94 1.00017
116 95 1.00024
116 96 1.00032
116 97 1.0004
116 98 1.0005
116 99 1.0006
116 100 1.00071
116 101 1.00084
116 102 1.00098
116 103 1.00112
116 104 1.00129
116 105 1.00146
116 106 1.00165
116 107 1.00185
116 108 1.00208
116 109 1.00232
116 110 1.00258
116 111 1.00284
116 112 1.00315
116 113 1.00348
116 114 1.00379
116 115 1.00411
116 116 1.00453
116 117 1.00493
116 118 1.00521
116 119 1.00558
116 120 1.00608
116 121 1.00633
116 122 1.00649
116 123 1.00685
116 124 1.00703
116 125 1.007
116 126 1.007
116 127 1.00686

117 0 0
117 1 1.00104
117 2 1.00104
117 3 1.00104
117 4 1.00104
117 5 1.00104
117 6 1.00104
117 7 1.00104
117 8 1.00104
117 9 1.00104
117 10 1.00104
117 11 1.00103
117 12 1.00103
117 13 1.00103
117 14 1.00103
117 15 1.00102
117 16 1.00102
117 17 1.00102
117 18 1.00101
117 19 1.00101
117 20 1.00101
117 21 1.001
117 22 1.001
117 23 1.00099
117 24 1.00099
117 25 1.00098
117 26 1.00098
117 27 1.00097
117 28 1.00097
117 29 1.00096
117 30 1.00095
117 31 1.00095
117 32 1.00094
117 33 1.00093
117 34 1.00093
117 35 1.00092
117 36 1.00091
117 37 1.0009
117 38 1.00089
117 39 1.00088
117 40 1.00087
117 41 1.00086
117 42 1.00085
117 43 1.00084
117 44 1.00082
117 45 1.00081
117 46 1.0008
117 47 1.00078
117 48 1.00077
117 49 1.00075
117 50 1.00073
117 51 1.00071
117 52 1.00069
117 53 1.00067
117 54 1.00065
117 55 1.00063
117 56 1.0006
117 57 1.00058
117 58 1.00055
117 59 1.00052
117 60 1.0005
117 61 1.00047
117 62 1.00044
117 63 1.00041
117 64 1.00037
117 65 1.00034
117 66 1.00031
117 67 1.00028
117 68 1.00024
117 69 1.00021
117 70 1.00018
117 71 1.00015
117 72 1.00012
117 73 1.00009
117 74 1.00006
117 75 1.00003
117 76 1.00001
117 77 0.999986
117 78 0.999966
117 79 0.999949
117 80 0.999935
117 81 0.999925
117 82 0.999918
117 83 0.999915
117 84 0.999917
117 85 0.999923
117 86 0.999935
117 87 0.999951
117 88 0.999974
117 89 1
117 90 1.00004
117 91 1.00008
117 92 1.00013
117 93 1.00018
117 94 1.00024
117 95 1.00031
117 96 1.00039
117 97 1.00048
117 98 1.00058
117 99 1.00069
117 100 1.00081
117 101 1.00094
117 102 1.00108
117 103 1.00124
117 104 1.00141
117 105 1.00159
117 106 1.00179
117 107 1.00201
117 108 1.00225
117 109 1.0025
117 110 1.00277
117 111 1.00308
117 112 1.00341
117 113 1.00373
117 114 1.00407
117 115 1.00451
117 116 1.00495
117 117 1.00526
117 118 1.00567
117 119 1.00627
117 120 1.00665
117 121 1.00683
117 122 1.00732
117 123 1.00772
117 124 1.00777
117 125 1.0078
117 126 1.00783
117 127 1.00776

118 0 0
118 1 1.00104
118 2 1.00104
118 3 1.00104
118 4 1.00104
118 5 1.00104
118 6 1.00104
118 7 1.00104
118 8 1.00104
118 9 1.00104
118 10 1.00104
118 11 1.00103
118 12 1.00103
118 13 1.00103
118 14 1.00103
118 15 1.00102
118 16 1.00102
118 17 1.00102
118 18 1.00101
118 19 1.00101
118 20 1.00101
118 21 1.001
118 22 1.001
118 23 1.00099
118 24 1.00099
118 25 1.00098
118 26 1.00098
118 27 1.00097
118 28 1.00096
118 29 1.00096
118 30 1.00095
118 31 1.00094
118 32 1.00094
118 33 1.00093
118 34 1.00092
118 35 1.00091
118 36 1.00091
118 37 1.0009
118 38 1.00089
118 39 1.00088
118 40 1.00087
118 41 1.00086
118 42 1.00084
118 43 1.00083
118 44 1.00082
118 45 1.0008
118 46 1.00079
118 47 1.00078
118 48 1.00076
118 49 1.00074
118 50 1.00072
118 51 1.00071
118 52 1.00069
118 53 1.00067
118 54 1.00065
118 55 1.00062
118 56 1.0006
118 57 1.00058
118 58 1.00055
118 59 1.00052
118 60 1.0005
118 61 1.00047
118 62 1.00044
118 63 1.00041
118 64 1.00038
118 65 1.00035
118 66 1.00032
118 67 1.00029
118 68 1.00026
118 69 1.00023
118 70 1.0002
118 71 1.00017
118 72 1.00014
118 73 1.00012
118 74 1.00009
118 75 1.00007
118 76 1.00004
118 77 1.00002
118 78 1.00001
118 79 0.999992
118 80 0.99998
118 81 0.999971
118 82 0.999966
118 83 0.999965
118 84 0.999968
118 85 0.999976
118 86 0.999988
118 87 1.00001
118 88 1.00003
118 89 1.00006
118 90 1.0001
118 91 1.00014
118 92 1.00019
118 93 1.00024
118 94 1.00031
118 95 1.00038
118 96 1.00046
118 97 1.00056
118 98 1.00066
118 99 1.00077
118 100 1.00089
118 101 1.00103
118 102 1.00118
118 103 1.00134
118 104 1.00152
118 105 1.00171
118 106 1.00192
118 107 1.00216
118 108 1.0024
118 109 1.00267
118 110 1.00298
118 111 1.0033
118 112 1.00361
118 113 1.00398
118 114 1.00444
118 115 1.00486
118 116 1.00521
118 117 1.00571
118 118 1.00638
118 119 1.00676
118 120 1.00699
118 121 1.00774
118 122 1.00839
118 123 1.00828
118 124 1.00854
118 125 1.009
118 126 1.00886
118 127 1.00853

119 0 0
119 1 1.00104
119 2 1.00104
119 3 1.00104
119 4 1.00104
119 5 1.00104
119 6 1.00104
119 7 1.00104
119 8 1.00104
119 9 1.00104
119 10 1.00104
119 11 1.00103
119 12 1.00103
119 13 1.00103
119 14 1.00103
119 15 1.00102
119 16 1.00102
119 17 1.00102
119 18 1.00101
119 19 1.00101
119 20 1.00101
119 21 1.001
119 22 1.001
119 23 1.00099
119 24 1.00099
119 25 1.00098
119 26 1.00098
119 27 1.00097
119 28 1.00096
119 29 1.00096
119 30 1.00095
119 31 1.00094
119 32 1.00093
119 33 1.00093
119 34 1.00092
119 35 1.00091
119 36 1.0009
119 37 1.00089
119 38 1.00088
119 39 1.00087
119 40 1.00086
119 41 1.00085
119 42 1.00084
119 43 1.00082
119 44 1.00081
119 45 1.0008
119 46 1.00078
119 47 1.00077
119 48 1.00075
119 49 1.00074
119 50 1.00072
119 51 1.0007
119 52 1.00068
119 53 1.00066
119 54 1.00064
119 55 1.00062
119 56 1.00059
119 57 1.00057
119 58 1.00055
119 59 1.00052
119 60 1.0005
119 61 1.00047
119 62 1.00044
119 63 1.00041
119 64 1.00039
119 65 1.00036
119 66 1.00033
119 67 1.0003
119 68 1.00027
119 69 1.00024
119 70 1.00022
119 71 1.00019
119 72 1.00016
119 73 1.00014
119 74 1.00011
119 75 1.00009
119 76 1.00007
119 77 1.00005
119 78 1.00004
119 79 1.00002
119 80 1.00001
119 81 1
119 82 1
119 83 1
119 84 1.00001
119 85 1.00002
119 86 1.00003
119 87 1.00005
119 88 1.00007
119 89 1.00011
119 90 1.00014
119 91 1.00019
119 92 1.00024
119 93 1.0003
119 94 1.00036
119 95 1.00044
119 96 1.00052
119 97 1.00062
119 98 1.00072
119 99 1.00084
119 100 1.00097
119 101 1.00111
119 102 1.00126
119 103 1.00143
119 104 1.00162
119 105 1.00182
119 106 1.00204
119 107 1.00228
119 108 1.00254
119 109 1.00284
119 110 1.00315
119 111 1.00347
119 112 1.00385
119 113 1.00428
119 114 1.0047
119 115 1.0051
119 116 1.00564
119 117 1.0063
119 118 1.00676
119 119 1.00713
119 120 1.00792
119 121 1.00874
119 122 1.00882
119 123 1.00919
119 124 1.00995
119 125 1.00999
119 126 1.00993
119 127 1.00952

120 0 0
120 1 1.00104
120 2 1.00104
120 3 1.00104
120 4 1.00104
120 5 1.00104
120 6 1.00104
120 7 1.00104
120 8 1.00104
120 9 1.00104
120 10 1.00104
120 11 1.00103
120 12 1.00103
120 13 1.00103
120 14 1.00103
120 15 1.00102
120 16 1.00102
120 17 1.00102
120 18 1.00101
120 19 1.00101
120 20 1.00101
120 21 1.001
120 22 1.001
120 23 1.00099
120 24 1.00099
120 25 1.00098
120 26 1.00097
120 27 1.00097
120 28 1.00096
120 29 1.00095
120 30 1.00095
120 31 1.00094
120 32 1.00093
120 33 1.00092
120 34 1.00092
120 35 1.00091
120 36 1.0009
120 37 1.00089
120 38 1.00088
120 39 1.00087
120 40 1.00086
120 41 1.00084
120 42 1.00083
120 43 1.00082
120 44 1.0008
120 45 1.00079
120 46 1.00078
120 47 1.00076
120 48 1.00074
120 49 1.00073
120 50 1.00071
120 51 1.00069
120 52 1.00067
120 53 1.00065
120 54 1.00063
120 55 1.00061
120 56 1.00059
120 57 1.00056
120 58 1.00054
120 59 1.00051
120 60 1.00049
120 61 1.00046
120 62 1.00044
120 63 1.00041
120 64 1.00038
120 65 1.00035
120 66 1.00033
120 67 1.0003
120 68 1.00027
120 69 1.00025
120 70 1.00022
120 71 1.00019
120 72 1.00017
120 73 1.00014
120 74 1.00012
120 75 1.0001
120 76 1.00008
120 77 1.00007
120 78 1.00005
120 79 1.00004
120 80 1.00003
120 81 1.00003
120 82 1.00002
120 83 1.00003
120 84 1.00003
120 85 1.00004
120 86 1.00006
120 87 1.00008
120 88 1.00011
120 89 1.00014
120 90 1.00018
120 91 1.00022
120 92 1.00028
120 93 1.00034
120 94 1.00041
120 95 1.00048
120 96 1.00057
120 97 1.00067
120 98 1.00078
120 99 1.0009
120 100 1.00103
120 101 1.00117
120 102 1.00133
120 103 1.00151
120 104 1.0017
120 105 1.00191
120 106 1.00214
120 107 1.00239
120 108 1.00267
120 109 1.00297
120 110 1.00329
120 111 1.00366
120 112 1.00408
120 113 1.00447
120 114 1.00489
120 115 1.00548
120 116 1.00612
120 117 1.00655
120 118 1.00702
120 119 1.00803
120 120 1.00897
120 121 1.00896
120 122 1.00937
120 123 1.01116
120 124 1.01138
120 125 1.01055
120 126 1.01108
120 127 1.01141

121 0 0
121 1 1.00104
121 2 1.00104
121 3 1.00104
121 4 1.00104
121 5 1.00104
121 6 1.00104
121 7 1.00104
121 8 1.00104
121 9 1.00104
121 10 1.00104
121 11 1.00104
121 12 1.00103
121 13 1.00103
121 14 1.00103
121 15 1.00103
121 16 1.00102
121 17 1.00102
121 18 1.00101
121 19 1.00101
121 20 1.00101
121 21 1.001
121 22 1.001
121 23 1.00099
121 24 1.00099
121 25 1.00098
121 26 1.00097
121 27 1.00097
121 28 1.00096
121 29 1.00095
121 30 1.00095
121 31 1.00094
121 32 1.00093
121 33 1.00092
121 34 1.00091
121 35 1.0009
121 36 1.00089
121 37 1.00088
121 38 1.00087
121 39 1.00086
121 40 1.00085
121 41 1.00084
121 42 1.00083
121 43 1.00081
121 44 1.0008
121 45 1.00078
121 46 1.00077
121 47 1.00075
121 48 1.00074
121 49 1.00072
121 50 1.0007
121 51 1.00068
121 52 1.00066
121 53 1.00064
121 54 1.00062
121 55 1.0006
121 56 1.00058
121 57 1.00055
121 58 1.00053
121 59 1.0005
121 60 1.00048
121 61 1.00045
121 62 1.00043
121 63 1.0004
121 64 1.00037
121 65 1.00035
121 66 1.00032
121 67 1.00029
121 68 1.00027
121 69 1.00024
121 70 1.00021
121 71 1.00019
121 72 1.00017
121 73 1.00014
121 74 1.00012
121 75 1.0001
121 76 1.00009
121 77 1.00007
121 78 1.00006
121 79 1.00005
121 80 1.00004
121 81 1.00004
121 82 1.00004
121 83 1.00004
121 84 1.00005
121 85 1.00006
121 86 1.00008
121 87 1.0001
121 88 1.00013
121 89 1.00016
121 90 1.0002
121 91 1.00025
121 92 1.0003
121 93 1.00036
121 94 1.00043
121 95 1.00051
121 96 1.0006
121 97 1.0007
121 98 1.00081
121 99 1.00094
121 100 1.00107
121 101 1.00122
121 102 1.00139
121 103 1.00157
121 104 1.00176
121 105 1.00198
121 106 1.00222
121 107 1.00248
121 108 1.00276
121 109 1.00307
121 110 1.00343
121 111 1.00381
121 112 1.00419
121 113 1.00465
121 114 1.0052
121 115 1.00575
121 116 1.00624
121 117 1.0069
121 118 1.00786
121 119 1.0086
121 120 1.00898
121 121 1.00995
121 122 1.01163
121 123 1.0118
121 124 1.01139
121 125 1.01314
121 126 1.01302
121 127 1.01251

122 0 0
122 1 1.00104
122 2 1.00104
122 3 1.00104
122 4 1.00104
122 5 1.00104
122 6 1.00104
122 7 1.00104
122 8 1.00104
122 9 1.00104
122 10 1.00104
122 11 1.00104
122 12 1.00103
122 13 1.00103
122 14 1.00103
122 15 1.00103
122 16 1.00102
122 17 1.00102
122 18 1.00101
122 19 1.00101
122 20 1.00101
122 21 1.001
122 22 1.001
122 23 1.00099
122 24 1.00098
122 25 1.00098
122 26 1.00097
122 27 1.00097
122 28 1.00096
122 29 1.00095
122 30 1.00094
122 31 1.00094
122 32 1.00093
122 33 1.00092
122 34 1.00091
122 35 1.0009
122 36 1.00089
122 37 1.00088
122 38 1.00087
122 39 1.00086
122 40 1.00085
122 41 1.00083
122 42 1.00082
122 43 1.00081
122 44 1.00079
122 45 1.00078
122 46 1.00076
122 47 1.00074
122 48 1.00073
122 49 1.00071
122 50 1.00069
122 51 1.00067
122 52 1.00065
122 53 1.00063
122 54 1.00061
122 55 1.00059
122 56 1.00056
122 57 1.00054
122 58 1.00052
122 59 1.00049
122 60 1.00047
122 61 1.00044
122 62 1.00041
122 63 1.00039
122 64 1.00036
122 65 1.00033
122 66 1.00031
122 67 1.00028
122 68 1.00026
122 69 1.00023
122 70 1.0002
122 71 1.00018
122 72 1.00016
122 73 1.00014
122 74 1.00012
122 75 1.0001
122 76 1.00008
122 77 1.00007
122 78 1.00005
122 79 1.00004
122 80 1.00004
122 81 1.00003
122 82 1.00003
122 83 1.00004
122 84 1.00005
122 85 1.00006
122 86 1.00008
122 87 1.0001
122 88 1.00013
122 89 1.00017
122 90 1.00021
122 91 1.00026
122 92 1.00031
122 93 1.00038
122 94 1.00045
122 95 1.00053
122 96 1.00062
122 97 1.00072
122 98 1.00083
122 99 1.00096
122 100 1.0011
122 101 1.00125
122 102 1.00142
122 103 1.0016
122 104 1.0018
122 105 1.00203
122 106 1.00227
122 107 1.00254
122 108 1.00283
122 109 1.00316
122 110 1.00351
122 111 1.00389
122 112 1.00432
122 113 1.00483
122 114 1.00535
122 115 1.00584
122 116 1.00651
122 117 1.00742
122 118 1.00819
122 119 1.00862
122 120 1.0097
122 121 1.01169
122 122 1.01265
122 123 1.01159
122 124 1.01364
122 125 1.01677
122 126 1.01508
122 127 1.01205

123 0 0
123 1 1.00104
123 2 1.00104
123 3 1.00104
123 4 1.00104
123 5 1.00104
123 6 1.00104
123 7 1.00104
123 8 1.00104
123 9 1.00104
123 10 1.00104
123 11 1.00104
123 12 1.00104
123 13 1.00103
123 14 1.00103
123 15 1.00103
123 16 1.00102
123 17 1.00102
123 18 1.00102
123 19 1.00101
123 20 1.00101
123 21 1.001
123 22 1.001
123 23 1.00099
123 24 1.00098
123 25 1.00098
123 26 1.00097
123 27 1.00096
123 28 1.00096
123 29 1.00095
123 30 1.00094
123 31 1.00093
123 32 1.00093
123 33 1.00092
123 34 1.00091
123 35 1.0009
123 36 1.00089
123 37 1.00088
123 38 1.00086
123 39 1.00085
123 40 1.00084
123 41 1.00083
123 42 1.00081
123 43 1.0008
123 44 1.00078
123 45 1.00077
123 46 1.00075
123 47 1.00074
123 48 1.00072
123 49 1.0007
123 50 1.00068
123 51 1.00066
123 52 1.00064
123 53 1.00062
123 54 1.0006
123 55 1.00057
123 56 1.00055
123 57 1.00053
123 58 1.0005
123 59 1.00048
123 60 1.00045
123 61 1.00043
123 62 1.0004
123 63 1.00037
123 64 1.00035
123 65 1.00032
123 66 1.00029
123 67 1.00027
123 68 1.00024
123 69 1.00021
123 70 1.00019
123 71 1.00017
123 72 1.00014
123 73 1.00012
123 74 1.0001
123 75 1.00008
123 76 1.00007
123 77 1.00005
123 78 1.00004
123 79 1.00003
123 80 1.00003
123 81 1.00002
123 82 1.00002
123 83 1.00003
123 84 1.00004
123 85 1.00005
123 86 1.00007
123 87 1.00009
123 88 1.00012
123 89 1.00016
123 90 1.0002
123 91 1.00025
123 92 1.00031
123 93 1.00037
123 94 1.00045
123 95 1.00053
123 96 1.00062
123 97 1.00072
123 98 1.00084
123 99 1.00096
123 100 1.0011
123 101 1.00126
123 102 1.00143
123 103 1.00162
123 104 1.00182
123 105 1.00205
123 106 1.00229
123 107 1.00257
123 108 1.00287
123 109 1.0032
123 110 1.00355
123 111 1.00396
123 112 1.00442
123 113 1.00488
123 114 1.00538
123 115 1.00608
123 116 1.00683
123 117 1.00737
123 118 1.0081
123 119 1.00958
123 120 1.01096
123 121 1.01113
123 122 1.01217
123 123 1.01613
123 124 1.01852
123 125 1.01348
123 126 1.01613
123 127 1.02091

124 0 0
124 1 1.00104
124 2 1.00104
124 3 1.00104
124 4 1.00104
124 5 1.00104
124 6 1.00104
124 7 1.00104
124 8 1.00104
124 9 1.00104
124 10 1.00104
124 11 1.00104
124 12 1.00104
124 13 1.00103
124 14 1.00103
124 15 1.00103
124 16 1.00102
124 17 1.00102
124 18 1.00102
124 19 1.00101
124 20 1.00101
124 21 1.001
124 22 1.001
124 23 1.00099
124 24 1.00098
124 25 1.00098
124 26 1.00097
124 27 1.00096
124 28 1.00096
124 29 1.00095
124 30 1.00094
124 31 1.00093
124 32 1.00092
124 33 1.00091
124 34 1.0009
124 35 1.00089
124 36 1.00088
124 37 1.00087
124 38 1.00086
124 39 1.00085
124 40 1.00084
124 41 1.00082
124 42 1.00081
124 43 1.00079
124 44 1.00078
124 45 1.00076
124 46 1.00075
124 47 1.00073
124 48 1.00071
124 49 1.00069
124 50 1.00067
124 51 1.00065
124 52 1.00063
124 53 1.00061
124 54 1.00059
124 55 1.00056
124 56 1.00054
124 57 1.00051
124 58 1.00049
124 59 1.00046
124 60 1.00044
124 61 1.00041
124 62 1.00038
124 63 1.00036
124 64 1.00033
124 65 1.0003
124 66 1.00027
124 67 1.00025
124 68 1.00022
124 69 1.0002
124 70 1.00017
124 71 1.00015
124 72 1.00012
124 73 1.0001
124 74 1.00008
124 75 1.00006
124 76 1.00005
124 77 1.00003
124 78 1.00002
124 79 1.00001
124 80 1.00001
124 81 1
124 82 1
124 83 1.00001
124 84 1.00002
124 85 1.00003
124 86 1.00005
124 87 1.00007
124 88 1.0001
124 89 1.00014
124 90 1.00018
124 91 1.00023
124 92 1.00029
124 93 1.00035
124 94 1.00043
124 95 1.00051
124 96 1.0006
124 97 1.00071
124 98 1.00082
124 99 1.00095
124 100 1.00109
124 101 1.00125
124 102 1.00142
124 103 1.00161
124 104 1.00182
124 105 1.00204
124 106 1.00229
124 107 1.00257
124 108 1.00287
124 109 1.0032
124 110 1.00357
124 111 1.00398
124 112 1.00442
124 113 1.00492
124 114 1.00549
124 115 1.00611
124 116 1.00676
124 117 1.00756
124 118 1.00854
124 119 1.00965
124 120 1.01062
124 121 1.01188
124 122 1.01395
124 123 1.01723
124 124 1.01846
124 125 1.0186
124 126 1.02268
124 127 1.02192

125 0 0
125 1 1.00104
125 2 1.00104
125 3 1.00104
125 4 1.00104
125 5 1.00104
125 6 1.00104
125 7 1.00104
125 8 1.00104
125 9 1.00104
125 10 1.00104
125 11 1.00104
125 12 1.00104
125 13 1.00104
125 14 1.00103
125 15 1.00103
125 16 1.00103
125 17 1.00102
125 18 1.00102
125 19 1.00101
125 20 1.00101
125 21 1.001
125 22 1.001
125 23 1.00099
125 24 1.00098
125 25 1.00098
125 26 1.00097
125 27 1.00096
125 28 1.00096
125 29 1.00095
125 30 1.00094
125 31 1.00093
125 32 1.00092
125 33 1.00091
125 34 1.0009
125 35 1.00089
125 36 1.00088
125 37 1.00087
125 38 1.00086
125 39 1.00085
125 40 1.00083
125 41 1.00082
125 42 1.0008
125 43 1.00079
125 44 1.00077
125 45 1.00076
125 46 1.00074
125 47 1.00072
125 48 1.0007
125 49 1.00068
125 50 1.00066
125 51 1.00064
125 52 1.00062
125 53 1.0006
125 54 1.00057
125 55 1.00055
125 56 1.00053
125 57 1.0005
125 58 1.00047
125 59 1.00045
125 60 1.00042
125 61 1.00039
125 62 1.00037
125 63 1.00034
125 64 1.00031
125 65 1.00028
125 66 1.00025
125 67 1.00023
125 68 1.0002
125 69 1.00017
125 70 1.00015
125 71 1.00012
125 72 1.0001
125 73 1.00008
125 74 1.00006
125 75 1.00004
125 76 1.00002
125 77 1.00001
125 78 0.999995
125 79 0.999985
125 80 0.999979
125 81 0.999976
125 82 0.999977
125 83 0.999982
125 84 0.999991
125 85 1
125 86 1.00002
125 87 1.00005
125 88 1.00008
125 89 1.00011
125 90 1.00015
125 91 1.0002
125 92 1.00026
125 93 1.00033
125 94 1.0004
125 95 1.00048
125 96 1.00058
125 97 1.00068
125 98 1.00079
125 99 1.00092
125 100 1.00106
125 101 1.00122
125 102 1.00139
125 103 1.00158
125 104 1.00179
125 105 1.00201
125 106 1.00227
125 107 1.00254
125 108 1.00284
125 109 1.00318
125 110 1.00356
125 111 1.00395
125 112 1.00439
125 113 1.00493
125 114 1.0055
125 115 1.00603
125 116 1.00672
125 117 1.0078
125 118 1.00864
125 119 1.0091
125 120 1.01053
125 121 1.01382
125 122 1.01464
125 123 1.01345
125 124 1.01829
125 125 1.03541
125 126 1.03164
125 127 1.0064

126 0 0
126 1 1.00104
126 2 1.00104
126 3 1.00104
126 4 1.00105
126 5 1.00105
126 6 1.00105
126 7 1.00105
126 8 1.00105
126 9 1.00104
126 10 1.00104
126 11 1.00104
126 12 1.00104
126 13 1.00104
126 14 1.00103
126 15 1.00103
126 16 1.00103
126 17 1.00102
126 18 1.00102
126 19 1.00101
126 20 1.00101
126 21 1.001
126 22 1.001
126 23 1.00099
126 24 1.00098
126 25 1.00098
126 26 1.00097
126 27 1.00096
126 28 1.00096
126 29 1.00095
126 30 1.00094
126 31 1.00093
126 32 1.00092
126 33 1.00091
126 34 1.0009
126 35 1.00089
126 36 1.00088
126 37 1.00087
126 38 1.00086
126 39 1.00084
126 40 1.00083
126 41 1.00081
126 42 1.0008
126 43 1.00078
126 44 1.00077
126 45 1.00075
126 46 1.00073
126 47 1.00071
126 48 1.0007
126 49 1.00068
126 50 1.00065
126 51 1.00063
126 52 1.00061
126 53 1.00059
126 54 1.00056
126 55 1.00054
126 56 1.00051
126 57 1.00049
126 58 1.00046
126 59 1.00043
126 60 1.00041
126 61 1.00038
126 62 1.00035
126 63 1.00032
126 64 1.00029
126 65 1.00026
126 66 1.00023
126 67 1.00021
126 68 1.00018
126 69 1.00015
126 70 1.00012
126 71 1.0001
126 72 1.00007
126 73 1.00005
126 74 1.00003
126 75 1.00001
126 76 0.999993
126 77 0.999978
126 78 0.999966
126 79 0.999956
126 80 0.999949
126 81 0.999945
126 82 0.999945
126 83 0.99995
126 84 0.999958
126 85 0.999971
126 86 0.999989
126 87 1.00001
126 88 1.00004
126 89 1.00008
126 90 1.00012
126 91 1.00017
126 92 1.00022
126 93 1.00029
126 94 1.00036
126 95 1.00044
126 96 1.00053
126 97 1.00064
126 98 1.00075
126 99 1.00088
126 100 1.00102
126 101 1.00117
126 102 1.00134
126 103 1.00153
126 104 1.00173
126 105 1.00196
126 106 1.00221
126 107 1.00249
126 108 1.00279
126 109 1.00312
126 110 1.00348
126 111 1.0039
126 112 1.00435
126 113 1.00481
126 114 1.00537
126 115 1.00608
126 116 1.00673
126 117 1.00734
126 118 1.00843
126 119 1.00991
126 120 1.01057
126 121 1.01129
126 122 1.01486
126 123 1.01913
126 124 1.01766
126 125 1.02143
126 126 1.04001
126 127 1.06947

127 0 0
127 1 0
127 2 0
127 3 0
127 4 0
127 5 0
127 6 0
127 7 0
127 8 0
127 9 0
127 10 0
127 11 0
127 12 0
127 13 0
127 14 0
127 15 0
127 16 0
127 17 0
127 18 0
127 19 0
127 20 0
127 21 0
127 22 0
127 23 0
127 24 0
127 25 0
127 26 0
127 27 0
127 28 0
127 29 0
127 30 0
127 31 0
127 32 0
127 33 0
127 34 0
127 35 0
127 36 0
127 37 0
127 38 0
127 39 0
127 40 0
127 41 0
127 42 0
127 43 0
127 44 0
127 45 0
127 46 0
127 47 0
127 48 0
127 49 0
127 50 0
127 51 0
127 52 0
127 53 0
127 54 0
127 55 0
127 56 0
127 57 0
127 58 0
127 59 0
127 60 0
127 61 0
127 62 0
127 63 0
127 64 0
127 65 0
127 66 0
127 67 0
127 68 0
127 69 0
127 70 0
127 71 0
127 72 0
127 73 0
127 74 0
127 75 0
127 76 0
127 77 0
127 78 0
127 79 0
127 80 0
127 81 0
127 82 0
127 83 0
127 84 0
127 85 0
127 86 0
127 87 0
127 88 0
127 89 0
127 90 0
127 91 0
127 92 0
127 93 0
127 94 0
127 95 0
127 96 0
127 97 0
127 98 0
127 99 0
127 100 0
127 101 0
127 102 0
127 103 0
127 104 0
127 105 0
127 106 0
127 107 0
127 108 0
127 109 0
127 110 0
127 111 0
127 112 0
127 113 0
127 114 0
127 115 0
127 116 0
127 117 0
127 118 0
127 119 0
127 120 0
127 121 0
127 122 0
127 123 0
127 124 0
127 125 0
127 126 0
127 127 0

