0 0 0
0 1 0
0 2 0
0 3 0
0 4 0
0 5 0
0 6 0
0 7 0
0 8 0
0 9 0
0 10 0
0 11 0
0 12 0
0 13 0
0 14 0
0 15 0
0 16 0
0 17 0
0 18 0
0 19 0
0 20 0
0 21 0
0 22 0
0 23 0
0 24 0
0 25 0
0 26 0
0 27 0
0 28 0
0 29 0
0 30 0
0 31 0
0 32 0
0 33 0
0 34 0
0 35 0
0 36 0
0 37 0
0 38 0
0 39 0
0 40 0
0 41 0
0 42 0
0 43 0
0 44 0
0 45 0
0 46 0
0 47 0
0 48 0
0 49 0
0 50 0
0 51 0
0 52 0
0 53 0
0 54 0
0 55 0
0 56 0
0 57 0
0 58 0
0 59 0
0 60 0
0 61 0
0 62 0
0 63 0
0 64 0
0 65 0
0 66 0
0 67 0
0 68 0
0 69 0
0 70 0
0 71 0
0 72 0
0 73 0
0 74 0
0 75 0
0 76 0
0 77 0
0 78 0
0 79 0
0 80 0
0 81 0
0 82 0
0 83 0
0 84 0
0 85 0
0 86 0
0 87 0
0 88 0
0 89 0
0 90 0
0 91 0
0 92 0
0 93 0
0 94 0
0 95 0
0 96 0
0 97 0
0 98 0
0 99 0
0 100 0
0 101 0
0 102 0
0 103 0
0 104 0
0 105 0
0 106 0
0 107 0
0 108 0
0 109 0
0 110 0
0 111 0
0 112 0
0 113 0
0 114 0
0 115 0
0 116 0
0 117 0
0 118 0
0 119 0
0 120 0
0 121 0
0 122 0
0 123 0
0 124 0
0 125 0
0 126 0
0 127 0

1 0 0
1 1 1.0009
1 2 1.0009
1 3 1.00091
1 4 1.00091
1 5 1.00091
1 6 1.00091
1 7 1.00091
1 8 1.00091
1 9 1.00091
1 10 1.00092
1 11 1.00092
1 12 1.00092
1 13 1.00092
1 14 1.00092
1 15 1.00093
1 16 1.00093
1 17 1.00093
1 18 1.00093
1 19 1.00093
1 20 1.00093
1 21 1.00094
1 22 1.00094
1 23 1.00094
1 24 1.00094
1 25 1.00094
1 26 1.00094
1 27 1.00094
1 28 1.00094
1 29 1.00094
1 30 1.00094
1 31 1.00094
1 32 1.00094
1 33 1.00094
1 34 1.00094
1 35 1.00093
1 36 1.00093
1 37 1.00093
1 38 1.00093
1 39 1.00092
1 40 1.00092
1 41 1.00091
1 42 1.00091
1 43 1.0009
1 44 1.0009
1 45 1.00089
1 46 1.00089
1 47 1.00088
1 48 1.00087
1 49 1.00086
1 50 1.00086
1 51 1.00085
1 52 1.00084
1 53 1.00083
1 54 1.00082
1 55 1.00081
1 56 1.0008
1 57 1.00079
1 58 1.00077
1 59 1.00076
1 60 1.00075
1 61 1.00074
1 62 1.00073
1 63 1.00071
1 64 1.0007
1 65 1.00069
1 66 1.00067
1 67 1.00066
1 68 1.00065
1 69 1.00063
1 70 1.00062
1 71 1.0006
1 72 1.00059
1 73 1.00058
1 74 1.00056
1 75 1.00055
1 76 1.00054
1 77 1.00052
1 78 1.00051
1 79 1.0005
1 80 1.00048
1 81 1.00047
1 82 1.00046
1 83 1.00045
1 84 1.00043
1 85 1.00042
1 86 1.00041
1 87 1.0004
1 88 1.00039
1 89 1.00038
1 90 1.00037
1 91 1.00036
1 92 1.00035
1 93 1.00034
1 94 1.00033
1 95 1.00032
1 96 1.00031
1 97 1.0003
1 98 1.00029
1 99 1.00028
1 100 1.00027
1 101 1.00026
1 102 1.00024
1 103 1.00023
1 104 1.00022
1 105 1.00021
1 106 1.00019
1 107 1.00018
1 108 1.00016
1 109 1.00014
1 110 1.00012
1 111 1.0001
1 112 1.00006
1 113 1.00001
1 114 0.999994
1 115 0.999956
1 116 0.999792
1 117 0.999711
1 118 0.999799
1 119 0.999513
1 120 0.998831
1 121 0.99912
1 122 0.99948
1 123 0.996848
1 124 0.994831
1 125 0.997451
1 126 0.994763
1 127 0.972565

2 0 0
2 1 1.0009
2 2 1.0009
2 3 1.00091
2 4 1.00091
2 5 1.00091
2 6 1.00091
2 7 1.00091
2 8 1.00091
2 9 1.00091
2 10 1.00092
2 11 1.00092
2 12 1.00092
2 13 1.00092
2 14 1.00092
2 15 1.00092
2 16 1.00093
2 17 1.00093
2 18 1.00093
2 19 1.00093
2 20 1.00093
2 21 1.00093
2 22 1.00094
2 23 1.00094
2 24 1.00094
2 25 1.00094
2 26 1.00094
2 27 1.00094
2 28 1.00094
2 29 1.00094
2 30 1.00094
2 31 1.00094
2 32 1.00094
2 33 1.00093
2 34 1.00093
2 35 1.00093
2 36 1.00093
2 37 1.00093
2 38 1.00092
2 39 1.00092
2 40 1.00091
2 41 1.00091
2 42 1.00091
2 43 1.0009
2 44 1.00089
2 45 1.00089
2 46 1.00088
2 47 1.00088
2 48 1.00087
2 49 1.00086
2 50 1.00085
2 51 1.00084
2 52 1.00083
2 53 1.00082
2 54 1.00081
2 55 1.0008
2 56 1.00079
2 57 1.00078
2 58 1.00077
2 59 1.00076
2 60 1.00075
2 61 1.00073
2 62 1.00072
2 63 1.00071
2 64 1.0007
2 65 1.00068
2 66 1.00067
2 67 1.00066
2 68 1.00064
2 69 1.00063
2 70 1.00062
2 71 1.0006
2 72 1.00059
2 73 1.00058
2 74 1.00056
2 75 1.00055
2 76 1.00054
2 77 1.00052
2 78 1.00051
2 79 1.0005
2 80 1.00048
2 81 1.00047
2 82 1.00046
2 83 1.00045
2 84 1.00043
2 85 1.00042
2 86 1.00041
2 87 1.0004
2 88 1.00039
2 89 1.00038
2 90 1.00037
2 91 1.00036
2 92 1.00035
2 93 1.00034
2 94 1.00033
2 95 1.00031
2 96 1.0003
2 97 1.00029
2 98 1.00028
2 99 1.00027
2 100 1.00026
2 101 1.00025
2 102 1.00024
2 103 1.00023
2 104 1.00021
2 105 1.0002
2 106 1.00019
2 107 1.00017
2 108 1.00015
2 109 1.00013
2 110 1.0001
2 111 1.00006
2 112 1.00004
2 113 1.00001
2 114 0.999906
2 115 0.999847
2 116 0.999893
2 117 0.999727
2 118 0.999272
2 119 0.999449
2 120 0.999807
2 121 0.998318
2 122 0.996638
2 123 0.999693
2 124 1.00028
2 125 0.986318
2 126 0.985566
2 127 1.01341

3 0 0
3 1 1.0009
3 2 1.0009
3 3 1.0009
3 4 1.00091
3 5 1.00091
3 6 1.00091
3 7 1.00091
3 8 1.00091
3 9 1.00091
3 10 1.00091
3 11 1.00092
3 12 1.00092
3 13 1.00092
3 14 1.00092
3 15 1.00092
3 16 1.00092
3 17 1.00093
3 18 1.00093
3 19 1.00093
3 20 1.00093
3 21 1.00093
3 22 1.00093
3 23 1.00093
3 24 1.00093
3 25 1.00094
3 26 1.00094
3 27 1.00094
3 28 1.00094
3 29 1.00094
3 30 1.00094
3 31 1.00093
3 32 1.00093
3 33 1.00093
3 34 1.00093
3 35 1.00093
3 36 1.00092
3 37 1.00092
3 38 1.00092
3 39 1.00092
3 40 1.00091
3 41 1.00091
3 42 1.0009
3 43 1.0009
3 44 1.00089
3 45 1.00088
3 46 1.00088
3 47 1.00087
3 48 1.00086
3 49 1.00086
3 50 1.00085
3 51 1.00084
3 52 1.00083
3 53 1.00082
3 54 1.00081
3 55 1.0008
3 56 1.00079
3 57 1.00078
3 58 1.00077
3 59 1.00076
3 60 1.00074
3 61 1.00073
3 62 1.00072
3 63 1.00071
3 64 1.00069
3 65 1.00068
3 66 1.00067
3 67 1.00065
3 68 1.00064
3 69 1.00063
3 70 1.00061
3 71 1.0006
3 72 1.00059
3 73 1.00057
3 74 1.00056
3 75 1.00055
3 76 1.00053
3 77 1.00052
3 78 1.00051
3 79 1.00049
3 80 1.00048
3 81 1.00047
3 82 1.00046
3 83 1.00045
3 84 1.00043
3 85 1.00042
3 86 1.00041
3 87 1.0004
3 88 1.00039
3 89 1.00038
3 90 1.00037
3 91 1.00036
3 92 1.00034
3 93 1.00033
3 94 1.00032
3 95 1.00031
3 96 1.0003
3 97 1.00029
3 98 1.00028
3 99 1.00027
3 100 1.00026
3 101 1.00025
3 102 1.00024
3 103 1.00022
3 104 1.00021
3 105 1.00019
3 106 1.00018
3 107 1.00016
3 108 1.00014
3 109 1.00012
3 110 1.00009
3 111 1.00005
3 112 1.00001
3 113 0.999988
3 114 0.99993
3 115 0.999807
3 116 0.999748
3 117 0.999768
3 118 0.999509
3 119 0.999074
3 120 0.999208
3 121 0.999391
3 122 0.997882
3 123 0.996413
3 124 0.998337
3 125 0.998013
3 126 0.991151
3 127 0.999817

4 0 0
4 1 1.0009
4 2 1.0009
4 3 1.0009
4 4 1.00091
4 5 1.00091
4 6 1.00091
4 7 1.00091
4 8 1.00091
4 9 1.00091
4 10 1.00091
4 11 1.00092
4 12 1.00092
4 13 1.00092
4 14 1.00092
4 15 1.00092
4 16 1.00092
4 17 1.00092
4 18 1.00093
4 19 1.00093
4 20 1.00093
4 21 1.00093
4 22 1.00093
4 23 1.00093
4 24 1.00093
4 25 1.00093
4 26 1.00093
4 27 1.00093
4 28 1.00093
4 29 1.00093
4 30 1.00093
4 31 1.00093
4 32 1.00093
4 33 1.00093
4 34 1.00093
4 35 1.00092
4 36 1.00092
4 37 1.00092
4 38 1.00092
4 39 1.00091
4 40 1.00091
4 41 1.0009
4 42 1.0009
4 43 1.00089
4 44 1.00089
4 45 1.00088
4 46 1.00087
4 47 1.00087
4 48 1.00086
4 49 1.00085
4 50 1.00084
4 51 1.00084
4 52 1.00083
4 53 1.00082
4 54 1.00081
4 55 1.0008
4 56 1.00079
4 57 1.00078
4 58 1.00076
4 59 1.00075
4 60 1.00074
4 61 1.00073
4 62 1.00072
4 63 1.0007
4 64 1.00069
4 65 1.00068
4 66 1.00066
4 67 1.00065
4 68 1.00064
4 69 1.00062
4 70 1.00061
4 71 1.0006
4 72 1.00058
4 73 1.00057
4 74 1.00056
4 75 1.00054
4 76 1.00053
4 77 1.00052
4 78 1.00051
4 79 1.00049
4 80 1.00048
4 81 1.00047
4 82 1.00046
4 83 1.00044
4 84 1.00043
4 85 1.00042
4 86 1.00041
4 87 1.0004
4 88 1.00039
4 89 1.00038
4 90 1.00037
4 91 1.00035
4 92 1.00034
4 93 1.00033
4 94 1.00032
4 95 1.00031
4 96 1.0003
4 97 1.00029
4 98 1.00028
4 99 1.00027
4 100 1.00026
4 101 1.00025
4 102 1.00023
4 103 1.00022
4 104 1.00021
4 105 1.00019
4 106 1.00017
4 107 1.00016
4 108 1.00013
4 109 1.0001
4 110 1.00008
4 111 1.00006
4 112 1
4 113 0.999929
4 114 0.999936
4 115 0.999896
4 116 0.999646
4 117 0.999544
4 118 0.999808
4 119 0.999448
4 120 0.998366
4 121 0.998891
4 122 1.00019
4 123 0.99712
4 124 0.993913
4 125 1.00069
4 126 1.00034
4 127 0.995376

5 0 0
5 1 1.0009
5 2 1.0009
5 3 1.0009
5 4 1.0009
5 5 1.00091
5 6 1.00091
5 7 1.00091
5 8 1.00091
5 9 1.00091
5 10 1.00091
5 11 1.00091
5 12 1.00092
5 13 1.00092
5 14 1.00092
5 15 1.00092
5 16 1.00092
5 17 1.00092
5 18 1.00092
5 19 1.00093
5 20 1.00093
5 21 1.00093
5 22 1.00093
5 23 1.00093
5 24 1.00093
5 25 1.00093
5 26 1.00093
5 27 1.00093
5 28 1.00093
5 29 1.00093
5 30 1.00093
5 31 1.00093
5 32 1.00093
5 33 1.00093
5 34 1.00092
5 35 1.00092
5 36 1.00092
5 37 1.00092
5 38 1.00091
5 39 1.00091
5 40 1.0009
5 41 1.0009
5 42 1.00089
5 43 1.00089
5 44 1.00088
5 45 1.00088
5 46 1.00087
5 47 1.00086
5 48 1.00086
5 49 1.00085
5 50 1.00084
5 51 1.00083
5 52 1.00082
5 53 1.00081
5 54 1.0008
5 55 1.00079
5 56 1.00078
5 57 1.00077
5 58 1.00076
5 59 1.00075
5 60 1.00074
5 61 1.00072
5 62 1.00071
5 63 1.0007
5 64 1.00069
5 65 1.00067
5 66 1.00066
5 67 1.00065
5 68 1.00064
5 69 1.00062
5 70 1.00061
5 71 1.0006
5 72 1.00058
5 73 1.00057
5 74 1.00056
5 75 1.00054
5 76 1.00053
5 77 1.00052
5 78 1.0005
5 79 1.00049
5 80 1.00048
5 81 1.00047
5 82 1.00045
5 83 1.00044
5 84 1.00043
5 85 1.00042
5 86 1.00041
5 87 1.0004
5 88 1.00039
5 89 1.00037
5 90 1.00036
5 91 1.00035
5 92 1.00034
5 93 1.00033
5 94 1.00032
5 95 1.00031
5 96 1.0003
5 97 1.00029
5 98 1.00028
5 99 1.00027
5 100 1.00026
5 101 1.00024
5 102 1.00023
5 103 1.00022
5 104 1.0002
5 105 1.00019
5 106 1.00017
5 107 1.00015
5 108 1.00013
5 109 1.00011
5 110 1.00007
5 111 1.00004
5 112 1.00002
5 113 0.999954
5 114 0.999859
5 115 0.999864
5 116 0.999851
5 117 0.999558
5 118 0.999364
5 119 0.99969
5 120 0.999476
5 121 0.998216
5 122 0.998423
5 123 1.00008
5 124 0.997611
5 125 0.996212
5 126 1.00117
5 127 1.00169

6 0 0
6 1 1.0009
6 2 1.0009
6 3 1.0009
6 4 1.0009
6 5 1.0009
6 6 1.00091
6 7 1.00091
6 8 1.00091
6 9 1.00091
6 10 1.00091
6 11 1.00091
6 12 1.00091
6 13 1.00092
6 14 1.00092
6 15 1.00092
6 16 1.00092
6 17 1.00092
6 18 1.00092
6 19 1.00092
6 20 1.00093
6 21 1.00093
6 22 1.00093
6 23 1.00093
6 24 1.00093
6 25 1.00093
6 26 1.00093
6 27 1.00093
6 28 1.00093
6 29 1.00093
6 30 1.00093
6 31 1.00093
6 32 1.00092
6 33 1.00092
6 34 1.00092
6 35 1.00092
6 36 1.00092
6 37 1.00091
6 38 1.00091
6 39 1.00091
6 40 1.0009
6 41 1.0009
6 42 1.00089
6 43 1.00089
6 44 1.00088
6 45 1.00087
6 46 1.00087
6 47 1.00086
6 48 1.00085
6 49 1.00085
6 50 1.00084
6 51 1.00083
6 52 1.00082
6 53 1.00081
6 54 1.0008
6 55 1.00079
6 56 1.00078
6 57 1.00077
6 58 1.00076
6 59 1.00075
6 60 1.00073
6 61 1.00072
6 62 1.00071
6 63 1.0007
6 64 1.00068
6 65 1.00067
6 66 1.00066
6 67 1.00064
6 68 1.00063
6 69 1.00062
6 70 1.00061
6 71 1.00059
6 72 1.00058
6 73 1.00057
6 74 1.00055
6 75 1.00054
6 76 1.00053
6 77 1.00051
6 78 1.0005
6 79 1.00049
6 80 1.00048
6 81 1.00046
6 82 1.00045
6 83 1.00044
6 84 1.00043
6 85 1.00042
6 86 1.00041
6 87 1.00039
6 88 1.00038
6 89 1.00037
6 90 1.00036
6 91 1.00035
6 92 1.00034
6 93 1.00033
6 94 1.00032
6 95 1.00031
6 96 1.0003
6 97 1.00029
6 98 1.00028
6 99 1.00027
6 100 1.00025
6 101 1.00024
6 102 1.00023
6 103 1.00022
6 104 1.0002
6 105 1.00019
6 106 1.00017
6 107 1.00015
6 108 1.00012
6 109 1.00011
6 110 1.00008
6 111 1.00003
6 112 1
6 113 1
6 114 0.999907
6 115 0.999767
6 116 0.999827
6 117 0.999861
6 118 0.999406
6 119 0.999171
6 120 0.999798
6 121 0.999511
6 122 0.997802
6 123 0.998718
6 124 1.00047
6 125 0.998161
6 126 0.999511
6 127 1.00076

7 0 0
7 1 1.0009
7 2 1.0009
7 3 1.0009
7 4 1.0009
7 5 1.0009
7 6 1.0009
7 7 1.00091
7 8 1.00091
7 9 1.00091
7 10 1.00091
7 11 1.00091
7 12 1.00091
7 13 1.00091
7 14 1.00092
7 15 1.00092
7 16 1.00092
7 17 1.00092
7 18 1.00092
7 19 1.00092
7 20 1.00092
7 21 1.00092
7 22 1.00092
7 23 1.00093
7 24 1.00093
7 25 1.00093
7 26 1.00093
7 27 1.00093
7 28 1.00093
7 29 1.00093
7 30 1.00092
7 31 1.00092
7 32 1.00092
7 33 1.00092
7 34 1.00092
7 35 1.00092
7 36 1.00091
7 37 1.00091
7 38 1.00091
7 39 1.0009
7 40 1.0009
7 41 1.00089
7 42 1.00089
7 43 1.00088
7 44 1.00088
7 45 1.00087
7 46 1.00086
7 47 1.00086
7 48 1.00085
7 49 1.00084
7 50 1.00083
7 51 1.00082
7 52 1.00082
7 53 1.00081
7 54 1.0008
7 55 1.00079
7 56 1.00078
7 57 1.00076
7 58 1.00075
7 59 1.00074
7 60 1.00073
7 61 1.00072
7 62 1.00071
7 63 1.00069
7 64 1.00068
7 65 1.00067
7 66 1.00065
7 67 1.00064
7 68 1.00063
7 69 1.00061
7 70 1.0006
7 71 1.00059
7 72 1.00058
7 73 1.00056
7 74 1.00055
7 75 1.00054
7 76 1.00052
7 77 1.00051
7 78 1.0005
7 79 1.00049
7 80 1.00047
7 81 1.00046
7 82 1.00045
7 83 1.00044
7 84 1.00043
7 85 1.00041
7 86 1.0004
7 87 1.00039
7 88 1.00038
7 89 1.00037
7 90 1.00036
7 91 1.00035
7 92 1.00034
7 93 1.00033
7 94 1.00032
7 95 1.00031
7 96 1.0003
7 97 1.00029
7 98 1.00028
7 99 1.00026
7 100 1.00025
7 101 1.00024
7 102 1.00023
7 103 1.00022
7 104 1.0002
7 105 1.00018
7 106 1.00017
7 107 1.00015
7 108 1.00013
7 109 1.0001
7 110 1.00009
7 111 1.00006
7 112 0.999997
7 113 0.999961
7 114 0.999985
7 115 0.999893
7 116 0.999693
7 117 0.999758
7 118 0.999895
7 119 0.999413
7 120 0.999019
7 121 0.99976
7 122 0.999672
7 123 0.998226
7 124 0.999242
7 125 1.0004
7 126 0.99968
7 127 0.999895

8 0 0
8 1 1.0009
8 2 1.0009
8 3 1.0009
8 4 1.0009
8 5 1.0009
8 6 1.0009
8 7 1.0009
8 8 1.00091
8 9 1.00091
8 10 1.00091
8 11 1.00091
8 12 1.00091
8 13 1.00091
8 14 1.00091
8 15 1.00092
8 16 1.00092
8 17 1.00092
8 18 1.00092
8 19 1.00092
8 20 1.00092
8 21 1.00092
8 22 1.00092
8 23 1.00092
8 24 1.00092
8 25 1.00092
8 26 1.00092
8 27 1.00092
8 28 1.00092
8 29 1.00092
8 30 1.00092
8 31 1.00092
8 32 1.00092
8 33 1.00092
8 34 1.00092
8 35 1.00091
8 36 1.00091
8 37 1.00091
8 38 1.0009
8 39 1.0009
8 40 1.0009
8 41 1.00089
8 42 1.00089
8 43 1.00088
8 44 1.00087
8 45 1.00087
8 46 1.00086
8 47 1.00085
8 48 1.00085
8 49 1.00084
8 50 1.00083
8 51 1.00082
8 52 1.00081
8 53 1.0008
8 54 1.00079
8 55 1.00078
8 56 1.00077
8 57 1.00076
8 58 1.00075
8 59 1.00074
8 60 1.00073
8 61 1.00071
8 62 1.0007
8 63 1.00069
8 64 1.00068
8 65 1.00066
8 66 1.00065
8 67 1.00064
8 68 1.00062
8 69 1.00061
8 70 1.0006
8 71 1.00058
8 72 1.00057
8 73 1.00056
8 74 1.00054
8 75 1.00053
8 76 1.00052
8 77 1.00051
8 78 1.00049
8 79 1.00048
8 80 1.00047
8 81 1.00046
8 82 1.00045
8 83 1.00043
8 84 1.00042
8 85 1.00041
8 86 1.0004
8 87 1.00039
8 88 1.00038
8 89 1.00037
8 90 1.00036
8 91 1.00035
8 92 1.00034
8 93 1.00033
8 94 1.00032
8 95 1.00031
8 96 1.0003
8 97 1.00029
8 98 1.00027
8 99 1.00026
8 100 1.00025
8 101 1.00024
8 102 1.00023
8 103 1.00022
8 104 1.0002
8 105 1.00019
8 106 1.00017
8 107 1.00016
8 108 1.00014
8 109 1.00011
8 110 1.00008
8 111 1.00007
8 112 1.00005
8 113 0.999969
8 114 0.999932
8 115 0.999986
8 116 0.99988
8 117 0.999636
8 118 0.999748
8 119 0.999933
8 120 0.99938
8 121 0.999095
8 122 0.999914
8 123 0.999625
8 124 0.998982
8 125 1.0001
8 126 1.00013
8 127 1.00025

9 0 0
9 1 1.0009
9 2 1.0009
9 3 1.0009
9 4 1.0009
9 5 1.0009
9 6 1.0009
9 7 1.0009
9 8 1.0009
9 9 1.00091
9 10 1.00091
9 11 1.00091
9 12 1.00091
9 13 1.00091
9 14 1.00091
9 15 1.00091
9 16 1.00091
9 17 1.00092
9 18 1.00092
9 19 1.00092
9 20 1.00092
9 21 1.00092
9 22 1.00092
9 23 1.00092
9 24 1.00092
9 25 1.00092
9 26 1.00092
9 27 1.00092
9 28 1.00092
9 29 1.00092
9 30 1.00092
9 31 1.00092
9 32 1.00092
9 33 1.00091
9 34 1.00091
9 35 1.00091
9 36 1.00091
9 37 1.0009
9 38 1.0009
9 39 1.0009
9 40 1.00089
9 41 1.00089
9 42 1.00088
9 43 1.00088
9 44 1.00087
9 45 1.00086
9 46 1.00086
9 47 1.00085
9 48 1.00084
9 49 1.00083
9 50 1.00083
9 51 1.00082
9 52 1.00081
9 53 1.0008
9 54 1.00079
9 55 1.00078
9 56 1.00077
9 57 1.00076
9 58 1.00074
9 59 1.00073
9 60 1.00072
9 61 1.00071
9 62 1.0007
9 63 1.00068
9 64 1.00067
9 65 1.00066
9 66 1.00065
9 67 1.00063
9 68 1.00062
9 69 1.00061
9 70 1.00059
9 71 1.00058
9 72 1.00057
9 73 1.00055
9 74 1.00054
9 75 1.00053
9 76 1.00051
9 77 1.0005
9 78 1.00049
9 79 1.00048
9 80 1.00046
9 81 1.00045
9 82 1.00044
9 83 1.00043
9 84 1.00042
9 85 1.00041
9 86 1.0004
9 87 1.00039
9 88 1.00037
9 89 1.00036
9 90 1.00035
9 91 1.00034
9 92 1.00033
9 93 1.00032
9 94 1.00031
9 95 1.0003
9 96 1.00029
9 97 1.00028
9 98 1.00027
9 99 1.00026
9 100 1.00025
9 101 1.00024
9 102 1.00023
9 103 1.00022
9 104 1.00021
9 105 1.0002
9 106 1.00018
9 107 1.00016
9 108 1.00015
9 109 1.00014
9 110 1.0001
9 111 1.00007
9 112 1.00007
9 113 1.00006
9 114 0.999956
9 115 0.999904
9 116 0.999998
9 117 0.99991
9 118 0.999615
9 119 0.999741
9 120 0.999997
9 121 0.99948
9 122 0.999313
9 123 1.00003
9 124 0.999856
9 125 0.999673
9 126 1.00024
9 127 1.00063

10 0 0
10 1 1.0009
10 2 1.0009
10 3 1.0009
10 4 1.0009
10 5 1.0009
10 6 1.0009
10 7 1.0009
10 8 1.0009
10 9 1.0009
10 10 1.00091
10 11 1.00091
10 12 1.00091
10 13 1.00091
10 14 1.00091
10 15 1.00091
10 16 1.00091
10 17 1.00091
10 18 1.00092
10 19 1.00092
10 20 1.00092
10 21 1.00092
10 22 1.00092
10 23 1.00092
10 24 1.00092
10 25 1.00092
10 26 1.00092
10 27 1.00092
10 28 1.00092
10 29 1.00092
10 30 1.00092
10 31 1.00092
10 32 1.00091
10 33 1.00091
10 34 1.00091
10 35 1.00091
10 36 1.0009
10 37 1.0009
10 38 1.0009
10 39 1.00089
10 40 1.00089
10 41 1.00088
10 42 1.00088
10 43 1.00087
10 44 1.00087
10 45 1.00086
10 46 1.00085
10 47 1.00085
10 48 1.00084
10 49 1.00083
10 50 1.00082
10 51 1.00081
10 52 1.0008
10 53 1.00079
10 54 1.00078
10 55 1.00077
10 56 1.00076
10 57 1.00075
10 58 1.00074
10 59 1.00073
10 60 1.00072
10 61 1.0007
10 62 1.00069
10 63 1.00068
10 64 1.00067
10 65 1.00065
10 66 1.00064
10 67 1.00063
10 68 1.00061
10 69 1.0006
10 70 1.00059
10 71 1.00057
10 72 1.00056
10 73 1.00055
10 74 1.00053
10 75 1.00052
10 76 1.00051
10 77 1.0005
10 78 1.00048
10 79 1.00047
10 80 1.00046
10 81 1.00045
10 82 1.00044
10 83 1.00042
10 84 1.00041
10 85 1.0004
10 86 1.00039
10 87 1.00038
10 88 1.00037
10 89 1.00036
10 90 1.00035
10 91 1.00034
10 92 1.00033
10 93 1.00032
10 94 1.00031
10 95 1.0003
10 96 1.00029
10 97 1.00028
10 98 1.00027
10 99 1.00027
10 100 1.00026
10 101 1.00024
10 102 1.00023
10 103 1.00022
10 104 1.00021
10 105 1.0002
10 106 1.00019
10 107 1.00018
10 108 1.00015
10 109 1.00014
10 110 1.00014
10 111 1.0001
10 112 1.00006
10 113 1.00007
10 114 1.00007
10 115 0.999957
10 116 0.999904
10 117 1.00002
10 118 0.999933
10 119 0.999659
10 120 0.999826
10 121 1.00001
10 122 0.999623
10 123 0.999722
10 124 1.00015
10 125 1.00004
10 126 1.0003
10 127 1.0005

11 0 0
11 1 1.00089
11 2 1.00089
11 3 1.00089
11 4 1.0009
11 5 1.0009
11 6 1.0009
11 7 1.0009
11 8 1.0009
11 9 1.0009
11 10 1.0009
11 11 1.0009
11 12 1.00091
11 13 1.00091
11 14 1.00091
11 15 1.00091
11 16 1.00091
11 17 1.00091
11 18 1.00091
11 19 1.00091
11 20 1.00092
11 21 1.00092
11 22 1.00092
11 23 1.00092
11 24 1.00092
11 25 1.00092
11 26 1.00092
11 27 1.00092
11 28 1.00092
11 29 1.00092
11 30 1.00091
11 31 1.00091
11 32 1.00091
11 33 1.00091
11 34 1.00091
11 35 1.0009
11 36 1.0009
11 37 1.0009
11 38 1.0009
11 39 1.00089
11 40 1.00089
11 41 1.00088
11 42 1.00088
11 43 1.00087
11 44 1.00086
11 45 1.00086
11 46 1.00085
11 47 1.00084
11 48 1.00084
11 49 1.00083
11 50 1.00082
11 51 1.00081
11 52 1.0008
11 53 1.00079
11 54 1.00078
11 55 1.00077
11 56 1.00076
11 57 1.00075
11 58 1.00074
11 59 1.00072
11 60 1.00071
11 61 1.0007
11 62 1.00069
11 63 1.00067
11 64 1.00066
11 65 1.00065
11 66 1.00063
11 67 1.00062
11 68 1.00061
11 69 1.00059
11 70 1.00058
11 71 1.00057
11 72 1.00055
11 73 1.00054
11 74 1.00053
11 75 1.00052
11 76 1.0005
11 77 1.00049
11 78 1.00048
11 79 1.00047
11 80 1.00045
11 81 1.00044
11 82 1.00043
11 83 1.00042
11 84 1.00041
11 85 1.0004
11 86 1.00039
11 87 1.00038
11 88 1.00037
11 89 1.00036
11 90 1.00035
11 91 1.00034
11 92 1.00033
11 93 1.00032
11 94 1.00031
11 95 1.0003
11 96 1.00029
11 97 1.00028
11 98 1.00027
11 99 1.00027
11 100 1.00026
11 101 1.00025
11 102 1.00024
11 103 1.00023
11 104 1.00022
11 105 1.00021
11 106 1.0002
11 107 1.00019
11 108 1.00018
11 109 1.00015
11 110 1.00014
11 111 1.00014
11 112 1.00011
11 113 1.00006
11 114 1.00008
11 115 1.00009
11 116 0.999975
11 117 0.999921
11 118 1.00006
11 119 0.99998
11 120 0.999746
11 121 0.999942
11 122 1.00009
11 123 0.999846
11 124 1.00003
11 125 1.00031
11 126 1.00043
11 127 1.00055

12 0 0
12 1 1.00089
12 2 1.00089
12 3 1.00089
12 4 1.00089
12 5 1.0009
12 6 1.0009
12 7 1.0009
12 8 1.0009
12 9 1.0009
12 10 1.0009
12 11 1.0009
12 12 1.0009
12 13 1.00091
12 14 1.00091
12 15 1.00091
12 16 1.00091
12 17 1.00091
12 18 1.00091
12 19 1.00091
12 20 1.00091
12 21 1.00091
12 22 1.00091
12 23 1.00091
12 24 1.00092
12 25 1.00092
12 26 1.00092
12 27 1.00091
12 28 1.00091
12 29 1.00091
12 30 1.00091
12 31 1.00091
12 32 1.00091
12 33 1.00091
12 34 1.0009
12 35 1.0009
12 36 1.0009
12 37 1.0009
12 38 1.00089
12 39 1.00089
12 40 1.00088
12 41 1.00088
12 42 1.00087
12 43 1.00087
12 44 1.00086
12 45 1.00085
12 46 1.00085
12 47 1.00084
12 48 1.00083
12 49 1.00082
12 50 1.00081
12 51 1.00081
12 52 1.0008
12 53 1.00079
12 54 1.00078
12 55 1.00076
12 56 1.00075
12 57 1.00074
12 58 1.00073
12 59 1.00072
12 60 1.00071
12 61 1.00069
12 62 1.00068
12 63 1.00067
12 64 1.00065
12 65 1.00064
12 66 1.00063
12 67 1.00061
12 68 1.0006
12 69 1.00059
12 70 1.00057
12 71 1.00056
12 72 1.00055
12 73 1.00053
12 74 1.00052
12 75 1.00051
12 76 1.0005
12 77 1.00048
12 78 1.00047
12 79 1.00046
12 80 1.00045
12 81 1.00044
12 82 1.00042
12 83 1.00041
12 84 1.0004
12 85 1.00039
12 86 1.00038
12 87 1.00037
12 88 1.00036
12 89 1.00035
12 90 1.00034
12 91 1.00033
12 92 1.00032
12 93 1.00032
12 94 1.00031
12 95 1.0003
12 96 1.00029
12 97 1.00028
12 98 1.00028
12 99 1.00027
12 100 1.00026
12 101 1.00025
12 102 1.00024
12 103 1.00023
12 104 1.00023
12 105 1.00022
12 106 1.00021
12 107 1.0002
12 108 1.00019
12 109 1.00018
12 110 1.00016
12 111 1.00015
12 112 1.00016
12 113 1.00013
12 114 1.00007
12 115 1.0001
12 116 1.00012
12 117 1.00001
12 118 0.999976
12 119 1.0001
12 120 1.00003
12 121 0.999902
12 122 1.00009
12 123 1.00015
12 124 1.00013
12 125 1.00034
12 126 1.0005
12 127 1.00065

13 0 0
13 1 1.00089
13 2 1.00089
13 3 1.00089
13 4 1.00089
13 5 1.00089
13 6 1.00089
13 7 1.0009
13 8 1.0009
13 9 1.0009
13 10 1.0009
13 11 1.0009
13 12 1.0009
13 13 1.0009
13 14 1.0009
13 15 1.00091
13 16 1.00091
13 17 1.00091
13 18 1.00091
13 19 1.00091
13 20 1.00091
13 21 1.00091
13 22 1.00091
13 23 1.00091
13 24 1.00091
13 25 1.00091
13 26 1.00091
13 27 1.00091
13 28 1.00091
13 29 1.00091
13 30 1.00091
13 31 1.00091
13 32 1.00091
13 33 1.0009
13 34 1.0009
13 35 1.0009
13 36 1.0009
13 37 1.00089
13 38 1.00089
13 39 1.00088
13 40 1.00088
13 41 1.00088
13 42 1.00087
13 43 1.00086
13 44 1.00086
13 45 1.00085
13 46 1.00084
13 47 1.00084
13 48 1.00083
13 49 1.00082
13 50 1.00081
13 51 1.0008
13 52 1.00079
13 53 1.00078
13 54 1.00077
13 55 1.00076
13 56 1.00075
13 57 1.00074
13 58 1.00072
13 59 1.00071
13 60 1.0007
13 61 1.00069
13 62 1.00067
13 63 1.00066
13 64 1.00065
13 65 1.00063
13 66 1.00062
13 67 1.00061
13 68 1.00059
13 69 1.00058
13 70 1.00057
13 71 1.00055
13 72 1.00054
13 73 1.00053
13 74 1.00051
13 75 1.0005
13 76 1.00049
13 77 1.00048
13 78 1.00046
13 79 1.00045
13 80 1.00044
13 81 1.00043
13 82 1.00042
13 83 1.00041
13 84 1.00039
13 85 1.00038
13 86 1.00037
13 87 1.00036
13 88 1.00036
13 89 1.00035
13 90 1.00034
13 91 1.00033
13 92 1.00032
13 93 1.00031
13 94 1.00031
13 95 1.0003
13 96 1.00029
13 97 1.00028
13 98 1.00028
13 99 1.00027
13 100 1.00026
13 101 1.00026
13 102 1.00025
13 103 1.00024
13 104 1.00023
13 105 1.00023
13 106 1.00022
13 107 1.00021
13 108 1.0002
13 109 1.0002
13 110 1.0002
13 111 1.00017
13 112 1.00016
13 113 1.00018
13 114 1.00016
13 115 1.0001
13 116 1.00014
13 117 1.00016
13 118 1.00006
13 119 1.00005
13 120 1.00017
13 121 1.00011
13 122 1.00007
13 123 1.00024
13 124 1.00031
13 125 1.00038
13 126 1.00054
13 127 1.0007

14 0 0
14 1 1.00089
14 2 1.00089
14 3 1.00089
14 4 1.00089
14 5 1.00089
14 6 1.00089
14 7 1.00089
14 8 1.0009
14 9 1.0009
14 10 1.0009
14 11 1.0009
14 12 1.0009
14 13 1.0009
14 14 1.0009
14 15 1.0009
14 16 1.00091
14 17 1.00091
14 18 1.00091
14 19 1.00091
14 20 1.00091
14 21 1.00091
14 22 1.00091
14 23 1.00091
14 24 1.00091
14 25 1.00091
14 26 1.00091
14 27 1.00091
14 28 1.00091
14 29 1.00091
14 30 1.00091
14 31 1.00091
14 32 1.0009
14 33 1.0009
14 34 1.0009
14 35 1.0009
14 36 1.00089
14 37 1.00089
14 38 1.00089
14 39 1.00088
14 40 1.00088
14 41 1.00087
14 42 1.00087
14 43 1.00086
14 44 1.00085
14 45 1.00085
14 46 1.00084
14 47 1.00083
14 48 1.00082
14 49 1.00081
14 50 1.00081
14 51 1.0008
14 52 1.00079
14 53 1.00078
14 54 1.00076
14 55 1.00075
14 56 1.00074
14 57 1.00073
14 58 1.00072
14 59 1.00071
14 60 1.00069
14 61 1.00068
14 62 1.00067
14 63 1.00065
14 64 1.00064
14 65 1.00063
14 66 1.00061
14 67 1.0006
14 68 1.00059
14 69 1.00057
14 70 1.00056
14 71 1.00054
14 72 1.00053
14 73 1.00052
14 74 1.0005
14 75 1.00049
14 76 1.00048
14 77 1.00047
14 78 1.00045
14 79 1.00044
14 80 1.00043
14 81 1.00042
14 82 1.00041
14 83 1.0004
14 84 1.00039
14 85 1.00038
14 86 1.00037
14 87 1.00036
14 88 1.00035
14 89 1.00034
14 90 1.00033
14 91 1.00032
14 92 1.00032
14 93 1.00031
14 94 1.0003
14 95 1.0003
14 96 1.00029
14 97 1.00028
14 98 1.00028
14 99 1.00027
14 100 1.00027
14 101 1.00026
14 102 1.00025
14 103 1.00025
14 104 1.00025
14 105 1.00024
14 106 1.00023
14 107 1.00023
14 108 1.00023
14 109 1.00021
14 110 1.00022
14 111 1.00022
14 112 1.00019
14 113 1.00019
14 114 1.00021
14 115 1.00019
14 116 1.00014
14 117 1.00018
14 118 1.00021
14 119 1.00013
14 120 1.00015
14 121 1.00024
14 122 1.00022
14 123 1.00026
14 124 1.00039
14 125 1.00048
14 126 1.0006
14 127 1.00071

15 0 0
15 1 1.00088
15 2 1.00089
15 3 1.00089
15 4 1.00089
15 5 1.00089
15 6 1.00089
15 7 1.00089
15 8 1.00089
15 9 1.00089
15 10 1.0009
15 11 1.0009
15 12 1.0009
15 13 1.0009
15 14 1.0009
15 15 1.0009
15 16 1.0009
15 17 1.0009
15 18 1.0009
15 19 1.00091
15 20 1.00091
15 21 1.00091
15 22 1.00091
15 23 1.00091
15 24 1.00091
15 25 1.00091
15 26 1.00091
15 27 1.00091
15 28 1.00091
15 29 1.00091
15 30 1.0009
15 31 1.0009
15 32 1.0009
15 33 1.0009
15 34 1.0009
15 35 1.00089
15 36 1.00089
15 37 1.00089
15 38 1.00088
15 39 1.00088
15 40 1.00087
15 41 1.00087
15 42 1.00086
15 43 1.00086
15 44 1.00085
15 45 1.00084
15 46 1.00084
15 47 1.00083
15 48 1.00082
15 49 1.00081
15 50 1.0008
15 51 1.00079
15 52 1.00078
15 53 1.00077
15 54 1.00076
15 55 1.00075
15 56 1.00074
15 57 1.00072
15 58 1.00071
15 59 1.0007
15 60 1.00069
15 61 1.00067
15 62 1.00066
15 63 1.00065
15 64 1.00063
15 65 1.00062
15 66 1.0006
15 67 1.00059
15 68 1.00058
15 69 1.00056
15 70 1.00055
15 71 1.00054
15 72 1.00052
15 73 1.00051
15 74 1.0005
15 75 1.00048
15 76 1.00047
15 77 1.00046
15 78 1.00044
15 79 1.00043
15 80 1.00042
15 81 1.00041
15 82 1.0004
15 83 1.00039
15 84 1.00038
15 85 1.00037
15 86 1.00036
15 87 1.00035
15 88 1.00034
15 89 1.00033
15 90 1.00033
15 91 1.00032
15 92 1.00031
15 93 1.00031
15 94 1.0003
15 95 1.00029
15 96 1.00029
15 97 1.00028
15 98 1.00028
15 99 1.00027
15 100 1.00027
15 101 1.00027
15 102 1.00026
15 103 1.00026
15 104 1.00026
15 105 1.00025
15 106 1.00025
15 107 1.00025
15 108 1.00025
15 109 1.00024
15 110 1.00023
15 111 1.00024
15 112 1.00024
15 113 1.00022
15 114 1.00022
15 115 1.00025
15 116 1.00023
15 117 1.0002
15 118 1.00024
15 119 1.00026
15 120 1.00022
15 121 1.00026
15 122 1.00033
15 123 1.00035
15 124 1.00043
15 125 1.00054
15 126 1.00065
15 127 1.00075

16 0 0
16 1 1.00088
16 2 1.00088
16 3 1.00088
16 4 1.00089
16 5 1.00089
16 6 1.00089
16 7 1.00089
16 8 1.00089
16 9 1.00089
16 10 1.00089
16 11 1.00089
16 12 1.0009
16 13 1.0009
16 14 1.0009
16 15 1.0009
16 16 1.0009
16 17 1.0009
16 18 1.0009
16 19 1.0009
16 20 1.0009
16 21 1.0009
16 22 1.00091
16 23 1.00091
16 24 1.00091
16 25 1.00091
16 26 1.00091
16 27 1.0009
16 28 1.0009
16 29 1.0009
16 30 1.0009
16 31 1.0009
16 32 1.0009
16 33 1.0009
16 34 1.00089
16 35 1.00089
16 36 1.00089
16 37 1.00088
16 38 1.00088
16 39 1.00087
16 40 1.00087
16 41 1.00086
16 42 1.00086
16 43 1.00085
16 44 1.00085
16 45 1.00084
16 46 1.00083
16 47 1.00082
16 48 1.00081
16 49 1.0008
16 50 1.0008
16 51 1.00079
16 52 1.00077
16 53 1.00076
16 54 1.00075
16 55 1.00074
16 56 1.00073
16 57 1.00072
16 58 1.0007
16 59 1.00069
16 60 1.00068
16 61 1.00066
16 62 1.00065
16 63 1.00064
16 64 1.00062
16 65 1.00061
16 66 1.0006
16 67 1.00058
16 68 1.00057
16 69 1.00055
16 70 1.00054
16 71 1.00053
16 72 1.00051
16 73 1.0005
16 74 1.00048
16 75 1.00047
16 76 1.00046
16 77 1.00045
16 78 1.00043
16 79 1.00042
16 80 1.00041
16 81 1.0004
16 82 1.00039
16 83 1.00038
16 84 1.00037
16 85 1.00036
16 86 1.00035
16 87 1.00034
16 88 1.00033
16 89 1.00033
16 90 1.00032
16 91 1.00031
16 92 1.00031
16 93 1.0003
16 94 1.0003
16 95 1.00029
16 96 1.00029
16 97 1.00028
16 98 1.00028
16 99 1.00027
16 100 1.00027
16 101 1.00027
16 102 1.00027
16 103 1.00027
16 104 1.00026
16 105 1.00026
16 106 1.00026
16 107 1.00026
16 108 1.00026
16 109 1.00027
16 110 1.00026
16 111 1.00026
16 112 1.00027
16 113 1.00028
16 114 1.00026
16 115 1.00026
16 116 1.00029
16 117 1.00028
16 118 1.00026
16 119 1.00031
16 120 1.00032
16 121 1.00032
16 122 1.00037
16 123 1.00044
16 124 1.0005
16 125 1.00059
16 126 1.00069
16 127 1.00078

17 0 0
17 1 1.00088
17 2 1.00088
17 3 1.00088
17 4 1.00088
17 5 1.00088
17 6 1.00089
17 7 1.00089
17 8 1.00089
17 9 1.00089
17 10 1.00089
17 11 1.00089
17 12 1.00089
17 13 1.00089
17 14 1.0009
17 15 1.0009
17 16 1.0009
17 17 1.0009
17 18 1.0009
17 19 1.0009
17 20 1.0009
17 21 1.0009
17 22 1.0009
17 23 1.0009
17 24 1.0009
17 25 1.0009
17 26 1.0009
17 27 1.0009
17 28 1.0009
17 29 1.0009
17 30 1.0009
17 31 1.0009
17 32 1.00089
17 33 1.00089
17 34 1.00089
17 35 1.00089
17 36 1.00088
17 37 1.00088
17 38 1.00088
17 39 1.00087
17 40 1.00087
17 41 1.00086
17 42 1.00085
17 43 1.00085
17 44 1.00084
17 45 1.00083
17 46 1.00083
17 47 1.00082
17 48 1.00081
17 49 1.0008
17 50 1.00079
17 51 1.00078
17 52 1.00077
17 53 1.00076
17 54 1.00075
17 55 1.00073
17 56 1.00072
17 57 1.00071
17 58 1.0007
17 59 1.00068
17 60 1.00067
17 61 1.00066
17 62 1.00064
17 63 1.00063
17 64 1.00061
17 65 1.0006
17 66 1.00059
17 67 1.00057
17 68 1.00056
17 69 1.00054
17 70 1.00053
17 71 1.00051
17 72 1.0005
17 73 1.00049
17 74 1.00047
17 75 1.00046
17 76 1.00045
17 77 1.00043
17 78 1.00042
17 79 1.00041
17 80 1.0004
17 81 1.00039
17 82 1.00038
17 83 1.00037
17 84 1.00036
17 85 1.00035
17 86 1.00034
17 87 1.00033
17 88 1.00033
17 89 1.00032
17 90 1.00031
17 91 1.00031
17 92 1.0003
17 93 1.0003
17 94 1.00029
17 95 1.00029
17 96 1.00028
17 97 1.00028
17 98 1.00028
17 99 1.00028
17 100 1.00027
17 101 1.00027
17 102 1.00027
17 103 1.00027
17 104 1.00027
17 105 1.00027
17 106 1.00028
17 107 1.00028
17 108 1.00028
17 109 1.00028
17 110 1.00029
17 111 1.00029
17 112 1.00029
17 113 1.0003
17 114 1.00031
17 115 1.0003
17 116 1.00031
17 117 1.00034
17 118 1.00033
17 119 1.00033
17 120 1.00038
17 121 1.0004
17 122 1.00042
17 123 1.00049
17 124 1.00056
17 125 1.00063
17 126 1.00072
17 127 1.00081

18 0 0
18 1 1.00088
18 2 1.00088
18 3 1.00088
18 4 1.00088
18 5 1.00088
18 6 1.00088
18 7 1.00088
18 8 1.00089
18 9 1.00089
18 10 1.00089
18 11 1.00089
18 12 1.00089
18 13 1.00089
18 14 1.00089
18 15 1.00089
18 16 1.0009
18 17 1.0009
18 18 1.0009
18 19 1.0009
18 20 1.0009
18 21 1.0009
18 22 1.0009
18 23 1.0009
18 24 1.0009
18 25 1.0009
18 26 1.0009
18 27 1.0009
18 28 1.0009
18 29 1.0009
18 30 1.0009
18 31 1.00089
18 32 1.00089
18 33 1.00089
18 34 1.00089
18 35 1.00088
18 36 1.00088
18 37 1.00088
18 38 1.00087
18 39 1.00087
18 40 1.00086
18 41 1.00086
18 42 1.00085
18 43 1.00084
18 44 1.00084
18 45 1.00083
18 46 1.00082
18 47 1.00081
18 48 1.0008
18 49 1.00079
18 50 1.00078
18 51 1.00077
18 52 1.00076
18 53 1.00075
18 54 1.00074
18 55 1.00073
18 56 1.00071
18 57 1.0007
18 58 1.00069
18 59 1.00067
18 60 1.00066
18 61 1.00065
18 62 1.00063
18 63 1.00062
18 64 1.0006
18 65 1.00059
18 66 1.00057
18 67 1.00056
18 68 1.00054
18 69 1.00053
18 70 1.00052
18 71 1.0005
18 72 1.00049
18 73 1.00047
18 74 1.00046
18 75 1.00045
18 76 1.00043
18 77 1.00042
18 78 1.00041
18 79 1.0004
18 80 1.00039
18 81 1.00038
18 82 1.00037
18 83 1.00036
18 84 1.00035
18 85 1.00034
18 86 1.00033
18 87 1.00032
18 88 1.00032
18 89 1.00031
18 90 1.0003
18 91 1.0003
18 92 1.00029
18 93 1.00029
18 94 1.00029
18 95 1.00028
18 96 1.00028
18 97 1.00028
18 98 1.00028
18 99 1.00028
18 100 1.00028
18 101 1.00028
18 102 1.00028
18 103 1.00028
18 104 1.00028
18 105 1.00029
18 106 1.00029
18 107 1.00029
18 108 1.0003
18 109 1.0003
18 110 1.00031
18 111 1.00032
18 112 1.00032
18 113 1.00032
18 114 1.00034
18 115 1.00035
18 116 1.00035
18 117 1.00036
18 118 1.00039
18 119 1.00039
18 120 1.00041
18 121 1.00045
18 122 1.00049
18 123 1.00053
18 124 1.0006
18 125 1.00067
18 126 1.00075
18 127 1.00083

19 0 0
19 1 1.00087
19 2 1.00088
19 3 1.00088
19 4 1.00088
19 5 1.00088
19 6 1.00088
19 7 1.00088
19 8 1.00088
19 9 1.00088
19 10 1.00089
19 11 1.00089
19 12 1.00089
19 13 1.00089
19 14 1.00089
19 15 1.00089
19 16 1.00089
19 17 1.00089
19 18 1.0009
19 19 1.0009
19 20 1.0009
19 21 1.0009
19 22 1.0009
19 23 1.0009
19 24 1.0009
19 25 1.0009
19 26 1.0009
19 27 1.0009
19 28 1.00089
19 29 1.00089
19 30 1.00089
19 31 1.00089
19 32 1.00089
19 33 1.00089
19 34 1.00088
19 35 1.00088
19 36 1.00088
19 37 1.00087
19 38 1.00087
19 39 1.00086
19 40 1.00086
19 41 1.00085
19 42 1.00084
19 43 1.00084
19 44 1.00083
19 45 1.00082
19 46 1.00081
19 47 1.00081
19 48 1.0008
19 49 1.00079
19 50 1.00078
19 51 1.00077
19 52 1.00075
19 53 1.00074
19 54 1.00073
19 55 1.00072
19 56 1.00071
19 57 1.00069
19 58 1.00068
19 59 1.00066
19 60 1.00065
19 61 1.00064
19 62 1.00062
19 63 1.00061
19 64 1.00059
19 65 1.00058
19 66 1.00056
19 67 1.00055
19 68 1.00053
19 69 1.00052
19 70 1.0005
19 71 1.00049
19 72 1.00047
19 73 1.00046
19 74 1.00045
19 75 1.00043
19 76 1.00042
19 77 1.00041
19 78 1.0004
19 79 1.00038
19 80 1.00037
19 81 1.00036
19 82 1.00035
19 83 1.00034
19 84 1.00033
19 85 1.00033
19 86 1.00032
19 87 1.00031
19 88 1.0003
19 89 1.0003
19 90 1.00029
19 91 1.00029
19 92 1.00029
19 93 1.00028
19 94 1.00028
19 95 1.00028
19 96 1.00028
19 97 1.00028
19 98 1.00028
19 99 1.00028
19 100 1.00028
19 101 1.00028
19 102 1.00028
19 103 1.00029
19 104 1.00029
19 105 1.0003
19 106 1.0003
19 107 1.00031
19 108 1.00032
19 109 1.00032
19 110 1.00033
19 111 1.00034
19 112 1.00035
19 113 1.00036
19 114 1.00036
19 115 1.00038
19 116 1.0004
19 117 1.0004
19 118 1.00042
19 119 1.00044
19 120 1.00046
19 121 1.00049
19 122 1.00053
19 123 1.00058
19 124 1.00064
19 125 1.00071
19 126 1.00078
19 127 1.00085

20 0 0
20 1 1.00087
20 2 1.00087
20 3 1.00087
20 4 1.00088
20 5 1.00088
20 6 1.00088
20 7 1.00088
20 8 1.00088
20 9 1.00088
20 10 1.00088
20 11 1.00088
20 12 1.00089
20 13 1.00089
20 14 1.00089
20 15 1.00089
20 16 1.00089
20 17 1.00089
20 18 1.00089
20 19 1.00089
20 20 1.00089
20 21 1.00089
20 22 1.00089
20 23 1.00089
20 24 1.00089
20 25 1.00089
20 26 1.00089
20 27 1.00089
20 28 1.00089
20 29 1.00089
20 30 1.00089
20 31 1.00089
20 32 1.00088
20 33 1.00088
20 34 1.00088
20 35 1.00088
20 36 1.00087
20 37 1.00087
20 38 1.00086
20 39 1.00086
20 40 1.00085
20 41 1.00085
20 42 1.00084
20 43 1.00083
20 44 1.00082
20 45 1.00082
20 46 1.00081
20 47 1.0008
20 48 1.00079
20 49 1.00078
20 50 1.00077
20 51 1.00076
20 52 1.00075
20 53 1.00073
20 54 1.00072
20 55 1.00071
20 56 1.0007
20 57 1.00068
20 58 1.00067
20 59 1.00065
20 60 1.00064
20 61 1.00062
20 62 1.00061
20 63 1.00059
20 64 1.00058
20 65 1.00056
20 66 1.00055
20 67 1.00053
20 68 1.00052
20 69 1.0005
20 70 1.00049
20 71 1.00047
20 72 1.00046
20 73 1.00045
20 74 1.00043
20 75 1.00042
20 76 1.00041
20 77 1.00039
20 78 1.00038
20 79 1.00037
20 80 1.00036
20 81 1.00035
20 82 1.00034
20 83 1.00033
20 84 1.00032
20 85 1.00031
20 86 1.0003
20 87 1.0003
20 88 1.00029
20 89 1.00029
20 90 1.00028
20 91 1.00028
20 92 1.00028
20 93 1.00027
20 94 1.00027
20 95 1.00027
20 96 1.00027
20 97 1.00027
20 98 1.00027
20 99 1.00028
20 100 1.00028
20 101 1.00028
20 102 1.00029
20 103 1.00029
20 104 1.0003
20 105 1.0003
20 106 1.00031
20 107 1.00032
20 108 1.00033
20 109 1.00034
20 110 1.00035
20 111 1.00036
20 112 1.00037
20 113 1.00039
20 114 1.0004
20 115 1.00041
20 116 1.00043
20 117 1.00044
20 118 1.00045
20 119 1.00048
20 120 1.0005
20 121 1.00053
20 122 1.00057
20 123 1.00062
20 124 1.00067
20 125 1.00073
20 126 1.0008
20 127 1.00087

21 0 0
21 1 1.00087
21 2 1.00087
21 3 1.00087
21 4 1.00087
21 5 1.00087
21 6 1.00088
21 7 1.00088
21 8 1.00088
21 9 1.00088
21 10 1.00088
21 11 1.00088
21 12 1.00088
21 13 1.00088
21 14 1.00089
21 15 1.00089
21 16 1.00089
21 17 1.00089
21 18 1.00089
21 19 1.00089
21 20 1.00089
21 21 1.00089
21 22 1.00089
21 23 1.00089
21 24 1.00089
21 25 1.00089
21 26 1.00089
21 27 1.00089
21 28 1.00089
21 29 1.00089
21 30 1.00089
21 31 1.00088
21 32 1.00088
21 33 1.00088
21 34 1.00087
21 35 1.00087
21 36 1.00087
21 37 1.00086
21 38 1.00086
21 39 1.00085
21 40 1.00085
21 41 1.00084
21 42 1.00083
21 43 1.00083
21 44 1.00082
21 45 1.00081
21 46 1.0008
21 47 1.00079
21 48 1.00078
21 49 1.00077
21 50 1.00076
21 51 1.00075
21 52 1.00074
21 53 1.00073
21 54 1.00071
21 55 1.0007
21 56 1.00069
21 57 1.00067
21 58 1.00066
21 59 1.00064
21 60 1.00063
21 61 1.00061
21 62 1.0006
21 63 1.00058
21 64 1.00057
21 65 1.00055
21 66 1.00053
21 67 1.00052
21 68 1.0005
21 69 1.00049
21 70 1.00047
21 71 1.00046
21 72 1.00044
21 73 1.00043
21 74 1.00042
21 75 1.0004
21 76 1.00039
21 77 1.00038
21 78 1.00036
21 79 1.00035
21 80 1.00034
21 81 1.00033
21 82 1.00032
21 83 1.00031
21 84 1.0003
21 85 1.0003
21 86 1.00029
21 87 1.00028
21 88 1.00028
21 89 1.00027
21 90 1.00027
21 91 1.00027
21 92 1.00027
21 93 1.00026
21 94 1.00026
21 95 1.00026
21 96 1.00027
21 97 1.00027
21 98 1.00027
21 99 1.00027
21 100 1.00028
21 101 1.00028
21 102 1.00029
21 103 1.0003
21 104 1.0003
21 105 1.00031
21 106 1.00032
21 107 1.00033
21 108 1.00034
21 109 1.00035
21 110 1.00037
21 111 1.00038
21 112 1.00039
21 113 1.00041
21 114 1.00042
21 115 1.00044
21 116 1.00045
21 117 1.00047
21 118 1.00049
21 119 1.00051
21 120 1.00054
21 121 1.00057
21 122 1.0006
21 123 1.00065
21 124 1.0007
21 125 1.00076
21 126 1.00082
21 127 1.00088

22 0 0
22 1 1.00087
22 2 1.00087
22 3 1.00087
22 4 1.00087
22 5 1.00087
22 6 1.00087
22 7 1.00087
22 8 1.00088
22 9 1.00088
22 10 1.00088
22 11 1.00088
22 12 1.00088
22 13 1.00088
22 14 1.00088
22 15 1.00088
22 16 1.00088
22 17 1.00089
22 18 1.00089
22 19 1.00089
22 20 1.00089
22 21 1.00089
22 22 1.00089
22 23 1.00089
22 24 1.00089
22 25 1.00089
22 26 1.00089
22 27 1.00089
22 28 1.00088
22 29 1.00088
22 30 1.00088
22 31 1.00088
22 32 1.00088
22 33 1.00087
22 34 1.00087
22 35 1.00087
22 36 1.00086
22 37 1.00086
22 38 1.00085
22 39 1.00085
22 40 1.00084
22 41 1.00084
22 42 1.00083
22 43 1.00082
22 44 1.00081
22 45 1.0008
22 46 1.0008
22 47 1.00079
22 48 1.00078
22 49 1.00076
22 50 1.00075
22 51 1.00074
22 52 1.00073
22 53 1.00072
22 54 1.0007
22 55 1.00069
22 56 1.00067
22 57 1.00066
22 58 1.00065
22 59 1.00063
22 60 1.00062
22 61 1.0006
22 62 1.00058
22 63 1.00057
22 64 1.00055
22 65 1.00054
22 66 1.00052
22 67 1.0005
22 68 1.00049
22 69 1.00047
22 70 1.00046
22 71 1.00044
22 72 1.00043
22 73 1.00041
22 74 1.0004
22 75 1.00038
22 76 1.00037
22 77 1.00036
22 78 1.00035
22 79 1.00033
22 80 1.00032
22 81 1.00031
22 82 1.0003
22 83 1.0003
22 84 1.00029
22 85 1.00028
22 86 1.00027
22 87 1.00027
22 88 1.00026
22 89 1.00026
22 90 1.00026
22 91 1.00026
22 92 1.00025
22 93 1.00025
22 94 1.00025
22 95 1.00026
22 96 1.00026
22 97 1.00026
22 98 1.00027
22 99 1.00027
22 100 1.00028
22 101 1.00028
22 102 1.00029
22 103 1.0003
22 104 1.00031
22 105 1.00032
22 106 1.00033
22 107 1.00034
22 108 1.00035
22 109 1.00037
22 110 1.00038
22 111 1.0004
22 112 1.00041
22 113 1.00043
22 114 1.00044
22 115 1.00046
22 116 1.00048
22 117 1.00049
22 118 1.00052
22 119 1.00054
22 120 1.00056
22 121 1.00059
22 122 1.00063
22 123 1.00067
22 124 1.00072
22 125 1.00078
22 126 1.00083
22 127 1.00089

23 0 0
23 1 1.00086
23 2 1.00086
23 3 1.00087
23 4 1.00087
23 5 1.00087
23 6 1.00087
23 7 1.00087
23 8 1.00087
23 9 1.00087
23 10 1.00088
23 11 1.00088
23 12 1.00088
23 13 1.00088
23 14 1.00088
23 15 1.00088
23 16 1.00088
23 17 1.00088
23 18 1.00088
23 19 1.00088
23 20 1.00088
23 21 1.00088
23 22 1.00088
23 23 1.00088
23 24 1.00088
23 25 1.00088
23 26 1.00088
23 27 1.00088
23 28 1.00088
23 29 1.00088
23 30 1.00088
23 31 1.00088
23 32 1.00087
23 33 1.00087
23 34 1.00087
23 35 1.00086
23 36 1.00086
23 37 1.00085
23 38 1.00085
23 39 1.00084
23 40 1.00084
23 41 1.00083
23 42 1.00082
23 43 1.00081
23 44 1.00081
23 45 1.0008
23 46 1.00079
23 47 1.00078
23 48 1.00077
23 49 1.00076
23 50 1.00074
23 51 1.00073
23 52 1.00072
23 53 1.00071
23 54 1.00069
23 55 1.00068
23 56 1.00066
23 57 1.00065
23 58 1.00063
23 59 1.00062
23 60 1.0006
23 61 1.00059
23 62 1.00057
23 63 1.00055
23 64 1.00054
23 65 1.00052
23 66 1.0005
23 67 1.00049
23 68 1.00047
23 69 1.00045
23 70 1.00044
23 71 1.00042
23 72 1.00041
23 73 1.00039
23 74 1.00038
23 75 1.00037
23 76 1.00035
23 77 1.00034
23 78 1.00033
23 79 1.00032
23 80 1.00031
23 81 1.0003
23 82 1.00029
23 83 1.00028
23 84 1.00027
23 85 1.00026
23 86 1.00026
23 87 1.00025
23 88 1.00025
23 89 1.00025
23 90 1.00024
23 91 1.00024
23 92 1.00024
23 93 1.00024
23 94 1.00024
23 95 1.00025
23 96 1.00025
23 97 1.00025
23 98 1.00026
23 99 1.00027
23 100 1.00027
23 101 1.00028
23 102 1.00029
23 103 1.0003
23 104 1.00031
23 105 1.00032
23 106 1.00034
23 107 1.00035
23 108 1.00036
23 109 1.00038
23 110 1.00039
23 111 1.00041
23 112 1.00043
23 113 1.00044
23 114 1.00046
23 115 1.00048
23 116 1.0005
23 117 1.00052
23 118 1.00054
23 119 1.00056
23 120 1.00059
23 121 1.00062
23 122 1.00065
23 123 1.00069
23 124 1.00074
23 125 1.00079
23 126 1.00085
23 127 1.0009

24 0 0
24 1 1.00086
24 2 1.00086
24 3 1.00086
24 4 1.00086
24 5 1.00087
24 6 1.00087
24 7 1.00087
24 8 1.00087
24 9 1.00087
24 10 1.00087
24 11 1.00087
24 12 1.00087
24 13 1.00088
24 14 1.00088
24 15 1.00088
24 16 1.00088
24 17 1.00088
24 18 1.00088
24 19 1.00088
24 20 1.00088
24 21 1.00088
24 22 1.00088
24 23 1.00088
24 24 1.00088
24 25 1.00088
24 26 1.00088
24 27 1.00088
24 28 1.00088
24 29 1.00088
24 30 1.00087
24 31 1.00087
24 32 1.00087
24 33 1.00087
24 34 1.00086
24 35 1.00086
24 36 1.00085
24 37 1.00085
24 38 1.00084
24 39 1.00084
24 40 1.00083
24 41 1.00082
24 42 1.00082
24 43 1.00081
24 44 1.0008
24 45 1.00079
24 46 1.00078
24 47 1.00077
24 48 1.00076
24 49 1.00075
24 50 1.00073
24 51 1.00072
24 52 1.00071
24 53 1.00069
24 54 1.00068
24 55 1.00067
24 56 1.00065
24 57 1.00064
24 58 1.00062
24 59 1.0006
24 60 1.00059
24 61 1.00057
24 62 1.00055
24 63 1.00054
24 64 1.00052
24 65 1.0005
24 66 1.00049
24 67 1.00047
24 68 1.00045
24 69 1.00044
24 70 1.00042
24 71 1.0004
24 72 1.00039
24 73 1.00037
24 74 1.00036
24 75 1.00034
24 76 1.00033
24 77 1.00032
24 78 1.00031
24 79 1.0003
24 80 1.00028
24 81 1.00027
24 82 1.00027
24 83 1.00026
24 84 1.00025
24 85 1.00024
24 86 1.00024
24 87 1.00023
24 88 1.00023
24 89 1.00023
24 90 1.00023
24 91 1.00023
24 92 1.00023
24 93 1.00023
24 94 1.00023
24 95 1.00024
24 96 1.00024
24 97 1.00025
24 98 1.00025
24 99 1.00026
24 100 1.00027
24 101 1.00028
24 102 1.00029
24 103 1.0003
24 104 1.00031
24 105 1.00032
24 106 1.00034
24 107 1.00035
24 108 1.00037
24 109 1.00039
24 110 1.0004
24 111 1.00042
24 112 1.00044
24 113 1.00046
24 114 1.00048
24 115 1.0005
24 116 1.00052
24 117 1.00054
24 118 1.00056
24 119 1.00058
24 120 1.00061
24 121 1.00064
24 122 1.00067
24 123 1.00071
24 124 1.00076
24 125 1.0008
24 126 1.00085
24 127 1.00091

25 0 0
25 1 1.00086
25 2 1.00086
25 3 1.00086
25 4 1.00086
25 5 1.00086
25 6 1.00086
25 7 1.00087
25 8 1.00087
25 9 1.00087
25 10 1.00087
25 11 1.00087
25 12 1.00087
25 13 1.00087
25 14 1.00087
25 15 1.00087
25 16 1.00088
25 17 1.00088
25 18 1.00088
25 19 1.00088
25 20 1.00088
25 21 1.00088
25 22 1.00088
25 23 1.00088
25 24 1.00088
25 25 1.00088
25 26 1.00088
25 27 1.00087
25 28 1.00087
25 29 1.00087
25 30 1.00087
25 31 1.00087
25 32 1.00086
25 33 1.00086
25 34 1.00086
25 35 1.00085
25 36 1.00085
25 37 1.00084
25 38 1.00084
25 39 1.00083
25 40 1.00082
25 41 1.00082
25 42 1.00081
25 43 1.0008
25 44 1.00079
25 45 1.00078
25 46 1.00077
25 47 1.00076
25 48 1.00075
25 49 1.00074
25 50 1.00072
25 51 1.00071
25 52 1.0007
25 53 1.00068
25 54 1.00067
25 55 1.00065
25 56 1.00064
25 57 1.00062
25 58 1.0006
25 59 1.00059
25 60 1.00057
25 61 1.00055
25 62 1.00054
25 63 1.00052
25 64 1.0005
25 65 1.00048
25 66 1.00047
25 67 1.00045
25 68 1.00043
25 69 1.00041
25 70 1.0004
25 71 1.00038
25 72 1.00037
25 73 1.00035
25 74 1.00034
25 75 1.00032
25 76 1.00031
25 77 1.0003
25 78 1.00028
25 79 1.00027
25 80 1.00026
25 81 1.00025
25 82 1.00024
25 83 1.00024
25 84 1.00023
25 85 1.00022
25 86 1.00022
25 87 1.00022
25 88 1.00021
25 89 1.00021
25 90 1.00021
25 91 1.00021
25 92 1.00021
25 93 1.00021
25 94 1.00022
25 95 1.00022
25 96 1.00023
25 97 1.00023
25 98 1.00024
25 99 1.00025
25 100 1.00026
25 101 1.00027
25 102 1.00028
25 103 1.0003
25 104 1.00031
25 105 1.00033
25 106 1.00034
25 107 1.00036
25 108 1.00037
25 109 1.00039
25 110 1.00041
25 111 1.00043
25 112 1.00045
25 113 1.00047
25 114 1.00049
25 115 1.00051
25 116 1.00053
25 117 1.00055
25 118 1.00058
25 119 1.0006
25 120 1.00063
25 121 1.00065
25 122 1.00069
25 123 1.00072
25 124 1.00077
25 125 1.00081
25 126 1.00086
25 127 1.00091

26 0 0
26 1 1.00085
26 2 1.00086
26 3 1.00086
26 4 1.00086
26 5 1.00086
26 6 1.00086
26 7 1.00086
26 8 1.00086
26 9 1.00086
26 10 1.00087
26 11 1.00087
26 12 1.00087
26 13 1.00087
26 14 1.00087
26 15 1.00087
26 16 1.00087
26 17 1.00087
26 18 1.00087
26 19 1.00087
26 20 1.00087
26 21 1.00087
26 22 1.00087
26 23 1.00087
26 24 1.00087
26 25 1.00087
26 26 1.00087
26 27 1.00087
26 28 1.00087
26 29 1.00087
26 30 1.00086
26 31 1.00086
26 32 1.00086
26 33 1.00086
26 34 1.00085
26 35 1.00085
26 36 1.00084
26 37 1.00084
26 38 1.00083
26 39 1.00082
26 40 1.00082
26 41 1.00081
26 42 1.0008
26 43 1.00079
26 44 1.00078
26 45 1.00077
26 46 1.00076
26 47 1.00075
26 48 1.00074
26 49 1.00073
26 50 1.00071
26 51 1.0007
26 52 1.00069
26 53 1.00067
26 54 1.00066
26 55 1.00064
26 56 1.00062
26 57 1.00061
26 58 1.00059
26 59 1.00057
26 60 1.00055
26 61 1.00054
26 62 1.00052
26 63 1.0005
26 64 1.00048
26 65 1.00046
26 66 1.00045
26 67 1.00043
26 68 1.00041
26 69 1.00039
26 70 1.00038
26 71 1.00036
26 72 1.00034
26 73 1.00033
26 74 1.00031
26 75 1.0003
26 76 1.00028
26 77 1.00027
26 78 1.00026
26 79 1.00025
26 80 1.00024
26 81 1.00023
26 82 1.00022
26 83 1.00021
26 84 1.00021
26 85 1.0002
26 86 1.0002
26 87 1.00019
26 88 1.00019
26 89 1.00019
26 90 1.00019
26 91 1.00019
26 92 1.00019
26 93 1.0002
26 94 1.0002
26 95 1.00021
26 96 1.00022
26 97 1.00022
26 98 1.00023
26 99 1.00024
26 100 1.00025
26 101 1.00027
26 102 1.00028
26 103 1.00029
26 104 1.00031
26 105 1.00032
26 106 1.00034
26 107 1.00036
26 108 1.00038
26 109 1.0004
26 110 1.00042
26 111 1.00044
26 112 1.00046
26 113 1.00048
26 114 1.0005
26 115 1.00052
26 116 1.00054
26 117 1.00056
26 118 1.00059
26 119 1.00061
26 120 1.00064
26 121 1.00067
26 122 1.0007
26 123 1.00073
26 124 1.00077
26 125 1.00082
26 126 1.00086
26 127 1.00091

27 0 0
27 1 1.00085
27 2 1.00085
27 3 1.00085
27 4 1.00085
27 5 1.00086
27 6 1.00086
27 7 1.00086
27 8 1.00086
27 9 1.00086
27 10 1.00086
27 11 1.00086
27 12 1.00086
27 13 1.00087
27 14 1.00087
27 15 1.00087
27 16 1.00087
27 17 1.00087
27 18 1.00087
27 19 1.00087
27 20 1.00087
27 21 1.00087
27 22 1.00087
27 23 1.00087
27 24 1.00087
27 25 1.00087
27 26 1.00087
27 27 1.00087
27 28 1.00086
27 29 1.00086
27 30 1.00086
27 31 1.00086
27 32 1.00085
27 33 1.00085
27 34 1.00085
27 35 1.00084
27 36 1.00084
27 37 1.00083
27 38 1.00082
27 39 1.00082
27 40 1.00081
27 41 1.0008
27 42 1.00079
27 43 1.00078
27 44 1.00077
27 45 1.00076
27 46 1.00075
27 47 1.00074
27 48 1.00073
27 49 1.00072
27 50 1.0007
27 51 1.00069
27 52 1.00067
27 53 1.00066
27 54 1.00064
27 55 1.00062
27 56 1.00061
27 57 1.00059
27 58 1.00057
27 59 1.00055
27 60 1.00054
27 61 1.00052
27 62 1.0005
27 63 1.00048
27 64 1.00046
27 65 1.00044
27 66 1.00042
27 67 1.00041
27 68 1.00039
27 69 1.00037
27 70 1.00035
27 71 1.00033
27 72 1.00032
27 73 1.0003
27 74 1.00029
27 75 1.00027
27 76 1.00026
27 77 1.00025
27 78 1.00023
27 79 1.00022
27 80 1.00021
27 81 1.0002
27 82 1.0002
27 83 1.00019
27 84 1.00018
27 85 1.00018
27 86 1.00017
27 87 1.00017
27 88 1.00017
27 89 1.00017
27 90 1.00017
27 91 1.00017
27 92 1.00018
27 93 1.00018
27 94 1.00019
27 95 1.00019
27 96 1.0002
27 97 1.00021
27 98 1.00022
27 99 1.00023
27 100 1.00024
27 101 1.00026
27 102 1.00027
27 103 1.00029
27 104 1.0003
27 105 1.00032
27 106 1.00034
27 107 1.00036
27 108 1.00038
27 109 1.0004
27 110 1.00042
27 111 1.00044
27 112 1.00046
27 113 1.00048
27 114 1.0005
27 115 1.00053
27 116 1.00055
27 117 1.00057
27 118 1.0006
27 119 1.00062
27 120 1.00065
27 121 1.00067
27 122 1.0007
27 123 1.00074
27 124 1.00078
27 125 1.00082
27 126 1.00086
27 127 1.0009

28 0 0
28 1 1.00085
28 2 1.00085
28 3 1.00085
28 4 1.00085
28 5 1.00085
28 6 1.00085
28 7 1.00086
28 8 1.00086
28 9 1.00086
28 10 1.00086
28 11 1.00086
28 12 1.00086
28 13 1.00086
28 14 1.00086
28 15 1.00086
28 16 1.00086
28 17 1.00087
28 18 1.00087
28 19 1.00087
28 20 1.00087
28 21 1.00087
28 22 1.00087
28 23 1.00087
28 24 1.00087
28 25 1.00086
28 26 1.00086
28 27 1.00086
28 28 1.00086
28 29 1.00086
28 30 1.00085
28 31 1.00085
28 32 1.00085
28 33 1.00084
28 34 1.00084
28 35 1.00084
28 36 1.00083
28 37 1.00082
28 38 1.00082
28 39 1.00081
28 40 1.0008
28 41 1.00079
28 42 1.00079
28 43 1.00078
28 44 1.00077
28 45 1.00075
28 46 1.00074
28 47 1.00073
28 48 1.00072
28 49 1.0007
28 50 1.00069
28 51 1.00067
28 52 1.00066
28 53 1.00064
28 54 1.00063
28 55 1.00061
28 56 1.00059
28 57 1.00057
28 58 1.00055
28 59 1.00054
28 60 1.00052
28 61 1.0005
28 62 1.00048
28 63 1.00046
28 64 1.00044
28 65 1.00042
28 66 1.0004
28 67 1.00038
28 68 1.00036
28 69 1.00034
28 70 1.00033
28 71 1.00031
28 72 1.00029
28 73 1.00028
28 74 1.00026
28 75 1.00025
28 76 1.00023
28 77 1.00022
28 78 1.00021
28 79 1.0002
28 80 1.00019
28 81 1.00018
28 82 1.00017
28 83 1.00016
28 84 1.00016
28 85 1.00015
28 86 1.00015
28 87 1.00015
28 88 1.00015
28 89 1.00015
28 90 1.00015
28 91 1.00015
28 92 1.00016
28 93 1.00016
28 94 1.00017
28 95 1.00017
28 96 1.00018
28 97 1.00019
28 98 1.00021
28 99 1.00022
28 100 1.00023
28 101 1.00025
28 102 1.00026
28 103 1.00028
28 104 1.0003
28 105 1.00031
28 106 1.00033
28 107 1.00035
28 108 1.00037
28 109 1.0004
28 110 1.00042
28 111 1.00044
28 112 1.00046
28 113 1.00049
28 114 1.00051
28 115 1.00053
28 116 1.00055
28 117 1.00058
28 118 1.0006
28 119 1.00062
28 120 1.00065
28 121 1.00068
28 122 1.00071
28 123 1.00074
28 124 1.00078
28 125 1.00082
28 126 1.00086
28 127 1.0009

29 0 0
29 1 1.00084
29 2 1.00085
29 3 1.00085
29 4 1.00085
29 5 1.00085
29 6 1.00085
29 7 1.00085
29 8 1.00085
29 9 1.00085
29 10 1.00086
29 11 1.00086
29 12 1.00086
29 13 1.00086
29 14 1.00086
29 15 1.00086
29 16 1.00086
29 17 1.00086
29 18 1.00086
29 19 1.00086
29 20 1.00086
29 21 1.00086
29 22 1.00086
29 23 1.00086
29 24 1.00086
29 25 1.00086
29 26 1.00086
29 27 1.00086
29 28 1.00085
29 29 1.00085
29 30 1.00085
29 31 1.00085
29 32 1.00084
29 33 1.00084
29 34 1.00083
29 35 1.00083
29 36 1.00082
29 37 1.00082
29 38 1.00081
29 39 1.0008
29 40 1.0008
29 41 1.00079
29 42 1.00078
29 43 1.00077
29 44 1.00076
29 45 1.00074
29 46 1.00073
29 47 1.00072
29 48 1.00071
29 49 1.00069
29 50 1.00068
29 51 1.00066
29 52 1.00064
29 53 1.00063
29 54 1.00061
29 55 1.00059
29 56 1.00057
29 57 1.00055
29 58 1.00054
29 59 1.00052
29 60 1.0005
29 61 1.00048
29 62 1.00046
29 63 1.00044
29 64 1.00041
29 65 1.00039
29 66 1.00037
29 67 1.00036
29 68 1.00034
29 69 1.00032
29 70 1.0003
29 71 1.00028
29 72 1.00026
29 73 1.00025
29 74 1.00023
29 75 1.00022
29 76 1.0002
29 77 1.00019
29 78 1.00018
29 79 1.00017
29 80 1.00016
29 81 1.00015
29 82 1.00014
29 83 1.00013
29 84 1.00013
29 85 1.00012
29 86 1.00012
29 87 1.00012
29 88 1.00012
29 89 1.00012
29 90 1.00012
29 91 1.00013
29 92 1.00013
29 93 1.00014
29 94 1.00015
29 95 1.00016
29 96 1.00017
29 97 1.00018
29 98 1.00019
29 99 1.0002
29 100 1.00022
29 101 1.00023
29 102 1.00025
29 103 1.00027
29 104 1.00029
29 105 1.00031
29 106 1.00033
29 107 1.00035
29 108 1.00037
29 109 1.00039
29 110 1.00041
29 111 1.00044
29 112 1.00046
29 113 1.00048
29 114 1.00051
29 115 1.00053
29 116 1.00055
29 117 1.00058
29 118 1.0006
29 119 1.00063
29 120 1.00065
29 121 1.00068
29 122 1.00071
29 123 1.00074
29 124 1.00077
29 125 1.00081
29 126 1.00085
29 127 1.00089

30 0 0
30 1 1.00084
30 2 1.00084
30 3 1.00084
30 4 1.00084
30 5 1.00085
30 6 1.00085
30 7 1.00085
30 8 1.00085
30 9 1.00085
30 10 1.00085
30 11 1.00085
30 12 1.00085
30 13 1.00086
30 14 1.00086
30 15 1.00086
30 16 1.00086
30 17 1.00086
30 18 1.00086
30 19 1.00086
30 20 1.00086
30 21 1.00086
30 22 1.00086
30 23 1.00086
30 24 1.00086
30 25 1.00086
30 26 1.00085
30 27 1.00085
30 28 1.00085
30 29 1.00085
30 30 1.00084
30 31 1.00084
30 32 1.00084
30 33 1.00083
30 34 1.00083
30 35 1.00082
30 36 1.00082
30 37 1.00081
30 38 1.0008
30 39 1.0008
30 40 1.00079
30 41 1.00078
30 42 1.00077
30 43 1.00076
30 44 1.00075
30 45 1.00073
30 46 1.00072
30 47 1.00071
30 48 1.00069
30 49 1.00068
30 50 1.00066
30 51 1.00065
30 52 1.00063
30 53 1.00061
30 54 1.00059
30 55 1.00057
30 56 1.00056
30 57 1.00054
30 58 1.00052
30 59 1.00049
30 60 1.00047
30 61 1.00045
30 62 1.00043
30 63 1.00041
30 64 1.00039
30 65 1.00037
30 66 1.00035
30 67 1.00033
30 68 1.00031
30 69 1.00029
30 70 1.00027
30 71 1.00025
30 72 1.00023
30 73 1.00022
30 74 1.0002
30 75 1.00018
30 76 1.00017
30 77 1.00016
30 78 1.00015
30 79 1.00013
30 80 1.00012
30 81 1.00012
30 82 1.00011
30 83 1.0001
30 84 1.0001
30 85 1.00009
30 86 1.00009
30 87 1.00009
30 88 1.00009
30 89 1.00009
30 90 1.0001
30 91 1.0001
30 92 1.00011
30 93 1.00012
30 94 1.00012
30 95 1.00013
30 96 1.00014
30 97 1.00016
30 98 1.00017
30 99 1.00019
30 100 1.0002
30 101 1.00022
30 102 1.00024
30 103 1.00026
30 104 1.00028
30 105 1.0003
30 106 1.00032
30 107 1.00034
30 108 1.00036
30 109 1.00039
30 110 1.00041
30 111 1.00043
30 112 1.00046
30 113 1.00048
30 114 1.0005
30 115 1.00053
30 116 1.00055
30 117 1.00057
30 118 1.0006
30 119 1.00062
30 120 1.00065
30 121 1.00067
30 122 1.0007
30 123 1.00073
30 124 1.00077
30 125 1.0008
30 126 1.00084
30 127 1.00088

31 0 0
31 1 1.00084
31 2 1.00084
31 3 1.00084
31 4 1.00084
31 5 1.00084
31 6 1.00084
31 7 1.00085
31 8 1.00085
31 9 1.00085
31 10 1.00085
31 11 1.00085
31 12 1.00085
31 13 1.00085
31 14 1.00085
31 15 1.00085
31 16 1.00085
31 17 1.00085
31 18 1.00085
31 19 1.00085
31 20 1.00085
31 21 1.00085
31 22 1.00085
31 23 1.00085
31 24 1.00085
31 25 1.00085
31 26 1.00085
31 27 1.00085
31 28 1.00084
31 29 1.00084
31 30 1.00084
31 31 1.00084
31 32 1.00083
31 33 1.00083
31 34 1.00082
31 35 1.00082
31 36 1.00081
31 37 1.0008
31 38 1.0008
31 39 1.00079
31 40 1.00078
31 41 1.00077
31 42 1.00076
31 43 1.00075
31 44 1.00074
31 45 1.00072
31 46 1.00071
31 47 1.0007
31 48 1.00068
31 49 1.00066
31 50 1.00065
31 51 1.00063
31 52 1.00061
31 53 1.00059
31 54 1.00058
31 55 1.00056
31 56 1.00054
31 57 1.00051
31 58 1.00049
31 59 1.00047
31 60 1.00045
31 61 1.00043
31 62 1.00041
31 63 1.00038
31 64 1.00036
31 65 1.00034
31 66 1.00032
31 67 1.0003
31 68 1.00028
31 69 1.00026
31 70 1.00024
31 71 1.00022
31 72 1.0002
31 73 1.00018
31 74 1.00017
31 75 1.00015
31 76 1.00014
31 77 1.00012
31 78 1.00011
31 79 1.0001
31 80 1.00009
31 81 1.00008
31 82 1.00008
31 83 1.00007
31 84 1.00007
31 85 1.00006
31 86 1.00006
31 87 1.00006
31 88 1.00006
31 89 1.00006
31 90 1.00007
31 91 1.00007
31 92 1.00008
31 93 1.00009
31 94 1.0001
31 95 1.00011
31 96 1.00012
31 97 1.00014
31 98 1.00015
31 99 1.00017
31 100 1.00018
31 101 1.0002
31 102 1.00022
31 103 1.00024
31 104 1.00026
31 105 1.00028
31 106 1.00031
31 107 1.00033
31 108 1.00035
31 109 1.00038
31 110 1.0004
31 111 1.00042
31 112 1.00045
31 113 1.00047
31 114 1.0005
31 115 1.00052
31 116 1.00055
31 117 1.00057
31 118 1.00059
31 119 1.00062
31 120 1.00064
31 121 1.00067
31 122 1.0007
31 123 1.00072
31 124 1.00076
31 125 1.00079
31 126 1.00083
31 127 1.00086

32 0 0
32 1 1.00083
32 2 1.00083
32 3 1.00084
32 4 1.00084
32 5 1.00084
32 6 1.00084
32 7 1.00084
32 8 1.00084
32 9 1.00084
32 10 1.00084
32 11 1.00085
32 12 1.00085
32 13 1.00085
32 14 1.00085
32 15 1.00085
32 16 1.00085
32 17 1.00085
32 18 1.00085
32 19 1.00085
32 20 1.00085
32 21 1.00085
32 22 1.00085
32 23 1.00085
32 24 1.00085
32 25 1.00085
32 26 1.00084
32 27 1.00084
32 28 1.00084
32 29 1.00084
32 30 1.00083
32 31 1.00083
32 32 1.00083
32 33 1.00082
32 34 1.00082
32 35 1.00081
32 36 1.0008
32 37 1.0008
32 38 1.00079
32 39 1.00078
32 40 1.00077
32 41 1.00076
32 42 1.00075
32 43 1.00074
32 44 1.00072
32 45 1.00071
32 46 1.0007
32 47 1.00068
32 48 1.00067
32 49 1.00065
32 50 1.00063
32 51 1.00061
32 52 1.0006
32 53 1.00058
32 54 1.00056
32 55 1.00054
32 56 1.00051
32 57 1.00049
32 58 1.00047
32 59 1.00045
32 60 1.00042
32 61 1.0004
32 62 1.00038
32 63 1.00036
32 64 1.00033
32 65 1.00031
32 66 1.00029
32 67 1.00027
32 68 1.00024
32 69 1.00022
32 70 1.0002
32 71 1.00018
32 72 1.00017
32 73 1.00015
32 74 1.00013
32 75 1.00012
32 76 1.0001
32 77 1.00009
32 78 1.00008
32 79 1.00006
32 80 1.00005
32 81 1.00005
32 82 1.00004
32 83 1.00003
32 84 1.00003
32 85 1.00003
32 86 1.00003
32 87 1.00003
32 88 1.00003
32 89 1.00003
32 90 1.00004
32 91 1.00004
32 92 1.00005
32 93 1.00006
32 94 1.00007
32 95 1.00008
32 96 1.0001
32 97 1.00011
32 98 1.00013
32 99 1.00014
32 100 1.00016
32 101 1.00018
32 102 1.0002
32 103 1.00022
32 104 1.00024
32 105 1.00027
32 106 1.00029
32 107 1.00031
32 108 1.00034
32 109 1.00036
32 110 1.00039
32 111 1.00041
32 112 1.00044
32 113 1.00046
32 114 1.00049
32 115 1.00051
32 116 1.00054
32 117 1.00056
32 118 1.00058
32 119 1.00061
32 120 1.00063
32 121 1.00066
32 122 1.00068
32 123 1.00071
32 124 1.00074
32 125 1.00078
32 126 1.00081
32 127 1.00085

33 0 0
33 1 1.00083
33 2 1.00083
33 3 1.00083
33 4 1.00083
33 5 1.00084
33 6 1.00084
33 7 1.00084
33 8 1.00084
33 9 1.00084
33 10 1.00084
33 11 1.00084
33 12 1.00084
33 13 1.00084
33 14 1.00084
33 15 1.00084
33 16 1.00085
33 17 1.00085
33 18 1.00085
33 19 1.00085
33 20 1.00085
33 21 1.00085
33 22 1.00084
33 23 1.00084
33 24 1.00084
33 25 1.00084
33 26 1.00084
33 27 1.00084
33 28 1.00083
33 29 1.00083
33 30 1.00083
33 31 1.00082
33 32 1.00082
33 33 1.00081
33 34 1.00081
33 35 1.0008
33 36 1.0008
33 37 1.00079
33 38 1.00078
33 39 1.00077
33 40 1.00076
33 41 1.00075
33 42 1.00074
33 43 1.00073
33 44 1.00071
33 45 1.0007
33 46 1.00068
33 47 1.00067
33 48 1.00065
33 49 1.00063
33 50 1.00062
33 51 1.0006
33 52 1.00058
33 53 1.00056
33 54 1.00054
33 55 1.00051
33 56 1.00049
33 57 1.00047
33 58 1.00045
33 59 1.00042
33 60 1.0004
33 61 1.00037
33 62 1.00035
33 63 1.00033
33 64 1.0003
33 65 1.00028
33 66 1.00026
33 67 1.00023
33 68 1.00021
33 69 1.00019
33 70 1.00017
33 71 1.00015
33 72 1.00013
33 73 1.00011
33 74 1.00009
33 75 1.00008
33 76 1.00006
33 77 1.00005
33 78 1.00004
33 79 1.00003
33 80 1.00002
33 81 1.00001
33 82 1
33 83 0.999997
33 84 0.999994
33 85 0.999992
33 86 0.999991
33 87 0.999992
33 88 0.999995
33 89 0.999999
33 90 1.00001
33 91 1.00001
33 92 1.00002
33 93 1.00003
33 94 1.00004
33 95 1.00006
33 96 1.00007
33 97 1.00009
33 98 1.0001
33 99 1.00012
33 100 1.00014
33 101 1.00016
33 102 1.00018
33 103 1.0002
33 104 1.00023
33 105 1.00025
33 106 1.00027
33 107 1.0003
33 108 1.00032
33 109 1.00035
33 110 1.00037
33 111 1.0004
33 112 1.00042
33 113 1.00045
33 114 1.00047
33 115 1.0005
33 116 1.00052
33 117 1.00055
33 118 1.00057
33 119 1.0006
33 120 1.00062
33 121 1.00064
33 122 1.00067
33 123 1.0007
33 124 1.00073
33 125 1.00076
33 126 1.00079
33 127 1.00083

34 0 0
34 1 1.00083
34 2 1.00083
34 3 1.00083
34 4 1.00083
34 5 1.00083
34 6 1.00083
34 7 1.00083
34 8 1.00084
34 9 1.00084
34 10 1.00084
34 11 1.00084
34 12 1.00084
34 13 1.00084
34 14 1.00084
34 15 1.00084
34 16 1.00084
34 17 1.00084
34 18 1.00084
34 19 1.00084
34 20 1.00084
34 21 1.00084
34 22 1.00084
34 23 1.00084
34 24 1.00084
34 25 1.00084
34 26 1.00083
34 27 1.00083
34 28 1.00083
34 29 1.00083
34 30 1.00082
34 31 1.00082
34 32 1.00081
34 33 1.00081
34 34 1.0008
34 35 1.00079
34 36 1.00079
34 37 1.00078
34 38 1.00077
34 39 1.00076
34 40 1.00075
34 41 1.00074
34 42 1.00073
34 43 1.00071
34 44 1.0007
34 45 1.00069
34 46 1.00067
34 47 1.00065
34 48 1.00064
34 49 1.00062
34 50 1.0006
34 51 1.00058
34 52 1.00056
34 53 1.00054
34 54 1.00051
34 55 1.00049
34 56 1.00047
34 57 1.00044
34 58 1.00042
34 59 1.00039
34 60 1.00037
34 61 1.00034
34 62 1.00032
34 63 1.00029
34 64 1.00027
34 65 1.00024
34 66 1.00022
34 67 1.0002
34 68 1.00017
34 69 1.00015
34 70 1.00013
34 71 1.00011
34 72 1.00009
34 73 1.00007
34 74 1.00005
34 75 1.00004
34 76 1.00002
34 77 1.00001
34 78 0.999995
34 79 0.999985
34 80 0.999975
34 81 0.999968
34 82 0.999962
34 83 0.999957
34 84 0.999954
34 85 0.999953
34 86 0.999953
34 87 0.999955
34 88 0.999958
34 89 0.999963
34 90 0.99997
34 91 0.999978
34 92 0.999988
34 93 0.999999
34 94 1.00001
34 95 1.00003
34 96 1.00004
34 97 1.00006
34 98 1.00008
34 99 1.00009
34 100 1.00011
34 101 1.00014
34 102 1.00016
34 103 1.00018
34 104 1.0002
34 105 1.00023
34 106 1.00025
34 107 1.00028
34 108 1.0003
34 109 1.00033
34 110 1.00036
34 111 1.00038
34 112 1.00041
34 113 1.00043
34 114 1.00046
34 115 1.00048
34 116 1.00051
34 117 1.00053
34 118 1.00056
34 119 1.00058
34 120 1.0006
34 121 1.00063
34 122 1.00065
34 123 1.00068
34 124 1.00071
34 125 1.00074
34 126 1.00077
34 127 1.0008

35 0 0
35 1 1.00082
35 2 1.00082
35 3 1.00083
35 4 1.00083
35 5 1.00083
35 6 1.00083
35 7 1.00083
35 8 1.00083
35 9 1.00083
35 10 1.00083
35 11 1.00083
35 12 1.00083
35 13 1.00084
35 14 1.00084
35 15 1.00084
35 16 1.00084
35 17 1.00084
35 18 1.00084
35 19 1.00084
35 20 1.00084
35 21 1.00084
35 22 1.00083
35 23 1.00083
35 24 1.00083
35 25 1.00083
35 26 1.00083
35 27 1.00083
35 28 1.00082
35 29 1.00082
35 30 1.00082
35 31 1.00081
35 32 1.00081
35 33 1.0008
35 34 1.00079
35 35 1.00079
35 36 1.00078
35 37 1.00077
35 38 1.00076
35 39 1.00075
35 40 1.00074
35 41 1.00073
35 42 1.00072
35 43 1.0007
35 44 1.00069
35 45 1.00067
35 46 1.00066
35 47 1.00064
35 48 1.00062
35 49 1.0006
35 50 1.00058
35 51 1.00056
35 52 1.00054
35 53 1.00051
35 54 1.00049
35 55 1.00047
35 56 1.00044
35 57 1.00042
35 58 1.00039
35 59 1.00036
35 60 1.00034
35 61 1.00031
35 62 1.00029
35 63 1.00026
35 64 1.00023
35 65 1.00021
35 66 1.00018
35 67 1.00016
35 68 1.00013
35 69 1.00011
35 70 1.00009
35 71 1.00007
35 72 1.00005
35 73 1.00003
35 74 1.00001
35 75 0.999993
35 76 0.999978
35 77 0.999964
35 78 0.999952
35 79 0.999941
35 80 0.999932
35 81 0.999925
35 82 0.999919
35 83 0.999915
35 84 0.999912
35 85 0.999911
35 86 0.999912
35 87 0.999915
35 88 0.999919
35 89 0.999925
35 90 0.999932
35 91 0.999941
35 92 0.999952
35 93 0.999964
35 94 0.999978
35 95 0.999993
35 96 1.00001
35 97 1.00003
35 98 1.00005
35 99 1.00007
35 100 1.00009
35 101 1.00011
35 102 1.00013
35 103 1.00016
35 104 1.00018
35 105 1.00021
35 106 1.00023
35 107 1.00026
35 108 1.00028
35 109 1.00031
35 110 1.00034
35 111 1.00036
35 112 1.00039
35 113 1.00041
35 114 1.00044
35 115 1.00047
35 116 1.00049
35 117 1.00051
35 118 1.00054
35 119 1.00056
35 120 1.00058
35 121 1.00061
35 122 1.00063
35 123 1.00066
35 124 1.00069
35 125 1.00072
35 126 1.00075
35 127 1.00078

36 0 0
36 1 1.00082
36 2 1.00082
36 3 1.00082
36 4 1.00082
36 5 1.00082
36 6 1.00083
36 7 1.00083
36 8 1.00083
36 9 1.00083
36 10 1.00083
36 11 1.00083
36 12 1.00083
36 13 1.00083
36 14 1.00083
36 15 1.00083
36 16 1.00083
36 17 1.00083
36 18 1.00083
36 19 1.00083
36 20 1.00083
36 21 1.00083
36 22 1.00083
36 23 1.00083
36 24 1.00083
36 25 1.00082
36 26 1.00082
36 27 1.00082
36 28 1.00082
36 29 1.00081
36 30 1.00081
36 31 1.0008
36 32 1.0008
36 33 1.00079
36 34 1.00079
36 35 1.00078
36 36 1.00077
36 37 1.00076
36 38 1.00075
36 39 1.00074
36 40 1.00073
36 41 1.00072
36 42 1.0007
36 43 1.00069
36 44 1.00067
36 45 1.00066
36 46 1.00064
36 47 1.00062
36 48 1.0006
36 49 1.00058
36 50 1.00056
36 51 1.00054
36 52 1.00051
36 53 1.00049
36 54 1.00047
36 55 1.00044
36 56 1.00041
36 57 1.00039
36 58 1.00036
36 59 1.00033
36 60 1.00031
36 61 1.00028
36 62 1.00025
36 63 1.00022
36 64 1.0002
36 65 1.00017
36 66 1.00014
36 67 1.00012
36 68 1.00009
36 69 1.00007
36 70 1.00005
36 71 1.00002
36 72 1
36 73 0.999983
36 74 0.999964
36 75 0.999948
36 76 0.999932
36 77 0.999918
36 78 0.999906
36 79 0.999895
36 80 0.999886
36 81 0.999879
36 82 0.999873
36 83 0.99987
36 84 0.999868
36 85 0.999867
36 86 0.999869
36 87 0.999872
36 88 0.999877
36 89 0.999884
36 90 0.999892
36 91 0.999902
36 92 0.999914
36 93 0.999927
36 94 0.999941
36 95 0.999957
36 96 0.999975
36 97 0.999993
36 98 1.00001
36 99 1.00003
36 100 1.00006
36 101 1.00008
36 102 1.0001
36 103 1.00013
36 104 1.00015
36 105 1.00018
36 106 1.00021
36 107 1.00023
36 108 1.00026
36 109 1.00029
36 110 1.00031
36 111 1.00034
36 112 1.00037
36 113 1.00039
36 114 1.00042
36 115 1.00044
36 116 1.00047
36 117 1.00049
36 118 1.00051
36 119 1.00054
36 120 1.00056
36 121 1.00058
36 122 1.00061
36 123 1.00063
36 124 1.00066
36 125 1.00069
36 126 1.00072
36 127 1.00075

37 0 0
37 1 1.00082
37 2 1.00082
37 3 1.00082
37 4 1.00082
37 5 1.00082
37 6 1.00082
37 7 1.00082
37 8 1.00082
37 9 1.00082
37 10 1.00083
37 11 1.00083
37 12 1.00083
37 13 1.00083
37 14 1.00083
37 15 1.00083
37 16 1.00083
37 17 1.00083
37 18 1.00083
37 19 1.00083
37 20 1.00083
37 21 1.00083
37 22 1.00082
37 23 1.00082
37 24 1.00082
37 25 1.00082
37 26 1.00082
37 27 1.00081
37 28 1.00081
37 29 1.00081
37 30 1.0008
37 31 1.0008
37 32 1.00079
37 33 1.00079
37 34 1.00078
37 35 1.00077
37 36 1.00076
37 37 1.00075
37 38 1.00074
37 39 1.00073
37 40 1.00072
37 41 1.00071
37 42 1.00069
37 43 1.00068
37 44 1.00066
37 45 1.00064
37 46 1.00062
37 47 1.0006
37 48 1.00058
37 49 1.00056
37 50 1.00054
37 51 1.00052
37 52 1.00049
37 53 1.00047
37 54 1.00044
37 55 1.00041
37 56 1.00039
37 57 1.00036
37 58 1.00033
37 59 1.0003
37 60 1.00027
37 61 1.00024
37 62 1.00021
37 63 1.00019
37 64 1.00016
37 65 1.00013
37 66 1.0001
37 67 1.00007
37 68 1.00005
37 69 1.00002
37 70 1
37 71 0.999977
37 72 0.999955
37 73 0.999935
37 74 0.999916
37 75 0.999899
37 76 0.999883
37 77 0.999869
37 78 0.999857
37 79 0.999846
37 80 0.999838
37 81 0.999831
37 82 0.999825
37 83 0.999822
37 84 0.99982
37 85 0.999821
37 86 0.999823
37 87 0.999827
37 88 0.999833
37 89 0.99984
37 90 0.999849
37 91 0.99986
37 92 0.999873
37 93 0.999887
37 94 0.999902
37 95 0.999919
37 96 0.999938
37 97 0.999957
37 98 0.999978
37 99 1
37 100 1.00002
37 101 1.00005
37 102 1.00007
37 103 1.0001
37 104 1.00012
37 105 1.00015
37 106 1.00018
37 107 1.0002
37 108 1.00023
37 109 1.00026
37 110 1.00029
37 111 1.00031
37 112 1.00034
37 113 1.00037
37 114 1.00039
37 115 1.00042
37 116 1.00044
37 117 1.00047
37 118 1.00049
37 119 1.00051
37 120 1.00054
37 121 1.00056
37 122 1.00058
37 123 1.00061
37 124 1.00063
37 125 1.00066
37 126 1.00069
37 127 1.00072

38 0 0
38 1 1.00081
38 2 1.00081
38 3 1.00081
38 4 1.00082
38 5 1.00082
38 6 1.00082
38 7 1.00082
38 8 1.00082
38 9 1.00082
38 10 1.00082
38 11 1.00082
38 12 1.00082
38 13 1.00082
38 14 1.00082
38 15 1.00082
38 16 1.00082
38 17 1.00082
38 18 1.00082
38 19 1.00082
38 20 1.00082
38 21 1.00082
38 22 1.00082
38 23 1.00082
38 24 1.00082
38 25 1.00081
38 26 1.00081
38 27 1.00081
38 28 1.0008
38 29 1.0008
38 30 1.0008
38 31 1.00079
38 32 1.00078
38 33 1.00078
38 34 1.00077
38 35 1.00076
38 36 1.00075
38 37 1.00074
38 38 1.00073
38 39 1.00072
38 40 1.00071
38 41 1.00069
38 42 1.00068
38 43 1.00066
38 44 1.00065
38 45 1.00063
38 46 1.00061
38 47 1.00059
38 48 1.00056
38 49 1.00054
38 50 1.00052
38 51 1.00049
38 52 1.00047
38 53 1.00044
38 54 1.00041
38 55 1.00038
38 56 1.00036
38 57 1.00033
38 58 1.0003
38 59 1.00027
38 60 1.00024
38 61 1.00021
38 62 1.00017
38 63 1.00014
38 64 1.00011
38 65 1.00009
38 66 1.00006
38 67 1.00003
38 68 1
38 69 0.999976
38 70 0.999952
38 71 0.999928
38 72 0.999906
38 73 0.999885
38 74 0.999866
38 75 0.999848
38 76 0.999832
38 77 0.999818
38 78 0.999806
38 79 0.999795
38 80 0.999786
38 81 0.99978
38 82 0.999775
38 83 0.999772
38 84 0.999771
38 85 0.999772
38 86 0.999774
38 87 0.999779
38 88 0.999786
38 89 0.999794
38 90 0.999804
38 91 0.999816
38 92 0.999829
38 93 0.999844
38 94 0.999861
38 95 0.999879
38 96 0.999898
38 97 0.999919
38 98 0.999941
38 99 0.999964
38 100 0.999988
38 101 1.00001
38 102 1.00004
38 103 1.00006
38 104 1.00009
38 105 1.00012
38 106 1.00015
38 107 1.00017
38 108 1.0002
38 109 1.00023
38 110 1.00026
38 111 1.00029
38 112 1.00031
38 113 1.00034
38 114 1.00037
38 115 1.00039
38 116 1.00041
38 117 1.00044
38 118 1.00046
38 119 1.00048
38 120 1.00051
38 121 1.00053
38 122 1.00055
38 123 1.00058
38 124 1.0006
38 125 1.00063
38 126 1.00066
38 127 1.00069

39 0 0
39 1 1.00081
39 2 1.00081
39 3 1.00081
39 4 1.00081
39 5 1.00081
39 6 1.00081
39 7 1.00081
39 8 1.00082
39 9 1.00082
39 10 1.00082
39 11 1.00082
39 12 1.00082
39 13 1.00082
39 14 1.00082
39 15 1.00082
39 16 1.00082
39 17 1.00082
39 18 1.00082
39 19 1.00082
39 20 1.00082
39 21 1.00082
39 22 1.00081
39 23 1.00081
39 24 1.00081
39 25 1.00081
39 26 1.00081
39 27 1.0008
39 28 1.0008
39 29 1.00079
39 30 1.00079
39 31 1.00078
39 32 1.00078
39 33 1.00077
39 34 1.00076
39 35 1.00075
39 36 1.00074
39 37 1.00073
39 38 1.00072
39 39 1.00071
39 40 1.0007
39 41 1.00068
39 42 1.00066
39 43 1.00065
39 44 1.00063
39 45 1.00061
39 46 1.00059
39 47 1.00057
39 48 1.00054
39 49 1.00052
39 50 1.00049
39 51 1.00047
39 52 1.00044
39 53 1.00041
39 54 1.00038
39 55 1.00035
39 56 1.00032
39 57 1.00029
39 58 1.00026
39 59 1.00023
39 60 1.0002
39 61 1.00017
39 62 1.00013
39 63 1.0001
39 64 1.00007
39 65 1.00004
39 66 1.00001
39 67 0.999981
39 68 0.999953
39 69 0.999926
39 70 0.999901
39 71 0.999876
39 72 0.999853
39 73 0.999832
39 74 0.999812
39 75 0.999794
39 76 0.999778
39 77 0.999764
39 78 0.999751
39 79 0.999741
39 80 0.999732
39 81 0.999726
39 82 0.999721
39 83 0.999719
39 84 0.999718
39 85 0.99972
39 86 0.999723
39 87 0.999729
39 88 0.999736
39 89 0.999745
39 90 0.999756
39 91 0.999769
39 92 0.999783
39 93 0.9998
39 94 0.999817
39 95 0.999836
39 96 0.999857
39 97 0.999878
39 98 0.999901
39 99 0.999925
39 100 0.99995
39 101 0.999976
39 102 1
39 103 1.00003
39 104 1.00006
39 105 1.00008
39 106 1.00011
39 107 1.00014
39 108 1.00017
39 109 1.0002
39 110 1.00023
39 111 1.00025
39 112 1.00028
39 113 1.00031
39 114 1.00033
39 115 1.00036
39 116 1.00038
39 117 1.00041
39 118 1.00043
39 119 1.00045
39 120 1.00048
39 121 1.0005
39 122 1.00052
39 123 1.00054
39 124 1.00057
39 125 1.00059
39 126 1.00062
39 127 1.00065

40 0 0
40 1 1.0008
40 2 1.0008
40 3 1.00081
40 4 1.00081
40 5 1.00081
40 6 1.00081
40 7 1.00081
40 8 1.00081
40 9 1.00081
40 10 1.00081
40 11 1.00081
40 12 1.00081
40 13 1.00081
40 14 1.00081
40 15 1.00081
40 16 1.00081
40 17 1.00081
40 18 1.00081
40 19 1.00081
40 20 1.00081
40 21 1.00081
40 22 1.00081
40 23 1.00081
40 24 1.0008
40 25 1.0008
40 26 1.0008
40 27 1.0008
40 28 1.00079
40 29 1.00079
40 30 1.00078
40 31 1.00078
40 32 1.00077
40 33 1.00076
40 34 1.00075
40 35 1.00074
40 36 1.00073
40 37 1.00072
40 38 1.00071
40 39 1.0007
40 40 1.00068
40 41 1.00067
40 42 1.00065
40 43 1.00063
40 44 1.00061
40 45 1.00059
40 46 1.00057
40 47 1.00055
40 48 1.00052
40 49 1.0005
40 50 1.00047
40 51 1.00044
40 52 1.00041
40 53 1.00038
40 54 1.00035
40 55 1.00032
40 56 1.00029
40 57 1.00026
40 58 1.00022
40 59 1.00019
40 60 1.00016
40 61 1.00012
40 62 1.00009
40 63 1.00006
40 64 1.00002
40 65 0.999992
40 66 0.999961
40 67 0.999931
40 68 0.999902
40 69 0.999874
40 70 0.999847
40 71 0.999822
40 72 0.999799
40 73 0.999777
40 74 0.999756
40 75 0.999738
40 76 0.999722
40 77 0.999707
40 78 0.999695
40 79 0.999684
40 80 0.999676
40 81 0.999669
40 82 0.999665
40 83 0.999663
40 84 0.999663
40 85 0.999665
40 86 0.99967
40 87 0.999676
40 88 0.999684
40 89 0.999694
40 90 0.999706
40 91 0.99972
40 92 0.999735
40 93 0.999752
40 94 0.999771
40 95 0.999791
40 96 0.999812
40 97 0.999835
40 98 0.999858
40 99 0.999883
40 100 0.999909
40 101 0.999936
40 102 0.999963
40 103 0.999991
40 104 1.00002
40 105 1.00005
40 106 1.00008
40 107 1.00011
40 108 1.00014
40 109 1.00016
40 110 1.00019
40 111 1.00022
40 112 1.00025
40 113 1.00028
40 114 1.0003
40 115 1.00033
40 116 1.00035
40 117 1.00037
40 118 1.0004
40 119 1.00042
40 120 1.00044
40 121 1.00046
40 122 1.00049
40 123 1.00051
40 124 1.00053
40 125 1.00056
40 126 1.00058
40 127 1.00061

41 0 0
41 1 1.0008
41 2 1.0008
41 3 1.0008
41 4 1.0008
41 5 1.0008
41 6 1.00081
41 7 1.00081
41 8 1.00081
41 9 1.00081
41 10 1.00081
41 11 1.00081
41 12 1.00081
41 13 1.00081
41 14 1.00081
41 15 1.00081
41 16 1.00081
41 17 1.00081
41 18 1.00081
41 19 1.00081
41 20 1.00081
41 21 1.00081
41 22 1.0008
41 23 1.0008
41 24 1.0008
41 25 1.0008
41 26 1.00079
41 27 1.00079
41 28 1.00078
41 29 1.00078
41 30 1.00077
41 31 1.00077
41 32 1.00076
41 33 1.00075
41 34 1.00074
41 35 1.00073
41 36 1.00072
41 37 1.00071
41 38 1.0007
41 39 1.00069
41 40 1.00067
41 41 1.00065
41 42 1.00064
41 43 1.00062
41 44 1.0006
41 45 1.00057
41 46 1.00055
41 47 1.00053
41 48 1.0005
41 49 1.00047
41 50 1.00045
41 51 1.00042
41 52 1.00039
41 53 1.00035
41 54 1.00032
41 55 1.00029
41 56 1.00025
41 57 1.00022
41 58 1.00018
41 59 1.00015
41 60 1.00011
41 61 1.00008
41 62 1.00004
41 63 1.00001
41 64 0.999975
41 65 0.999942
41 66 0.99991
41 67 0.999878
41 68 0.999848
41 69 0.999819
41 70 0.999791
41 71 0.999765
41 72 0.999741
41 73 0.999718
41 74 0.999698
41 75 0.999679
41 76 0.999662
41 77 0.999648
41 78 0.999635
41 79 0.999625
41 80 0.999616
41 81 0.99961
41 82 0.999607
41 83 0.999605
41 84 0.999606
41 85 0.999608
41 86 0.999613
41 87 0.99962
41 88 0.999629
41 89 0.99964
41 90 0.999653
41 91 0.999667
41 92 0.999684
41 93 0.999702
41 94 0.999721
41 95 0.999743
41 96 0.999765
41 97 0.999789
41 98 0.999813
41 99 0.999839
41 100 0.999866
41 101 0.999894
41 102 0.999922
41 103 0.99995
41 104 0.99998
41 105 1.00001
41 106 1.00004
41 107 1.00007
41 108 1.0001
41 109 1.00013
41 110 1.00016
41 111 1.00018
41 112 1.00021
41 113 1.00024
41 114 1.00026
41 115 1.00029
41 116 1.00031
41 117 1.00034
41 118 1.00036
41 119 1.00038
41 120 1.0004
41 121 1.00043
41 122 1.00045
41 123 1.00047
41 124 1.00049
41 125 1.00052
41 126 1.00054
41 127 1.00057

42 0 0
42 1 1.0008
42 2 1.0008
42 3 1.0008
42 4 1.0008
42 5 1.0008
42 6 1.0008
42 7 1.0008
42 8 1.0008
42 9 1.0008
42 10 1.0008
42 11 1.0008
42 12 1.0008
42 13 1.00081
42 14 1.00081
42 15 1.00081
42 16 1.0008
42 17 1.0008
42 18 1.0008
42 19 1.0008
42 20 1.0008
42 21 1.0008
42 22 1.0008
42 23 1.0008
42 24 1.00079
42 25 1.00079
42 26 1.00079
42 27 1.00078
42 28 1.00078
42 29 1.00077
42 30 1.00077
42 31 1.00076
42 32 1.00075
42 33 1.00074
42 34 1.00074
42 35 1.00073
42 36 1.00071
42 37 1.0007
42 38 1.00069
42 39 1.00067
42 40 1.00066
42 41 1.00064
42 42 1.00062
42 43 1.0006
42 44 1.00058
42 45 1.00056
42 46 1.00053
42 47 1.0005
42 48 1.00048
42 49 1.00045
42 50 1.00042
42 51 1.00039
42 52 1.00036
42 53 1.00032
42 54 1.00029
42 55 1.00025
42 56 1.00022
42 57 1.00018
42 58 1.00014
42 59 1.00011
42 60 1.00007
42 61 1.00003
42 62 0.999996
42 63 0.99996
42 64 0.999924
42 65 0.999889
42 66 0.999855
42 67 0.999823
42 68 0.999791
42 69 0.999761
42 70 0.999733
42 71 0.999706
42 72 0.999681
42 73 0.999658
42 74 0.999636
42 75 0.999617
42 76 0.9996
42 77 0.999585
42 78 0.999573
42 79 0.999562
42 80 0.999554
42 81 0.999549
42 82 0.999545
42 83 0.999544
42 84 0.999545
42 85 0.999549
42 86 0.999554
42 87 0.999562
42 88 0.999572
42 89 0.999584
42 90 0.999597
42 91 0.999613
42 92 0.99963
42 93 0.999649
42 94 0.99967
42 95 0.999692
42 96 0.999715
42 97 0.99974
42 98 0.999766
42 99 0.999793
42 100 0.99982
42 101 0.999849
42 102 0.999878
42 103 0.999907
42 104 0.999937
42 105 0.999967
42 106 0.999997
42 107 1.00003
42 108 1.00006
42 109 1.00009
42 110 1.00012
42 111 1.00014
42 112 1.00017
42 113 1.0002
42 114 1.00023
42 115 1.00025
42 116 1.00028
42 117 1.0003
42 118 1.00032
42 119 1.00034
42 120 1.00037
42 121 1.00039
42 122 1.00041
42 123 1.00043
42 124 1.00045
42 125 1.00048
42 126 1.0005
42 127 1.00053

43 0 0
43 1 1.00079
43 2 1.00079
43 3 1.00079
43 4 1.0008
43 5 1.0008
43 6 1.0008
43 7 1.0008
43 8 1.0008
43 9 1.0008
43 10 1.0008
43 11 1.0008
43 12 1.0008
43 13 1.0008
43 14 1.0008
43 15 1.0008
43 16 1.0008
43 17 1.0008
43 18 1.0008
43 19 1.0008
43 20 1.0008
43 21 1.00079
43 22 1.00079
43 23 1.00079
43 24 1.00079
43 25 1.00078
43 26 1.00078
43 27 1.00078
43 28 1.00077
43 29 1.00077
43 30 1.00076
43 31 1.00075
43 32 1.00074
43 33 1.00074
43 34 1.00073
43 35 1.00072
43 36 1.0007
43 37 1.00069
43 38 1.00068
43 39 1.00066
43 40 1.00064
43 41 1.00062
43 42 1.0006
43 43 1.00058
43 44 1.00056
43 45 1.00054
43 46 1.00051
43 47 1.00048
43 48 1.00045
43 49 1.00042
43 50 1.00039
43 51 1.00036
43 52 1.00032
43 53 1.00029
43 54 1.00025
43 55 1.00022
43 56 1.00018
43 57 1.00014
43 58 1.0001
43 59 1.00006
43 60 1.00002
43 61 0.999984
43 62 0.999946
43 63 0.999908
43 64 0.999871
43 65 0.999834
43 66 0.999799
43 67 0.999765
43 68 0.999732
43 69 0.999701
43 70 0.999672
43 71 0.999644
43 72 0.999618
43 73 0.999594
43 74 0.999573
43 75 0.999553
43 76 0.999536
43 77 0.999521
43 78 0.999508
43 79 0.999498
43 80 0.99949
43 81 0.999485
43 82 0.999482
43 83 0.999481
43 84 0.999483
43 85 0.999487
43 86 0.999493
43 87 0.999501
43 88 0.999512
43 89 0.999525
43 90 0.999539
43 91 0.999556
43 92 0.999574
43 93 0.999594
43 94 0.999616
43 95 0.999639
43 96 0.999663
43 97 0.999689
43 98 0.999716
43 99 0.999744
43 100 0.999772
43 101 0.999801
43 102 0.999831
43 103 0.999861
43 104 0.999892
43 105 0.999923
43 106 0.999953
43 107 0.999984
43 108 1.00001
43 109 1.00004
43 110 1.00007
43 111 1.0001
43 112 1.00013
43 113 1.00016
43 114 1.00018
43 115 1.00021
43 116 1.00023
43 117 1.00026
43 118 1.00028
43 119 1.0003
43 120 1.00032
43 121 1.00034
43 122 1.00037
43 123 1.00039
43 124 1.00041
43 125 1.00043
43 126 1.00046
43 127 1.00048

44 0 0
44 1 1.00079
44 2 1.00079
44 3 1.00079
44 4 1.00079
44 5 1.00079
44 6 1.00079
44 7 1.00079
44 8 1.00079
44 9 1.00079
44 10 1.0008
44 11 1.0008
44 12 1.0008
44 13 1.0008
44 14 1.0008
44 15 1.0008
44 16 1.0008
44 17 1.00079
44 18 1.00079
44 19 1.00079
44 20 1.00079
44 21 1.00079
44 22 1.00079
44 23 1.00078
44 24 1.00078
44 25 1.00078
44 26 1.00077
44 27 1.00077
44 28 1.00076
44 29 1.00076
44 30 1.00075
44 31 1.00074
44 32 1.00074
44 33 1.00073
44 34 1.00072
44 35 1.00071
44 36 1.00069
44 37 1.00068
44 38 1.00066
44 39 1.00065
44 40 1.00063
44 41 1.00061
44 42 1.00059
44 43 1.00057
44 44 1.00054
44 45 1.00052
44 46 1.00049
44 47 1.00046
44 48 1.00043
44 49 1.0004
44 50 1.00036
44 51 1.00033
44 52 1.00029
44 53 1.00025
44 54 1.00022
44 55 1.00018
44 56 1.00014
44 57 1.0001
44 58 1.00006
44 59 1.00001
44 60 0.999974
44 61 0.999933
44 62 0.999893
44 63 0.999854
44 64 0.999815
44 65 0.999777
44 66 0.99974
44 67 0.999705
44 68 0.999671
44 69 0.999639
44 70 0.999608
44 71 0.99958
44 72 0.999553
44 73 0.999528
44 74 0.999506
44 75 0.999486
44 76 0.999469
44 77 0.999454
44 78 0.999441
44 79 0.999431
44 80 0.999423
44 81 0.999418
44 82 0.999415
44 83 0.999415
44 84 0.999417
44 85 0.999422
44 86 0.999429
44 87 0.999438
44 88 0.99945
44 89 0.999463
44 90 0.999479
44 91 0.999496
44 92 0.999516
44 93 0.999537
44 94 0.999559
44 95 0.999584
44 96 0.999609
44 97 0.999636
44 98 0.999663
44 99 0.999692
44 100 0.999721
44 101 0.999752
44 102 0.999782
44 103 0.999813
44 104 0.999845
44 105 0.999876
44 106 0.999907
44 107 0.999938
44 108 0.999969
44 109 0.999999
44 110 1.00003
44 111 1.00006
44 112 1.00009
44 113 1.00011
44 114 1.00014
44 115 1.00017
44 116 1.00019
44 117 1.00021
44 118 1.00024
44 119 1.00026
44 120 1.00028
44 121 1.0003
44 122 1.00032
44 123 1.00034
44 124 1.00036
44 125 1.00039
44 126 1.00041
44 127 1.00044

45 0 0
45 1 1.00078
45 2 1.00079
45 3 1.00079
45 4 1.00079
45 5 1.00079
45 6 1.00079
45 7 1.00079
45 8 1.00079
45 9 1.00079
45 10 1.00079
45 11 1.00079
45 12 1.00079
45 13 1.00079
45 14 1.00079
45 15 1.00079
45 16 1.00079
45 17 1.00079
45 18 1.00079
45 19 1.00079
45 20 1.00079
45 21 1.00078
45 22 1.00078
45 23 1.00078
45 24 1.00078
45 25 1.00077
45 26 1.00077
45 27 1.00076
45 28 1.00076
45 29 1.00075
45 30 1.00074
45 31 1.00074
45 32 1.00073
45 33 1.00072
45 34 1.00071
45 35 1.0007
45 36 1.00068
45 37 1.00067
45 38 1.00065
45 39 1.00063
45 40 1.00061
45 41 1.00059
45 42 1.00057
45 43 1.00055
45 44 1.00052
45 45 1.00049
45 46 1.00046
45 47 1.00043
45 48 1.0004
45 49 1.00037
45 50 1.00033
45 51 1.0003
45 52 1.00026
45 53 1.00022
45 54 1.00018
45 55 1.00014
45 56 1.00009
45 57 1.00005
45 58 1.00001
45 59 0.999966
45 60 0.999923
45 61 0.999881
45 62 0.999839
45 63 0.999797
45 64 0.999757
45 65 0.999717
45 66 0.999679
45 67 0.999642
45 68 0.999607
45 69 0.999574
45 70 0.999542
45 71 0.999513
45 72 0.999486
45 73 0.99946
45 74 0.999438
45 75 0.999417
45 76 0.9994
45 77 0.999384
45 78 0.999372
45 79 0.999362
45 80 0.999354
45 81 0.999349
45 82 0.999347
45 83 0.999347
45 84 0.99935
45 85 0.999355
45 86 0.999363
45 87 0.999373
45 88 0.999385
45 89 0.9994
45 90 0.999416
45 91 0.999435
45 92 0.999455
45 93 0.999477
45 94 0.999501
45 95 0.999526
45 96 0.999552
45 97 0.99958
45 98 0.999609
45 99 0.999638
45 100 0.999669
45 101 0.9997
45 102 0.999731
45 103 0.999763
45 104 0.999795
45 105 0.999827
45 106 0.999859
45 107 0.99989
45 108 0.999921
45 109 0.999952
45 110 0.999982
45 111 1.00001
45 112 1.00004
45 113 1.00007
45 114 1.00009
45 115 1.00012
45 116 1.00014
45 117 1.00017
45 118 1.00019
45 119 1.00021
45 120 1.00023
45 121 1.00025
45 122 1.00027
45 123 1.00029
45 124 1.00032
45 125 1.00034
45 126 1.00036
45 127 1.00039

46 0 0
46 1 1.00078
46 2 1.00078
46 3 1.00078
46 4 1.00078
46 5 1.00078
46 6 1.00078
46 7 1.00079
46 8 1.00079
46 9 1.00079
46 10 1.00079
46 11 1.00079
46 12 1.00079
46 13 1.00079
46 14 1.00079
46 15 1.00079
46 16 1.00079
46 17 1.00078
46 18 1.00078
46 19 1.00078
46 20 1.00078
46 21 1.00078
46 22 1.00078
46 23 1.00077
46 24 1.00077
46 25 1.00077
46 26 1.00076
46 27 1.00076
46 28 1.00075
46 29 1.00074
46 30 1.00074
46 31 1.00073
46 32 1.00072
46 33 1.00071
46 34 1.0007
46 35 1.00068
46 36 1.00067
46 37 1.00065
46 38 1.00064
46 39 1.00062
46 40 1.0006
46 41 1.00058
46 42 1.00055
46 43 1.00053
46 44 1.0005
46 45 1.00047
46 46 1.00044
46 47 1.00041
46 48 1.00037
46 49 1.00034
46 50 1.0003
46 51 1.00026
46 52 1.00022
46 53 1.00018
46 54 1.00014
46 55 1.00009
46 56 1.00005
46 57 1.00001
46 58 0.999961
46 59 0.999916
46 60 0.999871
46 61 0.999826
46 62 0.999782
46 63 0.999739
46 64 0.999697
46 65 0.999656
46 66 0.999616
46 67 0.999578
46 68 0.999542
46 69 0.999507
46 70 0.999475
46 71 0.999444
46 72 0.999416
46 73 0.99939
46 74 0.999367
46 75 0.999347
46 76 0.999328
46 77 0.999313
46 78 0.9993
46 79 0.99929
46 80 0.999283
46 81 0.999278
46 82 0.999277
46 83 0.999277
46 84 0.999281
46 85 0.999287
46 86 0.999295
46 87 0.999306
46 88 0.999319
46 89 0.999334
46 90 0.999352
46 91 0.999371
46 92 0.999392
46 93 0.999415
46 94 0.99944
46 95 0.999466
46 96 0.999494
46 97 0.999522
46 98 0.999552
46 99 0.999582
46 100 0.999614
46 101 0.999645
46 102 0.999678
46 103 0.99971
46 104 0.999743
46 105 0.999775
46 106 0.999808
46 107 0.99984
46 108 0.999871
46 109 0.999902
46 110 0.999933
46 111 0.999962
46 112 0.999991
46 113 1.00002
46 114 1.00004
46 115 1.00007
46 116 1.00009
46 117 1.00012
46 118 1.00014
46 119 1.00016
46 120 1.00018
46 121 1.0002
46 122 1.00022
46 123 1.00024
46 124 1.00027
46 125 1.00029
46 126 1.00031
46 127 1.00034

47 0 0
47 1 1.00078
47 2 1.00078
47 3 1.00078
47 4 1.00078
47 5 1.00078
47 6 1.00078
47 7 1.00078
47 8 1.00078
47 9 1.00078
47 10 1.00078
47 11 1.00078
47 12 1.00078
47 13 1.00078
47 14 1.00078
47 15 1.00078
47 16 1.00078
47 17 1.00078
47 18 1.00078
47 19 1.00078
47 20 1.00078
47 21 1.00077
47 22 1.00077
47 23 1.00077
47 24 1.00076
47 25 1.00076
47 26 1.00076
47 27 1.00075
47 28 1.00074
47 29 1.00074
47 30 1.00073
47 31 1.00072
47 32 1.00071
47 33 1.0007
47 34 1.00069
47 35 1.00067
47 36 1.00066
47 37 1.00064
47 38 1.00062
47 39 1.00061
47 40 1.00058
47 41 1.00056
47 42 1.00054
47 43 1.00051
47 44 1.00048
47 45 1.00045
47 46 1.00042
47 47 1.00038
47 48 1.00035
47 49 1.00031
47 50 1.00027
47 51 1.00023
47 52 1.00018
47 53 1.00014
47 54 1.0001
47 55 1.00005
47 56 1
47 57 0.999958
47 58 0.99991
47 59 0.999863
47 60 0.999816
47 61 0.99977
47 62 0.999724
47 63 0.999679
47 64 0.999635
47 65 0.999592
47 66 0.999551
47 67 0.999512
47 68 0.999474
47 69 0.999438
47 70 0.999405
47 71 0.999374
47 72 0.999345
47 73 0.999318
47 74 0.999295
47 75 0.999274
47 76 0.999255
47 77 0.99924
47 78 0.999227
47 79 0.999217
47 80 0.99921
47 81 0.999206
47 82 0.999204
47 83 0.999206
47 84 0.999209
47 85 0.999216
47 86 0.999225
47 87 0.999237
47 88 0.999251
47 89 0.999267
47 90 0.999285
47 91 0.999305
47 92 0.999328
47 93 0.999352
47 94 0.999377
47 95 0.999404
47 96 0.999433
47 97 0.999462
47 98 0.999493
47 99 0.999524
47 100 0.999556
47 101 0.999589
47 102 0.999622
47 103 0.999655
47 104 0.999689
47 105 0.999722
47 106 0.999755
47 107 0.999787
47 108 0.999819
47 109 0.999851
47 110 0.999881
47 111 0.999911
47 112 0.99994
47 113 0.999968
47 114 0.999994
47 115 1.00002
47 116 1.00004
47 117 1.00007
47 118 1.00009
47 119 1.00011
47 120 1.00013
47 121 1.00015
47 122 1.00017
47 123 1.00019
47 124 1.00021
47 125 1.00024
47 126 1.00026
47 127 1.00028

48 0 0
48 1 1.00077
48 2 1.00077
48 3 1.00077
48 4 1.00077
48 5 1.00078
48 6 1.00078
48 7 1.00078
48 8 1.00078
48 9 1.00078
48 10 1.00078
48 11 1.00078
48 12 1.00078
48 13 1.00078
48 14 1.00078
48 15 1.00078
48 16 1.00078
48 17 1.00077
48 18 1.00077
48 19 1.00077
48 20 1.00077
48 21 1.00077
48 22 1.00076
48 23 1.00076
48 24 1.00076
48 25 1.00075
48 26 1.00075
48 27 1.00074
48 28 1.00074
48 29 1.00073
48 30 1.00072
48 31 1.00071
48 32 1.0007
48 33 1.00069
48 34 1.00068
48 35 1.00066
48 36 1.00065
48 37 1.00063
48 38 1.00061
48 39 1.00059
48 40 1.00057
48 41 1.00054
48 42 1.00052
48 43 1.00049
48 44 1.00046
48 45 1.00043
48 46 1.00039
48 47 1.00036
48 48 1.00032
48 49 1.00028
48 50 1.00024
48 51 1.00019
48 52 1.00015
48 53 1.0001
48 54 1.00005
48 55 1.00001
48 56 0.999957
48 57 0.999908
48 58 0.999859
48 59 0.99981
48 60 0.999761
48 61 0.999712
48 62 0.999664
48 63 0.999617
48 64 0.999572
48 65 0.999527
48 66 0.999485
48 67 0.999444
48 68 0.999405
48 69 0.999368
48 70 0.999333
48 71 0.999301
48 72 0.999272
48 73 0.999245
48 74 0.999221
48 75 0.999199
48 76 0.999181
48 77 0.999165
48 78 0.999152
48 79 0.999142
48 80 0.999135
48 81 0.999131
48 82 0.99913
48 83 0.999132
48 84 0.999137
48 85 0.999144
48 86 0.999153
48 87 0.999166
48 88 0.999181
48 89 0.999198
48 90 0.999217
48 91 0.999238
48 92 0.999261
48 93 0.999286
48 94 0.999313
48 95 0.999341
48 96 0.99937
48 97 0.999401
48 98 0.999432
48 99 0.999465
48 100 0.999498
48 101 0.999531
48 102 0.999565
48 103 0.999599
48 104 0.999633
48 105 0.999666
48 106 0.9997
48 107 0.999733
48 108 0.999765
48 109 0.999797
48 110 0.999828
48 111 0.999858
48 112 0.999887
48 113 0.999915
48 114 0.999941
48 115 0.999967
48 116 0.999991
48 117 1.00001
48 118 1.00004
48 119 1.00006
48 120 1.00008
48 121 1.0001
48 122 1.00012
48 123 1.00014
48 124 1.00016
48 125 1.00018
48 126 1.0002
48 127 1.00023

49 0 0
49 1 1.00077
49 2 1.00077
49 3 1.00077
49 4 1.00077
49 5 1.00077
49 6 1.00077
49 7 1.00077
49 8 1.00077
49 9 1.00077
49 10 1.00077
49 11 1.00077
49 12 1.00077
49 13 1.00077
49 14 1.00077
49 15 1.00077
49 16 1.00077
49 17 1.00077
49 18 1.00077
49 19 1.00077
49 20 1.00076
49 21 1.00076
49 22 1.00076
49 23 1.00076
49 24 1.00075
49 25 1.00075
49 26 1.00074
49 27 1.00074
49 28 1.00073
49 29 1.00072
49 30 1.00071
49 31 1.0007
49 32 1.00069
49 33 1.00068
49 34 1.00067
49 35 1.00065
49 36 1.00064
49 37 1.00062
49 38 1.0006
49 39 1.00058
49 40 1.00055
49 41 1.00053
49 42 1.0005
49 43 1.00047
49 44 1.00044
49 45 1.0004
49 46 1.00037
49 47 1.00033
49 48 1.00029
49 49 1.00024
49 50 1.0002
49 51 1.00016
49 52 1.00011
49 53 1.00006
49 54 1.00001
49 55 0.99996
49 56 0.999909
49 57 0.999857
49 58 0.999806
49 59 0.999754
49 60 0.999703
49 61 0.999653
49 62 0.999603
49 63 0.999554
49 64 0.999507
49 65 0.999461
49 66 0.999416
49 67 0.999374
49 68 0.999334
49 69 0.999296
49 70 0.999261
49 71 0.999228
49 72 0.999197
49 73 0.99917
49 74 0.999145
49 75 0.999123
49 76 0.999104
49 77 0.999089
49 78 0.999076
49 79 0.999066
49 80 0.999059
49 81 0.999056
49 82 0.999055
49 83 0.999057
49 84 0.999062
49 85 0.99907
49 86 0.99908
49 87 0.999094
49 88 0.999109
49 89 0.999127
49 90 0.999147
49 91 0.999169
49 92 0.999193
49 93 0.999219
49 94 0.999247
49 95 0.999276
49 96 0.999306
49 97 0.999337
49 98 0.99937
49 99 0.999403
49 100 0.999437
49 101 0.999471
49 102 0.999506
49 103 0.99954
49 104 0.999575
49 105 0.999609
49 106 0.999643
49 107 0.999677
49 108 0.99971
49 109 0.999742
49 110 0.999773
49 111 0.999803
49 112 0.999832
49 113 0.99986
49 114 0.999887
49 115 0.999912
49 116 0.999937
49 117 0.99996
49 118 0.999982
49 119 1
49 120 1.00002
49 121 1.00004
49 122 1.00006
49 123 1.00008
49 124 1.00011
49 125 1.00013
49 126 1.00015
49 127 1.00017

50 0 0
50 1 1.00076
50 2 1.00077
50 3 1.00077
50 4 1.00077
50 5 1.00077
50 6 1.00077
50 7 1.00077
50 8 1.00077
50 9 1.00077
50 10 1.00077
50 11 1.00077
50 12 1.00077
50 13 1.00077
50 14 1.00077
50 15 1.00077
50 16 1.00077
50 17 1.00076
50 18 1.00076
50 19 1.00076
50 20 1.00076
50 21 1.00076
50 22 1.00075
50 23 1.00075
50 24 1.00075
50 25 1.00074
50 26 1.00074
50 27 1.00073
50 28 1.00072
50 29 1.00071
50 30 1.00071
50 31 1.0007
50 32 1.00068
50 33 1.00067
50 34 1.00066
50 35 1.00064
50 36 1.00062
50 37 1.0006
50 38 1.00058
50 39 1.00056
50 40 1.00054
50 41 1.00051
50 42 1.00048
50 43 1.00045
50 44 1.00041
50 45 1.00038
50 46 1.00034
50 47 1.0003
50 48 1.00026
50 49 1.00021
50 50 1.00017
50 51 1.00012
50 52 1.00007
50 53 1.00002
50 54 0.999965
50 55 0.999913
50 56 0.999859
50 57 0.999805
50 58 0.999752
50 59 0.999698
50 60 0.999644
50 61 0.999592
50 62 0.99954
50 63 0.999489
50 64 0.99944
50 65 0.999393
50 66 0.999347
50 67 0.999303
50 68 0.999262
50 69 0.999223
50 70 0.999186
50 71 0.999153
50 72 0.999122
50 73 0.999094
50 74 0.999068
50 75 0.999046
50 76 0.999027
50 77 0.999011
50 78 0.998999
50 79 0.998989
50 80 0.998982
50 81 0.998979
50 82 0.998979
50 83 0.998981
50 84 0.998987
50 85 0.998995
50 86 0.999006
50 87 0.99902
50 88 0.999036
50 89 0.999055
50 90 0.999076
50 91 0.999099
50 92 0.999124
50 93 0.999151
50 94 0.999179
50 95 0.999209
50 96 0.99924
50 97 0.999273
50 98 0.999306
50 99 0.99934
50 100 0.999375
50 101 0.99941
50 102 0.999445
50 103 0.99948
50 104 0.999516
50 105 0.99955
50 106 0.999585
50 107 0.999619
50 108 0.999652
50 109 0.999685
50 110 0.999716
50 111 0.999746
50 112 0.999776
50 113 0.999804
50 114 0.999831
50 115 0.999856
50 116 0.999881
50 117 0.999904
50 118 0.999926
50 119 0.999947
50 120 0.999968
50 121 0.999988
50 122 1.00001
50 123 1.00003
50 124 1.00005
50 125 1.00007
50 126 1.00009
50 127 1.00011

51 0 0
51 1 1.00076
51 2 1.00076
51 3 1.00076
51 4 1.00076
51 5 1.00076
51 6 1.00076
51 7 1.00076
51 8 1.00076
51 9 1.00076
51 10 1.00076
51 11 1.00076
51 12 1.00076
51 13 1.00076
51 14 1.00076
51 15 1.00076
51 16 1.00076
51 17 1.00076
51 18 1.00076
51 19 1.00076
51 20 1.00075
51 21 1.00075
51 22 1.00075
51 23 1.00074
51 24 1.00074
51 25 1.00074
51 26 1.00073
51 27 1.00072
51 28 1.00072
51 29 1.00071
51 30 1.0007
51 31 1.00069
51 32 1.00068
51 33 1.00066
51 34 1.00065
51 35 1.00063
51 36 1.00061
51 37 1.00059
51 38 1.00057
51 39 1.00055
51 40 1.00052
51 41 1.00049
51 42 1.00046
51 43 1.00043
51 44 1.00039
51 45 1.00035
51 46 1.00031
51 47 1.00027
51 48 1.00022
51 49 1.00018
51 50 1.00013
51 51 1.00008
51 52 1.00003
51 53 0.999974
51 54 0.99992
51 55 0.999864
51 56 0.999809
51 57 0.999752
51 58 0.999696
51 59 0.99964
51 60 0.999585
51 61 0.99953
51 62 0.999476
51 63 0.999424
51 64 0.999373
51 65 0.999324
51 66 0.999277
51 67 0.999232
51 68 0.999189
51 69 0.999149
51 70 0.999112
51 71 0.999077
51 72 0.999045
51 73 0.999017
51 74 0.998991
51 75 0.998969
51 76 0.998949
51 77 0.998933
51 78 0.99892
51 79 0.998911
51 80 0.998905
51 81 0.998901
51 82 0.998901
51 83 0.998904
51 84 0.99891
51 85 0.998919
51 86 0.998931
51 87 0.998946
51 88 0.998963
51 89 0.998982
51 90 0.999004
51 91 0.999028
51 92 0.999054
51 93 0.999081
51 94 0.999111
51 95 0.999142
51 96 0.999174
51 97 0.999207
51 98 0.999241
51 99 0.999276
51 100 0.999311
51 101 0.999347
51 102 0.999383
51 103 0.999419
51 104 0.999455
51 105 0.99949
51 106 0.999525
51 107 0.99956
51 108 0.999593
51 109 0.999626
51 110 0.999658
51 111 0.999688
51 112 0.999718
51 113 0.999746
51 114 0.999773
51 115 0.999798
51 116 0.999823
51 117 0.999846
51 118 0.999869
51 119 0.99989
51 120 0.999911
51 121 0.999931
51 122 0.999951
51 123 0.99997
51 124 0.99999
51 125 1.00001
51 126 1.00003
51 127 1.00005

52 0 0
52 1 1.00076
52 2 1.00076
52 3 1.00076
52 4 1.00076
52 5 1.00076
52 6 1.00076
52 7 1.00076
52 8 1.00076
52 9 1.00076
52 10 1.00076
52 11 1.00076
52 12 1.00076
52 13 1.00076
52 14 1.00076
52 15 1.00076
52 16 1.00076
52 17 1.00075
52 18 1.00075
52 19 1.00075
52 20 1.00075
52 21 1.00075
52 22 1.00074
52 23 1.00074
52 24 1.00073
52 25 1.00073
52 26 1.00072
52 27 1.00072
52 28 1.00071
52 29 1.0007
52 30 1.00069
52 31 1.00068
52 32 1.00067
52 33 1.00065
52 34 1.00064
52 35 1.00062
52 36 1.0006
52 37 1.00058
52 38 1.00056
52 39 1.00053
52 40 1.0005
52 41 1.00047
52 42 1.00044
52 43 1.0004
52 44 1.00037
52 45 1.00033
52 46 1.00028
52 47 1.00024
52 48 1.00019
52 49 1.00014
52 50 1.00009
52 51 1.00004
52 52 0.999986
52 53 0.99993
52 54 0.999873
52 55 0.999815
52 56 0.999757
52 57 0.999699
52 58 0.99964
52 59 0.999582
52 60 0.999524
52 61 0.999467
52 62 0.999412
52 63 0.999357
52 64 0.999305
52 65 0.999254
52 66 0.999206
52 67 0.999159
52 68 0.999115
52 69 0.999074
52 70 0.999036
52 71 0.999001
52 72 0.998968
52 73 0.998939
52 74 0.998913
52 75 0.99889
52 76 0.998871
52 77 0.998855
52 78 0.998842
52 79 0.998832
52 80 0.998826
52 81 0.998823
52 82 0.998824
52 83 0.998827
52 84 0.998834
52 85 0.998843
52 86 0.998856
52 87 0.998871
52 88 0.998888
52 89 0.998909
52 90 0.998931
52 91 0.998956
52 92 0.998982
52 93 0.999011
52 94 0.999041
52 95 0.999073
52 96 0.999106
52 97 0.99914
52 98 0.999175
52 99 0.999211
52 100 0.999247
52 101 0.999283
52 102 0.99932
52 103 0.999356
52 104 0.999393
52 105 0.999429
52 106 0.999464
52 107 0.999499
52 108 0.999533
52 109 0.999566
52 110 0.999598
52 111 0.999629
52 112 0.999659
52 113 0.999687
52 114 0.999714
52 115 0.99974
52 116 0.999764
52 117 0.999787
52 118 0.99981
52 119 0.999831
52 120 0.999852
52 121 0.999872
52 122 0.999892
52 123 0.999911
52 124 0.999931
52 125 0.999951
52 126 0.999972
52 127 0.999992

53 0 0
53 1 1.00075
53 2 1.00075
53 3 1.00075
53 4 1.00075
53 5 1.00076
53 6 1.00076
53 7 1.00076
53 8 1.00076
53 9 1.00076
53 10 1.00076
53 11 1.00076
53 12 1.00075
53 13 1.00075
53 14 1.00075
53 15 1.00075
53 16 1.00075
53 17 1.00075
53 18 1.00075
53 19 1.00075
53 20 1.00074
53 21 1.00074
53 22 1.00074
53 23 1.00073
53 24 1.00073
53 25 1.00072
53 26 1.00072
53 27 1.00071
53 28 1.0007
53 29 1.00069
53 30 1.00068
53 31 1.00067
53 32 1.00066
53 33 1.00064
53 34 1.00063
53 35 1.00061
53 36 1.00059
53 37 1.00057
53 38 1.00054
53 39 1.00051
53 40 1.00049
53 41 1.00045
53 42 1.00042
53 43 1.00038
53 44 1.00034
53 45 1.0003
53 46 1.00026
53 47 1.00021
53 48 1.00016
53 49 1.00011
53 50 1.00006
53 51 1
53 52 0.999943
53 53 0.999885
53 54 0.999826
53 55 0.999766
53 56 0.999705
53 57 0.999644
53 58 0.999583
53 59 0.999523
53 60 0.999463
53 61 0.999404
53 62 0.999347
53 63 0.99929
53 64 0.999236
53 65 0.999184
53 66 0.999134
53 67 0.999086
53 68 0.999042
53 69 0.998999
53 70 0.99896
53 71 0.998924
53 72 0.998891
53 73 0.998861
53 74 0.998835
53 75 0.998812
53 76 0.998792
53 77 0.998776
53 78 0.998763
53 79 0.998754
53 80 0.998748
53 81 0.998745
53 82 0.998746
53 83 0.99875
53 84 0.998757
53 85 0.998767
53 86 0.99878
53 87 0.998795
53 88 0.998814
53 89 0.998835
53 90 0.998858
53 91 0.998883
53 92 0.998911
53 93 0.99894
53 94 0.998971
53 95 0.999004
53 96 0.999037
53 97 0.999072
53 98 0.999108
53 99 0.999144
53 100 0.999181
53 101 0.999219
53 102 0.999256
53 103 0.999293
53 104 0.99933
53 105 0.999367
53 106 0.999403
53 107 0.999438
53 108 0.999472
53 109 0.999505
53 110 0.999538
53 111 0.999569
53 112 0.999598
53 113 0.999627
53 114 0.999654
53 115 0.99968
53 116 0.999704
53 117 0.999728
53 118 0.99975
53 119 0.999771
53 120 0.999792
53 121 0.999812
53 122 0.999832
53 123 0.999851
53 124 0.999871
53 125 0.999891
53 126 0.999911
53 127 0.999931

54 0 0
54 1 1.00075
54 2 1.00075
54 3 1.00075
54 4 1.00075
54 5 1.00075
54 6 1.00075
54 7 1.00075
54 8 1.00075
54 9 1.00075
54 10 1.00075
54 11 1.00075
54 12 1.00075
54 13 1.00075
54 14 1.00075
54 15 1.00075
54 16 1.00075
54 17 1.00075
54 18 1.00074
54 19 1.00074
54 20 1.00074
54 21 1.00074
54 22 1.00073
54 23 1.00073
54 24 1.00072
54 25 1.00072
54 26 1.00071
54 27 1.0007
54 28 1.0007
54 29 1.00069
54 30 1.00067
54 31 1.00066
54 32 1.00065
54 33 1.00063
54 34 1.00062
54 35 1.0006
54 36 1.00058
54 37 1.00055
54 38 1.00053
54 39 1.0005
54 40 1.00047
54 41 1.00044
54 42 1.0004
54 43 1.00036
54 44 1.00032
54 45 1.00028
54 46 1.00023
54 47 1.00018
54 48 1.00013
54 49 1.00007
54 50 1.00002
54 51 0.99996
54 52 0.999901
54 53 0.99984
54 54 0.999778
54 55 0.999715
54 56 0.999652
54 57 0.999589
54 58 0.999526
54 59 0.999463
54 60 0.999401
54 61 0.99934
54 62 0.999281
54 63 0.999223
54 64 0.999167
54 65 0.999114
54 66 0.999062
54 67 0.999014
54 68 0.998968
54 69 0.998925
54 70 0.998885
54 71 0.998848
54 72 0.998814
54 73 0.998784
54 74 0.998757
54 75 0.998734
54 76 0.998714
54 77 0.998698
54 78 0.998685
54 79 0.998676
54 80 0.99867
54 81 0.998667
54 82 0.998668
54 83 0.998672
54 84 0.99868
54 85 0.99869
54 86 0.998704
54 87 0.99872
54 88 0.998739
54 89 0.998761
54 90 0.998785
54 91 0.998811
54 92 0.998839
54 93 0.998869
54 94 0.998901
54 95 0.998934
54 96 0.998969
54 97 0.999004
54 98 0.999041
54 99 0.999078
54 100 0.999115
54 101 0.999153
54 102 0.999191
54 103 0.999229
54 104 0.999267
54 105 0.999304
54 106 0.99934
54 107 0.999376
54 108 0.99941
54 109 0.999444
54 110 0.999476
54 111 0.999507
54 112 0.999537
54 113 0.999566
54 114 0.999593
54 115 0.999619
54 116 0.999644
54 117 0.999667
54 118 0.999689
54 119 0.999711
54 120 0.999732
54 121 0.999752
54 122 0.999771
54 123 0.999791
54 124 0.99981
54 125 0.99983
54 126 0.999849
54 127 0.999869

55 0 0
55 1 1.00075
55 2 1.00075
55 3 1.00075
55 4 1.00075
55 5 1.00075
55 6 1.00075
55 7 1.00075
55 8 1.00075
55 9 1.00075
55 10 1.00075
55 11 1.00075
55 12 1.00075
55 13 1.00075
55 14 1.00074
55 15 1.00074
55 16 1.00074
55 17 1.00074
55 18 1.00074
55 19 1.00074
55 20 1.00073
55 21 1.00073
55 22 1.00073
55 23 1.00072
55 24 1.00072
55 25 1.00071
55 26 1.0007
55 27 1.0007
55 28 1.00069
55 29 1.00068
55 30 1.00067
55 31 1.00065
55 32 1.00064
55 33 1.00062
55 34 1.00061
55 35 1.00059
55 36 1.00056
55 37 1.00054
55 38 1.00051
55 39 1.00048
55 40 1.00045
55 41 1.00042
55 42 1.00038
55 43 1.00034
55 44 1.0003
55 45 1.00025
55 46 1.0002
55 47 1.00015
55 48 1.00009
55 49 1.00004
55 50 0.99998
55 51 0.99992
55 52 0.999858
55 53 0.999795
55 54 0.99973
55 55 0.999665
55 56 0.999599
55 57 0.999534
55 58 0.999468
55 59 0.999404
55 60 0.99934
55 61 0.999277
55 62 0.999216
55 63 0.999156
55 64 0.999099
55 65 0.999044
55 66 0.998991
55 67 0.998941
55 68 0.998894
55 69 0.99885
55 70 0.998809
55 71 0.998772
55 72 0.998738
55 73 0.998707
55 74 0.99868
55 75 0.998656
55 76 0.998636
55 77 0.99862
55 78 0.998607
55 79 0.998598
55 80 0.998592
55 81 0.99859
55 82 0.998591
55 83 0.998596
55 84 0.998603
55 85 0.998614
55 86 0.998628
55 87 0.998645
55 88 0.998665
55 89 0.998687
55 90 0.998711
55 91 0.998738
55 92 0.998767
55 93 0.998798
55 94 0.998831
55 95 0.998865
55 96 0.9989
55 97 0.998936
55 98 0.998973
55 99 0.999011
55 100 0.999049
55 101 0.999088
55 102 0.999126
55 103 0.999165
55 104 0.999203
55 105 0.99924
55 106 0.999277
55 107 0.999313
55 108 0.999348
55 109 0.999382
55 110 0.999414
55 111 0.999446
55 112 0.999476
55 113 0.999504
55 114 0.999532
55 115 0.999558
55 116 0.999582
55 117 0.999606
55 118 0.999628
55 119 0.99965
55 120 0.99967
55 121 0.999691
55 122 0.99971
55 123 0.99973
55 124 0.999749
55 125 0.999768
55 126 0.999787
55 127 0.999806

56 0 0
56 1 1.00074
56 2 1.00074
56 3 1.00074
56 4 1.00074
56 5 1.00074
56 6 1.00074
56 7 1.00074
56 8 1.00074
56 9 1.00074
56 10 1.00074
56 11 1.00074
56 12 1.00074
56 13 1.00074
56 14 1.00074
56 15 1.00074
56 16 1.00074
56 17 1.00074
56 18 1.00073
56 19 1.00073
56 20 1.00073
56 21 1.00073
56 22 1.00072
56 23 1.00072
56 24 1.00071
56 25 1.00071
56 26 1.0007
56 27 1.00069
56 28 1.00068
56 29 1.00067
56 30 1.00066
56 31 1.00065
56 32 1.00063
56 33 1.00062
56 34 1.0006
56 35 1.00058
56 36 1.00055
56 37 1.00053
56 38 1.0005
56 39 1.00047
56 40 1.00043
56 41 1.0004
56 42 1.00036
56 43 1.00032
56 44 1.00027
56 45 1.00022
56 46 1.00017
56 47 1.00012
56 48 1.00006
56 49 1
56 50 0.999942
56 51 0.999879
56 52 0.999815
56 53 0.999749
56 54 0.999682
56 55 0.999615
56 56 0.999547
56 57 0.999479
56 58 0.999411
56 59 0.999344
56 60 0.999278
56 61 0.999213
56 62 0.99915
56 63 0.999089
56 64 0.999031
56 65 0.998974
56 66 0.99892
56 67 0.998869
56 68 0.998821
56 69 0.998776
56 70 0.998735
56 71 0.998697
56 72 0.998662
56 73 0.998631
56 74 0.998603
56 75 0.99858
56 76 0.998559
56 77 0.998543
56 78 0.99853
56 79 0.998521
56 80 0.998515
56 81 0.998513
56 82 0.998515
56 83 0.99852
56 84 0.998528
56 85 0.998539
56 86 0.998553
56 87 0.998571
56 88 0.998591
56 89 0.998614
56 90 0.998639
56 91 0.998666
56 92 0.998696
56 93 0.998727
56 94 0.998761
56 95 0.998795
56 96 0.998831
56 97 0.998868
56 98 0.998906
56 99 0.998944
56 100 0.998983
56 101 0.999022
56 102 0.999061
56 103 0.9991
56 104 0.999138
56 105 0.999176
56 106 0.999213
56 107 0.99925
56 108 0.999285
56 109 0.999319
56 110 0.999352
56 111 0.999383
56 112 0.999414
56 113 0.999442
56 114 0.99947
56 115 0.999496
56 116 0.99952
56 117 0.999544
56 118 0.999567
56 119 0.999588
56 120 0.999609
56 121 0.999629
56 122 0.999649
56 123 0.999668
56 124 0.999687
56 125 0.999706
56 126 0.999725
56 127 0.999743

57 0 0
57 1 1.00074
57 2 1.00074
57 3 1.00074
57 4 1.00074
57 5 1.00074
57 6 1.00074
57 7 1.00074
57 8 1.00074
57 9 1.00074
57 10 1.00074
57 11 1.00074
57 12 1.00074
57 13 1.00074
57 14 1.00074
57 15 1.00073
57 16 1.00073
57 17 1.00073
57 18 1.00073
57 19 1.00073
57 20 1.00072
57 21 1.00072
57 22 1.00072
57 23 1.00071
57 24 1.00071
57 25 1.0007
57 26 1.00069
57 27 1.00068
57 28 1.00068
57 29 1.00066
57 30 1.00065
57 31 1.00064
57 32 1.00062
57 33 1.00061
57 34 1.00059
57 35 1.00057
57 36 1.00054
57 37 1.00051
57 38 1.00049
57 39 1.00045
57 40 1.00042
57 41 1.00038
57 42 1.00034
57 43 1.00029
57 44 1.00025
57 45 1.0002
57 46 1.00014
57 47 1.00009
57 48 1.00003
57 49 0.999968
57 50 0.999904
57 51 0.999839
57 52 0.999772
57 53 0.999704
57 54 0.999634
57 55 0.999564
57 56 0.999494
57 57 0.999424
57 58 0.999354
57 59 0.999285
57 60 0.999217
57 61 0.999151
57 62 0.999086
57 63 0.999023
57 64 0.998963
57 65 0.998905
57 66 0.99885
57 67 0.998798
57 68 0.998749
57 69 0.998704
57 70 0.998661
57 71 0.998623
57 72 0.998587
57 73 0.998556
57 74 0.998528
57 75 0.998504
57 76 0.998484
57 77 0.998467
57 78 0.998454
57 79 0.998445
57 80 0.99844
57 81 0.998438
57 82 0.99844
57 83 0.998445
57 84 0.998453
57 85 0.998465
57 86 0.99848
57 87 0.998498
57 88 0.998518
57 89 0.998541
57 90 0.998567
57 91 0.998595
57 92 0.998625
57 93 0.998657
57 94 0.998691
57 95 0.998726
57 96 0.998763
57 97 0.9988
57 98 0.998839
57 99 0.998878
57 100 0.998917
57 101 0.998957
57 102 0.998996
57 103 0.999036
57 104 0.999074
57 105 0.999113
57 106 0.99915
57 107 0.999187
57 108 0.999222
57 109 0.999256
57 110 0.999289
57 111 0.999321
57 112 0.999351
57 113 0.99938
57 114 0.999408
57 115 0.999434
57 116 0.999459
57 117 0.999482
57 118 0.999505
57 119 0.999526
57 120 0.999547
57 121 0.999568
57 122 0.999587
57 123 0.999607
57 124 0.999626
57 125 0.999644
57 126 0.999663
57 127 0.99968

58 0 0
58 1 1.00074
58 2 1.00074
58 3 1.00074
58 4 1.00074
58 5 1.00074
58 6 1.00074
58 7 1.00074
58 8 1.00073
58 9 1.00073
58 10 1.00073
58 11 1.00073
58 12 1.00073
58 13 1.00073
58 14 1.00073
58 15 1.00073
58 16 1.00073
58 17 1.00073
58 18 1.00072
58 19 1.00072
58 20 1.00072
58 21 1.00071
58 22 1.00071
58 23 1.00071
58 24 1.0007
58 25 1.00069
58 26 1.00069
58 27 1.00068
58 28 1.00067
58 29 1.00066
58 30 1.00065
58 31 1.00063
58 32 1.00062
58 33 1.0006
58 34 1.00058
58 35 1.00055
58 36 1.00053
58 37 1.0005
58 38 1.00047
58 39 1.00044
58 40 1.0004
58 41 1.00036
58 42 1.00032
58 43 1.00027
58 44 1.00022
58 45 1.00017
58 46 1.00012
58 47 1.00006
58 48 0.999996
58 49 0.999933
58 50 0.999867
58 51 0.999799
58 52 0.999729
58 53 0.999659
58 54 0.999587
58 55 0.999514
58 56 0.999442
58 57 0.999369
58 58 0.999297
58 59 0.999226
58 60 0.999157
58 61 0.999089
58 62 0.999022
58 63 0.998958
58 64 0.998896
58 65 0.998837
58 66 0.998781
58 67 0.998728
58 68 0.998679
58 69 0.998632
58 70 0.998589
58 71 0.99855
58 72 0.998514
58 73 0.998483
58 74 0.998455
58 75 0.99843
58 76 0.99841
58 77 0.998393
58 78 0.99838
58 79 0.998371
58 80 0.998366
58 81 0.998364
58 82 0.998366
58 83 0.998371
58 84 0.99838
58 85 0.998392
58 86 0.998407
58 87 0.998426
58 88 0.998447
58 89 0.99847
58 90 0.998496
58 91 0.998525
58 92 0.998556
58 93 0.998588
58 94 0.998623
58 95 0.998658
58 96 0.998695
58 97 0.998733
58 98 0.998772
58 99 0.998812
58 100 0.998852
58 101 0.998892
58 102 0.998932
58 103 0.998971
58 104 0.999011
58 105 0.999049
58 106 0.999087
58 107 0.999124
58 108 0.99916
58 109 0.999194
58 110 0.999227
58 111 0.999259
58 112 0.999289
58 113 0.999318
58 114 0.999346
58 115 0.999372
58 116 0.999397
58 117 0.999421
58 118 0.999443
58 119 0.999465
58 120 0.999486
58 121 0.999506
58 122 0.999526
58 123 0.999545
58 124 0.999564
58 125 0.999582
58 126 0.9996
58 127 0.999617

59 0 0
59 1 1.00073
59 2 1.00073
59 3 1.00073
59 4 1.00073
59 5 1.00073
59 6 1.00073
59 7 1.00073
59 8 1.00073
59 9 1.00073
59 10 1.00073
59 11 1.00073
59 12 1.00073
59 13 1.00073
59 14 1.00073
59 15 1.00073
59 16 1.00072
59 17 1.00072
59 18 1.00072
59 19 1.00072
59 20 1.00071
59 21 1.00071
59 22 1.00071
59 23 1.0007
59 24 1.0007
59 25 1.00069
59 26 1.00068
59 27 1.00067
59 28 1.00066
59 29 1.00065
59 30 1.00064
59 31 1.00062
59 32 1.00061
59 33 1.00059
59 34 1.00057
59 35 1.00054
59 36 1.00052
59 37 1.00049
59 38 1.00046
59 39 1.00042
59 40 1.00039
59 41 1.00034
59 42 1.0003
59 43 1.00025
59 44 1.0002
59 45 1.00015
59 46 1.00009
59 47 1.00003
59 48 0.999964
59 49 0.999898
59 50 0.99983
59 51 0.999759
59 52 0.999687
59 53 0.999614
59 54 0.99954
59 55 0.999465
59 56 0.99939
59 57 0.999316
59 58 0.999242
59 59 0.999169
59 60 0.999097
59 61 0.999028
59 62 0.99896
59 63 0.998894
59 64 0.998831
59 65 0.998771
59 66 0.998714
59 67 0.99866
59 68 0.99861
59 69 0.998563
59 70 0.998519
59 71 0.998479
59 72 0.998443
59 73 0.998411
59 74 0.998383
59 75 0.998358
59 76 0.998338
59 77 0.998321
59 78 0.998308
59 79 0.998299
59 80 0.998294
59 81 0.998292
59 82 0.998294
59 83 0.9983
59 84 0.998309
59 85 0.998321
59 86 0.998337
59 87 0.998355
59 88 0.998377
59 89 0.998401
59 90 0.998427
59 91 0.998456
59 92 0.998487
59 93 0.99852
59 94 0.998555
59 95 0.998591
59 96 0.998629
59 97 0.998668
59 98 0.998707
59 99 0.998747
59 100 0.998787
59 101 0.998828
59 102 0.998868
59 103 0.998908
59 104 0.998948
59 105 0.998987
59 106 0.999025
59 107 0.999062
59 108 0.999097
59 109 0.999132
59 110 0.999165
59 111 0.999197
59 112 0.999228
59 113 0.999257
59 114 0.999284
59 115 0.99931
59 116 0.999335
59 117 0.999359
59 118 0.999382
59 119 0.999404
59 120 0.999425
59 121 0.999445
59 122 0.999465
59 123 0.999484
59 124 0.999503
59 125 0.999521
59 126 0.999538
59 127 0.999555

60 0 0
60 1 1.00073
60 2 1.00073
60 3 1.00073
60 4 1.00073
60 5 1.00073
60 6 1.00073
60 7 1.00073
60 8 1.00073
60 9 1.00073
60 10 1.00073
60 11 1.00073
60 12 1.00072
60 13 1.00072
60 14 1.00072
60 15 1.00072
60 16 1.00072
60 17 1.00072
60 18 1.00071
60 19 1.00071
60 20 1.00071
60 21 1.00071
60 22 1.0007
60 23 1.0007
60 24 1.00069
60 25 1.00068
60 26 1.00068
60 27 1.00067
60 28 1.00066
60 29 1.00064
60 30 1.00063
60 31 1.00062
60 32 1.0006
60 33 1.00058
60 34 1.00056
60 35 1.00053
60 36 1.00051
60 37 1.00048
60 38 1.00044
60 39 1.00041
60 40 1.00037
60 41 1.00033
60 42 1.00028
60 43 1.00023
60 44 1.00018
60 45 1.00012
60 46 1.00006
60 47 0.999998
60 48 0.999932
60 49 0.999864
60 50 0.999793
60 51 0.999721
60 52 0.999646
60 53 0.99957
60 54 0.999494
60 55 0.999417
60 56 0.99934
60 57 0.999263
60 58 0.999187
60 59 0.999113
60 60 0.999039
60 61 0.998968
60 62 0.998899
60 63 0.998832
60 64 0.998768
60 65 0.998707
60 66 0.998648
60 67 0.998594
60 68 0.998542
60 69 0.998495
60 70 0.998451
60 71 0.998411
60 72 0.998374
60 73 0.998342
60 74 0.998313
60 75 0.998289
60 76 0.998268
60 77 0.998251
60 78 0.998238
60 79 0.998229
60 80 0.998224
60 81 0.998223
60 82 0.998225
60 83 0.998231
60 84 0.99824
60 85 0.998252
60 86 0.998268
60 87 0.998287
60 88 0.998308
60 89 0.998333
60 90 0.99836
60 91 0.998389
60 92 0.998421
60 93 0.998454
60 94 0.998489
60 95 0.998526
60 96 0.998564
60 97 0.998603
60 98 0.998643
60 99 0.998683
60 100 0.998724
60 101 0.998765
60 102 0.998805
60 103 0.998846
60 104 0.998885
60 105 0.998925
60 106 0.998963
60 107 0.999
60 108 0.999036
60 109 0.999071
60 110 0.999104
60 111 0.999136
60 112 0.999167
60 113 0.999196
60 114 0.999223
60 115 0.999249
60 116 0.999274
60 117 0.999298
60 118 0.999321
60 119 0.999343
60 120 0.999364
60 121 0.999384
60 122 0.999404
60 123 0.999423
60 124 0.999442
60 125 0.999459
60 126 0.999477
60 127 0.999492

61 0 0
61 1 1.00072
61 2 1.00072
61 3 1.00072
61 4 1.00072
61 5 1.00072
61 6 1.00072
61 7 1.00072
61 8 1.00072
61 9 1.00072
61 10 1.00072
61 11 1.00072
61 12 1.00072
61 13 1.00072
61 14 1.00072
61 15 1.00072
61 16 1.00071
61 17 1.00071
61 18 1.00071
61 19 1.00071
61 20 1.0007
61 21 1.0007
61 22 1.0007
61 23 1.00069
61 24 1.00069
61 25 1.00068
61 26 1.00067
61 27 1.00066
61 28 1.00065
61 29 1.00064
61 30 1.00062
61 31 1.00061
61 32 1.00059
61 33 1.00057
61 34 1.00055
61 35 1.00052
61 36 1.0005
61 37 1.00047
61 38 1.00043
61 39 1.00039
61 40 1.00035
61 41 1.00031
61 42 1.00026
61 43 1.00021
61 44 1.00016
61 45 1.0001
61 46 1.00003
61 47 0.999969
61 48 0.999901
61 49 0.999831
61 50 0.999758
61 51 0.999682
61 52 0.999606
61 53 0.999528
61 54 0.999449
61 55 0.99937
61 56 0.999291
61 57 0.999212
61 58 0.999134
61 59 0.999058
61 60 0.998983
61 61 0.99891
61 62 0.998839
61 63 0.998771
61 64 0.998706
61 65 0.998644
61 66 0.998585
61 67 0.998529
61 68 0.998478
61 69 0.998429
61 70 0.998385
61 71 0.998344
61 72 0.998308
61 73 0.998275
61 74 0.998246
61 75 0.998221
61 76 0.998201
61 77 0.998184
61 78 0.998171
61 79 0.998162
61 80 0.998157
61 81 0.998155
61 82 0.998158
61 83 0.998164
61 84 0.998173
61 85 0.998186
61 86 0.998202
61 87 0.998221
61 88 0.998243
61 89 0.998267
61 90 0.998295
61 91 0.998324
61 92 0.998356
61 93 0.99839
61 94 0.998425
61 95 0.998462
61 96 0.998501
61 97 0.99854
61 98 0.99858
61 99 0.998621
61 100 0.998662
61 101 0.998703
61 102 0.998744
61 103 0.998784
61 104 0.998824
61 105 0.998864
61 106 0.998902
61 107 0.998939
61 108 0.998976
61 109 0.99901
61 110 0.999044
61 111 0.999076
61 112 0.999106
61 113 0.999135
61 114 0.999163
61 115 0.999189
61 116 0.999214
61 117 0.999238
61 118 0.999261
61 119 0.999283
61 120 0.999304
61 121 0.999324
61 122 0.999344
61 123 0.999363
61 124 0.999382
61 125 0.999399
61 126 0.999416
61 127 0.999431

62 0 0
62 1 1.00072
62 2 1.00072
62 3 1.00072
62 4 1.00072
62 5 1.00072
62 6 1.00072
62 7 1.00072
62 8 1.00072
62 9 1.00072
62 10 1.00072
62 11 1.00072
62 12 1.00072
62 13 1.00071
62 14 1.00071
62 15 1.00071
62 16 1.00071
62 17 1.00071
62 18 1.00071
62 19 1.0007
62 20 1.0007
62 21 1.0007
62 22 1.00069
62 23 1.00069
62 24 1.00068
62 25 1.00067
62 26 1.00066
62 27 1.00066
62 28 1.00064
62 29 1.00063
62 30 1.00062
62 31 1.0006
62 32 1.00058
62 33 1.00056
62 34 1.00054
62 35 1.00052
62 36 1.00049
62 37 1.00045
62 38 1.00042
62 39 1.00038
62 40 1.00034
62 41 1.00029
62 42 1.00024
62 43 1.00019
62 44 1.00013
62 45 1.00007
62 46 1.00001
62 47 0.999942
62 48 0.999871
62 49 0.999798
62 50 0.999723
62 51 0.999646
62 52 0.999567
62 53 0.999486
62 54 0.999405
62 55 0.999324
62 56 0.999243
62 57 0.999163
62 58 0.999083
62 59 0.999005
62 60 0.998928
62 61 0.998854
62 62 0.998782
62 63 0.998713
62 64 0.998647
62 65 0.998584
62 66 0.998524
62 67 0.998468
62 68 0.998415
62 69 0.998366
62 70 0.998322
62 71 0.998281
62 72 0.998244
62 73 0.998211
62 74 0.998182
62 75 0.998157
62 76 0.998136
62 77 0.998119
62 78 0.998106
62 79 0.998097
62 80 0.998092
62 81 0.998091
62 82 0.998093
62 83 0.998099
62 84 0.998109
62 85 0.998122
62 86 0.998138
62 87 0.998157
62 88 0.998179
62 89 0.998204
62 90 0.998231
62 91 0.998261
62 92 0.998293
62 93 0.998328
62 94 0.998363
62 95 0.998401
62 96 0.998439
62 97 0.998479
62 98 0.998519
62 99 0.99856
62 100 0.998601
62 101 0.998643
62 102 0.998684
62 103 0.998725
62 104 0.998765
62 105 0.998804
62 106 0.998843
62 107 0.99888
62 108 0.998916
62 109 0.998951
62 110 0.998985
62 111 0.999017
62 112 0.999047
62 113 0.999076
62 114 0.999104
62 115 0.99913
62 116 0.999155
62 117 0.999179
62 118 0.999202
62 119 0.999224
62 120 0.999245
62 121 0.999266
62 122 0.999285
62 123 0.999304
62 124 0.999323
62 125 0.99934
62 126 0.999356
62 127 0.99937

63 0 0
63 1 1.00072
63 2 1.00072
63 3 1.00072
63 4 1.00072
63 5 1.00072
63 6 1.00072
63 7 1.00072
63 8 1.00071
63 9 1.00071
63 10 1.00071
63 11 1.00071
63 12 1.00071
63 13 1.00071
63 14 1.00071
63 15 1.00071
63 16 1.00071
63 17 1.0007
63 18 1.0007
63 19 1.0007
63 20 1.0007
63 21 1.00069
63 22 1.00069
63 23 1.00068
63 24 1.00068
63 25 1.00067
63 26 1.00066
63 27 1.00065
63 28 1.00064
63 29 1.00063
63 30 1.00061
63 31 1.0006
63 32 1.00058
63 33 1.00056
63 34 1.00053
63 35 1.00051
63 36 1.00048
63 37 1.00044
63 38 1.00041
63 39 1.00037
63 40 1.00032
63 41 1.00028
63 42 1.00023
63 43 1.00017
63 44 1.00011
63 45 1.00005
63 46 0.999984
63 47 0.999915
63 48 0.999842
63 49 0.999767
63 50 0.999689
63 51 0.99961
63 52 0.999529
63 53 0.999446
63 54 0.999363
63 55 0.99928
63 56 0.999197
63 57 0.999115
63 58 0.999033
63 59 0.998954
63 60 0.998876
63 61 0.9988
63 62 0.998727
63 63 0.998657
63 64 0.99859
63 65 0.998526
63 66 0.998465
63 67 0.998408
63 68 0.998355
63 69 0.998306
63 70 0.998261
63 71 0.99822
63 72 0.998183
63 73 0.998149
63 74 0.99812
63 75 0.998095
63 76 0.998074
63 77 0.998057
63 78 0.998045
63 79 0.998036
63 80 0.99803
63 81 0.998029
63 82 0.998032
63 83 0.998038
63 84 0.998047
63 85 0.99806
63 86 0.998076
63 87 0.998096
63 88 0.998118
63 89 0.998143
63 90 0.998171
63 91 0.998201
63 92 0.998233
63 93 0.998268
63 94 0.998304
63 95 0.998341
63 96 0.99838
63 97 0.99842
63 98 0.99846
63 99 0.998501
63 100 0.998543
63 101 0.998584
63 102 0.998626
63 103 0.998667
63 104 0.998707
63 105 0.998746
63 106 0.998785
63 107 0.998822
63 108 0.998859
63 109 0.998893
63 110 0.998927
63 111 0.998959
63 112 0.998989
63 113 0.999018
63 114 0.999046
63 115 0.999072
63 116 0.999097
63 117 0.999121
63 118 0.999144
63 119 0.999166
63 120 0.999188
63 121 0.999208
63 122 0.999228
63 123 0.999247
63 124 0.999265
63 125 0.999282
63 126 0.999297
63 127 0.999311

64 0 0
64 1 1.00071
64 2 1.00071
64 3 1.00071
64 4 1.00071
64 5 1.00071
64 6 1.00071
64 7 1.00071
64 8 1.00071
64 9 1.00071
64 10 1.00071
64 11 1.00071
64 12 1.00071
64 13 1.00071
64 14 1.0007
64 15 1.0007
64 16 1.0007
64 17 1.0007
64 18 1.0007
64 19 1.00069
64 20 1.00069
64 21 1.00069
64 22 1.00068
64 23 1.00068
64 24 1.00067
64 25 1.00066
64 26 1.00065
64 27 1.00065
64 28 1.00063
64 29 1.00062
64 30 1.00061
64 31 1.00059
64 32 1.00057
64 33 1.00055
64 34 1.00053
64 35 1.0005
64 36 1.00047
64 37 1.00043
64 38 1.0004
64 39 1.00036
64 40 1.00031
64 41 1.00026
64 42 1.00021
64 43 1.00015
64 44 1.00009
64 45 1.00003
64 46 0.99996
64 47 0.999889
64 48 0.999814
64 49 0.999737
64 50 0.999657
64 51 0.999576
64 52 0.999492
64 53 0.999408
64 54 0.999323
64 55 0.999238
64 56 0.999153
64 57 0.999069
64 58 0.998986
64 59 0.998905
64 60 0.998825
64 61 0.998749
64 62 0.998674
64 63 0.998603
64 64 0.998535
64 65 0.99847
64 66 0.998409
64 67 0.998352
64 68 0.998299
64 69 0.998249
64 70 0.998203
64 71 0.998162
64 72 0.998125
64 73 0.998091
64 74 0.998062
64 75 0.998037
64 76 0.998016
64 77 0.997999
64 78 0.997986
64 79 0.997977
64 80 0.997972
64 81 0.997971
64 82 0.997973
64 83 0.997979
64 84 0.997989
64 85 0.998002
64 86 0.998018
64 87 0.998038
64 88 0.99806
64 89 0.998085
64 90 0.998113
64 91 0.998143
64 92 0.998176
64 93 0.99821
64 94 0.998246
64 95 0.998284
64 96 0.998323
64 97 0.998363
64 98 0.998404
64 99 0.998445
64 100 0.998487
64 101 0.998528
64 102 0.99857
64 103 0.998611
64 104 0.998651
64 105 0.99869
64 106 0.998729
64 107 0.998766
64 108 0.998803
64 109 0.998837
64 110 0.998871
64 111 0.998903
64 112 0.998933
64 113 0.998962
64 114 0.99899
64 115 0.999016
64 116 0.999041
64 117 0.999065
64 118 0.999088
64 119 0.99911
64 120 0.999131
64 121 0.999152
64 122 0.999172
64 123 0.99919
64 124 0.999208
64 125 0.999225
64 126 0.99924
64 127 0.999253

65 0 0
65 1 1.00071
65 2 1.00071
65 3 1.00071
65 4 1.00071
65 5 1.00071
65 6 1.00071
65 7 1.00071
65 8 1.00071
65 9 1.00071
65 10 1.0007
65 11 1.0007
65 12 1.0007
65 13 1.0007
65 14 1.0007
65 15 1.0007
65 16 1.0007
65 17 1.0007
65 18 1.00069
65 19 1.00069
65 20 1.00069
65 21 1.00068
65 22 1.00068
65 23 1.00067
65 24 1.00067
65 25 1.00066
65 26 1.00065
65 27 1.00064
65 28 1.00063
65 29 1.00062
65 30 1.0006
65 31 1.00058
65 32 1.00056
65 33 1.00054
65 34 1.00052
65 35 1.00049
65 36 1.00046
65 37 1.00042
65 38 1.00039
65 39 1.00034
65 40 1.0003
65 41 1.00025
65 42 1.00019
65 43 1.00014
65 44 1.00007
65 45 1.00001
65 46 0.999938
65 47 0.999865
65 48 0.999788
65 49 0.999709
65 50 0.999627
65 51 0.999543
65 52 0.999458
65 53 0.999371
65 54 0.999284
65 55 0.999197
65 56 0.999111
65 57 0.999025
65 58 0.998941
65 59 0.998858
65 60 0.998778
65 61 0.9987
65 62 0.998624
65 63 0.998552
65 64 0.998484
65 65 0.998418
65 66 0.998357
65 67 0.998299
65 68 0.998245
65 69 0.998195
65 70 0.998149
65 71 0.998107
65 72 0.99807
65 73 0.998036
65 74 0.998007
65 75 0.997982
65 76 0.997961
65 77 0.997944
65 78 0.997931
65 79 0.997922
65 80 0.997917
65 81 0.997916
65 82 0.997918
65 83 0.997924
65 84 0.997934
65 85 0.997947
65 86 0.997963
65 87 0.997983
65 88 0.998005
65 89 0.998031
65 90 0.998059
65 91 0.998089
65 92 0.998121
65 93 0.998156
65 94 0.998192
65 95 0.99823
65 96 0.998269
65 97 0.998309
65 98 0.99835
65 99 0.998391
65 100 0.998433
65 101 0.998474
65 102 0.998516
65 103 0.998557
65 104 0.998597
65 105 0.998637
65 106 0.998675
65 107 0.998712
65 108 0.998749
65 109 0.998783
65 110 0.998817
65 111 0.998848
65 112 0.998879
65 113 0.998908
65 114 0.998935
65 115 0.998961
65 116 0.998986
65 117 0.99901
65 118 0.999033
65 119 0.999055
65 120 0.999077
65 121 0.999097
65 122 0.999117
65 123 0.999136
65 124 0.999153
65 125 0.99917
65 126 0.999184
65 127 0.999197

66 0 0
66 1 1.00071
66 2 1.00071
66 3 1.00071
66 4 1.00071
66 5 1.0007
66 6 1.0007
66 7 1.0007
66 8 1.0007
66 9 1.0007
66 10 1.0007
66 11 1.0007
66 12 1.0007
66 13 1.0007
66 14 1.0007
66 15 1.00069
66 16 1.00069
66 17 1.00069
66 18 1.00069
66 19 1.00069
66 20 1.00068
66 21 1.00068
66 22 1.00067
66 23 1.00067
66 24 1.00066
66 25 1.00065
66 26 1.00065
66 27 1.00064
66 28 1.00062
66 29 1.00061
66 30 1.0006
66 31 1.00058
66 32 1.00056
66 33 1.00054
66 34 1.00051
66 35 1.00048
66 36 1.00045
66 37 1.00042
66 38 1.00038
66 39 1.00033
66 40 1.00029
66 41 1.00024
66 42 1.00018
66 43 1.00012
66 44 1.00006
66 45 0.999988
66 46 0.999917
66 47 0.999842
66 48 0.999763
66 49 0.999682
66 50 0.999598
66 51 0.999512
66 52 0.999425
66 53 0.999337
66 54 0.999248
66 55 0.999159
66 56 0.999071
66 57 0.998984
66 58 0.998898
66 59 0.998814
66 60 0.998733
66 61 0.998654
66 62 0.998577
66 63 0.998504
66 64 0.998435
66 65 0.998369
66 66 0.998307
66 67 0.998249
66 68 0.998194
66 69 0.998144
66 70 0.998098
66 71 0.998056
66 72 0.998019
66 73 0.997985
66 74 0.997956
66 75 0.99793
66 76 0.997909
66 77 0.997892
66 78 0.997879
66 79 0.99787
66 80 0.997865
66 81 0.997864
66 82 0.997866
66 83 0.997873
66 84 0.997882
66 85 0.997895
66 86 0.997912
66 87 0.997931
66 88 0.997954
66 89 0.997979
66 90 0.998007
66 91 0.998037
66 92 0.99807
66 93 0.998104
66 94 0.998141
66 95 0.998178
66 96 0.998218
66 97 0.998258
66 98 0.998298
66 99 0.99834
66 100 0.998381
66 101 0.998423
66 102 0.998464
66 103 0.998505
66 104 0.998546
66 105 0.998585
66 106 0.998623
66 107 0.998661
66 108 0.998697
66 109 0.998731
66 110 0.998764
66 111 0.998796
66 112 0.998826
66 113 0.998855
66 114 0.998882
66 115 0.998909
66 116 0.998934
66 117 0.998958
66 118 0.998981
66 119 0.999003
66 120 0.999024
66 121 0.999045
66 122 0.999064
66 123 0.999083
66 124 0.9991
66 125 0.999116
66 126 0.99913
66 127 0.999142

67 0 0
67 1 1.0007
67 2 1.0007
67 3 1.0007
67 4 1.0007
67 5 1.0007
67 6 1.0007
67 7 1.0007
67 8 1.0007
67 9 1.0007
67 10 1.0007
67 11 1.0007
67 12 1.00069
67 13 1.00069
67 14 1.00069
67 15 1.00069
67 16 1.00069
67 17 1.00069
67 18 1.00068
67 19 1.00068
67 20 1.00068
67 21 1.00067
67 22 1.00067
67 23 1.00066
67 24 1.00066
67 25 1.00065
67 26 1.00064
67 27 1.00063
67 28 1.00062
67 29 1.00061
67 30 1.00059
67 31 1.00057
67 32 1.00055
67 33 1.00053
67 34 1.0005
67 35 1.00048
67 36 1.00044
67 37 1.00041
67 38 1.00037
67 39 1.00032
67 40 1.00028
67 41 1.00022
67 42 1.00017
67 43 1.00011
67 44 1.00004
67 45 0.999971
67 46 0.999897
67 47 0.99982
67 48 0.99974
67 49 0.999657
67 50 0.999571
67 51 0.999484
67 52 0.999395
67 53 0.999305
67 54 0.999214
67 55 0.999124
67 56 0.999034
67 57 0.998945
67 58 0.998858
67 59 0.998773
67 60 0.99869
67 61 0.99861
67 62 0.998533
67 63 0.99846
67 64 0.99839
67 65 0.998323
67 66 0.998261
67 67 0.998202
67 68 0.998147
67 69 0.998097
67 70 0.998051
67 71 0.998009
67 72 0.997971
67 73 0.997937
67 74 0.997908
67 75 0.997883
67 76 0.997861
67 77 0.997844
67 78 0.997831
67 79 0.997822
67 80 0.997817
67 81 0.997816
67 82 0.997818
67 83 0.997825
67 84 0.997834
67 85 0.997847
67 86 0.997864
67 87 0.997883
67 88 0.997906
67 89 0.997931
67 90 0.997959
67 91 0.997989
67 92 0.998022
67 93 0.998056
67 94 0.998092
67 95 0.99813
67 96 0.998169
67 97 0.998209
67 98 0.99825
67 99 0.998291
67 100 0.998333
67 101 0.998374
67 102 0.998416
67 103 0.998456
67 104 0.998497
67 105 0.998536
67 106 0.998574
67 107 0.998611
67 108 0.998647
67 109 0.998682
67 110 0.998715
67 111 0.998746
67 112 0.998776
67 113 0.998805
67 114 0.998832
67 115 0.998858
67 116 0.998883
67 117 0.998907
67 118 0.99893
67 119 0.998952
67 120 0.998974
67 121 0.998994
67 122 0.999014
67 123 0.999032
67 124 0.999049
67 125 0.999065
67 126 0.999079
67 127 0.99909

68 0 0
68 1 1.0007
68 2 1.0007
68 3 1.0007
68 4 1.0007
68 5 1.0007
68 6 1.0007
68 7 1.0007
68 8 1.00069
68 9 1.00069
68 10 1.00069
68 11 1.00069
68 12 1.00069
68 13 1.00069
68 14 1.00069
68 15 1.00069
68 16 1.00068
68 17 1.00068
68 18 1.00068
68 19 1.00068
68 20 1.00067
68 21 1.00067
68 22 1.00066
68 23 1.00066
68 24 1.00065
68 25 1.00065
68 26 1.00064
68 27 1.00063
68 28 1.00062
68 29 1.0006
68 30 1.00059
68 31 1.00057
68 32 1.00055
68 33 1.00053
68 34 1.0005
68 35 1.00047
68 36 1.00044
68 37 1.0004
68 38 1.00036
68 39 1.00031
68 40 1.00027
68 41 1.00021
68 42 1.00015
68 43 1.00009
68 44 1.00003
68 45 0.999954
68 46 0.999879
68 47 0.999801
68 48 0.999719
68 49 0.999634
68 50 0.999547
68 51 0.999457
68 52 0.999366
68 53 0.999275
68 54 0.999183
68 55 0.999091
68 56 0.999
68 57 0.99891
68 58 0.998821
68 59 0.998735
68 60 0.998651
68 61 0.99857
68 62 0.998493
68 63 0.998418
68 64 0.998348
68 65 0.998281
68 66 0.998218
68 67 0.998159
68 68 0.998104
68 69 0.998053
68 70 0.998007
68 71 0.997965
68 72 0.997927
68 73 0.997893
68 74 0.997864
68 75 0.997838
68 76 0.997817
68 77 0.9978
68 78 0.997787
68 79 0.997778
68 80 0.997773
68 81 0.997772
68 82 0.997774
68 83 0.99778
68 84 0.99779
68 85 0.997803
68 86 0.997819
68 87 0.997839
68 88 0.997861
68 89 0.997886
68 90 0.997914
68 91 0.997944
68 92 0.997977
68 93 0.998011
68 94 0.998048
68 95 0.998085
68 96 0.998124
68 97 0.998164
68 98 0.998205
68 99 0.998246
68 100 0.998287
68 101 0.998329
68 102 0.99837
68 103 0.998411
68 104 0.998451
68 105 0.99849
68 106 0.998528
68 107 0.998565
68 108 0.9986
68 109 0.998634
68 110 0.998667
68 111 0.998699
68 112 0.998728
68 113 0.998757
68 114 0.998784
68 115 0.99881
68 116 0.998835
68 117 0.998859
68 118 0.998882
68 119 0.998904
68 120 0.998925
68 121 0.998946
68 122 0.998965
68 123 0.998984
68 124 0.999001
68 125 0.999016
68 126 0.999029
68 127 0.999039

69 0 0
69 1 1.0007
69 2 1.0007
69 3 1.00069
69 4 1.00069
69 5 1.00069
69 6 1.00069
69 7 1.00069
69 8 1.00069
69 9 1.00069
69 10 1.00069
69 11 1.00069
69 12 1.00069
69 13 1.00069
69 14 1.00068
69 15 1.00068
69 16 1.00068
69 17 1.00068
69 18 1.00068
69 19 1.00067
69 20 1.00067
69 21 1.00067
69 22 1.00066
69 23 1.00066
69 24 1.00065
69 25 1.00064
69 26 1.00063
69 27 1.00062
69 28 1.00061
69 29 1.0006
69 30 1.00058
69 31 1.00056
69 32 1.00054
69 33 1.00052
69 34 1.00049
69 35 1.00046
69 36 1.00043
69 37 1.00039
69 38 1.00035
69 39 1.00031
69 40 1.00026
69 41 1.0002
69 42 1.00014
69 43 1.00008
69 44 1.00001
69 45 0.999939
69 46 0.999863
69 47 0.999783
69 48 0.999699
69 49 0.999613
69 50 0.999524
69 51 0.999433
69 52 0.999341
69 53 0.999247
69 54 0.999154
69 55 0.999061
69 56 0.998968
69 57 0.998877
69 58 0.998787
69 59 0.9987
69 60 0.998615
69 61 0.998534
69 62 0.998455
69 63 0.99838
69 64 0.998309
69 65 0.998242
69 66 0.998178
69 67 0.998119
69 68 0.998064
69 69 0.998013
69 70 0.997967
69 71 0.997925
69 72 0.997887
69 73 0.997853
69 74 0.997823
69 75 0.997798
69 76 0.997777
69 77 0.99776
69 78 0.997747
69 79 0.997738
69 80 0.997733
69 81 0.997731
69 82 0.997734
69 83 0.99774
69 84 0.997749
69 85 0.997762
69 86 0.997779
69 87 0.997798
69 88 0.99782
69 89 0.997845
69 90 0.997873
69 91 0.997903
69 92 0.997936
69 93 0.99797
69 94 0.998006
69 95 0.998044
69 96 0.998082
69 97 0.998122
69 98 0.998163
69 99 0.998204
69 100 0.998245
69 101 0.998286
69 102 0.998327
69 103 0.998368
69 104 0.998407
69 105 0.998446
69 106 0.998484
69 107 0.998521
69 108 0.998556
69 109 0.99859
69 110 0.998623
69 111 0.998654
69 112 0.998683
69 113 0.998712
69 114 0.998739
69 115 0.998765
69 116 0.998789
69 117 0.998813
69 118 0.998836
69 119 0.998858
69 120 0.99888
69 121 0.9989
69 122 0.99892
69 123 0.998938
69 124 0.998955
69 125 0.998969
69 126 0.998982
69 127 0.998991

70 0 0
70 1 1.00069
70 2 1.00069
70 3 1.00069
70 4 1.00069
70 5 1.00069
70 6 1.00069
70 7 1.00069
70 8 1.00069
70 9 1.00069
70 10 1.00068
70 11 1.00068
70 12 1.00068
70 13 1.00068
70 14 1.00068
70 15 1.00068
70 16 1.00068
70 17 1.00067
70 18 1.00067
70 19 1.00067
70 20 1.00067
70 21 1.00066
70 22 1.00066
70 23 1.00065
70 24 1.00064
70 25 1.00064
70 26 1.00063
70 27 1.00062
70 28 1.00061
70 29 1.00059
70 30 1.00058
70 31 1.00056
70 32 1.00054
70 33 1.00052
70 34 1.00049
70 35 1.00046
70 36 1.00043
70 37 1.00039
70 38 1.00035
70 39 1.0003
70 40 1.00025
70 41 1.00019
70 42 1.00013
70 43 1.00007
70 44 1
70 45 0.999926
70 46 0.999849
70 47 0.999767
70 48 0.999682
70 49 0.999594
70 50 0.999504
70 51 0.999411
70 52 0.999318
70 53 0.999223
70 54 0.999128
70 55 0.999033
70 56 0.998939
70 57 0.998847
70 58 0.998756
70 59 0.998668
70 60 0.998583
70 61 0.9985
70 62 0.998421
70 63 0.998346
70 64 0.998274
70 65 0.998206
70 66 0.998143
70 67 0.998083
70 68 0.998028
70 69 0.997977
70 70 0.997931
70 71 0.997888
70 72 0.99785
70 73 0.997816
70 74 0.997787
70 75 0.997762
70 76 0.99774
70 77 0.997723
70 78 0.99771
70 79 0.997701
70 80 0.997696
70 81 0.997695
70 82 0.997697
70 83 0.997703
70 84 0.997713
70 85 0.997725
70 86 0.997742
70 87 0.997761
70 88 0.997783
70 89 0.997808
70 90 0.997836
70 91 0.997866
70 92 0.997898
70 93 0.997932
70 94 0.997968
70 95 0.998006
70 96 0.998044
70 97 0.998084
70 98 0.998124
70 99 0.998165
70 100 0.998206
70 101 0.998247
70 102 0.998288
70 103 0.998328
70 104 0.998367
70 105 0.998406
70 106 0.998444
70 107 0.99848
70 108 0.998515
70 109 0.998549
70 110 0.998581
70 111 0.998612
70 112 0.998641
70 113 0.998669
70 114 0.998696
70 115 0.998722
70 116 0.998747
70 117 0.99877
70 118 0.998793
70 119 0.998815
70 120 0.998837
70 121 0.998857
70 122 0.998876
70 123 0.998894
70 124 0.998911
70 125 0.998925
70 126 0.998937
70 127 0.998946

71 0 0
71 1 1.00069
71 2 1.00069
71 3 1.00069
71 4 1.00069
71 5 1.00069
71 6 1.00068
71 7 1.00068
71 8 1.00068
71 9 1.00068
71 10 1.00068
71 11 1.00068
71 12 1.00068
71 13 1.00068
71 14 1.00068
71 15 1.00067
71 16 1.00067
71 17 1.00067
71 18 1.00067
71 19 1.00066
71 20 1.00066
71 21 1.00066
71 22 1.00065
71 23 1.00065
71 24 1.00064
71 25 1.00063
71 26 1.00063
71 27 1.00061
71 28 1.0006
71 29 1.00059
71 30 1.00057
71 31 1.00056
71 32 1.00054
71 33 1.00051
71 34 1.00049
71 35 1.00045
71 36 1.00042
71 37 1.00038
71 38 1.00034
71 39 1.00029
71 40 1.00024
71 41 1.00019
71 42 1.00013
71 43 1.00006
71 44 0.99999
71 45 0.999915
71 46 0.999836
71 47 0.999754
71 48 0.999667
71 49 0.999578
71 50 0.999486
71 51 0.999392
71 52 0.999297
71 53 0.999201
71 54 0.999105
71 55 0.999009
71 56 0.998914
71 57 0.99882
71 58 0.998729
71 59 0.99864
71 60 0.998553
71 61 0.99847
71 62 0.998391
71 63 0.998315
71 64 0.998242
71 65 0.998174
71 66 0.998111
71 67 0.998051
71 68 0.997996
71 69 0.997945
71 70 0.997898
71 71 0.997856
71 72 0.997818
71 73 0.997784
71 74 0.997754
71 75 0.997729
71 76 0.997708
71 77 0.997691
71 78 0.997678
71 79 0.997669
71 80 0.997663
71 81 0.997662
71 82 0.997664
71 83 0.99767
71 84 0.99768
71 85 0.997693
71 86 0.997709
71 87 0.997728
71 88 0.99775
71 89 0.997775
71 90 0.997802
71 91 0.997832
71 92 0.997864
71 93 0.997898
71 94 0.997934
71 95 0.997971
71 96 0.99801
71 97 0.998049
71 98 0.998089
71 99 0.99813
71 100 0.99817
71 101 0.998211
71 102 0.998251
71 103 0.998291
71 104 0.998331
71 105 0.998369
71 106 0.998406
71 107 0.998442
71 108 0.998477
71 109 0.99851
71 110 0.998542
71 111 0.998573
71 112 0.998602
71 113 0.99863
71 114 0.998657
71 115 0.998682
71 116 0.998707
71 117 0.99873
71 118 0.998753
71 119 0.998775
71 120 0.998797
71 121 0.998817
71 122 0.998836
71 123 0.998854
71 124 0.99887
71 125 0.998884
71 126 0.998896
71 127 0.998904

72 0 0
72 1 1.00069
72 2 1.00068
72 3 1.00068
72 4 1.00068
72 5 1.00068
72 6 1.00068
72 7 1.00068
72 8 1.00068
72 9 1.00068
72 10 1.00068
72 11 1.00067
72 12 1.00067
72 13 1.00067
72 14 1.00067
72 15 1.00067
72 16 1.00067
72 17 1.00067
72 18 1.00066
72 19 1.00066
72 20 1.00066
72 21 1.00065
72 22 1.00065
72 23 1.00064
72 24 1.00064
72 25 1.00063
72 26 1.00062
72 27 1.00061
72 28 1.0006
72 29 1.00059
72 30 1.00057
72 31 1.00055
72 32 1.00053
72 33 1.00051
72 34 1.00048
72 35 1.00045
72 36 1.00042
72 37 1.00038
72 38 1.00034
72 39 1.00029
72 40 1.00024
72 41 1.00018
72 42 1.00012
72 43 1.00005
72 44 0.999982
72 45 0.999906
72 46 0.999826
72 47 0.999742
72 48 0.999655
72 49 0.999564
72 50 0.999471
72 51 0.999376
72 52 0.999279
72 53 0.999182
72 54 0.999085
72 55 0.998988
72 56 0.998892
72 57 0.998797
72 58 0.998705
72 59 0.998615
72 60 0.998528
72 61 0.998444
72 62 0.998364
72 63 0.998287
72 64 0.998215
72 65 0.998146
72 66 0.998082
72 67 0.998023
72 68 0.997967
72 69 0.997916
72 70 0.997869
72 71 0.997827
72 72 0.997789
72 73 0.997755
72 74 0.997726
72 75 0.9977
72 76 0.997679
72 77 0.997662
72 78 0.997649
72 79 0.99764
72 80 0.997635
72 81 0.997633
72 82 0.997636
72 83 0.997642
72 84 0.997651
72 85 0.997664
72 86 0.99768
72 87 0.997699
72 88 0.997721
72 89 0.997745
72 90 0.997773
72 91 0.997802
72 92 0.997834
72 93 0.997868
72 94 0.997904
72 95 0.99794
72 96 0.997979
72 97 0.998018
72 98 0.998058
72 99 0.998098
72 100 0.998138
72 101 0.998179
72 102 0.998219
72 103 0.998258
72 104 0.998297
72 105 0.998335
72 106 0.998372
72 107 0.998408
72 108 0.998442
72 109 0.998475
72 110 0.998507
72 111 0.998537
72 112 0.998566
72 113 0.998594
72 114 0.99862
72 115 0.998645
72 116 0.99867
72 117 0.998693
72 118 0.998716
72 119 0.998738
72 120 0.99876
72 121 0.99878
72 122 0.998799
72 123 0.998817
72 124 0.998833
72 125 0.998846
72 126 0.998857
72 127 0.998864

73 0 0
73 1 1.00068
73 2 1.00068
73 3 1.00068
73 4 1.00068
73 5 1.00068
73 6 1.00068
73 7 1.00067
73 8 1.00067
73 9 1.00067
73 10 1.00067
73 11 1.00067
73 12 1.00067
73 13 1.00067
73 14 1.00067
73 15 1.00067
73 16 1.00066
73 17 1.00066
73 18 1.00066
73 19 1.00066
73 20 1.00065
73 21 1.00065
73 22 1.00064
73 23 1.00064
73 24 1.00063
73 25 1.00063
73 26 1.00062
73 27 1.00061
73 28 1.0006
73 29 1.00058
73 30 1.00057
73 31 1.00055
73 32 1.00053
73 33 1.00051
73 34 1.00048
73 35 1.00045
73 36 1.00041
73 37 1.00038
73 38 1.00033
73 39 1.00029
73 40 1.00023
73 41 1.00018
73 42 1.00011
73 43 1.00005
73 44 0.999975
73 45 0.999899
73 46 0.999818
73 47 0.999733
73 48 0.999645
73 49 0.999553
73 50 0.999459
73 51 0.999363
73 52 0.999265
73 53 0.999166
73 54 0.999068
73 55 0.99897
73 56 0.998873
73 57 0.998777
73 58 0.998684
73 59 0.998593
73 60 0.998505
73 61 0.998421
73 62 0.99834
73 63 0.998264
73 64 0.998191
73 65 0.998122
73 66 0.998058
73 67 0.997998
73 68 0.997942
73 69 0.997891
73 70 0.997844
73 71 0.997802
73 72 0.997764
73 73 0.99773
73 74 0.997701
73 75 0.997676
73 76 0.997655
73 77 0.997637
73 78 0.997624
73 79 0.997615
73 80 0.99761
73 81 0.997609
73 82 0.997611
73 83 0.997617
73 84 0.997626
73 85 0.997639
73 86 0.997654
73 87 0.997673
73 88 0.997695
73 89 0.99772
73 90 0.997747
73 91 0.997776
73 92 0.997808
73 93 0.997842
73 94 0.997877
73 95 0.997914
73 96 0.997951
73 97 0.99799
73 98 0.99803
73 99 0.99807
73 100 0.99811
73 101 0.99815
73 102 0.99819
73 103 0.998229
73 104 0.998267
73 105 0.998305
73 106 0.998341
73 107 0.998377
73 108 0.998411
73 109 0.998443
73 110 0.998475
73 111 0.998505
73 112 0.998533
73 113 0.998561
73 114 0.998587
73 115 0.998612
73 116 0.998636
73 117 0.99866
73 118 0.998683
73 119 0.998705
73 120 0.998726
73 121 0.998746
73 122 0.998765
73 123 0.998782
73 124 0.998798
73 125 0.998811
73 126 0.998821
73 127 0.998828

74 0 0
74 1 1.00068
74 2 1.00068
74 3 1.00068
74 4 1.00067
74 5 1.00067
74 6 1.00067
74 7 1.00067
74 8 1.00067
74 9 1.00067
74 10 1.00067
74 11 1.00067
74 12 1.00067
74 13 1.00066
74 14 1.00066
74 15 1.00066
74 16 1.00066
74 17 1.00066
74 18 1.00065
74 19 1.00065
74 20 1.00065
74 21 1.00065
74 22 1.00064
74 23 1.00064
74 24 1.00063
74 25 1.00062
74 26 1.00061
74 27 1.0006
74 28 1.00059
74 29 1.00058
74 30 1.00056
74 31 1.00055
74 32 1.00053
74 33 1.0005
74 34 1.00048
74 35 1.00045
74 36 1.00041
74 37 1.00037
74 38 1.00033
74 39 1.00028
74 40 1.00023
74 41 1.00017
74 42 1.00011
74 43 1.00004
74 44 0.999971
74 45 0.999894
74 46 0.999812
74 47 0.999726
74 48 0.999637
74 49 0.999544
74 50 0.999449
74 51 0.999352
74 52 0.999253
74 53 0.999154
74 54 0.999054
74 55 0.998955
74 56 0.998857
74 57 0.998761
74 58 0.998667
74 59 0.998575
74 60 0.998487
74 61 0.998402
74 62 0.998321
74 63 0.998244
74 64 0.99817
74 65 0.998102
74 66 0.998037
74 67 0.997977
74 68 0.997921
74 69 0.99787
74 70 0.997823
74 71 0.997781
74 72 0.997743
74 73 0.997709
74 74 0.99768
74 75 0.997655
74 76 0.997634
74 77 0.997617
74 78 0.997604
74 79 0.997594
74 80 0.997589
74 81 0.997588
74 82 0.99759
74 83 0.997596
74 84 0.997605
74 85 0.997617
74 86 0.997633
74 87 0.997652
74 88 0.997674
74 89 0.997698
74 90 0.997725
74 91 0.997754
74 92 0.997786
74 93 0.997819
74 94 0.997854
74 95 0.99789
74 96 0.997928
74 97 0.997966
74 98 0.998006
74 99 0.998045
74 100 0.998085
74 101 0.998125
74 102 0.998164
74 103 0.998203
74 104 0.998241
74 105 0.998278
74 106 0.998314
74 107 0.998349
74 108 0.998383
74 109 0.998415
74 110 0.998446
74 111 0.998476
74 112 0.998504
74 113 0.998531
74 114 0.998557
74 115 0.998582
74 116 0.998606
74 117 0.99863
74 118 0.998652
74 119 0.998674
74 120 0.998695
74 121 0.998715
74 122 0.998734
74 123 0.998752
74 124 0.998767
74 125 0.99878
74 126 0.998789
74 127 0.998795

75 0 0
75 1 1.00067
75 2 1.00067
75 3 1.00067
75 4 1.00067
75 5 1.00067
75 6 1.00067
75 7 1.00067
75 8 1.00067
75 9 1.00066
75 10 1.00066
75 11 1.00066
75 12 1.00066
75 13 1.00066
75 14 1.00066
75 15 1.00066
75 16 1.00066
75 17 1.00065
75 18 1.00065
75 19 1.00065
75 20 1.00064
75 21 1.00064
75 22 1.00064
75 23 1.00063
75 24 1.00063
75 25 1.00062
75 26 1.00061
75 27 1.0006
75 28 1.00059
75 29 1.00058
75 30 1.00056
75 31 1.00054
75 32 1.00052
75 33 1.0005
75 34 1.00047
75 35 1.00044
75 36 1.00041
75 37 1.00037
75 38 1.00033
75 39 1.00028
75 40 1.00023
75 41 1.00017
75 42 1.00011
75 43 1.00004
75 44 0.999968
75 45 0.99989
75 46 0.999808
75 47 0.999722
75 48 0.999632
75 49 0.999539
75 50 0.999443
75 51 0.999344
75 52 0.999245
75 53 0.999144
75 54 0.999044
75 55 0.998944
75 56 0.998845
75 57 0.998748
75 58 0.998653
75 59 0.998561
75 60 0.998472
75 61 0.998387
75 62 0.998305
75 63 0.998227
75 64 0.998154
75 65 0.998085
75 66 0.99802
75 67 0.99796
75 68 0.997904
75 69 0.997853
75 70 0.997806
75 71 0.997764
75 72 0.997726
75 73 0.997692
75 74 0.997663
75 75 0.997638
75 76 0.997617
75 77 0.9976
75 78 0.997587
75 79 0.997577
75 80 0.997572
75 81 0.997571
75 82 0.997573
75 83 0.997578
75 84 0.997588
75 85 0.9976
75 86 0.997616
75 87 0.997634
75 88 0.997656
75 89 0.99768
75 90 0.997707
75 91 0.997736
75 92 0.997767
75 93 0.9978
75 94 0.997835
75 95 0.997871
75 96 0.997908
75 97 0.997946
75 98 0.997985
75 99 0.998025
75 100 0.998064
75 101 0.998103
75 102 0.998142
75 103 0.998181
75 104 0.998218
75 105 0.998255
75 106 0.998291
75 107 0.998325
75 108 0.998358
75 109 0.99839
75 110 0.998421
75 111 0.99845
75 112 0.998478
75 113 0.998505
75 114 0.998531
75 115 0.998556
75 116 0.99858
75 117 0.998603
75 118 0.998626
75 119 0.998647
75 120 0.998668
75 121 0.998688
75 122 0.998707
75 123 0.998724
75 124 0.998739
75 125 0.998752
75 126 0.998761
75 127 0.998766

76 0 0
76 1 1.00067
76 2 1.00067
76 3 1.00067
76 4 1.00067
76 5 1.00066
76 6 1.00066
76 7 1.00066
76 8 1.00066
76 9 1.00066
76 10 1.00066
76 11 1.00066
76 12 1.00066
76 13 1.00066
76 14 1.00065
76 15 1.00065
76 16 1.00065
76 17 1.00065
76 18 1.00065
76 19 1.00064
76 20 1.00064
76 21 1.00064
76 22 1.00063
76 23 1.00063
76 24 1.00062
76 25 1.00062
76 26 1.00061
76 27 1.0006
76 28 1.00059
76 29 1.00057
76 30 1.00056
76 31 1.00054
76 32 1.00052
76 33 1.0005
76 34 1.00047
76 35 1.00044
76 36 1.00041
76 37 1.00037
76 38 1.00033
76 39 1.00028
76 40 1.00023
76 41 1.00017
76 42 1.00011
76 43 1.00004
76 44 0.999967
76 45 0.999889
76 46 0.999807
76 47 0.99972
76 48 0.999629
76 49 0.999536
76 50 0.999439
76 51 0.99934
76 52 0.99924
76 53 0.999138
76 54 0.999037
76 55 0.998936
76 56 0.998837
76 57 0.998739
76 58 0.998643
76 59 0.998551
76 60 0.998461
76 61 0.998375
76 62 0.998293
76 63 0.998215
76 64 0.998141
76 65 0.998072
76 66 0.998007
76 67 0.997947
76 68 0.997891
76 69 0.997839
76 70 0.997793
76 71 0.99775
76 72 0.997712
76 73 0.997679
76 74 0.997649
76 75 0.997624
76 76 0.997603
76 77 0.997586
76 78 0.997573
76 79 0.997564
76 80 0.997559
76 81 0.997557
76 82 0.997559
76 83 0.997565
76 84 0.997574
76 85 0.997586
76 86 0.997602
76 87 0.99762
76 88 0.997642
76 89 0.997666
76 90 0.997692
76 91 0.997721
76 92 0.997752
76 93 0.997785
76 94 0.99782
76 95 0.997855
76 96 0.997892
76 97 0.99793
76 98 0.997969
76 99 0.998008
76 100 0.998047
76 101 0.998085
76 102 0.998124
76 103 0.998162
76 104 0.998199
76 105 0.998235
76 106 0.998271
76 107 0.998305
76 108 0.998338
76 109 0.998369
76 110 0.998399
76 111 0.998428
76 112 0.998456
76 113 0.998483
76 114 0.998508
76 115 0.998533
76 116 0.998557
76 117 0.99858
76 118 0.998603
76 119 0.998624
76 120 0.998645
76 121 0.998665
76 122 0.998684
76 123 0.998701
76 124 0.998715
76 125 0.998727
76 126 0.998736
76 127 0.99874

77 0 0
77 1 1.00067
77 2 1.00066
77 3 1.00066
77 4 1.00066
77 5 1.00066
77 6 1.00066
77 7 1.00066
77 8 1.00066
77 9 1.00066
77 10 1.00065
77 11 1.00065
77 12 1.00065
77 13 1.00065
77 14 1.00065
77 15 1.00065
77 16 1.00065
77 17 1.00064
77 18 1.00064
77 19 1.00064
77 20 1.00064
77 21 1.00063
77 22 1.00063
77 23 1.00062
77 24 1.00062
77 25 1.00061
77 26 1.0006
77 27 1.0006
77 28 1.00058
77 29 1.00057
77 30 1.00056
77 31 1.00054
77 32 1.00052
77 33 1.0005
77 34 1.00047
77 35 1.00044
77 36 1.00041
77 37 1.00037
77 38 1.00033
77 39 1.00028
77 40 1.00023
77 41 1.00017
77 42 1.00011
77 43 1.00004
77 44 0.999968
77 45 0.999891
77 46 0.999808
77 47 0.999721
77 48 0.99963
77 49 0.999535
77 50 0.999438
77 51 0.999339
77 52 0.999238
77 53 0.999136
77 54 0.999034
77 55 0.998932
77 56 0.998832
77 57 0.998733
77 58 0.998637
77 59 0.998544
77 60 0.998454
77 61 0.998367
77 62 0.998285
77 63 0.998206
77 64 0.998132
77 65 0.998063
77 66 0.997998
77 67 0.997937
77 68 0.997881
77 69 0.99783
77 70 0.997783
77 71 0.997741
77 72 0.997703
77 73 0.997669
77 74 0.99764
77 75 0.997615
77 76 0.997594
77 77 0.997577
77 78 0.997564
77 79 0.997555
77 80 0.997549
77 81 0.997548
77 82 0.99755
77 83 0.997555
77 84 0.997564
77 85 0.997577
77 86 0.997592
77 87 0.99761
77 88 0.997632
77 89 0.997656
77 90 0.997682
77 91 0.997711
77 92 0.997741
77 93 0.997774
77 94 0.997808
77 95 0.997844
77 96 0.99788
77 97 0.997918
77 98 0.997956
77 99 0.997994
77 100 0.998033
77 101 0.998071
77 102 0.99811
77 103 0.998147
77 104 0.998184
77 105 0.99822
77 106 0.998255
77 107 0.998288
77 108 0.998321
77 109 0.998352
77 110 0.998382
77 111 0.99841
77 112 0.998438
77 113 0.998464
77 114 0.998489
77 115 0.998514
77 116 0.998538
77 117 0.998561
77 118 0.998583
77 119 0.998605
77 120 0.998626
77 121 0.998646
77 122 0.998664
77 123 0.998681
77 124 0.998695
77 125 0.998707
77 126 0.998715
77 127 0.998719

78 0 0
78 1 1.00066
78 2 1.00066
78 3 1.00066
78 4 1.00066
78 5 1.00066
78 6 1.00065
78 7 1.00065
78 8 1.00065
78 9 1.00065
78 10 1.00065
78 11 1.00065
78 12 1.00065
78 13 1.00065
78 14 1.00064
78 15 1.00064
78 16 1.00064
78 17 1.00064
78 18 1.00064
78 19 1.00064
78 20 1.00063
78 21 1.00063
78 22 1.00063
78 23 1.00062
78 24 1.00062
78 25 1.00061
78 26 1.0006
78 27 1.00059
78 28 1.00058
78 29 1.00057
78 30 1.00055
78 31 1.00054
78 32 1.00052
78 33 1.0005
78 34 1.00047
78 35 1.00044
78 36 1.00041
78 37 1.00037
78 38 1.00033
78 39 1.00028
78 40 1.00023
78 41 1.00017
78 42 1.00011
78 43 1.00004
78 44 0.999972
78 45 0.999894
78 46 0.999811
78 47 0.999724
78 48 0.999633
78 49 0.999538
78 50 0.99944
78 51 0.99934
78 52 0.999239
78 53 0.999136
78 54 0.999034
78 55 0.998932
78 56 0.998831
78 57 0.998732
78 58 0.998635
78 59 0.998541
78 60 0.99845
78 61 0.998363
78 62 0.99828
78 63 0.998202
78 64 0.998127
78 65 0.998057
78 66 0.997992
78 67 0.997931
78 68 0.997875
78 69 0.997824
78 70 0.997777
78 71 0.997734
78 72 0.997696
78 73 0.997663
78 74 0.997634
78 75 0.997609
78 76 0.997588
78 77 0.997571
78 78 0.997558
78 79 0.997549
78 80 0.997543
78 81 0.997542
78 82 0.997544
78 83 0.997549
78 84 0.997558
78 85 0.997571
78 86 0.997586
78 87 0.997604
78 88 0.997625
78 89 0.997649
78 90 0.997675
78 91 0.997703
78 92 0.997734
78 93 0.997766
78 94 0.9978
78 95 0.997835
78 96 0.997872
78 97 0.997909
78 98 0.997947
78 99 0.997985
78 100 0.998023
78 101 0.998061
78 102 0.998099
78 103 0.998136
78 104 0.998172
78 105 0.998208
78 106 0.998242
78 107 0.998275
78 108 0.998307
78 109 0.998338
78 110 0.998368
78 111 0.998396
78 112 0.998423
78 113 0.998449
78 114 0.998475
78 115 0.998499
78 116 0.998523
78 117 0.998546
78 118 0.998568
78 119 0.99859
78 120 0.998611
78 121 0.998631
78 122 0.998649
78 123 0.998665
78 124 0.99868
78 125 0.99869
78 126 0.998698
78 127 0.998701

79 0 0
79 1 1.00066
79 2 1.00066
79 3 1.00065
79 4 1.00065
79 5 1.00065
79 6 1.00065
79 7 1.00065
79 8 1.00065
79 9 1.00065
79 10 1.00065
79 11 1.00064
79 12 1.00064
79 13 1.00064
79 14 1.00064
79 15 1.00064
79 16 1.00064
79 17 1.00064
79 18 1.00063
79 19 1.00063
79 20 1.00063
79 21 1.00063
79 22 1.00062
79 23 1.00062
79 24 1.00061
79 25 1.00061
79 26 1.0006
79 27 1.00059
79 28 1.00058
79 29 1.00057
79 30 1.00055
79 31 1.00054
79 32 1.00052
79 33 1.0005
79 34 1.00047
79 35 1.00044
79 36 1.00041
79 37 1.00037
79 38 1.00033
79 39 1.00029
79 40 1.00023
79 41 1.00018
79 42 1.00012
79 43 1.00005
79 44 0.999977
79 45 0.999899
79 46 0.999817
79 47 0.99973
79 48 0.999638
79 49 0.999543
79 50 0.999446
79 51 0.999345
79 52 0.999243
79 53 0.999141
79 54 0.999038
79 55 0.998935
79 56 0.998833
79 57 0.998734
79 58 0.998636
79 59 0.998542
79 60 0.998451
79 61 0.998363
79 62 0.99828
79 63 0.998201
79 64 0.998126
79 65 0.998056
79 66 0.99799
79 67 0.997929
79 68 0.997873
79 69 0.997821
79 70 0.997774
79 71 0.997732
79 72 0.997694
79 73 0.99766
79 74 0.997631
79 75 0.997606
79 76 0.997585
79 77 0.997568
79 78 0.997555
79 79 0.997546
79 80 0.997541
79 81 0.997539
79 82 0.997541
79 83 0.997547
79 84 0.997556
79 85 0.997568
79 86 0.997583
79 87 0.997601
79 88 0.997622
79 89 0.997646
79 90 0.997672
79 91 0.9977
79 92 0.99773
79 93 0.997762
79 94 0.997796
79 95 0.997831
79 96 0.997867
79 97 0.997904
79 98 0.997941
79 99 0.997979
79 100 0.998017
79 101 0.998055
79 102 0.998092
79 103 0.998129
79 104 0.998165
79 105 0.9982
79 106 0.998234
79 107 0.998266
79 108 0.998298
79 109 0.998329
79 110 0.998358
79 111 0.998386
79 112 0.998413
79 113 0.998439
79 114 0.998464
79 115 0.998488
79 116 0.998512
79 117 0.998535
79 118 0.998557
79 119 0.998579
79 120 0.9986
79 121 0.998619
79 122 0.998638
79 123 0.998654
79 124 0.998668
79 125 0.998678
79 126 0.998685
79 127 0.998688

80 0 0
80 1 1.00065
80 2 1.00065
80 3 1.00065
80 4 1.00065
80 5 1.00065
80 6 1.00065
80 7 1.00064
80 8 1.00064
80 9 1.00064
80 10 1.00064
80 11 1.00064
80 12 1.00064
80 13 1.00064
80 14 1.00064
80 15 1.00063
80 16 1.00063
80 17 1.00063
80 18 1.00063
80 19 1.00063
80 20 1.00062
80 21 1.00062
80 22 1.00062
80 23 1.00061
80 24 1.00061
80 25 1.0006
80 26 1.00059
80 27 1.00059
80 28 1.00058
80 29 1.00056
80 30 1.00055
80 31 1.00054
80 32 1.00052
80 33 1.0005
80 34 1.00047
80 35 1.00044
80 36 1.00041
80 37 1.00038
80 38 1.00034
80 39 1.00029
80 40 1.00024
80 41 1.00018
80 42 1.00012
80 43 1.00006
80 44 0.999984
80 45 0.999907
80 46 0.999824
80 47 0.999738
80 48 0.999647
80 49 0.999552
80 50 0.999454
80 51 0.999354
80 52 0.999251
80 53 0.999148
80 54 0.999045
80 55 0.998942
80 56 0.99884
80 57 0.998739
80 58 0.998642
80 59 0.998547
80 60 0.998455
80 61 0.998367
80 62 0.998283
80 63 0.998203
80 64 0.998128
80 65 0.998058
80 66 0.997992
80 67 0.997931
80 68 0.997874
80 69 0.997822
80 70 0.997775
80 71 0.997733
80 72 0.997695
80 73 0.997661
80 74 0.997632
80 75 0.997607
80 76 0.997586
80 77 0.997569
80 78 0.997556
80 79 0.997547
80 80 0.997542
80 81 0.99754
80 82 0.997542
80 83 0.997548
80 84 0.997557
80 85 0.997569
80 86 0.997584
80 87 0.997602
80 88 0.997623
80 89 0.997646
80 90 0.997672
80 91 0.9977
80 92 0.99773
80 93 0.997762
80 94 0.997795
80 95 0.99783
80 96 0.997866
80 97 0.997902
80 98 0.997939
80 99 0.997977
80 100 0.998014
80 101 0.998052
80 102 0.998089
80 103 0.998125
80 104 0.998161
80 105 0.998195
80 106 0.998229
80 107 0.998261
80 108 0.998293
80 109 0.998323
80 110 0.998352
80 111 0.99838
80 112 0.998406
80 113 0.998432
80 114 0.998457
80 115 0.998481
80 116 0.998505
80 117 0.998528
80 118 0.99855
80 119 0.998572
80 120 0.998593
80 121 0.998613
80 122 0.998631
80 123 0.998647
80 124 0.99866
80 125 0.998671
80 126 0.998677
80 127 0.998679

81 0 0
81 1 1.00065
81 2 1.00065
81 3 1.00065
81 4 1.00064
81 5 1.00064
81 6 1.00064
81 7 1.00064
81 8 1.00064
81 9 1.00064
81 10 1.00064
81 11 1.00063
81 12 1.00063
81 13 1.00063
81 14 1.00063
81 15 1.00063
81 16 1.00063
81 17 1.00063
81 18 1.00062
81 19 1.00062
81 20 1.00062
81 21 1.00062
81 22 1.00061
81 23 1.00061
81 24 1.0006
81 25 1.0006
81 26 1.00059
81 27 1.00058
81 28 1.00057
81 29 1.00056
81 30 1.00055
81 31 1.00053
81 32 1.00052
81 33 1.0005
81 34 1.00047
81 35 1.00044
81 36 1.00041
81 37 1.00038
81 38 1.00034
81 39 1.00029
81 40 1.00024
81 41 1.00019
81 42 1.00013
81 43 1.00006
81 44 0.999993
81 45 0.999916
81 46 0.999835
81 47 0.999748
81 48 0.999658
81 49 0.999563
81 50 0.999465
81 51 0.999365
81 52 0.999263
81 53 0.999159
81 54 0.999056
81 55 0.998952
81 56 0.99885
81 57 0.998749
81 58 0.998651
81 59 0.998555
81 60 0.998463
81 61 0.998374
81 62 0.99829
81 63 0.99821
81 64 0.998134
81 65 0.998063
81 66 0.997997
81 67 0.997936
81 68 0.997879
81 69 0.997827
81 70 0.99778
81 71 0.997737
81 72 0.997699
81 73 0.997665
81 74 0.997636
81 75 0.997611
81 76 0.99759
81 77 0.997573
81 78 0.99756
81 79 0.997551
81 80 0.997546
81 81 0.997545
81 82 0.997547
81 83 0.997552
81 84 0.997561
81 85 0.997573
81 86 0.997588
81 87 0.997606
81 88 0.997627
81 89 0.99765
81 90 0.997676
81 91 0.997703
81 92 0.997733
81 93 0.997765
81 94 0.997798
81 95 0.997832
81 96 0.997868
81 97 0.997904
81 98 0.997941
81 99 0.997978
81 100 0.998015
81 101 0.998052
81 102 0.998089
81 103 0.998125
81 104 0.99816
81 105 0.998195
81 106 0.998228
81 107 0.99826
81 108 0.998291
81 109 0.998321
81 110 0.99835
81 111 0.998377
81 112 0.998404
81 113 0.99843
81 114 0.998454
81 115 0.998479
81 116 0.998502
81 117 0.998525
81 118 0.998548
81 119 0.99857
81 120 0.998591
81 121 0.99861
81 122 0.998629
81 123 0.998644
81 124 0.998658
81 125 0.998667
81 126 0.998673
81 127 0.998674

82 0 0
82 1 1.00064
82 2 1.00064
82 3 1.00064
82 4 1.00064
82 5 1.00064
82 6 1.00064
82 7 1.00063
82 8 1.00063
82 9 1.00063
82 10 1.00063
82 11 1.00063
82 12 1.00063
82 13 1.00063
82 14 1.00063
82 15 1.00062
82 16 1.00062
82 17 1.00062
82 18 1.00062
82 19 1.00062
82 20 1.00062
82 21 1.00061
82 22 1.00061
82 23 1.0006
82 24 1.0006
82 25 1.00059
82 26 1.00059
82 27 1.00058
82 28 1.00057
82 29 1.00056
82 30 1.00055
82 31 1.00053
82 32 1.00052
82 33 1.0005
82 34 1.00047
82 35 1.00045
82 36 1.00042
82 37 1.00038
82 38 1.00034
82 39 1.0003
82 40 1.00025
82 41 1.0002
82 42 1.00014
82 43 1.00007
82 44 1
82 45 0.999928
82 46 0.999847
82 47 0.999761
82 48 0.999671
82 49 0.999577
82 50 0.99948
82 51 0.99938
82 52 0.999277
82 53 0.999174
82 54 0.99907
82 55 0.998966
82 56 0.998864
82 57 0.998762
82 58 0.998664
82 59 0.998568
82 60 0.998475
82 61 0.998386
82 62 0.998301
82 63 0.99822
82 64 0.998144
82 65 0.998073
82 66 0.998006
82 67 0.997944
82 68 0.997888
82 69 0.997835
82 70 0.997788
82 71 0.997745
82 72 0.997707
82 73 0.997673
82 74 0.997644
82 75 0.997619
82 76 0.997598
82 77 0.997581
82 78 0.997568
82 79 0.997559
82 80 0.997554
82 81 0.997552
82 82 0.997554
82 83 0.997559
82 84 0.997568
82 85 0.99758
82 86 0.997595
82 87 0.997613
82 88 0.997634
82 89 0.997657
82 90 0.997682
82 91 0.99771
82 92 0.99774
82 93 0.997771
82 94 0.997804
82 95 0.997838
82 96 0.997874
82 97 0.99791
82 98 0.997946
82 99 0.997983
82 100 0.99802
82 101 0.998057
82 102 0.998093
82 103 0.998129
82 104 0.998164
82 105 0.998198
82 106 0.998231
82 107 0.998263
82 108 0.998293
82 109 0.998323
82 110 0.998352
82 111 0.998379
82 112 0.998406
82 113 0.998431
82 114 0.998456
82 115 0.99848
82 116 0.998504
82 117 0.998527
82 118 0.99855
82 119 0.998572
82 120 0.998593
82 121 0.998613
82 122 0.998631
82 123 0.998647
82 124 0.99866
82 125 0.998669
82 126 0.998674
82 127 0.998674

83 0 0
83 1 1.00064
83 2 1.00064
83 3 1.00064
83 4 1.00063
83 5 1.00063
83 6 1.00063
83 7 1.00063
83 8 1.00063
83 9 1.00063
83 10 1.00063
83 11 1.00063
83 12 1.00062
83 13 1.00062
83 14 1.00062
83 15 1.00062
83 16 1.00062
83 17 1.00062
83 18 1.00062
83 19 1.00061
83 20 1.00061
83 21 1.00061
83 22 1.0006
83 23 1.0006
83 24 1.0006
83 25 1.00059
83 26 1.00058
83 27 1.00058
83 28 1.00057
83 29 1.00056
83 30 1.00055
83 31 1.00053
83 32 1.00052
83 33 1.0005
83 34 1.00047
83 35 1.00045
83 36 1.00042
83 37 1.00039
83 38 1.00035
83 39 1.00031
83 40 1.00026
83 41 1.00021
83 42 1.00015
83 43 1.00008
83 44 1.00002
83 45 0.999941
83 46 0.999861
83 47 0.999776
83 48 0.999687
83 49 0.999594
83 50 0.999497
83 51 0.999397
83 52 0.999295
83 53 0.999192
83 54 0.999088
83 55 0.998984
83 56 0.998881
83 57 0.99878
83 58 0.99868
83 59 0.998584
83 60 0.998491
83 61 0.998401
83 62 0.998316
83 63 0.998234
83 64 0.998158
83 65 0.998086
83 66 0.998019
83 67 0.997957
83 68 0.997899
83 69 0.997847
83 70 0.997799
83 71 0.997756
83 72 0.997718
83 73 0.997684
83 74 0.997654
83 75 0.997629
83 76 0.997608
83 77 0.997591
83 78 0.997578
83 79 0.997569
83 80 0.997564
83 81 0.997562
83 82 0.997564
83 83 0.99757
83 84 0.997578
83 85 0.99759
83 86 0.997605
83 87 0.997623
83 88 0.997644
83 89 0.997667
83 90 0.997692
83 91 0.99772
83 92 0.997749
83 93 0.997781
83 94 0.997813
83 95 0.997847
83 96 0.997882
83 97 0.997918
83 98 0.997955
83 99 0.997991
83 100 0.998028
83 101 0.998064
83 102 0.9981
83 103 0.998136
83 104 0.99817
83 105 0.998204
83 106 0.998237
83 107 0.998269
83 108 0.9983
83 109 0.998329
83 110 0.998358
83 111 0.998385
83 112 0.998411
83 113 0.998437
83 114 0.998462
83 115 0.998487
83 116 0.99851
83 117 0.998534
83 118 0.998557
83 119 0.998579
83 120 0.9986
83 121 0.99862
83 122 0.998638
83 123 0.998654
83 124 0.998667
83 125 0.998675
83 126 0.99868
83 127 0.998679

84 0 0
84 1 1.00064
84 2 1.00063
84 3 1.00063
84 4 1.00063
84 5 1.00063
84 6 1.00063
84 7 1.00063
84 8 1.00062
84 9 1.00062
84 10 1.00062
84 11 1.00062
84 12 1.00062
84 13 1.00062
84 14 1.00062
84 15 1.00062
84 16 1.00061
84 17 1.00061
84 18 1.00061
84 19 1.00061
84 20 1.00061
84 21 1.0006
84 22 1.0006
84 23 1.0006
84 24 1.00059
84 25 1.00059
84 26 1.00058
84 27 1.00057
84 28 1.00057
84 29 1.00056
84 30 1.00054
84 31 1.00053
84 32 1.00052
84 33 1.0005
84 34 1.00048
84 35 1.00045
84 36 1.00042
84 37 1.00039
84 38 1.00035
84 39 1.00031
84 40 1.00027
84 41 1.00022
84 42 1.00016
84 43 1.0001
84 44 1.00003
84 45 0.999956
84 46 0.999877
84 47 0.999794
84 48 0.999706
84 49 0.999613
84 50 0.999517
84 51 0.999418
84 52 0.999316
84 53 0.999213
84 54 0.99911
84 55 0.999006
84 56 0.998902
84 57 0.998801
84 58 0.998701
84 59 0.998604
84 60 0.99851
84 61 0.99842
84 62 0.998334
84 63 0.998252
84 64 0.998175
84 65 0.998103
84 66 0.998035
84 67 0.997973
84 68 0.997915
84 69 0.997862
84 70 0.997814
84 71 0.997771
84 72 0.997732
84 73 0.997698
84 74 0.997668
84 75 0.997643
84 76 0.997622
84 77 0.997605
84 78 0.997592
84 79 0.997583
84 80 0.997577
84 81 0.997576
84 82 0.997578
84 83 0.997583
84 84 0.997592
84 85 0.997604
84 86 0.997618
84 87 0.997636
84 88 0.997657
84 89 0.99768
84 90 0.997705
84 91 0.997733
84 92 0.997762
84 93 0.997793
84 94 0.997826
84 95 0.99786
84 96 0.997894
84 97 0.99793
84 98 0.997966
84 99 0.998003
84 100 0.998039
84 101 0.998075
84 102 0.998111
84 103 0.998146
84 104 0.998181
84 105 0.998215
84 106 0.998247
84 107 0.998279
84 108 0.99831
84 109 0.998339
84 110 0.998368
84 111 0.998395
84 112 0.998422
84 113 0.998447
84 114 0.998473
84 115 0.998497
84 116 0.998521
84 117 0.998545
84 118 0.998568
84 119 0.99859
84 120 0.998612
84 121 0.998632
84 122 0.99865
84 123 0.998666
84 124 0.998679
84 125 0.998687
84 126 0.998691
84 127 0.99869

85 0 0
85 1 1.00063
85 2 1.00063
85 3 1.00063
85 4 1.00062
85 5 1.00062
85 6 1.00062
85 7 1.00062
85 8 1.00062
85 9 1.00062
85 10 1.00062
85 11 1.00062
85 12 1.00061
85 13 1.00061
85 14 1.00061
85 15 1.00061
85 16 1.00061
85 17 1.00061
85 18 1.00061
85 19 1.0006
85 20 1.0006
85 21 1.0006
85 22 1.0006
85 23 1.00059
85 24 1.00059
85 25 1.00058
85 26 1.00058
85 27 1.00057
85 28 1.00056
85 29 1.00055
85 30 1.00054
85 31 1.00053
85 32 1.00051
85 33 1.0005
85 34 1.00048
85 35 1.00045
85 36 1.00043
85 37 1.0004
85 38 1.00036
85 39 1.00032
85 40 1.00028
85 41 1.00023
85 42 1.00017
85 43 1.00011
85 44 1.00004
85 45 0.999973
85 46 0.999896
85 47 0.999813
85 48 0.999726
85 49 0.999635
85 50 0.99954
85 51 0.999442
85 52 0.999341
85 53 0.999238
85 54 0.999135
85 55 0.999031
85 56 0.998928
85 57 0.998826
85 58 0.998726
85 59 0.998628
85 60 0.998534
85 61 0.998443
85 62 0.998356
85 63 0.998274
85 64 0.998196
85 65 0.998123
85 66 0.998055
85 67 0.997992
85 68 0.997934
85 69 0.99788
85 70 0.997832
85 71 0.997788
85 72 0.997749
85 73 0.997715
85 74 0.997685
85 75 0.997659
85 76 0.997638
85 77 0.997621
85 78 0.997608
85 79 0.997599
85 80 0.997593
85 81 0.997592
85 82 0.997594
85 83 0.997599
85 84 0.997608
85 85 0.997619
85 86 0.997634
85 87 0.997652
85 88 0.997672
85 89 0.997695
85 90 0.997721
85 91 0.997748
85 92 0.997777
85 93 0.997808
85 94 0.997841
85 95 0.997875
85 96 0.997909
85 97 0.997945
85 98 0.997981
85 99 0.998017
85 100 0.998054
85 101 0.99809
85 102 0.998125
85 103 0.998161
85 104 0.998195
85 105 0.998229
85 106 0.998261
85 107 0.998293
85 108 0.998324
85 109 0.998353
85 110 0.998382
85 111 0.998409
85 112 0.998436
85 113 0.998462
85 114 0.998488
85 115 0.998513
85 116 0.998537
85 117 0.998561
85 118 0.998584
85 119 0.998607
85 120 0.998629
85 121 0.998649
85 122 0.998668
85 123 0.998683
85 124 0.998696
85 125 0.998704
85 126 0.998707
85 127 0.998705

86 0 0
86 1 1.00063
86 2 1.00062
86 3 1.00062
86 4 1.00062
86 5 1.00062
86 6 1.00062
86 7 1.00062
86 8 1.00061
86 9 1.00061
86 10 1.00061
86 11 1.00061
86 12 1.00061
86 13 1.00061
86 14 1.00061
86 15 1.00061
86 16 1.0006
86 17 1.0006
86 18 1.0006
86 19 1.0006
86 20 1.0006
86 21 1.00059
86 22 1.00059
86 23 1.00059
86 24 1.00058
86 25 1.00058
86 26 1.00057
86 27 1.00057
86 28 1.00056
86 29 1.00055
86 30 1.00054
86 31 1.00053
86 32 1.00051
86 33 1.0005
86 34 1.00048
86 35 1.00046
86 36 1.00043
86 37 1.0004
86 38 1.00037
86 39 1.00033
86 40 1.00029
86 41 1.00024
86 42 1.00018
86 43 1.00013
86 44 1.00006
86 45 0.999991
86 46 0.999915
86 47 0.999835
86 48 0.999749
86 49 0.999659
86 50 0.999565
86 51 0.999468
86 52 0.999368
86 53 0.999266
86 54 0.999163
86 55 0.999059
86 56 0.998956
86 57 0.998854
86 58 0.998754
86 59 0.998656
86 60 0.998561
86 61 0.99847
86 62 0.998383
86 63 0.9983
86 64 0.998221
86 65 0.998147
86 66 0.998079
86 67 0.998015
86 68 0.997956
86 69 0.997902
86 70 0.997853
86 71 0.997809
86 72 0.99777
86 73 0.997735
86 74 0.997705
86 75 0.997679
86 76 0.997657
86 77 0.99764
86 78 0.997627
86 79 0.997618
86 80 0.997612
86 81 0.99761
86 82 0.997612
86 83 0.997618
86 84 0.997626
86 85 0.997638
86 86 0.997653
86 87 0.99767
86 88 0.997691
86 89 0.997714
86 90 0.997739
86 91 0.997766
86 92 0.997796
86 93 0.997827
86 94 0.997859
86 95 0.997893
86 96 0.997927
86 97 0.997963
86 98 0.997999
86 99 0.998035
86 100 0.998071
86 101 0.998107
86 102 0.998143
86 103 0.998178
86 104 0.998213
86 105 0.998246
86 106 0.998279
86 107 0.998311
86 108 0.998341
86 109 0.998371
86 110 0.9984
86 111 0.998428
86 112 0.998455
86 113 0.998481
86 114 0.998507
86 115 0.998533
86 116 0.998557
86 117 0.998582
86 118 0.998606
86 119 0.998629
86 120 0.998651
86 121 0.998672
86 122 0.998691
86 123 0.998706
86 124 0.998719
86 125 0.998727
86 126 0.998729
86 127 0.998726

87 0 0
87 1 1.00062
87 2 1.00062
87 3 1.00062
87 4 1.00061
87 5 1.00061
87 6 1.00061
87 7 1.00061
87 8 1.00061
87 9 1.00061
87 10 1.00061
87 11 1.0006
87 12 1.0006
87 13 1.0006
87 14 1.0006
87 15 1.0006
87 16 1.0006
87 17 1.0006
87 18 1.0006
87 19 1.00059
87 20 1.00059
87 21 1.00059
87 22 1.00059
87 23 1.00058
87 24 1.00058
87 25 1.00057
87 26 1.00057
87 27 1.00056
87 28 1.00056
87 29 1.00055
87 30 1.00054
87 31 1.00053
87 32 1.00051
87 33 1.0005
87 34 1.00048
87 35 1.00046
87 36 1.00043
87 37 1.00041
87 38 1.00037
87 39 1.00034
87 40 1.0003
87 41 1.00025
87 42 1.0002
87 43 1.00014
87 44 1.00008
87 45 1.00001
87 46 0.999937
87 47 0.999858
87 48 0.999774
87 49 0.999686
87 50 0.999593
87 51 0.999497
87 52 0.999399
87 53 0.999297
87 54 0.999195
87 55 0.999092
87 56 0.998989
87 57 0.998887
87 58 0.998786
87 59 0.998688
87 60 0.998593
87 61 0.998501
87 62 0.998413
87 63 0.998329
87 64 0.99825
87 65 0.998175
87 66 0.998106
87 67 0.998041
87 68 0.997982
87 69 0.997927
87 70 0.997877
87 71 0.997833
87 72 0.997793
87 73 0.997758
87 74 0.997727
87 75 0.997701
87 76 0.997679
87 77 0.997662
87 78 0.997648
87 79 0.997639
87 80 0.997633
87 81 0.997632
87 82 0.997633
87 83 0.997639
87 84 0.997647
87 85 0.997659
87 86 0.997674
87 87 0.997691
87 88 0.997712
87 89 0.997734
87 90 0.99776
87 91 0.997787
87 92 0.997816
87 93 0.997847
87 94 0.99788
87 95 0.997913
87 96 0.997948
87 97 0.997983
87 98 0.998019
87 99 0.998055
87 100 0.998092
87 101 0.998128
87 102 0.998164
87 103 0.998199
87 104 0.998233
87 105 0.998267
87 106 0.9983
87 107 0.998332
87 108 0.998363
87 109 0.998393
87 110 0.998422
87 111 0.99845
87 112 0.998478
87 113 0.998505
87 114 0.998531
87 115 0.998557
87 116 0.998583
87 117 0.998608
87 118 0.998633
87 119 0.998657
87 120 0.998679
87 121 0.9987
87 122 0.998719
87 123 0.998735
87 124 0.998747
87 125 0.998755
87 126 0.998757
87 127 0.998753

88 0 0
88 1 1.00061
88 2 1.00061
88 3 1.00061
88 4 1.00061
88 5 1.00061
88 6 1.00061
88 7 1.0006
88 8 1.0006
88 9 1.0006
88 10 1.0006
88 11 1.0006
88 12 1.0006
88 13 1.0006
88 14 1.0006
88 15 1.00059
88 16 1.00059
88 17 1.00059
88 18 1.00059
88 19 1.00059
88 20 1.00059
88 21 1.00058
88 22 1.00058
88 23 1.00058
88 24 1.00057
88 25 1.00057
88 26 1.00057
88 27 1.00056
88 28 1.00055
88 29 1.00055
88 30 1.00054
88 31 1.00053
88 32 1.00051
88 33 1.0005
88 34 1.00048
88 35 1.00046
88 36 1.00044
88 37 1.00041
88 38 1.00038
88 39 1.00034
88 40 1.00031
88 41 1.00026
88 42 1.00021
88 43 1.00016
88 44 1.0001
88 45 1.00003
88 46 0.99996
88 47 0.999883
88 48 0.999801
88 49 0.999715
88 50 0.999624
88 51 0.999529
88 52 0.999432
88 53 0.999332
88 54 0.99923
88 55 0.999127
88 56 0.999025
88 57 0.998923
88 58 0.998822
88 59 0.998724
88 60 0.998628
88 61 0.998535
88 62 0.998447
88 63 0.998362
88 64 0.998282
88 65 0.998207
88 66 0.998137
88 67 0.998071
88 68 0.998011
88 69 0.997956
88 70 0.997905
88 71 0.99786
88 72 0.997819
88 73 0.997784
88 74 0.997753
88 75 0.997726
88 76 0.997704
88 77 0.997686
88 78 0.997673
88 79 0.997663
88 80 0.997657
88 81 0.997655
88 82 0.997657
88 83 0.997662
88 84 0.99767
88 85 0.997682
88 86 0.997697
88 87 0.997714
88 88 0.997735
88 89 0.997758
88 90 0.997783
88 91 0.99781
88 92 0.997839
88 93 0.99787
88 94 0.997903
88 95 0.997936
88 96 0.997971
88 97 0.998006
88 98 0.998042
88 99 0.998079
88 100 0.998115
88 101 0.998151
88 102 0.998187
88 103 0.998223
88 104 0.998258
88 105 0.998292
88 106 0.998325
88 107 0.998357
88 108 0.998388
88 109 0.998419
88 110 0.998449
88 111 0.998478
88 112 0.998506
88 113 0.998533
88 114 0.998561
88 115 0.998587
88 116 0.998614
88 117 0.99864
88 118 0.998665
88 119 0.99869
88 120 0.998713
88 121 0.998735
88 122 0.998754
88 123 0.99877
88 124 0.998782
88 125 0.99879
88 126 0.998791
88 127 0.998787

89 0 0
89 1 1.00061
89 2 1.00061
89 3 1.00061
89 4 1.0006
89 5 1.0006
89 6 1.0006
89 7 1.0006
89 8 1.0006
89 9 1.0006
89 10 1.0006
89 11 1.00059
89 12 1.00059
89 13 1.00059
89 14 1.00059
89 15 1.00059
89 16 1.00059
89 17 1.00059
89 18 1.00058
89 19 1.00058
89 20 1.00058
89 21 1.00058
89 22 1.00058
89 23 1.00057
89 24 1.00057
89 25 1.00057
89 26 1.00056
89 27 1.00056
89 28 1.00055
89 29 1.00054
89 30 1.00053
89 31 1.00052
89 32 1.00051
89 33 1.0005
89 34 1.00048
89 35 1.00046
89 36 1.00044
89 37 1.00042
89 38 1.00039
89 39 1.00035
89 40 1.00032
89 41 1.00027
89 42 1.00023
89 43 1.00017
89 44 1.00012
89 45 1.00005
89 46 0.999983
89 47 0.999909
89 48 0.99983
89 49 0.999745
89 50 0.999656
89 51 0.999563
89 52 0.999467
89 53 0.999369
89 54 0.999268
89 55 0.999166
89 56 0.999064
89 57 0.998962
89 58 0.998862
89 59 0.998763
89 60 0.998667
89 61 0.998574
89 62 0.998485
89 63 0.998399
89 64 0.998319
89 65 0.998242
89 66 0.998171
89 67 0.998105
89 68 0.998043
89 69 0.997987
89 70 0.997936
89 71 0.99789
89 72 0.997849
89 73 0.997813
89 74 0.997781
89 75 0.997754
89 76 0.997731
89 77 0.997713
89 78 0.997699
89 79 0.997689
89 80 0.997683
89 81 0.997681
89 82 0.997683
89 83 0.997688
89 84 0.997696
89 85 0.997707
89 86 0.997722
89 87 0.99774
89 88 0.99776
89 89 0.997783
89 90 0.997808
89 91 0.997835
89 92 0.997865
89 93 0.997896
89 94 0.997928
89 95 0.997962
89 96 0.997997
89 97 0.998032
89 98 0.998068
89 99 0.998105
89 100 0.998141
89 101 0.998178
89 102 0.998214
89 103 0.99825
89 104 0.998285
89 105 0.998319
89 106 0.998353
89 107 0.998386
89 108 0.998418
89 109 0.998449
89 110 0.998479
89 111 0.998509
89 112 0.998538
89 113 0.998567
89 114 0.998595
89 115 0.998622
89 116 0.99865
89 117 0.998677
89 118 0.998703
89 119 0.998728
89 120 0.998753
89 121 0.998775
89 122 0.998795
89 123 0.998811
89 124 0.998824
89 125 0.998831
89 126 0.998832
89 127 0.998826

90 0 0
90 1 1.0006
90 2 1.0006
90 3 1.0006
90 4 1.0006
90 5 1.0006
90 6 1.0006
90 7 1.00059
90 8 1.00059
90 9 1.00059
90 10 1.00059
90 11 1.00059
90 12 1.00059
90 13 1.00059
90 14 1.00059
90 15 1.00058
90 16 1.00058
90 17 1.00058
90 18 1.00058
90 19 1.00058
90 20 1.00058
90 21 1.00057
90 22 1.00057
90 23 1.00057
90 24 1.00057
90 25 1.00056
90 26 1.00056
90 27 1.00055
90 28 1.00055
90 29 1.00054
90 30 1.00053
90 31 1.00052
90 32 1.00051
90 33 1.0005
90 34 1.00048
90 35 1.00046
90 36 1.00044
90 37 1.00042
90 38 1.00039
90 39 1.00036
90 40 1.00033
90 41 1.00029
90 42 1.00024
90 43 1.00019
90 44 1.00014
90 45 1.00007
90 46 1.00001
90 47 0.999936
90 48 0.999859
90 49 0.999777
90 50 0.999691
90 51 0.9996
90 52 0.999505
90 53 0.999408
90 54 0.999309
90 55 0.999208
90 56 0.999107
90 57 0.999005
90 58 0.998905
90 59 0.998806
90 60 0.99871
90 61 0.998616
90 62 0.998527
90 63 0.99844
90 64 0.998359
90 65 0.998282
90 66 0.998209
90 67 0.998142
90 68 0.99808
90 69 0.998023
90 70 0.997971
90 71 0.997924
90 72 0.997882
90 73 0.997844
90 74 0.997812
90 75 0.997785
90 76 0.997761
90 77 0.997743
90 78 0.997728
90 79 0.997718
90 80 0.997712
90 81 0.997709
90 82 0.99771
90 83 0.997715
90 84 0.997724
90 85 0.997735
90 86 0.99775
90 87 0.997767
90 88 0.997787
90 89 0.99781
90 90 0.997835
90 91 0.997863
90 92 0.997892
90 93 0.997923
90 94 0.997956
90 95 0.99799
90 96 0.998024
90 97 0.99806
90 98 0.998097
90 99 0.998133
90 100 0.99817
90 101 0.998207
90 102 0.998244
90 103 0.99828
90 104 0.998316
90 105 0.998351
90 106 0.998385
90 107 0.998418
90 108 0.998451
90 109 0.998483
90 110 0.998514
90 111 0.998545
90 112 0.998575
90 113 0.998605
90 114 0.998634
90 115 0.998663
90 116 0.998691
90 117 0.998719
90 118 0.998747
90 119 0.998773
90 120 0.998799
90 121 0.998822
90 122 0.998843
90 123 0.998859
90 124 0.998872
90 125 0.998879
90 126 0.998879
90 127 0.998873

91 0 0
91 1 1.0006
91 2 1.0006
91 3 1.0006
91 4 1.00059
91 5 1.00059
91 6 1.00059
91 7 1.00059
91 8 1.00059
91 9 1.00059
91 10 1.00059
91 11 1.00058
91 12 1.00058
91 13 1.00058
91 14 1.00058
91 15 1.00058
91 16 1.00058
91 17 1.00058
91 18 1.00057
91 19 1.00057
91 20 1.00057
91 21 1.00057
91 22 1.00057
91 23 1.00056
91 24 1.00056
91 25 1.00056
91 26 1.00055
91 27 1.00055
91 28 1.00054
91 29 1.00054
91 30 1.00053
91 31 1.00052
91 32 1.00051
91 33 1.0005
91 34 1.00048
91 35 1.00047
91 36 1.00045
91 37 1.00043
91 38 1.0004
91 39 1.00037
91 40 1.00034
91 41 1.0003
91 42 1.00026
91 43 1.00021
91 44 1.00016
91 45 1.0001
91 46 1.00003
91 47 0.999964
91 48 0.99989
91 49 0.999811
91 50 0.999726
91 51 0.999638
91 52 0.999546
91 53 0.99945
91 54 0.999352
91 55 0.999253
91 56 0.999152
91 57 0.999052
91 58 0.998952
91 59 0.998853
91 60 0.998757
91 61 0.998663
91 62 0.998572
91 63 0.998485
91 64 0.998403
91 65 0.998325
91 66 0.998251
91 67 0.998183
91 68 0.99812
91 69 0.998061
91 70 0.998008
91 71 0.99796
91 72 0.997917
91 73 0.997879
91 74 0.997846
91 75 0.997818
91 76 0.997794
91 77 0.997775
91 78 0.99776
91 79 0.997749
91 80 0.997742
91 81 0.99774
91 82 0.997741
91 83 0.997745
91 84 0.997753
91 85 0.997764
91 86 0.997779
91 87 0.997796
91 88 0.997816
91 89 0.997839
91 90 0.997864
91 91 0.997892
91 92 0.997921
91 93 0.997952
91 94 0.997985
91 95 0.998019
91 96 0.998055
91 97 0.998091
91 98 0.998127
91 99 0.998164
91 100 0.998202
91 101 0.998239
91 102 0.998276
91 103 0.998313
91 104 0.998349
91 105 0.998385
91 106 0.99842
91 107 0.998454
91 108 0.998488
91 109 0.998521
91 110 0.998554
91 111 0.998585
91 112 0.998617
91 113 0.998648
91 114 0.998678
91 115 0.998709
91 116 0.998739
91 117 0.998768
91 118 0.998797
91 119 0.998825
91 120 0.998851
91 121 0.998876
91 122 0.998897
91 123 0.998915
91 124 0.998927
91 125 0.998934
91 126 0.998934
91 127 0.998926

92 0 0
92 1 1.00059
92 2 1.00059
92 3 1.00059
92 4 1.00059
92 5 1.00059
92 6 1.00059
92 7 1.00058
92 8 1.00058
92 9 1.00058
92 10 1.00058
92 11 1.00058
92 12 1.00058
92 13 1.00058
92 14 1.00057
92 15 1.00057
92 16 1.00057
92 17 1.00057
92 18 1.00057
92 19 1.00057
92 20 1.00057
92 21 1.00056
92 22 1.00056
92 23 1.00056
92 24 1.00056
92 25 1.00055
92 26 1.00055
92 27 1.00054
92 28 1.00054
92 29 1.00053
92 30 1.00053
92 31 1.00052
92 32 1.00051
92 33 1.0005
92 34 1.00048
92 35 1.00047
92 36 1.00045
92 37 1.00043
92 38 1.00041
92 39 1.00038
92 40 1.00035
92 41 1.00031
92 42 1.00027
92 43 1.00023
92 44 1.00018
92 45 1.00012
92 46 1.00006
92 47 0.999993
92 48 0.999922
92 49 0.999845
92 50 0.999764
92 51 0.999678
92 52 0.999588
92 53 0.999495
92 54 0.999399
92 55 0.999301
92 56 0.999201
92 57 0.999102
92 58 0.999002
92 59 0.998904
92 60 0.998807
92 61 0.998713
92 62 0.998622
92 63 0.998534
92 64 0.998451
92 65 0.998372
92 66 0.998297
92 67 0.998228
92 68 0.998163
92 69 0.998104
92 70 0.998049
92 71 0.998
92 72 0.997956
92 73 0.997917
92 74 0.997883
92 75 0.997854
92 76 0.997829
92 77 0.997809
92 78 0.997794
92 79 0.997782
92 80 0.997775
92 81 0.997772
92 82 0.997773
92 83 0.997777
92 84 0.997785
92 85 0.997796
92 86 0.99781
92 87 0.997827
92 88 0.997847
92 89 0.99787
92 90 0.997895
92 91 0.997923
92 92 0.997952
92 93 0.997984
92 94 0.998017
92 95 0.998051
92 96 0.998087
92 97 0.998123
92 98 0.99816
92 99 0.998198
92 100 0.998236
92 101 0.998273
92 102 0.998311
92 103 0.998349
92 104 0.998386
92 105 0.998423
92 106 0.998459
92 107 0.998494
92 108 0.998529
92 109 0.998564
92 110 0.998597
92 111 0.998631
92 112 0.998663
92 113 0.998696
92 114 0.998728
92 115 0.99876
92 116 0.998792
92 117 0.998823
92 118 0.998854
92 119 0.998883
92 120 0.998911
92 121 0.998937
92 122 0.998959
92 123 0.998977
92 124 0.99899
92 125 0.998997
92 126 0.998996
92 127 0.998987

93 0 0
93 1 1.00059
93 2 1.00059
93 3 1.00058
93 4 1.00058
93 5 1.00058
93 6 1.00058
93 7 1.00058
93 8 1.00058
93 9 1.00058
93 10 1.00057
93 11 1.00057
93 12 1.00057
93 13 1.00057
93 14 1.00057
93 15 1.00057
93 16 1.00057
93 17 1.00056
93 18 1.00056
93 19 1.00056
93 20 1.00056
93 21 1.00056
93 22 1.00056
93 23 1.00055
93 24 1.00055
93 25 1.00055
93 26 1.00054
93 27 1.00054
93 28 1.00053
93 29 1.00053
93 30 1.00052
93 31 1.00051
93 32 1.00051
93 33 1.0005
93 34 1.00048
93 35 1.00047
93 36 1.00045
93 37 1.00043
93 38 1.00041
93 39 1.00039
93 40 1.00036
93 41 1.00032
93 42 1.00029
93 43 1.00024
93 44 1.0002
93 45 1.00014
93 46 1.00009
93 47 1.00002
93 48 0.999954
93 49 0.99988
93 50 0.999802
93 51 0.999719
93 52 0.999631
93 53 0.999541
93 54 0.999447
93 55 0.999351
93 56 0.999253
93 57 0.999154
93 58 0.999056
93 59 0.998958
93 60 0.998861
93 61 0.998767
93 62 0.998675
93 63 0.998587
93 64 0.998503
93 65 0.998423
93 66 0.998347
93 67 0.998276
93 68 0.99821
93 69 0.99815
93 70 0.998094
93 71 0.998044
93 72 0.997998
93 73 0.997958
93 74 0.997923
93 75 0.997893
93 76 0.997867
93 77 0.997846
93 78 0.99783
93 79 0.997818
93 80 0.99781
93 81 0.997807
93 82 0.997807
93 83 0.997811
93 84 0.997818
93 85 0.997829
93 86 0.997843
93 87 0.99786
93 88 0.99788
93 89 0.997903
93 90 0.997928
93 91 0.997956
93 92 0.997985
93 93 0.998017
93 94 0.99805
93 95 0.998085
93 96 0.998121
93 97 0.998157
93 98 0.998195
93 99 0.998233
93 100 0.998272
93 101 0.99831
93 102 0.998349
93 103 0.998388
93 104 0.998426
93 105 0.998464
93 106 0.998501
93 107 0.998538
93 108 0.998574
93 109 0.99861
93 110 0.998645
93 111 0.99868
93 112 0.998715
93 113 0.99875
93 114 0.998784
93 115 0.998818
93 116 0.998852
93 117 0.998885
93 118 0.998918
93 119 0.998949
93 120 0.998979
93 121 0.999006
93 122 0.999029
93 123 0.999048
93 124 0.999062
93 125 0.999068
93 126 0.999067
93 127 0.999057

94 0 0
94 1 1.00058
94 2 1.00058
94 3 1.00058
94 4 1.00058
94 5 1.00058
94 6 1.00057
94 7 1.00057
94 8 1.00057
94 9 1.00057
94 10 1.00057
94 11 1.00057
94 12 1.00057
94 13 1.00057
94 14 1.00056
94 15 1.00056
94 16 1.00056
94 17 1.00056
94 18 1.00056
94 19 1.00056
94 20 1.00055
94 21 1.00055
94 22 1.00055
94 23 1.00055
94 24 1.00055
94 25 1.00054
94 26 1.00054
94 27 1.00053
94 28 1.00053
94 29 1.00053
94 30 1.00052
94 31 1.00051
94 32 1.0005
94 33 1.00049
94 34 1.00048
94 35 1.00047
94 36 1.00045
94 37 1.00044
94 38 1.00042
94 39 1.00039
94 40 1.00037
94 41 1.00033
94 42 1.0003
94 43 1.00026
94 44 1.00021
94 45 1.00017
94 46 1.00011
94 47 1.00005
94 48 0.999986
94 49 0.999916
94 50 0.999841
94 51 0.999761
94 52 0.999676
94 53 0.999588
94 54 0.999497
94 55 0.999403
94 56 0.999307
94 57 0.99921
94 58 0.999112
94 59 0.999015
94 60 0.998919
94 61 0.998824
94 62 0.998733
94 63 0.998644
94 64 0.998559
94 65 0.998477
94 66 0.998401
94 67 0.998329
94 68 0.998261
94 69 0.998199
94 70 0.998142
94 71 0.998091
94 72 0.998044
94 73 0.998002
94 74 0.997966
94 75 0.997935
94 76 0.997908
94 77 0.997886
94 78 0.997869
94 79 0.997856
94 80 0.997848
94 81 0.997843
94 82 0.997843
94 83 0.997846
94 84 0.997853
94 85 0.997864
94 86 0.997878
94 87 0.997895
94 88 0.997915
94 89 0.997937
94 90 0.997962
94 91 0.99799
94 92 0.99802
94 93 0.998052
94 94 0.998085
94 95 0.99812
94 96 0.998156
94 97 0.998194
94 98 0.998232
94 99 0.998271
94 100 0.99831
94 101 0.99835
94 102 0.99839
94 103 0.998429
94 104 0.998469
94 105 0.998508
94 106 0.998547
94 107 0.998585
94 108 0.998623
94 109 0.998661
94 110 0.998698
94 111 0.998735
94 112 0.998772
94 113 0.998809
94 114 0.998846
94 115 0.998882
94 116 0.998918
94 117 0.998954
94 118 0.998989
94 119 0.999022
94 120 0.999054
94 121 0.999083
94 122 0.999108
94 123 0.999128
94 124 0.999142
94 125 0.999148
94 126 0.999146
94 127 0.999135

95 0 0
95 1 1.00058
95 2 1.00057
95 3 1.00057
95 4 1.00057
95 5 1.00057
95 6 1.00057
95 7 1.00057
95 8 1.00057
95 9 1.00057
95 10 1.00056
95 11 1.00056
95 12 1.00056
95 13 1.00056
95 14 1.00056
95 15 1.00056
95 16 1.00056
95 17 1.00055
95 18 1.00055
95 19 1.00055
95 20 1.00055
95 21 1.00055
95 22 1.00054
95 23 1.00054
95 24 1.00054
95 25 1.00054
95 26 1.00053
95 27 1.00053
95 28 1.00053
95 29 1.00052
95 30 1.00052
95 31 1.00051
95 32 1.0005
95 33 1.00049
95 34 1.00048
95 35 1.00047
95 36 1.00046
95 37 1.00044
95 38 1.00042
95 39 1.0004
95 40 1.00037
95 41 1.00034
95 42 1.00031
95 43 1.00028
95 44 1.00023
95 45 1.00019
95 46 1.00014
95 47 1.00008
95 48 1.00002
95 49 0.999951
95 50 0.99988
95 51 0.999803
95 52 0.999722
95 53 0.999637
95 54 0.999548
95 55 0.999457
95 56 0.999363
95 57 0.999267
95 58 0.999171
95 59 0.999075
95 60 0.99898
95 61 0.998885
95 62 0.998794
95 63 0.998704
95 64 0.998618
95 65 0.998536
95 66 0.998458
95 67 0.998385
95 68 0.998316
95 69 0.998253
95 70 0.998194
95 71 0.998141
95 72 0.998093
95 73 0.99805
95 74 0.998012
95 75 0.99798
95 76 0.997952
95 77 0.997929
95 78 0.99791
95 79 0.997897
95 80 0.997887
95 81 0.997882
95 82 0.997881
95 83 0.997884
95 84 0.99789
95 85 0.9979
95 86 0.997914
95 87 0.997931
95 88 0.99795
95 89 0.997973
95 90 0.997998
95 91 0.998026
95 92 0.998056
95 93 0.998088
95 94 0.998122
95 95 0.998157
95 96 0.998194
95 97 0.998232
95 98 0.998271
95 99 0.998311
95 100 0.998351
95 101 0.998392
95 102 0.998433
95 103 0.998474
95 104 0.998515
95 105 0.998555
95 106 0.998596
95 107 0.998636
95 108 0.998676
95 109 0.998716
95 110 0.998756
95 111 0.998795
95 112 0.998835
95 113 0.998874
95 114 0.998913
95 115 0.998953
95 116 0.998992
95 117 0.99903
95 118 0.999068
95 119 0.999104
95 120 0.999138
95 121 0.999169
95 122 0.999195
95 123 0.999216
95 124 0.999231
95 125 0.999237
95 126 0.999235
95 127 0.999222

96 0 0
96 1 1.00057
96 2 1.00057
96 3 1.00057
96 4 1.00057
96 5 1.00057
96 6 1.00056
96 7 1.00056
96 8 1.00056
96 9 1.00056
96 10 1.00056
96 11 1.00056
96 12 1.00056
96 13 1.00055
96 14 1.00055
96 15 1.00055
96 16 1.00055
96 17 1.00055
96 18 1.00055
96 19 1.00055
96 20 1.00054
96 21 1.00054
96 22 1.00054
96 23 1.00054
96 24 1.00053
96 25 1.00053
96 26 1.00053
96 27 1.00053
96 28 1.00052
96 29 1.00052
96 30 1.00051
96 31 1.00051
96 32 1.0005
96 33 1.00049
96 34 1.00048
96 35 1.00047
96 36 1.00046
96 37 1.00044
96 38 1.00042
96 39 1.0004
96 40 1.00038
96 41 1.00035
96 42 1.00032
96 43 1.00029
96 44 1.00025
96 45 1.00021
96 46 1.00016
96 47 1.00011
96 48 1.00005
96 49 0.999987
96 50 0.999919
96 51 0.999846
96 52 0.999768
96 53 0.999686
96 54 0.999601
96 55 0.999512
96 56 0.999421
96 57 0.999327
96 58 0.999233
96 59 0.999138
96 60 0.999043
96 61 0.99895
96 62 0.998858
96 63 0.998768
96 64 0.998682
96 65 0.998599
96 66 0.99852
96 67 0.998445
96 68 0.998376
96 69 0.99831
96 70 0.99825
96 71 0.998195
96 72 0.998146
96 73 0.998101
96 74 0.998062
96 75 0.998028
96 76 0.997998
96 77 0.997974
96 78 0.997955
96 79 0.99794
96 80 0.997929
96 81 0.997923
96 82 0.997921
96 83 0.997923
96 84 0.997929
96 85 0.997939
96 86 0.997952
96 87 0.997969
96 88 0.997988
96 89 0.998011
96 90 0.998036
96 91 0.998064
96 92 0.998094
96 93 0.998126
96 94 0.99816
96 95 0.998196
96 96 0.998234
96 97 0.998272
96 98 0.998312
96 99 0.998353
96 100 0.998394
96 101 0.998436
96 102 0.998478
96 103 0.998521
96 104 0.998563
96 105 0.998606
96 106 0.998649
96 107 0.998691
96 108 0.998734
96 109 0.998776
96 110 0.998818
96 111 0.998861
96 112 0.998903
96 113 0.998946
96 114 0.998988
96 115 0.999031
96 116 0.999073
96 117 0.999114
96 118 0.999155
96 119 0.999194
96 120 0.999231
96 121 0.999264
96 122 0.999293
96 123 0.999315
96 124 0.999331
96 125 0.999337
96 126 0.999334
96 127 0.99932

97 0 0
97 1 1.00056
97 2 1.00056
97 3 1.00056
97 4 1.00056
97 5 1.00056
97 6 1.00056
97 7 1.00056
97 8 1.00056
97 9 1.00055
97 10 1.00055
97 11 1.00055
97 12 1.00055
97 13 1.00055
97 14 1.00055
97 15 1.00055
97 16 1.00054
97 17 1.00054
97 18 1.00054
97 19 1.00054
97 20 1.00054
97 21 1.00054
97 22 1.00053
97 23 1.00053
97 24 1.00053
97 25 1.00053
97 26 1.00052
97 27 1.00052
97 28 1.00052
97 29 1.00051
97 30 1.00051
97 31 1.0005
97 32 1.0005
97 33 1.00049
97 34 1.00048
97 35 1.00047
97 36 1.00046
97 37 1.00044
97 38 1.00043
97 39 1.00041
97 40 1.00039
97 41 1.00036
97 42 1.00034
97 43 1.0003
97 44 1.00027
97 45 1.00023
97 46 1.00018
97 47 1.00014
97 48 1.00008
97 49 1.00002
97 50 0.999957
97 51 0.999888
97 52 0.999814
97 53 0.999736
97 54 0.999654
97 55 0.999568
97 56 0.999479
97 57 0.999389
97 58 0.999296
97 59 0.999203
97 60 0.99911
97 61 0.999017
97 62 0.998925
97 63 0.998836
97 64 0.998749
97 65 0.998666
97 66 0.998586
97 67 0.99851
97 68 0.998439
97 69 0.998372
97 70 0.99831
97 71 0.998254
97 72 0.998202
97 73 0.998156
97 74 0.998115
97 75 0.998079
97 76 0.998048
97 77 0.998022
97 78 0.998002
97 79 0.997985
97 80 0.997974
97 81 0.997967
97 82 0.997964
97 83 0.997965
97 84 0.99797
97 85 0.997979
97 86 0.997992
97 87 0.998008
97 88 0.998027
97 89 0.99805
97 90 0.998075
97 91 0.998103
97 92 0.998133
97 93 0.998166
97 94 0.9982
97 95 0.998237
97 96 0.998275
97 97 0.998314
97 98 0.998355
97 99 0.998397
97 100 0.998439
97 101 0.998483
97 102 0.998527
97 103 0.998571
97 104 0.998615
97 105 0.99866
97 106 0.998705
97 107 0.99875
97 108 0.998796
97 109 0.998841
97 110 0.998886
97 111 0.998932
97 112 0.998978
97 113 0.999024
97 114 0.99907
97 115 0.999116
97 116 0.999162
97 117 0.999207
97 118 0.999252
97 119 0.999294
97 120 0.999334
97 121 0.99937
97 122 0.999401
97 123 0.999425
97 124 0.999441
97 125 0.999448
97 126 0.999444
97 127 0.999428

98 0 0
98 1 1.00056
98 2 1.00056
98 3 1.00056
98 4 1.00056
98 5 1.00055
98 6 1.00055
98 7 1.00055
98 8 1.00055
98 9 1.00055
98 10 1.00055
98 11 1.00055
98 12 1.00055
98 13 1.00054
98 14 1.00054
98 15 1.00054
98 16 1.00054
98 17 1.00054
98 18 1.00054
98 19 1.00053
98 20 1.00053
98 21 1.00053
98 22 1.00053
98 23 1.00053
98 24 1.00052
98 25 1.00052
98 26 1.00052
98 27 1.00051
98 28 1.00051
98 29 1.00051
98 30 1.0005
98 31 1.0005
98 32 1.00049
98 33 1.00048
98 34 1.00048
98 35 1.00047
98 36 1.00046
98 37 1.00044
98 38 1.00043
98 39 1.00041
98 40 1.00039
98 41 1.00037
98 42 1.00035
98 43 1.00032
98 44 1.00028
98 45 1.00025
98 46 1.00021
98 47 1.00016
98 48 1.00011
98 49 1.00005
98 50 0.999995
98 51 0.999929
98 52 0.999859
98 53 0.999785
98 54 0.999707
98 55 0.999624
98 56 0.999539
98 57 0.999451
98 58 0.999361
98 59 0.99927
98 60 0.999178
98 61 0.999087
98 62 0.998996
98 63 0.998907
98 64 0.99882
98 65 0.998736
98 66 0.998655
98 67 0.998578
98 68 0.998506
98 69 0.998438
98 70 0.998374
98 71 0.998316
98 72 0.998263
98 73 0.998215
98 74 0.998172
98 75 0.998134
98 76 0.998102
98 77 0.998074
98 78 0.998052
98 79 0.998034
98 80 0.998021
98 81 0.998013
98 82 0.998009
98 83 0.998009
98 84 0.998013
98 85 0.998022
98 86 0.998034
98 87 0.998049
98 88 0.998068
98 89 0.99809
98 90 0.998115
98 91 0.998143
98 92 0.998174
98 93 0.998207
98 94 0.998242
98 95 0.998279
98 96 0.998318
98 97 0.998358
98 98 0.9984
98 99 0.998443
98 100 0.998487
98 101 0.998532
98 102 0.998577
98 103 0.998624
98 104 0.998671
98 105 0.998718
98 106 0.998766
98 107 0.998814
98 108 0.998862
98 109 0.998911
98 110 0.99896
98 111 0.999009
98 112 0.999059
98 113 0.999109
98 114 0.999159
98 115 0.999209
98 116 0.99926
98 117 0.999309
98 118 0.999358
98 119 0.999404
98 120 0.999448
98 121 0.999487
98 122 0.99952
98 123 0.999546
98 124 0.999564
98 125 0.99957
98 126 0.999566
98 127 0.999548

99 0 0
99 1 1.00055
99 2 1.00055
99 3 1.00055
99 4 1.00055
99 5 1.00055
99 6 1.00055
99 7 1.00055
99 8 1.00055
99 9 1.00054
99 10 1.00054
99 11 1.00054
99 12 1.00054
99 13 1.00054
99 14 1.00054
99 15 1.00054
99 16 1.00053
99 17 1.00053
99 18 1.00053
99 19 1.00053
99 20 1.00053
99 21 1.00053
99 22 1.00052
99 23 1.00052
99 24 1.00052
99 25 1.00052
99 26 1.00051
99 27 1.00051
99 28 1.00051
99 29 1.0005
99 30 1.0005
99 31 1.00049
99 32 1.00049
99 33 1.00048
99 34 1.00047
99 35 1.00047
99 36 1.00046
99 37 1.00044
99 38 1.00043
99 39 1.00042
99 40 1.0004
99 41 1.00038
99 42 1.00036
99 43 1.00033
99 44 1.0003
99 45 1.00027
99 46 1.00023
99 47 1.00019
99 48 1.00014
99 49 1.00009
99 50 1.00003
99 51 0.99997
99 52 0.999904
99 53 0.999834
99 54 0.999759
99 55 0.999681
99 56 0.999599
99 57 0.999514
99 58 0.999427
99 59 0.999338
99 60 0.999249
99 61 0.999159
99 62 0.999069
99 63 0.998981
99 64 0.998894
99 65 0.99881
99 66 0.998728
99 67 0.998651
99 68 0.998577
99 69 0.998507
99 70 0.998442
99 71 0.998382
99 72 0.998327
99 73 0.998277
99 74 0.998232
99 75 0.998193
99 76 0.998158
99 77 0.998129
99 78 0.998105
99 79 0.998086
99 80 0.998071
99 81 0.998062
99 82 0.998056
99 83 0.998055
99 84 0.998059
99 85 0.998066
99 86 0.998078
99 87 0.998093
99 88 0.998111
99 89 0.998133
99 90 0.998158
99 91 0.998186
99 92 0.998216
99 93 0.998249
99 94 0.998285
99 95 0.998323
99 96 0.998362
99 97 0.998404
99 98 0.998447
99 99 0.998491
99 100 0.998537
99 101 0.998583
99 102 0.998631
99 103 0.99868
99 104 0.998729
99 105 0.998779
99 106 0.99883
99 107 0.998881
99 108 0.998933
99 109 0.998986
99 110 0.999039
99 111 0.999092
99 112 0.999147
99 113 0.999201
99 114 0.999256
99 115 0.999312
99 116 0.999367
99 117 0.999421
99 118 0.999474
99 119 0.999525
99 120 0.999573
99 121 0.999616
99 122 0.999652
99 123 0.99968
99 124 0.999699
99 125 0.999706
99 126 0.999701
99 127 0.999681

100 0 0
100 1 1.00055
100 2 1.00055
100 3 1.00055
100 4 1.00055
100 5 1.00054
100 6 1.00054
100 7 1.00054
100 8 1.00054
100 9 1.00054
100 10 1.00054
100 11 1.00054
100 12 1.00054
100 13 1.00053
100 14 1.00053
100 15 1.00053
100 16 1.00053
100 17 1.00053
100 18 1.00053
100 19 1.00052
100 20 1.00052
100 21 1.00052
100 22 1.00052
100 23 1.00052
100 24 1.00051
100 25 1.00051
100 26 1.00051
100 27 1.0005
100 28 1.0005
100 29 1.0005
100 30 1.00049
100 31 1.00049
100 32 1.00048
100 33 1.00048
100 34 1.00047
100 35 1.00046
100 36 1.00045
100 37 1.00044
100 38 1.00043
100 39 1.00042
100 40 1.0004
100 41 1.00038
100 42 1.00036
100 43 1.00034
100 44 1.00031
100 45 1.00028
100 46 1.00025
100 47 1.00021
100 48 1.00016
100 49 1.00012
100 50 1.00007
100 51 1.00001
100 52 0.999947
100 53 0.999881
100 54 0.99981
100 55 0.999736
100 56 0.999658
100 57 0.999577
100 58 0.999493
100 59 0.999407
100 60 0.99932
100 61 0.999232
100 62 0.999144
100 63 0.999057
100 64 0.998971
100 65 0.998886
100 66 0.998805
100 67 0.998727
100 68 0.998652
100 69 0.998581
100 70 0.998514
100 71 0.998453
100 72 0.998396
100 73 0.998344
100 74 0.998297
100 75 0.998255
100 76 0.998219
100 77 0.998188
100 78 0.998162
100 79 0.998141
100 80 0.998125
100 81 0.998113
100 82 0.998107
100 83 0.998104
100 84 0.998107
100 85 0.998113
100 86 0.998124
100 87 0.998138
100 88 0.998156
100 89 0.998177
100 90 0.998202
100 91 0.99823
100 92 0.99826
100 93 0.998294
100 94 0.99833
100 95 0.998368
100 96 0.998409
100 97 0.998451
100 98 0.998495
100 99 0.998541
100 100 0.998589
100 101 0.998638
100 102 0.998688
100 103 0.998739
100 104 0.998791
100 105 0.998844
100 106 0.998898
100 107 0.998953
100 108 0.999009
100 109 0.999066
100 110 0.999124
100 111 0.999182
100 112 0.999242
100 113 0.999302
100 114 0.999362
100 115 0.999423
100 116 0.999484
100 117 0.999544
100 118 0.999603
100 119 0.999659
100 120 0.999711
100 121 0.999758
100 122 0.999798
100 123 0.999828
100 124 0.999849
100 125 0.999856
100 126 0.99985
100 127 0.999828

101 0 0
101 1 1.00054
101 2 1.00054
101 3 1.00054
101 4 1.00054
101 5 1.00054
101 6 1.00054
101 7 1.00054
101 8 1.00054
101 9 1.00053
101 10 1.00053
101 11 1.00053
101 12 1.00053
101 13 1.00053
101 14 1.00053
101 15 1.00053
101 16 1.00052
101 17 1.00052
101 18 1.00052
101 19 1.00052
101 20 1.00052
101 21 1.00051
101 22 1.00051
101 23 1.00051
101 24 1.00051
101 25 1.0005
101 26 1.0005
101 27 1.0005
101 28 1.0005
101 29 1.00049
101 30 1.00049
101 31 1.00048
101 32 1.00048
101 33 1.00047
101 34 1.00047
101 35 1.00046
101 36 1.00045
101 37 1.00044
101 38 1.00043
101 39 1.00042
101 40 1.00041
101 41 1.00039
101 42 1.00037
101 43 1.00035
101 44 1.00032
101 45 1.0003
101 46 1.00026
101 47 1.00023
101 48 1.00019
101 49 1.00015
101 50 1.0001
101 51 1.00004
101 52 0.999988
101 53 0.999926
101 54 0.99986
101 55 0.99979
101 56 0.999716
101 57 0.999639
101 58 0.999559
101 59 0.999476
101 60 0.999392
101 61 0.999306
101 62 0.99922
101 63 0.999134
101 64 0.999049
101 65 0.998966
101 66 0.998884
101 67 0.998806
101 68 0.99873
101 69 0.998658
101 70 0.998591
101 71 0.998527
101 72 0.998468
101 73 0.998415
101 74 0.998366
101 75 0.998322
101 76 0.998284
101 77 0.99825
101 78 0.998222
101 79 0.998199
101 80 0.998181
101 81 0.998168
101 82 0.99816
101 83 0.998156
101 84 0.998157
101 85 0.998163
101 86 0.998172
101 87 0.998185
101 88 0.998203
101 89 0.998224
101 90 0.998248
101 91 0.998276
101 92 0.998306
101 93 0.99834
101 94 0.998377
101 95 0.998416
101 96 0.998457
101 97 0.998501
101 98 0.998546
101 99 0.998594
101 100 0.998643
101 101 0.998694
101 102 0.998747
101 103 0.998801
101 104 0.998856
101 105 0.998913
101 106 0.998971
101 107 0.99903
101 108 0.999091
101 109 0.999152
101 110 0.999215
101 111 0.999279
101 112 0.999344
101 113 0.999411
101 114 0.999478
101 115 0.999545
101 116 0.999612
101 117 0.999679
101 118 0.999743
101 119 0.999805
101 120 0.999863
101 121 0.999914
101 122 0.999958
101 123 0.999991
101 124 1.00001
101 125 1.00002
101 126 1.00001
101 127 0.999989

102 0 0
102 1 1.00054
102 2 1.00054
102 3 1.00054
102 4 1.00054
102 5 1.00053
102 6 1.00053
102 7 1.00053
102 8 1.00053
102 9 1.00053
102 10 1.00053
102 11 1.00053
102 12 1.00053
102 13 1.00052
102 14 1.00052
102 15 1.00052
102 16 1.00052
102 17 1.00052
102 18 1.00052
102 19 1.00051
102 20 1.00051
102 21 1.00051
102 22 1.00051
102 23 1.0005
102 24 1.0005
102 25 1.0005
102 26 1.0005
102 27 1.00049
102 28 1.00049
102 29 1.00049
102 30 1.00048
102 31 1.00048
102 32 1.00047
102 33 1.00047
102 34 1.00046
102 35 1.00046
102 36 1.00045
102 37 1.00044
102 38 1.00043
102 39 1.00042
102 40 1.00041
102 41 1.00039
102 42 1.00037
102 43 1.00036
102 44 1.00033
102 45 1.00031
102 46 1.00028
102 47 1.00025
102 48 1.00021
102 49 1.00017
102 50 1.00013
102 51 1.00008
102 52 1.00003
102 53 0.999969
102 54 0.999908
102 55 0.999842
102 56 0.999773
102 57 0.9997
102 58 0.999624
102 59 0.999545
102 60 0.999464
102 61 0.999381
102 62 0.999297
102 63 0.999214
102 64 0.99913
102 65 0.999047
102 66 0.998967
102 67 0.998888
102 68 0.998812
102 69 0.998739
102 70 0.99867
102 71 0.998606
102 72 0.998545
102 73 0.99849
102 74 0.998439
102 75 0.998393
102 76 0.998352
102 77 0.998317
102 78 0.998287
102 79 0.998262
102 80 0.998242
102 81 0.998227
102 82 0.998217
102 83 0.998211
102 84 0.998211
102 85 0.998215
102 86 0.998223
102 87 0.998235
102 88 0.998252
102 89 0.998272
102 90 0.998296
102 91 0.998324
102 92 0.998355
102 93 0.998388
102 94 0.998425
102 95 0.998465
102 96 0.998508
102 97 0.998552
102 98 0.9986
102 99 0.998649
102 100 0.998701
102 101 0.998754
102 102 0.998809
102 103 0.998867
102 104 0.998925
102 105 0.998986
102 106 0.999048
102 107 0.999112
102 108 0.999177
102 109 0.999245
102 110 0.999314
102 111 0.999384
102 112 0.999456
102 113 0.999529
102 114 0.999603
102 115 0.999677
102 116 0.999752
102 117 0.999826
102 118 0.999897
102 119 0.999966
102 120 1.00003
102 121 1.00009
102 122 1.00013
102 123 1.00017
102 124 1.0002
102 125 1.0002
102 126 1.0002
102 127 1.00017

103 0 0
103 1 1.00053
103 2 1.00053
103 3 1.00053
103 4 1.00053
103 5 1.00053
103 6 1.00053
103 7 1.00053
103 8 1.00053
103 9 1.00053
103 10 1.00052
103 11 1.00052
103 12 1.00052
103 13 1.00052
103 14 1.00052
103 15 1.00052
103 16 1.00051
103 17 1.00051
103 18 1.00051
103 19 1.00051
103 20 1.00051
103 21 1.0005
103 22 1.0005
103 23 1.0005
103 24 1.0005
103 25 1.00049
103 26 1.00049
103 27 1.00049
103 28 1.00049
103 29 1.00048
103 30 1.00048
103 31 1.00047
103 32 1.00047
103 33 1.00046
103 34 1.00046
103 35 1.00045
103 36 1.00045
103 37 1.00044
103 38 1.00043
103 39 1.00042
103 40 1.00041
103 41 1.00039
103 42 1.00038
103 43 1.00036
103 44 1.00034
103 45 1.00032
103 46 1.00029
103 47 1.00026
103 48 1.00023
103 49 1.00019
103 50 1.00015
103 51 1.00011
103 52 1.00006
103 53 1.00001
103 54 0.999953
103 55 0.999892
103 56 0.999827
103 57 0.999758
103 58 0.999686
103 59 0.999612
103 60 0.999534
103 61 0.999455
103 62 0.999374
103 63 0.999293
103 64 0.999211
103 65 0.99913
103 66 0.99905
103 67 0.998972
103 68 0.998896
103 69 0.998823
103 70 0.998754
103 71 0.998688
103 72 0.998626
103 73 0.998569
103 74 0.998516
103 75 0.998468
103 76 0.998425
103 77 0.998388
103 78 0.998355
103 79 0.998328
103 80 0.998306
103 81 0.998289
103 82 0.998277
103 83 0.99827
103 84 0.998268
103 85 0.99827
103 86 0.998277
103 87 0.998288
103 88 0.998304
103 89 0.998323
103 90 0.998347
103 91 0.998374
103 92 0.998405
103 93 0.998439
103 94 0.998476
103 95 0.998517
103 96 0.99856
103 97 0.998606
103 98 0.998655
103 99 0.998707
103 100 0.99876
103 101 0.998817
103 102 0.998875
103 103 0.998935
103 104 0.998998
103 105 0.999063
103 106 0.99913
103 107 0.999199
103 108 0.999271
103 109 0.999344
103 110 0.999419
103 111 0.999496
103 112 0.999576
103 113 0.999656
103 114 0.999738
103 115 0.999822
103 116 0.999904
103 117 0.999986
103 118 1.00007
103 119 1.00014
103 120 1.00021
103 121 1.00027
103 122 1.00033
103 123 1.00037
103 124 1.0004
103 125 1.0004
103 126 1.0004
103 127 1.00036

104 0 0
104 1 1.00053
104 2 1.00053
104 3 1.00053
104 4 1.00053
104 5 1.00053
104 6 1.00052
104 7 1.00052
104 8 1.00052
104 9 1.00052
104 10 1.00052
104 11 1.00052
104 12 1.00052
104 13 1.00052
104 14 1.00051
104 15 1.00051
104 16 1.00051
104 17 1.00051
104 18 1.00051
104 19 1.0005
104 20 1.0005
104 21 1.0005
104 22 1.0005
104 23 1.00049
104 24 1.00049
104 25 1.00049
104 26 1.00049
104 27 1.00048
104 28 1.00048
104 29 1.00048
104 30 1.00047
104 31 1.00047
104 32 1.00046
104 33 1.00046
104 34 1.00045
104 35 1.00045
104 36 1.00044
104 37 1.00044
104 38 1.00043
104 39 1.00042
104 40 1.00041
104 41 1.00039
104 42 1.00038
104 43 1.00037
104 44 1.00035
104 45 1.00033
104 46 1.0003
104 47 1.00028
104 48 1.00025
104 49 1.00022
104 50 1.00018
104 51 1.00014
104 52 1.00009
104 53 1.00005
104 54 0.999994
104 55 0.999938
104 56 0.999878
104 57 0.999814
104 58 0.999747
104 59 0.999676
104 60 0.999603
104 61 0.999528
104 62 0.99945
104 63 0.999372
104 64 0.999293
104 65 0.999214
104 66 0.999135
104 67 0.999058
104 68 0.998983
104 69 0.99891
104 70 0.99884
104 71 0.998773
104 72 0.99871
104 73 0.998652
104 74 0.998597
104 75 0.998547
104 76 0.998503
104 77 0.998463
104 78 0.998428
104 79 0.998399
104 80 0.998374
104 81 0.998355
104 82 0.998341
104 83 0.998332
104 84 0.998328
104 85 0.998329
104 86 0.998334
104 87 0.998344
104 88 0.998359
104 89 0.998377
104 90 0.9984
104 91 0.998427
104 92 0.998458
104 93 0.998492
104 94 0.99853
104 95 0.998571
104 96 0.998616
104 97 0.998663
104 98 0.998714
104 99 0.998767
104 100 0.998823
104 101 0.998882
104 102 0.998944
104 103 0.999008
104 104 0.999076
104 105 0.999145
104 106 0.999217
104 107 0.999292
104 108 0.99937
104 109 0.999449
104 110 0.999532
104 111 0.999618
104 112 0.999705
104 113 0.999794
104 114 0.999886
104 115 0.999978
104 116 1.00007
104 117 1.00016
104 118 1.00025
104 119 1.00033
104 120 1.00041
104 121 1.00048
104 122 1.00054
104 123 1.00059
104 124 1.00062
104 125 1.00063
104 126 1.00061
104 127 1.00058

105 0 0
105 1 1.00052
105 2 1.00052
105 3 1.00052
105 4 1.00052
105 5 1.00052
105 6 1.00052
105 7 1.00052
105 8 1.00052
105 9 1.00052
105 10 1.00052
105 11 1.00051
105 12 1.00051
105 13 1.00051
105 14 1.00051
105 15 1.00051
105 16 1.00051
105 17 1.0005
105 18 1.0005
105 19 1.0005
105 20 1.0005
105 21 1.00049
105 22 1.00049
105 23 1.00049
105 24 1.00049
105 25 1.00048
105 26 1.00048
105 27 1.00048
105 28 1.00047
105 29 1.00047
105 30 1.00047
105 31 1.00046
105 32 1.00046
105 33 1.00045
105 34 1.00045
105 35 1.00044
105 36 1.00044
105 37 1.00043
105 38 1.00042
105 39 1.00042
105 40 1.00041
105 41 1.00039
105 42 1.00038
105 43 1.00037
105 44 1.00035
105 45 1.00033
105 46 1.00031
105 47 1.00029
105 48 1.00026
105 49 1.00023
105 50 1.0002
105 51 1.00016
105 52 1.00012
105 53 1.00008
105 54 1.00003
105 55 0.999981
105 56 0.999925
105 57 0.999866
105 58 0.999804
105 59 0.999738
105 60 0.999669
105 61 0.999598
105 62 0.999524
105 63 0.999449
105 64 0.999373
105 65 0.999297
105 66 0.999221
105 67 0.999145
105 68 0.999071
105 69 0.998998
105 70 0.998928
105 71 0.998861
105 72 0.998798
105 73 0.998738
105 74 0.998682
105 75 0.998631
105 76 0.998584
105 77 0.998542
105 78 0.998505
105 79 0.998473
105 80 0.998447
105 81 0.998425
105 82 0.998409
105 83 0.998398
105 84 0.998392
105 85 0.998391
105 86 0.998395
105 87 0.998403
105 88 0.998417
105 89 0.998434
105 90 0.998457
105 91 0.998483
105 92 0.998513
105 93 0.998548
105 94 0.998586
105 95 0.998628
105 96 0.998673
105 97 0.998722
105 98 0.998775
105 99 0.998831
105 100 0.998889
105 101 0.998951
105 102 0.999017
105 103 0.999085
105 104 0.999157
105 105 0.999231
105 106 0.99931
105 107 0.999391
105 108 0.999475
105 109 0.999563
105 110 0.999655
105 111 0.999748
105 112 0.999844
105 113 0.999945
105 114 1.00005
105 115 1.00015
105 116 1.00025
105 117 1.00035
105 118 1.00045
105 119 1.00054
105 120 1.00063
105 121 1.00071
105 122 1.00078
105 123 1.00083
105 124 1.00086
105 125 1.00087
105 126 1.00086
105 127 1.00082

106 0 0
106 1 1.00052
106 2 1.00052
106 3 1.00052
106 4 1.00052
106 5 1.00052
106 6 1.00052
106 7 1.00051
106 8 1.00051
106 9 1.00051
106 10 1.00051
106 11 1.00051
106 12 1.00051
106 13 1.00051
106 14 1.0005
106 15 1.0005
106 16 1.0005
106 17 1.0005
106 18 1.0005
106 19 1.00049
106 20 1.00049
106 21 1.00049
106 22 1.00049
106 23 1.00048
106 24 1.00048
106 25 1.00048
106 26 1.00048
106 27 1.00047
106 28 1.00047
106 29 1.00047
106 30 1.00046
106 31 1.00046
106 32 1.00045
106 33 1.00045
106 34 1.00044
106 35 1.00044
106 36 1.00043
106 37 1.00043
106 38 1.00042
106 39 1.00041
106 40 1.0004
106 41 1.00039
106 42 1.00038
106 43 1.00037
106 44 1.00035
106 45 1.00034
106 46 1.00032
106 47 1.0003
106 48 1.00027
106 49 1.00025
106 50 1.00022
106 51 1.00019
106 52 1.00015
106 53 1.00011
106 54 1.00007
106 55 1.00002
106 56 0.999969
106 57 0.999914
106 58 0.999857
106 59 0.999796
106 60 0.999731
106 61 0.999665
106 62 0.999595
106 63 0.999524
106 64 0.999452
106 65 0.999378
106 66 0.999305
106 67 0.999231
106 68 0.999159
106 69 0.999088
106 70 0.999018
106 71 0.998951
106 72 0.998887
106 73 0.998827
106 74 0.99877
106 75 0.998717
106 76 0.998669
106 77 0.998625
106 78 0.998586
106 79 0.998552
106 80 0.998524
106 81 0.9985
106 82 0.998482
106 83 0.998468
106 84 0.99846
106 85 0.998457
106 86 0.998459
106 87 0.998466
106 88 0.998478
106 89 0.998495
106 90 0.998516
106 91 0.998542
106 92 0.998572
106 93 0.998607
106 94 0.998645
106 95 0.998688
106 96 0.998734
106 97 0.998785
106 98 0.998839
106 99 0.998897
106 100 0.998959
106 101 0.999024
106 102 0.999093
106 103 0.999166
106 104 0.999242
106 105 0.999323
106 106 0.999408
106 107 0.999495
106 108 0.999588
106 109 0.999685
106 110 0.999784
106 111 0.999886
106 112 0.999995
106 113 1.00011
106 114 1.00022
106 115 1.00033
106 116 1.00045
106 117 1.00056
106 118 1.00067
106 119 1.00078
106 120 1.00088
106 121 1.00096
106 122 1.00103
106 123 1.00109
106 124 1.00112
106 125 1.00114
106 126 1.00112
106 127 1.00108

107 0 0
107 1 1.00051
107 2 1.00051
107 3 1.00051
107 4 1.00051
107 5 1.00051
107 6 1.00051
107 7 1.00051
107 8 1.00051
107 9 1.00051
107 10 1.00051
107 11 1.00051
107 12 1.0005
107 13 1.0005
107 14 1.0005
107 15 1.0005
107 16 1.0005
107 17 1.0005
107 18 1.00049
107 19 1.00049
107 20 1.00049
107 21 1.00049
107 22 1.00048
107 23 1.00048
107 24 1.00048
107 25 1.00047
107 26 1.00047
107 27 1.00047
107 28 1.00046
107 29 1.00046
107 30 1.00046
107 31 1.00045
107 32 1.00045
107 33 1.00044
107 34 1.00044
107 35 1.00043
107 36 1.00043
107 37 1.00042
107 38 1.00042
107 39 1.00041
107 40 1.0004
107 41 1.00039
107 42 1.00038
107 43 1.00037
107 44 1.00036
107 45 1.00034
107 46 1.00032
107 47 1.0003
107 48 1.00028
107 49 1.00026
107 50 1.00023
107 51 1.0002
107 52 1.00017
107 53 1.00014
107 54 1.0001
107 55 1.00005
107 56 1.00001
107 57 0.999958
107 58 0.999905
107 59 0.999849
107 60 0.999789
107 61 0.999727
107 62 0.999662
107 63 0.999596
107 64 0.999527
107 65 0.999457
107 66 0.999387
107 67 0.999316
107 68 0.999246
107 69 0.999176
107 70 0.999108
107 71 0.999042
107 72 0.998978
107 73 0.998918
107 74 0.99886
107 75 0.998807
107 76 0.998757
107 77 0.998712
107 78 0.998671
107 79 0.998635
107 80 0.998604
107 81 0.998579
107 82 0.998558
107 83 0.998543
107 84 0.998533
107 85 0.998528
107 86 0.998528
107 87 0.998533
107 88 0.998544
107 89 0.998559
107 90 0.998579
107 91 0.998604
107 92 0.998634
107 93 0.998669
107 94 0.998707
107 95 0.998751
107 96 0.998798
107 97 0.99885
107 98 0.998906
107 99 0.998967
107 100 0.999032
107 101 0.999101
107 102 0.999174
107 103 0.999251
107 104 0.999334
107 105 0.99942
107 106 0.999511
107 107 0.999607
107 108 0.999708
107 109 0.999813
107 110 0.999921
107 111 1.00004
107 112 1.00016
107 113 1.00028
107 114 1.0004
107 115 1.00053
107 116 1.00066
107 117 1.00078
107 118 1.00091
107 119 1.00103
107 120 1.00114
107 121 1.00123
107 122 1.00132
107 123 1.00138
107 124 1.00142
107 125 1.00143
107 126 1.00142
107 127 1.00137

108 0 0
108 1 1.00051
108 2 1.00051
108 3 1.00051
108 4 1.00051
108 5 1.00051
108 6 1.00051
108 7 1.00051
108 8 1.00051
108 9 1.0005
108 10 1.0005
108 11 1.0005
108 12 1.0005
108 13 1.0005
108 14 1.0005
108 15 1.0005
108 16 1.00049
108 17 1.00049
108 18 1.00049
108 19 1.00049
108 20 1.00048
108 21 1.00048
108 22 1.00048
108 23 1.00048
108 24 1.00047
108 25 1.00047
108 26 1.00047
108 27 1.00046
108 28 1.00046
108 29 1.00046
108 30 1.00045
108 31 1.00045
108 32 1.00044
108 33 1.00044
108 34 1.00043
108 35 1.00043
108 36 1.00042
108 37 1.00042
108 38 1.00041
108 39 1.0004
108 40 1.0004
108 41 1.00039
108 42 1.00038
108 43 1.00037
108 44 1.00035
108 45 1.00034
108 46 1.00033
108 47 1.00031
108 48 1.00029
108 49 1.00027
108 50 1.00024
108 51 1.00022
108 52 1.00019
108 53 1.00016
108 54 1.00012
108 55 1.00008
108 56 1.00004
108 57 0.999996
108 58 0.999948
108 59 0.999897
108 60 0.999842
108 61 0.999785
108 62 0.999725
108 63 0.999662
108 64 0.999598
108 65 0.999532
108 66 0.999466
108 67 0.999398
108 68 0.999331
108 69 0.999263
108 70 0.999197
108 71 0.999133
108 72 0.99907
108 73 0.999009
108 74 0.998952
108 75 0.998898
108 76 0.998848
108 77 0.998801
108 78 0.998759
108 79 0.998722
108 80 0.998689
108 81 0.998661
108 82 0.998639
108 83 0.998621
108 84 0.998609
108 85 0.998602
108 86 0.998601
108 87 0.998604
108 88 0.998613
108 89 0.998627
108 90 0.998646
108 91 0.998671
108 92 0.9987
108 93 0.998734
108 94 0.998773
108 95 0.998817
108 96 0.998866
108 97 0.998919
108 98 0.998977
108 99 0.999041
108 100 0.999108
108 101 0.999181
108 102 0.999258
108 103 0.999341
108 104 0.999429
108 105 0.999521
108 106 0.99962
108 107 0.999726
108 108 0.999834
108 109 0.999948
108 110 1.00007
108 111 1.0002
108 112 1.00033
108 113 1.00046
108 114 1.00061
108 115 1.00075
108 116 1.00089
108 117 1.00103
108 118 1.00118
108 119 1.0013
108 120 1.00143
108 121 1.00154
108 122 1.00163
108 123 1.0017
108 124 1.00174
108 125 1.00176
108 126 1.00174
108 127 1.00169

109 0 0
109 1 1.00051
109 2 1.00051
109 3 1.00051
109 4 1.00051
109 5 1.0005
109 6 1.0005
109 7 1.0005
109 8 1.0005
109 9 1.0005
109 10 1.0005
109 11 1.0005
109 12 1.0005
109 13 1.0005
109 14 1.00049
109 15 1.00049
109 16 1.00049
109 17 1.00049
109 18 1.00048
109 19 1.00048
109 20 1.00048
109 21 1.00048
109 22 1.00047
109 23 1.00047
109 24 1.00047
109 25 1.00047
109 26 1.00046
109 27 1.00046
109 28 1.00045
109 29 1.00045
109 30 1.00045
109 31 1.00044
109 32 1.00044
109 33 1.00043
109 34 1.00043
109 35 1.00042
109 36 1.00042
109 37 1.00041
109 38 1.00041
109 39 1.0004
109 40 1.00039
109 41 1.00038
109 42 1.00037
109 43 1.00036
109 44 1.00035
109 45 1.00034
109 46 1.00033
109 47 1.00031
109 48 1.00029
109 49 1.00027
109 50 1.00025
109 51 1.00023
109 52 1.0002
109 53 1.00017
109 54 1.00014
109 55 1.00011
109 56 1.00007
109 57 1.00003
109 58 0.999986
109 59 0.999939
109 60 0.999889
109 61 0.999837
109 62 0.999781
109 63 0.999724
109 64 0.999664
109 65 0.999603
109 66 0.99954
109 67 0.999476
109 68 0.999412
109 69 0.999348
109 70 0.999284
109 71 0.999221
109 72 0.99916
109 73 0.999101
109 74 0.999044
109 75 0.99899
109 76 0.998939
109 77 0.998892
109 78 0.998849
109 79 0.998811
109 80 0.998776
109 81 0.998747
109 82 0.998723
109 83 0.998703
109 84 0.998689
109 85 0.998681
109 86 0.998677
109 87 0.998679
109 88 0.998686
109 89 0.998699
109 90 0.998717
109 91 0.998741
109 92 0.99877
109 93 0.998804
109 94 0.998843
109 95 0.998887
109 96 0.998937
109 97 0.998992
109 98 0.999052
109 99 0.999118
109 100 0.999189
109 101 0.999265
109 102 0.999348
109 103 0.999436
109 104 0.999529
109 105 0.99963
109 106 0.999737
109 107 0.999849
109 108 0.999967
109 109 1.0001
109 110 1.00023
109 111 1.00036
109 112 1.00051
109 113 1.00067
109 114 1.00082
109 115 1.00097
109 116 1.00114
109 117 1.0013
109 118 1.00145
109 119 1.0016
109 120 1.00175
109 121 1.00187
109 122 1.00197
109 123 1.00205
109 124 1.0021
109 125 1.00211
109 126 1.00209
109 127 1.00204

110 0 0
110 1 1.0005
110 2 1.0005
110 3 1.0005
110 4 1.0005
110 5 1.0005
110 6 1.0005
110 7 1.0005
110 8 1.0005
110 9 1.0005
110 10 1.0005
110 11 1.0005
110 12 1.00049
110 13 1.00049
110 14 1.00049
110 15 1.00049
110 16 1.00049
110 17 1.00048
110 18 1.00048
110 19 1.00048
110 20 1.00048
110 21 1.00047
110 22 1.00047
110 23 1.00047
110 24 1.00046
110 25 1.00046
110 26 1.00046
110 27 1.00045
110 28 1.00045
110 29 1.00045
110 30 1.00044
110 31 1.00044
110 32 1.00043
110 33 1.00043
110 34 1.00042
110 35 1.00042
110 36 1.00041
110 37 1.00041
110 38 1.0004
110 39 1.00039
110 40 1.00039
110 41 1.00038
110 42 1.00037
110 43 1.00036
110 44 1.00035
110 45 1.00034
110 46 1.00033
110 47 1.00031
110 48 1.0003
110 49 1.00028
110 50 1.00026
110 51 1.00024
110 52 1.00021
110 53 1.00019
110 54 1.00016
110 55 1.00013
110 56 1.00009
110 57 1.00006
110 58 1.00002
110 59 0.999975
110 60 0.99993
110 61 0.999882
110 62 0.999832
110 63 0.999779
110 64 0.999724
110 65 0.999667
110 66 0.999608
110 67 0.999549
110 68 0.999488
110 69 0.999427
110 70 0.999367
110 71 0.999307
110 72 0.999247
110 73 0.99919
110 74 0.999134
110 75 0.999081
110 76 0.999031
110 77 0.998984
110 78 0.99894
110 79 0.998901
110 80 0.998866
110 81 0.998835
110 82 0.998809
110 83 0.998789
110 84 0.998773
110 85 0.998762
110 86 0.998757
110 87 0.998758
110 88 0.998764
110 89 0.998775
110 90 0.998792
110 91 0.998815
110 92 0.998843
110 93 0.998877
110 94 0.998916
110 95 0.998961
110 96 0.999012
110 97 0.999069
110 98 0.999131
110 99 0.999199
110 100 0.999273
110 101 0.999354
110 102 0.999441
110 103 0.999534
110 104 0.999635
110 105 0.999743
110 106 0.999857
110 107 0.999978
110 108 1.00011
110 109 1.00025
110 110 1.00039
110 111 1.00055
110 112 1.00071
110 113 1.00088
110 114 1.00104
110 115 1.00123
110 116 1.00142
110 117 1.00158
110 118 1.00176
110 119 1.00194
110 120 1.00209
110 121 1.00222
110 122 1.00234
110 123 1.00243
110 124 1.00249
110 125 1.0025
110 126 1.00249
110 127 1.00242

111 0 0
111 1 1.0005
111 2 1.0005
111 3 1.0005
111 4 1.0005
111 5 1.0005
111 6 1.0005
111 7 1.0005
111 8 1.0005
111 9 1.00049
111 10 1.00049
111 11 1.00049
111 12 1.00049
111 13 1.00049
111 14 1.00049
111 15 1.00049
111 16 1.00048
111 17 1.00048
111 18 1.00048
111 19 1.00048
111 20 1.00047
111 21 1.00047
111 22 1.00047
111 23 1.00046
111 24 1.00046
111 25 1.00046
111 26 1.00045
111 27 1.00045
111 28 1.00045
111 29 1.00044
111 30 1.00044
111 31 1.00043
111 32 1.00043
111 33 1.00042
111 34 1.00042
111 35 1.00041
111 36 1.00041
111 37 1.0004
111 38 1.0004
111 39 1.00039
111 40 1.00038
111 41 1.00037
111 42 1.00036
111 43 1.00036
111 44 1.00035
111 45 1.00033
111 46 1.00032
111 47 1.00031
111 48 1.00029
111 49 1.00028
111 50 1.00026
111 51 1.00024
111 52 1.00022
111 53 1.0002
111 54 1.00017
111 55 1.00014
111 56 1.00011
111 57 1.00008
111 58 1.00004
111 59 1.00001
111 60 0.999964
111 61 0.999921
111 62 0.999875
111 63 0.999827
111 64 0.999776
111 65 0.999724
111 66 0.99967
111 67 0.999615
111 68 0.999558
111 69 0.999501
111 70 0.999444
111 71 0.999387
111 72 0.999331
111 73 0.999275
111 74 0.999222
111 75 0.99917
111 76 0.999121
111 77 0.999074
111 78 0.999031
111 79 0.998992
111 80 0.998956
111 81 0.998925
111 82 0.998898
111 83 0.998876
111 84 0.998859
111 85 0.998847
111 86 0.998841
111 87 0.99884
111 88 0.998844
111 89 0.998854
111 90 0.99887
111 91 0.998892
111 92 0.99892
111 93 0.998954
111 94 0.998993
111 95 0.999039
111 96 0.999091
111 97 0.999149
111 98 0.999213
111 99 0.999284
111 100 0.999362
111 101 0.999447
111 102 0.999538
111 103 0.999638
111 104 0.999746
111 105 0.99986
111 106 0.999983
111 107 1.00012
111 108 1.00026
111 109 1.00041
111 110 1.00057
111 111 1.00074
111 112 1.00092
111 113 1.0011
111 114 1.0013
111 115 1.0015
111 116 1.00169
111 117 1.00189
111 118 1.00211
111 119 1.00229
111 120 1.00245
111 121 1.00263
111 122 1.00276
111 123 1.00285
111 124 1.00292
111 125 1.00294
111 126 1.00292
111 127 1.00285

112 0 0
112 1 1.0005
112 2 1.0005
112 3 1.0005
112 4 1.0005
112 5 1.0005
112 6 1.00049
112 7 1.00049
112 8 1.00049
112 9 1.00049
112 10 1.00049
112 11 1.00049
112 12 1.00049
112 13 1.00049
112 14 1.00048
112 15 1.00048
112 16 1.00048
112 17 1.00048
112 18 1.00047
112 19 1.00047
112 20 1.00047
112 21 1.00047
112 22 1.00046
112 23 1.00046
112 24 1.00046
112 25 1.00045
112 26 1.00045
112 27 1.00045
112 28 1.00044
112 29 1.00044
112 30 1.00043
112 31 1.00043
112 32 1.00042
112 33 1.00042
112 34 1.00041
112 35 1.00041
112 36 1.0004
112 37 1.0004
112 38 1.00039
112 39 1.00038
112 40 1.00038
112 41 1.00037
112 42 1.00036
112 43 1.00035
112 44 1.00034
112 45 1.00033
112 46 1.00032
112 47 1.00031
112 48 1.00029
112 49 1.00028
112 50 1.00026
112 51 1.00024
112 52 1.00022
112 53 1.0002
112 54 1.00018
112 55 1.00015
112 56 1.00013
112 57 1.0001
112 58 1.00006
112 59 1.00003
112 60 0.999992
112 61 0.999953
112 62 0.999911
112 63 0.999867
112 64 0.999821
112 65 0.999773
112 66 0.999724
112 67 0.999673
112 68 0.999621
112 69 0.999568
112 70 0.999514
112 71 0.999461
112 72 0.999408
112 73 0.999355
112 74 0.999304
112 75 0.999254
112 76 0.999207
112 77 0.999162
112 78 0.999119
112 79 0.99908
112 80 0.999045
112 81 0.999014
112 82 0.998986
112 83 0.998964
112 84 0.998946
112 85 0.998933
112 86 0.998926
112 87 0.998924
112 88 0.998927
112 89 0.998937
112 90 0.998952
112 91 0.998973
112 92 0.999
112 93 0.999034
112 94 0.999074
112 95 0.99912
112 96 0.999173
112 97 0.999233
112 98 0.999299
112 99 0.999373
112 100 0.999454
112 101 0.999543
112 102 0.999641
112 103 0.999746
112 104 0.999859
112 105 0.999983
112 106 1.00012
112 107 1.00026
112 108 1.00041
112 109 1.00058
112 110 1.00076
112 111 1.00094
112 112 1.00113
112 113 1.00134
112 114 1.00157
112 115 1.00177
112 116 1.002
112 117 1.00225
112 118 1.00246
112 119 1.00266
112 120 1.00288
112 121 1.00307
112 122 1.0032
112 123 1.00332
112 124 1.0034
112 125 1.00342
112 126 1.0034
112 127 1.00331

113 0 0
113 1 1.00049
113 2 1.00049
113 3 1.00049
113 4 1.00049
113 5 1.00049
113 6 1.00049
113 7 1.00049
113 8 1.00049
113 9 1.00049
113 10 1.00049
113 11 1.00049
113 12 1.00049
113 13 1.00048
113 14 1.00048
113 15 1.00048
113 16 1.00048
113 17 1.00047
113 18 1.00047
113 19 1.00047
113 20 1.00047
113 21 1.00046
113 22 1.00046
113 23 1.00046
113 24 1.00045
113 25 1.00045
113 26 1.00045
113 27 1.00044
113 28 1.00044
113 29 1.00043
113 30 1.00043
113 31 1.00042
113 32 1.00042
113 33 1.00041
113 34 1.00041
113 35 1.0004
113 36 1.0004
113 37 1.00039
113 38 1.00038
113 39 1.00038
113 40 1.00037
113 41 1.00036
113 42 1.00035
113 43 1.00034
113 44 1.00033
113 45 1.00032
113 46 1.00031
113 47 1.0003
113 48 1.00029
113 49 1.00027
113 50 1.00026
113 51 1.00024
113 52 1.00022
113 53 1.0002
113 54 1.00018
113 55 1.00016
113 56 1.00013
113 57 1.00011
113 58 1.00008
113 59 1.00005
113 60 1.00001
113 61 0.999977
113 62 0.99994
113 63 0.9999
113 64 0.999858
113 65 0.999815
113 66 0.99977
113 67 0.999723
113 68 0.999675
113 69 0.999626
113 70 0.999577
113 71 0.999527
113 72 0.999477
113 73 0.999428
113 74 0.99938
113 75 0.999333
113 76 0.999288
113 77 0.999244
113 78 0.999204
113 79 0.999166
113 80 0.999131
113 81 0.9991
113 82 0.999073
113 83 0.99905
113 84 0.999032
113 85 0.999019
113 86 0.999011
113 87 0.999009
113 88 0.999011
113 89 0.99902
113 90 0.999035
113 91 0.999056
113 92 0.999083
113 93 0.999116
113 94 0.999157
113 95 0.999204
113 96 0.999258
113 97 0.99932
113 98 0.999389
113 99 0.999465
113 100 0.99955
113 101 0.999644
113 102 0.999746
113 103 0.999857
113 104 0.999979
113 105 1.00011
113 106 1.00025
113 107 1.0004
113 108 1.00057
113 109 1.00076
113 110 1.00094
113 111 1.00114
113 112 1.00137
113 113 1.0016
113 114 1.00182
113 115 1.00207
113 116 1.00235
113 117 1.0026
113 118 1.00282
113 119 1.0031
113 120 1.00335
113 121 1.00351
113 122 1.00369
113 123 1.00385
113 124 1.00393
113 125 1.00394
113 126 1.00392
113 127 1.00384

114 0 0
114 1 1.00049
114 2 1.00049
114 3 1.00049
114 4 1.00049
114 5 1.00049
114 6 1.00049
114 7 1.00049
114 8 1.00049
114 9 1.00049
114 10 1.00049
114 11 1.00048
114 12 1.00048
114 13 1.00048
114 14 1.00048
114 15 1.00048
114 16 1.00047
114 17 1.00047
114 18 1.00047
114 19 1.00047
114 20 1.00046
114 21 1.00046
114 22 1.00046
114 23 1.00045
114 24 1.00045
114 25 1.00045
114 26 1.00044
114 27 1.00044
114 28 1.00043
114 29 1.00043
114 30 1.00042
114 31 1.00042
114 32 1.00041
114 33 1.00041
114 34 1.0004
114 35 1.0004
114 36 1.00039
114 37 1.00038
114 38 1.00038
114 39 1.00037
114 40 1.00036
114 41 1.00036
114 42 1.00035
114 43 1.00034
114 44 1.00033
114 45 1.00032
114 46 1.00031
114 47 1.0003
114 48 1.00028
114 49 1.00027
114 50 1.00025
114 51 1.00024
114 52 1.00022
114 53 1.0002
114 54 1.00018
114 55 1.00016
114 56 1.00014
114 57 1.00011
114 58 1.00009
114 59 1.00006
114 60 1.00003
114 61 0.999995
114 62 0.999961
114 63 0.999925
114 64 0.999887
114 65 0.999848
114 66 0.999806
114 67 0.999764
114 68 0.99972
114 69 0.999675
114 70 0.99963
114 71 0.999584
114 72 0.999538
114 73 0.999492
114 74 0.999447
114 75 0.999403
114 76 0.999361
114 77 0.99932
114 78 0.999281
114 79 0.999245
114 80 0.999212
114 81 0.999182
114 82 0.999156
114 83 0.999134
114 84 0.999116
114 85 0.999103
114 86 0.999095
114 87 0.999092
114 88 0.999095
114 89 0.999104
114 90 0.999118
114 91 0.999139
114 92 0.999166
114 93 0.9992
114 94 0.999241
114 95 0.99929
114 96 0.999345
114 97 0.999409
114 98 0.99948
114 99 0.99956
114 100 0.999649
114 101 0.999746
114 102 0.999854
114 103 0.999972
114 104 1.0001
114 105 1.00024
114 106 1.00039
114 107 1.00056
114 108 1.00074
114 109 1.00093
114 110 1.00113
114 111 1.00137
114 112 1.00161
114 113 1.00184
114 114 1.00211
114 115 1.00242
114 116 1.00268
114 117 1.00294
114 118 1.00327
114 119 1.00357
114 120 1.00378
114 121 1.00402
114 122 1.00428
114 123 1.00441
114 124 1.00449
114 125 1.00455
114 126 1.00452
114 127 1.00442

115 0 0
115 1 1.00049
115 2 1.00049
115 3 1.00049
115 4 1.00049
115 5 1.00049
115 6 1.00049
115 7 1.00049
115 8 1.00049
115 9 1.00048
115 10 1.00048
115 11 1.00048
115 12 1.00048
115 13 1.00048
115 14 1.00048
115 15 1.00047
115 16 1.00047
115 17 1.00047
115 18 1.00047
115 19 1.00046
115 20 1.00046
115 21 1.00046
115 22 1.00045
115 23 1.00045
115 24 1.00045
115 25 1.00044
115 26 1.00044
115 27 1.00043
115 28 1.00043
115 29 1.00043
115 30 1.00042
115 31 1.00041
115 32 1.00041
115 33 1.0004
115 34 1.0004
115 35 1.00039
115 36 1.00039
115 37 1.00038
115 38 1.00037
115 39 1.00036
115 40 1.00036
115 41 1.00035
115 42 1.00034
115 43 1.00033
115 44 1.00032
115 45 1.00031
115 46 1.0003
115 47 1.00029
115 48 1.00028
115 49 1.00026
115 50 1.00025
115 51 1.00023
115 52 1.00022
115 53 1.0002
115 54 1.00018
115 55 1.00016
115 56 1.00014
115 57 1.00012
115 58 1.00009
115 59 1.00006
115 60 1.00004
115 61 1.00001
115 62 0.999976
115 63 0.999943
115 64 0.999908
115 65 0.999872
115 66 0.999834
115 67 0.999796
115 68 0.999756
115 69 0.999715
115 70 0.999673
115 71 0.999631
115 72 0.999589
115 73 0.999547
115 74 0.999505
115 75 0.999465
115 76 0.999425
115 77 0.999387
115 78 0.999351
115 79 0.999317
115 80 0.999286
115 81 0.999257
115 82 0.999233
115 83 0.999212
115 84 0.999195
115 85 0.999183
115 86 0.999175
115 87 0.999173
115 88 0.999176
115 89 0.999185
115 90 0.9992
115 91 0.999221
115 92 0.999249
115 93 0.999284
115 94 0.999326
115 95 0.999375
115 96 0.999432
115 97 0.999498
115 98 0.999572
115 99 0.999655
115 100 0.999748
115 101 0.99985
115 102 0.999964
115 103 1.00009
115 104 1.00022
115 105 1.00037
115 106 1.00054
115 107 1.00072
115 108 1.0009
115 109 1.00111
115 110 1.00135
115 111 1.00159
115 112 1.00183
115 113 1.00211
115 114 1.00244
115 115 1.00272
115 116 1.003
115 117 1.00338
115 118 1.00375
115 119 1.00398
115 120 1.00427
115 121 1.00466
115 122 1.00487
115 123 1.00498
115 124 1.00514
115 125 1.00523
115 126 1.00518
115 127 1.00504

116 0 0
116 1 1.00049
116 2 1.00049
116 3 1.00049
116 4 1.00049
116 5 1.00049
116 6 1.00049
116 7 1.00048
116 8 1.00048
116 9 1.00048
116 10 1.00048
116 11 1.00048
116 12 1.00048
116 13 1.00048
116 14 1.00047
116 15 1.00047
116 16 1.00047
116 17 1.00047
116 18 1.00046
116 19 1.00046
116 20 1.00046
116 21 1.00046
116 22 1.00045
116 23 1.00045
116 24 1.00044
116 25 1.00044
116 26 1.00044
116 27 1.00043
116 28 1.00043
116 29 1.00042
116 30 1.00042
116 31 1.00041
116 32 1.00041
116 33 1.0004
116 34 1.00039
116 35 1.00039
116 36 1.00038
116 37 1.00037
116 38 1.00037
116 39 1.00036
116 40 1.00035
116 41 1.00034
116 42 1.00033
116 43 1.00032
116 44 1.00031
116 45 1.0003
116 46 1.00029
116 47 1.00028
116 48 1.00027
116 49 1.00026
116 50 1.00024
116 51 1.00023
116 52 1.00021
116 53 1.00019
116 54 1.00018
116 55 1.00016
116 56 1.00014
116 57 1.00011
116 58 1.00009
116 59 1.00007
116 60 1.00004
116 61 1.00001
116 62 0.999984
116 63 0.999953
116 64 0.999921
116 65 0.999888
116 66 0.999854
116 67 0.999818
116 68 0.999782
116 69 0.999744
116 70 0.999706
116 71 0.999668
116 72 0.999629
116 73 0.999591
116 74 0.999552
116 75 0.999515
116 76 0.999478
116 77 0.999443
116 78 0.99941
116 79 0.999379
116 80 0.99935
116 81 0.999324
116 82 0.999301
116 83 0.999282
116 84 0.999266
116 85 0.999255
116 86 0.999249
116 87 0.999248
116 88 0.999252
116 89 0.999262
116 90 0.999277
116 91 0.999299
116 92 0.999328
116 93 0.999364
116 94 0.999407
116 95 0.999458
116 96 0.999518
116 97 0.999586
116 98 0.999663
116 99 0.999749
116 100 0.999846
116 101 0.999954
116 102 1.00007
116 103 1.0002
116 104 1.00035
116 105 1.00051
116 106 1.00068
116 107 1.00086
116 108 1.00107
116 109 1.00131
116 110 1.00154
116 111 1.00179
116 112 1.00209
116 113 1.00241
116 114 1.00271
116 115 1.00302
116 116 1.00343
116 117 1.00384
116 118 1.00411
116 119 1.00447
116 120 1.00498
116 121 1.00523
116 122 1.0054
116 123 1.00576
116 124 1.00594
116 125 1.00591
116 126 1.0059
116 127 1.00577

117 0 0
117 1 1.00048
117 2 1.00048
117 3 1.00048
117 4 1.00048
117 5 1.00048
117 6 1.00048
117 7 1.00048
117 8 1.00048
117 9 1.00048
117 10 1.00048
117 11 1.00048
117 12 1.00048
117 13 1.00048
117 14 1.00047
117 15 1.00047
117 16 1.00047
117 17 1.00047
117 18 1.00046
117 19 1.00046
117 20 1.00046
117 21 1.00045
117 22 1.00045
117 23 1.00045
117 24 1.00044
117 25 1.00044
117 26 1.00043
117 27 1.00043
117 28 1.00042
117 29 1.00042
117 30 1.00041
117 31 1.00041
117 32 1.0004
117 33 1.0004
117 34 1.00039
117 35 1.00038
117 36 1.00038
117 37 1.00037
117 38 1.00036
117 39 1.00035
117 40 1.00034
117 41 1.00034
117 42 1.00033
117 43 1.00032
117 44 1.00031
117 45 1.0003
117 46 1.00029
117 47 1.00027
117 48 1.00026
117 49 1.00025
117 50 1.00023
117 51 1.00022
117 52 1.0002
117 53 1.00019
117 54 1.00017
117 55 1.00015
117 56 1.00013
117 57 1.00011
117 58 1.00009
117 59 1.00006
117 60 1.00004
117 61 1.00001
117 62 0.999986
117 63 0.999957
117 64 0.999928
117 65 0.999897
117 66 0.999865
117 67 0.999832
117 68 0.999799
117 69 0.999764
117 70 0.999729
117 71 0.999694
117 72 0.999659
117 73 0.999623
117 74 0.999588
117 75 0.999554
117 76 0.999521
117 77 0.999488
117 78 0.999458
117 79 0.999429
117 80 0.999403
117 81 0.999379
117 82 0.999359
117 83 0.999342
117 84 0.999328
117 85 0.999319
117 86 0.999314
117 87 0.999314
117 88 0.99932
117 89 0.999331
117 90 0.999348
117 91 0.999371
117 92 0.999401
117 93 0.999439
117 94 0.999484
117 95 0.999537
117 96 0.999598
117 97 0.999669
117 98 0.999749
117 99 0.999839
117 100 0.999941
117 101 1.00005
117 102 1.00018
117 103 1.00032
117 104 1.00047
117 105 1.00064
117 106 1.00082
117 107 1.00102
117 108 1.00125
117 109 1.00148
117 110 1.00173
117 111 1.00203
117 112 1.00235
117 113 1.00265
117 114 1.00299
117 115 1.00342
117 116 1.00385
117 117 1.00416
117 118 1.00457
117 119 1.00517
117 120 1.00554
117 121 1.00572
117 122 1.00622
117 123 1.00662
117 124 1.00668
117 125 1.0067
117 126 1.00673
117 127 1.00666

118 0 0
118 1 1.00048
118 2 1.00048
118 3 1.00048
118 4 1.00048
118 5 1.00048
118 6 1.00048
118 7 1.00048
118 8 1.00048
118 9 1.00048
118 10 1.00048
118 11 1.00048
118 12 1.00048
118 13 1.00047
118 14 1.00047
118 15 1.00047
118 16 1.00047
118 17 1.00046
118 18 1.00046
118 19 1.00046
118 20 1.00045
118 21 1.00045
118 22 1.00045
118 23 1.00044
118 24 1.00044
118 25 1.00044
118 26 1.00043
118 27 1.00043
118 28 1.00042
118 29 1.00042
118 30 1.00041
118 31 1.0004
118 32 1.0004
118 33 1.00039
118 34 1.00039
118 35 1.00038
118 36 1.00037
118 37 1.00036
118 38 1.00036
118 39 1.00035
118 40 1.00034
118 41 1.00033
118 42 1.00032
118 43 1.00031
118 44 1.0003
118 45 1.00029
118 46 1.00028
118 47 1.00027
118 48 1.00025
118 49 1.00024
118 50 1.00022
118 51 1.00021
118 52 1.00019
118 53 1.00018
118 54 1.00016
118 55 1.00014
118 56 1.00012
118 57 1.0001
118 58 1.00008
118 59 1.00006
118 60 1.00003
118 61 1.00001
118 62 0.999983
118 63 0.999956
118 64 0.999928
118 65 0.999899
118 66 0.999869
118 67 0.999839
118 68 0.999807
118 69 0.999775
118 70 0.999743
118 71 0.99971
118 72 0.999678
118 73 0.999645
118 74 0.999613
118 75 0.999581
118 76 0.999551
118 77 0.999521
118 78 0.999494
118 79 0.999468
118 80 0.999444
118 81 0.999423
118 82 0.999405
118 83 0.99939
118 84 0.999378
118 85 0.999371
118 86 0.999368
118 87 0.99937
118 88 0.999377
118 89 0.99939
118 90 0.999409
118 91 0.999434
118 92 0.999466
118 93 0.999505
118 94 0.999552
118 95 0.999607
118 96 0.999671
118 97 0.999745
118 98 0.999828
118 99 0.999923
118 100 1.00003
118 101 1.00015
118 102 1.00028
118 103 1.00042
118 104 1.00058
118 105 1.00076
118 106 1.00095
118 107 1.00117
118 108 1.00139
118 109 1.00165
118 110 1.00194
118 111 1.00225
118 112 1.00255
118 113 1.00291
118 114 1.00336
118 115 1.00377
118 116 1.00411
118 117 1.00461
118 118 1.00527
118 119 1.00566
118 120 1.00589
118 121 1.00664
118 122 1.00729
118 123 1.00718
118 124 1.00744
118 125 1.0079
118 126 1.00776
118 127 1.00744

119 0 0
119 1 1.00048
119 2 1.00048
119 3 1.00048
119 4 1.00048
119 5 1.00048
119 6 1.00048
119 7 1.00048
119 8 1.00048
119 9 1.00048
119 10 1.00048
119 11 1.00048
119 12 1.00047
119 13 1.00047
119 14 1.00047
119 15 1.00047
119 16 1.00047
119 17 1.00046
119 18 1.00046
119 19 1.00046
119 20 1.00045
119 21 1.00045
119 22 1.00045
119 23 1.00044
119 24 1.00044
119 25 1.00043
119 26 1.00043
119 27 1.00042
119 28 1.00042
119 29 1.00041
119 30 1.00041
119 31 1.0004
119 32 1.00039
119 33 1.00039
119 34 1.00038
119 35 1.00037
119 36 1.00037
119 37 1.00036
119 38 1.00035
119 39 1.00034
119 40 1.00033
119 41 1.00032
119 42 1.00031
119 43 1.0003
119 44 1.00029
119 45 1.00028
119 46 1.00027
119 47 1.00026
119 48 1.00024
119 49 1.00023
119 50 1.00022
119 51 1.0002
119 52 1.00018
119 53 1.00017
119 54 1.00015
119 55 1.00013
119 56 1.00011
119 57 1.00009
119 58 1.00007
119 59 1.00005
119 60 1.00003
119 61 1
119 62 0.999976
119 63 0.99995
119 64 0.999923
119 65 0.999896
119 66 0.999867
119 67 0.999838
119 68 0.999808
119 69 0.999778
119 70 0.999748
119 71 0.999717
119 72 0.999687
119 73 0.999656
119 74 0.999627
119 75 0.999597
119 76 0.999569
119 77 0.999542
119 78 0.999517
119 79 0.999493
119 80 0.999472
119 81 0.999453
119 82 0.999437
119 83 0.999425
119 84 0.999415
119 85 0.99941
119 86 0.999409
119 87 0.999413
119 88 0.999422
119 89 0.999437
119 90 0.999457
119 91 0.999484
119 92 0.999518
119 93 0.99956
119 94 0.999609
119 95 0.999667
119 96 0.999733
119 97 0.99981
119 98 0.999897
119 99 0.999994
119 100 1.0001
119 101 1.00023
119 102 1.00036
119 103 1.00051
119 104 1.00068
119 105 1.00087
119 106 1.00107
119 107 1.00129
119 108 1.00154
119 109 1.00182
119 110 1.00212
119 111 1.00242
119 112 1.00279
119 113 1.00321
119 114 1.00362
119 115 1.00401
119 116 1.00454
119 117 1.00519
119 118 1.00565
119 119 1.00602
119 120 1.00682
119 121 1.00763
119 122 1.00772
119 123 1.00809
119 124 1.00885
119 125 1.00889
119 126 1.00883
119 127 1.00842

120 0 0
120 1 1.00048
120 2 1.00048
120 3 1.00048
120 4 1.00048
120 5 1.00048
120 6 1.00048
120 7 1.00048
120 8 1.00048
120 9 1.00048
120 10 1.00048
120 11 1.00048
120 12 1.00047
120 13 1.00047
120 14 1.00047
120 15 1.00047
120 16 1.00046
120 17 1.00046
120 18 1.00046
120 19 1.00046
120 20 1.00045
120 21 1.00045
120 22 1.00044
120 23 1.00044
120 24 1.00044
120 25 1.00043
120 26 1.00043
120 27 1.00042
120 28 1.00042
120 29 1.00041
120 30 1.0004
120 31 1.0004
120 32 1.00039
120 33 1.00039
120 34 1.00038
120 35 1.00037
120 36 1.00036
120 37 1.00035
120 38 1.00035
120 39 1.00034
120 40 1.00033
120 41 1.00032
120 42 1.00031
120 43 1.0003
120 44 1.00029
120 45 1.00027
120 46 1.00026
120 47 1.00025
120 48 1.00024
120 49 1.00022
120 50 1.00021
120 51 1.00019
120 52 1.00017
120 53 1.00016
120 54 1.00014
120 55 1.00012
120 56 1.0001
120 57 1.00008
120 58 1.00006
120 59 1.00004
120 60 1.00001
120 61 0.999991
120 62 0.999966
120 63 0.99994
120 64 0.999914
120 65 0.999887
120 66 0.99986
120 67 0.999831
120 68 0.999803
120 69 0.999774
120 70 0.999745
120 71 0.999716
120 72 0.999687
120 73 0.999658
120 74 0.99963
120 75 0.999603
120 76 0.999577
120 77 0.999552
120 78 0.999528
120 79 0.999507
120 80 0.999488
120 81 0.999471
120 82 0.999457
120 83 0.999446
120 84 0.999439
120 85 0.999436
120 86 0.999437
120 87 0.999442
120 88 0.999453
120 89 0.99947
120 90 0.999492
120 91 0.999521
120 92 0.999557
120 93 0.9996
120 94 0.999652
120 95 0.999712
120 96 0.999782
120 97 0.999861
120 98 0.999951
120 99 1.00005
120 100 1.00017
120 101 1.00029
120 102 1.00044
120 103 1.00059
120 104 1.00077
120 105 1.00096
120 106 1.00117
120 107 1.00141
120 108 1.00167
120 109 1.00195
120 110 1.00226
120 111 1.00262
120 112 1.00302
120 113 1.0034
120 114 1.00381
120 115 1.00439
120 116 1.00502
120 117 1.00545
120 118 1.00592
120 119 1.00693
120 120 1.00786
120 121 1.00786
120 122 1.00826
120 123 1.01006
120 124 1.01027
120 125 1.00945
120 126 1.00998
120 127 1.0103

121 0 0
121 1 1.00048
121 2 1.00048
121 3 1.00048
121 4 1.00048
121 5 1.00048
121 6 1.00048
121 7 1.00048
121 8 1.00048
121 9 1.00048
121 10 1.00048
121 11 1.00047
121 12 1.00047
121 13 1.00047
121 14 1.00047
121 15 1.00047
121 16 1.00046
121 17 1.00046
121 18 1.00046
121 19 1.00045
121 20 1.00045
121 21 1.00045
121 22 1.00044
121 23 1.00044
121 24 1.00043
121 25 1.00043
121 26 1.00042
121 27 1.00042
121 28 1.00041
121 29 1.00041
121 30 1.0004
121 31 1.0004
121 32 1.00039
121 33 1.00038
121 34 1.00037
121 35 1.00037
121 36 1.00036
121 37 1.00035
121 38 1.00034
121 39 1.00033
121 40 1.00032
121 41 1.00031
121 42 1.0003
121 43 1.00029
121 44 1.00028
121 45 1.00027
121 46 1.00025
121 47 1.00024
121 48 1.00023
121 49 1.00021
121 50 1.0002
121 51 1.00018
121 52 1.00016
121 53 1.00015
121 54 1.00013
121 55 1.00011
121 56 1.00009
121 57 1.00007
121 58 1.00005
121 59 1.00003
121 60 1
121 61 0.999978
121 62 0.999953
121 63 0.999928
121 64 0.999902
121 65 0.999875
121 66 0.999848
121 67 0.99982
121 68 0.999792
121 69 0.999764
121 70 0.999736
121 71 0.999708
121 72 0.99968
121 73 0.999652
121 74 0.999625
121 75 0.999599
121 76 0.999574
121 77 0.999551
121 78 0.999529
121 79 0.999509
121 80 0.999491
121 81 0.999476
121 82 0.999464
121 83 0.999454
121 84 0.999449
121 85 0.999447
121 86 0.99945
121 87 0.999457
121 88 0.99947
121 89 0.999488
121 90 0.999512
121 91 0.999543
121 92 0.999581
121 93 0.999626
121 94 0.99968
121 95 0.999742
121 96 0.999814
121 97 0.999896
121 98 0.999989
121 99 1.00009
121 100 1.00021
121 101 1.00034
121 102 1.00049
121 103 1.00065
121 104 1.00083
121 105 1.00103
121 106 1.00125
121 107 1.0015
121 108 1.00176
121 109 1.00206
121 110 1.0024
121 111 1.00277
121 112 1.00314
121 113 1.00358
121 114 1.00413
121 115 1.00467
121 116 1.00514
121 117 1.0058
121 118 1.00675
121 119 1.00749
121 120 1.00788
121 121 1.00884
121 122 1.01053
121 123 1.01069
121 124 1.01028
121 125 1.01204
121 126 1.01192
121 127 1.01141

122 0 0
122 1 1.00048
122 2 1.00048
122 3 1.00048
122 4 1.00048
122 5 1.00048
122 6 1.00048
122 7 1.00048
122 8 1.00048
122 9 1.00048
122 10 1.00048
122 11 1.00047
122 12 1.00047
122 13 1.00047
122 14 1.00047
122 15 1.00047
122 16 1.00046
122 17 1.00046
122 18 1.00046
122 19 1.00045
122 20 1.00045
122 21 1.00045
122 22 1.00044
122 23 1.00044
122 24 1.00043
122 25 1.00043
122 26 1.00042
122 27 1.00042
122 28 1.00041
122 29 1.00041
122 30 1.0004
122 31 1.00039
122 32 1.00039
122 33 1.00038
122 34 1.00037
122 35 1.00036
122 36 1.00036
122 37 1.00035
122 38 1.00034
122 39 1.00033
122 40 1.00032
122 41 1.00031
122 42 1.0003
122 43 1.00029
122 44 1.00027
122 45 1.00026
122 46 1.00025
122 47 1.00023
122 48 1.00022
122 49 1.0002
122 50 1.00019
122 51 1.00017
122 52 1.00015
122 53 1.00014
122 54 1.00012
122 55 1.0001
122 56 1.00008
122 57 1.00006
122 58 1.00003
122 59 1.00001
122 60 0.999988
122 61 0.999964
122 62 0.999939
122 63 0.999913
122 64 0.999887
122 65 0.99986
122 66 0.999833
122 67 0.999806
122 68 0.999778
122 69 0.99975
122 70 0.999722
122 71 0.999694
122 72 0.999667
122 73 0.99964
122 74 0.999613
122 75 0.999588
122 76 0.999564
122 77 0.999541
122 78 0.99952
122 79 0.999501
122 80 0.999484
122 81 0.99947
122 82 0.999459
122 83 0.999451
122 84 0.999447
122 85 0.999446
122 86 0.99945
122 87 0.999459
122 88 0.999472
122 89 0.999492
122 90 0.999517
122 91 0.999549
122 92 0.999589
122 93 0.999636
122 94 0.999691
122 95 0.999755
122 96 0.999829
122 97 0.999913
122 98 1.00001
122 99 1.00012
122 100 1.00024
122 101 1.00037
122 102 1.00052
122 103 1.00069
122 104 1.00087
122 105 1.00108
122 106 1.00131
122 107 1.00156
122 108 1.00184
122 109 1.00215
122 110 1.00249
122 111 1.00285
122 112 1.00327
122 113 1.00377
122 114 1.00428
122 115 1.00476
122 116 1.00542
122 117 1.00633
122 118 1.00709
122 119 1.00751
122 120 1.00859
122 121 1.01059
122 122 1.01154
122 123 1.01049
122 124 1.01253
122 125 1.01566
122 126 1.01397
122 127 1.01095

123 0 0
123 1 1.00048
123 2 1.00048
123 3 1.00048
123 4 1.00048
123 5 1.00048
123 6 1.00048
123 7 1.00048
123 8 1.00048
123 9 1.00048
123 10 1.00048
123 11 1.00047
123 12 1.00047
123 13 1.00047
123 14 1.00047
123 15 1.00047
123 16 1.00046
123 17 1.00046
123 18 1.00046
123 19 1.00045
123 20 1.00045
123 21 1.00045
123 22 1.00044
123 23 1.00044
123 24 1.00043
123 25 1.00043
123 26 1.00042
123 27 1.00042
123 28 1.00041
123 29 1.00041
123 30 1.0004
123 31 1.00039
123 32 1.00039
123 33 1.00038
123 34 1.00037
123 35 1.00036
123 36 1.00035
123 37 1.00034
123 38 1.00034
123 39 1.00033
123 40 1.00032
123 41 1.0003
123 42 1.00029
123 43 1.00028
123 44 1.00027
123 45 1.00026
123 46 1.00024
123 47 1.00023
123 48 1.00021
123 49 1.0002
123 50 1.00018
123 51 1.00016
123 52 1.00015
123 53 1.00013
123 54 1.00011
123 55 1.00009
123 56 1.00007
123 57 1.00004
123 58 1.00002
123 59 0.999998
123 60 0.999974
123 61 0.99995
123 62 0.999924
123 63 0.999898
123 64 0.999871
123 65 0.999844
123 66 0.999816
123 67 0.999789
123 68 0.99976
123 69 0.999732
123 70 0.999704
123 71 0.999676
123 72 0.999649
123 73 0.999622
123 74 0.999596
123 75 0.999571
123 76 0.999547
123 77 0.999524
123 78 0.999504
123 79 0.999485
123 80 0.999469
123 81 0.999455
123 82 0.999445
123 83 0.999437
123 84 0.999433
123 85 0.999433
123 86 0.999438
123 87 0.999447
123 88 0.999462
123 89 0.999482
123 90 0.999509
123 91 0.999542
123 92 0.999582
123 93 0.99963
123 94 0.999686
123 95 0.999752
123 96 0.999827
123 97 0.999913
123 98 1.00001
123 99 1.00012
123 100 1.00024
123 101 1.00038
123 102 1.00053
123 103 1.0007
123 104 1.00089
123 105 1.0011
123 106 1.00133
123 107 1.00159
123 108 1.00188
123 109 1.00219
123 110 1.00253
123 111 1.00293
123 112 1.00338
123 113 1.00382
123 114 1.00431
123 115 1.00501
123 116 1.00575
123 117 1.00628
123 118 1.007
123 119 1.00848
123 120 1.00986
123 121 1.01002
123 122 1.01106
123 123 1.01502
123 124 1.01741
123 125 1.01237
123 126 1.01503
123 127 1.0198

124 0 0
124 1 1.00048
124 2 1.00048
124 3 1.00048
124 4 1.00048
124 5 1.00048
124 6 1.00048
124 7 1.00048
124 8 1.00048
124 9 1.00048
124 10 1.00048
124 11 1.00047
124 12 1.00047
124 13 1.00047
124 14 1.00047
124 15 1.00047
124 16 1.00046
124 17 1.00046
124 18 1.00046
124 19 1.00045
124 20 1.00045
124 21 1.00045
124 22 1.00044
124 23 1.00044
124 24 1.00043
124 25 1.00043
124 26 1.00042
124 27 1.00042
124 28 1.00041
124 29 1.0004
124 30 1.0004
124 31 1.00039
124 32 1.00038
124 33 1.00038
124 34 1.00037
124 35 1.00036
124 36 1.00035
124 37 1.00034
124 38 1.00033
124 39 1.00032
124 40 1.00031
124 41 1.0003
124 42 1.00029
124 43 1.00028
124 44 1.00026
124 45 1.00025
124 46 1.00024
124 47 1.00022
124 48 1.00021
124 49 1.00019
124 50 1.00017
124 51 1.00016
124 52 1.00014
124 53 1.00012
124 54 1.0001
124 55 1.00008
124 56 1.00005
124 57 1.00003
124 58 1.00001
124 59 0.999985
124 60 0.99996
124 61 0.999935
124 62 0.999909
124 63 0.999882
124 64 0.999855
124 65 0.999827
124 66 0.999799
124 67 0.99977
124 68 0.999741
124 69 0.999713
124 70 0.999684
124 71 0.999656
124 72 0.999628
124 73 0.999601
124 74 0.999574
124 75 0.999549
124 76 0.999525
124 77 0.999502
124 78 0.999482
124 79 0.999463
124 80 0.999447
124 81 0.999433
124 82 0.999422
124 83 0.999415
124 84 0.999411
124 85 0.999411
124 86 0.999416
124 87 0.999426
124 88 0.999441
124 89 0.999461
124 90 0.999488
124 91 0.999521
124 92 0.999562
124 93 0.99961
124 94 0.999667
124 95 0.999733
124 96 0.999809
124 97 0.999895
124 98 0.999993
124 99 1.0001
124 100 1.00023
124 101 1.00037
124 102 1.00052
124 103 1.00069
124 104 1.00088
124 105 1.00109
124 106 1.00133
124 107 1.00159
124 108 1.00188
124 109 1.0022
124 110 1.00255
124 111 1.00295
124 112 1.00337
124 113 1.00386
124 114 1.00442
124 115 1.00504
124 116 1.00568
124 117 1.00647
124 118 1.00744
124 119 1.00855
124 120 1.00951
124 121 1.01077
124 122 1.01284
124 123 1.01612
124 124 1.01735
124 125 1.01749
124 126 1.02157
124 127 1.0208

125 0 0
125 1 1.00048
125 2 1.00048
125 3 1.00048
125 4 1.00048
125 5 1.00048
125 6 1.00048
125 7 1.00048
125 8 1.00048
125 9 1.00048
125 10 1.00048
125 11 1.00047
125 12 1.00047
125 13 1.00047
125 14 1.00047
125 15 1.00047
125 16 1.00046
125 17 1.00046
125 18 1.00046
125 19 1.00045
125 20 1.00045
125 21 1.00045
125 22 1.00044
125 23 1.00044
125 24 1.00043
125 25 1.00043
125 26 1.00042
125 27 1.00042
125 28 1.00041
125 29 1.0004
125 30 1.0004
125 31 1.00039
125 32 1.00038
125 33 1.00037
125 34 1.00037
125 35 1.00036
125 36 1.00035
125 37 1.00034
125 38 1.00033
125 39 1.00032
125 40 1.00031
125 41 1.0003
125 42 1.00029
125 43 1.00027
125 44 1.00026
125 45 1.00025
125 46 1.00023
125 47 1.00022
125 48 1.0002
125 49 1.00018
125 50 1.00017
125 51 1.00015
125 52 1.00013
125 53 1.00011
125 54 1.00009
125 55 1.00007
125 56 1.00004
125 57 1.00002
125 58 0.999997
125 59 0.999972
125 60 0.999947
125 61 0.99992
125 62 0.999893
125 63 0.999866
125 64 0.999838
125 65 0.999809
125 66 0.99978
125 67 0.999751
125 68 0.999721
125 69 0.999692
125 70 0.999663
125 71 0.999634
125 72 0.999605
125 73 0.999577
125 74 0.99955
125 75 0.999524
125 76 0.999499
125 77 0.999476
125 78 0.999455
125 79 0.999436
125 80 0.999419
125 81 0.999405
125 82 0.999394
125 83 0.999386
125 84 0.999382
125 85 0.999382
125 86 0.999386
125 87 0.999396
125 88 0.99941
125 89 0.999431
125 90 0.999457
125 91 0.99949
125 92 0.999531
125 93 0.999579
125 94 0.999635
125 95 0.999701
125 96 0.999777
125 97 0.999863
125 98 0.999961
125 99 1.00007
125 100 1.00019
125 101 1.00033
125 102 1.00049
125 103 1.00066
125 104 1.00085
125 105 1.00106
125 106 1.0013
125 107 1.00156
125 108 1.00184
125 109 1.00217
125 110 1.00253
125 111 1.00291
125 112 1.00334
125 113 1.00387
125 114 1.00443
125 115 1.00495
125 116 1.00563
125 117 1.00671
125 118 1.00754
125 119 1.008
125 120 1.00943
125 121 1.01271
125 122 1.01353
125 123 1.01234
125 124 1.01718
125 125 1.03428
125 126 1.03051
125 127 1.0053

126 0 0
126 1 1.00048
126 2 1.00048
126 3 1.00048
126 4 1.00048
126 5 1.00048
126 6 1.00048
126 7 1.00048
126 8 1.00048
126 9 1.00048
126 10 1.00048
126 11 1.00048
126 12 1.00047
126 13 1.00047
126 14 1.00047
126 15 1.00047
126 16 1.00046
126 17 1.00046
126 18 1.00046
126 19 1.00045
126 20 1.00045
126 21 1.00045
126 22 1.00044
126 23 1.00044
126 24 1.00043
126 25 1.00043
126 26 1.00042
126 27 1.00042
126 28 1.00041
126 29 1.0004
126 30 1.0004
126 31 1.00039
126 32 1.00038
126 33 1.00037
126 34 1.00037
126 35 1.00036
126 36 1.00035
126 37 1.00034
126 38 1.00033
126 39 1.00032
126 40 1.00031
126 41 1.00029
126 42 1.00028
126 43 1.00027
126 44 1.00026
126 45 1.00024
126 46 1.00023
126 47 1.00021
126 48 1.0002
126 49 1.00018
126 50 1.00016
126 51 1.00014
126 52 1.00012
126 53 1.0001
126 54 1.00008
126 55 1.00006
126 56 1.00003
126 57 1.00001
126 58 0.999986
126 59 0.99996
126 60 0.999934
126 61 0.999907
126 62 0.999879
126 63 0.99985
126 64 0.999821
126 65 0.999792
126 66 0.999762
126 67 0.999732
126 68 0.999701
126 69 0.999671
126 70 0.99964
126 71 0.999611
126 72 0.999581
126 73 0.999552
126 74 0.999524
126 75 0.999497
126 76 0.999472
126 77 0.999448
126 78 0.999426
126 79 0.999406
126 80 0.999388
126 81 0.999373
126 82 0.999361
126 83 0.999353
126 84 0.999348
126 85 0.999347
126 86 0.999351
126 87 0.999359
126 88 0.999373
126 89 0.999392
126 90 0.999418
126 91 0.99945
126 92 0.99949
126 93 0.999537
126 94 0.999593
126 95 0.999657
126 96 0.999732
126 97 0.999817
126 98 0.999914
126 99 1.00002
126 100 1.00015
126 101 1.00028
126 102 1.00044
126 103 1.00061
126 104 1.0008
126 105 1.00101
126 106 1.00124
126 107 1.0015
126 108 1.00179
126 109 1.0021
126 110 1.00245
126 111 1.00286
126 112 1.0033
126 113 1.00375
126 114 1.0043
126 115 1.005
126 116 1.00565
126 117 1.00625
126 118 1.00733
126 119 1.00881
126 120 1.00946
126 121 1.01018
126 122 1.01375
126 123 1.01801
126 124 1.01654
126 125 1.02032
126 126 1.03888
126 127 1.06831

127 0 0
127 1 0
127 2 0
127 3 0
127 4 0
127 5 0
127 6 0
127 7 0
127 8 0
127 9 0
127 10 0
127 11 0
127 12 0
127 13 0
127 14 0
127 15 0
127 16 0
127 17 0
127 18 0
127 19 0
127 20 0
127 21 0
127 22 0
127 23 0
127 24 0
127 25 0
127 26 0
127 27 0
127 28 0
127 29 0
127 30 0
127 31 0
127 32 0
127 33 0
127 34 0
127 35 0
127 36 0
127 37 0
127 38 0
127 39 0
127 40 0
127 41 0
127 42 0
127 43 0
127 44 0
127 45 0
127 46 0
127 47 0
127 48 0
127 49 0
127 50 0
127 51 0
127 52 0
127 53 0
127 54 0
127 55 0
127 56 0
127 57 0
127 58 0
127 59 0
127 60 0
127 61 0
127 62 0
127 63 0
127 64 0
127 65 0
127 66 0
127 67 0
127 68 0
127 69 0
127 70 0
127 71 0
127 72 0
127 73 0
127 74 0
127 75 0
127 76 0
127 77 0
127 78 0
127 79 0
127 80 0
127 81 0
127 82 0
127 83 0
127 84 0
127 85 0
127 86 0
127 87 0
127 88 0
127 89 0
127 90 0
127 91 0
127 92 0
127 93 0
127 94 0
127 95 0
127 96 0
127 97 0
127 98 0
127 99 0
127 100 0
127 101 0
127 102 0
127 103 0
127 104 0
127 105 0
127 106 0
127 107 0
127 108 0
127 109 0
127 110 0
127 111 0
127 112 0
127 113 0
127 114 0
127 115 0
127 116 0
127 117 0
127 118 0
127 119 0
127 120 0
127 121 0
127 122 0
127 123 0
127 124 0
127 125 0
127 126 0
127 127 0

