step,max_du
0,0
1,0.0139882
2,0.0167579
3,0.00883318
4,0.0067843
5,0.00754611
6,0.00715283
7,0.00721301
8,0.00518959
9,0.00452608
10,0.00358733
11,0.00363863
12,0.0026586
13,0.00248639
14,0.00217063
15,0.00224619
16,0.00179839
17,0.00186591
18,0.00164927
19,0.00154138
20,0.00149707
21,0.00140739
22,0.00131213
23,0.00125898
24,0.00119377
25,0.00114571
26,0.00110859
27,0.00106453
28,0.00102821
29,0.000998417
30,0.000962425
31,0.000931316
32,0.000900655
33,0.000870233
34,0.000851878
35,0.000829466
36,0.000802128
37,0.000779506
38,0.000762123
39,0.000743493
40,0.000725209
41,0.00070641
42,0.000689859
43,0.000674928
44,0.000659637
45,0.00064476
46,0.000631213
47,0.000617151
48,0.000604351
49,0.000593757
50,0.000582752
51,0.000571253
52,0.000559589
53,0.000549473
54,0.000540393
55,0.000531074
56,0.000521559
57,0.000511895
58,0.000503264
59,0.000495364
60,0.000487508
61,0.00047965
62,0.000471688
63,0.000463653
64,0.000456988
65,0.000450808
66,0.000444389
67,0.000437766
68,0.000430904
69,0.00042525
70,0.000419756
71,0.000414169
72,0.000408474
73,0.000402611
74,0.000397238
75,0.000392435
76,0.000387618
77,0.000382741
78,0.000377733
79,0.000372499
80,0.000368251
81,0.000364123
82,0.000359961
83,0.000355686
84,0.00035121
85,0.000347437
86,0.000343789
87,0.00034007
88,0.000336249
89,0.000332278
90,0.000328672
91,0.000325448
92,0.000322188
93,0.000318851
94,0.000315387
95,0.000311737
96,0.000308824
97,0.000305983
98,0.00030308
99,0.000300065
100,0.000296881
101,0.000294051
102,0.000291451
103,0.000288788
104,0.000286102
105,0.000283329
106,0.000280603
107,0.000278286
108,0.000275925
109,0.000273487
110,0.000270937
111,0.000268309
112,0.000266153
113,0.00026407
114,0.000261922
115,0.000260575
116,0.000257285
117,0.000257126
118,0.000253146
119,0.000253694
120,0.000249252
121,0.000250284
122,0.000244983
123,0.000246899
124,0.000241439
125,0.000243541
126,0.000237732
127,0.000240212
128,0.000233986
129,0.000236914
130,0.00023073
131,0.000233649
132,0.000227198
133,0.000230419
134,0.000223928
135,0.000227224
136,0.000220909
137,0.000224066
138,0.00021751
139,0.000220946
140,0.00021479
141,0.000217864
142,0.000212182
143,0.000214821
144,0.000209651
145,0.000211817
146,0.000207699
147,0.000208852
148,0.000205735
149,0.000205928
150,0.00020376
151,0.000203043
152,0.000201779
153,0.000200466
154,0.000199792
155,0.000199018
156,0.000197803
157,0.000197547
158,0.000195813
159,0.000196056
160,0.000193823
161,0.000194547
162,0.000191836
163,0.000193022
164,0.000189853
165,0.000191483
166,0.000187876
167,0.000189933
168,0.000185948
169,0.000188372
170,0.000184723
171,0.000186803
172,0.000183484
173,0.000185227
174,0.000182231
175,0.000183646
176,0.000180966
177,0.000182061
178,0.000179691
179,0.000180474
180,0.000178406
181,0.000178885
182,0.000177114
183,0.000177295
184,0.000175814
185,0.000175706
186,0.000174509
187,0.000174119
188,0.000173198
189,0.000172534
190,0.000171884
191,0.000170952
192,0.000170567
193,0.000169375
194,0.000169247
195,0.000167802
196,0.000167926
197,0.000166235
198,0.000166604
199,0.000164674
200,0.000165282
201,0.000163119
202,0.00016396
203,0.000161572
204,0.00016264
205,0.000160032
206,0.000161322
207,0.0001585
208,0.000160005
209,0.000156977
210,0.000158692
211,0.000155463
212,0.000157382
213,0.000153957
214,0.000156075
215,0.000152462
216,0.000154773
217,0.0001512
218,0.000153474
219,0.000150353
220,0.000152181
221,0.000149495
222,0.000150893
223,0.000148629
224,0.00014961
225,0.000147754
226,0.000148333
227,0.000146872
228,0.000147219
229,0.000149693
230,0.00015141
231,0.000152484
232,0.000153185
233,0.000153542
234,0.000153635
235,0.000153544
236,0.000153478
237,0.000153347
238,0.000153066
239,0.000152679
240,0.000152318
241,0.000151808
242,0.000151195
243,0.00015067
244,0.000149897
245,0.000149354
246,0.000148526
247,0.000147919
248,0.000147121
249,0.000146356
250,0.000145641
251,0.000144761
252,0.000143992
253,0.000143258
254,0.000142406
255,0.000141455
256,0.000140765
257,0.00014
258,0.000139165
259,0.000138273
260,0.000137342
261,0.000136628
262,0.000135872
263,0.000135083
264,0.000134269
265,0.000133435
266,0.000132741
267,0.000131734
268,0.000131958
269,0.000130857
270,0.000131172
271,0.000130224
272,0.000130384
273,0.000129585
274,0.000129594
275,0.000128942
276,0.000128802
277,0.000128295
278,0.000128008
279,0.000127644
280,0.000127214
281,0.000126989
282,0.000126418
283,0.000126331
284,0.000125621
285,0.00012567
286,0.000124824
287,0.000125006
288,0.000124027
289,0.000124339
290,0.00012323
291,0.00012367
292,0.000122432
293,0.000122999
294,0.000121636
295,0.000122326
296,0.000121111
297,0.000121652
298,0.000120665
299,0.000120976
300,0.000120212
301,0.000120298
302,0.000119752
303,0.00011962
304,0.000119285
305,0.000118941
306,0.000118812
307,0.000118261
308,0.000118333
309,0.00011758
310,0.000117848
311,0.000116899
312,0.000117357
313,0.00011622
314,0.000116861
315,0.000115865
316,0.00011636
317,0.000115503
318,0.000115855
319,0.000115135
320,0.000115345
321,0.000114759
322,0.000114831
323,0.000114377
324,0.000114312
325,0.000113989
326,0.00011379
327,0.000113595
328,0.000113265
329,0.000113195
330,0.000112736
331,0.00011279
332,0.000112203
333,0.000112379
334,0.000111668
335,0.000111963
336,0.00011113
337,0.000111543
338,0.000110589
339,0.000111117
340,0.000110046
341,0.000110688
342,0.000109501
343,0.000110253
344,0.000108953
345,0.000109815
346,0.000108427
347,0.000109373
348,0.000107989
349,0.000108927
350,0.000107545
351,0.000108478
352,0.000107097
353,0.000108025
354,0.000106691
355,0.000107569
356,0.000106334
357,0.00010711
358,0.000105974
359,0.000106648
360,0.000105609
361,0.000106183
362,0.00010524
363,0.000105716
364,0.000104868
365,0.000105246
366,0.000104492
367,0.000104774
368,0.000104112
369,0.0001043
370,0.000103729
371,0.000103823
372,0.000103343
373,0.000103344
374,0.000102952
375,0.000102862
376,0.000102557
377,0.000102377
378,0.000102156
379,0.000101888
380,0.000101746
381,0.000101393
382,0.000101325
383,0.000101006
384,0.000100886
385,0.000100709
386,0.00010042
387,0.000100389
388,9.99158e-05
389,0.000100035
390,9.9563e-05
391,9.96309e-05
392,9.9291e-05
393,9.9159e-05
394,9.90286e-05
395,9.85934e-05
396,9.87842e-05
397,9.8213e-05
398,9.85698e-05
399,9.79813e-05
400,9.84025e-05
401,9.79403e-05
402,9.83046e-05
403,9.81084e-05
404,9.83046e-05
405,9.84235e-05
406,9.84368e-05
407,9.89305e-05
408,9.87403e-05
409,9.96767e-05
410,9.92563e-05
411,0.000100708
412,0.000100275
413,0.000102061
414,0.000102118
415,0.000103755
416,0.000104316
417,0.00010578
418,0.000106819
419,0.000108092
420,0.000109528
421,0.000110597
422,0.000112295
423,0.000113158
424,0.000114928
425,0.000115587
426,0.000117204
427,0.000117666
428,0.000119073
429,0.000119157
430,0.000120176
431,0.000119831
432,0.000120251
433,0.000119497
434,0.000119163
435,0.000118026
436,0.000116862
437,0.000115376
438,0.000113391
439,0.000111604
440,0.000108883
441,0.000106866
442,0.000103552
443,0.000101406
444,9.76744e-05
445,9.55306e-05
446,9.20082e-05
447,9.36963e-05
448,9.65015e-05
449,9.81722e-05
450,0.000100746
451,0.000102369
452,0.000104609
453,0.000105984
454,0.000107969
455,0.000108902
456,0.000110719
457,0.000111041
458,0.000112776
459,0.000112661
460,0.000114083
461,0.000114126
462,0.000114624
463,0.000114857
464,0.000114416
465,0.000114856
466,0.000113593
467,0.000114159
468,0.000112509
469,0.000112843
470,0.000111416
471,0.000111012
472,0.000109773
473,0.000108791
474,0.000107696
475,0.000106313
476,0.000105316
477,0.000103707
478,0.000102763
479,0.000101086
480,0.000100156
481,9.85444e-05
482,9.75982e-05
483,9.61519e-05
484,9.51684e-05
485,9.3954e-05
486,9.29211e-05
487,9.19758e-05
488,9.08881e-05
489,9.03606e-05
490,8.93855e-05
491,8.89568e-05
492,8.82054e-05
493,8.77486e-05
494,8.7191e-05
495,8.67161e-05
496,9.12348e-05
497,9.63215e-05
498,0.000100612
499,0.000104008
500,0.000106448
501,0.000108058
502,0.000108715
503,0.000108783
504,0.000108824
505,0.00010859
506,0.000108191
507,0.000107772
508,0.000107302
509,0.000106795
510,0.000106317
511,0.000105831
512,0.000105291
513,0.000104786
514,0.000104319
515,0.000103833
516,0.000103335
517,0.000102835
518,0.000102334
519,0.000101836
520,0.00010134
521,0.000100857
522,0.000100429
523,0.000100003
524,9.95715e-05
525,9.91233e-05
526,9.86469e-05
527,9.81288e-05
528,9.77055e-05
529,9.73057e-05
530,9.68889e-05
531,9.64748e-05
532,9.6108e-05
533,9.56479e-05
534,9.51694e-05
535,9.48988e-05
536,9.45114e-05
537,9.40815e-05
538,9.37025e-05
539,9.33747e-05
540,9.30966e-05
541,9.274e-05
542,9.23431e-05
543,9.21938e-05
544,9.18404e-05
545,9.16252e-05
546,9.13708e-05
547,9.12416e-05
548,9.09544e-05
549,9.07842e-05
550,9.06586e-05
551,9.05162e-05
552,9.02409e-05
553,9.01581e-05
554,8.98711e-05
555,8.96905e-05
556,8.93584e-05
557,8.9129e-05
558,8.87204e-05
559,8.79921e-05
560,8.71876e-05
561,8.62196e-05
562,8.5046e-05
563,8.63203e-05
564,8.72809e-05
565,8.79507e-05
566,8.84524e-05
567,8.8335e-05
568,8.84024e-05
569,8.78803e-05
570,8.74969e-05
571,8.6803e-05
572,8.62488e-05
573,8.57485e-05
574,8.50986e-05
575,8.47327e-05
576,8.41491e-05
577,8.37571e-05
578,8.33276e-05
579,8.29089e-05
580,8.25235e-05
581,8.21486e-05
582,8.17385e-05
583,8.14056e-05
584,8.09757e-05
585,8.06832e-05
586,8.02491e-05
587,7.99838e-05
588,7.96172e-05
589,7.9309e-05
590,7.89967e-05
591,7.86597e-05
592,7.83883e-05
593,7.80361e-05
594,7.80065e-05
595,7.77973e-05
596,7.78467e-05
597,7.76781e-05
598,7.7684e-05
599,7.75562e-05
600,7.75185e-05
601,7.74317e-05
602,7.73698e-05
603,7.73046e-05
604,7.73018e-05
605,7.7175e-05
606,7.72308e-05
607,7.70428e-05
608,7.71568e-05
609,7.6908e-05
610,7.70799e-05
611,7.67708e-05
612,7.7e-05
613,7.66312e-05
614,7.69173e-05
615,7.6489e-05
616,7.68317e-05
617,7.63445e-05
618,7.67432e-05
619,7.61975e-05
620,7.66519e-05
621,7.60481e-05
622,7.65577e-05
623,7.58964e-05
624,7.64608e-05
625,7.57423e-05
626,7.63611e-05
627,7.55859e-05
628,7.62586e-05
629,7.54272e-05
630,7.61534e-05
631,7.52662e-05
632,7.60455e-05
633,7.5103e-05
634,7.59349e-05
635,7.49374e-05
636,7.58216e-05
637,7.47697e-05
638,7.57056e-05
639,7.45997e-05
640,7.5587e-05
641,7.44275e-05
642,7.54658e-05
643,7.42532e-05
644,7.5342e-05
645,7.41789e-05
646,7.52155e-05
647,7.41142e-05
648,7.50865e-05
649,7.40467e-05
650,7.4955e-05
651,7.39764e-05
652,7.48209e-05
653,7.39033e-05
654,7.46842e-05
655,7.38274e-05
656,7.45451e-05
657,7.37487e-05
658,7.44035e-05
659,7.36673e-05
660,7.42594e-05
661,7.35831e-05
662,7.41129e-05
663,7.34961e-05
664,7.3964e-05
665,7.40664e-05
666,7.59474e-05
667,7.77333e-05
668,7.9403e-05
669,8.09363e-05
670,8.23142e-05
671,8.35191e-05
672,8.45353e-05
673,8.53494e-05
674,8.59563e-05
675,8.63639e-05
676,8.65468e-05
677,8.65022e-05
678,8.62311e-05
679,8.57368e-05
680,8.51931e-05
681,8.50161e-05
682,8.46312e-05
683,8.40435e-05
684,8.32601e-05
685,8.22907e-05
686,8.11469e-05
687,7.98425e-05
688,7.83922e-05
689,7.68127e-05
690,7.51209e-05
691,7.3335e-05
692,7.22288e-05
693,7.18735e-05
694,7.21406e-05
695,7.17448e-05
696,7.20499e-05
697,7.16135e-05
698,7.19568e-05
699,7.14799e-05
700,7.18613e-05
701,7.13437e-05
702,7.17633e-05
703,7.12052e-05
704,7.16629e-05
705,7.10642e-05
706,7.15602e-05
707,7.10124e-05
708,7.1455e-05
709,7.09602e-05
710,7.13475e-05
711,7.09053e-05
712,7.12376e-05
713,7.08479e-05
714,7.11254e-05
715,7.07879e-05
716,7.10109e-05
717,7.07254e-05
718,7.08941e-05
719,7.06603e-05
720,7.0775e-05
721,7.05927e-05
722,7.06537e-05
723,7.05226e-05
724,7.05301e-05
725,7.04499e-05
726,7.04043e-05
727,7.03748e-05
728,7.02763e-05
729,7.02972e-05
730,7.01462e-05
731,7.02172e-05
732,7.00138e-05
733,7.01346e-05
734,6.98793e-05
735,7.00496e-05
736,6.97427e-05
737,6.99622e-05
738,6.9604e-05
739,6.98724e-05
740,6.95316e-05
741,6.97802e-05
742,6.94675e-05
743,6.96856e-05
744,6.94012e-05
745,6.95886e-05
746,6.93327e-05
747,6.94893e-05
748,6.9262e-05
749,6.93876e-05
750,6.91892e-05
751,6.92836e-05
752,6.91142e-05
753,6.91772e-05
754,6.9037e-05
755,6.90686e-05
756,6.89578e-05
757,6.89577e-05
758,6.88764e-05
759,6.88446e-05
760,6.87929e-05
761,6.87291e-05
762,6.87073e-05
763,6.86243e-05
764,6.86196e-05
765,6.85817e-05
766,6.85299e-05
767,6.85368e-05
768,6.84381e-05
769,6.84897e-05
770,6.83443e-05
771,6.84403e-05
772,6.82485e-05
773,6.83886e-05
774,6.81507e-05
775,6.83348e-05
776,6.80509e-05
777,6.82787e-05
778,6.79491e-05
779,6.82203e-05
780,6.78453e-05
781,6.81598e-05
782,6.77397e-05
783,6.80971e-05
784,6.7632e-05
785,6.80322e-05
786,6.75225e-05
787,6.79651e-05
788,6.74111e-05
789,6.78959e-05
790,6.72978e-05
791,6.78245e-05
792,6.71827e-05
793,6.77509e-05
794,6.70657e-05
795,6.76753e-05
796,6.69468e-05
797,6.75974e-05
798,6.81762e-05
799,7.0915e-05
800,7.33914e-05
801,7.55314e-05
802,7.72979e-05
803,7.86589e-05
804,7.95885e-05
805,8.00673e-05
806,8.01501e-05
807,7.99229e-05
808,7.92694e-05
809,7.82001e-05
810,7.67316e-05
811,7.48874e-05
812,7.26963e-05
813,7.02219e-05
814,6.75633e-05
815,6.67746e-05
816,6.63211e-05
817,6.66567e-05
818,6.60915e-05
819,6.65255e-05
820,6.59028e-05
821,6.63757e-05
822,6.5754e-05
823,6.61996e-05
824,6.55708e-05
825,6.59873e-05
826,6.53314e-05
827,6.57257e-05
828,6.50177e-05
829,6.53982e-05
830,6.46082e-05
831,6.49849e-05
832,6.4163e-05
833,6.4462e-05
834,6.38135e-05
835,6.38029e-05
836,6.34401e-05
837,6.32244e-05
838,6.30227e-05
839,6.28639e-05
840,6.26293e-05
841,6.24576e-05
842,6.21988e-05
843,6.20168e-05
844,6.20762e-05
845,6.22466e-05
846,6.24336e-05
847,6.25033e-05
848,6.28104e-05
849,6.27694e-05
850,6.31883e-05
851,6.30894e-05
852,6.3543e-05
853,6.35897e-05
854,6.38451e-05
855,6.40211e-05
856,6.40605e-05
857,6.43406e-05
858,6.42492e-05
859,6.45022e-05
860,6.42903e-05
861,6.45142e-05
862,6.55589e-05
863,6.67305e-05
864,6.75605e-05
865,6.88606e-05
866,6.98003e-05
867,7.07548e-05
868,7.17771e-05
869,7.23385e-05
870,7.34027e-05
871,7.3765e-05
872,7.45984e-05
873,7.49395e-05
874,7.52966e-05
875,7.55665e-05
876,7.5503e-05
877,7.58186e-05
878,7.53969e-05
879,7.55447e-05
880,7.49646e-05
881,7.46666e-05
882,7.38841e-05
883,7.3183e-05
884,7.22977e-05
885,7.14101e-05
886,7.02838e-05
887,6.9088e-05
888,6.76681e-05
889,6.62261e-05
890,6.44995e-05
891,6.29967e-05
892,6.10915e-05
893,5.94128e-05
894,5.93872e-05
895,5.92032e-05
896,5.88387e-05
897,5.84274e-05
898,5.77369e-05
899,5.69303e-05
900,5.84066e-05
901,5.99267e-05
902,6.14438e-05
903,6.29107e-05
904,6.44441e-05
905,6.58242e-05
906,6.73592e-05
907,6.86123e-05
908,7.01466e-05
909,7.12291e-05
910,7.27729e-05
911,7.36425e-05
912,7.52182e-05
913,7.58389e-05
914,7.74783e-05
915,7.78883e-05
916,7.9567e-05
917,8.01529e-05
918,8.1516e-05
919,8.23352e-05
920,8.33731e-05
921,8.44841e-05
922,8.51986e-05
923,8.6657e-05
924,8.7392e-05
925,8.8914e-05
926,9.01285e-05
927,9.13102e-05
928,9.30052e-05
929,9.42352e-05
930,9.6033e-05
931,9.75931e-05
932,9.9198e-05
933,0.000100972
934,0.000102472
935,0.000104283
936,0.000105735
937,0.000107428
938,0.000108928
939,0.000110292
940,0.000111912
941,0.000112833
942,0.000114545
943,0.000115399
944,0.000116687
945,0.000117651
946,0.000118211
947,0.000119265
948,0.000119294
949,0.000120133
950,0.000120274
951,0.000120183
952,0.000120447
953,0.000119392
954,0.000119784
955,0.000118542
956,0.000118301
957,0.000116998
958,0.000116058
959,0.000114745
960,0.000113155
961,0.000112076
962,0.00010993
963,0.000108867
964,0.000106675
965,0.000105249
966,0.000103251
967,0.000101367
968,9.967e-05
969,9.73619e-05
970,9.58968e-05
971,9.36147e-05
972,9.20557e-05
973,9.00068e-05
974,8.82613e-05
975,8.63397e-05
976,8.46122e-05
977,8.44466e-05
978,8.48451e-05
979,8.45879e-05
980,8.46404e-05
981,8.41695e-05
982,8.38208e-05
983,8.314e-05
984,8.23498e-05
985,8.14682e-05
986,8.02147e-05
987,7.91482e-05
988,7.7431e-05
989,7.62435e-05
990,7.4312e-05
991,7.28346e-05
992,7.08343e-05
993,6.89386e-05
994,6.69375e-05
995,6.57267e-05
996,6.55288e-05
997,6.47802e-05
998,6.46818e-05
999,6.38393e-05
1000,6.38106e-05
1001,6.28635e-05
1002,6.28824e-05
1003,6.1826e-05
1004,6.18683e-05
1005,6.0745e-05
1006,6.07442e-05
1007,5.96992e-05
1008,5.94912e-05
1009,5.8533e-05
1010,5.80973e-05
1011,5.72378e-05
1012,5.65572e-05
1013,5.58108e-05
1014,5.48734e-05
1015,5.4256e-05
1016,5.30589e-05
1017,5.25834e-05
1018,5.12599e-05
1019,5.0809e-05
1020,5.05826e-05
1021,5.05002e-05
1022,5.08835e-05
1023,5.14739e-05
1024,5.23065e-05
1025,5.3309e-05
1026,5.41712e-05
1027,5.49322e-05
1028,5.57827e-05
1029,5.63672e-05
1030,5.71598e-05
1031,5.76205e-05
1032,5.8166e-05
1033,5.86209e-05
1034,5.88108e-05
1035,5.92274e-05
1036,5.93544e-05
1037,5.96274e-05
1038,5.96145e-05
1039,5.95699e-05
1040,5.95376e-05
1041,5.93675e-05
1042,5.92877e-05
1043,5.88188e-05
1044,5.86306e-05
1045,5.81458e-05
1046,5.77877e-05
1047,5.72653e-05
1048,5.66109e-05
1049,5.60809e-05
1050,5.52958e-05
1051,5.46171e-05
1052,5.37427e-05
1053,5.30107e-05
1054,5.21369e-05
1055,5.1137e-05
1056,5.02702e-05
1057,4.91879e-05
1058,4.93083e-05
1059,4.94986e-05
1060,4.97425e-05
1061,4.99324e-05
1062,5.01234e-05
1063,5.03147e-05
1064,5.04484e-05
1065,5.06427e-05
1066,5.07177e-05
1067,5.09165e-05
1068,5.09336e-05
1069,5.11385e-05
1070,5.15601e-05
1071,5.18691e-05
1072,5.2635e-05
1073,5.26734e-05
1074,5.35377e-05
1075,5.34477e-05
1076,5.42786e-05
1077,5.40747e-05
1078,5.48729e-05
1079,5.47925e-05
1080,5.53387e-05
1081,5.53709e-05
1082,5.57134e-05
1083,5.58276e-05
1084,5.60979e-05
1085,5.61815e-05
1086,5.63956e-05
1087,5.64505e-05
1088,5.66227e-05
1089,5.6651e-05
1090,5.67932e-05
1091,5.67969e-05
1092,5.6919e-05
1093,5.69001e-05
1094,5.70096e-05
1095,5.69699e-05
1096,5.70729e-05
1097,5.70138e-05
1098,5.71146e-05
1099,5.70836e-05
1100,5.71394e-05
1101,5.71528e-05
1102,5.71505e-05
1103,5.72066e-05
1104,5.71504e-05
1105,5.7248e-05
1106,5.71407e-05
1107,5.72789e-05
1108,5.71225e-05
1109,5.73007e-05
1110,5.70966e-05
1111,5.73142e-05
1112,5.70632e-05
1113,5.732e-05
1114,5.70226e-05
1115,5.73182e-05
1116,5.69748e-05
1117,5.7309e-05
1118,5.69199e-05
1119,5.72924e-05
1120,5.6858e-05
1121,5.72685e-05
1122,5.67893e-05
1123,5.72374e-05
1124,5.67142e-05
1125,5.71994e-05
1126,5.66333e-05
1127,5.71549e-05
1128,5.65473e-05
1129,5.71047e-05
1130,5.64699e-05
1131,5.70494e-05
1132,5.64528e-05
1133,5.69901e-05
1134,5.64312e-05
1135,5.69276e-05
1136,5.6406e-05
1137,5.68631e-05
1138,5.63781e-05
1139,5.67973e-05
1140,5.63484e-05
1141,5.67312e-05
1142,5.63177e-05
1143,5.66654e-05
1144,5.62868e-05
1145,5.66002e-05
1146,5.62561e-05
1147,5.65359e-05
1148,5.62258e-05
1149,5.64725e-05
1150,5.61958e-05
1151,5.64097e-05
1152,5.61658e-05
1153,5.63469e-05
1154,5.61351e-05
1155,5.62836e-05
1156,5.61027e-05
1157,5.62187e-05
1158,5.60675e-05
1159,5.61513e-05
1160,5.60275e-05
1161,5.60799e-05
1162,5.59806e-05
1163,5.60027e-05
1164,5.59239e-05
1165,5.59176e-05
1166,5.58538e-05
1167,5.58216e-05
1168,5.57655e-05
1169,5.57111e-05
1170,5.56531e-05
1171,5.55825e-05
1172,5.55092e-05
1173,5.5457e-05
1174,5.53249e-05
1175,5.52926e-05
1176,5.50892e-05
1177,5.50789e-05
1178,5.47898e-05
1179,5.48036e-05
1180,5.44122e-05
1181,5.44527e-05
1182,5.39619e-05
1183,5.40109e-05
1184,5.35661e-05
1185,5.34621e-05
1186,5.30766e-05
1187,5.27903e-05
1188,5.24772e-05
1189,5.20061e-05
1190,5.17521e-05
1191,5.10951e-05
1192,5.08871e-05
1193,5.08875e-05
1194,5.23836e-05
1195,5.37443e-05
1196,5.49394e-05
1197,5.59561e-05
1198,5.67831e-05
1199,5.74112e-05
1200,5.78333e-05
1201,5.80444e-05
1202,5.8042e-05
1203,5.78262e-05
1204,5.74095e-05
1205,5.68301e-05
1206,5.60528e-05
1207,5.50862e-05
1208,5.39408e-05
1209,5.28135e-05
1210,5.38961e-05
1211,5.4777e-05
1212,5.55044e-05
1213,5.60492e-05
1214,5.64394e-05
1215,5.66328e-05
1216,5.65946e-05
1217,5.64061e-05
1218,5.60286e-05
1219,5.55117e-05
1220,5.47819e-05
1221,5.38657e-05
1222,5.28423e-05
1223,5.17041e-05
1224,5.04258e-05
1225,4.90141e-05
1226,4.82188e-05
1227,4.74961e-05
1228,4.70204e-05
1229,4.7163e-05
1230,4.75506e-05
1231,4.78721e-05
1232,4.80099e-05
1233,4.79616e-05
1234,4.77266e-05
1235,4.74098e-05
1236,4.74676e-05
1237,4.7831e-05
1238,4.80714e-05
1239,4.82601e-05
1240,4.87213e-05
1241,4.89994e-05
1242,4.92994e-05
1243,4.96177e-05
1244,4.97524e-05
1245,5.00308e-05
1246,5.00233e-05
1247,5.01759e-05
1248,5.00549e-05
1249,4.99944e-05
1250,4.97973e-05
1251,5.02367e-05
1252,5.03458e-05
1253,5.06429e-05
1254,5.081e-05
1255,5.09935e-05
1256,5.12096e-05
1257,5.13061e-05
1258,5.15633e-05
1259,5.15967e-05
1260,5.18888e-05
1261,5.18796e-05
1262,5.22021e-05
1263,5.21675e-05
1264,5.25182e-05
1265,5.24721e-05
1266,5.28509e-05
1267,5.28046e-05
1268,5.32136e-05
1269,5.31759e-05
1270,5.36195e-05
1271,5.36412e-05
1272,5.40818e-05
1273,5.41732e-05
1274,5.46139e-05
1275,5.47853e-05
1276,5.52294e-05
1277,5.5491e-05
1278,5.59416e-05
1279,5.63028e-05
1280,5.67628e-05
1281,5.72314e-05
1282,5.7704e-05
1283,5.82848e-05
1284,5.87733e-05
1285,5.94671e-05
1286,5.99747e-05
1287,6.07777e-05
1288,6.13075e-05
1289,6.22099e-05
1290,6.27644e-05
1291,6.37502e-05
1292,6.4331e-05
1293,6.53776e-05
1294,6.59849e-05
1295,6.70636e-05
1296,6.7696e-05
1297,6.87726e-05
1298,6.94265e-05
1299,7.04626e-05
1300,7.11623e-05
1301,7.20872e-05
1302,7.28707e-05
1303,7.35975e-05
1304,7.44712e-05
1305,7.49445e-05
1306,7.59119e-05
1307,7.62376e-05
1308,7.71427e-05
1309,7.7409e-05
1310,7.81185e-05
1311,7.83126e-05
1312,7.88008e-05
1313,7.89117e-05
1314,7.9161e-05
1315,7.93108e-05
1316,7.9181e-05
1317,7.93705e-05
1318,7.8854e-05
1319,7.90759e-05
1320,7.8406e-05
1321,7.84306e-05
1322,7.76621e-05
1323,7.74493e-05
1324,7.65894e-05
1325,7.61567e-05
1326,7.52591e-05
1327,7.45858e-05
1328,7.37192e-05
1329,7.27759e-05
1330,7.19377e-05
1331,7.07705e-05
1332,6.99578e-05
1333,6.86155e-05
1334,6.78254e-05
1335,6.63575e-05
1336,6.55873e-05
1337,6.41152e-05
1338,6.32894e-05
1339,6.18228e-05
1340,6.09762e-05
1341,5.95191e-05
1342,5.86893e-05
1343,5.72439e-05
1344,5.64669e-05
1345,5.50525e-05
1346,5.43437e-05
1347,5.30532e-05
1348,5.23808e-05
1349,5.30402e-05
1350,5.30924e-05
1351,5.37246e-05
1352,5.37179e-05
1353,5.43296e-05
1354,5.42673e-05
1355,5.48483e-05
1356,5.47818e-05
1357,5.52744e-05
1358,5.52119e-05
1359,5.56027e-05
1360,5.55519e-05
1361,5.5829e-05
1362,5.5797e-05
1363,5.5951e-05
1364,5.60037e-05
1365,5.67684e-05
1366,5.75138e-05
1367,5.8198e-05
1368,5.88188e-05
1369,5.93726e-05
1370,5.98847e-05
1371,6.03381e-05
1372,6.07067e-05
1373,6.0991e-05
1374,6.11948e-05
1375,6.13052e-05
1376,6.12876e-05
1377,6.11788e-05
1378,6.09143e-05
1379,6.05324e-05
1380,5.99844e-05
1381,5.93069e-05
1382,5.84264e-05
1383,5.743e-05
1384,5.6313e-05
1385,5.56787e-05
1386,5.49501e-05
1387,5.41119e-05
1388,5.31927e-05
1389,5.21488e-05
1390,5.10199e-05
1391,5.04384e-05
1392,4.98949e-05
1393,4.97828e-05
1394,4.92353e-05
1395,4.91364e-05
1396,4.92239e-05
1397,4.92468e-05
1398,4.94357e-05
1399,4.94942e-05
1400,4.96075e-05
1401,4.96991e-05
1402,4.97422e-05
1403,4.98643e-05
1404,4.98432e-05
1405,4.99932e-05
1406,4.99146e-05
1407,5.00897e-05
1408,4.999e-05
1409,5.01578e-05
1410,5.00427e-05
1411,5.02018e-05
1412,5.00766e-05
1413,5.02255e-05
1414,5.00953e-05
1415,5.02329e-05
1416,5.01023e-05
1417,5.02274e-05
1418,5.01004e-05
1419,5.02122e-05
1420,5.00923e-05
1421,5.01901e-05
1422,5.00801e-05
1423,5.01634e-05
1424,5.00657e-05
1425,5.01341e-05
1426,5.00503e-05
1427,5.01038e-05
1428,5.00353e-05
1429,5.00737e-05
1430,5.00213e-05
1431,5.00447e-05
1432,5.0009e-05
1433,5.00175e-05
1434,4.99988e-05
1435,4.99924e-05
1436,4.99908e-05
1437,4.99696e-05
1438,4.99852e-05
1439,4.99492e-05
1440,4.99819e-05
1441,4.99312e-05
1442,4.99806e-05
1443,4.99158e-05
1444,4.99813e-05
1445,4.99342e-05
1446,4.99836e-05
1447,4.99547e-05
1448,4.99872e-05
1449,4.9977e-05
1450,4.99918e-05
1451,5.00005e-05
1452,4.99969e-05
1453,5.00248e-05
1454,5.00023e-05
1455,5.00496e-05
1456,5.00075e-05
1457,5.00744e-05
1458,5.0012e-05
1459,5.00987e-05
1460,5.00157e-05
1461,5.01222e-05
1462,5.0018e-05
1463,5.01445e-05
1464,5.00185e-05
1465,5.01651e-05
1466,5.00171e-05
1467,5.01837e-05
1468,5.00133e-05
1469,5.02001e-05
1470,5.0007e-05
1471,5.02139e-05
1472,4.99979e-05
1473,5.02249e-05
1474,4.99859e-05
1475,5.0233e-05
1476,4.99709e-05
1477,5.02381e-05
1478,4.99529e-05
1479,5.02402e-05
1480,4.99318e-05
1481,5.02395e-05
1482,4.9908e-05
1483,5.02361e-05
1484,4.98814e-05
1485,5.02304e-05
1486,4.98745e-05
1487,5.02228e-05
1488,4.98922e-05
1489,5.02139e-05
1490,4.99102e-05
1491,5.02048e-05
1492,4.99296e-05
1493,5.01963e-05
1494,4.99522e-05
1495,5.01901e-05
1496,4.99803e-05
1497,5.01878e-05
1498,5.00165e-05
1499,5.01919e-05
1500,5.00643e-05
1501,5.0205e-05
1502,5.01276e-05
1503,5.02307e-05
1504,5.02115e-05
1505,5.02732e-05
1506,5.03214e-05
1507,5.03376e-05
1508,5.04641e-05
1509,5.04295e-05
1510,5.06467e-05
1511,5.05558e-05
1512,5.08771e-05
1513,5.07448e-05
1514,5.11638e-05
1515,5.10931e-05
1516,5.15153e-05
1517,5.16049e-05
1518,5.19397e-05
1519,5.2202e-05
1520,5.24445e-05
1521,5.2889e-05
1522,5.30357e-05
1523,5.36678e-05
1524,5.38713e-05
1525,5.45372e-05
1526,5.49132e-05
1527,5.54921e-05
1528,5.60215e-05
1529,5.65231e-05
1530,5.71787e-05
1531,5.76163e-05
1532,5.8363e-05
1533,5.87532e-05
1534,5.95485e-05
1535,5.99107e-05
1536,6.0706e-05
1537,6.1062e-05
1538,6.18044e-05
1539,6.21773e-05
1540,6.28113e-05
1541,6.32249e-05
1542,6.36953e-05
1543,6.41723e-05
1544,6.44267e-05
1545,6.49882e-05
1546,6.50164e-05
1547,6.56436e-05
1548,6.57101e-05
1549,6.61135e-05
1550,6.62224e-05
1551,6.63784e-05
1552,6.65323e-05
1553,6.64252e-05
1554,6.66248e-05
1555,6.65511e-05
1556,6.6524e-05
1557,6.65457e-05
1558,6.6248e-05
1559,6.63134e-05
1560,6.58345e-05
1561,6.58568e-05
1562,6.53173e-05
1563,6.51862e-05
1564,6.4763e-05
1565,6.43197e-05
1566,6.39997e-05
1567,6.32823e-05
1568,6.30481e-05
1569,6.21969e-05
1570,6.19355e-05
1571,6.10584e-05
1572,6.06944e-05
1573,5.98821e-05
1574,5.93606e-05
1575,5.85908e-05
1576,5.7972e-05
1577,5.72216e-05
1578,5.65662e-05
1579,5.58124e-05
1580,5.51789e-05
1581,5.44003e-05
1582,5.38423e-05
1583,5.30444e-05
1584,5.25838e-05
1585,5.18151e-05
1586,5.14246e-05
1587,5.08581e-05
1588,5.03797e-05
1589,5.00269e-05
1590,4.95056e-05
1591,4.93209e-05
1592,4.88315e-05
1593,4.87342e-05
1594,4.84352e-05
1595,4.8256e-05
1596,4.81308e-05
1597,4.78836e-05
1598,4.79022e-05
1599,4.76713e-05
1600,4.77318e-05
1601,4.75127e-05
1602,4.76012e-05
1603,4.73873e-05
1604,4.74914e-05
1605,4.72748e-05
1606,4.73841e-05
1607,4.72104e-05
1608,4.72616e-05
1609,4.73825e-05
1610,4.82194e-05
1611,4.87642e-05
1612,4.95642e-05
1613,5.02036e-05
1614,5.07866e-05
1615,5.14537e-05
1616,5.18078e-05
1617,5.24876e-05
1618,5.2617e-05
1619,5.32873e-05
1620,5.34047e-05
1621,5.38438e-05
1622,5.39444e-05
1623,5.41575e-05
1624,5.42388e-05
1625,5.42368e-05
1626,5.43179e-05
1627,5.40979e-05
1628,5.4188e-05
1629,5.38638e-05
1630,5.38517e-05
1631,5.35262e-05
1632,5.33341e-05
1633,5.30112e-05
1634,5.26632e-05
1635,5.2346e-05
1636,5.18683e-05
1637,5.15586e-05
1638,5.09972e-05
1639,5.06771e-05
1640,5.00963e-05
1641,4.9728e-05
1642,4.91653e-05
1643,4.87358e-05
1644,4.8224e-05
1645,4.77581e-05
1646,4.72884e-05
1647,4.68246e-05
1648,4.63707e-05
1649,4.59083e-05
1650,4.54829e-05
1651,4.50177e-05
1652,4.4719e-05
1653,4.42295e-05
1654,4.39867e-05
1655,4.35328e-05
1656,4.32858e-05
1657,4.2866e-05
1658,4.26153e-05
1659,4.22355e-05
1660,4.1974e-05
1661,4.16895e-05
1662,4.13613e-05
1663,4.11634e-05
1664,4.07772e-05
1665,4.06581e-05
1666,4.02225e-05
1667,4.01755e-05
1668,3.9743e-05
1669,3.97182e-05
1670,3.93152e-05
1671,3.92892e-05
1672,3.9048e-05
1673,3.90537e-05
1674,3.908e-05
1675,3.93525e-05
1676,3.97368e-05
1677,4.01473e-05
1678,4.05753e-05
1679,4.09873e-05
1680,4.13639e-05
1681,4.16854e-05
1682,4.20369e-05
1683,4.2348e-05
1684,4.25702e-05
1685,4.27843e-05
1686,4.29771e-05
1687,4.30556e-05
1688,4.31444e-05
1689,4.31817e-05
1690,4.33599e-05
1691,4.37039e-05
1692,4.3982e-05
1693,4.43392e-05
1694,4.46036e-05
1695,4.47601e-05
1696,4.49818e-05
1697,4.51107e-05
1698,4.51449e-05
1699,4.52396e-05
1700,4.52022e-05
1701,4.51006e-05
1702,4.50381e-05
1703,4.48419e-05
1704,4.45942e-05
1705,4.43779e-05
1706,4.40401e-05
1707,4.36467e-05
1708,4.33021e-05
1709,4.28596e-05
1710,4.23461e-05
1711,4.18885e-05
1712,4.13898e-05
1713,4.08404e-05
1714,4.02915e-05
1715,3.97655e-05
1716,3.92208e-05
1717,3.8682e-05
1718,3.81608e-05
1719,3.76572e-05
1720,3.73692e-05
1721,3.73731e-05
1722,3.73903e-05
1723,3.73099e-05
1724,3.73862e-05
1725,3.72243e-05
1726,3.73549e-05
1727,3.71753e-05
1728,3.75734e-05
1729,3.78041e-05
1730,3.81591e-05
1731,3.84419e-05
1732,3.86591e-05
1733,3.90391e-05
1734,3.91866e-05
1735,3.95255e-05
1736,3.96906e-05
1737,3.98692e-05
1738,4.00381e-05
1739,4.00428e-05
1740,4.0853e-05
1741,4.14289e-05
1742,4.23936e-05
1743,4.29705e-05
1744,4.39273e-05
1745,4.44892e-05
1746,4.54224e-05
1747,4.5954e-05
1748,4.68489e-05
1749,4.73364e-05
1750,4.81801e-05
1751,4.86791e-05
1752,4.93933e-05
1753,4.9973e-05
1754,5.04705e-05
1755,5.11437e-05
1756,5.14794e-05
1757,5.21754e-05
1758,5.24379e-05
1759,5.30581e-05
1760,5.32643e-05
1761,5.37873e-05
1762,5.41123e-05
1763,5.4364e-05
1764,5.48098e-05
1765,5.48935e-05
1766,5.536e-05
1767,5.5373e-05
1768,5.57711e-05
1769,5.58376e-05
1770,5.60556e-05
1771,5.62462e-05
1772,5.62298e-05
1773,5.65357e-05
1774,5.64526e-05
1775,5.67225e-05
1776,5.66091e-05
1777,5.6825e-05
1778,5.68161e-05
1779,5.68627e-05
1780,5.69416e-05
1781,5.68807e-05
1782,5.70036e-05
1783,5.69214e-05
1784,5.70195e-05
1785,5.69281e-05
1786,5.70057e-05
1787,5.69161e-05
1788,5.69766e-05
1789,5.68985e-05
1790,5.69444e-05
1791,5.68859e-05
1792,5.69183e-05
1793,5.68861e-05
1794,5.69044e-05
1795,5.69038e-05
1796,5.6906e-05
1797,5.69408e-05
1798,5.69236e-05
1799,5.70605e-05
1800,5.70595e-05
1801,5.72078e-05
1802,5.72372e-05
1803,5.73678e-05
1804,5.74271e-05
1805,5.75322e-05
1806,5.76391e-05
1807,5.76925e-05
1808,5.78979e-05
1809,5.7888e-05
1810,5.81381e-05
1811,5.81473e-05
1812,5.83526e-05
1813,5.83822e-05
1814,5.85367e-05
1815,5.85882e-05
1816,5.86878e-05
1817,5.87626e-05
1818,5.8806e-05
1819,5.89054e-05
1820,5.88936e-05
1821,5.90182e-05
1822,5.89549e-05
1823,5.91047e-05
1824,5.90638e-05
1825,5.91697e-05
1826,5.91625e-05
1827,5.92187e-05
1828,5.924e-05
1829,5.92576e-05
1830,5.93023e-05
1831,5.92911e-05
1832,5.93548e-05
1833,5.9323e-05
1834,5.94019e-05
1835,5.9355e-05
1836,5.9446e-05
1837,5.93866e-05
1838,5.94876e-05
1839,5.94307e-05
1840,5.95242e-05
1841,5.94811e-05
1842,5.95506e-05
1843,5.95255e-05
1844,5.95586e-05
1845,5.95536e-05
1846,5.95374e-05
1847,5.95525e-05
1848,5.94736e-05
1849,5.95068e-05
1850,5.93522e-05
1851,5.93997e-05
1852,5.9157e-05
1853,5.92135e-05
1854,5.89366e-05
1855,5.89305e-05
1856,5.86798e-05
1857,5.85339e-05
1858,5.83138e-05
1859,5.80087e-05
1860,5.78229e-05
1861,5.73486e-05
1862,5.71936e-05
1863,5.66788e-05
1864,5.64153e-05
1865,5.58722e-05
1866,5.54808e-05
1867,5.49037e-05
1868,5.43866e-05
1869,5.37712e-05
1870,5.32536e-05
1871,5.25165e-05
1872,5.19793e-05
1873,5.11595e-05
1874,5.05416e-05
1875,4.96426e-05
1876,4.89485e-05
1877,4.79755e-05
1878,4.72114e-05
1879,4.61715e-05
1880,4.53451e-05
1881,4.42466e-05
1882,4.33667e-05
1883,4.22191e-05
1884,4.12957e-05
1885,4.01093e-05
1886,3.91531e-05
1887,3.79387e-05
1888,3.69607e-05
1889,3.65162e-05
1890,3.62464e-05
1891,3.60599e-05
1892,3.61867e-05
1893,3.64125e-05
1894,3.72332e-05
1895,3.79814e-05
1896,3.88915e-05
1897,3.98307e-05
1898,4.06698e-05
1899,4.16717e-05
1900,4.25493e-05
1901,4.34755e-05
1902,4.44041e-05
1903,4.52406e-05
1904,4.61527e-05
1905,4.69151e-05
1906,4.77449e-05
1907,4.84338e-05
1908,4.91435e-05
1909,4.9761e-05
1910,5.03149e-05
1911,5.08646e-05
1912,5.12321e-05
1913,5.17171e-05
1914,5.20236e-05
1915,5.23323e-05
1916,5.25507e-05
1917,5.2716e-05
1918,5.28643e-05
1919,5.28272e-05
1920,5.29473e-05
1921,5.28871e-05
1922,5.27839e-05
1923,5.26975e-05
1924,5.24935e-05
1925,5.23683e-05
1926,5.20723e-05
1927,5.18574e-05
1928,5.15857e-05
1929,5.1294e-05
1930,5.0992e-05
1931,5.05365e-05
1932,5.02947e-05
1933,4.98582e-05
1934,4.95533e-05
1935,4.91163e-05
1936,4.86773e-05
1937,4.82999e-05
1938,4.77521e-05
1939,4.74077e-05
1940,4.68489e-05
1941,4.64114e-05
1942,4.59017e-05
1943,4.53618e-05
1944,4.48586e-05
1945,4.42409e-05
1946,4.37144e-05
1947,4.30766e-05
1948,4.25196e-05
1949,4.18833e-05
1950,4.12491e-05
1951,4.05941e-05
1952,4.03321e-05
1953,4.03677e-05
1954,4.03887e-05
1955,4.03139e-05
1956,4.02618e-05
1957,4.02062e-05
1958,4.00282e-05
1959,3.99189e-05
1960,3.98168e-05
1961,3.94787e-05
1962,3.93566e-05
1963,3.91361e-05
1964,3.87494e-05
1965,3.85302e-05
1966,3.81444e-05
1967,3.77571e-05
1968,3.73944e-05
1969,3.68242e-05
1970,3.64414e-05
1971,3.59312e-05
1972,3.52173e-05
1973,3.47385e-05
1974,3.40472e-05
1975,3.42744e-05
1976,3.46917e-05
1977,3.50598e-05
1978,3.54845e-05
1979,3.57795e-05
1980,3.62055e-05
1981,3.64394e-05
1982,3.68609e-05
1983,3.70464e-05
1984,3.74577e-05
1985,3.76083e-05
1986,3.80043e-05
1987,3.81482e-05
1988,3.85096e-05
1989,3.86677e-05
1990,3.89831e-05
1991,3.91537e-05
1992,3.94345e-05
1993,3.96171e-05
1994,3.98735e-05
1995,4.00689e-05
1996,4.03112e-05
1997,4.05198e-05
1998,4.07801e-05
1999,4.09799e-05
2000,4.12619e-05
2001,4.14584e-05
2002,4.17638e-05
2003,4.19631e-05
2004,4.22921e-05
2005,4.25007e-05
2006,4.28514e-05
2007,4.30757e-05
2008,4.34451e-05
2009,4.36911e-05
2010,4.4075e-05
2011,4.43475e-05
2012,4.47411e-05
2013,4.50437e-05
2014,4.54415e-05
2015,4.57763e-05
2016,4.61726e-05
2017,4.654e-05
2018,4.69293e-05
2019,4.73277e-05
2020,4.77047e-05
2021,4.81312e-05
2022,4.84907e-05
2023,4.89408e-05
2024,4.92786e-05
2025,4.97466e-05
2026,5.00588e-05
2027,5.05385e-05
2028,5.08217e-05
2029,5.13065e-05
2030,5.15581e-05
2031,5.20417e-05
2032,5.22596e-05
2033,5.27362e-05
2034,5.29189e-05
2035,5.33836e-05
2036,5.35325e-05
2037,5.39793e-05
2038,5.41283e-05
2039,5.45206e-05
2040,5.4676e-05
2041,5.50064e-05
2042,5.51704e-05
2043,5.54373e-05
2044,5.56117e-05
2045,5.58153e-05
2046,5.60017e-05
2047,5.61432e-05
2048,5.63433e-05
2049,5.64246e-05
2050,5.66398e-05
2051,5.66629e-05
2052,5.68951e-05
2053,5.68659e-05
2054,5.71126e-05
2055,5.70655e-05
2056,5.72951e-05
2057,5.72313e-05
2058,5.74446e-05
2059,5.73645e-05
2060,5.75617e-05
2061,5.74653e-05
2062,5.7646e-05
2063,5.75411e-05
2064,5.76956e-05
2065,5.76203e-05
2066,5.77079e-05
2067,5.76653e-05
2068,5.76791e-05
2069,5.76728e-05
2070,5.76056e-05
2071,5.76388e-05
2072,5.74833e-05
2073,5.75595e-05
2074,5.73703e-05
2075,5.74311e-05
2076,5.72162e-05
2077,5.72508e-05
2078,5.70091e-05
2079,5.70168e-05
2080,5.67482e-05
2081,5.67291e-05
2082,5.64894e-05
2083,5.63891e-05
2084,5.62086e-05
2085,5.60002e-05
2086,5.58813e-05
2087,5.55921e-05
2088,5.55122e-05
2089,5.51924e-05
2090,5.51078e-05
2091,5.4773e-05
2092,5.46764e-05
2093,5.43317e-05
2094,5.42276e-05
2095,5.39256e-05
2096,5.3772e-05
2097,5.35566e-05
2098,5.33207e-05
2099,5.31943e-05
2100,5.29171e-05
2101,5.28501e-05
2102,5.2574e-05
2103,5.25354e-05
2104,5.22781e-05
2105,5.22608e-05
2106,5.2067e-05
2107,5.20358e-05
2108,5.19488e-05
2109,5.18689e-05
2110,5.18868e-05
2111,5.17696e-05
2112,5.18861e-05
2113,5.1801e-05
2114,5.19497e-05
2115,5.18974e-05
2116,5.20784e-05
2117,5.20583e-05
2118,5.22705e-05
2119,5.22964e-05
2120,5.25219e-05
2121,5.25904e-05
2122,5.28263e-05
2123,5.29193e-05
2124,5.31757e-05
2125,5.32734e-05
2126,5.356e-05
2127,5.36541e-05
2128,5.39682e-05
2129,5.40699e-05
2130,5.43883e-05
2131,5.44914e-05
2132,5.48078e-05
2133,5.49062e-05
2134,5.52147e-05
2135,5.53024e-05
2136,5.55972e-05
2137,5.5705e-05
2138,5.59449e-05
2139,5.60879e-05
2140,5.62488e-05
2141,5.64701e-05
2142,5.65675e-05
2143,5.68057e-05
2144,5.69282e-05
2145,5.70877e-05
2146,5.72358e-05
2147,5.73113e-05
2148,5.74852e-05
2149,5.75036e-05
2150,5.76734e-05
2151,5.76605e-05
2152,5.77996e-05
2153,5.78468e-05
2154,5.78652e-05
2155,5.79868e-05
2156,5.7936e-05
2157,5.80624e-05
2158,5.79801e-05
2159,5.80766e-05
2160,5.79651e-05
2161,5.80342e-05
2162,5.78963e-05
2163,5.79412e-05
2164,5.77802e-05
2165,5.78043e-05
2166,5.76519e-05
2167,5.76307e-05
2168,5.74922e-05
2169,5.74277e-05
2170,5.72899e-05
2171,5.72019e-05
2172,5.70517e-05
2173,5.69591e-05
2174,5.67883e-05
2175,5.67041e-05
2176,5.65217e-05
2177,5.64401e-05
2178,5.62428e-05
2179,5.61691e-05
2180,5.59538e-05
2181,5.58914e-05
2182,5.56556e-05
2183,5.5606e-05
2184,5.53595e-05
2185,5.53106e-05
2186,5.51049e-05
2187,5.5002e-05
2188,5.48529e-05
2189,5.46762e-05
2190,5.45783e-05
2191,5.43427e-05
2192,5.42755e-05
2193,5.40237e-05
2194,5.39394e-05
2195,5.36689e-05
2196,5.35654e-05
2197,5.32743e-05
2198,5.31498e-05
2199,5.28366e-05
2200,5.26899e-05
2201,5.23537e-05
2202,5.21842e-05
2203,5.18245e-05
2204,5.16322e-05
2205,5.12568e-05
2206,5.10344e-05
2207,5.065e-05
2208,5.03925e-05
2209,5.00019e-05
2210,4.97091e-05
2211,4.93151e-05
2212,4.89873e-05
2213,4.85928e-05
2214,4.82458e-05
2215,4.78389e-05
2216,4.74868e-05
2217,4.70579e-05
2218,4.67024e-05
2219,4.62546e-05
2220,4.58978e-05
2221,4.54341e-05
2222,4.50783e-05
2223,4.46015e-05
2224,4.42494e-05
2225,4.37624e-05
2226,4.34166e-05
2227,4.29222e-05
2228,4.25852e-05
2229,4.20862e-05
2230,4.17606e-05
2231,4.12598e-05
2232,4.09478e-05
2233,4.04493e-05
2234,4.0152e-05
2235,3.96637e-05
2236,3.93777e-05
2237,3.8902e-05
2238,3.86296e-05
2239,3.81685e-05
2240,3.79118e-05
2241,3.74673e-05
2242,3.7228e-05
2243,3.74363e-05
2244,3.80333e-05
2245,3.85474e-05
2246,3.89878e-05
2247,3.93371e-05
2248,3.96143e-05
2249,3.97845e-05
2250,3.98468e-05
2251,3.98081e-05
2252,3.96822e-05
2253,3.94466e-05
2254,3.91025e-05
2255,3.86517e-05
2256,3.80962e-05
2257,3.74434e-05
2258,3.67006e-05
2259,3.65148e-05
2260,3.66724e-05
2261,3.68696e-05
2262,3.70009e-05
2263,3.72147e-05
2264,3.73073e-05
2265,3.75375e-05
2266,3.75814e-05
2267,3.78269e-05
2268,3.78461e-05
2269,3.80728e-05
2270,3.80851e-05
2271,3.82669e-05
2272,3.82681e-05
2273,3.84023e-05
2274,3.8389e-05
2275,3.8474e-05
2276,3.84435e-05
2277,3.84989e-05
2278,3.8429e-05
2279,3.84842e-05
2280,3.83441e-05
2281,3.83976e-05
2282,3.81899e-05
2283,3.82396e-05
2284,3.80081e-05
2285,3.80119e-05
2286,3.77553e-05
2287,3.77169e-05
2288,3.74341e-05
2289,3.73582e-05
2290,3.70479e-05
2291,3.69398e-05
2292,3.66007e-05
2293,3.64661e-05
2294,3.60969e-05
2295,3.59421e-05
2296,3.55413e-05
2297,3.53727e-05
2298,3.4964e-05
2299,3.47632e-05
2300,3.4377e-05
2301,3.41188e-05
2302,3.37595e-05
2303,3.34618e-05
2304,3.33824e-05
2305,3.34927e-05
2306,3.37852e-05
2307,3.39212e-05
2308,3.42395e-05
2309,3.44011e-05
2310,3.47447e-05
2311,3.49312e-05
2312,3.52987e-05
2313,3.5508e-05
2314,3.58972e-05
2315,3.61266e-05
2316,3.6534e-05
2317,3.67798e-05
2318,3.72014e-05
2319,3.74668e-05
2320,3.78897e-05
2321,3.82016e-05
2322,3.8588e-05
2323,3.89471e-05
2324,3.9309e-05
2325,3.9714e-05
2326,4.01117e-05
2327,4.04652e-05
2328,4.08962e-05
2329,4.12065e-05
2330,4.16482e-05
2331,4.19368e-05
2332,4.23539e-05
2333,4.26142e-05
2334,4.30003e-05
2335,4.32263e-05
2336,4.35759e-05
2337,4.37916e-05
2338,4.4071e-05
2339,4.43078e-05
2340,4.4478e-05
2341,4.47309e-05
2342,4.48226e-05
2343,4.5055e-05
2344,4.50954e-05
2345,4.52765e-05
2346,4.52971e-05
2347,4.53943e-05
2348,4.54076e-05
2349,4.54095e-05
2350,4.54126e-05
2351,4.53256e-05
2352,4.53155e-05
2353,4.51479e-05
2354,4.51216e-05
2355,4.48947e-05
2356,4.4838e-05
2357,4.45693e-05
2358,4.44733e-05
2359,4.41677e-05
2360,4.40374e-05
2361,4.37001e-05
2362,4.3541e-05
2363,4.31775e-05
2364,4.29952e-05
2365,4.26111e-05
2366,4.24112e-05
2367,4.2012e-05
2368,4.17999e-05
2369,4.14443e-05
2370,4.11717e-05
2371,4.08773e-05
2372,4.0554e-05
2373,4.03123e-05
2374,4.00261e-05
2375,3.97555e-05
2376,3.95074e-05
2377,3.92117e-05
2378,3.9001e-05
2379,3.87216e-05
2380,3.85085e-05
2381,3.83058e-05
2382,3.80355e-05
2383,3.78988e-05
2384,3.76324e-05
2385,3.74995e-05
2386,3.72363e-05
2387,3.71066e-05
2388,3.68457e-05
2389,3.67182e-05
2390,3.64587e-05
2391,3.63323e-05
2392,3.6073e-05
2393,3.59467e-05
2394,3.56864e-05
2395,3.57392e-05
2396,3.59924e-05
2397,3.6415e-05
2398,3.66512e-05
2399,3.70536e-05
2400,3.72589e-05
2401,3.76473e-05
2402,3.78191e-05
2403,3.81882e-05
2404,3.83551e-05
2405,3.86687e-05
2406,3.88406e-05
2407,3.90816e-05
2408,3.92677e-05
2409,3.94201e-05
2410,3.96292e-05
2411,3.96788e-05
2412,3.99182e-05
2413,3.99075e-05
2414,4.0129e-05
2415,4.01499e-05
2416,4.0257e-05
2417,4.03136e-05
2418,4.02994e-05
2419,4.0395e-05
2420,4.02546e-05
2421,4.03917e-05
2422,4.02596e-05
2423,4.03034e-05
2424,4.02172e-05
2425,4.01317e-05
2426,4.00921e-05
2427,3.98801e-05
2428,3.98869e-05
2429,3.96711e-05
2430,3.96065e-05
2431,3.94448e-05
2432,3.92572e-05
2433,3.91453e-05
2434,3.88471e-05
2435,3.87798e-05
2436,3.84576e-05
2437,3.83571e-05
2438,3.80817e-05
2439,3.78871e-05
2440,3.76556e-05
2441,3.73807e-05
2442,3.71897e-05
2443,3.68496e-05
2444,3.66955e-05
2445,3.63053e-05
2446,3.61842e-05
2447,3.57969e-05
2448,3.56675e-05
2449,3.53118e-05
2450,3.51562e-05
2451,3.48283e-05
2452,3.46607e-05
2453,3.45113e-05
2454,3.43685e-05
2455,3.43734e-05
2456,3.42043e-05
2457,3.41439e-05
2458,3.39641e-05
2459,3.3831e-05
2460,3.36558e-05
2461,3.34442e-05
2462,3.32759e-05
2463,3.29938e-05
2464,3.28342e-05
2465,3.2503e-05
2466,3.2341e-05
2467,3.23451e-05
2468,3.24575e-05
2469,3.25544e-05
2470,3.25668e-05
2471,3.25854e-05
2472,3.25796e-05
2473,3.24939e-05
2474,3.24116e-05
2475,3.23121e-05
2476,3.21524e-05
2477,3.19594e-05
2478,3.19325e-05
2479,3.19372e-05
2480,3.20619e-05
2481,3.20583e-05
2482,3.21461e-05
2483,3.21362e-05
2484,3.21894e-05
2485,3.21753e-05
2486,3.2197e-05
2487,3.21807e-05
2488,3.21746e-05
2489,3.21581e-05
2490,3.22478e-05
2491,3.21989e-05
2492,3.23184e-05
2493,3.22836e-05
2494,3.23787e-05
2495,3.23558e-05
2496,3.24258e-05
2497,3.24117e-05
2498,3.24572e-05
2499,3.24478e-05
2500,3.24708e-05
2501,3.24617e-05
2502,3.24651e-05
2503,3.24512e-05
2504,3.24392e-05
2505,3.2415e-05
2506,3.23926e-05
2507,3.23523e-05
2508,3.23256e-05
2509,3.22632e-05
2510,3.22387e-05
2511,3.21484e-05
2512,3.2133e-05
2513,3.20094e-05
2514,3.20101e-05
2515,3.18959e-05
2516,3.192e-05
2517,3.18491e-05
2518,3.18327e-05
2519,3.18605e-05
2520,3.18611e-05
2521,3.19706e-05
2522,3.19805e-05
2523,3.20993e-05
2524,3.21177e-05
2525,3.2245e-05
2526,3.22712e-05
2527,3.2406e-05
2528,3.2439e-05
2529,3.25804e-05
2530,3.26191e-05
2531,3.2766e-05
2532,3.28093e-05
2533,3.29606e-05
2534,3.30075e-05
2535,3.3162e-05
2536,3.32278e-05
2537,3.33679e-05
2538,3.34583e-05
2539,3.35759e-05
2540,3.36912e-05
2541,3.3784e-05
2542,3.39239e-05
2543,3.39901e-05
2544,3.41543e-05
2545,3.42314e-05
2546,3.43803e-05
2547,3.4477e-05
2548,3.46001e-05
2549,3.47152e-05
2550,3.48125e-05
2551,3.49446e-05
2552,3.50168e-05
2553,3.51645e-05
2554,3.52127e-05
2555,3.53749e-05
2556,3.5403e-05
2557,3.55765e-05
2558,3.56006e-05
2559,3.57706e-05
2560,3.57917e-05
2561,3.59595e-05
2562,3.59789e-05
2563,3.61461e-05
2564,3.61656e-05
2565,3.63341e-05
2566,3.63559e-05
2567,3.65279e-05
2568,3.65544e-05
2569,3.67324e-05
2570,3.67661e-05
2571,3.69529e-05
2572,3.70125e-05
2573,3.71947e-05
2574,3.73228e-05
2575,3.74633e-05
2576,3.76729e-05
2577,3.77968e-05
2578,3.80673e-05
2579,3.82147e-05
2580,3.85093e-05
2581,3.87372e-05
2582,3.90011e-05
2583,3.93477e-05
2584,3.96113e-05
2585,4.00115e-05
2586,4.03002e-05
2587,4.07242e-05
2588,4.10878e-05
2589,4.14796e-05
2590,4.19456e-05
2591,4.23267e-05
2592,4.28267e-05
2593,4.32145e-05
2594,4.37178e-05
2595,4.41054e-05
2596,4.46046e-05
2597,4.49842e-05
2598,4.54716e-05
2599,4.58354e-05
2600,4.63031e-05
2601,4.66432e-05
2602,4.70834e-05
2603,4.73923e-05
2604,4.77975e-05
2605,4.80681e-05
2606,4.84317e-05
2607,4.86576e-05
2608,4.89737e-05
2609,4.91495e-05
2610,4.94132e-05
2611,4.95345e-05
2612,4.97422e-05
2613,4.98061e-05
2614,4.99553e-05
2615,4.996e-05
2616,5.00496e-05
2617,5.00055e-05
2618,5.0025e-05
2619,4.99342e-05
2620,4.98841e-05
2621,4.97485e-05
2622,4.96319e-05
2623,4.94539e-05
2624,4.92756e-05
2625,4.9081e-05
2626,4.88245e-05
2627,4.86377e-05
2628,4.83347e-05
2629,4.81108e-05
2630,4.77838e-05
2631,4.7512e-05
2632,4.71651e-05
2633,4.68538e-05
2634,4.64914e-05
2635,4.61498e-05
2636,4.57764e-05
2637,4.54138e-05
2638,4.50337e-05
2639,4.46596e-05
2640,4.42771e-05
2641,4.39006e-05
2642,4.37657e-05
2643,4.39215e-05
2644,4.40979e-05
2645,4.41924e-05
2646,4.43293e-05
2647,4.43549e-05
2648,4.44595e-05
2649,4.44373e-05
2650,4.44897e-05
2651,4.44318e-05
2652,4.44227e-05
2653,4.4327e-05
2654,4.42631e-05
2655,4.41277e-05
2656,4.40164e-05
2657,4.38401e-05
2658,4.36895e-05
2659,4.34713e-05
2660,4.32901e-05
2661,4.30296e-05
2662,4.28264e-05
2663,4.25236e-05
2664,4.23325e-05
2665,4.20182e-05
2666,4.18005e-05
2667,4.14877e-05
2668,4.12266e-05
2669,4.09226e-05
2670,4.06192e-05
2671,4.03309e-05
2672,3.99865e-05
2673,3.972e-05
2674,3.93361e-05
2675,3.90971e-05
2676,3.86971e-05
2677,3.84686e-05
2678,3.81203e-05
2679,3.78942e-05
2680,3.79704e-05
2681,3.79937e-05
2682,3.80972e-05
2683,3.81107e-05
2684,3.82238e-05
2685,3.8234e-05
2686,3.83424e-05
2687,3.83456e-05
2688,3.84455e-05
2689,3.84382e-05
2690,3.85263e-05
2691,3.85054e-05
2692,3.85787e-05
2693,3.85413e-05
2694,3.85975e-05
2695,3.85415e-05
2696,3.85784e-05
2697,3.85021e-05
2698,3.85185e-05
2699,3.84208e-05
2700,3.8416e-05
2701,3.82967e-05
2702,3.82706e-05
2703,3.81299e-05
2704,3.80832e-05
2705,3.79221e-05
2706,3.78562e-05
2707,3.76763e-05
2708,3.75931e-05
2709,3.73968e-05
2710,3.72989e-05
2711,3.71279e-05
2712,3.69792e-05
2713,3.68627e-05
2714,3.6681e-05
2715,3.65894e-05
2716,3.64058e-05
2717,3.6314e-05
2718,3.61452e-05
2719,3.60425e-05
2720,3.59674e-05
2721,3.58435e-05
2722,3.58019e-05
2723,3.5685e-05
2724,3.56512e-05
2725,3.55676e-05
2726,3.55171e-05
2727,3.55117e-05
2728,3.5469e-05
2729,3.54777e-05
2730,3.54592e-05
2731,3.54529e-05
2732,3.54529e-05
2733,3.54351e-05
2734,3.54476e-05
2735,3.54222e-05
2736,3.54407e-05
2737,3.54111e-05
2738,3.54296e-05
2739,3.5399e-05
2740,3.54116e-05
2741,3.53827e-05
2742,3.5396e-05
2743,3.53613e-05
2744,3.53824e-05
2745,3.53406e-05
2746,3.53545e-05
2747,3.53051e-05
2748,3.53112e-05
2749,3.52535e-05
2750,3.52513e-05
2751,3.51848e-05
2752,3.51737e-05
2753,3.50978e-05
2754,3.50775e-05
2755,3.4992e-05
2756,3.4962e-05
2757,3.48665e-05
2758,3.48265e-05
2759,3.47208e-05
2760,3.46707e-05
2761,3.45546e-05
2762,3.44943e-05
2763,3.43678e-05
2764,3.42974e-05
2765,3.41607e-05
2766,3.40804e-05
2767,3.39339e-05
2768,3.38439e-05
2769,3.37395e-05
2770,3.36094e-05
2771,3.35269e-05
2772,3.33877e-05
2773,3.32964e-05
2774,3.31484e-05
2775,3.30488e-05
2776,3.28925e-05
2777,3.27852e-05
2778,3.26215e-05
2779,3.25074e-05
2780,3.23374e-05
2781,3.22178e-05
2782,3.20429e-05
2783,3.19195e-05
2784,3.17413e-05
2785,3.16158e-05
2786,3.14363e-05
2787,3.13106e-05
2788,3.1132e-05
2789,3.10084e-05
2790,3.08328e-05
2791,3.07137e-05
2792,3.05545e-05
2793,3.0431e-05
2794,3.03132e-05
2795,3.01652e-05
2796,3.00947e-05
2797,2.99531e-05
2798,2.99031e-05
2799,2.9783e-05
2800,2.97418e-05
2801,2.97131e-05
2802,2.96481e-05
2803,2.96832e-05
2804,2.96384e-05
2805,2.96936e-05
2806,2.96687e-05
2807,2.97439e-05
2808,2.979e-05
2809,2.98337e-05
2810,2.9984e-05
2811,3.00449e-05
2812,3.02106e-05
2813,3.0327e-05
2814,3.04653e-05
2815,3.06322e-05
2816,3.0787e-05
2817,3.09561e-05
2818,3.11805e-05
2819,3.13374e-05
2820,3.15746e-05
2821,3.17296e-05
2822,3.19638e-05
2823,3.21143e-05
2824,3.23433e-05
2825,3.24875e-05
2826,3.27096e-05
2827,3.28554e-05
2828,3.30599e-05
2829,3.31995e-05
2830,3.33932e-05
2831,3.35143e-05
2832,3.37093e-05
2833,3.38199e-05
2834,3.40094e-05
2835,3.41126e-05
2836,3.42958e-05
2837,3.43933e-05
2838,3.4572e-05
2839,3.46873e-05
2840,3.48421e-05
2841,3.50078e-05
2842,3.52172e-05
2843,3.53647e-05
2844,3.56158e-05
2845,3.57722e-05
2846,3.60332e-05
2847,3.62681e-05
2848,3.64903e-05
2849,3.68102e-05
2850,3.70476e-05
2851,3.73795e-05
2852,3.76868e-05
2853,3.80003e-05
2854,3.83518e-05
2855,3.87586e-05
2856,3.91144e-05
2857,3.95347e-05
2858,3.9898e-05
2859,4.03251e-05
2860,4.06975e-05
2861,4.1126e-05
2862,4.15325e-05
2863,4.1933e-05
2864,4.23635e-05
2865,4.27416e-05
2866,4.31852e-05
2867,4.35466e-05
2868,4.39922e-05
2869,4.43438e-05
2870,4.4779e-05
2871,4.51251e-05
2872,4.55404e-05
2873,4.58878e-05
2874,4.62713e-05
2875,4.66257e-05
2876,4.69667e-05
2877,4.73334e-05
2878,4.76431e-05
2879,4.80059e-05
2880,4.82961e-05
2881,4.86385e-05
2882,4.89069e-05
2883,4.92267e-05
2884,4.94712e-05
2885,4.97665e-05
2886,5.00262e-05
2887,5.02546e-05
2888,5.05405e-05
2889,5.07346e-05
2890,5.0999e-05
2891,5.11765e-05
2892,5.13984e-05
2893,5.15909e-05
2894,5.17357e-05
2895,5.1937e-05
2896,5.2037e-05
2897,5.22118e-05
2898,5.22997e-05
2899,5.2413e-05
2900,5.25017e-05
2901,5.25395e-05
2902,5.26236e-05
2903,5.26205e-05
2904,5.26649e-05
2905,5.26214e-05
2906,5.2626e-05
2907,5.25427e-05
2908,5.25082e-05
2909,5.23862e-05
2910,5.23137e-05
2911,5.21543e-05
2912,5.20454e-05
2913,5.18502e-05
2914,5.17067e-05
2915,5.14989e-05
2916,5.13018e-05
2917,5.11032e-05
2918,5.08551e-05
2919,5.06525e-05
2920,5.03782e-05
2921,5.01508e-05
2922,4.98524e-05
2923,4.96023e-05
2924,4.92821e-05
2925,4.90116e-05
2926,4.8672e-05
2927,4.83835e-05
2928,4.80353e-05
2929,4.77231e-05
2930,4.74131e-05
2931,4.70767e-05
2932,4.67638e-05
2933,4.6435e-05
2934,4.60924e-05
2935,4.57711e-05
2936,4.5404e-05
2937,4.50898e-05
2938,4.47045e-05
2939,4.43961e-05
2940,4.40067e-05
2941,4.36954e-05
2942,4.33045e-05
2943,4.29933e-05
2944,4.26039e-05
2945,4.22955e-05
2946,4.19267e-05
2947,4.16077e-05
2948,4.12613e-05
2949,4.09355e-05
2950,4.06084e-05
2951,4.02845e-05
2952,3.99735e-05
2953,3.96597e-05
2954,3.93619e-05
2955,3.90699e-05
2956,3.88052e-05
2957,3.85229e-05
2958,3.82893e-05
2959,3.80203e-05
2960,3.7816e-05
2961,3.7569e-05
2962,3.73873e-05
2963,3.71631e-05
2964,3.70047e-05
2965,3.68037e-05
2966,3.66688e-05
2967,3.6491e-05
2968,3.63794e-05
2969,3.62245e-05
2970,3.61357e-05
2971,3.60212e-05
2972,3.59362e-05
2973,3.58697e-05
2974,3.57787e-05
2975,3.57575e-05
2976,3.56769e-05
2977,3.56813e-05
2978,3.56173e-05
2979,3.56375e-05
2980,3.55882e-05
2981,3.56221e-05
2982,3.55878e-05
2983,3.56311e-05
2984,3.561e-05
2985,3.56603e-05
2986,3.56469e-05
2987,3.57056e-05
2988,3.56947e-05
2989,3.5763e-05
2990,3.57566e-05
2991,3.58286e-05
2992,3.5825e-05
2993,3.58989e-05
2994,3.58964e-05
2995,3.59707e-05
2996,3.59677e-05
2997,3.60409e-05
2998,3.60362e-05
2999,3.61071e-05
3000,3.60996e-05
3001,3.61672e-05
3002,3.6156e-05
3003,3.62195e-05
3004,3.62038e-05
3005,3.62627e-05
3006,3.6242e-05
3007,3.62958e-05
3008,3.62698e-05
3009,3.63183e-05
3010,3.63026e-05
3011,3.63299e-05
3012,3.63436e-05
3013,3.63307e-05
3014,3.63752e-05
3015,3.63518e-05
3016,3.63973e-05
3017,3.63693e-05
3018,3.64103e-05
3019,3.63778e-05
3020,3.64146e-05
3021,3.63779e-05
3022,3.64106e-05
3023,3.637e-05
3024,3.63989e-05
3025,3.63546e-05
3026,3.63799e-05
3027,3.63432e-05
3028,3.6354e-05
3029,3.63511e-05
3030,3.63216e-05
3031,3.63513e-05
3032,3.63167e-05
3033,3.63435e-05
3034,3.63184e-05
3035,3.63274e-05
3036,3.63107e-05
3037,3.63021e-05
3038,3.62926e-05
3039,3.62666e-05
3040,3.62627e-05
3041,3.62205e-05
3042,3.62192e-05
3043,3.61695e-05
3044,3.61602e-05
3045,3.61016e-05
3046,3.60831e-05
3047,3.60145e-05
3048,3.59853e-05
3049,3.59051e-05
3050,3.58637e-05
3051,3.57703e-05
3052,3.57151e-05
3053,3.56069e-05
3054,3.55362e-05
3055,3.54114e-05
3056,3.53235e-05
3057,3.51804e-05
3058,3.50735e-05
3059,3.49122e-05
3060,3.47829e-05
3061,3.46156e-05
3062,3.44487e-05
3063,3.42775e-05
3064,3.40682e-05
3065,3.38954e-05
3066,3.36539e-05
3067,3.34673e-05
3068,3.32022e-05
3069,3.29917e-05
3070,3.27025e-05
3071,3.24677e-05
3072,3.21798e-05
3073,3.18954e-05
3074,3.16367e-05
3075,3.13122e-05
3076,3.10492e-05
3077,3.07027e-05
3078,3.04183e-05
3079,3.00508e-05
3080,2.97459e-05
3081,2.9382e-05
3082,2.90347e-05
3083,2.86931e-05
3084,2.84195e-05
3085,2.87769e-05
3086,2.91419e-05
3087,2.94796e-05
3088,2.97799e-05
3089,3.00957e-05
3090,3.03228e-05
3091,3.06161e-05
3092,3.08101e-05
3093,3.10319e-05
3094,3.12005e-05
3095,3.13308e-05
3096,3.14736e-05
3097,3.15122e-05
3098,3.16248e-05
3099,3.16044e-05
3100,3.16512e-05
3101,3.16082e-05
3102,3.15541e-05
3103,3.14892e-05
3104,3.13522e-05
3105,3.12498e-05
3106,3.10352e-05
3107,3.08949e-05
3108,3.0632e-05
3109,3.04418e-05
3110,3.01618e-05
3111,2.99092e-05
3112,2.96184e-05
3113,2.92895e-05
3114,2.90015e-05
3115,2.85944e-05
3116,2.83122e-05
3117,2.789e-05
3118,2.75629e-05
3119,2.71549e-05
3120,2.6779e-05
3121,2.65997e-05
3122,2.66352e-05
3123,2.67274e-05
3124,2.67734e-05
3125,2.68282e-05
3126,2.68821e-05
3127,2.69011e-05
3128,2.69602e-05
3129,2.69458e-05
3130,2.70069e-05
3131,2.69963e-05
3132,2.70447e-05
3133,2.71684e-05
3134,2.72308e-05
3135,2.73293e-05
3136,2.74077e-05
3137,2.74771e-05
3138,2.75714e-05
3139,2.761e-05
3140,2.77196e-05
3141,2.77422e-05
3142,2.78501e-05
3143,2.78588e-05
3144,2.79609e-05
3145,2.79588e-05
3146,2.80498e-05
3147,2.80359e-05
3148,2.81149e-05
3149,2.80884e-05
3150,2.81546e-05
3151,2.81145e-05
3152,2.8167e-05
3153,2.81126e-05
3154,2.81508e-05
3155,2.80839e-05
3156,2.81046e-05
3157,2.80266e-05
3158,2.80275e-05
3159,2.79378e-05
3160,2.7919e-05
3161,2.78172e-05
3162,2.77789e-05
3163,2.76651e-05
3164,2.76074e-05
3165,2.7482e-05
3166,2.74054e-05
3167,2.72694e-05
3168,2.71744e-05
3169,2.7029e-05
3170,2.69161e-05
3171,2.70552e-05
3172,2.73442e-05
3173,2.76692e-05
3174,2.79472e-05
3175,2.82604e-05
3176,2.85256e-05
3177,2.88252e-05
3178,2.90759e-05
3179,2.93604e-05
3180,2.96164e-05
3181,2.98632e-05
3182,3.01321e-05
3183,3.03447e-05
3184,3.06078e-05
3185,3.07995e-05
3186,3.10413e-05
3187,3.12113e-05
3188,3.14311e-05
3189,3.15789e-05
3190,3.17763e-05
3191,3.19015e-05
3192,3.20763e-05
3193,3.21788e-05
3194,3.2331e-05
3195,3.24111e-05
3196,3.2541e-05
3197,3.25989e-05
3198,3.27069e-05
3199,3.27432e-05
3200,3.28299e-05
3201,3.28453e-05
3202,3.29115e-05
3203,3.29069e-05
3204,3.29536e-05
3205,3.29299e-05
3206,3.29581e-05
3207,3.29265e-05
3208,3.29274e-05
3209,3.29041e-05
3210,3.28641e-05
3211,3.28516e-05
3212,3.27929e-05
3213,3.27713e-05
3214,3.26995e-05
3215,3.26657e-05
3216,3.26074e-05
3217,3.25397e-05
3218,3.25037e-05
3219,3.24259e-05
3220,3.23805e-05
3221,3.22939e-05
3222,3.22405e-05
3223,3.21464e-05
3224,3.20864e-05
3225,3.20003e-05
3226,3.19213e-05
3227,3.18496e-05
3228,3.17486e-05
3229,3.16895e-05
3230,3.15773e-05
3231,3.15231e-05
3232,3.1409e-05
3233,3.13538e-05
3234,3.12393e-05
3235,3.11847e-05
3236,3.10717e-05
3237,3.10193e-05
3238,3.09154e-05
3239,3.08609e-05
3240,3.07683e-05
3241,3.07127e-05
3242,3.06288e-05
3243,3.0578e-05
3244,3.05044e-05
3245,3.04596e-05
3246,3.04156e-05
3247,3.03607e-05
3248,3.03508e-05
3249,3.03087e-05
3250,3.0312e-05
3251,3.02835e-05
3252,3.03009e-05
3253,3.0487e-05
3254,3.06897e-05
3255,3.09822e-05
3256,3.11661e-05
3257,3.14377e-05
3258,3.15989e-05
3259,3.18485e-05
3260,3.19836e-05
3261,3.22106e-05
3262,3.23169e-05
3263,3.25211e-05
3264,3.25963e-05
3265,3.27779e-05
3266,3.28204e-05
3267,3.29801e-05
3268,3.29889e-05
3269,3.31278e-05
3270,3.31029e-05
3271,3.32224e-05
3272,3.31641e-05
3273,3.3266e-05
3274,3.31754e-05
3275,3.32617e-05
3276,3.31406e-05
3277,3.32136e-05
3278,3.31528e-05
3279,3.33377e-05
3280,3.34786e-05
3281,3.36596e-05
3282,3.37957e-05
3283,3.39711e-05
3284,3.41008e-05
3285,3.42694e-05
3286,3.43914e-05
3287,3.45519e-05
3288,3.46653e-05
3289,3.48168e-05
3290,3.49205e-05
3291,3.50623e-05
3292,3.5156e-05
3293,3.52875e-05
3294,3.54024e-05
3295,3.55007e-05
3296,3.56305e-05
3297,3.57193e-05
3298,3.58396e-05
3299,3.59271e-05
3300,3.60297e-05
3301,3.6129e-05
3302,3.62015e-05
3303,3.6313e-05
3304,3.63697e-05
3305,3.64798e-05
3306,3.65283e-05
3307,3.66307e-05
3308,3.671e-05
3309,3.67709e-05
3310,3.68818e-05
3311,3.69367e-05
3312,3.70423e-05
3313,3.70925e-05
3314,3.7194e-05
3315,3.72407e-05
3316,3.73395e-05
3317,3.73842e-05
3318,3.74817e-05
3319,3.75259e-05
3320,3.76237e-05
3321,3.77009e-05
3322,3.77687e-05
3323,3.78871e-05
3324,3.79572e-05
3325,3.80785e-05
3326,3.8152e-05
3327,3.82772e-05
3328,3.83566e-05
3329,3.84851e-05
3330,3.85685e-05
3331,3.87036e-05
3332,3.87922e-05
3333,3.89334e-05
3334,3.90277e-05
3335,3.91745e-05
3336,3.9282e-05
3337,3.94262e-05
3338,3.95578e-05
3339,3.96872e-05
3340,3.98379e-05
3341,3.99553e-05
3342,4.01195e-05
3343,4.02365e-05
3344,4.03994e-05
3345,4.05141e-05
3346,4.06737e-05
3347,4.0784e-05
3348,4.0938e-05
3349,4.10416e-05
3350,4.11876e-05
3351,4.1283e-05
3352,4.14175e-05
3353,4.15204e-05
3354,4.16226e-05
3355,4.17303e-05
3356,4.18121e-05
3357,4.19075e-05
3358,4.19711e-05
3359,4.20472e-05
3360,4.2094e-05
3361,4.21451e-05
3362,4.21864e-05
3363,4.22016e-05
3364,4.22332e-05
3365,4.22246e-05
3366,4.22317e-05
3367,4.21978e-05
3368,4.21795e-05
3369,4.21198e-05
3370,4.20755e-05
3371,4.19898e-05
3372,4.19196e-05
3373,4.1808e-05
3374,4.17125e-05
3375,4.15758e-05
3376,4.14559e-05
3377,4.12954e-05
3378,4.11526e-05
3379,4.097e-05
3380,4.08061e-05
3381,4.06034e-05
3382,4.04208e-05
3383,4.02004e-05
3384,4.00016e-05
3385,3.97662e-05
3386,3.95539e-05
3387,3.93065e-05
3388,3.90838e-05
3389,3.88274e-05
3390,3.85973e-05
3391,3.83349e-05
3392,3.81007e-05
3393,3.78355e-05
3394,3.76001e-05
3395,3.73397e-05
3396,3.71015e-05
3397,3.68507e-05
3398,3.66107e-05
3399,3.63696e-05
3400,3.61331e-05
3401,3.59016e-05
3402,3.56735e-05
3403,3.54515e-05
3404,3.52364e-05
3405,3.50234e-05
3406,3.48255e-05
3407,3.46211e-05
3408,3.44443e-05
3409,3.42503e-05
3410,3.40956e-05
3411,3.39185e-05
3412,3.37815e-05
3413,3.36224e-05
3414,3.35039e-05
3415,3.33637e-05
3416,3.32643e-05
3417,3.31469e-05
3418,3.30636e-05
3419,3.29696e-05
3420,3.29026e-05
3421,3.28323e-05
3422,3.27818e-05
3423,3.27354e-05
3424,3.27015e-05
3425,3.26789e-05
3426,3.26619e-05
3427,3.26628e-05
3428,3.26629e-05
3429,3.26928e-05
3430,3.27201e-05
3431,3.27846e-05
3432,3.28336e-05
3433,3.29188e-05
3434,3.29908e-05
3435,3.3095e-05
3436,3.31889e-05
3437,3.33125e-05
3438,3.34269e-05
3439,3.35704e-05
3440,3.37036e-05
3441,3.38675e-05
3442,3.40546e-05
3443,3.42354e-05
3444,3.44473e-05
3445,3.46457e-05
3446,3.48747e-05
3447,3.50892e-05
3448,3.53334e-05
3449,3.55622e-05
3450,3.58197e-05
3451,3.60605e-05
3452,3.6329e-05
3453,3.65795e-05
3454,3.68564e-05
3455,3.71369e-05
3456,3.74124e-05
3457,3.77067e-05
3458,3.79827e-05
3459,3.82757e-05
3460,3.85486e-05
3461,3.88369e-05
3462,3.91029e-05
3463,3.93826e-05
3464,3.96381e-05
3465,3.99054e-05
3466,4.01465e-05
3467,4.03976e-05
3468,4.06206e-05
3469,4.08519e-05
3470,4.1053e-05
3471,4.12608e-05
3472,4.14367e-05
3473,4.16176e-05
3474,4.17648e-05
3475,4.19157e-05
3476,4.20393e-05
3477,4.21493e-05
3478,4.22719e-05
3479,4.2354e-05
3480,4.24432e-05
3481,4.25109e-05
3482,4.2544e-05
3483,4.26006e-05
3484,4.25972e-05
3485,4.26178e-05
3486,4.25771e-05
3487,4.25598e-05
3488,4.24806e-05
3489,4.24244e-05
3490,4.2306e-05
3491,4.22105e-05
3492,4.21143e-05
3493,4.19702e-05
3494,4.18527e-05
3495,4.16703e-05
3496,4.15147e-05
3497,4.13238e-05
3498,4.11147e-05
3499,4.09136e-05
3500,4.06676e-05
3501,4.04301e-05
3502,4.02113e-05
3503,3.99449e-05
3504,3.96933e-05
3505,3.93918e-05
3506,3.91057e-05
3507,3.87702e-05
3508,3.84512e-05
3509,3.81118e-05
3510,3.7757e-05
3511,3.74255e-05
3512,3.70388e-05
3513,3.66766e-05
3514,3.629e-05
3515,3.58694e-05
3516,3.54824e-05
3517,3.50363e-05
3518,3.46198e-05
3519,3.4194e-05
3520,3.37225e-05
3521,3.32979e-05
3522,3.28017e-05
3523,3.2354e-05
3524,3.18365e-05
3525,3.13692e-05
3526,3.08338e-05
3527,3.08011e-05
3528,3.07704e-05
3529,3.07213e-05
3530,3.06829e-05
3531,3.05943e-05
3532,3.05474e-05
3533,3.04214e-05
3534,3.03654e-05
3535,3.02097e-05
3536,3.014e-05
3537,2.99797e-05
3538,2.9878e-05
3539,2.97089e-05
3540,2.95801e-05
3541,2.94017e-05
3542,2.92514e-05
3543,2.90631e-05
3544,2.88978e-05
3545,2.86991e-05
3546,2.85255e-05
3547,2.83157e-05
3548,2.81412e-05
3549,2.79195e-05
3550,2.77516e-05
3551,2.75173e-05
3552,2.73635e-05
3553,2.71337e-05
3554,2.69835e-05
3555,2.67812e-05
3556,2.6618e-05
3557,2.64497e-05
3558,2.62729e-05
3559,2.61446e-05
3560,2.59535e-05
3561,2.58706e-05
3562,2.57099e-05
3563,2.56316e-05
3564,2.55293e-05
3565,2.54305e-05
3566,2.53885e-05
3567,2.52877e-05
3568,2.52885e-05
3569,2.55391e-05
3570,2.58686e-05
3571,2.61337e-05
3572,2.64185e-05
3573,2.66872e-05
3574,2.6947e-05
3575,2.71962e-05
3576,2.74332e-05
3577,2.76666e-05
3578,2.78722e-05
3579,2.80974e-05
3580,2.82626e-05
3581,2.84755e-05
3582,2.86039e-05
3583,2.88004e-05
3584,2.88963e-05
3585,2.9072e-05
3586,2.91405e-05
3587,2.92913e-05
3588,2.93406e-05
3589,2.94595e-05
3590,2.94935e-05
3591,2.95788e-05
3592,2.95997e-05
3593,2.96515e-05
3594,2.96674e-05
3595,2.96804e-05
3596,2.96977e-05
3597,2.96684e-05
3598,2.96925e-05
3599,2.96189e-05
3600,2.96544e-05
3601,2.95854e-05
3602,2.9586e-05
3603,2.9536e-05
3604,2.94898e-05
3605,2.94614e-05
3606,2.93682e-05
3607,2.93632e-05
3608,2.9294e-05
3609,2.92534e-05
3610,2.91983e-05
3611,2.91306e-05
3612,2.90817e-05
3613,2.89865e-05
3614,2.89608e-05
3615,2.88748e-05
3616,2.88178e-05
3617,2.87514e-05
3618,2.86532e-05
3619,2.86042e-05
3620,2.84704e-05
3621,2.84337e-05
3622,2.83131e-05
3623,2.82405e-05
3624,2.81308e-05
3625,2.80259e-05
3626,2.79246e-05
3627,2.77911e-05
3628,2.76973e-05
3629,2.75549e-05
3630,2.74603e-05
3631,2.7322e-05
3632,2.72085e-05
3633,2.70721e-05
3634,2.69436e-05
3635,2.68087e-05
3636,2.66677e-05
3637,2.65542e-05
3638,2.63939e-05
3639,2.6291e-05
3640,2.61297e-05
3641,2.60203e-05
3642,2.58734e-05
3643,2.57698e-05
3644,2.56312e-05
3645,2.55196e-05
3646,2.53881e-05
3647,2.53294e-05
3648,2.53213e-05
3649,2.53265e-05
3650,2.53136e-05
3651,2.5315e-05
3652,2.52991e-05
3653,2.52987e-05
3654,2.52819e-05
3655,2.52815e-05
3656,2.52656e-05
3657,2.52673e-05
3658,2.52542e-05
3659,2.52596e-05
3660,2.5251e-05
3661,2.52619e-05
3662,2.52594e-05
3663,2.52771e-05
3664,2.52821e-05
3665,2.53079e-05
3666,2.53302e-05
3667,2.53562e-05
3668,2.54023e-05
3669,2.54281e-05
3670,2.54934e-05
3671,2.55289e-05
3672,2.56038e-05
3673,2.56488e-05
3674,2.57333e-05
3675,2.57875e-05
3676,2.58808e-05
3677,2.59436e-05
3678,2.6045e-05
3679,2.61154e-05
3680,2.62238e-05
3681,2.63006e-05
3682,2.64148e-05
3683,2.64967e-05
3684,2.66151e-05
3685,2.67005e-05
3686,2.68216e-05
3687,2.69088e-05
3688,2.70309e-05
3689,2.71215e-05
3690,2.72397e-05
3691,2.73395e-05
3692,2.74447e-05
3693,2.75529e-05
3694,2.76425e-05
3695,2.77585e-05
3696,2.7839e-05
3697,2.79536e-05
3698,2.80278e-05
3699,2.81357e-05
3700,2.82026e-05
3701,2.83028e-05
3702,2.83617e-05
3703,2.84534e-05
3704,2.85037e-05
3705,2.85868e-05
3706,2.86283e-05
3707,2.87025e-05
3708,2.87352e-05
3709,2.88009e-05
3710,2.88252e-05
3711,2.88827e-05
3712,2.88993e-05
3713,2.89495e-05
3714,2.89592e-05
3715,2.90031e-05
3716,2.9007e-05
3717,2.90459e-05
3718,2.90454e-05
3719,2.90805e-05
3720,2.9077e-05
3721,2.911e-05
3722,2.91062e-05
3723,2.91375e-05
3724,2.91433e-05
3725,2.91663e-05
3726,2.91818e-05
3727,2.91996e-05
3728,2.92246e-05
3729,2.92406e-05
3730,2.92746e-05
3731,2.92922e-05
3732,2.93347e-05
3733,2.93572e-05
3734,2.94073e-05
3735,2.94379e-05
3736,2.94944e-05
3737,2.95362e-05
3738,2.9598e-05
3739,2.96538e-05
3740,2.97192e-05
3741,2.97918e-05
3742,2.9859e-05
3743,2.99505e-05
3744,3.0019e-05
3745,3.01303e-05
3746,3.02091e-05
3747,3.03306e-05
3748,3.04193e-05
3749,3.05506e-05
3750,3.06487e-05
3751,3.07889e-05
3752,3.09015e-05
3753,3.10439e-05
3754,3.11708e-05
3755,3.13135e-05
3756,3.14528e-05
3757,3.15954e-05
3758,3.17448e-05
3759,3.1887e-05
3760,3.20439e-05
3761,3.21994e-05
3762,3.23505e-05
3763,3.25227e-05
3764,3.26738e-05
3765,3.28454e-05
3766,3.2995e-05
3767,3.31643e-05
3768,3.33109e-05
3769,3.34764e-05
3770,3.36184e-05
3771,3.37787e-05
3772,3.39147e-05
3773,3.40685e-05
3774,3.41972e-05
3775,3.43432e-05
3776,3.44663e-05
3777,3.46005e-05
3778,3.47243e-05
3779,3.48383e-05
3780,3.49634e-05
3781,3.50576e-05
3782,3.51816e-05
3783,3.52648e-05
3784,3.53774e-05
3785,3.54487e-05
3786,3.55492e-05
3787,3.56081e-05
3788,3.56959e-05
3789,3.57418e-05
3790,3.58164e-05
3791,3.58488e-05
3792,3.59097e-05
3793,3.59284e-05
3794,3.59753e-05
3795,3.59798e-05
3796,3.60125e-05
3797,3.60082e-05
3798,3.60209e-05
3799,3.602e-05
3800,3.60051e-05
3801,3.60023e-05
3802,3.59725e-05
3803,3.59548e-05
3804,3.591e-05
3805,3.58774e-05
3806,3.58176e-05
3807,3.57702e-05
3808,3.56955e-05
3809,3.56332e-05
3810,3.55437e-05
3811,3.54669e-05
3812,3.53628e-05
3813,3.52715e-05
3814,3.51531e-05
3815,3.50478e-05
3816,3.49154e-05
3817,3.47963e-05
3818,3.46503e-05
3819,3.45179e-05
3820,3.43696e-05
3821,3.42136e-05
3822,3.40658e-05
3823,3.38873e-05
3824,3.37375e-05
3825,3.35472e-05
3826,3.33861e-05
3827,3.31848e-05
3828,3.30129e-05
3829,3.28013e-05
3830,3.26195e-05
3831,3.23983e-05
3832,3.22073e-05
3833,3.19773e-05
3834,3.1778e-05
3835,3.15484e-05
3836,3.13333e-05
3837,3.11069e-05
3838,3.08748e-05
3839,3.0651e-05
3840,3.04042e-05
3841,3.0182e-05
3842,2.99241e-05
3843,2.97013e-05
3844,2.9438e-05
3845,2.92103e-05
3846,2.89424e-05
3847,2.87105e-05
3848,2.84387e-05
3849,2.82033e-05
3850,2.79381e-05
3851,2.76901e-05
3852,2.7432e-05
3853,2.71723e-05
3854,2.6921e-05
3855,2.66579e-05
3856,2.64071e-05
3857,2.61573e-05
3858,2.59024e-05
3859,2.56584e-05
3860,2.54015e-05
3861,2.51623e-05
3862,2.49064e-05
3863,2.46703e-05
3864,2.4417e-05
3865,2.41839e-05
3866,2.39362e-05
3867,2.37043e-05
3868,2.34724e-05
3869,2.32718e-05
3870,2.3431e-05
3871,2.36912e-05
3872,2.38759e-05
3873,2.41245e-05
3874,2.43053e-05
3875,2.45428e-05
3876,2.47177e-05
3877,2.49449e-05
3878,2.51398e-05
3879,2.53439e-05
3880,2.55498e-05
3881,2.57445e-05
3882,2.59425e-05
3883,2.61258e-05
3884,2.63168e-05
3885,2.64866e-05
3886,2.66718e-05
3887,2.68288e-05
3888,2.70244e-05
3889,2.71902e-05
3890,2.73688e-05
3891,2.75298e-05
3892,2.76898e-05
3893,2.78465e-05
3894,2.79865e-05
3895,2.81394e-05
3896,2.82583e-05
3897,2.84074e-05
3898,2.85102e-05
3899,2.86497e-05
3900,2.87663e-05
3901,2.88795e-05
3902,2.89928e-05
3903,2.90818e-05
3904,2.91888e-05
3905,2.9254e-05
3906,2.93536e-05
3907,2.94029e-05
3908,2.94866e-05
3909,2.95198e-05
3910,2.95875e-05
3911,2.96045e-05
3912,2.96561e-05
3913,2.96569e-05
3914,2.96925e-05
3915,2.96772e-05
3916,2.9697e-05
3917,2.96658e-05
3918,2.96699e-05
3919,2.96232e-05
3920,2.96122e-05
3921,2.95503e-05
3922,2.95247e-05
3923,2.94483e-05
3924,2.94087e-05
3925,2.93212e-05
3926,2.92657e-05
3927,2.91699e-05
3928,2.90975e-05
3929,2.89941e-05
3930,2.89061e-05
3931,2.8796e-05
3932,2.86939e-05
3933,2.85778e-05
3934,2.84631e-05
3935,2.83422e-05
3936,2.82947e-05
3937,2.85159e-05
3938,2.87456e-05
3939,2.8966e-05
3940,2.91947e-05
3941,2.94135e-05
3942,2.96402e-05
3943,2.98603e-05
3944,3.00803e-05
3945,3.0319e-05
3946,3.0532e-05
3947,3.07696e-05
3948,3.09777e-05
3949,3.12097e-05
3950,3.14116e-05
3951,3.16368e-05
3952,3.18596e-05
3953,3.2064e-05
3954,3.22917e-05
3955,3.24864e-05
3956,3.27038e-05
3957,3.28916e-05
3958,3.30931e-05
3959,3.32853e-05
3960,3.34665e-05
3961,3.36512e-05
3962,3.38176e-05
3963,3.39871e-05
3964,3.41375e-05
3965,3.42907e-05
3966,3.44244e-05
3967,3.45606e-05
3968,3.46769e-05
3969,3.47954e-05
3970,3.48939e-05
3971,3.49945e-05
3972,3.50749e-05
3973,3.51576e-05
3974,3.52199e-05
3975,3.52847e-05
3976,3.53294e-05
3977,3.53767e-05
3978,3.54041e-05
3979,3.54346e-05
3980,3.54456e-05
3981,3.54601e-05
3982,3.54555e-05
3983,3.5455e-05
3984,3.5436e-05
3985,3.54218e-05
3986,3.53895e-05
3987,3.53629e-05
3988,3.53188e-05
3989,3.52812e-05
3990,3.52268e-05
3991,3.51797e-05
3992,3.51165e-05
3993,3.50614e-05
3994,3.4991e-05
3995,3.49295e-05
3996,3.48535e-05
3997,3.47871e-05
3998,3.47181e-05
3999,3.46371e-05
4000,3.45776e-05
4001,3.44918e-05
4002,3.44334e-05
4003,3.43466e-05
4004,3.42877e-05
4005,3.42076e-05
4006,3.41428e-05
4007,3.40854e-05
4008,3.40116e-05
4009,3.39651e-05
4010,3.38929e-05
4011,3.38481e-05
4012,3.37779e-05
4013,3.37354e-05
4014,3.36677e-05
4015,3.3628e-05
4016,3.35632e-05
4017,3.35266e-05
4018,3.34652e-05
4019,3.3432e-05
4020,3.33742e-05
4021,3.33448e-05
4022,3.32909e-05
4023,3.32655e-05
4024,3.32157e-05
4025,3.31946e-05
4026,3.31492e-05
4027,3.31326e-05
4028,3.30917e-05
4029,3.30798e-05
4030,3.30437e-05
4031,3.30367e-05
4032,3.30056e-05
4033,3.30036e-05
4034,3.29924e-05
4035,3.29862e-05
4036,3.2993e-05
4037,3.29929e-05
4038,3.30059e-05
4039,3.3012e-05
4040,3.30312e-05
4041,3.30615e-05
4042,3.30871e-05
4043,3.31295e-05
4044,3.31848e-05
4045,3.32259e-05
4046,3.32977e-05
4047,3.33456e-05
4048,3.3424e-05
4049,3.34784e-05
4050,3.35631e-05
4051,3.36236e-05
4052,3.37141e-05
4053,3.37974e-05
4054,3.39033e-05
4055,3.40057e-05
4056,3.41249e-05
4057,3.42309e-05
4058,3.43533e-05
4059,3.44622e-05
4060,3.45872e-05
4061,3.46981e-05
4062,3.48247e-05
4063,3.49486e-05
4064,3.50644e-05
4065,3.52045e-05
4066,3.53226e-05
4067,3.54581e-05
4068,3.55882e-05
4069,3.57076e-05
4070,3.5846e-05
4071,3.59559e-05
4072,3.60941e-05
4073,3.61985e-05
4074,3.63307e-05
4075,3.64287e-05
4076,3.65542e-05
4077,3.66451e-05
4078,3.67631e-05
4079,3.6846e-05
4080,3.69558e-05
4081,3.70302e-05
4082,3.7131e-05
4083,3.72041e-05
4084,3.72875e-05
4085,3.73644e-05
4086,3.7424e-05
4087,3.75073e-05
4088,3.75574e-05
4089,3.76314e-05
4090,3.76718e-05
4091,3.77358e-05
4092,3.77658e-05
4093,3.78192e-05
4094,3.78384e-05
4095,3.78807e-05
4096,3.78887e-05
4097,3.79195e-05
4098,3.79157e-05
4099,3.79346e-05
4100,3.7946e-05
4101,3.79553e-05
4102,3.79558e-05
4103,3.79605e-05
4104,3.79472e-05
4105,3.79406e-05
4106,3.79146e-05
4107,3.78951e-05
4108,3.78559e-05
4109,3.78233e-05
4110,3.77709e-05
4111,3.77251e-05
4112,3.76708e-05
4113,3.76163e-05
4114,3.75654e-05
4115,3.74976e-05
4116,3.74334e-05
4117,3.73523e-05
4118,3.72751e-05
4119,3.7181e-05
4120,3.7091e-05
4121,3.69842e-05
4122,3.68817e-05
4123,3.67626e-05
4124,3.66482e-05
4125,3.65174e-05
4126,3.63915e-05
4127,3.62629e-05
4128,3.61315e-05
4129,3.60025e-05
4130,3.58605e-05
4131,3.57214e-05
4132,3.55694e-05
4133,3.54207e-05
4134,3.52595e-05
4135,3.5102e-05
4136,3.49322e-05
4137,3.47667e-05
4138,3.45892e-05
4139,3.44163e-05
4140,3.42319e-05
4141,3.40524e-05
4142,3.41249e-05
4143,3.41521e-05
4144,3.42772e-05
4145,3.42929e-05
4146,3.43985e-05
4147,3.44029e-05
4148,3.44892e-05
4149,3.44802e-05
4150,3.4545e-05
4151,3.45233e-05
4152,3.45647e-05
4153,3.45314e-05
4154,3.45476e-05
4155,3.45038e-05
4156,3.44938e-05
4157,3.44404e-05
4158,3.44035e-05
4159,3.43417e-05
4160,3.42776e-05
4161,3.42084e-05
4162,3.41175e-05
4163,3.40418e-05
4164,3.39248e-05
4165,3.38434e-05
4166,3.37017e-05
4167,3.36153e-05
4168,3.34507e-05
4169,3.33596e-05
4170,3.31742e-05
4171,3.3079e-05
4172,3.28752e-05
4173,3.2776e-05
4174,3.25565e-05
4175,3.24536e-05
4176,3.22213e-05
4177,3.21145e-05
4178,3.18824e-05
4179,3.17617e-05
4180,3.15329e-05
4181,3.13981e-05
4182,3.11731e-05
4183,3.10264e-05
4184,3.08056e-05
4185,3.06492e-05
4186,3.04329e-05
4187,3.02693e-05
4188,3.00577e-05
4189,2.98972e-05
4190,2.9682e-05
4191,2.95271e-05
4192,2.93082e-05
4193,2.91606e-05
4194,2.89379e-05
4195,2.87993e-05
4196,2.8573e-05
4197,2.84446e-05
4198,2.8215e-05
4199,2.80975e-05
4200,2.78651e-05
4201,2.77589e-05
4202,2.75244e-05
4203,2.74295e-05
4204,2.71938e-05
4205,2.71099e-05
4206,2.68861e-05
4207,2.68005e-05
4208,2.65875e-05
4209,2.65014e-05
4210,2.6298e-05
4211,2.62128e-05
4212,2.60175e-05
4213,2.59347e-05
4214,2.57457e-05
4215,2.5667e-05
4216,2.54826e-05
4217,2.54095e-05
4218,2.52279e-05
4219,2.51621e-05
4220,2.4984e-05
4221,2.49243e-05
4222,2.47566e-05
4223,2.46958e-05
4224,2.45388e-05
4225,2.44761e-05
4226,2.43299e-05
4227,2.42648e-05
4228,2.41293e-05
4229,2.40613e-05
4230,2.39364e-05
4231,2.38977e-05
4232,2.39583e-05
4233,2.40289e-05
4234,2.4091e-05
4235,2.41626e-05
4236,2.42252e-05
4237,2.42971e-05
4238,2.43595e-05
4239,2.44307e-05
4240,2.44921e-05
4241,2.4562e-05
4242,2.46215e-05
4243,2.46893e-05
4244,2.47463e-05
4245,2.48112e-05
4246,2.48649e-05
4247,2.49263e-05
4248,2.4976e-05
4249,2.50331e-05
4250,2.50826e-05
4251,2.51342e-05
4252,2.51904e-05
4253,2.52367e-05
4254,2.52872e-05
4255,2.53275e-05
4256,2.53718e-05
4257,2.54054e-05
4258,2.54427e-05
4259,2.54689e-05
4260,2.54987e-05
4261,2.5517e-05
4262,2.55385e-05
4263,2.55483e-05
4264,2.5561e-05
4265,2.55617e-05
4266,2.55653e-05
4267,2.55564e-05
4268,2.55502e-05
4269,2.55376e-05
4270,2.5515e-05
4271,2.55008e-05
4272,2.5463e-05
4273,2.5442e-05
4274,2.5393e-05
4275,2.53606e-05
4276,2.53001e-05
4277,2.52561e-05
4278,2.51839e-05
4279,2.51283e-05
4280,2.50444e-05
4281,2.49772e-05
4282,2.48818e-05
4283,2.48031e-05
4284,2.46964e-05
4285,2.46066e-05
4286,2.4489e-05
4287,2.43886e-05
4288,2.42608e-05
4289,2.41504e-05
4290,2.42114e-05
4291,2.43261e-05
4292,2.44333e-05
4293,2.45356e-05
4294,2.46346e-05
4295,2.47258e-05
4296,2.48132e-05
4297,2.48954e-05
4298,2.49693e-05
4299,2.50374e-05
4300,2.51002e-05
4301,2.51538e-05
4302,2.51999e-05
4303,2.52505e-05
4304,2.54128e-05
4305,2.55655e-05
4306,2.57244e-05
4307,2.58785e-05
4308,2.60248e-05
4309,2.61671e-05
4310,2.63234e-05
4311,2.64488e-05
4312,2.65878e-05
4313,2.67232e-05
4314,2.68367e-05
4315,2.69623e-05
4316,2.70844e-05
4317,2.71796e-05
4318,2.7294e-05
4319,2.73759e-05
4320,2.74674e-05
4321,2.75535e-05
4322,2.76109e-05
4323,2.7693e-05
4324,2.77425e-05
4325,2.77993e-05
4326,2.78411e-05
4327,2.78623e-05
4328,2.78963e-05
4329,2.78823e-05
4330,2.79098e-05
4331,2.7895e-05
4332,2.78874e-05
4333,2.78638e-05
4334,2.78219e-05
4335,2.77918e-05
4336,2.77148e-05
4337,2.76826e-05
4338,2.75869e-05
4339,2.75328e-05
4340,2.7427e-05
4341,2.73444e-05
4342,2.72286e-05
4343,2.71202e-05
4344,2.69947e-05
4345,2.68631e-05
4346,2.67281e-05
4347,2.65763e-05
4348,2.64323e-05
4349,2.62634e-05
4350,2.61132e-05
4351,2.5928e-05
4352,2.57715e-05
4353,2.5574e-05
4354,2.5411e-05
4355,2.52054e-05
4356,2.50358e-05
4357,2.48261e-05
4358,2.465e-05
4359,2.44403e-05
4360,2.42577e-05
4361,2.40518e-05
4362,2.38631e-05
4363,2.36646e-05
4364,2.34953e-05
4365,2.3556e-05
4366,2.37197e-05
4367,2.37776e-05
4368,2.39372e-05
4369,2.39934e-05
4370,2.41463e-05
4371,2.42022e-05
4372,2.43457e-05
4373,2.44028e-05
4374,2.45341e-05
4375,2.45941e-05
4376,2.47103e-05
4377,2.47752e-05
4378,2.48734e-05
4379,2.49452e-05
4380,2.50376e-05
4381,2.51036e-05
4382,2.51907e-05
4383,2.52499e-05
4384,2.53306e-05
4385,2.53838e-05
4386,2.54569e-05
4387,2.55228e-05
4388,2.55696e-05
4389,2.56549e-05
4390,2.56687e-05
4391,2.57761e-05
4392,2.57799e-05
4393,2.58866e-05
4394,2.59176e-05
4395,2.59871e-05
4396,2.60476e-05
4397,2.60888e-05
4398,2.61702e-05
4399,2.61968e-05
4400,2.62857e-05
4401,2.63229e-05
4402,2.64142e-05
4403,2.64679e-05
4404,2.65424e-05
4405,2.66137e-05
4406,2.66642e-05
4407,2.67717e-05
4408,2.68042e-05
4409,2.69232e-05
4410,2.69851e-05
4411,2.70678e-05
4412,2.7162e-05
4413,2.72093e-05
4414,2.73296e-05
4415,2.73685e-05
4416,2.74866e-05
4417,2.75487e-05
4418,2.76376e-05
4419,2.77139e-05
4420,2.77832e-05
4421,2.78623e-05
4422,2.7912e-05
4423,2.79921e-05
4424,2.80223e-05
4425,2.81085e-05
4426,2.81125e-05
4427,2.82014e-05
4428,2.81919e-05
4429,2.82679e-05
4430,2.82479e-05
4431,2.83063e-05
4432,2.82739e-05
4433,2.83152e-05
4434,2.82683e-05
4435,2.82929e-05
4436,2.82298e-05
4437,2.82385e-05
4438,2.81575e-05
4439,2.81575e-05
4440,2.80504e-05
4441,2.80477e-05
4442,2.79257e-05
4443,2.79058e-05
4444,2.77848e-05
4445,2.77316e-05
4446,2.76181e-05
4447,2.75342e-05
4448,2.74226e-05
4449,2.73176e-05
4450,2.72135e-05
4451,2.70718e-05
4452,2.69872e-05
4453,2.67999e-05
4454,2.67356e-05
4455,2.6574e-05
4456,2.64763e-05
4457,2.63288e-05
4458,2.62087e-05
4459,2.60958e-05
4460,2.59263e-05
4461,2.5845e-05
4462,2.56824e-05
4463,2.56002e-05
4464,2.54596e-05
4465,2.5354e-05
4466,2.52582e-05
4467,2.50953e-05
4468,2.5045e-05
4469,2.49141e-05
4470,2.48252e-05
4471,2.47382e-05
4472,2.46289e-05
4473,2.45598e-05
4474,2.44363e-05
4475,2.44013e-05
4476,2.4289e-05
4477,2.42348e-05
4478,2.41659e-05
4479,2.4061e-05
4480,2.40342e-05
4481,2.39108e-05
4482,2.38942e-05
4483,2.38087e-05
4484,2.37516e-05
4485,2.36976e-05
4486,2.36259e-05
4487,2.35775e-05
4488,2.34924e-05
4489,2.3449e-05
4490,2.3357e-05
4491,2.33294e-05
4492,2.33444e-05
4493,2.35769e-05
4494,2.37887e-05
4495,2.40159e-05
4496,2.4222e-05
4497,2.4443e-05
4498,2.46423e-05
4499,2.48562e-05
4500,2.50541e-05
4501,2.5254e-05
4502,2.54578e-05
4503,2.56446e-05
4504,2.58463e-05
4505,2.60252e-05
4506,2.62189e-05
4507,2.63895e-05
4508,2.6575e-05
4509,2.67375e-05
4510,2.69149e-05
4511,2.70694e-05
4512,2.7239e-05
4513,2.73949e-05
4514,2.75508e-05
4515,2.77085e-05
4516,2.78647e-05
4517,2.8023e-05
4518,2.81858e-05
4519,2.8339e-05
4520,2.84973e-05
4521,2.86463e-05
4522,2.88008e-05
4523,2.89465e-05
4524,2.90982e-05
4525,2.92445e-05
4526,2.94219e-05
4527,2.95767e-05
4528,2.97519e-05
4529,2.99049e-05
4530,3.00785e-05
4531,3.02302e-05
4532,3.04028e-05
4533,3.05628e-05
4534,3.07259e-05
4535,3.08996e-05
4536,3.10632e-05
4537,3.12325e-05
4538,3.14049e-05
4539,3.15684e-05
4540,3.17405e-05
4541,3.19008e-05
4542,3.20698e-05
4543,3.22268e-05
4544,3.23924e-05
4545,3.25458e-05
4546,3.27077e-05
4547,3.28573e-05
4548,3.30151e-05
4549,3.31603e-05
4550,3.33223e-05
4551,3.34726e-05
4552,3.36432e-05
4553,3.37913e-05
4554,3.39593e-05
4555,3.41049e-05
4556,3.42686e-05
4557,3.44405e-05
4558,3.45956e-05
4559,3.47684e-05
4560,3.49185e-05
4561,3.50856e-05
4562,3.52293e-05
4563,3.53891e-05
4564,3.55466e-05
4565,3.56949e-05
4566,3.58573e-05
4567,3.59977e-05
4568,3.61466e-05
4569,3.62865e-05
4570,3.64181e-05
4571,3.65486e-05
4572,3.66656e-05
4573,3.67807e-05
4574,3.68814e-05
4575,3.69846e-05
4576,3.70834e-05
4577,3.71682e-05
4578,3.72471e-05
4579,3.73113e-05
4580,3.7369e-05
4581,3.74116e-05
4582,3.74473e-05
4583,3.74674e-05
4584,3.74805e-05
4585,3.74777e-05
4586,3.74678e-05
4587,3.7442e-05
4588,3.74091e-05
4589,3.73604e-05
4590,3.73047e-05
4591,3.72335e-05
4592,3.71558e-05
4593,3.70627e-05
4594,3.69637e-05
4595,3.685e-05
4596,3.67308e-05
4597,3.65976e-05
4598,3.64597e-05
4599,3.63084e-05
4600,3.61534e-05
4601,3.59859e-05
4602,3.58156e-05
4603,3.56336e-05
4604,3.545e-05
4605,3.52557e-05
4606,3.50609e-05
4607,3.48564e-05
4608,3.46525e-05
4609,3.44401e-05
4610,3.42294e-05
4611,3.40233e-05
4612,3.381e-05
4613,3.36023e-05
4614,3.33863e-05
4615,3.3177e-05
4616,3.29605e-05
4617,3.27516e-05
4618,3.25364e-05
4619,3.233e-05
4620,3.21181e-05
4621,3.19159e-05
4622,3.17091e-05
4623,3.1513e-05
4624,3.1313e-05
4625,3.11245e-05
4626,3.0933e-05
4627,3.07536e-05
4628,3.05719e-05
4629,3.04031e-05
4630,3.02324e-05
4631,3.00753e-05
4632,2.99169e-05
4633,2.97725e-05
4634,2.96271e-05
4635,2.94962e-05
4636,2.93646e-05
4637,2.92479e-05
4638,2.91307e-05
4639,2.90286e-05
4640,2.8931e-05
4641,2.88628e-05
4642,2.87842e-05
4643,2.87316e-05
4644,2.86684e-05
4645,2.86308e-05
4646,2.85824e-05
4647,2.85593e-05
4648,2.85378e-05
4649,2.85307e-05
4650,2.85299e-05
4651,2.85388e-05
4652,2.85484e-05
4653,2.85678e-05
4654,2.85867e-05
4655,2.86147e-05
4656,2.86414e-05
4657,2.86764e-05
4658,2.87092e-05
4659,2.87496e-05
4660,2.87903e-05
4661,2.88311e-05
4662,2.88809e-05
4663,2.8923e-05
4664,2.89768e-05
4665,2.90218e-05
4666,2.9075e-05
4667,2.91256e-05
4668,2.91723e-05
4669,2.92255e-05
4670,2.92659e-05
4671,2.93187e-05
4672,2.93538e-05
4673,2.94029e-05
4674,2.94327e-05
4675,2.94761e-05
4676,2.94997e-05
4677,2.95364e-05
4678,2.95634e-05
4679,2.95957e-05
4680,2.96197e-05
4681,2.96442e-05
4682,2.966e-05
4683,2.96759e-05
4684,2.96828e-05
4685,2.96897e-05
4686,2.96873e-05
4687,2.96847e-05
4688,2.96799e-05
4689,2.96647e-05
4690,2.96615e-05
4691,2.96392e-05
4692,2.96226e-05
4693,2.9595e-05
4694,2.95633e-05
4695,2.95322e-05
4696,2.94857e-05
4697,2.94513e-05
4698,2.93962e-05
4699,2.93534e-05
4700,2.92902e-05
4701,2.92395e-05
4702,2.91688e-05
4703,2.91109e-05
4704,2.90333e-05
4705,2.89689e-05
4706,2.88851e-05
4707,2.88149e-05
4708,2.87257e-05
4709,2.86505e-05
4710,2.85566e-05
4711,2.84771e-05
4712,2.83793e-05
4713,2.82962e-05
4714,2.82026e-05
4715,2.81134e-05
4716,2.80392e-05
4717,2.79481e-05
4718,2.78721e-05
4719,2.77796e-05
4720,2.77023e-05
4721,2.76087e-05
4722,2.75305e-05
4723,2.74456e-05
4724,2.73628e-05
4725,2.72814e-05
4726,2.7203e-05
4727,2.71324e-05
4728,2.70614e-05
4729,2.69897e-05
4730,2.69175e-05
4731,2.68445e-05
4732,2.67711e-05
4733,2.66967e-05
4734,2.66219e-05
4735,2.65461e-05
4736,2.64698e-05
4737,2.63924e-05
4738,2.63146e-05
4739,2.62356e-05
4740,2.61562e-05
4741,2.60757e-05
4742,2.59948e-05
4743,2.59127e-05
4744,2.58303e-05
4745,2.57467e-05
4746,2.5663e-05
4747,2.55782e-05
4748,2.54933e-05
4749,2.54075e-05
4750,2.53218e-05
4751,2.52353e-05
4752,2.51492e-05
4753,2.50624e-05
4754,2.49763e-05
4755,2.48898e-05
4756,2.48042e-05
4757,2.47188e-05
4758,2.46349e-05
4759,2.45509e-05
4760,2.46257e-05
4761,2.47393e-05
4762,2.48362e-05
4763,2.49298e-05
4764,2.50282e-05
4765,2.5102e-05
4766,2.52015e-05
4767,2.5256e-05
4768,2.5356e-05
4769,2.5395e-05
4770,2.54917e-05
4771,2.55214e-05
4772,2.5609e-05
4773,2.56294e-05
4774,2.5708e-05
4775,2.57195e-05
4776,2.57894e-05
4777,2.57921e-05
4778,2.58535e-05
4779,2.58479e-05
4780,2.59011e-05
4781,2.58874e-05
4782,2.59329e-05
4783,2.59212e-05
4784,2.59495e-05
4785,2.59453e-05
4786,2.59518e-05
4787,2.59572e-05
4788,2.59449e-05
4789,2.59578e-05
4790,2.5939e-05
4791,2.59478e-05
4792,2.59218e-05
4793,2.59279e-05
4794,2.5894e-05
4795,2.5899e-05
4796,2.58826e-05
4797,2.58615e-05
4798,2.5868e-05
4799,2.58371e-05
4800,2.58472e-05
4801,2.58116e-05
4802,2.58203e-05
4803,2.57974e-05
4804,2.57877e-05
4805,2.57937e-05
4806,2.57704e-05
4807,2.5785e-05
4808,2.57591e-05
4809,2.57712e-05
4810,2.5752e-05
4811,2.57519e-05
4812,2.57629e-05
4813,2.57491e-05
4814,2.57675e-05
4815,2.57507e-05
4816,2.57648e-05
4817,2.58531e-05
4818,2.59646e-05
4819,2.60733e-05
4820,2.61823e-05
4821,2.62878e-05
4822,2.63933e-05
4823,2.64948e-05
4824,2.65959e-05
4825,2.66926e-05
4826,2.67885e-05
4827,2.68798e-05
4828,2.69698e-05
4829,2.7056e-05
4830,2.71386e-05
4831,2.72185e-05
4832,2.72941e-05
4833,2.73667e-05
4834,2.74355e-05
4835,2.74998e-05
4836,2.75626e-05
4837,2.76196e-05
4838,2.7675e-05
4839,2.77246e-05
4840,2.77727e-05
4841,2.78151e-05
4842,2.7856e-05
4843,2.78912e-05
4844,2.7925e-05
4845,2.79532e-05
4846,2.79803e-05
4847,2.80018e-05
4848,2.80223e-05
4849,2.80373e-05
4850,2.80515e-05
4851,2.80604e-05
4852,2.80687e-05
4853,2.80784e-05
4854,2.80824e-05
4855,2.80879e-05
4856,2.80865e-05
4857,2.80867e-05
4858,2.80831e-05
4859,2.80756e-05
4860,2.80766e-05
4861,2.80622e-05
4862,2.80608e-05
4863,2.80419e-05
4864,2.80361e-05
4865,2.80127e-05
4866,2.80025e-05
4867,2.79747e-05
4868,2.79602e-05
4869,2.79281e-05
4870,2.79092e-05
4871,2.78729e-05
4872,2.78497e-05
4873,2.7809e-05
4874,2.77816e-05
4875,2.77366e-05
4876,2.77049e-05
4877,2.76591e-05
4878,2.76198e-05
4879,2.75781e-05
4880,2.75325e-05
4881,2.74883e-05
4882,2.74384e-05
4883,2.739e-05
4884,2.73369e-05
4885,2.72832e-05
4886,2.72296e-05
4887,2.71699e-05
4888,2.71135e-05
4889,2.70495e-05
4890,2.69889e-05
4891,2.69209e-05
4892,2.68566e-05
4893,2.6785e-05
4894,2.67172e-05
4895,2.66424e-05
4896,2.65716e-05
4897,2.64946e-05
4898,2.64207e-05
4899,2.63453e-05
4900,2.62677e-05
4901,2.61934e-05
4902,2.61149e-05
4903,2.60401e-05
4904,2.59613e-05
4905,2.58865e-05
4906,2.5808e-05
4907,2.57337e-05
4908,2.5656e-05
4909,2.55828e-05
4910,2.55064e-05
4911,2.54348e-05
4912,2.53602e-05
4913,2.52907e-05
4914,2.52183e-05
4915,2.51512e-05
4916,2.50813e-05
4917,2.5017e-05
4918,2.495e-05
4919,2.48886e-05
4920,2.48246e-05
4921,2.47663e-05
4922,2.47157e-05
4923,2.4665e-05
4924,2.46184e-05
4925,2.45709e-05
4926,2.45275e-05
4927,2.4483e-05
4928,2.44426e-05
4929,2.44041e-05
4930,2.4363e-05
4931,2.43311e-05
4932,2.42889e-05
4933,2.42621e-05
4934,2.42214e-05
4935,2.41958e-05
4936,2.41613e-05
4937,2.41312e-05
4938,2.41115e-05
4939,2.40794e-05
4940,2.40611e-05
4941,2.40283e-05
4942,2.40089e-05
4943,2.39745e-05
4944,2.39532e-05
4945,2.39166e-05
4946,2.38927e-05
4947,2.38531e-05
4948,2.38259e-05
4949,2.37827e-05
4950,2.37515e-05
4951,2.37041e-05
4952,2.36684e-05
4953,2.36161e-05
4954,2.35753e-05
4955,2.35178e-05
4956,2.34715e-05
4957,2.34083e-05
4958,2.33561e-05
4959,2.32869e-05
4960,2.32494e-05
4961,2.32007e-05
4962,2.32201e-05
4963,2.31671e-05
4964,2.31926e-05
4965,2.31363e-05
4966,2.31672e-05
4967,2.31086e-05
4968,2.3144e-05
4969,2.30844e-05
4970,2.31232e-05
4971,2.30637e-05
4972,2.31045e-05
4973,2.30488e-05
4974,2.30878e-05
4975,2.30376e-05
4976,2.30728e-05
4977,2.30286e-05
4978,2.30592e-05
4979,2.30214e-05
4980,2.30464e-05
4981,2.30154e-05
4982,2.30339e-05
4983,2.30101e-05
4984,2.30212e-05
4985,2.30049e-05
4986,2.30077e-05
4987,2.29992e-05
4988,2.29928e-05
4989,2.29922e-05
4990,2.29761e-05
4991,2.29836e-05
4992,2.2957e-05
4993,2.29762e-05
4994,2.29359e-05
4995,2.29665e-05
4996,2.29343e-05
4997,2.29538e-05
4998,2.29296e-05
4999,2.29377e-05
5000,2.29213e-05
5001,2.29178e-05
5002,2.2909e-05
5003,2.28936e-05
5004,2.28921e-05
5005,2.28649e-05
5006,2.28711e-05
5007,2.28315e-05
5008,2.28498e-05
5009,2.2799e-05
5010,2.28231e-05
5011,2.2778e-05
5012,2.27908e-05
5013,2.2751e-05
5014,2.27529e-05
5015,2.2718e-05
5016,2.27094e-05
5017,2.26788e-05
5018,2.26604e-05
5019,2.26346e-05
5020,2.26062e-05
5021,2.2586e-05
5022,2.2547e-05
5023,2.2531e-05
5024,2.2483e-05
5025,2.247e-05
5026,2.24148e-05
5027,2.24031e-05
5028,2.23426e-05
5029,2.23309e-05
5030,2.22669e-05
5031,2.22544e-05
5032,2.21882e-05
5033,2.21766e-05
5034,2.21068e-05
5035,2.20959e-05
5036,2.20232e-05
5037,2.20125e-05
5038,2.19378e-05
5039,2.19271e-05
5040,2.18536e-05
5041,2.18399e-05
5042,2.17737e-05
5043,2.17513e-05
5044,2.16935e-05
5045,2.16616e-05
5046,2.16132e-05
5047,2.15709e-05
5048,2.15327e-05
5049,2.14799e-05
5050,2.1452e-05
5051,2.13987e-05
5052,2.13711e-05
5053,2.1317e-05
5054,2.12897e-05
5055,2.12348e-05
5056,2.12158e-05
5057,2.11518e-05
5058,2.11429e-05
5059,2.10677e-05
5060,2.10965e-05
5061,2.1111e-05
5062,2.11328e-05
5063,2.11512e-05
5064,2.11677e-05
5065,2.11783e-05
5066,2.11915e-05
5067,2.12046e-05
5068,2.12124e-05
5069,2.12202e-05
5070,2.12198e-05
5071,2.1232e-05
5072,2.12172e-05
5073,2.12305e-05
5074,2.12095e-05
5075,2.12171e-05
5076,2.11923e-05
5077,2.1199e-05
5078,2.11669e-05
5079,2.11679e-05
5080,2.11279e-05
5081,2.11298e-05
5082,2.10754e-05
5083,2.10778e-05
5084,2.10098e-05
5085,2.10119e-05
5086,2.0941e-05
5087,2.09326e-05
5088,2.08601e-05
5089,2.084e-05
5090,2.07652e-05
5091,2.07344e-05
5092,2.06566e-05
5093,2.0616e-05
5094,2.05346e-05
5095,2.04851e-05
5096,2.04037e-05
5097,2.03418e-05
5098,2.0261e-05
5099,2.01865e-05
5100,2.01087e-05
5101,2.00265e-05
5102,1.9951e-05
5103,1.98559e-05
5104,1.97832e-05
5105,1.96835e-05
5106,1.96055e-05
5107,1.95023e-05
5108,1.9425e-05
5109,1.93119e-05
5110,1.9239e-05
5111,1.91197e-05
5112,1.90532e-05
5113,1.89264e-05
5114,1.88617e-05
5115,1.87367e-05
5116,1.86621e-05
5117,1.85436e-05
5118,1.8463e-05
5119,1.83511e-05
5120,1.82604e-05
5121,1.82188e-05
5122,1.82737e-05
5123,1.8313e-05
5124,1.8365e-05
5125,1.84011e-05
5126,1.84497e-05
5127,1.84823e-05
5128,1.85272e-05
5129,1.85559e-05
5130,1.85969e-05
5131,1.86213e-05
5132,1.8658e-05
5133,1.86858e-05
5134,1.87115e-05
5135,1.87415e-05
5136,1.87665e-05
5137,1.87861e-05
5138,1.88093e-05
5139,1.88191e-05
5140,1.8897e-05
5141,1.90486e-05
5142,1.92015e-05
5143,1.93562e-05
5144,1.95121e-05
5145,1.96697e-05
5146,1.98283e-05
5147,1.99885e-05
5148,2.01495e-05
5149,2.03119e-05
5150,2.04749e-05
5151,2.06393e-05
5152,2.08039e-05
5153,2.09696e-05
5154,2.11353e-05
5155,2.13019e-05
5156,2.14682e-05
5157,2.16352e-05
5158,2.18015e-05
5159,2.19681e-05
5160,2.21337e-05
5161,2.22994e-05
5162,2.24637e-05
5163,2.26277e-05
5164,2.279e-05
5165,2.29516e-05
5166,2.31111e-05
5167,2.32695e-05
5168,2.34254e-05
5169,2.358e-05
5170,2.37321e-05
5171,2.3893e-05
5172,2.40416e-05
5173,2.41995e-05
5174,2.43419e-05
5175,2.44932e-05
5176,2.46286e-05
5177,2.47724e-05
5178,2.48999e-05
5179,2.50355e-05
5180,2.51542e-05
5181,2.52807e-05
5182,2.539e-05
5183,2.55067e-05
5184,2.56059e-05
5185,2.57122e-05
5186,2.58007e-05
5187,2.5896e-05
5188,2.59733e-05
5189,2.60571e-05
5190,2.61228e-05
5191,2.61948e-05
5192,2.62486e-05
5193,2.63085e-05
5194,2.63501e-05
5195,2.63979e-05
5196,2.64273e-05
5197,2.64627e-05
5198,2.64799e-05
5199,2.65031e-05
5200,2.65081e-05
5201,2.65193e-05
5202,2.65123e-05
5203,2.65117e-05
5204,2.64931e-05
5205,2.64811e-05
5206,2.64512e-05
5207,2.64281e-05
5208,2.63875e-05
5209,2.63539e-05
5210,2.6303e-05
5211,2.62595e-05
5212,2.6199e-05
5213,2.61462e-05
5214,2.60768e-05
5215,2.60155e-05
5216,2.59458e-05
5217,2.58707e-05
5218,2.57997e-05
5219,2.57254e-05
5220,2.56472e-05
5221,2.55673e-05
5222,2.54831e-05
5223,2.53977e-05
5224,2.53084e-05
5225,2.52182e-05
5226,2.51244e-05
5227,2.50301e-05
5228,2.49326e-05
5229,2.4835e-05
5230,2.47344e-05
5231,2.46342e-05
5232,2.45313e-05
5233,2.44291e-05
5234,2.43262e-05
5235,2.4221e-05
5236,2.4316e-05
5237,2.45119e-05
5238,2.46539e-05
5239,2.48527e-05
5240,2.50012e-05
5241,2.51811e-05
5242,2.53293e-05
5243,2.5489e-05
5244,2.56361e-05
5245,2.57745e-05
5246,2.592e-05
5247,2.6036e-05
5248,2.61792e-05
5249,2.62723e-05
5250,2.64126e-05
5251,2.64873e-05
5252,2.66189e-05
5253,2.6693e-05
5254,2.67972e-05
5255,2.68696e-05
5256,2.69472e-05
5257,2.70164e-05
5258,2.70704e-05
5259,2.71333e-05
5260,2.7164e-05
5261,2.72204e-05
5262,2.72284e-05
5263,2.72781e-05
5264,2.72641e-05
5265,2.73073e-05
5266,2.72722e-05
5267,2.7309e-05
5268,2.72541e-05
5269,2.72845e-05
5270,2.72242e-05
5271,2.72357e-05
5272,2.71704e-05
5273,2.71642e-05
5274,2.70947e-05
5275,2.70724e-05
5276,2.69994e-05
5277,2.69625e-05
5278,2.68868e-05
5279,2.6837e-05
5280,2.67595e-05
5281,2.66985e-05
5282,2.66201e-05
5283,2.65497e-05
5284,2.64714e-05
5285,2.63933e-05
5286,2.6316e-05
5287,2.6232e-05
5288,2.61567e-05
5289,2.60683e-05
5290,2.5996e-05
5291,2.5905e-05
5292,2.58365e-05
5293,2.57444e-05
5294,2.56805e-05
5295,2.55887e-05
5296,2.55303e-05
5297,2.54402e-05
5298,2.53878e-05
5299,2.5304e-05
5300,2.52578e-05
5301,2.51835e-05
5302,2.51413e-05
5303,2.50749e-05
5304,2.50378e-05
5305,2.49794e-05
5306,2.49483e-05
5307,2.48978e-05
5308,2.48736e-05
5309,2.48308e-05
5310,2.48143e-05
5311,2.47842e-05
5312,2.47706e-05
5313,2.47561e-05
5314,2.47425e-05
5315,2.47433e-05
5316,2.47298e-05
5317,2.47454e-05
5318,2.47322e-05
5319,2.47618e-05
5320,2.47581e-05
5321,2.47917e-05
5322,2.47981e-05
5323,2.48343e-05
5324,2.48508e-05
5325,2.48885e-05
5326,2.49151e-05
5327,2.49574e-05
5328,2.49898e-05
5329,2.50404e-05
5330,2.50735e-05
5331,2.51308e-05
5332,2.51648e-05
5333,2.52272e-05
5334,2.52622e-05
5335,2.53281e-05
5336,2.53642e-05
5337,2.54319e-05
5338,2.54712e-05
5339,2.5537e-05
5340,2.55852e-05
5341,2.56419e-05
5342,2.56985e-05
5343,2.5745e-05
5344,2.58094e-05
5345,2.58447e-05
5346,2.59164e-05
5347,2.59395e-05
5348,2.60179e-05
5349,2.60297e-05
5350,2.61123e-05
5351,2.61261e-05
5352,2.61981e-05
5353,2.6217e-05
5354,2.62738e-05
5355,2.63404e-05
5356,2.64578e-05
5357,2.65746e-05
5358,2.66893e-05
5359,2.68033e-05
5360,2.69149e-05
5361,2.70257e-05
5362,2.7134e-05
5363,2.72412e-05
5364,2.73456e-05
5365,2.74488e-05
5366,2.7549e-05
5367,2.76478e-05
5368,2.77434e-05
5369,2.78375e-05
5370,2.7928e-05
5371,2.80212e-05
5372,2.81062e-05
5373,2.82009e-05
5374,2.82808e-05
5375,2.83702e-05
5376,2.84447e-05
5377,2.85284e-05
5378,2.85971e-05
5379,2.86749e-05
5380,2.87375e-05
5381,2.88092e-05
5382,2.88654e-05
5383,2.89306e-05
5384,2.89804e-05
5385,2.90389e-05
5386,2.90819e-05
5387,2.91336e-05
5388,2.91708e-05
5389,2.92145e-05
5390,2.92596e-05
5391,2.9293e-05
5392,2.9335e-05
5393,2.93617e-05
5394,2.93968e-05
5395,2.94167e-05
5396,2.9445e-05
5397,2.94664e-05
5398,2.94864e-05
5399,2.95033e-05
5400,2.95166e-05
5401,2.95269e-05
5402,2.95353e-05
5403,2.95479e-05
5404,2.95563e-05
5405,2.95621e-05
5406,2.95636e-05
5407,2.95625e-05
5408,2.95572e-05
5409,2.95491e-05
5410,2.95367e-05
5411,2.95251e-05
5412,2.9505e-05
5413,2.94923e-05
5414,2.94647e-05
5415,2.94446e-05
5416,2.94094e-05
5417,2.93816e-05
5418,2.93393e-05
5419,2.93032e-05
5420,2.92643e-05
5421,2.92149e-05
5422,2.91722e-05
5423,2.91143e-05
5424,2.9063e-05
5425,2.89964e-05
5426,2.89364e-05
5427,2.88611e-05
5428,2.87925e-05
5429,2.87085e-05
5430,2.86312e-05
5431,2.85386e-05
5432,2.84526e-05
5433,2.83515e-05
5434,2.8257e-05
5435,2.81474e-05
5436,2.80446e-05
5437,2.79267e-05
5438,2.78157e-05
5439,2.76898e-05
5440,2.75708e-05
5441,2.74371e-05
5442,2.73104e-05
5443,2.71691e-05
5444,2.7035e-05
5445,2.68865e-05
5446,2.67453e-05
5447,2.65899e-05
5448,2.6442e-05
5449,2.628e-05
5450,2.61257e-05
5451,2.59608e-05
5452,2.58004e-05
5453,2.5636e-05
5454,2.54718e-05
5455,2.5306e-05
5456,2.51376e-05
5457,2.4967e-05
5458,2.47941e-05
5459,2.4619e-05
5460,2.44418e-05
5461,2.42627e-05
5462,2.40818e-05
5463,2.38991e-05
5464,2.37149e-05
5465,2.3529e-05
5466,2.33419e-05
5467,2.31591e-05
5468,2.31321e-05
5469,2.32333e-05
5470,2.33507e-05
5471,2.34464e-05
5472,2.35583e-05
5473,2.36485e-05
5474,2.37548e-05
5475,2.38394e-05
5476,2.394e-05
5477,2.40188e-05
5478,2.41136e-05
5479,2.41946e-05
5480,2.42756e-05
5481,2.43602e-05
5482,2.4435e-05
5483,2.45132e-05
5484,2.45815e-05
5485,2.46532e-05
5486,2.47148e-05
5487,2.47797e-05
5488,2.48343e-05
5489,2.48922e-05
5490,2.49395e-05
5491,2.49901e-05
5492,2.5031e-05
5493,2.50728e-05
5494,2.51169e-05
5495,2.51438e-05
5496,2.51869e-05
5497,2.52057e-05
5498,2.52406e-05
5499,2.5251e-05
5500,2.52773e-05
5501,2.5279e-05
5502,2.52966e-05
5503,2.52895e-05
5504,2.52982e-05
5505,2.5282e-05
5506,2.52816e-05
5507,2.52633e-05
5508,2.52465e-05
5509,2.52295e-05
5510,2.52018e-05
5511,2.51767e-05
5512,2.51395e-05
5513,2.51049e-05
5514,2.5058e-05
5515,2.50139e-05
5516,2.49575e-05
5517,2.4904e-05
5518,2.48381e-05
5519,2.47753e-05
5520,2.47001e-05
5521,2.4628e-05
5522,2.45438e-05
5523,2.44628e-05
5524,2.43717e-05
5525,2.428e-05
5526,2.41857e-05
5527,2.40803e-05
5528,2.39825e-05
5529,2.38644e-05
5530,2.37627e-05
5531,2.3636e-05
5532,2.35271e-05
5533,2.33929e-05
5534,2.32768e-05
5535,2.31355e-05
5536,2.30127e-05
5537,2.28649e-05
5538,2.27359e-05
5539,2.25823e-05
5540,2.24476e-05
5541,2.22887e-05
5542,2.21491e-05
5543,2.19855e-05
5544,2.18415e-05
5545,2.16739e-05
5546,2.15263e-05
5547,2.13553e-05
5548,2.12047e-05
5549,2.10311e-05
5550,2.08783e-05
5551,2.07028e-05
5552,2.05484e-05
5553,2.03718e-05
5554,2.02166e-05
5555,2.00396e-05
5556,1.98845e-05
5557,1.97078e-05
5558,1.95535e-05
5559,1.9378e-05
5560,1.92253e-05
5561,1.90518e-05
5562,1.89016e-05
5563,1.8731e-05
5564,1.8584e-05
5565,1.84213e-05
5566,1.84124e-05
5567,1.8531e-05
5568,1.86402e-05
5569,1.87439e-05
5570,1.88553e-05
5571,1.89428e-05
5572,1.90568e-05
5573,1.91271e-05
5574,1.92436e-05
5575,1.93126e-05
5576,1.94148e-05
5577,1.94828e-05
5578,1.95697e-05
5579,1.96366e-05
5580,1.97071e-05
5581,1.97732e-05
5582,1.98265e-05
5583,1.9895e-05
5584,1.99278e-05
5585,1.99988e-05
5586,2.00304e-05
5587,2.0083e-05
5588,2.01133e-05
5589,2.01468e-05
5590,2.01756e-05
5591,2.01896e-05
5592,2.02166e-05
5593,2.02107e-05
5594,2.02355e-05
5595,2.02191e-05
5596,2.02319e-05
5597,2.02162e-05
5598,2.02078e-05
5599,2.01896e-05
5600,2.01613e-05
5601,2.0139e-05
5602,2.00909e-05
5603,2.0064e-05
5604,1.99963e-05
5605,1.99643e-05
5606,1.98774e-05
5607,1.98397e-05
5608,1.97446e-05
5609,1.96903e-05
5610,1.95907e-05
5611,1.95162e-05
5612,1.94114e-05
5613,1.93176e-05
5614,1.92068e-05
5615,1.90948e-05
5616,1.89773e-05
5617,1.88485e-05
5618,1.87234e-05
5619,1.85791e-05
5620,1.8468e-05
5621,1.84608e-05
5622,1.84406e-05
5623,1.84278e-05
5624,1.84022e-05
5625,1.83843e-05
5626,1.83541e-05
5627,1.83966e-05
5628,1.85254e-05
5629,1.86648e-05
5630,1.87936e-05
5631,1.89325e-05
5632,1.90602e-05
5633,1.91977e-05
5634,1.93234e-05
5635,1.94586e-05
5636,1.95895e-05
5637,1.97199e-05
5638,1.98561e-05
5639,1.99827e-05
5640,2.01148e-05
5641,2.0237e-05
5642,2.03644e-05
5643,2.04816e-05
5644,2.06038e-05
5645,2.07156e-05
5646,2.08322e-05
5647,2.09382e-05
5648,2.10488e-05
5649,2.11558e-05
5650,2.12613e-05
5651,2.13688e-05
5652,2.14692e-05
5653,2.15689e-05
5654,2.16656e-05
5655,2.17556e-05
5656,2.18486e-05
5657,2.19289e-05
5658,2.20177e-05
5659,2.20886e-05
5660,2.21729e-05
5661,2.22365e-05
5662,2.23141e-05
5663,2.23807e-05
5664,2.24419e-05
5665,2.25152e-05
5666,2.25692e-05
5667,2.26351e-05
5668,2.26817e-05
5669,2.27402e-05
5670,2.27793e-05
5671,2.28304e-05
5672,2.2862e-05
5673,2.29054e-05
5674,2.29293e-05
5675,2.29651e-05
5676,2.29812e-05
5677,2.30091e-05
5678,2.30174e-05
5679,2.30374e-05
5680,2.30402e-05
5681,2.30496e-05
5682,2.30522e-05
5683,2.30543e-05
5684,2.30505e-05
5685,2.3044e-05
5686,2.30316e-05
5687,2.30164e-05
5688,2.29953e-05
5689,2.29713e-05
5690,2.29413e-05
5691,2.29085e-05
5692,2.28696e-05
5693,2.28278e-05
5694,2.278e-05
5695,2.27295e-05
5696,2.26728e-05
5697,2.26135e-05
5698,2.25481e-05
5699,2.24801e-05
5700,2.24064e-05
5701,2.23298e-05
5702,2.22568e-05
5703,2.21685e-05
5704,2.20914e-05
5705,2.19954e-05
5706,2.19108e-05
5707,2.18124e-05
5708,2.17159e-05
5709,2.1619e-05
5710,2.15095e-05
5711,2.14137e-05
5712,2.12985e-05
5713,2.11975e-05
5714,2.1103e-05
5715,2.12404e-05
5716,2.13853e-05
5717,2.15237e-05
5718,2.16715e-05
5719,2.1816e-05
5720,2.1963e-05
5721,2.211e-05
5722,2.22572e-05
5723,2.24041e-05
5724,2.25509e-05
5725,2.26969e-05
5726,2.28424e-05
5727,2.29867e-05
5728,2.31301e-05
5729,2.32719e-05
5730,2.34125e-05
5731,2.35511e-05
5732,2.3688e-05
5733,2.38226e-05
5734,2.39551e-05
5735,2.4085e-05
5736,2.42125e-05
5737,2.4337e-05
5738,2.44587e-05
5739,2.45773e-05
5740,2.4697e-05
5741,2.48067e-05
5742,2.49228e-05
5743,2.50256e-05
5744,2.51345e-05
5745,2.52298e-05
5746,2.53311e-05
5747,2.54187e-05
5748,2.55121e-05
5749,2.55917e-05
5750,2.56769e-05
5751,2.57483e-05
5752,2.58253e-05
5753,2.58884e-05
5754,2.5957e-05
5755,2.60118e-05
5756,2.60721e-05
5757,2.61186e-05
5758,2.61708e-05
5759,2.62092e-05
5760,2.62533e-05
5761,2.62837e-05
5762,2.632e-05
5763,2.63493e-05
5764,2.63786e-05
5765,2.64038e-05
5766,2.64257e-05
5767,2.64435e-05
5768,2.64583e-05
5769,2.64691e-05
5770,2.64771e-05
5771,2.64814e-05
5772,2.6483e-05
5773,2.6481e-05
5774,2.64766e-05
5775,2.64687e-05
5776,2.64588e-05
5777,2.64455e-05
5778,2.64304e-05
5779,2.64121e-05
5780,2.63922e-05
5781,2.63696e-05
5782,2.63452e-05
5783,2.63227e-05
5784,2.62911e-05
5785,2.62676e-05
5786,2.62321e-05
5787,2.6205e-05
5788,2.6166e-05
5789,2.61355e-05
5790,2.60932e-05
5791,2.60596e-05
5792,2.60143e-05
5793,2.59778e-05
5794,2.59322e-05
5795,2.58914e-05
5796,2.585e-05
5797,2.58072e-05
5798,2.57638e-05
5799,2.57191e-05
5800,2.56741e-05
5801,2.56269e-05
5802,2.55803e-05
5803,2.55306e-05
5804,2.54822e-05
5805,2.543e-05
5806,2.53794e-05
5807,2.53247e-05
5808,2.52717e-05
5809,2.52173e-05
5810,2.51652e-05
5811,2.51129e-05
5812,2.5058e-05
5813,2.50026e-05
5814,2.49446e-05
5815,2.48861e-05
5816,2.48248e-05
5817,2.47628e-05
5818,2.4698e-05
5819,2.46324e-05
5820,2.45639e-05
5821,2.44945e-05
5822,2.44221e-05
5823,2.43488e-05
5824,2.42725e-05
5825,2.41952e-05
5826,2.4115e-05
5827,2.40337e-05
5828,2.39494e-05
5829,2.38641e-05
5830,2.37768e-05
5831,2.36917e-05
5832,2.36066e-05
5833,2.3518e-05
5834,2.34296e-05
5835,2.33377e-05
5836,2.32461e-05
5837,2.31513e-05
5838,2.3057e-05
5839,2.29597e-05
5840,2.2863e-05
5841,2.27635e-05
5842,2.26648e-05
5843,2.25636e-05
5844,2.24666e-05
5845,2.23627e-05
5846,2.22677e-05
5847,2.21688e-05
5848,2.2073e-05
5849,2.19867e-05
5850,2.18915e-05
5851,2.1806e-05
5852,2.17119e-05
5853,2.16277e-05
5854,2.15351e-05
5855,2.14527e-05
5856,2.13647e-05
5857,2.12842e-05
5858,2.1203e-05
5859,2.11251e-05
5860,2.10543e-05
5861,2.09871e-05
5862,2.09244e-05
5863,2.08604e-05
5864,2.08008e-05
5865,2.07401e-05
5866,2.06855e-05
5867,2.06281e-05
5868,2.05814e-05
5869,2.05273e-05
5870,2.04839e-05
5871,2.04332e-05
5872,2.03932e-05
5873,2.03495e-05
5874,2.03118e-05
5875,2.02846e-05
5876,2.02496e-05
5877,2.02251e-05
5878,2.01927e-05
5879,2.01708e-05
5880,2.01409e-05
5881,2.01215e-05
5882,2.0094e-05
5883,2.00768e-05
5884,2.00516e-05
5885,2.00366e-05
5886,2.0014e-05
5887,2.00005e-05
5888,1.99807e-05
5889,1.99684e-05
5890,1.99506e-05
5891,1.99399e-05
5892,1.99234e-05
5893,1.99148e-05
5894,1.98991e-05
5895,1.98929e-05
5896,1.98786e-05
5897,1.9874e-05
5898,1.98611e-05
5899,1.98579e-05
5900,1.98463e-05
5901,1.98444e-05
5902,1.98341e-05
5903,1.98334e-05
5904,1.98243e-05
5905,1.98248e-05
5906,1.98168e-05
5907,1.98185e-05
5908,1.98116e-05
5909,1.98143e-05
5910,1.98085e-05
5911,1.98123e-05
5912,1.98075e-05
5913,1.98123e-05
5914,1.98087e-05
5915,1.98144e-05
5916,1.98175e-05
5917,1.98244e-05
5918,1.98286e-05
5919,1.98367e-05
5920,1.98422e-05
5921,1.98514e-05
5922,1.98581e-05
5923,1.98685e-05
5924,1.98764e-05
5925,1.9888e-05
5926,1.98971e-05
5927,1.99106e-05
5928,1.99215e-05
5929,1.99422e-05
5930,1.99544e-05
5931,1.99764e-05
5932,1.99899e-05
5933,2.00132e-05
5934,2.00281e-05
5935,2.00526e-05
5936,2.00687e-05
5937,2.00945e-05
5938,2.01134e-05
5939,2.01412e-05
5940,2.01737e-05
5941,2.02042e-05
5942,2.0238e-05
5943,2.02697e-05
5944,2.03046e-05
5945,2.03374e-05
5946,2.03733e-05
5947,2.04072e-05
5948,2.0444e-05
5949,2.04786e-05
5950,2.05162e-05
5951,2.05516e-05
5952,2.05947e-05
5953,2.0631e-05
5954,2.06767e-05
5955,2.07133e-05
5956,2.07591e-05
5957,2.07959e-05
5958,2.08416e-05
5959,2.08783e-05
5960,2.09238e-05
5961,2.096e-05
5962,2.1005e-05
5963,2.10463e-05
5964,2.10853e-05
5965,2.11327e-05
5966,2.11736e-05
5967,2.12194e-05
5968,2.12622e-05
5969,2.13065e-05
5970,2.13476e-05
5971,2.13901e-05
5972,2.14293e-05
5973,2.14697e-05
5974,2.15068e-05
5975,2.15449e-05
5976,2.15797e-05
5977,2.16153e-05
5978,2.16476e-05
5979,2.16807e-05
5980,2.17103e-05
5981,2.17407e-05
5982,2.17675e-05
5983,2.17951e-05
5984,2.18191e-05
5985,2.18438e-05
5986,2.1865e-05
5987,2.18868e-05
5988,2.19052e-05
5989,2.19242e-05
5990,2.19397e-05
5991,2.19559e-05
5992,2.19687e-05
5993,2.19854e-05
5994,2.19935e-05
5995,2.20095e-05
5996,2.20149e-05
5997,2.20284e-05
5998,2.2033e-05
5999,2.20426e-05
6000,2.20466e-05
6001,2.20525e-05
6002,2.20556e-05
6003,2.20587e-05
6004,2.20608e-05
6005,2.20617e-05
6006,2.20625e-05
6007,2.20621e-05
6008,2.20615e-05
6009,2.20605e-05
6010,2.20584e-05
6011,2.20575e-05
6012,2.20537e-05
6013,2.20537e-05
6014,2.2048e-05
6015,2.20497e-05
6016,2.20433e-05
6017,2.20462e-05
6018,2.20402e-05
6019,2.20436e-05
6020,2.20383e-05
6021,2.20424e-05
6022,2.20379e-05
6023,2.2043e-05
6024,2.20396e-05
6025,2.20458e-05
6026,2.20463e-05
6027,2.20514e-05
6028,2.20556e-05
6029,2.20621e-05
6030,2.20677e-05
6031,2.20755e-05
6032,2.20824e-05
6033,2.20915e-05
6034,2.20996e-05
6035,2.21098e-05
6036,2.2119e-05
6037,2.21301e-05
6038,2.21401e-05
6039,2.2152e-05
6040,2.21626e-05
6041,2.21749e-05
6042,2.21859e-05
6043,2.21983e-05
6044,2.22092e-05
6045,2.22213e-05
6046,2.22317e-05
6047,2.22432e-05
6048,2.22528e-05
6049,2.22632e-05
6050,2.22714e-05
6051,2.22802e-05
6052,2.22867e-05
6053,2.22934e-05
6054,2.22976e-05
6055,2.23017e-05
6056,2.23031e-05
6057,2.23042e-05
6058,2.23023e-05
6059,2.22999e-05
6060,2.22942e-05
6061,2.22877e-05
6062,2.22778e-05
6063,2.22668e-05
6064,2.22522e-05
6065,2.22362e-05
6066,2.22164e-05
6067,2.21951e-05
6068,2.21697e-05
6069,2.21427e-05
6070,2.21114e-05
6071,2.20782e-05
6072,2.20407e-05
6073,2.20012e-05
6074,2.19572e-05
6075,2.1911e-05
6076,2.18603e-05
6077,2.18128e-05
6078,2.1758e-05
6079,2.17011e-05
6080,2.16468e-05
6081,2.15815e-05
6082,2.15217e-05
6083,2.14493e-05
6084,2.13824e-05
6085,2.14769e-05
6086,2.16771e-05
6087,2.18282e-05
6088,2.20243e-05
6089,2.21803e-05
6090,2.23711e-05
6091,2.25321e-05
6092,2.27162e-05
6093,2.28823e-05
6094,2.30586e-05
6095,2.32298e-05
6096,2.33968e-05
6097,2.35732e-05
6098,2.37294e-05
6099,2.3911e-05
6100,2.40549e-05
6101,2.42416e-05
6102,2.43717e-05
6103,2.45634e-05
6104,2.46881e-05
6105,2.48746e-05
6106,2.5003e-05
6107,2.51735e-05
6108,2.53053e-05
6109,2.54583e-05
6110,2.55931e-05
6111,2.57273e-05
6112,2.58646e-05
6113,2.59787e-05
6114,2.6118e-05
6115,2.6217e-05
6116,2.63515e-05
6117,2.64345e-05
6118,2.65636e-05
6119,2.66296e-05
6120,2.67526e-05
6121,2.68149e-05
6122,2.69173e-05
6123,2.69782e-05
6124,2.70615e-05
6125,2.71153e-05
6126,2.71795e-05
6127,2.72253e-05
6128,2.72697e-05
6129,2.73072e-05
6130,2.73316e-05
6131,2.73605e-05
6132,2.73646e-05
6133,2.73851e-05
6134,2.73686e-05
6135,2.73849e-05
6136,2.73437e-05
6137,2.73554e-05
6138,2.72978e-05
6139,2.7297e-05
6140,2.7231e-05
6141,2.72102e-05
6142,2.7136e-05
6143,2.7096e-05
6144,2.70138e-05
6145,2.69552e-05
6146,2.68653e-05
6147,2.67892e-05
6148,2.6692e-05
6149,2.65994e-05
6150,2.64974e-05
6151,2.63874e-05
6152,2.62805e-05
6153,2.61549e-05
6154,2.60431e-05
6155,2.5904e-05
6156,2.5787e-05
6157,2.56365e-05
6158,2.55142e-05
6159,2.53546e-05
6160,2.52269e-05
6161,2.50604e-05
6162,2.4927e-05
6163,2.47561e-05
6164,2.46169e-05
6165,2.44438e-05
6166,2.42985e-05
6167,2.41257e-05
6168,2.39758e-05
6169,2.38039e-05
6170,2.36508e-05
6171,2.34806e-05
6172,2.33246e-05
6173,2.31581e-05
6174,2.29991e-05
6175,2.28434e-05
6176,2.26762e-05
6177,2.25332e-05
6178,2.23577e-05
6179,2.22291e-05
6180,2.20673e-05
6181,2.19327e-05
6182,2.17897e-05
6183,2.16453e-05
6184,2.15221e-05
6185,2.13766e-05
6186,2.12705e-05
6187,2.11463e-05
6188,2.10351e-05
6189,2.0934e-05
6190,2.08153e-05
6191,2.07336e-05
6192,2.06381e-05
6193,2.05455e-05
6194,2.04722e-05
6195,2.03811e-05
6196,2.03192e-05
6197,2.02465e-05
6198,2.01837e-05
6199,2.0121e-05
6200,2.00577e-05
6201,2.00111e-05
6202,1.99432e-05
6203,1.99082e-05
6204,1.98465e-05
6205,1.98112e-05
6206,1.97544e-05
6207,1.9719e-05
6208,1.96698e-05
6209,1.96308e-05
6210,1.95867e-05
6211,1.95455e-05
6212,1.95041e-05
6213,1.94622e-05
6214,1.94211e-05
6215,1.93799e-05
6216,1.93368e-05
6217,1.92976e-05
6218,1.92503e-05
6219,1.92146e-05
6220,1.91608e-05
6221,1.91298e-05
6222,1.90675e-05
6223,1.90427e-05
6224,1.89759e-05
6225,1.89523e-05
6226,1.88937e-05
6227,1.88581e-05
6228,1.88088e-05
6229,1.87594e-05
6230,1.87205e-05
6231,1.86559e-05
6232,1.86282e-05
6233,1.85648e-05
6234,1.85313e-05
6235,1.84803e-05
6236,1.84293e-05
6237,1.83914e-05
6238,1.8322e-05
6239,1.82976e-05
6240,1.82389e-05
6241,1.81984e-05
6242,1.81536e-05
6243,1.80935e-05
6244,1.80627e-05
6245,1.79956e-05
6246,1.79657e-05
6247,1.79123e-05
6248,1.78623e-05
6249,1.78223e-05
6250,1.77522e-05
6251,1.77254e-05
6252,1.76574e-05
6253,1.7621e-05
6254,1.7565e-05
6255,1.75089e-05
6256,1.74642e-05
6257,1.73889e-05
6258,1.73549e-05
6259,1.72741e-05
6260,1.72366e-05
6261,1.71638e-05
6262,1.71091e-05
6263,1.70444e-05
6264,1.69723e-05
6265,1.69371e-05
6266,1.69843e-05
6267,1.69921e-05
6268,1.70381e-05
6269,1.70456e-05
6270,1.70881e-05
6271,1.70952e-05
6272,1.71341e-05
6273,1.71409e-05
6274,1.71762e-05
6275,1.71825e-05
6276,1.72152e-05
6277,1.72203e-05
6278,1.72506e-05
6279,1.72544e-05
6280,1.72825e-05
6281,1.72849e-05
6282,1.73113e-05
6283,1.73122e-05
6284,1.73371e-05
6285,1.73365e-05
6286,1.73602e-05
6287,1.7358e-05
6288,1.7381e-05
6289,1.73784e-05
6290,1.73996e-05
6291,1.73967e-05
6292,1.74163e-05
6293,1.74129e-05
6294,1.74313e-05
6295,1.74557e-05
6296,1.75202e-05
6297,1.75741e-05
6298,1.76391e-05
6299,1.76937e-05
6300,1.77596e-05
6301,1.78153e-05
6302,1.78825e-05
6303,1.79397e-05
6304,1.80085e-05
6305,1.80693e-05
6306,1.81381e-05
6307,1.82027e-05
6308,1.82717e-05
6309,1.83396e-05
6310,1.84095e-05
6311,1.84801e-05
6312,1.85516e-05
6313,1.86243e-05
6314,1.86979e-05
6315,1.87719e-05
6316,1.88481e-05
6317,1.89224e-05
6318,1.90018e-05
6319,1.90755e-05
6320,1.91583e-05
6321,1.9232e-05
6322,1.93169e-05
6323,1.93914e-05
6324,1.94768e-05
6325,1.95515e-05
6326,1.96368e-05
6327,1.97143e-05
6328,1.97958e-05
6329,1.9876e-05
6330,1.99557e-05
6331,2.0035e-05
6332,2.01128e-05
6333,2.019e-05
6334,2.02652e-05
6335,2.03394e-05
6336,2.04114e-05
6337,2.0482e-05
6338,2.05499e-05
6339,2.06161e-05
6340,2.06793e-05
6341,2.07405e-05
6342,2.07982e-05
6343,2.08536e-05
6344,2.09053e-05
6345,2.09543e-05
6346,2.09992e-05
6347,2.10412e-05
6348,2.10787e-05
6349,2.11131e-05
6350,2.11429e-05
6351,2.11692e-05
6352,2.11924e-05
6353,2.12107e-05
6354,2.12268e-05
6355,2.12371e-05
6356,2.12428e-05
6357,2.12463e-05
6358,2.12398e-05
6359,2.12363e-05
6360,2.12177e-05
6361,2.12066e-05
6362,2.1178e-05
6363,2.1157e-05
6364,2.11184e-05
6365,2.10874e-05
6366,2.10389e-05
6367,2.09979e-05
6368,2.09396e-05
6369,2.08888e-05
6370,2.08207e-05
6371,2.07604e-05
6372,2.06829e-05
6373,2.06132e-05
6374,2.05265e-05
6375,2.04479e-05
6376,2.03524e-05
6377,2.02651e-05
6378,2.01613e-05
6379,2.00659e-05
6380,1.99541e-05
6381,1.9851e-05
6382,1.97318e-05
6383,1.96216e-05
6384,1.94956e-05
6385,1.93788e-05
6386,1.92465e-05
6387,1.91237e-05
6388,1.89857e-05
6389,1.88576e-05
6390,1.87172e-05
6391,1.85817e-05
6392,1.84423e-05
6393,1.8301e-05
6394,1.81606e-05
6395,1.80161e-05
6396,1.78728e-05
6397,1.77256e-05
6398,1.75801e-05
6399,1.74319e-05
6400,1.72838e-05
6401,1.72917e-05
6402,1.74112e-05
6403,1.7524e-05
6404,1.76451e-05
6405,1.77636e-05
6406,1.78874e-05
6407,1.80143e-05
6408,1.81382e-05
6409,1.82652e-05
6410,1.83891e-05
6411,1.8516e-05
6412,1.86397e-05
6413,1.87663e-05
6414,1.88897e-05
6415,1.9017e-05
6416,1.91403e-05
6417,1.92708e-05
6418,1.93933e-05
6419,1.9523e-05
6420,1.96445e-05
6421,1.97732e-05
6422,1.98936e-05
6423,2.00211e-05
6424,2.0145e-05
6425,2.02676e-05
6426,2.03969e-05
6427,2.05177e-05
6428,2.0645e-05
6429,2.07637e-05
6430,2.08889e-05
6431,2.10054e-05
6432,2.11282e-05
6433,2.12451e-05
6434,2.13641e-05
6435,2.14791e-05
6436,2.15952e-05
6437,2.17071e-05
6438,2.182e-05
6439,2.19286e-05
6440,2.2038e-05
6441,2.21431e-05
6442,2.22489e-05
6443,2.23501e-05
6444,2.2452e-05
6445,2.25492e-05
6446,2.26469e-05
6447,2.27398e-05
6448,2.2833e-05
6449,2.29214e-05
6450,2.30098e-05
6451,2.30934e-05
6452,2.31769e-05
6453,2.32552e-05
6454,2.33335e-05
6455,2.34065e-05
6456,2.34792e-05
6457,2.35466e-05
6458,2.36135e-05
6459,2.3675e-05
6460,2.37359e-05
6461,2.37913e-05
6462,2.3846e-05
6463,2.38951e-05
6464,2.39433e-05
6465,2.39859e-05
6466,2.40276e-05
6467,2.40635e-05
6468,2.40984e-05
6469,2.41289e-05
6470,2.41557e-05
6471,2.41858e-05
6472,2.42052e-05
6473,2.42285e-05
6474,2.42408e-05
6475,2.42571e-05
6476,2.42622e-05
6477,2.42713e-05
6478,2.42694e-05
6479,2.42714e-05
6480,2.42624e-05
6481,2.42574e-05
6482,2.42415e-05
6483,2.42296e-05
6484,2.4207e-05
6485,2.41885e-05
6486,2.41593e-05
6487,2.41344e-05
6488,2.40989e-05
6489,2.4068e-05
6490,2.40276e-05
6491,2.39899e-05
6492,2.39462e-05
6493,2.39031e-05
6494,2.38547e-05
6495,2.38069e-05
6496,2.3754e-05
6497,2.3702e-05
6498,2.36452e-05
6499,2.35894e-05
6500,2.35291e-05
6501,2.34702e-05
6502,2.3407e-05
6503,2.33455e-05
6504,2.32799e-05
6505,2.32163e-05
6506,2.3149e-05
6507,2.3084e-05
6508,2.30175e-05
6509,2.29525e-05
6510,2.28951e-05
6511,2.28302e-05
6512,2.27731e-05
6513,2.27088e-05
6514,2.26526e-05
6515,2.25895e-05
6516,2.25347e-05
6517,2.24731e-05
6518,2.24202e-05
6519,2.23612e-05
6520,2.23126e-05
6521,2.22691e-05
6522,2.22249e-05
6523,2.21842e-05
6524,2.21432e-05
6525,2.21056e-05
6526,2.20679e-05
6527,2.20339e-05
6528,2.20087e-05
6529,2.19815e-05
6530,2.19641e-05
6531,2.19403e-05
6532,2.19264e-05
6533,2.19062e-05
6534,2.1896e-05
6535,2.18795e-05
6536,2.18729e-05
6537,2.18702e-05
6538,2.18681e-05
6539,2.18687e-05
6540,2.18695e-05
6541,2.1873e-05
6542,2.18767e-05
6543,2.18832e-05
6544,2.18898e-05
6545,2.18992e-05
6546,2.19088e-05
6547,2.1921e-05
6548,2.1935e-05
6549,2.19499e-05
6550,2.19661e-05
6551,2.19831e-05
6552,2.20014e-05
6553,2.20205e-05
6554,2.20409e-05
6555,2.20637e-05
6556,2.20871e-05
6557,2.21129e-05
6558,2.21389e-05
6559,2.21676e-05
6560,2.21958e-05
6561,2.22326e-05
6562,2.22681e-05
6563,2.2304e-05
6564,2.23496e-05
6565,2.23888e-05
6566,2.24377e-05
6567,2.248e-05
6568,2.2532e-05
6569,2.2584e-05
6570,2.26438e-05
6571,2.27069e-05
6572,2.27702e-05
6573,2.28367e-05
6574,2.29033e-05
6575,2.29729e-05
6576,2.30561e-05
6577,2.3135e-05
6578,2.32228e-05
6579,2.33046e-05
6580,2.33952e-05
6581,2.34795e-05
6582,2.35724e-05
6583,2.36696e-05
6584,2.377e-05
6585,2.38734e-05
6586,2.39753e-05
6587,2.40799e-05
6588,2.41828e-05
6589,2.42881e-05
6590,2.43914e-05
6591,2.44968e-05
6592,2.46e-05
6593,2.47071e-05
6594,2.48163e-05
6595,2.49233e-05
6596,2.50365e-05
6597,2.51416e-05
6598,2.52526e-05
6599,2.5355e-05
6600,2.54632e-05
6601,2.55625e-05
6602,2.56673e-05
6603,2.57629e-05
6604,2.58637e-05
6605,2.59551e-05
6606,2.60514e-05
6607,2.61382e-05
6608,2.62295e-05
6609,2.63111e-05
6610,2.6397e-05
6611,2.6473e-05
6612,2.65532e-05
6613,2.66231e-05
6614,2.66971e-05
6615,2.67608e-05
6616,2.68282e-05
6617,2.68853e-05
6618,2.6946e-05
6619,2.69961e-05
6620,2.70498e-05
6621,2.70928e-05
6622,2.71393e-05
6623,2.7175e-05
6624,2.72142e-05
6625,2.72426e-05
6626,2.72743e-05
6627,2.72996e-05
6628,2.73241e-05
6629,2.73424e-05
6630,2.73595e-05
6631,2.73703e-05
6632,2.738e-05
6633,2.73835e-05
6634,2.73858e-05
6635,2.7382e-05
6636,2.7377e-05
6637,2.73659e-05
6638,2.73538e-05
6639,2.73356e-05
6640,2.73164e-05
6641,2.72912e-05
6642,2.72651e-05
6643,2.72331e-05
6644,2.72003e-05
6645,2.71617e-05
6646,2.71261e-05
6647,2.70806e-05
6648,2.7039e-05
6649,2.6987e-05
6650,2.69391e-05
6651,2.68808e-05
6652,2.68266e-05
6653,2.67623e-05
6654,2.67021e-05
6655,2.66319e-05
6656,2.6566e-05
6657,2.64901e-05
6658,2.64186e-05
6659,2.63372e-05
6660,2.62604e-05
6661,2.61781e-05
6662,2.60933e-05
6663,2.60136e-05
6664,2.59252e-05
6665,2.58403e-05
6666,2.57504e-05
6667,2.56615e-05
6668,2.55677e-05
6669,2.54749e-05
6670,2.53773e-05
6671,2.52807e-05
6672,2.51793e-05
6673,2.5079e-05
6674,2.49739e-05
6675,2.48699e-05
6676,2.47628e-05
6677,2.46594e-05
6678,2.45583e-05
6679,2.44524e-05
6680,2.43518e-05
6681,2.42422e-05
6682,2.41379e-05
6683,2.40246e-05
6684,2.39164e-05
6685,2.37991e-05
6686,2.36869e-05
6687,2.35656e-05
6688,2.34492e-05
6689,2.33237e-05
6690,2.32031e-05
6691,2.30831e-05
6692,2.29603e-05
6693,2.28402e-05
6694,2.27139e-05
6695,2.25888e-05
6696,2.24574e-05
6697,2.23271e-05
6698,2.21907e-05
6699,2.20552e-05
6700,2.19134e-05
6701,2.17727e-05
6702,2.16258e-05
6703,2.14798e-05
6704,2.13277e-05
6705,2.11765e-05
6706,2.10193e-05
6707,2.08631e-05
6708,2.07009e-05
6709,2.05398e-05
6710,2.03728e-05
6711,2.02071e-05
6712,2.00356e-05
6713,1.98654e-05
6714,1.96904e-05
6715,1.95154e-05
6716,1.93426e-05
6717,1.91637e-05
6718,1.90957e-05
6719,1.90936e-05
6720,1.90882e-05
6721,1.90916e-05
6722,1.90825e-05
6723,1.90822e-05
6724,1.90693e-05
6725,1.90652e-05
6726,1.90486e-05
6727,1.90408e-05
6728,1.90231e-05
6729,1.9009e-05
6730,1.89991e-05
6731,1.89769e-05
6732,1.89675e-05
6733,1.89477e-05
6734,1.89285e-05
6735,1.89104e-05
6736,1.88822e-05
6737,1.88651e-05
6738,1.88287e-05
6739,1.88119e-05
6740,1.87702e-05
6741,1.8751e-05
6742,1.87055e-05
6743,1.86825e-05
6744,1.86353e-05
6745,1.86068e-05
6746,1.85639e-05
6747,1.8524e-05
6748,1.84851e-05
6749,1.84356e-05
6750,1.83989e-05
6751,1.83459e-05
6752,1.83058e-05
6753,1.82493e-05
6754,1.82058e-05
6755,1.81462e-05
6756,1.80994e-05
6757,1.80389e-05
6758,1.79867e-05
6759,1.7926e-05
6760,1.78681e-05
6761,1.78078e-05
6762,1.77438e-05
6763,1.76846e-05
6764,1.76154e-05
6765,1.75566e-05
6766,1.74851e-05
6767,1.74241e-05
6768,1.73504e-05
6769,1.72873e-05
6770,1.72116e-05
6771,1.71466e-05
6772,1.7069e-05
6773,1.70022e-05
6774,1.69228e-05
6775,1.68543e-05
6776,1.67733e-05
6777,1.67033e-05
6778,1.66268e-05
6779,1.65495e-05
6780,1.64789e-05
6781,1.63996e-05
6782,1.63287e-05
6783,1.62485e-05
6784,1.61767e-05
6785,1.60955e-05
6786,1.60229e-05
6787,1.5941e-05
6788,1.58678e-05
6789,1.57865e-05
6790,1.5714e-05
6791,1.57245e-05
6792,1.57641e-05
6793,1.57815e-05
6794,1.58075e-05
6795,1.58321e-05
6796,1.58448e-05
6797,1.58765e-05
6798,1.58771e-05
6799,1.59147e-05
6800,1.59214e-05
6801,1.59472e-05
6802,1.59621e-05
6803,1.5974e-05
6804,1.59972e-05
6805,1.59954e-05
6806,1.60269e-05
6807,1.6024e-05
6808,1.60515e-05
6809,1.60571e-05
6810,1.60712e-05
6811,1.60853e-05
6812,1.60864e-05
6813,1.61088e-05
6814,1.60973e-05
6815,1.61277e-05
6816,1.61222e-05
6817,1.61424e-05
6818,1.61456e-05
6819,1.61533e-05
6820,1.61651e-05
6821,1.61608e-05
6822,1.6181e-05
6823,1.61693e-05
6824,1.61938e-05
6825,1.61894e-05
6826,1.62036e-05
6827,1.62064e-05
6828,1.62111e-05
6829,1.62206e-05
6830,1.62165e-05
6831,1.62324e-05
6832,1.62204e-05
6833,1.62423e-05
6834,1.62237e-05
6835,1.62508e-05
6836,1.6238e-05
6837,1.62582e-05
6838,1.6251e-05
6839,1.62651e-05
6840,1.6263e-05
6841,1.62719e-05
6842,1.62757e-05
6843,1.62791e-05
6844,1.6289e-05
6845,1.6287e-05
6846,1.63027e-05
6847,1.62962e-05
6848,1.63172e-05
6849,1.63069e-05
6850,1.63328e-05
6851,1.63206e-05
6852,1.63498e-05
6853,1.63368e-05
6854,1.63686e-05
6855,1.63569e-05
6856,1.63892e-05
6857,1.63796e-05
6858,1.6412e-05
6859,1.64041e-05
6860,1.64369e-05
6861,1.64305e-05
6862,1.64642e-05
6863,1.64589e-05
6864,1.64936e-05
6865,1.64893e-05
6866,1.65253e-05
6867,1.65216e-05
6868,1.65591e-05
6869,1.65558e-05
6870,1.65947e-05
6871,1.65916e-05
6872,1.6632e-05
6873,1.66289e-05
6874,1.66705e-05
6875,1.66674e-05
6876,1.67101e-05
6877,1.67067e-05
6878,1.67503e-05
6879,1.67491e-05
6880,1.67906e-05
6881,1.67915e-05
6882,1.68307e-05
6883,1.68335e-05
6884,1.68711e-05
6885,1.68744e-05
6886,1.69119e-05
6887,1.69139e-05
6888,1.69511e-05
6889,1.69513e-05
6890,1.69883e-05
6891,1.69863e-05
6892,1.7023e-05
6893,1.70183e-05
6894,1.70547e-05
6895,1.70468e-05
6896,1.7083e-05
6897,1.70716e-05
6898,1.71076e-05
6899,1.70944e-05
6900,1.7128e-05
6901,1.71136e-05
6902,1.7144e-05
6903,1.7128e-05
6904,1.71555e-05
6905,1.71381e-05
6906,1.7163e-05
6907,1.71446e-05
6908,1.7167e-05
6909,1.71464e-05
6910,1.71658e-05
6911,1.71433e-05
6912,1.71596e-05
6913,1.71354e-05
6914,1.71483e-05
6915,1.71229e-05
6916,1.71323e-05
6917,1.71059e-05
6918,1.71117e-05
6919,1.70846e-05
6920,1.70869e-05
6921,1.70595e-05
6922,1.70583e-05
6923,1.70309e-05
6924,1.70264e-05
6925,1.69991e-05
6926,1.69917e-05
6927,1.69649e-05
6928,1.69547e-05
6929,1.69286e-05
6930,1.69162e-05
6931,1.68909e-05
6932,1.68785e-05
6933,1.68524e-05
6934,1.68421e-05
6935,1.68138e-05
6936,1.68067e-05
6937,1.67758e-05
6938,1.67728e-05
6939,1.6739e-05
6940,1.67414e-05
6941,1.67066e-05
6942,1.67129e-05
6943,1.66862e-05
6944,1.66882e-05
6945,1.66704e-05
6946,1.66723e-05
6947,1.666e-05
6948,1.66628e-05
6949,1.66609e-05
6950,1.6659e-05
6951,1.66688e-05
6952,1.66614e-05
6953,1.66835e-05
6954,1.66815e-05
6955,1.67053e-05
6956,1.67167e-05
6957,1.67401e-05
6958,1.67606e-05
6959,1.67829e-05
6960,1.6817e-05
6961,1.6833e-05
6962,1.68806e-05
6963,1.69074e-05
6964,1.69512e-05
6965,1.69906e-05
6966,1.70284e-05
6967,1.70798e-05
6968,1.71117e-05
6969,1.71746e-05
6970,1.72148e-05
6971,1.72742e-05
6972,1.73235e-05
6973,1.7378e-05
6974,1.74354e-05
6975,1.74858e-05
6976,1.75495e-05
6977,1.75991e-05
6978,1.7665e-05
6979,1.77135e-05
6980,1.77808e-05
6981,1.78282e-05
6982,1.7896e-05
6983,1.79423e-05
6984,1.80097e-05
6985,1.80547e-05
6986,1.8122e-05
6987,1.81646e-05
6988,1.82308e-05
6989,1.82708e-05
6990,1.83346e-05
6991,1.83725e-05
6992,1.84327e-05
6993,1.84688e-05
6994,1.85242e-05
6995,1.85588e-05
6996,1.86083e-05
6997,1.86416e-05
6998,1.86842e-05
6999,1.87167e-05
7000,1.87513e-05
7001,1.87832e-05
7002,1.8809e-05
7003,1.88405e-05
7004,1.88568e-05
7005,1.88883e-05
7006,1.8895e-05
7007,1.89259e-05
7008,1.89233e-05
7009,1.89532e-05
7010,1.89428e-05
7011,1.89699e-05
7012,1.89603e-05
7013,1.89757e-05
7014,1.89672e-05
7015,1.89708e-05
7016,1.89633e-05
7017,1.8955e-05
7018,1.89487e-05
7019,1.8929e-05
7020,1.89234e-05
7021,1.88938e-05
7022,1.88877e-05
7023,1.88483e-05
7024,1.88417e-05
7025,1.87979e-05
7026,1.87858e-05
7027,1.87434e-05
7028,1.87208e-05
7029,1.86791e-05
7030,1.86474e-05
7031,1.86056e-05
7032,1.85652e-05
7033,1.85232e-05
7034,1.84747e-05
7035,1.84326e-05
7036,1.83764e-05
7037,1.83342e-05
7038,1.8271e-05
7039,1.82287e-05
7040,1.81592e-05
7041,1.81168e-05
7042,1.80416e-05
7043,1.79991e-05
7044,1.79198e-05
7045,1.78764e-05
7046,1.77947e-05
7047,1.77492e-05
7048,1.76663e-05
7049,1.76184e-05
7050,1.75353e-05
7051,1.74847e-05
7052,1.74025e-05
7053,1.73487e-05
7054,1.72685e-05
7055,1.72112e-05
7056,1.7134e-05
7057,1.7074e-05
7058,1.70012e-05
7059,1.69393e-05
7060,1.68713e-05
7061,1.68051e-05
7062,1.67429e-05
7063,1.66722e-05
7064,1.66163e-05
7065,1.65409e-05
7066,1.64921e-05
7067,1.64224e-05
7068,1.63706e-05
7069,1.63093e-05
7070,1.62522e-05
7071,1.61997e-05
7072,1.614e-05
7073,1.60944e-05
7074,1.6034e-05
7075,1.59962e-05
7076,1.59416e-05
7077,1.5902e-05
7078,1.58567e-05
7079,1.58118e-05
7080,1.57758e-05
7081,1.57257e-05
7082,1.56989e-05
7083,1.56545e-05
7084,1.56261e-05
7085,1.55905e-05
7086,1.55572e-05
7087,1.55303e-05
7088,1.54922e-05
7089,1.54736e-05
7090,1.54405e-05
7091,1.54205e-05
7092,1.53934e-05
7093,1.53706e-05
7094,1.53494e-05
7095,1.5324e-05
7096,1.53083e-05
7097,1.52861e-05
7098,1.52699e-05
7099,1.52536e-05
7100,1.5234e-05
7101,1.5223e-05
7102,1.52007e-05
7103,1.5194e-05
7104,1.51692e-05
7105,1.51663e-05
7106,1.5139e-05
7107,1.51397e-05
7108,1.51135e-05
7109,1.51137e-05
7110,1.50895e-05
7111,1.50881e-05
7112,1.50652e-05
7113,1.50625e-05
7114,1.50401e-05
7115,1.50365e-05
7116,1.5014e-05
7117,1.50099e-05
7118,1.4987e-05
7119,1.49822e-05
7120,1.49594e-05
7121,1.49532e-05
7122,1.49299e-05
7123,1.49225e-05
7124,1.48981e-05
7125,1.48899e-05
7126,1.48637e-05
7127,1.4855e-05
7128,1.48265e-05
7129,1.48176e-05
7130,1.47907e-05
7131,1.47775e-05
7132,1.47537e-05
7133,1.47344e-05
7134,1.47144e-05
7135,1.46881e-05
7136,1.46725e-05
7137,1.464e-05
7138,1.46278e-05
7139,1.45944e-05
7140,1.45803e-05
7141,1.45529e-05
7142,1.45299e-05
7143,1.4509e-05
7144,1.44765e-05
7145,1.44626e-05
7146,1.44351e-05
7147,1.44696e-05
7148,1.45133e-05
7149,1.45531e-05
7150,1.4602e-05
7151,1.46489e-05
7152,1.47024e-05
7153,1.47551e-05
7154,1.48136e-05
7155,1.48713e-05
7156,1.49347e-05
7157,1.49971e-05
7158,1.50652e-05
7159,1.51323e-05
7160,1.52049e-05
7161,1.52764e-05
7162,1.53532e-05
7163,1.54288e-05
7164,1.55096e-05
7165,1.5589e-05
7166,1.56734e-05
7167,1.57563e-05
7168,1.5844e-05
7169,1.59301e-05
7170,1.60208e-05
7171,1.61098e-05
7172,1.62031e-05
7173,1.62972e-05
7174,1.63908e-05
7175,1.64892e-05
7176,1.65847e-05
7177,1.66847e-05
7178,1.67818e-05
7179,1.68832e-05
7180,1.69814e-05
7181,1.70838e-05
7182,1.71827e-05
7183,1.72857e-05
7184,1.7385e-05
7185,1.74881e-05
7186,1.75874e-05
7187,1.76902e-05
7188,1.77892e-05
7189,1.78914e-05
7190,1.79896e-05
7191,1.80908e-05
7192,1.81879e-05
7193,1.82878e-05
7194,1.83834e-05
7195,1.84817e-05
7196,1.85754e-05
7197,1.86717e-05
7198,1.87633e-05
7199,1.88573e-05
7200,1.89465e-05
7201,1.90379e-05
7202,1.91244e-05
7203,1.9213e-05
7204,1.92966e-05
7205,1.93821e-05
7206,1.94624e-05
7207,1.95447e-05
7208,1.9623e-05
7209,1.97004e-05
7210,1.97794e-05
7211,1.98527e-05
7212,1.99283e-05
7213,1.99979e-05
7214,2.00695e-05
7215,2.01351e-05
7216,2.02027e-05
7217,2.02641e-05
7218,2.03275e-05
7219,2.03848e-05
7220,2.0444e-05
7221,2.0497e-05
7222,2.05519e-05
7223,2.06006e-05
7224,2.06512e-05
7225,2.06956e-05
7226,2.07418e-05
7227,2.07818e-05
7228,2.08237e-05
7229,2.08594e-05
7230,2.08969e-05
7231,2.09284e-05
7232,2.09616e-05
7233,2.09888e-05
7234,2.10179e-05
7235,2.10409e-05
7236,2.10658e-05
7237,2.10847e-05
7238,2.11056e-05
7239,2.11205e-05
7240,2.11374e-05
7241,2.11485e-05
7242,2.11616e-05
7243,2.11689e-05
7244,2.11782e-05
7245,2.11819e-05
7246,2.11877e-05
7247,2.11879e-05
7248,2.11902e-05
7249,2.11871e-05
7250,2.11861e-05
7251,2.11797e-05
7252,2.11756e-05
7253,2.11662e-05
7254,2.11591e-05
7255,2.11467e-05
7256,2.11368e-05
7257,2.11217e-05
7258,2.1109e-05
7259,2.10913e-05
7260,2.10761e-05
7261,2.1056e-05
7262,2.10384e-05
7263,2.10159e-05
7264,2.0996e-05
7265,2.09714e-05
7266,2.09495e-05
7267,2.09228e-05
7268,2.08989e-05
7269,2.08705e-05
7270,2.08448e-05
7271,2.08145e-05
7272,2.07872e-05
7273,2.07554e-05
7274,2.07265e-05
7275,2.06933e-05
7276,2.0663e-05
7277,2.06285e-05
7278,2.05969e-05
7279,2.05617e-05
7280,2.05286e-05
7281,2.04964e-05
7282,2.04615e-05
7283,2.04292e-05
7284,2.03935e-05
7285,2.03604e-05
7286,2.03239e-05
7287,2.02902e-05
7288,2.02532e-05
7289,2.02189e-05
7290,2.01814e-05
7291,2.01467e-05
7292,2.01089e-05
7293,2.0074e-05
7294,2.0036e-05
7295,2.00009e-05
7296,1.99629e-05
7297,1.99277e-05
7298,1.98898e-05
7299,1.98547e-05
7300,1.98169e-05
7301,1.97821e-05
7302,1.97446e-05
7303,1.97102e-05
7304,1.96731e-05
7305,1.9639e-05
7306,1.96024e-05
7307,1.95689e-05
7308,1.95329e-05
7309,1.95e-05
7310,1.94647e-05
7311,1.94324e-05
7312,1.93978e-05
7313,1.93663e-05
7314,1.93333e-05
7315,1.93016e-05
7316,1.92722e-05
7317,1.9239e-05
7318,1.92126e-05
7319,1.91802e-05
7320,1.91545e-05
7321,1.91228e-05
7322,1.90978e-05
7323,1.90667e-05
7324,1.90423e-05
7325,1.90118e-05
7326,1.8988e-05
7327,1.89579e-05
7328,1.89345e-05
7329,1.89048e-05
7330,1.88816e-05
7331,1.88521e-05
7332,1.88291e-05
7333,1.87996e-05
7334,1.87765e-05
7335,1.87469e-05
7336,1.87235e-05
7337,1.86935e-05
7338,1.86696e-05
7339,1.86391e-05
7340,1.86145e-05
7341,1.85831e-05
7342,1.85576e-05
7343,1.85252e-05
7344,1.84985e-05
7345,1.84648e-05
7346,1.84366e-05
7347,1.84014e-05
7348,1.83716e-05
7349,1.83346e-05
7350,1.83029e-05
7351,1.82639e-05
7352,1.82301e-05
7353,1.81889e-05
7354,1.81528e-05
7355,1.81116e-05
7356,1.80705e-05
7357,1.80326e-05
7358,1.79882e-05
7359,1.79488e-05
7360,1.79019e-05
7361,1.78599e-05
7362,1.78103e-05
7363,1.77657e-05
7364,1.77134e-05
7365,1.7666e-05
7366,1.76109e-05
7367,1.75607e-05
7368,1.75028e-05
7369,1.74498e-05
7370,1.73942e-05
7371,1.73397e-05
7372,1.72869e-05
7373,1.72301e-05
7374,1.71751e-05
7375,1.71161e-05
7376,1.70588e-05
7377,1.69977e-05
7378,1.69383e-05
7379,1.68804e-05
7380,1.68227e-05
7381,1.67674e-05
7382,1.67079e-05
7383,1.66513e-05
7384,1.65904e-05
7385,1.65349e-05
7386,1.64727e-05
7387,1.64159e-05
7388,1.63655e-05
7389,1.63085e-05
7390,1.62571e-05
7391,1.6199e-05
7392,1.61466e-05
7393,1.62121e-05
7394,1.62938e-05
7395,1.63859e-05
7396,1.6467e-05
7397,1.65585e-05
7398,1.6639e-05
7399,1.67298e-05
7400,1.68096e-05
7401,1.68997e-05
7402,1.69787e-05
7403,1.70679e-05
7404,1.71461e-05
7405,1.72345e-05
7406,1.73118e-05
7407,1.73993e-05
7408,1.74756e-05
7409,1.75622e-05
7410,1.76376e-05
7411,1.77231e-05
7412,1.77996e-05
7413,1.78821e-05
7414,1.79608e-05
7415,1.80391e-05
7416,1.81202e-05
7417,1.81944e-05
7418,1.82777e-05
7419,1.83509e-05
7420,1.84332e-05
7421,1.85053e-05
7422,1.85865e-05
7423,1.86576e-05
7424,1.87377e-05
7425,1.88075e-05
7426,1.88865e-05
7427,1.89551e-05
7428,1.90328e-05
7429,1.91012e-05
7430,1.91765e-05
7431,1.92449e-05
7432,1.93175e-05
7433,1.93856e-05
7434,1.94555e-05
7435,1.95233e-05
7436,1.95905e-05
7437,1.96588e-05
7438,1.97268e-05
7439,1.9794e-05
7440,1.98602e-05
7441,1.99255e-05
7442,1.99898e-05
7443,2.00531e-05
7444,2.01154e-05
7445,2.01767e-05
7446,2.02368e-05
7447,2.02959e-05
7448,2.03539e-05
7449,2.04107e-05
7450,2.04664e-05
7451,2.05209e-05
7452,2.05742e-05
7453,2.06263e-05
7454,2.06771e-05
7455,2.07266e-05
7456,2.0775e-05
7457,2.08219e-05
7458,2.08676e-05
7459,2.09119e-05
7460,2.09549e-05
7461,2.09965e-05
7462,2.10368e-05
7463,2.10762e-05
7464,2.11161e-05
7465,2.11537e-05
7466,2.11907e-05
7467,2.12255e-05
7468,2.12596e-05
7469,2.12915e-05
7470,2.13227e-05
7471,2.13517e-05
7472,2.13798e-05
7473,2.14058e-05
7474,2.1431e-05
7475,2.1454e-05
7476,2.14761e-05
7477,2.14961e-05
7478,2.15152e-05
7479,2.1532e-05
7480,2.1548e-05
7481,2.15618e-05
7482,2.15747e-05
7483,2.15854e-05
7484,2.15951e-05
7485,2.16026e-05
7486,2.16091e-05
7487,2.16135e-05
7488,2.16168e-05
7489,2.1618e-05
7490,2.16181e-05
7491,2.1616e-05
7492,2.16128e-05
7493,2.16075e-05
7494,2.1601e-05
7495,2.15924e-05
7496,2.15826e-05
7497,2.15707e-05
7498,2.15576e-05
7499,2.15423e-05
7500,2.15258e-05
7501,2.15077e-05
7502,2.14883e-05
7503,2.14664e-05
7504,2.14454e-05
7505,2.142e-05
7506,2.13959e-05
7507,2.13673e-05
7508,2.13398e-05
7509,2.13076e-05
7510,2.1277e-05
7511,2.12409e-05
7512,2.12076e-05
7513,2.11673e-05
7514,2.11317e-05
7515,2.10872e-05
7516,2.10493e-05
7517,2.10016e-05
7518,2.09605e-05
7519,2.09096e-05
7520,2.08653e-05
7521,2.08114e-05
7522,2.07641e-05
7523,2.07072e-05
7524,2.06569e-05
7525,2.05971e-05
7526,2.0544e-05
7527,2.04814e-05
7528,2.04257e-05
7529,2.03604e-05
7530,2.03021e-05
7531,2.0238e-05
7532,2.01757e-05
7533,2.01118e-05
7534,2.00472e-05
7535,1.99811e-05
7536,1.99145e-05
7537,1.98465e-05
7538,1.9778e-05
7539,1.97084e-05
7540,1.96382e-05
7541,1.9567e-05
7542,1.94954e-05
7543,1.94229e-05
7544,1.93503e-05
7545,1.92789e-05
7546,1.92079e-05
7547,1.91356e-05
7548,1.90638e-05
7549,1.89909e-05
7550,1.89185e-05
7551,1.88453e-05
7552,1.87723e-05
7553,1.87034e-05
7554,1.86276e-05
7555,1.85611e-05
7556,1.84852e-05
7557,1.84188e-05
7558,1.83431e-05
7559,1.82769e-05
7560,1.82018e-05
7561,1.81358e-05
7562,1.80659e-05
7563,1.79957e-05
7564,1.79309e-05
7565,1.78586e-05
7566,1.77971e-05
7567,1.77255e-05
7568,1.76647e-05
7569,1.75938e-05
7570,1.75338e-05
7571,1.74639e-05
7572,1.74048e-05
7573,1.73357e-05
7574,1.72776e-05
7575,1.72096e-05
7576,1.71525e-05
7577,1.70876e-05
7578,1.70294e-05
7579,1.69684e-05
7580,1.69085e-05
7581,1.68512e-05
7582,1.67922e-05
7583,1.67358e-05
7584,1.66778e-05
7585,1.66224e-05
7586,1.65652e-05
7587,1.65107e-05
7588,1.64544e-05
7589,1.64007e-05
7590,1.63452e-05
7591,1.62923e-05
7592,1.62376e-05
7593,1.61854e-05
7594,1.61313e-05
7595,1.60797e-05
7596,1.60262e-05
7597,1.59752e-05
7598,1.59221e-05
7599,1.58716e-05
7600,1.58189e-05
7601,1.57687e-05
7602,1.57163e-05
7603,1.56663e-05
7604,1.56141e-05
7605,1.55644e-05
7606,1.55123e-05
7607,1.54626e-05
7608,1.54105e-05
7609,1.53608e-05
7610,1.53087e-05
7611,1.52589e-05
7612,1.52066e-05
7613,1.51567e-05
7614,1.51043e-05
7615,1.50542e-05
7616,1.50015e-05
7617,1.49511e-05
7618,1.48981e-05
7619,1.48475e-05
7620,1.47952e-05
7621,1.47439e-05
7622,1.46936e-05
7623,1.46419e-05
7624,1.45913e-05
7625,1.45392e-05
7626,1.44883e-05
7627,1.44359e-05
7628,1.43846e-05
7629,1.43319e-05
7630,1.42803e-05
7631,1.42273e-05
7632,1.41755e-05
7633,1.41222e-05
7634,1.40702e-05
7635,1.40168e-05
7636,1.39647e-05
7637,1.39112e-05
7638,1.38591e-05
7639,1.38055e-05
7640,1.37534e-05
7641,1.37024e-05
7642,1.3648e-05
7643,1.36004e-05
7644,1.35447e-05
7645,1.34991e-05
7646,1.34438e-05
7647,1.33986e-05
7648,1.33437e-05
7649,1.3299e-05
7650,1.32447e-05
7651,1.32006e-05
7652,1.31469e-05
7653,1.31278e-05
7654,1.31854e-05
7655,1.32351e-05
7656,1.32891e-05
7657,1.33412e-05
7658,1.33916e-05
7659,1.34457e-05
7660,1.34925e-05
7661,1.35486e-05
7662,1.35936e-05
7663,1.36495e-05
7664,1.36944e-05
7665,1.37502e-05
7666,1.37932e-05
7667,1.38498e-05
7668,1.38898e-05
7669,1.39467e-05
7670,1.39838e-05
7671,1.40407e-05
7672,1.40751e-05
7673,1.41316e-05
7674,1.41648e-05
7675,1.42191e-05
7676,1.42515e-05
7677,1.4303e-05
7678,1.43358e-05
7679,1.43831e-05
7680,1.44163e-05
7681,1.44603e-05
7682,1.44928e-05
7683,1.45342e-05
7684,1.45652e-05
7685,1.46037e-05
7686,1.46334e-05
7687,1.46685e-05
7688,1.46972e-05
7689,1.47288e-05
7690,1.47566e-05
7691,1.47843e-05
7692,1.48115e-05
7693,1.48351e-05
7694,1.4862e-05
7695,1.48813e-05
7696,1.4908e-05
7697,1.49229e-05
7698,1.49497e-05
7699,1.49601e-05
7700,1.49872e-05
7701,1.49955e-05
7702,1.50205e-05
7703,1.50308e-05
7704,1.505e-05
7705,1.50623e-05
7706,1.50759e-05
7707,1.50902e-05
7708,1.50983e-05
7709,1.51148e-05
7710,1.51175e-05
7711,1.51363e-05
7712,1.5134e-05
7713,1.5155e-05
7714,1.51536e-05
7715,1.52173e-05
7716,1.53008e-05
7717,1.53874e-05
7718,1.54675e-05
7719,1.55527e-05
7720,1.56302e-05
7721,1.57128e-05
7722,1.57875e-05
7723,1.58673e-05
7724,1.59392e-05
7725,1.6016e-05
7726,1.60849e-05
7727,1.61587e-05
7728,1.62289e-05
7729,1.62999e-05
7730,1.63714e-05
7731,1.64391e-05
7732,1.65073e-05
7733,1.65717e-05
7734,1.66363e-05
7735,1.66973e-05
7736,1.67585e-05
7737,1.68159e-05
7738,1.68735e-05
7739,1.69298e-05
7740,1.69841e-05
7741,1.70379e-05
7742,1.70885e-05
7743,1.71384e-05
7744,1.71851e-05
7745,1.72311e-05
7746,1.7274e-05
7747,1.73161e-05
7748,1.73549e-05
7749,1.73931e-05
7750,1.74285e-05
7751,1.74654e-05
7752,1.74988e-05
7753,1.75296e-05
7754,1.75605e-05
7755,1.75855e-05
7756,1.76135e-05
7757,1.76332e-05
7758,1.76576e-05
7759,1.76726e-05
7760,1.76929e-05
7761,1.77036e-05
7762,1.77193e-05
7763,1.77263e-05
7764,1.77368e-05
7765,1.77407e-05
7766,1.77453e-05
7767,1.77469e-05
7768,1.77449e-05
7769,1.77448e-05
7770,1.77369e-05
7771,1.77345e-05
7772,1.77225e-05
7773,1.7716e-05
7774,1.77001e-05
7775,1.76896e-05
7776,1.76697e-05
7777,1.76552e-05
7778,1.76328e-05
7779,1.76131e-05
7780,1.75934e-05
7781,1.75674e-05
7782,1.75471e-05
7783,1.75177e-05
7784,1.74939e-05
7785,1.74642e-05
7786,1.74381e-05
7787,1.74128e-05
7788,1.7384e-05
7789,1.7356e-05
7790,1.73281e-05
7791,1.73004e-05
7792,1.72744e-05
7793,1.72445e-05
7794,1.72162e-05
7795,1.71855e-05
7796,1.71591e-05
7797,1.71381e-05
7798,1.71099e-05
7799,1.70872e-05
7800,1.70683e-05
7801,1.70444e-05
7802,1.7026e-05
7803,1.70041e-05
7804,1.69895e-05
7805,1.69777e-05
7806,1.69619e-05
7807,1.69489e-05
7808,1.69353e-05
7809,1.69268e-05
7810,1.69238e-05
7811,1.69143e-05
7812,1.69102e-05
7813,1.68997e-05
7814,1.68988e-05
7815,1.69022e-05
7816,1.69014e-05
7817,1.69037e-05
7818,1.69018e-05
7819,1.69053e-05
7820,1.69042e-05
7821,1.69082e-05
7822,1.69179e-05
7823,1.69215e-05
7824,1.69303e-05
7825,1.69362e-05
7826,1.69451e-05
7827,1.69496e-05
7828,1.6957e-05
7829,1.69601e-05
7830,1.6966e-05
7831,1.69713e-05
7832,1.69778e-05
7833,1.69897e-05
7834,1.69955e-05
7835,1.70061e-05
7836,1.70102e-05
7837,1.70191e-05
7838,1.70214e-05
7839,1.70286e-05
7840,1.70293e-05
7841,1.70348e-05
7842,1.70339e-05
7843,1.70378e-05
7844,1.70352e-05
7845,1.70376e-05
7846,1.70394e-05
7847,1.70385e-05
7848,1.70427e-05
7849,1.70401e-05
7850,1.70425e-05
7851,1.70381e-05
7852,1.70389e-05
7853,1.70329e-05
7854,1.7032e-05
7855,1.70243e-05
7856,1.70218e-05
7857,1.70126e-05
7858,1.70085e-05
7859,1.69978e-05
7860,1.69922e-05
7861,1.69799e-05
7862,1.69728e-05
7863,1.6959e-05
7864,1.69504e-05
7865,1.69355e-05
7866,1.69267e-05
7867,1.69129e-05
7868,1.69029e-05
7869,1.68878e-05
7870,1.68765e-05
7871,1.68602e-05
7872,1.68476e-05
7873,1.683e-05
7874,1.68161e-05
7875,1.67972e-05
7876,1.6783e-05
7877,1.67648e-05
7878,1.67522e-05
7879,1.67327e-05
7880,1.67188e-05
7881,1.6698e-05
7882,1.66826e-05
7883,1.66603e-05
7884,1.66434e-05
7885,1.66223e-05
7886,1.66206e-05
7887,1.66438e-05
7888,1.66813e-05
7889,1.67061e-05
7890,1.67354e-05
7891,1.67608e-05
7892,1.67821e-05
7893,1.68076e-05
7894,1.68214e-05
7895,1.68464e-05
7896,1.68534e-05
7897,1.6877e-05
7898,1.68778e-05
7899,1.68993e-05
7900,1.68944e-05
7901,1.69131e-05
7902,1.69033e-05
7903,1.69186e-05
7904,1.69042e-05
7905,1.69155e-05
7906,1.68972e-05
7907,1.6906e-05
7908,1.68823e-05
7909,1.68884e-05
7910,1.68595e-05
7911,1.68627e-05
7912,1.68316e-05
7913,1.68289e-05
7914,1.67963e-05
7915,1.6787e-05
7916,1.67534e-05
7917,1.67372e-05
7918,1.67032e-05
7919,1.66797e-05
7920,1.66457e-05
7921,1.66172e-05
7922,1.65815e-05
7923,1.65481e-05
7924,1.65136e-05
7925,1.6472e-05
7926,1.6439e-05
7927,1.63891e-05
7928,1.6358e-05
7929,1.63001e-05
7930,1.62709e-05
7931,1.62104e-05
7932,1.61813e-05
7933,1.61246e-05
7934,1.60862e-05
7935,1.60335e-05
7936,1.59857e-05
7937,1.59373e-05
7938,1.58803e-05
7939,1.58364e-05
7940,1.57704e-05
7941,1.57312e-05
7942,1.56692e-05
7943,1.56221e-05
7944,1.55669e-05
7945,1.55121e-05
7946,1.54629e-05
7947,1.53988e-05
7948,1.53557e-05
7949,1.5295e-05
7950,1.52455e-05
7951,1.51917e-05
7952,1.5133e-05
7953,1.50859e-05
7954,1.50246e-05
7955,1.4978e-05
7956,1.4924e-05
7957,1.48685e-05
7958,1.48217e-05
7959,1.47626e-05
7960,1.47179e-05
7961,1.46662e-05
7962,1.46131e-05
7963,1.45685e-05
7964,1.45119e-05
7965,1.44699e-05
7966,1.44204e-05
7967,1.43709e-05
7968,1.4328e-05
7969,1.42754e-05
7970,1.42351e-05
7971,1.41897e-05
7972,1.41421e-05
7973,1.41038e-05
7974,1.40584e-05
7975,1.4018e-05
7976,1.39781e-05
7977,1.39328e-05
7978,1.38977e-05
7979,1.38502e-05
7980,1.38176e-05
7981,1.37768e-05
7982,1.37381e-05
7983,1.37038e-05
7984,1.36613e-05
7985,1.36314e-05
7986,1.35918e-05
7987,1.35601e-05
7988,1.35234e-05
7989,1.34901e-05
7990,1.34588e-05
7991,1.34238e-05
7992,1.33953e-05
7993,1.33611e-05
7994,1.33333e-05
7995,1.32993e-05
7996,1.3273e-05
7997,1.32387e-05
7998,1.32147e-05
7999,1.3183e-05
8000,1.31588e-05
8001,1.31299e-05
8002,1.31053e-05
8003,1.30787e-05
8004,1.30546e-05
8005,1.30326e-05
8006,1.30103e-05
8007,1.29911e-05
8008,1.29719e-05
8009,1.29533e-05
8010,1.29414e-05
8011,1.29305e-05
8012,1.29224e-05
8013,1.29175e-05
8014,1.29157e-05
8015,1.29166e-05
8016,1.29232e-05
8017,1.29286e-05
8018,1.29349e-05
8019,1.29467e-05
8020,1.29528e-05
8021,1.29686e-05
8022,1.298e-05
8023,1.29939e-05
8024,1.30104e-05
8025,1.30224e-05
8026,1.30435e-05
8027,1.30535e-05
8028,1.3079e-05
8029,1.3093e-05
8030,1.31164e-05
8031,1.3135e-05
8032,1.31563e-05
8033,1.31785e-05
8034,1.31983e-05
8035,1.3223e-05
8036,1.32413e-05
8037,1.32681e-05
8038,1.32848e-05
8039,1.33134e-05
8040,1.33286e-05
8041,1.33584e-05
8042,1.33721e-05
8043,1.34047e-05
8044,1.34188e-05
8045,1.34515e-05
8046,1.34656e-05
8047,1.34972e-05
8048,1.35121e-05
8049,1.35413e-05
8050,1.35594e-05
8051,1.35851e-05
8052,1.36046e-05
8053,1.36288e-05
8054,1.36474e-05
8055,1.36701e-05
8056,1.36876e-05
8057,1.37085e-05
8058,1.3725e-05
8059,1.37439e-05
8060,1.37624e-05
8061,1.37763e-05
8062,1.37966e-05
8063,1.38082e-05
8064,1.38271e-05
8065,1.38362e-05
8066,1.38538e-05
8067,1.386e-05
8068,1.38765e-05
8069,1.38795e-05
8070,1.38976e-05
8071,1.38946e-05
8072,1.39141e-05
8073,1.3907e-05
8074,1.3926e-05
8075,1.39159e-05
8076,1.39331e-05
8077,1.39227e-05
8078,1.39354e-05
8079,1.39249e-05
8080,1.39328e-05
8081,1.39226e-05
8082,1.39252e-05
8083,1.39157e-05
8084,1.39127e-05
8085,1.39042e-05
8086,1.38952e-05
8087,1.38879e-05
8088,1.38728e-05
8089,1.3867e-05
8090,1.38453e-05
8091,1.38413e-05
8092,1.38128e-05
8093,1.38109e-05
8094,1.37816e-05
8095,1.37757e-05
8096,1.37489e-05
8097,1.37356e-05
8098,1.37114e-05
8099,1.36907e-05
8100,1.36691e-05
8101,1.36409e-05
8102,1.3622e-05
8103,1.35871e-05
8104,1.35701e-05
8105,1.35301e-05
8106,1.35157e-05
8107,1.34714e-05
8108,1.3477e-05
8109,1.35157e-05
8110,1.35555e-05
8111,1.3589e-05
8112,1.36235e-05
8113,1.36517e-05
8114,1.36807e-05
8115,1.37036e-05
8116,1.37274e-05
8117,1.37449e-05
8118,1.37635e-05
8119,1.37759e-05
8120,1.37894e-05
8121,1.37967e-05
8122,1.38052e-05
8123,1.38077e-05
8124,1.38113e-05
8125,1.3809e-05
8126,1.3808e-05
8127,1.38011e-05
8128,1.37956e-05
8129,1.37844e-05
8130,1.37745e-05
8131,1.37591e-05
8132,1.37452e-05
8133,1.37259e-05
8134,1.37081e-05
8135,1.36907e-05
8136,1.36687e-05
8137,1.36507e-05
8138,1.36254e-05
8139,1.36042e-05
8140,1.35759e-05
8141,1.35518e-05
8142,1.35207e-05
8143,1.34938e-05
8144,1.346e-05
8145,1.34307e-05
8146,1.33971e-05
8147,1.33667e-05
8148,1.33321e-05
8149,1.32996e-05
8150,1.3263e-05
8151,1.32286e-05
8152,1.31908e-05
8153,1.31542e-05
8154,1.31787e-05
8155,1.3274e-05
8156,1.33704e-05
8157,1.34629e-05
8158,1.35566e-05
8159,1.36472e-05
8160,1.37422e-05
8161,1.38295e-05
8162,1.39209e-05
8163,1.40045e-05
8164,1.40921e-05
8165,1.41719e-05
8166,1.42554e-05
8167,1.43309e-05
8168,1.44102e-05
8169,1.44813e-05
8170,1.45559e-05
8171,1.46253e-05
8172,1.46963e-05
8173,1.47625e-05
8174,1.48285e-05
8175,1.48912e-05
8176,1.49516e-05
8177,1.50114e-05
8178,1.50666e-05
8179,1.51211e-05
8180,1.51712e-05
8181,1.52204e-05
8182,1.52651e-05
8183,1.53091e-05
8184,1.53485e-05
8185,1.53908e-05
8186,1.54254e-05
8187,1.54636e-05
8188,1.54928e-05
8189,1.55258e-05
8190,1.55499e-05
8191,1.55778e-05
8192,1.55969e-05
8193,1.56198e-05
8194,1.5634e-05
8195,1.56521e-05
8196,1.56617e-05
8197,1.56752e-05
8198,1.56803e-05
8199,1.56896e-05
8200,1.56946e-05
8201,1.57017e-05
8202,1.57083e-05
8203,1.57118e-05
8204,1.57149e-05
8205,1.57152e-05
8206,1.57152e-05
8207,1.57126e-05
8208,1.57098e-05
8209,1.57047e-05
8210,1.56996e-05
8211,1.56923e-05
8212,1.56896e-05
8213,1.56862e-05
8214,1.56808e-05
8215,1.56823e-05
8216,1.56759e-05
8217,1.56765e-05
8218,1.56694e-05
8219,1.56695e-05
8220,1.56621e-05
8221,1.56627e-05
8222,1.56676e-05
8223,1.56728e-05
8224,1.5678e-05
8225,1.56837e-05
8226,1.56895e-05
8227,1.5696e-05
8228,1.57047e-05
8229,1.57176e-05
8230,1.57296e-05
8231,1.57513e-05
8232,1.57644e-05
8233,1.57874e-05
8234,1.58081e-05
8235,1.58267e-05
8236,1.58563e-05
8237,1.58762e-05
8238,1.59071e-05
8239,1.59284e-05
8240,1.59607e-05
8241,1.5989e-05
8242,1.60227e-05
8243,1.6056e-05
8244,1.60936e-05
8245,1.61279e-05
8246,1.61666e-05
8247,1.62018e-05
8248,1.62416e-05
8249,1.62779e-05
8250,1.63187e-05
8251,1.63561e-05
8252,1.6398e-05
8253,1.64364e-05
8254,1.64794e-05
8255,1.65188e-05
8256,1.65628e-05
8257,1.66032e-05
8258,1.66481e-05
8259,1.66895e-05
8260,1.67353e-05
8261,1.67775e-05
8262,1.68241e-05
8263,1.68671e-05
8264,1.69144e-05
8265,1.6958e-05
8266,1.70059e-05
8267,1.705e-05
8268,1.70984e-05
8269,1.71428e-05
8270,1.71916e-05
8271,1.72362e-05
8272,1.7285e-05
8273,1.73297e-05
8274,1.73785e-05
8275,1.74277e-05
8276,1.74753e-05
8277,1.75255e-05
8278,1.75728e-05
8279,1.76226e-05
8280,1.76693e-05
8281,1.77184e-05
8282,1.77643e-05
8283,1.78126e-05
8284,1.78574e-05
8285,1.79045e-05
8286,1.79495e-05
8287,1.79955e-05
8288,1.80424e-05
8289,1.80867e-05
8290,1.81317e-05
8291,1.8174e-05
8292,1.82169e-05
8293,1.82572e-05
8294,1.82974e-05
8295,1.83392e-05
8296,1.83735e-05
8297,1.84158e-05
8298,1.84471e-05
8299,1.84863e-05
8300,1.85144e-05
8301,1.85503e-05
8302,1.85768e-05
8303,1.86073e-05
8304,1.86341e-05
8305,1.86568e-05
8306,1.86835e-05
8307,1.87009e-05
8308,1.87247e-05
8309,1.87378e-05
8310,1.87572e-05
8311,1.87659e-05
8312,1.87809e-05
8313,1.8785e-05
8314,1.87953e-05
8315,1.87947e-05
8316,1.88003e-05
8317,1.8795e-05
8318,1.87957e-05
8319,1.87855e-05
8320,1.87815e-05
8321,1.87664e-05
8322,1.87575e-05
8323,1.87375e-05
8324,1.87237e-05
8325,1.86992e-05
8326,1.86803e-05
8327,1.8653e-05
8328,1.86273e-05
8329,1.85971e-05
8330,1.8565e-05
8331,1.85317e-05
8332,1.8495e-05
8333,1.84571e-05
8334,1.84177e-05
8335,1.8376e-05
8336,1.83322e-05
8337,1.82862e-05
8338,1.82383e-05
8339,1.81881e-05
8340,1.81362e-05
8341,1.80821e-05
8342,1.80263e-05
8343,1.79685e-05
8344,1.79092e-05
8345,1.78479e-05
8346,1.77852e-05
8347,1.77207e-05
8348,1.7655e-05
8349,1.75875e-05
8350,1.76305e-05
8351,1.77125e-05
8352,1.77898e-05
8353,1.78704e-05
8354,1.79462e-05
8355,1.80252e-05
8356,1.81048e-05
8357,1.81811e-05
8358,1.82619e-05
8359,1.83377e-05
8360,1.84179e-05
8361,1.84921e-05
8362,1.85706e-05
8363,1.86431e-05
8364,1.87199e-05
8365,1.87906e-05
8366,1.88656e-05
8367,1.89357e-05
8368,1.90104e-05
8369,1.90803e-05
8370,1.91531e-05
8371,1.92211e-05
8372,1.92919e-05
8373,1.93579e-05
8374,1.94267e-05
8375,1.9491e-05
8376,1.95609e-05
8377,1.96246e-05
8378,1.96924e-05
8379,1.97589e-05
8380,1.98225e-05
8381,1.98901e-05
8382,1.9954e-05
8383,2.00212e-05
8384,2.00836e-05
8385,2.01484e-05
8386,2.02083e-05
8387,2.02705e-05
8388,2.03279e-05
8389,2.03889e-05
8390,2.04454e-05
8391,2.05059e-05
8392,2.05597e-05
8393,2.06173e-05
8394,2.06681e-05
8395,2.07226e-05
8396,2.07722e-05
8397,2.08243e-05
8398,2.08781e-05
8399,2.09267e-05
8400,2.09769e-05
8401,2.10219e-05
8402,2.10685e-05
8403,2.11097e-05
8404,2.11528e-05
8405,2.11913e-05
8406,2.12332e-05
8407,2.12675e-05
8408,2.13051e-05
8409,2.13351e-05
8410,2.13684e-05
8411,2.13939e-05
8412,2.14226e-05
8413,2.14436e-05
8414,2.14677e-05
8415,2.1484e-05
8416,2.15032e-05
8417,2.15147e-05
8418,2.15291e-05
8419,2.15357e-05
8420,2.15451e-05
8421,2.15466e-05
8422,2.1551e-05
8423,2.15474e-05
8424,2.15466e-05
8425,2.15378e-05
8426,2.15318e-05
8427,2.15178e-05
8428,2.15065e-05
8429,2.14873e-05
8430,2.14707e-05
8431,2.14461e-05
8432,2.14241e-05
8433,2.13942e-05
8434,2.13669e-05
8435,2.13317e-05
8436,2.12991e-05
8437,2.12585e-05
8438,2.12206e-05
8439,2.11747e-05
8440,2.11316e-05
8441,2.10819e-05
8442,2.10321e-05
8443,2.09824e-05
8444,2.09262e-05
8445,2.0873e-05
8446,2.08118e-05
8447,2.07538e-05
8448,2.06878e-05
8449,2.06254e-05
8450,2.05574e-05
8451,2.04908e-05
8452,2.04183e-05
8453,2.03473e-05
8454,2.02705e-05
8455,2.01952e-05
8456,2.01141e-05
8457,2.00346e-05
8458,1.99494e-05
8459,1.98659e-05
8460,1.97769e-05
8461,1.96913e-05
8462,1.96032e-05
8463,1.95129e-05
8464,1.94263e-05
8465,1.93325e-05
8466,1.92425e-05
8467,1.91454e-05
8468,1.90521e-05
8469,1.89536e-05
8470,1.88587e-05
8471,1.87587e-05
8472,1.86609e-05
8473,1.85581e-05
8474,1.84577e-05
8475,1.83524e-05
8476,1.82496e-05
8477,1.8142e-05
8478,1.80379e-05
8479,1.79295e-05
8480,1.78251e-05
8481,1.77147e-05
8482,1.76085e-05
8483,1.74965e-05
8484,1.73888e-05
8485,1.72754e-05
8486,1.71663e-05
8487,1.7052e-05
8488,1.69418e-05
8489,1.68322e-05
8490,1.67196e-05
8491,1.66102e-05
8492,1.64967e-05
8493,1.63866e-05
8494,1.62725e-05
8495,1.6162e-05
8496,1.60476e-05
8497,1.59368e-05
8498,1.58224e-05
8499,1.57118e-05
8500,1.55976e-05
8501,1.54874e-05
8502,1.53738e-05
8503,1.52642e-05
8504,1.51515e-05
8505,1.50429e-05
8506,1.49313e-05
8507,1.4824e-05
8508,1.47138e-05
8509,1.4608e-05
8510,1.44995e-05
8511,1.43955e-05
8512,1.4289e-05
8513,1.42514e-05
8514,1.4263e-05
8515,1.42865e-05
8516,1.42936e-05
8517,1.43125e-05
8518,1.43187e-05
8519,1.43287e-05
8520,1.43347e-05
8521,1.43347e-05
8522,1.43405e-05
8523,1.43332e-05
8524,1.43356e-05
8525,1.43229e-05
8526,1.43198e-05
8527,1.43015e-05
8528,1.42927e-05
8529,1.42687e-05
8530,1.42543e-05
8531,1.42263e-05
8532,1.42047e-05
8533,1.41766e-05
8534,1.41493e-05
8535,1.41155e-05
8536,1.40825e-05
8537,1.40431e-05
8538,1.40045e-05
8539,1.39595e-05
8540,1.39154e-05
8541,1.3865e-05
8542,1.38156e-05
8543,1.37631e-05
8544,1.37085e-05
8545,1.36537e-05
8546,1.35941e-05
8547,1.35345e-05
8548,1.34703e-05
8549,1.34062e-05
8550,1.33376e-05
8551,1.32694e-05
8552,1.31967e-05
8553,1.31246e-05
8554,1.30483e-05
8555,1.2973e-05
8556,1.28984e-05
8557,1.29279e-05
8558,1.29825e-05
8559,1.30326e-05
8560,1.30889e-05
8561,1.31445e-05
8562,1.31943e-05
8563,1.32539e-05
8564,1.33084e-05
8565,1.33604e-05
8566,1.34195e-05
8567,1.34703e-05
8568,1.35273e-05
8569,1.35818e-05
8570,1.36312e-05
8571,1.36895e-05
8572,1.3736e-05
8573,1.37929e-05
8574,1.38426e-05
8575,1.38917e-05
8576,1.39444e-05
8577,1.39856e-05
8578,1.40411e-05
8579,1.40814e-05
8580,1.41323e-05
8581,1.41745e-05
8582,1.42179e-05
8583,1.42616e-05
8584,1.42975e-05
8585,1.43424e-05
8586,1.43708e-05
8587,1.44167e-05
8588,1.44405e-05
8589,1.44841e-05
8590,1.45081e-05
8591,1.45444e-05
8592,1.45682e-05
8593,1.45973e-05
8594,1.46207e-05
8595,1.46426e-05
8596,1.46653e-05
8597,1.46801e-05
8598,1.47018e-05
8599,1.47097e-05
8600,1.473e-05
8601,1.47311e-05
8602,1.47498e-05
8603,1.47441e-05
8604,1.47611e-05
8605,1.47533e-05
8606,1.47637e-05
8607,1.47543e-05
8608,1.47581e-05
8609,1.47464e-05
8610,1.47439e-05
8611,1.47296e-05
8612,1.4721e-05
8613,1.47039e-05
8614,1.46894e-05
8615,1.46694e-05
8616,1.46493e-05
8617,1.46263e-05
8618,1.46007e-05
8619,1.45747e-05
8620,1.45438e-05
8621,1.45147e-05
8622,1.44788e-05
8623,1.44468e-05
8624,1.44059e-05
8625,1.4371e-05
8626,1.43255e-05
8627,1.42878e-05
8628,1.42379e-05
8629,1.41976e-05
8630,1.41435e-05
8631,1.41007e-05
8632,1.40426e-05
8633,1.39976e-05
8634,1.39358e-05
8635,1.38888e-05
8636,1.38234e-05
8637,1.37747e-05
8638,1.3706e-05
8639,1.3656e-05
8640,1.35842e-05
8641,1.35332e-05
8642,1.34588e-05
8643,1.34068e-05
8644,1.33326e-05
8645,1.32776e-05
8646,1.32038e-05
8647,1.31461e-05
8648,1.30731e-05
8649,1.3013e-05
8650,1.29416e-05
8651,1.2879e-05
8652,1.28096e-05
8653,1.27446e-05
8654,1.26778e-05
8655,1.26105e-05
8656,1.25467e-05
8657,1.24775e-05
8658,1.24609e-05
8659,1.24513e-05
8660,1.24361e-05
8661,1.24249e-05
8662,1.24069e-05
8663,1.2393e-05
8664,1.23722e-05
8665,1.23554e-05
8666,1.23317e-05
8667,1.23121e-05
8668,1.22856e-05
8669,1.22631e-05
8670,1.22347e-05
8671,1.22096e-05
8672,1.2179e-05
8673,1.2151e-05
8674,1.21175e-05
8675,1.20865e-05
8676,1.20501e-05
8677,1.20163e-05
8678,1.1977e-05
8679,1.19404e-05
8680,1.19008e-05
8681,1.18591e-05
8682,1.18205e-05
8683,1.1776e-05
8684,1.17347e-05
8685,1.17728e-05
8686,1.18325e-05
8687,1.18873e-05
8688,1.19476e-05
8689,1.20005e-05
8690,1.20611e-05
8691,1.2112e-05
8692,1.21728e-05
8693,1.22233e-05
8694,1.22827e-05
8695,1.23328e-05
8696,1.23921e-05
8697,1.244e-05
8698,1.2499e-05
8699,1.25446e-05
8700,1.26033e-05
8701,1.26466e-05
8702,1.27063e-05
8703,1.27456e-05
8704,1.28062e-05
8705,1.28429e-05
8706,1.29027e-05
8707,1.29369e-05
8708,1.29956e-05
8709,1.30275e-05
8710,1.30848e-05
8711,1.31147e-05
8712,1.31701e-05
8713,1.31986e-05
8714,1.32514e-05
8715,1.32784e-05
8716,1.33286e-05
8717,1.3354e-05
8718,1.34019e-05
8719,1.34253e-05
8720,1.3471e-05
8721,1.34922e-05
8722,1.35356e-05
8723,1.35547e-05
8724,1.35957e-05
8725,1.36128e-05
8726,1.36514e-05
8727,1.36666e-05
8728,1.37027e-05
8729,1.3716e-05
8730,1.37499e-05
8731,1.37613e-05
8732,1.37933e-05
8733,1.38023e-05
8734,1.38329e-05
8735,1.38396e-05
8736,1.38686e-05
8737,1.38742e-05
8738,1.39008e-05
8739,1.39053e-05
8740,1.39295e-05
8741,1.39337e-05
8742,1.39551e-05
8743,1.39603e-05
8744,1.39782e-05
8745,1.39842e-05
8746,1.4e-05
8747,1.40055e-05
8748,1.40203e-05
8749,1.40244e-05
8750,1.40399e-05
8751,1.40437e-05
8752,1.40577e-05
8753,1.40618e-05
8754,1.40738e-05
8755,1.40803e-05
8756,1.409e-05
8757,1.40974e-05
8758,1.4106e-05
8759,1.41132e-05
8760,1.41235e-05
8761,1.41297e-05
8762,1.41401e-05
8763,1.4146e-05
8764,1.41558e-05
8765,1.41637e-05
8766,1.41716e-05
8767,1.41808e-05
8768,1.41884e-05
8769,1.4197e-05
8770,1.4205e-05
8771,1.42122e-05
8772,1.42224e-05
8773,1.42281e-05
8774,1.42389e-05
8775,1.42436e-05
8776,1.42543e-05
8777,1.4258e-05
8778,1.42687e-05
8779,1.42725e-05
8780,1.4282e-05
8781,1.42859e-05
8782,1.42954e-05
8783,1.42978e-05
8784,1.43073e-05
8785,1.4308e-05
8786,1.43175e-05
8787,1.43166e-05
8788,1.4326e-05
8789,1.43232e-05
8790,1.43325e-05
8791,1.43278e-05
8792,1.43369e-05
8793,1.43303e-05
8794,1.43391e-05
8795,1.43306e-05
8796,1.43389e-05
8797,1.43284e-05
8798,1.43362e-05
8799,1.43236e-05
8800,1.43306e-05
8801,1.4316e-05
8802,1.43222e-05
8803,1.43056e-05
8804,1.43107e-05
8805,1.42922e-05
8806,1.4296e-05
8807,1.42756e-05
8808,1.42779e-05
8809,1.42558e-05
8810,1.42564e-05
8811,1.42325e-05
8812,1.42311e-05
8813,1.42057e-05
8814,1.42022e-05
8815,1.41753e-05
8816,1.41693e-05
8817,1.41412e-05
8818,1.4133e-05
8819,1.41033e-05
8820,1.4093e-05
8821,1.40617e-05
8822,1.40488e-05
8823,1.40164e-05
8824,1.40006e-05
8825,1.39676e-05
8826,1.39482e-05
8827,1.3933e-05
8828,1.39266e-05
8829,1.39424e-05
8830,1.39435e-05
8831,1.39534e-05
8832,1.39618e-05
8833,1.39636e-05
8834,1.39797e-05
8835,1.39777e-05
8836,1.40006e-05
8837,1.40056e-05
8838,1.40213e-05
8839,1.40335e-05
8840,1.40435e-05
8841,1.40623e-05
8842,1.40638e-05
8843,1.40892e-05
8844,1.40965e-05
8845,1.41139e-05
8846,1.4127e-05
8847,1.41386e-05
8848,1.41559e-05
8849,1.41609e-05
8850,1.41832e-05
8851,1.41873e-05
8852,1.42071e-05
8853,1.42151e-05
8854,1.42271e-05
8855,1.4239e-05
8856,1.42432e-05
8857,1.42585e-05
8858,1.42566e-05
8859,1.42735e-05
8860,1.42728e-05
8861,1.42837e-05
8862,1.42854e-05
8863,1.42896e-05
8864,1.42928e-05
8865,1.42907e-05
8866,1.42947e-05
8867,1.42864e-05
8868,1.42911e-05
8869,1.42788e-05
8870,1.42819e-05
8871,1.42707e-05
8872,1.4267e-05
8873,1.42567e-05
8874,1.42467e-05
8875,1.42369e-05
8876,1.42212e-05
8877,1.42113e-05
8878,1.41901e-05
8879,1.418e-05
8880,1.41535e-05
8881,1.41431e-05
8882,1.41159e-05
8883,1.41007e-05
8884,1.40738e-05
8885,1.40532e-05
8886,1.40265e-05
8887,1.4001e-05
8888,1.39742e-05
8889,1.39448e-05
8890,1.39172e-05
8891,1.38843e-05
8892,1.38558e-05
8893,1.38199e-05
8894,1.37907e-05
8895,1.37518e-05
8896,1.3723e-05
8897,1.36806e-05
8898,1.36521e-05
8899,1.36093e-05
8900,1.35785e-05
8901,1.35365e-05
8902,1.35024e-05
8903,1.34613e-05
8904,1.34244e-05
8905,1.33842e-05
8906,1.3345e-05
8907,1.33055e-05
8908,1.32644e-05
8909,1.32259e-05
8910,1.31849e-05
8911,1.31471e-05
8912,1.31055e-05
8913,1.30689e-05
8914,1.30262e-05
8915,1.29909e-05
8916,1.29476e-05
8917,1.29134e-05
8918,1.2871e-05
8919,1.28378e-05
8920,1.27963e-05
8921,1.27649e-05
8922,1.27252e-05
8923,1.26934e-05
8924,1.26555e-05
8925,1.26237e-05
8926,1.25873e-05
8927,1.25559e-05
8928,1.2521e-05
8929,1.24903e-05
8930,1.24568e-05
8931,1.2427e-05
8932,1.23946e-05
8933,1.23673e-05
8934,1.23349e-05
8935,1.23111e-05
8936,1.22801e-05
8937,1.22572e-05
8938,1.22281e-05
8939,1.22058e-05
8940,1.21786e-05
8941,1.21569e-05
8942,1.21316e-05
8943,1.21102e-05
8944,1.20869e-05
8945,1.20658e-05
8946,1.20448e-05
8947,1.20234e-05
8948,1.20059e-05
8949,1.20569e-05
8950,1.21621e-05
8951,1.22625e-05
8952,1.23649e-05
8953,1.24623e-05
8954,1.25616e-05
8955,1.26559e-05
8956,1.2752e-05
8957,1.2843e-05
8958,1.29382e-05
8959,1.30277e-05
8960,1.31175e-05
8961,1.32067e-05
8962,1.32905e-05
8963,1.33783e-05
8964,1.34583e-05
8965,1.35422e-05
8966,1.36183e-05
8967,1.36982e-05
8968,1.37703e-05
8969,1.38463e-05
8970,1.39143e-05
8971,1.39862e-05
8972,1.40502e-05
8973,1.4118e-05
8974,1.41778e-05
8975,1.42415e-05
8976,1.42972e-05
8977,1.43567e-05
8978,1.44083e-05
8979,1.44637e-05
8980,1.4513e-05
8981,1.45625e-05
8982,1.46095e-05
8983,1.46532e-05
8984,1.46977e-05
8985,1.47358e-05
8986,1.47776e-05
8987,1.48116e-05
8988,1.48494e-05
8989,1.48794e-05
8990,1.49132e-05
8991,1.49393e-05
8992,1.49691e-05
8993,1.49914e-05
8994,1.50175e-05
8995,1.5036e-05
8996,1.50583e-05
8997,1.50732e-05
8998,1.5092e-05
8999,1.51034e-05
9000,1.51186e-05
9001,1.51266e-05
9002,1.51386e-05
9003,1.51443e-05
9004,1.5152e-05
9005,1.51566e-05
9006,1.51593e-05
9007,1.51631e-05
9008,1.51615e-05
9009,1.51643e-05
9010,1.51601e-05
9011,1.51604e-05
9012,1.51538e-05
9013,1.51517e-05
9014,1.51428e-05
9015,1.51385e-05
9016,1.51274e-05
9017,1.51211e-05
9018,1.5113e-05
9019,1.51045e-05
9020,1.50982e-05
9021,1.50881e-05
9022,1.50803e-05
9023,1.5073e-05
9024,1.50639e-05
9025,1.50577e-05
9026,1.50475e-05
9027,1.50403e-05
9028,1.50359e-05
9029,1.50289e-05
9030,1.50268e-05
9031,1.50191e-05
9032,1.50163e-05
9033,1.50106e-05
9034,1.50085e-05
9035,1.50097e-05
9036,1.50072e-05
9037,1.50079e-05
9038,1.50049e-05
9039,1.50052e-05
9040,1.50098e-05
9041,1.50109e-05
9042,1.50168e-05
9043,1.50175e-05
9044,1.50231e-05
9045,1.50234e-05
9046,1.50285e-05
9047,1.50342e-05
9048,1.50393e-05
9049,1.50481e-05
9050,1.50529e-05
9051,1.50611e-05
9052,1.50654e-05
9053,1.50732e-05
9054,1.5077e-05
9055,1.50843e-05
9056,1.50896e-05
9057,1.50956e-05
9058,1.51054e-05
9059,1.51109e-05
9060,1.51212e-05
9061,1.51265e-05
9062,1.51365e-05
9063,1.51412e-05
9064,1.51506e-05
9065,1.51548e-05
9066,1.51636e-05
9067,1.51671e-05
9068,1.51753e-05
9069,1.51783e-05
9070,1.5186e-05
9071,1.51906e-05
9072,1.51955e-05
9073,1.52044e-05
9074,1.52082e-05
9075,1.5217e-05
9076,1.52203e-05
9077,1.52285e-05
9078,1.52312e-05
9079,1.52389e-05
9080,1.52411e-05
9081,1.52484e-05
9082,1.52509e-05
9083,1.52575e-05
9084,1.52599e-05
9085,1.52661e-05
9086,1.5268e-05
9087,1.52738e-05
9088,1.52754e-05
9089,1.52807e-05
9090,1.5282e-05
9091,1.5287e-05
9092,1.5288e-05
9093,1.52927e-05
9094,1.52934e-05
9095,1.52979e-05
9096,1.53015e-05
9097,1.53033e-05
9098,1.53094e-05
9099,1.5311e-05
9100,1.53168e-05
9101,1.53182e-05
9102,1.53238e-05
9103,1.53251e-05
9104,1.53306e-05
9105,1.53318e-05
9106,1.53373e-05
9107,1.53384e-05
9108,1.53437e-05
9109,1.53448e-05
9110,1.53502e-05
9111,1.53513e-05
9112,1.53567e-05
9113,1.53578e-05
9114,1.53632e-05
9115,1.53644e-05
9116,1.53698e-05
9117,1.53711e-05
9118,1.53766e-05
9119,1.5378e-05
9120,1.53836e-05
9121,1.53851e-05
9122,1.53908e-05
9123,1.53924e-05
9124,1.53983e-05
9125,1.54e-05
9126,1.5406e-05
9127,1.54078e-05
9128,1.54139e-05
9129,1.54159e-05
9130,1.54221e-05
9131,1.54242e-05
9132,1.54305e-05
9133,1.54327e-05
9134,1.54391e-05
9135,1.54414e-05
9136,1.54479e-05
9137,1.54503e-05
9138,1.54569e-05
9139,1.54594e-05
9140,1.5466e-05
9141,1.54686e-05
9142,1.54753e-05
9143,1.54779e-05
9144,1.54846e-05
9145,1.54872e-05
9146,1.54939e-05
9147,1.54965e-05
9148,1.55032e-05
9149,1.55058e-05
9150,1.55124e-05
9151,1.5515e-05
9152,1.55216e-05
9153,1.5524e-05
9154,1.55306e-05
9155,1.5533e-05
9156,1.55394e-05
9157,1.55417e-05
9158,1.5548e-05
9159,1.55502e-05
9160,1.55564e-05
9161,1.55584e-05
9162,1.55645e-05
9163,1.55664e-05
9164,1.55723e-05
9165,1.5574e-05
9166,1.55802e-05
9167,1.55814e-05
9168,1.55877e-05
9169,1.55888e-05
9170,1.55949e-05
9171,1.55957e-05
9172,1.56016e-05
9173,1.56022e-05
9174,1.56079e-05
9175,1.56083e-05
9176,1.56137e-05
9177,1.56139e-05
9178,1.56191e-05
9179,1.56191e-05
9180,1.5624e-05
9181,1.56238e-05
9182,1.56285e-05
9183,1.5628e-05
9184,1.56325e-05
9185,1.56544e-05
9186,1.56851e-05
9187,1.57155e-05
9188,1.57449e-05
9189,1.5774e-05
9190,1.5802e-05
9191,1.58296e-05
9192,1.58561e-05
9193,1.58821e-05
9194,1.59069e-05
9195,1.59311e-05
9196,1.59552e-05
9197,1.59785e-05
9198,1.60022e-05
9199,1.60236e-05
9200,1.60452e-05
9201,1.60644e-05
9202,1.60838e-05
9203,1.61007e-05
9204,1.61178e-05
9205,1.61331e-05
9206,1.61468e-05
9207,1.6163e-05
9208,1.61719e-05
9209,1.61877e-05
9210,1.61951e-05
9211,1.62068e-05
9212,1.62149e-05
9213,1.62202e-05
9214,1.62289e-05
9215,1.62291e-05
9216,1.62369e-05
9217,1.62339e-05
9218,1.62386e-05
9219,1.62324e-05
9220,1.62339e-05
9221,1.62244e-05
9222,1.62226e-05
9223,1.62098e-05
9224,1.62047e-05
9225,1.61886e-05
9226,1.618e-05
9227,1.61613e-05
9228,1.61486e-05
9229,1.6129e-05
9230,1.61104e-05
9231,1.60897e-05
9232,1.60655e-05
9233,1.60436e-05
9234,1.6014e-05
9235,1.59905e-05
9236,1.59563e-05
9237,1.59308e-05
9238,1.58932e-05
9239,1.58644e-05
9240,1.58236e-05
9241,1.57916e-05
9242,1.57477e-05
9243,1.57126e-05
9244,1.56657e-05
9245,1.56277e-05
9246,1.55779e-05
9247,1.55371e-05
9248,1.54846e-05
9249,1.54412e-05
9250,1.53861e-05
9251,1.53644e-05
9252,1.53485e-05
9253,1.53369e-05
9254,1.5321e-05
9255,1.5308e-05
9256,1.5293e-05
9257,1.52777e-05
9258,1.52637e-05
9259,1.52467e-05
9260,1.5233e-05
9261,1.52154e-05
9262,1.5201e-05
9263,1.51827e-05
9264,1.51676e-05
9265,1.51486e-05
9266,1.51329e-05
9267,1.51132e-05
9268,1.50967e-05
9269,1.50763e-05
9270,1.50592e-05
9271,1.50381e-05
9272,1.50202e-05
9273,1.49984e-05
9274,1.49798e-05
9275,1.49573e-05
9276,1.4938e-05
9277,1.49148e-05
9278,1.48947e-05
9279,1.48707e-05
9280,1.48498e-05
9281,1.48251e-05
9282,1.48034e-05
9283,1.47779e-05
9284,1.47554e-05
9285,1.47291e-05
9286,1.47058e-05
9287,1.46785e-05
9288,1.46544e-05
9289,1.46263e-05
9290,1.46012e-05
9291,1.45722e-05
9292,1.45461e-05
9293,1.45161e-05
9294,1.44891e-05
9295,1.44581e-05
9296,1.44301e-05
9297,1.43993e-05
9298,1.43689e-05
9299,1.43398e-05
9300,1.43072e-05
9301,1.4278e-05
9302,1.42443e-05
9303,1.42138e-05
9304,1.4179e-05
9305,1.41473e-05
9306,1.41111e-05
9307,1.40782e-05
9308,1.40407e-05
9309,1.40064e-05
9310,1.39676e-05
9311,1.39319e-05
9312,1.38917e-05
9313,1.38546e-05
9314,1.38129e-05
9315,1.37743e-05
9316,1.37312e-05
9317,1.3691e-05
9318,1.36464e-05
9319,1.36047e-05
9320,1.35585e-05
9321,1.35152e-05
9322,1.34674e-05
9323,1.34225e-05
9324,1.33731e-05
9325,1.33266e-05
9326,1.32827e-05
9327,1.33029e-05
9328,1.33259e-05
9329,1.33467e-05
9330,1.3371e-05
9331,1.33927e-05
9332,1.34178e-05
9333,1.34404e-05
9334,1.34663e-05
9335,1.34897e-05
9336,1.35164e-05
9337,1.35406e-05
9338,1.35681e-05
9339,1.35929e-05
9340,1.36211e-05
9341,1.36467e-05
9342,1.36755e-05
9343,1.37016e-05
9344,1.3731e-05
9345,1.37577e-05
9346,1.37876e-05
9347,1.38148e-05
9348,1.38451e-05
9349,1.38726e-05
9350,1.39033e-05
9351,1.39312e-05
9352,1.39621e-05
9353,1.39901e-05
9354,1.40212e-05
9355,1.40494e-05
9356,1.40805e-05
9357,1.41102e-05
9358,1.41397e-05
9359,1.4173e-05
9360,1.42018e-05
9361,1.42356e-05
9362,1.42643e-05
9363,1.42979e-05
9364,1.43263e-05
9365,1.43595e-05
9366,1.43875e-05
9367,1.44202e-05
9368,1.44477e-05
9369,1.44798e-05
9370,1.45066e-05
9371,1.4538e-05
9372,1.45639e-05
9373,1.45944e-05
9374,1.46194e-05
9375,1.46489e-05
9376,1.46728e-05
9377,1.47011e-05
9378,1.47249e-05
9379,1.47523e-05
9380,1.47765e-05
9381,1.48026e-05
9382,1.48265e-05
9383,1.485e-05
9384,1.48745e-05
9385,1.48962e-05
9386,1.49193e-05
9387,1.49394e-05
9388,1.49607e-05
9389,1.4979e-05
9390,1.49985e-05
9391,1.5015e-05
9392,1.5033e-05
9393,1.50478e-05
9394,1.50668e-05
9395,1.50796e-05
9396,1.50966e-05
9397,1.51073e-05
9398,1.51221e-05
9399,1.51306e-05
9400,1.51432e-05
9401,1.51494e-05
9402,1.51597e-05
9403,1.51636e-05
9404,1.51716e-05
9405,1.51732e-05
9406,1.51787e-05
9407,1.51783e-05
9408,1.5181e-05
9409,1.51841e-05
9410,1.51848e-05
9411,1.51861e-05
9412,1.51844e-05
9413,1.51832e-05
9414,1.5179e-05
9415,1.51753e-05
9416,1.51686e-05
9417,1.51623e-05
9418,1.5153e-05
9419,1.51442e-05
9420,1.51324e-05
9421,1.5121e-05
9422,1.51065e-05
9423,1.50925e-05
9424,1.50755e-05
9425,1.50622e-05
9426,1.50427e-05
9427,1.50274e-05
9428,1.5007e-05
9429,1.49874e-05
9430,1.49679e-05
9431,1.49434e-05
9432,1.49236e-05
9433,1.48965e-05
9434,1.4874e-05
9435,1.48444e-05
9436,1.48193e-05
9437,1.47871e-05
9438,1.47594e-05
9439,1.47246e-05
9440,1.46944e-05
9441,1.4657e-05
9442,1.46243e-05
9443,1.45844e-05
9444,1.45491e-05
9445,1.45083e-05
9446,1.44697e-05
9447,1.44287e-05
9448,1.43878e-05
9449,1.4347e-05
9450,1.43044e-05
9451,1.42611e-05
9452,1.4216e-05
9453,1.41702e-05
9454,1.41227e-05
9455,1.40746e-05
9456,1.40248e-05
9457,1.39744e-05
9458,1.39222e-05
9459,1.38696e-05
9460,1.38152e-05
9461,1.37604e-05
9462,1.37039e-05
9463,1.36469e-05
9464,1.35884e-05
9465,1.35294e-05
9466,1.34703e-05
9467,1.34107e-05
9468,1.335e-05
9469,1.32885e-05
9470,1.3226e-05
9471,1.31627e-05
9472,1.30984e-05
9473,1.30334e-05
9474,1.29675e-05
9475,1.2901e-05
9476,1.28336e-05
9477,1.27657e-05
9478,1.26969e-05
9479,1.26277e-05
9480,1.25576e-05
9481,1.24872e-05
9482,1.24173e-05
9483,1.23447e-05
9484,1.22754e-05
9485,1.22038e-05
9486,1.21317e-05
9487,1.20616e-05
9488,1.19866e-05
9489,1.1918e-05
9490,1.18418e-05
9491,1.17732e-05
9492,1.16966e-05
9493,1.16276e-05
9494,1.15507e-05
9495,1.14814e-05
9496,1.14044e-05
9497,1.13351e-05
9498,1.12581e-05
9499,1.11889e-05
9500,1.11121e-05
9501,1.10432e-05
9502,1.09668e-05
9503,1.08983e-05
9504,1.08223e-05
9505,1.07545e-05
9506,1.06793e-05
9507,1.0612e-05
9508,1.05384e-05
9509,1.04713e-05
9510,1.0399e-05
9511,1.03325e-05
9512,1.02615e-05
9513,1.01959e-05
9514,1.01261e-05
9515,1.00618e-05
9516,1.00585e-05
9517,1.01158e-05
9518,1.01771e-05
9519,1.02325e-05
9520,1.02919e-05
9521,1.03465e-05
9522,1.04048e-05
9523,1.04577e-05
9524,1.05137e-05
9525,1.05643e-05
9526,1.0618e-05
9527,1.06661e-05
9528,1.07173e-05
9529,1.07629e-05
9530,1.08115e-05
9531,1.08552e-05
9532,1.09027e-05
9533,1.09436e-05
9534,1.09883e-05
9535,1.10266e-05
9536,1.10681e-05
9537,1.1105e-05
9538,1.11421e-05
9539,1.11773e-05
9540,1.12102e-05
9541,1.12435e-05
9542,1.12722e-05
9543,1.13044e-05
9544,1.13311e-05
9545,1.13603e-05
9546,1.13839e-05
9547,1.14101e-05
9548,1.14306e-05
9549,1.14537e-05
9550,1.14712e-05
9551,1.14913e-05
9552,1.15059e-05
9553,1.15231e-05
9554,1.15348e-05
9555,1.15491e-05
9556,1.1558e-05
9557,1.15696e-05
9558,1.15759e-05
9559,1.15851e-05
9560,1.1589e-05
9561,1.15968e-05
9562,1.15982e-05
9563,1.16036e-05
9564,1.16028e-05
9565,1.16059e-05
9566,1.16029e-05
9567,1.1604e-05
9568,1.1599e-05
9569,1.15981e-05
9570,1.15912e-05
9571,1.15886e-05
9572,1.15801e-05
9573,1.15759e-05
9574,1.15658e-05
9575,1.15601e-05
9576,1.15487e-05
9577,1.15418e-05
9578,1.15292e-05
9579,1.15212e-05
9580,1.15076e-05
9581,1.14986e-05
9582,1.14846e-05
9583,1.14752e-05
9584,1.14611e-05
9585,1.1451e-05
9586,1.14363e-05
9587,1.14257e-05
9588,1.14106e-05
9589,1.13997e-05
9590,1.13842e-05
9591,1.1373e-05
9592,1.13573e-05
9593,1.1346e-05
9594,1.13302e-05
9595,1.13187e-05
9596,1.13029e-05
9597,1.12915e-05
9598,1.12758e-05
9599,1.12644e-05
9600,1.12487e-05
9601,1.12375e-05
9602,1.1222e-05
9603,1.12123e-05
9604,1.11973e-05
9605,1.12183e-05
9606,1.12617e-05
9607,1.13022e-05
9608,1.13436e-05
9609,1.13877e-05
9610,1.14273e-05
9611,1.14747e-05
9612,1.15128e-05
9613,1.15633e-05
9614,1.15998e-05
9615,1.16531e-05
9616,1.16884e-05
9617,1.17442e-05
9618,1.17801e-05
9619,1.18367e-05
9620,1.18736e-05
9621,1.19299e-05
9622,1.19677e-05
9623,1.20235e-05
9624,1.20617e-05
9625,1.21171e-05
9626,1.21555e-05
9627,1.22107e-05
9628,1.22486e-05
9629,1.23038e-05
9630,1.2341e-05
9631,1.23963e-05
9632,1.24326e-05
9633,1.24877e-05
9634,1.25227e-05
9635,1.25781e-05
9636,1.26113e-05
9637,1.26674e-05
9638,1.2701e-05
9639,1.2755e-05
9640,1.27896e-05
9641,1.28404e-05
9642,1.28762e-05
9643,1.29234e-05
9644,1.29606e-05
9645,1.30036e-05
9646,1.30425e-05
9647,1.30815e-05
9648,1.31217e-05
9649,1.31569e-05
9650,1.31991e-05
9651,1.32288e-05
9652,1.32731e-05
9653,1.32977e-05
9654,1.33435e-05
9655,1.33705e-05
9656,1.341e-05
9657,1.34396e-05
9658,1.34723e-05
9659,1.35047e-05
9660,1.35311e-05
9661,1.35663e-05
9662,1.35866e-05
9663,1.36249e-05
9664,1.36468e-05
9665,1.36789e-05
9666,1.37043e-05
9667,1.37283e-05
9668,1.37573e-05
9669,1.37737e-05
9670,1.38066e-05
9671,1.38261e-05
9672,1.38525e-05
9673,1.38762e-05
9674,1.38934e-05
9675,1.39216e-05
9676,1.3939e-05
9677,1.39622e-05
9678,1.39845e-05
9679,1.39981e-05
9680,1.40254e-05
9681,1.40443e-05
9682,1.40616e-05
9683,1.4086e-05
9684,1.41034e-05
9685,1.41231e-05
9686,1.41464e-05
9687,1.41637e-05
9688,1.41849e-05
9689,1.42084e-05
9690,1.42261e-05
9691,1.42487e-05
9692,1.42727e-05
9693,1.42901e-05
9694,1.43149e-05
9695,1.43388e-05
9696,1.43594e-05
9697,1.43829e-05
9698,1.44074e-05
9699,1.44321e-05
9700,1.44507e-05
9701,1.44815e-05
9702,1.45038e-05
9703,1.4527e-05
9704,1.45518e-05
9705,1.45804e-05
9706,1.45985e-05
9707,1.46284e-05
9708,1.46493e-05
9709,1.46708e-05
9710,1.46943e-05
9711,1.47191e-05
9712,1.47373e-05
9713,1.47621e-05
9714,1.47819e-05
9715,1.47986e-05
9716,1.48199e-05
9717,1.48309e-05
9718,1.48512e-05
9719,1.4863e-05
9720,1.48757e-05
9721,1.48892e-05
9722,1.48996e-05
9723,1.49086e-05
9724,1.49189e-05
9725,1.49211e-05
9726,1.49308e-05
9727,1.49325e-05
9728,1.49356e-05
9729,1.49363e-05
9730,1.49331e-05
9731,1.49328e-05
9732,1.49237e-05
9733,1.49222e-05
9734,1.49087e-05
9735,1.49045e-05
9736,1.48894e-05
9737,1.48801e-05
9738,1.48633e-05
9739,1.48491e-05
9740,1.48304e-05
9741,1.4812e-05
9742,1.47913e-05
9743,1.47689e-05
9744,1.4746e-05
9745,1.47201e-05
9746,1.46951e-05
9747,1.46661e-05
9748,1.46388e-05
9749,1.46071e-05
9750,1.45776e-05
9751,1.45435e-05
9752,1.45116e-05
9753,1.44757e-05
9754,1.44415e-05
9755,1.4404e-05
9756,1.43674e-05
9757,1.43287e-05
9758,1.42898e-05
9759,1.42503e-05
9760,1.42095e-05
9761,1.41691e-05
9762,1.41266e-05
9763,1.40853e-05
9764,1.40412e-05
9765,1.39994e-05
9766,1.39536e-05
9767,1.39115e-05
9768,1.38641e-05
9769,1.38221e-05
9770,1.37747e-05
9771,1.37314e-05
9772,1.36853e-05
9773,1.36396e-05
9774,1.35949e-05
9775,1.3547e-05
9776,1.35039e-05
9777,1.3456e-05
9778,1.34125e-05
9779,1.33666e-05
9780,1.33207e-05
9781,1.3277e-05
9782,1.32287e-05
9783,1.31873e-05
9784,1.31378e-05
9785,1.30976e-05
9786,1.30507e-05
9787,1.30081e-05
9788,1.29637e-05
9789,1.29187e-05
9790,1.2877e-05
9791,1.28301e-05
9792,1.27904e-05
9793,1.27464e-05
9794,1.27041e-05
9795,1.26629e-05
9796,1.26179e-05
9797,1.25796e-05
9798,1.25374e-05
9799,1.24964e-05
9800,1.24572e-05
9801,1.24146e-05
9802,1.23771e-05
9803,1.23374e-05
9804,1.2297e-05
9805,1.22602e-05
9806,1.22169e-05
9807,1.21829e-05
9808,1.21424e-05
9809,1.21054e-05
9810,1.20677e-05
9811,1.203e-05
9812,1.19928e-05
9813,1.19582e-05
9814,1.19174e-05
9815,1.1886e-05
9816,1.18447e-05
9817,1.18132e-05
9818,1.17749e-05
9819,1.17399e-05
9820,1.17044e-05
9821,1.16703e-05
9822,1.16335e-05
9823,1.16025e-05
9824,1.15638e-05
9825,1.15451e-05
9826,1.15865e-05
9827,1.16315e-05
9828,1.16726e-05
9829,1.17156e-05
9830,1.17564e-05
9831,1.17974e-05
9832,1.18377e-05
9833,1.18766e-05
9834,1.19164e-05
9835,1.19532e-05
9836,1.19922e-05
9837,1.20274e-05
9838,1.20651e-05
9839,1.20991e-05
9840,1.21348e-05
9841,1.21676e-05
9842,1.22012e-05
9843,1.22328e-05
9844,1.22641e-05
9845,1.22945e-05
9846,1.23233e-05
9847,1.23526e-05
9848,1.23787e-05
9849,1.24069e-05
9850,1.24304e-05
9851,1.24573e-05
9852,1.24787e-05
9853,1.25036e-05
9854,1.25229e-05
9855,1.25456e-05
9856,1.25628e-05
9857,1.25832e-05
9858,1.25982e-05
9859,1.26163e-05
9860,1.26289e-05
9861,1.26447e-05
9862,1.26549e-05
9863,1.26683e-05
9864,1.26761e-05
9865,1.26869e-05
9866,1.26922e-05
9867,1.27004e-05
9868,1.27031e-05
9869,1.27088e-05
9870,1.27088e-05
9871,1.27119e-05
9872,1.27114e-05
9873,1.27107e-05
9874,1.27107e-05
9875,1.27057e-05
9876,1.27048e-05
9877,1.26972e-05
9878,1.26935e-05
9879,1.26833e-05
9880,1.26769e-05
9881,1.2664e-05
9882,1.26549e-05
9883,1.26392e-05
9884,1.26274e-05
9885,1.26089e-05
9886,1.25943e-05
9887,1.25731e-05
9888,1.25557e-05
9889,1.25317e-05
9890,1.25115e-05
9891,1.24913e-05
9892,1.2467e-05
9893,1.24456e-05
9894,1.24187e-05
9895,1.23947e-05
9896,1.23652e-05
9897,1.23385e-05
9898,1.23064e-05
9899,1.22771e-05
9900,1.22424e-05
9901,1.22106e-05
9902,1.21735e-05
9903,1.2139e-05
9904,1.21048e-05
9905,1.20663e-05
9906,1.20322e-05
9907,1.19924e-05
9908,1.19566e-05
9909,1.19146e-05
9910,1.18765e-05
9911,1.18323e-05
9912,1.17922e-05
9913,1.17459e-05
9914,1.17038e-05
9915,1.16585e-05
9916,1.1612e-05
9917,1.15701e-05
9918,1.15229e-05
9919,1.14803e-05
9920,1.14324e-05
9921,1.13882e-05
9922,1.13389e-05
9923,1.12932e-05
9924,1.12426e-05
9925,1.11956e-05
9926,1.11437e-05
9927,1.10956e-05
9928,1.10502e-05
9929,1.104e-05
9930,1.11128e-05
9931,1.11836e-05
9932,1.1257e-05
9933,1.13283e-05
9934,1.14022e-05
9935,1.1474e-05
9936,1.15482e-05
9937,1.16228e-05
9938,1.16965e-05
9939,1.17751e-05
9940,1.1849e-05
9941,1.19278e-05
9942,1.20018e-05
9943,1.20806e-05
9944,1.21545e-05
9945,1.22332e-05
9946,1.23069e-05
9947,1.23853e-05
9948,1.24587e-05
9949,1.25367e-05
9950,1.26127e-05
9951,1.26894e-05
9952,1.27673e-05
9953,1.28433e-05
9954,1.29203e-05
9955,1.29954e-05
9956,1.30714e-05
9957,1.31453e-05
9958,1.32202e-05
9959,1.32929e-05
9960,1.33664e-05
9961,1.34377e-05
9962,1.35096e-05
9963,1.35793e-05
9964,1.36504e-05
9965,1.37179e-05
9966,1.37896e-05
9967,1.38552e-05
9968,1.3925e-05
9969,1.39885e-05
9970,1.40562e-05
9971,1.41175e-05
9972,1.41829e-05
9973,1.4242e-05
9974,1.4305e-05
9975,1.43616e-05
9976,1.44221e-05
9977,1.44761e-05
9978,1.4534e-05
9979,1.45854e-05
9980,1.46406e-05
9981,1.46892e-05
9982,1.47416e-05
9983,1.47874e-05
9984,1.4837e-05
9985,1.48799e-05
9986,1.49265e-05
9987,1.4968e-05
9988,1.50111e-05
9989,1.50512e-05
9990,1.50912e-05
9991,1.51283e-05
9992,1.51653e-05
9993,1.51992e-05
9994,1.52332e-05
9995,1.52641e-05
9996,1.5295e-05
9997,1.53229e-05
9998,1.53508e-05
9999,1.53757e-05
10000,1.54005e-05
10001,1.54224e-05
10002,1.54443e-05
10003,1.54634e-05
10004,1.54822e-05
10005,1.55005e-05
10006,1.5516e-05
10007,1.5532e-05
10008,1.55447e-05
10009,1.55579e-05
10010,1.55678e-05
10011,1.55783e-05
10012,1.55856e-05
10013,1.55934e-05
10014,1.55981e-05
10015,1.56041e-05
10016,1.56056e-05
10017,1.56106e-05
10018,1.56095e-05
10019,1.56123e-05
10020,1.56088e-05
10021,1.56093e-05
10022,1.56035e-05
10023,1.56018e-05
10024,1.55938e-05
10025,1.55899e-05
10026,1.55797e-05
10027,1.55738e-05
10028,1.55616e-05
10029,1.55537e-05
10030,1.55397e-05
10031,1.55299e-05
10032,1.55149e-05
10033,1.55024e-05
10034,1.54871e-05
10035,1.54715e-05
10036,1.54558e-05
10037,1.54373e-05
10038,1.54213e-05
10039,1.54003e-05
10040,1.53836e-05
10041,1.53611e-05
10042,1.5343e-05
10043,1.53191e-05
10044,1.52996e-05
10045,1.52744e-05
10046,1.52536e-05
10047,1.52271e-05
10048,1.52051e-05
10049,1.51775e-05
10050,1.51544e-05
10051,1.51257e-05
10052,1.51015e-05
10053,1.50718e-05
10054,1.50467e-05
10055,1.50161e-05
10056,1.49901e-05
10057,1.49586e-05
10058,1.49318e-05
10059,1.48996e-05
10060,1.4872e-05
10061,1.48391e-05
10062,1.48109e-05
10063,1.47773e-05
10064,1.47485e-05
10065,1.47144e-05
10066,1.4685e-05
10067,1.46505e-05
10068,1.46207e-05
10069,1.45857e-05
10070,1.45555e-05
10071,1.45202e-05
10072,1.44896e-05
10073,1.4454e-05
10074,1.44233e-05
10075,1.43875e-05
10076,1.43565e-05
10077,1.4321e-05
10078,1.42894e-05
10079,1.42542e-05
10080,1.42222e-05
10081,1.41872e-05
10082,1.41549e-05
10083,1.41202e-05
10084,1.40877e-05
10085,1.40533e-05
10086,1.40207e-05
10087,1.39865e-05
10088,1.39541e-05
10089,1.392e-05
10090,1.38879e-05
10091,1.38539e-05
10092,1.38222e-05
10093,1.37883e-05
10094,1.37572e-05
10095,1.37232e-05
10096,1.36929e-05
10097,1.36589e-05
10098,1.36296e-05
10099,1.35958e-05
10100,1.35671e-05
10101,1.35339e-05
10102,1.35058e-05
10103,1.34731e-05
10104,1.34457e-05
10105,1.34136e-05
10106,1.33868e-05
10107,1.33554e-05
10108,1.33293e-05
10109,1.32986e-05
10110,1.32732e-05
10111,1.32433e-05
10112,1.32187e-05
10113,1.31896e-05
10114,1.31659e-05
10115,1.31377e-05
10116,1.31148e-05
10117,1.30875e-05
10118,1.30655e-05
10119,1.30391e-05
10120,1.30182e-05
10121,1.29927e-05
10122,1.29728e-05
10123,1.29492e-05
10124,1.29295e-05
10125,1.29085e-05
10126,1.28883e-05
10127,1.287e-05
10128,1.28494e-05
10129,1.28336e-05
10130,1.28139e-05
10131,1.27995e-05
10132,1.27809e-05
10133,1.27677e-05
10134,1.27503e-05
10135,1.27383e-05
10136,1.27221e-05
10137,1.27267e-05
10138,1.27678e-05
10139,1.28043e-05
10140,1.2844e-05
10141,1.28792e-05
10142,1.29179e-05
10143,1.29533e-05
10144,1.29877e-05
10145,1.30239e-05
10146,1.30554e-05
10147,1.30901e-05
10148,1.31195e-05
10149,1.31519e-05
10150,1.3179e-05
10151,1.32091e-05
10152,1.32348e-05
10153,1.32634e-05
10154,1.32873e-05
10155,1.33135e-05
10156,1.33349e-05
10157,1.33587e-05
10158,1.33777e-05
10159,1.33989e-05
10160,1.34154e-05
10161,1.34341e-05
10162,1.3448e-05
10163,1.34657e-05
10164,1.3478e-05
10165,1.34934e-05
10166,1.35031e-05
10167,1.35159e-05
10168,1.35231e-05
10169,1.35332e-05
10170,1.35377e-05
10171,1.35453e-05
10172,1.35475e-05
10173,1.35536e-05
10174,1.35569e-05
10175,1.35583e-05
10176,1.35618e-05
10177,1.35606e-05
10178,1.35615e-05
10179,1.35577e-05
10180,1.35574e-05
10181,1.35521e-05
10182,1.35499e-05
10183,1.35421e-05
10184,1.35374e-05
10185,1.35271e-05
10186,1.35198e-05
10187,1.3507e-05
10188,1.34972e-05
10189,1.34828e-05
10190,1.3472e-05
10191,1.34562e-05
10192,1.3443e-05
10193,1.34249e-05
10194,1.34093e-05
10195,1.33889e-05
10196,1.3371e-05
10197,1.33509e-05
10198,1.33295e-05
10199,1.33114e-05
10200,1.32879e-05
10201,1.32762e-05
10202,1.33071e-05
10203,1.33323e-05
10204,1.33632e-05
10205,1.33884e-05
10206,1.34191e-05
10207,1.34441e-05
10208,1.34746e-05
10209,1.34994e-05
10210,1.35295e-05
10211,1.35539e-05
10212,1.35836e-05
10213,1.36074e-05
10214,1.36364e-05
10215,1.36596e-05
10216,1.36879e-05
10217,1.37103e-05
10218,1.37379e-05
10219,1.37593e-05
10220,1.37859e-05
10221,1.38072e-05
10222,1.38319e-05
10223,1.38542e-05
10224,1.38773e-05
10225,1.38993e-05
10226,1.39209e-05
10227,1.39421e-05
10228,1.39623e-05
10229,1.39822e-05
10230,1.4001e-05
10231,1.40193e-05
10232,1.40365e-05
10233,1.40533e-05
10234,1.40689e-05
10235,1.4084e-05
10236,1.40979e-05
10237,1.41113e-05
10238,1.41235e-05
10239,1.4135e-05
10240,1.41453e-05
10241,1.4155e-05
10242,1.41634e-05
10243,1.41712e-05
10244,1.41776e-05
10245,1.41834e-05
10246,1.41878e-05
10247,1.41915e-05
10248,1.41939e-05
10249,1.41955e-05
10250,1.41957e-05
10251,1.41951e-05
10252,1.41932e-05
10253,1.4192e-05
10254,1.41863e-05
10255,1.41851e-05
10256,1.41781e-05
10257,1.41738e-05
10258,1.41669e-05
10259,1.41579e-05
10260,1.41513e-05
10261,1.41384e-05
10262,1.41312e-05
10263,1.41161e-05
10264,1.41065e-05
10265,1.40891e-05
10266,1.40773e-05
10267,1.40576e-05
10268,1.40434e-05
10269,1.40213e-05
10270,1.40048e-05
10271,1.39804e-05
10272,1.39616e-05
10273,1.39376e-05
10274,1.39136e-05
10275,1.38906e-05
10276,1.38616e-05
10277,1.38388e-05
10278,1.38075e-05
10279,1.37823e-05
10280,1.37486e-05
10281,1.37212e-05
10282,1.36851e-05
10283,1.36552e-05
10284,1.36168e-05
10285,1.35846e-05
10286,1.35467e-05
10287,1.35092e-05
10288,1.34724e-05
10289,1.34293e-05
10290,1.33933e-05
10291,1.33479e-05
10292,1.33096e-05
10293,1.32619e-05
10294,1.32212e-05
10295,1.31711e-05
10296,1.31282e-05
10297,1.30763e-05
10298,1.30305e-05
10299,1.29796e-05
10300,1.29284e-05
10301,1.28784e-05
10302,1.28218e-05
10303,1.27727e-05
10304,1.27136e-05
10305,1.26626e-05
10306,1.26017e-05
10307,1.25483e-05
10308,1.24874e-05
10309,1.24297e-05
10310,1.2369e-05
10311,1.23071e-05
10312,1.22466e-05
10313,1.22567e-05
10314,1.22783e-05
10315,1.2295e-05
10316,1.23157e-05
10317,1.23313e-05
10318,1.2351e-05
10319,1.23657e-05
10320,1.23843e-05
10321,1.23979e-05
10322,1.24154e-05
10323,1.24279e-05
10324,1.24444e-05
10325,1.24557e-05
10326,1.2471e-05
10327,1.24812e-05
10328,1.24954e-05
10329,1.25044e-05
10330,1.25174e-05
10331,1.2526e-05
10332,1.25381e-05
10333,1.25457e-05
10334,1.25566e-05
10335,1.25631e-05
10336,1.2573e-05
10337,1.25784e-05
10338,1.25872e-05
10339,1.25915e-05
10340,1.25993e-05
10341,1.26025e-05
10342,1.26094e-05
10343,1.26122e-05
10344,1.26192e-05
10345,1.26211e-05
10346,1.26271e-05
10347,1.26281e-05
10348,1.26332e-05
10349,1.26332e-05
10350,1.26374e-05
10351,1.2638e-05
10352,1.26423e-05
10353,1.26433e-05
10354,1.26457e-05
10355,1.26483e-05
10356,1.26494e-05
10357,1.26547e-05
10358,1.26552e-05
10359,1.26598e-05
10360,1.26596e-05
10361,1.26639e-05
10362,1.2665e-05
10363,1.26697e-05
10364,1.26702e-05
10365,1.26742e-05
10366,1.2674e-05
10367,1.26787e-05
10368,1.26792e-05
10369,1.26842e-05
10370,1.26839e-05
10371,1.26881e-05
10372,1.26897e-05
10373,1.26927e-05
10374,1.26992e-05
10375,1.27014e-05
10376,1.27091e-05
10377,1.27119e-05
10378,1.27191e-05
10379,1.2721e-05
10380,1.27273e-05
10381,1.27282e-05
10382,1.27339e-05
10383,1.27359e-05
10384,1.27417e-05
10385,1.27464e-05
10386,1.27499e-05
10387,1.2758e-05
10388,1.27604e-05
10389,1.27671e-05
10390,1.27681e-05
10391,1.27734e-05
10392,1.27729e-05
10393,1.27765e-05
10394,1.27757e-05
10395,1.27772e-05
10396,1.27806e-05
10397,1.27797e-05
10398,1.27818e-05
10399,1.27789e-05
10400,1.27791e-05
10401,1.27742e-05
10402,1.27735e-05
10403,1.27671e-05
10404,1.27649e-05
10405,1.27563e-05
10406,1.27517e-05
10407,1.27408e-05
10408,1.27338e-05
10409,1.27225e-05
10410,1.2711e-05
10411,1.27e-05
10412,1.26845e-05
10413,1.26732e-05
10414,1.26562e-05
10415,1.26421e-05
10416,1.26225e-05
10417,1.26057e-05
10418,1.25833e-05
10419,1.25637e-05
10420,1.25386e-05
10421,1.25162e-05
10422,1.24883e-05
10423,1.24632e-05
10424,1.24324e-05
10425,1.24045e-05
10426,1.2371e-05
10427,1.23403e-05
10428,1.23042e-05
10429,1.22707e-05
10430,1.22337e-05
10431,1.21956e-05
10432,1.21578e-05
10433,1.21159e-05
10434,1.20767e-05
10435,1.2032e-05
10436,1.19911e-05
10437,1.19438e-05
10438,1.19005e-05
10439,1.18506e-05
10440,1.18048e-05
10441,1.17526e-05
10442,1.17044e-05
10443,1.16499e-05
10444,1.15995e-05
10445,1.15428e-05
10446,1.14902e-05
10447,1.14315e-05
10448,1.13769e-05
10449,1.13163e-05
10450,1.12599e-05
10451,1.11974e-05
10452,1.11393e-05
10453,1.10752e-05
10454,1.10155e-05
10455,1.09512e-05
10456,1.08889e-05
10457,1.08245e-05
10458,1.07596e-05
10459,1.06954e-05
10460,1.06282e-05
10461,1.05641e-05
10462,1.04953e-05
10463,1.04309e-05
10464,1.03614e-05
10465,1.02963e-05
10466,1.02262e-05
10467,1.01606e-05
10468,1.009e-05
10469,1.00241e-05
10470,9.95323e-06
10471,9.94807e-06
10472,9.96297e-06
10473,9.97347e-06
10474,9.98527e-06
10475,1.00042e-05
10476,1.00153e-05
10477,1.00412e-05
10478,1.00585e-05
10479,1.00826e-05
10480,1.01057e-05
10481,1.01285e-05
10482,1.01569e-05
10483,1.01787e-05
10484,1.02189e-05
10485,1.0278e-05
10486,1.03326e-05
10487,1.0389e-05
10488,1.04404e-05
10489,1.04943e-05
10490,1.05423e-05
10491,1.05937e-05
10492,1.06382e-05
10493,1.06873e-05
10494,1.07281e-05
10495,1.0775e-05
10496,1.08121e-05
10497,1.0857e-05
10498,1.08902e-05
10499,1.09331e-05
10500,1.09624e-05
10501,1.10034e-05
10502,1.10288e-05
10503,1.1068e-05
10504,1.10895e-05
10505,1.1127e-05
10506,1.11444e-05
10507,1.11803e-05
10508,1.11938e-05
10509,1.12282e-05
10510,1.12377e-05
10511,1.12711e-05
10512,1.13074e-05
10513,1.13474e-05
10514,1.13996e-05
10515,1.14414e-05
10516,1.14922e-05
10517,1.15362e-05
10518,1.15848e-05
10519,1.16317e-05
10520,1.16772e-05
10521,1.1727e-05
10522,1.17691e-05
10523,1.18218e-05
10524,1.18601e-05
10525,1.19158e-05
10526,1.19542e-05
10527,1.20086e-05
10528,1.20498e-05
10529,1.20999e-05
10530,1.21438e-05
10531,1.21907e-05
10532,1.22359e-05
10533,1.22796e-05
10534,1.23261e-05
10535,1.2366e-05
10536,1.24149e-05
10537,1.24502e-05
10538,1.2501e-05
10539,1.25342e-05
10540,1.25839e-05
10541,1.2619e-05
10542,1.26645e-05
10543,1.27002e-05
10544,1.27418e-05
10545,1.2778e-05
10546,1.2815e-05
10547,1.28527e-05
10548,1.2884e-05
10549,1.29229e-05
10550,1.29485e-05
10551,1.29885e-05
10552,1.30099e-05
10553,1.30492e-05
10554,1.30713e-05
10555,1.31048e-05
10556,1.31274e-05
10557,1.31563e-05
10558,1.3178e-05
10559,1.32023e-05
10560,1.32233e-05
10561,1.32425e-05
10562,1.32636e-05
10563,1.32771e-05
10564,1.32977e-05
10565,1.33065e-05
10566,1.33257e-05
10567,1.33298e-05
10568,1.33479e-05
10569,1.33487e-05
10570,1.33641e-05
10571,1.33633e-05
10572,1.33739e-05
10573,1.33717e-05
10574,1.33771e-05
10575,1.33738e-05
10576,1.33737e-05
10577,1.33691e-05
10578,1.33637e-05
10579,1.33578e-05
10580,1.33471e-05
10581,1.33397e-05
10582,1.3324e-05
10583,1.33149e-05
10584,1.32944e-05
10585,1.32836e-05
10586,1.32584e-05
10587,1.32457e-05
10588,1.32162e-05
10589,1.32014e-05
10590,1.31696e-05
10591,1.31509e-05
10592,1.3117e-05
10593,1.30942e-05
10594,1.30582e-05
10595,1.30316e-05
10596,1.29933e-05
10597,1.29632e-05
10598,1.29225e-05
10599,1.28892e-05
10600,1.28461e-05
10601,1.281e-05
10602,1.27643e-05
10603,1.27256e-05
10604,1.26773e-05
10605,1.26363e-05
10606,1.25854e-05
10607,1.25425e-05
10608,1.24888e-05
10609,1.24445e-05
10610,1.23885e-05
10611,1.23429e-05
10612,1.22844e-05
10613,1.22383e-05
10614,1.21795e-05
10615,1.21306e-05
10616,1.20721e-05
10617,1.20212e-05
10618,1.19637e-05
10619,1.19094e-05
10620,1.18534e-05
10621,1.17956e-05
10622,1.17414e-05
10623,1.16823e-05
10624,1.16301e-05
10625,1.1569e-05
10626,1.15199e-05
10627,1.14601e-05
10628,1.14094e-05
10629,1.1353e-05
10630,1.13021e-05
10631,1.12486e-05
10632,1.11961e-05
10633,1.11474e-05
10634,1.10931e-05
10635,1.10478e-05
10636,1.0994e-05
10637,1.09526e-05
10638,1.09009e-05
10639,1.08597e-05
10640,1.08137e-05
10641,1.07961e-05
10642,1.08372e-05
10643,1.0866e-05
10644,1.09048e-05
10645,1.09339e-05
10646,1.09666e-05
10647,1.09959e-05
10648,1.10224e-05
10649,1.10519e-05
10650,1.10721e-05
10651,1.11017e-05
10652,1.1119e-05
10653,1.11454e-05
10654,1.11627e-05
10655,1.11828e-05
10656,1.12002e-05
10657,1.12139e-05
10658,1.12314e-05
10659,1.12391e-05
10660,1.12562e-05
10661,1.12614e-05
10662,1.12746e-05
10663,1.12799e-05
10664,1.12877e-05
10665,1.12919e-05
10666,1.12951e-05
10667,1.1299e-05
10668,1.12961e-05
10669,1.13001e-05
10670,1.12928e-05
10671,1.1295e-05
10672,1.12879e-05
10673,1.12836e-05
10674,1.12766e-05
10675,1.12659e-05
10676,1.1259e-05
10677,1.12421e-05
10678,1.12353e-05
10679,1.12169e-05
10680,1.12054e-05
10681,1.11871e-05
10682,1.11695e-05
10683,1.11511e-05
10684,1.11286e-05
10685,1.11111e-05
10686,1.10829e-05
10687,1.10653e-05
10688,1.1036e-05
10689,1.10136e-05
10690,1.09841e-05
10691,1.0956e-05
10692,1.09262e-05
10693,1.08928e-05
10694,1.08626e-05
10695,1.0824e-05
10696,1.07932e-05
10697,1.07516e-05
10698,1.07201e-05
10699,1.0678e-05
10700,1.06416e-05
10701,1.05987e-05
10702,1.05578e-05
10703,1.05139e-05
10704,1.04687e-05
10705,1.04238e-05
10706,1.03746e-05
10707,1.03291e-05
10708,1.0276e-05
10709,1.02302e-05
10710,1.01735e-05
10711,1.01263e-05
10712,1.00663e-05
10713,1.00177e-05
10714,9.95587e-06
10715,9.90446e-06
10716,9.84111e-06
10717,9.78688e-06
10718,9.72191e-06
10719,9.66513e-06
10720,9.59849e-06
10721,9.53945e-06
10722,9.47109e-06
10723,9.41007e-06
10724,9.34007e-06
10725,9.27722e-06
10726,9.2056e-06
10727,9.14115e-06
10728,9.06771e-06
10729,9.00212e-06
10730,8.92665e-06
10731,8.86038e-06
10732,8.78315e-06
10733,8.71618e-06
10734,8.63876e-06
10735,8.5698e-06
10736,8.49244e-06
10737,8.42149e-06
10738,8.34445e-06
10739,8.33322e-06
10740,8.32217e-06
10741,8.31347e-06
10742,8.3016e-06
10743,8.29251e-06
10744,8.28032e-06
10745,8.27069e-06
10746,8.26832e-06
10747,8.2616e-06
10748,8.25942e-06
10749,8.25262e-06
10750,8.25042e-06
10751,8.24366e-06
10752,8.24156e-06
10753,8.23496e-06
10754,8.23307e-06
10755,8.22675e-06
10756,8.2252e-06
10757,8.21926e-06
10758,8.21816e-06
10759,8.21273e-06
10760,8.21219e-06
10761,8.20737e-06
10762,8.20749e-06
10763,8.20475e-06
10764,8.20425e-06
10765,8.20554e-06
10766,8.20552e-06
10767,8.20832e-06
10768,8.20935e-06
10769,8.21324e-06
10770,8.21539e-06
10771,8.23888e-06
10772,8.27629e-06
10773,8.30822e-06
10774,8.34478e-06
10775,8.37585e-06
10776,8.4115e-06
10777,8.44166e-06
10778,8.47638e-06
10779,8.50558e-06
10780,8.53933e-06
10781,8.56756e-06
10782,8.60031e-06
10783,8.62754e-06
10784,8.65928e-06
10785,8.68551e-06
10786,8.71622e-06
10787,8.74143e-06
10788,8.77112e-06
10789,8.79574e-06
10790,8.82398e-06
10791,8.84995e-06
10792,8.87482e-06
10793,8.90235e-06
10794,8.92619e-06
10795,8.95402e-06
10796,8.9769e-06
10797,9.00376e-06
10798,9.0257e-06
10799,9.05163e-06
10800,9.07265e-06
10801,9.09767e-06
10802,9.11781e-06
10803,9.14195e-06
10804,9.16123e-06
10805,9.18453e-06
10806,9.203e-06
10807,9.2255e-06
10808,9.2432e-06
10809,9.26494e-06
10810,9.28192e-06
10811,9.30295e-06
10812,9.32025e-06
10813,9.34009e-06
10814,9.35946e-06
10815,9.37696e-06
10816,9.39727e-06
10817,9.41313e-06
10818,9.43377e-06
10819,9.44901e-06
10820,9.46904e-06
10821,9.4837e-06
10822,9.50317e-06
10823,9.5173e-06
10824,9.53625e-06
10825,9.54988e-06
10826,9.56835e-06
10827,9.58244e-06
10828,9.60063e-06
10829,9.61432e-06
10830,9.63207e-06
10831,9.64534e-06
10832,9.66268e-06
10833,9.67556e-06
10834,9.69254e-06
10835,9.70507e-06
10836,9.72171e-06
10837,9.73393e-06
10838,9.75027e-06
10839,9.76221e-06
10840,9.77828e-06
10841,9.78997e-06
10842,9.8058e-06
10843,9.81727e-06
10844,9.83288e-06
10845,9.84417e-06
10846,9.8596e-06
10847,9.87072e-06
10848,9.88598e-06
10849,9.89696e-06
10850,9.91208e-06
10851,9.92475e-06
10852,9.93794e-06
10853,9.95338e-06
10854,9.96543e-06
10855,9.98212e-06
10856,9.99424e-06
10857,1.0011e-05
10858,1.00232e-05
10859,1.004e-05
10860,1.00523e-05
10861,1.00692e-05
10862,1.00834e-05
10863,1.00985e-05
10864,1.01145e-05
10865,1.01331e-05
10866,1.01519e-05
10867,1.01726e-05
10868,1.0191e-05
10869,1.02114e-05
10870,1.02303e-05
10871,1.02509e-05
10872,1.02769e-05
10873,1.02987e-05
10874,1.0325e-05
10875,1.03486e-05
10876,1.03727e-05
10877,1.04014e-05
10878,1.04252e-05
10879,1.04548e-05
10880,1.04836e-05
10881,1.05145e-05
10882,1.05463e-05
10883,1.05768e-05
10884,1.06082e-05
10885,1.06383e-05
10886,1.06705e-05
10887,1.07045e-05
10888,1.0737e-05
10889,1.07748e-05
10890,1.08072e-05
10891,1.08439e-05
10892,1.08807e-05
10893,1.09139e-05
10894,1.09527e-05
10895,1.09852e-05
10896,1.10233e-05
10897,1.10584e-05
10898,1.10922e-05
10899,1.11309e-05
10900,1.11632e-05
10901,1.12015e-05
10902,1.1234e-05
10903,1.12702e-05
10904,1.13056e-05
10905,1.13394e-05
10906,1.13749e-05
10907,1.14107e-05
10908,1.14449e-05
10909,1.14798e-05
10910,1.15127e-05
10911,1.15464e-05
10912,1.15781e-05
10913,1.16105e-05
10914,1.16424e-05
10915,1.16732e-05
10916,1.17056e-05
10917,1.17351e-05
10918,1.17661e-05
10919,1.17943e-05
10920,1.1824e-05
10921,1.18508e-05
10922,1.18792e-05
10923,1.19058e-05
10924,1.19318e-05
10925,1.19595e-05
10926,1.19837e-05
10927,1.20106e-05
10928,1.20334e-05
10929,1.20589e-05
10930,1.20805e-05
10931,1.21047e-05
10932,1.2125e-05
10933,1.21479e-05
10934,1.21691e-05
10935,1.21887e-05
10936,1.22108e-05
10937,1.22284e-05
10938,1.225e-05
10939,1.22665e-05
10940,1.22869e-05
10941,1.23022e-05
10942,1.23215e-05
10943,1.23367e-05
10944,1.23538e-05
10945,1.237e-05
10946,1.2384e-05
10947,1.24013e-05
10948,1.24131e-05
10949,1.24304e-05
10950,1.24412e-05
10951,1.24575e-05
10952,1.24681e-05
10953,1.24827e-05
10954,1.24945e-05
10955,1.25061e-05
10956,1.2519e-05
10957,1.25276e-05
10958,1.25418e-05
10959,1.25486e-05
10960,1.25628e-05
10961,1.25696e-05
10962,1.2582e-05
10963,1.25902e-05
10964,1.25997e-05
10965,1.2609e-05
10966,1.26157e-05
10967,1.26262e-05
10968,1.26301e-05
10969,1.26418e-05
10970,1.26446e-05
10971,1.26557e-05
10972,1.26595e-05
10973,1.26681e-05
10974,1.26728e-05
10975,1.26789e-05
10976,1.26844e-05
10977,1.26881e-05
10978,1.26943e-05
10979,1.27017e-05
10980,1.27411e-05
10981,1.27816e-05
10982,1.28257e-05
10983,1.28661e-05
10984,1.29108e-05
10985,1.29521e-05
10986,1.29967e-05
10987,1.30378e-05
10988,1.30822e-05
10989,1.3123e-05
10990,1.31671e-05
10991,1.32076e-05
10992,1.32513e-05
10993,1.32914e-05
10994,1.33345e-05
10995,1.3374e-05
10996,1.34166e-05
10997,1.34554e-05
10998,1.34972e-05
10999,1.35353e-05
11000,1.35763e-05
11001,1.36136e-05
11002,1.36535e-05
11003,1.36914e-05
11004,1.37287e-05
11005,1.3767e-05
11006,1.3802e-05
11007,1.38401e-05
11008,1.38738e-05
11009,1.39106e-05
11010,1.39429e-05
11011,1.39782e-05
11012,1.4009e-05
11013,1.40428e-05
11014,1.40721e-05
11015,1.41043e-05
11016,1.4132e-05
11017,1.41625e-05
11018,1.41885e-05
11019,1.42182e-05
11020,1.4243e-05
11021,1.42713e-05
11022,1.42944e-05
11023,1.4321e-05
11024,1.43422e-05
11025,1.4367e-05
11026,1.43865e-05
11027,1.44095e-05
11028,1.44275e-05
11029,1.44483e-05
11030,1.4467e-05
11031,1.44837e-05
11032,1.4503e-05
11033,1.45178e-05
11034,1.45353e-05
11035,1.45484e-05
11036,1.45641e-05
11037,1.45753e-05
11038,1.459e-05
11039,1.46003e-05
11040,1.46141e-05
11041,1.46226e-05
11042,1.46347e-05
11043,1.46414e-05
11044,1.46516e-05
11045,1.46565e-05
11046,1.4665e-05
11047,1.46681e-05
11048,1.46754e-05
11049,1.46784e-05
11050,1.46844e-05
11051,1.46857e-05
11052,1.469e-05
11053,1.46895e-05
11054,1.4692e-05
11055,1.46898e-05
11056,1.46906e-05
11057,1.46867e-05
11058,1.46859e-05
11059,1.46811e-05
11060,1.46802e-05
11061,1.46737e-05
11062,1.46711e-05
11063,1.46629e-05
11064,1.46586e-05
11065,1.46487e-05
11066,1.46427e-05
11067,1.46312e-05
11068,1.46236e-05
11069,1.46104e-05
11070,1.46012e-05
11071,1.45864e-05
11072,1.45756e-05
11073,1.45595e-05
11074,1.45476e-05
11075,1.45304e-05
11076,1.45168e-05
11077,1.44981e-05
11078,1.44829e-05
11079,1.44625e-05
11080,1.44456e-05
11081,1.44236e-05
11082,1.44052e-05
11083,1.43816e-05
11084,1.43616e-05
11085,1.43365e-05
11086,1.43149e-05
11087,1.42882e-05
11088,1.42651e-05
11089,1.42368e-05
11090,1.42122e-05
11091,1.41824e-05
11092,1.41563e-05
11093,1.4125e-05
11094,1.40974e-05
11095,1.40652e-05
11096,1.40355e-05
11097,1.40065e-05
11098,1.39738e-05
11099,1.39453e-05
11100,1.39113e-05
11101,1.38817e-05
11102,1.38464e-05
11103,1.38155e-05
11104,1.3779e-05
11105,1.37468e-05
11106,1.37091e-05
11107,1.36764e-05
11108,1.3639e-05
11109,1.36052e-05
11110,1.35677e-05
11111,1.35317e-05
11112,1.34974e-05
11113,1.34593e-05
11114,1.34265e-05
11115,1.33883e-05
11116,1.33544e-05
11117,1.33151e-05
11118,1.32801e-05
11119,1.32397e-05
11120,1.32035e-05
11121,1.31624e-05
11122,1.31263e-05
11123,1.30855e-05
11124,1.30483e-05
11125,1.30101e-05
11126,1.29695e-05
11127,1.2934e-05
11128,1.28936e-05
11129,1.28574e-05
11130,1.28157e-05
11131,1.27844e-05
11132,1.27701e-05
11133,1.27597e-05
11134,1.27445e-05
11135,1.27332e-05
11136,1.27171e-05
11137,1.2705e-05
11138,1.2688e-05
11139,1.2675e-05
11140,1.26573e-05
11141,1.26435e-05
11142,1.2625e-05
11143,1.26105e-05
11144,1.25913e-05
11145,1.2576e-05
11146,1.25599e-05
11147,1.25435e-05
11148,1.25289e-05
11149,1.2512e-05
11150,1.2497e-05
11151,1.24798e-05
11152,1.24643e-05
11153,1.24466e-05
11154,1.24308e-05
11155,1.24127e-05
11156,1.23965e-05
11157,1.23816e-05
11158,1.23654e-05
11159,1.23538e-05
11160,1.23374e-05
11161,1.23256e-05
11162,1.23109e-05
11163,1.22968e-05
11164,1.22866e-05
11165,1.22718e-05
11166,1.22619e-05
11167,1.22469e-05
11168,1.22367e-05
11169,1.22251e-05
11170,1.2213e-05
11171,1.22047e-05
11172,1.21954e-05
11173,1.21868e-05
11174,1.21773e-05
11175,1.21701e-05
11176,1.21631e-05
11177,1.21555e-05
11178,1.21479e-05
11179,1.21398e-05
11180,1.21317e-05
11181,1.21253e-05
11182,1.21187e-05
11183,1.21115e-05
11184,1.21041e-05
11185,1.20961e-05
11186,1.20879e-05
11187,1.20805e-05
11188,1.20727e-05
11189,1.20652e-05
11190,1.20581e-05
11191,1.20476e-05
11192,1.20425e-05
11193,1.20304e-05
11194,1.20242e-05
11195,1.20107e-05
11196,1.20031e-05
11197,1.19908e-05
11198,1.1979e-05
11199,1.19677e-05
11200,1.19518e-05
11201,1.19412e-05
11202,1.19229e-05
11203,1.1911e-05
11204,1.18908e-05
11205,1.18771e-05
11206,1.1855e-05
11207,1.18394e-05
11208,1.18153e-05
11209,1.17977e-05
11210,1.17716e-05
11211,1.1752e-05
11212,1.17245e-05
11213,1.17022e-05
11214,1.16734e-05
11215,1.16482e-05
11216,1.1618e-05
11217,1.15902e-05
11218,1.15581e-05
11219,1.15279e-05
11220,1.14939e-05
11221,1.14616e-05
11222,1.14254e-05
11223,1.13912e-05
11224,1.13538e-05
11225,1.13167e-05
11226,1.12789e-05
11227,1.1239e-05
11228,1.11999e-05
11229,1.11581e-05
11230,1.1117e-05
11231,1.10733e-05
11232,1.10303e-05
11233,1.09847e-05
11234,1.094e-05
11235,1.08927e-05
11236,1.08462e-05
11237,1.0799e-05
11238,1.07506e-05
11239,1.07023e-05
11240,1.06524e-05
11241,1.06028e-05
11242,1.05516e-05
11243,1.05007e-05
11244,1.04482e-05
11245,1.03961e-05
11246,1.03424e-05
11247,1.02893e-05
11248,1.02358e-05
11249,1.01827e-05
11250,1.01294e-05
11251,1.00755e-05
11252,1.00216e-05
11253,9.96707e-06
11254,9.9126e-06
11255,9.85757e-06
11256,9.80459e-06
11257,9.75123e-06
11258,9.69797e-06
11259,9.64439e-06
11260,9.59096e-06
11261,9.53759e-06
11262,9.48596e-06
11263,9.43511e-06
11264,9.38358e-06
11265,9.33287e-06
11266,9.28155e-06
11267,9.23252e-06
11268,9.18501e-06
11269,9.13653e-06
11270,9.08942e-06
11271,9.04139e-06
11272,8.99609e-06
11273,8.95476e-06
11274,8.90979e-06
11275,8.86998e-06
11276,8.89655e-06
11277,8.93209e-06
11278,8.96649e-06
11279,8.99564e-06
11280,9.03315e-06
11281,9.061e-06
11282,9.09647e-06
11283,9.12667e-06
11284,9.15534e-06
11285,9.18809e-06
11286,9.2101e-06
11287,9.24511e-06
11288,9.26891e-06
11289,9.29856e-06
11290,9.32428e-06
11291,9.34876e-06
11292,9.37612e-06
11293,9.39534e-06
11294,9.42424e-06
11295,9.44165e-06
11296,9.46948e-06
11297,9.4886e-06
11298,9.51053e-06
11299,9.53165e-06
11300,9.54746e-06
11301,9.57177e-06
11302,9.5824e-06
11303,9.60791e-06
11304,9.62059e-06
11305,9.64014e-06
11306,9.65612e-06
11307,9.66873e-06
11308,9.68799e-06
11309,9.69471e-06
11310,9.71621e-06
11311,9.72315e-06
11312,9.74089e-06
11313,9.75144e-06
11314,9.76227e-06
11315,9.77633e-06
11316,9.78134e-06
11317,9.79797e-06
11318,9.79933e-06
11319,9.81648e-06
11320,9.82123e-06
11321,9.83204e-06
11322,9.8405e-06
11323,9.84481e-06
11324,9.90626e-06
11325,9.97615e-06
11326,1.00621e-05
11327,1.0128e-05
11328,1.02142e-05
11329,1.02765e-05
11330,1.03623e-05
11331,1.04224e-05
11332,1.05058e-05
11333,1.05648e-05
11334,1.06446e-05
11335,1.0702e-05
11336,1.07783e-05
11337,1.08338e-05
11338,1.09066e-05
11339,1.09599e-05
11340,1.10292e-05
11341,1.10808e-05
11342,1.11458e-05
11343,1.11955e-05
11344,1.12561e-05
11345,1.13036e-05
11346,1.13604e-05
11347,1.1405e-05
11348,1.14583e-05
11349,1.14993e-05
11350,1.15491e-05
11351,1.15864e-05
11352,1.16327e-05
11353,1.16661e-05
11354,1.1709e-05
11355,1.17382e-05
11356,1.17779e-05
11357,1.18026e-05
11358,1.18398e-05
11359,1.18596e-05
11360,1.18938e-05
11361,1.1909e-05
11362,1.19399e-05
11363,1.19503e-05
11364,1.1978e-05
11365,1.19835e-05
11366,1.20081e-05
11367,1.20087e-05
11368,1.20301e-05
11369,1.20256e-05
11370,1.20441e-05
11371,1.20346e-05
11372,1.205e-05
11373,1.20373e-05
11374,1.2048e-05
11375,1.20328e-05
11376,1.2038e-05
11377,1.20205e-05
11378,1.20203e-05
11379,1.20006e-05
11380,1.1995e-05
11381,1.1973e-05
11382,1.19622e-05
11383,1.19379e-05
11384,1.19221e-05
11385,1.18956e-05
11386,1.18749e-05
11387,1.18462e-05
11388,1.18208e-05
11389,1.179e-05
11390,1.17601e-05
11391,1.17271e-05
11392,1.16931e-05
11393,1.1658e-05
11394,1.162e-05
11395,1.15828e-05
11396,1.15411e-05
11397,1.1502e-05
11398,1.14568e-05
11399,1.14157e-05
11400,1.13674e-05
11401,1.13248e-05
11402,1.12732e-05
11403,1.12294e-05
11404,1.11746e-05
11405,1.11297e-05
11406,1.10719e-05
11407,1.1026e-05
11408,1.09655e-05
11409,1.09194e-05
11410,1.08562e-05
11411,1.081e-05
11412,1.07447e-05
11413,1.06977e-05
11414,1.06306e-05
11415,1.05831e-05
11416,1.05155e-05
11417,1.04665e-05
11418,1.03988e-05
11419,1.03484e-05
11420,1.02807e-05
11421,1.02301e-05
11422,1.01808e-05
11423,1.01858e-05
11424,1.0183e-05
11425,1.01897e-05
11426,1.01834e-05
11427,1.01919e-05
11428,1.01857e-05
11429,1.01922e-05
11430,1.01876e-05
11431,1.01906e-05
11432,1.01875e-05
11433,1.01869e-05
11434,1.01853e-05
11435,1.0181e-05
11436,1.01808e-05
11437,1.01729e-05
11438,1.01741e-05
11439,1.01624e-05
11440,1.0165e-05
11441,1.01532e-05
11442,1.01535e-05
11443,1.0143e-05
11444,1.01396e-05
11445,1.01304e-05
11446,1.01232e-05
11447,1.01153e-05
11448,1.01043e-05
11449,1.00977e-05
11450,1.00829e-05
11451,1.00776e-05
11452,1.0059e-05
11453,1.0055e-05
11454,1.00377e-05
11455,1.003e-05
11456,1.00141e-05
11457,1.00026e-05
11458,9.98808e-06
11459,9.97289e-06
11460,9.9598e-06
11461,9.94086e-06
11462,9.92928e-06
11463,9.90663e-06
11464,9.8966e-06
11465,9.87493e-06
11466,9.86184e-06
11467,9.84187e-06
11468,9.8251e-06
11469,9.80688e-06
11470,9.78685e-06
11471,9.77007e-06
11472,9.74716e-06
11473,9.73194e-06
11474,9.70758e-06
11475,9.69295e-06
11476,9.67116e-06
11477,9.65302e-06
11478,9.63341e-06
11479,9.61182e-06
11480,9.59459e-06
11481,9.5747e-06
11482,9.55666e-06
11483,9.54086e-06
11484,9.52884e-06
11485,9.51743e-06
11486,9.50775e-06
11487,9.4996e-06
11488,9.49255e-06
11489,9.48632e-06
11490,9.48089e-06
11491,9.47678e-06
11492,9.47334e-06
11493,9.4713e-06
11494,9.46829e-06
11495,9.46699e-06
11496,9.46781e-06
11497,9.46589e-06
11498,9.46719e-06
11499,9.46921e-06
11500,9.46659e-06
11501,9.47245e-06
11502,9.47377e-06
11503,9.47567e-06
11504,9.48103e-06
11505,9.48426e-06
11506,9.48833e-06
11507,9.493e-06
11508,9.49817e-06
11509,9.50215e-06
11510,9.51102e-06
11511,9.51486e-06
11512,9.52394e-06
11513,9.52911e-06
11514,9.53696e-06
11515,9.5442e-06
11516,9.55306e-06
11517,9.56132e-06
11518,9.5714e-06
11519,9.57855e-06
11520,9.5898e-06
11521,9.59589e-06
11522,9.60826e-06
11523,9.61542e-06
11524,9.62682e-06
11525,9.63758e-06
11526,9.64546e-06
11527,9.65971e-06
11528,9.6683e-06
11529,9.6818e-06
11530,9.69122e-06
11531,9.70384e-06
11532,9.71403e-06
11533,9.72581e-06
11534,9.73669e-06
11535,9.7477e-06
11536,9.75918e-06
11537,9.76946e-06
11538,9.78147e-06
11539,9.79166e-06
11540,9.80356e-06
11541,9.81575e-06
11542,9.82697e-06
11543,9.8393e-06
11544,9.84991e-06
11545,9.86227e-06
11546,9.87233e-06
11547,9.88459e-06
11548,9.89416e-06
11549,9.9062e-06
11550,9.91534e-06
11551,9.92702e-06
11552,9.9358e-06
11553,9.94699e-06
11554,9.95549e-06
11555,9.96603e-06
11556,9.97431e-06
11557,9.98406e-06
11558,9.99221e-06
11559,1.0001e-05
11560,1.00091e-05
11561,1.00168e-05
11562,1.00249e-05
11563,1.00313e-05
11564,1.00395e-05
11565,1.00445e-05
11566,1.00529e-05
11567,1.00563e-05
11568,1.0065e-05
11569,1.00666e-05
11570,1.00756e-05
11571,1.00776e-05
11572,1.00847e-05
11573,1.00883e-05
11574,1.00922e-05
11575,1.00977e-05
11576,1.0101e-05
11577,1.01056e-05
11578,1.01097e-05
11579,1.01119e-05
11580,1.0117e-05
11581,1.01178e-05
11582,1.01226e-05
11583,1.01245e-05
11584,1.01265e-05
11585,1.01295e-05
11586,1.01286e-05
11587,1.01327e-05
11588,1.01346e-05
11589,1.0134e-05
11590,1.01391e-05
11591,1.01396e-05
11592,1.01417e-05
11593,1.01434e-05
11594,1.01421e-05
11595,1.01451e-05
11596,1.01445e-05
11597,1.01449e-05
11598,1.01472e-05
11599,1.01487e-05
11600,1.01474e-05
11601,1.015e-05
11602,1.01462e-05
11603,1.01487e-05
11604,1.01478e-05
11605,1.01445e-05
11606,1.01463e-05
11607,1.01437e-05
11608,1.01417e-05
11609,1.01396e-05
11610,1.01347e-05
11611,1.0132e-05
11612,1.01292e-05
11613,1.01207e-05
11614,1.01198e-05
11615,1.01105e-05
11616,1.01063e-05
11617,1.00969e-05
11618,1.00886e-05
11619,1.00801e-05
11620,1.00692e-05
11621,1.00589e-05
11622,1.00474e-05
11623,1.0033e-05
11624,1.00207e-05
11625,1.0002e-05
11626,9.98885e-06
11627,9.96948e-06
11628,9.95185e-06
11629,9.93234e-06
11630,9.90956e-06
11631,9.88973e-06
11632,9.86191e-06
11633,9.84157e-06
11634,9.81007e-06
11635,9.78783e-06
11636,9.75553e-06
11637,9.72848e-06
11638,9.69525e-06
11639,9.66352e-06
11640,9.62925e-06
11641,9.59298e-06
11642,9.60521e-06
11643,9.62684e-06
11644,9.65098e-06
11645,9.6717e-06
11646,9.69491e-06
11647,9.71469e-06
11648,9.73694e-06
11649,9.75575e-06
11650,9.77701e-06
11651,9.79483e-06
11652,9.81507e-06
11653,9.83188e-06
11654,9.85108e-06
11655,9.86684e-06
11656,9.88499e-06
11657,9.89969e-06
11658,9.91676e-06
11659,9.9304e-06
11660,9.94637e-06
11661,9.95892e-06
11662,9.9738e-06
11663,9.98524e-06
11664,9.99901e-06
11665,1.00093e-05
11666,1.0022e-05
11667,1.00312e-05
11668,1.00427e-05
11669,1.00508e-05
11670,1.00612e-05
11671,1.00682e-05
11672,1.00775e-05
11673,1.00834e-05
11674,1.00915e-05
11675,1.00962e-05
11676,1.01032e-05
11677,1.01069e-05
11678,1.01127e-05
11679,1.01152e-05
11680,1.012e-05
11681,1.01214e-05
11682,1.0125e-05
11683,1.01253e-05
11684,1.01279e-05
11685,1.01271e-05
11686,1.01285e-05
11687,1.01266e-05
11688,1.0127e-05
11689,1.0124e-05
11690,1.01233e-05
11691,1.01193e-05
11692,1.01175e-05
11693,1.01124e-05
11694,1.01095e-05
11695,1.01034e-05
11696,1.00995e-05
11697,1.00925e-05
11698,1.00874e-05
11699,1.008e-05
11700,1.00732e-05
11701,1.00655e-05
11702,1.00571e-05
11703,1.0049e-05
11704,1.00389e-05
11705,1.00306e-05
11706,1.00192e-05
11707,1.00103e-05
11708,9.99798e-06
11709,9.98818e-06
11710,9.97493e-06
11711,9.96422e-06
11712,9.95008e-06
11713,9.93849e-06
11714,9.92349e-06
11715,9.91104e-06
11716,9.8952e-06
11717,9.88192e-06
11718,9.86527e-06
11719,9.85118e-06
11720,9.83375e-06
11721,9.81888e-06
11722,9.8007e-06
11723,9.78509e-06
11724,9.76724e-06
11725,9.74986e-06
11726,9.73272e-06
11727,9.71335e-06
11728,9.69695e-06
11729,9.67699e-06
11730,9.66002e-06
11731,9.64014e-06
11732,9.622e-06
11733,9.60437e-06
11734,9.58406e-06
11735,9.5678e-06
11736,9.54713e-06
11737,9.53053e-06
11738,9.50955e-06
11739,9.49265e-06
11740,9.47141e-06
11741,9.47037e-06
11742,9.51479e-06
11743,9.556e-06
11744,9.5996e-06
11745,9.63947e-06
11746,9.68207e-06
11747,9.72074e-06
11748,9.76218e-06
11749,9.79981e-06
11750,9.83995e-06
11751,9.87669e-06
11752,9.91538e-06
11753,9.95139e-06
11754,9.98849e-06
11755,1.00239e-05
11756,1.00593e-05
11757,1.00944e-05
11758,1.01279e-05
11759,1.01627e-05
11760,1.01943e-05
11761,1.0229e-05
11762,1.02588e-05
11763,1.02934e-05
11764,1.03222e-05
11765,1.03558e-05
11766,1.03836e-05
11767,1.04163e-05
11768,1.04433e-05
11769,1.04751e-05
11770,1.05011e-05
11771,1.05321e-05
11772,1.05591e-05
11773,1.05875e-05
11774,1.06157e-05
11775,1.06413e-05
11776,1.06709e-05
11777,1.06955e-05
11778,1.07247e-05
11779,1.07486e-05
11780,1.07772e-05
11781,1.08007e-05
11782,1.08286e-05
11783,1.08539e-05
11784,1.08788e-05
11785,1.09061e-05
11786,1.09294e-05
11787,1.09573e-05
11788,1.09801e-05
11789,1.10075e-05
11790,1.10299e-05
11791,1.10568e-05
11792,1.10814e-05
11793,1.11054e-05
11794,1.11322e-05
11795,1.1155e-05
11796,1.11821e-05
11797,1.12046e-05
11798,1.12314e-05
11799,1.12535e-05
11800,1.128e-05
11801,1.13035e-05
11802,1.13279e-05
11803,1.13535e-05
11804,1.1376e-05
11805,1.14027e-05
11806,1.14249e-05
11807,1.14514e-05
11808,1.14732e-05
11809,1.14994e-05
11810,1.1521e-05
11811,1.15468e-05
11812,1.15686e-05
11813,1.15937e-05
11814,1.16169e-05
11815,1.164e-05
11816,1.16646e-05
11817,1.1686e-05
11818,1.17117e-05
11819,1.17328e-05
11820,1.17581e-05
11821,1.1779e-05
11822,1.1804e-05
11823,1.18246e-05
11824,1.18493e-05
11825,1.18696e-05
11826,1.18941e-05
11827,1.19142e-05
11828,1.19384e-05
11829,1.19583e-05
11830,1.19823e-05
11831,1.20019e-05
11832,1.20257e-05
11833,1.20451e-05
11834,1.20687e-05
11835,1.20879e-05
11836,1.21113e-05
11837,1.21303e-05
11838,1.21535e-05
11839,1.21726e-05
11840,1.21955e-05
11841,1.22147e-05
11842,1.22371e-05
11843,1.22564e-05
11844,1.22785e-05
11845,1.22979e-05
11846,1.23196e-05
11847,1.23391e-05
11848,1.23605e-05
11849,1.238e-05
11850,1.24013e-05
11851,1.24207e-05
11852,1.24419e-05
11853,1.24613e-05
11854,1.24823e-05
11855,1.25017e-05
11856,1.25226e-05
11857,1.2542e-05
11858,1.25629e-05
11859,1.25822e-05
11860,1.2603e-05
11861,1.26223e-05
11862,1.26431e-05
11863,1.26624e-05
11864,1.26832e-05
11865,1.27025e-05
11866,1.27232e-05
11867,1.27425e-05
11868,1.27631e-05
11869,1.27825e-05
11870,1.28031e-05
11871,1.28225e-05
11872,1.28429e-05
11873,1.28625e-05
11874,1.28828e-05
11875,1.29024e-05
11876,1.29225e-05
11877,1.29423e-05
11878,1.29622e-05
11879,1.29822e-05
11880,1.30018e-05
11881,1.30219e-05
11882,1.30413e-05
11883,1.30616e-05
11884,1.30806e-05
11885,1.31011e-05
11886,1.31198e-05
11887,1.31405e-05
11888,1.31587e-05
11889,1.31796e-05
11890,1.31973e-05
11891,1.32184e-05
11892,1.32356e-05
11893,1.3257e-05
11894,1.3274e-05
11895,1.32951e-05
11896,1.33119e-05
11897,1.33328e-05
11898,1.33493e-05
11899,1.337e-05
11900,1.33862e-05
11901,1.34066e-05
11902,1.34225e-05
11903,1.34425e-05
11904,1.34581e-05
11905,1.34778e-05
11906,1.3493e-05
11907,1.35122e-05
11908,1.35269e-05
11909,1.35457e-05
11910,1.35599e-05
11911,1.35782e-05
11912,1.35919e-05
11913,1.36096e-05
11914,1.36228e-05
11915,1.36399e-05
11916,1.36524e-05
11917,1.36689e-05
11918,1.36808e-05
11919,1.36965e-05
11920,1.37077e-05
11921,1.37227e-05
11922,1.37331e-05
11923,1.37474e-05
11924,1.3757e-05
11925,1.37704e-05
11926,1.37792e-05
11927,1.37917e-05
11928,1.37996e-05
11929,1.38112e-05
11930,1.38181e-05
11931,1.38288e-05
11932,1.38347e-05
11933,1.38444e-05
11934,1.38493e-05
11935,1.38579e-05
11936,1.38621e-05
11937,1.38692e-05
11938,1.3873e-05
11939,1.38783e-05
11940,1.38817e-05
11941,1.3885e-05
11942,1.3888e-05
11943,1.38894e-05
11944,1.38919e-05
11945,1.38917e-05
11946,1.38934e-05
11947,1.38919e-05
11948,1.38923e-05
11949,1.38895e-05
11950,1.38886e-05
11951,1.38845e-05
11952,1.38823e-05
11953,1.38768e-05
11954,1.38732e-05
11955,1.38664e-05
11956,1.38615e-05
11957,1.38533e-05
11958,1.38469e-05
11959,1.38373e-05
11960,1.38295e-05
11961,1.38186e-05
11962,1.38093e-05
11963,1.37969e-05
11964,1.37863e-05
11965,1.37725e-05
11966,1.37604e-05
11967,1.37451e-05
11968,1.37316e-05
11969,1.37149e-05
11970,1.37001e-05
11971,1.36818e-05
11972,1.36659e-05
11973,1.36458e-05
11974,1.36288e-05
11975,1.36072e-05
11976,1.3589e-05
11977,1.35659e-05
11978,1.35463e-05
11979,1.35219e-05
11980,1.3501e-05
11981,1.34752e-05
11982,1.34529e-05
11983,1.34258e-05
11984,1.34022e-05
11985,1.33745e-05
11986,1.33489e-05
11987,1.33207e-05
11988,1.3293e-05
11989,1.32644e-05
11990,1.32346e-05
11991,1.32056e-05
11992,1.31739e-05
11993,1.31444e-05
11994,1.31108e-05
11995,1.30808e-05
11996,1.3046e-05
11997,1.30148e-05
11998,1.2979e-05
11999,1.29467e-05
12000,1.29098e-05
12001,1.28765e-05
12002,1.28385e-05
12003,1.28042e-05
12004,1.27652e-05
12005,1.27299e-05
12006,1.269e-05
12007,1.26537e-05
12008,1.2613e-05
12009,1.25758e-05
12010,1.25342e-05
12011,1.24962e-05
12012,1.24538e-05
12013,1.24151e-05
12014,1.23718e-05
12015,1.23324e-05
12016,1.22885e-05
12017,1.22483e-05
12018,1.22056e-05
12019,1.21638e-05
12020,1.21221e-05
12021,1.2079e-05
12022,1.20375e-05
12023,1.19937e-05
12024,1.19521e-05
12025,1.19079e-05
12026,1.1866e-05
12027,1.18214e-05
12028,1.17791e-05
12029,1.17343e-05
12030,1.16917e-05
12031,1.16466e-05
12032,1.16039e-05
12033,1.15585e-05
12034,1.15167e-05
12035,1.14715e-05
12036,1.14304e-05
12037,1.13867e-05
12038,1.13439e-05
12039,1.1302e-05
12040,1.12576e-05
12041,1.12174e-05
12042,1.11729e-05
12043,1.11327e-05
12044,1.10883e-05
12045,1.10482e-05
12046,1.10039e-05
12047,1.09639e-05
12048,1.09224e-05
12049,1.08819e-05
12050,1.08433e-05
12051,1.0803e-05
12052,1.07647e-05
12053,1.07245e-05
12054,1.06864e-05
12055,1.06464e-05
12056,1.06085e-05
12057,1.05709e-05
12058,1.05327e-05
12059,1.04963e-05
12060,1.04584e-05
12061,1.04223e-05
12062,1.03846e-05
12063,1.03487e-05
12064,1.03145e-05
12065,1.02781e-05
12066,1.02466e-05
12067,1.02104e-05
12068,1.01792e-05
12069,1.01437e-05
12070,1.01121e-05
12071,1.00795e-05
12072,1.00456e-05
12073,1.00157e-05
12074,9.98136e-06
12075,9.9522e-06
12076,9.91828e-06
12077,9.88906e-06
12078,9.85769e-06
12079,9.82624e-06
12080,9.79733e-06
12081,9.76453e-06
12082,9.73719e-06
12083,9.70449e-06
12084,9.67725e-06
12085,9.64625e-06
12086,9.61748e-06
12087,9.58857e-06
12088,9.55788e-06
12089,9.53094e-06
12090,9.49923e-06
12091,9.47337e-06
12092,9.44167e-06
12093,9.41582e-06
12094,9.38557e-06
12095,9.35831e-06
12096,9.32961e-06
12097,9.30082e-06
12098,9.27358e-06
12099,9.24401e-06
12100,9.21748e-06
12101,9.1881e-06
12102,9.1613e-06
12103,9.1332e-06
12104,9.10526e-06
12105,9.07819e-06
12106,9.0502e-06
12107,9.02309e-06
12108,8.99506e-06
12109,8.96793e-06
12110,8.93988e-06
12111,8.91273e-06
12112,8.88467e-06
12113,8.85752e-06
12114,8.82946e-06
12115,8.80234e-06
12116,8.7743e-06
12117,8.74721e-06
12118,8.71921e-06
12119,8.69217e-06
12120,8.66423e-06
12121,8.63727e-06
12122,8.60941e-06
12123,8.58255e-06
12124,8.55479e-06
12125,8.52804e-06
12126,8.50048e-06
12127,8.4738e-06
12128,8.44655e-06
12129,8.41986e-06
12130,8.39288e-06
12131,8.36627e-06
12132,8.33951e-06
12133,8.31305e-06
12134,8.28647e-06
12135,8.26026e-06
12136,8.23382e-06
12137,8.20793e-06
12138,8.18159e-06
12139,8.15608e-06
12140,8.12984e-06
12141,8.10474e-06
12142,8.07876e-06
12143,8.05393e-06
12144,8.02822e-06
12145,8.00367e-06
12146,7.97824e-06
12147,7.95397e-06
12148,7.92881e-06
12149,7.90483e-06
12150,7.87994e-06
12151,7.85624e-06
12152,7.83162e-06
12153,7.8082e-06
12154,7.78384e-06
12155,7.76068e-06
12156,7.73658e-06
12157,7.71366e-06
12158,7.68979e-06
12159,7.66711e-06
12160,7.64346e-06
12161,7.62098e-06
12162,7.59752e-06
12163,7.57523e-06
12164,7.55193e-06
12165,7.5298e-06
12166,7.50664e-06
12167,7.48463e-06
12168,7.48257e-06
12169,7.48767e-06
12170,7.4949e-06
12171,7.49969e-06
12172,7.50746e-06
12173,7.51264e-06
12174,7.52613e-06
12175,7.53664e-06
12176,7.55144e-06
12177,7.56175e-06
12178,7.57634e-06
12179,7.58645e-06
12180,7.60082e-06
12181,7.6136e-06
12182,7.62544e-06
12183,7.64069e-06
12184,7.65225e-06
12185,7.66722e-06
12186,7.6785e-06
12187,7.69317e-06
12188,7.70535e-06
12189,7.71855e-06
12190,7.73184e-06
12191,7.74335e-06
12192,7.75764e-06
12193,7.7687e-06
12194,7.78274e-06
12195,7.79346e-06
12196,7.80716e-06
12197,7.81903e-06
12198,7.83088e-06
12199,7.84433e-06
12200,7.85477e-06
12201,7.86872e-06
12202,7.87821e-06
12203,7.8922e-06
12204,7.90124e-06
12205,7.91478e-06
12206,7.92337e-06
12207,7.93645e-06
12208,7.9446e-06
12209,7.95724e-06
12210,7.96495e-06
12211,7.97716e-06
12212,7.98445e-06
12213,7.99623e-06
12214,8.00311e-06
12215,8.01448e-06
12216,8.02115e-06
12217,8.03193e-06
12218,8.03907e-06
12219,8.04861e-06
12220,8.05645e-06
12221,8.06456e-06
12222,8.07332e-06
12223,8.0798e-06
12224,8.08972e-06
12225,8.09533e-06
12226,8.10567e-06
12227,8.11264e-06
12228,8.1212e-06
12229,8.13071e-06
12230,8.13804e-06
12231,8.14871e-06
12232,8.15745e-06
12233,8.16665e-06
12234,8.17795e-06
12235,8.18638e-06
12236,8.19855e-06
12237,8.20703e-06
12238,8.21924e-06
12239,8.23078e-06
12240,8.24106e-06
12241,8.25583e-06
12242,8.26914e-06
12243,8.28108e-06
12244,8.29759e-06
12245,8.30953e-06
12246,8.3262e-06
12247,8.33952e-06
12248,8.35489e-06
12249,8.37258e-06
12250,8.38717e-06
12251,8.4056e-06
12252,8.42012e-06
12253,8.43845e-06
12254,8.45451e-06
12255,8.471e-06
12256,8.48971e-06
12257,8.50526e-06
12258,8.52526e-06
12259,8.54059e-06
12260,8.56019e-06
12261,8.57614e-06
12262,8.5942e-06
12263,8.61191e-06
12264,8.62713e-06
12265,8.64642e-06
12266,8.66074e-06
12267,8.67949e-06
12268,8.69303e-06
12269,8.71093e-06
12270,8.7236e-06
12271,8.74059e-06
12272,8.75231e-06
12273,8.76829e-06
12274,8.77898e-06
12275,8.79388e-06
12276,8.80826e-06
12277,8.83324e-06
12278,8.85901e-06
12279,8.88211e-06
12280,8.91027e-06
12281,8.93529e-06
12282,8.96198e-06
12283,8.98931e-06
12284,9.01403e-06
12285,9.04363e-06
12286,9.07029e-06
12287,9.09815e-06
12288,9.1269e-06
12289,9.15275e-06
12290,9.18352e-06
12291,9.21103e-06
12292,9.24003e-06
12293,9.26929e-06
12294,9.29629e-06
12295,9.3272e-06
12296,9.35414e-06
12297,9.38461e-06
12298,9.41364e-06
12299,9.44202e-06
12300,9.47242e-06
12301,9.49894e-06
12302,9.53032e-06
12303,9.55664e-06
12304,9.5872e-06
12305,9.61407e-06
12306,9.64289e-06
12307,9.67015e-06
12308,9.69726e-06
12309,9.72501e-06
12310,9.75017e-06
12311,9.77884e-06
12312,9.8018e-06
12313,9.8309e-06
12314,9.85235e-06
12315,9.88104e-06
12316,9.90181e-06
12317,9.92913e-06
12318,9.94904e-06
12319,9.97503e-06
12320,9.99391e-06
12321,1.00186e-05
12322,1.00363e-05
12323,1.00597e-05
12324,1.00768e-05
12325,1.00984e-05
12326,1.01147e-05
12327,1.01351e-05
12328,1.01496e-05
12329,1.01691e-05
12330,1.01816e-05
12331,1.02001e-05
12332,1.02106e-05
12333,1.02282e-05
12334,1.02371e-05
12335,1.02534e-05
12336,1.02606e-05
12337,1.02759e-05
12338,1.0282e-05
12339,1.02952e-05
12340,1.03007e-05
12341,1.03113e-05
12342,1.0316e-05
12343,1.03239e-05
12344,1.03281e-05
12345,1.03331e-05
12346,1.03369e-05
12347,1.0339e-05
12348,1.03423e-05
12349,1.03413e-05
12350,1.03444e-05
12351,1.03402e-05
12352,1.0343e-05
12353,1.03377e-05
12354,1.03383e-05
12355,1.03329e-05
12356,1.03302e-05
12357,1.03248e-05
12358,1.03189e-05
12359,1.03135e-05
12360,1.03043e-05
12361,1.02989e-05
12362,1.02873e-05
12363,1.02812e-05
12364,1.02699e-05
12365,1.02603e-05
12366,1.02496e-05
12367,1.02364e-05
12368,1.02264e-05
12369,1.02113e-05
12370,1.02002e-05
12371,1.01861e-05
12372,1.01713e-05
12373,1.01582e-05
12374,1.01415e-05
12375,1.01277e-05
12376,1.01125e-05
12377,1.00951e-05
12378,1.00818e-05
12379,1.00662e-05
12380,1.00489e-05
12381,1.00351e-05
12382,1.00191e-05
12383,1.0002e-05
12384,9.98815e-06
12385,9.97224e-06
12386,9.95537e-06
12387,9.94188e-06
12388,9.92622e-06
12389,9.90982e-06
12390,9.89682e-06
12391,9.88109e-06
12392,9.86583e-06
12393,9.85294e-06
12394,9.83634e-06
12395,9.82328e-06
12396,9.80965e-06
12397,9.79427e-06
12398,9.78148e-06
12399,9.76715e-06
12400,9.75258e-06
12401,9.73906e-06
12402,9.72695e-06
12403,9.71095e-06
12404,9.6998e-06
12405,9.68415e-06
12406,9.67113e-06
12407,9.65829e-06
12408,9.64165e-06
12409,9.63081e-06
12410,9.61497e-06
12411,9.60172e-06
12412,9.58661e-06
12413,9.57103e-06
12414,9.55656e-06
12415,9.54255e-06
12416,9.52592e-06
12417,9.5129e-06
12418,9.49501e-06
12419,9.4814e-06
12420,9.46389e-06
12421,9.44804e-06
12422,9.43082e-06
12423,9.41283e-06
12424,9.39581e-06
12425,9.3758e-06
12426,9.35886e-06
12427,9.33946e-06
12428,9.32001e-06
12429,9.30137e-06
12430,9.27928e-06
12431,9.26115e-06
12432,9.23709e-06
12433,9.21883e-06
12434,9.19446e-06
12435,9.17446e-06
12436,9.14966e-06
12437,9.12807e-06
12438,9.10275e-06
12439,9.07972e-06
12440,9.05377e-06
12441,9.02947e-06
12442,9.0028e-06
12443,8.97739e-06
12444,8.94989e-06
12445,8.92356e-06
12446,8.89512e-06
12447,8.86805e-06
12448,8.83859e-06
12449,8.81095e-06
12450,8.78036e-06
12451,8.75236e-06
12452,8.72195e-06
12453,8.69236e-06
12454,8.66318e-06
12455,8.63131e-06
12456,8.60344e-06
12457,8.57217e-06
12458,8.5428e-06
12459,8.51231e-06
12460,8.48138e-06
12461,8.45183e-06
12462,8.42097e-06
12463,8.3933e-06
12464,8.42401e-06
12465,8.44038e-06
12466,8.47656e-06
12467,8.49244e-06
12468,8.52813e-06
12469,8.54348e-06
12470,8.57859e-06
12471,8.59338e-06
12472,8.62782e-06
12473,8.64202e-06
12474,8.67572e-06
12475,8.68928e-06
12476,8.72215e-06
12477,8.73504e-06
12478,8.76701e-06
12479,8.77922e-06
12480,8.81019e-06
12481,8.82197e-06
12482,8.85159e-06
12483,8.86289e-06
12484,8.89111e-06
12485,8.90189e-06
12486,8.92895e-06
12487,8.93887e-06
12488,8.96472e-06
12489,8.97373e-06
12490,8.99834e-06
12491,9.0064e-06
12492,9.02971e-06
12493,9.03677e-06
12494,9.05877e-06
12495,9.06478e-06
12496,9.08544e-06
12497,9.09036e-06
12498,9.1099e-06
12499,9.11342e-06
12500,9.13197e-06
12501,9.13392e-06
12502,9.15147e-06
12503,9.15179e-06
12504,9.16835e-06
12505,9.16698e-06
12506,9.18256e-06
12507,9.17944e-06
12508,9.19405e-06
12509,9.18938e-06
12510,9.20278e-06
12511,9.1967e-06
12512,9.20872e-06
12513,9.20118e-06
12514,9.21183e-06
12515,9.20279e-06
12516,9.21208e-06
12517,9.20153e-06
12518,9.20946e-06
12519,9.19781e-06
12520,9.20402e-06
12521,9.19132e-06
12522,9.19608e-06
12523,9.18214e-06
12524,9.18519e-06
12525,9.17006e-06
12526,9.17136e-06
12527,9.15505e-06
12528,9.15486e-06
12529,9.13742e-06
12530,9.13561e-06
12531,9.11706e-06
12532,9.11336e-06
12533,9.09373e-06
12534,9.08811e-06
12535,9.06763e-06
12536,9.05984e-06
12537,9.03886e-06
12538,9.02854e-06
12539,9.00709e-06
12540,8.9942e-06
12541,8.97229e-06
12542,8.95681e-06
12543,8.93447e-06
12544,8.91635e-06
12545,8.89359e-06
12546,8.87288e-06
12547,8.84964e-06
12548,8.82676e-06
12549,8.80262e-06
12550,8.77752e-06
12551,8.7525e-06
12552,8.72516e-06
12553,8.69927e-06
12554,8.66969e-06
12555,8.643e-06
12556,8.61147e-06
12557,8.5839e-06
12558,8.55007e-06
12559,8.52162e-06
12560,8.48546e-06
12561,8.45614e-06
12562,8.41765e-06
12563,8.38743e-06
12564,8.34661e-06
12565,8.31557e-06
12566,8.27233e-06
12567,8.24068e-06
12568,8.19479e-06
12569,8.16249e-06
12570,8.11399e-06
12571,8.081e-06
12572,8.03019e-06
12573,7.99618e-06
12574,7.94438e-06
12575,7.90802e-06
12576,7.85519e-06
12577,7.81651e-06
12578,7.76262e-06
12579,7.72163e-06
12580,7.66681e-06
12581,7.62339e-06
12582,7.56757e-06
12583,7.52178e-06
12584,7.48361e-06
12585,7.49731e-06
12586,7.51544e-06
12587,7.52979e-06
12588,7.54859e-06
12589,7.56364e-06
12590,7.58316e-06
12591,7.59896e-06
12592,7.61924e-06
12593,7.63582e-06
12594,7.6569e-06
12595,7.6743e-06
12596,7.69622e-06
12597,7.71446e-06
12598,7.73724e-06
12599,7.75636e-06
12600,7.78002e-06
12601,7.80261e-06
12602,7.82488e-06
12603,7.8509e-06
12604,7.87415e-06
12605,7.90116e-06
12606,7.9254e-06
12607,7.95341e-06
12608,7.97864e-06
12609,8.008e-06
12610,8.03452e-06
12611,8.0656e-06
12612,8.09406e-06
12613,8.12522e-06
12614,8.1567e-06
12615,8.18682e-06
12616,8.22135e-06
12617,8.25362e-06
12618,8.2895e-06
12619,8.32277e-06
12620,8.35962e-06
12621,8.39383e-06
12622,8.4316e-06
12623,8.46828e-06
12624,8.50537e-06
12625,8.54656e-06
12626,8.58445e-06
12627,8.62676e-06
12628,8.66546e-06
12629,8.70855e-06
12630,8.74849e-06
12631,8.79181e-06
12632,8.83463e-06
12633,8.87644e-06
12634,8.92252e-06
12635,8.9662e-06
12636,9.01285e-06
12637,9.05706e-06
12638,9.10421e-06
12639,9.1497e-06
12640,9.19644e-06
12641,9.24441e-06
12642,9.29078e-06
12643,9.33975e-06
12644,9.38638e-06
12645,9.43594e-06
12646,9.48294e-06
12647,9.53382e-06
12648,9.58286e-06
12649,9.63185e-06
12650,9.68283e-06
12651,9.73073e-06
12652,9.7827e-06
12653,9.83048e-06
12654,9.88229e-06
12655,9.92987e-06
12656,9.98142e-06
12657,1.00287e-05
12658,1.00799e-05
12659,1.01281e-05
12660,1.01777e-05
12661,1.02287e-05
12662,1.02777e-05
12663,1.03284e-05
12664,1.03767e-05
12665,1.04268e-05
12666,1.04745e-05
12667,1.05238e-05
12668,1.05708e-05
12669,1.06193e-05
12670,1.06655e-05
12671,1.07131e-05
12672,1.07592e-05
12673,1.08051e-05
12674,1.08516e-05
12675,1.08963e-05
12676,1.0942e-05
12677,1.09856e-05
12678,1.10302e-05
12679,1.10727e-05
12680,1.1117e-05
12681,1.11576e-05
12682,1.12019e-05
12683,1.12412e-05
12684,1.12843e-05
12685,1.13224e-05
12686,1.13639e-05
12687,1.14018e-05
12688,1.14408e-05
12689,1.14783e-05
12690,1.15147e-05
12691,1.15518e-05
12692,1.15857e-05
12693,1.16222e-05
12694,1.1654e-05
12695,1.16895e-05
12696,1.17197e-05
12697,1.17536e-05
12698,1.17821e-05
12699,1.18143e-05
12700,1.18412e-05
12701,1.18717e-05
12702,1.18969e-05
12703,1.19258e-05
12704,1.19492e-05
12705,1.19763e-05
12706,1.1998e-05
12707,1.20234e-05
12708,1.20434e-05
12709,1.2067e-05
12710,1.20853e-05
12711,1.2107e-05
12712,1.21246e-05
12713,1.21436e-05
12714,1.21604e-05
12715,1.21776e-05
12716,1.21927e-05
12717,1.22081e-05
12718,1.22214e-05
12719,1.2235e-05
12720,1.22465e-05
12721,1.22583e-05
12722,1.2268e-05
12723,1.22781e-05
12724,1.2286e-05
12725,1.22943e-05
12726,1.23004e-05
12727,1.23069e-05
12728,1.23115e-05
12729,1.23161e-05
12730,1.23192e-05
12731,1.23218e-05
12732,1.23233e-05
12733,1.23242e-05
12734,1.23241e-05
12735,1.23231e-05
12736,1.23214e-05
12737,1.23187e-05
12738,1.23155e-05
12739,1.23111e-05
12740,1.23062e-05
12741,1.23002e-05
12742,1.22938e-05
12743,1.22862e-05
12744,1.22782e-05
12745,1.22691e-05
12746,1.22595e-05
12747,1.2249e-05
12748,1.22377e-05
12749,1.22259e-05
12750,1.22131e-05
12751,1.22e-05
12752,1.21855e-05
12753,1.21713e-05
12754,1.21553e-05
12755,1.21398e-05
12756,1.21225e-05
12757,1.21057e-05
12758,1.20871e-05
12759,1.20691e-05
12760,1.20492e-05
12761,1.20299e-05
12762,1.20089e-05
12763,1.19884e-05
12764,1.19662e-05
12765,1.19447e-05
12766,1.19213e-05
12767,1.18987e-05
12768,1.18743e-05
12769,1.18506e-05
12770,1.18252e-05
12771,1.18005e-05
12772,1.17741e-05
12773,1.17485e-05
12774,1.17212e-05
12775,1.16947e-05
12776,1.16665e-05
12777,1.16392e-05
12778,1.16102e-05
12779,1.15821e-05
12780,1.15524e-05
12781,1.15235e-05
12782,1.14931e-05
12783,1.14635e-05
12784,1.14324e-05
12785,1.14023e-05
12786,1.13706e-05
12787,1.13399e-05
12788,1.13077e-05
12789,1.12764e-05
12790,1.12438e-05
12791,1.1212e-05
12792,1.11804e-05
12793,1.12059e-05
12794,1.12268e-05
12795,1.12512e-05
12796,1.12715e-05
12797,1.12956e-05
12798,1.13147e-05
12799,1.13376e-05
12800,1.13555e-05
12801,1.13771e-05
12802,1.13937e-05
12803,1.14141e-05
12804,1.14294e-05
12805,1.14488e-05
12806,1.14636e-05
12807,1.14819e-05
12808,1.14973e-05
12809,1.15123e-05
12810,1.15285e-05
12811,1.15414e-05
12812,1.15582e-05
12813,1.15699e-05
12814,1.15853e-05
12815,1.15957e-05
12816,1.16096e-05
12817,1.16185e-05
12818,1.1631e-05
12819,1.16385e-05
12820,1.16497e-05
12821,1.16567e-05
12822,1.1667e-05
12823,1.16725e-05
12824,1.16813e-05
12825,1.16853e-05
12826,1.16926e-05
12827,1.16985e-05
12828,1.17023e-05
12829,1.17096e-05
12830,1.1712e-05
12831,1.17178e-05
12832,1.17187e-05
12833,1.17231e-05
12834,1.17225e-05
12835,1.17253e-05
12836,1.1724e-05
12837,1.17261e-05
12838,1.17235e-05
12839,1.17242e-05
12840,1.17201e-05
12841,1.17192e-05
12842,1.17164e-05
12843,1.17121e-05
12844,1.17112e-05
12845,1.17054e-05
12846,1.1703e-05
12847,1.16958e-05
12848,1.16919e-05
12849,1.16832e-05
12850,1.16779e-05
12851,1.16677e-05
12852,1.1661e-05
12853,1.16493e-05
12854,1.16411e-05
12855,1.16308e-05
12856,1.16194e-05
12857,1.16103e-05
12858,1.15972e-05
12859,1.15869e-05
12860,1.15724e-05
12861,1.15607e-05
12862,1.15448e-05
12863,1.15317e-05
12864,1.15145e-05
12865,1.15001e-05
12866,1.14816e-05
12867,1.14666e-05
12868,1.14468e-05
12869,1.14305e-05
12870,1.14098e-05
12871,1.13917e-05
12872,1.13715e-05
12873,1.13503e-05
12874,1.13306e-05
12875,1.13072e-05
12876,1.1287e-05
12877,1.12624e-05
12878,1.1241e-05
12879,1.12151e-05
12880,1.11925e-05
12881,1.11654e-05
12882,1.11416e-05
12883,1.11134e-05
12884,1.10884e-05
12885,1.10593e-05
12886,1.10333e-05
12887,1.10032e-05
12888,1.09762e-05
12889,1.0945e-05
12890,1.09168e-05
12891,1.08853e-05
12892,1.08555e-05
12893,1.08241e-05
12894,1.07922e-05
12895,1.07608e-05
12896,1.0727e-05
12897,1.06956e-05
12898,1.06608e-05
12899,1.06287e-05
12900,1.05929e-05
12901,1.05599e-05
12902,1.05234e-05
12903,1.04896e-05
12904,1.04523e-05
12905,1.04177e-05
12906,1.03797e-05
12907,1.03444e-05
12908,1.03057e-05
12909,1.02697e-05
12910,1.02304e-05
12911,1.01938e-05
12912,1.01539e-05
12913,1.01168e-05
12914,1.00763e-05
12915,1.00387e-05
12916,9.99771e-06
12917,9.95962e-06
12918,9.91825e-06
12919,9.90779e-06
12920,9.92091e-06
12921,9.93737e-06
12922,9.95001e-06
12923,9.96597e-06
12924,9.97808e-06
12925,9.99347e-06
12926,1.0005e-05
12927,1.00197e-05
12928,1.00306e-05
12929,1.00447e-05
12930,1.00548e-05
12931,1.00681e-05
12932,1.00775e-05
12933,1.009e-05
12934,1.00988e-05
12935,1.01103e-05
12936,1.01187e-05
12937,1.01287e-05
12938,1.01369e-05
12939,1.01456e-05
12940,1.01532e-05
12941,1.01611e-05
12942,1.01675e-05
12943,1.01746e-05
12944,1.01798e-05
12945,1.0186e-05
12946,1.01904e-05
12947,1.01953e-05
12948,1.01992e-05
12949,1.02023e-05
12950,1.02056e-05
12951,1.0207e-05
12952,1.02098e-05
12953,1.02095e-05
12954,1.02117e-05
12955,1.02096e-05
12956,1.02111e-05
12957,1.02073e-05
12958,1.02082e-05
12959,1.02026e-05
12960,1.02028e-05
12961,1.01957e-05
12962,1.0195e-05
12963,1.01867e-05
12964,1.01847e-05
12965,1.01752e-05
12966,1.0172e-05
12967,1.01612e-05
12968,1.01568e-05
12969,1.01447e-05
12970,1.01391e-05
12971,1.01259e-05
12972,1.0119e-05
12973,1.01045e-05
12974,1.00964e-05
12975,1.00807e-05
12976,1.00715e-05
12977,1.00549e-05
12978,1.00441e-05
12979,1.00268e-05
12980,1.00143e-05
12981,9.99631e-06
12982,9.98222e-06
12983,9.96349e-06
12984,9.94778e-06
12985,9.92837e-06
12986,9.91104e-06
12987,9.891e-06
12988,9.87203e-06
12989,9.85139e-06
12990,9.83078e-06
12991,9.8096e-06
12992,9.78732e-06
12993,9.76565e-06
12994,9.74168e-06
12995,9.71959e-06
12996,9.6939e-06
12997,9.67145e-06
12998,9.644e-06
12999,9.62127e-06
13000,9.59221e-06
13001,9.5691e-06
13002,9.53905e-06
13003,9.51496e-06
13004,9.48394e-06
13005,9.4589e-06
13006,9.42693e-06
13007,9.40095e-06
13008,9.36911e-06
13009,9.34116e-06
13010,9.30962e-06
13011,9.27955e-06
13012,9.24843e-06
13013,9.21617e-06
13014,9.18557e-06
13015,9.15105e-06
13016,9.12108e-06
13017,9.08527e-06
13018,9.05501e-06
13019,9.01841e-06
13020,8.98737e-06
13021,8.9514e-06
13022,8.91823e-06
13023,8.8834e-06
13024,8.8476e-06
13025,8.81405e-06
13026,8.77682e-06
13027,8.74337e-06
13028,8.70523e-06
13029,8.6714e-06
13030,8.63445e-06
13031,8.59844e-06
13032,8.56248e-06
13033,8.52588e-06
13034,8.48995e-06
13035,8.45217e-06
13036,8.41635e-06
13037,8.37925e-06
13038,8.34242e-06
13039,8.30612e-06
13040,8.26881e-06
13041,8.23259e-06
13042,8.19425e-06
13043,8.15847e-06
13044,8.1213e-06
13045,8.08419e-06
13046,8.04906e-06
13047,8.01054e-06
13048,7.9761e-06
13049,7.93819e-06
13050,7.90244e-06
13051,7.86752e-06
13052,7.82974e-06
13053,7.79624e-06
13054,7.75817e-06
13055,7.72438e-06
13056,7.68919e-06
13057,7.65252e-06
13058,7.62001e-06
13059,7.5831e-06
13060,7.55034e-06
13061,7.51477e-06
13062,7.48019e-06
13063,7.44799e-06
13064,7.41234e-06
13065,7.38077e-06
13066,7.3449e-06
13067,7.31311e-06
13068,7.28019e-06
13069,7.24587e-06
13070,7.21555e-06
13071,7.18102e-06
13072,7.15049e-06
13073,7.11728e-06
13074,7.08599e-06
13075,7.0571e-06
13076,7.02561e-06
13077,7.0068e-06
13078,6.99848e-06
13079,6.99709e-06
13080,7.02595e-06
13081,7.05851e-06
13082,7.08414e-06
13083,7.11826e-06
13084,7.14266e-06
13085,7.17633e-06
13086,7.20238e-06
13087,7.23274e-06
13088,7.26049e-06
13089,7.28749e-06
13090,7.31699e-06
13091,7.34062e-06
13092,7.37192e-06
13093,7.3935e-06
13094,7.42529e-06
13095,7.44864e-06
13096,7.47714e-06
13097,7.50226e-06
13098,7.52751e-06
13099,7.5544e-06
13100,7.57643e-06
13101,7.60536e-06
13102,7.6242e-06
13103,7.65502e-06
13104,7.67569e-06
13105,7.70337e-06
13106,7.72588e-06
13107,7.75045e-06
13108,7.77529e-06
13109,7.79629e-06
13110,7.82351e-06
13111,7.84096e-06
13112,7.87057e-06
13113,7.88894e-06
13114,7.91652e-06
13115,7.9374e-06
13116,7.9614e-06
13117,7.98479e-06
13118,8.00554e-06
13119,8.03116e-06
13120,8.04922e-06
13121,8.07682e-06
13122,8.09338e-06
13123,8.12214e-06
13124,8.14083e-06
13125,8.16726e-06
13126,8.18783e-06
13127,8.21181e-06
13128,8.23489e-06
13129,8.25552e-06
13130,8.28115e-06
13131,8.2987e-06
13132,8.32652e-06
13133,8.34291e-06
13134,8.37166e-06
13135,8.38987e-06
13136,8.41684e-06
13137,8.43697e-06
13138,8.46189e-06
13139,8.48412e-06
13140,8.50605e-06
13141,8.53041e-06
13142,8.54972e-06
13143,8.57567e-06
13144,8.59353e-06
13145,8.62087e-06
13146,8.6372e-06
13147,8.66603e-06
13148,8.68339e-06
13149,8.71025e-06
13150,8.72906e-06
13151,8.75324e-06
13152,8.77332e-06
13153,8.79572e-06
13154,8.81655e-06
13155,8.83782e-06
13156,8.85922e-06
13157,8.87881e-06
13158,8.90088e-06
13159,8.91829e-06
13160,8.94083e-06
13161,8.9563e-06
13162,8.97903e-06
13163,8.99342e-06
13164,9.01588e-06
13165,9.02947e-06
13166,9.05137e-06
13167,9.06376e-06
13168,9.08525e-06
13169,9.09617e-06
13170,9.11704e-06
13171,9.12662e-06
13172,9.14669e-06
13173,9.15508e-06
13174,9.17416e-06
13175,9.18167e-06
13176,9.1994e-06
13177,9.20635e-06
13178,9.22237e-06
13179,9.22885e-06
13180,9.24309e-06
13181,9.24922e-06
13182,9.26159e-06
13183,9.26737e-06
13184,9.27766e-06
13185,9.28317e-06
13186,9.29128e-06
13187,9.29659e-06
13188,9.30244e-06
13189,9.3076e-06
13190,9.31111e-06
13191,9.31621e-06
13192,9.31729e-06
13193,9.32239e-06
13194,9.321e-06
13195,9.32625e-06
13196,9.32246e-06
13197,9.32785e-06
13198,9.32357e-06
13199,9.32708e-06
13200,9.32311e-06
13201,9.32397e-06
13202,9.32036e-06
13203,9.31891e-06
13204,9.31568e-06
13205,9.31163e-06
13206,9.30889e-06
13207,9.30213e-06
13208,9.30001e-06
13209,9.29044e-06
13210,9.28948e-06
13211,9.27919e-06
13212,9.2769e-06
13213,9.26736e-06
13214,9.2623e-06
13215,9.25391e-06
13216,9.24574e-06
13217,9.23892e-06
13218,9.22727e-06
13219,9.2221e-06
13220,9.20746e-06
13221,9.2035e-06
13222,9.19054e-06
13223,9.18318e-06
13224,9.17215e-06
13225,9.16179e-06
13226,9.15218e-06
13227,9.13913e-06
13228,9.13068e-06
13229,9.11577e-06
13230,9.10822e-06
13231,9.09406e-06
13232,9.08486e-06
13233,9.072e-06
13234,9.06094e-06
13235,9.04897e-06
13236,9.0361e-06
13237,9.02548e-06
13238,9.01015e-06
13239,9.00146e-06
13240,8.9861e-06
13241,8.97691e-06
13242,8.96297e-06
13243,8.95141e-06
13244,8.93923e-06
13245,8.92504e-06
13246,8.91538e-06
13247,8.899e-06
13248,8.89075e-06
13249,8.87582e-06
13250,8.86539e-06
13251,8.853e-06
13252,8.84033e-06
13253,8.82951e-06
13254,8.81527e-06
13255,8.80541e-06
13256,8.7908e-06
13257,8.78149e-06
13258,8.76859e-06
13259,8.75777e-06
13260,8.74584e-06
13261,8.73444e-06
13262,8.72306e-06
13263,8.71073e-06
13264,8.70068e-06
13265,8.68698e-06
13266,8.67884e-06
13267,8.66524e-06
13268,8.65663e-06
13269,8.64408e-06
13270,8.63444e-06
13271,8.62356e-06
13272,8.61323e-06
13273,8.60266e-06
13274,8.59241e-06
13275,8.58189e-06
13276,8.57137e-06
13277,8.56232e-06
13278,8.5517e-06
13279,8.54269e-06
13280,8.53251e-06
13281,8.52392e-06
13282,8.51391e-06
13283,8.50596e-06
13284,8.4966e-06
13285,8.48956e-06
13286,8.48053e-06
13287,8.47554e-06
13288,8.47003e-06
13289,8.4659e-06
13290,8.46205e-06
13291,8.45978e-06
13292,8.45702e-06
13293,8.45408e-06
13294,8.45201e-06
13295,8.44959e-06
13296,8.44629e-06
13297,8.44503e-06
13298,8.44197e-06
13299,8.4399e-06
13300,8.43705e-06
13301,8.43389e-06
13302,8.43115e-06
13303,8.42698e-06
13304,8.42425e-06
13305,8.41916e-06
13306,8.41633e-06
13307,8.41093e-06
13308,8.40739e-06
13309,8.40173e-06
13310,8.3974e-06
13311,8.39139e-06
13312,8.38638e-06
13313,8.37991e-06
13314,8.37503e-06
13315,8.36769e-06
13316,8.36257e-06
13317,8.35889e-06
13318,8.36788e-06
13319,8.36736e-06
13320,8.37546e-06
13321,8.37514e-06
13322,8.38204e-06
13323,8.38187e-06
13324,8.38752e-06
13325,8.38745e-06
13326,8.3918e-06
13327,8.39176e-06
13328,8.39478e-06
13329,8.39493e-06
13330,8.39636e-06
13331,8.39659e-06
13332,8.39645e-06
13333,8.39663e-06
13334,8.39495e-06
13335,8.39494e-06
13336,8.39178e-06
13337,8.39143e-06
13338,8.38685e-06
13339,8.38602e-06
13340,8.38007e-06
13341,8.37861e-06
13342,8.37137e-06
13343,8.36912e-06
13344,8.36068e-06
13345,8.35749e-06
13346,8.34793e-06
13347,8.34379e-06
13348,8.33306e-06
13349,8.32802e-06
13350,8.316e-06
13351,8.30998e-06
13352,8.29672e-06
13353,8.28961e-06
13354,8.27515e-06
13355,8.26711e-06
13356,8.25149e-06
13357,8.24259e-06
13358,8.22591e-06
13359,8.21569e-06
13360,8.19801e-06
13361,8.18639e-06
13362,8.16845e-06
13363,8.15466e-06
13364,8.13671e-06
13365,8.1205e-06
13366,8.10265e-06
13367,8.08424e-06
13368,8.06626e-06
13369,8.04617e-06
13370,8.02754e-06
13371,8.00656e-06
13372,7.98755e-06
13373,7.9648e-06
13374,7.94592e-06
13375,7.92071e-06
13376,7.90261e-06
13377,7.8743e-06
13378,7.85708e-06
13379,7.82675e-06
13380,7.80934e-06
13381,7.77805e-06
13382,7.76062e-06
13383,7.7274e-06
13384,7.71086e-06
13385,7.67736e-06
13386,7.65931e-06
13387,7.62642e-06
13388,7.60564e-06
13389,7.57419e-06
13390,7.55069e-06
13391,7.51989e-06
13392,7.49492e-06
13393,7.46392e-06
13394,7.43784e-06
13395,7.40699e-06
13396,7.3787e-06
13397,7.34936e-06
13398,7.31799e-06
13399,7.28966e-06
13400,7.25639e-06
13401,7.22788e-06
13402,7.19387e-06
13403,7.16508e-06
13404,7.12928e-06
13405,7.10102e-06
13406,7.06263e-06
13407,7.03565e-06
13408,6.99495e-06
13409,6.96816e-06
13410,6.92598e-06
13411,6.89853e-06
13412,6.8556e-06
13413,6.82754e-06
13414,6.78337e-06
13415,6.75482e-06
13416,6.71039e-06
13417,6.68091e-06
13418,6.63518e-06
13419,6.64868e-06
13420,6.70659e-06
13421,6.76215e-06
13422,6.82049e-06
13423,6.87534e-06
13424,6.93293e-06
13425,6.98909e-06
13426,7.04381e-06
13427,7.10154e-06
13428,7.15543e-06
13429,7.21229e-06
13430,7.26632e-06
13431,7.32119e-06
13432,7.37689e-06
13433,7.4296e-06
13434,7.48552e-06
13435,7.5383e-06
13436,7.59205e-06
13437,7.64787e-06
13438,7.69973e-06
13439,7.75531e-06
13440,7.80634e-06
13441,7.86048e-06
13442,7.91311e-06
13443,7.96334e-06
13444,8.01747e-06
13445,8.06646e-06
13446,8.1193e-06
13447,8.16718e-06
13448,8.21846e-06
13449,8.26783e-06
13450,8.31485e-06
13451,8.36597e-06
13452,8.4129e-06
13453,8.46266e-06
13454,8.51009e-06
13455,8.55638e-06
13456,8.60513e-06
13457,8.64953e-06
13458,8.69707e-06
13459,8.73989e-06
13460,8.78581e-06
13461,8.827e-06
13462,8.87127e-06
13463,8.91441e-06
13464,8.95519e-06
13465,8.9995e-06
13466,9.03857e-06
13467,9.08114e-06
13468,9.11847e-06
13469,9.15928e-06
13470,9.197e-06
13471,9.23385e-06
13472,9.27257e-06
13473,9.30665e-06
13474,9.3445e-06
13475,9.37747e-06
13476,9.41397e-06
13477,9.44575e-06
13478,9.48038e-06
13479,9.51305e-06
13480,9.54319e-06
13481,9.57659e-06
13482,9.60486e-06
13483,9.63636e-06
13484,9.66273e-06
13485,9.69233e-06
13486,9.71691e-06
13487,9.74555e-06
13488,9.77097e-06
13489,9.79571e-06
13490,9.82194e-06
13491,9.84368e-06
13492,9.86907e-06
13493,9.8889e-06
13494,9.91238e-06
13495,9.9303e-06
13496,9.95187e-06
13497,9.96849e-06
13498,9.98865e-06
13499,1.00053e-05
13500,1.00223e-05
13501,1.00397e-05
13502,1.00533e-05
13503,1.00702e-05
13504,1.00819e-05
13505,1.0097e-05
13506,1.01068e-05
13507,1.01201e-05
13508,1.01288e-05
13509,1.0141e-05
13510,1.01479e-05
13511,1.01583e-05
13512,1.01642e-05
13513,1.01719e-05
13514,1.01784e-05
13515,1.01821e-05
13516,1.01891e-05
13517,1.01908e-05
13518,1.01963e-05
13519,1.01971e-05
13520,1.02013e-05
13521,1.02004e-05
13522,1.02029e-05
13523,1.02004e-05
13524,1.02012e-05
13525,1.01971e-05
13526,1.01963e-05
13527,1.01907e-05
13528,1.01883e-05
13529,1.01812e-05
13530,1.01772e-05
13531,1.01711e-05
13532,1.01632e-05
13533,1.01585e-05
13534,1.01488e-05
13535,1.0143e-05
13536,1.01319e-05
13537,1.01247e-05
13538,1.01122e-05
13539,1.01037e-05
13540,1.009e-05
13541,1.00802e-05
13542,1.00653e-05
13543,1.00544e-05
13544,1.00383e-05
13545,1.00263e-05
13546,1.00092e-05
13547,9.99608e-06
13548,9.97798e-06
13549,9.96393e-06
13550,9.94499e-06
13551,9.93015e-06
13552,9.9115e-06
13553,9.89524e-06
13554,9.87688e-06
13555,9.85882e-06
13556,9.84074e-06
13557,9.82104e-06
13558,9.80325e-06
13559,9.78207e-06
13560,9.76456e-06
13561,9.74262e-06
13562,9.72508e-06
13563,9.70302e-06
13564,9.68525e-06
13565,9.66281e-06
13566,9.6447e-06
13567,9.62198e-06
13568,9.60362e-06
13569,9.58069e-06
13570,9.56216e-06
13571,9.53911e-06
13572,9.5205e-06
13573,9.49742e-06
13574,9.4788e-06
13575,9.46588e-06
13576,9.5034e-06
13577,9.5423e-06
13578,9.5801e-06
13579,9.61693e-06
13580,9.65538e-06
13581,9.69142e-06
13582,9.72856e-06
13583,9.76332e-06
13584,9.79916e-06
13585,9.83261e-06
13586,9.86714e-06
13587,9.90081e-06
13588,9.93323e-06
13589,9.96698e-06
13590,9.99805e-06
13591,1.00304e-05
13592,1.00602e-05
13593,1.00912e-05
13594,1.01196e-05
13595,1.01492e-05
13596,1.01765e-05
13597,1.02046e-05
13598,1.02323e-05
13599,1.0258e-05
13600,1.02853e-05
13601,1.03097e-05
13602,1.03357e-05
13603,1.03588e-05
13604,1.03834e-05
13605,1.04052e-05
13606,1.04285e-05
13607,1.0449e-05
13608,1.0471e-05
13609,1.04902e-05
13610,1.05111e-05
13611,1.05291e-05
13612,1.05486e-05
13613,1.05665e-05
13614,1.05838e-05
13615,1.06015e-05
13616,1.06168e-05
13617,1.0634e-05
13618,1.06481e-05
13619,1.06641e-05
13620,1.06771e-05
13621,1.0692e-05
13622,1.07039e-05
13623,1.07177e-05
13624,1.07285e-05
13625,1.07412e-05
13626,1.07509e-05
13627,1.07626e-05
13628,1.07714e-05
13629,1.07821e-05
13630,1.07899e-05
13631,1.07996e-05
13632,1.08064e-05
13633,1.08153e-05
13634,1.08212e-05
13635,1.08291e-05
13636,1.08342e-05
13637,1.08413e-05
13638,1.08455e-05
13639,1.08518e-05
13640,1.08552e-05
13641,1.08606e-05
13642,1.08633e-05
13643,1.0868e-05
13644,1.08699e-05
13645,1.08743e-05
13646,1.08758e-05
13647,1.08793e-05
13648,1.08808e-05
13649,1.08829e-05
13650,1.08845e-05
13651,1.08852e-05
13652,1.08871e-05
13653,1.08864e-05
13654,1.08884e-05
13655,1.08867e-05
13656,1.08887e-05
13657,1.08864e-05
13658,1.08879e-05
13659,1.08851e-05
13660,1.08861e-05
13661,1.08827e-05
13662,1.08832e-05
13663,1.08794e-05
13664,1.08794e-05
13665,1.08752e-05
13666,1.08747e-05
13667,1.08704e-05
13668,1.08691e-05
13669,1.08653e-05
13670,1.08627e-05
13671,1.08594e-05
13672,1.08554e-05
13673,1.08527e-05
13674,1.08474e-05
13675,1.08452e-05
13676,1.08391e-05
13677,1.08369e-05
13678,1.08304e-05
13679,1.08278e-05
13680,1.0821e-05
13681,1.08181e-05
13682,1.08108e-05
13683,1.08076e-05
13684,1.08e-05
13685,1.07964e-05
13686,1.07885e-05
13687,1.07846e-05
13688,1.07765e-05
13689,1.07722e-05
13690,1.07643e-05
13691,1.07592e-05
13692,1.07514e-05
13693,1.07456e-05
13694,1.07379e-05
13695,1.07315e-05
13696,1.07238e-05
13697,1.07169e-05
13698,1.07092e-05
13699,1.07019e-05
13700,1.0694e-05
13701,1.06864e-05
13702,1.06783e-05
13703,1.06705e-05
13704,1.06621e-05
13705,1.06542e-05
13706,1.06455e-05
13707,1.06377e-05
13708,1.06284e-05
13709,1.06208e-05
13710,1.06112e-05
13711,1.06037e-05
13712,1.05939e-05
13713,1.05864e-05
13714,1.05766e-05
13715,1.05689e-05
13716,1.0559e-05
13717,1.05513e-05
13718,1.05413e-05
13719,1.05336e-05
13720,1.05236e-05
13721,1.05159e-05
13722,1.05057e-05
13723,1.04981e-05
13724,1.04881e-05
13725,1.04804e-05
13726,1.04716e-05
13727,1.04628e-05
13728,1.04553e-05
13729,1.04453e-05
13730,1.04392e-05
13731,1.04292e-05
13732,1.04233e-05
13733,1.04135e-05
13734,1.04078e-05
13735,1.03983e-05
13736,1.03925e-05
13737,1.03848e-05
13738,1.03777e-05
13739,1.03718e-05
13740,1.03634e-05
13741,1.03591e-05
13742,1.0351e-05
13743,1.0347e-05
13744,1.0339e-05
13745,1.03353e-05
13746,1.03286e-05
13747,1.03241e-05
13748,1.03195e-05
13749,1.03134e-05
13750,1.03109e-05
13751,1.03048e-05
13752,1.03028e-05
13753,1.0297e-05
13754,1.02953e-05
13755,1.02901e-05
13756,1.02883e-05
13757,1.02855e-05
13758,1.02821e-05
13759,1.02815e-05
13760,1.02783e-05
13761,1.0278e-05
13762,1.0275e-05
13763,1.02749e-05
13764,1.02736e-05
13765,1.02723e-05
13766,1.02729e-05
13767,1.02712e-05
13768,1.02725e-05
13769,1.0271e-05
13770,1.02726e-05
13771,1.02713e-05
13772,1.0273e-05
13773,1.02718e-05
13774,1.02737e-05
13775,1.02727e-05
13776,1.02747e-05
13777,1.02743e-05
13778,1.02761e-05
13779,1.02769e-05
13780,1.02777e-05
13781,1.02797e-05
13782,1.02796e-05
13783,1.02827e-05
13784,1.02826e-05
13785,1.02857e-05
13786,1.02857e-05
13787,1.02889e-05
13788,1.02889e-05
13789,1.02921e-05
13790,1.02922e-05
13791,1.02954e-05
13792,1.02954e-05
13793,1.02986e-05
13794,1.02987e-05
13795,1.03018e-05
13796,1.03019e-05
13797,1.0305e-05
13798,1.0305e-05
13799,1.03081e-05
13800,1.0308e-05
13801,1.0311e-05
13802,1.03108e-05
13803,1.03137e-05
13804,1.03135e-05
13805,1.03163e-05
13806,1.03159e-05
13807,1.03186e-05
13808,1.03181e-05
13809,1.03206e-05
13810,1.032e-05
13811,1.03223e-05
13812,1.03215e-05
13813,1.03236e-05
13814,1.03226e-05
13815,1.03251e-05
13816,1.03245e-05
13817,1.03264e-05
13818,1.03261e-05
13819,1.03271e-05
13820,1.03274e-05
13821,1.03274e-05
13822,1.0328e-05
13823,1.03269e-05
13824,1.03282e-05
13825,1.0326e-05
13826,1.03276e-05
13827,1.03251e-05
13828,1.03264e-05
13829,1.03235e-05
13830,1.03244e-05
13831,1.03211e-05
13832,1.03215e-05
13833,1.03178e-05
13834,1.03178e-05
13835,1.03136e-05
13836,1.03131e-05
13837,1.03083e-05
13838,1.03073e-05
13839,1.03039e-05
13840,1.03009e-05
13841,1.02987e-05
13842,1.02942e-05
13843,1.02922e-05
13844,1.02872e-05
13845,1.02846e-05
13846,1.02789e-05
13847,1.02756e-05
13848,1.02692e-05
13849,1.02652e-05
13850,1.02582e-05
13851,1.02534e-05
13852,1.02457e-05
13853,1.02402e-05
13854,1.02316e-05
13855,1.02253e-05
13856,1.02168e-05
13857,1.02088e-05
13858,1.02009e-05
13859,1.01911e-05
13860,1.01833e-05
13861,1.01725e-05
13862,1.01639e-05
13863,1.01523e-05
13864,1.01427e-05
13865,1.01301e-05
13866,1.01201e-05
13867,1.01064e-05
13868,1.00962e-05
13869,1.00815e-05
13870,1.00703e-05
13871,1.00556e-05
13872,1.00425e-05
13873,1.00281e-05
13874,1.00127e-05
13875,9.99853e-06
13876,9.98097e-06
13877,9.96691e-06
13878,9.94831e-06
13879,9.9332e-06
13880,9.91354e-06
13881,9.89737e-06
13882,9.87665e-06
13883,9.85941e-06
13884,9.83761e-06
13885,9.8193e-06
13886,9.79642e-06
13887,9.77703e-06
13888,9.75313e-06
13889,9.73259e-06
13890,9.70862e-06
13891,9.68598e-06
13892,9.6619e-06
13893,9.6372e-06
13894,9.61295e-06
13895,9.58625e-06
13896,9.56178e-06
13897,9.53331e-06
13898,9.50839e-06
13899,9.47888e-06
13900,9.45281e-06
13901,9.42318e-06
13902,9.39547e-06
13903,9.36526e-06
13904,9.33645e-06
13905,9.30514e-06
13906,9.27524e-06
13907,9.24285e-06
13908,9.21187e-06
13909,9.1784e-06
13910,9.14635e-06
13911,9.11182e-06
13912,9.07872e-06
13913,9.04314e-06
13914,9.00899e-06
13915,8.97238e-06
13916,8.93721e-06
13917,8.89959e-06
13918,8.8634e-06
13919,8.82478e-06
13920,8.78761e-06
13921,8.74801e-06
13922,8.70987e-06
13923,8.66931e-06
13924,8.63022e-06
13925,8.58873e-06
13926,8.54871e-06
13927,8.5063e-06
13928,8.46538e-06
13929,8.42208e-06
13930,8.38028e-06
13931,8.33612e-06
13932,8.29346e-06
13933,8.24846e-06
13934,8.20497e-06
13935,8.15916e-06
13936,8.11487e-06
13937,8.06827e-06
13938,8.02321e-06
13939,7.97586e-06
13940,7.93005e-06
13941,7.88197e-06
13942,7.83545e-06
13943,7.78667e-06
13944,7.73946e-06
13945,7.69073e-06
13946,7.64216e-06
13947,7.59366e-06
13948,7.54359e-06
13949,7.4954e-06
13950,7.44476e-06
13951,7.39601e-06
13952,7.34483e-06
13953,7.29555e-06
13954,7.24386e-06
13955,7.19409e-06
13956,7.14193e-06
13957,7.09169e-06
13958,7.03908e-06
13959,6.98842e-06
13960,6.93539e-06
13961,6.88433e-06
13962,6.83093e-06
13963,6.77951e-06
13964,6.72668e-06
13965,6.67402e-06
13966,6.6219e-06
13967,6.5681e-06
13968,6.51655e-06
13969,6.46248e-06
13970,6.41067e-06
13971,6.35637e-06
13972,6.30435e-06
13973,6.24985e-06
13974,6.19765e-06
13975,6.14299e-06
13976,6.09065e-06
13977,6.03587e-06
13978,6.05883e-06
13979,6.09312e-06
13980,6.13022e-06
13981,6.16595e-06
13982,6.20254e-06
13983,6.23826e-06
13984,6.27451e-06
13985,6.3108e-06
13986,6.34588e-06
13987,6.38354e-06
13988,6.41726e-06
13989,6.45567e-06
13990,6.4886e-06
13991,6.52707e-06
13992,6.56023e-06
13993,6.59771e-06
13994,6.63136e-06
13995,6.66817e-06
13996,6.70236e-06
13997,6.73794e-06
13998,6.77252e-06
13999,6.80704e-06
14000,6.84181e-06
14001,6.87574e-06
14002,6.91019e-06
14003,6.94347e-06
14004,6.97762e-06
14005,7.01019e-06
14006,7.04408e-06
14007,7.07587e-06
14008,7.11008e-06
14009,7.14048e-06
14010,7.17522e-06
14011,7.20512e-06
14012,7.23928e-06
14013,7.26917e-06
14014,7.30225e-06
14015,7.33276e-06
14016,7.3641e-06
14017,7.39527e-06
14018,7.42552e-06
14019,7.45667e-06
14020,7.48577e-06
14021,7.51693e-06
14022,7.54479e-06
14023,7.57603e-06
14024,7.60262e-06
14025,7.63393e-06
14026,7.66066e-06
14027,7.6906e-06
14028,7.71752e-06
14029,7.74602e-06
14030,7.77369e-06
14031,7.80046e-06
14032,7.8289e-06
14033,7.85408e-06
14034,7.88285e-06
14035,7.90732e-06
14036,7.9355e-06
14037,7.96035e-06
14038,7.98682e-06
14039,8.01209e-06
14040,8.03678e-06
14041,8.0625e-06
14042,8.08534e-06
14043,8.11156e-06
14044,8.13385e-06
14045,8.15922e-06
14046,8.18203e-06
14047,8.20614e-06
14048,8.22892e-06
14049,8.2517e-06
14050,8.27504e-06
14051,8.29574e-06
14052,8.31967e-06
14053,8.33906e-06
14054,8.36277e-06
14055,8.38275e-06
14056,8.40429e-06
14057,8.42487e-06
14058,8.44419e-06
14059,8.46539e-06
14060,8.48245e-06
14061,8.50427e-06
14062,8.52128e-06
14063,8.54146e-06
14064,8.55907e-06
14065,8.57692e-06
14066,8.59514e-06
14067,8.61062e-06
14068,8.62946e-06
14069,8.643e-06
14070,8.66197e-06
14071,8.6761e-06
14072,8.69264e-06
14073,8.70736e-06
14074,8.72144e-06
14075,8.73675e-06
14076,8.74857e-06
14077,8.76424e-06
14078,8.77605e-06
14079,8.78979e-06
14080,8.80161e-06
14081,8.81339e-06
14082,8.82523e-06
14083,8.83512e-06
14084,8.84689e-06
14085,8.85735e-06
14086,8.8668e-06
14087,8.87759e-06
14088,8.88496e-06
14089,8.89584e-06
14090,8.90109e-06
14091,8.91208e-06
14092,8.91786e-06
14093,8.92629e-06
14094,8.93267e-06
14095,8.93849e-06
14096,8.94547e-06
14097,8.94897e-06
14098,8.95626e-06
14099,8.95998e-06
14100,8.96503e-06
14101,8.96901e-06
14102,8.9718e-06
14103,8.97606e-06
14104,8.97756e-06
14105,8.98115e-06
14106,8.98336e-06
14107,8.98428e-06
14108,8.98723e-06
14109,8.98549e-06
14110,8.98919e-06
14111,8.98692e-06
14112,8.98926e-06
14113,8.98745e-06
14114,8.98746e-06
14115,8.98613e-06
14116,8.98393e-06
14117,8.98301e-06
14118,8.98172e-06
14119,8.9781e-06
14120,8.97775e-06
14121,8.97347e-06
14122,8.97205e-06
14123,8.9684e-06
14124,8.96466e-06
14125,8.96167e-06
14126,8.95561e-06
14127,8.95329e-06
14128,8.94789e-06
14129,8.94332e-06
14130,8.93904e-06
14131,8.93275e-06
14132,8.92863e-06
14133,8.92312e-06
14134,8.91672e-06
14135,8.91199e-06
14136,8.90412e-06
14137,8.89939e-06
14138,8.89233e-06
14139,8.88536e-06
14140,8.87912e-06
14141,8.87139e-06
14142,8.86451e-06
14143,8.85806e-06
14144,8.84911e-06
14145,8.84336e-06
14146,8.83526e-06
14147,8.82734e-06
14148,8.82006e-06
14149,8.81047e-06
14150,8.80355e-06
14151,8.79477e-06
14152,8.78576e-06
14153,8.77778e-06
14154,8.76672e-06
14155,8.75952e-06
14156,8.74881e-06
14157,8.74002e-06
14158,8.73051e-06
14159,8.72066e-06
14160,8.71095e-06
14161,8.70181e-06
14162,8.69067e-06
14163,8.68171e-06
14164,8.67123e-06
14165,8.66037e-06
14166,8.65052e-06
14167,8.63783e-06
14168,8.62857e-06
14169,8.61561e-06
14170,8.60539e-06
14171,8.59296e-06
14172,8.58102e-06
14173,8.56907e-06
14174,8.55547e-06
14175,8.54397e-06
14176,8.53067e-06
14177,8.51768e-06
14178,8.50475e-06
14179,8.49023e-06
14180,8.47763e-06
14181,8.46165e-06
14182,8.44933e-06
14183,8.43344e-06
14184,8.41987e-06
14185,8.4042e-06
14186,8.3893e-06
14187,8.37378e-06
14188,8.35764e-06
14189,8.34232e-06
14190,8.3257e-06
14191,8.30984e-06
14192,8.29325e-06
14193,8.27626e-06
14194,8.25964e-06
14195,8.24161e-06
14196,8.22492e-06
14197,8.20611e-06
14198,8.18913e-06
14199,8.17017e-06
14200,8.1523e-06
14201,8.13314e-06
14202,8.11447e-06
14203,8.09506e-06
14204,8.07568e-06
14205,8.05597e-06
14206,8.03598e-06
14207,8.01592e-06
14208,7.9954e-06
14209,7.97494e-06
14210,7.95399e-06
14211,7.93307e-06
14212,7.91179e-06
14213,7.89037e-06
14214,7.86884e-06
14215,7.84687e-06
14216,7.8252e-06
14217,7.80263e-06
14218,7.7809e-06
14219,7.75767e-06
14220,7.73598e-06
14221,7.71295e-06
14222,7.6905e-06
14223,7.66792e-06
14224,7.64458e-06
14225,7.62248e-06
14226,7.5995e-06
14227,7.57667e-06
14228,7.55423e-06
14229,7.53051e-06
14230,7.50871e-06
14231,7.48449e-06
14232,7.46298e-06
14233,7.43958e-06
14234,7.41707e-06
14235,7.39457e-06
14236,7.37169e-06
14237,7.3495e-06
14238,7.32769e-06
14239,7.30438e-06
14240,7.28372e-06
14241,7.26102e-06
14242,7.23982e-06
14243,7.21842e-06
14244,7.1968e-06
14245,7.17596e-06
14246,7.15578e-06
14247,7.13666e-06
14248,7.11704e-06
14249,7.09768e-06
14250,7.07966e-06
14251,7.06152e-06
14252,7.04259e-06
14253,7.02613e-06
14254,7.00842e-06
14255,6.9932e-06
14256,6.97746e-06
14257,6.96188e-06
14258,6.94791e-06
14259,6.93361e-06
14260,6.92051e-06
14261,6.90641e-06
14262,6.89512e-06
14263,6.88261e-06
14264,6.8733e-06
14265,6.86189e-06
14266,6.85177e-06
14267,6.84215e-06
14268,6.83352e-06
14269,6.82525e-06
14270,6.81615e-06
14271,6.80887e-06
14272,6.80128e-06
14273,6.79519e-06
14274,6.78854e-06
14275,6.78162e-06
14276,6.7762e-06
14277,6.77006e-06
14278,6.7637e-06
14279,6.7586e-06
14280,6.75271e-06
14281,6.74681e-06
14282,6.74174e-06
14283,6.73562e-06
14284,6.73031e-06
14285,6.72479e-06
14286,6.71832e-06
14287,6.71332e-06
14288,6.70666e-06
14289,6.70114e-06
14290,6.69477e-06
14291,6.68817e-06
14292,6.682e-06
14293,6.67431e-06
14294,6.66827e-06
14295,6.65963e-06
14296,6.65349e-06
14297,6.64475e-06
14298,6.6376e-06
14299,6.62868e-06
14300,6.62049e-06
14301,6.61613e-06
14302,6.65562e-06
14303,6.68954e-06
14304,6.72786e-06
14305,6.76129e-06
14306,6.79766e-06
14307,6.83077e-06
14308,6.86486e-06
14309,6.89758e-06
14310,6.92932e-06
14311,6.96158e-06
14312,6.99091e-06
14313,7.02265e-06
14314,7.0497e-06
14315,7.08066e-06
14316,7.10614e-06
14317,7.13549e-06
14318,7.15935e-06
14319,7.18704e-06
14320,7.20922e-06
14321,7.23521e-06
14322,7.25566e-06
14323,7.27989e-06
14324,7.29858e-06
14325,7.32102e-06
14326,7.33791e-06
14327,7.35852e-06
14328,7.37357e-06
14329,7.39233e-06
14330,7.40551e-06
14331,7.42238e-06
14332,7.43369e-06
14333,7.44865e-06
14334,7.45805e-06
14335,7.4711e-06
14336,7.47859e-06
14337,7.48971e-06
14338,7.49527e-06
14339,7.50446e-06
14340,7.5081e-06
14341,7.51536e-06
14342,7.51708e-06
14343,7.52242e-06
14344,7.52223e-06
14345,7.52566e-06
14346,7.52357e-06
14347,7.5251e-06
14348,7.52119e-06
14349,7.52079e-06
14350,7.51649e-06
14351,7.51279e-06
14352,7.50817e-06
14353,7.50115e-06
14354,7.4963e-06
14355,7.48662e-06
14356,7.48094e-06
14357,7.46952e-06
14358,7.46219e-06
14359,7.44911e-06
14360,7.44013e-06
14361,7.42544e-06
14362,7.41486e-06
14363,7.39861e-06
14364,7.3865e-06
14365,7.36875e-06
14366,7.35516e-06
14367,7.33597e-06
14368,7.32096e-06
14369,7.30039e-06
14370,7.28402e-06
14371,7.2623e-06
14372,7.24487e-06
14373,7.22256e-06
14374,7.20392e-06
14375,7.18166e-06
14376,7.16068e-06
14377,7.13868e-06
14378,7.11528e-06
14379,7.09365e-06
14380,7.06805e-06
14381,7.04672e-06
14382,7.02036e-06
14383,6.99879e-06
14384,6.97214e-06
14385,6.9498e-06
14386,6.92241e-06
14387,6.89937e-06
14388,6.87134e-06
14389,6.84767e-06
14390,6.81927e-06
14391,6.79486e-06
14392,6.76922e-06
14393,6.74154e-06
14394,6.7183e-06
14395,6.69025e-06
14396,6.73312e-06
14397,6.79439e-06
14398,6.85576e-06
14399,6.9188e-06
14400,6.97956e-06
14401,7.04435e-06
14402,7.10553e-06
14403,7.17087e-06
14404,7.23247e-06
14405,7.29818e-06
14406,7.36021e-06
14407,7.4261e-06
14408,7.48963e-06
14409,7.55443e-06
14410,7.61941e-06
14411,7.683e-06
14412,7.74938e-06
14413,7.8124e-06
14414,7.87933e-06
14415,7.94228e-06
14416,8.00906e-06
14417,8.07258e-06
14418,8.13837e-06
14419,8.20301e-06
14420,8.26716e-06
14421,8.33276e-06
14422,8.39579e-06
14423,8.46162e-06
14424,8.52413e-06
14425,8.58939e-06
14426,8.65128e-06
14427,8.71587e-06
14428,8.77704e-06
14429,8.84085e-06
14430,8.90121e-06
14431,8.96416e-06
14432,9.0236e-06
14433,9.08559e-06
14434,9.14402e-06
14435,9.20495e-06
14436,9.2625e-06
14437,9.32208e-06
14438,9.37954e-06
14439,9.43679e-06
14440,9.49408e-06
14441,9.54892e-06
14442,9.60596e-06
14443,9.65924e-06
14444,9.71502e-06
14445,9.76682e-06
14446,9.8211e-06
14447,9.87136e-06
14448,9.92406e-06
14449,9.97272e-06
14450,1.00238e-05
14451,1.00708e-05
14452,1.01201e-05
14453,1.01654e-05
14454,1.0213e-05
14455,1.02564e-05
14456,1.03022e-05
14457,1.03438e-05
14458,1.03878e-05
14459,1.04275e-05
14460,1.04695e-05
14461,1.05074e-05
14462,1.05474e-05
14463,1.05833e-05
14464,1.06214e-05
14465,1.06561e-05
14466,1.06915e-05
14467,1.07249e-05
14468,1.07574e-05
14469,1.07897e-05
14470,1.08194e-05
14471,1.08504e-05
14472,1.08775e-05
14473,1.0907e-05
14474,1.0932e-05
14475,1.09594e-05
14476,1.09824e-05
14477,1.10077e-05
14478,1.10286e-05
14479,1.10519e-05
14480,1.10707e-05
14481,1.10919e-05
14482,1.11087e-05
14483,1.11279e-05
14484,1.11427e-05
14485,1.11598e-05
14486,1.11726e-05
14487,1.11878e-05
14488,1.11985e-05
14489,1.12117e-05
14490,1.12205e-05
14491,1.12317e-05
14492,1.12386e-05
14493,1.12479e-05
14494,1.12529e-05
14495,1.12606e-05
14496,1.12636e-05
14497,1.12697e-05
14498,1.12709e-05
14499,1.12752e-05
14500,1.12746e-05
14501,1.12772e-05
14502,1.12749e-05
14503,1.12758e-05
14504,1.12718e-05
14505,1.1271e-05
14506,1.12654e-05
14507,1.1263e-05
14508,1.12558e-05
14509,1.1252e-05
14510,1.12432e-05
14511,1.12379e-05
14512,1.12277e-05
14513,1.12209e-05
14514,1.12093e-05
14515,1.12011e-05
14516,1.11882e-05
14517,1.11787e-05
14518,1.11647e-05
14519,1.11537e-05
14520,1.11386e-05
14521,1.11263e-05
14522,1.11102e-05
14523,1.10967e-05
14524,1.10795e-05
14525,1.10649e-05
14526,1.10467e-05
14527,1.10311e-05
14528,1.10119e-05
14529,1.09953e-05
14530,1.09752e-05
14531,1.09578e-05
14532,1.09368e-05
14533,1.09187e-05
14534,1.08967e-05
14535,1.08781e-05
14536,1.08552e-05
14537,1.0836e-05
14538,1.08125e-05
14539,1.07927e-05
14540,1.07687e-05
14541,1.07484e-05
14542,1.07244e-05
14543,1.07036e-05
14544,1.06792e-05
14545,1.06579e-05
14546,1.06331e-05
14547,1.06115e-05
14548,1.05863e-05
14549,1.05644e-05
14550,1.0539e-05
14551,1.05168e-05
14552,1.04912e-05
14553,1.04689e-05
14554,1.04431e-05
14555,1.04206e-05
14556,1.03947e-05
14557,1.03721e-05
14558,1.03469e-05
14559,1.03236e-05
14560,1.02993e-05
14561,1.0275e-05
14562,1.02517e-05
14563,1.02266e-05
14564,1.02043e-05
14565,1.01792e-05
14566,1.01573e-05
14567,1.01323e-05
14568,1.01105e-05
14569,1.00858e-05
14570,1.00646e-05
14571,1.00412e-05
14572,1.00195e-05
14573,9.99763e-06
14574,9.97494e-06
14575,9.95465e-06
14576,9.93144e-06
14577,9.91236e-06
14578,9.88951e-06
14579,9.87082e-06
14580,9.84836e-06
14581,9.83008e-06
14582,9.80844e-06
14583,9.79019e-06
14584,9.77027e-06
14585,9.7512e-06
14586,9.73301e-06
14587,9.71314e-06
14588,9.6967e-06
14589,9.67695e-06
14590,9.66138e-06
14591,9.64306e-06
14592,9.62706e-06
14593,9.61113e-06
14594,9.59427e-06
14595,9.5802e-06
14596,9.56385e-06
14597,9.5503e-06
14598,9.53447e-06
14599,9.52144e-06
14600,9.50613e-06
14601,9.49362e-06
14602,9.48003e-06
14603,9.46686e-06
14604,9.455e-06
14605,9.44173e-06
14606,9.43102e-06
14607,9.41827e-06
14608,9.4081e-06
14609,9.39587e-06
14610,9.38621e-06
14611,9.37474e-06
14612,9.36537e-06
14613,9.36327e-06
14614,9.37194e-06
14615,9.38409e-06
14616,9.39162e-06
14617,9.40263e-06
14618,9.40904e-06
14619,9.41893e-06
14620,9.42423e-06
14621,9.43302e-06
14622,9.43722e-06
14623,9.44493e-06
14624,9.44806e-06
14625,9.4547e-06
14626,9.45678e-06
14627,9.46238e-06
14628,9.46343e-06
14629,9.468e-06
14630,9.46805e-06
14631,9.47163e-06
14632,9.4707e-06
14633,9.47331e-06
14634,9.47143e-06
14635,9.4731e-06
14636,9.4703e-06
14637,9.47105e-06
14638,9.46802e-06
14639,9.46723e-06
14640,9.46404e-06
14641,9.46168e-06
14642,9.45839e-06
14643,9.45448e-06
14644,9.45113e-06
14645,9.44568e-06
14646,9.44231e-06
14647,9.43536e-06
14648,9.43199e-06
14649,9.42406e-06
14650,9.42024e-06
14651,9.41162e-06
14652,9.40712e-06
14653,9.39784e-06
14654,9.39269e-06
14655,9.38278e-06
14656,9.37701e-06
14657,9.3665e-06
14658,9.36014e-06
14659,9.34907e-06
14660,9.34216e-06
14661,9.33062e-06
14662,9.32341e-06
14663,9.31149e-06
14664,9.3038e-06
14665,9.29142e-06
14666,9.28328e-06
14667,9.27047e-06
14668,9.26189e-06
14669,9.24868e-06
14670,9.24635e-06
14671,9.25116e-06
14672,9.2519e-06
14673,9.25778e-06
14674,9.25954e-06
14675,9.26421e-06
14676,9.267e-06
14677,9.27038e-06
14678,9.27415e-06
14679,9.27619e-06
14680,9.2809e-06
14681,9.28172e-06
14682,9.28717e-06
14683,9.28813e-06
14684,9.29288e-06
14685,9.29456e-06
14686,9.29794e-06
14687,9.3003e-06
14688,9.30229e-06
14689,9.30524e-06
14690,9.30618e-06
14691,9.30933e-06
14692,9.30961e-06
14693,9.31246e-06
14694,9.31207e-06
14695,9.31457e-06
14696,9.31421e-06
14697,9.31558e-06
14698,9.31535e-06
14699,9.31541e-06
14700,9.31527e-06
14701,9.31415e-06
14702,9.31391e-06
14703,9.31212e-06
14704,9.31119e-06
14705,9.3087e-06
14706,9.30706e-06
14707,9.30383e-06
14708,9.30144e-06
14709,9.29745e-06
14710,9.29428e-06
14711,9.2895e-06
14712,9.28553e-06
14713,9.27993e-06
14714,9.27514e-06
14715,9.26876e-06
14716,9.26306e-06
14717,9.25622e-06
14718,9.24924e-06
14719,9.24187e-06
14720,9.23365e-06
14721,9.2257e-06
14722,9.21626e-06
14723,9.20766e-06
14724,9.19704e-06
14725,9.18774e-06
14726,9.1761e-06
14727,9.1659e-06
14728,9.1533e-06
14729,9.14213e-06
14730,9.12856e-06
14731,9.11642e-06
14732,9.10187e-06
14733,9.08876e-06
14734,9.07323e-06
14735,9.05915e-06
14736,9.04264e-06
14737,9.02759e-06
14738,9.0101e-06
14739,8.99408e-06
14740,8.97562e-06
14741,8.95863e-06
14742,8.93921e-06
14743,8.92126e-06
14744,8.90088e-06
14745,8.88199e-06
14746,8.86083e-06
14747,8.84083e-06
14748,8.81897e-06
14749,8.79781e-06
14750,8.7753e-06
14751,8.75297e-06
14752,8.72985e-06
14753,8.70633e-06
14754,8.68265e-06
14755,8.65793e-06
14756,8.63373e-06
14757,8.60797e-06
14758,8.58312e-06
14759,8.55654e-06
14760,8.53088e-06
14761,8.50349e-06
14762,8.47704e-06
14763,8.44887e-06
14764,8.42165e-06
14765,8.39272e-06
14766,8.36506e-06
14767,8.33513e-06
14768,8.30756e-06
14769,8.27642e-06
14770,8.24867e-06
14771,8.21633e-06
14772,8.18842e-06
14773,8.15498e-06
14774,8.12686e-06
14775,8.09278e-06
14776,8.06404e-06
14777,8.02971e-06
14778,8.00001e-06
14779,7.9657e-06
14780,7.93483e-06
14781,7.90057e-06
14782,7.86855e-06
14783,7.83435e-06
14784,7.80121e-06
14785,7.76711e-06
14786,7.73287e-06
14787,7.69888e-06
14788,7.66358e-06
14789,7.62972e-06
14790,7.5934e-06
14791,7.55968e-06
14792,7.52236e-06
14793,7.4888e-06
14794,7.45052e-06
14795,7.41714e-06
14796,7.37841e-06
14797,7.34474e-06
14798,7.30628e-06
14799,7.27166e-06
14800,7.23347e-06
14801,7.19794e-06
14802,7.16003e-06
14803,7.12362e-06
14804,7.08601e-06
14805,7.04876e-06
14806,7.01145e-06
14807,6.9734e-06
14808,6.9364e-06
14809,6.89758e-06
14810,6.8609e-06
14811,6.82136e-06
14812,6.78501e-06
14813,6.74477e-06
14814,6.70876e-06
14815,6.66802e-06
14816,6.63219e-06
14817,6.59185e-06
14818,6.55536e-06
14819,6.51544e-06
14820,6.4783e-06
14821,6.4467e-06
14822,6.42406e-06
14823,6.39873e-06
14824,6.37483e-06
14825,6.35317e-06
14826,6.3284e-06
14827,6.30763e-06
14828,6.28324e-06
14829,6.26215e-06
14830,6.24165e-06
14831,6.21913e-06
14832,6.20041e-06
14833,6.17871e-06
14834,6.16061e-06
14835,6.14139e-06
14836,6.1212e-06
14837,6.10526e-06
14838,6.08614e-06
14839,6.06978e-06
14840,6.05829e-06
14841,6.08225e-06
14842,6.10682e-06
14843,6.12916e-06
14844,6.1539e-06
14845,6.17463e-06
14846,6.19948e-06
14847,6.21967e-06
14848,6.24353e-06
14849,6.26376e-06
14850,6.28599e-06
14851,6.30622e-06
14852,6.32682e-06
14853,6.34703e-06
14854,6.36632e-06
14855,6.38614e-06
14856,6.40509e-06
14857,6.42354e-06
14858,6.4421e-06
14859,6.4592e-06
14860,6.47735e-06
14861,6.4942e-06
14862,6.51083e-06
14863,6.52756e-06
14864,6.54253e-06
14865,6.55916e-06
14866,6.57245e-06
14867,6.58899e-06
14868,6.60062e-06
14869,6.61707e-06
14870,6.62788e-06
14871,6.64344e-06
14872,6.65423e-06
14873,6.6681e-06
14874,6.67891e-06
14875,6.69109e-06
14876,6.70196e-06
14877,6.71246e-06
14878,6.72341e-06
14879,6.73223e-06
14880,6.74331e-06
14881,6.75182e-06
14882,6.76171e-06
14883,6.77016e-06
14884,6.77867e-06
14885,6.78713e-06
14886,6.79543e-06
14887,6.80278e-06
14888,6.8115e-06
14889,6.81717e-06
14890,6.82637e-06
14891,6.83085e-06
14892,6.84009e-06
14893,6.84503e-06
14894,6.85275e-06
14895,6.85822e-06
14896,6.86441e-06
14897,6.87049e-06
14898,6.87652e-06
14899,6.88189e-06
14900,6.88874e-06
14901,6.89311e-06
14902,6.90021e-06
14903,6.90554e-06
14904,6.91099e-06
14905,6.94036e-06
14906,6.97016e-06
14907,7.00828e-06
14908,7.03614e-06
14909,7.07346e-06
14910,7.09937e-06
14911,7.13587e-06
14912,7.15982e-06
14913,7.19549e-06
14914,7.21746e-06
14915,7.2523e-06
14916,7.27229e-06
14917,7.30628e-06
14918,7.32429e-06
14919,7.35741e-06
14920,7.37345e-06
14921,7.4057e-06
14922,7.41976e-06
14923,7.45114e-06
14924,7.46421e-06
14925,7.49373e-06
14926,7.50593e-06
14927,7.53346e-06
14928,7.54483e-06
14929,7.57035e-06
14930,7.58092e-06
14931,7.60442e-06
14932,7.61422e-06
14933,7.63567e-06
14934,7.64474e-06
14935,7.66412e-06
14936,7.67252e-06
14937,7.68981e-06
14938,7.69757e-06
14939,7.71275e-06
14940,7.71992e-06
14941,7.73298e-06
14942,7.73961e-06
14943,7.75057e-06
14944,7.75668e-06
14945,7.76571e-06
14946,7.77117e-06
14947,7.77829e-06
14948,7.78311e-06
14949,7.78835e-06
14950,7.79256e-06
14951,7.79593e-06
14952,7.79957e-06
14953,7.8011e-06
14954,7.8042e-06
14955,7.80422e-06
14956,7.80649e-06
14957,7.80515e-06
14958,7.80651e-06
14959,7.80388e-06
14960,7.80471e-06
14961,7.80046e-06
14962,7.8009e-06
14963,7.79497e-06
14964,7.79522e-06
14965,7.78747e-06
14966,7.78799e-06
14967,7.77803e-06
14968,7.77889e-06
14969,7.76679e-06
14970,7.76799e-06
14971,7.75438e-06
14972,7.75536e-06
14973,7.74035e-06
14974,7.74108e-06
14975,7.72606e-06
14976,7.72577e-06
14977,7.71093e-06
14978,7.70945e-06
14979,7.69463e-06
14980,7.69238e-06
14981,7.68864e-06
14982,7.6967e-06
14983,7.70375e-06
14984,7.71153e-06
14985,7.71805e-06
14986,7.72514e-06
14987,7.73126e-06
14988,7.73755e-06
14989,7.74359e-06
14990,7.74876e-06
14991,7.75481e-06
14992,7.75878e-06
14993,7.76483e-06
14994,7.76789e-06
14995,7.77365e-06
14996,7.77593e-06
14997,7.78128e-06
14998,7.7828e-06
14999,7.78774e-06
15000,7.78874e-06
15001,7.79304e-06
15002,7.79361e-06
15003,7.79721e-06
15004,7.79734e-06
15005,7.80026e-06
15006,7.79996e-06
15007,7.80245e-06
15008,7.80149e-06
15009,7.80354e-06
15010,7.80195e-06
15011,7.80356e-06
15012,7.80138e-06
15013,7.80254e-06
15014,7.79979e-06
15015,7.80051e-06
15016,7.79723e-06
15017,7.7975e-06
15018,7.79371e-06
15019,7.79367e-06
15020,7.78928e-06
15021,7.7889e-06
15022,7.78396e-06
15023,7.78323e-06
15024,7.77779e-06
15025,7.77669e-06
15026,7.7708e-06
15027,7.76932e-06
15028,7.76303e-06
15029,7.76116e-06
15030,7.75451e-06
15031,7.75223e-06
15032,7.74528e-06
15033,7.74258e-06
15034,7.73538e-06
15035,7.73224e-06
15036,7.72484e-06
15037,7.72125e-06
15038,7.7137e-06
15039,7.70965e-06
15040,7.70199e-06
15041,7.69748e-06
15042,7.68976e-06
15043,7.68476e-06
15044,7.67703e-06
15045,7.67154e-06
15046,7.66385e-06
15047,7.65785e-06
15048,7.65025e-06
15049,7.64372e-06
15050,7.63624e-06
15051,7.62918e-06
15052,7.62186e-06
15053,7.61427e-06
15054,7.60714e-06
15055,7.59901e-06
15056,7.5921e-06
15057,7.58344e-06
15058,7.57677e-06
15059,7.56757e-06
15060,7.56118e-06
15061,7.55143e-06
15062,7.54535e-06
15063,7.53533e-06
15064,7.52929e-06
15065,7.51963e-06
15066,7.51302e-06
15067,7.50374e-06
15068,7.49656e-06
15069,7.48766e-06
15070,7.47991e-06
15071,7.47142e-06
15072,7.46311e-06
15073,7.45502e-06
15074,7.44614e-06
15075,7.43845e-06
15076,7.42901e-06
15077,7.42173e-06
15078,7.41172e-06
15079,7.40485e-06
15080,7.39428e-06
15081,7.38781e-06
15082,7.37667e-06
15083,7.3706e-06
15084,7.35889e-06
15085,7.35322e-06
15086,7.34182e-06
15087,7.33565e-06
15088,7.32468e-06
15089,7.31788e-06
15090,7.30733e-06
15091,7.29989e-06
15092,7.28976e-06
15093,7.28167e-06
15094,7.27193e-06
15095,7.2632e-06
15096,7.25383e-06
15097,7.24446e-06
15098,7.23544e-06
15099,7.22543e-06
15100,7.21674e-06
15101,7.20608e-06
15102,7.19769e-06
15103,7.1864e-06
15104,7.17829e-06
15105,7.16635e-06
15106,7.15849e-06
15107,7.14591e-06
15108,7.13828e-06
15109,7.12506e-06
15110,7.11762e-06
15111,7.10377e-06
15112,7.0965e-06
15113,7.0821e-06
15114,7.07489e-06
15115,7.06015e-06
15116,7.05276e-06
15117,7.03801e-06
15118,7.03008e-06
15119,7.0153e-06
15120,7.00685e-06
15121,6.99209e-06
15122,6.98302e-06
15123,6.96827e-06
15124,6.95858e-06
15125,6.9438e-06
15126,6.93352e-06
15127,6.91868e-06
15128,6.90781e-06
15129,6.89289e-06
15130,6.88143e-06
15131,6.86641e-06
15132,6.85438e-06
15133,6.83923e-06
15134,6.82665e-06
15135,6.81134e-06
15136,6.79841e-06
15137,6.78272e-06
15138,6.76947e-06
15139,6.75338e-06
15140,6.73984e-06
15141,6.7233e-06
15142,6.70974e-06
15143,6.69249e-06
15144,6.67895e-06
15145,6.66093e-06
15146,6.64747e-06
15147,6.62864e-06
15148,6.61529e-06
15149,6.59583e-06
15150,6.58243e-06
15151,6.56238e-06
15152,6.54888e-06
15153,6.52846e-06
15154,6.51466e-06
15155,6.49395e-06
15156,6.47977e-06
15157,6.45944e-06
15158,6.44441e-06
15159,6.42433e-06
15160,6.40862e-06
15161,6.38861e-06
15162,6.37262e-06
15163,6.3523e-06
15164,6.33601e-06
15165,6.31547e-06
15166,6.29882e-06
15167,6.2785e-06
15168,6.26106e-06
15169,6.24143e-06
15170,6.22274e-06
15171,6.20383e-06
15172,6.18411e-06
15173,6.16572e-06
15174,6.14552e-06
15175,6.12709e-06
15176,6.10663e-06
15177,6.0882e-06
15178,6.06723e-06
15179,6.04958e-06
15180,6.02736e-06
15181,6.01059e-06
15182,5.98715e-06
15183,5.97113e-06
15184,5.94863e-06
15185,5.93121e-06
15186,5.90966e-06
15187,5.89184e-06
15188,5.87022e-06
15189,5.85216e-06
15190,5.83145e-06
15191,5.81203e-06
15192,5.79226e-06
15193,5.77194e-06
15194,5.75296e-06
15195,5.73204e-06
15196,5.71399e-06
15197,5.69167e-06
15198,5.67477e-06
15199,5.6535e-06
15200,5.63594e-06
15201,5.61664e-06
15202,5.59846e-06
15203,5.58131e-06
15204,5.56554e-06
15205,5.54893e-06
15206,5.53316e-06
15207,5.51752e-06
15208,5.50102e-06
15209,5.4852e-06
15210,5.46949e-06
15211,5.45267e-06
15212,5.43696e-06
15213,5.42037e-06
15214,5.40338e-06
15215,5.38698e-06
15216,5.36872e-06
15217,5.35246e-06
15218,5.33424e-06
15219,5.31676e-06
15220,5.29857e-06
15221,5.27987e-06
15222,5.26482e-06
15223,5.27682e-06
15224,5.28514e-06
15225,5.29582e-06
15226,5.30366e-06
15227,5.31324e-06
15228,5.32043e-06
15229,5.32914e-06
15230,5.33552e-06
15231,5.34358e-06
15232,5.349e-06
15233,5.35663e-06
15234,5.36095e-06
15235,5.36837e-06
15236,5.37174e-06
15237,5.37885e-06
15238,5.38163e-06
15239,5.38817e-06
15240,5.39039e-06
15241,5.39639e-06
15242,5.3981e-06
15243,5.4036e-06
15244,5.40484e-06
15245,5.40989e-06
15246,5.4107e-06
15247,5.41532e-06
15248,5.41638e-06
15249,5.42e-06
15250,5.42161e-06
15251,5.424e-06
15252,5.42627e-06
15253,5.42741e-06
15254,5.43107e-06
15255,5.43171e-06
15256,5.43586e-06
15257,5.43687e-06
15258,5.44035e-06
15259,5.44247e-06
15260,5.4446e-06
15261,5.4479e-06
15262,5.44868e-06
15263,5.45322e-06
15264,5.45387e-06
15265,5.45871e-06
15266,5.46158e-06
15267,5.46514e-06
15268,5.4694e-06
15269,5.47162e-06
15270,5.4773e-06
15271,5.47914e-06
15272,5.48532e-06
15273,5.48752e-06
15274,5.51564e-06
15275,5.5476e-06
15276,5.58316e-06
15277,5.61521e-06
15278,5.65137e-06
15279,5.68376e-06
15280,5.72026e-06
15281,5.7532e-06
15282,5.78977e-06
15283,5.82382e-06
15284,5.85987e-06
15285,5.89501e-06
15286,5.93051e-06
15287,5.96674e-06
15288,6.00165e-06
15289,6.03895e-06
15290,6.07325e-06
15291,6.11158e-06
15292,6.14608e-06
15293,6.18458e-06
15294,6.21924e-06
15295,6.25789e-06
15296,6.29277e-06
15297,6.33145e-06
15298,6.3676e-06
15299,6.4052e-06
15300,6.44256e-06
15301,6.47908e-06
15302,6.51758e-06
15303,6.55375e-06
15304,6.59258e-06
15305,6.62871e-06
15306,6.66747e-06
15307,6.70352e-06
15308,6.74217e-06
15309,6.77809e-06
15310,6.81661e-06
15311,6.85236e-06
15312,6.89068e-06
15313,6.92622e-06
15314,6.96431e-06
15315,6.99959e-06
15316,7.0374e-06
15317,7.07239e-06
15318,7.10988e-06
15319,7.14453e-06
15320,7.18165e-06
15321,7.21592e-06
15322,7.25263e-06
15323,7.28647e-06
15324,7.32274e-06
15325,7.35611e-06
15326,7.39188e-06
15327,7.42474e-06
15328,7.45999e-06
15329,7.49229e-06
15330,7.52696e-06
15331,7.55868e-06
15332,7.59274e-06
15333,7.62383e-06
15334,7.65725e-06
15335,7.68767e-06
15336,7.72041e-06
15337,7.75013e-06
15338,7.78215e-06
15339,7.81114e-06
15340,7.84241e-06
15341,7.87064e-06
15342,7.90113e-06
15343,7.92857e-06
15344,7.95825e-06
15345,7.98488e-06
15346,8.01373e-06
15347,8.04023e-06
15348,8.0675e-06
15349,8.09413e-06
15350,8.11953e-06
15351,8.14635e-06
15352,8.1706e-06
15353,8.19749e-06
15354,8.22052e-06
15355,8.24703e-06
15356,8.2692e-06
15357,8.29485e-06
15358,8.31696e-06
15359,8.3409e-06
15360,8.36354e-06
15361,8.38518e-06
15362,8.40839e-06
15363,8.42819e-06
15364,8.4515e-06
15365,8.47041e-06
15366,8.49284e-06
15367,8.512e-06
15368,8.53239e-06
15369,8.55234e-06
15370,8.57014e-06
15371,8.59091e-06
15372,8.60752e-06
15373,8.62771e-06
15374,8.64461e-06
15375,8.66272e-06
15376,8.68053e-06
15377,8.69595e-06
15378,8.71469e-06
15379,8.72916e-06
15380,8.74706e-06
15381,8.76249e-06
15382,8.77765e-06
15383,8.79404e-06
15384,8.80782e-06
15385,8.82385e-06
15386,8.83807e-06
15387,8.85321e-06
15388,8.86653e-06
15389,8.88078e-06
15390,8.89475e-06
15391,8.90781e-06
15392,8.92145e-06
15393,8.93361e-06
15394,8.94635e-06
15395,8.95778e-06
15396,8.96964e-06
15397,8.98171e-06
15398,8.99265e-06
15399,9.0038e-06
15400,9.01383e-06
15401,9.02407e-06
15402,9.03352e-06
15403,9.0432e-06
15404,9.05267e-06
15405,9.06142e-06
15406,9.06998e-06
15407,9.07782e-06
15408,9.08546e-06
15409,9.09239e-06
15410,9.09981e-06
15411,9.10659e-06
15412,9.11311e-06
15413,9.11898e-06
15414,9.12461e-06
15415,9.12958e-06
15416,9.13432e-06
15417,9.13856e-06
15418,9.14259e-06
15419,9.14691e-06
15420,9.15006e-06
15421,9.15351e-06
15422,9.1558e-06
15423,9.1584e-06
15424,9.15985e-06
15425,9.16163e-06
15426,9.16244e-06
15427,9.16324e-06
15428,9.16431e-06
15429,9.16398e-06
15430,9.16457e-06
15431,9.16347e-06
15432,9.1633e-06
15433,9.16145e-06
15434,9.16055e-06
15435,9.15797e-06
15436,9.15638e-06
15437,9.15333e-06
15438,9.15085e-06
15439,9.14793e-06
15440,9.14403e-06
15441,9.14133e-06
15442,9.13639e-06
15443,9.1336e-06
15444,9.15836e-06
15445,9.1875e-06
15446,9.21311e-06
15447,9.24229e-06
15448,9.26705e-06
15449,9.29538e-06
15450,9.31926e-06
15451,9.34668e-06
15452,9.36965e-06
15453,9.39615e-06
15454,9.41818e-06
15455,9.44371e-06
15456,9.46477e-06
15457,9.48932e-06
15458,9.50938e-06
15459,9.53292e-06
15460,9.55196e-06
15461,9.57446e-06
15462,9.59246e-06
15463,9.6139e-06
15464,9.63085e-06
15465,9.65121e-06
15466,9.66763e-06
15467,9.68634e-06
15468,9.70293e-06
15469,9.71927e-06
15470,9.73606e-06
15471,9.74996e-06
15472,9.76699e-06
15473,9.77966e-06
15474,9.79571e-06
15475,9.80725e-06
15476,9.82218e-06
15477,9.8326e-06
15478,9.84639e-06
15479,9.85567e-06
15480,9.86832e-06
15481,9.87647e-06
15482,9.88796e-06
15483,9.89496e-06
15484,9.9053e-06
15485,9.91115e-06
15486,9.92033e-06
15487,9.92504e-06
15488,9.93305e-06
15489,9.93809e-06
15490,9.94344e-06
15491,9.94882e-06
15492,9.9515e-06
15493,9.95723e-06
15494,9.95837e-06
15495,9.96331e-06
15496,9.96329e-06
15497,9.96706e-06
15498,9.96589e-06
15499,9.96849e-06
15500,9.96615e-06
15501,9.96758e-06
15502,9.96408e-06
15503,9.96435e-06
15504,9.95969e-06
15505,9.95879e-06
15506,9.95296e-06
15507,9.9509e-06
15508,9.94409e-06
15509,9.94103e-06
15510,9.93421e-06
15511,9.92888e-06
15512,9.92227e-06
15513,9.91442e-06
15514,9.90802e-06
15515,9.89766e-06
15516,9.89143e-06
15517,9.87988e-06
15518,9.87253e-06
15519,9.85983e-06
15520,9.85132e-06
15521,9.83746e-06
15522,9.82779e-06
15523,9.81278e-06
15524,9.80196e-06
15525,9.78581e-06
15526,9.77384e-06
15527,9.75654e-06
15528,9.74348e-06
15529,9.72548e-06
15530,9.7113e-06
15531,9.69217e-06
15532,9.67687e-06
15533,9.65662e-06
15534,9.64019e-06
15535,9.61883e-06
15536,9.6013e-06
15537,9.57884e-06
15538,9.5602e-06
15539,9.53693e-06
15540,9.51692e-06
15541,9.49343e-06
15542,9.47147e-06
15543,9.44775e-06
15544,9.42389e-06
15545,9.40043e-06
15546,9.3742e-06
15547,9.35109e-06
15548,9.32322e-06
15549,9.29967e-06
15550,9.27077e-06
15551,9.2462e-06
15552,9.21629e-06
15553,9.19072e-06
15554,9.15982e-06
15555,9.13327e-06
15556,9.10141e-06
15557,9.0739e-06
15558,9.04109e-06
15559,9.01267e-06
15560,8.97949e-06
15561,8.95037e-06
15562,8.9163e-06
15563,8.8863e-06
15564,8.85138e-06
15565,8.82054e-06
15566,8.78479e-06
15567,8.75313e-06
15568,8.71658e-06
15569,8.68981e-06
15570,8.69383e-06
15571,8.69759e-06
15572,8.70254e-06
15573,8.7051e-06
15574,8.71094e-06
15575,8.71306e-06
15576,8.719e-06
15577,8.72093e-06
15578,8.72669e-06
15579,8.72875e-06
15580,8.73397e-06
15581,8.73675e-06
15582,8.74081e-06
15583,8.74427e-06
15584,8.74719e-06
15585,8.75128e-06
15586,8.75307e-06
15587,8.75775e-06
15588,8.75881e-06
15589,8.76364e-06
15590,8.76441e-06
15591,8.76894e-06
15592,8.7694e-06
15593,8.77361e-06
15594,8.77375e-06
15595,8.77764e-06
15596,8.77795e-06
15597,8.78099e-06
15598,8.7816e-06
15599,8.78365e-06
15600,8.78451e-06
15601,8.78559e-06
15602,8.78664e-06
15603,8.78679e-06
15604,8.78798e-06
15605,8.78724e-06
15606,8.78852e-06
15607,8.7869e-06
15608,8.78822e-06
15609,8.78579e-06
15610,8.78707e-06
15611,8.78421e-06
15612,8.78506e-06
15613,8.78175e-06
15614,8.78216e-06
15615,8.7784e-06
15616,8.77835e-06
15617,8.77414e-06
15618,8.77363e-06
15619,8.76895e-06
15620,8.76797e-06
15621,8.76281e-06
15622,8.76135e-06
15623,8.75571e-06
15624,8.75376e-06
15625,8.74763e-06
15626,8.74519e-06
15627,8.73856e-06
15628,8.73561e-06
15629,8.72848e-06
15630,8.72502e-06
15631,8.71736e-06
15632,8.71338e-06
15633,8.70521e-06
15634,8.7007e-06
15635,8.69199e-06
15636,8.68694e-06
15637,8.67769e-06
15638,8.67209e-06
15639,8.66229e-06
15640,8.65614e-06
15641,8.64578e-06
15642,8.63907e-06
15643,8.62814e-06
15644,8.62085e-06
15645,8.60934e-06
15646,8.60147e-06
15647,8.58937e-06
15648,8.58091e-06
15649,8.56822e-06
15650,8.55915e-06
15651,8.54585e-06
15652,8.53618e-06
15653,8.52226e-06
15654,8.51196e-06
15655,8.49742e-06
15656,8.48648e-06
15657,8.4713e-06
15658,8.45973e-06
15659,8.44406e-06
15660,8.43167e-06
15661,8.41552e-06
15662,8.40228e-06
15663,8.38565e-06
15664,8.37156e-06
15665,8.35474e-06
15666,8.33967e-06
15667,8.32263e-06
15668,8.30673e-06
15669,8.2891e-06
15670,8.27238e-06
15671,8.25412e-06
15672,8.23661e-06
15673,8.21768e-06
15674,8.19937e-06
15675,8.17975e-06
15676,8.16067e-06
15677,8.1403e-06
15678,8.12046e-06
15679,8.09932e-06
15680,8.07875e-06
15681,8.05679e-06
15682,8.0355e-06
15683,8.01268e-06
15684,7.99071e-06
15685,7.96698e-06
15686,7.94435e-06
15687,7.91967e-06
15688,7.89642e-06
15689,7.87074e-06
15690,7.8469e-06
15691,7.82018e-06
15692,7.79578e-06
15693,7.76821e-06
15694,7.74306e-06
15695,7.71469e-06
15696,7.68874e-06
15697,7.65956e-06
15698,7.63281e-06
15699,7.60282e-06
15700,7.57527e-06
15701,7.54449e-06
15702,7.51613e-06
15703,7.48455e-06
15704,7.4554e-06
15705,7.42302e-06
15706,7.39308e-06
15707,7.35992e-06
15708,7.3292e-06
15709,7.29526e-06
15710,7.26376e-06
15711,7.22906e-06
15712,7.1968e-06
15713,7.16134e-06
15714,7.12834e-06
15715,7.09288e-06
15716,7.0584e-06
15717,7.02301e-06
15718,6.98703e-06
15719,6.95175e-06
15720,6.91425e-06
15721,6.87915e-06
15722,6.84086e-06
15723,6.80525e-06
15724,6.76632e-06
15725,6.73009e-06
15726,6.69055e-06
15727,6.65373e-06
15728,6.6136e-06
15729,6.57621e-06
15730,6.53553e-06
15731,6.49759e-06
15732,6.45663e-06
15733,6.41794e-06
15734,6.37756e-06
15735,6.33733e-06
15736,6.29757e-06
15737,6.25581e-06
15738,6.21673e-06
15739,6.17441e-06
15740,6.1351e-06
15741,6.09242e-06
15742,6.05276e-06
15743,6.00976e-06
15744,5.96979e-06
15745,5.92689e-06
15746,5.88635e-06
15747,5.84496e-06
15748,5.80296e-06
15749,5.76261e-06
15750,5.71927e-06
15751,5.67991e-06
15752,5.63642e-06
15753,5.59694e-06
15754,5.57184e-06
15755,5.59243e-06
15756,5.62194e-06
15757,5.64071e-06
15758,5.67039e-06
15759,5.68853e-06
15760,5.71718e-06
15761,5.73562e-06
15762,5.76227e-06
15763,5.78106e-06
15764,5.80564e-06
15765,5.82484e-06
15766,5.84728e-06
15767,5.86694e-06
15768,5.88718e-06
15769,5.90733e-06
15770,5.92533e-06
15771,5.94602e-06
15772,5.96173e-06
15773,5.983e-06
15774,5.99637e-06
15775,6.01825e-06
15776,6.02976e-06
15777,6.05182e-06
15778,6.06422e-06
15779,6.08403e-06
15780,6.0972e-06
15781,6.11452e-06
15782,6.12857e-06
15783,6.14351e-06
15784,6.15859e-06
15785,6.171e-06
15786,6.18691e-06
15787,6.19681e-06
15788,6.21355e-06
15789,6.2216e-06
15790,6.23852e-06
15791,6.24744e-06
15792,6.26184e-06
15793,6.2716e-06
15794,6.28353e-06
15795,6.29411e-06
15796,6.30361e-06
15797,6.31499e-06
15798,6.32211e-06
15799,6.33452e-06
15800,6.34031e-06
15801,6.3525e-06
15802,6.35937e-06
15803,6.36899e-06
15804,6.37675e-06
15805,6.39689e-06
15806,6.41805e-06
15807,6.44431e-06
15808,6.46613e-06
15809,6.49068e-06
15810,6.5131e-06
15811,6.53595e-06
15812,6.55891e-06
15813,6.58056e-06
15814,6.60388e-06
15815,6.62469e-06
15816,6.64843e-06
15817,6.66759e-06
15818,6.69169e-06
15819,6.70922e-06
15820,6.73359e-06
15821,6.75013e-06
15822,6.77415e-06
15823,6.79031e-06
15824,6.81411e-06
15825,6.82907e-06
15826,6.85288e-06
15827,6.86736e-06
15828,6.89008e-06
15829,6.90438e-06
15830,6.92566e-06
15831,6.9397e-06
15832,6.95983e-06
15833,6.97328e-06
15834,6.99297e-06
15835,7.00507e-06
15836,7.02454e-06
15837,7.03556e-06
15838,7.05428e-06
15839,7.06465e-06
15840,7.08216e-06
15841,7.09183e-06
15842,7.10814e-06
15843,7.11703e-06
15844,7.13257e-06
15845,7.14043e-06
15846,7.15537e-06
15847,7.16235e-06
15848,7.17634e-06
15849,7.18228e-06
15850,7.19526e-06
15851,7.20049e-06
15852,7.21211e-06
15853,7.21679e-06
15854,7.22689e-06
15855,7.23137e-06
15856,7.23958e-06
15857,7.24385e-06
15858,7.25018e-06
15859,7.25424e-06
15860,7.25877e-06
15861,7.26252e-06
15862,7.26546e-06
15863,7.26872e-06
15864,7.27005e-06
15865,7.27283e-06
15866,7.27268e-06
15867,7.27488e-06
15868,7.2733e-06
15869,7.27488e-06
15870,7.27186e-06
15871,7.27285e-06
15872,7.26837e-06
15873,7.26883e-06
15874,7.26288e-06
15875,7.26284e-06
15876,7.25653e-06
15877,7.25492e-06
15878,7.24834e-06
15879,7.24512e-06
15880,7.23826e-06
15881,7.23347e-06
15882,7.22632e-06
15883,7.22003e-06
15884,7.21258e-06
15885,7.20485e-06
15886,7.19709e-06
15887,7.18797e-06
15888,7.17991e-06
15889,7.16946e-06
15890,7.16109e-06
15891,7.14939e-06
15892,7.14069e-06
15893,7.1278e-06
15894,7.11879e-06
15895,7.10477e-06
15896,7.09544e-06
15897,7.08093e-06
15898,7.07073e-06
15899,7.05644e-06
15900,7.04497e-06
15901,7.03071e-06
15902,7.01809e-06
15903,7.00382e-06
15904,6.99036e-06
15905,6.97583e-06
15906,6.9616e-06
15907,6.94682e-06
15908,6.9319e-06
15909,6.91714e-06
15910,6.90132e-06
15911,6.8871e-06
15912,6.86995e-06
15913,6.85654e-06
15914,6.83834e-06
15915,6.82533e-06
15916,6.80706e-06
15917,6.79355e-06
15918,6.77639e-06
15919,6.76192e-06
15920,6.74529e-06
15921,6.73059e-06
15922,6.71389e-06
15923,6.69897e-06
15924,6.68358e-06
15925,6.66796e-06
15926,6.65322e-06
15927,6.63758e-06
15928,6.63436e-06
15929,6.64001e-06
15930,6.64566e-06
15931,6.65298e-06
15932,6.66081e-06
15933,6.6681e-06
15934,6.67769e-06
15935,6.68551e-06
15936,6.69632e-06
15937,6.70599e-06
15938,6.71772e-06
15939,6.72685e-06
15940,6.73939e-06
15941,6.75024e-06
15942,6.76223e-06
15943,6.77343e-06
15944,6.78638e-06
15945,6.7978e-06
15946,6.81022e-06
15947,6.8225e-06
15948,6.83595e-06
15949,6.8473e-06
15950,6.86147e-06
15951,6.87349e-06
15952,6.88647e-06
15953,6.89908e-06
15954,6.91089e-06
15955,6.92402e-06
15956,6.93581e-06
15957,6.94829e-06
15958,6.96048e-06
15959,6.97368e-06
15960,6.98459e-06
15961,6.99826e-06
15962,7.0089e-06
15963,7.02196e-06
15964,7.03275e-06
15965,7.04477e-06
15966,7.05565e-06
15967,7.06666e-06
15968,7.07757e-06
15969,7.08762e-06
15970,7.0985e-06
15971,7.10791e-06
15972,7.11842e-06
15973,7.12772e-06
15974,7.13733e-06
15975,7.14645e-06
15976,7.15522e-06
15977,7.16412e-06
15978,7.17207e-06
15979,7.18071e-06
15980,7.18789e-06
15981,7.19621e-06
15982,7.20267e-06
15983,7.21064e-06
15984,7.21689e-06
15985,7.22398e-06
15986,7.23009e-06
15987,7.23624e-06
15988,7.24217e-06
15989,7.24742e-06
15990,7.25313e-06
15991,7.25753e-06
15992,7.26298e-06
15993,7.26657e-06
15994,7.27172e-06
15995,7.27473e-06
15996,7.27937e-06
15997,7.2819e-06
15998,7.28591e-06
15999,7.28801e-06
16000,7.29137e-06
16001,7.29304e-06
16002,7.29573e-06
16003,7.29701e-06
16004,7.299e-06
16005,7.29992e-06
16006,7.30119e-06
16007,7.30176e-06
16008,7.30228e-06
16009,7.30253e-06
16010,7.30229e-06
16011,7.30223e-06
16012,7.30121e-06
16013,7.30085e-06
16014,7.29902e-06
16015,7.29839e-06
16016,7.29606e-06
16017,7.29482e-06
16018,7.29224e-06
16019,7.29016e-06
16020,7.28731e-06
16021,7.28437e-06
16022,7.28127e-06
16023,7.27744e-06
16024,7.2741e-06
16025,7.26936e-06
16026,7.26577e-06
16027,7.26011e-06
16028,7.25627e-06
16029,7.24967e-06
16030,7.24557e-06
16031,7.23804e-06
16032,7.23365e-06
16033,7.22586e-06
16034,7.22048e-06
16035,7.21242e-06
16036,7.20604e-06
16037,7.1977e-06
16038,7.19029e-06
16039,7.18167e-06
16040,7.1732e-06
16041,7.16429e-06
16042,7.15475e-06
16043,7.14553e-06
16044,7.13489e-06
16045,7.12537e-06
16046,7.11369e-06
16047,7.10375e-06
16048,7.09173e-06
16049,7.08066e-06
16050,7.06829e-06
16051,7.05605e-06
16052,7.04333e-06
16053,7.0299e-06
16054,7.01681e-06
16055,7.00276e-06
16056,6.9887e-06
16057,6.97414e-06
16058,6.95897e-06
16059,6.94391e-06
16060,6.92757e-06
16061,6.91202e-06
16062,6.89449e-06
16063,6.87845e-06
16064,6.8597e-06
16065,6.84316e-06
16066,6.82374e-06
16067,6.80613e-06
16068,6.78629e-06
16069,6.76734e-06
16070,6.74708e-06
16071,6.72676e-06
16072,6.70607e-06
16073,6.68437e-06
16074,6.66325e-06
16075,6.64015e-06
16076,6.6186e-06
16077,6.59438e-06
16078,6.5721e-06
16079,6.54746e-06
16080,6.52375e-06
16081,6.49868e-06
16082,6.47353e-06
16083,6.44803e-06
16084,6.42144e-06
16085,6.39552e-06
16086,6.36747e-06
16087,6.34113e-06
16088,6.31163e-06
16089,6.28487e-06
16090,6.25392e-06
16091,6.22675e-06
16092,6.19509e-06
16093,6.16677e-06
16094,6.13471e-06
16095,6.10494e-06
16096,6.0725e-06
16097,6.0413e-06
16098,6.00846e-06
16099,5.97584e-06
16100,5.94263e-06
16101,5.90953e-06
16102,5.87502e-06
16103,5.84169e-06
16104,5.80567e-06
16105,5.77212e-06
16106,5.73551e-06
16107,5.70085e-06
16108,5.66392e-06
16109,5.62792e-06
16110,5.60142e-06
16111,5.61144e-06
16112,5.61758e-06
16113,5.62658e-06
16114,5.63172e-06
16115,5.6397e-06
16116,5.64408e-06
16117,5.6508e-06
16118,5.65448e-06
16119,5.65988e-06
16120,5.66281e-06
16121,5.66695e-06
16122,5.66909e-06
16123,5.67205e-06
16124,5.67333e-06
16125,5.67519e-06
16126,5.67557e-06
16127,5.6764e-06
16128,5.67582e-06
16129,5.67573e-06
16130,5.67413e-06
16131,5.6732e-06
16132,5.67054e-06
16133,5.66887e-06
16134,5.6651e-06
16135,5.66279e-06
16136,5.65785e-06
16137,5.655e-06
16138,5.64884e-06
16139,5.64558e-06
16140,5.63862e-06
16141,5.63457e-06
16142,5.62705e-06
16143,5.62206e-06
16144,5.61453e-06
16145,5.60809e-06
16146,5.60068e-06
16147,5.59276e-06
16148,5.5856e-06
16149,5.57613e-06
16150,5.56934e-06
16151,5.55956e-06
16152,5.552e-06
16153,5.54293e-06
16154,5.53423e-06
16155,5.52598e-06
16156,5.51637e-06
16157,5.50847e-06
16158,5.49961e-06
16159,5.49026e-06
16160,5.48279e-06
16161,5.47389e-06
16162,5.46549e-06
16163,5.4583e-06
16164,5.44984e-06
16165,5.44244e-06
16166,5.43599e-06
16167,5.4478e-06
16168,5.48783e-06
16169,5.52514e-06
16170,5.56614e-06
16171,5.60325e-06
16172,5.64426e-06
16173,5.68201e-06
16174,5.72214e-06
16175,5.76079e-06
16176,5.79974e-06
16177,5.83926e-06
16178,5.877e-06
16179,5.91737e-06
16180,5.95454e-06
16181,5.99509e-06
16182,6.03282e-06
16183,6.07294e-06
16184,6.1111e-06
16185,6.1505e-06
16186,6.18942e-06
16187,6.22751e-06
16188,6.26719e-06
16189,6.30458e-06
16190,6.34436e-06
16191,6.38144e-06
16192,6.4209e-06
16193,6.45765e-06
16194,6.49675e-06
16195,6.53356e-06
16196,6.57189e-06
16197,6.6094e-06
16198,6.64626e-06
16199,6.68445e-06
16200,6.72031e-06
16201,6.7587e-06
16202,6.79414e-06
16203,6.8321e-06
16204,6.8671e-06
16205,6.90461e-06
16206,6.94029e-06
16207,6.97657e-06
16208,7.01314e-06
16209,7.04783e-06
16210,7.08501e-06
16211,7.11859e-06
16212,7.15586e-06
16213,7.18891e-06
16214,7.22565e-06
16215,7.25823e-06
16216,7.29434e-06
16217,7.3275e-06
16218,7.36191e-06
16219,7.39563e-06
16220,7.42832e-06
16221,7.46259e-06
16222,7.49362e-06
16223,7.52834e-06
16224,7.55876e-06
16225,7.59285e-06
16226,7.62263e-06
16227,7.65609e-06
16228,7.68561e-06
16229,7.71803e-06
16230,7.74802e-06
16231,7.77866e-06
16232,7.80907e-06
16233,7.83793e-06
16234,7.86876e-06
16235,7.89619e-06
16236,7.92704e-06
16237,7.95403e-06
16238,7.98405e-06
16239,8.01041e-06
16240,8.03969e-06
16241,8.06619e-06
16242,8.09384e-06
16243,8.1206e-06
16244,8.14648e-06
16245,8.17348e-06
16246,8.19759e-06
16247,8.22479e-06
16248,8.24812e-06
16249,8.27454e-06
16250,8.29707e-06
16251,8.32269e-06
16252,8.34443e-06
16253,8.36925e-06
16254,8.39019e-06
16255,8.41421e-06
16256,8.43434e-06
16257,8.45755e-06
16258,8.47769e-06
16259,8.49929e-06
16260,8.5194e-06
16261,8.5394e-06
16262,8.55946e-06
16263,8.57791e-06
16264,8.59788e-06
16265,8.6148e-06
16266,8.63465e-06
16267,8.6506e-06
16268,8.66979e-06
16269,8.68492e-06
16270,8.7033e-06
16271,8.71762e-06
16272,8.73519e-06
16273,8.74871e-06
16274,8.76548e-06
16275,8.7782e-06
16276,8.79418e-06
16277,8.80612e-06
16278,8.82132e-06
16279,8.83248e-06
16280,8.84691e-06
16281,8.8573e-06
16282,8.87097e-06
16283,8.88061e-06
16284,8.89353e-06
16285,8.90263e-06
16286,8.91461e-06
16287,8.92333e-06
16288,8.93425e-06
16289,8.94257e-06
16290,8.95248e-06
16291,8.96038e-06
16292,8.96931e-06
16293,8.97679e-06
16294,8.9848e-06
16295,8.99184e-06
16296,8.99897e-06
16297,9.00557e-06
16298,9.01187e-06
16299,9.01802e-06
16300,9.02352e-06
16301,9.02922e-06
16302,9.03413e-06
16303,9.03921e-06
16304,9.04369e-06
16305,9.04805e-06
16306,9.05213e-06
16307,9.05576e-06
16308,9.05949e-06
16309,9.0624e-06
16310,9.06581e-06
16311,9.068e-06
16312,9.07113e-06
16313,9.07262e-06
16314,9.07549e-06
16315,9.0763e-06
16316,9.07895e-06
16317,9.07919e-06
16318,9.08153e-06
16319,9.08134e-06
16320,9.08329e-06
16321,9.08269e-06
16322,9.08427e-06
16323,9.08326e-06
16324,9.08451e-06
16325,9.08312e-06
16326,9.08406e-06
16327,9.0823e-06
16328,9.08296e-06
16329,9.08085e-06
16330,9.08125e-06
16331,9.07882e-06
16332,9.07898e-06
16333,9.07625e-06
16334,9.07619e-06
16335,9.07317e-06
16336,9.07291e-06
16337,9.06964e-06
16338,9.0692e-06
16339,9.0657e-06
16340,9.06509e-06
16341,9.06138e-06
16342,9.06062e-06
16343,9.05672e-06
16344,9.05583e-06
16345,9.05178e-06
16346,9.05076e-06
16347,9.04657e-06
16348,9.04544e-06
16349,9.04114e-06
16350,9.03992e-06
16351,9.03553e-06
16352,9.03421e-06
16353,9.02976e-06
16354,9.02836e-06
16355,9.02388e-06
16356,9.0224e-06
16357,9.0179e-06
16358,9.01635e-06
16359,9.01187e-06
16360,9.01025e-06
16361,9.0058e-06
16362,9.00413e-06
16363,8.99972e-06
16364,8.998e-06
16365,8.99367e-06
16366,8.9919e-06
16367,8.98766e-06
16368,8.98584e-06
16369,8.98171e-06
16370,8.97985e-06
16371,8.97584e-06
16372,8.97395e-06
16373,8.97007e-06
16374,8.96815e-06
16375,8.96442e-06
16376,8.96247e-06
16377,8.95889e-06
16378,8.95692e-06
16379,8.95351e-06
16380,8.95151e-06
16381,8.94827e-06
16382,8.94626e-06
16383,8.9432e-06
16384,8.94117e-06
16385,8.93828e-06
16386,8.93625e-06
16387,8.93354e-06
16388,8.9315e-06
16389,8.92897e-06
16390,8.92693e-06
16391,8.92458e-06
16392,8.92254e-06
16393,8.92035e-06
16394,8.91832e-06
16395,8.91629e-06
16396,8.91428e-06
16397,8.91239e-06
16398,8.91041e-06
16399,8.90865e-06
16400,8.9067e-06
16401,8.90506e-06
16402,8.90314e-06
16403,8.9016e-06
16404,8.89973e-06
16405,8.89827e-06
16406,8.89645e-06
16407,8.89505e-06
16408,8.89339e-06
16409,8.89192e-06
16410,8.89056e-06
16411,8.88887e-06
16412,8.88783e-06
16413,8.88588e-06
16414,8.88519e-06
16415,8.88293e-06
16416,8.88262e-06
16417,8.88e-06
16418,8.8801e-06
16419,8.87706e-06
16420,8.87761e-06
16421,8.87457e-06
16422,8.87511e-06
16423,8.87207e-06
16424,8.8726e-06
16425,8.86954e-06
16426,8.87004e-06
16427,8.86694e-06
16428,8.8674e-06
16429,8.86425e-06
16430,8.86465e-06
16431,8.86144e-06
16432,8.86177e-06
16433,8.85848e-06
16434,8.85873e-06
16435,8.85534e-06
16436,8.85548e-06
16437,8.85199e-06
16438,8.852e-06
16439,8.84838e-06
16440,8.84826e-06
16441,8.84451e-06
16442,8.84422e-06
16443,8.84121e-06
16444,8.83985e-06
16445,8.83761e-06
16446,8.8351e-06
16447,8.83366e-06
16448,8.82994e-06
16449,8.82932e-06
16450,8.82496e-06
16451,8.82457e-06
16452,8.81998e-06
16453,8.81935e-06
16454,8.81452e-06
16455,8.81364e-06
16456,8.80855e-06
16457,8.80739e-06
16458,8.80201e-06
16459,8.80056e-06
16460,8.79488e-06
16461,8.79312e-06
16462,8.78732e-06
16463,8.78502e-06
16464,8.77947e-06
16465,8.77622e-06
16466,8.77093e-06
16467,8.76669e-06
16468,8.76164e-06
16469,8.75639e-06
16470,8.75189e-06
16471,8.74531e-06
16472,8.7417e-06
16473,8.73471e-06
16474,8.73067e-06
16475,8.72324e-06
16476,8.71876e-06
16477,8.71088e-06
16478,8.70594e-06
16479,8.69758e-06
16480,8.69215e-06
16481,8.68357e-06
16482,8.67738e-06
16483,8.66899e-06
16484,8.66158e-06
16485,8.65338e-06
16486,8.64472e-06
16487,8.63671e-06
16488,8.62677e-06
16489,8.61894e-06
16490,8.60814e-06
16491,8.60004e-06
16492,8.58867e-06
16493,8.57998e-06
16494,8.56802e-06
16495,8.55874e-06
16496,8.54617e-06
16497,8.53662e-06
16498,8.52404e-06
16499,8.51368e-06
16500,8.50124e-06
16501,8.48947e-06
16502,8.47718e-06
16503,8.46398e-06
16504,8.45184e-06
16505,8.43719e-06
16506,8.42519e-06
16507,8.40941e-06
16508,8.39722e-06
16509,8.38077e-06
16510,8.3679e-06
16511,8.35078e-06
16512,8.33723e-06
16513,8.3197e-06
16514,8.30518e-06
16515,8.28781e-06
16516,8.27174e-06
16517,8.25454e-06
16518,8.23691e-06
16519,8.21987e-06
16520,8.20066e-06
16521,8.1838e-06
16522,8.16328e-06
16523,8.14632e-06
16524,8.12509e-06
16525,8.10742e-06
16526,8.08548e-06
16527,8.06709e-06
16528,8.04526e-06
16529,8.02551e-06
16530,8.00374e-06
16531,7.98319e-06
16532,7.96144e-06
16533,7.93945e-06
16534,7.91795e-06
16535,7.89452e-06
16536,7.87305e-06
16537,7.84891e-06
16538,7.82674e-06
16539,7.8019e-06
16540,7.77903e-06
16541,7.75349e-06
16542,7.72992e-06
16543,7.70422e-06
16544,7.67941e-06
16545,7.65407e-06
16546,7.62752e-06
16547,7.60254e-06
16548,7.57522e-06
16549,7.54965e-06
16550,7.52165e-06
16551,7.4954e-06
16552,7.46673e-06
16553,7.43981e-06
16554,7.41114e-06
16555,7.38289e-06
16556,7.35469e-06
16557,7.32506e-06
16558,7.29694e-06
16559,7.26667e-06
16560,7.2379e-06
16561,7.20699e-06
16562,7.1776e-06
16563,7.14642e-06
16564,7.11604e-06
16565,7.08545e-06
16566,7.05373e-06
16567,7.02326e-06
16568,6.99094e-06
16569,6.95987e-06
16570,6.92697e-06
16571,6.896e-06
16572,6.8625e-06
16573,6.83126e-06
16574,6.7975e-06
16575,6.76539e-06
16576,6.73215e-06
16577,6.69842e-06
16578,6.66594e-06
16579,6.63039e-06
16580,6.59868e-06
16581,6.5629e-06
16582,6.5304e-06
16583,6.49546e-06
16584,6.46114e-06
16585,6.42707e-06
16586,6.39093e-06
16587,6.35774e-06
16588,6.32076e-06
16589,6.28751e-06
16590,6.25149e-06
16591,6.21643e-06
16592,6.18138e-06
16593,6.14452e-06
16594,6.11047e-06
16595,6.07289e-06
16596,6.03881e-06
16597,6.00229e-06
16598,5.96643e-06
16599,5.93099e-06
16600,5.89338e-06
16601,5.85905e-06
16602,5.82138e-06
16603,5.78649e-06
16604,5.74999e-06
16605,5.71338e-06
16606,5.67807e-06
16607,5.63976e-06
16608,5.60565e-06
16609,5.56835e-06
16610,5.53278e-06
16611,5.49675e-06
16612,5.45952e-06
16613,5.42476e-06
16614,5.38729e-06
16615,5.35244e-06
16616,5.31586e-06
16617,5.27985e-06
16618,5.24487e-06
16619,5.20831e-06
16620,5.17372e-06
16621,5.17359e-06
16622,5.18059e-06
16623,5.18674e-06
16624,5.19234e-06
16625,5.19958e-06
16626,5.20414e-06
16627,5.21225e-06
16628,5.21706e-06
16629,5.22542e-06
16630,5.2312e-06
16631,5.2382e-06
16632,5.24491e-06
16633,5.25057e-06
16634,5.25816e-06
16635,5.26312e-06
16636,5.27176e-06
16637,5.27719e-06
16638,5.28495e-06
16639,5.29111e-06
16640,5.29761e-06
16641,5.30445e-06
16642,5.30969e-06
16643,5.31717e-06
16644,5.33455e-06
16645,5.35266e-06
16646,5.37215e-06
16647,5.39076e-06
16648,5.40861e-06
16649,5.42774e-06
16650,5.44394e-06
16651,5.46359e-06
16652,5.47974e-06
16653,5.49834e-06
16654,5.51504e-06
16655,5.53201e-06
16656,5.54928e-06
16657,5.56589e-06
16658,5.58246e-06
16659,5.5996e-06
16660,5.61635e-06
16661,5.63231e-06
16662,5.64968e-06
16663,5.66403e-06
16664,5.68202e-06
16665,5.69588e-06
16666,5.71342e-06
16667,5.72791e-06
16668,5.74387e-06
16669,5.75899e-06
16670,5.77426e-06
16671,5.78916e-06
16672,5.80515e-06
16673,5.81911e-06
16674,5.83516e-06
16675,5.84975e-06
16676,5.86431e-06
16677,5.87953e-06
16678,5.89276e-06
16679,5.90844e-06
16680,5.92247e-06
16681,5.93651e-06
16682,5.95134e-06
16683,5.96376e-06
16684,5.97939e-06
16685,5.99224e-06
16686,6.00662e-06
16687,6.02002e-06
16688,6.03306e-06
16689,6.04698e-06
16690,6.06078e-06
16691,6.07313e-06
16692,6.08773e-06
16693,6.09874e-06
16694,6.11387e-06
16695,6.1257e-06
16696,6.13921e-06
16697,6.15184e-06
16698,6.16377e-06
16699,6.17717e-06
16700,6.18946e-06
16701,6.20171e-06
16702,6.21433e-06
16703,6.22579e-06
16704,6.23839e-06
16705,6.25057e-06
16706,6.26163e-06
16707,6.27453e-06
16708,6.28493e-06
16709,6.29765e-06
16710,6.30875e-06
16711,6.31997e-06
16712,6.33174e-06
16713,6.34147e-06
16714,6.35389e-06
16715,6.36424e-06
16716,6.37521e-06
16717,6.3862e-06
16718,6.39573e-06
16719,6.4073e-06
16720,6.41712e-06
16721,6.42758e-06
16722,6.43796e-06
16723,6.44703e-06
16724,6.45795e-06
16725,6.46728e-06
16726,6.47709e-06
16727,6.48697e-06
16728,6.49613e-06
16729,6.50631e-06
16730,6.51594e-06
16731,6.52478e-06
16732,6.53483e-06
16733,6.54384e-06
16734,6.55283e-06
16735,6.56277e-06
16736,6.57209e-06
16737,6.58074e-06
16738,6.59035e-06
16739,6.60012e-06
16740,6.61158e-06
16741,6.62184e-06
16742,6.63462e-06
16743,6.64286e-06
16744,6.65633e-06
16745,6.6642e-06
16746,6.67699e-06
16747,6.68444e-06
16748,6.69616e-06
16749,6.70301e-06
16750,6.71371e-06
16751,6.71989e-06
16752,6.72964e-06
16753,6.73509e-06
16754,6.7441e-06
16755,6.74861e-06
16756,6.757e-06
16757,6.76046e-06
16758,6.76822e-06
16759,6.77063e-06
16760,6.77776e-06
16761,6.77913e-06
16762,6.78564e-06
16763,6.7861e-06
16764,6.79187e-06
16765,6.79185e-06
16766,6.79647e-06
16767,6.79603e-06
16768,6.79944e-06
16769,6.79865e-06
16770,6.80093e-06
16771,6.79974e-06
16772,6.80104e-06
16773,6.79932e-06
16774,6.79967e-06
16775,6.79742e-06
16776,6.79682e-06
16777,6.79406e-06
16778,6.79255e-06
16779,6.78972e-06
16780,6.78687e-06
16781,6.78406e-06
16782,6.78009e-06
16783,6.7771e-06
16784,6.77231e-06
16785,6.76939e-06
16786,6.76328e-06
16787,6.76056e-06
16788,6.75429e-06
16789,6.75115e-06
16790,6.74593e-06
16791,6.74075e-06
16792,6.73664e-06
16793,6.73221e-06
16794,6.72845e-06
16795,6.72393e-06
16796,6.72053e-06
16797,6.71688e-06
16798,6.71354e-06
16799,6.71027e-06
16800,6.70672e-06
16801,6.70408e-06
16802,6.70093e-06
16803,6.69742e-06
16804,6.69481e-06
16805,6.69198e-06
16806,6.68882e-06
16807,6.686e-06
16808,6.68353e-06
16809,6.68065e-06
16810,6.6777e-06
16811,6.67552e-06
16812,6.67268e-06
16813,6.66984e-06
16814,6.66768e-06
16815,6.66452e-06
16816,6.66212e-06
16817,6.65961e-06
16818,6.65599e-06
16819,6.65411e-06
16820,6.65081e-06
16821,6.64827e-06
16822,6.64517e-06
16823,6.64308e-06
16824,6.63904e-06
16825,6.63722e-06
16826,6.63368e-06
16827,6.63067e-06
16828,6.6276e-06
16829,6.62437e-06
16830,6.62077e-06
16831,6.61774e-06
16832,6.61318e-06
16833,6.61029e-06
16834,6.60599e-06
16835,6.60202e-06
16836,6.598e-06
16837,6.59289e-06
16838,6.58912e-06
16839,6.58347e-06
16840,6.57934e-06
16841,6.57364e-06
16842,6.56862e-06
16843,6.56284e-06
16844,6.55695e-06
16845,6.55104e-06
16846,6.54431e-06
16847,6.53824e-06
16848,6.53149e-06
16849,6.5244e-06
16850,6.51762e-06
16851,6.50979e-06
16852,6.50267e-06
16853,6.4945e-06
16854,6.48663e-06
16855,6.47809e-06
16856,6.46951e-06
16857,6.46055e-06
16858,6.45128e-06
16859,6.45412e-06
16860,6.46086e-06
16861,6.46523e-06
16862,6.47102e-06
16863,6.47546e-06
16864,6.48056e-06
16865,6.48479e-06
16866,6.48937e-06
16867,6.49321e-06
16868,6.49761e-06
16869,6.50111e-06
16870,6.50489e-06
16871,6.50851e-06
16872,6.5112e-06
16873,6.51517e-06
16874,6.51653e-06
16875,6.52092e-06
16876,6.52088e-06
16877,6.52573e-06
16878,6.52451e-06
16879,6.5296e-06
16880,6.52759e-06
16881,6.5326e-06
16882,6.53009e-06
16883,6.5352e-06
16884,6.53158e-06
16885,6.53737e-06
16886,6.53315e-06
16887,6.53857e-06
16888,6.5351e-06
16889,6.53879e-06
16890,6.53611e-06
16891,6.53802e-06
16892,6.53618e-06
16893,6.53636e-06
16894,6.53528e-06
16895,6.53433e-06
16896,6.5337e-06
16897,6.53177e-06
16898,6.53182e-06
16899,6.52818e-06
16900,6.52919e-06
16901,6.52354e-06
16902,6.52553e-06
16903,6.51859e-06
16904,6.52084e-06
16905,6.51491e-06
16906,6.51508e-06
16907,6.51019e-06
16908,6.50869e-06
16909,6.50466e-06
16910,6.50187e-06
16911,6.49874e-06
16912,6.49406e-06
16913,6.49198e-06
16914,6.4851e-06
16915,6.48409e-06
16916,6.47505e-06
16917,6.47504e-06
16918,6.46705e-06
16919,6.46481e-06
16920,6.45788e-06
16921,6.45355e-06
16922,6.44767e-06
16923,6.44164e-06
16924,6.4368e-06
16925,6.42885e-06
16926,6.42504e-06
16927,6.41477e-06
16928,6.41197e-06
16929,6.40192e-06
16930,6.39757e-06
16931,6.3885e-06
16932,6.38181e-06
16933,6.37371e-06
16934,6.36466e-06
16935,6.35751e-06
16936,6.34627e-06
16937,6.34015e-06
16938,6.32731e-06
16939,6.32175e-06
16940,6.31008e-06
16941,6.30214e-06
16942,6.29131e-06
16943,6.281e-06
16944,6.27099e-06
16945,6.25829e-06
16946,6.24908e-06
16947,6.234e-06
16948,6.22555e-06
16949,6.21088e-06
16950,6.20039e-06
16951,6.18644e-06
16952,6.17356e-06
16953,6.16045e-06
16954,6.14527e-06
16955,6.13302e-06
16956,6.11557e-06
16957,6.10423e-06
16958,6.08741e-06
16959,6.07369e-06
16960,6.05746e-06
16961,6.04137e-06
16962,6.02569e-06
16963,6.00724e-06
16964,5.99209e-06
16965,5.97179e-06
16966,5.95664e-06
16967,5.93684e-06
16968,5.91935e-06
16969,5.90001e-06
16970,5.88021e-06
16971,5.86136e-06
16972,5.8392e-06
16973,5.82112e-06
16974,5.79912e-06
16975,5.77918e-06
16976,5.75775e-06
16977,5.73549e-06
16978,5.71446e-06
16979,5.68991e-06
16980,5.66925e-06
16981,5.6446e-06
16982,5.62214e-06
16983,5.59786e-06
16984,5.57314e-06
16985,5.54921e-06
16986,5.52226e-06
16987,5.49867e-06
16988,5.47192e-06
16989,5.44625e-06
16990,5.42039e-06
16991,5.39239e-06
16992,5.36719e-06
16993,5.3396e-06
16994,5.31213e-06
16995,5.28495e-06
16996,5.25532e-06
16997,5.22845e-06
16998,5.19925e-06
16999,5.17015e-06
17000,5.14137e-06
17001,5.11094e-06
17002,5.0817e-06
17003,5.05252e-06
17004,5.02244e-06
17005,4.99239e-06
17006,4.96282e-06
17007,4.93199e-06
17008,4.90146e-06
17009,4.87116e-06
17010,4.8399e-06
17011,4.80906e-06
17012,4.77833e-06
17013,4.74867e-06
17014,4.71846e-06
17015,4.68786e-06
17016,4.657e-06
17017,4.62692e-06
17018,4.59668e-06
17019,4.59471e-06
17020,4.61797e-06
17021,4.64253e-06
17022,4.66612e-06
17023,4.69051e-06
17024,4.7144e-06
17025,4.73863e-06
17026,4.76282e-06
17027,4.78688e-06
17028,4.81134e-06
17029,4.83523e-06
17030,4.85997e-06
17031,4.88368e-06
17032,4.90867e-06
17033,4.93221e-06
17034,4.95745e-06
17035,4.98079e-06
17036,5.00628e-06
17037,5.02943e-06
17038,5.05515e-06
17039,5.0781e-06
17040,5.10405e-06
17041,5.12678e-06
17042,5.15295e-06
17043,5.17546e-06
17044,5.20186e-06
17045,5.22428e-06
17046,5.25074e-06
17047,5.27315e-06
17048,5.29959e-06
17049,5.32198e-06
17050,5.34839e-06
17051,5.37074e-06
17052,5.39712e-06
17053,5.41943e-06
17054,5.44576e-06
17055,5.46803e-06
17056,5.49431e-06
17057,5.51653e-06
17058,5.54274e-06
17059,5.56489e-06
17060,5.59104e-06
17061,5.61311e-06
17062,5.63918e-06
17063,5.66118e-06
17064,5.68715e-06
17065,5.70906e-06
17066,5.73494e-06
17067,5.75675e-06
17068,5.78252e-06
17069,5.80422e-06
17070,5.82988e-06
17071,5.85145e-06
17072,5.87699e-06
17073,5.89843e-06
17074,5.92383e-06
17075,5.94514e-06
17076,5.97039e-06
17077,5.99155e-06
17078,6.01665e-06
17079,6.03765e-06
17080,6.06259e-06
17081,6.08341e-06
17082,6.10818e-06
17083,6.12883e-06
17084,6.1534e-06
17085,6.17386e-06
17086,6.19824e-06
17087,6.2185e-06
17088,6.24267e-06
17089,6.26272e-06
17090,6.28668e-06
17091,6.30651e-06
17092,6.33024e-06
17093,6.34984e-06
17094,6.37334e-06
17095,6.39269e-06
17096,6.41594e-06
17097,6.43505e-06
17098,6.45804e-06
17099,6.47688e-06
17100,6.4996e-06
17101,6.51845e-06
17102,6.54062e-06
17103,6.55951e-06
17104,6.58108e-06
17105,6.60001e-06
17106,6.62094e-06
17107,6.63995e-06
17108,6.6602e-06
17109,6.6793e-06
17110,6.69884e-06
17111,6.71805e-06
17112,6.73684e-06
17113,6.75618e-06
17114,6.77417e-06
17115,6.79367e-06
17116,6.81084e-06
17117,6.83051e-06
17118,6.84681e-06
17119,6.86668e-06
17120,6.88261e-06
17121,6.90217e-06
17122,6.91774e-06
17123,6.93696e-06
17124,6.95266e-06
17125,6.97103e-06
17126,6.98749e-06
17127,7.0044e-06
17128,7.02165e-06
17129,7.0375e-06
17130,7.05513e-06
17131,7.06988e-06
17132,7.08791e-06
17133,7.10193e-06
17134,7.11998e-06
17135,7.13364e-06
17136,7.15133e-06
17137,7.16487e-06
17138,7.18195e-06
17139,7.19597e-06
17140,7.21181e-06
17141,7.22671e-06
17142,7.24092e-06
17143,7.25705e-06
17144,7.27023e-06
17145,7.28666e-06
17146,7.29982e-06
17147,7.31553e-06
17148,7.32924e-06
17149,7.34364e-06
17150,7.35791e-06
17151,7.37098e-06
17152,7.38581e-06
17153,7.39785e-06
17154,7.41293e-06
17155,7.42515e-06
17156,7.43926e-06
17157,7.45289e-06
17158,7.46562e-06
17159,7.47984e-06
17160,7.49121e-06
17161,7.50597e-06
17162,7.51673e-06
17163,7.53127e-06
17164,7.54253e-06
17165,7.55572e-06
17166,7.56748e-06
17167,7.57931e-06
17168,7.59155e-06
17169,7.60202e-06
17170,7.61473e-06
17171,7.624e-06
17172,7.637e-06
17173,7.64714e-06
17174,7.65897e-06
17175,7.66978e-06
17176,7.6803e-06
17177,7.69148e-06
17178,7.70069e-06
17179,7.71221e-06
17180,7.72089e-06
17181,7.73195e-06
17182,7.74014e-06
17183,7.7507e-06
17184,7.75885e-06
17185,7.76845e-06
17186,7.77684e-06
17187,7.78518e-06
17188,7.79379e-06
17189,7.80089e-06
17190,7.8097e-06
17191,7.81606e-06
17192,7.82456e-06
17193,7.8304e-06
17194,7.83867e-06
17195,7.844e-06
17196,7.85229e-06
17197,7.85772e-06
17198,7.86485e-06
17199,7.87037e-06
17200,7.87635e-06
17201,7.88195e-06
17202,7.88679e-06
17203,7.89246e-06
17204,7.89619e-06
17205,7.90191e-06
17206,7.90454e-06
17207,7.91032e-06
17208,7.91216e-06
17209,7.91768e-06
17210,7.91936e-06
17211,7.92402e-06
17212,7.92573e-06
17213,7.92934e-06
17214,7.9311e-06
17215,7.93367e-06
17216,7.93547e-06
17217,7.93704e-06
17218,7.93888e-06
17219,7.93945e-06
17220,7.94134e-06
17221,7.94093e-06
17222,7.94288e-06
17223,7.94152e-06
17224,7.94353e-06
17225,7.94169e-06
17226,7.94332e-06
17227,7.94164e-06
17228,7.94233e-06
17229,7.94094e-06
17230,7.94123e-06
17231,7.93946e-06
17232,7.93937e-06
17233,7.93722e-06
17234,7.93677e-06
17235,7.93468e-06
17236,7.93348e-06
17237,7.9316e-06
17238,7.92954e-06
17239,7.92788e-06
17240,7.92499e-06
17241,7.92357e-06
17242,7.9204e-06
17243,7.9187e-06
17244,7.91528e-06
17245,7.91333e-06
17246,7.90967e-06
17247,7.9075e-06
17248,7.90362e-06
17249,7.90125e-06
17250,7.89764e-06
17251,7.89463e-06
17252,7.89142e-06
17253,7.88768e-06
17254,7.8849e-06
17255,7.88088e-06
17256,7.87811e-06
17257,7.87398e-06
17258,7.87111e-06
17259,7.86689e-06
17260,7.86394e-06
17261,7.85964e-06
17262,7.85663e-06
17263,7.85286e-06
17264,7.84925e-06
17265,7.84603e-06
17266,7.84211e-06
17267,7.83918e-06
17268,7.83525e-06
17269,7.83233e-06
17270,7.82843e-06
17271,7.82553e-06
17272,7.82166e-06
17273,7.81881e-06
17274,7.8154e-06
17275,7.81222e-06
17276,7.80944e-06
17277,7.80624e-06
17278,7.80362e-06
17279,7.80047e-06
17280,7.798e-06
17281,7.79494e-06
17282,7.79258e-06
17283,7.78964e-06
17284,7.78761e-06
17285,7.78472e-06
17286,7.78308e-06
17287,7.78041e-06
17288,7.7788e-06
17289,7.77635e-06
17290,7.7748e-06
17291,7.77258e-06
17292,7.77109e-06
17293,7.7691e-06
17294,7.76768e-06
17295,7.76593e-06
17296,7.76459e-06
17297,7.76332e-06
17298,7.76182e-06
17299,7.76101e-06
17300,7.75938e-06
17301,7.75899e-06
17302,7.75737e-06
17303,7.75727e-06
17304,7.75584e-06
17305,7.75585e-06
17306,7.7546e-06
17307,7.75472e-06
17308,7.75365e-06
17309,7.75388e-06
17310,7.75296e-06
17311,7.75332e-06
17312,7.75254e-06
17313,7.75303e-06
17314,7.75236e-06
17315,7.75299e-06
17316,7.75241e-06
17317,7.75319e-06
17318,7.75268e-06
17319,7.7536e-06
17320,7.75315e-06
17321,7.75422e-06
17322,7.75378e-06
17323,7.75501e-06
17324,7.75456e-06
17325,7.75595e-06
17326,7.75569e-06
17327,7.757e-06
17328,7.75702e-06
17329,7.75815e-06
17330,7.75846e-06
17331,7.75936e-06
17332,7.75997e-06
17333,7.76059e-06
17334,7.76152e-06
17335,7.7618e-06
17336,7.76305e-06
17337,7.76297e-06
17338,7.76455e-06
17339,7.76412e-06
17340,7.76595e-06
17341,7.76527e-06
17342,7.76723e-06
17343,7.76629e-06
17344,7.76833e-06
17345,7.76768e-06
17346,7.76922e-06
17347,7.76884e-06
17348,7.76984e-06
17349,7.76973e-06
17350,7.77015e-06
17351,7.77029e-06
17352,7.7701e-06
17353,7.77048e-06
17354,7.76965e-06
17355,7.77024e-06
17356,7.76874e-06
17357,7.76953e-06
17358,7.76733e-06
17359,7.76829e-06
17360,7.76561e-06
17361,7.76648e-06
17362,7.76389e-06
17363,7.76405e-06
17364,7.76152e-06
17365,7.76095e-06
17366,7.75845e-06
17367,7.75713e-06
17368,7.75463e-06
17369,7.75255e-06
17370,7.75002e-06
17371,7.74715e-06
17372,7.74456e-06
17373,7.7409e-06
17374,7.73822e-06
17375,7.73376e-06
17376,7.73095e-06
17377,7.72567e-06
17378,7.72271e-06
17379,7.71661e-06
17380,7.71346e-06
17381,7.70654e-06
17382,7.70316e-06
17383,7.69551e-06
17384,7.69178e-06
17385,7.6836e-06
17386,7.67928e-06
17387,7.67076e-06
17388,7.66564e-06
17389,7.65674e-06
17390,7.65083e-06
17391,7.64152e-06
17392,7.63482e-06
17393,7.62508e-06
17394,7.61759e-06
17395,7.60739e-06
17396,7.59912e-06
17397,7.58844e-06
17398,7.5794e-06
17399,7.56821e-06
17400,7.55841e-06
17401,7.54669e-06
17402,7.53614e-06
17403,7.52387e-06
17404,7.51258e-06
17405,7.49974e-06
17406,7.48773e-06
17407,7.47431e-06
17408,7.46159e-06
17409,7.44757e-06
17410,7.43415e-06
17411,7.41952e-06
17412,7.40542e-06
17413,7.39017e-06
17414,7.3754e-06
17415,7.35952e-06
17416,7.34411e-06
17417,7.3276e-06
17418,7.31155e-06
17419,7.29441e-06
17420,7.27774e-06
17421,7.25996e-06
17422,7.24269e-06
17423,7.22428e-06
17424,7.20642e-06
17425,7.18739e-06
17426,7.16895e-06
17427,7.14931e-06
17428,7.1303e-06
17429,7.11005e-06
17430,7.0905e-06
17431,7.06966e-06
17432,7.04956e-06
17433,7.02815e-06
17434,7.00752e-06
17435,6.98555e-06
17436,6.96441e-06
17437,6.9419e-06
17438,6.92025e-06
17439,6.89723e-06
17440,6.87507e-06
17441,6.85157e-06
17442,6.8289e-06
17443,6.80494e-06
17444,6.78178e-06
17445,6.75739e-06
17446,6.73373e-06
17447,6.70895e-06
17448,6.68479e-06
17449,6.65965e-06
17450,6.635e-06
17451,6.60954e-06
17452,6.58438e-06
17453,6.55863e-06
17454,6.53297e-06
17455,6.50697e-06
17456,6.4808e-06
17457,6.45459e-06
17458,6.4279e-06
17459,6.40153e-06
17460,6.37431e-06
17461,6.34782e-06
17462,6.32006e-06
17463,6.2935e-06
17464,6.26517e-06
17465,6.23859e-06
17466,6.20969e-06
17467,6.18313e-06
17468,6.15365e-06
17469,6.12715e-06
17470,6.09759e-06
17471,6.07068e-06
17472,6.04136e-06
17473,6.01375e-06
17474,5.98472e-06
17475,5.95639e-06
17476,5.92767e-06
17477,5.89863e-06
17478,5.87025e-06
17479,5.84055e-06
17480,5.81249e-06
17481,5.78263e-06
17482,5.75442e-06
17483,5.72491e-06
17484,5.69606e-06
17485,5.66706e-06
17486,5.63743e-06
17487,5.609e-06
17488,5.57891e-06
17489,5.55074e-06
17490,5.52055e-06
17491,5.4923e-06
17492,5.46223e-06
17493,5.43372e-06
17494,5.4044e-06
17495,5.375e-06
17496,5.34647e-06
17497,5.31637e-06
17498,5.28847e-06
17499,5.26894e-06
17500,5.25709e-06
17501,5.23996e-06
17502,5.22774e-06
17503,5.21024e-06
17504,5.19766e-06
17505,5.17981e-06
17506,5.16687e-06
17507,5.14867e-06
17508,5.13538e-06
17509,5.11699e-06
17510,5.10321e-06
17511,5.08473e-06
17512,5.07044e-06
17513,5.05181e-06
17514,5.03727e-06
17515,5.01824e-06
17516,5.00345e-06
17517,4.98405e-06
17518,4.96902e-06
17519,4.94925e-06
17520,4.93399e-06
17521,4.91388e-06
17522,4.89836e-06
17523,4.87825e-06
17524,4.86217e-06
17525,4.84206e-06
17526,4.82543e-06
17527,4.80533e-06
17528,4.78816e-06
17529,4.76809e-06
17530,4.75037e-06
17531,4.73034e-06
17532,4.71238e-06
17533,4.6921e-06
17534,4.67395e-06
17535,4.65341e-06
17536,4.63506e-06
17537,4.64505e-06
17538,4.68057e-06
17539,4.7184e-06
17540,4.75362e-06
17541,4.79187e-06
17542,4.82761e-06
17543,4.86462e-06
17544,4.90136e-06
17545,4.9366e-06
17546,4.97484e-06
17547,5.00864e-06
17548,5.04745e-06
17549,5.08221e-06
17550,5.11913e-06
17551,5.15525e-06
17552,5.19048e-06
17553,5.22726e-06
17554,5.2612e-06
17555,5.29817e-06
17556,5.33118e-06
17557,5.36831e-06
17558,5.40209e-06
17559,5.43794e-06
17560,5.47171e-06
17561,5.50627e-06
17562,5.54021e-06
17563,5.57327e-06
17564,5.60812e-06
17565,5.63891e-06
17566,5.67464e-06
17567,5.70403e-06
17568,5.73963e-06
17569,5.76961e-06
17570,5.80304e-06
17571,5.83375e-06
17572,5.86517e-06
17573,5.89618e-06
17574,5.92634e-06
17575,5.95684e-06
17576,5.98575e-06
17577,6.0158e-06
17578,6.04335e-06
17579,6.07365e-06
17580,6.09909e-06
17581,6.12977e-06
17582,6.15345e-06
17583,6.18391e-06
17584,6.20736e-06
17585,6.23603e-06
17586,6.25964e-06
17587,6.28607e-06
17588,6.30977e-06
17589,6.33467e-06
17590,6.35773e-06
17591,6.38143e-06
17592,6.40346e-06
17593,6.42598e-06
17594,6.44709e-06
17595,6.46829e-06
17596,6.48911e-06
17597,6.50833e-06
17598,6.52888e-06
17599,6.54616e-06
17600,6.56628e-06
17601,6.58224e-06
17602,6.6013e-06
17603,6.61612e-06
17604,6.63391e-06
17605,6.64761e-06
17606,6.6641e-06
17607,6.67669e-06
17608,6.69237e-06
17609,6.70334e-06
17610,6.71835e-06
17611,6.72757e-06
17612,6.74185e-06
17613,6.74937e-06
17614,6.76286e-06
17615,6.7691e-06
17616,6.78138e-06
17617,6.78655e-06
17618,6.79742e-06
17619,6.80153e-06
17620,6.811e-06
17621,6.81407e-06
17622,6.82212e-06
17623,6.82416e-06
17624,6.8308e-06
17625,6.83182e-06
17626,6.83708e-06
17627,6.83709e-06
17628,6.84116e-06
17629,6.83998e-06
17630,6.84287e-06
17631,6.84052e-06
17632,6.8422e-06
17633,6.83875e-06
17634,6.83919e-06
17635,6.8347e-06
17636,6.83388e-06
17637,6.82841e-06
17638,6.8263e-06
17639,6.81993e-06
17640,6.81651e-06
17641,6.8093e-06
17642,6.80455e-06
17643,6.79656e-06
17644,6.79048e-06
17645,6.78178e-06
17646,6.77436e-06
17647,6.76501e-06
17648,6.75623e-06
17649,6.74631e-06
17650,6.73641e-06
17651,6.72573e-06
17652,6.7148e-06
17653,6.70335e-06
17654,6.69143e-06
17655,6.67923e-06
17656,6.66637e-06
17657,6.65344e-06
17658,6.63969e-06
17659,6.62606e-06
17660,6.61146e-06
17661,6.5974e-06
17662,6.58177e-06
17663,6.56762e-06
17664,6.55068e-06
17665,6.53651e-06
17666,6.53964e-06
17667,6.54874e-06
17668,6.55594e-06
17669,6.56243e-06
17670,6.57149e-06
17671,6.57527e-06
17672,6.58601e-06
17673,6.58902e-06
17674,6.5993e-06
17675,6.6035e-06
17676,6.61133e-06
17677,6.61671e-06
17678,6.62212e-06
17679,6.62863e-06
17680,6.63165e-06
17681,6.63927e-06
17682,6.63993e-06
17683,6.64861e-06
17684,6.64893e-06
17685,6.65666e-06
17686,6.65797e-06
17687,6.6634e-06
17688,6.66566e-06
17689,6.66885e-06
17690,6.672e-06
17691,6.67311e-06
17692,6.67699e-06
17693,6.67611e-06
17694,6.68062e-06
17695,6.67779e-06
17696,6.68303e-06
17697,6.67942e-06
17698,6.68406e-06
17699,6.68099e-06
17700,6.68372e-06
17701,6.68114e-06
17702,6.68201e-06
17703,6.67989e-06
17704,6.67894e-06
17705,6.67722e-06
17706,6.6745e-06
17707,6.67316e-06
17708,6.66873e-06
17709,6.66771e-06
17710,6.66161e-06
17711,6.66087e-06
17712,6.65315e-06
17713,6.65266e-06
17714,6.64338e-06
17715,6.6431e-06
17716,6.63355e-06
17717,6.63219e-06
17718,6.6227e-06
17719,6.61995e-06
17720,6.61047e-06
17721,6.6064e-06
17722,6.59686e-06
17723,6.59156e-06
17724,6.58191e-06
17725,6.57547e-06
17726,6.56563e-06
17727,6.55813e-06
17728,6.54806e-06
17729,6.53957e-06
17730,6.52921e-06
17731,6.51983e-06
17732,6.50912e-06
17733,6.49893e-06
17734,6.48782e-06
17735,6.47691e-06
17736,6.46535e-06
17737,6.45379e-06
17738,6.44173e-06
17739,6.42962e-06
17740,6.417e-06
17741,6.40442e-06
17742,6.39135e-06
17743,6.37824e-06
17744,6.36477e-06
17745,6.35111e-06
17746,6.33734e-06
17747,6.32324e-06
17748,6.30911e-06
17749,6.29469e-06
17750,6.27998e-06
17751,6.26556e-06
17752,6.25e-06
17753,6.23564e-06
17754,6.21922e-06
17755,6.205e-06
17756,6.18767e-06
17757,6.17365e-06
17758,6.1554e-06
17759,6.14165e-06
17760,6.12245e-06
17761,6.10903e-06
17762,6.08887e-06
17763,6.07583e-06
17764,6.05508e-06
17765,6.0421e-06
17766,6.022e-06
17767,6.0082e-06
17768,5.98899e-06
17769,5.97414e-06
17770,5.9556e-06
17771,5.93964e-06
17772,5.9218e-06
17773,5.90473e-06
17774,5.88763e-06
17775,5.86945e-06
17776,5.85311e-06
17777,5.83382e-06
17778,5.81826e-06
17779,5.79787e-06
17780,5.78311e-06
17781,5.76218e-06
17782,5.74769e-06
17783,5.72813e-06
17784,5.71208e-06
17785,5.69378e-06
17786,5.67657e-06
17787,5.65915e-06
17788,5.64083e-06
17789,5.62424e-06
17790,5.60484e-06
17791,5.58906e-06
17792,5.56861e-06
17793,5.55362e-06
17794,5.53322e-06
17795,5.51794e-06
17796,5.49829e-06
17797,5.48201e-06
17798,5.46309e-06
17799,5.44585e-06
17800,5.42761e-06
17801,5.42228e-06
17802,5.41897e-06
17803,5.41438e-06
17804,5.41056e-06
17805,5.40618e-06
17806,5.40229e-06
17807,5.3977e-06
17808,5.39373e-06
17809,5.38893e-06
17810,5.3849e-06
17811,5.37989e-06
17812,5.37578e-06
17813,5.37058e-06
17814,5.36639e-06
17815,5.36099e-06
17816,5.35673e-06
17817,5.35148e-06
17818,5.34678e-06
17819,5.34175e-06
17820,5.33656e-06
17821,5.33174e-06
17822,5.32606e-06
17823,5.32142e-06
17824,5.31527e-06
17825,5.31081e-06
17826,5.3042e-06
17827,5.29989e-06
17828,5.293e-06
17829,5.28865e-06
17830,5.28187e-06
17831,5.27709e-06
17832,5.2704e-06
17833,5.2652e-06
17834,5.25856e-06
17835,5.25296e-06
17836,5.24636e-06
17837,5.24036e-06
17838,5.23378e-06
17839,5.22739e-06
17840,5.22079e-06
17841,5.21403e-06
17842,5.20738e-06
17843,5.20026e-06
17844,5.19354e-06
17845,5.18606e-06
17846,5.17923e-06
17847,5.17141e-06
17848,5.16445e-06
17849,5.15629e-06
17850,5.14917e-06
17851,5.14067e-06
17852,5.13335e-06
17853,5.12453e-06
17854,5.11699e-06
17855,5.10794e-06
17856,5.10004e-06
17857,5.09099e-06
17858,5.08248e-06
17859,5.07342e-06
17860,5.06432e-06
17861,5.05522e-06
17862,5.04579e-06
17863,5.03635e-06
17864,5.02658e-06
17865,5.01678e-06
17866,5.00668e-06
17867,4.99647e-06
17868,4.98603e-06
17869,4.9754e-06
17870,4.96462e-06
17871,4.95351e-06
17872,4.94239e-06
17873,4.93079e-06
17874,4.91932e-06
17875,4.90719e-06
17876,4.89538e-06
17877,4.88269e-06
17878,4.87051e-06
17879,4.85741e-06
17880,4.8447e-06
17881,4.83152e-06
17882,4.81791e-06
17883,4.80464e-06
17884,4.79009e-06
17885,4.77673e-06
17886,4.76123e-06
17887,4.74776e-06
17888,4.73141e-06
17889,4.71771e-06
17890,4.7043e-06
17891,4.72982e-06
17892,4.75517e-06
17893,4.77978e-06
17894,4.80494e-06
17895,4.82854e-06
17896,4.85354e-06
17897,4.87607e-06
17898,4.90094e-06
17899,4.92246e-06
17900,4.94709e-06
17901,4.96797e-06
17902,4.99194e-06
17903,5.01236e-06
17904,5.03545e-06
17905,5.05584e-06
17906,5.0776e-06
17907,5.09797e-06
17908,5.11833e-06
17909,5.13873e-06
17910,5.15763e-06
17911,5.17808e-06
17912,5.19545e-06
17913,5.21599e-06
17914,5.23259e-06
17915,5.25244e-06
17916,5.26848e-06
17917,5.2874e-06
17918,5.3036e-06
17919,5.32085e-06
17920,5.33725e-06
17921,5.35277e-06
17922,5.36953e-06
17923,5.38391e-06
17924,5.40094e-06
17925,5.41466e-06
17926,5.43084e-06
17927,5.44488e-06
17928,5.45924e-06
17929,5.47362e-06
17930,5.48612e-06
17931,5.50087e-06
17932,5.51228e-06
17933,5.52663e-06
17934,5.53729e-06
17935,5.55088e-06
17936,5.56136e-06
17937,5.57363e-06
17938,5.58458e-06
17939,5.59489e-06
17940,5.60669e-06
17941,5.61576e-06
17942,5.62795e-06
17943,5.63695e-06
17944,5.64776e-06
17945,5.65734e-06
17946,5.66612e-06
17947,5.67629e-06
17948,5.68335e-06
17949,5.69383e-06
17950,5.70019e-06
17951,5.70997e-06
17952,5.71667e-06
17953,5.7247e-06
17954,5.73318e-06
17955,5.73918e-06
17956,5.74832e-06
17957,5.75365e-06
17958,5.76212e-06
17959,5.76679e-06
17960,5.7746e-06
17961,5.77999e-06
17962,5.78577e-06
17963,5.79296e-06
17964,5.79716e-06
17965,5.80476e-06
17966,5.80843e-06
17967,5.81531e-06
17968,5.81978e-06
17969,5.82463e-06
17970,5.82991e-06
17971,5.83319e-06
17972,5.83987e-06
17973,5.84271e-06
17974,5.84881e-06
17975,5.85224e-06
17976,5.85659e-06
17977,5.86088e-06
17978,5.8633e-06
17979,5.86944e-06
17980,5.87146e-06
17981,5.87706e-06
17982,5.87911e-06
17983,5.88362e-06
17984,5.887e-06
17985,5.88916e-06
17986,5.89459e-06
17987,5.8961e-06
17988,5.90117e-06
17989,5.90219e-06
17990,5.90678e-06
17991,5.90961e-06
17992,5.91145e-06
17993,5.91632e-06
17994,5.91724e-06
17995,5.9221e-06
17996,5.92257e-06
17997,5.92699e-06
17998,5.92873e-06
17999,5.93175e-06
18000,5.93475e-06
18001,5.93607e-06
18002,5.94049e-06
18003,5.94123e-06
18004,5.94592e-06
18005,5.94625e-06
18006,5.95055e-06
18007,5.95124e-06
18008,5.97151e-06
18009,6.00041e-06
18010,6.02941e-06
18011,6.05661e-06
18012,6.08674e-06
18013,6.11485e-06
18014,6.14346e-06
18015,6.17264e-06
18016,6.19955e-06
18017,6.22976e-06
18018,6.25766e-06
18019,6.28617e-06
18020,6.31504e-06
18021,6.34183e-06
18022,6.37164e-06
18023,6.39877e-06
18024,6.42743e-06
18025,6.45541e-06
18026,6.48237e-06
18027,6.51116e-06
18028,6.53693e-06
18029,6.56599e-06
18030,6.59244e-06
18031,6.62e-06
18032,6.64733e-06
18033,6.67323e-06
18034,6.70116e-06
18035,6.72624e-06
18036,6.75389e-06
18037,6.77887e-06
18038,6.8055e-06
18039,6.83095e-06
18040,6.85595e-06
18041,6.88183e-06
18042,6.90529e-06
18043,6.93148e-06
18044,6.95432e-06
18045,6.97988e-06
18046,7.00242e-06
18047,7.027e-06
18048,7.04981e-06
18049,7.07282e-06
18050,7.09586e-06
18051,7.11732e-06
18052,7.14056e-06
18053,7.16079e-06
18054,7.18389e-06
18055,7.20342e-06
18056,7.22583e-06
18057,7.24469e-06
18058,7.26638e-06
18059,7.2853e-06
18060,7.30553e-06
18061,7.32448e-06
18062,7.34326e-06
18063,7.36222e-06
18064,7.37958e-06
18065,7.39852e-06
18066,7.4145e-06
18067,7.43338e-06
18068,7.44857e-06
18069,7.46681e-06
18070,7.48128e-06
18071,7.49881e-06
18072,7.51258e-06
18073,7.5294e-06
18074,7.54278e-06
18075,7.55858e-06
18076,7.57182e-06
18077,7.58637e-06
18078,7.59945e-06
18079,7.61279e-06
18080,7.62569e-06
18081,7.63786e-06
18082,7.65056e-06
18083,7.6616e-06
18084,7.67409e-06
18085,7.68403e-06
18086,7.6963e-06
18087,7.70518e-06
18088,7.71722e-06
18089,7.72541e-06
18090,7.73688e-06
18091,7.74445e-06
18092,7.75531e-06
18093,7.76228e-06
18094,7.77254e-06
18095,7.77892e-06
18096,7.7886e-06
18097,7.79441e-06
18098,7.80354e-06
18099,7.80894e-06
18100,7.81738e-06
18101,7.82256e-06
18102,7.83025e-06
18103,7.83512e-06
18104,7.84217e-06
18105,7.84666e-06
18106,7.85311e-06
18107,7.85723e-06
18108,7.8631e-06
18109,7.86687e-06
18110,7.8722e-06
18111,7.87561e-06
18112,7.88043e-06
18113,7.88351e-06
18114,7.88783e-06
18115,7.89068e-06
18116,7.89446e-06
18117,7.89708e-06
18118,7.90035e-06
18119,7.90276e-06
18120,7.90553e-06
18121,7.90774e-06
18122,7.91005e-06
18123,7.91208e-06
18124,7.91395e-06
18125,7.91581e-06
18126,7.91727e-06
18127,7.91897e-06
18128,7.92005e-06
18129,7.9216e-06
18130,7.92232e-06
18131,7.92374e-06
18132,7.92413e-06
18133,7.92543e-06
18134,7.9255e-06
18135,7.92671e-06
18136,7.92648e-06
18137,7.92761e-06
18138,7.9271e-06
18139,7.92816e-06
18140,7.9274e-06
18141,7.9284e-06
18142,7.9274e-06
18143,7.92837e-06
18144,7.92714e-06
18145,7.9281e-06
18146,7.92665e-06
18147,7.9276e-06
18148,7.92595e-06
18149,7.92693e-06
18150,7.92508e-06
18151,7.92609e-06
18152,7.92406e-06
18153,7.92512e-06
18154,7.92292e-06
18155,7.92404e-06
18156,7.92168e-06
18157,7.92288e-06
18158,7.92036e-06
18159,7.92165e-06
18160,7.91898e-06
18161,7.92037e-06
18162,7.91778e-06
18163,7.91907e-06
18164,7.91665e-06
18165,7.91775e-06
18166,7.91552e-06
18167,7.91644e-06
18168,7.9144e-06
18169,7.91514e-06
18170,7.9133e-06
18171,7.91387e-06
18172,7.91223e-06
18173,7.91262e-06
18174,7.9112e-06
18175,7.91142e-06
18176,7.91021e-06
18177,7.91026e-06
18178,7.90927e-06
18179,7.90915e-06
18180,7.90837e-06
18181,7.90809e-06
18182,7.90752e-06
18183,7.90707e-06
18184,7.90671e-06
18185,7.9061e-06
18186,7.90594e-06
18187,7.90516e-06
18188,7.9052e-06
18189,7.90426e-06
18190,7.90448e-06
18191,7.90338e-06
18192,7.90377e-06
18193,7.90252e-06
18194,7.90305e-06
18195,7.90165e-06
18196,7.90233e-06
18197,7.90077e-06
18198,7.90157e-06
18199,7.89986e-06
18200,7.90076e-06
18201,7.89891e-06
18202,7.89989e-06
18203,7.89788e-06
18204,7.89892e-06
18205,7.89678e-06
18206,7.89785e-06
18207,7.89556e-06
18208,7.89664e-06
18209,7.89421e-06
18210,7.89527e-06
18211,7.8927e-06
18212,7.89371e-06
18213,7.89101e-06
18214,7.89194e-06
18215,7.88911e-06
18216,7.88993e-06
18217,7.88697e-06
18218,7.88765e-06
18219,7.88456e-06
18220,7.88507e-06
18221,7.88186e-06
18222,7.88215e-06
18223,7.87882e-06
18224,7.87887e-06
18225,7.87542e-06
18226,7.87519e-06
18227,7.87163e-06
18228,7.87109e-06
18229,7.86742e-06
18230,7.86653e-06
18231,7.86275e-06
18232,7.86147e-06
18233,7.85759e-06
18234,7.85589e-06
18235,7.8519e-06
18236,7.84986e-06
18237,7.84566e-06
18238,7.84328e-06
18239,7.83884e-06
18240,7.83608e-06
18241,7.8314e-06
18242,7.82825e-06
18243,7.8233e-06
18244,7.81973e-06
18245,7.81453e-06
18246,7.81052e-06
18247,7.80505e-06
18248,7.80057e-06
18249,7.79483e-06
18250,7.78986e-06
18251,7.78385e-06
18252,7.77836e-06
18253,7.77207e-06
18254,7.76604e-06
18255,7.75948e-06
18256,7.7529e-06
18257,7.74604e-06
18258,7.73889e-06
18259,7.73174e-06
18260,7.724e-06
18261,7.71656e-06
18262,7.70821e-06
18263,7.70047e-06
18264,7.6915e-06
18265,7.68346e-06
18266,7.67385e-06
18267,7.66551e-06
18268,7.65526e-06
18269,7.6466e-06
18270,7.6357e-06
18271,7.62673e-06
18272,7.61517e-06
18273,7.60588e-06
18274,7.59365e-06
18275,7.58404e-06
18276,7.57114e-06
18277,7.56121e-06
18278,7.54764e-06
18279,7.53737e-06
18280,7.52313e-06
18281,7.51253e-06
18282,7.49762e-06
18283,7.48669e-06
18284,7.47124e-06
18285,7.45983e-06
18286,7.44388e-06
18287,7.43197e-06
18288,7.41552e-06
18289,7.40311e-06
18290,7.38615e-06
18291,7.37324e-06
18292,7.35579e-06
18293,7.34238e-06
18294,7.32486e-06
18295,7.31057e-06
18296,7.29297e-06
18297,7.27803e-06
18298,7.26011e-06
18299,7.24452e-06
18300,7.22628e-06
18301,7.21005e-06
18302,7.19149e-06
18303,7.17464e-06
18304,7.15576e-06
18305,7.13829e-06
18306,7.11909e-06
18307,7.10103e-06
18308,7.08151e-06
18309,7.06286e-06
18310,7.04302e-06
18311,7.02381e-06
18312,7.00365e-06
18313,6.98388e-06
18314,6.9634e-06
18315,6.94309e-06
18316,6.9223e-06
18317,6.90147e-06
18318,6.88036e-06
18319,6.85903e-06
18320,6.83761e-06
18321,6.81579e-06
18322,6.79405e-06
18323,6.77176e-06
18324,6.74972e-06
18325,6.72697e-06
18326,6.70462e-06
18327,6.68144e-06
18328,6.65877e-06
18329,6.63518e-06
18330,6.61221e-06
18331,6.58821e-06
18332,6.56493e-06
18333,6.54055e-06
18334,6.51698e-06
18335,6.49223e-06
18336,6.46836e-06
18337,6.44325e-06
18338,6.41909e-06
18339,6.39365e-06
18340,6.3692e-06
18341,6.34343e-06
18342,6.31869e-06
18343,6.29263e-06
18344,6.26761e-06
18345,6.24124e-06
18346,6.21595e-06
18347,6.1893e-06
18348,6.16381e-06
18349,6.13683e-06
18350,6.11131e-06
18351,6.08383e-06
18352,6.0583e-06
18353,6.03033e-06
18354,6.00479e-06
18355,5.97634e-06
18356,5.95081e-06
18357,5.92202e-06
18358,5.89636e-06
18359,5.86733e-06
18360,5.84147e-06
18361,5.8122e-06
18362,5.78615e-06
18363,5.75665e-06
18364,5.73043e-06
18365,5.7007e-06
18366,5.67432e-06
18367,5.64436e-06
18368,5.61784e-06
18369,5.58765e-06
18370,5.561e-06
18371,5.53059e-06
18372,5.50382e-06
18373,5.47319e-06
18374,5.44633e-06
18375,5.41548e-06
18376,5.38853e-06
18377,5.35748e-06
18378,5.33045e-06
18379,5.29938e-06
18380,5.27211e-06
18381,5.24103e-06
18382,5.21351e-06
18383,5.18245e-06
18384,5.15469e-06
18385,5.12366e-06
18386,5.09565e-06
18387,5.06468e-06
18388,5.03642e-06
18389,5.00553e-06
18390,4.97701e-06
18391,4.94623e-06
18392,4.91744e-06
18393,4.8868e-06
18394,4.85773e-06
18395,4.82725e-06
18396,4.7979e-06
18397,4.7676e-06
18398,4.73798e-06
18399,4.70789e-06
18400,4.67797e-06
18401,4.64811e-06
18402,4.6179e-06
18403,4.58831e-06
18404,4.55778e-06
18405,4.52849e-06
18406,4.49765e-06
18407,4.46883e-06
18408,4.43777e-06
18409,4.40944e-06
18410,4.3788e-06
18411,4.35012e-06
18412,4.31992e-06
18413,4.29088e-06
18414,4.26115e-06
18415,4.23174e-06
18416,4.20251e-06
18417,4.17272e-06
18418,4.14403e-06
18419,4.11386e-06
18420,4.08572e-06
18421,4.05516e-06
18422,4.02761e-06
18423,4.00855e-06
18424,4.03293e-06
18425,4.05611e-06
18426,4.0797e-06
18427,4.10301e-06
18428,4.12581e-06
18429,4.14921e-06
18430,4.17125e-06
18431,4.19471e-06
18432,4.21635e-06
18433,4.2395e-06
18434,4.26114e-06
18435,4.28356e-06
18436,4.30517e-06
18437,4.32687e-06
18438,4.34843e-06
18439,4.36944e-06
18440,4.39089e-06
18441,4.41125e-06
18442,4.43254e-06
18443,4.45229e-06
18444,4.47338e-06
18445,4.49264e-06
18446,4.5134e-06
18447,4.53238e-06
18448,4.55258e-06
18449,4.57134e-06
18450,4.59091e-06
18451,4.60951e-06
18452,4.6284e-06
18453,4.64688e-06
18454,4.6651e-06
18455,4.68345e-06
18456,4.70116e-06
18457,4.71946e-06
18458,4.73857e-06
18459,4.75883e-06
18460,4.78294e-06
18461,4.80234e-06
18462,4.82601e-06
18463,4.84448e-06
18464,4.86777e-06
18465,4.88525e-06
18466,4.90841e-06
18467,4.92464e-06
18468,4.9483e-06
18469,4.96353e-06
18470,4.98704e-06
18471,5.00225e-06
18472,5.02454e-06
18473,5.03981e-06
18474,5.06081e-06
18475,5.07621e-06
18476,5.09585e-06
18477,5.11145e-06
18478,5.12968e-06
18479,5.14638e-06
18480,5.16321e-06
18481,5.18052e-06
18482,5.1958e-06
18483,5.21359e-06
18484,5.22726e-06
18485,5.2456e-06
18486,5.25762e-06
18487,5.27666e-06
18488,5.28779e-06
18489,5.30788e-06
18490,5.31985e-06
18491,5.33813e-06
18492,5.35098e-06
18493,5.36742e-06
18494,5.3812e-06
18495,5.39596e-06
18496,5.41131e-06
18497,5.42473e-06
18498,5.44114e-06
18499,5.45259e-06
18500,5.4701e-06
18501,5.47956e-06
18502,5.49821e-06
18503,5.50781e-06
18504,5.52679e-06
18505,5.53748e-06
18506,5.5546e-06
18507,5.56654e-06
18508,5.58157e-06
18509,5.59477e-06
18510,5.60831e-06
18511,5.62231e-06
18512,5.63496e-06
18513,5.65022e-06
18514,5.66076e-06
18515,5.67729e-06
18516,5.6857e-06
18517,5.7035e-06
18518,5.71123e-06
18519,5.72899e-06
18520,5.73782e-06
18521,5.75468e-06
18522,5.76358e-06
18523,5.77946e-06
18524,5.7893e-06
18525,5.80332e-06
18526,5.8143e-06
18527,5.82624e-06
18528,5.83833e-06
18529,5.84879e-06
18530,5.86139e-06
18531,5.87082e-06
18532,5.88346e-06
18533,5.89185e-06
18534,5.90483e-06
18535,5.91185e-06
18536,5.92571e-06
18537,5.93083e-06
18538,5.94554e-06
18539,5.94965e-06
18540,5.96428e-06
18541,5.96859e-06
18542,5.98192e-06
18543,5.9866e-06
18544,5.99846e-06
18545,6.00373e-06
18546,6.01387e-06
18547,6.01971e-06
18548,6.02816e-06
18549,6.0345e-06
18550,6.04131e-06
18551,6.0481e-06
18552,6.05344e-06
18553,6.06048e-06
18554,6.06444e-06
18555,6.07165e-06
18556,6.07432e-06
18557,6.0816e-06
18558,6.08305e-06
18559,6.09032e-06
18560,6.09056e-06
18561,6.0978e-06
18562,6.09683e-06
18563,6.10405e-06
18564,6.10187e-06
18565,6.10904e-06
18566,6.10567e-06
18567,6.1128e-06
18568,6.10911e-06
18569,6.1153e-06
18570,6.11152e-06
18571,6.11656e-06
18572,6.11264e-06
18573,6.11657e-06
18574,6.11249e-06
18575,6.11534e-06
18576,6.11115e-06
18577,6.11286e-06
18578,6.10858e-06
18579,6.10915e-06
18580,6.10853e-06
18581,6.11014e-06
18582,6.11247e-06
18583,6.11419e-06
18584,6.11546e-06
18585,6.11725e-06
18586,6.11854e-06
18587,6.11934e-06
18588,6.12063e-06
18589,6.1205e-06
18590,6.12176e-06
18591,6.12161e-06
18592,6.12192e-06
18593,6.12176e-06
18594,6.12115e-06
18595,6.12094e-06
18596,6.11944e-06
18597,6.11919e-06
18598,6.11682e-06
18599,6.11651e-06
18600,6.11355e-06
18601,6.11292e-06
18602,6.10988e-06
18603,6.10844e-06
18604,6.10531e-06
18605,6.10309e-06
18606,6.09985e-06
18607,6.09688e-06
18608,6.09353e-06
18609,6.08984e-06
18610,6.08635e-06
18611,6.08199e-06
18612,6.07835e-06
18613,6.07353e-06
18614,6.06954e-06
18615,6.06455e-06
18616,6.05995e-06
18617,6.05478e-06
18618,6.04959e-06
18619,6.04422e-06
18620,6.03848e-06
18621,6.0329e-06
18622,6.02666e-06
18623,6.02085e-06
18624,6.01414e-06
18625,6.00808e-06
18626,6.00094e-06
18627,5.99462e-06
18628,5.98709e-06
18629,5.98049e-06
18630,5.97261e-06
18631,5.96571e-06
18632,5.95752e-06
18633,5.9503e-06
18634,5.94184e-06
18635,5.93429e-06
18636,5.92559e-06
18637,5.91769e-06
18638,5.9088e-06
18639,5.90053e-06
18640,5.89148e-06
18641,5.88282e-06
18642,5.87365e-06
18643,5.8646e-06
18644,5.85534e-06
18645,5.84587e-06
18646,5.83656e-06
18647,5.82665e-06
18648,5.81734e-06
18649,5.80727e-06
18650,5.79767e-06
18651,5.78768e-06
18652,5.7776e-06
18653,5.7677e-06
18654,5.75712e-06
18655,5.74735e-06
18656,5.73626e-06
18657,5.72665e-06
18658,5.71506e-06
18659,5.7056e-06
18660,5.69424e-06
18661,5.68422e-06
18662,5.67311e-06
18663,5.66252e-06
18664,5.65177e-06
18665,5.64151e-06
18666,5.63122e-06
18667,5.62036e-06
18668,5.61042e-06
18669,5.59895e-06
18670,5.58938e-06
18671,5.57793e-06
18672,5.56811e-06
18673,5.55706e-06
18674,5.5466e-06
18675,5.53598e-06
18676,5.52539e-06
18677,5.51567e-06
18678,5.50479e-06
18679,5.49552e-06
18680,5.48415e-06
18681,5.47516e-06
18682,5.46424e-06
18683,5.45458e-06
18684,5.44412e-06
18685,5.43471e-06
18686,5.42497e-06
18687,5.41508e-06
18688,5.40579e-06
18689,5.39549e-06
18690,5.38635e-06
18691,5.37676e-06
18692,5.36692e-06
18693,5.35775e-06
18694,5.34831e-06
18695,5.33844e-06
18696,5.32939e-06
18697,5.32012e-06
18698,5.31093e-06
18699,5.30148e-06
18700,5.29263e-06
18701,5.28326e-06
18702,5.27395e-06
18703,5.26512e-06
18704,5.25486e-06
18705,5.24655e-06
18706,5.2366e-06
18707,5.22753e-06
18708,5.21805e-06
18709,5.20858e-06
18710,5.19899e-06
18711,5.1897e-06
18712,5.18003e-06
18713,5.17028e-06
18714,5.16095e-06
18715,5.15045e-06
18716,5.14128e-06
18717,5.13106e-06
18718,5.12098e-06
18719,5.11102e-06
18720,5.10005e-06
18721,5.09031e-06
18722,5.07953e-06
18723,5.06891e-06
18724,5.0583e-06
18725,5.04702e-06
18726,5.03631e-06
18727,5.02496e-06
18728,5.01357e-06
18729,5.00222e-06
18730,4.99025e-06
18731,4.97873e-06
18732,4.96662e-06
18733,4.9544e-06
18734,4.94217e-06
18735,4.92922e-06
18736,4.91695e-06
18737,4.90372e-06
18738,4.89083e-06
18739,4.87751e-06
18740,4.86378e-06
18741,4.85035e-06
18742,4.83585e-06
18743,4.82222e-06
18744,4.80757e-06
18745,4.7931e-06
18746,4.77827e-06
18747,4.76299e-06
18748,4.74795e-06
18749,4.73185e-06
18750,4.7166e-06
18751,4.7001e-06
18752,4.68419e-06
18753,4.66743e-06
18754,4.65071e-06
18755,4.63368e-06
18756,4.61616e-06
18757,4.5989e-06
18758,4.58095e-06
18759,4.56306e-06
18760,4.5448e-06
18761,4.52611e-06
18762,4.50752e-06
18763,4.48803e-06
18764,4.4691e-06
18765,4.44882e-06
18766,4.42955e-06
18767,4.40877e-06
18768,4.38885e-06
18769,4.36773e-06
18770,4.34701e-06
18771,4.32554e-06
18772,4.30402e-06
18773,4.28221e-06
18774,4.26034e-06
18775,4.23776e-06
18776,4.21577e-06
18777,4.19293e-06
18778,4.17218e-06
18779,4.14945e-06
18780,4.1284e-06
18781,4.10535e-06
18782,4.0839e-06
18783,4.06029e-06
18784,4.03839e-06
18785,4.01454e-06
18786,3.99238e-06
18787,3.96805e-06
18788,3.94546e-06
18789,3.92061e-06
18790,3.89761e-06
18791,3.87261e-06
18792,3.8492e-06
18793,3.82394e-06
18794,3.80013e-06
18795,3.78859e-06
18796,3.79999e-06
18797,3.8067e-06
18798,3.81778e-06
18799,3.82419e-06
18800,3.83496e-06
18801,3.84107e-06
18802,3.85152e-06
18803,3.85809e-06
18804,3.86746e-06
18805,3.87484e-06
18806,3.88278e-06
18807,3.89102e-06
18808,3.89747e-06
18809,3.90664e-06
18810,3.912e-06
18811,3.92169e-06
18812,3.92678e-06
18813,3.93619e-06
18814,3.94099e-06
18815,3.95013e-06
18816,3.95512e-06
18817,3.96352e-06
18818,3.96976e-06
18819,3.97958e-06
18820,4.0086e-06
18821,4.03554e-06
18822,4.06532e-06
18823,4.0924e-06
18824,4.12235e-06
18825,4.15011e-06
18826,4.17967e-06
18827,4.20814e-06
18828,4.23727e-06
18829,4.26647e-06
18830,4.29513e-06
18831,4.32509e-06
18832,4.35325e-06
18833,4.38398e-06
18834,4.41182e-06
18835,4.44313e-06
18836,4.47177e-06
18837,4.50252e-06
18838,4.53222e-06
18839,4.56214e-06
18840,4.59321e-06
18841,4.62199e-06
18842,4.65446e-06
18843,4.68408e-06
18844,4.71593e-06
18845,4.74642e-06
18846,4.7776e-06
18847,4.80897e-06
18848,4.83946e-06
18849,4.87171e-06
18850,4.90148e-06
18851,4.93463e-06
18852,4.96563e-06
18853,4.99776e-06
18854,5.03015e-06
18855,5.06154e-06
18856,5.0948e-06
18857,5.12542e-06
18858,5.15955e-06
18859,5.18984e-06
18860,5.22436e-06
18861,5.25548e-06
18862,5.28919e-06
18863,5.32131e-06
18864,5.35402e-06
18865,5.38749e-06
18866,5.41881e-06
18867,5.45362e-06
18868,5.48462e-06
18869,5.51964e-06
18870,5.55135e-06
18871,5.58552e-06
18872,5.61791e-06
18873,5.65122e-06
18874,5.68426e-06
18875,5.71667e-06
18876,5.75035e-06
18877,5.78185e-06
18878,5.8164e-06
18879,5.84722e-06
18880,5.88225e-06
18881,5.91353e-06
18882,5.94767e-06
18883,5.97938e-06
18884,6.01262e-06
18885,6.04473e-06
18886,6.07705e-06
18887,6.10951e-06
18888,6.1409e-06
18889,6.17368e-06
18890,6.20412e-06
18891,6.23718e-06
18892,6.26667e-06
18893,6.29995e-06
18894,6.32857e-06
18895,6.36196e-06
18896,6.39016e-06
18897,6.42313e-06
18898,6.45101e-06
18899,6.48343e-06
18900,6.51147e-06
18901,6.54279e-06
18902,6.57092e-06
18903,6.60117e-06
18904,6.62933e-06
18905,6.65852e-06
18906,6.68663e-06
18907,6.71478e-06
18908,6.74279e-06
18909,6.76992e-06
18910,6.79774e-06
18911,6.82389e-06
18912,6.85146e-06
18913,6.87664e-06
18914,6.90388e-06
18915,6.92809e-06
18916,6.95497e-06
18917,6.97825e-06
18918,7.00469e-06
18919,7.02707e-06
18920,7.05299e-06
18921,7.07449e-06
18922,7.09985e-06
18923,7.1205e-06
18924,7.14522e-06
18925,7.16504e-06
18926,7.18907e-06
18927,7.2081e-06
18928,7.23137e-06
18929,7.24963e-06
18930,7.27209e-06
18931,7.28961e-06
18932,7.31132e-06
18933,7.32802e-06
18934,7.34903e-06
18935,7.36483e-06
18936,7.38511e-06
18937,7.40001e-06
18938,7.41953e-06
18939,7.43356e-06
18940,7.45228e-06
18941,7.46546e-06
18942,7.48335e-06
18943,7.49568e-06
18944,7.51272e-06
18945,7.5242e-06
18946,7.54038e-06
18947,7.55105e-06
18948,7.56633e-06
18949,7.5762e-06
18950,7.59055e-06
18951,7.59964e-06
18952,7.61306e-06
18953,7.62139e-06
18954,7.63384e-06
18955,7.64143e-06
18956,7.6529e-06
18957,7.65977e-06
18958,7.67024e-06
18959,7.67642e-06
18960,7.68588e-06
18961,7.69138e-06
18962,7.69982e-06
18963,7.70467e-06
18964,7.71207e-06
18965,7.71665e-06
18966,7.72265e-06
18967,7.72703e-06
18968,7.73175e-06
18969,7.73578e-06
18970,7.73942e-06
18971,7.74291e-06
18972,7.74547e-06
18973,7.74846e-06
18974,7.74993e-06
18975,7.75244e-06
18976,7.75282e-06
18977,7.75486e-06
18978,7.75415e-06
18979,7.75577e-06
18980,7.75396e-06
18981,7.75518e-06
18982,7.75228e-06
18983,7.75312e-06
18984,7.74922e-06
18985,7.74962e-06
18986,7.74502e-06
18987,7.74471e-06
18988,7.73942e-06
18989,7.73843e-06
18990,7.73246e-06
18991,7.73081e-06
18992,7.72507e-06
18993,7.7222e-06
18994,7.71639e-06
18995,7.7124e-06
18996,7.70646e-06
18997,7.70136e-06
18998,7.69532e-06
18999,7.68912e-06
19000,7.683e-06
19001,7.6757e-06
19002,7.66954e-06
19003,7.66116e-06
19004,7.65497e-06
19005,7.64552e-06
19006,7.63934e-06
19007,7.62883e-06
19008,7.62269e-06
19009,7.61159e-06
19010,7.60504e-06
19011,7.59355e-06
19012,7.58645e-06
19013,7.57552e-06
19014,7.56695e-06
19015,7.55665e-06
19016,7.54658e-06
19017,7.53694e-06
19018,7.52579e-06
19019,7.51642e-06
19020,7.50423e-06
19021,7.49514e-06
19022,7.48211e-06
19023,7.47313e-06
19024,7.45976e-06
19025,7.45043e-06
19026,7.43739e-06
19027,7.42709e-06
19028,7.41445e-06
19029,7.40314e-06
19030,7.39093e-06
19031,7.37863e-06
19032,7.36687e-06
19033,7.35359e-06
19034,7.34266e-06
19035,7.32888e-06
19036,7.31813e-06
19037,7.30493e-06
19038,7.29317e-06
19039,7.28058e-06
19040,7.26782e-06
19041,7.25587e-06
19042,7.24213e-06
19043,7.23083e-06
19044,7.21613e-06
19045,7.20549e-06
19046,7.19152e-06
19047,7.17991e-06
19048,7.16669e-06
19049,7.1541e-06
19050,7.14165e-06
19051,7.12812e-06
19052,7.11686e-06
19053,7.10371e-06
19054,7.09212e-06
19055,7.07986e-06
19056,7.06728e-06
19057,7.05594e-06
19058,7.04239e-06
19059,7.03198e-06
19060,7.01914e-06
19061,7.00801e-06
19062,6.99617e-06
19063,7.00112e-06
19064,7.00376e-06
19065,7.01104e-06
19066,7.01305e-06
19067,7.01967e-06
19068,7.02104e-06
19069,7.02711e-06
19070,7.02803e-06
19071,7.03358e-06
19072,7.03417e-06
19073,7.03872e-06
19074,7.0391e-06
19075,7.04251e-06
19076,7.04267e-06
19077,7.04496e-06
19078,7.04487e-06
19079,7.04604e-06
19080,7.046e-06
19081,7.04577e-06
19082,7.04582e-06
19083,7.04414e-06
19084,7.04425e-06
19085,7.04124e-06
19086,7.04129e-06
19087,7.03722e-06
19088,7.03695e-06
19089,7.03197e-06
19090,7.03122e-06
19091,7.02556e-06
19092,7.02412e-06
19093,7.01777e-06
19094,7.01565e-06
19095,7.00862e-06
19096,7.00582e-06
19097,6.99812e-06
19098,6.99464e-06
19099,6.98627e-06
19100,6.98213e-06
19101,6.97309e-06
19102,6.9683e-06
19103,6.95869e-06
19104,6.95334e-06
19105,6.94307e-06
19106,6.93708e-06
19107,6.92616e-06
19108,6.91952e-06
19109,6.90798e-06
19110,6.9007e-06
19111,6.88853e-06
19112,6.88063e-06
19113,6.86785e-06
19114,6.85934e-06
19115,6.84595e-06
19116,6.83684e-06
19117,6.82286e-06
19118,6.81316e-06
19119,6.79861e-06
19120,6.78834e-06
19121,6.77322e-06
19122,6.76239e-06
19123,6.74672e-06
19124,6.73534e-06
19125,6.71914e-06
19126,6.70722e-06
19127,6.6905e-06
19128,6.67807e-06
19129,6.66083e-06
19130,6.6479e-06
19131,6.63017e-06
19132,6.61675e-06
19133,6.60973e-06
19134,6.60846e-06
19135,6.60648e-06
19136,6.60475e-06
19137,6.60296e-06
19138,6.60081e-06
19139,6.59916e-06
19140,6.5966e-06
19141,6.59504e-06
19142,6.59211e-06
19143,6.59059e-06
19144,6.58732e-06
19145,6.58577e-06
19146,6.58219e-06
19147,6.58057e-06
19148,6.5767e-06
19149,6.57496e-06
19150,6.57082e-06
19151,6.56892e-06
19152,6.56454e-06
19153,6.56241e-06
19154,6.55783e-06
19155,6.55542e-06
19156,6.55065e-06
19157,6.54792e-06
19158,6.543e-06
19159,6.5399e-06
19160,6.53484e-06
19161,6.53132e-06
19162,6.52615e-06
19163,6.52216e-06
19164,6.51691e-06
19165,6.51241e-06
19166,6.50709e-06
19167,6.50203e-06
19168,6.49667e-06
19169,6.49102e-06
19170,6.48564e-06
19171,6.47934e-06
19172,6.47396e-06
19173,6.46699e-06
19174,6.46163e-06
19175,6.45393e-06
19176,6.44861e-06
19177,6.44016e-06
19178,6.43489e-06
19179,6.42643e-06
19180,6.42046e-06
19181,6.41208e-06
19182,6.40528e-06
19183,6.397e-06
19184,6.38936e-06
19185,6.38118e-06
19186,6.37266e-06
19187,6.36461e-06
19188,6.35518e-06
19189,6.34727e-06
19190,6.3369e-06
19191,6.32914e-06
19192,6.31839e-06
19193,6.31021e-06
19194,6.29963e-06
19195,6.29046e-06
19196,6.28006e-06
19197,6.26989e-06
19198,6.25968e-06
19199,6.24847e-06
19200,6.23846e-06
19201,6.22621e-06
19202,6.2164e-06
19203,6.20377e-06
19204,6.19348e-06
19205,6.18107e-06
19206,6.1697e-06
19207,6.15752e-06
19208,6.14505e-06
19209,6.13309e-06
19210,6.11951e-06
19211,6.10778e-06
19212,6.09412e-06
19213,6.08159e-06
19214,6.06794e-06
19215,6.0545e-06
19216,6.04088e-06
19217,6.02711e-06
19218,6.01292e-06
19219,5.9994e-06
19220,5.98476e-06
19221,5.9708e-06
19222,5.9557e-06
19223,5.94129e-06
19224,5.92574e-06
19225,5.91087e-06
19226,5.89528e-06
19227,5.87954e-06
19228,5.86419e-06
19229,5.84769e-06
19230,5.83219e-06
19231,5.81523e-06
19232,5.79927e-06
19233,5.78185e-06
19234,5.76543e-06
19235,5.74798e-06
19236,5.73069e-06
19237,5.71345e-06
19238,5.69508e-06
19239,5.67799e-06
19240,5.65917e-06
19241,5.64162e-06
19242,5.62234e-06
19243,5.60435e-06
19244,5.58493e-06
19245,5.56617e-06
19246,5.54692e-06
19247,5.52711e-06
19248,5.50802e-06
19249,5.48734e-06
19250,5.46822e-06
19251,5.4471e-06
19252,5.42755e-06
19253,5.40599e-06
19254,5.386e-06
19255,5.36455e-06
19256,5.34361e-06
19257,5.32227e-06
19258,5.30038e-06
19259,5.27914e-06
19260,5.25635e-06
19261,5.23518e-06
19262,5.21254e-06
19263,5.19043e-06
19264,5.16793e-06
19265,5.14497e-06
19266,5.12253e-06
19267,5.09877e-06
19268,5.07637e-06
19269,5.05184e-06
19270,5.02947e-06
19271,5.00421e-06
19272,4.98186e-06
19273,4.9564e-06
19274,4.93357e-06
19275,4.90812e-06
19276,4.88461e-06
19277,4.85917e-06
19278,4.83504e-06
19279,4.80958e-06
19280,4.78486e-06
19281,4.75939e-06
19282,4.73412e-06
19283,4.70862e-06
19284,4.68285e-06
19285,4.65731e-06
19286,4.63109e-06
19287,4.60549e-06
19288,4.57886e-06
19289,4.5532e-06
19290,4.52621e-06
19291,4.50048e-06
19292,4.47316e-06
19293,4.44737e-06
19294,4.41976e-06
19295,4.39389e-06
19296,4.36605e-06
19297,4.34009e-06
19298,4.31206e-06
19299,4.28601e-06
19300,4.25784e-06
19301,4.23169e-06
19302,4.20341e-06
19303,4.17717e-06
19304,4.14883e-06
19305,4.12249e-06
19306,4.09413e-06
19307,4.06768e-06
19308,4.03934e-06
19309,4.01279e-06
19310,3.98451e-06
19311,3.95786e-06
19312,3.92969e-06
19313,3.90293e-06
19314,3.87489e-06
19315,3.84804e-06
19316,3.82018e-06
19317,3.79323e-06
19318,3.77369e-06
19319,3.7992e-06
19320,3.82255e-06
19321,3.84889e-06
19322,3.87075e-06
19323,3.89787e-06
19324,3.91826e-06
19325,3.9461e-06
19326,3.96706e-06
19327,3.99354e-06
19328,4.01507e-06
19329,4.04016e-06
19330,4.06219e-06
19331,4.08593e-06
19332,4.1084e-06
19333,4.1308e-06
19334,4.15365e-06
19335,4.17476e-06
19336,4.19793e-06
19337,4.21777e-06
19338,4.24119e-06
19339,4.25979e-06
19340,4.28341e-06
19341,4.30082e-06
19342,4.32456e-06
19343,4.34148e-06
19344,4.36463e-06
19345,4.38142e-06
19346,4.40358e-06
19347,4.42017e-06
19348,4.4414e-06
19349,4.45774e-06
19350,4.47807e-06
19351,4.49415e-06
19352,4.51358e-06
19353,4.52944e-06
19354,4.5479e-06
19355,4.56349e-06
19356,4.58103e-06
19357,4.59631e-06
19358,4.61295e-06
19359,4.62787e-06
19360,4.64367e-06
19361,4.65818e-06
19362,4.67316e-06
19363,4.68723e-06
19364,4.70144e-06
19365,4.71503e-06
19366,4.72849e-06
19367,4.74156e-06
19368,4.75432e-06
19369,4.76683e-06
19370,4.78442e-06
19371,4.80138e-06
19372,4.81996e-06
19373,4.83581e-06
19374,4.85447e-06
19375,4.87021e-06
19376,4.8878e-06
19377,4.90361e-06
19378,4.92024e-06
19379,4.93581e-06
19380,4.95166e-06
19381,4.96686e-06
19382,4.98211e-06
19383,4.99714e-06
19384,5.01164e-06
19385,5.02623e-06
19386,5.04018e-06
19387,5.05413e-06
19388,5.06784e-06
19389,5.08128e-06
19390,5.09434e-06
19391,5.10732e-06
19392,5.12017e-06
19393,5.1322e-06
19394,5.14487e-06
19395,5.15619e-06
19396,5.16844e-06
19397,5.17931e-06
19398,5.19137e-06
19399,5.2013e-06
19400,5.21325e-06
19401,5.22219e-06
19402,5.23403e-06
19403,5.24256e-06
19404,5.25385e-06
19405,5.26219e-06
19406,5.27306e-06
19407,5.28134e-06
19408,5.29123e-06
19409,5.29947e-06
19410,5.30837e-06
19411,5.31659e-06
19412,5.3245e-06
19413,5.33269e-06
19414,5.34024e-06
19415,5.34808e-06
19416,5.35503e-06
19417,5.36287e-06
19418,5.36888e-06
19419,5.37672e-06
19420,5.38216e-06
19421,5.38965e-06
19422,5.39511e-06
19423,5.40169e-06
19424,5.40717e-06
19425,5.41306e-06
19426,5.41835e-06
19427,5.42401e-06
19428,5.42884e-06
19429,5.43414e-06
19430,5.43899e-06
19431,5.44347e-06
19432,5.44833e-06
19433,5.45202e-06
19434,5.45689e-06
19435,5.45984e-06
19436,5.4647e-06
19437,5.46745e-06
19438,5.47178e-06
19439,5.47454e-06
19440,5.47824e-06
19441,5.48091e-06
19442,5.4845e-06
19443,5.48661e-06
19444,5.49014e-06
19445,5.49178e-06
19446,5.49515e-06
19447,5.49668e-06
19448,5.49956e-06
19449,5.50104e-06
19450,5.50338e-06
19451,5.5048e-06
19452,5.50666e-06
19453,5.50801e-06
19454,5.50944e-06
19455,5.51067e-06
19456,5.51209e-06
19457,5.51282e-06
19458,5.51434e-06
19459,5.51448e-06
19460,5.51613e-06
19461,5.51578e-06
19462,5.51749e-06
19463,5.51689e-06
19464,5.51842e-06
19465,5.51766e-06
19466,5.51896e-06
19467,5.51827e-06
19468,5.51913e-06
19469,5.51867e-06
19470,5.51895e-06
19471,5.51874e-06
19472,5.51845e-06
19473,5.51849e-06
19474,5.51769e-06
19475,5.51794e-06
19476,5.51684e-06
19477,5.51712e-06
19478,5.51574e-06
19479,5.51604e-06
19480,5.51437e-06
19481,5.51472e-06
19482,5.513e-06
19483,5.51317e-06
19484,5.51175e-06
19485,5.5114e-06
19486,5.51028e-06
19487,5.50943e-06
19488,5.50862e-06
19489,5.50728e-06
19490,5.50676e-06
19491,5.50494e-06
19492,5.50471e-06
19493,5.50295e-06
19494,5.50249e-06
19495,5.50097e-06
19496,5.50009e-06
19497,5.49883e-06
19498,5.49752e-06
19499,5.49654e-06
19500,5.49479e-06
19501,5.49409e-06
19502,5.4919e-06
19503,5.49148e-06
19504,5.48884e-06
19505,5.48872e-06
19506,5.48631e-06
19507,5.4858e-06
19508,5.4837e-06
19509,5.48271e-06
19510,5.48093e-06
19511,5.47946e-06
19512,5.47799e-06
19513,5.47603e-06
19514,5.47487e-06
19515,5.47241e-06
19516,5.47156e-06
19517,5.4686e-06
19518,5.46805e-06
19519,5.46493e-06
19520,5.46433e-06
19521,5.46149e-06
19522,5.46038e-06
19523,5.45782e-06
19524,5.45619e-06
19525,5.45389e-06
19526,5.45174e-06
19527,5.44969e-06
19528,5.44702e-06
19529,5.4452e-06
19530,5.44203e-06
19531,5.44041e-06
19532,5.43714e-06
19533,5.43529e-06
19534,5.43194e-06
19535,5.42982e-06
19536,5.42642e-06
19537,5.42431e-06
19538,5.42054e-06
19539,5.41859e-06
19540,5.4143e-06
19541,5.41247e-06
19542,5.40766e-06
19543,5.40594e-06
19544,5.40097e-06
19545,5.39897e-06
19546,5.39405e-06
19547,5.39154e-06
19548,5.38664e-06
19549,5.38362e-06
19550,5.37872e-06
19551,5.37545e-06
19552,5.37027e-06
19553,5.3671e-06
19554,5.36125e-06
19555,5.35821e-06
19556,5.35213e-06
19557,5.34875e-06
19558,5.34257e-06
19559,5.33869e-06
19560,5.33238e-06
19561,5.328e-06
19562,5.32155e-06
19563,5.31689e-06
19564,5.31004e-06
19565,5.30558e-06
19566,5.29783e-06
19567,5.29357e-06
19568,5.28551e-06
19569,5.28085e-06
19570,5.27253e-06
19571,5.26738e-06
19572,5.25886e-06
19573,5.25315e-06
19574,5.24485e-06
19575,5.2388e-06
19576,5.23005e-06
19577,5.22368e-06
19578,5.21444e-06
19579,5.20773e-06
19580,5.19805e-06
19581,5.19092e-06
19582,5.18147e-06
19583,5.17323e-06
19584,5.16401e-06
19585,5.15535e-06
19586,5.14564e-06
19587,5.13655e-06
19588,5.12634e-06
19589,5.1168e-06
19590,5.10644e-06
19591,5.09608e-06
19592,5.08593e-06
19593,5.07465e-06
19594,5.06443e-06
19595,5.05263e-06
19596,5.04191e-06
19597,5.02958e-06
19598,5.01854e-06
19599,5.00548e-06
19600,4.99461e-06
19601,4.98035e-06
19602,4.96962e-06
19603,4.95477e-06
19604,4.94353e-06
19605,4.92863e-06
19606,4.91658e-06
19607,4.90158e-06
19608,4.88891e-06
19609,4.8734e-06
19610,4.86009e-06
19611,4.84456e-06
19612,4.83014e-06
19613,4.8147e-06
19614,4.79947e-06
19615,4.78366e-06
19616,4.76777e-06
19617,4.75196e-06
19618,4.73489e-06
19619,4.71913e-06
19620,4.701e-06
19621,4.68527e-06
19622,4.66628e-06
19623,4.65058e-06
19624,4.63124e-06
19625,4.61467e-06
19626,4.59588e-06
19627,4.57795e-06
19628,4.55931e-06
19629,4.54014e-06
19630,4.52198e-06
19631,4.50191e-06
19632,4.48349e-06
19633,4.46403e-06
19634,4.44377e-06
19635,4.42491e-06
19636,4.40469e-06
19637,4.38455e-06
19638,4.36503e-06
19639,4.34427e-06
19640,4.32413e-06
19641,4.30355e-06
19642,4.28288e-06
19643,4.2619e-06
19644,4.24178e-06
19645,4.22057e-06
19646,4.19948e-06
19647,4.18253e-06
19648,4.17025e-06
19649,4.15874e-06
19650,4.14771e-06
19651,4.13424e-06
19652,4.12448e-06
19653,4.11129e-06
19654,4.10055e-06
19655,4.08791e-06
19656,4.07589e-06
19657,4.06383e-06
19658,4.05052e-06
19659,4.03945e-06
19660,4.0251e-06
19661,4.01453e-06
19662,4.00075e-06
19663,3.98887e-06
19664,3.97568e-06
19665,3.96248e-06
19666,3.94989e-06
19667,3.93534e-06
19668,3.92337e-06
19669,3.90746e-06
19670,3.89613e-06
19671,3.8805e-06
19672,3.86839e-06
19673,3.85368e-06
19674,3.84019e-06
19675,3.82615e-06
19676,3.81126e-06
19677,3.79791e-06
19678,3.7816e-06
19679,3.76897e-06
19680,3.75122e-06
19681,3.73931e-06
19682,3.72206e-06
19683,3.70897e-06
19684,3.69249e-06
19685,3.67793e-06
19686,3.66226e-06
19687,3.64621e-06
19688,3.63145e-06
19689,3.61413e-06
19690,3.60041e-06
19691,3.58159e-06
19692,3.56875e-06
19693,3.55009e-06
19694,3.53647e-06
19695,3.54175e-06
19696,3.56583e-06
19697,3.58837e-06
19698,3.61224e-06
19699,3.63467e-06
19700,3.65833e-06
19701,3.68063e-06
19702,3.70408e-06
19703,3.7262e-06
19704,3.74945e-06
19705,3.77137e-06
19706,3.79443e-06
19707,3.81611e-06
19708,3.83898e-06
19709,3.8604e-06
19710,3.88308e-06
19711,3.90423e-06
19712,3.92672e-06
19713,3.94756e-06
19714,3.96988e-06
19715,3.99039e-06
19716,4.01254e-06
19717,4.03269e-06
19718,4.05469e-06
19719,4.07447e-06
19720,4.09631e-06
19721,4.11571e-06
19722,4.13741e-06
19723,4.15639e-06
19724,4.17796e-06
19725,4.19652e-06
19726,4.21796e-06
19727,4.23616e-06
19728,4.25741e-06
19729,4.27552e-06
19730,4.29631e-06
19731,4.31435e-06
19732,4.33466e-06
19733,4.35263e-06
19734,4.37245e-06
19735,4.39037e-06
19736,4.40969e-06
19737,4.42758e-06
19738,4.4465e-06
19739,4.46426e-06
19740,4.48314e-06
19741,4.50052e-06
19742,4.51925e-06
19743,4.53637e-06
19744,4.55484e-06
19745,4.5717e-06
19746,4.58992e-06
19747,4.60669e-06
19748,4.62449e-06
19749,4.64134e-06
19750,4.65857e-06
19751,4.67552e-06
19752,4.69216e-06
19753,4.70923e-06
19754,4.72527e-06
19755,4.74247e-06
19756,4.75805e-06
19757,4.77527e-06
19758,4.79063e-06
19759,4.80763e-06
19760,4.82277e-06
19761,4.83957e-06
19762,4.85492e-06
19763,4.87108e-06
19764,4.88668e-06
19765,4.90219e-06
19766,4.91806e-06
19767,4.93291e-06
19768,4.94905e-06
19769,4.9634e-06
19770,4.97967e-06
19771,4.99392e-06
19772,5.00993e-06
19773,5.02452e-06
19774,5.03985e-06
19775,5.05479e-06
19776,5.06997e-06
19777,5.08478e-06
19778,5.09976e-06
19779,5.11494e-06
19780,5.1292e-06
19781,5.14477e-06
19782,5.15854e-06
19783,5.17427e-06
19784,5.18845e-06
19785,5.20345e-06
19786,5.21805e-06
19787,5.23231e-06
19788,5.24732e-06
19789,5.26085e-06
19790,5.27628e-06
19791,5.28992e-06
19792,5.30491e-06
19793,5.31897e-06
19794,5.33321e-06
19795,5.3477e-06
19796,5.3612e-06
19797,5.3761e-06
19798,5.38913e-06
19799,5.40416e-06
19800,5.4176e-06
19801,5.43187e-06
19802,5.44571e-06
19803,5.45924e-06
19804,5.47346e-06
19805,5.48625e-06
19806,5.50084e-06
19807,5.51341e-06
19808,5.52784e-06
19809,5.54075e-06
19810,5.55444e-06
19811,5.56767e-06
19812,5.58065e-06
19813,5.59418e-06
19814,5.60645e-06
19815,5.62026e-06
19816,5.63212e-06
19817,5.64589e-06
19818,5.6582e-06
19819,5.67113e-06
19820,5.68376e-06
19821,5.696e-06
19822,5.70881e-06
19823,5.72037e-06
19824,5.73333e-06
19825,5.74422e-06
19826,5.7573e-06
19827,5.76792e-06
19828,5.78072e-06
19829,5.79141e-06
19830,5.80357e-06
19831,5.8143e-06
19832,5.82585e-06
19833,5.83659e-06
19834,5.84754e-06
19835,5.85826e-06
19836,5.86863e-06
19837,5.87931e-06
19838,5.88912e-06
19839,5.89972e-06
19840,5.90899e-06
19841,5.91949e-06
19842,5.92825e-06
19843,5.93862e-06
19844,5.94688e-06
19845,5.95708e-06
19846,5.96488e-06
19847,5.97489e-06
19848,5.98224e-06
19849,5.99204e-06
19850,5.99897e-06
19851,6.00852e-06
19852,6.01511e-06
19853,6.02434e-06
19854,6.03081e-06
19855,6.03949e-06
19856,6.04589e-06
19857,6.05398e-06
19858,6.06035e-06
19859,6.06808e-06
19860,6.0742e-06
19861,6.08157e-06
19862,6.08745e-06
19863,6.09442e-06
19864,6.10009e-06
19865,6.10665e-06
19866,6.11213e-06
19867,6.11827e-06
19868,6.12359e-06
19869,6.12928e-06
19870,6.13447e-06
19871,6.13969e-06
19872,6.14479e-06
19873,6.14952e-06
19874,6.15455e-06
19875,6.15879e-06
19876,6.16377e-06
19877,6.1675e-06
19878,6.17247e-06
19879,6.17567e-06
19880,6.18066e-06
19881,6.18332e-06
19882,6.18836e-06
19883,6.19111e-06
19884,6.19559e-06
19885,6.19845e-06
19886,6.20237e-06
19887,6.20543e-06
19888,6.20871e-06
19889,6.21249e-06
19890,6.21495e-06
19891,6.22032e-06
19892,6.23074e-06
19893,6.24518e-06
19894,6.2554e-06
19895,6.26962e-06
19896,6.27965e-06
19897,6.29383e-06
19898,6.30371e-06
19899,6.31764e-06
19900,6.32727e-06
19901,6.34094e-06
19902,6.35029e-06
19903,6.36367e-06
19904,6.37275e-06
19905,6.38583e-06
19906,6.39475e-06
19907,6.40736e-06
19908,6.41607e-06
19909,6.42824e-06
19910,6.43668e-06
19911,6.44844e-06
19912,6.45654e-06
19913,6.46792e-06
19914,6.47562e-06
19915,6.48664e-06
19916,6.49388e-06
19917,6.50458e-06
19918,6.51129e-06
19919,6.52169e-06
19920,6.52787e-06
19921,6.53795e-06
19922,6.54369e-06
19923,6.55332e-06
19924,6.5586e-06
19925,6.56776e-06
19926,6.57257e-06
19927,6.58125e-06
19928,6.58557e-06
19929,6.59375e-06
19930,6.59757e-06
19931,6.60523e-06
19932,6.60853e-06
19933,6.61566e-06
19934,6.61842e-06
19935,6.625e-06
19936,6.62721e-06
19937,6.63323e-06
19938,6.63488e-06
19939,6.64033e-06
19940,6.64147e-06
19941,6.64625e-06
19942,6.64731e-06
19943,6.65098e-06
19944,6.65197e-06
19945,6.65448e-06
19946,6.65542e-06
19947,6.65675e-06
19948,6.65764e-06
19949,6.65775e-06
19950,6.65861e-06
19951,6.65746e-06
19952,6.65829e-06
19953,6.65587e-06
19954,6.65668e-06
19955,6.65309e-06
19956,6.65376e-06
19957,6.6496e-06
19958,6.64967e-06
19959,6.6449e-06
19960,6.6443e-06
19961,6.63887e-06
19962,6.63759e-06
19963,6.63149e-06
19964,6.62954e-06
19965,6.62275e-06
19966,6.62012e-06
19967,6.61281e-06
19968,6.60934e-06
19969,6.60208e-06
19970,6.59718e-06
19971,6.58998e-06
19972,6.58366e-06
19973,6.57653e-06
19974,6.56876e-06
19975,6.56197e-06
19976,6.55249e-06
19977,6.54616e-06
19978,6.53537e-06
19979,6.52902e-06
19980,6.51789e-06
19981,6.52109e-06
19982,6.52521e-06
19983,6.52813e-06
19984,6.53246e-06
19985,6.5351e-06
19986,6.5396e-06
19987,6.54259e-06
19988,6.54664e-06
19989,6.55006e-06
19990,6.55355e-06
19991,6.55742e-06
19992,6.56041e-06
19993,6.56465e-06
19994,6.56728e-06
19995,6.57173e-06
19996,6.57447e-06
19997,6.57864e-06
19998,6.58189e-06
19999,6.58545e-06
20000,6.58912e-06
20001,6.59229e-06
20002,6.59616e-06
20003,6.5989e-06
20004,6.60302e-06
20005,6.60558e-06
20006,6.60991e-06
20007,6.61268e-06
20008,6.61655e-06
20009,6.61973e-06
20010,6.6229e-06
20011,6.62661e-06
20012,6.62892e-06
20013,6.63317e-06
20014,6.63526e-06
20015,6.63939e-06
20016,6.64199e-06
20017,6.64524e-06
20018,6.64836e-06
20019,6.65069e-06
20020,6.65433e-06
20021,6.65571e-06
20022,6.65987e-06
20023,6.66165e-06
20024,6.66495e-06
20025,6.66722e-06
20026,6.66955e-06
20027,6.67231e-06
20028,6.67363e-06
20029,6.67688e-06
20030,6.67752e-06
20031,6.6809e-06
20032,6.682e-06
20033,6.68434e-06
20034,6.6859e-06
20035,6.68718e-06
20036,6.6892e-06
20037,6.68938e-06
20038,6.69185e-06
20039,6.69145e-06
20040,6.69384e-06
20041,6.69387e-06
20042,6.69514e-06
20043,6.69559e-06
20044,6.69573e-06
20045,6.69659e-06
20046,6.69557e-06
20047,6.69684e-06
20048,6.69498e-06
20049,6.69632e-06
20050,6.69485e-06
20051,6.69501e-06
20052,6.69392e-06
20053,6.69288e-06
20054,6.69217e-06
20055,6.68991e-06
20056,6.68958e-06
20057,6.68608e-06
20058,6.68612e-06
20059,6.68281e-06
20060,6.68178e-06
20061,6.6791e-06
20062,6.67681e-06
20063,6.67449e-06
20064,6.67093e-06
20065,6.66895e-06
20066,6.66412e-06
20067,6.66246e-06
20068,6.6572e-06
20069,6.65501e-06
20070,6.65006e-06
20071,6.64658e-06
20072,6.64194e-06
20073,6.63716e-06
20074,6.63282e-06
20075,6.62674e-06
20076,6.62269e-06
20077,6.6153e-06
20078,6.61153e-06
20079,6.60387e-06
20080,6.59934e-06
20081,6.59195e-06
20082,6.58611e-06
20083,6.57897e-06
20084,6.57182e-06
20085,6.56493e-06
20086,6.55646e-06
20087,6.54982e-06
20088,6.54003e-06
20089,6.53362e-06
20090,6.52301e-06
20091,6.51632e-06
20092,6.50592e-06
20093,6.49793e-06
20094,6.48773e-06
20095,6.47843e-06
20096,6.46841e-06
20097,6.45781e-06
20098,6.44797e-06
20099,6.43608e-06
20100,6.4264e-06
20101,6.41323e-06
20102,6.40368e-06
20103,6.38968e-06
20104,6.37983e-06
20105,6.36598e-06
20106,6.35483e-06
20107,6.3412e-06
20108,6.32868e-06
20109,6.31525e-06
20110,6.30138e-06
20111,6.28812e-06
20112,6.27299e-06
20113,6.25981e-06
20114,6.24348e-06
20115,6.23032e-06
20116,6.21281e-06
20117,6.19965e-06
20118,6.18151e-06
20119,6.16779e-06
20120,6.14961e-06
20121,6.13475e-06
20122,6.11651e-06
20123,6.10054e-06
20124,6.08222e-06
20125,6.06515e-06
20126,6.04672e-06
20127,6.02859e-06
20128,6.01003e-06
20129,5.99085e-06
20130,5.97215e-06
20131,5.95196e-06
20132,5.93309e-06
20133,5.91192e-06
20134,5.89285e-06
20135,5.87072e-06
20136,5.85144e-06
20137,5.82839e-06
20138,5.80887e-06
20139,5.78493e-06
20140,5.76515e-06
20141,5.74036e-06
20142,5.72029e-06
20143,5.69486e-06
20144,5.67431e-06
20145,5.64845e-06
20146,5.62722e-06
20147,5.60102e-06
20148,5.57903e-06
20149,5.55248e-06
20150,5.52976e-06
20151,5.50284e-06
20152,5.47943e-06
20153,5.45212e-06
20154,5.42806e-06
20155,5.40034e-06
20156,5.37568e-06
20157,5.34752e-06
20158,5.32229e-06
20159,5.29369e-06
20160,5.26793e-06
20161,5.23887e-06
20162,5.21262e-06
20163,5.18309e-06
20164,5.15639e-06
20165,5.12637e-06
20166,5.09926e-06
20167,5.06875e-06
20168,5.04127e-06
20169,5.01025e-06
20170,4.98244e-06
20171,4.9509e-06
20172,4.92281e-06
20173,4.89074e-06
20174,4.86242e-06
20175,4.82981e-06
20176,4.80128e-06
20177,4.76851e-06
20178,4.73945e-06
20179,4.70679e-06
20180,4.677e-06
20181,4.64446e-06
20182,4.61406e-06
20183,4.58156e-06
20184,4.55055e-06
20185,4.51812e-06
20186,4.4865e-06
20187,4.4542e-06
20188,4.42196e-06
20189,4.38982e-06
20190,4.35696e-06
20191,4.32503e-06
20192,4.29156e-06
20193,4.25988e-06
20194,4.22579e-06
20195,4.1944e-06
20196,4.15971e-06
20197,4.12864e-06
20198,4.09363e-06
20199,4.06265e-06
20200,4.02807e-06
20201,3.99647e-06
20202,3.96236e-06
20203,3.93015e-06
20204,3.89687e-06
20205,3.86373e-06
20206,3.83137e-06
20207,3.79725e-06
20208,3.76586e-06
20209,3.73172e-06
20210,3.70037e-06
20211,3.66694e-06
20212,3.63497e-06
20213,3.64967e-06
20214,3.6754e-06
20215,3.69692e-06
20216,3.72253e-06
20217,3.74366e-06
20218,3.76913e-06
20219,3.78988e-06
20220,3.81516e-06
20221,3.83564e-06
20222,3.86062e-06
20223,3.88093e-06
20224,3.90547e-06
20225,3.92564e-06
20226,3.94969e-06
20227,3.96973e-06
20228,3.99327e-06
20229,4.01318e-06
20230,4.03617e-06
20231,4.05596e-06
20232,4.07838e-06
20233,4.09807e-06
20234,4.12006e-06
20235,4.13946e-06
20236,4.16102e-06
20237,4.18013e-06
20238,4.20122e-06
20239,4.22006e-06
20240,4.24065e-06
20241,4.25922e-06
20242,4.27928e-06
20243,4.29759e-06
20244,4.3171e-06
20245,4.33516e-06
20246,4.35408e-06
20247,4.37191e-06
20248,4.39021e-06
20249,4.40801e-06
20250,4.42548e-06
20251,4.44326e-06
20252,4.45986e-06
20253,4.47763e-06
20254,4.49334e-06
20255,4.51112e-06
20256,4.52591e-06
20257,4.54369e-06
20258,4.55761e-06
20259,4.57535e-06
20260,4.58861e-06
20261,4.60607e-06
20262,4.61922e-06
20263,4.63585e-06
20264,4.64902e-06
20265,4.66466e-06
20266,4.67787e-06
20267,4.69251e-06
20268,4.70575e-06
20269,4.71948e-06
20270,4.73265e-06
20271,4.74558e-06
20272,4.75856e-06
20273,4.77068e-06
20274,4.78348e-06
20275,4.79478e-06
20276,4.80739e-06
20277,4.81786e-06
20278,4.8303e-06
20279,4.83993e-06
20280,4.85241e-06
20281,4.86132e-06
20282,4.8735e-06
20283,4.88222e-06
20284,4.89356e-06
20285,4.90209e-06
20286,4.91259e-06
20287,4.92092e-06
20288,4.93058e-06
20289,4.93896e-06
20290,4.94768e-06
20291,4.95596e-06
20292,4.96387e-06
20293,4.97193e-06
20294,4.97903e-06
20295,4.987e-06
20296,4.99316e-06
20297,5.00116e-06
20298,5.00649e-06
20299,5.01448e-06
20300,5.02024e-06
20301,5.02706e-06
20302,5.03358e-06
20303,5.0399e-06
20304,5.04593e-06
20305,5.0526e-06
20306,5.05883e-06
20307,5.06433e-06
20308,5.07094e-06
20309,5.0759e-06
20310,5.0821e-06
20311,5.08729e-06
20312,5.0923e-06
20313,5.09773e-06
20314,5.10295e-06
20315,5.10741e-06
20316,5.11275e-06
20317,5.11654e-06
20318,5.12164e-06
20319,5.12553e-06
20320,5.12965e-06
20321,5.13365e-06
20322,5.13679e-06
20323,5.14091e-06
20324,5.14397e-06
20325,5.14733e-06
20326,5.15077e-06
20327,5.15315e-06
20328,5.15676e-06
20329,5.15934e-06
20330,5.16196e-06
20331,5.16475e-06
20332,5.16643e-06
20333,5.1694e-06
20334,5.17133e-06
20335,5.1733e-06
20336,5.1755e-06
20337,5.17671e-06
20338,5.17897e-06
20339,5.18049e-06
20340,5.18185e-06
20341,5.18359e-06
20342,5.18451e-06
20343,5.18613e-06
20344,5.18733e-06
20345,5.18821e-06
20346,5.18953e-06
20347,5.19028e-06
20348,5.19118e-06
20349,5.19231e-06
20350,5.1925e-06
20351,5.19376e-06
20352,5.19443e-06
20353,5.19466e-06
20354,5.19581e-06
20355,5.19587e-06
20356,5.19666e-06
20357,5.19724e-06
20358,5.19701e-06
20359,5.19812e-06
20360,5.19798e-06
20361,5.19851e-06
20362,5.19894e-06
20363,5.19936e-06
20364,5.19943e-06
20365,5.20017e-06
20366,5.20042e-06
20367,5.20055e-06
20368,5.20141e-06
20369,5.2006e-06
20370,5.20197e-06
20371,5.2018e-06
20372,5.20212e-06
20373,5.20259e-06
20374,5.20283e-06
20375,5.20297e-06
20376,5.2036e-06
20377,5.20377e-06
20378,5.20407e-06
20379,5.20479e-06
20380,5.20549e-06
20381,5.20543e-06
20382,5.20652e-06
20383,5.20678e-06
20384,5.20715e-06
20385,5.20808e-06
20386,5.20834e-06
20387,5.20898e-06
20388,5.20962e-06
20389,5.20949e-06
20390,5.21051e-06
20391,5.21102e-06
20392,5.21241e-06
20393,5.21214e-06
20394,5.21389e-06
20395,5.21361e-06
20396,5.21494e-06
20397,5.21501e-06
20398,5.21558e-06
20399,5.21622e-06
20400,5.21709e-06
20401,5.21809e-06
20402,5.21818e-06
20403,5.21948e-06
20404,5.21901e-06
20405,5.22038e-06
20406,5.22019e-06
20407,5.22082e-06
20408,5.22087e-06
20409,5.22107e-06
20410,5.22167e-06
20411,5.22173e-06
20412,5.22253e-06
20413,5.22187e-06
20414,5.22285e-06
20415,5.22218e-06
20416,5.22262e-06
20417,5.2221e-06
20418,5.22186e-06
20419,5.22146e-06
20420,5.22076e-06
20421,5.22026e-06
20422,5.21964e-06
20423,5.21848e-06
20424,5.21794e-06
20425,5.21665e-06
20426,5.21565e-06
20427,5.21462e-06
20428,5.21292e-06
20429,5.21199e-06
20430,5.21027e-06
20431,5.20874e-06
20432,5.207e-06
20433,5.20489e-06
20434,5.2031e-06
20435,5.20092e-06
20436,5.19857e-06
20437,5.1963e-06
20438,5.19342e-06
20439,5.19104e-06
20440,5.18764e-06
20441,5.18514e-06
20442,5.18125e-06
20443,5.1786e-06
20444,5.17429e-06
20445,5.17143e-06
20446,5.16694e-06
20447,5.16363e-06
20448,5.15894e-06
20449,5.15519e-06
20450,5.15029e-06
20451,5.14613e-06
20452,5.141e-06
20453,5.13645e-06
20454,5.13108e-06
20455,5.12616e-06
20456,5.12052e-06
20457,5.11524e-06
20458,5.10933e-06
20459,5.10372e-06
20460,5.09752e-06
20461,5.09159e-06
20462,5.08509e-06
20463,5.07886e-06
20464,5.07204e-06
20465,5.06553e-06
20466,5.05837e-06
20467,5.0516e-06
20468,5.0441e-06
20469,5.03707e-06
20470,5.02922e-06
20471,5.02196e-06
20472,5.01378e-06
20473,5.00625e-06
20474,4.99788e-06
20475,4.98995e-06
20476,4.98138e-06
20477,4.97307e-06
20478,4.96428e-06
20479,4.9556e-06
20480,4.94658e-06
20481,4.93754e-06
20482,4.92829e-06
20483,4.9189e-06
20484,4.9094e-06
20485,4.89968e-06
20486,4.88992e-06
20487,4.87987e-06
20488,4.86984e-06
20489,4.85966e-06
20490,4.84916e-06
20491,4.83885e-06
20492,4.82798e-06
20493,4.81746e-06
20494,4.80646e-06
20495,4.79547e-06
20496,4.78436e-06
20497,4.77289e-06
20498,4.76166e-06
20499,4.7497e-06
20500,4.73837e-06
20501,4.72595e-06
20502,4.71448e-06
20503,4.70178e-06
20504,4.68999e-06
20505,4.67701e-06
20506,4.66488e-06
20507,4.65163e-06
20508,4.63917e-06
20509,4.62564e-06
20510,4.61282e-06
20511,4.59906e-06
20512,4.58586e-06
20513,4.57198e-06
20514,4.55825e-06
20515,4.54428e-06
20516,4.53001e-06
20517,4.51593e-06
20518,4.50112e-06
20519,4.48692e-06
20520,4.47196e-06
20521,4.45726e-06
20522,4.44218e-06
20523,4.42693e-06
20524,4.41173e-06
20525,4.39597e-06
20526,4.3806e-06
20527,4.36456e-06
20528,4.34877e-06
20529,4.33247e-06
20530,4.31625e-06
20531,4.29968e-06
20532,4.28303e-06
20533,4.26618e-06
20534,4.24908e-06
20535,4.23197e-06
20536,4.21441e-06
20537,4.19703e-06
20538,4.179e-06
20539,4.16136e-06
20540,4.14287e-06
20541,4.12494e-06
20542,4.10629e-06
20543,4.08778e-06
20544,4.06896e-06
20545,4.04985e-06
20546,4.03086e-06
20547,4.01115e-06
20548,3.99199e-06
20549,3.97182e-06
20550,3.95234e-06
20551,3.93198e-06
20552,3.9119e-06
20553,3.89135e-06
20554,3.87068e-06
20555,3.84994e-06
20556,3.82865e-06
20557,3.80772e-06
20558,3.78583e-06
20559,3.7647e-06
20560,3.74221e-06
20561,3.72087e-06
20562,3.69778e-06
20563,3.67623e-06
20564,3.65254e-06
20565,3.63079e-06
20566,3.60662e-06
20567,3.58453e-06
20568,3.56015e-06
20569,3.53747e-06
20570,3.5326e-06
20571,3.54523e-06
20572,3.55741e-06
20573,3.5686e-06
20574,3.58116e-06
20575,3.59125e-06
20576,3.60382e-06
20577,3.6143e-06
20578,3.62539e-06
20579,3.63624e-06
20580,3.64584e-06
20581,3.65716e-06
20582,3.66648e-06
20583,3.67756e-06
20584,3.6873e-06
20585,3.69686e-06
20586,3.70702e-06
20587,3.71503e-06
20588,3.72564e-06
20589,3.73362e-06
20590,3.74315e-06
20591,3.7516e-06
20592,3.75954e-06
20593,3.76849e-06
20594,3.77492e-06
20595,3.78429e-06
20596,3.791e-06
20597,3.799e-06
20598,3.80628e-06
20599,3.81263e-06
20600,3.8205e-06
20601,3.82647e-06
20602,3.8339e-06
20603,3.84117e-06
20604,3.8469e-06
20605,3.85488e-06
20606,3.85993e-06
20607,3.86761e-06
20608,3.87343e-06
20609,3.87938e-06
20610,3.88601e-06
20611,3.89028e-06
20612,3.89766e-06
20613,3.90351e-06
20614,3.90856e-06
20615,3.91622e-06
20616,3.92076e-06
20617,3.92811e-06
20618,3.93367e-06
20619,3.9392e-06
20620,3.94583e-06
20621,3.95134e-06
20622,3.95776e-06
20623,3.96505e-06
20624,3.96987e-06
20625,3.97811e-06
20626,3.984e-06
20627,3.99052e-06
20628,3.99895e-06
20629,4.00488e-06
20630,4.01333e-06
20631,4.02092e-06
20632,4.02772e-06
20633,4.0375e-06
20634,4.04583e-06
20635,4.05361e-06
20636,4.06425e-06
20637,4.07349e-06
20638,4.08285e-06
20639,4.09425e-06
20640,4.10426e-06
20641,4.11554e-06
20642,4.12817e-06
20643,4.13882e-06
20644,4.15229e-06
20645,4.16618e-06
20646,4.17801e-06
20647,4.19326e-06
20648,4.20838e-06
20649,4.22105e-06
20650,4.23913e-06
20651,4.26303e-06
20652,4.28703e-06
20653,4.31349e-06
20654,4.339e-06
20655,4.36423e-06
20656,4.39153e-06
20657,4.41873e-06
20658,4.44469e-06
20659,4.47327e-06
20660,4.50077e-06
20661,4.52788e-06
20662,4.55748e-06
20663,4.5846e-06
20664,4.61409e-06
20665,4.64314e-06
20666,4.67059e-06
20667,4.70148e-06
20668,4.72895e-06
20669,4.75958e-06
20670,4.78864e-06
20671,4.81739e-06
20672,4.84797e-06
20673,4.87507e-06
20674,4.90688e-06
20675,4.93459e-06
20676,4.96534e-06
20677,4.9942e-06
20678,5.02331e-06
20679,5.05322e-06
20680,5.08089e-06
20681,5.11161e-06
20682,5.13818e-06
20683,5.16933e-06
20684,5.19525e-06
20685,5.22634e-06
20686,5.25286e-06
20687,5.2826e-06
20688,5.30962e-06
20689,5.33808e-06
20690,5.3655e-06
20691,5.39273e-06
20692,5.42046e-06
20693,5.44661e-06
20694,5.47447e-06
20695,5.49968e-06
20696,5.52749e-06
20697,5.55177e-06
20698,5.57949e-06
20699,5.60287e-06
20700,5.63044e-06
20701,5.65295e-06
20702,5.68031e-06
20703,5.70196e-06
20704,5.72907e-06
20705,5.74992e-06
20706,5.77669e-06
20707,5.79696e-06
20708,5.82316e-06
20709,5.84283e-06
20710,5.86843e-06
20711,5.88753e-06
20712,5.9125e-06
20713,5.93112e-06
20714,5.95535e-06
20715,5.97344e-06
20716,5.99695e-06
20717,6.01449e-06
20718,6.03729e-06
20719,6.05424e-06
20720,6.07635e-06
20721,6.09269e-06
20722,6.11413e-06
20723,6.12982e-06
20724,6.15061e-06
20725,6.16563e-06
20726,6.18579e-06
20727,6.20012e-06
20728,6.21965e-06
20729,6.23327e-06
20730,6.25224e-06
20731,6.26538e-06
20732,6.28375e-06
20733,6.29633e-06
20734,6.31395e-06
20735,6.32598e-06
20736,6.34285e-06
20737,6.35435e-06
20738,6.37044e-06
20739,6.38143e-06
20740,6.39673e-06
20741,6.40722e-06
20742,6.42173e-06
20743,6.43173e-06
20744,6.44545e-06
20745,6.45496e-06
20746,6.46788e-06
20747,6.47726e-06
20748,6.48905e-06
20749,6.49835e-06
20750,6.50898e-06
20751,6.51822e-06
20752,6.52771e-06
20753,6.53686e-06
20754,6.54555e-06
20755,6.5543e-06
20756,6.56219e-06
20757,6.57055e-06
20758,6.57765e-06
20759,6.58564e-06
20760,6.59195e-06
20761,6.59958e-06
20762,6.60511e-06
20763,6.6124e-06
20764,6.61716e-06
20765,6.62434e-06
20766,6.62813e-06
20767,6.63539e-06
20768,6.63803e-06
20769,6.64539e-06
20770,6.64718e-06
20771,6.65437e-06
20772,6.65591e-06
20773,6.66236e-06
20774,6.66366e-06
20775,6.66939e-06
20776,6.67047e-06
20777,6.67548e-06
20778,6.67677e-06
20779,6.68067e-06
20780,6.68221e-06
20781,6.685e-06
20782,6.68679e-06
20783,6.6886e-06
20784,6.69055e-06
20785,6.69169e-06
20786,6.69353e-06
20787,6.69402e-06
20788,6.69575e-06
20789,6.69561e-06
20790,6.69725e-06
20791,6.6965e-06
20792,6.69808e-06
20793,6.69672e-06
20794,6.69833e-06
20795,6.69637e-06
20796,6.69833e-06
20797,6.69639e-06
20798,6.69774e-06
20799,6.69585e-06
20800,6.69662e-06
20801,6.69478e-06
20802,6.69498e-06
20803,6.69323e-06
20804,6.69287e-06
20805,6.69122e-06
20806,6.69033e-06
20807,6.68907e-06
20808,6.68738e-06
20809,6.6867e-06
20810,6.68405e-06
20811,6.68398e-06
20812,6.68039e-06
20813,6.68093e-06
20814,6.6772e-06
20815,6.67759e-06
20816,6.6741e-06
20817,6.67399e-06
20818,6.67087e-06
20819,6.67016e-06
20820,6.66776e-06
20821,6.66613e-06
20822,6.66447e-06
20823,6.66192e-06
20824,6.66101e-06
20825,6.65772e-06
20826,6.65741e-06
20827,6.65365e-06
20828,6.65369e-06
20829,6.64994e-06
20830,6.64989e-06
20831,6.64653e-06
20832,6.64601e-06
20833,6.64322e-06
20834,6.64209e-06
20835,6.64012e-06
20836,6.63813e-06
20837,6.63699e-06
20838,6.63415e-06
20839,6.63385e-06
20840,6.63037e-06
20841,6.63071e-06
20842,6.62764e-06
20843,6.62757e-06
20844,6.62497e-06
20845,6.62446e-06
20846,6.62233e-06
20847,6.62137e-06
20848,6.61971e-06
20849,6.61832e-06
20850,6.61725e-06
20851,6.6153e-06
20852,6.61505e-06
20853,6.61259e-06
20854,6.61289e-06
20855,6.61089e-06
20856,6.61076e-06
20857,6.60923e-06
20858,6.60865e-06
20859,6.60759e-06
20860,6.60658e-06
20861,6.60597e-06
20862,6.60452e-06
20863,6.60437e-06
20864,6.60248e-06
20865,6.60277e-06
20866,6.60045e-06
20867,6.60118e-06
20868,6.59892e-06
20869,6.59956e-06
20870,6.59772e-06
20871,6.59793e-06
20872,6.59648e-06
20873,6.59624e-06
20874,6.59523e-06
20875,6.59451e-06
20876,6.59407e-06
20877,6.59269e-06
20878,6.59282e-06
20879,6.59079e-06
20880,6.59145e-06
20881,6.58937e-06
20882,6.58994e-06
20883,6.58816e-06
20884,6.58828e-06
20885,6.58677e-06
20886,6.58644e-06
20887,6.58519e-06
20888,6.5844e-06
20889,6.58339e-06
20890,6.58214e-06
20891,6.58135e-06
20892,6.57962e-06
20893,6.57904e-06
20894,6.57683e-06
20895,6.57644e-06
20896,6.57373e-06
20897,6.57351e-06
20898,6.57031e-06
20899,6.57024e-06
20900,6.56704e-06
20901,6.5666e-06
20902,6.5635e-06
20903,6.56256e-06
20904,6.55954e-06
20905,6.55809e-06
20906,6.55513e-06
20907,6.55316e-06
20908,6.55024e-06
20909,6.54776e-06
20910,6.54486e-06
20911,6.54184e-06
20912,6.53894e-06
20913,6.53538e-06
20914,6.53247e-06
20915,6.52836e-06
20916,6.52541e-06
20917,6.52074e-06
20918,6.51775e-06
20919,6.51251e-06
20920,6.50945e-06
20921,6.50363e-06
20922,6.50048e-06
20923,6.49408e-06
20924,6.49083e-06
20925,6.4842e-06
20926,6.48046e-06
20927,6.47369e-06
20928,6.46935e-06
20929,6.46242e-06
20930,6.45748e-06
20931,6.45037e-06
20932,6.44483e-06
20933,6.43753e-06
20934,6.43136e-06
20935,6.42386e-06
20936,6.41707e-06
20937,6.40935e-06
20938,6.40193e-06
20939,6.39398e-06
20940,6.38592e-06
20941,6.37773e-06
20942,6.36902e-06
20943,6.36057e-06
20944,6.35121e-06
20945,6.3425e-06
20946,6.33248e-06
20947,6.3235e-06
20948,6.31281e-06
20949,6.30354e-06
20950,6.29218e-06
20951,6.28263e-06
20952,6.27058e-06
20953,6.26073e-06
20954,6.24799e-06
20955,6.23784e-06
20956,6.22441e-06
20957,6.21396e-06
20958,6.20003e-06
20959,6.18906e-06
20960,6.17482e-06
20961,6.16314e-06
20962,6.14859e-06
20963,6.13619e-06
20964,6.12132e-06
20965,6.1082e-06
20966,6.09302e-06
20967,6.07918e-06
20968,6.06368e-06
20969,6.0491e-06
20970,6.03329e-06
20971,6.01798e-06
20972,6.00185e-06
20973,5.9858e-06
20974,5.96937e-06
20975,5.95257e-06
20976,5.93583e-06
20977,5.91834e-06
20978,5.90125e-06
20979,5.88318e-06
20980,5.86563e-06
20981,5.84699e-06
20982,5.82916e-06
20983,5.80976e-06
20984,5.79166e-06
20985,5.77149e-06
20986,5.75314e-06
20987,5.73219e-06
20988,5.7136e-06
20989,5.69188e-06
20990,5.67305e-06
20991,5.65105e-06
20992,5.6315e-06
20993,5.60931e-06
20994,5.58896e-06
20995,5.5666e-06
20996,5.54544e-06
20997,5.52293e-06
20998,5.50096e-06
20999,5.47831e-06
21000,5.45552e-06
21001,5.43276e-06
21002,5.40914e-06
21003,5.38628e-06
21004,5.36185e-06
21005,5.33891e-06
21006,5.31365e-06
21007,5.29065e-06
21008,5.26501e-06
21009,5.24153e-06
21010,5.2159e-06
21011,5.19157e-06
21012,5.16597e-06
21013,5.14078e-06
21014,5.11525e-06
21015,5.08919e-06
21016,5.06375e-06
21017,5.03683e-06
21018,5.01151e-06
21019,4.98397e-06
21020,4.95853e-06
21021,4.9312e-06
21022,4.90487e-06
21023,4.87776e-06
21024,4.85053e-06
21025,4.82368e-06
21026,4.79555e-06
21027,4.76899e-06
21028,4.74062e-06
21029,4.71371e-06
21030,4.68572e-06
21031,4.65789e-06
21032,4.6303e-06
21033,4.60188e-06
21034,4.57439e-06
21035,4.54578e-06
21036,4.51854e-06
21037,4.48995e-06
21038,4.46246e-06
21039,4.43433e-06
21040,4.406e-06
21041,4.3785e-06
21042,4.34966e-06
21043,4.32236e-06
21044,4.29424e-06
21045,4.26595e-06
21046,4.23857e-06
21047,4.21007e-06
21048,4.1827e-06
21049,4.15503e-06
21050,4.12666e-06
21051,4.09985e-06
21052,4.07208e-06
21053,4.04455e-06
21054,4.01772e-06
21055,3.99001e-06
21056,3.96331e-06
21057,3.93661e-06
21058,3.90936e-06
21059,3.88322e-06
21060,3.85678e-06
21061,3.83025e-06
21062,3.80452e-06
21063,3.77841e-06
21064,3.75266e-06
21065,3.72738e-06
21066,3.70169e-06
21067,3.67674e-06
21068,3.65193e-06
21069,3.6271e-06
21070,3.60801e-06
21071,3.60282e-06
21072,3.60116e-06
21073,3.59756e-06
21074,3.59408e-06
21075,3.59204e-06
21076,3.58734e-06
21077,3.58623e-06
21078,3.58243e-06
21079,3.58012e-06
21080,3.57772e-06
21081,3.57451e-06
21082,3.57264e-06
21083,3.56855e-06
21084,3.56741e-06
21085,3.56403e-06
21086,3.56232e-06
21087,3.55934e-06
21088,3.55679e-06
21089,3.5542e-06
21090,3.56257e-06
21091,3.58642e-06
21092,3.61097e-06
21093,3.63406e-06
21094,3.65882e-06
21095,3.68083e-06
21096,3.70579e-06
21097,3.72795e-06
21098,3.75184e-06
21099,3.77415e-06
21100,3.79696e-06
21101,3.8194e-06
21102,3.84162e-06
21103,3.86367e-06
21104,3.88594e-06
21105,3.90695e-06
21106,3.92924e-06
21107,3.95027e-06
21108,3.97151e-06
21109,3.99252e-06
21110,4.01272e-06
21111,4.03371e-06
21112,4.05287e-06
21113,4.0738e-06
21114,4.09269e-06
21115,4.11278e-06
21116,4.13154e-06
21117,4.15065e-06
21118,4.16923e-06
21119,4.18738e-06
21120,4.20577e-06
21121,4.22297e-06
21122,4.24115e-06
21123,4.25755e-06
21124,4.27534e-06
21125,4.29151e-06
21126,4.30835e-06
21127,4.32427e-06
21128,4.34017e-06
21129,4.35582e-06
21130,4.37079e-06
21131,4.38614e-06
21132,4.40021e-06
21133,4.41524e-06
21134,4.42841e-06
21135,4.44312e-06
21136,4.45573e-06
21137,4.46976e-06
21138,4.48197e-06
21139,4.49518e-06
21140,4.50697e-06
21141,4.51938e-06
21142,4.53073e-06
21143,4.54235e-06
21144,4.55326e-06
21145,4.56411e-06
21146,4.57455e-06
21147,4.58465e-06
21148,4.59461e-06
21149,4.60399e-06
21150,4.61346e-06
21151,4.62213e-06
21152,4.6311e-06
21153,4.63909e-06
21154,4.64755e-06
21155,4.65487e-06
21156,4.66281e-06
21157,4.6695e-06
21158,4.6769e-06
21159,4.68298e-06
21160,4.68984e-06
21161,4.69532e-06
21162,4.70164e-06
21163,4.70655e-06
21164,4.71232e-06
21165,4.71669e-06
21166,4.7219e-06
21167,4.72575e-06
21168,4.7304e-06
21169,4.73375e-06
21170,4.73784e-06
21171,4.74072e-06
21172,4.74424e-06
21173,4.74668e-06
21174,4.74964e-06
21175,4.75165e-06
21176,4.75404e-06
21177,4.75565e-06
21178,4.75748e-06
21179,4.75871e-06
21180,4.75999e-06
21181,4.76086e-06
21182,4.76159e-06
21183,4.76213e-06
21184,4.76231e-06
21185,4.76254e-06
21186,4.76217e-06
21187,4.76212e-06
21188,4.76122e-06
21189,4.7609e-06
21190,4.75948e-06
21191,4.75892e-06
21192,4.75697e-06
21193,4.75619e-06
21194,4.75374e-06
21195,4.75275e-06
21196,4.74994e-06
21197,4.74864e-06
21198,4.7457e-06
21199,4.74388e-06
21200,4.74085e-06
21201,4.7385e-06
21202,4.7354e-06
21203,4.73255e-06
21204,4.72938e-06
21205,4.72604e-06
21206,4.72284e-06
21207,4.71923e-06
21208,4.71579e-06
21209,4.71218e-06
21210,4.70828e-06
21211,4.70468e-06
21212,4.70033e-06
21213,4.69675e-06
21214,4.69196e-06
21215,4.68843e-06
21216,4.68322e-06
21217,4.67973e-06
21218,4.67413e-06
21219,4.67071e-06
21220,4.66521e-06
21221,4.66137e-06
21222,4.65598e-06
21223,4.65175e-06
21224,4.64648e-06
21225,4.64954e-06
21226,4.65207e-06
21227,4.66002e-06
21228,4.66247e-06
21229,4.66988e-06
21230,4.67228e-06
21231,4.67951e-06
21232,4.68149e-06
21233,4.68882e-06
21234,4.69071e-06
21235,4.69753e-06
21236,4.69943e-06
21237,4.70565e-06
21238,4.70758e-06
21239,4.71316e-06
21240,4.71514e-06
21241,4.72065e-06
21242,4.72261e-06
21243,4.72773e-06
21244,4.72978e-06
21245,4.73421e-06
21246,4.73638e-06
21247,4.7401e-06
21248,4.74239e-06
21249,4.74587e-06
21250,4.74855e-06
21251,4.7514e-06
21252,4.75426e-06
21253,4.75634e-06
21254,4.7594e-06
21255,4.76069e-06
21256,4.76424e-06
21257,4.76512e-06
21258,4.76913e-06
21259,4.76918e-06
21260,4.77344e-06
21261,4.77264e-06
21262,4.77716e-06
21263,4.77625e-06
21264,4.7812e-06
21265,4.78066e-06
21266,4.78472e-06
21267,4.7845e-06
21268,4.78765e-06
21269,4.78869e-06
21270,4.79063e-06
21271,4.79238e-06
21272,4.79338e-06
21273,4.7955e-06
21274,4.79553e-06
21275,4.79879e-06
21276,4.79761e-06
21277,4.80177e-06
21278,4.80126e-06
21279,4.80416e-06
21280,4.80513e-06
21281,4.8065e-06
21282,4.80841e-06
21283,4.80874e-06
21284,4.81109e-06
21285,4.81108e-06
21286,4.8142e-06
21287,4.81469e-06
21288,4.81675e-06
21289,4.81825e-06
21290,4.81868e-06
21291,4.82172e-06
21292,4.82161e-06
21293,4.82456e-06
21294,4.82598e-06
21295,4.82678e-06
21296,4.82972e-06
21297,4.82992e-06
21298,4.83282e-06
21299,4.83451e-06
21300,4.83529e-06
21301,4.83842e-06
21302,4.83891e-06
21303,4.84166e-06
21304,4.84356e-06
21305,4.84422e-06
21306,4.8475e-06
21307,4.84853e-06
21308,4.85072e-06
21309,4.85238e-06
21310,4.85372e-06
21311,4.85613e-06
21312,4.85779e-06
21313,4.85911e-06
21314,4.86108e-06
21315,4.86159e-06
21316,4.86358e-06
21317,4.86513e-06
21318,4.86551e-06
21319,4.86782e-06
21320,4.86821e-06
21321,4.86965e-06
21322,4.87023e-06
21323,4.87061e-06
21324,4.87136e-06
21325,4.87091e-06
21326,4.87159e-06
21327,4.87184e-06
21328,4.87127e-06
21329,4.87182e-06
21330,4.87059e-06
21331,4.87082e-06
21332,4.86962e-06
21333,4.86884e-06
21334,4.86765e-06
21335,4.86586e-06
21336,4.86467e-06
21337,4.86187e-06
21338,4.86066e-06
21339,4.85766e-06
21340,4.85561e-06
21341,4.85256e-06
21342,4.84952e-06
21343,4.84639e-06
21344,4.84237e-06
21345,4.83918e-06
21346,4.83489e-06
21347,4.83114e-06
21348,4.8267e-06
21349,4.82199e-06
21350,4.81738e-06
21351,4.81172e-06
21352,4.80694e-06
21353,4.80037e-06
21354,4.79536e-06
21355,4.78859e-06
21356,4.78264e-06
21357,4.77566e-06
21358,4.76878e-06
21359,4.76158e-06
21360,4.75378e-06
21361,4.74634e-06
21362,4.73762e-06
21363,4.72996e-06
21364,4.72054e-06
21365,4.71242e-06
21366,4.70275e-06
21367,4.69373e-06
21368,4.68381e-06
21369,4.67388e-06
21370,4.66371e-06
21371,4.6529e-06
21372,4.64247e-06
21373,4.63077e-06
21374,4.62008e-06
21375,4.60772e-06
21376,4.59655e-06
21377,4.58393e-06
21378,4.57189e-06
21379,4.55901e-06
21380,4.5461e-06
21381,4.53297e-06
21382,4.51921e-06
21383,4.50582e-06
21384,4.49121e-06
21385,4.47756e-06
21386,4.46239e-06
21387,4.44822e-06
21388,4.43281e-06
21389,4.41781e-06
21390,4.40216e-06
21391,4.38633e-06
21392,4.37045e-06
21393,4.35382e-06
21394,4.3377e-06
21395,4.32028e-06
21396,4.30393e-06
21397,4.28628e-06
21398,4.26917e-06
21399,4.25131e-06
21400,4.23342e-06
21401,4.21537e-06
21402,4.1967e-06
21403,4.17847e-06
21404,4.15913e-06
21405,4.14065e-06
21406,4.12115e-06
21407,4.10191e-06
21408,4.08227e-06
21409,4.06229e-06
21410,4.04252e-06
21411,4.02185e-06
21412,4.00192e-06
21413,3.98116e-06
21414,3.96049e-06
21415,3.93965e-06
21416,3.91827e-06
21417,3.89736e-06
21418,3.87577e-06
21419,3.85431e-06
21420,3.8327e-06
21421,3.81055e-06
21422,3.7889e-06
21423,3.76678e-06
21424,3.74441e-06
21425,3.72233e-06
21426,3.6999e-06
21427,3.68076e-06
21428,3.66589e-06
21429,3.65061e-06
21430,3.6356e-06
21431,3.61978e-06
21432,3.60464e-06
21433,3.58829e-06
21434,3.573e-06
21435,3.55635e-06
21436,3.54071e-06
21437,3.52404e-06
21438,3.50795e-06
21439,3.49115e-06
21440,3.47491e-06
21441,3.45763e-06
21442,3.44126e-06
21443,3.4235e-06
21444,3.40698e-06
21445,3.38899e-06
21446,3.37211e-06
21447,3.35406e-06
21448,3.3383e-06
21449,3.32766e-06
21450,3.31713e-06
21451,3.30578e-06
21452,3.29486e-06
21453,3.2828e-06
21454,3.27147e-06
21455,3.25871e-06
21456,3.24693e-06
21457,3.23346e-06
21458,3.22122e-06
21459,3.20705e-06
21460,3.1943e-06
21461,3.17949e-06
21462,3.16615e-06
21463,3.15078e-06
21464,3.13677e-06
21465,3.1208e-06
21466,3.10611e-06
21467,3.08953e-06
21468,3.07418e-06
21469,3.05696e-06
21470,3.06763e-06
21471,3.08526e-06
21472,3.09828e-06
21473,3.11622e-06
21474,3.12919e-06
21475,3.14666e-06
21476,3.16004e-06
21477,3.17659e-06
21478,3.19076e-06
21479,3.20599e-06
21480,3.221e-06
21481,3.23487e-06
21482,3.25075e-06
21483,3.26347e-06
21484,3.28001e-06
21485,3.29188e-06
21486,3.30878e-06
21487,3.32087e-06
21488,3.33706e-06
21489,3.35017e-06
21490,3.36531e-06
21491,3.37902e-06
21492,3.39326e-06
21493,3.4074e-06
21494,3.42075e-06
21495,3.43583e-06
21496,3.44777e-06
21497,3.464e-06
21498,3.47519e-06
21499,3.49173e-06
21500,3.50374e-06
21501,3.51903e-06
21502,3.53227e-06
21503,3.546e-06
21504,3.56039e-06
21505,3.57317e-06
21506,3.58813e-06
21507,3.59994e-06
21508,3.61618e-06
21509,3.62725e-06
21510,3.64384e-06
21511,3.65584e-06
21512,3.67109e-06
21513,3.68442e-06
21514,3.69824e-06
21515,3.7126e-06
21516,3.72548e-06
21517,3.74092e-06
21518,3.75233e-06
21519,3.76909e-06
21520,3.78007e-06
21521,3.79687e-06
21522,3.80885e-06
21523,3.82462e-06
21524,3.83753e-06
21525,3.85238e-06
21526,3.86644e-06
21527,3.87973e-06
21528,3.89504e-06
21529,3.90705e-06
21530,3.92321e-06
21531,3.93439e-06
21532,3.95162e-06
21533,3.96264e-06
21534,3.97965e-06
21535,3.99089e-06
21536,4.00726e-06
21537,4.02262e-06
21538,4.04325e-06
21539,4.06486e-06
21540,4.0864e-06
21541,4.10728e-06
21542,4.12928e-06
21543,4.14945e-06
21544,4.17186e-06
21545,4.19132e-06
21546,4.2141e-06
21547,4.23386e-06
21548,4.25598e-06
21549,4.27631e-06
21550,4.29771e-06
21551,4.31831e-06
21552,4.33905e-06
21553,4.35983e-06
21554,4.37992e-06
21555,4.40083e-06
21556,4.42029e-06
21557,4.44129e-06
21558,4.46013e-06
21559,4.48117e-06
21560,4.49942e-06
21561,4.52046e-06
21562,4.53812e-06
21563,4.55912e-06
21564,4.57622e-06
21565,4.59713e-06
21566,4.61375e-06
21567,4.63447e-06
21568,4.65091e-06
21569,4.67111e-06
21570,4.6873e-06
21571,4.70703e-06
21572,4.72289e-06
21573,4.74221e-06
21574,4.75767e-06
21575,4.77663e-06
21576,4.79161e-06
21577,4.81027e-06
21578,4.82469e-06
21579,4.84312e-06
21580,4.85691e-06
21581,4.87516e-06
21582,4.88841e-06
21583,4.90638e-06
21584,4.91935e-06
21585,4.93675e-06
21586,4.94949e-06
21587,4.96628e-06
21588,4.97882e-06
21589,4.99496e-06
21590,5.00733e-06
21591,5.02276e-06
21592,5.03517e-06
21593,5.04969e-06
21594,5.06237e-06
21595,5.07574e-06
21596,5.08877e-06
21597,5.1009e-06
21598,5.11434e-06
21599,5.12549e-06
21600,5.13909e-06
21601,5.14934e-06
21602,5.16302e-06
21603,5.17247e-06
21604,5.18611e-06
21605,5.19625e-06
21606,5.20838e-06
21607,5.21926e-06
21608,5.23022e-06
21609,5.24151e-06
21610,5.25142e-06
21611,5.263e-06
21612,5.27182e-06
21613,5.28371e-06
21614,5.29264e-06
21615,5.30367e-06
21616,5.31365e-06
21617,5.32347e-06
21618,5.33395e-06
21619,5.3426e-06
21620,5.35355e-06
21621,5.36177e-06
21622,5.37244e-06
21623,5.38193e-06
21624,5.39108e-06
21625,5.40143e-06
21626,5.40933e-06
21627,5.42028e-06
21628,5.42838e-06
21629,5.43847e-06
21630,5.44786e-06
21631,5.45601e-06
21632,5.46687e-06
21633,5.47532e-06
21634,5.48526e-06
21635,5.49443e-06
21636,5.50304e-06
21637,5.51293e-06
21638,5.52201e-06
21639,5.53168e-06
21640,5.54151e-06
21641,5.54983e-06
21642,5.56043e-06
21643,5.56908e-06
21644,5.57876e-06
21645,5.58819e-06
21646,5.59662e-06
21647,5.60728e-06
21648,5.61679e-06
21649,5.6261e-06
21650,5.63639e-06
21651,5.64504e-06
21652,5.65541e-06
21653,5.66484e-06
21654,5.67386e-06
21655,5.68406e-06
21656,5.69302e-06
21657,5.70316e-06
21658,5.71325e-06
21659,5.72206e-06
21660,5.7329e-06
21661,5.74219e-06
21662,5.75194e-06
21663,5.76196e-06
21664,5.7705e-06
21665,5.78112e-06
21666,5.79035e-06
21667,5.79967e-06
21668,5.80958e-06
21669,5.81804e-06
21670,5.82818e-06
21671,5.83729e-06
21672,5.84615e-06
21673,5.85589e-06
21674,5.86417e-06
21675,5.87417e-06
21676,5.88271e-06
21677,5.89222e-06
21678,5.90127e-06
21679,5.90959e-06
21680,5.91919e-06
21681,5.92706e-06
21682,5.93642e-06
21683,5.94479e-06
21684,5.95297e-06
21685,5.96181e-06
21686,5.96884e-06
21687,5.97812e-06
21688,5.98558e-06
21689,5.99371e-06
21690,6.00159e-06
21691,6.00859e-06
21692,6.01685e-06
21693,6.02318e-06
21694,6.03138e-06
21695,6.03804e-06
21696,6.04517e-06
21697,6.05214e-06
21698,6.05822e-06
21699,6.06548e-06
21700,6.0709e-06
21701,6.07806e-06
21702,6.08349e-06
21703,6.08988e-06
21704,6.09552e-06
21705,6.10094e-06
21706,6.10676e-06
21707,6.11126e-06
21708,6.11723e-06
21709,6.12133e-06
21710,6.12691e-06
21711,6.13076e-06
21712,6.13582e-06
21713,6.13976e-06
21714,6.14395e-06
21715,6.14795e-06
21716,6.15131e-06
21717,6.15535e-06
21718,6.15806e-06
21719,6.16196e-06
21720,6.16427e-06
21721,6.16778e-06
21722,6.1697e-06
21723,6.17281e-06
21724,6.17435e-06
21725,6.17707e-06
21726,6.1785e-06
21727,6.18056e-06
21728,6.18188e-06
21729,6.18329e-06
21730,6.18447e-06
21731,6.18526e-06
21732,6.18629e-06
21733,6.18648e-06
21734,6.18732e-06
21735,6.18702e-06
21736,6.1876e-06
21737,6.18691e-06
21738,6.18711e-06
21739,6.18604e-06
21740,6.18587e-06
21741,6.18444e-06
21742,6.18389e-06
21743,6.18209e-06
21744,6.18118e-06
21745,6.17902e-06
21746,6.17775e-06
21747,6.17523e-06
21748,6.1736e-06
21749,6.17072e-06
21750,6.16875e-06
21751,6.16552e-06
21752,6.1632e-06
21753,6.15963e-06
21754,6.15697e-06
21755,6.15306e-06
21756,6.15007e-06
21757,6.14583e-06
21758,6.1425e-06
21759,6.13793e-06
21760,6.13427e-06
21761,6.12943e-06
21762,6.1254e-06
21763,6.12042e-06
21764,6.1159e-06
21765,6.11081e-06
21766,6.10578e-06
21767,6.10059e-06
21768,6.09504e-06
21769,6.0898e-06
21770,6.08371e-06
21771,6.07842e-06
21772,6.07183e-06
21773,6.06648e-06
21774,6.0596e-06
21775,6.05397e-06
21776,6.04683e-06
21777,6.04092e-06
21778,6.03358e-06
21779,6.02733e-06
21780,6.02008e-06
21781,6.01322e-06
21782,6.00606e-06
21783,5.99858e-06
21784,5.99155e-06
21785,5.98343e-06
21786,5.97654e-06
21787,5.96802e-06
21788,5.96104e-06
21789,5.95249e-06
21790,5.94507e-06
21791,5.93671e-06
21792,5.92863e-06
21793,5.92049e-06
21794,5.91172e-06
21795,5.90381e-06
21796,5.89437e-06
21797,5.88669e-06
21798,5.87736e-06
21799,5.86913e-06
21800,5.86008e-06
21801,5.85115e-06
21802,5.84237e-06
21803,5.83274e-06
21804,5.82425e-06
21805,5.81422e-06
21806,5.80572e-06
21807,5.796e-06
21808,5.78678e-06
21809,5.77739e-06
21810,5.76744e-06
21811,5.75837e-06
21812,5.74781e-06
21813,5.73896e-06
21814,5.72875e-06
21815,5.71916e-06
21816,5.7093e-06
21817,5.69898e-06
21818,5.68947e-06
21819,5.67849e-06
21820,5.66925e-06
21821,5.65863e-06
21822,5.64865e-06
21823,5.63839e-06
21824,5.62767e-06
21825,5.61777e-06
21826,5.60641e-06
21827,5.59677e-06
21828,5.58578e-06
21829,5.5754e-06
21830,5.56476e-06
21831,5.55365e-06
21832,5.54336e-06
21833,5.53158e-06
21834,5.52159e-06
21835,5.51016e-06
21836,5.49945e-06
21837,5.48836e-06
21838,5.47693e-06
21839,5.46618e-06
21840,5.45403e-06
21841,5.44361e-06
21842,5.43163e-06
21843,5.42068e-06
21844,5.40906e-06
21845,5.39743e-06
21846,5.38627e-06
21847,5.37395e-06
21848,5.36309e-06
21849,5.35069e-06
21850,5.33951e-06
21851,5.32741e-06
21852,5.31554e-06
21853,5.30372e-06
21854,5.29117e-06
21855,5.27962e-06
21856,5.26642e-06
21857,5.25512e-06
21858,5.24214e-06
21859,5.23022e-06
21860,5.21748e-06
21861,5.20492e-06
21862,5.19241e-06
21863,5.17922e-06
21864,5.16693e-06
21865,5.15313e-06
21866,5.14104e-06
21867,5.12709e-06
21868,5.11475e-06
21869,5.10099e-06
21870,5.08805e-06
21871,5.07446e-06
21872,5.06096e-06
21873,5.04753e-06
21874,5.03347e-06
21875,5.02018e-06
21876,5.00559e-06
21877,4.99243e-06
21878,4.97733e-06
21879,4.96428e-06
21880,4.94916e-06
21881,4.93573e-06
21882,4.92071e-06
21883,4.90679e-06
21884,4.89185e-06
21885,4.87747e-06
21886,4.86259e-06
21887,4.84776e-06
21888,4.83293e-06
21889,4.81767e-06
21890,4.80288e-06
21891,4.78722e-06
21892,4.77245e-06
21893,4.7564e-06
21894,4.74164e-06
21895,4.72522e-06
21896,4.71046e-06
21897,4.69369e-06
21898,4.67891e-06
21899,4.66182e-06
21900,4.64701e-06
21901,4.62987e-06
21902,4.61476e-06
21903,4.59757e-06
21904,4.58218e-06
21905,4.56492e-06
21906,4.54925e-06
21907,4.53193e-06
21908,4.51601e-06
21909,4.4986e-06
21910,4.48245e-06
21911,4.46496e-06
21912,4.44859e-06
21913,4.43099e-06
21914,4.41443e-06
21915,4.39673e-06
21916,4.37999e-06
21917,4.36217e-06
21918,4.34528e-06
21919,4.32733e-06
21920,4.3103e-06
21921,4.29222e-06
21922,4.27507e-06
21923,4.25686e-06
21924,4.2396e-06
21925,4.22125e-06
21926,4.20392e-06
21927,4.18541e-06
21928,4.16827e-06
21929,4.14942e-06
21930,4.13241e-06
21931,4.11354e-06
21932,4.09638e-06
21933,4.0775e-06
21934,4.06017e-06
21935,4.04129e-06
21936,4.0238e-06
21937,4.00494e-06
21938,3.98728e-06
21939,3.96845e-06
21940,3.95063e-06
21941,3.93185e-06
21942,3.91386e-06
21943,3.89514e-06
21944,3.87699e-06
21945,3.85833e-06
21946,3.84003e-06
21947,3.82145e-06
21948,3.80299e-06
21949,3.7845e-06
21950,3.76589e-06
21951,3.7475e-06
21952,3.72875e-06
21953,3.71047e-06
21954,3.69157e-06
21955,3.67341e-06
21956,3.65438e-06
21957,3.63643e-06
21958,3.61719e-06
21959,3.59969e-06
21960,3.58051e-06
21961,3.56297e-06
21962,3.54394e-06
21963,3.52629e-06
21964,3.50741e-06
21965,3.48965e-06
21966,3.47094e-06
21967,3.45308e-06
21968,3.43453e-06
21969,3.41658e-06
21970,3.39821e-06
21971,3.38018e-06
21972,3.36198e-06
21973,3.34389e-06
21974,3.32587e-06
21975,3.30771e-06
21976,3.28988e-06
21977,3.27168e-06
21978,3.25402e-06
21979,3.23579e-06
21980,3.21832e-06
21981,3.20007e-06
21982,3.18278e-06
21983,3.16453e-06
21984,3.14743e-06
21985,3.12918e-06
21986,3.11227e-06
21987,3.09404e-06
21988,3.07871e-06
21989,3.09585e-06
21990,3.11998e-06
21991,3.14358e-06
21992,3.16734e-06
21993,3.19083e-06
21994,3.21426e-06
21995,3.23758e-06
21996,3.26067e-06
21997,3.28407e-06
21998,3.30653e-06
21999,3.33037e-06
22000,3.35245e-06
22001,3.37607e-06
22002,3.39778e-06
22003,3.42115e-06
22004,3.44262e-06
22005,3.46573e-06
22006,3.48737e-06
22007,3.5101e-06
22008,3.53141e-06
22009,3.55377e-06
22010,3.57472e-06
22011,3.5967e-06
22012,3.61761e-06
22013,3.63886e-06
22014,3.66e-06
22015,3.68059e-06
22016,3.70156e-06
22017,3.72174e-06
22018,3.74229e-06
22019,3.76206e-06
22020,3.78215e-06
22021,3.8015e-06
22022,3.82153e-06
22023,3.84006e-06
22024,3.86017e-06
22025,3.87795e-06
22026,3.89788e-06
22027,3.91522e-06
22028,3.93464e-06
22029,3.95153e-06
22030,3.97042e-06
22031,3.98696e-06
22032,4.00538e-06
22033,4.02172e-06
22034,4.03969e-06
22035,4.05545e-06
22036,4.07296e-06
22037,4.08814e-06
22038,4.10519e-06
22039,4.11986e-06
22040,4.13637e-06
22041,4.15091e-06
22042,4.16649e-06
22043,4.18088e-06
22044,4.19567e-06
22045,4.20975e-06
22046,4.22406e-06
22047,4.23753e-06
22048,4.25136e-06
22049,4.2642e-06
22050,4.27755e-06
22051,4.28977e-06
22052,4.30263e-06
22053,4.31451e-06
22054,4.3266e-06
22055,4.33822e-06
22056,4.34946e-06
22057,4.36081e-06
22058,4.37127e-06
22059,4.38227e-06
22060,4.39223e-06
22061,4.40261e-06
22062,4.41207e-06
22063,4.42183e-06
22064,4.43079e-06
22065,4.43994e-06
22066,4.4484e-06
22067,4.45695e-06
22068,4.4649e-06
22069,4.47299e-06
22070,4.4814e-06
22071,4.49124e-06
22072,4.50151e-06
22073,4.51089e-06
22074,4.52013e-06
22075,4.52906e-06
22076,4.53729e-06
22077,4.54575e-06
22078,4.55298e-06
22079,4.56098e-06
22080,4.56722e-06
22081,4.57475e-06
22082,4.58017e-06
22083,4.58707e-06
22084,4.5917e-06
22085,4.59796e-06
22086,4.60181e-06
22087,4.60742e-06
22088,4.6105e-06
22089,4.61549e-06
22090,4.61781e-06
22091,4.62216e-06
22092,4.62391e-06
22093,4.62746e-06
22094,4.62875e-06
22095,4.63141e-06
22096,4.63223e-06
22097,4.63403e-06
22098,4.63438e-06
22099,4.63533e-06
22100,4.63522e-06
22101,4.63535e-06
22102,4.63477e-06
22103,4.6341e-06
22104,4.63305e-06
22105,4.6316e-06
22106,4.63009e-06
22107,4.62788e-06
22108,4.62591e-06
22109,4.62297e-06
22110,4.62054e-06
22111,4.61689e-06
22112,4.614e-06
22113,4.60972e-06
22114,4.60631e-06
22115,4.60143e-06
22116,4.59751e-06
22117,4.59204e-06
22118,4.58762e-06
22119,4.58611e-06
22120,4.58853e-06
22121,4.59041e-06
22122,4.5923e-06
22123,4.59438e-06
22124,4.59584e-06
22125,4.59775e-06
22126,4.59943e-06
22127,4.60054e-06
22128,4.60245e-06
22129,4.60367e-06
22130,4.60535e-06
22131,4.60644e-06
22132,4.60847e-06
22133,4.60982e-06
22134,4.61103e-06
22135,4.61265e-06
22136,4.61324e-06
22137,4.61492e-06
22138,4.61579e-06
22139,4.61685e-06
22140,4.61778e-06
22141,4.61929e-06
22142,4.61963e-06
22143,4.62118e-06
22144,4.62179e-06
22145,4.62251e-06
22146,4.62339e-06
22147,4.62329e-06
22148,4.62443e-06
22149,4.62475e-06
22150,4.62491e-06
22151,4.62564e-06
22152,4.62546e-06
22153,4.62595e-06
22154,4.62601e-06
22155,4.62569e-06
22156,4.62598e-06
22157,4.62485e-06
22158,4.62536e-06
22159,4.62431e-06
22160,4.62415e-06
22161,4.62345e-06
22162,4.62235e-06
22163,4.62199e-06
22164,4.62017e-06
22165,4.61992e-06
22166,4.61827e-06
22167,4.61724e-06
22168,4.61575e-06
22169,4.61395e-06
22170,4.61261e-06
22171,4.61005e-06
22172,4.60884e-06
22173,4.60564e-06
22174,4.60444e-06
22175,4.60149e-06
22176,4.5994e-06
22177,4.5967e-06
22178,4.59373e-06
22179,4.59126e-06
22180,4.58742e-06
22181,4.58517e-06
22182,4.58048e-06
22183,4.57844e-06
22184,4.57343e-06
22185,4.57106e-06
22186,4.56609e-06
22187,4.56302e-06
22188,4.55808e-06
22189,4.55433e-06
22190,4.54941e-06
22191,4.54499e-06
22192,4.54008e-06
22193,4.535e-06
22194,4.53011e-06
22195,4.52436e-06
22196,4.51962e-06
22197,4.51306e-06
22198,4.50847e-06
22199,4.50144e-06
22200,4.49668e-06
22201,4.4896e-06
22202,4.48422e-06
22203,4.47711e-06
22204,4.47112e-06
22205,4.46395e-06
22206,4.45738e-06
22207,4.45014e-06
22208,4.44298e-06
22209,4.43568e-06
22210,4.42795e-06
22211,4.42058e-06
22212,4.41229e-06
22213,4.40483e-06
22214,4.39599e-06
22215,4.38845e-06
22216,4.37907e-06
22217,4.3716e-06
22218,4.36153e-06
22219,4.35421e-06
22220,4.34383e-06
22221,4.33623e-06
22222,4.32575e-06
22223,4.31764e-06
22224,4.30708e-06
22225,4.29846e-06
22226,4.28781e-06
22227,4.2787e-06
22228,4.26797e-06
22229,4.25837e-06
22230,4.24755e-06
22231,4.23748e-06
22232,4.22668e-06
22233,4.21603e-06
22234,4.21473e-06
22235,4.21744e-06
22236,4.22049e-06
22237,4.22306e-06
22238,4.22598e-06
22239,4.22839e-06
22240,4.23115e-06
22241,4.23341e-06
22242,4.23599e-06
22243,4.23812e-06
22244,4.24048e-06
22245,4.24264e-06
22246,4.2446e-06
22247,4.24676e-06
22248,4.24831e-06
22249,4.25047e-06
22250,4.25173e-06
22251,4.25374e-06
22252,4.25474e-06
22253,4.25656e-06
22254,4.25727e-06
22255,4.25888e-06
22256,4.25931e-06
22257,4.26071e-06
22258,4.26084e-06
22259,4.26199e-06
22260,4.26185e-06
22261,4.26273e-06
22262,4.26231e-06
22263,4.26288e-06
22264,4.26218e-06
22265,4.26244e-06
22266,4.26144e-06
22267,4.26136e-06
22268,4.26005e-06
22269,4.25964e-06
22270,4.258e-06
22271,4.25724e-06
22272,4.25526e-06
22273,4.25415e-06
22274,4.25195e-06
22275,4.25034e-06
22276,4.24795e-06
22277,4.24578e-06
22278,4.2432e-06
22279,4.24046e-06
22280,4.23768e-06
22281,4.23435e-06
22282,4.23137e-06
22283,4.22743e-06
22284,4.22423e-06
22285,4.21985e-06
22286,4.21625e-06
22287,4.21146e-06
22288,4.20742e-06
22289,4.2022e-06
22290,4.1977e-06
22291,4.19205e-06
22292,4.18708e-06
22293,4.181e-06
22294,4.17554e-06
22295,4.16903e-06
22296,4.16306e-06
22297,4.15611e-06
22298,4.14963e-06
22299,4.14223e-06
22300,4.13521e-06
22301,4.12737e-06
22302,4.11981e-06
22303,4.11152e-06
22304,4.1034e-06
22305,4.09465e-06
22306,4.08596e-06
22307,4.07677e-06
22308,4.06749e-06
22309,4.05784e-06
22310,4.04796e-06
22311,4.03785e-06
22312,4.02737e-06
22313,4.01681e-06
22314,4.0057e-06
22315,3.99468e-06
22316,3.98304e-06
22317,3.97147e-06
22318,3.9595e-06
22319,3.94716e-06
22320,3.93486e-06
22321,3.92175e-06
22322,3.90912e-06
22323,3.89523e-06
22324,3.88226e-06
22325,3.8677e-06
22326,3.85429e-06
22327,3.83906e-06
22328,3.82519e-06
22329,3.80929e-06
22330,3.79498e-06
22331,3.77839e-06
22332,3.76363e-06
22333,3.74637e-06
22334,3.73117e-06
22335,3.71322e-06
22336,3.69758e-06
22337,3.67921e-06
22338,3.66287e-06
22339,3.64407e-06
22340,3.62704e-06
22341,3.60784e-06
22342,3.5901e-06
22343,3.57049e-06
22344,3.55207e-06
22345,3.53206e-06
22346,3.51293e-06
22347,3.49254e-06
22348,3.47272e-06
22349,3.45195e-06
22350,3.43144e-06
22351,3.4103e-06
22352,3.3891e-06
22353,3.3676e-06
22354,3.34571e-06
22355,3.32388e-06
22356,3.30172e-06
22357,3.27914e-06
22358,3.25679e-06
22359,3.23351e-06
22360,3.21088e-06
22361,3.18733e-06
22362,3.16402e-06
22363,3.14022e-06
22364,3.11622e-06
22365,3.12042e-06
22366,3.12923e-06
22367,3.13605e-06
22368,3.14433e-06
22369,3.15097e-06
22370,3.15871e-06
22371,3.1652e-06
22372,3.17238e-06
22373,3.17875e-06
22374,3.18536e-06
22375,3.19163e-06
22376,3.19767e-06
22377,3.20387e-06
22378,3.20932e-06
22379,3.21549e-06
22380,3.22034e-06
22381,3.2265e-06
22382,3.23074e-06
22383,3.23693e-06
22384,3.24143e-06
22385,3.2468e-06
22386,3.25179e-06
22387,3.25646e-06
22388,3.26167e-06
22389,3.26568e-06
22390,3.27107e-06
22391,3.27467e-06
22392,3.28003e-06
22393,3.28389e-06
22394,3.28857e-06
22395,3.29271e-06
22396,3.29672e-06
22397,3.30117e-06
22398,3.30449e-06
22399,3.30929e-06
22400,3.31237e-06
22401,3.3171e-06
22402,3.3206e-06
22403,3.32463e-06
22404,3.32857e-06
22405,3.3319e-06
22406,3.33631e-06
22407,3.3406e-06
22408,3.34429e-06
22409,3.34925e-06
22410,3.35249e-06
22411,3.35775e-06
22412,3.36161e-06
22413,3.36613e-06
22414,3.37063e-06
22415,3.38614e-06
22416,3.40369e-06
22417,3.42145e-06
22418,3.44008e-06
22419,3.4585e-06
22420,3.47673e-06
22421,3.49599e-06
22422,3.51527e-06
22423,3.53431e-06
22424,3.55382e-06
22425,3.57389e-06
22426,3.59367e-06
22427,3.61347e-06
22428,3.63424e-06
22429,3.65466e-06
22430,3.67479e-06
22431,3.69617e-06
22432,3.71706e-06
22433,3.73762e-06
22434,3.75944e-06
22435,3.78065e-06
22436,3.80194e-06
22437,3.82416e-06
22438,3.84574e-06
22439,3.86781e-06
22440,3.89018e-06
22441,3.91172e-06
22442,3.93446e-06
22443,3.95674e-06
22444,3.97857e-06
22445,4.00156e-06
22446,4.02345e-06
22447,4.04616e-06
22448,4.06869e-06
22449,4.09052e-06
22450,4.11368e-06
22451,4.13546e-06
22452,4.15838e-06
22453,4.18072e-06
22454,4.20279e-06
22455,4.22565e-06
22456,4.24742e-06
22457,4.27057e-06
22458,4.29282e-06
22459,4.31515e-06
22460,4.33779e-06
22461,4.35932e-06
22462,4.38234e-06
22463,4.40335e-06
22464,4.42642e-06
22465,4.44773e-06
22466,4.47003e-06
22467,4.4916e-06
22468,4.51314e-06
22469,4.53495e-06
22470,4.55574e-06
22471,4.57775e-06
22472,4.59779e-06
22473,4.61999e-06
22474,4.63971e-06
22475,4.66164e-06
22476,4.68146e-06
22477,4.70268e-06
22478,4.72258e-06
22479,4.7431e-06
22480,4.76316e-06
22481,4.78287e-06
22482,4.80307e-06
22483,4.82199e-06
22484,4.84227e-06
22485,4.86043e-06
22486,4.88075e-06
22487,4.8983e-06
22488,4.9185e-06
22489,4.93595e-06
22490,4.95549e-06
22491,4.97282e-06
22492,4.99172e-06
22493,5.0089e-06
22494,5.02717e-06
22495,5.04418e-06
22496,5.06183e-06
22497,5.07865e-06
22498,5.09568e-06
22499,5.11231e-06
22500,5.12873e-06
22501,5.14513e-06
22502,5.16095e-06
22503,5.17711e-06
22504,5.19234e-06
22505,5.20825e-06
22506,5.22289e-06
22507,5.23854e-06
22508,5.2526e-06
22509,5.26796e-06
22510,5.28145e-06
22511,5.29652e-06
22512,5.30954e-06
22513,5.32422e-06
22514,5.3368e-06
22515,5.35105e-06
22516,5.3632e-06
22517,5.377e-06
22518,5.38875e-06
22519,5.40215e-06
22520,5.41344e-06
22521,5.42652e-06
22522,5.43727e-06
22523,5.45002e-06
22524,5.46024e-06
22525,5.47266e-06
22526,5.48236e-06
22527,5.49444e-06
22528,5.50362e-06
22529,5.51537e-06
22530,5.52404e-06
22531,5.53545e-06
22532,5.54361e-06
22533,5.55469e-06
22534,5.56242e-06
22535,5.57309e-06
22536,5.58052e-06
22537,5.59067e-06
22538,5.5978e-06
22539,5.60744e-06
22540,5.61427e-06
22541,5.62339e-06
22542,5.62995e-06
22543,5.63855e-06
22544,5.64484e-06
22545,5.65293e-06
22546,5.65896e-06
22547,5.66654e-06
22548,5.67232e-06
22549,5.67939e-06
22550,5.68494e-06
22551,5.6915e-06
22552,5.69683e-06
22553,5.70288e-06
22554,5.70801e-06
22555,5.71355e-06
22556,5.71849e-06
22557,5.72353e-06
22558,5.7283e-06
22559,5.73282e-06
22560,5.73744e-06
22561,5.74146e-06
22562,5.74594e-06
22563,5.74946e-06
22564,5.75382e-06
22565,5.75683e-06
22566,5.7611e-06
22567,5.7636e-06
22568,5.76779e-06
22569,5.76979e-06
22570,5.77391e-06
22571,5.77541e-06
22572,5.77948e-06
22573,5.7806e-06
22574,5.78453e-06
22575,5.78566e-06
22576,5.78908e-06
22577,5.79023e-06
22578,5.79313e-06
22579,5.79433e-06
22580,5.79672e-06
22581,5.79797e-06
22582,5.79986e-06
22583,5.80119e-06
22584,5.80258e-06
22585,5.804e-06
22586,5.80489e-06
22587,5.80641e-06
22588,5.80681e-06
22589,5.80845e-06
22590,5.80836e-06
22591,5.81014e-06
22592,5.80956e-06
22593,5.81149e-06
22594,5.8106e-06
22595,5.81251e-06
22596,5.81181e-06
22597,5.81324e-06
22598,5.81272e-06
22599,5.81367e-06
22600,5.81336e-06
22601,5.81384e-06
22602,5.81374e-06
22603,5.81375e-06
22604,5.81387e-06
22605,5.81342e-06
22606,5.81383e-06
22607,5.81286e-06
22608,5.81364e-06
22609,5.81247e-06
22610,5.81325e-06
22611,5.81233e-06
22612,5.81266e-06
22613,5.812e-06
22614,5.81189e-06
22615,5.81148e-06
22616,5.81095e-06
22617,5.81079e-06
22618,5.80984e-06
22619,5.80994e-06
22620,5.80857e-06
22621,5.80892e-06
22622,5.80716e-06
22623,5.80775e-06
22624,5.8056e-06
22625,5.80642e-06
22626,5.80455e-06
22627,5.80496e-06
22628,5.80349e-06
22629,5.80335e-06
22630,5.80228e-06
22631,5.8016e-06
22632,5.80092e-06
22633,5.79972e-06
22634,5.79941e-06
22635,5.7977e-06
22636,5.79776e-06
22637,5.7957e-06
22638,5.79596e-06
22639,5.79359e-06
22640,5.79401e-06
22641,5.79134e-06
22642,5.79191e-06
22643,5.78899e-06
22644,5.78966e-06
22645,5.787e-06
22646,5.78724e-06
22647,5.78484e-06
22648,5.78467e-06
22649,5.78251e-06
22650,5.78194e-06
22651,5.77998e-06
22652,5.77903e-06
22653,5.77727e-06
22654,5.77595e-06
22655,5.77436e-06
22656,5.77269e-06
22657,5.77124e-06
22658,5.76925e-06
22659,5.76792e-06
22660,5.7656e-06
22661,5.76437e-06
22662,5.76176e-06
22663,5.76061e-06
22664,5.75778e-06
22665,5.7566e-06
22666,5.75361e-06
22667,5.75236e-06
22668,5.7492e-06
22669,5.74787e-06
22670,5.74456e-06
22671,5.74312e-06
22672,5.73966e-06
22673,5.7381e-06
22674,5.7345e-06
22675,5.7328e-06
22676,5.72907e-06
22677,5.72722e-06
22678,5.72337e-06
22679,5.72135e-06
22680,5.71737e-06
22681,5.71517e-06
22682,5.71107e-06
22683,5.70867e-06
22684,5.70447e-06
22685,5.70185e-06
22686,5.69755e-06
22687,5.6947e-06
22688,5.69029e-06
22689,5.6872e-06
22690,5.6827e-06
22691,5.67934e-06
22692,5.67475e-06
22693,5.67113e-06
22694,5.66644e-06
22695,5.66253e-06
22696,5.65777e-06
22697,5.65356e-06
22698,5.6487e-06
22699,5.64419e-06
22700,5.63925e-06
22701,5.63441e-06
22702,5.62939e-06
22703,5.62422e-06
22704,5.61912e-06
22705,5.6136e-06
22706,5.60843e-06
22707,5.60255e-06
22708,5.5973e-06
22709,5.59106e-06
22710,5.58582e-06
22711,5.57911e-06
22712,5.57392e-06
22713,5.5667e-06
22714,5.56157e-06
22715,5.55382e-06
22716,5.54875e-06
22717,5.54064e-06
22718,5.53546e-06
22719,5.52726e-06
22720,5.52169e-06
22721,5.5134e-06
22722,5.50742e-06
22723,5.49905e-06
22724,5.49265e-06
22725,5.48419e-06
22726,5.47738e-06
22727,5.46882e-06
22728,5.46158e-06
22729,5.45292e-06
22730,5.44526e-06
22731,5.4365e-06
22732,5.4284e-06
22733,5.41954e-06
22734,5.41099e-06
22735,5.40203e-06
22736,5.39303e-06
22737,5.38397e-06
22738,5.37452e-06
22739,5.36558e-06
22740,5.35543e-06
22741,5.34663e-06
22742,5.33577e-06
22743,5.32711e-06
22744,5.31552e-06
22745,5.30702e-06
22746,5.29511e-06
22747,5.28634e-06
22748,5.27432e-06
22749,5.26507e-06
22750,5.25293e-06
22751,5.24321e-06
22752,5.23094e-06
22753,5.22074e-06
22754,5.20835e-06
22755,5.19767e-06
22756,5.18515e-06
22757,5.17398e-06
22758,5.16134e-06
22759,5.14968e-06
22760,5.13691e-06
22761,5.12475e-06
22762,5.1121e-06
22763,5.0992e-06
22764,5.08674e-06
22765,5.07301e-06
22766,5.06077e-06
22767,5.04635e-06
22768,5.03416e-06
22769,5.01923e-06
22770,5.00693e-06
22771,4.99148e-06
22772,4.97907e-06
22773,4.96328e-06
22774,4.95058e-06
22775,4.93468e-06
22776,4.92145e-06
22777,4.90546e-06
22778,4.89169e-06
22779,4.8756e-06
22780,4.8613e-06
22781,4.84519e-06
22782,4.83027e-06
22783,4.81445e-06
22784,4.79861e-06
22785,4.7831e-06
22786,4.76655e-06
22787,4.75113e-06
22788,4.73402e-06
22789,4.71855e-06
22790,4.70087e-06
22791,4.68535e-06
22792,4.66709e-06
22793,4.65155e-06
22794,4.63291e-06
22795,4.61714e-06
22796,4.5985e-06
22797,4.58213e-06
22798,4.5635e-06
22799,4.54653e-06
22800,4.52791e-06
22801,4.51035e-06
22802,4.4919e-06
22803,4.47358e-06
22804,4.45562e-06
22805,4.43641e-06
22806,4.41879e-06
22807,4.39894e-06
22808,4.38142e-06
22809,4.36112e-06
22810,4.34351e-06
22811,4.32334e-06
22812,4.30507e-06
22813,4.28505e-06
22814,4.26613e-06
22815,4.24626e-06
22816,4.22668e-06
22817,4.207e-06
22818,4.18675e-06
22819,4.16726e-06
22820,4.14634e-06
22821,4.12747e-06
22822,4.10655e-06
22823,4.08733e-06
22824,4.06669e-06
22825,4.04677e-06
22826,4.02643e-06
22827,4.0058e-06
22828,3.98578e-06
22829,3.96443e-06
22830,3.94475e-06
22831,3.92295e-06
22832,3.90337e-06
22833,3.88196e-06
22834,3.86165e-06
22835,3.84065e-06
22836,3.8196e-06
22837,3.79921e-06
22838,3.77736e-06
22839,3.75789e-06
22840,3.73656e-06
22841,3.71631e-06
22842,3.69551e-06
22843,3.67448e-06
22844,3.65423e-06
22845,3.63243e-06
22846,3.61275e-06
22847,3.59146e-06
22848,3.57108e-06
22849,3.55042e-06
22850,3.52924e-06
22851,3.50922e-06
22852,3.48784e-06
22853,3.46821e-06
22854,3.44788e-06
22855,3.42742e-06
22856,3.40782e-06
22857,3.38692e-06
22858,3.36769e-06
22859,3.34757e-06
22860,3.3275e-06
22861,3.30818e-06
22862,3.28774e-06
22863,3.26877e-06
22864,3.24917e-06
22865,3.22935e-06
22866,3.21061e-06
22867,3.19089e-06
22868,3.17206e-06
22869,3.15324e-06
22870,3.13356e-06
22871,3.11564e-06
22872,3.09687e-06
22873,3.07817e-06
22874,3.06027e-06
22875,3.04165e-06
22876,3.02428e-06
22877,3.00623e-06
22878,2.98858e-06
22879,2.9715e-06
22880,2.95355e-06
22881,2.93689e-06
22882,2.91993e-06
22883,2.90239e-06
22884,2.91069e-06
22885,2.92409e-06
22886,2.93693e-06
22887,2.94986e-06
22888,2.9627e-06
22889,2.97521e-06
22890,2.98801e-06
22891,3.00068e-06
22892,3.01288e-06
22893,3.02578e-06
22894,3.03742e-06
22895,3.0505e-06
22896,3.06202e-06
22897,3.07486e-06
22898,3.08623e-06
22899,3.09885e-06
22900,3.11442e-06
22901,3.13081e-06
22902,3.14794e-06
22903,3.16412e-06
22904,3.18096e-06
22905,3.19718e-06
22906,3.21347e-06
22907,3.22975e-06
22908,3.24546e-06
22909,3.26181e-06
22910,3.27703e-06
22911,3.29337e-06
22912,3.30834e-06
22913,3.32441e-06
22914,3.33913e-06
22915,3.35494e-06
22916,3.36976e-06
22917,3.38495e-06
22918,3.39987e-06
22919,3.41443e-06
22920,3.42947e-06
22921,3.44339e-06
22922,3.45854e-06
22923,3.47181e-06
22924,3.48709e-06
22925,3.50027e-06
22926,3.51512e-06
22927,3.52843e-06
22928,3.54262e-06
22929,3.55606e-06
22930,3.56958e-06
22931,3.58317e-06
22932,3.59602e-06
22933,3.60975e-06
22934,3.62192e-06
22935,3.6358e-06
22936,3.64754e-06
22937,3.66132e-06
22938,3.6729e-06
22939,3.68631e-06
22940,3.69799e-06
22941,3.71076e-06
22942,3.72259e-06
22943,3.73468e-06
22944,3.74667e-06
22945,3.75836e-06
22946,3.7702e-06
22947,3.78177e-06
22948,3.79321e-06
22949,3.80465e-06
22950,3.81568e-06
22951,3.82701e-06
22952,3.83762e-06
22953,3.84885e-06
22954,3.85903e-06
22955,3.87016e-06
22956,3.88044e-06
22957,3.89096e-06
22958,3.90135e-06
22959,3.91147e-06
22960,3.92175e-06
22961,3.93178e-06
22962,3.94162e-06
22963,3.95158e-06
22964,3.96097e-06
22965,3.97086e-06
22966,3.97981e-06
22967,3.98964e-06
22968,3.99814e-06
22969,4.0079e-06
22970,4.01596e-06
22971,4.02567e-06
22972,4.03367e-06
22973,4.04293e-06
22974,4.05099e-06
22975,4.05971e-06
22976,4.06781e-06
22977,4.07706e-06
22978,4.08575e-06
22979,4.09942e-06
22980,4.10838e-06
22981,4.12117e-06
22982,4.13039e-06
22983,4.14228e-06
22984,4.15175e-06
22985,4.16275e-06
22986,4.17245e-06
22987,4.18256e-06
22988,4.19247e-06
22989,4.20195e-06
22990,4.21179e-06
22991,4.22063e-06
22992,4.23041e-06
22993,4.23859e-06
22994,4.2483e-06
22995,4.25581e-06
22996,4.26546e-06
22997,4.27228e-06
22998,4.28187e-06
22999,4.288e-06
23000,4.29752e-06
23001,4.30295e-06
23002,4.31241e-06
23003,4.31711e-06
23004,4.32651e-06
23005,4.3305e-06
23006,4.33989e-06
23007,4.34313e-06
23008,4.35248e-06
23009,4.35565e-06
23010,4.36426e-06
23011,4.36735e-06
23012,4.37521e-06
23013,4.37821e-06
23014,4.38532e-06
23015,4.38824e-06
23016,4.3946e-06
23017,4.39743e-06
23018,4.40304e-06
23019,4.40577e-06
23020,4.41063e-06
23021,4.41327e-06
23022,4.41737e-06
23023,4.41991e-06
23024,4.42327e-06
23025,4.4257e-06
23026,4.42831e-06
23027,4.43063e-06
23028,4.43253e-06
23029,4.43471e-06
23030,4.43598e-06
23031,4.43794e-06
23032,4.4386e-06
23033,4.44031e-06
23034,4.44039e-06
23035,4.44183e-06
23036,4.44135e-06
23037,4.44251e-06
23038,4.44148e-06
23039,4.44234e-06
23040,4.4408e-06
23041,4.44134e-06
23042,4.4393e-06
23043,4.4395e-06
23044,4.43699e-06
23045,4.43687e-06
23046,4.43388e-06
23047,4.4336e-06
23048,4.42997e-06
23049,4.42953e-06
23050,4.42527e-06
23051,4.42465e-06
23052,4.41979e-06
23053,4.41899e-06
23054,4.41354e-06
23055,4.41255e-06
23056,4.41211e-06
23057,4.41315e-06
23058,4.41402e-06
23059,4.41499e-06
23060,4.41562e-06
23061,4.41652e-06
23062,4.41691e-06
23063,4.41775e-06
23064,4.41788e-06
23065,4.41866e-06
23066,4.41852e-06
23067,4.41926e-06
23068,4.41884e-06
23069,4.41954e-06
23070,4.41908e-06
23071,4.41948e-06
23072,4.41922e-06
23073,4.4191e-06
23074,4.41902e-06
23075,4.41844e-06
23076,4.41848e-06
23077,4.41788e-06
23078,4.41759e-06
23079,4.41696e-06
23080,4.41633e-06
23081,4.41567e-06
23082,4.4147e-06
23083,4.41402e-06
23084,4.41269e-06
23085,4.41198e-06
23086,4.41065e-06
23087,4.40989e-06
23088,4.40835e-06
23089,4.40756e-06
23090,4.40565e-06
23091,4.40481e-06
23092,4.40251e-06
23093,4.40163e-06
23094,4.39894e-06
23095,4.398e-06
23096,4.3953e-06
23097,4.39391e-06
23098,4.39128e-06
23099,4.38935e-06
23100,4.38677e-06
23101,4.38431e-06
23102,4.38176e-06
23103,4.37895e-06
23104,4.37623e-06
23105,4.37332e-06
23106,4.37018e-06
23107,4.36715e-06
23108,4.36359e-06
23109,4.36044e-06
23110,4.35645e-06
23111,4.35316e-06
23112,4.34881e-06
23113,4.3453e-06
23114,4.3408e-06
23115,4.33685e-06
23116,4.33224e-06
23117,4.32784e-06
23118,4.32307e-06
23119,4.31847e-06
23120,4.31327e-06
23121,4.30846e-06
23122,4.30281e-06
23123,4.29779e-06
23124,4.2917e-06
23125,4.28645e-06
23126,4.27992e-06
23127,4.27443e-06
23128,4.26745e-06
23129,4.26172e-06
23130,4.25429e-06
23131,4.2483e-06
23132,4.24049e-06
23133,4.23417e-06
23134,4.22609e-06
23135,4.21932e-06
23136,4.21096e-06
23137,4.20374e-06
23138,4.19508e-06
23139,4.18742e-06
23140,4.17845e-06
23141,4.17034e-06
23142,4.16106e-06
23143,4.15252e-06
23144,4.1429e-06
23145,4.13393e-06
23146,4.12397e-06
23147,4.11457e-06
23148,4.10426e-06
23149,4.09444e-06
23150,4.08376e-06
23151,4.07353e-06
23152,4.06248e-06
23153,4.05184e-06
23154,4.04041e-06
23155,4.02937e-06
23156,4.01754e-06
23157,4.00611e-06
23158,3.99388e-06
23159,3.98206e-06
23160,3.96942e-06
23161,3.95723e-06
23162,3.94417e-06
23163,3.9316e-06
23164,3.91813e-06
23165,3.90519e-06
23166,3.89129e-06
23167,3.87799e-06
23168,3.86366e-06
23169,3.85e-06
23170,3.83524e-06
23171,3.82123e-06
23172,3.80604e-06
23173,3.79169e-06
23174,3.77606e-06
23175,3.76136e-06
23176,3.7453e-06
23177,3.73027e-06
23178,3.71377e-06
23179,3.69842e-06
23180,3.68148e-06
23181,3.6658e-06
23182,3.64843e-06
23183,3.63244e-06
23184,3.61464e-06
23185,3.59833e-06
23186,3.58011e-06
23187,3.56349e-06
23188,3.54496e-06
23189,3.52792e-06
23190,3.50911e-06
23191,3.49163e-06
23192,3.47255e-06
23193,3.45464e-06
23194,3.43528e-06
23195,3.41695e-06
23196,3.39732e-06
23197,3.37858e-06
23198,3.35868e-06
23199,3.33953e-06
23200,3.31937e-06
23201,3.29982e-06
23202,3.2794e-06
23203,3.25947e-06
23204,3.23878e-06
23205,3.21848e-06
23206,3.19754e-06
23207,3.17688e-06
23208,3.15567e-06
23209,3.13467e-06
23210,3.1132e-06
23211,3.09186e-06
23212,3.07014e-06
23213,3.04849e-06
23214,3.02673e-06
23215,3.02297e-06
23216,3.01706e-06
23217,3.01295e-06
23218,3.00648e-06
23219,3.00184e-06
23220,2.99502e-06
23221,2.98963e-06
23222,2.98246e-06
23223,2.97629e-06
23224,2.96877e-06
23225,2.96182e-06
23226,2.95396e-06
23227,2.94628e-06
23228,2.93817e-06
23229,2.93018e-06
23230,2.92126e-06
23231,2.91295e-06
23232,2.90319e-06
23233,2.89457e-06
23234,2.88396e-06
23235,2.87504e-06
23236,2.86373e-06
23237,2.85435e-06
23238,2.84276e-06
23239,2.83252e-06
23240,2.82065e-06
23241,2.80953e-06
23242,2.7974e-06
23243,2.7854e-06
23244,2.77302e-06
23245,2.76087e-06
23246,2.74757e-06
23247,2.73527e-06
23248,2.72106e-06
23249,2.70856e-06
23250,2.69374e-06
23251,2.6915e-06
23252,2.70938e-06
23253,2.72807e-06
23254,2.74567e-06
23255,2.765e-06
23256,2.78328e-06
23257,2.8018e-06
23258,2.82075e-06
23259,2.83845e-06
23260,2.85807e-06
23261,2.87639e-06
23262,2.89524e-06
23263,2.91422e-06
23264,2.93222e-06
23265,2.95188e-06
23266,2.9701e-06
23267,2.98936e-06
23268,3.00826e-06
23269,3.02665e-06
23270,3.04622e-06
23271,3.06467e-06
23272,3.08441e-06
23273,3.10362e-06
23274,3.12249e-06
23275,3.14237e-06
23276,3.16055e-06
23277,3.1809e-06
23278,3.19973e-06
23279,3.2192e-06
23280,3.2387e-06
23281,3.25727e-06
23282,3.27742e-06
23283,3.2964e-06
23284,3.3164e-06
23285,3.33606e-06
23286,3.35516e-06
23287,3.37546e-06
23288,3.3937e-06
23289,3.4146e-06
23290,3.43347e-06
23291,3.45347e-06
23292,3.47296e-06
23293,3.49205e-06
23294,3.51251e-06
23295,3.53124e-06
23296,3.55195e-06
23297,3.57128e-06
23298,3.59107e-06
23299,3.611e-06
23300,3.62988e-06
23301,3.65039e-06
23302,3.6688e-06
23303,3.68945e-06
23304,3.70893e-06
23305,3.72866e-06
23306,3.7487e-06
23307,3.76752e-06
23308,3.78811e-06
23309,3.80602e-06
23310,3.82713e-06
23311,3.84549e-06
23312,3.86575e-06
23313,3.8851e-06
23314,3.90403e-06
23315,3.92428e-06
23316,3.94232e-06
23317,3.96302e-06
23318,3.98051e-06
23319,4.00132e-06
23320,4.01928e-06
23321,4.03915e-06
23322,4.05796e-06
23323,4.0765e-06
23324,4.09614e-06
23325,4.11372e-06
23326,4.1338e-06
23327,4.15052e-06
23328,4.17094e-06
23329,4.1877e-06
23330,4.20753e-06
23331,4.22479e-06
23332,4.24356e-06
23333,4.26148e-06
23334,4.27903e-06
23335,4.29757e-06
23336,4.31423e-06
23337,4.33304e-06
23338,4.34889e-06
23339,4.36789e-06
23340,4.38293e-06
23341,4.40209e-06
23342,4.41734e-06
23343,4.43564e-06
23344,4.45132e-06
23345,4.46852e-06
23346,4.4846e-06
23347,4.5009e-06
23348,4.51715e-06
23349,4.53269e-06
23350,4.54898e-06
23351,4.56377e-06
23352,4.58007e-06
23353,4.59412e-06
23354,4.61041e-06
23355,4.62374e-06
23356,4.63999e-06
23357,4.65261e-06
23358,4.66879e-06
23359,4.68075e-06
23360,4.69682e-06
23361,4.70886e-06
23362,4.72407e-06
23363,4.73615e-06
23364,4.75061e-06
23365,4.76261e-06
23366,4.77641e-06
23367,4.78822e-06
23368,4.80138e-06
23369,4.813e-06
23370,4.82554e-06
23371,4.83693e-06
23372,4.84886e-06
23373,4.86001e-06
23374,4.87135e-06
23375,4.88223e-06
23376,4.89301e-06
23377,4.9036e-06
23378,4.91383e-06
23379,4.92412e-06
23380,4.93382e-06
23381,4.94378e-06
23382,4.95298e-06
23383,4.96259e-06
23384,4.9713e-06
23385,4.98055e-06
23386,4.98879e-06
23387,4.99766e-06
23388,5.00545e-06
23389,5.01393e-06
23390,5.02129e-06
23391,5.02935e-06
23392,5.03631e-06
23393,5.04395e-06
23394,5.05052e-06
23395,5.05772e-06
23396,5.06392e-06
23397,5.07067e-06
23398,5.07653e-06
23399,5.08281e-06
23400,5.08834e-06
23401,5.09415e-06
23402,5.09938e-06
23403,5.1047e-06
23404,5.10965e-06
23405,5.11447e-06
23406,5.11916e-06
23407,5.12347e-06
23408,5.12805e-06
23409,5.13171e-06
23410,5.13624e-06
23411,5.13922e-06
23412,5.14372e-06
23413,5.14599e-06
23414,5.15049e-06
23415,5.15204e-06
23416,5.15659e-06
23417,5.1574e-06
23418,5.16201e-06
23419,5.16247e-06
23420,5.16677e-06
23421,5.16717e-06
23422,5.17089e-06
23423,5.17124e-06
23424,5.17438e-06
23425,5.1749e-06
23426,5.17727e-06
23427,5.17804e-06
23428,5.17956e-06
23429,5.1806e-06
23430,5.18127e-06
23431,5.18261e-06
23432,5.18242e-06
23433,5.18409e-06
23434,5.18326e-06
23435,5.18504e-06
23436,5.18361e-06
23437,5.18548e-06
23438,5.18418e-06
23439,5.18543e-06
23440,5.18459e-06
23441,5.18491e-06
23442,5.18453e-06
23443,5.18393e-06
23444,5.18403e-06
23445,5.1828e-06
23446,5.18311e-06
23447,5.18127e-06
23448,5.18177e-06
23449,5.17945e-06
23450,5.18004e-06
23451,5.17829e-06
23452,5.17793e-06
23453,5.17676e-06
23454,5.17545e-06
23455,5.17487e-06
23456,5.1729e-06
23457,5.17264e-06
23458,5.17007e-06
23459,5.17009e-06
23460,5.16763e-06
23461,5.16721e-06
23462,5.1654e-06
23463,5.16403e-06
23464,5.16287e-06
23465,5.16056e-06
23466,5.16006e-06
23467,5.15713e-06
23468,5.15696e-06
23469,5.15435e-06
23470,5.1536e-06
23471,5.15131e-06
23472,5.14999e-06
23473,5.14815e-06
23474,5.14613e-06
23475,5.14496e-06
23476,5.14236e-06
23477,5.14153e-06
23478,5.13927e-06
23479,5.13789e-06
23480,5.13596e-06
23481,5.13402e-06
23482,5.13243e-06
23483,5.12995e-06
23484,5.12869e-06
23485,5.12811e-06
23486,5.12844e-06
23487,5.1317e-06
23488,5.13154e-06
23489,5.13471e-06
23490,5.13405e-06
23491,5.13716e-06
23492,5.13598e-06
23493,5.13914e-06
23494,5.13732e-06
23495,5.14052e-06
23496,5.13806e-06
23497,5.14129e-06
23498,5.13842e-06
23499,5.14147e-06
23500,5.13829e-06
23501,5.14103e-06
23502,5.13755e-06
23503,5.13999e-06
23504,5.1362e-06
23505,5.13833e-06
23506,5.13424e-06
23507,5.13606e-06
23508,5.13166e-06
23509,5.13317e-06
23510,5.12847e-06
23511,5.12967e-06
23512,5.12466e-06
23513,5.12556e-06
23514,5.12024e-06
23515,5.12082e-06
23516,5.11547e-06
23517,5.11548e-06
23518,5.11009e-06
23519,5.10952e-06
23520,5.10408e-06
23521,5.10295e-06
23522,5.09746e-06
23523,5.09577e-06
23524,5.09022e-06
23525,5.08798e-06
23526,5.08237e-06
23527,5.07958e-06
23528,5.07392e-06
23529,5.07059e-06
23530,5.06485e-06
23531,5.06099e-06
23532,5.05518e-06
23533,5.05081e-06
23534,5.04491e-06
23535,5.04005e-06
23536,5.03405e-06
23537,5.02869e-06
23538,5.02426e-06
23539,5.02327e-06
23540,5.02134e-06
23541,5.01993e-06
23542,5.0184e-06
23543,5.01658e-06
23544,5.01543e-06
23545,5.01347e-06
23546,5.01243e-06
23547,5.01086e-06
23548,5.00942e-06
23549,5.00824e-06
23550,5.00639e-06
23551,5.00559e-06
23552,5.00407e-06
23553,5.00293e-06
23554,5.00179e-06
23555,5.00026e-06
23556,4.9995e-06
23557,4.99808e-06
23558,4.99718e-06
23559,4.99613e-06
23560,4.99485e-06
23561,4.99416e-06
23562,4.99282e-06
23563,4.99215e-06
23564,4.99116e-06
23565,4.99012e-06
23566,4.98946e-06
23567,4.98815e-06
23568,4.98772e-06
23569,4.98671e-06
23570,4.98592e-06
23571,4.98521e-06
23572,4.98407e-06
23573,4.98363e-06
23574,4.98247e-06
23575,4.98198e-06
23576,4.98106e-06
23577,4.98025e-06
23578,4.97955e-06
23579,4.97841e-06
23580,4.97792e-06
23581,4.97657e-06
23582,4.97617e-06
23583,4.97497e-06
23584,4.97429e-06
23585,4.97322e-06
23586,4.97226e-06
23587,4.97131e-06
23588,4.97008e-06
23589,4.96922e-06
23590,4.96774e-06
23591,4.96693e-06
23592,4.96521e-06
23593,4.96445e-06
23594,4.96255e-06
23595,4.96175e-06
23596,4.95982e-06
23597,4.95882e-06
23598,4.95684e-06
23599,4.95564e-06
23600,4.95359e-06
23601,4.95221e-06
23602,4.95006e-06
23603,4.9485e-06
23604,4.94622e-06
23605,4.9445e-06
23606,4.94207e-06
23607,4.94019e-06
23608,4.93759e-06
23609,4.93557e-06
23610,4.93276e-06
23611,4.93061e-06
23612,4.92757e-06
23613,4.9253e-06
23614,4.922e-06
23615,4.91961e-06
23616,4.91604e-06
23617,4.91355e-06
23618,4.90967e-06
23619,4.90708e-06
23620,4.90302e-06
23621,4.9002e-06
23622,4.89604e-06
23623,4.89288e-06
23624,4.88863e-06
23625,4.88512e-06
23626,4.88078e-06
23627,4.87689e-06
23628,4.87247e-06
23629,4.86819e-06
23630,4.86369e-06
23631,4.85899e-06
23632,4.85443e-06
23633,4.84928e-06
23634,4.84465e-06
23635,4.83931e-06
23636,4.83436e-06
23637,4.82893e-06
23638,4.82354e-06
23639,4.81802e-06
23640,4.81216e-06
23641,4.80656e-06
23642,4.80023e-06
23643,4.79455e-06
23644,4.78771e-06
23645,4.78196e-06
23646,4.77502e-06
23647,4.76878e-06
23648,4.76177e-06
23649,4.755e-06
23650,4.74792e-06
23651,4.74061e-06
23652,4.73346e-06
23653,4.72559e-06
23654,4.71837e-06
23655,4.70995e-06
23656,4.70265e-06
23657,4.69365e-06
23658,4.68627e-06
23659,4.67699e-06
23660,4.66924e-06
23661,4.65986e-06
23662,4.65154e-06
23663,4.64205e-06
23664,4.63317e-06
23665,4.62357e-06
23666,4.61411e-06
23667,4.60439e-06
23668,4.59436e-06
23669,4.58452e-06
23670,4.57392e-06
23671,4.56394e-06
23672,4.55277e-06
23673,4.54265e-06
23674,4.53091e-06
23675,4.52064e-06
23676,4.50834e-06
23677,4.49792e-06
23678,4.48542e-06
23679,4.47448e-06
23680,4.46179e-06
23681,4.45031e-06
23682,4.43743e-06
23683,4.42541e-06
23684,4.41234e-06
23685,4.39979e-06
23686,4.38651e-06
23687,4.37345e-06
23688,4.35995e-06
23689,4.34638e-06
23690,4.33266e-06
23691,4.31859e-06
23692,4.30464e-06
23693,4.29009e-06
23694,4.27595e-06
23695,4.26088e-06
23696,4.24666e-06
23697,4.23097e-06
23698,4.21666e-06
23699,4.20068e-06
23700,4.18596e-06
23701,4.1697e-06
23702,4.15458e-06
23703,4.13803e-06
23704,4.12252e-06
23705,4.10567e-06
23706,4.08979e-06
23707,4.07263e-06
23708,4.05641e-06
23709,4.03893e-06
23710,4.02239e-06
23711,4.00458e-06
23712,3.98773e-06
23713,3.9696e-06
23714,3.95247e-06
23715,3.93399e-06
23716,3.9166e-06
23717,3.89778e-06
23718,3.88015e-06
23719,3.86098e-06
23720,3.84314e-06
23721,3.82361e-06
23722,3.80557e-06
23723,3.78569e-06
23724,3.76748e-06
23725,3.74724e-06
23726,3.72889e-06
23727,3.70849e-06
23728,3.6898e-06
23729,3.66932e-06
23730,3.65025e-06
23731,3.62971e-06
23732,3.61025e-06
23733,3.58968e-06
23734,3.56983e-06
23735,3.54925e-06
23736,3.52902e-06
23737,3.50844e-06
23738,3.48783e-06
23739,3.46728e-06
23740,3.44628e-06
23741,3.42579e-06
23742,3.40454e-06
23743,3.384e-06
23744,3.36274e-06
23745,3.34192e-06
23746,3.32067e-06
23747,3.29982e-06
23748,3.27835e-06
23749,3.25765e-06
23750,3.2358e-06
23751,3.21528e-06
23752,3.19316e-06
23753,3.17273e-06
23754,3.15083e-06
23755,3.13002e-06
23756,3.10837e-06
23757,3.08718e-06
23758,3.06578e-06
23759,3.04423e-06
23760,3.02311e-06
23761,3.00121e-06
23762,2.98036e-06
23763,2.95815e-06
23764,2.93757e-06
23765,2.91569e-06
23766,2.89477e-06
23767,2.87321e-06
23768,2.85196e-06
23769,2.83075e-06
23770,2.80919e-06
23771,2.78831e-06
23772,2.76647e-06
23773,2.74594e-06
23774,2.72423e-06
23775,2.70364e-06
23776,2.68231e-06
23777,2.66145e-06
23778,2.6405e-06
23779,2.63353e-06
23780,2.65269e-06
23781,2.67225e-06
23782,2.69187e-06
23783,2.71127e-06
23784,2.73064e-06
23785,2.75044e-06
23786,2.77005e-06
23787,2.78964e-06
23788,2.80913e-06
23789,2.82889e-06
23790,2.84849e-06
23791,2.86784e-06
23792,2.8876e-06
23793,2.90718e-06
23794,2.92646e-06
23795,2.94595e-06
23796,2.96539e-06
23797,2.98442e-06
23798,3.00372e-06
23799,3.02286e-06
23800,3.04145e-06
23801,3.06066e-06
23802,3.07931e-06
23803,3.09779e-06
23804,3.11648e-06
23805,3.13444e-06
23806,3.15296e-06
23807,3.1716e-06
23808,3.19228e-06
23809,3.21234e-06
23810,3.23256e-06
23811,3.25255e-06
23812,3.27228e-06
23813,3.29202e-06
23814,3.31117e-06
23815,3.33066e-06
23816,3.34937e-06
23817,3.36845e-06
23818,3.38689e-06
23819,3.40538e-06
23820,3.42354e-06
23821,3.44148e-06
23822,3.45932e-06
23823,3.47696e-06
23824,3.4943e-06
23825,3.51154e-06
23826,3.52859e-06
23827,3.54521e-06
23828,3.56196e-06
23829,3.57797e-06
23830,3.59441e-06
23831,3.60991e-06
23832,3.62594e-06
23833,3.64112e-06
23834,3.65653e-06
23835,3.67139e-06
23836,3.68618e-06
23837,3.70072e-06
23838,3.71489e-06
23839,3.7291e-06
23840,3.74265e-06
23841,3.75654e-06
23842,3.7696e-06
23843,3.78302e-06
23844,3.79574e-06
23845,3.80856e-06
23846,3.82092e-06
23847,3.83315e-06
23848,3.84516e-06
23849,3.85699e-06
23850,3.86846e-06
23851,3.87994e-06
23852,3.89082e-06
23853,3.90195e-06
23854,3.91225e-06
23855,3.92302e-06
23856,3.93275e-06
23857,3.94316e-06
23858,3.95242e-06
23859,3.96238e-06
23860,3.97129e-06
23861,3.98069e-06
23862,3.98924e-06
23863,3.99809e-06
23864,4.00629e-06
23865,4.0146e-06
23866,4.02244e-06
23867,4.03023e-06
23868,4.0377e-06
23869,4.04498e-06
23870,4.05209e-06
23871,4.05888e-06
23872,4.06563e-06
23873,4.07193e-06
23874,4.07831e-06
23875,4.08415e-06
23876,4.09017e-06
23877,4.09564e-06
23878,4.1012e-06
23879,4.10641e-06
23880,4.11143e-06
23881,4.11639e-06
23882,4.12091e-06
23883,4.12559e-06
23884,4.12973e-06
23885,4.13403e-06
23886,4.1378e-06
23887,4.14173e-06
23888,4.14515e-06
23889,4.1487e-06
23890,4.15179e-06
23891,4.15496e-06
23892,4.15773e-06
23893,4.16053e-06
23894,4.163e-06
23895,4.16543e-06
23896,4.16761e-06
23897,4.16967e-06
23898,4.17159e-06
23899,4.17327e-06
23900,4.17494e-06
23901,4.17642e-06
23902,4.17769e-06
23903,4.17906e-06
23904,4.17985e-06
23905,4.18113e-06
23906,4.18151e-06
23907,4.18264e-06
23908,4.18287e-06
23909,4.18361e-06
23910,4.1837e-06
23911,4.18406e-06
23912,4.18401e-06
23913,4.184e-06
23914,4.18384e-06
23915,4.18346e-06
23916,4.18319e-06
23917,4.18244e-06
23918,4.18208e-06
23919,4.18115e-06
23920,4.18053e-06
23921,4.17959e-06
23922,4.17854e-06
23923,4.1776e-06
23924,4.17618e-06
23925,4.1752e-06
23926,4.17376e-06
23927,4.1724e-06
23928,4.17094e-06
23929,4.16922e-06
23930,4.16775e-06
23931,4.16567e-06
23932,4.1642e-06
23933,4.16178e-06
23934,4.16029e-06
23935,4.15789e-06
23936,4.15605e-06
23937,4.15366e-06
23938,4.15147e-06
23939,4.14911e-06
23940,4.14658e-06
23941,4.14424e-06
23942,4.14138e-06
23943,4.13907e-06
23944,4.13587e-06
23945,4.1336e-06
23946,4.13028e-06
23947,4.12783e-06
23948,4.12455e-06
23949,4.12178e-06
23950,4.11853e-06
23951,4.11546e-06
23952,4.11224e-06
23953,4.10886e-06
23954,4.10568e-06
23955,4.102e-06
23956,4.09884e-06
23957,4.09487e-06
23958,4.09174e-06
23959,4.08749e-06
23960,4.08438e-06
23961,4.08003e-06
23962,4.07676e-06
23963,4.07242e-06
23964,4.06889e-06
23965,4.06455e-06
23966,4.06075e-06
23967,4.05642e-06
23968,4.05237e-06
23969,4.04803e-06
23970,4.04373e-06
23971,4.03937e-06
23972,4.03483e-06
23973,4.03046e-06
23974,4.02568e-06
23975,4.02128e-06
23976,4.01627e-06
23977,4.01183e-06
23978,4.00659e-06
23979,4.00211e-06
23980,3.99666e-06
23981,3.99426e-06
23982,3.99377e-06
23983,3.9926e-06
23984,3.9915e-06
23985,3.99037e-06
23986,3.989e-06
23987,3.98755e-06
23988,3.98644e-06
23989,3.98481e-06
23990,3.98329e-06
23991,3.98171e-06
23992,3.97956e-06
23993,3.97802e-06
23994,3.97592e-06
23995,3.97375e-06
23996,3.9717e-06
23997,3.96917e-06
23998,3.96689e-06
23999,3.96442e-06
24000,3.96155e-06
24001,3.95908e-06
24002,3.95628e-06
24003,3.95315e-06
24004,3.95041e-06
24005,3.94734e-06
24006,3.94401e-06
24007,3.94094e-06
24008,3.93767e-06
24009,3.93418e-06
24010,3.93072e-06
24011,3.9273e-06
24012,3.92369e-06
24013,3.91992e-06
24014,3.91624e-06
24015,3.91252e-06
24016,3.90866e-06
24017,3.90467e-06
24018,3.90068e-06
24019,3.89672e-06
24020,3.8926e-06
24021,3.88832e-06
24022,3.88403e-06
24023,3.87975e-06
24024,3.87527e-06
24025,3.87054e-06
24026,3.86603e-06
24027,3.86127e-06
24028,3.85618e-06
24029,3.85131e-06
24030,3.84617e-06
24031,3.84066e-06
24032,3.83546e-06
24033,3.82982e-06
24034,3.82404e-06
24035,3.81831e-06
24036,3.81202e-06
24037,3.80606e-06
24038,3.79971e-06
24039,3.79327e-06
24040,3.78709e-06
24041,3.78018e-06
24042,3.77371e-06
24043,3.76661e-06
24044,3.75953e-06
24045,3.75224e-06
24046,3.74456e-06
24047,3.73707e-06
24048,3.72879e-06
24049,3.72107e-06
24050,3.71236e-06
24051,3.70426e-06
24052,3.69528e-06
24053,3.6866e-06
24054,3.67736e-06
24055,3.66811e-06
24056,3.65858e-06
24057,3.64877e-06
24058,3.63895e-06
24059,3.62858e-06
24060,3.61844e-06
24061,3.60753e-06
24062,3.59706e-06
24063,3.58561e-06
24064,3.57481e-06
24065,3.56285e-06
24066,3.55189e-06
24067,3.53952e-06
24068,3.52807e-06
24069,3.51529e-06
24070,3.50334e-06
24071,3.49013e-06
24072,3.4777e-06
24073,3.46406e-06
24074,3.45115e-06
24075,3.43706e-06
24076,3.42369e-06
24077,3.40913e-06
24078,3.39533e-06
24079,3.38029e-06
24080,3.36605e-06
24081,3.35053e-06
24082,3.33587e-06
24083,3.31985e-06
24084,3.30479e-06
24085,3.28829e-06
24086,3.27281e-06
24087,3.25595e-06
24088,3.23995e-06
24089,3.22274e-06
24090,3.2062e-06
24091,3.18866e-06
24092,3.17159e-06
24093,3.15373e-06
24094,3.1361e-06
24095,3.11795e-06
24096,3.09976e-06
24097,3.08134e-06
24098,3.06258e-06
24099,3.04391e-06
24100,3.02457e-06
24101,3.00579e-06
24102,2.98604e-06
24103,2.96704e-06
24104,2.94713e-06
24105,2.92754e-06
24106,2.9075e-06
24107,2.8873e-06
24108,2.86716e-06
24109,2.84635e-06
24110,2.82612e-06
24111,2.80521e-06
24112,2.78441e-06
24113,2.76348e-06
24114,2.74207e-06
24115,2.72112e-06
24116,2.69976e-06
24117,2.67815e-06
24118,2.65686e-06
24119,2.63532e-06
24120,2.61367e-06
24121,2.59202e-06
24122,2.57054e-06
24123,2.55001e-06
24124,2.53578e-06
24125,2.52122e-06
24126,2.50698e-06
24127,2.49198e-06
24128,2.47775e-06
24129,2.46261e-06
24130,2.4481e-06
24131,2.43332e-06
24132,2.41889e-06
24133,2.4131e-06
24134,2.42538e-06
24135,2.4363e-06
24136,2.44856e-06
24137,2.45937e-06
24138,2.47161e-06
24139,2.48231e-06
24140,2.49452e-06
24141,2.50514e-06
24142,2.51728e-06
24143,2.52785e-06
24144,2.53989e-06
24145,2.55047e-06
24146,2.56235e-06
24147,2.57305e-06
24148,2.58466e-06
24149,2.59546e-06
24150,2.60681e-06
24151,2.61772e-06
24152,2.62879e-06
24153,2.63981e-06
24154,2.65061e-06
24155,2.66174e-06
24156,2.67227e-06
24157,2.68349e-06
24158,2.69397e-06
24159,2.70508e-06
24160,2.71551e-06
24161,2.72649e-06
24162,2.73688e-06
24163,2.74772e-06
24164,2.75808e-06
24165,2.76878e-06
24166,2.7791e-06
24167,2.78965e-06
24168,2.79995e-06
24169,2.81035e-06
24170,2.82063e-06
24171,2.83086e-06
24172,2.84114e-06
24173,2.8512e-06
24174,2.86147e-06
24175,2.87135e-06
24176,2.88162e-06
24177,2.89132e-06
24178,2.9016e-06
24179,2.9111e-06
24180,2.9214e-06
24181,2.93085e-06
24182,2.94103e-06
24183,2.95055e-06
24184,2.96048e-06
24185,2.97008e-06
24186,2.97977e-06
24187,2.98943e-06
24188,2.99888e-06
24189,3.00861e-06
24190,3.01798e-06
24191,3.02761e-06
24192,3.03705e-06
24193,3.04645e-06
24194,3.05596e-06
24195,3.06512e-06
24196,3.07471e-06
24197,3.08363e-06
24198,3.09331e-06
24199,3.10197e-06
24200,3.11175e-06
24201,3.12034e-06
24202,3.13005e-06
24203,3.13876e-06
24204,3.14821e-06
24205,3.15704e-06
24206,3.16622e-06
24207,3.17519e-06
24208,3.1841e-06
24209,3.19322e-06
24210,3.20185e-06
24211,3.21113e-06
24212,3.21947e-06
24213,3.22892e-06
24214,3.2373e-06
24215,3.2466e-06
24216,3.25517e-06
24217,3.26418e-06
24218,3.27295e-06
24219,3.28166e-06
24220,3.29065e-06
24221,3.29905e-06
24222,3.30826e-06
24223,3.32094e-06
24224,3.33188e-06
24225,3.34658e-06
24226,3.35841e-06
24227,3.37192e-06
24228,3.38462e-06
24229,3.39701e-06
24230,3.41051e-06
24231,3.42227e-06
24232,3.43609e-06
24233,3.44723e-06
24234,3.4617e-06
24235,3.47327e-06
24236,3.48713e-06
24237,3.49911e-06
24238,3.51223e-06
24239,3.52492e-06
24240,3.53702e-06
24241,3.55039e-06
24242,3.56149e-06
24243,3.57552e-06
24244,3.58581e-06
24245,3.60031e-06
24246,3.61119e-06
24247,3.62476e-06
24248,3.63621e-06
24249,3.64902e-06
24250,3.66086e-06
24251,3.67316e-06
24252,3.68514e-06
24253,3.69695e-06
24254,3.70936e-06
24255,3.7204e-06
24256,3.73325e-06
24257,3.74351e-06
24258,3.75677e-06
24259,3.76628e-06
24260,3.77993e-06
24261,3.78898e-06
24262,3.80272e-06
24263,3.81209e-06
24264,3.82515e-06
24265,3.83481e-06
24266,3.84723e-06
24267,3.85715e-06
24268,3.86897e-06
24269,3.87911e-06
24270,3.89057e-06
24271,3.9007e-06
24272,3.9118e-06
24273,3.92191e-06
24274,3.93268e-06
24275,3.94277e-06
24276,3.95321e-06
24277,3.96342e-06
24278,3.9734e-06
24279,3.98369e-06
24280,3.99324e-06
24281,4.0036e-06
24282,4.01275e-06
24283,4.02315e-06
24284,4.03193e-06
24285,4.04234e-06
24286,4.05078e-06
24287,4.06118e-06
24288,4.0693e-06
24289,4.07967e-06
24290,4.08751e-06
24291,4.09782e-06
24292,4.1054e-06
24293,4.11564e-06
24294,4.12298e-06
24295,4.13313e-06
24296,4.14026e-06
24297,4.15029e-06
24298,4.15723e-06
24299,4.16713e-06
24300,4.17391e-06
24301,4.18365e-06
24302,4.19028e-06
24303,4.19986e-06
24304,4.20637e-06
24305,4.21577e-06
24306,4.22217e-06
24307,4.23137e-06
24308,4.23768e-06
24309,4.24667e-06
24310,4.2529e-06
24311,4.26167e-06
24312,4.26785e-06
24313,4.27639e-06
24314,4.28252e-06
24315,4.29081e-06
24316,4.2969e-06
24317,4.30495e-06
24318,4.31102e-06
24319,4.31881e-06
24320,4.32485e-06
24321,4.33239e-06
24322,4.33842e-06
24323,4.34569e-06
24324,4.35171e-06
24325,4.35871e-06
24326,4.36473e-06
24327,4.37146e-06
24328,4.37747e-06
24329,4.38627e-06
24330,4.39593e-06
24331,4.40523e-06
24332,4.4149e-06
24333,4.42392e-06
24334,4.43363e-06
24335,4.44234e-06
24336,4.45212e-06
24337,4.4605e-06
24338,4.47037e-06
24339,4.47853e-06
24340,4.48836e-06
24341,4.49636e-06
24342,4.50611e-06
24343,4.51394e-06
24344,4.52362e-06
24345,4.53126e-06
24346,4.54087e-06
24347,4.54847e-06
24348,4.55787e-06
24349,4.5656e-06
24350,4.57462e-06
24351,4.58258e-06
24352,4.59113e-06
24353,4.59932e-06
24354,4.60739e-06
24355,4.61584e-06
24356,4.62347e-06
24357,4.63212e-06
24358,4.6395e-06
24359,4.64817e-06
24360,4.65528e-06
24361,4.66398e-06
24362,4.6709e-06
24363,4.67957e-06
24364,4.68653e-06
24365,4.69492e-06
24366,4.70194e-06
24367,4.71004e-06
24368,4.71713e-06
24369,4.72493e-06
24370,4.73209e-06
24371,4.73959e-06
24372,4.74709e-06
24373,4.75402e-06
24374,4.76188e-06
24375,4.76847e-06
24376,4.77644e-06
24377,4.78312e-06
24378,4.79077e-06
24379,4.79754e-06
24380,4.80488e-06
24381,4.81175e-06
24382,4.81877e-06
24383,4.82573e-06
24384,4.83243e-06
24385,4.8395e-06
24386,4.84587e-06
24387,4.85304e-06
24388,4.85908e-06
24389,4.86635e-06
24390,4.87215e-06
24391,4.87944e-06
24392,4.88555e-06
24393,4.8923e-06
24394,4.89873e-06
24395,4.90502e-06
24396,4.91166e-06
24397,4.91764e-06
24398,4.92436e-06
24399,4.93002e-06
24400,4.93682e-06
24401,4.94217e-06
24402,4.94903e-06
24403,4.95434e-06
24404,4.961e-06
24405,4.96636e-06
24406,4.97272e-06
24407,4.97813e-06
24408,4.98419e-06
24409,4.98963e-06
24410,4.9954e-06
24411,5.00087e-06
24412,5.00636e-06
24413,5.01185e-06
24414,5.01705e-06
24415,5.02255e-06
24416,5.02748e-06
24417,5.03298e-06
24418,5.03764e-06
24419,5.04313e-06
24420,5.04752e-06
24421,5.05299e-06
24422,5.05713e-06
24423,5.06256e-06
24424,5.06645e-06
24425,5.07183e-06
24426,5.07552e-06
24427,5.08081e-06
24428,5.08441e-06
24429,5.08947e-06
24430,5.09298e-06
24431,5.09782e-06
24432,5.10121e-06
24433,5.10586e-06
24434,5.10911e-06
24435,5.11356e-06
24436,5.11667e-06
24437,5.12093e-06
24438,5.12388e-06
24439,5.12796e-06
24440,5.13073e-06
24441,5.13464e-06
24442,5.13721e-06
24443,5.14096e-06
24444,5.14332e-06
24445,5.14692e-06
24446,5.14905e-06
24447,5.15251e-06
24448,5.15438e-06
24449,5.15771e-06
24450,5.15932e-06
24451,5.16252e-06
24452,5.16384e-06
24453,5.16694e-06
24454,5.1681e-06
24455,5.17094e-06
24456,5.172e-06
24457,5.17452e-06
24458,5.17549e-06
24459,5.17768e-06
24460,5.17856e-06
24461,5.1804e-06
24462,5.1812e-06
24463,5.18266e-06
24464,5.1834e-06
24465,5.18447e-06
24466,5.18515e-06
24467,5.18581e-06
24468,5.18644e-06
24469,5.18666e-06
24470,5.18726e-06
24471,5.18702e-06
24472,5.18759e-06
24473,5.18688e-06
24474,5.18743e-06
24475,5.18622e-06
24476,5.18677e-06
24477,5.18524e-06
24478,5.18559e-06
24479,5.18405e-06
24480,5.18388e-06
24481,5.18235e-06
24482,5.18162e-06
24483,5.18011e-06
24484,5.17882e-06
24485,5.17733e-06
24486,5.17545e-06
24487,5.17399e-06
24488,5.1715e-06
24489,5.17009e-06
24490,5.16697e-06
24491,5.1656e-06
24492,5.16201e-06
24493,5.16052e-06
24494,5.15699e-06
24495,5.15484e-06
24496,5.15137e-06
24497,5.14854e-06
24498,5.14513e-06
24499,5.14161e-06
24500,5.13827e-06
24501,5.13404e-06
24502,5.13078e-06
24503,5.12582e-06
24504,5.12267e-06
24505,5.11743e-06
24506,5.11403e-06
24507,5.10887e-06
24508,5.10473e-06
24509,5.09966e-06
24510,5.09475e-06
24511,5.08977e-06
24512,5.08408e-06
24513,5.07919e-06
24514,5.07271e-06
24515,5.06791e-06
24516,5.06065e-06
24517,5.05593e-06
24518,5.04876e-06
24519,5.04322e-06
24520,5.03615e-06
24521,5.02978e-06
24522,5.02282e-06
24523,5.0156e-06
24524,5.00874e-06
24525,5.00067e-06
24526,4.99391e-06
24527,4.98498e-06
24528,4.97832e-06
24529,4.96903e-06
24530,4.96197e-06
24531,4.95277e-06
24532,4.94483e-06
24533,4.93573e-06
24534,4.92691e-06
24535,4.91791e-06
24536,4.90819e-06
24537,4.89929e-06
24538,4.88868e-06
24539,4.87986e-06
24540,4.86836e-06
24541,4.85963e-06
24542,4.8483e-06
24543,4.83858e-06
24544,4.82748e-06
24545,4.8168e-06
24546,4.80583e-06
24547,4.79424e-06
24548,4.78335e-06
24549,4.77086e-06
24550,4.76003e-06
24551,4.74664e-06
24552,4.73588e-06
24553,4.72213e-06
24554,4.71087e-06
24555,4.69719e-06
24556,4.68503e-06
24557,4.67139e-06
24558,4.65833e-06
24559,4.64473e-06
24560,4.63079e-06
24561,4.61722e-06
24562,4.6024e-06
24563,4.58886e-06
24564,4.57317e-06
24565,4.55965e-06
24566,4.54309e-06
24567,4.52958e-06
24568,4.51291e-06
24569,4.49867e-06
24570,4.482e-06
24571,4.46692e-06
24572,4.45024e-06
24573,4.43433e-06
24574,4.41763e-06
24575,4.40091e-06
24576,4.38419e-06
24577,4.36667e-06
24578,4.34991e-06
24579,4.33162e-06
24580,4.31482e-06
24581,4.29577e-06
24582,4.27891e-06
24583,4.25921e-06
24584,4.2422e-06
24585,4.22255e-06
24586,4.20478e-06
24587,4.18508e-06
24588,4.1666e-06
24589,4.14683e-06
24590,4.12764e-06
24591,4.1078e-06
24592,4.08794e-06
24593,4.06801e-06
24594,4.0475e-06
24595,4.02748e-06
24596,4.00635e-06
24597,3.98622e-06
24598,3.96449e-06
24599,3.94425e-06
24600,3.92197e-06
24601,3.9016e-06
24602,3.87878e-06
24603,3.85828e-06
24604,3.83496e-06
24605,3.81432e-06
24606,3.79053e-06
24607,3.76974e-06
24608,3.74552e-06
24609,3.72457e-06
24610,3.7002e-06
24611,3.67882e-06
24612,3.6543e-06
24613,3.63254e-06
24614,3.60785e-06
24615,3.58573e-06
24616,3.56087e-06
24617,3.53844e-06
24618,3.5134e-06
24619,3.49068e-06
24620,3.46546e-06
24621,3.4425e-06
24622,3.41709e-06
24623,3.39392e-06
24624,3.36831e-06
24625,3.34497e-06
24626,3.31915e-06
24627,3.29568e-06
24628,3.26965e-06
24629,3.24608e-06
24630,3.21984e-06
24631,3.19621e-06
24632,3.16975e-06
24633,3.14611e-06
24634,3.11971e-06
24635,3.09579e-06
24636,3.06961e-06
24637,3.04531e-06
24638,3.01939e-06
24639,2.99468e-06
24640,2.96908e-06
24641,2.94395e-06
24642,2.91871e-06
24643,2.89316e-06
24644,2.86831e-06
24645,2.84232e-06
24646,2.81793e-06
24647,2.79149e-06
24648,2.76759e-06
24649,2.74151e-06
24650,2.71733e-06
24651,2.69171e-06
24652,2.66718e-06
24653,2.64228e-06
24654,2.61718e-06
24655,2.59304e-06
24656,2.56803e-06
24657,2.54402e-06
24658,2.5431e-06
24659,2.56145e-06
24660,2.58119e-06
24661,2.5994e-06
24662,2.61868e-06
24663,2.63673e-06
24664,2.65555e-06
24665,2.67345e-06
24666,2.69179e-06
24667,2.70951e-06
24668,2.72737e-06
24669,2.74492e-06
24670,2.76228e-06
24671,2.77965e-06
24672,2.7965e-06
24673,2.81369e-06
24674,2.83002e-06
24675,2.84702e-06
24676,2.86283e-06
24677,2.87963e-06
24678,2.89497e-06
24679,2.9115e-06
24680,2.92663e-06
24681,2.94263e-06
24682,2.95754e-06
24683,2.973e-06
24684,2.98768e-06
24685,3.00261e-06
24686,3.01706e-06
24687,3.03143e-06
24688,3.04565e-06
24689,3.05947e-06
24690,3.07344e-06
24691,3.08671e-06
24692,3.10044e-06
24693,3.11315e-06
24694,3.12663e-06
24695,3.13894e-06
24696,3.15201e-06
24697,3.16405e-06
24698,3.17656e-06
24699,3.18834e-06
24700,3.2003e-06
24701,3.2118e-06
24702,3.22321e-06
24703,3.23444e-06
24704,3.24529e-06
24705,3.25623e-06
24706,3.26654e-06
24707,3.2772e-06
24708,3.28696e-06
24709,3.29733e-06
24710,3.30676e-06
24711,3.31663e-06
24712,3.32575e-06
24713,3.33509e-06
24714,3.34392e-06
24715,3.35272e-06
24716,3.36124e-06
24717,3.36953e-06
24718,3.37774e-06
24719,3.38551e-06
24720,3.39341e-06
24721,3.40067e-06
24722,3.40825e-06
24723,3.41505e-06
24724,3.42228e-06
24725,3.42876e-06
24726,3.4355e-06
24727,3.44166e-06
24728,3.44791e-06
24729,3.45375e-06
24730,3.45953e-06
24731,3.46505e-06
24732,3.4704e-06
24733,3.47568e-06
24734,3.48276e-06
24735,3.48987e-06
24736,3.49656e-06
24737,3.50372e-06
24738,3.5101e-06
24739,3.51695e-06
24740,3.52339e-06
24741,3.52955e-06
24742,3.53608e-06
24743,3.54215e-06
24744,3.54815e-06
24745,3.55454e-06
24746,3.56037e-06
24747,3.56635e-06
24748,3.57242e-06
24749,3.57789e-06
24750,3.58401e-06
24751,3.58963e-06
24752,3.59503e-06
24753,3.60081e-06
24754,3.60593e-06
24755,3.61144e-06
24756,3.61675e-06
24757,3.62154e-06
24758,3.62703e-06
24759,3.63187e-06
24760,3.63679e-06
24761,3.64184e-06
24762,3.6462e-06
24763,3.6513e-06
24764,3.65588e-06
24765,3.66025e-06
24766,3.66507e-06
24767,3.66916e-06
24768,3.67377e-06
24769,3.67811e-06
24770,3.682e-06
24771,3.68658e-06
24772,3.69035e-06
24773,3.69459e-06
24774,3.69863e-06
24775,3.70243e-06
24776,3.70645e-06
24777,3.71033e-06
24778,3.71393e-06
24779,3.7178e-06
24780,3.72169e-06
24781,3.72484e-06
24782,3.72901e-06
24783,3.73221e-06
24784,3.73592e-06
24785,3.73941e-06
24786,3.74291e-06
24787,3.7462e-06
24788,3.74984e-06
24789,3.75293e-06
24790,3.75637e-06
24791,3.75977e-06
24792,3.76251e-06
24793,3.76881e-06
24794,3.77669e-06
24795,3.78343e-06
24796,3.79084e-06
24797,3.79741e-06
24798,3.80433e-06
24799,3.81073e-06
24800,3.81717e-06
24801,3.82337e-06
24802,3.82935e-06
24803,3.83535e-06
24804,3.84086e-06
24805,3.84664e-06
24806,3.85168e-06
24807,3.85724e-06
24808,3.86183e-06
24809,3.86715e-06
24810,3.87129e-06
24811,3.87636e-06
24812,3.88005e-06
24813,3.88487e-06
24814,3.88812e-06
24815,3.89267e-06
24816,3.89549e-06
24817,3.89977e-06
24818,3.90215e-06
24819,3.90615e-06
24820,3.90811e-06
24821,3.91181e-06
24822,3.91336e-06
24823,3.91677e-06
24824,3.91791e-06
24825,3.921e-06
24826,3.92175e-06
24827,3.92453e-06
24828,3.92488e-06
24829,3.92733e-06
24830,3.92736e-06
24831,3.92943e-06
24832,3.92914e-06
24833,3.93082e-06
24834,3.93022e-06
24835,3.93149e-06
24836,3.9306e-06
24837,3.9315e-06
24838,3.93029e-06
24839,3.93083e-06
24840,3.9293e-06
24841,3.92947e-06
24842,3.92762e-06
24843,3.92742e-06
24844,3.92526e-06
24845,3.92468e-06
24846,3.92222e-06
24847,3.92127e-06
24848,3.91852e-06
24849,3.91719e-06
24850,3.91416e-06
24851,3.91244e-06
24852,3.90915e-06
24853,3.90704e-06
24854,3.90349e-06
24855,3.90099e-06
24856,3.89719e-06
24857,3.89431e-06
24858,3.89316e-06
24859,3.89354e-06
24860,3.89373e-06
24861,3.89395e-06
24862,3.8939e-06
24863,3.89414e-06
24864,3.89419e-06
24865,3.89393e-06
24866,3.89409e-06
24867,3.8933e-06
24868,3.89356e-06
24869,3.89277e-06
24870,3.89261e-06
24871,3.8918e-06
24872,3.89123e-06
24873,3.89039e-06
24874,3.88954e-06
24875,3.88855e-06
24876,3.88765e-06
24877,3.88628e-06
24878,3.88532e-06
24879,3.88357e-06
24880,3.88254e-06
24881,3.88043e-06
24882,3.87931e-06
24883,3.87695e-06
24884,3.87564e-06
24885,3.87317e-06
24886,3.87153e-06
24887,3.86895e-06
24888,3.86697e-06
24889,3.86426e-06
24890,3.86196e-06
24891,3.85912e-06
24892,3.8565e-06
24893,3.85352e-06
24894,3.8506e-06
24895,3.84746e-06
24896,3.84427e-06
24897,3.84095e-06
24898,3.83758e-06
24899,3.83398e-06
24900,3.83043e-06
24901,3.82655e-06
24902,3.8228e-06
24903,3.81866e-06
24904,3.8147e-06
24905,3.8103e-06
24906,3.80613e-06
24907,3.80149e-06
24908,3.7971e-06
24909,3.79221e-06
24910,3.78758e-06
24911,3.78247e-06
24912,3.7776e-06
24913,3.77234e-06
24914,3.76714e-06
24915,3.76178e-06
24916,3.75625e-06
24917,3.75075e-06
24918,3.74494e-06
24919,3.73924e-06
24920,3.73315e-06
24921,3.72725e-06
24922,3.72087e-06
24923,3.71479e-06
24924,3.70811e-06
24925,3.70184e-06
24926,3.69486e-06
24927,3.6884e-06
24928,3.68111e-06
24929,3.67448e-06
24930,3.66687e-06
24931,3.66007e-06
24932,3.65212e-06
24933,3.64516e-06
24934,3.63688e-06
24935,3.62976e-06
24936,3.62124e-06
24937,3.61385e-06
24938,3.60518e-06
24939,3.59744e-06
24940,3.58861e-06
24941,3.58051e-06
24942,3.57154e-06
24943,3.56308e-06
24944,3.55396e-06
24945,3.54513e-06
24946,3.53586e-06
24947,3.52666e-06
24948,3.51725e-06
24949,3.50767e-06
24950,3.49811e-06
24951,3.48837e-06
24952,3.47845e-06
24953,3.46857e-06
24954,3.45826e-06
24955,3.44824e-06
24956,3.43754e-06
24957,3.42738e-06
24958,3.41628e-06
24959,3.40599e-06
24960,3.39465e-06
24961,3.38405e-06
24962,3.37255e-06
24963,3.36157e-06
24964,3.34991e-06
24965,3.33854e-06
24966,3.32673e-06
24967,3.31496e-06
24968,3.30301e-06
24969,3.29083e-06
24970,3.27874e-06
24971,3.26615e-06
24972,3.25392e-06
24973,3.2412e-06
24974,3.22855e-06
24975,3.2157e-06
24976,3.20262e-06
24977,3.18964e-06
24978,3.17641e-06
24979,3.16302e-06
24980,3.14967e-06
24981,3.13585e-06
24982,3.12237e-06
24983,3.10811e-06
24984,3.0945e-06
24985,3.07982e-06
24986,3.06608e-06
24987,3.05096e-06
24988,3.03709e-06
24989,3.02171e-06
24990,3.00755e-06
24991,2.99204e-06
24992,2.97744e-06
24993,2.96181e-06
24994,2.94677e-06
24995,2.93102e-06
24996,2.91554e-06
24997,2.89967e-06
24998,2.88375e-06
24999,2.86777e-06
25000,2.85147e-06
25001,2.83531e-06
25002,2.8189e-06
25003,2.80229e-06
25004,2.78578e-06
25005,2.76873e-06
25006,2.75212e-06
25007,2.73462e-06
25008,2.71791e-06
25009,2.70014e-06
25010,2.68316e-06
25011,2.6654e-06
25012,2.64788e-06
25013,2.63014e-06
25014,2.61207e-06
25015,2.59436e-06
25016,2.57599e-06
25017,2.55806e-06
25018,2.53962e-06
25019,2.52126e-06
25020,2.50275e-06
25021,2.48395e-06
25022,2.46538e-06
25023,2.4465e-06
25024,2.42752e-06
25025,2.4086e-06
25026,2.38918e-06
25027,2.37022e-06
25028,2.35037e-06
25029,2.33138e-06
25030,2.3112e-06
25031,2.29207e-06
25032,2.29714e-06
25033,2.30688e-06
25034,2.31606e-06
25035,2.32702e-06
25036,2.33685e-06
25037,2.34671e-06
25038,2.3572e-06
25039,2.36614e-06
25040,2.3771e-06
25041,2.38669e-06
25042,2.39656e-06
25043,2.4068e-06
25044,2.41615e-06
25045,2.42654e-06
25046,2.4371e-06
25047,2.44639e-06
25048,2.45762e-06
25049,2.46698e-06
25050,2.47768e-06
25051,2.48772e-06
25052,2.4973e-06
25053,2.50801e-06
25054,2.51817e-06
25055,2.52843e-06
25056,2.5394e-06
25057,2.54853e-06
25058,2.56019e-06
25059,2.56978e-06
25060,2.58055e-06
25061,2.59158e-06
25062,2.60111e-06
25063,2.61296e-06
25064,2.62322e-06
25065,2.63392e-06
25066,2.64491e-06
25067,2.65517e-06
25068,2.66693e-06
25069,2.67797e-06
25070,2.68858e-06
25071,2.70039e-06
25072,2.71099e-06
25073,2.72283e-06
25074,2.73458e-06
25075,2.74525e-06
25076,2.75779e-06
25077,2.76898e-06
25078,2.78109e-06
25079,2.79343e-06
25080,2.80436e-06
25081,2.81761e-06
25082,2.82953e-06
25083,2.84216e-06
25084,2.85491e-06
25085,2.86635e-06
25086,2.88068e-06
25087,2.89277e-06
25088,2.90618e-06
25089,2.91994e-06
25090,2.93134e-06
25091,2.94677e-06
25092,2.95975e-06
25093,2.97327e-06
25094,2.98791e-06
25095,3.00011e-06
25096,3.016e-06
25097,3.02937e-06
25098,3.04429e-06
25099,3.05917e-06
25100,3.07224e-06
25101,3.08876e-06
25102,3.10226e-06
25103,3.11818e-06
25104,3.1331e-06
25105,3.14784e-06
25106,3.16424e-06
25107,3.17714e-06
25108,3.19511e-06
25109,3.2095e-06
25110,3.22594e-06
25111,3.24155e-06
25112,3.25678e-06
25113,3.27386e-06
25114,3.28726e-06
25115,3.30575e-06
25116,3.31999e-06
25117,3.33777e-06
25118,3.35298e-06
25119,3.36949e-06
25120,3.38603e-06
25121,3.40106e-06
25122,3.41861e-06
25123,3.43256e-06
25124,3.45129e-06
25125,3.46461e-06
25126,3.48353e-06
25127,3.49799e-06
25128,3.51557e-06
25129,3.53085e-06
25130,3.54739e-06
25131,3.56345e-06
25132,3.57872e-06
25133,3.59577e-06
25134,3.61004e-06
25135,3.62752e-06
25136,3.64081e-06
25137,3.65916e-06
25138,3.67128e-06
25139,3.69025e-06
25140,3.70268e-06
25141,3.72233e-06
25142,3.74153e-06
25143,3.76354e-06
25144,3.78222e-06
25145,3.80431e-06
25146,3.82256e-06
25147,3.84464e-06
25148,3.86299e-06
25149,3.88449e-06
25150,3.9029e-06
25151,3.92385e-06
25152,3.94228e-06
25153,3.9627e-06
25154,3.98109e-06
25155,4.00105e-06
25156,4.01933e-06
25157,4.03884e-06
25158,4.05697e-06
25159,4.07606e-06
25160,4.094e-06
25161,4.11267e-06
25162,4.1304e-06
25163,4.14866e-06
25164,4.16615e-06
25165,4.18404e-06
25166,4.20125e-06
25167,4.21881e-06
25168,4.23566e-06
25169,4.25292e-06
25170,4.26938e-06
25171,4.28638e-06
25172,4.3024e-06
25173,4.31915e-06
25174,4.3347e-06
25175,4.35124e-06
25176,4.36627e-06
25177,4.38262e-06
25178,4.3971e-06
25179,4.41328e-06
25180,4.4273e-06
25181,4.44322e-06
25182,4.45679e-06
25183,4.47241e-06
25184,4.48552e-06
25185,4.50087e-06
25186,4.51349e-06
25187,4.52856e-06
25188,4.54068e-06
25189,4.5555e-06
25190,4.56709e-06
25191,4.58182e-06
25192,4.59271e-06
25193,4.60745e-06
25194,4.61787e-06
25195,4.6323e-06
25196,4.64251e-06
25197,4.65638e-06
25198,4.66639e-06
25199,4.67968e-06
25200,4.68966e-06
25201,4.7022e-06
25202,4.71229e-06
25203,4.72393e-06
25204,4.73415e-06
25205,4.745e-06
25206,4.75524e-06
25207,4.76547e-06
25208,4.77557e-06
25209,4.78515e-06
25210,4.79513e-06
25211,4.80406e-06
25212,4.81397e-06
25213,4.82219e-06
25214,4.83234e-06
25215,4.83954e-06
25216,4.84994e-06
25217,4.85629e-06
25218,4.86679e-06
25219,4.87307e-06
25220,4.88289e-06
25221,4.88944e-06
25222,4.89824e-06
25223,4.90511e-06
25224,4.91292e-06
25225,4.92006e-06
25226,4.92716e-06
25227,4.93428e-06
25228,4.94066e-06
25229,4.94779e-06
25230,4.95345e-06
25231,4.96067e-06
25232,4.96551e-06
25233,4.97314e-06
25234,4.97746e-06
25235,4.98492e-06
25236,4.98928e-06
25237,4.996e-06
25238,5.00041e-06
25239,5.0064e-06
25240,5.01128e-06
25241,5.01611e-06
25242,5.02147e-06
25243,5.02538e-06
25244,5.03101e-06
25245,5.03416e-06
25246,5.03989e-06
25247,5.0425e-06
25248,5.04813e-06
25249,5.05126e-06
25250,5.05587e-06
25251,5.05938e-06
25252,5.06324e-06
25253,5.06689e-06
25254,5.07e-06
25255,5.07377e-06
25256,5.07613e-06
25257,5.08005e-06
25258,5.08166e-06
25259,5.08597e-06
25260,5.08786e-06
25261,5.09145e-06
25262,5.09351e-06
25263,5.09635e-06
25264,5.09857e-06
25265,5.10066e-06
25266,5.10305e-06
25267,5.10441e-06
25268,5.10721e-06
25269,5.1078e-06
25270,5.11094e-06
25271,5.11172e-06
25272,5.11412e-06
25273,5.11507e-06
25274,5.11674e-06
25275,5.11787e-06
25276,5.11882e-06
25277,5.12014e-06
25278,5.12036e-06
25279,5.12201e-06
25280,5.12167e-06
25281,5.12355e-06
25282,5.1234e-06
25283,5.12456e-06
25284,5.12459e-06
25285,5.12505e-06
25286,5.12525e-06
25287,5.12502e-06
25288,5.1254e-06
25289,5.12448e-06
25290,5.12504e-06
25291,5.12357e-06
25292,5.12421e-06
25293,5.12317e-06
25294,5.12313e-06
25295,5.12225e-06
25296,5.12154e-06
25297,5.12083e-06
25298,5.11946e-06
25299,5.1189e-06
25300,5.11688e-06
25301,5.11648e-06
25302,5.11382e-06
25303,5.11357e-06
25304,5.11092e-06
25305,5.11017e-06
25306,5.10766e-06
25307,5.10628e-06
25308,5.10392e-06
25309,5.10193e-06
25310,5.09981e-06
25311,5.0971e-06
25312,5.09531e-06
25313,5.0918e-06
25314,5.09033e-06
25315,5.08664e-06
25316,5.08488e-06
25317,5.08129e-06
25318,5.07895e-06
25319,5.07546e-06
25320,5.07255e-06
25321,5.06916e-06
25322,5.06569e-06
25323,5.06239e-06
25324,5.05837e-06
25325,5.05515e-06
25326,5.05059e-06
25327,5.04745e-06
25328,5.04237e-06
25329,5.03929e-06
25330,5.03403e-06
25331,5.03068e-06
25332,5.02548e-06
25333,5.02161e-06
25334,5.01647e-06
25335,5.0121e-06
25336,5.00701e-06
25337,5.00214e-06
25338,4.99709e-06
25339,4.99175e-06
25340,4.98673e-06
25341,4.98091e-06
25342,4.97592e-06
25343,4.96964e-06
25344,4.96466e-06
25345,4.95793e-06
25346,4.95297e-06
25347,4.94616e-06
25348,4.94084e-06
25349,4.9341e-06
25350,4.92828e-06
25351,4.92159e-06
25352,4.91534e-06
25353,4.90864e-06
25354,4.90196e-06
25355,4.89524e-06
25356,4.88815e-06
25357,4.88141e-06
25358,4.8739e-06
25359,4.86714e-06
25360,4.85923e-06
25361,4.85243e-06
25362,4.84413e-06
25363,4.8373e-06
25364,4.8286e-06
25365,4.82173e-06
25366,4.81285e-06
25367,4.80572e-06
25368,4.7968e-06
25369,4.7893e-06
25370,4.78031e-06
25371,4.77244e-06
25372,4.7634e-06
25373,4.75516e-06
25374,4.74605e-06
25375,4.73745e-06
25376,4.72828e-06
25377,4.71932e-06
25378,4.71007e-06
25379,4.70077e-06
25380,4.69144e-06
25381,4.6818e-06
25382,4.67239e-06
25383,4.66241e-06
25384,4.65291e-06
25385,4.64259e-06
25386,4.633e-06
25387,4.62236e-06
25388,4.61267e-06
25389,4.60171e-06
25390,4.59193e-06
25391,4.58065e-06
25392,4.57076e-06
25393,4.55916e-06
25394,4.54917e-06
25395,4.5373e-06
25396,4.52716e-06
25397,4.51519e-06
25398,4.50473e-06
25399,4.49266e-06
25400,4.48189e-06
25401,4.4697e-06
25402,4.45863e-06
25403,4.44633e-06
25404,4.43496e-06
25405,4.42255e-06
25406,4.41088e-06
25407,4.39835e-06
25408,4.38639e-06
25409,4.37374e-06
25410,4.36148e-06
25411,4.34872e-06
25412,4.33617e-06
25413,4.32329e-06
25414,4.31046e-06
25415,4.29745e-06
25416,4.28434e-06
25417,4.27122e-06
25418,4.25782e-06
25419,4.24458e-06
25420,4.2309e-06
25421,4.21754e-06
25422,4.20359e-06
25423,4.19012e-06
25424,4.17588e-06
25425,4.1623e-06
25426,4.14779e-06
25427,4.13409e-06
25428,4.1193e-06
25429,4.10551e-06
25430,4.09044e-06
25431,4.07654e-06
25432,4.0612e-06
25433,4.0472e-06
25434,4.03164e-06
25435,4.01749e-06
25436,4.00185e-06
25437,3.98742e-06
25438,3.97171e-06
25439,3.95699e-06
25440,3.94122e-06
25441,3.92621e-06
25442,3.91038e-06
25443,3.89509e-06
25444,3.87921e-06
25445,3.86363e-06
25446,3.8477e-06
25447,3.83183e-06
25448,3.81588e-06
25449,3.79972e-06
25450,3.78374e-06
25451,3.76728e-06
25452,3.75129e-06
25453,3.73455e-06
25454,3.71855e-06
25455,3.70151e-06
25456,3.68552e-06
25457,3.66832e-06
25458,3.65222e-06
25459,3.63506e-06
25460,3.61865e-06
25461,3.60169e-06
25462,3.58499e-06
25463,3.56817e-06
25464,3.55115e-06
25465,3.53443e-06
25466,3.51708e-06
25467,3.50048e-06
25468,3.48283e-06
25469,3.46634e-06
25470,3.44885e-06
25471,3.43201e-06
25472,3.4147e-06
25473,3.39751e-06
25474,3.38039e-06
25475,3.36286e-06
25476,3.34595e-06
25477,3.3282e-06
25478,3.31138e-06
25479,3.29389e-06
25480,3.27669e-06
25481,3.25948e-06
25482,3.24191e-06
25483,3.22498e-06
25484,3.20741e-06
25485,3.19043e-06
25486,3.17319e-06
25487,3.15582e-06
25488,3.13903e-06
25489,3.12163e-06
25490,3.10519e-06
25491,3.08821e-06
25492,3.07135e-06
25493,3.05481e-06
25494,3.03779e-06
25495,3.02145e-06
25496,3.00491e-06
25497,2.98815e-06
25498,2.9721e-06
25499,2.95566e-06
25500,2.93936e-06
25501,2.92346e-06
25502,2.90722e-06
25503,2.89137e-06
25504,2.8757e-06
25505,2.85975e-06
25506,2.84432e-06
25507,2.82897e-06
25508,2.81334e-06
25509,2.79834e-06
25510,2.78335e-06
25511,2.7681e-06
25512,2.75354e-06
25513,2.73893e-06
25514,2.72406e-06
25515,2.70996e-06
25516,2.69576e-06
25517,2.68126e-06
25518,2.66767e-06
25519,2.65385e-06
25520,2.63979e-06
25521,2.62665e-06
25522,2.61317e-06
25523,2.59967e-06
25524,2.58689e-06
25525,2.57369e-06
25526,2.56082e-06
25527,2.54832e-06
25528,2.53533e-06
25529,2.52316e-06
25530,2.51086e-06
25531,2.49824e-06
25532,2.4866e-06
25533,2.47439e-06
25534,2.46257e-06
25535,2.45101e-06
25536,2.43878e-06
25537,2.42785e-06
25538,2.41625e-06
25539,2.4049e-06
25540,2.39392e-06
25541,2.3825e-06
25542,2.37179e-06
25543,2.36089e-06
25544,2.37082e-06
25545,2.38689e-06
25546,2.40332e-06
25547,2.4191e-06
25548,2.43537e-06
25549,2.45112e-06
25550,2.46713e-06
25551,2.48269e-06
25552,2.49862e-06
25553,2.51377e-06
25554,2.5296e-06
25555,2.54435e-06
25556,2.56006e-06
25557,2.57442e-06
25558,2.58999e-06
25559,2.60396e-06
25560,2.61938e-06
25561,2.63296e-06
25562,2.64821e-06
25563,2.66158e-06
25564,2.67647e-06
25565,2.68963e-06
25566,2.70416e-06
25567,2.7171e-06
25568,2.73126e-06
25569,2.74399e-06
25570,2.75777e-06
25571,2.77032e-06
25572,2.78368e-06
25573,2.79604e-06
25574,2.80898e-06
25575,2.82114e-06
25576,2.83366e-06
25577,2.84561e-06
25578,2.85771e-06
25579,2.86944e-06
25580,2.88114e-06
25581,2.89262e-06
25582,2.90393e-06
25583,2.91516e-06
25584,2.92608e-06
25585,2.93705e-06
25586,2.94759e-06
25587,2.95828e-06
25588,2.96845e-06
25589,2.97886e-06
25590,2.98866e-06
25591,2.99877e-06
25592,3.00822e-06
25593,3.01802e-06
25594,3.02712e-06
25595,3.03661e-06
25596,3.04537e-06
25597,3.05453e-06
25598,3.06297e-06
25599,3.0718e-06
25600,3.07991e-06
25601,3.0884e-06
25602,3.09621e-06
25603,3.10435e-06
25604,3.11189e-06
25605,3.11964e-06
25606,3.127e-06
25607,3.13427e-06
25608,3.14147e-06
25609,3.14834e-06
25610,3.1553e-06
25611,3.16191e-06
25612,3.16849e-06
25613,3.17486e-06
25614,3.18106e-06
25615,3.18719e-06
25616,3.19301e-06
25617,3.19891e-06
25618,3.20434e-06
25619,3.21002e-06
25620,3.21506e-06
25621,3.22053e-06
25622,3.22519e-06
25623,3.23046e-06
25624,3.23492e-06
25625,3.23981e-06
25626,3.24419e-06
25627,3.24859e-06
25628,3.2529e-06
25629,3.25681e-06
25630,3.26105e-06
25631,3.26448e-06
25632,3.26865e-06
25633,3.27161e-06
25634,3.27573e-06
25635,3.27822e-06
25636,3.28228e-06
25637,3.28442e-06
25638,3.28832e-06
25639,3.29042e-06
25640,3.29386e-06
25641,3.29594e-06
25642,3.29892e-06
25643,3.30096e-06
25644,3.3035e-06
25645,3.30552e-06
25646,3.30763e-06
25647,3.30962e-06
25648,3.31138e-06
25649,3.31328e-06
25650,3.31498e-06
25651,3.3165e-06
25652,3.31815e-06
25653,3.31931e-06
25654,3.32091e-06
25655,3.32172e-06
25656,3.32327e-06
25657,3.324e-06
25658,3.32525e-06
25659,3.32595e-06
25660,3.32686e-06
25661,3.32801e-06
25662,3.3352e-06
25663,3.33905e-06
25664,3.3465e-06
25665,3.34975e-06
25666,3.35729e-06
25667,3.36037e-06
25668,3.36758e-06
25669,3.37084e-06
25670,3.37735e-06
25671,3.38088e-06
25672,3.38658e-06
25673,3.3904e-06
25674,3.39551e-06
25675,3.39939e-06
25676,3.40397e-06
25677,3.40784e-06
25678,3.41189e-06
25679,3.4159e-06
25680,3.41924e-06
25681,3.42358e-06
25682,3.42604e-06
25683,3.43071e-06
25684,3.43246e-06
25685,3.43727e-06
25686,3.43902e-06
25687,3.44327e-06
25688,3.4454e-06
25689,3.44897e-06
25690,3.45121e-06
25691,3.45421e-06
25692,3.45671e-06
25693,3.45887e-06
25694,3.4618e-06
25695,3.46295e-06
25696,3.46632e-06
25697,3.46752e-06
25698,3.47026e-06
25699,3.47195e-06
25700,3.47375e-06
25701,3.47583e-06
25702,3.477e-06
25703,3.47933e-06
25704,3.48036e-06
25705,3.48255e-06
25706,3.48395e-06
25707,3.48521e-06
25708,3.4872e-06
25709,3.48809e-06
25710,3.4899e-06
25711,3.49143e-06
25712,3.49208e-06
25713,3.49423e-06
25714,3.49555e-06
25715,3.4965e-06
25716,3.49851e-06
25717,3.49972e-06
25718,3.50112e-06
25719,3.50288e-06
25720,3.50447e-06
25721,3.50608e-06
25722,3.50732e-06
25723,3.50968e-06
25724,3.51102e-06
25725,3.51314e-06
25726,3.51489e-06
25727,3.51724e-06
25728,3.51886e-06
25729,3.52123e-06
25730,3.52324e-06
25731,3.52585e-06
25732,3.5281e-06
25733,3.52998e-06
25734,3.5327e-06
25735,3.53516e-06
25736,3.53803e-06
25737,3.54072e-06
25738,3.54321e-06
25739,3.5458e-06
25740,3.54851e-06
25741,3.55108e-06
25742,3.55384e-06
25743,3.55682e-06
25744,3.55968e-06
25745,3.56258e-06
25746,3.56561e-06
25747,3.56852e-06
25748,3.57132e-06
25749,3.57409e-06
25750,3.57703e-06
25751,3.57984e-06
25752,3.58251e-06
25753,3.58512e-06
25754,3.5879e-06
25755,3.59048e-06
25756,3.59282e-06
25757,3.59538e-06
25758,3.59778e-06
25759,3.59988e-06
25760,3.60215e-06
25761,3.60429e-06
25762,3.606e-06
25763,3.60808e-06
25764,3.60981e-06
25765,3.61147e-06
25766,3.61336e-06
25767,3.61475e-06
25768,3.61651e-06
25769,3.61788e-06
25770,3.61901e-06
25771,3.62034e-06
25772,3.62098e-06
25773,3.62212e-06
25774,3.62271e-06
25775,3.62322e-06
25776,3.62374e-06
25777,3.62362e-06
25778,3.62407e-06
25779,3.62362e-06
25780,3.62368e-06
25781,3.62313e-06
25782,3.62261e-06
25783,3.62236e-06
25784,3.62138e-06
25785,3.62102e-06
25786,3.61952e-06
25787,3.61893e-06
25788,3.61729e-06
25789,3.61607e-06
25790,3.61429e-06
25791,3.61245e-06
25792,3.61053e-06
25793,3.60806e-06
25794,3.60598e-06
25795,3.60289e-06
25796,3.60065e-06
25797,3.59749e-06
25798,3.5951e-06
25799,3.59178e-06
25800,3.58877e-06
25801,3.58527e-06
25802,3.58164e-06
25803,3.57795e-06
25804,3.5737e-06
25805,3.56983e-06
25806,3.56495e-06
25807,3.5609e-06
25808,3.5554e-06
25809,3.55115e-06
25810,3.54559e-06
25811,3.54097e-06
25812,3.53537e-06
25813,3.53013e-06
25814,3.52434e-06
25815,3.51848e-06
25816,3.51248e-06
25817,3.50601e-06
25818,3.49981e-06
25819,3.49273e-06
25820,3.48633e-06
25821,3.47864e-06
25822,3.47204e-06
25823,3.46389e-06
25824,3.45728e-06
25825,3.44907e-06
25826,3.44186e-06
25827,3.43345e-06
25828,3.42563e-06
25829,3.41703e-06
25830,3.40861e-06
25831,3.39981e-06
25832,3.39079e-06
25833,3.3818e-06
25834,3.37219e-06
25835,3.36302e-06
25836,3.35282e-06
25837,3.34382e-06
25838,3.33278e-06
25839,3.32391e-06
25840,3.31269e-06
25841,3.30323e-06
25842,3.29184e-06
25843,3.2818e-06
25844,3.27023e-06
25845,3.25963e-06
25846,3.24789e-06
25847,3.23672e-06
25848,3.22485e-06
25849,3.2131e-06
25850,3.20141e-06
25851,3.18877e-06
25852,3.17726e-06
25853,3.16407e-06
25854,3.1524e-06
25855,3.13867e-06
25856,3.12685e-06
25857,3.11259e-06
25858,3.10063e-06
25859,3.08603e-06
25860,3.07374e-06
25861,3.05903e-06
25862,3.0462e-06
25863,3.03163e-06
25864,3.01803e-06
25865,3.00358e-06
25866,2.98932e-06
25867,2.9749e-06
25868,2.96015e-06
25869,2.94561e-06
25870,2.93038e-06
25871,2.91571e-06
25872,2.90002e-06
25873,2.88523e-06
25874,2.8691e-06
25875,2.85417e-06
25876,2.84038e-06
25877,2.8267e-06
25878,2.81331e-06
25879,2.79922e-06
25880,2.78559e-06
25881,2.77116e-06
25882,2.75724e-06
25883,2.74246e-06
25884,2.72825e-06
25885,2.71314e-06
25886,2.69864e-06
25887,2.6832e-06
25888,2.66842e-06
25889,2.65269e-06
25890,2.6376e-06
25891,2.62159e-06
25892,2.60619e-06
25893,2.58989e-06
25894,2.5742e-06
25895,2.55762e-06
25896,2.54164e-06
25897,2.52624e-06
25898,2.5105e-06
25899,2.49635e-06
25900,2.4804e-06
25901,2.46582e-06
25902,2.44965e-06
25903,2.43466e-06
25904,2.41825e-06
25905,2.40286e-06
25906,2.38621e-06
25907,2.37044e-06
25908,2.35352e-06
25909,2.33738e-06
25910,2.3202e-06
25911,2.30371e-06
25912,2.28625e-06
25913,2.26942e-06
25914,2.25167e-06
25915,2.23452e-06
25916,2.21651e-06
25917,2.19902e-06
25918,2.18085e-06
25919,2.16293e-06
25920,2.14462e-06
25921,2.12625e-06
25922,2.10781e-06
25923,2.089e-06
25924,2.07044e-06
25925,2.05118e-06
25926,2.04836e-06
25927,2.06097e-06
25928,2.07158e-06
25929,2.08439e-06
25930,2.09464e-06
25931,2.10764e-06
25932,2.11828e-06
25933,2.13072e-06
25934,2.14191e-06
25935,2.15376e-06
25936,2.16539e-06
25937,2.17686e-06
25938,2.18871e-06
25939,2.19979e-06
25940,2.21185e-06
25941,2.22254e-06
25942,2.235e-06
25943,2.24532e-06
25944,2.25821e-06
25945,2.26877e-06
25946,2.28125e-06
25947,2.29216e-06
25948,2.30412e-06
25949,2.31569e-06
25950,2.32682e-06
25951,2.33905e-06
25952,2.34935e-06
25953,2.36225e-06
25954,2.3722e-06
25955,2.38527e-06
25956,2.3959e-06
25957,2.40812e-06
25958,2.41942e-06
25959,2.43121e-06
25960,2.44277e-06
25961,2.45416e-06
25962,2.46628e-06
25963,2.47692e-06
25964,2.48972e-06
25965,2.4995e-06
25966,2.51297e-06
25967,2.52335e-06
25968,2.53603e-06
25969,2.54707e-06
25970,2.55901e-06
25971,2.57059e-06
25972,2.58214e-06
25973,2.59411e-06
25974,2.60507e-06
25975,2.61767e-06
25976,2.62781e-06
25977,2.64101e-06
25978,2.65075e-06
25979,2.66415e-06
25980,2.67445e-06
25981,2.68717e-06
25982,2.69793e-06
25983,2.71029e-06
25984,2.72142e-06
25985,2.73318e-06
25986,2.74482e-06
25987,2.75584e-06
25988,2.76798e-06
25989,2.7783e-06
25990,2.79088e-06
25991,2.80089e-06
25992,2.8137e-06
25993,2.82323e-06
25994,2.83646e-06
25995,2.84979e-06
25996,2.86508e-06
25997,2.88016e-06
25998,2.8952e-06
25999,2.91054e-06
26000,2.92533e-06
26001,2.94091e-06
26002,2.95574e-06
26003,2.9715e-06
26004,2.98654e-06
26005,3.00205e-06
26006,3.01728e-06
26007,3.03255e-06
26008,3.04794e-06
26009,3.06296e-06
26010,3.07852e-06
26011,3.09329e-06
26012,3.10898e-06
26013,3.12351e-06
26014,3.1394e-06
26015,3.1541e-06
26016,3.16978e-06
26017,3.18454e-06
26018,3.19999e-06
26019,3.21481e-06
26020,3.23001e-06
26021,3.24487e-06
26022,3.25984e-06
26023,3.27471e-06
26024,3.28945e-06
26025,3.30431e-06
26026,3.31882e-06
26027,3.33366e-06
26028,3.34795e-06
26029,3.36274e-06
26030,3.37681e-06
26031,3.39153e-06
26032,3.40539e-06
26033,3.42002e-06
26034,3.43367e-06
26035,3.4482e-06
26036,3.46164e-06
26037,3.47603e-06
26038,3.48928e-06
26039,3.50352e-06
26040,3.51658e-06
26041,3.53065e-06
26042,3.54352e-06
26043,3.55739e-06
26044,3.57009e-06
26045,3.58374e-06
26046,3.59627e-06
26047,3.60968e-06
26048,3.62206e-06
26049,3.6352e-06
26050,3.64743e-06
26051,3.66028e-06
26052,3.67237e-06
26053,3.68492e-06
26054,3.69688e-06
26055,3.7091e-06
26056,3.72094e-06
26057,3.73281e-06
26058,3.74454e-06
26059,3.75604e-06
26060,3.76767e-06
26061,3.77878e-06
26062,3.79032e-06
26063,3.80102e-06
26064,3.81248e-06
26065,3.82274e-06
26066,3.83414e-06
26067,3.84398e-06
26068,3.85543e-06
26069,3.8653e-06
26070,3.87628e-06
26071,3.88613e-06
26072,3.89662e-06
26073,3.90646e-06
26074,3.91646e-06
26075,3.92629e-06
26076,3.93577e-06
26077,3.94562e-06
26078,3.95456e-06
26079,3.96443e-06
26080,3.97283e-06
26081,3.98275e-06
26082,3.99146e-06
26083,4.00081e-06
26084,4.0096e-06
26085,4.01837e-06
26086,4.02724e-06
26087,4.03541e-06
26088,4.04437e-06
26089,4.05193e-06
26090,4.061e-06
26091,4.06832e-06
26092,4.07712e-06
26093,4.08492e-06
26094,4.09273e-06
26095,4.10103e-06
26096,4.10815e-06
26097,4.11664e-06
26098,4.12345e-06
26099,4.13177e-06
26100,4.13876e-06
26101,4.1464e-06
26102,4.15358e-06
26103,4.16055e-06
26104,4.16818e-06
26105,4.17484e-06
26106,4.18243e-06
26107,4.18931e-06
26108,4.1962e-06
26109,4.20331e-06
26110,4.2095e-06
26111,4.21685e-06
26112,4.22284e-06
26113,4.22991e-06
26114,4.23615e-06
26115,4.2425e-06
26116,4.24921e-06
26117,4.25504e-06
26118,4.26199e-06
26119,4.26809e-06
26120,4.27432e-06
26121,4.28068e-06
26122,4.28618e-06
26123,4.29281e-06
26124,4.29827e-06
26125,4.30447e-06
26126,4.3102e-06
26127,4.31567e-06
26128,4.32167e-06
26129,4.32678e-06
26130,4.33294e-06
26131,4.33844e-06
26132,4.34387e-06
26133,4.34962e-06
26134,4.35433e-06
26135,4.36034e-06
26136,4.36524e-06
26137,4.37058e-06
26138,4.37572e-06
26139,4.38034e-06
26140,4.38572e-06
26141,4.39003e-06
26142,4.39524e-06
26143,4.39976e-06
26144,4.40427e-06
26145,4.40901e-06
26146,4.41282e-06
26147,4.41776e-06
26148,4.42163e-06
26149,4.42602e-06
26150,4.43007e-06
26151,4.43378e-06
26152,4.43801e-06
26153,4.44117e-06
26154,4.44543e-06
26155,4.44874e-06
26156,4.45243e-06
26157,4.45579e-06
26158,4.45913e-06
26159,4.46235e-06
26160,4.4653e-06
26161,4.46863e-06
26162,4.47095e-06
26163,4.47438e-06
26164,4.47654e-06
26165,4.47959e-06
26166,4.48182e-06
26167,4.48427e-06
26168,4.48655e-06
26169,4.48843e-06
26170,4.49074e-06
26171,4.49205e-06
26172,4.49438e-06
26173,4.49539e-06
26174,4.49748e-06
26175,4.49848e-06
26176,4.50004e-06
26177,4.50102e-06
26178,4.50207e-06
26179,4.503e-06
26180,4.50355e-06
26181,4.50444e-06
26182,4.50451e-06
26183,4.50533e-06
26184,4.50494e-06
26185,4.50567e-06
26186,4.50498e-06
26187,4.50547e-06
26188,4.50467e-06
26189,4.50474e-06
26190,4.50381e-06
26191,4.50348e-06
26192,4.50241e-06
26193,4.50169e-06
26194,4.50047e-06
26195,4.49938e-06
26196,4.49799e-06
26197,4.49656e-06
26198,4.49498e-06
26199,4.49322e-06
26200,4.49145e-06
26201,4.48939e-06
26202,4.4874e-06
26203,4.48506e-06
26204,4.48284e-06
26205,4.48024e-06
26206,4.47778e-06
26207,4.47494e-06
26208,4.47223e-06
26209,4.46918e-06
26210,4.46619e-06
26211,4.46294e-06
26212,4.45967e-06
26213,4.45625e-06
26214,4.45269e-06
26215,4.44911e-06
26216,4.44524e-06
26217,4.44154e-06
26218,4.43734e-06
26219,4.43353e-06
26220,4.42911e-06
26221,4.42511e-06
26222,4.42047e-06
26223,4.41627e-06
26224,4.41141e-06
26225,4.40703e-06
26226,4.40196e-06
26227,4.39739e-06
26228,4.39217e-06
26229,4.38738e-06
26230,4.38219e-06
26231,4.37717e-06
26232,4.37185e-06
26233,4.36662e-06
26234,4.36117e-06
26235,4.35571e-06
26236,4.35019e-06
26237,4.34447e-06
26238,4.33907e-06
26239,4.33292e-06
26240,4.32764e-06
26241,4.32151e-06
26242,4.31592e-06
26243,4.30997e-06
26244,4.3039e-06
26245,4.29816e-06
26246,4.29161e-06
26247,4.28608e-06
26248,4.27978e-06
26249,4.27374e-06
26250,4.2677e-06
26251,4.26114e-06
26252,4.25538e-06
26253,4.24888e-06
26254,4.24283e-06
26255,4.23664e-06
26256,4.23006e-06
26257,4.22419e-06
26258,4.21761e-06
26259,4.21154e-06
26260,4.20531e-06
26261,4.19868e-06
26262,4.19281e-06
26263,4.18623e-06
26264,4.18013e-06
26265,4.17393e-06
26266,4.16725e-06
26267,4.16146e-06
26268,4.15492e-06
26269,4.1488e-06
26270,4.14268e-06
26271,4.13597e-06
26272,4.13026e-06
26273,4.12378e-06
26274,4.11768e-06
26275,4.11191e-06
26276,4.10546e-06
26277,4.09987e-06
26278,4.09385e-06
26279,4.08765e-06
26280,4.08206e-06
26281,4.07557e-06
26282,4.07009e-06
26283,4.06403e-06
26284,4.05794e-06
26285,4.0523e-06
26286,4.04563e-06
26287,4.04037e-06
26288,4.03412e-06
26289,4.02825e-06
26290,4.02265e-06
26291,4.01631e-06
26292,4.01096e-06
26293,4.00501e-06
26294,3.99905e-06
26295,3.99347e-06
26296,3.98692e-06
26297,3.9817e-06
26298,3.97516e-06
26299,3.96968e-06
26300,3.96348e-06
26301,3.9574e-06
26302,3.95153e-06
26303,3.94487e-06
26304,3.93931e-06
26305,3.93255e-06
26306,3.92681e-06
26307,3.92049e-06
26308,3.91402e-06
26309,3.90811e-06
26310,3.90094e-06
26311,3.89542e-06
26312,3.88815e-06
26313,3.88239e-06
26314,3.87534e-06
26315,3.86903e-06
26316,3.86217e-06
26317,3.85533e-06
26318,3.84864e-06
26319,3.84127e-06
26320,3.83474e-06
26321,3.82686e-06
26322,3.82047e-06
26323,3.81209e-06
26324,3.80582e-06
26325,3.79751e-06
26326,3.79078e-06
26327,3.7826e-06
26328,3.77535e-06
26329,3.76728e-06
26330,3.75952e-06
26331,3.75152e-06
26332,3.74329e-06
26333,3.73534e-06
26334,3.72665e-06
26335,3.71872e-06
26336,3.70961e-06
26337,3.70166e-06
26338,3.69215e-06
26339,3.68416e-06
26340,3.67441e-06
26341,3.66621e-06
26342,3.6564e-06
26343,3.64782e-06
26344,3.63792e-06
26345,3.62898e-06
26346,3.61898e-06
26347,3.60974e-06
26348,3.59958e-06
26349,3.59007e-06
26350,3.57971e-06
26351,3.56996e-06
26352,3.55938e-06
26353,3.54942e-06
26354,3.53858e-06
26355,3.52845e-06
26356,3.51733e-06
26357,3.50704e-06
26358,3.49562e-06
26359,3.48521e-06
26360,3.47346e-06
26361,3.46295e-06
26362,3.45087e-06
26363,3.44027e-06
26364,3.42795e-06
26365,3.41718e-06
26366,3.40461e-06
26367,3.39368e-06
26368,3.38084e-06
26369,3.36978e-06
26370,3.35666e-06
26371,3.34549e-06
26372,3.33208e-06
26373,3.32081e-06
26374,3.30718e-06
26375,3.29575e-06
26376,3.28223e-06
26377,3.27033e-06
26378,3.257e-06
26379,3.24454e-06
26380,3.23144e-06
26381,3.21841e-06
26382,3.20556e-06
26383,3.1921e-06
26384,3.17937e-06
26385,3.16555e-06
26386,3.15288e-06
26387,3.13869e-06
26388,3.1261e-06
26389,3.11154e-06
26390,3.09904e-06
26391,3.08457e-06
26392,3.07173e-06
26393,3.05768e-06
26394,3.04416e-06
26395,3.03058e-06
26396,3.01635e-06
26397,3.00327e-06
26398,2.9886e-06
26399,2.97577e-06
26400,2.96122e-06
26401,2.94807e-06
26402,2.93376e-06
26403,2.92019e-06
26404,2.90623e-06
26405,2.89215e-06
26406,2.87884e-06
26407,2.86449e-06
26408,2.85131e-06
26409,2.83727e-06
26410,2.82366e-06
26411,2.80995e-06
26412,2.7959e-06
26413,2.78253e-06
26414,2.76804e-06
26415,2.75502e-06
26416,2.74125e-06
26417,2.7276e-06
26418,2.71445e-06
26419,2.70036e-06
26420,2.68759e-06
26421,2.67361e-06
26422,2.6607e-06
26423,2.64711e-06
26424,2.63376e-06
26425,2.62057e-06
26426,2.6069e-06
26427,2.59439e-06
26428,2.58118e-06
26429,2.56824e-06
26430,2.55545e-06
26431,2.54209e-06
26432,2.52971e-06
26433,2.51625e-06
26434,2.50397e-06
26435,2.49092e-06
26436,2.47824e-06
26437,2.46559e-06
26438,2.45252e-06
26439,2.44031e-06
26440,2.42746e-06
26441,2.41541e-06
26442,2.40295e-06
26443,2.39053e-06
26444,2.37845e-06
26445,2.36566e-06
26446,2.35396e-06
26447,2.34118e-06
26448,2.32948e-06
26449,2.31707e-06
26450,2.30503e-06
26451,2.30209e-06
26452,2.31821e-06
26453,2.33446e-06
26454,2.3502e-06
26455,2.36633e-06
26456,2.38192e-06
26457,2.39768e-06
26458,2.41312e-06
26459,2.4285e-06
26460,2.44379e-06
26461,2.45881e-06
26462,2.47391e-06
26463,2.48889e-06
26464,2.50348e-06
26465,2.51841e-06
26466,2.53255e-06
26467,2.54736e-06
26468,2.56132e-06
26469,2.57613e-06
26470,2.59396e-06
26471,2.61287e-06
26472,2.63032e-06
26473,2.64891e-06
26474,2.66607e-06
26475,2.68424e-06
26476,2.7011e-06
26477,2.71885e-06
26478,2.73539e-06
26479,2.75271e-06
26480,2.76893e-06
26481,2.78582e-06
26482,2.8017e-06
26483,2.81816e-06
26484,2.83369e-06
26485,2.84971e-06
26486,2.86488e-06
26487,2.88046e-06
26488,2.89526e-06
26489,2.91039e-06
26490,2.92482e-06
26491,2.93951e-06
26492,2.95355e-06
26493,2.96778e-06
26494,2.98143e-06
26495,2.99521e-06
26496,3.00846e-06
26497,3.02179e-06
26498,3.03462e-06
26499,3.0475e-06
26500,3.05991e-06
26501,3.07234e-06
26502,3.08433e-06
26503,3.0963e-06
26504,3.10785e-06
26505,3.11937e-06
26506,3.13048e-06
26507,3.14155e-06
26508,3.15222e-06
26509,3.16284e-06
26510,3.17314e-06
26511,3.18322e-06
26512,3.19315e-06
26513,3.2027e-06
26514,3.21225e-06
26515,3.22131e-06
26516,3.23045e-06
26517,3.23904e-06
26518,3.24773e-06
26519,3.25585e-06
26520,3.2641e-06
26521,3.27175e-06
26522,3.27956e-06
26523,3.28673e-06
26524,3.29411e-06
26525,3.3008e-06
26526,3.30775e-06
26527,3.31395e-06
26528,3.32048e-06
26529,3.3262e-06
26530,3.33232e-06
26531,3.33755e-06
26532,3.34325e-06
26533,3.34799e-06
26534,3.35329e-06
26535,3.35755e-06
26536,3.36244e-06
26537,3.36621e-06
26538,3.37072e-06
26539,3.37399e-06
26540,3.37811e-06
26541,3.3809e-06
26542,3.38464e-06
26543,3.38694e-06
26544,3.39032e-06
26545,3.39212e-06
26546,3.39514e-06
26547,3.39646e-06
26548,3.39912e-06
26549,3.40002e-06
26550,3.40228e-06
26551,3.40277e-06
26552,3.40461e-06
26553,3.40471e-06
26554,3.40614e-06
26555,3.40585e-06
26556,3.40687e-06
26557,3.40621e-06
26558,3.40682e-06
26559,3.4058e-06
26560,3.40599e-06
26561,3.40462e-06
26562,3.40441e-06
26563,3.40275e-06
26564,3.40208e-06
26565,3.40017e-06
26566,3.39901e-06
26567,3.39686e-06
26568,3.39524e-06
26569,3.39285e-06
26570,3.39075e-06
26571,3.38815e-06
26572,3.38558e-06
26573,3.38277e-06
26574,3.37977e-06
26575,3.37673e-06
26576,3.37348e-06
26577,3.37005e-06
26578,3.36655e-06
26579,3.36273e-06
26580,3.35901e-06
26581,3.3548e-06
26582,3.35086e-06
26583,3.34627e-06
26584,3.34212e-06
26585,3.33716e-06
26586,3.33282e-06
26587,3.32748e-06
26588,3.32296e-06
26589,3.31748e-06
26590,3.31256e-06
26591,3.31115e-06
26592,3.31174e-06
26593,3.31188e-06
26594,3.31233e-06
26595,3.31238e-06
26596,3.31301e-06
26597,3.31286e-06
26598,3.3134e-06
26599,3.31323e-06
26600,3.31353e-06
26601,3.31345e-06
26602,3.31378e-06
26603,3.31356e-06
26604,3.31384e-06
26605,3.31344e-06
26606,3.31363e-06
26607,3.31336e-06
26608,3.3135e-06
26609,3.31315e-06
26610,3.31323e-06
26611,3.31306e-06
26612,3.31439e-06
26613,3.31534e-06
26614,3.31628e-06
26615,3.3173e-06
26616,3.31784e-06
26617,3.31909e-06
26618,3.31966e-06
26619,3.32097e-06
26620,3.32156e-06
26621,3.32245e-06
26622,3.32305e-06
26623,3.32362e-06
26624,3.32414e-06
26625,3.32487e-06
26626,3.32497e-06
26627,3.32569e-06
26628,3.32576e-06
26629,3.32608e-06
26630,3.32612e-06
26631,3.32603e-06
26632,3.32604e-06
26633,3.32579e-06
26634,3.32551e-06
26635,3.32533e-06
26636,3.32452e-06
26637,3.32441e-06
26638,3.32504e-06
26639,3.32625e-06
26640,3.32747e-06
26641,3.32886e-06
26642,3.33043e-06
26643,3.3317e-06
26644,3.33311e-06
26645,3.33453e-06
26646,3.33564e-06
26647,3.33708e-06
26648,3.33834e-06
26649,3.33932e-06
26650,3.34075e-06
26651,3.34185e-06
26652,3.34285e-06
26653,3.34411e-06
26654,3.34501e-06
26655,3.34606e-06
26656,3.34712e-06
26657,3.34776e-06
26658,3.34891e-06
26659,3.34971e-06
26660,3.35037e-06
26661,3.35132e-06
26662,3.35199e-06
26663,3.3526e-06
26664,3.35328e-06
26665,3.35401e-06
26666,3.35431e-06
26667,3.3551e-06
26668,3.35546e-06
26669,3.35583e-06
26670,3.35634e-06
26671,3.3566e-06
26672,3.35684e-06
26673,3.3571e-06
26674,3.35732e-06
26675,3.3572e-06
26676,3.35758e-06
26677,3.35719e-06
26678,3.35743e-06
26679,3.35718e-06
26680,3.35687e-06
26681,3.35677e-06
26682,3.35588e-06
26683,3.35592e-06
26684,3.35502e-06
26685,3.35464e-06
26686,3.35388e-06
26687,3.35291e-06
26688,3.35229e-06
26689,3.35101e-06
26690,3.35023e-06
26691,3.34891e-06
26692,3.34771e-06
26693,3.34632e-06
26694,3.34512e-06
26695,3.34349e-06
26696,3.34218e-06
26697,3.34047e-06
26698,3.33873e-06
26699,3.33695e-06
26700,3.33494e-06
26701,3.33291e-06
26702,3.33101e-06
26703,3.32835e-06
26704,3.32656e-06
26705,3.3233e-06
26706,3.32156e-06
26707,3.31825e-06
26708,3.31602e-06
26709,3.31281e-06
26710,3.30991e-06
26711,3.30681e-06
26712,3.30326e-06
26713,3.30023e-06
26714,3.29657e-06
26715,3.29306e-06
26716,3.28928e-06
26717,3.2853e-06
26718,3.2814e-06
26719,3.27701e-06
26720,3.2729e-06
26721,3.26852e-06
26722,3.26423e-06
26723,3.2595e-06
26724,3.25507e-06
26725,3.24984e-06
26726,3.24527e-06
26727,3.23954e-06
26728,3.23483e-06
26729,3.22862e-06
26730,3.22374e-06
26731,3.21761e-06
26732,3.21198e-06
26733,3.20593e-06
26734,3.19955e-06
26735,3.19357e-06
26736,3.1868e-06
26737,3.18054e-06
26738,3.1736e-06
26739,3.16683e-06
26740,3.15972e-06
26741,3.15242e-06
26742,3.14515e-06
26743,3.13743e-06
26744,3.12988e-06
26745,3.12198e-06
26746,3.1139e-06
26747,3.10583e-06
26748,3.0977e-06
26749,3.08904e-06
26750,3.08089e-06
26751,3.07169e-06
26752,3.06335e-06
26753,3.05361e-06
26754,3.0451e-06
26755,3.03487e-06
26756,3.02612e-06
26757,3.01571e-06
26758,3.00641e-06
26759,2.99582e-06
26760,2.98597e-06
26761,2.9752e-06
26762,2.9648e-06
26763,2.95386e-06
26764,2.94291e-06
26765,2.93199e-06
26766,2.92086e-06
26767,2.9094e-06
26768,2.89808e-06
26769,2.88636e-06
26770,2.87457e-06
26771,2.86267e-06
26772,2.85033e-06
26773,2.83825e-06
26774,2.82536e-06
26775,2.81311e-06
26776,2.79967e-06
26777,2.78724e-06
26778,2.77326e-06
26779,2.76066e-06
26780,2.74646e-06
26781,2.73336e-06
26782,2.71905e-06
26783,2.70536e-06
26784,2.69108e-06
26785,2.67666e-06
26786,2.66241e-06
26787,2.64764e-06
26788,2.63304e-06
26789,2.61813e-06
26790,2.603e-06
26791,2.58794e-06
26792,2.57261e-06
26793,2.55707e-06
26794,2.54161e-06
26795,2.52554e-06
26796,2.50996e-06
26797,2.49337e-06
26798,2.47766e-06
26799,2.46055e-06
26800,2.44473e-06
26801,2.42747e-06
26802,2.41118e-06
26803,2.39382e-06
26804,2.37703e-06
26805,2.35958e-06
26806,2.34229e-06
26807,2.32475e-06
26808,2.30714e-06
26809,2.28935e-06
26810,2.27168e-06
26811,2.25354e-06
26812,2.23568e-06
26813,2.22288e-06
26814,2.21393e-06
26815,2.20808e-06
26816,2.19887e-06
26817,2.19314e-06
26818,2.18407e-06
26819,2.17821e-06
26820,2.16941e-06
26821,2.16327e-06
26822,2.15461e-06
26823,2.15829e-06
26824,2.16676e-06
26825,2.1746e-06
26826,2.18336e-06
26827,2.19098e-06
26828,2.19977e-06
26829,2.2077e-06
26830,2.21599e-06
26831,2.22425e-06
26832,2.23204e-06
26833,2.24062e-06
26834,2.24827e-06
26835,2.25682e-06
26836,2.26488e-06
26837,2.27286e-06
26838,2.28133e-06
26839,2.28937e-06
26840,2.29764e-06
26841,2.30613e-06
26842,2.31395e-06
26843,2.32275e-06
26844,2.33099e-06
26845,2.33924e-06
26846,2.3479e-06
26847,2.35584e-06
26848,2.36471e-06
26849,2.37309e-06
26850,2.3814e-06
26851,2.39023e-06
26852,2.39844e-06
26853,2.40728e-06
26854,2.41597e-06
26855,2.42423e-06
26856,2.4334e-06
26857,2.44204e-06
26858,2.45075e-06
26859,2.45989e-06
26860,2.46857e-06
26861,2.47767e-06
26862,2.48687e-06
26863,2.49568e-06
26864,2.50511e-06
26865,2.51446e-06
26866,2.52346e-06
26867,2.53318e-06
26868,2.54274e-06
26869,2.55201e-06
26870,2.56198e-06
26871,2.57181e-06
26872,2.58139e-06
26873,2.59157e-06
26874,2.60173e-06
26875,2.61167e-06
26876,2.62204e-06
26877,2.63256e-06
26878,2.64286e-06
26879,2.65342e-06
26880,2.66431e-06
26881,2.675e-06
26882,2.68574e-06
26883,2.69702e-06
26884,2.70807e-06
26885,2.71901e-06
26886,2.73066e-06
26887,2.74207e-06
26888,2.75322e-06
26889,2.76522e-06
26890,2.77711e-06
26891,2.78885e-06
26892,2.80127e-06
26893,2.81359e-06
26894,2.82559e-06
26895,2.83829e-06
26896,2.85086e-06
26897,2.86302e-06
26898,2.87607e-06
26899,2.8888e-06
26900,2.90152e-06
26901,2.91482e-06
26902,2.92819e-06
26903,2.94099e-06
26904,2.95476e-06
26905,2.96809e-06
26906,2.98123e-06
26907,2.99508e-06
26908,3.00827e-06
26909,3.02195e-06
26910,3.03601e-06
26911,3.04963e-06
26912,3.06361e-06
26913,3.07769e-06
26914,3.09106e-06
26915,3.1056e-06
26916,3.11939e-06
26917,3.13333e-06
26918,3.14788e-06
26919,3.16159e-06
26920,3.17616e-06
26921,3.19027e-06
26922,3.20424e-06
26923,3.21872e-06
26924,3.23223e-06
26925,3.24693e-06
26926,3.26106e-06
26927,3.27491e-06
26928,3.28962e-06
26929,3.30285e-06
26930,3.31791e-06
26931,3.33141e-06
26932,3.34591e-06
26933,3.3597e-06
26934,3.37361e-06
26935,3.38787e-06
26936,3.40104e-06
26937,3.41571e-06
26938,3.4291e-06
26939,3.4432e-06
26940,3.45679e-06
26941,3.47035e-06
26942,3.48412e-06
26943,3.49714e-06
26944,3.51108e-06
26945,3.52356e-06
26946,3.53765e-06
26947,3.55026e-06
26948,3.56384e-06
26949,3.57668e-06
26950,3.58962e-06
26951,3.60268e-06
26952,3.61502e-06
26953,3.62825e-06
26954,3.64008e-06
26955,3.65338e-06
26956,3.66471e-06
26957,3.67807e-06
26958,3.68904e-06
26959,3.7023e-06
26960,3.7133e-06
26961,3.72608e-06
26962,3.7371e-06
26963,3.7494e-06
26964,3.76043e-06
26965,3.77226e-06
26966,3.78329e-06
26967,3.79464e-06
26968,3.80567e-06
26969,3.81655e-06
26970,3.82755e-06
26971,3.83798e-06
26972,3.84893e-06
26973,3.85894e-06
26974,3.86981e-06
26975,3.8794e-06
26976,3.8902e-06
26977,3.89939e-06
26978,3.91009e-06
26979,3.91888e-06
26980,3.9295e-06
26981,3.93814e-06
26982,3.94842e-06
26983,3.95691e-06
26984,3.96683e-06
26985,3.97516e-06
26986,3.98475e-06
26987,3.9929e-06
26988,4.00216e-06
26989,4.01014e-06
26990,4.01909e-06
26991,4.02686e-06
26992,4.03551e-06
26993,4.04308e-06
26994,4.05144e-06
26995,4.0588e-06
26996,4.06689e-06
26997,4.07402e-06
26998,4.08184e-06
26999,4.08874e-06
27000,4.09631e-06
27001,4.10297e-06
27002,4.11029e-06
27003,4.11674e-06
27004,4.1238e-06
27005,4.13009e-06
27006,4.13683e-06
27007,4.14296e-06
27008,4.1494e-06
27009,4.15537e-06
27010,4.1615e-06
27011,4.1673e-06
27012,4.17315e-06
27013,4.17878e-06
27014,4.18434e-06
27015,4.18981e-06
27016,4.19508e-06
27017,4.20039e-06
27018,4.20539e-06
27019,4.21053e-06
27020,4.21526e-06
27021,4.22025e-06
27022,4.2247e-06
27023,4.22953e-06
27024,4.23373e-06
27025,4.2384e-06
27026,4.24235e-06
27027,4.24686e-06
27028,4.25057e-06
27029,4.25492e-06
27030,4.25847e-06
27031,4.26259e-06
27032,4.26598e-06
27033,4.26988e-06
27034,4.2731e-06
27035,4.27678e-06
27036,4.27986e-06
27037,4.28333e-06
27038,4.28624e-06
27039,4.28951e-06
27040,4.29227e-06
27041,4.29534e-06
27042,4.29795e-06
27043,4.30084e-06
27044,4.30329e-06
27045,4.306e-06
27046,4.30829e-06
27047,4.31084e-06
27048,4.31297e-06
27049,4.31536e-06
27050,4.31734e-06
27051,4.31958e-06
27052,4.32139e-06
27053,4.32351e-06
27054,4.32515e-06
27055,4.32714e-06
27056,4.32862e-06
27057,4.3305e-06
27058,4.33181e-06
27059,4.3336e-06
27060,4.33473e-06
27061,4.33644e-06
27062,4.33737e-06
27063,4.33901e-06
27064,4.33976e-06
27065,4.34133e-06
27066,4.34191e-06
27067,4.34341e-06
27068,4.3438e-06
27069,4.34526e-06
27070,4.34547e-06
27071,4.34687e-06
27072,4.3469e-06
27073,4.34826e-06
27074,4.34811e-06
27075,4.34943e-06
27076,4.34911e-06
27077,4.35042e-06
27078,4.3499e-06
27079,4.3512e-06
27080,4.35064e-06
27081,4.35179e-06
27082,4.35213e-06
27083,4.35543e-06
27084,4.3552e-06
27085,4.35882e-06
27086,4.35788e-06
27087,4.36177e-06
27088,4.3602e-06
27089,4.36421e-06
27090,4.36221e-06
27091,4.36614e-06
27092,4.36444e-06
27093,4.36781e-06
27094,4.36628e-06
27095,4.36901e-06
27096,4.3676e-06
27097,4.36968e-06
27098,4.36844e-06
27099,4.37e-06
27100,4.36903e-06
27101,4.36994e-06
27102,4.3691e-06
27103,4.36934e-06
27104,4.36863e-06
27105,4.36837e-06
27106,4.36793e-06
27107,4.36704e-06
27108,4.36672e-06
27109,4.36517e-06
27110,4.36498e-06
27111,4.36298e-06
27112,4.36301e-06
27113,4.36037e-06
27114,4.36051e-06
27115,4.3572e-06
27116,4.35747e-06
27117,4.3538e-06
27118,4.35421e-06
27119,4.34988e-06
27120,4.35038e-06
27121,4.34551e-06
27122,4.3461e-06
27123,4.34081e-06
27124,4.34148e-06
27125,4.33563e-06
27126,4.33629e-06
27127,4.3305e-06
27128,4.33071e-06
27129,4.32484e-06
27130,4.32469e-06
27131,4.31885e-06
27132,4.31808e-06
27133,4.31227e-06
27134,4.31118e-06
27135,4.30518e-06
27136,4.30371e-06
27137,4.29945e-06
27138,4.29818e-06
27139,4.295e-06
27140,4.29359e-06
27141,4.29031e-06
27142,4.28876e-06
27143,4.28537e-06
27144,4.28369e-06
27145,4.28017e-06
27146,4.27836e-06
27147,4.2747e-06
27148,4.27277e-06
27149,4.26896e-06
27150,4.2669e-06
27151,4.26293e-06
27152,4.26075e-06
27153,4.25661e-06
27154,4.25431e-06
27155,4.24998e-06
27156,4.24756e-06
27157,4.24304e-06
27158,4.24051e-06
27159,4.23579e-06
27160,4.2332e-06
27161,4.22836e-06
27162,4.22555e-06
27163,4.22061e-06
27164,4.21758e-06
27165,4.21252e-06
27166,4.20925e-06
27167,4.20409e-06
27168,4.20057e-06
27169,4.1953e-06
27170,4.19152e-06
27171,4.18615e-06
27172,4.1821e-06
27173,4.17663e-06
27174,4.17228e-06
27175,4.16672e-06
27176,4.16206e-06
27177,4.15642e-06
27178,4.15144e-06
27179,4.14571e-06
27180,4.14039e-06
27181,4.13458e-06
27182,4.12891e-06
27183,4.12302e-06
27184,4.11699e-06
27185,4.11102e-06
27186,4.10461e-06
27187,4.09872e-06
27188,4.09177e-06
27189,4.08598e-06
27190,4.07845e-06
27191,4.07277e-06
27192,4.06465e-06
27193,4.05909e-06
27194,4.05086e-06
27195,4.04492e-06
27196,4.03664e-06
27197,4.03027e-06
27198,4.02194e-06
27199,4.01511e-06
27200,4.00674e-06
27201,3.99944e-06
27202,3.99103e-06
27203,3.98325e-06
27204,3.97481e-06
27205,3.96653e-06
27206,3.95826e-06
27207,3.94928e-06
27208,3.94122e-06
27209,3.93148e-06
27210,3.92364e-06
27211,3.91331e-06
27212,3.90552e-06
27213,3.89519e-06
27214,3.88685e-06
27215,3.87652e-06
27216,3.86763e-06
27217,3.85731e-06
27218,3.84785e-06
27219,3.83755e-06
27220,3.8275e-06
27221,3.81743e-06
27222,3.80659e-06
27223,3.79683e-06
27224,3.78514e-06
27225,3.77566e-06
27226,3.76383e-06
27227,3.75393e-06
27228,3.74215e-06
27229,3.73162e-06
27230,3.71991e-06
27231,3.70875e-06
27232,3.6971e-06
27233,3.6853e-06
27234,3.67373e-06
27235,3.66128e-06
27236,3.6501e-06
27237,3.63717e-06
27238,3.62593e-06
27239,3.61311e-06
27240,3.6012e-06
27241,3.5885e-06
27242,3.5759e-06
27243,3.56333e-06
27244,3.55005e-06
27245,3.53762e-06
27246,3.52363e-06
27247,3.51138e-06
27248,3.49785e-06
27249,3.48495e-06
27250,3.4716e-06
27251,3.45798e-06
27252,3.44482e-06
27253,3.43048e-06
27254,3.41751e-06
27255,3.40278e-06
27256,3.38969e-06
27257,3.37518e-06
27258,3.36136e-06
27259,3.34738e-06
27260,3.33259e-06
27261,3.31922e-06
27262,3.30425e-06
27263,3.29058e-06
27264,3.2759e-06
27265,3.26146e-06
27266,3.24707e-06
27267,3.23186e-06
27268,3.21779e-06
27269,3.20256e-06
27270,3.18822e-06
27271,3.17365e-06
27272,3.15852e-06
27273,3.14431e-06
27274,3.12881e-06
27275,3.11456e-06
27276,3.09945e-06
27277,3.0844e-06
27278,3.06969e-06
27279,3.05385e-06
27280,3.03955e-06
27281,3.02436e-06
27282,3.00935e-06
27283,2.99481e-06
27284,2.97923e-06
27285,2.96492e-06
27286,2.94981e-06
27287,2.93468e-06
27288,2.92007e-06
27289,2.90452e-06
27290,2.89e-06
27291,2.87497e-06
27292,2.85968e-06
27293,2.84548e-06
27294,2.83041e-06
27295,2.81591e-06
27296,2.80139e-06
27297,2.78609e-06
27298,2.7721e-06
27299,2.75738e-06
27300,2.74255e-06
27301,2.72841e-06
27302,2.71356e-06
27303,2.6992e-06
27304,2.68495e-06
27305,2.67006e-06
27306,2.65611e-06
27307,2.64184e-06
27308,2.62721e-06
27309,2.61346e-06
27310,2.59916e-06
27311,2.58541e-06
27312,2.57162e-06
27313,2.55719e-06
27314,2.54401e-06
27315,2.53022e-06
27316,2.51621e-06
27317,2.50307e-06
27318,2.48931e-06
27319,2.47573e-06
27320,2.46262e-06
27321,2.44891e-06
27322,2.43576e-06
27323,2.4227e-06
27324,2.40903e-06
27325,2.39633e-06
27326,2.38331e-06
27327,2.36979e-06
27328,2.35742e-06
27329,2.34443e-06
27330,2.33138e-06
27331,2.31903e-06
27332,2.30604e-06
27333,2.29348e-06
27334,2.28113e-06
27335,2.2681e-06
27336,2.25606e-06
27337,2.24366e-06
27338,2.23085e-06
27339,2.21908e-06
27340,2.20658e-06
27341,2.19433e-06
27342,2.18246e-06
27343,2.1698e-06
27344,2.15818e-06
27345,2.14613e-06
27346,2.13718e-06
27347,2.1539e-06
27348,2.17045e-06
27349,2.18691e-06
27350,2.20335e-06
27351,2.21954e-06
27352,2.23588e-06
27353,2.2518e-06
27354,2.26802e-06
27355,2.28366e-06
27356,2.29975e-06
27357,2.31514e-06
27358,2.33107e-06
27359,2.3463e-06
27360,2.36196e-06
27361,2.37703e-06
27362,2.39242e-06
27363,2.40731e-06
27364,2.42242e-06
27365,2.43713e-06
27366,2.45197e-06
27367,2.46649e-06
27368,2.48105e-06
27369,2.49537e-06
27370,2.50965e-06
27371,2.5238e-06
27372,2.53776e-06
27373,2.55176e-06
27374,2.56545e-06
27375,2.57923e-06
27376,2.59269e-06
27377,2.60618e-06
27378,2.61942e-06
27379,2.63263e-06
27380,2.64562e-06
27381,2.65855e-06
27382,2.6713e-06
27383,2.68394e-06
27384,2.69644e-06
27385,2.70879e-06
27386,2.72104e-06
27387,2.73311e-06
27388,2.74509e-06
27389,2.75688e-06
27390,2.76859e-06
27391,2.78011e-06
27392,2.79154e-06
27393,2.80278e-06
27394,2.81393e-06
27395,2.82489e-06
27396,2.83575e-06
27397,2.84645e-06
27398,2.85701e-06
27399,2.86744e-06
27400,2.87771e-06
27401,2.88787e-06
27402,2.89784e-06
27403,2.90774e-06
27404,2.9174e-06
27405,2.92704e-06
27406,2.9364e-06
27407,2.94578e-06
27408,2.95483e-06
27409,2.96396e-06
27410,2.97269e-06
27411,2.98157e-06
27412,2.99003e-06
27413,2.99862e-06
27414,3.00688e-06
27415,3.01512e-06
27416,3.02317e-06
27417,3.03106e-06
27418,3.03891e-06
27419,3.04645e-06
27420,3.05409e-06
27421,3.06129e-06
27422,3.06872e-06
27423,3.07562e-06
27424,3.08281e-06
27425,3.08949e-06
27426,3.09636e-06
27427,3.10282e-06
27428,3.10937e-06
27429,3.11563e-06
27430,3.12186e-06
27431,3.12791e-06
27432,3.13382e-06
27433,3.13968e-06
27434,3.14527e-06
27435,3.15093e-06
27436,3.15622e-06
27437,3.16168e-06
27438,3.16666e-06
27439,3.17193e-06
27440,3.17661e-06
27441,3.1817e-06
27442,3.18607e-06
27443,3.19098e-06
27444,3.19506e-06
27445,3.1998e-06
27446,3.20358e-06
27447,3.20815e-06
27448,3.21164e-06
27449,3.21604e-06
27450,3.21925e-06
27451,3.22349e-06
27452,3.22642e-06
27453,3.2305e-06
27454,3.23317e-06
27455,3.23709e-06
27456,3.24173e-06
27457,3.24797e-06
27458,3.25289e-06
27459,3.25884e-06
27460,3.26341e-06
27461,3.26906e-06
27462,3.27326e-06
27463,3.2786e-06
27464,3.28245e-06
27465,3.28746e-06
27466,3.29096e-06
27467,3.29564e-06
27468,3.2988e-06
27469,3.30313e-06
27470,3.30596e-06
27471,3.30993e-06
27472,3.31244e-06
27473,3.31603e-06
27474,3.31822e-06
27475,3.32146e-06
27476,3.32332e-06
27477,3.32628e-06
27478,3.32773e-06
27479,3.33041e-06
27480,3.33144e-06
27481,3.33384e-06
27482,3.33446e-06
27483,3.33658e-06
27484,3.33678e-06
27485,3.33863e-06
27486,3.33852e-06
27487,3.33998e-06
27488,3.33964e-06
27489,3.34064e-06
27490,3.34008e-06
27491,3.3406e-06
27492,3.33984e-06
27493,3.33988e-06
27494,3.33892e-06
27495,3.33861e-06
27496,3.33733e-06
27497,3.33676e-06
27498,3.33508e-06
27499,3.33423e-06
27500,3.3324e-06
27501,3.33104e-06
27502,3.32908e-06
27503,3.32718e-06
27504,3.3251e-06
27505,3.32267e-06
27506,3.32048e-06
27507,3.31779e-06
27508,3.31537e-06
27509,3.31229e-06
27510,3.3098e-06
27511,3.30616e-06
27512,3.3036e-06
27513,3.2994e-06
27514,3.2968e-06
27515,3.29223e-06
27516,3.28964e-06
27517,3.28459e-06
27518,3.28199e-06
27519,3.27774e-06
27520,3.27613e-06
27521,3.27505e-06
27522,3.27321e-06
27523,3.27213e-06
27524,3.27007e-06
27525,3.269e-06
27526,3.26671e-06
27527,3.26564e-06
27528,3.26323e-06
27529,3.26206e-06
27530,3.25963e-06
27531,3.25826e-06
27532,3.25581e-06
27533,3.25422e-06
27534,3.25176e-06
27535,3.24995e-06
27536,3.24746e-06
27537,3.24543e-06
27538,3.24292e-06
27539,3.24068e-06
27540,3.23813e-06
27541,3.23567e-06
27542,3.23307e-06
27543,3.23041e-06
27544,3.22776e-06
27545,3.22488e-06
27546,3.22217e-06
27547,3.21909e-06
27548,3.21631e-06
27549,3.21303e-06
27550,3.21016e-06
27551,3.20668e-06
27552,3.20372e-06
27553,3.20008e-06
27554,3.19698e-06
27555,3.19318e-06
27556,3.18994e-06
27557,3.18596e-06
27558,3.18258e-06
27559,3.17843e-06
27560,3.1749e-06
27561,3.17057e-06
27562,3.16688e-06
27563,3.16237e-06
27564,3.15853e-06
27565,3.15382e-06
27566,3.14984e-06
27567,3.14493e-06
27568,3.14078e-06
27569,3.13567e-06
27570,3.13137e-06
27571,3.12606e-06
27572,3.12158e-06
27573,3.1161e-06
27574,3.11141e-06
27575,3.10577e-06
27576,3.10085e-06
27577,3.09506e-06
27578,3.0899e-06
27579,3.08395e-06
27580,3.07854e-06
27581,3.07244e-06
27582,3.06678e-06
27583,3.06052e-06
27584,3.05459e-06
27585,3.04819e-06
27586,3.04198e-06
27587,3.03543e-06
27588,3.02893e-06
27589,3.02224e-06
27590,3.01544e-06
27591,3.00861e-06
27592,3.00151e-06
27593,2.99454e-06
27594,2.98712e-06
27595,2.98002e-06
27596,2.97228e-06
27597,2.96505e-06
27598,2.95697e-06
27599,2.94961e-06
27600,2.94127e-06
27601,2.93371e-06
27602,2.92518e-06
27603,2.91733e-06
27604,2.90861e-06
27605,2.90048e-06
27606,2.89157e-06
27607,2.88314e-06
27608,2.87405e-06
27609,2.86533e-06
27610,2.85604e-06
27611,2.84702e-06
27612,2.83754e-06
27613,2.82823e-06
27614,2.81864e-06
27615,2.8091e-06
27616,2.79924e-06
27617,2.78951e-06
27618,2.77937e-06
27619,2.76942e-06
27620,2.75908e-06
27621,2.74884e-06
27622,2.7383e-06
27623,2.72776e-06
27624,2.71702e-06
27625,2.70618e-06
27626,2.69524e-06
27627,2.68411e-06
27628,2.67297e-06
27629,2.66154e-06
27630,2.65019e-06
27631,2.63855e-06
27632,2.62692e-06
27633,2.61518e-06
27634,2.60315e-06
27635,2.59594e-06
27636,2.58976e-06
27637,2.58524e-06
27638,2.57925e-06
27639,2.57411e-06
27640,2.56849e-06
27641,2.56256e-06
27642,2.55728e-06
27643,2.55075e-06
27644,2.54564e-06
27645,2.5386e-06
27646,2.53355e-06
27647,2.52635e-06
27648,2.52104e-06
27649,2.51388e-06
27650,2.50809e-06
27651,2.50097e-06
27652,2.49472e-06
27653,2.48774e-06
27654,2.48092e-06
27655,2.47417e-06
27656,2.46671e-06
27657,2.46015e-06
27658,2.45209e-06
27659,2.44571e-06
27660,2.43717e-06
27661,2.43084e-06
27662,2.42188e-06
27663,2.41554e-06
27664,2.40657e-06
27665,2.39983e-06
27666,2.39083e-06
27667,2.3837e-06
27668,2.37468e-06
27669,2.36717e-06
27670,2.35811e-06
27671,2.35022e-06
27672,2.34112e-06
27673,2.33288e-06
27674,2.32373e-06
27675,2.31645e-06
27676,2.30892e-06
27677,2.30181e-06
27678,2.29409e-06
27679,2.28658e-06
27680,2.27868e-06
27681,2.27077e-06
27682,2.26269e-06
27683,2.25437e-06
27684,2.24612e-06
27685,2.23738e-06
27686,2.22896e-06
27687,2.2198e-06
27688,2.21121e-06
27689,2.20162e-06
27690,2.19287e-06
27691,2.18285e-06
27692,2.17394e-06
27693,2.16376e-06
27694,2.15442e-06
27695,2.14411e-06
27696,2.13431e-06
27697,2.12387e-06
27698,2.1138e-06
27699,2.10305e-06
27700,2.09285e-06
27701,2.08165e-06
27702,2.07133e-06
27703,2.05966e-06
27704,2.04924e-06
27705,2.0371e-06
27706,2.02657e-06
27707,2.01397e-06
27708,2.00333e-06
27709,2.00436e-06
27710,2.01353e-06
27711,2.02213e-06
27712,2.03108e-06
27713,2.04023e-06
27714,2.04878e-06
27715,2.05824e-06
27716,2.06729e-06
27717,2.07615e-06
27718,2.08572e-06
27719,2.09466e-06
27720,2.10406e-06
27721,2.11354e-06
27722,2.12236e-06
27723,2.13234e-06
27724,2.14192e-06
27725,2.15133e-06
27726,2.16169e-06
27727,2.1714e-06
27728,2.1814e-06
27729,2.19168e-06
27730,2.20125e-06
27731,2.2119e-06
27732,2.22235e-06
27733,2.23234e-06
27734,2.2436e-06
27735,2.25418e-06
27736,2.26479e-06
27737,2.27596e-06
27738,2.2864e-06
27739,2.2977e-06
27740,2.30923e-06
27741,2.31997e-06
27742,2.33201e-06
27743,2.34335e-06
27744,2.35473e-06
27745,2.36687e-06
27746,2.37858e-06
27747,2.39062e-06
27748,2.40291e-06
27749,2.4143e-06
27750,2.42718e-06
27751,2.43956e-06
27752,2.45165e-06
27753,2.46481e-06
27754,2.47677e-06
27755,2.48996e-06
27756,2.50295e-06
27757,2.51518e-06
27758,2.52902e-06
27759,2.54138e-06
27760,2.55498e-06
27761,2.56831e-06
27762,2.58082e-06
27763,2.5951e-06
27764,2.60778e-06
27765,2.62176e-06
27766,2.63533e-06
27767,2.64832e-06
27768,2.66272e-06
27769,2.6753e-06
27770,2.68993e-06
27771,2.70334e-06
27772,2.71702e-06
27773,2.73118e-06
27774,2.74424e-06
27775,2.75879e-06
27776,2.77173e-06
27777,2.78634e-06
27778,2.79983e-06
27779,2.81385e-06
27780,2.82768e-06
27781,2.84111e-06
27782,2.85542e-06
27783,2.8681e-06
27784,2.88303e-06
27785,2.89567e-06
27786,2.91034e-06
27787,2.92342e-06
27788,2.93734e-06
27789,2.95095e-06
27790,2.96401e-06
27791,2.97811e-06
27792,2.99052e-06
27793,3.00492e-06
27794,3.01678e-06
27795,3.03135e-06
27796,3.04338e-06
27797,3.05742e-06
27798,3.06979e-06
27799,3.0833e-06
27800,3.09577e-06
27801,3.10876e-06
27802,3.12131e-06
27803,3.1338e-06
27804,3.14647e-06
27805,3.15839e-06
27806,3.17129e-06
27807,3.18255e-06
27808,3.19565e-06
27809,3.20625e-06
27810,3.21951e-06
27811,3.22949e-06
27812,3.24289e-06
27813,3.2527e-06
27814,3.26577e-06
27815,3.27561e-06
27816,3.28813e-06
27817,3.29802e-06
27818,3.30999e-06
27819,3.31989e-06
27820,3.33133e-06
27821,3.34121e-06
27822,3.35214e-06
27823,3.36197e-06
27824,3.37242e-06
27825,3.38217e-06
27826,3.39217e-06
27827,3.40181e-06
27828,3.41138e-06
27829,3.42089e-06
27830,3.43008e-06
27831,3.43939e-06
27832,3.44822e-06
27833,3.45732e-06
27834,3.4658e-06
27835,3.47468e-06
27836,3.48283e-06
27837,3.49146e-06
27838,3.49928e-06
27839,3.50767e-06
27840,3.51518e-06
27841,3.5233e-06
27842,3.53053e-06
27843,3.53835e-06
27844,3.54535e-06
27845,3.55283e-06
27846,3.55962e-06
27847,3.56673e-06
27848,3.57335e-06
27849,3.58007e-06
27850,3.58652e-06
27851,3.59283e-06
27852,3.59916e-06
27853,3.60504e-06
27854,3.61125e-06
27855,3.61668e-06
27856,3.6228e-06
27857,3.62776e-06
27858,3.63383e-06
27859,3.63839e-06
27860,3.64432e-06
27861,3.6485e-06
27862,3.6543e-06
27863,3.65809e-06
27864,3.66375e-06
27865,3.66715e-06
27866,3.6727e-06
27867,3.67569e-06
27868,3.68119e-06
27869,3.68395e-06
27870,3.68931e-06
27871,3.69202e-06
27872,3.69695e-06
27873,3.69962e-06
27874,3.70411e-06
27875,3.70685e-06
27876,3.71081e-06
27877,3.71375e-06
27878,3.71706e-06
27879,3.72021e-06
27880,3.72285e-06
27881,3.72624e-06
27882,3.72826e-06
27883,3.73185e-06
27884,3.73341e-06
27885,3.73706e-06
27886,3.73834e-06
27887,3.74186e-06
27888,3.74348e-06
27889,3.74645e-06
27890,3.74824e-06
27891,3.75073e-06
27892,3.75264e-06
27893,3.75464e-06
27894,3.75687e-06
27895,3.75819e-06
27896,3.76083e-06
27897,3.7614e-06
27898,3.76446e-06
27899,3.76529e-06
27900,3.76777e-06
27901,3.76907e-06
27902,3.77076e-06
27903,3.77254e-06
27904,3.77344e-06
27905,3.77573e-06
27906,3.7761e-06
27907,3.77863e-06
27908,3.77954e-06
27909,3.78125e-06
27910,3.78271e-06
27911,3.7838e-06
27912,3.78562e-06
27913,3.7862e-06
27914,3.78829e-06
27915,3.78904e-06
27916,3.79072e-06
27917,3.79206e-06
27918,3.79362e-06
27919,3.79662e-06
27920,3.79897e-06
27921,3.80163e-06
27922,3.804e-06
27923,3.80635e-06
27924,3.80874e-06
27925,3.81075e-06
27926,3.81316e-06
27927,3.81485e-06
27928,3.81727e-06
27929,3.81864e-06
27930,3.82106e-06
27931,3.82212e-06
27932,3.82454e-06
27933,3.82529e-06
27934,3.8277e-06
27935,3.82814e-06
27936,3.83053e-06
27937,3.83067e-06
27938,3.83308e-06
27939,3.83288e-06
27940,3.8353e-06
27941,3.83476e-06
27942,3.83719e-06
27943,3.83632e-06
27944,3.83873e-06
27945,3.83756e-06
27946,3.83994e-06
27947,3.83846e-06
27948,3.8408e-06
27949,3.83903e-06
27950,3.84132e-06
27951,3.83927e-06
27952,3.8415e-06
27953,3.8426e-06
27954,3.84407e-06
27955,3.8458e-06
27956,3.8468e-06
27957,3.84884e-06
27958,3.85003e-06
27959,3.85173e-06
27960,3.85342e-06
27961,3.85447e-06
27962,3.85665e-06
27963,3.85792e-06
27964,3.85971e-06
27965,3.86126e-06
27966,3.86261e-06
27967,3.86442e-06
27968,3.86535e-06
27969,3.86741e-06
27970,3.86859e-06
27971,3.87023e-06
27972,3.87165e-06
27973,3.87289e-06
27974,3.87453e-06
27975,3.87538e-06
27976,3.87724e-06
27977,3.87826e-06
27978,3.87977e-06
27979,3.88099e-06
27980,3.88213e-06
27981,3.88354e-06
27982,3.88431e-06
27983,3.88589e-06
27984,3.88677e-06
27985,3.8881e-06
27986,3.8892e-06
27987,3.89018e-06
27988,3.89142e-06
27989,3.89207e-06
27990,3.89344e-06
27991,3.89393e-06
27992,3.89524e-06
27993,3.89583e-06
27994,3.89684e-06
27995,3.89752e-06
27996,3.89823e-06
27997,3.89898e-06
27998,3.8994e-06
27999,3.90022e-06
28000,3.90036e-06
28001,3.90123e-06
28002,3.90119e-06
28003,3.90201e-06
28004,3.902e-06
28005,3.90256e-06
28006,3.90257e-06
28007,3.90288e-06
28008,3.90288e-06
28009,3.90296e-06
28010,3.90295e-06
28011,3.9028e-06
28012,3.90277e-06
28013,3.9024e-06
28014,3.90233e-06
28015,3.90175e-06
28016,3.90164e-06
28017,3.90085e-06
28018,3.90068e-06
28019,3.8997e-06
28020,3.89946e-06
28021,3.8983e-06
28022,3.89798e-06
28023,3.89663e-06
28024,3.89622e-06
28025,3.89475e-06
28026,3.89418e-06
28027,3.8926e-06
28028,3.89187e-06
28029,3.89015e-06
28030,3.88927e-06
28031,3.88741e-06
28032,3.88638e-06
28033,3.88438e-06
28034,3.8832e-06
28035,3.88104e-06
28036,3.87972e-06
28037,3.87739e-06
28038,3.87595e-06
28039,3.87343e-06
28040,3.87186e-06
28041,3.8692e-06
28042,3.86747e-06
28043,3.86469e-06
28044,3.86276e-06
28045,3.85986e-06
28046,3.85773e-06
28047,3.85472e-06
28048,3.85237e-06
28049,3.84925e-06
28050,3.84668e-06
28051,3.84345e-06
28052,3.84066e-06
28053,3.83732e-06
28054,3.83429e-06
28055,3.83086e-06
28056,3.82758e-06
28057,3.82404e-06
28058,3.82052e-06
28059,3.81688e-06
28060,3.81311e-06
28061,3.80936e-06
28062,3.80533e-06
28063,3.80148e-06
28064,3.79718e-06
28065,3.79324e-06
28066,3.78867e-06
28067,3.78462e-06
28068,3.77978e-06
28069,3.77562e-06
28070,3.77051e-06
28071,3.76625e-06
28072,3.76086e-06
28073,3.75649e-06
28074,3.75092e-06
28075,3.74633e-06
28076,3.74065e-06
28077,3.73578e-06
28078,3.72998e-06
28079,3.72483e-06
28080,3.71891e-06
28081,3.71347e-06
28082,3.70742e-06
28083,3.70171e-06
28084,3.69552e-06
28085,3.68953e-06
28086,3.68321e-06
28087,3.67693e-06
28088,3.67047e-06
28089,3.66391e-06
28090,3.65731e-06
28091,3.65047e-06
28092,3.64371e-06
28093,3.6366e-06
28094,3.62969e-06
28095,3.6223e-06
28096,3.61522e-06
28097,3.60756e-06
28098,3.60032e-06
28099,3.59239e-06
28100,3.58498e-06
28101,3.57679e-06
28102,3.5692e-06
28103,3.56075e-06
28104,3.55297e-06
28105,3.54426e-06
28106,3.53629e-06
28107,3.52734e-06
28108,3.51917e-06
28109,3.50997e-06
28110,3.5016e-06
28111,3.49217e-06
28112,3.48358e-06
28113,3.47392e-06
28114,3.46511e-06
28115,3.45523e-06
28116,3.4462e-06
28117,3.43611e-06
28118,3.42684e-06
28119,3.41654e-06
28120,3.40703e-06
28121,3.39654e-06
28122,3.38678e-06
28123,3.37611e-06
28124,3.3661e-06
28125,3.35524e-06
28126,3.34503e-06
28127,3.33401e-06
28128,3.32365e-06
28129,3.31249e-06
28130,3.30185e-06
28131,3.29055e-06
28132,3.27963e-06
28133,3.2682e-06
28134,3.257e-06
28135,3.24544e-06
28136,3.23395e-06
28137,3.22229e-06
28138,3.21051e-06
28139,3.19875e-06
28140,3.18666e-06
28141,3.17481e-06
28142,3.16242e-06
28143,3.1505e-06
28144,3.13779e-06
28145,3.12581e-06
28146,3.11279e-06
28147,3.10075e-06
28148,3.08755e-06
28149,3.07534e-06
28150,3.06211e-06
28151,3.04957e-06
28152,3.03632e-06
28153,3.02346e-06
28154,3.01021e-06
28155,2.99701e-06
28156,2.98377e-06
28157,2.97024e-06
28158,2.95701e-06
28159,2.9432e-06
28160,2.92997e-06
28161,2.91609e-06
28162,2.90291e-06
28163,2.88869e-06
28164,2.87556e-06
28165,2.8614e-06
28166,2.84795e-06
28167,2.83386e-06
28168,2.82007e-06
28169,2.80607e-06
28170,2.79194e-06
28171,2.77804e-06
28172,2.76356e-06
28173,2.74977e-06
28174,2.73506e-06
28175,2.72129e-06
28176,2.7067e-06
28177,2.69258e-06
28178,2.67813e-06
28179,2.66368e-06
28180,2.64937e-06
28181,2.63458e-06
28182,2.62042e-06
28183,2.60547e-06
28184,2.59135e-06
28185,2.57647e-06
28186,2.56239e-06
28187,2.54753e-06
28188,2.53328e-06
28189,2.5186e-06
28190,2.50403e-06
28191,2.48953e-06
28192,2.47464e-06
28193,2.46034e-06
28194,2.44519e-06
28195,2.43102e-06
28196,2.41607e-06
28197,2.40159e-06
28198,2.38685e-06
28199,2.37207e-06
28200,2.35752e-06
28201,2.34246e-06
28202,2.32811e-06
28203,2.31297e-06
28204,2.29863e-06
28205,2.28369e-06
28206,2.26907e-06
28207,2.25435e-06
28208,2.23947e-06
28209,2.22494e-06
28210,2.20982e-06
28211,2.1955e-06
28212,2.1804e-06
28213,2.16601e-06
28214,2.15112e-06
28215,2.1365e-06
28216,2.12182e-06
28217,2.10698e-06
28218,2.09249e-06
28219,2.07745e-06
28220,2.06316e-06
28221,2.04809e-06
28222,2.03383e-06
28223,2.01896e-06
28224,2.00451e-06
28225,1.98983e-06
28226,1.97522e-06
28227,1.96072e-06
28228,1.94596e-06
28229,1.93164e-06
28230,1.91683e-06
28231,1.92988e-06
28232,1.9453e-06
28233,1.96143e-06
28234,1.97676e-06
28235,1.99262e-06
28236,2.00812e-06
28237,2.02343e-06
28238,2.0391e-06
28239,2.05396e-06
28240,2.06967e-06
28241,2.08451e-06
28242,2.09984e-06
28243,2.11468e-06
28244,2.1296e-06
28245,2.14457e-06
28246,2.15913e-06
28247,2.17401e-06
28248,2.18835e-06
28249,2.20302e-06
28250,2.21728e-06
28251,2.23158e-06
28252,2.24576e-06
28253,2.25992e-06
28254,2.2739e-06
28255,2.28784e-06
28256,2.30161e-06
28257,2.31528e-06
28258,2.32884e-06
28259,2.34231e-06
28260,2.35576e-06
28261,2.36894e-06
28262,2.38226e-06
28263,2.39514e-06
28264,2.40826e-06
28265,2.42093e-06
28266,2.43375e-06
28267,2.44625e-06
28268,2.45874e-06
28269,2.47124e-06
28270,2.48336e-06
28271,2.4957e-06
28272,2.50748e-06
28273,2.51965e-06
28274,2.53122e-06
28275,2.54306e-06
28276,2.55446e-06
28277,2.56594e-06
28278,2.57733e-06
28279,2.58839e-06
28280,2.59966e-06
28281,2.61036e-06
28282,2.62146e-06
28283,2.63191e-06
28284,2.64271e-06
28285,2.65296e-06
28286,2.66343e-06
28287,2.67364e-06
28288,2.68362e-06
28289,2.69378e-06
28290,2.7034e-06
28291,2.71338e-06
28292,2.72269e-06
28293,2.73244e-06
28294,2.74153e-06
28295,2.75097e-06
28296,2.75998e-06
28297,2.76895e-06
28298,2.77791e-06
28299,2.78642e-06
28300,2.79531e-06
28301,2.80347e-06
28302,2.81218e-06
28303,2.82007e-06
28304,2.82852e-06
28305,2.83633e-06
28306,2.84432e-06
28307,2.85208e-06
28308,2.85961e-06
28309,2.86731e-06
28310,2.87437e-06
28311,2.88202e-06
28312,2.88871e-06
28313,2.89621e-06
28314,2.90285e-06
28315,2.90989e-06
28316,2.91646e-06
28317,2.92306e-06
28318,2.92957e-06
28319,2.93573e-06
28320,2.94218e-06
28321,2.94798e-06
28322,2.95428e-06
28323,2.95986e-06
28324,2.9659e-06
28325,2.97132e-06
28326,2.97703e-06
28327,2.98238e-06
28328,2.98782e-06
28329,2.99296e-06
28330,2.99819e-06
28331,3.00305e-06
28332,3.0081e-06
28333,3.01274e-06
28334,3.01753e-06
28335,3.02212e-06
28336,3.02651e-06
28337,3.03103e-06
28338,3.03504e-06
28339,3.03948e-06
28340,3.0433e-06
28341,3.04748e-06
28342,3.05116e-06
28343,3.05504e-06
28344,3.05857e-06
28345,3.06231e-06
28346,3.06556e-06
28347,3.06922e-06
28348,3.07213e-06
28349,3.07569e-06
28350,3.07843e-06
28351,3.08175e-06
28352,3.08436e-06
28353,3.08738e-06
28354,3.0899e-06
28355,3.09268e-06
28356,3.09503e-06
28357,3.0977e-06
28358,3.09974e-06
28359,3.10231e-06
28360,3.10415e-06
28361,3.10652e-06
28362,3.10841e-06
28363,3.11032e-06
28364,3.11259e-06
28365,3.11401e-06
28366,3.11628e-06
28367,3.11743e-06
28368,3.11949e-06
28369,3.12037e-06
28370,3.12221e-06
28371,3.12294e-06
28372,3.12447e-06
28373,3.12514e-06
28374,3.12628e-06
28375,3.12689e-06
28376,3.12765e-06
28377,3.12821e-06
28378,3.12869e-06
28379,3.1291e-06
28380,3.12934e-06
28381,3.12959e-06
28382,3.12958e-06
28383,3.12967e-06
28384,3.12942e-06
28385,3.12936e-06
28386,3.12887e-06
28387,3.12866e-06
28388,3.12795e-06
28389,3.1276e-06
28390,3.12689e-06
28391,3.12735e-06
28392,3.13134e-06
28393,3.13451e-06
28394,3.13824e-06
28395,3.14127e-06
28396,3.1447e-06
28397,3.14758e-06
28398,3.1507e-06
28399,3.15342e-06
28400,3.15624e-06
28401,3.15879e-06
28402,3.16132e-06
28403,3.16369e-06
28404,3.16593e-06
28405,3.16811e-06
28406,3.17006e-06
28407,3.17204e-06
28408,3.17371e-06
28409,3.17548e-06
28410,3.17688e-06
28411,3.17842e-06
28412,3.17956e-06
28413,3.18086e-06
28414,3.18174e-06
28415,3.1828e-06
28416,3.18342e-06
28417,3.18422e-06
28418,3.1846e-06
28419,3.18513e-06
28420,3.18527e-06
28421,3.18552e-06
28422,3.18542e-06
28423,3.18538e-06
28424,3.18506e-06
28425,3.18472e-06
28426,3.18417e-06
28427,3.18352e-06
28428,3.18277e-06
28429,3.18179e-06
28430,3.18083e-06
28431,3.17952e-06
28432,3.17836e-06
28433,3.17671e-06
28434,3.17536e-06
28435,3.17336e-06
28436,3.17191e-06
28437,3.1697e-06
28438,3.16807e-06
28439,3.16568e-06
28440,3.1637e-06
28441,3.16115e-06
28442,3.1588e-06
28443,3.1561e-06
28444,3.15337e-06
28445,3.15052e-06
28446,3.1474e-06
28447,3.14441e-06
28448,3.1409e-06
28449,3.13777e-06
28450,3.13387e-06
28451,3.1306e-06
28452,3.12629e-06
28453,3.1229e-06
28454,3.11833e-06
28455,3.11467e-06
28456,3.10998e-06
28457,3.1059e-06
28458,3.10122e-06
28459,3.0966e-06
28460,3.09217e-06
28461,3.08709e-06
28462,3.08259e-06
28463,3.07709e-06
28464,3.07249e-06
28465,3.06656e-06
28466,3.06186e-06
28467,3.05572e-06
28468,3.05071e-06
28469,3.04448e-06
28470,3.03903e-06
28471,3.03271e-06
28472,3.02682e-06
28473,3.02051e-06
28474,3.01409e-06
28475,3.00808e-06
28476,3.00109e-06
28477,2.99514e-06
28478,2.98771e-06
28479,2.98167e-06
28480,2.97384e-06
28481,2.96767e-06
28482,2.95976e-06
28483,2.95316e-06
28484,2.94516e-06
28485,2.93812e-06
28486,2.93027e-06
28487,2.92257e-06
28488,2.91501e-06
28489,2.90682e-06
28490,2.89922e-06
28491,2.89061e-06
28492,2.88291e-06
28493,2.87387e-06
28494,2.86608e-06
28495,2.85662e-06
28496,2.84873e-06
28497,2.83885e-06
28498,2.83086e-06
28499,2.82122e-06
28500,2.8127e-06
28501,2.80307e-06
28502,2.79414e-06
28503,2.78439e-06
28504,2.77505e-06
28505,2.76519e-06
28506,2.75545e-06
28507,2.74546e-06
28508,2.73532e-06
28509,2.72521e-06
28510,2.71469e-06
28511,2.70459e-06
28512,2.69354e-06
28513,2.68359e-06
28514,2.67194e-06
28515,2.66207e-06
28516,2.65004e-06
28517,2.64003e-06
28518,2.62764e-06
28519,2.61747e-06
28520,2.60473e-06
28521,2.5944e-06
28522,2.58137e-06
28523,2.57083e-06
28524,2.55773e-06
28525,2.54675e-06
28526,2.53368e-06
28527,2.52218e-06
28528,2.50911e-06
28529,2.49719e-06
28530,2.48404e-06
28531,2.4718e-06
28532,2.45845e-06
28533,2.44591e-06
28534,2.43237e-06
28535,2.41954e-06
28536,2.4058e-06
28537,2.39269e-06
28538,2.37874e-06
28539,2.36536e-06
28540,2.3512e-06
28541,2.33757e-06
28542,2.32319e-06
28543,2.30932e-06
28544,2.29775e-06
28545,2.28995e-06
28546,2.28119e-06
28547,2.27328e-06
28548,2.26421e-06
28549,2.25618e-06
28550,2.2468e-06
28551,2.23864e-06
28552,2.22907e-06
28553,2.22068e-06
28554,2.21098e-06
28555,2.20228e-06
28556,2.19246e-06
28557,2.18346e-06
28558,2.17365e-06
28559,2.16421e-06
28560,2.15441e-06
28561,2.14454e-06
28562,2.13473e-06
28563,2.12464e-06
28564,2.11464e-06
28565,2.1044e-06
28566,2.09412e-06
28567,2.08374e-06
28568,2.0733e-06
28569,2.06266e-06
28570,2.05208e-06
28571,2.04116e-06
28572,2.03044e-06
28573,2.01926e-06
28574,2.00839e-06
28575,1.99695e-06
28576,1.98594e-06
28577,1.97424e-06
28578,1.9631e-06
28579,1.95115e-06
28580,1.93986e-06
28581,1.92766e-06
28582,1.91623e-06
28583,1.90381e-06
28584,1.89223e-06
28585,1.87958e-06
28586,1.86787e-06
28587,1.85509e-06
28588,1.84314e-06
28589,1.83138e-06
28590,1.83004e-06
28591,1.82708e-06
28592,1.82544e-06
28593,1.82284e-06
28594,1.82093e-06
28595,1.81867e-06
28596,1.81646e-06
28597,1.81466e-06
28598,1.81202e-06
28599,1.81066e-06
28600,1.8076e-06
28601,1.80667e-06
28602,1.80318e-06
28603,1.80268e-06
28604,1.79903e-06
28605,1.79868e-06
28606,1.79543e-06
28607,1.79466e-06
28608,1.79358e-06
28609,1.79883e-06
28610,1.80398e-06
28611,1.80914e-06
28612,1.81438e-06
28613,1.81945e-06
28614,1.82478e-06
28615,1.82975e-06
28616,1.83519e-06
28617,1.84006e-06
28618,1.84562e-06
28619,1.85049e-06
28620,1.85607e-06
28621,1.8611e-06
28622,1.86656e-06
28623,1.87175e-06
28624,1.87709e-06
28625,1.88245e-06
28626,1.88766e-06
28627,1.89321e-06
28628,1.89828e-06
28629,1.90403e-06
28630,1.90926e-06
28631,1.91493e-06
28632,1.92039e-06
28633,1.9259e-06
28634,1.9316e-06
28635,1.93696e-06
28636,1.94291e-06
28637,1.94846e-06
28638,1.95432e-06
28639,1.96015e-06
28640,1.96584e-06
28641,1.97196e-06
28642,1.97998e-06
28643,1.9893e-06
28644,1.99773e-06
28645,2.00743e-06
28646,2.01618e-06
28647,2.02556e-06
28648,2.03506e-06
28649,2.04369e-06
28650,2.05394e-06
28651,2.06298e-06
28652,2.07282e-06
28653,2.08259e-06
28654,2.0917e-06
28655,2.1022e-06
28656,2.11155e-06
28657,2.1218e-06
28658,2.13181e-06
28659,2.1414e-06
28660,2.1521e-06
28661,2.16169e-06
28662,2.17238e-06
28663,2.18258e-06
28664,2.19265e-06
28665,2.20349e-06
28666,2.21302e-06
28667,2.22438e-06
28668,2.2345e-06
28669,2.24523e-06
28670,2.25595e-06
28671,2.26605e-06
28672,2.27735e-06
28673,2.28714e-06
28674,2.29869e-06
28675,2.30902e-06
28676,2.31999e-06
28677,2.33082e-06
28678,2.34122e-06
28679,2.35255e-06
28680,2.3624e-06
28681,2.37421e-06
28682,2.38412e-06
28683,2.39579e-06
28684,2.40612e-06
28685,2.41733e-06
28686,2.42802e-06
28687,2.43896e-06
28688,2.44981e-06
28689,2.4605e-06
28690,2.47162e-06
28691,2.48195e-06
28692,2.49339e-06
28693,2.50329e-06
28694,2.51504e-06
28695,2.52453e-06
28696,2.53657e-06
28697,2.54624e-06
28698,2.55798e-06
28699,2.56787e-06
28700,2.57925e-06
28701,2.58936e-06
28702,2.6004e-06
28703,2.61069e-06
28704,2.62142e-06
28705,2.63188e-06
28706,2.6423e-06
28707,2.65291e-06
28708,2.66304e-06
28709,2.67379e-06
28710,2.68365e-06
28711,2.69451e-06
28712,2.70418e-06
28713,2.71508e-06
28714,2.72461e-06
28715,2.73548e-06
28716,2.74488e-06
28717,2.75573e-06
28718,2.765e-06
28719,2.77581e-06
28720,2.78497e-06
28721,2.79574e-06
28722,2.80477e-06
28723,2.81556e-06
28724,2.82442e-06
28725,2.83519e-06
28726,2.84391e-06
28727,2.85466e-06
28728,2.86323e-06
28729,2.87395e-06
28730,2.88239e-06
28731,2.89306e-06
28732,2.90139e-06
28733,2.91199e-06
28734,2.92021e-06
28735,2.93075e-06
28736,2.93887e-06
28737,2.94932e-06
28738,2.95735e-06
28739,2.96772e-06
28740,2.97566e-06
28741,2.98593e-06
28742,2.9938e-06
28743,3.00395e-06
28744,3.01175e-06
28745,3.0218e-06
28746,3.02953e-06
28747,3.04068e-06
28748,3.05176e-06
28749,3.06294e-06
28750,3.07388e-06
28751,3.085e-06
28752,3.0958e-06
28753,3.10687e-06
28754,3.11749e-06
28755,3.12853e-06
28756,3.13896e-06
28757,3.14996e-06
28758,3.1602e-06
28759,3.17118e-06
28760,3.18122e-06
28761,3.19215e-06
28762,3.20206e-06
28763,3.21289e-06
28764,3.22264e-06
28765,3.23337e-06
28766,3.24296e-06
28767,3.2536e-06
28768,3.26303e-06
28769,3.27356e-06
28770,3.28282e-06
28771,3.29326e-06
28772,3.30233e-06
28773,3.31267e-06
28774,3.32156e-06
28775,3.33181e-06
28776,3.3405e-06
28777,3.35066e-06
28778,3.35926e-06
28779,3.36921e-06
28780,3.37782e-06
28781,3.38747e-06
28782,3.39609e-06
28783,3.40543e-06
28784,3.41405e-06
28785,3.42308e-06
28786,3.43171e-06
28787,3.44042e-06
28788,3.44906e-06
28789,3.4575e-06
28790,3.4661e-06
28791,3.47432e-06
28792,3.48283e-06
28793,3.49082e-06
28794,3.49923e-06
28795,3.507e-06
28796,3.51532e-06
28797,3.52286e-06
28798,3.53108e-06
28799,3.53839e-06
28800,3.54651e-06
28801,3.55359e-06
28802,3.56161e-06
28803,3.56846e-06
28804,3.57638e-06
28805,3.58301e-06
28806,3.59083e-06
28807,3.59722e-06
28808,3.60494e-06
28809,3.61113e-06
28810,3.61872e-06
28811,3.6249e-06
28812,3.63216e-06
28813,3.63833e-06
28814,3.64528e-06
28815,3.65143e-06
28816,3.65806e-06
28817,3.66419e-06
28818,3.6705e-06
28819,3.67662e-06
28820,3.68265e-06
28821,3.68871e-06
28822,3.69452e-06
28823,3.70046e-06
28824,3.70606e-06
28825,3.71188e-06
28826,3.71726e-06
28827,3.72297e-06
28828,3.72813e-06
28829,3.73373e-06
28830,3.73868e-06
28831,3.74415e-06
28832,3.7489e-06
28833,3.75425e-06
28834,3.75879e-06
28835,3.76402e-06
28836,3.76836e-06
28837,3.77346e-06
28838,3.77761e-06
28839,3.78258e-06
28840,3.78655e-06
28841,3.79138e-06
28842,3.79516e-06
28843,3.79986e-06
28844,3.80347e-06
28845,3.80802e-06
28846,3.81146e-06
28847,3.81587e-06
28848,3.81914e-06
28849,3.82341e-06
28850,3.82652e-06
28851,3.83063e-06
28852,3.8336e-06
28853,3.83755e-06
28854,3.84037e-06
28855,3.84416e-06
28856,3.84685e-06
28857,3.85047e-06
28858,3.85302e-06
28859,3.85648e-06
28860,3.85891e-06
28861,3.86219e-06
28862,3.8645e-06
28863,3.86761e-06
28864,3.86981e-06
28865,3.87273e-06
28866,3.87482e-06
28867,3.87755e-06
28868,3.87956e-06
28869,3.88209e-06
28870,3.884e-06
28871,3.88634e-06
28872,3.88817e-06
28873,3.89029e-06
28874,3.89206e-06
28875,3.89397e-06
28876,3.89566e-06
28877,3.89735e-06
28878,3.89899e-06
28879,3.90045e-06
28880,3.90204e-06
28881,3.90327e-06
28882,3.90482e-06
28883,3.90581e-06
28884,3.90731e-06
28885,3.90806e-06
28886,3.90954e-06
28887,3.91003e-06
28888,3.91148e-06
28889,3.91172e-06
28890,3.91316e-06
28891,3.91336e-06
28892,3.91455e-06
28893,3.91482e-06
28894,3.91567e-06
28895,3.91601e-06
28896,3.9165e-06
28897,3.91693e-06
28898,3.91708e-06
28899,3.91759e-06
28900,3.91744e-06
28901,3.91797e-06
28902,3.91752e-06
28903,3.91807e-06
28904,3.91732e-06
28905,3.91789e-06
28906,3.91691e-06
28907,3.91743e-06
28908,3.91648e-06
28909,3.91669e-06
28910,3.91578e-06
28911,3.91566e-06
28912,3.91479e-06
28913,3.91434e-06
28914,3.91351e-06
28915,3.91272e-06
28916,3.91193e-06
28917,3.9108e-06
28918,3.91006e-06
28919,3.90858e-06
28920,3.90788e-06
28921,3.90605e-06
28922,3.9054e-06
28923,3.90351e-06
28924,3.9026e-06
28925,3.90085e-06
28926,3.89954e-06
28927,3.89787e-06
28928,3.89619e-06
28929,3.89456e-06
28930,3.8925e-06
28931,3.89092e-06
28932,3.88849e-06
28933,3.88694e-06
28934,3.88412e-06
28935,3.88261e-06
28936,3.8794e-06
28937,3.87793e-06
28938,3.87461e-06
28939,3.87289e-06
28940,3.8696e-06
28941,3.86749e-06
28942,3.86421e-06
28943,3.8617e-06
28944,3.85845e-06
28945,3.85554e-06
28946,3.8523e-06
28947,3.84898e-06
28948,3.84576e-06
28949,3.84203e-06
28950,3.83881e-06
28951,3.83466e-06
28952,3.83146e-06
28953,3.82689e-06
28954,3.82368e-06
28955,3.81885e-06
28956,3.81548e-06
28957,3.81068e-06
28958,3.80685e-06
28959,3.80207e-06
28960,3.79782e-06
28961,3.79301e-06
28962,3.78834e-06
28963,3.7835e-06
28964,3.7784e-06
28965,3.77351e-06
28966,3.76799e-06
28967,3.76306e-06
28968,3.75711e-06
28969,3.75212e-06
28970,3.74574e-06
28971,3.74069e-06
28972,3.73389e-06
28973,3.72877e-06
28974,3.72154e-06
28975,3.71635e-06
28976,3.70883e-06
28977,3.70342e-06
28978,3.6958e-06
28979,3.68998e-06
28980,3.68226e-06
28981,3.67601e-06
28982,3.66819e-06
28983,3.66153e-06
28984,3.6536e-06
28985,3.64651e-06
28986,3.63846e-06
28987,3.63096e-06
28988,3.62279e-06
28989,3.61487e-06
28990,3.60657e-06
28991,3.59825e-06
28992,3.5898e-06
28993,3.58108e-06
28994,3.57249e-06
28995,3.56336e-06
28996,3.55462e-06
28997,3.54509e-06
28998,3.5362e-06
28999,3.52628e-06
29000,3.51722e-06
29001,3.50692e-06
29002,3.49769e-06
29003,3.48701e-06
29004,3.4776e-06
29005,3.46654e-06
29006,3.45696e-06
29007,3.44553e-06
29008,3.43576e-06
29009,3.42398e-06
29010,3.41401e-06
29011,3.40188e-06
29012,3.39171e-06
29013,3.37924e-06
29014,3.36887e-06
29015,3.35606e-06
29016,3.34548e-06
29017,3.33235e-06
29018,3.32156e-06
29019,3.30816e-06
29020,3.2971e-06
29021,3.28348e-06
29022,3.27212e-06
29023,3.25828e-06
29024,3.24661e-06
29025,3.23254e-06
29026,3.22059e-06
29027,3.2063e-06
29028,3.19407e-06
29029,3.17954e-06
29030,3.16705e-06
29031,3.15228e-06
29032,3.13954e-06
29033,3.12454e-06
29034,3.11155e-06
29035,3.09631e-06
29036,3.08309e-06
29037,3.06773e-06
29038,3.05418e-06
29039,3.03873e-06
29040,3.02482e-06
29041,3.0093e-06
29042,2.9951e-06
29043,2.97945e-06
29044,2.96498e-06
29045,2.94921e-06
29046,2.93447e-06
29047,2.91857e-06
29048,2.90356e-06
29049,2.88755e-06
29050,2.87228e-06
29051,2.85618e-06
29052,2.84064e-06
29053,2.82446e-06
29054,2.80865e-06
29055,2.79241e-06
29056,2.77632e-06
29057,2.76004e-06
29058,2.74369e-06
29059,2.72737e-06
29060,2.71075e-06
29061,2.69443e-06
29062,2.67753e-06
29063,2.6613e-06
29064,2.64405e-06
29065,2.62801e-06
29066,2.61051e-06
29067,2.59449e-06
29068,2.57706e-06
29069,2.56075e-06
29070,2.54342e-06
29071,2.52682e-06
29072,2.50961e-06
29073,2.49272e-06
29074,2.47564e-06
29075,2.45846e-06
29076,2.44162e-06
29077,2.42407e-06
29078,2.40759e-06
29079,2.39003e-06
29080,2.37347e-06
29081,2.35612e-06
29082,2.33926e-06
29083,2.32215e-06
29084,2.30499e-06
29085,2.28813e-06
29086,2.27067e-06
29087,2.25407e-06
29088,2.23694e-06
29089,2.22023e-06
29090,2.20344e-06
29091,2.18641e-06
29092,2.16995e-06
29093,2.15261e-06
29094,2.13649e-06
29095,2.11964e-06
29096,2.10308e-06
29097,2.0869e-06
29098,2.06987e-06
29099,2.05423e-06
29100,2.03762e-06
29101,2.02166e-06
29102,2.00548e-06
29103,1.9892e-06
29104,1.97351e-06
29105,1.95773e-06
29106,1.94192e-06
29107,1.92661e-06
29108,1.91061e-06
29109,1.89565e-06
29110,1.88014e-06
29111,1.86485e-06
29112,1.85004e-06
29113,1.83515e-06
29114,1.82025e-06
29115,1.81501e-06
29116,1.82842e-06
29117,1.84127e-06
29118,1.85452e-06
29119,1.86721e-06
29120,1.88021e-06
29121,1.89273e-06
29122,1.9055e-06
29123,1.91782e-06
29124,1.93038e-06
29125,1.94247e-06
29126,1.95483e-06
29127,1.96668e-06
29128,1.97882e-06
29129,1.99043e-06
29130,2.00236e-06
29131,2.01377e-06
29132,2.02543e-06
29133,2.03665e-06
29134,2.04803e-06
29135,2.05906e-06
29136,2.07015e-06
29137,2.081e-06
29138,2.0918e-06
29139,2.10245e-06
29140,2.11296e-06
29141,2.12342e-06
29142,2.13363e-06
29143,2.1439e-06
29144,2.1538e-06
29145,2.16388e-06
29146,2.17348e-06
29147,2.18337e-06
29148,2.19266e-06
29149,2.20236e-06
29150,2.21134e-06
29151,2.22085e-06
29152,2.22959e-06
29153,2.23883e-06
29154,2.24735e-06
29155,2.25632e-06
29156,2.26462e-06
29157,2.2733e-06
29158,2.28138e-06
29159,2.28978e-06
29160,2.29765e-06
29161,2.30577e-06
29162,2.31342e-06
29163,2.32125e-06
29164,2.32871e-06
29165,2.33623e-06
29166,2.3435e-06
29167,2.35083e-06
29168,2.3578e-06
29169,2.36494e-06
29170,2.37161e-06
29171,2.37856e-06
29172,2.38494e-06
29173,2.3917e-06
29174,2.39778e-06
29175,2.40437e-06
29176,2.41016e-06
29177,2.41657e-06
29178,2.42206e-06
29179,2.42831e-06
29180,2.43351e-06
29181,2.43958e-06
29182,2.44597e-06
29183,2.45275e-06
29184,2.45925e-06
29185,2.4661e-06
29186,2.47246e-06
29187,2.47903e-06
29188,2.48548e-06
29189,2.49155e-06
29190,2.49809e-06
29191,2.50414e-06
29192,2.5103e-06
29193,2.51646e-06
29194,2.52212e-06
29195,2.52839e-06
29196,2.53417e-06
29197,2.53994e-06
29198,2.54584e-06
29199,2.55119e-06
29200,2.55715e-06
29201,2.56264e-06
29202,2.56809e-06
29203,2.57373e-06
29204,2.57905e-06
29205,2.58446e-06
29206,2.58978e-06
29207,2.59509e-06
29208,2.60022e-06
29209,2.60565e-06
29210,2.61058e-06
29211,2.61588e-06
29212,2.62094e-06
29213,2.62609e-06
29214,2.63103e-06
29215,2.63622e-06
29216,2.64102e-06
29217,2.64603e-06
29218,2.65104e-06
29219,2.65555e-06
29220,2.66076e-06
29221,2.66519e-06
29222,2.67018e-06
29223,2.67483e-06
29224,2.67932e-06
29225,2.68417e-06
29226,2.68823e-06
29227,2.69324e-06
29228,2.69739e-06
29229,2.70203e-06
29230,2.70639e-06
29231,2.71101e-06
29232,2.7154e-06
29233,2.71983e-06
29234,2.7243e-06
29235,2.72867e-06
29236,2.73295e-06
29237,2.73754e-06
29238,2.74134e-06
29239,2.74614e-06
29240,2.7497e-06
29241,2.7545e-06
29242,2.75827e-06
29243,2.76261e-06
29244,2.76658e-06
29245,2.77076e-06
29246,2.77486e-06
29247,2.77892e-06
29248,2.78313e-06
29249,2.78684e-06
29250,2.79115e-06
29251,2.79498e-06
29252,2.79894e-06
29253,2.80295e-06
29254,2.80648e-06
29255,2.81068e-06
29256,2.81425e-06
29257,2.81816e-06
29258,2.82183e-06
29259,2.82554e-06
29260,2.82916e-06
29261,2.83297e-06
29262,2.83659e-06
29263,2.84016e-06
29264,2.84392e-06
29265,2.84711e-06
29266,2.85101e-06
29267,2.85411e-06
29268,2.85785e-06
29269,2.86102e-06
29270,2.86444e-06
29271,2.86769e-06
29272,2.87105e-06
29273,2.8741e-06
29274,2.87753e-06
29275,2.8803e-06
29276,2.88376e-06
29277,2.8866e-06
29278,2.88973e-06
29279,2.89265e-06
29280,2.89545e-06
29281,2.89843e-06
29282,2.90107e-06
29283,2.90395e-06
29284,2.90662e-06
29285,2.90943e-06
29286,2.9119e-06
29287,2.91473e-06
29288,2.91691e-06
29289,2.91975e-06
29290,2.92166e-06
29291,2.9245e-06
29292,2.92616e-06
29293,2.92897e-06
29294,2.93063e-06
29295,2.93317e-06
29296,2.93481e-06
29297,2.93709e-06
29298,2.9387e-06
29299,2.94074e-06
29300,2.94231e-06
29301,2.9441e-06
29302,2.94564e-06
29303,2.94734e-06
29304,2.94868e-06
29305,2.95032e-06
29306,2.95143e-06
29307,2.95301e-06
29308,2.95388e-06
29309,2.9554e-06
29310,2.95605e-06
29311,2.95748e-06
29312,2.95792e-06
29313,2.95927e-06
29314,2.95949e-06
29315,2.96075e-06
29316,2.96085e-06
29317,2.96193e-06
29318,2.96188e-06
29319,2.96279e-06
29320,2.96263e-06
29321,2.96335e-06
29322,2.96307e-06
29323,2.96359e-06
29324,2.96318e-06
29325,2.96351e-06
29326,2.96296e-06
29327,2.96311e-06
29328,2.96242e-06
29329,2.96238e-06
29330,2.96155e-06
29331,2.96133e-06
29332,2.96034e-06
29333,2.95994e-06
29334,2.95879e-06
29335,2.95822e-06
29336,2.9569e-06
29337,2.95616e-06
29338,2.95466e-06
29339,2.95375e-06
29340,2.95208e-06
29341,2.951e-06
29342,2.94914e-06
29343,2.94789e-06
29344,2.94584e-06
29345,2.94443e-06
29346,2.94217e-06
29347,2.9406e-06
29348,2.93814e-06
29349,2.93641e-06
29350,2.93374e-06
29351,2.93184e-06
29352,2.92896e-06
29353,2.9269e-06
29354,2.9238e-06
29355,2.92158e-06
29356,2.91825e-06
29357,2.91587e-06
29358,2.91232e-06
29359,2.90977e-06
29360,2.90598e-06
29361,2.90327e-06
29362,2.89929e-06
29363,2.89638e-06
29364,2.89222e-06
29365,2.88907e-06
29366,2.88475e-06
29367,2.88135e-06
29368,2.87686e-06
29369,2.87322e-06
29370,2.86856e-06
29371,2.86466e-06
29372,2.85983e-06
29373,2.85567e-06
29374,2.85067e-06
29375,2.84625e-06
29376,2.84107e-06
29377,2.83639e-06
29378,2.83104e-06
29379,2.82609e-06
29380,2.82056e-06
29381,2.81534e-06
29382,2.80963e-06
29383,2.80413e-06
29384,2.79824e-06
29385,2.79247e-06
29386,2.78639e-06
29387,2.78034e-06
29388,2.77408e-06
29389,2.7678e-06
29390,2.7613e-06
29391,2.75483e-06
29392,2.74804e-06
29393,2.74137e-06
29394,2.73431e-06
29395,2.72744e-06
29396,2.72009e-06
29397,2.71303e-06
29398,2.70539e-06
29399,2.69813e-06
29400,2.6902e-06
29401,2.68273e-06
29402,2.67451e-06
29403,2.66684e-06
29404,2.65833e-06
29405,2.65046e-06
29406,2.64169e-06
29407,2.63357e-06
29408,2.62459e-06
29409,2.61618e-06
29410,2.60699e-06
29411,2.59829e-06
29412,2.58888e-06
29413,2.57989e-06
29414,2.57026e-06
29415,2.56099e-06
29416,2.55113e-06
29417,2.54157e-06
29418,2.53149e-06
29419,2.52165e-06
29420,2.51135e-06
29421,2.50122e-06
29422,2.49069e-06
29423,2.48028e-06
29424,2.46952e-06
29425,2.45883e-06
29426,2.44785e-06
29427,2.43687e-06
29428,2.42567e-06
29429,2.41441e-06
29430,2.40298e-06
29431,2.39144e-06
29432,2.37979e-06
29433,2.36797e-06
29434,2.3561e-06
29435,2.344e-06
29436,2.33192e-06
29437,2.31954e-06
29438,2.30724e-06
29439,2.29458e-06
29440,2.28206e-06
29441,2.26913e-06
29442,2.25641e-06
29443,2.24325e-06
29444,2.23027e-06
29445,2.21693e-06
29446,2.20366e-06
29447,2.19013e-06
29448,2.17658e-06
29449,2.16287e-06
29450,2.14914e-06
29451,2.13515e-06
29452,2.12125e-06
29453,2.10698e-06
29454,2.09292e-06
29455,2.07836e-06
29456,2.06414e-06
29457,2.04931e-06
29458,2.03494e-06
29459,2.01983e-06
29460,2.00532e-06
29461,1.98993e-06
29462,1.97528e-06
29463,1.95963e-06
29464,1.94484e-06
29465,1.92892e-06
29466,1.914e-06
29467,1.89783e-06
29468,1.88279e-06
29469,1.86646e-06
29470,1.8512e-06
29471,1.83477e-06
29472,1.82743e-06
29473,1.82043e-06
29474,1.81487e-06
29475,1.80768e-06
29476,1.80229e-06
29477,1.79491e-06
29478,1.78968e-06
29479,1.78212e-06
29480,1.77708e-06
29481,1.76937e-06
29482,1.7645e-06
29483,1.75694e-06
29484,1.75189e-06
29485,1.74447e-06
29486,1.73924e-06
29487,1.73196e-06
29488,1.72655e-06
29489,1.71939e-06
29490,1.71381e-06
29491,1.70678e-06
29492,1.70102e-06
29493,1.6941e-06
29494,1.68817e-06
29495,1.68136e-06
29496,1.67526e-06
29497,1.66854e-06
29498,1.66228e-06
29499,1.65565e-06
29500,1.64922e-06
29501,1.6428e-06
29502,1.63621e-06
29503,1.62991e-06
29504,1.62986e-06
29505,1.63789e-06
29506,1.64585e-06
29507,1.65438e-06
29508,1.66307e-06
29509,1.67173e-06
29510,1.68064e-06
29511,1.6899e-06
29512,1.69908e-06
29513,1.7082e-06
29514,1.71798e-06
29515,1.72763e-06
29516,1.7371e-06
29517,1.74725e-06
29518,1.75732e-06
29519,1.76763e-06
29520,1.77805e-06
29521,1.79021e-06
29522,1.80207e-06
29523,1.81525e-06
29524,1.82807e-06
29525,1.84024e-06
29526,1.854e-06
29527,1.86648e-06
29528,1.87985e-06
29529,1.89324e-06
29530,1.90592e-06
29531,1.9199e-06
29532,1.93269e-06
29533,1.94675e-06
29534,1.9601e-06
29535,1.97362e-06
29536,1.98777e-06
29537,2.00037e-06
29538,2.01533e-06
29539,2.02857e-06
29540,2.04276e-06
29541,2.05676e-06
29542,2.07003e-06
29543,2.08478e-06
29544,2.09752e-06
29545,2.11272e-06
29546,2.12606e-06
29547,2.14075e-06
29548,2.15462e-06
29549,2.16861e-06
29550,2.18312e-06
29551,2.19626e-06
29552,2.2114e-06
29553,2.22408e-06
29554,2.23947e-06
29555,2.25272e-06
29556,2.26749e-06
29557,2.28111e-06
29558,2.29541e-06
29559,2.30951e-06
29560,2.32308e-06
29561,2.33769e-06
29562,2.3505e-06
29563,2.3656e-06
29564,2.37775e-06
29565,2.39323e-06
29566,2.40573e-06
29567,2.42076e-06
29568,2.43349e-06
29569,2.44809e-06
29570,2.4611e-06
29571,2.47512e-06
29572,2.4885e-06
29573,2.50185e-06
29574,2.51558e-06
29575,2.52828e-06
29576,2.54233e-06
29577,2.55462e-06
29578,2.56876e-06
29579,2.58064e-06
29580,2.59503e-06
29581,2.60975e-06
29582,2.62455e-06
29583,2.63884e-06
29584,2.65388e-06
29585,2.66781e-06
29586,2.68296e-06
29587,2.69653e-06
29588,2.71179e-06
29589,2.72509e-06
29590,2.74045e-06
29591,2.75386e-06
29592,2.76887e-06
29593,2.78232e-06
29594,2.79699e-06
29595,2.81048e-06
29596,2.82481e-06
29597,2.83836e-06
29598,2.85231e-06
29599,2.86597e-06
29600,2.87948e-06
29601,2.89323e-06
29602,2.90632e-06
29603,2.92014e-06
29604,2.93282e-06
29605,2.94667e-06
29606,2.95897e-06
29607,2.97284e-06
29608,2.98475e-06
29609,2.99862e-06
29610,3.01017e-06
29611,3.024e-06
29612,3.03521e-06
29613,3.04899e-06
29614,3.05988e-06
29615,3.07358e-06
29616,3.0842e-06
29617,3.09775e-06
29618,3.10825e-06
29619,3.1215e-06
29620,3.13186e-06
29621,3.14482e-06
29622,3.15503e-06
29623,3.16771e-06
29624,3.17774e-06
29625,3.19017e-06
29626,3.19999e-06
29627,3.21218e-06
29628,3.22178e-06
29629,3.23374e-06
29630,3.24311e-06
29631,3.25484e-06
29632,3.26398e-06
29633,3.27549e-06
29634,3.2844e-06
29635,3.29568e-06
29636,3.30435e-06
29637,3.3154e-06
29638,3.32382e-06
29639,3.33465e-06
29640,3.34282e-06
29641,3.35343e-06
29642,3.36133e-06
29643,3.37174e-06
29644,3.37936e-06
29645,3.38957e-06
29646,3.39698e-06
29647,3.40692e-06
29648,3.41423e-06
29649,3.4238e-06
29650,3.43102e-06
29651,3.44021e-06
29652,3.44734e-06
29653,3.45622e-06
29654,3.46319e-06
29655,3.47176e-06
29656,3.47857e-06
29657,3.48682e-06
29658,3.49348e-06
29659,3.50141e-06
29660,3.50793e-06
29661,3.51552e-06
29662,3.52191e-06
29663,3.52916e-06
29664,3.53555e-06
29665,3.54232e-06
29666,3.54872e-06
29667,3.55501e-06
29668,3.56143e-06
29669,3.56724e-06
29670,3.57368e-06
29671,3.57899e-06
29672,3.58548e-06
29673,3.59043e-06
29674,3.59682e-06
29675,3.6014e-06
29676,3.6077e-06
29677,3.61192e-06
29678,3.61814e-06
29679,3.62205e-06
29680,3.62813e-06
29681,3.63213e-06
29682,3.63776e-06
29683,3.64177e-06
29684,3.64702e-06
29685,3.65097e-06
29686,3.65584e-06
29687,3.65974e-06
29688,3.66423e-06
29689,3.66809e-06
29690,3.6722e-06
29691,3.67612e-06
29692,3.67974e-06
29693,3.68379e-06
29694,3.68686e-06
29695,3.69104e-06
29696,3.69356e-06
29697,3.69789e-06
29698,3.69991e-06
29699,3.70433e-06
29700,3.70627e-06
29701,3.71036e-06
29702,3.71246e-06
29703,3.716e-06
29704,3.71826e-06
29705,3.72125e-06
29706,3.72367e-06
29707,3.7261e-06
29708,3.72869e-06
29709,3.7307e-06
29710,3.73333e-06
29711,3.73496e-06
29712,3.73759e-06
29713,3.73884e-06
29714,3.74148e-06
29715,3.74235e-06
29716,3.745e-06
29717,3.74596e-06
29718,3.74817e-06
29719,3.74929e-06
29720,3.75113e-06
29721,3.75227e-06
29722,3.75373e-06
29723,3.75489e-06
29724,3.75598e-06
29725,3.75716e-06
29726,3.75788e-06
29727,3.75908e-06
29728,3.75944e-06
29729,3.76067e-06
29730,3.76067e-06
29731,3.76191e-06
29732,3.76173e-06
29733,3.76295e-06
29734,3.76281e-06
29735,3.76367e-06
29736,3.76356e-06
29737,3.76407e-06
29738,3.76398e-06
29739,3.76415e-06
29740,3.76408e-06
29741,3.7639e-06
29742,3.76386e-06
29743,3.76334e-06
29744,3.76332e-06
29745,3.76247e-06
29746,3.76247e-06
29747,3.76129e-06
29748,3.76136e-06
29749,3.76008e-06
29750,3.76001e-06
29751,3.75875e-06
29752,3.75836e-06
29753,3.75712e-06
29754,3.75641e-06
29755,3.75518e-06
29756,3.75416e-06
29757,3.75294e-06
29758,3.75162e-06
29759,3.7504e-06
29760,3.74878e-06
29761,3.74757e-06
29762,3.74566e-06
29763,3.74445e-06
29764,3.74224e-06
29765,3.74104e-06
29766,3.73855e-06
29767,3.73735e-06
29768,3.73458e-06
29769,3.73337e-06
29770,3.73068e-06
29771,3.7291e-06
29772,3.72649e-06
29773,3.72456e-06
29774,3.72201e-06
29775,3.71976e-06
29776,3.71725e-06
29777,3.71473e-06
29778,3.7122e-06
29779,3.70943e-06
29780,3.70688e-06
29781,3.70386e-06
29782,3.70128e-06
29783,3.69801e-06
29784,3.6954e-06
29785,3.69188e-06
29786,3.68924e-06
29787,3.68548e-06
29788,3.68281e-06
29789,3.67882e-06
29790,3.6761e-06
29791,3.67188e-06
29792,3.66911e-06
29793,3.66467e-06
29794,3.66186e-06
29795,3.65728e-06
29796,3.65433e-06
29797,3.6497e-06
29798,3.64652e-06
29799,3.64184e-06
29800,3.63845e-06
29801,3.6337e-06
29802,3.6301e-06
29803,3.62529e-06
29804,3.62147e-06
29805,3.6166e-06
29806,3.61257e-06
29807,3.60763e-06
29808,3.6034e-06
29809,3.59839e-06
29810,3.59396e-06
29811,3.5889e-06
29812,3.58424e-06
29813,3.57914e-06
29814,3.57424e-06
29815,3.5691e-06
29816,3.56396e-06
29817,3.55878e-06
29818,3.55341e-06
29819,3.54819e-06
29820,3.54258e-06
29821,3.5373e-06
29822,3.53147e-06
29823,3.52614e-06
29824,3.52008e-06
29825,3.5147e-06
29826,3.5084e-06
29827,3.50297e-06
29828,3.49645e-06
29829,3.49096e-06
29830,3.4842e-06
29831,3.47866e-06
29832,3.47167e-06
29833,3.46608e-06
29834,3.45888e-06
29835,3.4532e-06
29836,3.44586e-06
29837,3.44004e-06
29838,3.4326e-06
29839,3.4266e-06
29840,3.41905e-06
29841,3.41286e-06
29842,3.40522e-06
29843,3.39883e-06
29844,3.39109e-06
29845,3.38451e-06
29846,3.37668e-06
29847,3.3699e-06
29848,3.36197e-06
29849,3.35499e-06
29850,3.34697e-06
29851,3.33979e-06
29852,3.33168e-06
29853,3.3243e-06
29854,3.3161e-06
29855,3.30851e-06
29856,3.30022e-06
29857,3.29243e-06
29858,3.28405e-06
29859,3.27605e-06
29860,3.26759e-06
29861,3.25937e-06
29862,3.25084e-06
29863,3.24241e-06
29864,3.2338e-06
29865,3.22514e-06
29866,3.21647e-06
29867,3.20759e-06
29868,3.19884e-06
29869,3.18974e-06
29870,3.18093e-06
29871,3.1716e-06
29872,3.16273e-06
29873,3.15316e-06
29874,3.14429e-06
29875,3.13444e-06
29876,3.12563e-06
29877,3.11575e-06
29878,3.10669e-06
29879,3.09679e-06
29880,3.08748e-06
29881,3.07755e-06
29882,3.06799e-06
29883,3.05805e-06
29884,3.04823e-06
29885,3.03829e-06
29886,3.02819e-06
29887,3.01826e-06
29888,3.0079e-06
29889,2.99798e-06
29890,2.98733e-06
29891,2.97744e-06
29892,2.96651e-06
29893,2.95664e-06
29894,2.94556e-06
29895,2.9356e-06
29896,2.92474e-06
29897,2.91432e-06
29898,2.9037e-06
29899,2.89281e-06
29900,2.88244e-06
29901,2.87123e-06
29902,2.86095e-06
29903,2.84962e-06
29904,2.83925e-06
29905,2.82804e-06
29906,2.81734e-06
29907,2.80625e-06
29908,2.79523e-06
29909,2.78427e-06
29910,2.77291e-06
29911,2.76209e-06
29912,2.75041e-06
29913,2.73974e-06
29914,2.72833e-06
29915,2.7172e-06
29916,2.70623e-06
29917,2.69466e-06
29918,2.68396e-06
29919,2.67251e-06
29920,2.66155e-06
29921,2.65032e-06
29922,2.639e-06
29923,2.62799e-06
29924,2.61634e-06
29925,2.60554e-06
29926,2.59414e-06
29927,2.58296e-06
29928,2.57189e-06
29929,2.56057e-06
29930,2.54978e-06
29931,2.53875e-06
29932,2.52756e-06
29933,2.51684e-06
29934,2.50562e-06
29935,2.49484e-06
29936,2.48395e-06
29937,2.47277e-06
29938,2.4622e-06
29939,2.45123e-06
29940,2.44039e-06
29941,2.42976e-06
29942,2.41878e-06
29943,2.40823e-06
29944,2.39761e-06
29945,2.38674e-06
29946,2.3766e-06
29947,2.36611e-06
29948,2.35572e-06
29949,2.3456e-06
29950,2.33515e-06
29951,2.32505e-06
29952,2.31499e-06
29953,2.30463e-06
29954,2.29481e-06
29955,2.28483e-06
29956,2.27461e-06
29957,2.26502e-06
29958,2.25515e-06
29959,2.2452e-06
29960,2.23571e-06
29961,2.22594e-06
29962,2.21626e-06
29963,2.20688e-06
29964,2.1972e-06
29965,2.18781e-06
29966,2.17852e-06
29967,2.16892e-06
29968,2.15983e-06
29969,2.15061e-06
29970,2.14122e-06
29971,2.13229e-06
29972,2.12311e-06
29973,2.11403e-06
29974,2.10516e-06
29975,2.09606e-06
29976,2.08719e-06
29977,2.07836e-06
29978,2.06953e-06
29979,2.06074e-06
29980,2.0519e-06
29981,2.04322e-06
29982,2.03457e-06
29983,2.02593e-06
29984,2.01726e-06
29985,2.00861e-06
29986,2.00011e-06
29987,1.99159e-06
29988,1.9831e-06
29989,1.97456e-06
29990,1.96606e-06
29991,1.95763e-06
29992,1.94926e-06
29993,1.94088e-06
29994,1.93248e-06
29995,1.9241e-06
29996,1.91567e-06
29997,1.90741e-06
29998,1.89911e-06
29999,1.89085e-06
30000,1.88254e-06
30001,1.87424e-06
30002,1.86592e-06
30003,1.8576e-06
30004,1.84948e-06
30005,1.84121e-06
30006,1.83305e-06
30007,1.82476e-06
30008,1.81656e-06
30009,1.80827e-06
30010,1.80007e-06
30011,1.79189e-06
30012,1.78372e-06
30013,1.77553e-06
30014,1.76732e-06
30015,1.77052e-06
30016,1.7775e-06
30017,1.783e-06
30018,1.79015e-06
30019,1.79665e-06
30020,1.80694e-06
30021,1.81738e-06
30022,1.82753e-06
30023,1.83783e-06
30024,1.84784e-06
30025,1.85799e-06
30026,1.86785e-06
30027,1.87786e-06
30028,1.88757e-06
30029,1.89743e-06
30030,1.907e-06
30031,1.91671e-06
30032,1.92613e-06
30033,1.93569e-06
30034,1.94495e-06
30035,1.95436e-06
30036,1.96348e-06
30037,1.97273e-06
30038,1.9817e-06
30039,1.9908e-06
30040,1.99962e-06
30041,2.00856e-06
30042,2.01722e-06
30043,2.026e-06
30044,2.03452e-06
30045,2.04314e-06
30046,2.05151e-06
30047,2.05997e-06
30048,2.06819e-06
30049,2.07649e-06
30050,2.08455e-06
30051,2.0927e-06
30052,2.1006e-06
30053,2.10859e-06
30054,2.11634e-06
30055,2.12417e-06
30056,2.13177e-06
30057,2.13944e-06
30058,2.14689e-06
30059,2.1544e-06
30060,2.16169e-06
30061,2.16904e-06
30062,2.17618e-06
30063,2.18338e-06
30064,2.19035e-06
30065,2.19741e-06
30066,2.20422e-06
30067,2.21112e-06
30068,2.21778e-06
30069,2.22454e-06
30070,2.23103e-06
30071,2.23764e-06
30072,2.24397e-06
30073,2.25044e-06
30074,2.25661e-06
30075,2.26294e-06
30076,2.26894e-06
30077,2.27514e-06
30078,2.28097e-06
30079,2.28704e-06
30080,2.2927e-06
30081,2.29865e-06
30082,2.30413e-06
30083,2.30996e-06
30084,2.31527e-06
30085,2.32098e-06
30086,2.32612e-06
30087,2.33172e-06
30088,2.33667e-06
30089,2.34217e-06
30090,2.34694e-06
30091,2.35233e-06
30092,2.35692e-06
30093,2.36222e-06
30094,2.36663e-06
30095,2.37183e-06
30096,2.37609e-06
30097,2.38117e-06
30098,2.38588e-06
30099,2.3926e-06
30100,2.39855e-06
30101,2.40522e-06
30102,2.41101e-06
30103,2.4176e-06
30104,2.42326e-06
30105,2.42973e-06
30106,2.43533e-06
30107,2.44162e-06
30108,2.44715e-06
30109,2.45326e-06
30110,2.45873e-06
30111,2.46468e-06
30112,2.47008e-06
30113,2.47586e-06
30114,2.48119e-06
30115,2.48681e-06
30116,2.49206e-06
30117,2.49754e-06
30118,2.50271e-06
30119,2.50804e-06
30120,2.51313e-06
30121,2.51833e-06
30122,2.52333e-06
30123,2.52839e-06
30124,2.53331e-06
30125,2.53824e-06
30126,2.54307e-06
30127,2.54788e-06
30128,2.55262e-06
30129,2.55731e-06
30130,2.56195e-06
30131,2.56653e-06
30132,2.57107e-06
30133,2.57555e-06
30134,2.57999e-06
30135,2.58436e-06
30136,2.5887e-06
30137,2.59297e-06
30138,2.5972e-06
30139,2.60138e-06
30140,2.6055e-06
30141,2.60958e-06
30142,2.6136e-06
30143,2.61759e-06
30144,2.6215e-06
30145,2.6254e-06
30146,2.6292e-06
30147,2.63302e-06
30148,2.6367e-06
30149,2.64044e-06
30150,2.64401e-06
30151,2.64766e-06
30152,2.65111e-06
30153,2.65468e-06
30154,2.65801e-06
30155,2.66151e-06
30156,2.66472e-06
30157,2.66814e-06
30158,2.67123e-06
30159,2.67457e-06
30160,2.67753e-06
30161,2.6808e-06
30162,2.68364e-06
30163,2.68683e-06
30164,2.68954e-06
30165,2.69266e-06
30166,2.69524e-06
30167,2.69828e-06
30168,2.70073e-06
30169,2.7037e-06
30170,2.70602e-06
30171,2.70891e-06
30172,2.7111e-06
30173,2.71391e-06
30174,2.71596e-06
30175,2.71869e-06
30176,2.72061e-06
30177,2.72326e-06
30178,2.72505e-06
30179,2.72761e-06
30180,2.72929e-06
30181,2.73174e-06
30182,2.7333e-06
30183,2.73564e-06
30184,2.73709e-06
30185,2.73931e-06
30186,2.74064e-06
30187,2.74274e-06
30188,2.74396e-06
30189,2.74594e-06
30190,2.74704e-06
30191,2.7489e-06
30192,2.74989e-06
30193,2.7516e-06
30194,2.75249e-06
30195,2.75406e-06
30196,2.75484e-06
30197,2.75626e-06
30198,2.75693e-06
30199,2.7582e-06
30200,2.75876e-06
30201,2.75987e-06
30202,2.76031e-06
30203,2.76211e-06
30204,2.76373e-06
30205,2.76533e-06
30206,2.76687e-06
30207,2.7681e-06
30208,2.76956e-06
30209,2.77041e-06
30210,2.7718e-06
30211,2.77228e-06
30212,2.77359e-06
30213,2.77411e-06
30214,2.77502e-06
30215,2.77577e-06
30216,2.7763e-06
30217,2.77699e-06
30218,2.77713e-06
30219,2.77775e-06
30220,2.7775e-06
30221,2.77806e-06
30222,2.7774e-06
30223,2.77791e-06
30224,2.77717e-06
30225,2.77731e-06
30226,2.77694e-06
30227,2.77653e-06
30228,2.77625e-06
30229,2.77543e-06
30230,2.7751e-06
30231,2.77386e-06
30232,2.77349e-06
30233,2.77183e-06
30234,2.77142e-06
30235,2.76974e-06
30236,2.76903e-06
30237,2.76759e-06
30238,2.76646e-06
30239,2.76498e-06
30240,2.76342e-06
30241,2.76189e-06
30242,2.75991e-06
30243,2.75834e-06
30244,2.75592e-06
30245,2.75465e-06
30246,2.75169e-06
30247,2.75058e-06
30248,2.74757e-06
30249,2.74603e-06
30250,2.74297e-06
30251,2.741e-06
30252,2.73819e-06
30253,2.73548e-06
30254,2.73304e-06
30255,2.72986e-06
30256,2.7274e-06
30257,2.72379e-06
30258,2.72127e-06
30259,2.71722e-06
30260,2.71466e-06
30261,2.71027e-06
30262,2.70793e-06
30263,2.70347e-06
30264,2.7007e-06
30265,2.69616e-06
30266,2.69297e-06
30267,2.68843e-06
30268,2.68473e-06
30269,2.68047e-06
30270,2.67609e-06
30271,2.672e-06
30272,2.6672e-06
30273,2.663e-06
30274,2.65779e-06
30275,2.6535e-06
30276,2.64786e-06
30277,2.64357e-06
30278,2.63742e-06
30279,2.63333e-06
30280,2.62655e-06
30281,2.62257e-06
30282,2.61557e-06
30283,2.61128e-06
30284,2.60415e-06
30285,2.59947e-06
30286,2.59244e-06
30287,2.58713e-06
30288,2.58021e-06
30289,2.57444e-06
30290,2.56745e-06
30291,2.56129e-06
30292,2.55415e-06
30293,2.54762e-06
30294,2.54033e-06
30295,2.53341e-06
30296,2.52596e-06
30297,2.51868e-06
30298,2.51108e-06
30299,2.50343e-06
30300,2.49581e-06
30301,2.48766e-06
30302,2.48003e-06
30303,2.4714e-06
30304,2.46372e-06
30305,2.45475e-06
30306,2.44688e-06
30307,2.43757e-06
30308,2.42952e-06
30309,2.41988e-06
30310,2.41163e-06
30311,2.40168e-06
30312,2.39324e-06
30313,2.38297e-06
30314,2.37433e-06
30315,2.36377e-06
30316,2.35492e-06
30317,2.34407e-06
30318,2.33502e-06
30319,2.32388e-06
30320,2.31462e-06
30321,2.30322e-06
30322,2.29374e-06
30323,2.28208e-06
30324,2.27239e-06
30325,2.26047e-06
30326,2.25056e-06
30327,2.23841e-06
30328,2.22827e-06
30329,2.2159e-06
30330,2.20553e-06
30331,2.19294e-06
30332,2.18234e-06
30333,2.16955e-06
30334,2.15872e-06
30335,2.14574e-06
30336,2.13466e-06
30337,2.12151e-06
30338,2.11019e-06
30339,2.09688e-06
30340,2.08531e-06
30341,2.07185e-06
30342,2.06003e-06
30343,2.04655e-06
30344,2.03436e-06
30345,2.02094e-06
30346,2.0083e-06
30347,1.99497e-06
30348,1.98205e-06
30349,1.96867e-06
30350,1.95548e-06
30351,1.94203e-06
30352,1.92857e-06
30353,1.91508e-06
30354,1.90134e-06
30355,1.88805e-06
30356,1.8738e-06
30357,1.86078e-06
30358,1.84612e-06
30359,1.83324e-06
30360,1.8183e-06
30361,1.80544e-06
30362,1.79042e-06
30363,1.77771e-06
30364,1.76281e-06
30365,1.74979e-06
30366,1.73526e-06
30367,1.72167e-06
30368,1.70766e-06
30369,1.69362e-06
30370,1.67989e-06
30371,1.66554e-06
30372,1.6523e-06
30373,1.63732e-06
30374,1.6247e-06
30375,1.61036e-06
30376,1.59698e-06
30377,1.58338e-06
30378,1.56965e-06
30379,1.55637e-06
30380,1.54227e-06
30381,1.52979e-06
30382,1.51607e-06
30383,1.5105e-06
30384,1.51861e-06
30385,1.52674e-06
30386,1.53512e-06
30387,1.54317e-06
30388,1.55174e-06
30389,1.55972e-06
30390,1.56843e-06
30391,1.57651e-06
30392,1.58518e-06
30393,1.59341e-06
30394,1.602e-06
30395,1.61037e-06
30396,1.61887e-06
30397,1.62739e-06
30398,1.63581e-06
30399,1.64447e-06
30400,1.6528e-06
30401,1.66161e-06
30402,1.66984e-06
30403,1.67881e-06
30404,1.68721e-06
30405,1.69606e-06
30406,1.7048e-06
30407,1.71355e-06
30408,1.72245e-06
30409,1.7311e-06
30410,1.74015e-06
30411,1.7487e-06
30412,1.7579e-06
30413,1.76639e-06
30414,1.7757e-06
30415,1.78434e-06
30416,1.79354e-06
30417,1.80233e-06
30418,1.81173e-06
30419,1.8219e-06
30420,1.83295e-06
30421,1.84347e-06
30422,1.85425e-06
30423,1.86492e-06
30424,1.87549e-06
30425,1.88626e-06
30426,1.89662e-06
30427,1.90755e-06
30428,1.91762e-06
30429,1.92887e-06
30430,1.93864e-06
30431,1.95007e-06
30432,1.95998e-06
30433,1.97113e-06
30434,1.98134e-06
30435,1.99206e-06
30436,2.00255e-06
30437,2.01284e-06
30438,2.02361e-06
30439,2.03347e-06
30440,2.04452e-06
30441,2.05395e-06
30442,2.06526e-06
30443,2.07463e-06
30444,2.08585e-06
30445,2.09545e-06
30446,2.10627e-06
30447,2.11609e-06
30448,2.12668e-06
30449,2.13656e-06
30450,2.14696e-06
30451,2.15685e-06
30452,2.16707e-06
30453,2.17714e-06
30454,2.18699e-06
30455,2.19724e-06
30456,2.20674e-06
30457,2.21715e-06
30458,2.2263e-06
30459,2.23686e-06
30460,2.24567e-06
30461,2.25638e-06
30462,2.26486e-06
30463,2.2757e-06
30464,2.28421e-06
30465,2.29482e-06
30466,2.30343e-06
30467,2.31374e-06
30468,2.32244e-06
30469,2.33245e-06
30470,2.34123e-06
30471,2.35109e-06
30472,2.35981e-06
30473,2.36953e-06
30474,2.37817e-06
30475,2.38777e-06
30476,2.39636e-06
30477,2.40579e-06
30478,2.41441e-06
30479,2.4236e-06
30480,2.43224e-06
30481,2.4412e-06
30482,2.44985e-06
30483,2.45859e-06
30484,2.46723e-06
30485,2.47578e-06
30486,2.4844e-06
30487,2.49275e-06
30488,2.50135e-06
30489,2.50952e-06
30490,2.51809e-06
30491,2.52608e-06
30492,2.53461e-06
30493,2.54243e-06
30494,2.55091e-06
30495,2.55858e-06
30496,2.567e-06
30497,2.57452e-06
30498,2.58288e-06
30499,2.59031e-06
30500,2.59854e-06
30501,2.60591e-06
30502,2.614e-06
30503,2.6213e-06
30504,2.62926e-06
30505,2.63649e-06
30506,2.6443e-06
30507,2.65148e-06
30508,2.65915e-06
30509,2.66627e-06
30510,2.67379e-06
30511,2.68086e-06
30512,2.68823e-06
30513,2.69525e-06
30514,2.70247e-06
30515,2.70945e-06
30516,2.71652e-06
30517,2.72345e-06
30518,2.73038e-06
30519,2.73726e-06
30520,2.74404e-06
30521,2.75088e-06
30522,2.75751e-06
30523,2.76432e-06
30524,2.77256e-06
30525,2.77964e-06
30526,2.78781e-06
30527,2.79483e-06
30528,2.80285e-06
30529,2.80982e-06
30530,2.81769e-06
30531,2.82464e-06
30532,2.83232e-06
30533,2.83926e-06
30534,2.84674e-06
30535,2.85368e-06
30536,2.86095e-06
30537,2.86788e-06
30538,2.87493e-06
30539,2.88188e-06
30540,2.8887e-06
30541,2.89566e-06
30542,2.90224e-06
30543,2.90922e-06
30544,2.91556e-06
30545,2.92256e-06
30546,2.92865e-06
30547,2.93568e-06
30548,2.94161e-06
30549,2.94858e-06
30550,2.95446e-06
30551,2.96125e-06
30552,2.96709e-06
30553,2.97369e-06
30554,2.97949e-06
30555,2.98591e-06
30556,2.99167e-06
30557,2.99789e-06
30558,3.00361e-06
30559,3.00964e-06
30560,3.01532e-06
30561,3.02115e-06
30562,3.02679e-06
30563,3.03244e-06
30564,3.03804e-06
30565,3.04348e-06
30566,3.04904e-06
30567,3.05429e-06
30568,3.0599e-06
30569,3.06486e-06
30570,3.07053e-06
30571,3.07544e-06
30572,3.08092e-06
30573,3.08579e-06
30574,3.09107e-06
30575,3.0959e-06
30576,3.10099e-06
30577,3.10578e-06
30578,3.11067e-06
30579,3.11541e-06
30580,3.12011e-06
30581,3.12481e-06
30582,3.12931e-06
30583,3.13396e-06
30584,3.13827e-06
30585,3.14288e-06
30586,3.147e-06
30587,3.15156e-06
30588,3.15548e-06
30589,3.15999e-06
30590,3.16373e-06
30591,3.16819e-06
30592,3.1718e-06
30593,3.17615e-06
30594,3.1798e-06
30595,3.18387e-06
30596,3.18755e-06
30597,3.19139e-06
30598,3.19506e-06
30599,3.19872e-06
30600,3.20234e-06
30601,3.20582e-06
30602,3.20937e-06
30603,3.21268e-06
30604,3.21616e-06
30605,3.21931e-06
30606,3.22272e-06
30607,3.2257e-06
30608,3.22904e-06
30609,3.23186e-06
30610,3.23513e-06
30611,3.23779e-06
30612,3.24098e-06
30613,3.24349e-06
30614,3.2466e-06
30615,3.24896e-06
30616,3.25199e-06
30617,3.2542e-06
30618,3.25715e-06
30619,3.25922e-06
30620,3.26208e-06
30621,3.26402e-06
30622,3.26679e-06
30623,3.2686e-06
30624,3.27127e-06
30625,3.27295e-06
30626,3.27553e-06
30627,3.27709e-06
30628,3.27957e-06
30629,3.28102e-06
30630,3.28339e-06
30631,3.28473e-06
30632,3.287e-06
30633,3.28823e-06
30634,3.29039e-06
30635,3.29152e-06
30636,3.29356e-06
30637,3.2946e-06
30638,3.29653e-06
30639,3.29748e-06
30640,3.29928e-06
30641,3.30015e-06
30642,3.30183e-06
30643,3.30262e-06
30644,3.30417e-06
30645,3.30489e-06
30646,3.30631e-06
30647,3.30697e-06
30648,3.30824e-06
30649,3.30884e-06
30650,3.30998e-06
30651,3.31052e-06
30652,3.31151e-06
30653,3.31201e-06
30654,3.31285e-06
30655,3.3133e-06
30656,3.31399e-06
30657,3.31441e-06
30658,3.31493e-06
30659,3.31532e-06
30660,3.31568e-06
30661,3.31604e-06
30662,3.31624e-06
30663,3.31658e-06
30664,3.31661e-06
30665,3.31693e-06
30666,3.31678e-06
30667,3.31709e-06
30668,3.31676e-06
30669,3.31707e-06
30670,3.31656e-06
30671,3.31686e-06
30672,3.31616e-06
30673,3.31647e-06
30674,3.31572e-06
30675,3.3159e-06
30676,3.31515e-06
30677,3.31513e-06
30678,3.3144e-06
30679,3.31419e-06
30680,3.31348e-06
30681,3.31305e-06
30682,3.31237e-06
30683,3.31173e-06
30684,3.31107e-06
30685,3.31023e-06
30686,3.3096e-06
30687,3.30854e-06
30688,3.30794e-06
30689,3.30665e-06
30690,3.30609e-06
30691,3.30482e-06
30692,3.30412e-06
30693,3.30289e-06
30694,3.30197e-06
30695,3.30077e-06
30696,3.29962e-06
30697,3.29847e-06
30698,3.29709e-06
30699,3.29598e-06
30700,3.29436e-06
30701,3.29329e-06
30702,3.29143e-06
30703,3.29041e-06
30704,3.2883e-06
30705,3.28733e-06
30706,3.28514e-06
30707,3.28405e-06
30708,3.2819e-06
30709,3.28056e-06
30710,3.27846e-06
30711,3.27686e-06
30712,3.2748e-06
30713,3.27295e-06
30714,3.27093e-06
30715,3.26882e-06
30716,3.26685e-06
30717,3.26447e-06
30718,3.26254e-06
30719,3.2599e-06
30720,3.258e-06
30721,3.2551e-06
30722,3.25324e-06
30723,3.2504e-06
30724,3.24823e-06
30725,3.24549e-06
30726,3.24303e-06
30727,3.24033e-06
30728,3.2376e-06
30729,3.23493e-06
30730,3.23193e-06
30731,3.22927e-06
30732,3.22599e-06
30733,3.22335e-06
30734,3.2198e-06
30735,3.21716e-06
30736,3.21334e-06
30737,3.21071e-06
30738,3.20661e-06
30739,3.20398e-06
30740,3.19984e-06
30741,3.19697e-06
30742,3.19282e-06
30743,3.18967e-06
30744,3.18551e-06
30745,3.18209e-06
30746,3.1779e-06
30747,3.1742e-06
30748,3.16999e-06
30749,3.16602e-06
30750,3.16178e-06
30751,3.15753e-06
30752,3.15326e-06
30753,3.14873e-06
30754,3.14441e-06
30755,3.13962e-06
30756,3.13525e-06
30757,3.13019e-06
30758,3.12577e-06
30759,3.12043e-06
30760,3.11595e-06
30761,3.11034e-06
30762,3.1058e-06
30763,3.09993e-06
30764,3.09531e-06
30765,3.08917e-06
30766,3.08448e-06
30767,3.07808e-06
30768,3.0733e-06
30769,3.0668e-06
30770,3.06178e-06
30771,3.05518e-06
30772,3.0499e-06
30773,3.0432e-06
30774,3.03767e-06
30775,3.03086e-06
30776,3.02508e-06
30777,3.01815e-06
30778,3.01214e-06
30779,3.00508e-06
30780,2.99883e-06
30781,2.99165e-06
30782,2.98516e-06
30783,2.97784e-06
30784,2.97112e-06
30785,2.96367e-06
30786,2.95672e-06
30787,2.94912e-06
30788,2.94196e-06
30789,2.9342e-06
30790,2.92683e-06
30791,2.91892e-06
30792,2.91134e-06
30793,2.90326e-06
30794,2.89548e-06
30795,2.88723e-06
30796,2.87926e-06
30797,2.87084e-06
30798,2.86268e-06
30799,2.85408e-06
30800,2.84574e-06
30801,2.83695e-06
30802,2.82844e-06
30803,2.81946e-06
30804,2.81079e-06
30805,2.80162e-06
30806,2.79279e-06
30807,2.78341e-06
30808,2.77443e-06
30809,2.76486e-06
30810,2.75574e-06
30811,2.74595e-06
30812,2.7367e-06
30813,2.7267e-06
30814,2.71733e-06
30815,2.70711e-06
30816,2.69762e-06
30817,2.68719e-06
30818,2.67762e-06
30819,2.66694e-06
30820,2.6574e-06
30821,2.6466e-06
30822,2.63686e-06
30823,2.62601e-06
30824,2.61603e-06
30825,2.60512e-06
30826,2.5949e-06
30827,2.58395e-06
30828,2.57349e-06
30829,2.56249e-06
30830,2.55179e-06
30831,2.54077e-06
30832,2.52982e-06
30833,2.51879e-06
30834,2.50758e-06
30835,2.49655e-06
30836,2.48509e-06
30837,2.47417e-06
30838,2.46235e-06
30839,2.45162e-06
30840,2.43982e-06
30841,2.42885e-06
30842,2.41709e-06
30843,2.40586e-06
30844,2.39416e-06
30845,2.38266e-06
30846,2.37103e-06
30847,2.35927e-06
30848,2.34771e-06
30849,2.33568e-06
30850,2.32422e-06
30851,2.31201e-06
30852,2.30063e-06
30853,2.28867e-06
30854,2.27702e-06
30855,2.26519e-06
30856,2.25326e-06
30857,2.24156e-06
30858,2.22935e-06
30859,2.2178e-06
30860,2.20532e-06
30861,2.19392e-06
30862,2.18174e-06
30863,2.16992e-06
30864,2.15816e-06
30865,2.14599e-06
30866,2.13448e-06
30867,2.12203e-06
30868,2.11072e-06
30869,2.09846e-06
30870,2.08688e-06
30871,2.07482e-06
30872,2.06297e-06
30873,2.05112e-06
30874,2.039e-06
30875,2.02749e-06
30876,2.01555e-06
30877,2.00394e-06
30878,1.99223e-06
30879,1.98035e-06
30880,1.96887e-06
30881,1.95672e-06
30882,1.94548e-06
30883,1.93349e-06
30884,1.92208e-06
30885,1.91036e-06
30886,1.89865e-06
30887,1.88744e-06
30888,1.87566e-06
30889,1.8645e-06
30890,1.85298e-06
30891,1.84157e-06
30892,1.8303e-06
30893,1.81864e-06
30894,1.80762e-06
30895,1.79594e-06
30896,1.78495e-06
30897,1.77353e-06
30898,1.7623e-06
30899,1.75113e-06
30900,1.73967e-06
30901,1.72875e-06
30902,1.7174e-06
30903,1.70658e-06
30904,1.69553e-06
30905,1.69576e-06
30906,1.70868e-06
30907,1.72103e-06
30908,1.73388e-06
30909,1.746e-06
30910,1.7587e-06
30911,1.77072e-06
30912,1.78314e-06
30913,1.79506e-06
30914,1.80721e-06
30915,1.81901e-06
30916,1.83088e-06
30917,1.84256e-06
30918,1.85416e-06
30919,1.86572e-06
30920,1.87704e-06
30921,1.88847e-06
30922,1.89952e-06
30923,1.91102e-06
30924,1.92395e-06
30925,1.93556e-06
30926,1.94822e-06
30927,1.95958e-06
30928,1.97196e-06
30929,1.98308e-06
30930,1.99518e-06
30931,2.00605e-06
30932,2.01787e-06
30933,2.02849e-06
30934,2.04002e-06
30935,2.05038e-06
30936,2.06163e-06
30937,2.07173e-06
30938,2.08268e-06
30939,2.09252e-06
30940,2.10318e-06
30941,2.11276e-06
30942,2.12312e-06
30943,2.13243e-06
30944,2.1425e-06
30945,2.15153e-06
30946,2.16132e-06
30947,2.17007e-06
30948,2.17956e-06
30949,2.18804e-06
30950,2.19723e-06
30951,2.20543e-06
30952,2.21432e-06
30953,2.22224e-06
30954,2.23084e-06
30955,2.23848e-06
30956,2.24679e-06
30957,2.25414e-06
30958,2.26215e-06
30959,2.26921e-06
30960,2.27694e-06
30961,2.28371e-06
30962,2.29115e-06
30963,2.29764e-06
30964,2.30479e-06
30965,2.31098e-06
30966,2.31785e-06
30967,2.32375e-06
30968,2.33034e-06
30969,2.33595e-06
30970,2.34225e-06
30971,2.34757e-06
30972,2.3536e-06
30973,2.35863e-06
30974,2.36439e-06
30975,2.36912e-06
30976,2.37461e-06
30977,2.37906e-06
30978,2.38428e-06
30979,2.38843e-06
30980,2.39339e-06
30981,2.39725e-06
30982,2.40196e-06
30983,2.40553e-06
30984,2.40998e-06
30985,2.41326e-06
30986,2.41747e-06
30987,2.42046e-06
30988,2.42443e-06
30989,2.42713e-06
30990,2.43086e-06
30991,2.43327e-06
30992,2.43677e-06
30993,2.4389e-06
30994,2.44217e-06
30995,2.44402e-06
30996,2.44707e-06
30997,2.45059e-06
30998,2.45465e-06
30999,2.45813e-06
31000,2.46218e-06
31001,2.46564e-06
31002,2.4694e-06
31003,2.47287e-06
31004,2.47633e-06
31005,2.47981e-06
31006,2.48296e-06
31007,2.48646e-06
31008,2.48939e-06
31009,2.49283e-06
31010,2.4958e-06
31011,2.49892e-06
31012,2.50194e-06
31013,2.50473e-06
31014,2.50781e-06
31015,2.51038e-06
31016,2.51342e-06
31017,2.516e-06
31018,2.51876e-06
31019,2.52143e-06
31020,2.52399e-06
31021,2.52661e-06
31022,2.529e-06
31023,2.53155e-06
31024,2.53384e-06
31025,2.53643e-06
31026,2.53864e-06
31027,2.54107e-06
31028,2.54327e-06
31029,2.54547e-06
31030,2.5478e-06
31031,2.54964e-06
31032,2.5521e-06
31033,2.55396e-06
31034,2.55618e-06
31035,2.55819e-06
31036,2.56004e-06
31037,2.56219e-06
31038,2.56374e-06
31039,2.56598e-06
31040,2.56765e-06
31041,2.56954e-06
31042,2.57138e-06
31043,2.57294e-06
31044,2.57489e-06
31045,2.57634e-06
31046,2.57819e-06
31047,2.57969e-06
31048,2.58136e-06
31049,2.58294e-06
31050,2.58448e-06
31051,2.58598e-06
31052,2.58738e-06
31053,2.58892e-06
31054,2.59018e-06
31055,2.59178e-06
31056,2.59291e-06
31057,2.59443e-06
31058,2.59557e-06
31059,2.59686e-06
31060,2.59818e-06
31061,2.59909e-06
31062,2.60057e-06
31063,2.60128e-06
31064,2.60273e-06
31065,2.60362e-06
31066,2.60466e-06
31067,2.60573e-06
31068,2.60637e-06
31069,2.6076e-06
31070,2.60807e-06
31071,2.60925e-06
31072,2.60982e-06
31073,2.61065e-06
31074,2.61139e-06
31075,2.61181e-06
31076,2.61271e-06
31077,2.61296e-06
31078,2.61379e-06
31079,2.61405e-06
31080,2.61461e-06
31081,2.61494e-06
31082,2.61521e-06
31083,2.61566e-06
31084,2.61578e-06
31085,2.6161e-06
31086,2.61608e-06
31087,2.61627e-06
31088,2.61624e-06
31089,2.61624e-06
31090,2.61615e-06
31091,2.61612e-06
31092,2.61589e-06
31093,2.61571e-06
31094,2.61534e-06
31095,2.61501e-06
31096,2.61453e-06
31097,2.61406e-06
31098,2.61364e-06
31099,2.61289e-06
31100,2.61244e-06
31101,2.61146e-06
31102,2.61093e-06
31103,2.60978e-06
31104,2.60909e-06
31105,2.60798e-06
31106,2.60694e-06
31107,2.60591e-06
31108,2.60449e-06
31109,2.60349e-06
31110,2.60178e-06
31111,2.60073e-06
31112,2.59879e-06
31113,2.59763e-06
31114,2.59574e-06
31115,2.59417e-06
31116,2.5926e-06
31117,2.59191e-06
31118,2.59163e-06
31119,2.59069e-06
31120,2.59033e-06
31121,2.58945e-06
31122,2.58869e-06
31123,2.58788e-06
31124,2.58671e-06
31125,2.58597e-06
31126,2.58454e-06
31127,2.58372e-06
31128,2.58226e-06
31129,2.58111e-06
31130,2.57981e-06
31131,2.57844e-06
31132,2.57721e-06
31133,2.57552e-06
31134,2.57425e-06
31135,2.57245e-06
31136,2.57093e-06
31137,2.5692e-06
31138,2.56724e-06
31139,2.56559e-06
31140,2.56318e-06
31141,2.56161e-06
31142,2.55905e-06
31143,2.55725e-06
31144,2.55469e-06
31145,2.55251e-06
31146,2.55004e-06
31147,2.54758e-06
31148,2.54523e-06
31149,2.54249e-06
31150,2.54007e-06
31151,2.537e-06
31152,2.53453e-06
31153,2.53135e-06
31154,2.52858e-06
31155,2.5255e-06
31156,2.52223e-06
31157,2.51924e-06
31158,2.51551e-06
31159,2.51257e-06
31160,2.50877e-06
31161,2.50549e-06
31162,2.50162e-06
31163,2.49799e-06
31164,2.49405e-06
31165,2.49024e-06
31166,2.48632e-06
31167,2.48217e-06
31168,2.47834e-06
31169,2.47377e-06
31170,2.46993e-06
31171,2.465e-06
31172,2.46108e-06
31173,2.45588e-06
31174,2.4518e-06
31175,2.44651e-06
31176,2.44207e-06
31177,2.43685e-06
31178,2.4319e-06
31179,2.42677e-06
31180,2.42139e-06
31181,2.41624e-06
31182,2.41076e-06
31183,2.4054e-06
31184,2.39968e-06
31185,2.39422e-06
31186,2.38814e-06
31187,2.38258e-06
31188,2.37615e-06
31189,2.37048e-06
31190,2.36376e-06
31191,2.35792e-06
31192,2.35127e-06
31193,2.34489e-06
31194,2.33832e-06
31195,2.33139e-06
31196,2.3249e-06
31197,2.31764e-06
31198,2.31101e-06
31199,2.30364e-06
31200,2.29665e-06
31201,2.28916e-06
31202,2.28181e-06
31203,2.27421e-06
31204,2.26675e-06
31205,2.25878e-06
31206,2.2512e-06
31207,2.24288e-06
31208,2.23518e-06
31209,2.22653e-06
31210,2.21868e-06
31211,2.21009e-06
31212,2.20171e-06
31213,2.19317e-06
31214,2.18426e-06
31215,2.17578e-06
31216,2.16636e-06
31217,2.15791e-06
31218,2.14837e-06
31219,2.13956e-06
31220,2.1299e-06
31221,2.12075e-06
31222,2.11097e-06
31223,2.10146e-06
31224,2.09156e-06
31225,2.08183e-06
31226,2.07169e-06
31227,2.06183e-06
31228,2.05135e-06
31229,2.04138e-06
31230,2.03056e-06
31231,2.02047e-06
31232,2.00931e-06
31233,1.9991e-06
31234,1.9878e-06
31235,1.97729e-06
31236,1.966e-06
31237,1.95503e-06
31238,1.94376e-06
31239,1.93233e-06
31240,1.92108e-06
31241,1.9092e-06
31242,1.89796e-06
31243,1.88589e-06
31244,1.87442e-06
31245,1.86225e-06
31246,1.85045e-06
31247,1.83818e-06
31248,1.82613e-06
31249,1.81369e-06
31250,1.80155e-06
31251,1.78881e-06
31252,1.77658e-06
31253,1.76353e-06
31254,1.75121e-06
31255,1.73786e-06
31256,1.72545e-06
31257,1.71188e-06
31258,1.70652e-06
31259,1.70136e-06
31260,1.69672e-06
31261,1.69169e-06
31262,1.68683e-06
31263,1.68194e-06
31264,1.67686e-06
31265,1.6721e-06
31266,1.66679e-06
31267,1.66216e-06
31268,1.65663e-06
31269,1.65214e-06
31270,1.64637e-06
31271,1.64206e-06
31272,1.63601e-06
31273,1.63192e-06
31274,1.62554e-06
31275,1.62167e-06
31276,1.61537e-06
31277,1.61131e-06
31278,1.60945e-06
31279,1.61368e-06
31280,1.61831e-06
31281,1.62277e-06
31282,1.62711e-06
31283,1.63179e-06
31284,1.63622e-06
31285,1.64071e-06
31286,1.6454e-06
31287,1.64964e-06
31288,1.65448e-06
31289,1.65883e-06
31290,1.66345e-06
31291,1.66809e-06
31292,1.67233e-06
31293,1.67725e-06
31294,1.68164e-06
31295,1.68633e-06
31296,1.69102e-06
31297,1.69533e-06
31298,1.70032e-06
31299,1.70486e-06
31300,1.70956e-06
31301,1.71442e-06
31302,1.71887e-06
31303,1.72392e-06
31304,1.72871e-06
31305,1.73336e-06
31306,1.7385e-06
31307,1.74329e-06
31308,1.74825e-06
31309,1.7534e-06
31310,1.75825e-06
31311,1.76348e-06
31312,1.7687e-06
31313,1.77367e-06
31314,1.77914e-06
31315,1.78486e-06
31316,1.79188e-06
31317,1.79877e-06
31318,1.80577e-06
31319,1.81286e-06
31320,1.82026e-06
31321,1.82688e-06
31322,1.83462e-06
31323,1.84139e-06
31324,1.84885e-06
31325,1.85622e-06
31326,1.86347e-06
31327,1.87106e-06
31328,1.87867e-06
31329,1.88578e-06
31330,1.89374e-06
31331,1.90132e-06
31332,1.9087e-06
31333,1.91703e-06
31334,1.9242e-06
31335,1.93262e-06
31336,1.94045e-06
31337,1.9481e-06
31338,1.95667e-06
31339,1.9645e-06
31340,1.97279e-06
31341,1.98107e-06
31342,1.98909e-06
31343,1.99782e-06
31344,2.00621e-06
31345,2.01447e-06
31346,2.02323e-06
31347,2.03167e-06
31348,2.04049e-06
31349,2.04929e-06
31350,2.05765e-06
31351,2.06694e-06
31352,2.07561e-06
31353,2.0847e-06
31354,2.09373e-06
31355,2.10236e-06
31356,2.11204e-06
31357,2.12074e-06
31358,2.13028e-06
31359,2.13959e-06
31360,2.14841e-06
31361,2.15839e-06
31362,2.16714e-06
31363,2.17707e-06
31364,2.18646e-06
31365,2.19564e-06
31366,2.20566e-06
31367,2.2143e-06
31368,2.22474e-06
31369,2.23399e-06
31370,2.24371e-06
31371,2.25356e-06
31372,2.26283e-06
31373,2.27307e-06
31374,2.28331e-06
31375,2.29519e-06
31376,2.30637e-06
31377,2.31856e-06
31378,2.33031e-06
31379,2.34205e-06
31380,2.3541e-06
31381,2.36539e-06
31382,2.37781e-06
31383,2.38946e-06
31384,2.40151e-06
31385,2.41343e-06
31386,2.42504e-06
31387,2.43737e-06
31388,2.44857e-06
31389,2.46115e-06
31390,2.47256e-06
31391,2.48471e-06
31392,2.49649e-06
31393,2.50806e-06
31394,2.52018e-06
31395,2.5312e-06
31396,2.54364e-06
31397,2.55446e-06
31398,2.56684e-06
31399,2.57793e-06
31400,2.58979e-06
31401,2.60112e-06
31402,2.61247e-06
31403,2.62402e-06
31404,2.63489e-06
31405,2.64664e-06
31406,2.65703e-06
31407,2.66895e-06
31408,2.67898e-06
31409,2.69097e-06
31410,2.70093e-06
31411,2.71268e-06
31412,2.72274e-06
31413,2.73407e-06
31414,2.74421e-06
31415,2.75516e-06
31416,2.76534e-06
31417,2.77592e-06
31418,2.78614e-06
31419,2.79636e-06
31420,2.80658e-06
31421,2.81647e-06
31422,2.82668e-06
31423,2.83625e-06
31424,2.84643e-06
31425,2.8557e-06
31426,2.86583e-06
31427,2.87482e-06
31428,2.88487e-06
31429,2.89358e-06
31430,2.90355e-06
31431,2.912e-06
31432,2.92187e-06
31433,2.93009e-06
31434,2.93983e-06
31435,2.94782e-06
31436,2.95743e-06
31437,2.96522e-06
31438,2.97466e-06
31439,2.98226e-06
31440,2.99153e-06
31441,2.99895e-06
31442,3.00803e-06
31443,3.01529e-06
31444,3.02417e-06
31445,3.03128e-06
31446,3.03994e-06
31447,3.04692e-06
31448,3.05535e-06
31449,3.06221e-06
31450,3.07039e-06
31451,3.07714e-06
31452,3.08507e-06
31453,3.09172e-06
31454,3.09944e-06
31455,3.10595e-06
31456,3.11348e-06
31457,3.11983e-06
31458,3.12717e-06
31459,3.13336e-06
31460,3.14049e-06
31461,3.14654e-06
31462,3.15347e-06
31463,3.15938e-06
31464,3.16609e-06
31465,3.17191e-06
31466,3.17836e-06
31467,3.18415e-06
31468,3.19029e-06
31469,3.19606e-06
31470,3.20186e-06
31471,3.20763e-06
31472,3.2131e-06
31473,3.21886e-06
31474,3.22399e-06
31475,3.22975e-06
31476,3.23465e-06
31477,3.24031e-06
31478,3.24498e-06
31479,3.25054e-06
31480,3.25497e-06
31481,3.26045e-06
31482,3.26464e-06
31483,3.27002e-06
31484,3.27398e-06
31485,3.27933e-06
31486,3.283e-06
31487,3.28837e-06
31488,3.29171e-06
31489,3.29709e-06
31490,3.30035e-06
31491,3.3055e-06
31492,3.30868e-06
31493,3.3136e-06
31494,3.31669e-06
31495,3.32138e-06
31496,3.32441e-06
31497,3.32885e-06
31498,3.33191e-06
31499,3.33602e-06
31500,3.33911e-06
31501,3.34289e-06
31502,3.34601e-06
31503,3.34945e-06
31504,3.3526e-06
31505,3.35572e-06
31506,3.35889e-06
31507,3.36175e-06
31508,3.36489e-06
31509,3.36752e-06
31510,3.37059e-06
31511,3.37301e-06
31512,3.376e-06
31513,3.3782e-06
31514,3.38113e-06
31515,3.38311e-06
31516,3.38596e-06
31517,3.38774e-06
31518,3.39051e-06
31519,3.39208e-06
31520,3.39478e-06
31521,3.39614e-06
31522,3.39878e-06
31523,3.39993e-06
31524,3.40256e-06
31525,3.40344e-06
31526,3.40607e-06
31527,3.4068e-06
31528,3.4093e-06
31529,3.40995e-06
31530,3.41226e-06
31531,3.41283e-06
31532,3.41494e-06
31533,3.41542e-06
31534,3.41735e-06
31535,3.41775e-06
31536,3.41949e-06
31537,3.41981e-06
31538,3.42137e-06
31539,3.42159e-06
31540,3.42298e-06
31541,3.42311e-06
31542,3.42432e-06
31543,3.42437e-06
31544,3.4254e-06
31545,3.42536e-06
31546,3.42622e-06
31547,3.42608e-06
31548,3.42678e-06
31549,3.42654e-06
31550,3.42708e-06
31551,3.42674e-06
31552,3.42711e-06
31553,3.42668e-06
31554,3.42689e-06
31555,3.42636e-06
31556,3.4264e-06
31557,3.4258e-06
31558,3.42566e-06
31559,3.42498e-06
31560,3.42466e-06
31561,3.42389e-06
31562,3.4234e-06
31563,3.42255e-06
31564,3.42187e-06
31565,3.42094e-06
31566,3.42009e-06
31567,3.41907e-06
31568,3.41804e-06
31569,3.41693e-06
31570,3.41573e-06
31571,3.41453e-06
31572,3.41315e-06
31573,3.41186e-06
31574,3.41031e-06
31575,3.40892e-06
31576,3.40721e-06
31577,3.40571e-06
31578,3.40383e-06
31579,3.40224e-06
31580,3.40018e-06
31581,3.39849e-06
31582,3.39626e-06
31583,3.39447e-06
31584,3.39206e-06
31585,3.39017e-06
31586,3.38758e-06
31587,3.38559e-06
31588,3.38283e-06
31589,3.38073e-06
31590,3.37778e-06
31591,3.37558e-06
31592,3.37245e-06
31593,3.37015e-06
31594,3.36683e-06
31595,3.36443e-06
31596,3.36092e-06
31597,3.35842e-06
31598,3.35471e-06
31599,3.35211e-06
31600,3.3482e-06
31601,3.3455e-06
31602,3.34139e-06
31603,3.33859e-06
31604,3.33429e-06
31605,3.33137e-06
31606,3.32687e-06
31607,3.32384e-06
31608,3.31915e-06
31609,3.31599e-06
31610,3.3111e-06
31611,3.30783e-06
31612,3.30274e-06
31613,3.29935e-06
31614,3.29404e-06
31615,3.29053e-06
31616,3.28502e-06
31617,3.28139e-06
31618,3.27565e-06
31619,3.27192e-06
31620,3.26605e-06
31621,3.2621e-06
31622,3.25612e-06
31623,3.25194e-06
31624,3.24585e-06
31625,3.24144e-06
31626,3.23524e-06
31627,3.23059e-06
31628,3.22428e-06
31629,3.21937e-06
31630,3.21296e-06
31631,3.2078e-06
31632,3.20135e-06
31633,3.19587e-06
31634,3.18938e-06
31635,3.18357e-06
31636,3.17704e-06
31637,3.1709e-06
31638,3.16435e-06
31639,3.15786e-06
31640,3.15129e-06
31641,3.14444e-06
31642,3.13785e-06
31643,3.13063e-06
31644,3.12404e-06
31645,3.11651e-06
31646,3.10986e-06
31647,3.10202e-06
31648,3.09529e-06
31649,3.08714e-06
31650,3.08035e-06
31651,3.07188e-06
31652,3.06501e-06
31653,3.05623e-06
31654,3.0493e-06
31655,3.04043e-06
31656,3.03319e-06
31657,3.02427e-06
31658,3.01669e-06
31659,3.00777e-06
31660,2.9998e-06
31661,2.99096e-06
31662,2.98252e-06
31663,2.97376e-06
31664,2.96485e-06
31665,2.95618e-06
31666,2.94679e-06
31667,2.93822e-06
31668,2.92846e-06
31669,2.91987e-06
31670,2.90974e-06
31671,2.90114e-06
31672,2.89079e-06
31673,2.88203e-06
31674,2.87168e-06
31675,2.86253e-06
31676,2.85227e-06
31677,2.84266e-06
31678,2.83258e-06
31679,2.82241e-06
31680,2.81252e-06
31681,2.80178e-06
31682,2.7921e-06
31683,2.78095e-06
31684,2.77132e-06
31685,2.76014e-06
31686,2.75018e-06
31687,2.73907e-06
31688,2.72869e-06
31689,2.71764e-06
31690,2.70684e-06
31691,2.69601e-06
31692,2.68465e-06
31693,2.67412e-06
31694,2.66247e-06
31695,2.6519e-06
31696,2.64036e-06
31697,2.62935e-06
31698,2.61794e-06
31699,2.60649e-06
31700,2.59521e-06
31701,2.58331e-06
31702,2.57228e-06
31703,2.56054e-06
31704,2.54919e-06
31705,2.53762e-06
31706,2.52582e-06
31707,2.51443e-06
31708,2.50217e-06
31709,2.49096e-06
31710,2.47879e-06
31711,2.46723e-06
31712,2.45555e-06
31713,2.44331e-06
31714,2.43207e-06
31715,2.4199e-06
31716,2.40835e-06
31717,2.39643e-06
31718,2.3844e-06
31719,2.37273e-06
31720,2.3607e-06
31721,2.34904e-06
31722,2.33739e-06
31723,2.32524e-06
31724,2.31388e-06
31725,2.3018e-06
31726,2.29017e-06
31727,2.2784e-06
31728,2.26629e-06
31729,2.25486e-06
31730,2.24324e-06
31731,2.23147e-06
31732,2.22019e-06
31733,2.20836e-06
31734,2.19699e-06
31735,2.18551e-06
31736,2.17364e-06
31737,2.16252e-06
31738,2.15112e-06
31739,2.1396e-06
31740,2.12874e-06
31741,2.11742e-06
31742,2.10623e-06
31743,2.0953e-06
31744,2.08397e-06
31745,2.07307e-06
31746,2.06213e-06
31747,2.05084e-06
31748,2.04019e-06
31749,2.0293e-06
31750,2.01814e-06
31751,2.00776e-06
31752,1.99704e-06
31753,1.98641e-06
31754,1.9761e-06
31755,1.96544e-06
31756,1.95506e-06
31757,1.94482e-06
31758,1.93425e-06
31759,1.92411e-06
31760,1.91395e-06
31761,1.90346e-06
31762,1.89357e-06
31763,1.88349e-06
31764,1.87311e-06
31765,1.86344e-06
31766,1.85346e-06
31767,1.84331e-06
31768,1.83373e-06
31769,1.82384e-06
31770,1.81412e-06
31771,1.80444e-06
31772,1.79461e-06
31773,1.78525e-06
31774,1.77553e-06
31775,1.76606e-06
31776,1.75669e-06
31777,1.74698e-06
31778,1.73782e-06
31779,1.72842e-06
31780,1.71887e-06
31781,1.70984e-06
31782,1.70038e-06
31783,1.6912e-06
31784,1.6821e-06
31785,1.6726e-06
31786,1.66375e-06
31787,1.65456e-06
31788,1.64533e-06
31789,1.63649e-06
31790,1.62718e-06
31791,1.61836e-06
31792,1.60937e-06
31793,1.60024e-06
31794,1.59151e-06
31795,1.58242e-06
31796,1.57358e-06
31797,1.56474e-06
31798,1.55586e-06
31799,1.5666e-06
31800,1.57937e-06
31801,1.59131e-06
31802,1.60397e-06
31803,1.61578e-06
31804,1.62829e-06
31805,1.63998e-06
31806,1.6523e-06
31807,1.66392e-06
31808,1.67601e-06
31809,1.68755e-06
31810,1.69941e-06
31811,1.71087e-06
31812,1.72249e-06
31813,1.73386e-06
31814,1.74524e-06
31815,1.75652e-06
31816,1.76766e-06
31817,1.77885e-06
31818,1.78974e-06
31819,1.80084e-06
31820,1.81149e-06
31821,1.82249e-06
31822,1.83288e-06
31823,1.84379e-06
31824,1.85392e-06
31825,1.86473e-06
31826,1.87462e-06
31827,1.88531e-06
31828,1.89501e-06
31829,1.90553e-06
31830,1.91504e-06
31831,1.92538e-06
31832,1.9347e-06
31833,1.94486e-06
31834,1.95404e-06
31835,1.96397e-06
31836,1.97303e-06
31837,1.9827e-06
31838,1.99164e-06
31839,2.00105e-06
31840,2.00986e-06
31841,2.01902e-06
31842,2.02771e-06
31843,2.03661e-06
31844,2.04517e-06
31845,2.05381e-06
31846,2.06224e-06
31847,2.07063e-06
31848,2.07893e-06
31849,2.08706e-06
31850,2.09523e-06
31851,2.10311e-06
31852,2.11113e-06
31853,2.11877e-06
31854,2.12665e-06
31855,2.13404e-06
31856,2.14179e-06
31857,2.14892e-06
31858,2.15653e-06
31859,2.16342e-06
31860,2.17088e-06
31861,2.17753e-06
31862,2.18485e-06
31863,2.19126e-06
31864,2.19843e-06
31865,2.20461e-06
31866,2.21163e-06
31867,2.21757e-06
31868,2.22444e-06
31869,2.23016e-06
31870,2.23688e-06
31871,2.24237e-06
31872,2.24893e-06
31873,2.2542e-06
31874,2.26062e-06
31875,2.26567e-06
31876,2.27192e-06
31877,2.27681e-06
31878,2.28286e-06
31879,2.2876e-06
31880,2.29343e-06
31881,2.29802e-06
31882,2.30364e-06
31883,2.30808e-06
31884,2.31349e-06
31885,2.31778e-06
31886,2.32298e-06
31887,2.32713e-06
31888,2.33212e-06
31889,2.33613e-06
31890,2.34091e-06
31891,2.34478e-06
31892,2.34936e-06
31893,2.35309e-06
31894,2.35746e-06
31895,2.36107e-06
31896,2.36523e-06
31897,2.36871e-06
31898,2.37267e-06
31899,2.37602e-06
31900,2.37979e-06
31901,2.383e-06
31902,2.38658e-06
31903,2.38967e-06
31904,2.39305e-06
31905,2.39602e-06
31906,2.39921e-06
31907,2.40206e-06
31908,2.40506e-06
31909,2.40779e-06
31910,2.41061e-06
31911,2.41322e-06
31912,2.41586e-06
31913,2.41836e-06
31914,2.42084e-06
31915,2.4232e-06
31916,2.42558e-06
31917,2.42776e-06
31918,2.43003e-06
31919,2.43203e-06
31920,2.4342e-06
31921,2.43603e-06
31922,2.4381e-06
31923,2.43976e-06
31924,2.44172e-06
31925,2.44321e-06
31926,2.44508e-06
31927,2.44642e-06
31928,2.44817e-06
31929,2.44937e-06
31930,2.45101e-06
31931,2.45207e-06
31932,2.45359e-06
31933,2.45451e-06
31934,2.45592e-06
31935,2.45671e-06
31936,2.45801e-06
31937,2.45865e-06
31938,2.45985e-06
31939,2.46036e-06
31940,2.46145e-06
31941,2.46183e-06
31942,2.46282e-06
31943,2.46307e-06
31944,2.46396e-06
31945,2.46407e-06
31946,2.46486e-06
31947,2.46485e-06
31948,2.46554e-06
31949,2.4654e-06
31950,2.466e-06
31951,2.46573e-06
31952,2.46624e-06
31953,2.46584e-06
31954,2.46625e-06
31955,2.46573e-06
31956,2.46605e-06
31957,2.4654e-06
31958,2.46564e-06
31959,2.46559e-06
31960,2.46643e-06
31961,2.46743e-06
31962,2.46818e-06
31963,2.46904e-06
31964,2.46971e-06
31965,2.47042e-06
31966,2.47102e-06
31967,2.47157e-06
31968,2.47209e-06
31969,2.47249e-06
31970,2.47294e-06
31971,2.47318e-06
31972,2.47355e-06
31973,2.47363e-06
31974,2.47393e-06
31975,2.47385e-06
31976,2.47408e-06
31977,2.47383e-06
31978,2.47399e-06
31979,2.47357e-06
31980,2.47366e-06
31981,2.47308e-06
31982,2.4731e-06
31983,2.47234e-06
31984,2.47229e-06
31985,2.47135e-06
31986,2.47124e-06
31987,2.47014e-06
31988,2.46994e-06
31989,2.4687e-06
31990,2.4684e-06
31991,2.46706e-06
31992,2.4666e-06
31993,2.4652e-06
31994,2.46456e-06
31995,2.46309e-06
31996,2.46226e-06
31997,2.46073e-06
31998,2.4597e-06
31999,2.45811e-06
32000,2.45688e-06
32001,2.45522e-06
32002,2.4538e-06
32003,2.45208e-06
32004,2.45045e-06
32005,2.44867e-06
32006,2.44683e-06
32007,2.44499e-06
32008,2.44295e-06
32009,2.44103e-06
32010,2.43878e-06
32011,2.43681e-06
32012,2.43435e-06
32013,2.43231e-06
32014,2.42963e-06
32015,2.42752e-06
32016,2.42466e-06
32017,2.42246e-06
32018,2.41943e-06
32019,2.41711e-06
32020,2.41391e-06
32021,2.41147e-06
32022,2.40809e-06
32023,2.40554e-06
32024,2.40208e-06
32025,2.39931e-06
32026,2.39578e-06
32027,2.39279e-06
32028,2.38919e-06
32029,2.38597e-06
32030,2.38231e-06
32031,2.37884e-06
32032,2.37511e-06
32033,2.37142e-06
32034,2.36762e-06
32035,2.36368e-06
32036,2.35981e-06
32037,2.35564e-06
32038,2.3517e-06
32039,2.34735e-06
32040,2.34327e-06
32041,2.33874e-06
32042,2.33453e-06
32043,2.32981e-06
32044,2.32547e-06
32045,2.32059e-06
32046,2.31609e-06
32047,2.31109e-06
32048,2.3064e-06
32049,2.30128e-06
32050,2.29638e-06
32051,2.29113e-06
32052,2.28603e-06
32053,2.28067e-06
32054,2.27536e-06
32055,2.26988e-06
32056,2.2644e-06
32057,2.25876e-06
32058,2.25315e-06
32059,2.24733e-06
32060,2.24156e-06
32061,2.23561e-06
32062,2.22966e-06
32063,2.22356e-06
32064,2.21749e-06
32065,2.21118e-06
32066,2.20499e-06
32067,2.19847e-06
32068,2.19216e-06
32069,2.18544e-06
32070,2.179e-06
32071,2.17207e-06
32072,2.1655e-06
32073,2.15842e-06
32074,2.15168e-06
32075,2.14446e-06
32076,2.13752e-06
32077,2.13017e-06
32078,2.12458e-06
32079,2.12108e-06
32080,2.11556e-06
32081,2.11213e-06
32082,2.10619e-06
32083,2.10277e-06
32084,2.09652e-06
32085,2.09299e-06
32086,2.08644e-06
32087,2.08279e-06
32088,2.07621e-06
32089,2.07218e-06
32090,2.06559e-06
32091,2.06122e-06
32092,2.05455e-06
32093,2.0499e-06
32094,2.04308e-06
32095,2.03816e-06
32096,2.0312e-06
32097,2.02601e-06
32098,2.01889e-06
32099,2.01345e-06
32100,2.00618e-06
32101,2.00048e-06
32102,1.99305e-06
32103,1.9871e-06
32104,1.97951e-06
32105,1.97333e-06
32106,1.96558e-06
32107,1.95916e-06
32108,1.95124e-06
32109,1.9446e-06
32110,1.93651e-06
32111,1.92966e-06
32112,1.92139e-06
32113,1.91433e-06
32114,1.90589e-06
32115,1.89862e-06
32116,1.89116e-06
32117,1.88316e-06
32118,1.87608e-06
32119,1.8679e-06
32120,1.86066e-06
32121,1.85224e-06
32122,1.84485e-06
32123,1.8362e-06
32124,1.82865e-06
32125,1.81983e-06
32126,1.81207e-06
32127,1.80315e-06
32128,1.79511e-06
32129,1.7861e-06
32130,1.77778e-06
32131,1.76868e-06
32132,1.76006e-06
32133,1.75089e-06
32134,1.74198e-06
32135,1.73273e-06
32136,1.72352e-06
32137,1.71421e-06
32138,1.7047e-06
32139,1.69533e-06
32140,1.68562e-06
32141,1.6761e-06
32142,1.6663e-06
32143,1.65656e-06
32144,1.64664e-06
32145,1.63687e-06
32146,1.62664e-06
32147,1.61684e-06
32148,1.6063e-06
32149,1.59649e-06
32150,1.58564e-06
32151,1.57581e-06
32152,1.56465e-06
32153,1.55481e-06
32154,1.54356e-06
32155,1.5335e-06
32156,1.52223e-06
32157,1.51218e-06
32158,1.50059e-06
32159,1.49057e-06
32160,1.47867e-06
32161,1.46867e-06
32162,1.45645e-06
32163,1.44648e-06
32164,1.43422e-06
32165,1.42401e-06
32166,1.4118e-06
32167,1.40721e-06
32168,1.41349e-06
32169,1.4198e-06
32170,1.42647e-06
32171,1.43279e-06
32172,1.4395e-06
32173,1.44622e-06
32174,1.45258e-06
32175,1.45969e-06
32176,1.46678e-06
32177,1.47351e-06
32178,1.48103e-06
32179,1.48817e-06
32180,1.49532e-06
32181,1.50287e-06
32182,1.51038e-06
32183,1.51787e-06
32184,1.52587e-06
32185,1.53334e-06
32186,1.54141e-06
32187,1.5493e-06
32188,1.55717e-06
32189,1.56562e-06
32190,1.57391e-06
32191,1.582e-06
32192,1.5907e-06
32193,1.59922e-06
32194,1.60771e-06
32195,1.61677e-06
32196,1.62513e-06
32197,1.63436e-06
32198,1.64344e-06
32199,1.652e-06
32200,1.66177e-06
32201,1.67082e-06
32202,1.68014e-06
32203,1.68988e-06
32204,1.69885e-06
32205,1.70895e-06
32206,1.71852e-06
32207,1.72805e-06
32208,1.73828e-06
32209,1.7477e-06
32210,1.75804e-06
32211,1.7681e-06
32212,1.7778e-06
32213,1.78849e-06
32214,1.7982e-06
32215,1.80887e-06
32216,1.81918e-06
32217,1.82933e-06
32218,1.84012e-06
32219,1.84996e-06
32220,1.8611e-06
32221,1.87142e-06
32222,1.88222e-06
32223,1.89283e-06
32224,1.90329e-06
32225,1.91441e-06
32226,1.9243e-06
32227,1.93593e-06
32228,1.94629e-06
32229,1.95736e-06
32230,1.96818e-06
32231,1.97871e-06
32232,1.98996e-06
32233,2.00018e-06
32234,2.01164e-06
32235,2.02175e-06
32236,2.03335e-06
32237,2.04368e-06
32238,2.05498e-06
32239,2.06558e-06
32240,2.07648e-06
32241,2.0874e-06
32242,2.09783e-06
32243,2.10907e-06
32244,2.11903e-06
32245,2.13056e-06
32246,2.14023e-06
32247,2.15187e-06
32248,2.16168e-06
32249,2.17302e-06
32250,2.18303e-06
32251,2.19409e-06
32252,2.20416e-06
32253,2.21496e-06
32254,2.22508e-06
32255,2.23561e-06
32256,2.24587e-06
32257,2.25604e-06
32258,2.26643e-06
32259,2.27624e-06
32260,2.28673e-06
32261,2.2962e-06
32262,2.30678e-06
32263,2.31592e-06
32264,2.32656e-06
32265,2.33545e-06
32266,2.34607e-06
32267,2.35474e-06
32268,2.3653e-06
32269,2.37375e-06
32270,2.38425e-06
32271,2.39249e-06
32272,2.4029e-06
32273,2.41095e-06
32274,2.42127e-06
32275,2.42921e-06
32276,2.43933e-06
32277,2.44718e-06
32278,2.45708e-06
32279,2.46481e-06
32280,2.47452e-06
32281,2.48211e-06
32282,2.49164e-06
32283,2.49908e-06
32284,2.50844e-06
32285,2.5157e-06
32286,2.52492e-06
32287,2.53197e-06
32288,2.54106e-06
32289,2.5479e-06
32290,2.55687e-06
32291,2.56347e-06
32292,2.57234e-06
32293,2.57878e-06
32294,2.58746e-06
32295,2.59378e-06
32296,2.60224e-06
32297,2.60845e-06
32298,2.61667e-06
32299,2.62278e-06
32300,2.63075e-06
32301,2.63676e-06
32302,2.64447e-06
32303,2.65041e-06
32304,2.65784e-06
32305,2.66378e-06
32306,2.67085e-06
32307,2.67681e-06
32308,2.6835e-06
32309,2.68949e-06
32310,2.69578e-06
32311,2.70182e-06
32312,2.70771e-06
32313,2.71381e-06
32314,2.71935e-06
32315,2.72544e-06
32316,2.73067e-06
32317,2.73673e-06
32318,2.74163e-06
32319,2.74766e-06
32320,2.75223e-06
32321,2.75832e-06
32322,2.76249e-06
32323,2.7687e-06
32324,2.77286e-06
32325,2.77872e-06
32326,2.78289e-06
32327,2.7884e-06
32328,2.7927e-06
32329,2.79774e-06
32330,2.80221e-06
32331,2.80674e-06
32332,2.8114e-06
32333,2.8154e-06
32334,2.82025e-06
32335,2.82386e-06
32336,2.82877e-06
32337,2.832e-06
32338,2.83697e-06
32339,2.84033e-06
32340,2.84493e-06
32341,2.84844e-06
32342,2.85265e-06
32343,2.85623e-06
32344,2.86006e-06
32345,2.86371e-06
32346,2.86714e-06
32347,2.87105e-06
32348,2.87391e-06
32349,2.87809e-06
32350,2.88062e-06
32351,2.88483e-06
32352,2.88757e-06
32353,2.89126e-06
32354,2.89429e-06
32355,2.8974e-06
32356,2.90072e-06
32357,2.90326e-06
32358,2.90686e-06
32359,2.90899e-06
32360,2.91271e-06
32361,2.915e-06
32362,2.91827e-06
32363,2.92087e-06
32364,2.92359e-06
32365,2.92647e-06
32366,2.92878e-06
32367,2.93179e-06
32368,2.93369e-06
32369,2.93684e-06
32370,2.93891e-06
32371,2.94166e-06
32372,2.94401e-06
32373,2.94635e-06
32374,2.94885e-06
32375,2.95078e-06
32376,2.95342e-06
32377,2.95495e-06
32378,2.95773e-06
32379,2.95957e-06
32380,2.96184e-06
32381,2.96395e-06
32382,2.96582e-06
32383,2.96808e-06
32384,2.96954e-06
32385,2.97195e-06
32386,2.97331e-06
32387,2.97558e-06
32388,2.97726e-06
32389,2.97897e-06
32390,2.98096e-06
32391,2.98227e-06
32392,2.98441e-06
32393,2.98535e-06
32394,2.98762e-06
32395,2.98871e-06
32396,2.99166e-06
32397,2.99263e-06
32398,2.99551e-06
32399,2.99641e-06
32400,2.99908e-06
32401,2.99989e-06
32402,3.00236e-06
32403,3.00308e-06
32404,3.00537e-06
32405,3.00597e-06
32406,3.00808e-06
32407,3.00856e-06
32408,3.0105e-06
32409,3.01084e-06
32410,3.01262e-06
32411,3.01285e-06
32412,3.01445e-06
32413,3.01456e-06
32414,3.01597e-06
32415,3.01596e-06
32416,3.01719e-06
32417,3.01704e-06
32418,3.0181e-06
32419,3.01781e-06
32420,3.0187e-06
32421,3.01826e-06
32422,3.01899e-06
32423,3.01839e-06
32424,3.01904e-06
32425,3.0186e-06
32426,3.01937e-06
32427,3.01926e-06
32428,3.01998e-06
32429,3.02005e-06
32430,3.02038e-06
32431,3.02062e-06
32432,3.02056e-06
32433,3.02096e-06
32434,3.02057e-06
32435,3.02109e-06
32436,3.02077e-06
32437,3.02101e-06
32438,3.02074e-06
32439,3.02071e-06
32440,3.0205e-06
32441,3.02021e-06
32442,3.02004e-06
32443,3.01949e-06
32444,3.01936e-06
32445,3.01857e-06
32446,3.01848e-06
32447,3.01754e-06
32448,3.01738e-06
32449,3.01646e-06
32450,3.01607e-06
32451,3.01517e-06
32452,3.01456e-06
32453,3.01366e-06
32454,3.01284e-06
32455,3.01194e-06
32456,3.01092e-06
32457,3.01001e-06
32458,3.0088e-06
32459,3.00787e-06
32460,3.00647e-06
32461,3.00552e-06
32462,3.00395e-06
32463,3.00297e-06
32464,3.00122e-06
32465,3.0002e-06
32466,2.99834e-06
32467,2.99723e-06
32468,2.99532e-06
32469,2.99406e-06
32470,2.99208e-06
32471,2.99068e-06
32472,2.98863e-06
32473,2.9871e-06
32474,2.98497e-06
32475,2.98331e-06
32476,2.9811e-06
32477,2.97932e-06
32478,2.97702e-06
32479,2.97512e-06
32480,2.97273e-06
32481,2.97072e-06
32482,2.96822e-06
32483,2.96612e-06
32484,2.9635e-06
32485,2.96131e-06
32486,2.95858e-06
32487,2.95629e-06
32488,2.95343e-06
32489,2.95107e-06
32490,2.94808e-06
32491,2.94565e-06
32492,2.94251e-06
32493,2.94001e-06
32494,2.93673e-06
32495,2.93416e-06
32496,2.93074e-06
32497,2.92811e-06
32498,2.92463e-06
32499,2.92184e-06
32500,2.91831e-06
32501,2.91536e-06
32502,2.91178e-06
32503,2.90866e-06
32504,2.90504e-06
32505,2.90175e-06
32506,2.89809e-06
32507,2.89462e-06
32508,2.89092e-06
32509,2.88727e-06
32510,2.88354e-06
32511,2.8797e-06
32512,2.87594e-06
32513,2.87191e-06
32514,2.86811e-06
32515,2.86389e-06
32516,2.86006e-06
32517,2.85564e-06
32518,2.85179e-06
32519,2.84716e-06
32520,2.84328e-06
32521,2.83851e-06
32522,2.83455e-06
32523,2.82974e-06
32524,2.82558e-06
32525,2.82075e-06
32526,2.81638e-06
32527,2.81152e-06
32528,2.80694e-06
32529,2.80205e-06
32530,2.79726e-06
32531,2.79234e-06
32532,2.78734e-06
32533,2.78238e-06
32534,2.77717e-06
32535,2.77218e-06
32536,2.76676e-06
32537,2.76174e-06
32538,2.7561e-06
32539,2.75104e-06
32540,2.7452e-06
32541,2.74009e-06
32542,2.73404e-06
32543,2.72889e-06
32544,2.72276e-06
32545,2.71744e-06
32546,2.71125e-06
32547,2.70572e-06
32548,2.69949e-06
32549,2.69375e-06
32550,2.68746e-06
32551,2.68152e-06
32552,2.67516e-06
32553,2.66903e-06
32554,2.66261e-06
32555,2.65627e-06
32556,2.64978e-06
32557,2.64325e-06
32558,2.6367e-06
32559,2.62997e-06
32560,2.62334e-06
32561,2.61643e-06
32562,2.60971e-06
32563,2.60262e-06
32564,2.59582e-06
32565,2.58855e-06
32566,2.58166e-06
32567,2.57422e-06
32568,2.56724e-06
32569,2.55962e-06
32570,2.55254e-06
32571,2.54477e-06
32572,2.53758e-06
32573,2.52965e-06
32574,2.52236e-06
32575,2.51428e-06
32576,2.50687e-06
32577,2.49864e-06
32578,2.49112e-06
32579,2.48276e-06
32580,2.47512e-06
32581,2.46662e-06
32582,2.45885e-06
32583,2.45023e-06
32584,2.44233e-06
32585,2.43367e-06
32586,2.42556e-06
32587,2.41691e-06
32588,2.40854e-06
32589,2.39992e-06
32590,2.39134e-06
32591,2.3827e-06
32592,2.37397e-06
32593,2.36524e-06
32594,2.35636e-06
32595,2.34756e-06
32596,2.33853e-06
32597,2.32966e-06
32598,2.32047e-06
32599,2.31155e-06
32600,2.30219e-06
32601,2.29322e-06
32602,2.28369e-06
32603,2.27469e-06
32604,2.26499e-06
32605,2.25595e-06
32606,2.24609e-06
32607,2.23702e-06
32608,2.22702e-06
32609,2.2179e-06
32610,2.20804e-06
32611,2.1986e-06
32612,2.18893e-06
32613,2.17925e-06
32614,2.16965e-06
32615,2.15979e-06
32616,2.15021e-06
32617,2.14016e-06
32618,2.13061e-06
32619,2.12037e-06
32620,2.11087e-06
32621,2.10055e-06
32622,2.09098e-06
32623,2.08072e-06
32624,2.07096e-06
32625,2.06077e-06
32626,2.05081e-06
32627,2.04086e-06
32628,2.03056e-06
32629,2.02088e-06
32630,2.01047e-06
32631,2.0008e-06
32632,1.99049e-06
32633,1.98061e-06
32634,1.97041e-06
32635,1.96033e-06
32636,1.95024e-06
32637,1.93997e-06
32638,1.92999e-06
32639,1.91952e-06
32640,1.90967e-06
32641,1.89918e-06
32642,1.88927e-06
32643,1.87893e-06
32644,1.86882e-06
32645,1.85881e-06
32646,1.84849e-06
32647,1.83866e-06
32648,1.82823e-06
32649,1.81847e-06
32650,1.80819e-06
32651,1.79823e-06
32652,1.78811e-06
32653,1.77795e-06
32654,1.76799e-06
32655,1.75765e-06
32656,1.74784e-06
32657,1.7375e-06
32658,1.72767e-06
32659,1.71749e-06
32660,1.70749e-06
32661,1.69752e-06
32662,1.68742e-06
32663,1.6777e-06
32664,1.66742e-06
32665,1.65787e-06
32666,1.64776e-06
32667,1.63803e-06
32668,1.62809e-06
32669,1.61819e-06
32670,1.60842e-06
32671,1.59836e-06
32672,1.58876e-06
32673,1.57863e-06
32674,1.5691e-06
32675,1.55914e-06
32676,1.54946e-06
32677,1.53966e-06
32678,1.52984e-06
32679,1.5202e-06
32680,1.51024e-06
32681,1.50077e-06
32682,1.49078e-06
32683,1.48136e-06
32684,1.47153e-06
32685,1.47014e-06
32686,1.48121e-06
32687,1.4918e-06
32688,1.50297e-06
32689,1.51331e-06
32690,1.52445e-06
32691,1.53479e-06
32692,1.54566e-06
32693,1.5561e-06
32694,1.5666e-06
32695,1.57712e-06
32696,1.58726e-06
32697,1.59786e-06
32698,1.6078e-06
32699,1.61832e-06
32700,1.62818e-06
32701,1.63849e-06
32702,1.64835e-06
32703,1.65837e-06
32704,1.6683e-06
32705,1.67799e-06
32706,1.68796e-06
32707,1.69748e-06
32708,1.70733e-06
32709,1.71668e-06
32710,1.7264e-06
32711,1.73568e-06
32712,1.74518e-06
32713,1.75446e-06
32714,1.76368e-06
32715,1.773e-06
32716,1.78203e-06
32717,1.79123e-06
32718,1.80009e-06
32719,1.80917e-06
32720,1.81785e-06
32721,1.8268e-06
32722,1.83542e-06
32723,1.84414e-06
32724,1.8528e-06
32725,1.8613e-06
32726,1.86987e-06
32727,1.8782e-06
32728,1.88664e-06
32729,1.89479e-06
32730,1.90312e-06
32731,1.91111e-06
32732,1.9193e-06
32733,1.92725e-06
32734,1.93522e-06
32735,1.94315e-06
32736,1.95094e-06
32737,1.95876e-06
32738,1.96637e-06
32739,1.97407e-06
32740,1.98151e-06
32741,1.98908e-06
32742,1.99635e-06
32743,2.0038e-06
32744,2.01104e-06
32745,2.0183e-06
32746,2.02547e-06
32747,2.03257e-06
32748,2.03961e-06
32749,2.04655e-06
32750,2.05347e-06
32751,2.06024e-06
32752,2.06704e-06
32753,2.07365e-06
32754,2.08032e-06
32755,2.08679e-06
32756,2.0934e-06
32757,2.09976e-06
32758,2.10623e-06
32759,2.11246e-06
32760,2.11878e-06
32761,2.12488e-06
32762,2.13106e-06
32763,2.13702e-06
32764,2.14306e-06
32765,2.14889e-06
32766,2.15479e-06
32767,2.16055e-06
32768,2.16625e-06
32769,2.17197e-06
32770,2.17745e-06
32771,2.1832e-06
32772,2.19045e-06
32773,2.19801e-06
32774,2.20498e-06
32775,2.21235e-06
32776,2.21903e-06
32777,2.22621e-06
32778,2.23262e-06
32779,2.2396e-06
32780,2.24572e-06
32781,2.25253e-06
32782,2.25836e-06
32783,2.26498e-06
32784,2.27053e-06
32785,2.27697e-06
32786,2.28223e-06
32787,2.2885e-06
32788,2.29358e-06
32789,2.29956e-06
32790,2.30448e-06
32791,2.31016e-06
32792,2.31493e-06
32793,2.32031e-06
32794,2.32493e-06
32795,2.33e-06
32796,2.33447e-06
32797,2.33924e-06
32798,2.34356e-06
32799,2.34803e-06
32800,2.35221e-06
32801,2.35638e-06
32802,2.36042e-06
32803,2.36429e-06
32804,2.36818e-06
32805,2.37175e-06
32806,2.37551e-06
32807,2.37879e-06
32808,2.38241e-06
32809,2.38539e-06
32810,2.38887e-06
32811,2.39157e-06
32812,2.39492e-06
32813,2.39732e-06
32814,2.40054e-06
32815,2.40266e-06
32816,2.40574e-06
32817,2.40758e-06
32818,2.41053e-06
32819,2.4121e-06
32820,2.41492e-06
32821,2.4162e-06
32822,2.4189e-06
32823,2.42002e-06
32824,2.42248e-06
32825,2.42352e-06
32826,2.42566e-06
32827,2.42662e-06
32828,2.42846e-06
32829,2.42934e-06
32830,2.43086e-06
32831,2.43167e-06
32832,2.43289e-06
32833,2.43363e-06
32834,2.43453e-06
32835,2.43522e-06
32836,2.43581e-06
32837,2.43643e-06
32838,2.43677e-06
32839,2.43729e-06
32840,2.43739e-06
32841,2.43778e-06
32842,2.43766e-06
32843,2.43791e-06
32844,2.43757e-06
32845,2.4377e-06
32846,2.43714e-06
32847,2.43713e-06
32848,2.43637e-06
32849,2.43623e-06
32850,2.43526e-06
32851,2.43498e-06
32852,2.43381e-06
32853,2.43349e-06
32854,2.43204e-06
32855,2.4317e-06
32856,2.43037e-06
32857,2.43223e-06
32858,2.43223e-06
32859,2.43392e-06
32860,2.43371e-06
32861,2.43523e-06
32862,2.4348e-06
32863,2.43615e-06
32864,2.43557e-06
32865,2.43667e-06
32866,2.43604e-06
32867,2.43681e-06
32868,2.43612e-06
32869,2.43658e-06
32870,2.4358e-06
32871,2.4361e-06
32872,2.4351e-06
32873,2.43521e-06
32874,2.43399e-06
32875,2.43393e-06
32876,2.43249e-06
32877,2.43225e-06
32878,2.43059e-06
32879,2.43017e-06
32880,2.4283e-06
32881,2.42769e-06
32882,2.4256e-06
32883,2.42481e-06
32884,2.42262e-06
32885,2.42153e-06
32886,2.41931e-06
32887,2.41784e-06
32888,2.41559e-06
32889,2.41387e-06
32890,2.41148e-06
32891,2.40957e-06
32892,2.40696e-06
32893,2.40486e-06
32894,2.40204e-06
32895,2.39975e-06
32896,2.39672e-06
32897,2.39424e-06
32898,2.39101e-06
32899,2.38833e-06
32900,2.38499e-06
32901,2.38202e-06
32902,2.37866e-06
32903,2.37531e-06
32904,2.37194e-06
32905,2.3685e-06
32906,2.36536e-06
32907,2.3625e-06
32908,2.35937e-06
32909,2.35617e-06
32910,2.35305e-06
32911,2.3495e-06
32912,2.34639e-06
32913,2.34256e-06
32914,2.33939e-06
32915,2.33533e-06
32916,2.33205e-06
32917,2.328e-06
32918,2.32437e-06
32919,2.32032e-06
32920,2.31634e-06
32921,2.3123e-06
32922,2.30797e-06
32923,2.30393e-06
32924,2.29925e-06
32925,2.29522e-06
32926,2.29031e-06
32927,2.28615e-06
32928,2.28118e-06
32929,2.27674e-06
32930,2.27173e-06
32931,2.26698e-06
32932,2.26197e-06
32933,2.25687e-06
32934,2.25186e-06
32935,2.24647e-06
32936,2.2414e-06
32937,2.23588e-06
32938,2.23059e-06
32939,2.22493e-06
32940,2.21942e-06
32941,2.21364e-06
32942,2.20791e-06
32943,2.20204e-06
32944,2.19608e-06
32945,2.19011e-06
32946,2.18408e-06
32947,2.17784e-06
32948,2.17174e-06
32949,2.16526e-06
32950,2.15905e-06
32951,2.15236e-06
32952,2.14602e-06
32953,2.13911e-06
32954,2.13264e-06
32955,2.12567e-06
32956,2.11892e-06
32957,2.11194e-06
32958,2.10486e-06
32959,2.09788e-06
32960,2.09047e-06
32961,2.08347e-06
32962,2.07578e-06
32963,2.06873e-06
32964,2.06078e-06
32965,2.05366e-06
32966,2.04564e-06
32967,2.03827e-06
32968,2.03024e-06
32969,2.02254e-06
32970,2.0145e-06
32971,2.00649e-06
32972,1.99845e-06
32973,1.99013e-06
32974,1.98207e-06
32975,1.97345e-06
32976,1.96538e-06
32977,1.95646e-06
32978,1.94838e-06
32979,1.93934e-06
32980,1.93107e-06
32981,1.92201e-06
32982,1.91346e-06
32983,1.9044e-06
32984,1.89829e-06
32985,1.8916e-06
32986,1.88587e-06
32987,1.87916e-06
32988,1.87309e-06
32989,1.86642e-06
32990,1.85995e-06
32991,1.85331e-06
32992,1.84645e-06
32993,1.83983e-06
32994,1.83283e-06
32995,1.82604e-06
32996,1.81889e-06
32997,1.812e-06
32998,1.80458e-06
32999,1.7976e-06
33000,1.78992e-06
33001,1.78283e-06
33002,1.77489e-06
33003,1.7677e-06
33004,1.75958e-06
33005,1.75221e-06
33006,1.74409e-06
33007,1.73636e-06
33008,1.72824e-06
33009,1.72015e-06
33010,1.71203e-06
33011,1.7036e-06
33012,1.69546e-06
33013,1.68669e-06
33014,1.67854e-06
33015,1.66961e-06
33016,1.66127e-06
33017,1.65223e-06
33018,1.64365e-06
33019,1.63451e-06
33020,1.6257e-06
33021,1.61645e-06
33022,1.60748e-06
33023,1.59805e-06
33024,1.58898e-06
33025,1.57932e-06
33026,1.57015e-06
33027,1.56026e-06
33028,1.55099e-06
33029,1.54393e-06
33030,1.54243e-06
33031,1.53997e-06
33032,1.53877e-06
33033,1.53595e-06
33034,1.53504e-06
33035,1.53218e-06
33036,1.53125e-06
33037,1.52867e-06
33038,1.52737e-06
33039,1.52508e-06
33040,1.52346e-06
33041,1.5214e-06
33042,1.51956e-06
33043,1.51764e-06
33044,1.51557e-06
33045,1.51391e-06
33046,1.51148e-06
33047,1.51008e-06
33048,1.50729e-06
33049,1.50614e-06
33050,1.50299e-06
33051,1.50209e-06
33052,1.49905e-06
33053,1.49792e-06
33054,1.49512e-06
33055,1.49364e-06
33056,1.49106e-06
33057,1.48922e-06
33058,1.48688e-06
33059,1.48468e-06
33060,1.48256e-06
33061,1.48001e-06
33062,1.4781e-06
33063,1.47529e-06
33064,1.47349e-06
33065,1.47042e-06
33066,1.46875e-06
33067,1.46539e-06
33068,1.46385e-06
33069,1.46035e-06
33070,1.45879e-06
33071,1.45548e-06
33072,1.45363e-06
33073,1.45046e-06
33074,1.44832e-06
33075,1.44528e-06
33076,1.44285e-06
33077,1.43992e-06
33078,1.4372e-06
33079,1.43439e-06
33080,1.43138e-06
33081,1.42869e-06
33082,1.42539e-06
33083,1.42281e-06
33084,1.41921e-06
33085,1.41676e-06
33086,1.41344e-06
33087,1.41856e-06
33088,1.42397e-06
33089,1.42935e-06
33090,1.43466e-06
33091,1.44027e-06
33092,1.44585e-06
33093,1.45136e-06
33094,1.45717e-06
33095,1.46297e-06
33096,1.46872e-06
33097,1.4747e-06
33098,1.48075e-06
33099,1.48675e-06
33100,1.49291e-06
33101,1.49921e-06
33102,1.50547e-06
33103,1.51181e-06
33104,1.51837e-06
33105,1.52488e-06
33106,1.53141e-06
33107,1.53822e-06
33108,1.54497e-06
33109,1.5517e-06
33110,1.55876e-06
33111,1.56573e-06
33112,1.57268e-06
33113,1.57996e-06
33114,1.58711e-06
33115,1.59431e-06
33116,1.60182e-06
33117,1.60945e-06
33118,1.61693e-06
33119,1.62475e-06
33120,1.63253e-06
33121,1.64017e-06
33122,1.64825e-06
33123,1.65611e-06
33124,1.66415e-06
33125,1.67242e-06
33126,1.68074e-06
33127,1.68884e-06
33128,1.69744e-06
33129,1.70572e-06
33130,1.71422e-06
33131,1.72277e-06
33132,1.73132e-06
33133,1.73992e-06
33134,1.74888e-06
33135,1.75739e-06
33136,1.76652e-06
33137,1.77526e-06
33138,1.78423e-06
33139,1.79331e-06
33140,1.80232e-06
33141,1.81146e-06
33142,1.82067e-06
33143,1.82965e-06
33144,1.83906e-06
33145,1.84805e-06
33146,1.85749e-06
33147,1.8668e-06
33148,1.87593e-06
33149,1.88555e-06
33150,1.89453e-06
33151,1.90432e-06
33152,1.9135e-06
33153,1.92308e-06
33154,1.93253e-06
33155,1.94183e-06
33156,1.95153e-06
33157,1.96066e-06
33158,1.9705e-06
33159,1.97974e-06
33160,1.98943e-06
33161,1.99877e-06
33162,2.00833e-06
33163,2.01775e-06
33164,2.02718e-06
33165,2.03674e-06
33166,2.04597e-06
33167,2.05568e-06
33168,2.06481e-06
33169,2.07454e-06
33170,2.08372e-06
33171,2.09333e-06
33172,2.10253e-06
33173,2.11202e-06
33174,2.12125e-06
33175,2.13062e-06
33176,2.13986e-06
33177,2.14912e-06
33178,2.15837e-06
33179,2.16751e-06
33180,2.17676e-06
33181,2.18579e-06
33182,2.19504e-06
33183,2.20395e-06
33184,2.2132e-06
33185,2.22198e-06
33186,2.23122e-06
33187,2.23989e-06
33188,2.24938e-06
33189,2.2579e-06
33190,2.26745e-06
33191,2.27598e-06
33192,2.28541e-06
33193,2.29394e-06
33194,2.30325e-06
33195,2.31178e-06
33196,2.32097e-06
33197,2.3295e-06
33198,2.33857e-06
33199,2.34709e-06
33200,2.35603e-06
33201,2.36454e-06
33202,2.37336e-06
33203,2.38185e-06
33204,2.39054e-06
33205,2.39902e-06
33206,2.40758e-06
33207,2.41604e-06
33208,2.42447e-06
33209,2.43291e-06
33210,2.4412e-06
33211,2.44961e-06
33212,2.45777e-06
33213,2.46616e-06
33214,2.47417e-06
33215,2.48253e-06
33216,2.4904e-06
33217,2.49874e-06
33218,2.50644e-06
33219,2.51476e-06
33220,2.5223e-06
33221,2.5306e-06
33222,2.53797e-06
33223,2.54625e-06
33224,2.55344e-06
33225,2.5617e-06
33226,2.56871e-06
33227,2.57695e-06
33228,2.58379e-06
33229,2.592e-06
33230,2.59867e-06
33231,2.60683e-06
33232,2.61334e-06
33233,2.62145e-06
33234,2.62778e-06
33235,2.63584e-06
33236,2.64199e-06
33237,2.65e-06
33238,2.65596e-06
33239,2.66393e-06
33240,2.66983e-06
33241,2.67762e-06
33242,2.68352e-06
33243,2.69107e-06
33244,2.69697e-06
33245,2.70426e-06
33246,2.71018e-06
33247,2.71724e-06
33248,2.72314e-06
33249,2.72998e-06
33250,2.73584e-06
33251,2.74245e-06
33252,2.74828e-06
33253,2.75466e-06
33254,2.76046e-06
33255,2.76659e-06
33256,2.77236e-06
33257,2.77824e-06
33258,2.78399e-06
33259,2.78961e-06
33260,2.79538e-06
33261,2.80069e-06
33262,2.80653e-06
33263,2.81147e-06
33264,2.81739e-06
33265,2.82195e-06
33266,2.82796e-06
33267,2.83212e-06
33268,2.83824e-06
33269,2.84199e-06
33270,2.84821e-06
33271,2.85194e-06
33272,2.85787e-06
33273,2.86172e-06
33274,2.86723e-06
33275,2.8712e-06
33276,2.87626e-06
33277,2.88037e-06
33278,2.88498e-06
33279,2.88923e-06
33280,2.89345e-06
33281,2.89778e-06
33282,2.90166e-06
33283,2.906e-06
33284,2.90954e-06
33285,2.91393e-06
33286,2.91709e-06
33287,2.92166e-06
33288,2.9243e-06
33289,2.92906e-06
33290,2.93118e-06
33291,2.93613e-06
33292,2.93846e-06
33293,2.94287e-06
33294,2.94541e-06
33295,2.94927e-06
33296,2.95203e-06
33297,2.95537e-06
33298,2.95831e-06
33299,2.96127e-06
33300,2.96426e-06
33301,2.96682e-06
33302,2.97e-06
33303,2.97203e-06
33304,2.97546e-06
33305,2.97689e-06
33306,2.98058e-06
33307,2.98145e-06
33308,2.98535e-06
33309,2.98649e-06
33310,2.98983e-06
33311,2.9912e-06
33312,2.99412e-06
33313,2.99555e-06
33314,2.99805e-06
33315,2.99977e-06
33316,3.00163e-06
33317,3.00365e-06
33318,3.00493e-06
33319,3.00717e-06
33320,3.00802e-06
33321,3.01043e-06
33322,3.01075e-06
33323,3.01348e-06
33324,3.01313e-06
33325,3.01616e-06
33326,3.01607e-06
33327,3.0185e-06
33328,3.01871e-06
33329,3.0207e-06
33330,3.021e-06
33331,3.02254e-06
33332,3.02315e-06
33333,3.02402e-06
33334,3.02495e-06
33335,3.02538e-06
33336,3.02639e-06
33337,3.02636e-06
33338,3.02768e-06
33339,3.027e-06
33340,3.02862e-06
33341,3.02749e-06
33342,3.02923e-06
33343,3.02765e-06
33344,3.02967e-06
33345,3.02817e-06
33346,3.02974e-06
33347,3.02847e-06
33348,3.02952e-06
33349,3.02848e-06
33350,3.02907e-06
33351,3.02811e-06
33352,3.02824e-06
33353,3.02758e-06
33354,3.02723e-06
33355,3.02667e-06
33356,3.02587e-06
33357,3.02544e-06
33358,3.02418e-06
33359,3.02399e-06
33360,3.02229e-06
33361,3.02215e-06
33362,3.02e-06
33363,3.02006e-06
33364,3.0175e-06
33365,3.01766e-06
33366,3.01465e-06
33367,3.01486e-06
33368,3.01146e-06
33369,3.01187e-06
33370,3.00826e-06
33371,3.00849e-06
33372,3.00607e-06
33373,3.0055e-06
33374,3.00521e-06
33375,3.00438e-06
33376,3.00411e-06
33377,3.00301e-06
33378,3.00279e-06
33379,3.00138e-06
33380,3.00122e-06
33381,2.9996e-06
33382,2.99938e-06
33383,2.99775e-06
33384,2.99727e-06
33385,2.99562e-06
33386,2.99488e-06
33387,2.99321e-06
33388,2.9922e-06
33389,2.9905e-06
33390,2.98924e-06
33391,2.98749e-06
33392,2.98597e-06
33393,2.98419e-06
33394,2.9824e-06
33395,2.98056e-06
33396,2.97852e-06
33397,2.97663e-06
33398,2.97433e-06
33399,2.97236e-06
33400,2.96981e-06
33401,2.96777e-06
33402,2.96496e-06
33403,2.96284e-06
33404,2.95978e-06
33405,2.95757e-06
33406,2.95425e-06
33407,2.95194e-06
33408,2.94838e-06
33409,2.94597e-06
33410,2.94216e-06
33411,2.93963e-06
33412,2.93557e-06
33413,2.93292e-06
33414,2.92862e-06
33415,2.92584e-06
33416,2.92131e-06
33417,2.91839e-06
33418,2.91362e-06
33419,2.91055e-06
33420,2.90554e-06
33421,2.90232e-06
33422,2.89709e-06
33423,2.8937e-06
33424,2.88824e-06
33425,2.88469e-06
33426,2.879e-06
33427,2.87527e-06
33428,2.86937e-06
33429,2.86544e-06
33430,2.85933e-06
33431,2.85521e-06
33432,2.84888e-06
33433,2.84456e-06
33434,2.83804e-06
33435,2.8335e-06
33436,2.82683e-06
33437,2.82202e-06
33438,2.81521e-06
33439,2.81012e-06
33440,2.80318e-06
33441,2.79779e-06
33442,2.79074e-06
33443,2.78504e-06
33444,2.77788e-06
33445,2.77187e-06
33446,2.7646e-06
33447,2.75834e-06
33448,2.7509e-06
33449,2.74439e-06
33450,2.73678e-06
33451,2.73001e-06
33452,2.72224e-06
33453,2.7152e-06
33454,2.70728e-06
33455,2.69997e-06
33456,2.69191e-06
33457,2.68431e-06
33458,2.67611e-06
33459,2.66824e-06
33460,2.6599e-06
33461,2.65174e-06
33462,2.64328e-06
33463,2.63482e-06
33464,2.62624e-06
33465,2.61748e-06
33466,2.6089e-06
33467,2.59973e-06
33468,2.59116e-06
33469,2.58157e-06
33470,2.57303e-06
33471,2.56303e-06
33472,2.55449e-06
33473,2.54418e-06
33474,2.53557e-06
33475,2.52504e-06
33476,2.51626e-06
33477,2.50567e-06
33478,2.49656e-06
33479,2.48592e-06
33480,2.47649e-06
33481,2.46596e-06
33482,2.45605e-06
33483,2.44564e-06
33484,2.43524e-06
33485,2.42496e-06
33486,2.41419e-06
33487,2.40393e-06
33488,2.39282e-06
33489,2.38257e-06
33490,2.37111e-06
33491,2.36087e-06
33492,2.34908e-06
33493,2.33884e-06
33494,2.32727e-06
33495,2.3165e-06
33496,2.30515e-06
33497,2.29401e-06
33498,2.28273e-06
33499,2.27123e-06
33500,2.26002e-06
33501,2.24817e-06
33502,2.23703e-06
33503,2.22482e-06
33504,2.21377e-06
33505,2.20166e-06
33506,2.19032e-06
33507,2.17845e-06
33508,2.16674e-06
33509,2.155e-06
33510,2.14292e-06
33511,2.13132e-06
33512,2.11887e-06
33513,2.10741e-06
33514,2.09511e-06
33515,2.08341e-06
33516,2.07138e-06
33517,2.0593e-06
33518,2.04745e-06
33519,2.035e-06
33520,2.02334e-06
33521,2.01075e-06
33522,1.99906e-06
33523,1.98692e-06
33524,1.97474e-06
33525,1.96293e-06
33526,1.95037e-06
33527,1.93879e-06
33528,1.92625e-06
33529,1.91452e-06
33530,1.90248e-06
33531,1.89012e-06
33532,1.87859e-06
33533,1.86618e-06
33534,1.85459e-06
33535,1.84246e-06
33536,1.83049e-06
33537,1.81864e-06
33538,1.80648e-06
33539,1.79496e-06
33540,1.78314e-06
33541,1.77124e-06
33542,1.75973e-06
33543,1.74753e-06
33544,1.73626e-06
33545,1.72453e-06
33546,1.71273e-06
33547,1.70159e-06
33548,1.6899e-06
33549,1.67862e-06
33550,1.66726e-06
33551,1.6556e-06
33552,1.64459e-06
33553,1.63304e-06
33554,1.62189e-06
33555,1.61087e-06
33556,1.59955e-06
33557,1.58878e-06
33558,1.57782e-06
33559,1.56668e-06
33560,1.55608e-06
33561,1.54506e-06
33562,1.53434e-06
33563,1.52369e-06
33564,1.51277e-06
33565,1.50245e-06
33566,1.49205e-06
33567,1.48137e-06
33568,1.47134e-06
33569,1.46095e-06
33570,1.45064e-06
33571,1.44063e-06
33572,1.4303e-06
33573,1.42033e-06
33574,1.41039e-06
33575,1.40016e-06
33576,1.3905e-06
33577,1.38186e-06
33578,1.39152e-06
33579,1.4009e-06
33580,1.41047e-06
33581,1.41972e-06
33582,1.42918e-06
33583,1.43831e-06
33584,1.44767e-06
33585,1.45666e-06
33586,1.46593e-06
33587,1.47478e-06
33588,1.48395e-06
33589,1.49267e-06
33590,1.50173e-06
33591,1.51031e-06
33592,1.51928e-06
33593,1.52771e-06
33594,1.53657e-06
33595,1.54486e-06
33596,1.55363e-06
33597,1.56184e-06
33598,1.57044e-06
33599,1.57858e-06
33600,1.587e-06
33601,1.59507e-06
33602,1.60331e-06
33603,1.61131e-06
33604,1.61937e-06
33605,1.62731e-06
33606,1.63518e-06
33607,1.64306e-06
33608,1.65074e-06
33609,1.65855e-06
33610,1.66605e-06
33611,1.6738e-06
33612,1.68111e-06
33613,1.6888e-06
33614,1.69591e-06
33615,1.70355e-06
33616,1.71046e-06
33617,1.71805e-06
33618,1.72477e-06
33619,1.7323e-06
33620,1.73895e-06
33621,1.7463e-06
33622,1.75288e-06
33623,1.76005e-06
33624,1.76657e-06
33625,1.77356e-06
33626,1.78005e-06
33627,1.78682e-06
33628,1.79327e-06
33629,1.79984e-06
33630,1.80626e-06
33631,1.81262e-06
33632,1.81901e-06
33633,1.82516e-06
33634,1.83152e-06
33635,1.83758e-06
33636,1.8438e-06
33637,1.84976e-06
33638,1.85584e-06
33639,1.86172e-06
33640,1.86765e-06
33641,1.87344e-06
33642,1.87923e-06
33643,1.88493e-06
33644,1.89058e-06
33645,1.8962e-06
33646,1.9017e-06
33647,1.90724e-06
33648,1.91272e-06
33649,1.91807e-06
33650,1.92355e-06
33651,1.92871e-06
33652,1.93416e-06
33653,1.93917e-06
33654,1.94455e-06
33655,1.94943e-06
33656,1.95473e-06
33657,1.95948e-06
33658,1.9647e-06
33659,1.96936e-06
33660,1.97447e-06
33661,1.97915e-06
33662,1.98403e-06
33663,1.98874e-06
33664,1.99339e-06
33665,1.99813e-06
33666,2.00255e-06
33667,2.00732e-06
33668,2.01151e-06
33669,2.01632e-06
33670,2.02176e-06
33671,2.02699e-06
33672,2.03248e-06
33673,2.03763e-06
33674,2.04295e-06
33675,2.0481e-06
33676,2.05317e-06
33677,2.05833e-06
33678,2.06314e-06
33679,2.0683e-06
33680,2.07286e-06
33681,2.07802e-06
33682,2.08234e-06
33683,2.08749e-06
33684,2.09182e-06
33685,2.09672e-06
33686,2.10104e-06
33687,2.1057e-06
33688,2.11002e-06
33689,2.11444e-06
33690,2.11876e-06
33691,2.12294e-06
33692,2.12725e-06
33693,2.1312e-06
33694,2.13551e-06
33695,2.13936e-06
33696,2.14352e-06
33697,2.14735e-06
33698,2.15135e-06
33699,2.15509e-06
33700,2.15907e-06
33701,2.16269e-06
33702,2.16655e-06
33703,2.17016e-06
33704,2.17381e-06
33705,2.17739e-06
33706,2.18082e-06
33707,2.1844e-06
33708,2.18761e-06
33709,2.19117e-06
33710,2.19417e-06
33711,2.1977e-06
33712,2.20049e-06
33713,2.20401e-06
33714,2.20663e-06
33715,2.21008e-06
33716,2.21267e-06
33717,2.21593e-06
33718,2.21849e-06
33719,2.22154e-06
33720,2.22408e-06
33721,2.22693e-06
33722,2.22949e-06
33723,2.2322e-06
33724,2.23479e-06
33725,2.2373e-06
33726,2.23986e-06
33727,2.24218e-06
33728,2.2447e-06
33729,2.24682e-06
33730,2.2493e-06
33731,2.25123e-06
33732,2.25368e-06
33733,2.25541e-06
33734,2.25782e-06
33735,2.25936e-06
33736,2.26173e-06
33737,2.26319e-06
33738,2.2654e-06
33739,2.26683e-06
33740,2.26885e-06
33741,2.27024e-06
33742,2.27205e-06
33743,2.2734e-06
33744,2.27505e-06
33745,2.27634e-06
33746,2.27794e-06
33747,2.27904e-06
33748,2.28059e-06
33749,2.28163e-06
33750,2.283e-06
33751,2.28398e-06
33752,2.28516e-06
33753,2.28608e-06
33754,2.28709e-06
33755,2.28794e-06
33756,2.28876e-06
33757,2.28955e-06
33758,2.29019e-06
33759,2.29092e-06
33760,2.29136e-06
33761,2.29203e-06
33762,2.29229e-06
33763,2.29288e-06
33764,2.29296e-06
33765,2.29348e-06
33766,2.29349e-06
33767,2.29382e-06
33768,2.29377e-06
33769,2.29402e-06
33770,2.29378e-06
33771,2.29396e-06
33772,2.29353e-06
33773,2.29364e-06
33774,2.29301e-06
33775,2.29305e-06
33776,2.29223e-06
33777,2.29218e-06
33778,2.29116e-06
33779,2.29104e-06
33780,2.28983e-06
33781,2.28962e-06
33782,2.28824e-06
33783,2.28792e-06
33784,2.28645e-06
33785,2.28593e-06
33786,2.28437e-06
33787,2.28366e-06
33788,2.28201e-06
33789,2.2811e-06
33790,2.27935e-06
33791,2.27825e-06
33792,2.2764e-06
33793,2.27509e-06
33794,2.27315e-06
33795,2.27164e-06
33796,2.2696e-06
33797,2.26789e-06
33798,2.26574e-06
33799,2.26388e-06
33800,2.26157e-06
33801,2.25961e-06
33802,2.25709e-06
33803,2.25502e-06
33804,2.25238e-06
33805,2.25011e-06
33806,2.24736e-06
33807,2.24488e-06
33808,2.24202e-06
33809,2.23932e-06
33810,2.23635e-06
33811,2.23344e-06
33812,2.23036e-06
33813,2.22723e-06
33814,2.22403e-06
33815,2.22069e-06
33816,2.21737e-06
33817,2.21381e-06
33818,2.21038e-06
33819,2.20659e-06
33820,2.20304e-06
33821,2.19904e-06
33822,2.19536e-06
33823,2.19113e-06
33824,2.18734e-06
33825,2.18288e-06
33826,2.17896e-06
33827,2.17428e-06
33828,2.17024e-06
33829,2.16532e-06
33830,2.16116e-06
33831,2.15606e-06
33832,2.15172e-06
33833,2.14648e-06
33834,2.14193e-06
33835,2.13654e-06
33836,2.13178e-06
33837,2.12623e-06
33838,2.12127e-06
33839,2.11557e-06
33840,2.11039e-06
33841,2.10453e-06
33842,2.09914e-06
33843,2.09313e-06
33844,2.08753e-06
33845,2.08136e-06
33846,2.07556e-06
33847,2.06922e-06
33848,2.06321e-06
33849,2.05671e-06
33850,2.05049e-06
33851,2.04383e-06
33852,2.03743e-06
33853,2.03058e-06
33854,2.02401e-06
33855,2.01695e-06
33856,2.01021e-06
33857,2.00295e-06
33858,1.99605e-06
33859,1.98858e-06
33860,1.9815e-06
33861,1.97383e-06
33862,1.96659e-06
33863,1.95871e-06
33864,1.9513e-06
33865,1.94322e-06
33866,1.93564e-06
33867,1.92735e-06
33868,1.9196e-06
33869,1.91112e-06
33870,1.9032e-06
33871,1.89452e-06
33872,1.88642e-06
33873,1.87755e-06
33874,1.86928e-06
33875,1.86021e-06
33876,1.85177e-06
33877,1.84252e-06
33878,1.8339e-06
33879,1.82451e-06
33880,1.81567e-06
33881,1.80614e-06
33882,1.79708e-06
33883,1.78742e-06
33884,1.77814e-06
33885,1.76833e-06
33886,1.75885e-06
33887,1.7489e-06
33888,1.7392e-06
33889,1.72912e-06
33890,1.71922e-06
33891,1.70899e-06
33892,1.69889e-06
33893,1.68853e-06
33894,1.67823e-06
33895,1.66773e-06
33896,1.65723e-06
33897,1.6466e-06
33898,1.63592e-06
33899,1.62514e-06
33900,1.61428e-06
33901,1.60336e-06
33902,1.59233e-06
33903,1.58127e-06
33904,1.57006e-06
33905,1.55887e-06
33906,1.5475e-06
33907,1.53617e-06
33908,1.52464e-06
33909,1.51318e-06
33910,1.50149e-06
33911,1.48989e-06
33912,1.47806e-06
33913,1.46633e-06
33914,1.45525e-06
33915,1.44715e-06
33916,1.44167e-06
33917,1.4363e-06
33918,1.43065e-06
33919,1.42542e-06
33920,1.41959e-06
33921,1.41449e-06
33922,1.40849e-06
33923,1.40353e-06
33924,1.39735e-06
33925,1.39252e-06
33926,1.38618e-06
33927,1.38147e-06
33928,1.37497e-06
33929,1.37038e-06
33930,1.36401e-06
33931,1.35925e-06
33932,1.353e-06
33933,1.34807e-06
33934,1.34195e-06
33935,1.33686e-06
33936,1.33086e-06
33937,1.3256e-06
33938,1.31972e-06
33939,1.31429e-06
33940,1.30853e-06
33941,1.30295e-06
33942,1.2973e-06
33943,1.29156e-06
33944,1.28602e-06
33945,1.28012e-06
33946,1.2747e-06
33947,1.26865e-06
33948,1.26333e-06
33949,1.25712e-06
33950,1.25191e-06
33951,1.24556e-06
33952,1.24045e-06
33953,1.23395e-06
33954,1.23272e-06
33955,1.23876e-06
33956,1.24471e-06
33957,1.25055e-06
33958,1.25685e-06
33959,1.26304e-06
33960,1.26909e-06
33961,1.27563e-06
33962,1.28204e-06
33963,1.28832e-06
33964,1.29508e-06
33965,1.3019e-06
33966,1.30858e-06
33967,1.31566e-06
33968,1.32271e-06
33969,1.32954e-06
33970,1.33693e-06
33971,1.34412e-06
33972,1.35123e-06
33973,1.35879e-06
33974,1.36649e-06
33975,1.3739e-06
33976,1.38187e-06
33977,1.38963e-06
33978,1.39732e-06
33979,1.40551e-06
33980,1.41376e-06
33981,1.42166e-06
33982,1.43026e-06
33983,1.43845e-06
33984,1.44684e-06
33985,1.45557e-06
33986,1.46417e-06
33987,1.47282e-06
33988,1.48176e-06
33989,1.49057e-06
33990,1.4995e-06
33991,1.5088e-06
33992,1.51754e-06
33993,1.52708e-06
33994,1.53883e-06
33995,1.54983e-06
33996,1.56213e-06
33997,1.57328e-06
33998,1.58542e-06
33999,1.59699e-06
34000,1.60863e-06
34001,1.62059e-06
34002,1.63173e-06
34003,1.64407e-06
34004,1.65496e-06
34005,1.66743e-06
34006,1.67865e-06
34007,1.69066e-06
34008,1.7022e-06
34009,1.71387e-06
34010,1.72561e-06
34011,1.73701e-06
34012,1.74902e-06
34013,1.76e-06
34014,1.77228e-06
34015,1.78283e-06
34016,1.79536e-06
34017,1.80601e-06
34018,1.81827e-06
34019,1.82912e-06
34020,1.84099e-06
34021,1.85204e-06
34022,1.86354e-06
34023,1.87476e-06
34024,1.88595e-06
34025,1.89728e-06
34026,1.90824e-06
34027,1.91961e-06
34028,1.93032e-06
34029,1.94182e-06
34030,1.95219e-06
34031,1.96381e-06
34032,1.97384e-06
34033,1.98557e-06
34034,1.99528e-06
34035,2.00711e-06
34036,2.01651e-06
34037,2.02841e-06
34038,2.03787e-06
34039,2.04948e-06
34040,2.05898e-06
34041,2.07031e-06
34042,2.07985e-06
34043,2.09089e-06
34044,2.10046e-06
34045,2.11123e-06
34046,2.12082e-06
34047,2.13137e-06
34048,2.14092e-06
34049,2.15129e-06
34050,2.16076e-06
34051,2.17095e-06
34052,2.18035e-06
34053,2.19036e-06
34054,2.19967e-06
34055,2.2095e-06
34056,2.21873e-06
34057,2.22839e-06
34058,2.23758e-06
34059,2.24701e-06
34060,2.25615e-06
34061,2.26537e-06
34062,2.27446e-06
34063,2.28347e-06
34064,2.2925e-06
34065,2.3013e-06
34066,2.31026e-06
34067,2.31886e-06
34068,2.32776e-06
34069,2.33616e-06
34070,2.34498e-06
34071,2.35319e-06
34072,2.36193e-06
34073,2.36995e-06
34074,2.3786e-06
34075,2.38644e-06
34076,2.39501e-06
34077,2.40266e-06
34078,2.41114e-06
34079,2.41862e-06
34080,2.427e-06
34081,2.4343e-06
34082,2.44259e-06
34083,2.44974e-06
34084,2.4579e-06
34085,2.46492e-06
34086,2.47295e-06
34087,2.47982e-06
34088,2.48772e-06
34089,2.49445e-06
34090,2.50222e-06
34091,2.50882e-06
34092,2.51645e-06
34093,2.52291e-06
34094,2.53041e-06
34095,2.53673e-06
34096,2.5441e-06
34097,2.55029e-06
34098,2.55752e-06
34099,2.56357e-06
34100,2.57067e-06
34101,2.57658e-06
34102,2.58355e-06
34103,2.58933e-06
34104,2.59616e-06
34105,2.6018e-06
34106,2.6085e-06
34107,2.614e-06
34108,2.62058e-06
34109,2.62594e-06
34110,2.63238e-06
34111,2.63761e-06
34112,2.64394e-06
34113,2.649e-06
34114,2.65525e-06
34115,2.66013e-06
34116,2.66628e-06
34117,2.67099e-06
34118,2.67705e-06
34119,2.68158e-06
34120,2.68755e-06
34121,2.6919e-06
34122,2.69779e-06
34123,2.70195e-06
34124,2.70776e-06
34125,2.71173e-06
34126,2.71746e-06
34127,2.72123e-06
34128,2.7269e-06
34129,2.73047e-06
34130,2.73607e-06
34131,2.73943e-06
34132,2.74497e-06
34133,2.74812e-06
34134,2.75361e-06
34135,2.75658e-06
34136,2.76197e-06
34137,2.76478e-06
34138,2.77007e-06
34139,2.77271e-06
34140,2.77789e-06
34141,2.78037e-06
34142,2.78545e-06
34143,2.78775e-06
34144,2.79273e-06
34145,2.79491e-06
34146,2.79978e-06
34147,2.80189e-06
34148,2.80659e-06
34149,2.80861e-06
34150,2.81312e-06
34151,2.81506e-06
34152,2.81939e-06
34153,2.82124e-06
34154,2.82538e-06
34155,2.82715e-06
34156,2.83109e-06
34157,2.83282e-06
34158,2.83653e-06
34159,2.83827e-06
34160,2.84169e-06
34161,2.84344e-06
34162,2.84657e-06
34163,2.84834e-06
34164,2.85117e-06
34165,2.85296e-06
34166,2.85559e-06
34167,2.8573e-06
34168,2.85972e-06
34169,2.86136e-06
34170,2.86357e-06
34171,2.86514e-06
34172,2.86713e-06
34173,2.86873e-06
34174,2.87041e-06
34175,2.87205e-06
34176,2.87339e-06
34177,2.87509e-06
34178,2.87614e-06
34179,2.87784e-06
34180,2.87866e-06
34181,2.88029e-06
34182,2.88089e-06
34183,2.88246e-06
34184,2.88283e-06
34185,2.88443e-06
34186,2.88447e-06
34187,2.88614e-06
34188,2.88581e-06
34189,2.88755e-06
34190,2.88694e-06
34191,2.88866e-06
34192,2.88782e-06
34193,2.88947e-06
34194,2.88839e-06
34195,2.89006e-06
34196,2.88866e-06
34197,2.89041e-06
34198,2.88883e-06
34199,2.89044e-06
34200,2.8888e-06
34201,2.89017e-06
34202,2.8886e-06
34203,2.8896e-06
34204,2.88809e-06
34205,2.88883e-06
34206,2.88728e-06
34207,2.88777e-06
34208,2.88615e-06
34209,2.8864e-06
34210,2.88477e-06
34211,2.88471e-06
34212,2.88315e-06
34213,2.88279e-06
34214,2.88122e-06
34215,2.88061e-06
34216,2.87896e-06
34217,2.87811e-06
34218,2.87639e-06
34219,2.87529e-06
34220,2.87363e-06
34221,2.87219e-06
34222,2.87055e-06
34223,2.86886e-06
34224,2.86714e-06
34225,2.86521e-06
34226,2.8634e-06
34227,2.86123e-06
34228,2.85945e-06
34229,2.85697e-06
34230,2.85519e-06
34231,2.85247e-06
34232,2.8506e-06
34233,2.84764e-06
34234,2.84567e-06
34235,2.84248e-06
34236,2.84049e-06
34237,2.83702e-06
34238,2.83502e-06
34239,2.83214e-06
34240,2.83103e-06
34241,2.82934e-06
34242,2.82808e-06
34243,2.82636e-06
34244,2.82493e-06
34245,2.82318e-06
34246,2.82159e-06
34247,2.81981e-06
34248,2.81805e-06
34249,2.81624e-06
34250,2.81432e-06
34251,2.81247e-06
34252,2.81038e-06
34253,2.80849e-06
34254,2.80623e-06
34255,2.80432e-06
34256,2.80189e-06
34257,2.79993e-06
34258,2.79733e-06
34259,2.79533e-06
34260,2.79256e-06
34261,2.79052e-06
34262,2.78757e-06
34263,2.7855e-06
34264,2.78236e-06
34265,2.78025e-06
34266,2.77693e-06
34267,2.77478e-06
34268,2.77146e-06
34269,2.76908e-06
34270,2.76577e-06
34271,2.7632e-06
34272,2.75986e-06
34273,2.7571e-06
34274,2.75371e-06
34275,2.75077e-06
34276,2.74733e-06
34277,2.74419e-06
34278,2.7407e-06
34279,2.73737e-06
34280,2.73384e-06
34281,2.7303e-06
34282,2.72672e-06
34283,2.72298e-06
34284,2.71935e-06
34285,2.71541e-06
34286,2.71173e-06
34287,2.70757e-06
34288,2.70385e-06
34289,2.69948e-06
34290,2.69571e-06
34291,2.69112e-06
34292,2.68731e-06
34293,2.68249e-06
34294,2.67863e-06
34295,2.67363e-06
34296,2.66968e-06
34297,2.66472e-06
34298,2.66051e-06
34299,2.65553e-06
34300,2.65109e-06
34301,2.64607e-06
34302,2.64139e-06
34303,2.63633e-06
34304,2.63141e-06
34305,2.62631e-06
34306,2.62114e-06
34307,2.61601e-06
34308,2.61058e-06
34309,2.60542e-06
34310,2.59974e-06
34311,2.59454e-06
34312,2.5886e-06
34313,2.58337e-06
34314,2.57717e-06
34315,2.57191e-06
34316,2.56544e-06
34317,2.56015e-06
34318,2.55375e-06
34319,2.5481e-06
34320,2.54179e-06
34321,2.53578e-06
34322,2.52953e-06
34323,2.52324e-06
34324,2.51699e-06
34325,2.51041e-06
34326,2.50415e-06
34327,2.49728e-06
34328,2.49102e-06
34329,2.48386e-06
34330,2.47759e-06
34331,2.47014e-06
34332,2.46387e-06
34333,2.4564e-06
34334,2.44986e-06
34335,2.44254e-06
34336,2.43555e-06
34337,2.42839e-06
34338,2.42096e-06
34339,2.41397e-06
34340,2.40621e-06
34341,2.39925e-06
34342,2.3912e-06
34343,2.38426e-06
34344,2.37625e-06
34345,2.36898e-06
34346,2.36102e-06
34347,2.35343e-06
34348,2.34553e-06
34349,2.33761e-06
34350,2.32976e-06
34351,2.32151e-06
34352,2.31387e-06
34353,2.30554e-06
34354,2.29775e-06
34355,2.2895e-06
34356,2.28137e-06
34357,2.27321e-06
34358,2.26473e-06
34359,2.25667e-06
34360,2.24785e-06
34361,2.23988e-06
34362,2.23117e-06
34363,2.22285e-06
34364,2.21446e-06
34365,2.2057e-06
34366,2.19753e-06
34367,2.1886e-06
34368,2.18037e-06
34369,2.17158e-06
34370,2.163e-06
34371,2.15435e-06
34372,2.1454e-06
34373,2.13691e-06
34374,2.1278e-06
34375,2.11927e-06
34376,2.11056e-06
34377,2.10159e-06
34378,2.09313e-06
34379,2.08407e-06
34380,2.07551e-06
34381,2.06665e-06
34382,2.05772e-06
34383,2.04905e-06
34384,2.03986e-06
34385,2.03128e-06
34386,2.02243e-06
34387,2.01343e-06
34388,2.00497e-06
34389,1.99602e-06
34390,1.98735e-06
34391,1.97864e-06
34392,1.96959e-06
34393,1.96111e-06
34394,1.95221e-06
34395,1.94344e-06
34396,1.93479e-06
34397,1.92577e-06
34398,1.91723e-06
34399,1.90846e-06
34400,1.89957e-06
34401,1.89121e-06
34402,1.88248e-06
34403,1.87394e-06
34404,1.86548e-06
34405,1.85668e-06
34406,1.84836e-06
34407,1.83984e-06
34408,1.83114e-06
34409,1.82289e-06
34410,1.81434e-06
34411,1.80584e-06
34412,1.79757e-06
34413,1.78901e-06
34414,1.78069e-06
34415,1.77242e-06
34416,1.76388e-06
34417,1.75583e-06
34418,1.74748e-06
34419,1.73933e-06
34420,1.73127e-06
34421,1.72289e-06
34422,1.71496e-06
34423,1.70686e-06
34424,1.69856e-06
34425,1.69074e-06
34426,1.68261e-06
34427,1.67454e-06
34428,1.66669e-06
34429,1.65852e-06
34430,1.65068e-06
34431,1.64279e-06
34432,1.63459e-06
34433,1.62697e-06
34434,1.61902e-06
34435,1.61107e-06
34436,1.60339e-06
34437,1.59536e-06
34438,1.58768e-06
34439,1.57992e-06
34440,1.57189e-06
34441,1.56439e-06
34442,1.55652e-06
34443,1.54878e-06
34444,1.54116e-06
34445,1.53315e-06
34446,1.52573e-06
34447,1.51797e-06
34448,1.51022e-06
34449,1.5027e-06
34450,1.49477e-06
34451,1.48736e-06
34452,1.47966e-06
34453,1.47195e-06
34454,1.46448e-06
34455,1.45656e-06
34456,1.44922e-06
34457,1.44152e-06
34458,1.43389e-06
34459,1.42642e-06
34460,1.41849e-06
34461,1.41124e-06
34462,1.40349e-06
34463,1.39599e-06
34464,1.38845e-06
34465,1.38067e-06
34466,1.37334e-06
34467,1.36548e-06
34468,1.35817e-06
34469,1.35051e-06
34470,1.34293e-06
34471,1.33547e-06
34472,1.32764e-06
34473,1.32037e-06
34474,1.32889e-06
34475,1.33835e-06
34476,1.34774e-06
34477,1.35713e-06
34478,1.36645e-06
34479,1.3758e-06
34480,1.38504e-06
34481,1.3943e-06
34482,1.40344e-06
34483,1.4126e-06
34484,1.42165e-06
34485,1.43072e-06
34486,1.43967e-06
34487,1.44864e-06
34488,1.45756e-06
34489,1.46644e-06
34490,1.47534e-06
34491,1.4841e-06
34492,1.49293e-06
34493,1.5016e-06
34494,1.51033e-06
34495,1.51891e-06
34496,1.52752e-06
34497,1.53601e-06
34498,1.54451e-06
34499,1.55292e-06
34500,1.56129e-06
34501,1.56962e-06
34502,1.57794e-06
34503,1.58621e-06
34504,1.59443e-06
34505,1.60262e-06
34506,1.61076e-06
34507,1.61882e-06
34508,1.62688e-06
34509,1.63481e-06
34510,1.64278e-06
34511,1.65059e-06
34512,1.65848e-06
34513,1.66616e-06
34514,1.67397e-06
34515,1.68155e-06
34516,1.68925e-06
34517,1.69678e-06
34518,1.70432e-06
34519,1.71186e-06
34520,1.71918e-06
34521,1.72672e-06
34522,1.73391e-06
34523,1.74137e-06
34524,1.74843e-06
34525,1.75581e-06
34526,1.76274e-06
34527,1.77003e-06
34528,1.77683e-06
34529,1.78404e-06
34530,1.79072e-06
34531,1.79783e-06
34532,1.80445e-06
34533,1.81141e-06
34534,1.818e-06
34535,1.82478e-06
34536,1.83135e-06
34537,1.83794e-06
34538,1.84449e-06
34539,1.85088e-06
34540,1.85741e-06
34541,1.86362e-06
34542,1.87011e-06
34543,1.87614e-06
34544,1.88261e-06
34545,1.88845e-06
34546,1.89489e-06
34547,1.9006e-06
34548,1.90695e-06
34549,1.91255e-06
34550,1.91881e-06
34551,1.9243e-06
34552,1.93045e-06
34553,1.93586e-06
34554,1.94188e-06
34555,1.94722e-06
34556,1.9531e-06
34557,1.95839e-06
34558,1.9641e-06
34559,1.96935e-06
34560,1.9749e-06
34561,1.98009e-06
34562,1.98549e-06
34563,1.99062e-06
34564,1.99586e-06
34565,2.00094e-06
34566,2.00603e-06
34567,2.01105e-06
34568,2.01599e-06
34569,2.02094e-06
34570,2.02574e-06
34571,2.03062e-06
34572,2.03528e-06
34573,2.04009e-06
34574,2.04461e-06
34575,2.04935e-06
34576,2.05373e-06
34577,2.05839e-06
34578,2.06264e-06
34579,2.06723e-06
34580,2.07134e-06
34581,2.07585e-06
34582,2.07983e-06
34583,2.08426e-06
34584,2.08812e-06
34585,2.09245e-06
34586,2.09621e-06
34587,2.10043e-06
34588,2.1041e-06
34589,2.1082e-06
34590,2.11177e-06
34591,2.11575e-06
34592,2.11922e-06
34593,2.12308e-06
34594,2.12646e-06
34595,2.1302e-06
34596,2.13348e-06
34597,2.1371e-06
34598,2.14029e-06
34599,2.14378e-06
34600,2.14687e-06
34601,2.15024e-06
34602,2.15324e-06
34603,2.15648e-06
34604,2.15938e-06
34605,2.1625e-06
34606,2.16531e-06
34607,2.1683e-06
34608,2.171e-06
34609,2.17387e-06
34610,2.17647e-06
34611,2.17921e-06
34612,2.18171e-06
34613,2.18432e-06
34614,2.18673e-06
34615,2.1892e-06
34616,2.19151e-06
34617,2.19386e-06
34618,2.19605e-06
34619,2.19827e-06
34620,2.20036e-06
34621,2.20245e-06
34622,2.20444e-06
34623,2.20639e-06
34624,2.20827e-06
34625,2.2101e-06
34626,2.21186e-06
34627,2.21356e-06
34628,2.21521e-06
34629,2.21677e-06
34630,2.21831e-06
34631,2.21974e-06
34632,2.22116e-06
34633,2.22246e-06
34634,2.22376e-06
34635,2.22492e-06
34636,2.22611e-06
34637,2.22714e-06
34638,2.2282e-06
34639,2.22909e-06
34640,2.23003e-06
34641,2.23079e-06
34642,2.2316e-06
34643,2.23223e-06
34644,2.23291e-06
34645,2.2334e-06
34646,2.23395e-06
34647,2.2343e-06
34648,2.23472e-06
34649,2.23494e-06
34650,2.23522e-06
34651,2.23531e-06
34652,2.23544e-06
34653,2.2354e-06
34654,2.23539e-06
34655,2.23522e-06
34656,2.23506e-06
34657,2.23476e-06
34658,2.23445e-06
34659,2.23402e-06
34660,2.23359e-06
34661,2.23301e-06
34662,2.23244e-06
34663,2.2317e-06
34664,2.23101e-06
34665,2.23011e-06
34666,2.22929e-06
34667,2.22822e-06
34668,2.22728e-06
34669,2.22605e-06
34670,2.22498e-06
34671,2.22357e-06
34672,2.22238e-06
34673,2.2208e-06
34674,2.21948e-06
34675,2.21774e-06
34676,2.21629e-06
34677,2.21437e-06
34678,2.21279e-06
34679,2.2107e-06
34680,2.20899e-06
34681,2.20672e-06
34682,2.20489e-06
34683,2.20244e-06
34684,2.20048e-06
34685,2.19785e-06
34686,2.19576e-06
34687,2.19296e-06
34688,2.19074e-06
34689,2.18775e-06
34690,2.18541e-06
34691,2.18223e-06
34692,2.17976e-06
34693,2.1764e-06
34694,2.1738e-06
34695,2.17026e-06
34696,2.16753e-06
34697,2.16381e-06
34698,2.16095e-06
34699,2.15708e-06
34700,2.15405e-06
34701,2.15111e-06
34702,2.14842e-06
34703,2.14578e-06
34704,2.14326e-06
34705,2.14009e-06
34706,2.13772e-06
34707,2.13425e-06
34708,2.1318e-06
34709,2.12802e-06
34710,2.1255e-06
34711,2.12141e-06
34712,2.11883e-06
34713,2.11443e-06
34714,2.11203e-06
34715,2.10743e-06
34716,2.10486e-06
34717,2.10019e-06
34718,2.09731e-06
34719,2.09262e-06
34720,2.08939e-06
34721,2.08488e-06
34722,2.08117e-06
34723,2.07676e-06
34724,2.07275e-06
34725,2.06828e-06
34726,2.06396e-06
34727,2.05943e-06
34728,2.05481e-06
34729,2.05033e-06
34730,2.04529e-06
34731,2.04097e-06
34732,2.03556e-06
34733,2.03125e-06
34734,2.02554e-06
34735,2.02116e-06
34736,2.01515e-06
34737,2.01071e-06
34738,2.0044e-06
34739,2.00008e-06
34740,1.99332e-06
34741,1.98911e-06
34742,1.98225e-06
34743,1.97778e-06
34744,1.97084e-06
34745,1.96608e-06
34746,1.95924e-06
34747,1.95404e-06
34748,1.94728e-06
34749,1.94181e-06
34750,1.93497e-06
34751,1.92923e-06
34752,1.9223e-06
34753,1.91628e-06
34754,1.90927e-06
34755,1.90299e-06
34756,1.89595e-06
34757,1.88935e-06
34758,1.88235e-06
34759,1.87542e-06
34760,1.8684e-06
34761,1.86122e-06
34762,1.8541e-06
34763,1.84667e-06
34764,1.83945e-06
34765,1.83177e-06
34766,1.82445e-06
34767,1.81654e-06
34768,1.80911e-06
34769,1.80097e-06
34770,1.79344e-06
34771,1.78506e-06
34772,1.7775e-06
34773,1.76883e-06
34774,1.76122e-06
34775,1.75231e-06
34776,1.74461e-06
34777,1.73549e-06
34778,1.72766e-06
34779,1.71834e-06
34780,1.71038e-06
34781,1.70087e-06
34782,1.69278e-06
34783,1.68308e-06
34784,1.67486e-06
34785,1.66498e-06
34786,1.65662e-06
34787,1.64657e-06
34788,1.63807e-06
34789,1.62786e-06
34790,1.61921e-06
34791,1.60885e-06
34792,1.60005e-06
34793,1.58954e-06
34794,1.58059e-06
34795,1.56995e-06
34796,1.56084e-06
34797,1.55008e-06
34798,1.5408e-06
34799,1.52993e-06
34800,1.52049e-06
34801,1.50953e-06
34802,1.4999e-06
34803,1.48892e-06
34804,1.47904e-06
34805,1.46806e-06
34806,1.45794e-06
34807,1.44697e-06
34808,1.43667e-06
34809,1.42563e-06
34810,1.41515e-06
34811,1.40407e-06
34812,1.39339e-06
34813,1.38236e-06
34814,1.37141e-06
34815,1.36052e-06
34816,1.34925e-06
34817,1.33847e-06
34818,1.327e-06
34819,1.31626e-06
34820,1.30455e-06
34821,1.29404e-06
34822,1.28191e-06
34823,1.27164e-06
34824,1.2593e-06
34825,1.24921e-06
34826,1.23709e-06
34827,1.22675e-06
34828,1.215e-06
34829,1.20423e-06
34830,1.19286e-06
34831,1.18178e-06
34832,1.17085e-06
34833,1.16445e-06
34834,1.16146e-06
34835,1.15897e-06
34836,1.15568e-06
34837,1.15347e-06
34838,1.14989e-06
34839,1.14796e-06
34840,1.14445e-06
34841,1.14244e-06
34842,1.14315e-06
34843,1.14806e-06
34844,1.15336e-06
34845,1.15833e-06
34846,1.16366e-06
34847,1.16887e-06
34848,1.17417e-06
34849,1.17953e-06
34850,1.18476e-06
34851,1.1925e-06
34852,1.2002e-06
34853,1.20909e-06
34854,1.21701e-06
34855,1.22563e-06
34856,1.23386e-06
34857,1.24211e-06
34858,1.25065e-06
34859,1.25854e-06
34860,1.26738e-06
34861,1.27525e-06
34862,1.28405e-06
34863,1.29203e-06
34864,1.30066e-06
34865,1.30889e-06
34866,1.31721e-06
34867,1.32573e-06
34868,1.33368e-06
34869,1.34249e-06
34870,1.35039e-06
34871,1.35919e-06
34872,1.36718e-06
34873,1.3758e-06
34874,1.38396e-06
34875,1.39234e-06
34876,1.40077e-06
34877,1.40879e-06
34878,1.4175e-06
34879,1.42527e-06
34880,1.43413e-06
34881,1.44198e-06
34882,1.45068e-06
34883,1.45873e-06
34884,1.46713e-06
34885,1.47543e-06
34886,1.48349e-06
34887,1.49202e-06
34888,1.49975e-06
34889,1.50852e-06
34890,1.51604e-06
34891,1.52491e-06
34892,1.53265e-06
34893,1.5412e-06
34894,1.54914e-06
34895,1.55738e-06
34896,1.56553e-06
34897,1.57345e-06
34898,1.5818e-06
34899,1.5894e-06
34900,1.59795e-06
34901,1.60525e-06
34902,1.61399e-06
34903,1.62139e-06
34904,1.6299e-06
34905,1.63748e-06
34906,1.64569e-06
34907,1.65343e-06
34908,1.66136e-06
34909,1.66926e-06
34910,1.67696e-06
34911,1.68496e-06
34912,1.69251e-06
34913,1.70053e-06
34914,1.70792e-06
34915,1.71596e-06
34916,1.72321e-06
34917,1.73126e-06
34918,1.73837e-06
34919,1.74649e-06
34920,1.7535e-06
34921,1.76163e-06
34922,1.76864e-06
34923,1.77664e-06
34924,1.78364e-06
34925,1.7915e-06
34926,1.7985e-06
34927,1.80622e-06
34928,1.8133e-06
34929,1.8208e-06
34930,1.82797e-06
34931,1.83524e-06
34932,1.84249e-06
34933,1.84954e-06
34934,1.85686e-06
34935,1.8637e-06
34936,1.87108e-06
34937,1.87771e-06
34938,1.88516e-06
34939,1.89158e-06
34940,1.8991e-06
34941,1.90531e-06
34942,1.91288e-06
34943,1.9189e-06
34944,1.92652e-06
34945,1.93242e-06
34946,1.94001e-06
34947,1.94595e-06
34948,1.95336e-06
34949,1.95933e-06
34950,1.96655e-06
34951,1.97256e-06
34952,1.97961e-06
34953,1.98564e-06
34954,1.99251e-06
34955,1.99856e-06
34956,2.00527e-06
34957,2.01134e-06
34958,2.01789e-06
34959,2.02397e-06
34960,2.0304e-06
34961,2.03646e-06
34962,2.04278e-06
34963,2.04879e-06
34964,2.05501e-06
34965,2.06098e-06
34966,2.0671e-06
34967,2.07302e-06
34968,2.07904e-06
34969,2.08491e-06
34970,2.09084e-06
34971,2.09666e-06
34972,2.10248e-06
34973,2.10826e-06
34974,2.11399e-06
34975,2.11974e-06
34976,2.12535e-06
34977,2.1311e-06
34978,2.13656e-06
34979,2.1423e-06
34980,2.14763e-06
34981,2.15336e-06
34982,2.15855e-06
34983,2.16428e-06
34984,2.16933e-06
34985,2.17505e-06
34986,2.17996e-06
34987,2.18567e-06
34988,2.19045e-06
34989,2.19615e-06
34990,2.20079e-06
34991,2.20648e-06
34992,2.21098e-06
34993,2.21667e-06
34994,2.22103e-06
34995,2.22671e-06
34996,2.23093e-06
34997,2.23661e-06
34998,2.24068e-06
34999,2.24636e-06
35000,2.25029e-06
35001,2.25596e-06
35002,2.25975e-06
35003,2.26542e-06
35004,2.26917e-06
35005,2.27472e-06
35006,2.27848e-06
35007,2.28388e-06
35008,2.28764e-06
35009,2.29289e-06
35010,2.29666e-06
35011,2.30175e-06
35012,2.30552e-06
35013,2.31046e-06
35014,2.31424e-06
35015,2.31902e-06
35016,2.32281e-06
35017,2.32742e-06
35018,2.33123e-06
35019,2.33567e-06
35020,2.3395e-06
35021,2.34376e-06
35022,2.34762e-06
35023,2.35174e-06
35024,2.35558e-06
35025,2.35958e-06
35026,2.36339e-06
35027,2.36738e-06
35028,2.37247e-06
35029,2.37747e-06
35030,2.38241e-06
35031,2.38739e-06
35032,2.39218e-06
35033,2.39713e-06
35034,2.40178e-06
35035,2.4067e-06
35036,2.4112e-06
35037,2.41609e-06
35038,2.42044e-06
35039,2.42529e-06
35040,2.42951e-06
35041,2.43432e-06
35042,2.43839e-06
35043,2.44317e-06
35044,2.4471e-06
35045,2.45184e-06
35046,2.45563e-06
35047,2.46032e-06
35048,2.46399e-06
35049,2.46862e-06
35050,2.47219e-06
35051,2.47674e-06
35052,2.48022e-06
35053,2.48468e-06
35054,2.48806e-06
35055,2.49243e-06
35056,2.49571e-06
35057,2.5e-06
35058,2.50319e-06
35059,2.50739e-06
35060,2.51048e-06
35061,2.51459e-06
35062,2.5176e-06
35063,2.5216e-06
35064,2.52452e-06
35065,2.52843e-06
35066,2.53127e-06
35067,2.53508e-06
35068,2.53783e-06
35069,2.54154e-06
35070,2.54421e-06
35071,2.54782e-06
35072,2.55041e-06
35073,2.55391e-06
35074,2.55642e-06
35075,2.55982e-06
35076,2.56225e-06
35077,2.56554e-06
35078,2.5679e-06
35079,2.57107e-06
35080,2.57337e-06
35081,2.57643e-06
35082,2.57865e-06
35083,2.58159e-06
35084,2.58375e-06
35085,2.58657e-06
35086,2.58867e-06
35087,2.59137e-06
35088,2.5934e-06
35089,2.59597e-06
35090,2.59795e-06
35091,2.6004e-06
35092,2.60231e-06
35093,2.60463e-06
35094,2.60649e-06
35095,2.60868e-06
35096,2.61048e-06
35097,2.61255e-06
35098,2.61429e-06
35099,2.61622e-06
35100,2.61792e-06
35101,2.61971e-06
35102,2.62136e-06
35103,2.62301e-06
35104,2.62461e-06
35105,2.62612e-06
35106,2.62767e-06
35107,2.62904e-06
35108,2.63055e-06
35109,2.63177e-06
35110,2.63323e-06
35111,2.6343e-06
35112,2.63573e-06
35113,2.63665e-06
35114,2.63803e-06
35115,2.6388e-06
35116,2.64014e-06
35117,2.64076e-06
35118,2.64206e-06
35119,2.64252e-06
35120,2.64378e-06
35121,2.64408e-06
35122,2.64531e-06
35123,2.64546e-06
35124,2.64664e-06
35125,2.64678e-06
35126,2.64777e-06
35127,2.64789e-06
35128,2.64869e-06
35129,2.6488e-06
35130,2.64942e-06
35131,2.64951e-06
35132,2.64994e-06
35133,2.65002e-06
35134,2.65025e-06
35135,2.65031e-06
35136,2.65036e-06
35137,2.6504e-06
35138,2.65025e-06
35139,2.65028e-06
35140,2.64994e-06
35141,2.64995e-06
35142,2.64943e-06
35143,2.64939e-06
35144,2.64871e-06
35145,2.64862e-06
35146,2.64776e-06
35147,2.64763e-06
35148,2.64659e-06
35149,2.64642e-06
35150,2.6452e-06
35151,2.64497e-06
35152,2.64357e-06
35153,2.6433e-06
35154,2.64172e-06
35155,2.6414e-06
35156,2.63971e-06
35157,2.63926e-06
35158,2.63752e-06
35159,2.63688e-06
35160,2.63508e-06
35161,2.63426e-06
35162,2.6324e-06
35163,2.6314e-06
35164,2.62948e-06
35165,2.62829e-06
35166,2.6263e-06
35167,2.62494e-06
35168,2.62288e-06
35169,2.62133e-06
35170,2.6192e-06
35171,2.61746e-06
35172,2.61526e-06
35173,2.61334e-06
35174,2.61106e-06
35175,2.60895e-06
35176,2.60659e-06
35177,2.6043e-06
35178,2.60186e-06
35179,2.59939e-06
35180,2.59686e-06
35181,2.5942e-06
35182,2.59159e-06
35183,2.58875e-06
35184,2.58604e-06
35185,2.58302e-06
35186,2.58022e-06
35187,2.57701e-06
35188,2.57411e-06
35189,2.57073e-06
35190,2.56772e-06
35191,2.56416e-06
35192,2.56105e-06
35193,2.55731e-06
35194,2.5541e-06
35195,2.55018e-06
35196,2.54685e-06
35197,2.54275e-06
35198,2.53932e-06
35199,2.53504e-06
35200,2.53149e-06
35201,2.52704e-06
35202,2.52337e-06
35203,2.51875e-06
35204,2.51495e-06
35205,2.51016e-06
35206,2.50624e-06
35207,2.50129e-06
35208,2.49723e-06
35209,2.49211e-06
35210,2.48792e-06
35211,2.48264e-06
35212,2.47832e-06
35213,2.47288e-06
35214,2.46841e-06
35215,2.46281e-06
35216,2.45821e-06
35217,2.45246e-06
35218,2.44771e-06
35219,2.4418e-06
35220,2.43691e-06
35221,2.43085e-06
35222,2.42581e-06
35223,2.4196e-06
35224,2.41441e-06
35225,2.40806e-06
35226,2.40271e-06
35227,2.39623e-06
35228,2.39072e-06
35229,2.3841e-06
35230,2.37843e-06
35231,2.37168e-06
35232,2.36585e-06
35233,2.35897e-06
35234,2.35298e-06
35235,2.34598e-06
35236,2.33982e-06
35237,2.33271e-06
35238,2.32637e-06
35239,2.31921e-06
35240,2.31264e-06
35241,2.30543e-06
35242,2.29863e-06
35243,2.29138e-06
35244,2.28433e-06
35245,2.27706e-06
35246,2.26977e-06
35247,2.26246e-06
35248,2.25492e-06
35249,2.2476e-06
35250,2.23987e-06
35251,2.23248e-06
35252,2.22457e-06
35253,2.21711e-06
35254,2.20901e-06
35255,2.20148e-06
35256,2.19321e-06
35257,2.1856e-06
35258,2.17715e-06
35259,2.16948e-06
35260,2.16084e-06
35261,2.15312e-06
35262,2.1443e-06
35263,2.13652e-06
35264,2.12767e-06
35265,2.1197e-06
35266,2.11091e-06
35267,2.10265e-06
35268,2.09394e-06
35269,2.08545e-06
35270,2.07676e-06
35271,2.06808e-06
35272,2.05937e-06
35273,2.05051e-06
35274,2.04178e-06
35275,2.03273e-06
35276,2.024e-06
35277,2.01477e-06
35278,2.00604e-06
35279,1.99663e-06
35280,1.9879e-06
35281,1.97844e-06
35282,1.96961e-06
35283,1.96027e-06
35284,1.95125e-06
35285,1.94194e-06
35286,1.93274e-06
35287,1.92346e-06
35288,1.91407e-06
35289,1.90483e-06
35290,1.89526e-06
35291,1.88607e-06
35292,1.87631e-06
35293,1.86717e-06
35294,1.85738e-06
35295,1.84815e-06
35296,1.83856e-06
35297,1.82914e-06
35298,1.81963e-06
35299,1.81003e-06
35300,1.8006e-06
35301,1.79082e-06
35302,1.78147e-06
35303,1.77151e-06
35304,1.76224e-06
35305,1.75238e-06
35306,1.74293e-06
35307,1.73333e-06
35308,1.72364e-06
35309,1.7142e-06
35310,1.70434e-06
35311,1.695e-06
35312,1.68497e-06
35313,1.67574e-06
35314,1.66573e-06
35315,1.65643e-06
35316,1.64659e-06
35317,1.63707e-06
35318,1.62751e-06
35319,1.61768e-06
35320,1.6084e-06
35321,1.59851e-06
35322,1.58926e-06
35323,1.57951e-06
35324,1.5701e-06
35325,1.56048e-06
35326,1.55092e-06
35327,1.54144e-06
35328,1.53173e-06
35329,1.52244e-06
35330,1.51288e-06
35331,1.50355e-06
35332,1.49414e-06
35333,1.48466e-06
35334,1.47541e-06
35335,1.46577e-06
35336,1.45668e-06
35337,1.447e-06
35338,1.43796e-06
35339,1.42845e-06
35340,1.41927e-06
35341,1.40992e-06
35342,1.40061e-06
35343,1.39151e-06
35344,1.38211e-06
35345,1.37319e-06
35346,1.36395e-06
35347,1.35491e-06
35348,1.34584e-06
35349,1.33667e-06
35350,1.32777e-06
35351,1.31917e-06
35352,1.3114e-06
35353,1.303e-06
35354,1.29553e-06
35355,1.28676e-06
35356,1.27958e-06
35357,1.28699e-06
35358,1.29665e-06
35359,1.30604e-06
35360,1.31559e-06
35361,1.32487e-06
35362,1.3343e-06
35363,1.34347e-06
35364,1.35277e-06
35365,1.36184e-06
35366,1.37102e-06
35367,1.38003e-06
35368,1.38903e-06
35369,1.39799e-06
35370,1.4068e-06
35371,1.41569e-06
35372,1.42433e-06
35373,1.43316e-06
35374,1.44161e-06
35375,1.45037e-06
35376,1.45866e-06
35377,1.46733e-06
35378,1.4755e-06
35379,1.48404e-06
35380,1.4921e-06
35381,1.5005e-06
35382,1.50844e-06
35383,1.5167e-06
35384,1.52452e-06
35385,1.53265e-06
35386,1.54034e-06
35387,1.54833e-06
35388,1.5559e-06
35389,1.56376e-06
35390,1.57121e-06
35391,1.57892e-06
35392,1.58625e-06
35393,1.59382e-06
35394,1.60103e-06
35395,1.60847e-06
35396,1.61555e-06
35397,1.62285e-06
35398,1.6298e-06
35399,1.63697e-06
35400,1.6438e-06
35401,1.65082e-06
35402,1.65753e-06
35403,1.66442e-06
35404,1.67099e-06
35405,1.67775e-06
35406,1.6842e-06
35407,1.69082e-06
35408,1.69714e-06
35409,1.70363e-06
35410,1.70982e-06
35411,1.71619e-06
35412,1.72225e-06
35413,1.72848e-06
35414,1.73441e-06
35415,1.74051e-06
35416,1.74631e-06
35417,1.75229e-06
35418,1.75796e-06
35419,1.76381e-06
35420,1.76935e-06
35421,1.77508e-06
35422,1.78049e-06
35423,1.7861e-06
35424,1.79137e-06
35425,1.79686e-06
35426,1.80201e-06
35427,1.80737e-06
35428,1.81239e-06
35429,1.81763e-06
35430,1.82252e-06
35431,1.82765e-06
35432,1.8324e-06
35433,1.83742e-06
35434,1.84206e-06
35435,1.84695e-06
35436,1.85153e-06
35437,1.85623e-06
35438,1.86076e-06
35439,1.86528e-06
35440,1.86976e-06
35441,1.8741e-06
35442,1.87852e-06
35443,1.88273e-06
35444,1.88705e-06
35445,1.89113e-06
35446,1.89534e-06
35447,1.8993e-06
35448,1.90341e-06
35449,1.90725e-06
35450,1.91126e-06
35451,1.91496e-06
35452,1.91887e-06
35453,1.92246e-06
35454,1.92627e-06
35455,1.92983e-06
35456,1.93344e-06
35457,1.937e-06
35458,1.94048e-06
35459,1.94395e-06
35460,1.94731e-06
35461,1.95069e-06
35462,1.95393e-06
35463,1.95721e-06
35464,1.96033e-06
35465,1.96353e-06
35466,1.96653e-06
35467,1.96963e-06
35468,1.97253e-06
35469,1.97559e-06
35470,1.97846e-06
35471,1.9814e-06
35472,1.98417e-06
35473,1.987e-06
35474,1.98969e-06
35475,1.9924e-06
35476,1.995e-06
35477,1.99761e-06
35478,2.00012e-06
35479,2.00261e-06
35480,2.00518e-06
35481,2.00746e-06
35482,2.01003e-06
35483,2.01222e-06
35484,2.01469e-06
35485,2.01679e-06
35486,2.01916e-06
35487,2.02119e-06
35488,2.02342e-06
35489,2.02552e-06
35490,2.0275e-06
35491,2.02967e-06
35492,2.03138e-06
35493,2.03362e-06
35494,2.03521e-06
35495,2.03737e-06
35496,2.03896e-06
35497,2.04094e-06
35498,2.04261e-06
35499,2.04431e-06
35500,2.04606e-06
35501,2.04748e-06
35502,2.04932e-06
35503,2.05046e-06
35504,2.05239e-06
35505,2.05357e-06
35506,2.05526e-06
35507,2.05653e-06
35508,2.05793e-06
35509,2.05929e-06
35510,2.06041e-06
35511,2.06186e-06
35512,2.06269e-06
35513,2.06423e-06
35514,2.06501e-06
35515,2.0664e-06
35516,2.06728e-06
35517,2.06837e-06
35518,2.06934e-06
35519,2.07014e-06
35520,2.0712e-06
35521,2.0718e-06
35522,2.07286e-06
35523,2.07337e-06
35524,2.07431e-06
35525,2.07481e-06
35526,2.07556e-06
35527,2.07612e-06
35528,2.07665e-06
35529,2.07724e-06
35530,2.07769e-06
35531,2.07815e-06
35532,2.07851e-06
35533,2.07885e-06
35534,2.07912e-06
35535,2.07934e-06
35536,2.07953e-06
35537,2.07982e-06
35538,2.07978e-06
35539,2.08007e-06
35540,2.0799e-06
35541,2.0801e-06
35542,2.07979e-06
35543,2.0799e-06
35544,2.07962e-06
35545,2.07947e-06
35546,2.07927e-06
35547,2.07882e-06
35548,2.07868e-06
35549,2.07793e-06
35550,2.07785e-06
35551,2.07695e-06
35552,2.07679e-06
35553,2.07595e-06
35554,2.07548e-06
35555,2.0747e-06
35556,2.07393e-06
35557,2.07321e-06
35558,2.07214e-06
35559,2.07146e-06
35560,2.07009e-06
35561,2.06946e-06
35562,2.06802e-06
35563,2.06721e-06
35564,2.06578e-06
35565,2.0647e-06
35566,2.0633e-06
35567,2.06193e-06
35568,2.06057e-06
35569,2.05889e-06
35570,2.05756e-06
35571,2.05579e-06
35572,2.05429e-06
35573,2.05242e-06
35574,2.05075e-06
35575,2.04878e-06
35576,2.04693e-06
35577,2.04488e-06
35578,2.04284e-06
35579,2.04074e-06
35580,2.03864e-06
35581,2.03637e-06
35582,2.03417e-06
35583,2.03173e-06
35584,2.02943e-06
35585,2.0268e-06
35586,2.02439e-06
35587,2.02158e-06
35588,2.01907e-06
35589,2.01614e-06
35590,2.01346e-06
35591,2.01052e-06
35592,2.00757e-06
35593,2.0046e-06
35594,2.00137e-06
35595,1.99839e-06
35596,1.99489e-06
35597,1.99188e-06
35598,1.98813e-06
35599,1.98507e-06
35600,1.98113e-06
35601,1.97796e-06
35602,1.97398e-06
35603,1.97202e-06
35604,1.96929e-06
35605,1.96758e-06
35606,1.96471e-06
35607,1.96282e-06
35608,1.95992e-06
35609,1.95774e-06
35610,1.95483e-06
35611,1.95232e-06
35612,1.9494e-06
35613,1.94658e-06
35614,1.94364e-06
35615,1.94051e-06
35616,1.93755e-06
35617,1.93419e-06
35618,1.93112e-06
35619,1.92761e-06
35620,1.92446e-06
35621,1.92074e-06
35622,1.91748e-06
35623,1.91352e-06
35624,1.91015e-06
35625,1.90596e-06
35626,1.90248e-06
35627,1.89805e-06
35628,1.89445e-06
35629,1.88979e-06
35630,1.88608e-06
35631,1.88127e-06
35632,1.87735e-06
35633,1.8725e-06
35634,1.86826e-06
35635,1.86338e-06
35636,1.85883e-06
35637,1.8539e-06
35638,1.84903e-06
35639,1.84407e-06
35640,1.83888e-06
35641,1.83387e-06
35642,1.82837e-06
35643,1.82332e-06
35644,1.81754e-06
35645,1.8124e-06
35646,1.8065e-06
35647,1.80113e-06
35648,1.79509e-06
35649,1.78949e-06
35650,1.78333e-06
35651,1.77752e-06
35652,1.7712e-06
35653,1.76526e-06
35654,1.75872e-06
35655,1.75265e-06
35656,1.74587e-06
35657,1.73967e-06
35658,1.73267e-06
35659,1.72633e-06
35660,1.71912e-06
35661,1.71264e-06
35662,1.7052e-06
35663,1.6986e-06
35664,1.69094e-06
35665,1.6842e-06
35666,1.67644e-06
35667,1.66945e-06
35668,1.66163e-06
35669,1.65435e-06
35670,1.64646e-06
35671,1.63891e-06
35672,1.63095e-06
35673,1.62312e-06
35674,1.61509e-06
35675,1.607e-06
35676,1.5989e-06
35677,1.59054e-06
35678,1.58236e-06
35679,1.57375e-06
35680,1.5655e-06
35681,1.55663e-06
35682,1.5483e-06
35683,1.53918e-06
35684,1.53078e-06
35685,1.5215e-06
35686,1.51294e-06
35687,1.50353e-06
35688,1.49478e-06
35689,1.48525e-06
35690,1.47631e-06
35691,1.46667e-06
35692,1.45754e-06
35693,1.44777e-06
35694,1.43846e-06
35695,1.42859e-06
35696,1.41914e-06
35697,1.4091e-06
35698,1.39955e-06
35699,1.38934e-06
35700,1.38235e-06
35701,1.37866e-06
35702,1.37497e-06
35703,1.37139e-06
35704,1.36751e-06
35705,1.36405e-06
35706,1.35997e-06
35707,1.35661e-06
35708,1.35234e-06
35709,1.3491e-06
35710,1.34462e-06
35711,1.34149e-06
35712,1.33681e-06
35713,1.3338e-06
35714,1.32899e-06
35715,1.32602e-06
35716,1.32133e-06
35717,1.31815e-06
35718,1.31358e-06
35719,1.31019e-06
35720,1.30574e-06
35721,1.30214e-06
35722,1.29781e-06
35723,1.294e-06
35724,1.28978e-06
35725,1.28576e-06
35726,1.28166e-06
35727,1.27743e-06
35728,1.27345e-06
35729,1.269e-06
35730,1.26515e-06
35731,1.26048e-06
35732,1.25675e-06
35733,1.25186e-06
35734,1.24826e-06
35735,1.24315e-06
35736,1.23967e-06
35737,1.23439e-06
35738,1.23098e-06
35739,1.22582e-06
35740,1.2222e-06
35741,1.21716e-06
35742,1.21332e-06
35743,1.20841e-06
35744,1.20434e-06
35745,1.19957e-06
35746,1.19535e-06
35747,1.19062e-06
35748,1.18634e-06
35749,1.19e-06
35750,1.19397e-06
35751,1.19784e-06
35752,1.20189e-06
35753,1.20609e-06
35754,1.21019e-06
35755,1.21438e-06
35756,1.21882e-06
35757,1.22319e-06
35758,1.22751e-06
35759,1.23222e-06
35760,1.23689e-06
35761,1.24152e-06
35762,1.24632e-06
35763,1.25131e-06
35764,1.25632e-06
35765,1.26267e-06
35766,1.26921e-06
35767,1.27583e-06
35768,1.28243e-06
35769,1.28899e-06
35770,1.29608e-06
35771,1.30245e-06
35772,1.3097e-06
35773,1.31634e-06
35774,1.32327e-06
35775,1.33036e-06
35776,1.33737e-06
35777,1.34442e-06
35778,1.3517e-06
35779,1.35844e-06
35780,1.36599e-06
35781,1.37321e-06
35782,1.38023e-06
35783,1.38796e-06
35784,1.39486e-06
35785,1.40267e-06
35786,1.41006e-06
35787,1.41734e-06
35788,1.42522e-06
35789,1.43252e-06
35790,1.44033e-06
35791,1.44788e-06
35792,1.45539e-06
35793,1.46342e-06
35794,1.47101e-06
35795,1.47891e-06
35796,1.48673e-06
35797,1.49434e-06
35798,1.50255e-06
35799,1.51027e-06
35800,1.51838e-06
35801,1.52633e-06
35802,1.53415e-06
35803,1.54243e-06
35804,1.55014e-06
35805,1.55857e-06
35806,1.5665e-06
35807,1.57465e-06
35808,1.58295e-06
35809,1.59065e-06
35810,1.59936e-06
35811,1.60713e-06
35812,1.6157e-06
35813,1.62386e-06
35814,1.63197e-06
35815,1.64051e-06
35816,1.64971e-06
35817,1.65906e-06
35818,1.66902e-06
35819,1.67834e-06
35820,1.68827e-06
35821,1.69796e-06
35822,1.70744e-06
35823,1.7175e-06
35824,1.72685e-06
35825,1.73694e-06
35826,1.74662e-06
35827,1.75629e-06
35828,1.76629e-06
35829,1.7756e-06
35830,1.78583e-06
35831,1.7952e-06
35832,1.80526e-06
35833,1.8149e-06
35834,1.82463e-06
35835,1.83446e-06
35836,1.84392e-06
35837,1.85387e-06
35838,1.86307e-06
35839,1.87322e-06
35840,1.88239e-06
35841,1.89243e-06
35842,1.90169e-06
35843,1.91148e-06
35844,1.92085e-06
35845,1.93036e-06
35846,1.93989e-06
35847,1.94906e-06
35848,1.95874e-06
35849,1.96758e-06
35850,1.97739e-06
35851,1.98591e-06
35852,1.99585e-06
35853,2.0044e-06
35854,2.0141e-06
35855,2.02274e-06
35856,2.03214e-06
35857,2.04086e-06
35858,2.04997e-06
35859,2.05876e-06
35860,2.06759e-06
35861,2.07643e-06
35862,2.08498e-06
35863,2.09387e-06
35864,2.10214e-06
35865,2.11107e-06
35866,2.11911e-06
35867,2.12803e-06
35868,2.13585e-06
35869,2.14474e-06
35870,2.15234e-06
35871,2.16121e-06
35872,2.1686e-06
35873,2.17743e-06
35874,2.1846e-06
35875,2.19339e-06
35876,2.20053e-06
35877,2.2091e-06
35878,2.2162e-06
35879,2.22455e-06
35880,2.2316e-06
35881,2.23973e-06
35882,2.24673e-06
35883,2.25466e-06
35884,2.26159e-06
35885,2.26932e-06
35886,2.27617e-06
35887,2.28371e-06
35888,2.29048e-06
35889,2.29783e-06
35890,2.30452e-06
35891,2.31169e-06
35892,2.31828e-06
35893,2.32527e-06
35894,2.33176e-06
35895,2.33858e-06
35896,2.34496e-06
35897,2.35161e-06
35898,2.35789e-06
35899,2.36437e-06
35900,2.37053e-06
35901,2.37686e-06
35902,2.3829e-06
35903,2.38907e-06
35904,2.39498e-06
35905,2.40101e-06
35906,2.40679e-06
35907,2.41267e-06
35908,2.41831e-06
35909,2.42406e-06
35910,2.42956e-06
35911,2.43518e-06
35912,2.44053e-06
35913,2.44602e-06
35914,2.45122e-06
35915,2.45658e-06
35916,2.46164e-06
35917,2.46688e-06
35918,2.4718e-06
35919,2.4769e-06
35920,2.48169e-06
35921,2.48665e-06
35922,2.49132e-06
35923,2.49613e-06
35924,2.50067e-06
35925,2.50534e-06
35926,2.50975e-06
35927,2.51429e-06
35928,2.51857e-06
35929,2.52297e-06
35930,2.52712e-06
35931,2.53139e-06
35932,2.5354e-06
35933,2.53954e-06
35934,2.54342e-06
35935,2.54743e-06
35936,2.55118e-06
35937,2.55506e-06
35938,2.55868e-06
35939,2.56244e-06
35940,2.56592e-06
35941,2.56956e-06
35942,2.5729e-06
35943,2.57644e-06
35944,2.57963e-06
35945,2.58309e-06
35946,2.58611e-06
35947,2.58949e-06
35948,2.59234e-06
35949,2.59564e-06
35950,2.59832e-06
35951,2.60154e-06
35952,2.60405e-06
35953,2.6072e-06
35954,2.60954e-06
35955,2.61262e-06
35956,2.61527e-06
35957,2.61924e-06
35958,2.62302e-06
35959,2.6268e-06
35960,2.63056e-06
35961,2.63409e-06
35962,2.63783e-06
35963,2.64109e-06
35964,2.6448e-06
35965,2.64787e-06
35966,2.6515e-06
35967,2.65439e-06
35968,2.6579e-06
35969,2.6606e-06
35970,2.664e-06
35971,2.66652e-06
35972,2.66984e-06
35973,2.67214e-06
35974,2.67542e-06
35975,2.67746e-06
35976,2.6807e-06
35977,2.68251e-06
35978,2.68567e-06
35979,2.68729e-06
35980,2.69032e-06
35981,2.69175e-06
35982,2.69466e-06
35983,2.6959e-06
35984,2.69869e-06
35985,2.69972e-06
35986,2.70246e-06
35987,2.70322e-06
35988,2.70591e-06
35989,2.70645e-06
35990,2.70902e-06
35991,2.70937e-06
35992,2.7118e-06
35993,2.71196e-06
35994,2.71425e-06
35995,2.71421e-06
35996,2.71636e-06
35997,2.71612e-06
35998,2.7182e-06
35999,2.71769e-06
36000,2.7197e-06
36001,2.71898e-06
36002,2.72085e-06
36003,2.71994e-06
36004,2.72166e-06
36005,2.72055e-06
36006,2.72211e-06
36007,2.7208e-06
36008,2.72221e-06
36009,2.7207e-06
36010,2.72202e-06
36011,2.72027e-06
36012,2.72149e-06
36013,2.71954e-06
36014,2.72059e-06
36015,2.71844e-06
36016,2.71933e-06
36017,2.71699e-06
36018,2.71771e-06
36019,2.71517e-06
36020,2.71573e-06
36021,2.71299e-06
36022,2.71343e-06
36023,2.71047e-06
36024,2.71079e-06
36025,2.70764e-06
36026,2.70778e-06
36027,2.70443e-06
36028,2.7044e-06
36029,2.70086e-06
36030,2.70066e-06
36031,2.69693e-06
36032,2.69655e-06
36033,2.69263e-06
36034,2.69207e-06
36035,2.68798e-06
36036,2.68729e-06
36037,2.68302e-06
36038,2.68214e-06
36039,2.67769e-06
36040,2.67662e-06
36041,2.67199e-06
36042,2.67074e-06
36043,2.66592e-06
36044,2.66448e-06
36045,2.65949e-06
36046,2.65786e-06
36047,2.65269e-06
36048,2.65088e-06
36049,2.64552e-06
36050,2.64355e-06
36051,2.63803e-06
36052,2.6359e-06
36053,2.6302e-06
36054,2.62788e-06
36055,2.62202e-06
36056,2.61951e-06
36057,2.61347e-06
36058,2.61078e-06
36059,2.60457e-06
36060,2.60169e-06
36061,2.59532e-06
36062,2.59225e-06
36063,2.58572e-06
36064,2.58246e-06
36065,2.57577e-06
36066,2.57233e-06
36067,2.56549e-06
36068,2.56185e-06
36069,2.5549e-06
36070,2.55103e-06
36071,2.54396e-06
36072,2.5399e-06
36073,2.53269e-06
36074,2.52844e-06
36075,2.52108e-06
36076,2.51664e-06
36077,2.51183e-06
36078,2.50724e-06
36079,2.50266e-06
36080,2.49785e-06
36081,2.4932e-06
36082,2.48818e-06
36083,2.48345e-06
36084,2.47822e-06
36085,2.47342e-06
36086,2.46796e-06
36087,2.4631e-06
36088,2.45742e-06
36089,2.45249e-06
36090,2.44658e-06
36091,2.44159e-06
36092,2.43545e-06
36093,2.43039e-06
36094,2.42407e-06
36095,2.41891e-06
36096,2.4126e-06
36097,2.40721e-06
36098,2.40085e-06
36099,2.39521e-06
36100,2.3888e-06
36101,2.38293e-06
36102,2.37647e-06
36103,2.37036e-06
36104,2.36385e-06
36105,2.35749e-06
36106,2.35095e-06
36107,2.34434e-06
36108,2.33776e-06
36109,2.33089e-06
36110,2.32428e-06
36111,2.31716e-06
36112,2.31056e-06
36113,2.30314e-06
36114,2.29661e-06
36115,2.28894e-06
36116,2.28239e-06
36117,2.2747e-06
36118,2.26788e-06
36119,2.26018e-06
36120,2.2531e-06
36121,2.24539e-06
36122,2.23804e-06
36123,2.23034e-06
36124,2.22272e-06
36125,2.21501e-06
36126,2.20712e-06
36127,2.19954e-06
36128,2.19126e-06
36129,2.18382e-06
36130,2.17532e-06
36131,2.16784e-06
36132,2.15937e-06
36133,2.15161e-06
36134,2.14318e-06
36135,2.13513e-06
36136,2.12674e-06
36137,2.11841e-06
36138,2.11019e-06
36139,2.10145e-06
36140,2.09343e-06
36141,2.08449e-06
36142,2.07644e-06
36143,2.06757e-06
36144,2.05923e-06
36145,2.05044e-06
36146,2.0418e-06
36147,2.03309e-06
36148,2.02416e-06
36149,2.01568e-06
36150,2.00655e-06
36151,1.9981e-06
36152,1.98907e-06
36153,1.98032e-06
36154,1.97141e-06
36155,1.96235e-06
36156,1.95357e-06
36157,1.94433e-06
36158,1.93567e-06
36159,1.92664e-06
36160,1.91767e-06
36161,1.90878e-06
36162,1.8995e-06
36163,1.89077e-06
36164,1.88136e-06
36165,1.8726e-06
36166,1.86357e-06
36167,1.85433e-06
36168,1.84564e-06
36169,1.83627e-06
36170,1.82758e-06
36171,1.81839e-06
36172,1.80939e-06
36173,1.80049e-06
36174,1.79136e-06
36175,1.7826e-06
36176,1.77368e-06
36177,1.76461e-06
36178,1.7559e-06
36179,1.74668e-06
36180,1.73803e-06
36181,1.7291e-06
36182,1.72005e-06
36183,1.7116e-06
36184,1.70277e-06
36185,1.69401e-06
36186,1.68542e-06
36187,1.67643e-06
36188,1.66801e-06
36189,1.65932e-06
36190,1.65054e-06
36191,1.64233e-06
36192,1.63382e-06
36193,1.62528e-06
36194,1.61703e-06
36195,1.60846e-06
36196,1.60019e-06
36197,1.59189e-06
36198,1.5833e-06
36199,1.57527e-06
36200,1.56695e-06
36201,1.55864e-06
36202,1.5508e-06
36203,1.54268e-06
36204,1.53462e-06
36205,1.52678e-06
36206,1.51868e-06
36207,1.51083e-06
36208,1.50301e-06
36209,1.49496e-06
36210,1.48731e-06
36211,1.47954e-06
36212,1.47157e-06
36213,1.46408e-06
36214,1.45638e-06
36215,1.44881e-06
36216,1.44141e-06
36217,1.43377e-06
36218,1.42641e-06
36219,1.41904e-06
36220,1.41143e-06
36221,1.40429e-06
36222,1.39695e-06
36223,1.38951e-06
36224,1.38244e-06
36225,1.37514e-06
36226,1.3679e-06
36227,1.36086e-06
36228,1.35358e-06
36229,1.34656e-06
36230,1.33955e-06
36231,1.33228e-06
36232,1.32548e-06
36233,1.31848e-06
36234,1.3114e-06
36235,1.30465e-06
36236,1.29764e-06
36237,1.29079e-06
36238,1.28403e-06
36239,1.277e-06
36240,1.2704e-06
36241,1.26362e-06
36242,1.25675e-06
36243,1.25021e-06
36244,1.24338e-06
36245,1.23678e-06
36246,1.23019e-06
36247,1.22334e-06
36248,1.21698e-06
36249,1.21032e-06
36250,1.20375e-06
36251,1.1979e-06
36252,1.20512e-06
36253,1.21121e-06
36254,1.21825e-06
36255,1.22449e-06
36256,1.23135e-06
36257,1.23773e-06
36258,1.2444e-06
36259,1.25092e-06
36260,1.2574e-06
36261,1.26414e-06
36262,1.27039e-06
36263,1.27732e-06
36264,1.28337e-06
36265,1.29043e-06
36266,1.29628e-06
36267,1.30346e-06
36268,1.30912e-06
36269,1.31642e-06
36270,1.32188e-06
36271,1.3293e-06
36272,1.33483e-06
36273,1.34208e-06
36274,1.34781e-06
36275,1.35482e-06
36276,1.36069e-06
36277,1.36749e-06
36278,1.37346e-06
36279,1.38005e-06
36280,1.38611e-06
36281,1.39248e-06
36282,1.39864e-06
36283,1.4049e-06
36284,1.41223e-06
36285,1.41897e-06
36286,1.42624e-06
36287,1.43289e-06
36288,1.44009e-06
36289,1.44664e-06
36290,1.45378e-06
36291,1.46024e-06
36292,1.46732e-06
36293,1.47369e-06
36294,1.48069e-06
36295,1.48697e-06
36296,1.49391e-06
36297,1.5001e-06
36298,1.50697e-06
36299,1.51307e-06
36300,1.51987e-06
36301,1.5259e-06
36302,1.53261e-06
36303,1.53857e-06
36304,1.5452e-06
36305,1.55109e-06
36306,1.55763e-06
36307,1.56346e-06
36308,1.5699e-06
36309,1.57569e-06
36310,1.58202e-06
36311,1.58775e-06
36312,1.59398e-06
36313,1.59967e-06
36314,1.60579e-06
36315,1.61142e-06
36316,1.61744e-06
36317,1.62303e-06
36318,1.62894e-06
36319,1.63448e-06
36320,1.64029e-06
36321,1.64578e-06
36322,1.65148e-06
36323,1.65692e-06
36324,1.66252e-06
36325,1.66791e-06
36326,1.67341e-06
36327,1.67876e-06
36328,1.68414e-06
36329,1.68944e-06
36330,1.69473e-06
36331,1.69998e-06
36332,1.70516e-06
36333,1.71037e-06
36334,1.71544e-06
36335,1.7206e-06
36336,1.72557e-06
36337,1.73069e-06
36338,1.73555e-06
36339,1.74062e-06
36340,1.74537e-06
36341,1.7504e-06
36342,1.75505e-06
36343,1.76003e-06
36344,1.76458e-06
36345,1.76951e-06
36346,1.774e-06
36347,1.77884e-06
36348,1.78327e-06
36349,1.78801e-06
36350,1.79238e-06
36351,1.79704e-06
36352,1.80135e-06
36353,1.80591e-06
36354,1.81016e-06
36355,1.81463e-06
36356,1.81881e-06
36357,1.82319e-06
36358,1.82732e-06
36359,1.8316e-06
36360,1.83566e-06
36361,1.83985e-06
36362,1.84385e-06
36363,1.84794e-06
36364,1.85189e-06
36365,1.85588e-06
36366,1.85977e-06
36367,1.86366e-06
36368,1.86748e-06
36369,1.87128e-06
36370,1.87504e-06
36371,1.87874e-06
36372,1.88243e-06
36373,1.88603e-06
36374,1.88966e-06
36375,1.89316e-06
36376,1.89673e-06
36377,1.90013e-06
36378,1.90363e-06
36379,1.90692e-06
36380,1.91036e-06
36381,1.91355e-06
36382,1.91691e-06
36383,1.92001e-06
36384,1.9233e-06
36385,1.92629e-06
36386,1.92951e-06
36387,1.93239e-06
36388,1.93554e-06
36389,1.93832e-06
36390,1.9414e-06
36391,1.9441e-06
36392,1.94707e-06
36393,1.94971e-06
36394,1.95255e-06
36395,1.95513e-06
36396,1.95785e-06
36397,1.96036e-06
36398,1.96297e-06
36399,1.96541e-06
36400,1.96788e-06
36401,1.97025e-06
36402,1.97261e-06
36403,1.97491e-06
36404,1.97713e-06
36405,1.97936e-06
36406,1.98146e-06
36407,1.98361e-06
36408,1.98558e-06
36409,1.98765e-06
36410,1.98949e-06
36411,1.99149e-06
36412,1.9932e-06
36413,1.99512e-06
36414,1.99669e-06
36415,1.99853e-06
36416,1.99996e-06
36417,2.00172e-06
36418,2.00302e-06
36419,2.0047e-06
36420,2.00585e-06
36421,2.00745e-06
36422,2.00846e-06
36423,2.00997e-06
36424,2.01084e-06
36425,2.01226e-06
36426,2.01299e-06
36427,2.01432e-06
36428,2.01491e-06
36429,2.01614e-06
36430,2.0166e-06
36431,2.01773e-06
36432,2.01804e-06
36433,2.01907e-06
36434,2.01925e-06
36435,2.02016e-06
36436,2.02021e-06
36437,2.021e-06
36438,2.02091e-06
36439,2.0216e-06
36440,2.02138e-06
36441,2.02193e-06
36442,2.02159e-06
36443,2.02201e-06
36444,2.02155e-06
36445,2.02183e-06
36446,2.02125e-06
36447,2.02138e-06
36448,2.02068e-06
36449,2.02066e-06
36450,2.01984e-06
36451,2.01967e-06
36452,2.01873e-06
36453,2.01841e-06
36454,2.01735e-06
36455,2.01688e-06
36456,2.0157e-06
36457,2.01506e-06
36458,2.01376e-06
36459,2.01297e-06
36460,2.01155e-06
36461,2.01059e-06
36462,2.00905e-06
36463,2.00792e-06
36464,2.00627e-06
36465,2.00497e-06
36466,2.00321e-06
36467,2.00173e-06
36468,1.99985e-06
36469,1.99819e-06
36470,1.99621e-06
36471,1.99436e-06
36472,1.99227e-06
36473,1.99024e-06
36474,1.98803e-06
36475,1.98582e-06
36476,1.9835e-06
36477,1.98112e-06
36478,1.97867e-06
36479,1.97614e-06
36480,1.97354e-06
36481,1.97086e-06
36482,1.9681e-06
36483,1.9653e-06
36484,1.96236e-06
36485,1.95945e-06
36486,1.95632e-06
36487,1.9533e-06
36488,1.94998e-06
36489,1.94685e-06
36490,1.94332e-06
36491,1.94009e-06
36492,1.93637e-06
36493,1.93303e-06
36494,1.92911e-06
36495,1.92567e-06
36496,1.92155e-06
36497,1.918e-06
36498,1.91369e-06
36499,1.91003e-06
36500,1.90553e-06
36501,1.90175e-06
36502,1.89709e-06
36503,1.89317e-06
36504,1.88837e-06
36505,1.88429e-06
36506,1.87936e-06
36507,1.87511e-06
36508,1.87009e-06
36509,1.86562e-06
36510,1.86051e-06
36511,1.85583e-06
36512,1.85064e-06
36513,1.84575e-06
36514,1.84048e-06
36515,1.83537e-06
36516,1.83002e-06
36517,1.82469e-06
36518,1.81927e-06
36519,1.81372e-06
36520,1.80822e-06
36521,1.80246e-06
36522,1.79689e-06
36523,1.79091e-06
36524,1.78527e-06
36525,1.77907e-06
36526,1.77336e-06
36527,1.76695e-06
36528,1.76117e-06
36529,1.7546e-06
36530,1.7487e-06
36531,1.74198e-06
36532,1.73596e-06
36533,1.72913e-06
36534,1.72294e-06
36535,1.71606e-06
36536,1.70966e-06
36537,1.70272e-06
36538,1.6961e-06
36539,1.68912e-06
36540,1.68228e-06
36541,1.67526e-06
36542,1.6682e-06
36543,1.66115e-06
36544,1.65387e-06
36545,1.64678e-06
36546,1.63928e-06
36547,1.63216e-06
36548,1.62447e-06
36549,1.61729e-06
36550,1.60944e-06
36551,1.60219e-06
36552,1.59421e-06
36553,1.58684e-06
36554,1.57878e-06
36555,1.57127e-06
36556,1.56599e-06
36557,1.56118e-06
36558,1.55633e-06
36559,1.55129e-06
36560,1.54631e-06
36561,1.54111e-06
36562,1.53592e-06
36563,1.5306e-06
36564,1.52517e-06
36565,1.51972e-06
36566,1.51406e-06
36567,1.50849e-06
36568,1.50259e-06
36569,1.49689e-06
36570,1.49076e-06
36571,1.48493e-06
36572,1.47857e-06
36573,1.47262e-06
36574,1.46602e-06
36575,1.45995e-06
36576,1.45319e-06
36577,1.44693e-06
36578,1.44005e-06
36579,1.43356e-06
36580,1.42656e-06
36581,1.41984e-06
36582,1.41271e-06
36583,1.40577e-06
36584,1.39853e-06
36585,1.39136e-06
36586,1.384e-06
36587,1.37661e-06
36588,1.36914e-06
36589,1.36153e-06
36590,1.35394e-06
36591,1.34611e-06
36592,1.33842e-06
36593,1.33037e-06
36594,1.32257e-06
36595,1.31432e-06
36596,1.30639e-06
36597,1.29806e-06
36598,1.28991e-06
36599,1.2815e-06
36600,1.27311e-06
36601,1.26462e-06
36602,1.256e-06
36603,1.24744e-06
36604,1.2386e-06
36605,1.22997e-06
36606,1.22095e-06
36607,1.21221e-06
36608,1.20311e-06
36609,1.19416e-06
36610,1.18498e-06
36611,1.17583e-06
36612,1.16659e-06
36613,1.15724e-06
36614,1.14792e-06
36615,1.13837e-06
36616,1.12899e-06
36617,1.11925e-06
36618,1.10981e-06
36619,1.09988e-06
36620,1.09038e-06
36621,1.08029e-06
36622,1.07072e-06
36623,1.06059e-06
36624,1.06478e-06
36625,1.07045e-06
36626,1.07635e-06
36627,1.08228e-06
36628,1.08796e-06
36629,1.09415e-06
36630,1.10028e-06
36631,1.10624e-06
36632,1.11264e-06
36633,1.11863e-06
36634,1.12503e-06
36635,1.13127e-06
36636,1.13745e-06
36637,1.14413e-06
36638,1.15053e-06
36639,1.15703e-06
36640,1.16368e-06
36641,1.16996e-06
36642,1.17686e-06
36643,1.18347e-06
36644,1.19005e-06
36645,1.1971e-06
36646,1.20359e-06
36647,1.21076e-06
36648,1.21756e-06
36649,1.22443e-06
36650,1.23166e-06
36651,1.23842e-06
36652,1.24577e-06
36653,1.25276e-06
36654,1.25989e-06
36655,1.26721e-06
36656,1.27418e-06
36657,1.28174e-06
36658,1.28893e-06
36659,1.29628e-06
36660,1.30377e-06
36661,1.31085e-06
36662,1.31868e-06
36663,1.32597e-06
36664,1.33359e-06
36665,1.34112e-06
36666,1.34848e-06
36667,1.35638e-06
36668,1.36365e-06
36669,1.37161e-06
36670,1.37918e-06
36671,1.38682e-06
36672,1.39473e-06
36673,1.40199e-06
36674,1.41024e-06
36675,1.41766e-06
36676,1.4257e-06
36677,1.43344e-06
36678,1.44113e-06
36679,1.44917e-06
36680,1.45661e-06
36681,1.46484e-06
36682,1.47231e-06
36683,1.48049e-06
36684,1.48819e-06
36685,1.49618e-06
36686,1.504e-06
36687,1.5118e-06
36688,1.51981e-06
36689,1.52734e-06
36690,1.53559e-06
36691,1.54285e-06
36692,1.55128e-06
36693,1.55875e-06
36694,1.56688e-06
36695,1.57455e-06
36696,1.58238e-06
36697,1.59024e-06
36698,1.59781e-06
36699,1.60582e-06
36700,1.61322e-06
36701,1.62128e-06
36702,1.62851e-06
36703,1.63666e-06
36704,1.64374e-06
36705,1.65198e-06
36706,1.65909e-06
36707,1.66716e-06
36708,1.67435e-06
36709,1.68221e-06
36710,1.6895e-06
36711,1.69711e-06
36712,1.70449e-06
36713,1.71187e-06
36714,1.71933e-06
36715,1.72648e-06
36716,1.73401e-06
36717,1.74094e-06
36718,1.74853e-06
36719,1.75531e-06
36720,1.76287e-06
36721,1.76952e-06
36722,1.77705e-06
36723,1.78357e-06
36724,1.79106e-06
36725,1.79744e-06
36726,1.8049e-06
36727,1.81114e-06
36728,1.81859e-06
36729,1.82466e-06
36730,1.8321e-06
36731,1.83808e-06
36732,1.84542e-06
36733,1.85132e-06
36734,1.85854e-06
36735,1.86437e-06
36736,1.87147e-06
36737,1.87721e-06
36738,1.8842e-06
36739,1.88985e-06
36740,1.89673e-06
36741,1.90228e-06
36742,1.90907e-06
36743,1.91452e-06
36744,1.92119e-06
36745,1.92654e-06
36746,1.93312e-06
36747,1.93835e-06
36748,1.94483e-06
36749,1.94994e-06
36750,1.95634e-06
36751,1.96132e-06
36752,1.96764e-06
36753,1.97248e-06
36754,1.97873e-06
36755,1.98343e-06
36756,1.98961e-06
36757,1.99421e-06
36758,2.00028e-06
36759,2.00483e-06
36760,2.01073e-06
36761,2.01525e-06
36762,2.02097e-06
36763,2.02546e-06
36764,2.031e-06
36765,2.03546e-06
36766,2.04081e-06
36767,2.04526e-06
36768,2.05041e-06
36769,2.05485e-06
36770,2.05979e-06
36771,2.06423e-06
36772,2.06898e-06
36773,2.0734e-06
36774,2.07799e-06
36775,2.08283e-06
36776,2.08905e-06
36777,2.09424e-06
36778,2.10031e-06
36779,2.1055e-06
36780,2.11141e-06
36781,2.1166e-06
36782,2.12236e-06
36783,2.12754e-06
36784,2.13314e-06
36785,2.13833e-06
36786,2.14377e-06
36787,2.14894e-06
36788,2.15422e-06
36789,2.15939e-06
36790,2.16451e-06
36791,2.16967e-06
36792,2.17463e-06
36793,2.17978e-06
36794,2.18457e-06
36795,2.18972e-06
36796,2.19434e-06
36797,2.19947e-06
36798,2.20393e-06
36799,2.20904e-06
36800,2.21334e-06
36801,2.21843e-06
36802,2.22256e-06
36803,2.22764e-06
36804,2.23159e-06
36805,2.23665e-06
36806,2.24044e-06
36807,2.24547e-06
36808,2.24909e-06
36809,2.25409e-06
36810,2.25754e-06
36811,2.26251e-06
36812,2.26579e-06
36813,2.27072e-06
36814,2.27384e-06
36815,2.27874e-06
36816,2.28168e-06
36817,2.28654e-06
36818,2.28939e-06
36819,2.29412e-06
36820,2.29691e-06
36821,2.30149e-06
36822,2.30421e-06
36823,2.30865e-06
36824,2.31129e-06
36825,2.31557e-06
36826,2.31813e-06
36827,2.32228e-06
36828,2.32474e-06
36829,2.32875e-06
36830,2.33112e-06
36831,2.33499e-06
36832,2.33725e-06
36833,2.34099e-06
36834,2.34314e-06
36835,2.34676e-06
36836,2.34878e-06
36837,2.35228e-06
36838,2.35418e-06
36839,2.35756e-06
36840,2.35932e-06
36841,2.36259e-06
36842,2.3642e-06
36843,2.36736e-06
36844,2.36883e-06
36845,2.37189e-06
36846,2.37319e-06
36847,2.37615e-06
36848,2.37734e-06
36849,2.38016e-06
36850,2.38122e-06
36851,2.3839e-06
36852,2.38484e-06
36853,2.38738e-06
36854,2.38819e-06
36855,2.39059e-06
36856,2.39126e-06
36857,2.39358e-06
36858,2.39406e-06
36859,2.39632e-06
36860,2.39658e-06
36861,2.39878e-06
36862,2.39883e-06
36863,2.40097e-06
36864,2.40084e-06
36865,2.40288e-06
36866,2.4027e-06
36867,2.40452e-06
36868,2.4043e-06
36869,2.40588e-06
36870,2.40562e-06
36871,2.40696e-06
36872,2.40667e-06
36873,2.40775e-06
36874,2.40744e-06
36875,2.40826e-06
36876,2.40793e-06
36877,2.40857e-06
36878,2.40815e-06
36879,2.4086e-06
36880,2.40808e-06
36881,2.40835e-06
36882,2.40781e-06
36883,2.40781e-06
36884,2.40727e-06
36885,2.40699e-06
36886,2.40646e-06
36887,2.40589e-06
36888,2.40537e-06
36889,2.40449e-06
36890,2.40399e-06
36891,2.4029e-06
36892,2.40233e-06
36893,2.40103e-06
36894,2.40041e-06
36895,2.39889e-06
36896,2.3983e-06
36897,2.39645e-06
36898,2.3959e-06
36899,2.39374e-06
36900,2.39323e-06
36901,2.39074e-06
36902,2.39027e-06
36903,2.38754e-06
36904,2.38704e-06
36905,2.38423e-06
36906,2.38361e-06
36907,2.38078e-06
36908,2.37993e-06
36909,2.37706e-06
36910,2.37598e-06
36911,2.37317e-06
36912,2.37175e-06
36913,2.36901e-06
36914,2.36725e-06
36915,2.36458e-06
36916,2.36255e-06
36917,2.35987e-06
36918,2.35762e-06
36919,2.35495e-06
36920,2.35242e-06
36921,2.34983e-06
36922,2.34695e-06
36923,2.34444e-06
36924,2.34123e-06
36925,2.33879e-06
36926,2.33535e-06
36927,2.33287e-06
36928,2.32921e-06
36929,2.32679e-06
36930,2.32281e-06
36931,2.32047e-06
36932,2.31615e-06
36933,2.3139e-06
36934,2.31188e-06
36935,2.31089e-06
36936,2.30937e-06
36937,2.30832e-06
36938,2.30671e-06
36939,2.30559e-06
36940,2.30388e-06
36941,2.3027e-06
36942,2.3009e-06
36943,2.29965e-06
36944,2.29775e-06
36945,2.29643e-06
36946,2.29443e-06
36947,2.29305e-06
36948,2.29095e-06
36949,2.2895e-06
36950,2.2873e-06
36951,2.28579e-06
36952,2.28348e-06
36953,2.28189e-06
36954,2.2795e-06
36955,2.27782e-06
36956,2.27535e-06
36957,2.27358e-06
36958,2.27102e-06
36959,2.26915e-06
36960,2.2665e-06
36961,2.26454e-06
36962,2.2618e-06
36963,2.25974e-06
36964,2.2569e-06
36965,2.25475e-06
36966,2.25182e-06
36967,2.24958e-06
36968,2.24654e-06
36969,2.2442e-06
36970,2.24106e-06
36971,2.23864e-06
36972,2.23538e-06
36973,2.23287e-06
36974,2.22951e-06
36975,2.2269e-06
36976,2.22342e-06
36977,2.22074e-06
36978,2.21715e-06
36979,2.21436e-06
36980,2.21068e-06
36981,2.20778e-06
36982,2.204e-06
36983,2.20099e-06
36984,2.19711e-06
36985,2.19398e-06
36986,2.19e-06
36987,2.18677e-06
36988,2.18268e-06
36989,2.17934e-06
36990,2.17514e-06
36991,2.17169e-06
36992,2.16738e-06
36993,2.16382e-06
36994,2.15941e-06
36995,2.15574e-06
36996,2.1512e-06
36997,2.14743e-06
36998,2.14278e-06
36999,2.13891e-06
37000,2.13413e-06
37001,2.13016e-06
37002,2.12525e-06
37003,2.12118e-06
37004,2.11615e-06
37005,2.11199e-06
37006,2.10682e-06
37007,2.10256e-06
37008,2.09734e-06
37009,2.09292e-06
37010,2.08767e-06
37011,2.08304e-06
37012,2.07778e-06
37013,2.07294e-06
37014,2.06767e-06
37015,2.06266e-06
37016,2.05734e-06
37017,2.05219e-06
37018,2.0468e-06
37019,2.04149e-06
37020,2.03603e-06
37021,2.03058e-06
37022,2.02505e-06
37023,2.01944e-06
37024,2.01385e-06
37025,2.00809e-06
37026,2.00243e-06
37027,1.99651e-06
37028,1.9908e-06
37029,1.98473e-06
37030,1.97896e-06
37031,1.97272e-06
37032,1.96691e-06
37033,1.96051e-06
37034,1.95465e-06
37035,1.94818e-06
37036,1.94227e-06
37037,1.93578e-06
37038,1.9297e-06
37039,1.92319e-06
37040,1.91693e-06
37041,1.91039e-06
37042,1.90396e-06
37043,1.8974e-06
37044,1.8908e-06
37045,1.88422e-06
37046,1.87745e-06
37047,1.87085e-06
37048,1.8639e-06
37049,1.8573e-06
37050,1.85017e-06
37051,1.84356e-06
37052,1.83637e-06
37053,1.82969e-06
37054,1.82259e-06
37055,1.81573e-06
37056,1.80864e-06
37057,1.8016e-06
37058,1.79452e-06
37059,1.7873e-06
37060,1.78024e-06
37061,1.77283e-06
37062,1.7658e-06
37063,1.75821e-06
37064,1.75121e-06
37065,1.74358e-06
37066,1.73646e-06
37067,1.72901e-06
37068,1.72165e-06
37069,1.71431e-06
37070,1.70675e-06
37071,1.69946e-06
37072,1.69172e-06
37073,1.68448e-06
37074,1.67655e-06
37075,1.66936e-06
37076,1.66148e-06
37077,1.65412e-06
37078,1.6463e-06
37079,1.63876e-06
37080,1.63101e-06
37081,1.62327e-06
37082,1.61575e-06
37083,1.60773e-06
37084,1.60038e-06
37085,1.59244e-06
37086,1.58491e-06
37087,1.57704e-06
37088,1.56933e-06
37089,1.56155e-06
37090,1.55365e-06
37091,1.54596e-06
37092,1.53788e-06
37093,1.53027e-06
37094,1.52221e-06
37095,1.51453e-06
37096,1.5067e-06
37097,1.49883e-06
37098,1.4911e-06
37099,1.48306e-06
37100,1.47542e-06
37101,1.46725e-06
37102,1.45968e-06
37103,1.45161e-06
37104,1.44386e-06
37105,1.43589e-06
37106,1.42798e-06
37107,1.42012e-06
37108,1.41204e-06
37109,1.40429e-06
37110,1.39605e-06
37111,1.3884e-06
37112,1.38036e-06
37113,1.37254e-06
37114,1.36469e-06
37115,1.35671e-06
37116,1.34897e-06
37117,1.34084e-06
37118,1.33322e-06
37119,1.32512e-06
37120,1.31742e-06
37121,1.30944e-06
37122,1.30159e-06
37123,1.29373e-06
37124,1.28574e-06
37125,1.278e-06
37126,1.26986e-06
37127,1.26224e-06
37128,1.25418e-06
37129,1.24646e-06
37130,1.23854e-06
37131,1.23074e-06
37132,1.22301e-06
37133,1.21507e-06
37134,1.20747e-06
37135,1.19944e-06
37136,1.19192e-06
37137,1.18402e-06
37138,1.17637e-06
37139,1.16859e-06
37140,1.16082e-06
37141,1.15317e-06
37142,1.14528e-06
37143,1.15e-06
37144,1.15887e-06
37145,1.16755e-06
37146,1.17647e-06
37147,1.18496e-06
37148,1.19392e-06
37149,1.20232e-06
37150,1.2112e-06
37151,1.21952e-06
37152,1.22833e-06
37153,1.23663e-06
37154,1.24528e-06
37155,1.25362e-06
37156,1.26207e-06
37157,1.27044e-06
37158,1.2787e-06
37159,1.28708e-06
37160,1.29517e-06
37161,1.30354e-06
37162,1.31154e-06
37163,1.31983e-06
37164,1.32772e-06
37165,1.33593e-06
37166,1.34372e-06
37167,1.35186e-06
37168,1.35954e-06
37169,1.3676e-06
37170,1.37526e-06
37171,1.38315e-06
37172,1.39081e-06
37173,1.39852e-06
37174,1.40616e-06
37175,1.4137e-06
37176,1.42133e-06
37177,1.42869e-06
37178,1.43629e-06
37179,1.44355e-06
37180,1.45107e-06
37181,1.45821e-06
37182,1.46564e-06
37183,1.47268e-06
37184,1.48002e-06
37185,1.48695e-06
37186,1.4942e-06
37187,1.50101e-06
37188,1.50819e-06
37189,1.51489e-06
37190,1.52197e-06
37191,1.5286e-06
37192,1.53555e-06
37193,1.54213e-06
37194,1.54893e-06
37195,1.55545e-06
37196,1.56211e-06
37197,1.56857e-06
37198,1.57509e-06
37199,1.58149e-06
37200,1.58786e-06
37201,1.5942e-06
37202,1.60043e-06
37203,1.6067e-06
37204,1.6128e-06
37205,1.61899e-06
37206,1.62497e-06
37207,1.63108e-06
37208,1.63693e-06
37209,1.64296e-06
37210,1.64868e-06
37211,1.65463e-06
37212,1.66024e-06
37213,1.6661e-06
37214,1.67158e-06
37215,1.67735e-06
37216,1.68273e-06
37217,1.6884e-06
37218,1.69366e-06
37219,1.69924e-06
37220,1.7044e-06
37221,1.70987e-06
37222,1.71493e-06
37223,1.72029e-06
37224,1.72525e-06
37225,1.73051e-06
37226,1.73537e-06
37227,1.74051e-06
37228,1.74528e-06
37229,1.75031e-06
37230,1.75498e-06
37231,1.75989e-06
37232,1.76448e-06
37233,1.76927e-06
37234,1.77378e-06
37235,1.77844e-06
37236,1.78286e-06
37237,1.7874e-06
37238,1.79174e-06
37239,1.79615e-06
37240,1.80042e-06
37241,1.80468e-06
37242,1.80888e-06
37243,1.81301e-06
37244,1.81714e-06
37245,1.82113e-06
37246,1.82519e-06
37247,1.82903e-06
37248,1.83304e-06
37249,1.83672e-06
37250,1.84067e-06
37251,1.84421e-06
37252,1.84809e-06
37253,1.85151e-06
37254,1.85531e-06
37255,1.85863e-06
37256,1.86231e-06
37257,1.86553e-06
37258,1.8691e-06
37259,1.87223e-06
37260,1.87568e-06
37261,1.87871e-06
37262,1.88205e-06
37263,1.88497e-06
37264,1.8882e-06
37265,1.89103e-06
37266,1.89414e-06
37267,1.89693e-06
37268,1.89986e-06
37269,1.90262e-06
37270,1.90537e-06
37271,1.90809e-06
37272,1.91066e-06
37273,1.91334e-06
37274,1.91572e-06
37275,1.91838e-06
37276,1.92057e-06
37277,1.9232e-06
37278,1.92526e-06
37279,1.9278e-06
37280,1.92975e-06
37281,1.93218e-06
37282,1.93402e-06
37283,1.93633e-06
37284,1.93809e-06
37285,1.94027e-06
37286,1.942e-06
37287,1.94397e-06
37288,1.94569e-06
37289,1.94745e-06
37290,1.94915e-06
37291,1.9507e-06
37292,1.95238e-06
37293,1.95372e-06
37294,1.95538e-06
37295,1.95651e-06
37296,1.95815e-06
37297,1.95906e-06
37298,1.96069e-06
37299,1.96149e-06
37300,1.96299e-06
37301,1.96378e-06
37302,1.96505e-06
37303,1.96583e-06
37304,1.96688e-06
37305,1.96764e-06
37306,1.96846e-06
37307,1.96921e-06
37308,1.9698e-06
37309,1.97054e-06
37310,1.9709e-06
37311,1.97162e-06
37312,1.97175e-06
37313,1.97246e-06
37314,1.97235e-06
37315,1.97305e-06
37316,1.97289e-06
37317,1.97338e-06
37318,1.97322e-06
37319,1.97347e-06
37320,1.97329e-06
37321,1.9733e-06
37322,1.97311e-06
37323,1.97288e-06
37324,1.97267e-06
37325,1.9722e-06
37326,1.97197e-06
37327,1.97127e-06
37328,1.97101e-06
37329,1.9702e-06
37330,1.96979e-06
37331,1.96887e-06
37332,1.96831e-06
37333,1.96727e-06
37334,1.96656e-06
37335,1.96544e-06
37336,1.96454e-06
37337,1.96337e-06
37338,1.96226e-06
37339,1.96106e-06
37340,1.95981e-06
37341,1.95849e-06
37342,1.95712e-06
37343,1.95564e-06
37344,1.95416e-06
37345,1.95252e-06
37346,1.95093e-06
37347,1.94912e-06
37348,1.94742e-06
37349,1.94545e-06
37350,1.94364e-06
37351,1.94156e-06
37352,1.93958e-06
37353,1.93747e-06
37354,1.93524e-06
37355,1.9331e-06
37356,1.93062e-06
37357,1.92846e-06
37358,1.92573e-06
37359,1.92353e-06
37360,1.92059e-06
37361,1.91832e-06
37362,1.9152e-06
37363,1.91283e-06
37364,1.90968e-06
37365,1.90705e-06
37366,1.90388e-06
37367,1.90099e-06
37368,1.89779e-06
37369,1.89465e-06
37370,1.89142e-06
37371,1.88803e-06
37372,1.88476e-06
37373,1.88112e-06
37374,1.87782e-06
37375,1.87392e-06
37376,1.87059e-06
37377,1.86645e-06
37378,1.86308e-06
37379,1.85886e-06
37380,1.85529e-06
37381,1.85099e-06
37382,1.84721e-06
37383,1.84287e-06
37384,1.83885e-06
37385,1.83448e-06
37386,1.83021e-06
37387,1.8258e-06
37388,1.82128e-06
37389,1.81684e-06
37390,1.81211e-06
37391,1.8076e-06
37392,1.80276e-06
37393,1.79809e-06
37394,1.79313e-06
37395,1.78829e-06
37396,1.78323e-06
37397,1.77822e-06
37398,1.77305e-06
37399,1.76788e-06
37400,1.7626e-06
37401,1.75726e-06
37402,1.75188e-06
37403,1.74638e-06
37404,1.74088e-06
37405,1.73533e-06
37406,1.72964e-06
37407,1.72403e-06
37408,1.71815e-06
37409,1.71247e-06
37410,1.70642e-06
37411,1.70065e-06
37412,1.69444e-06
37413,1.68856e-06
37414,1.68221e-06
37415,1.67622e-06
37416,1.66971e-06
37417,1.66362e-06
37418,1.65697e-06
37419,1.65078e-06
37420,1.64408e-06
37421,1.63768e-06
37422,1.63095e-06
37423,1.62435e-06
37424,1.61758e-06
37425,1.61077e-06
37426,1.60397e-06
37427,1.59695e-06
37428,1.59012e-06
37429,1.5829e-06
37430,1.57603e-06
37431,1.56863e-06
37432,1.56172e-06
37433,1.55412e-06
37434,1.54718e-06
37435,1.53942e-06
37436,1.53243e-06
37437,1.52462e-06
37438,1.51746e-06
37439,1.50962e-06
37440,1.50227e-06
37441,1.49441e-06
37442,1.48688e-06
37443,1.47899e-06
37444,1.47129e-06
37445,1.46337e-06
37446,1.4555e-06
37447,1.44755e-06
37448,1.44071e-06
37449,1.43444e-06
37450,1.42873e-06
37451,1.42226e-06
37452,1.4164e-06
37453,1.40978e-06
37454,1.40374e-06
37455,1.39701e-06
37456,1.39074e-06
37457,1.3839e-06
37458,1.37741e-06
37459,1.37047e-06
37460,1.36374e-06
37461,1.35669e-06
37462,1.34975e-06
37463,1.34259e-06
37464,1.33542e-06
37465,1.32816e-06
37466,1.32077e-06
37467,1.3134e-06
37468,1.3058e-06
37469,1.29832e-06
37470,1.2905e-06
37471,1.28292e-06
37472,1.27489e-06
37473,1.26721e-06
37474,1.25897e-06
37475,1.25118e-06
37476,1.24276e-06
37477,1.23484e-06
37478,1.22672e-06
37479,1.22528e-06
37480,1.22246e-06
37481,1.22121e-06
37482,1.21857e-06
37483,1.2171e-06
37484,1.21464e-06
37485,1.21293e-06
37486,1.21066e-06
37487,1.20871e-06
37488,1.20662e-06
37489,1.20448e-06
37490,1.20252e-06
37491,1.20022e-06
37492,1.19838e-06
37493,1.1959e-06
37494,1.19424e-06
37495,1.19151e-06
37496,1.19003e-06
37497,1.18706e-06
37498,1.18576e-06
37499,1.18295e-06
37500,1.18141e-06
37501,1.17878e-06
37502,1.177e-06
37503,1.17453e-06
37504,1.1725e-06
37505,1.17021e-06
37506,1.16794e-06
37507,1.16581e-06
37508,1.16329e-06
37509,1.16132e-06
37510,1.15856e-06
37511,1.15676e-06
37512,1.15377e-06
37513,1.15211e-06
37514,1.14893e-06
37515,1.14738e-06
37516,1.14435e-06
37517,1.14255e-06
37518,1.13969e-06
37519,1.13764e-06
37520,1.13493e-06
37521,1.13265e-06
37522,1.13007e-06
37523,1.12759e-06
37524,1.12513e-06
37525,1.12244e-06
37526,1.12008e-06
37527,1.11719e-06
37528,1.11493e-06
37529,1.11183e-06
37530,1.10969e-06
37531,1.10638e-06
37532,1.10434e-06
37533,1.10095e-06
37534,1.09889e-06
37535,1.09564e-06
37536,1.09347e-06
37537,1.09743e-06
37538,1.10142e-06
37539,1.10556e-06
37540,1.10957e-06
37541,1.11372e-06
37542,1.1179e-06
37543,1.12199e-06
37544,1.1263e-06
37545,1.13053e-06
37546,1.13474e-06
37547,1.13917e-06
37548,1.14346e-06
37549,1.14785e-06
37550,1.15235e-06
37551,1.15673e-06
37552,1.16128e-06
37553,1.16587e-06
37554,1.17033e-06
37555,1.17505e-06
37556,1.17972e-06
37557,1.1843e-06
37558,1.18917e-06
37559,1.19393e-06
37560,1.19868e-06
37561,1.20364e-06
37562,1.20849e-06
37563,1.21341e-06
37564,1.21847e-06
37565,1.22339e-06
37566,1.2285e-06
37567,1.23363e-06
37568,1.23861e-06
37569,1.24393e-06
37570,1.24913e-06
37571,1.25437e-06
37572,1.25986e-06
37573,1.26531e-06
37574,1.27064e-06
37575,1.2763e-06
37576,1.2818e-06
37577,1.28734e-06
37578,1.29306e-06
37579,1.29867e-06
37580,1.30436e-06
37581,1.31034e-06
37582,1.31752e-06
37583,1.32518e-06
37584,1.33258e-06
37585,1.34036e-06
37586,1.34806e-06
37587,1.35568e-06
37588,1.36352e-06
37589,1.37097e-06
37590,1.37895e-06
37591,1.38641e-06
37592,1.39437e-06
37593,1.40209e-06
37594,1.40975e-06
37595,1.41774e-06
37596,1.42522e-06
37597,1.43336e-06
37598,1.44072e-06
37599,1.44894e-06
37600,1.45654e-06
37601,1.46448e-06
37602,1.47232e-06
37603,1.47998e-06
37604,1.48805e-06
37605,1.49549e-06
37606,1.50372e-06
37607,1.51108e-06
37608,1.51935e-06
37609,1.52691e-06
37610,1.53492e-06
37611,1.54268e-06
37612,1.55042e-06
37613,1.55838e-06
37614,1.56593e-06
37615,1.57401e-06
37616,1.58142e-06
37617,1.58958e-06
37618,1.59684e-06
37619,1.60507e-06
37620,1.61249e-06
37621,1.62048e-06
37622,1.62806e-06
37623,1.63586e-06
37624,1.64355e-06
37625,1.65121e-06
37626,1.65896e-06
37627,1.66647e-06
37628,1.67427e-06
37629,1.68163e-06
37630,1.68949e-06
37631,1.69671e-06
37632,1.70467e-06
37633,1.71173e-06
37634,1.71978e-06
37635,1.72688e-06
37636,1.73478e-06
37637,1.74192e-06
37638,1.74968e-06
37639,1.75685e-06
37640,1.76446e-06
37641,1.7717e-06
37642,1.77913e-06
37643,1.78647e-06
37644,1.79369e-06
37645,1.80113e-06
37646,1.80812e-06
37647,1.81567e-06
37648,1.82243e-06
37649,1.83008e-06
37650,1.83662e-06
37651,1.84436e-06
37652,1.85075e-06
37653,1.85851e-06
37654,1.86498e-06
37655,1.87252e-06
37656,1.87908e-06
37657,1.88639e-06
37658,1.89303e-06
37659,1.90012e-06
37660,1.90684e-06
37661,1.91371e-06
37662,1.9205e-06
37663,1.92714e-06
37664,1.93402e-06
37665,1.94042e-06
37666,1.94738e-06
37667,1.95354e-06
37668,1.96058e-06
37669,1.96655e-06
37670,1.97362e-06
37671,1.97942e-06
37672,1.98649e-06
37673,1.99213e-06
37674,1.9992e-06
37675,2.00489e-06
37676,2.01173e-06
37677,2.0175e-06
37678,2.02415e-06
37679,2.02993e-06
37680,2.0364e-06
37681,2.04218e-06
37682,2.04848e-06
37683,2.05425e-06
37684,2.06037e-06
37685,2.06617e-06
37686,2.07207e-06
37687,2.07794e-06
37688,2.08358e-06
37689,2.08953e-06
37690,2.09489e-06
37691,2.10092e-06
37692,2.106e-06
37693,2.11211e-06
37694,2.11691e-06
37695,2.1231e-06
37696,2.12762e-06
37697,2.13389e-06
37698,2.13843e-06
37699,2.14447e-06
37700,2.14909e-06
37701,2.15484e-06
37702,2.15954e-06
37703,2.16499e-06
37704,2.16977e-06
37705,2.17496e-06
37706,2.17979e-06
37707,2.18477e-06
37708,2.1896e-06
37709,2.19435e-06
37710,2.1992e-06
37711,2.20371e-06
37712,2.20865e-06
37713,2.21283e-06
37714,2.21787e-06
37715,2.22172e-06
37716,2.22686e-06
37717,2.23037e-06
37718,2.23562e-06
37719,2.23897e-06
37720,2.24414e-06
37721,2.24759e-06
37722,2.25242e-06
37723,2.25598e-06
37724,2.26048e-06
37725,2.26412e-06
37726,2.26838e-06
37727,2.27202e-06
37728,2.27603e-06
37729,2.27975e-06
37730,2.28344e-06
37731,2.28727e-06
37732,2.29058e-06
37733,2.29454e-06
37734,2.29747e-06
37735,2.30156e-06
37736,2.30418e-06
37737,2.30831e-06
37738,2.31067e-06
37739,2.31485e-06
37740,2.31708e-06
37741,2.32122e-06
37742,2.32345e-06
37743,2.32732e-06
37744,2.32968e-06
37745,2.33315e-06
37746,2.33565e-06
37747,2.33872e-06
37748,2.34136e-06
37749,2.34412e-06
37750,2.34679e-06
37751,2.34928e-06
37752,2.35204e-06
37753,2.35416e-06
37754,2.35707e-06
37755,2.35877e-06
37756,2.36182e-06
37757,2.36319e-06
37758,2.3663e-06
37759,2.36738e-06
37760,2.37061e-06
37761,2.37157e-06
37762,2.37468e-06
37763,2.3757e-06
37764,2.37846e-06
37765,2.37964e-06
37766,2.38198e-06
37767,2.38329e-06
37768,2.38534e-06
37769,2.38666e-06
37770,2.38842e-06
37771,2.3899e-06
37772,2.39121e-06
37773,2.39284e-06
37774,2.39384e-06
37775,2.3955e-06
37776,2.3962e-06
37777,2.39797e-06
37778,2.39827e-06
37779,2.4002e-06
37780,2.40015e-06
37781,2.40213e-06
37782,2.40179e-06
37783,2.40387e-06
37784,2.40336e-06
37785,2.40537e-06
37786,2.40487e-06
37787,2.40657e-06
37788,2.40622e-06
37789,2.40757e-06
37790,2.40726e-06
37791,2.40832e-06
37792,2.40804e-06
37793,2.40878e-06
37794,2.40864e-06
37795,2.40906e-06
37796,2.40893e-06
37797,2.40906e-06
37798,2.40895e-06
37799,2.40876e-06
37800,2.40879e-06
37801,2.40831e-06
37802,2.40832e-06
37803,2.40755e-06
37804,2.40759e-06
37805,2.40653e-06
37806,2.40665e-06
37807,2.4053e-06
37808,2.40541e-06
37809,2.40377e-06
37810,2.4039e-06
37811,2.402e-06
37812,2.40218e-06
37813,2.4e-06
37814,2.40015e-06
37815,2.39843e-06
37816,2.39934e-06
37817,2.39885e-06
37818,2.39961e-06
37819,2.39904e-06
37820,2.39964e-06
37821,2.39899e-06
37822,2.39943e-06
37823,2.3987e-06
37824,2.39899e-06
37825,2.39816e-06
37826,2.39829e-06
37827,2.39737e-06
37828,2.39734e-06
37829,2.39632e-06
37830,2.39614e-06
37831,2.39502e-06
37832,2.39468e-06
37833,2.39345e-06
37834,2.39296e-06
37835,2.39162e-06
37836,2.39097e-06
37837,2.38952e-06
37838,2.38871e-06
37839,2.38715e-06
37840,2.38617e-06
37841,2.38449e-06
37842,2.38336e-06
37843,2.38156e-06
37844,2.38026e-06
37845,2.37833e-06
37846,2.37688e-06
37847,2.37482e-06
37848,2.37321e-06
37849,2.37102e-06
37850,2.36925e-06
37851,2.36692e-06
37852,2.36499e-06
37853,2.36252e-06
37854,2.36043e-06
37855,2.35782e-06
37856,2.35557e-06
37857,2.35281e-06
37858,2.3504e-06
37859,2.34749e-06
37860,2.34493e-06
37861,2.34185e-06
37862,2.33914e-06
37863,2.33591e-06
37864,2.33304e-06
37865,2.32964e-06
37866,2.32662e-06
37867,2.32305e-06
37868,2.31988e-06
37869,2.31614e-06
37870,2.31282e-06
37871,2.30891e-06
37872,2.30544e-06
37873,2.30135e-06
37874,2.29774e-06
37875,2.29346e-06
37876,2.28974e-06
37877,2.28524e-06
37878,2.28142e-06
37879,2.27668e-06
37880,2.27277e-06
37881,2.2678e-06
37882,2.26379e-06
37883,2.25858e-06
37884,2.25449e-06
37885,2.24903e-06
37886,2.24485e-06
37887,2.23919e-06
37888,2.23488e-06
37889,2.22901e-06
37890,2.22458e-06
37891,2.21853e-06
37892,2.21395e-06
37893,2.20778e-06
37894,2.20299e-06
37895,2.19671e-06
37896,2.1917e-06
37897,2.18531e-06
37898,2.18008e-06
37899,2.17361e-06
37900,2.16814e-06
37901,2.16163e-06
37902,2.15587e-06
37903,2.14933e-06
37904,2.14327e-06
37905,2.13671e-06
37906,2.13035e-06
37907,2.12378e-06
37908,2.11717e-06
37909,2.11053e-06
37910,2.10369e-06
37911,2.09697e-06
37912,2.08989e-06
37913,2.08311e-06
37914,2.07578e-06
37915,2.06893e-06
37916,2.06136e-06
37917,2.05446e-06
37918,2.04664e-06
37919,2.03968e-06
37920,2.03162e-06
37921,2.02461e-06
37922,2.01648e-06
37923,2.0093e-06
37924,2.00118e-06
37925,1.99374e-06
37926,1.98561e-06
37927,1.97791e-06
37928,1.96976e-06
37929,1.9618e-06
37930,1.95363e-06
37931,1.94542e-06
37932,1.93725e-06
37933,1.92877e-06
37934,1.92063e-06
37935,1.91187e-06
37936,1.90385e-06
37937,1.89481e-06
37938,1.88681e-06
37939,1.87781e-06
37940,1.86954e-06
37941,1.86056e-06
37942,1.85203e-06
37943,1.84309e-06
37944,1.83429e-06
37945,1.82547e-06
37946,1.81632e-06
37947,1.80769e-06
37948,1.79816e-06
37949,1.78971e-06
37950,1.78025e-06
37951,1.77152e-06
37952,1.76214e-06
37953,1.75313e-06
37954,1.74394e-06
37955,1.73456e-06
37956,1.72561e-06
37957,1.71587e-06
37958,1.7071e-06
37959,1.69747e-06
37960,1.68843e-06
37961,1.67891e-06
37962,1.66959e-06
37963,1.66031e-06
37964,1.6506e-06
37965,1.64161e-06
37966,1.63193e-06
37967,1.62277e-06
37968,1.61324e-06
37969,1.6038e-06
37970,1.59446e-06
37971,1.58476e-06
37972,1.57569e-06
37973,1.56616e-06
37974,1.55681e-06
37975,1.54745e-06
37976,1.53782e-06
37977,1.52864e-06
37978,1.51907e-06
37979,1.50977e-06
37980,1.50054e-06
37981,1.49096e-06
37982,1.48193e-06
37983,1.4723e-06
37984,1.46323e-06
37985,1.45394e-06
37986,1.44446e-06
37987,1.43558e-06
37988,1.42625e-06
37989,1.41716e-06
37990,1.40805e-06
37991,1.39868e-06
37992,1.3898e-06
37993,1.38059e-06
37994,1.37149e-06
37995,1.36273e-06
37996,1.35355e-06
37997,1.34482e-06
37998,1.33589e-06
37999,1.32688e-06
38000,1.31819e-06
38001,1.30926e-06
38002,1.3005e-06
38003,1.29199e-06
38004,1.28314e-06
38005,1.2747e-06
38006,1.26611e-06
38007,1.25739e-06
38008,1.24906e-06
38009,1.24043e-06
38010,1.232e-06
38011,1.22363e-06
38012,1.21505e-06
38013,1.20691e-06
38014,1.19873e-06
38015,1.19031e-06
38016,1.1824e-06
38017,1.17423e-06
38018,1.16607e-06
38019,1.15817e-06
38020,1.15005e-06
38021,1.14213e-06
38022,1.13428e-06
38023,1.12622e-06
38024,1.11852e-06
38025,1.11075e-06
38026,1.10292e-06
38027,1.09549e-06
38028,1.08785e-06
38029,1.08025e-06
38030,1.07289e-06
38031,1.07399e-06
38032,1.08178e-06
38033,1.08964e-06
38034,1.09733e-06
38035,1.10515e-06
38036,1.11274e-06
38037,1.12051e-06
38038,1.128e-06
38039,1.13572e-06
38040,1.1431e-06
38041,1.15078e-06
38042,1.15806e-06
38043,1.1657e-06
38044,1.17287e-06
38045,1.18045e-06
38046,1.18755e-06
38047,1.19506e-06
38048,1.20206e-06
38049,1.20951e-06
38050,1.21643e-06
38051,1.2238e-06
38052,1.23063e-06
38053,1.23793e-06
38054,1.24468e-06
38055,1.2519e-06
38056,1.25856e-06
38057,1.26572e-06
38058,1.27228e-06
38059,1.27937e-06
38060,1.28588e-06
38061,1.29286e-06
38062,1.29934e-06
38063,1.30618e-06
38064,1.31264e-06
38065,1.31935e-06
38066,1.32578e-06
38067,1.33235e-06
38068,1.33876e-06
38069,1.34518e-06
38070,1.35157e-06
38071,1.35785e-06
38072,1.36422e-06
38073,1.37036e-06
38074,1.37671e-06
38075,1.3827e-06
38076,1.38903e-06
38077,1.39488e-06
38078,1.40119e-06
38079,1.40689e-06
38080,1.41319e-06
38081,1.41873e-06
38082,1.42502e-06
38083,1.43049e-06
38084,1.43669e-06
38085,1.44215e-06
38086,1.44819e-06
38087,1.45364e-06
38088,1.45953e-06
38089,1.46498e-06
38090,1.47071e-06
38091,1.47615e-06
38092,1.48171e-06
38093,1.48715e-06
38094,1.49256e-06
38095,1.498e-06
38096,1.50324e-06
38097,1.50868e-06
38098,1.51376e-06
38099,1.51919e-06
38100,1.52411e-06
38101,1.52955e-06
38102,1.53438e-06
38103,1.53974e-06
38104,1.54451e-06
38105,1.54976e-06
38106,1.55447e-06
38107,1.55963e-06
38108,1.56427e-06
38109,1.56932e-06
38110,1.57398e-06
38111,1.57886e-06
38112,1.58352e-06
38113,1.58823e-06
38114,1.5929e-06
38115,1.59744e-06
38116,1.60211e-06
38117,1.60656e-06
38118,1.61116e-06
38119,1.61555e-06
38120,1.62005e-06
38121,1.62437e-06
38122,1.62877e-06
38123,1.63303e-06
38124,1.63732e-06
38125,1.64152e-06
38126,1.64571e-06
38127,1.64985e-06
38128,1.65394e-06
38129,1.65801e-06
38130,1.66201e-06
38131,1.666e-06
38132,1.67002e-06
38133,1.67383e-06
38134,1.67785e-06
38135,1.68156e-06
38136,1.68552e-06
38137,1.68912e-06
38138,1.69301e-06
38139,1.69651e-06
38140,1.70034e-06
38141,1.70373e-06
38142,1.70749e-06
38143,1.71077e-06
38144,1.71448e-06
38145,1.71773e-06
38146,1.72128e-06
38147,1.72454e-06
38148,1.72792e-06
38149,1.73118e-06
38150,1.73437e-06
38151,1.73764e-06
38152,1.74065e-06
38153,1.74392e-06
38154,1.74675e-06
38155,1.75002e-06
38156,1.75267e-06
38157,1.75595e-06
38158,1.75841e-06
38159,1.76168e-06
38160,1.76413e-06
38161,1.76724e-06
38162,1.76968e-06
38163,1.7726e-06
38164,1.77504e-06
38165,1.77778e-06
38166,1.78021e-06
38167,1.78277e-06
38168,1.78519e-06
38169,1.78757e-06
38170,1.78998e-06
38171,1.79218e-06
38172,1.79457e-06
38173,1.79659e-06
38174,1.79896e-06
38175,1.80085e-06
38176,1.80316e-06
38177,1.80498e-06
38178,1.80716e-06
38179,1.8089e-06
38180,1.81096e-06
38181,1.81263e-06
38182,1.81455e-06
38183,1.81615e-06
38184,1.81794e-06
38185,1.81946e-06
38186,1.82111e-06
38187,1.82257e-06
38188,1.82408e-06
38189,1.82546e-06
38190,1.82687e-06
38191,1.82816e-06
38192,1.82952e-06
38193,1.83066e-06
38194,1.83195e-06
38195,1.83294e-06
38196,1.83416e-06
38197,1.83501e-06
38198,1.83615e-06
38199,1.83686e-06
38200,1.83792e-06
38201,1.83848e-06
38202,1.83946e-06
38203,1.83988e-06
38204,1.84078e-06
38205,1.84105e-06
38206,1.84187e-06
38207,1.84204e-06
38208,1.84274e-06
38209,1.84284e-06
38210,1.84336e-06
38211,1.8434e-06
38212,1.84376e-06
38213,1.84374e-06
38214,1.84392e-06
38215,1.84383e-06
38216,1.84385e-06
38217,1.84368e-06
38218,1.84354e-06
38219,1.8433e-06
38220,1.84299e-06
38221,1.84267e-06
38222,1.84219e-06
38223,1.8418e-06
38224,1.84116e-06
38225,1.84069e-06
38226,1.83988e-06
38227,1.83932e-06
38228,1.83835e-06
38229,1.83771e-06
38230,1.8366e-06
38231,1.83586e-06
38232,1.83465e-06
38233,1.83375e-06
38234,1.83246e-06
38235,1.83139e-06
38236,1.83001e-06
38237,1.82878e-06
38238,1.82732e-06
38239,1.82592e-06
38240,1.82437e-06
38241,1.8228e-06
38242,1.82116e-06
38243,1.81943e-06
38244,1.8177e-06
38245,1.81581e-06
38246,1.81399e-06
38247,1.81193e-06
38248,1.81002e-06
38249,1.80779e-06
38250,1.8058e-06
38251,1.8034e-06
38252,1.80132e-06
38253,1.79875e-06
38254,1.79659e-06
38255,1.79385e-06
38256,1.79159e-06
38257,1.78874e-06
38258,1.78635e-06
38259,1.78338e-06
38260,1.78084e-06
38261,1.77776e-06
38262,1.77509e-06
38263,1.77188e-06
38264,1.76907e-06
38265,1.76574e-06
38266,1.7628e-06
38267,1.75935e-06
38268,1.75628e-06
38269,1.7527e-06
38270,1.7495e-06
38271,1.74579e-06
38272,1.74248e-06
38273,1.73864e-06
38274,1.73519e-06
38275,1.73123e-06
38276,1.72766e-06
38277,1.72356e-06
38278,1.71988e-06
38279,1.71565e-06
38280,1.71185e-06
38281,1.70749e-06
38282,1.70357e-06
38283,1.69911e-06
38284,1.69505e-06
38285,1.6905e-06
38286,1.68628e-06
38287,1.68165e-06
38288,1.67727e-06
38289,1.67256e-06
38290,1.66802e-06
38291,1.66323e-06
38292,1.65854e-06
38293,1.65366e-06
38294,1.64881e-06
38295,1.64385e-06
38296,1.63885e-06
38297,1.63381e-06
38298,1.62866e-06
38299,1.62354e-06
38300,1.61824e-06
38301,1.61303e-06
38302,1.60759e-06
38303,1.60231e-06
38304,1.59671e-06
38305,1.59135e-06
38306,1.58562e-06
38307,1.58017e-06
38308,1.5743e-06
38309,1.56878e-06
38310,1.5628e-06
38311,1.55717e-06
38312,1.55112e-06
38313,1.54534e-06
38314,1.53924e-06
38315,1.53331e-06
38316,1.52715e-06
38317,1.52106e-06
38318,1.51485e-06
38319,1.50862e-06
38320,1.50236e-06
38321,1.49597e-06
38322,1.48966e-06
38323,1.48313e-06
38324,1.47678e-06
38325,1.47009e-06
38326,1.4637e-06
38327,1.45686e-06
38328,1.45044e-06
38329,1.44344e-06
38330,1.43699e-06
38331,1.42984e-06
38332,1.42337e-06
38333,1.41621e-06
38334,1.4114e-06
38335,1.40708e-06
38336,1.40205e-06
38337,1.39763e-06
38338,1.3925e-06
38339,1.38787e-06
38340,1.38268e-06
38341,1.3778e-06
38342,1.37255e-06
38343,1.36742e-06
38344,1.36211e-06
38345,1.35674e-06
38346,1.35136e-06
38347,1.34574e-06
38348,1.34031e-06
38349,1.33444e-06
38350,1.32895e-06
38351,1.32283e-06
38352,1.3173e-06
38353,1.31106e-06
38354,1.30534e-06
38355,1.29902e-06
38356,1.29308e-06
38357,1.2867e-06
38358,1.28053e-06
38359,1.27411e-06
38360,1.26772e-06
38361,1.26123e-06
38362,1.25474e-06
38363,1.24806e-06
38364,1.24149e-06
38365,1.23462e-06
38366,1.22795e-06
38367,1.22089e-06
38368,1.21414e-06
38369,1.20701e-06
38370,1.20005e-06
38371,1.19291e-06
38372,1.1857e-06
38373,1.17854e-06
38374,1.17108e-06
38375,1.16391e-06
38376,1.1562e-06
38377,1.14903e-06
38378,1.14114e-06
38379,1.13389e-06
38380,1.126e-06
38381,1.11851e-06
38382,1.11063e-06
38383,1.10288e-06
38384,1.09501e-06
38385,1.08702e-06
38386,1.07916e-06
38387,1.07107e-06
38388,1.06309e-06
38389,1.05495e-06
38390,1.0468e-06
38391,1.03861e-06
38392,1.03034e-06
38393,1.02206e-06
38394,1.01383e-06
38395,1.0053e-06
38396,9.97108e-07
